cluster_id,repair_count,avg_lat,avg_lon,nearest_pipe,nearest_type,nearest_dist,pipe_count,nearest_STD_DIP,max_STD_DIP,avg_STD_DIP,nearest_K_age,max_K_age,avg_K_age,nearest_K_soil,max_K_soil,avg_K_soil,nearest_K_traffic,max_K_traffic,avg_K_traffic,nearest_hoop_stress,max_hoop_stress,avg_hoop_stress,nearest_K_stress,max_K_stress,avg_K_stress,nearest_K_total,max_K_total,avg_K_total,nearest_D_final,max_D_final,avg_D_final,nearest_K_repair,max_K_repair,avg_K_repair
0,1,35.8963622,128.6108785,37874,SPLY_LS,5.220132788024812,3,13,20,14.861732797662969,1.6784394250513346,1.6784394250513346,1.5847115456627738,1.0,1.0,1.0,1.0,1.0,1.0,7.471264367816092,9.523809523809524,8.017163030044268,1.547126436781609,1.7523809523809524,1.601716303004427,2.898233838973815,7.038973878554787,4.676935381303421,0.0142785837427803,0.0346785606587819,0.023041623696298457,0.691,3.1863,1.7998411465545143
1,1,35.89607289999999,128.6121391,37859,SPLY_LS,4.679720226085752,3,13,80,35.43563533968632,1.6501300479123886,1.6806297056810404,1.6652244483825918,1.0,1.0,1.0,1.0,1.6,1.2009161373703254,7.471264367816092,7.471264367816092,7.201836597396115,1.547126436781609,2.1333333333333337,1.7434238123733063,6.576928504318982,8.695235905122516,7.279536797856786,0.0324022248158031,0.0428383839719718,0.0358637299651611,2.9032,4.0667,2.28550720440048
2,3,35.89471045000003,128.6090872500002,143900,SPLY_LS,3.276531664324271,4,13,40,22.551469629076234,1.6160711841204654,1.712662559890486,1.5900173219497318,1.0,1.0,1.0,1.0,1.0,1.0,7.471264367816092,9.846153846153848,8.659228937904667,1.547126436781609,2.0307692307692307,1.7136024893400366,6.052880729618639,6.052880729618639,4.862452236722258,0.0298204248465756,0.0298204248465756,0.023955600312047638,2.6679,2.6679,1.8416200825708429
3,1,35.89510799999999,128.6111366,177234,SPLY_LS,2.0933619232941627,3,13,100,31.524150911692995,1.7439288158795343,1.7439288158795343,1.7207280853287112,1.0,1.0,1.0,1.2,1.2,1.1999999999999997,7.471264367816092,8.333333333333334,7.654817190960098,1.547126436781609,2.466666666666667,1.7429161148018812,4.78526973539599,6.406969076916059,5.389304745475755,0.0235753491418886,0.0315648942027885,0.02655121822429809,1.2393,2.0582,1.1936696619309917
4,4,35.89534400000001,128.6100321,106458,SPLY_LS,6.808682973195061,4,13,25,17.370450168183382,1.713812457221081,1.7326488706365502,1.6007243326002003,1.0,1.0,1.0,1.0,1.0,1.0,7.471264367816092,9.523809523809524,8.271745748137894,1.547126436781609,1.7523809523809524,1.6271745748137894,12.604472512292295,12.604472512292295,7.809323209071388,0.0620978245026848,0.0620978245026848,0.038473802187971494,6.2024,6.2024,3.656923164913647
5,1,35.892652,128.6068654,3677,PIPE_LM,6.059643953820982,4,25,100,34.725654431335684,1.7326488706365502,1.7326488706365502,1.650209085428123,1.0,1.0,1.0,1.0,1.0,1.0,8.928571428571429,16.3265306122449,9.751967165166546,1.692857142857143,2.840816326530613,1.8605686599297404,2.526479450583996,3.366999325511564,2.7846557797891203,0.0124470799852196,0.0165880272270315,0.013719024397498027,0.2592,1.0,0.42699013526394175
6,1,35.89482600000001,128.6093499,143903,SPLY_LS,6.568498626806264,3,40,150,65.12014819351735,1.350006844626968,1.6926762491444216,1.4006189093469625,1.0,1.0,1.0,1.0,1.2,1.0572312161838011,14.285714285714286,14.285714285714286,12.261144925127196,2.2285714285714286,3.3000000000000003,2.3838095936614763,4.61520521590918,8.32402278759577,5.122267584700465,0.0227375007769589,0.0410095468665087,0.025235619596164525,1.1873,1.1873,0.8396721741600175
7,1,35.894353,128.6110253,4689,SPLY_LS,3.743340320300144,2,20,150,71.4102201411517,1.7066392881587953,1.7066392881587953,1.5556215973192684,1.0,1.0,1.0,1.6,1.6,1.6000000000000003,9.523809523809524,12.5,10.70078342813992,1.7523809523809524,3.3000000000000003,2.3644073826327583,5.898204196164758,10.110827862435327,7.564141965817031,0.0290583877030351,0.049812510088467,0.03726588001589247,0.8238,0.8238,0.6361526964847963
8,3,35.89591025000361,128.6120980999865,211331,SPLY_LS,8.711154592533976,2,13,13,13.0,1.7023134839151268,1.7023134839151268,1.6919271619801557,1.0,1.0,1.0,1.0,1.0,1.0,7.471264367816092,7.471264367816092,7.471264367816091,1.547126436781609,1.547126436781609,1.547126436781609,5.302323696092739,6.065745220095038,5.667995288689543,0.0261226930373552,0.0298838036885812,0.027924228989022283,2.0503,2.5345,2.2822271589398357
9,1,35.8929585,128.6094276,212239,SPLY_LS,6.964328808312295,1,20,20,20.0,1.3305133470225874,1.3305133470225874,1.3305133470225874,1.0,1.0,1.0,1.6,1.6,1.6,9.523809523809524,9.523809523809524,9.523809523809524,1.7523809523809524,1.7523809523809524,1.7523809523809524,4.272299220282296,4.272299220282296,4.272299220282296,0.0210481229536037,0.0210481229536037,0.0210481229536037,0.6945,0.6945,0.6945
10,1,35.894846300000005,128.6092167,443630,SPLY_LS,4.044881244585552,5,20,150,50.674091057788836,1.2007392197125255,1.712662559890486,1.4163778020962292,1.0,1.0,1.0,1.0,1.2,1.0352951223323448,9.523809523809524,14.285714285714286,11.020848946457775,1.7523809523809524,3.3000000000000003,2.1708726912349934,2.8715005534221847,8.32402278759577,4.594468094366019,0.0141468782015174,0.0410095468665087,0.022635336237108318,1.0192,2.6674,1.0547307686118113
11,2,35.8926445,128.6060532,99395,PIPE_LM,7.353161010971109,2,100,100,68.67807629431823,1.6126762491444215,1.6126762491444215,1.4693901448870812,1.0,1.0,1.0,1.0,1.0,1.0,16.3265306122449,16.3265306122449,14.070449673060137,2.840816326530613,2.840816326530613,2.427201487680073,3.2585533553769435,5.066277376016607,4.091220912074058,0.0160537518882678,0.0249597754345522,0.020156013506469637,0.129,1.8904,0.9403299472821741
12,1,35.8955536,128.6113662,3784,SPLY_LS,4.34702743955079,4,13,80,56.636775241826705,1.6573032169746749,1.6726899383983571,1.6491292481530773,1.0,1.0,1.0,1.2,1.6,1.271090467182781,7.471264367816092,7.471264367816092,6.94723378505269,1.547126436781609,2.1333333333333337,1.9289201470806596,4.551024977202187,6.547059057388399,5.084871719536206,0.0224213072039331,0.0322550685050825,0.025051383257052983,1.241,1.241,0.515109875602172
13,1,35.896141,128.6122561,211329,SPLY_LS,2.1121618948478513,2,20,150,60.786714852088394,1.621930184804928,1.6926762491444216,1.644126335213562,1.0,1.0,1.0,1.0,1.6,1.188246376240408,9.523809523809524,12.5,10.457571310716311,1.7523809523809524,3.3000000000000003,2.2379370815724813,4.428527191736456,11.330398627606204,6.593947670202559,0.0218178034891684,0.0558209083986961,0.03248607228940342,1.3054,1.3054,0.9533792764304371
14,1,35.8936404,128.6103236,417712,PIPE_LM,1.4467562731861607,3,150,150,104.91600705564538,1.32476386036961,1.6067624914442162,1.4331116693398867,1.0,1.0,1.0,1.6,1.6,1.6,12.5,12.5,11.31980800925276,3.3000000000000003,3.3000000000000003,2.752361507819939,10.110827862435327,10.110827862435327,8.64852559850907,0.049812510088467,0.049812510088467,0.0426082586398947,0.3493,1.7377,0.633027604728534
15,1,35.895782,128.6105861,72332,SPLY_LS,3.68023655579785,4,13,25,17.14507904534126,1.6226967830253252,1.7526899383983574,1.694964509755298,1.0,1.0,1.0,1.0,1.0,1.0,7.471264367816092,9.523809523809524,8.160988841400766,1.547126436781609,1.7523809523809524,1.6160988841400767,6.156238064318377,6.156238064318377,4.328744057865307,0.0303296302595741,0.0303296302595741,0.021326206912682073,2.7153,2.7153,1.4379828883515093
16,2,35.8938663,128.6102529,143921,SPLY_LS,7.345021309011886,1,25,25,25.0,1.5556194387405886,1.5556194387405886,1.5556194387405886,1.0,1.0,1.0,1.0,1.0,1.0,8.928571428571429,8.928571428571429,8.928571428571429,1.692857142857143,1.692857142857143,1.692857142857143,6.005558461360987,6.005558461360987,6.005558461360987,0.0295872845936641,0.0295872845936641,0.0295872845936641,2.3338,2.3338,2.3338
17,1,35.89609519999999,128.6100066,177221,PIPE_LM,5.732686157672805,5,20,80,27.048527466517744,1.6926762491444216,1.6926762491444216,1.5814544671156932,1.0,1.0,1.0,1.0,1.0,1.0,9.523809523809524,9.523809523809524,8.286030376625455,1.7523809523809524,2.1333333333333337,1.7363289062684402,3.1221584610193465,7.492385362830936,4.737856756383085,0.0153817819819809,0.036912360347791,0.02334176198883468,0.5574,3.3705,1.5750701209027211
18,1,35.894814600000004,128.609921,73264,SPLY_LS,7.282723023454585,5,13,40,21.85575403069183,1.2979329226557152,1.7326488706365502,1.4409945275138463,1.0,1.0,1.0,1.0,1.0,1.0,7.471264367816092,9.846153846153848,8.60403192321999,1.547126436781609,2.0307692307692307,1.707882489428078,1.8584306290232937,2.5708402730057403,2.2376593480900713,0.0091558372584776,0.0126656302310037,0.01102416442726792,0.4022,0.6952,0.40396827430438503
19,2,35.8932193,128.6093998,178155,SPLY_LS,6.326662586678947,1,13,13,13.0,1.6384120465434635,1.6384120465434635,1.6384120465434635,1.0,1.0,1.0,1.0,1.0,1.0,7.471264367816092,7.471264367816092,7.471264367816093,1.547126436781609,1.547126436781609,1.547126436781609,2.5433609780937427,2.5433609780937427,2.5433609780937427,0.0125302493627255,0.0125302493627255,0.0125302493627255,0.5202,0.5202,0.5202
20,2,35.8938925,128.6104273,143921,SPLY_LS,6.304443741169693,2,25,25,22.706742947242894,1.5556194387405886,1.5556194387405886,1.423618244278808,1.0,1.0,1.0,1.0,1.6,1.2751908463308526,8.928571428571429,9.523809523809524,9.201578220566322,1.692857142857143,1.7523809523809524,1.7201578220566323,6.005558461360987,6.005558461360987,5.6371429130642365,0.0295872845936641,0.0295872845936641,0.027772230132647912,2.3338,2.3338,1.7979116919117197
21,3,35.89485430000001,128.60834559999984,107322,PIPE_LM,6.953773156019825,2,150,150,92.4584414792221,1.6926762491444216,1.6926762491444216,1.6662337322819276,1.0,1.0,1.0,1.2,1.2,1.1114745253526495,12.5,12.5,11.18265662727157,3.3000000000000003,3.3000000000000003,2.6149814461812158,8.32402278759577,8.32402278759577,7.778982598222394,0.0410095468665087,0.0410095468665087,0.038324324617532324,0.1592,2.6674,1.2693979775524242
22,3,35.89501039999999,128.610865,142997,PIPE_LM,6.673118840726925,3,150,150,71.79793610133669,1.6726899383983571,1.6726899383983571,1.6344877202236192,1.0,1.0,1.0,1.2,1.2,1.1328519721447399,12.5,12.5,10.31533142148008,3.3000000000000003,3.3000000000000003,2.3475218559609923,9.135449829878205,9.135449829878205,7.122814377616793,0.0450071639043694,0.0450071639043694,0.035091613453485715,0.2874,4.2723,1.6557252342549595
23,1,35.8945804,128.6077641,212261,SPLY_LS,7.1034468734657,5,13,200,52.84825043211241,1.6285557837097877,1.7526899383983574,1.6932787625661112,1.0,1.0,1.0,1.0,1.6,1.235879971814035,7.471264367816092,15.873015873015872,9.45285206550566,1.547126436781609,3.9746031746031742,2.0623110510277907,3.3262907285565912,12.765202636710075,6.403273349799289,0.0163874702178433,0.0628896855701477,0.031546686648788624,1.0002,2.2639,1.114451145108218
25,1,35.8947414,128.6077693,73245,SPLY_LS,7.1922191063966165,4,20,200,60.68884795184223,1.6330458590006844,1.7526899383983574,1.6817121784159117,1.0,1.0,1.0,1.0,1.6,1.2432146688413326,9.523809523809524,15.873015873015872,10.089224985934253,1.7523809523809524,3.9746031746031742,2.197466772156474,3.868783136955107,12.765202636710075,6.919024975611534,0.0190601404416798,0.0628896855701477,0.03408761439609651,1.0003,2.2639,1.135864988596858
26,1,35.8955517,128.6118181,142917,PIPE_LM,5.44242013472827,3,80,80,54.93010226880726,1.6326625598904858,1.7250376454483232,1.6672272456792196,1.0,1.0,1.0,1.2,1.6,1.223229350546832,6.666666666666667,7.471264367816092,6.967729085809486,2.1333333333333337,2.1333333333333337,1.9139878565292796,4.931992456068436,6.547059057388399,5.358936091027641,0.0242982006336895,0.0322550685050825,0.026401602492861262,0.1365,1.8469,0.775267518716733
27,1,35.89433110000001,128.6089668,73259,SPLY_LS,6.424208358497361,3,13,80,36.30733370913066,1.748309377138946,1.7526899383983574,1.5701468119354995,1.0,1.0,1.0,1.2,1.2,1.2,7.471264367816092,9.523809523809524,7.896495210516298,1.547126436781609,2.1333333333333337,1.7985767065986384,3.3801473111023035,5.500021691819231,4.573669303279287,0.0166528027502421,0.0270966818680012,0.022532867873000847,0.5778,1.9117,0.8935370640072777
28,1,35.893442,128.6092004,143881,SPLY_LS,1.8030811841007768,4,13,150,40.17969614265396,1.666885694729637,1.6726899383983571,1.5808774858648822,1.0,1.0,1.0,1.0,1.2,1.0361706677356814,7.471264367816092,12.5,8.672528079703884,1.547126436781609,3.3000000000000003,1.8933194813183978,3.240664684843782,9.17305887454059,4.084040692828073,0.0159656206695856,0.0451924505042554,0.020120639079321403,0.9039,0.9039,0.7144732681054391
29,1,35.896174699999996,128.6118559,3781,SPLY_LS,7.481404209053074,3,13,80,35.38261545208269,1.584476386036961,1.6772895277207391,1.627525110948443,1.0,1.0,1.0,1.0,1.2,1.0603981040368857,7.471264367816092,9.523809523809524,7.858488333432996,1.547126436781609,2.1333333333333337,1.7871758467995855,4.0591579903567245,4.931992456068436,4.5431915683686395,0.0199980507131909,0.0242982006336895,0.022382714740303296,1.5088,1.5088,1.06244668595498
30,1,35.8917529,128.6062886,107379,SPLY_LS,5.473569756579247,5,13,25,17.45454878265883,1.5838740588637918,1.7219712525667352,1.6277392425509505,1.0,1.0,1.0,1.0,1.0,1.0,7.471264367816092,8.928571428571429,8.012234817270075,1.547126436781609,1.692857142857143,1.6012234817270072,5.391769330110192,6.447587766819943,4.484311229848807,0.0265633603701873,0.0317650082714034,0.02209263192053457,2.3337,2.6668,1.6367645780769309
31,5,35.892090550000134,128.6057968000005,42449,PIPE_LM,6.481337113135468,4,80,80,55.4903592085916,1.472662559890486,1.6926762491444216,1.5739362387265647,1.0,1.0,1.0,1.0,1.0,1.0,6.666666666666667,10.95890410958904,7.764538236015067,2.1333333333333337,2.16986301369863,1.979995496513523,3.837368846362719,5.263171228839041,4.37706432664169,0.0189053732269328,0.0259298025345598,0.02156426396484922,0.1764,2.0003,0.8199701711157613
32,1,35.893028300000005,128.605446,107397,SPLY_LS,4.766409638382919,9,13,32,17.419623818275245,1.7345653661875429,1.7526899383983574,1.6094908715319065,1.0,1.0,1.0,1.0,1.2,1.0450440176681681,7.471264367816092,11.428571428571429,8.16991586152381,1.547126436781609,1.942857142857143,1.616991586152381,4.725108686066812,5.079195236274402,3.700064853064775,0.023278956708211,0.0250234172107912,0.018228924508351528,1.6677,2.0008,1.0961123944464801
33,1,35.8941155,128.607839,212263,SPLY_LS,3.464944637859817,2,13,13,13.000000000000002,1.4330184804928132,1.60331279945243,1.4842988484603912,1.0,1.0,1.0,1.0,1.0,1.0,7.471264367816092,7.471264367816092,7.471264367816091,1.547126436781609,1.547126436781609,1.5471264367816089,1.542766289932462,1.835631458047048,1.6309561583764234,0.0076006695422957,0.0090435137227874,0.008035150157665134,0.0543,0.1212,0.07444545545611839
34,1,35.89275630000001,128.6086165,178129,SPLY_LS,6.850973923584969,3,13,40,20.819304567921957,1.6285557837097877,1.712662559890486,1.6298339736506355,1.0,1.0,1.0,1.0,1.0,1.0,7.471264367816092,10.0,8.203596000401376,1.547126436781609,2.05,1.692760568261637,3.3262907285565912,4.261233467255961,3.7266985784345725,0.0163874702178433,0.0209936058614565,0.01836013955144464,1.0002,1.3337,0.8827924158997097
35,6,35.89590513333346,128.60974296666663,3801,SPLY_LS,3.920391680847154,4,13,100,37.409797012810074,1.6531416837782342,1.712662559890486,1.6810278069810274,1.0,1.0,1.0,1.0,1.0,1.0,7.471264367816092,14.285714285714286,9.24949926058727,1.547126436781609,2.466666666666667,1.8980697849447938,4.3804108482792214,5.7326183175711005,4.499606392171661,0.0215807511056748,0.0282426040342616,0.022167985831992462,1.5949,2.286,1.1044291922942473
36,4,35.895400200000005,128.6107026,72341,SPLY_LS,6.158978070093093,5,13,80,34.11364049802283,1.7152908966461329,1.7152908966461329,1.59845120843051,1.0,1.0,1.0,1.0,1.2,1.0764621772599356,7.471264367816092,10.95890410958904,8.408577262267903,1.547126436781609,2.16986301369863,1.8187832711662661,6.8299844227659285,6.8299844227659285,5.247526680019724,0.0336489427564197,0.0336489427564197,0.025852727318119117,2.8994,2.8994,1.6168029643101727
37,1,35.892927900000004,128.60612330000004,420740,SPLY_LS,8.136413409239825,1,20,20,20.0,1.3092676249144422,1.3092676249144422,1.3092676249144422,1.0,1.0,1.0,1.0,1.0,1.0,9.523809523809524,9.523809523809524,9.523809523809524,1.7523809523809524,1.7523809523809524,1.7523809523809524,2.565368872911648,2.565368872911648,2.565368872911648,0.0126386745577301,0.0126386745577301,0.0126386745577301,0.6544,0.6544,0.6544
38,5,35.8938019,128.6078556,212265,SPLY_LS,4.681297397394761,2,13,25,18.26432084909315,1.675482546201232,1.7526899383983574,1.7093529199051853,1.0,1.0,1.0,1.0,1.0,1.0,7.471264367816092,8.928571428571429,8.110575363104841,1.547126436781609,1.692857142857143,1.6110575363104842,4.563306436717778,4.563306436717778,3.6671802274102188,0.0224818136564556,0.0224818136564556,0.018066913467370507,1.6672,1.6672,1.0419302911489612
39,2,35.8956008,128.6100887,106345,PIPE_LM,6.651777254025154,5,32,80,29.92707178113101,1.117015742642026,1.721697467488022,1.468330151540521,1.0,1.0,1.0,1.0,1.2,1.033119527057635,11.428571428571429,11.428571428571429,8.667584426790844,1.942857142857143,2.1333333333333337,1.7771568662045347,2.7546835539066277,7.813218924022574,4.656436661189911,0.013571361730854,0.0384929950120358,0.022940633676851233,0.8313,3.4646,1.5245659844020414
40,2,35.89637675000013,128.61168900000015,143006,SPLY_LS,3.1239564992310824,3,25,150,60.86864795462817,1.671649555099247,1.7177549623545518,1.6867179235076322,1.0,1.0,1.0,1.0,1.6,1.1767882726588836,8.928571428571429,12.5,10.095435216140883,1.692857142857143,3.3000000000000003,2.1778524229867626,3.1073121521658194,11.330398627606204,5.616839383830548,0.0153086394144677,0.0558209083986961,0.02767220175034873,0.6052,0.7486,0.508514950118898
41,3,35.89443095000019,128.6104921999992,38823,SPLY_LS,6.449299635067892,3,13,40,26.301294185951594,1.6380287474332649,1.6380287474332649,1.312856972654956,1.0,1.0,1.0,1.0,1.0,1.0,7.471264367816092,14.285714285714286,10.586010204177997,1.547126436781609,2.2285714285714286,1.8586010204177998,6.031584060494454,6.031584060494454,4.808513103012018,0.029715503611635,0.029715503611635,0.023689861078954138,2.606,2.6167,2.0123574573095953
42,2,35.8929263,128.6060014,421834,SPLY_LS,5.633623238574878,2,20,100,53.077817715657105,1.302094455852156,1.6526488706365503,1.447039143747869,1.0,1.0,1.0,1.0,1.0,1.0,9.523809523809524,9.523809523809524,9.031580093517007,1.7523809523809524,2.466666666666667,2.0477186105564624,3.338575490060037,4.805132781437372,3.9449569244818785,0.0164479929381042,0.0236732074176684,0.019435422031998585,1.1649,1.1649,0.7339373824371326
43,1,35.8926556,128.6089682,4729,SPLY_LS,5.333827076624824,3,13,100,45.050595811176386,1.6943737166324435,1.7376317590691308,1.6895012024480853,1.0,1.0,1.0,1.0,1.6,1.3666598991144083,7.471264367816092,8.333333333333334,7.788848551438531,1.547126436781609,2.466666666666667,1.8858828993122094,5.768447502515505,8.711389842135526,6.373075474843383,0.028419121888268,0.0429179687657569,0.0313979122881371,2.334,2.334,1.0894208159390049
44,1,35.8937504,128.6065046,106335,PIPE_LM,7.860855885770398,3,25,25,21.03143879595124,1.712662559890486,1.742121834360027,1.6033846803123526,1.0,1.0,1.0,1.0,1.0,1.0,8.928571428571429,8.928571428571429,8.446620406596432,1.692857142857143,1.692857142857143,1.6446620406596433,2.1530401757127375,3.2633864551287566,2.7774312987381182,0.0106072753816751,0.01607756287916,0.013683431907928069,0.0856,1.1012,0.6032445792992566
45,2,35.89242655000442,128.6063828000003,246309,SPLY_LS,9.628208759936465,1,13,13,13.0,1.717864476386037,1.717864476386037,1.7178644763860367,1.0,1.0,1.0,1.0,1.0,1.0,7.471264367816092,7.471264367816092,7.471264367816092,1.547126436781609,1.547126436781609,1.547126436781609,3.5088772611575627,3.5088772611575627,3.5088772611575627,0.0172870101586819,0.0172870101586819,0.0172870101586819,1.0003,1.0003,1.0003
46,3,35.89484540000008,128.60876144999995,178141,SPLY_LS,6.0364444265956605,3,20,150,78.77847140250903,1.6529774127310062,1.6926762491444216,1.6583170489670542,1.0,1.0,1.0,1.2,1.2,1.2000000000000002,9.523809523809524,12.5,9.488697047091668,1.7523809523809524,3.3000000000000003,2.343336448180041,12.5323032848234,12.5323032848234,8.831136761610221,0.0617422719781752,0.0617422719781752,0.04350791992658697,4.3346,4.3346,1.7166507509376525
48,3,35.89577795000001,128.61020805,143022,SPLY_LS,5.442579757228071,3,13,40,21.125054847767377,1.708062970568104,1.708062970568104,1.4548425417702329,1.0,1.0,1.0,1.0,1.0,1.0,7.471264367816092,14.285714285714286,9.521922861900785,1.547126436781609,2.2285714285714286,1.7521922861900785,6.901842527391452,6.901842527391452,5.0388907526573545,0.0340029624875731,0.0340029624875731,0.02482485112657932,2.9571,2.9571,2.0829134928107234
49,1,35.89230930000001,128.6083009,4699,SPLY_LS,5.279057800471455,2,20,50,32.70883985740293,1.723230663928816,1.7326488706365502,1.727220479955233,1.0,1.0,1.0,1.0,1.6,1.2541767971480586,9.523809523809524,10.95890410958904,10.131755766172788,1.7523809523809524,2.16986301369863,1.929238041068447,5.444132827333065,5.444132827333065,4.852520368954814,0.0268213369937804,0.0268213369937804,0.023906669475711212,1.6675,1.6675,1.0061743366202764
50,1,35.8913008,128.6057162,211229,SPLY_LS,7.528061506233701,1,20,20,20.0,1.290431211498973,1.290431211498973,1.290431211498973,1.0,1.0,1.0,1.0,1.0,1.0,9.523809523809524,9.523809523809524,9.523809523809524,1.7523809523809524,1.7523809523809524,1.7523809523809524,2.3421581272840255,2.3421581272840255,2.3421581272840255,0.0115389933377838,0.0115389933377838,0.0115389933377838,0.5325,0.5325,0.5325
51,1,35.89278149999999,128.6090508,75978,PIPE_LM,7.912078311985709,2,100,100,61.6997788588828,1.6526488706365503,1.6526488706365503,1.6105212488885863,1.0,1.0,1.0,1.6,1.6,1.6,8.333333333333334,9.523809523809524,8.903277100314243,2.466666666666667,2.466666666666667,2.1247004064781203,8.711389842135526,8.711389842135526,6.363263621217968,0.0429179687657569,0.0429179687657569,0.03134957271947342,0.272,0.2839,0.27769715789474114
52,1,35.8930714,128.6079041,212258,SPLY_LS,7.019942288720845,3,20,20,17.85189777556471,1.295523613963039,1.6726899383983571,1.5059823504442353,1.0,1.0,1.0,1.0,1.0,1.0,9.523809523809524,9.523809523809524,8.8939414073319,1.7523809523809524,1.7523809523809524,1.6893941407331896,3.0690193519022246,3.0690193519022246,2.5099896939625124,0.015119984190049,0.015119984190049,0.012365840725760342,1.0002,1.0002,0.5030513693222276
53,1,35.894985999999996,128.6116735,106343,SPLY_LS,9.24722163598873,3,13,100,70.11360639467199,1.714031485284052,1.714031485284052,1.4581082524013291,1.0,1.0,1.0,1.6,1.6,1.6000000000000003,7.471264367816092,8.333333333333334,8.037193880248436,1.547126436781609,2.466666666666667,2.150784583376108,5.33815753591357,13.591150932501026,9.29756000749365,0.0262992338243085,0.0669588437416061,0.04580582401091854,0.9062,1.4757,1.014864690870957
54,1,35.892991699999996,128.6067571,215096,PIPE_LM,5.705756259989098,6,80,80,45.08540040350643,1.7526899383983574,1.7526899383983574,1.5243200874192981,1.0,1.0,1.0,1.0,1.0,1.0,6.666666666666667,9.846153846153848,8.47610081993518,2.1333333333333337,2.1333333333333337,1.9208118832796728,4.080991870263973,4.080991870263973,2.7256962973228394,0.020105618597636,0.020105618597636,0.013428551663205533,0.0512,0.3373,0.1663737117894255
55,9,35.895277400000005,128.6101531,245302,SPLY_LS,6.9936724839440245,1,13,13,13.0,1.6729637234770705,1.6729637234770705,1.6729637234770705,1.0,1.0,1.0,1.0,1.0,1.0,7.471264367816092,7.471264367816092,7.471264367816092,1.547126436781609,1.547126436781609,1.547126436781609,3.29057690626739,3.29057690626739,3.29057690626739,0.0162115207152622,0.0162115207152622,0.0162115207152622,0.9262,0.9262,0.9262
56,1,35.8914202,128.6062172,178172,SPLY_LS,7.274126111501402,3,20,80,37.550821113269166,1.23523613963039,1.6126762491444215,1.3567319141339629,1.0,1.0,1.0,1.0,1.6,1.1755082111326915,9.523809523809524,14.22222222222222,10.898159536912083,1.7523809523809524,2.5777777777777775,1.993820819547618,3.302766389761907,4.666550671798103,3.574312117624571,0.0162715740341205,0.0229904618672141,0.01760938479429506,1.2576,1.2576,0.8221471784084797
57,1,35.8944829,128.6086036,212275,SPLY_LS,6.372310037509759,2,25,40,31.12866697888525,1.2842984257357974,1.7326488706365502,1.4674844635112476,1.0,1.0,1.0,1.0,1.2,1.08171555971847,8.928571428571429,10.0,9.366333355634662,1.692857142857143,2.05,1.8387777852115537,3.2546414537805153,5.906806474735333,4.338257199545868,0.0160344793182677,0.0291007681187548,0.021373074832142597,1.1884,1.1884,0.8594131565734401
58,1,35.894484000000006,128.6087472,212274,SPLY_LS,7.618994041692816,3,25,80,48.39527626555091,1.2740588637919237,1.7326488706365502,1.5333386634595172,1.0,1.0,1.0,1.2,1.2,1.2,8.928571428571429,10.0,8.465922536819493,1.692857142857143,2.1333333333333337,1.9503432533800087,5.312205487780896,5.906806474735333,5.407925423077149,0.0261713771663757,0.0291007681187548,0.026642955785602985,2.0005,2.0005,0.8912482320259341
59,5,35.8962846,128.61074184999993,72325,SPLY_LS,6.012934230291465,3,13,40,21.363653052351214,1.6837508555783711,1.6926762491444216,1.6743793766129822,1.0,1.0,1.0,1.0,1.0,1.0,7.471264367816092,9.846153846153848,8.2069218357604,1.547126436781609,2.0307692307692307,1.696942011973544,5.024773527128015,5.024773527128015,4.232212227143055,0.0247553004974252,0.0247553004974252,0.020850628368854277,1.9225,1.9225,1.397504384427477
60,1,35.8926632,128.6087565,212253,SPLY_LS,2.1020036336227874,2,20,80,40.25498998978859,1.7673648186173854,1.7673648186173854,1.7624108260850893,1.0,1.0,1.0,1.0,1.2,1.0675166332992951,9.523809523809524,9.523809523809524,8.559286190962448,1.7523809523809524,2.1333333333333337,1.8809840634272292,5.583354756095942,5.583354756095942,5.533834367811709,0.02750723470912,0.02750723470912,0.027263265088179483,1.6674,1.6674,1.1608902169886866
61,1,35.8948435,128.6078796,107333,SPLY_LS,4.6554656319679735,2,20,150,68.70808911629051,1.2755373032169746,1.6926762491444216,1.4318299259255098,1.0,1.0,1.0,1.0,1.2,1.0749355217173702,9.523809523809524,12.5,10.638921454127532,1.7523809523809524,3.3000000000000003,2.332239156146316,2.263157811606846,8.32402278759577,4.534028206778172,0.0111497864325528,0.0410095468665087,0.022337570064923644,0.4981,0.4981,0.3711217584499166
62,2,35.89581280000001,128.6122184,143003,SPLY_LS,4.07846236090955,3,13,50,25.104644129083884,1.6806297056810404,1.6926762491444216,1.6530669654800454,1.0,1.0,1.0,1.0,1.6,1.1691553092100748,7.471264367816092,10.95890410958904,8.945194597872435,1.547126436781609,2.16986301369863,1.7717593270064556,4.124260549705021,4.124260549705021,3.822326853339936,0.0203187882372042,0.0203187882372042,0.018831266592007127,1.4032,1.4032,0.8435438253628177
63,1,35.89514760000001,128.6104596,143029,SPLY_LS,7.614506175559537,4,13,50,25.540748132436285,1.7152908966461329,1.7152908966461329,1.5543815241643884,1.0,1.0,1.0,1.0,1.2,1.0496522007658202,7.471264367816092,10.95890410958904,9.32089156267444,1.547126436781609,2.16986301369863,1.80010586964528,8.813962305431714,10.576141502230088,7.318110579330426,0.0434233073920551,0.0521049475319618,0.036053769485658194,4.0321,4.4507,3.0834935010436744
64,1,35.89197620000001,128.6057557,244346,PIPE_LM,0.8810057421875835,5,50,80,60.287429531780326,1.6926762491444216,1.6926762491444216,1.628901230497751,1.0,1.0,1.0,1.2,1.2,1.0618284213755744,10.95890410958904,14.22222222222222,10.955386557689438,2.16986301369863,2.5777777777777775,2.231684333299784,3.3039363087024265,6.597254262781616,4.650035394217009,0.0162773378152688,0.032502362713733,0.02290909687491919,0.2326,2.0003,0.8392865627243411
65,4,35.89471525,128.61126855,75978,PIPE_LM,6.011524140033795,5,100,100,83.0195615825516,1.6526488706365503,1.7385626283367557,1.6738281725898452,1.0,1.0,1.0,1.6,1.6,1.262384479663035,8.333333333333334,8.333333333333334,7.9045447772374375,2.466666666666667,2.466666666666667,2.2655583146648595,8.711389842135526,8.711389842135526,6.764603452909541,0.0429179687657569,0.0429179687657569,0.03332683360127673,0.272,1.6673,0.5099308469843407
66,1,35.892438399999996,128.6066901,143925,SPLY_LS,5.087801408552955,1,20,20,20.0,1.293716632443532,1.293716632443532,1.293716632443532,1.0,1.0,1.0,1.0,1.0,1.0,9.523809523809524,9.523809523809524,9.523809523809524,1.7523809523809524,1.7523809523809524,1.7523809523809524,2.3519517715105858,2.3519517715105858,2.3519517715105858,0.0115872431951126,0.0115872431951126,0.0115872431951126,0.535,0.535,0.535
67,3,35.894720799999995,128.6107649,73265,SPLY_LS,3.642445325671296,4,13,150,47.66677325460357,1.7218069815195074,1.7218069815195074,1.69652555739416,1.0,1.0,1.0,1.0,1.2,1.044493695505428,7.471264367816092,12.5,9.290729054488025,1.547126436781609,3.3000000000000003,2.007158502357727,10.684765383525086,10.684765383525086,8.261727157308234,0.0526400993767438,0.0526400993767438,0.04070263809955256,5.0771,5.0771,2.6780836125874856
68,5,35.893805300000004,128.609037,38813,SPLY_LS,8.187485492137625,1,13,13,13.0,1.6010677618069815,1.6010677618069815,1.6010677618069815,1.0,1.0,1.0,1.2,1.2,1.2,7.471264367816092,7.471264367816092,7.471264367816092,1.547126436781609,1.547126436781609,1.547126436781609,3.579668190770269,3.579668190770269,3.579668190770269,0.0176357722920583,0.0176357722920583,0.0176357722920583,0.8246,0.8246,0.8246
69,1,35.891843300000005,128.6064363,212301,SPLY_LS,6.895859470138699,4,13,25,15.899986413621347,1.7219712525667352,1.7219712525667352,1.5590158286732814,1.0,1.0,1.0,1.0,1.0,1.0,7.471264367816092,8.928571428571429,7.823445257538169,1.547126436781609,1.692857142857143,1.5823445257538167,6.447587766819943,6.447587766819943,4.3686123512345425,0.0317650082714034,0.0317650082714034,0.021522624040209604,2.6668,2.6668,1.670631608016106
70,3,35.89173790000002,128.60670560000003,143938,SPLY_LS,7.057924007195022,3,13,25,16.676430091344933,1.6591649555099246,1.6926762491444216,1.668974847106651,1.0,1.0,1.0,1.0,1.0,1.0,7.471264367816092,8.928571428571429,7.917738328690287,1.547126436781609,1.692857142857143,1.591773832869029,7.342984926015714,7.342984926015714,5.618052036134885,0.0361763166857553,0.0361763166857553,0.027678176063823882,3.3341,3.3341,2.2410966305908784
71,1,35.89428350000001,128.6062351,38865,SPLY_LS,7.559553658369686,2,13,13,13.0,1.6155783709787817,1.6951403148528406,1.6507262179445734,1.0,1.0,1.0,1.0,1.0,1.0,7.471264367816092,7.471264367816092,7.471264367816092,1.547126436781609,1.547126436781609,1.5471264367816093,4.067567744521732,4.28709591323174,4.1645480607733525,0.0200394826285479,0.0211210210809231,0.020517270703608963,1.4656,1.4767,1.4705036144961194
72,2,35.89517510000555,128.61082610001512,211327,PIPE_LM,3.696349949758821,5,50,50,28.538711190943754,1.6726899383983571,1.6926762491444216,1.4059735833647484,1.0,1.0,1.0,1.2,1.2,1.0569247412729583,10.95890410958904,10.95890410958904,9.932271463798136,2.16986301369863,2.16986301369863,1.871206244014003,3.660392562181028,6.43418162758881,4.190420181467548,0.0180334730164691,0.0316989609155604,0.020644733587027037,0.3819,3.5201,1.4956264093833627
73,1,35.8959807,128.6123805,106432,SPLY_LS,5.792074173096283,5,13,80,30.048594463472927,1.6811772758384669,1.6811772758384669,1.603023275872793,1.0,1.0,1.0,1.0,1.6,1.1337599393883344,7.471264367816092,8.928571428571429,7.548387090019407,1.547126436781609,2.1333333333333337,1.7034608638778679,8.086060795911651,8.216530971379632,6.736073583462726,0.0398371914201781,0.0404799723101474,0.03318627691996659,3.7102,3.7862,2.3442109619219975
74,4,35.894816600000006,128.61049060000002,38821,SPLY_LS,9.070084704478672,2,25,25,24.999999999999996,1.6775085557837095,1.6931143052703628,1.684995414850077,1.0,1.0,1.0,1.0,1.0,1.0,8.928571428571429,8.928571428571429,8.928571428571429,1.692857142857143,1.692857142857143,1.6928571428571428,13.477506027813996,13.477506027813996,10.153419310140874,0.0663989550719298,0.0663989550719298,0.050022343244305496,5.938,5.938,4.211907302054117
75,2,35.8950004,128.6102705,211358,SPLY_LS,4.713437093924081,3,20,150,74.75632675048614,1.6466803559206022,1.6726899383983571,1.6622804676908691,1.0,1.0,1.0,1.2,1.2,1.2,9.523809523809524,12.5,10.951105664090807,1.7523809523809524,3.3000000000000003,2.41825003008497,9.10844526321805,9.135449829878205,7.86440335132802,0.0448741218560332,0.0450071639043694,0.03874516277082015,2.892,2.892,1.3558291309621602
77,1,35.89334079999999,128.6062061,107395,SPLY_LS,6.752025332294343,2,13,13,13.0,1.6518275154004107,1.7160027378507872,1.6786111688387317,1.0,1.0,1.0,1.0,1.0,1.0,7.471264367816092,7.471264367816092,7.471264367816091,1.547126436781609,1.547126436781609,1.547126436781609,2.9845225330022607,6.508648081801384,4.455323159289988,0.0147036979372155,0.0320658310722067,0.021949817842715928,0.7694,2.7144,1.5811495187152
78,1,35.89211060000002,128.6071623,244344,SPLY_LS,5.12499918627667,4,20,80,43.7819128574003,1.26798083504449,1.6926762491444216,1.5392207396587472,1.0,1.0,1.0,1.0,1.0,1.0,9.523809523809524,10.95890410958904,9.485801458202662,1.7523809523809524,2.16986301369863,2.0024942786116378,2.679847694926548,3.997119456704058,2.7222393568420995,0.0132026716462098,0.019692408571371,0.013411520527386077,0.7845,0.7845,0.30384931547620436
79,2,35.8937121,128.6087386,212248,PIPE_LM,8.191308199599899,3,80,100,65.9248789682534,1.6326625598904858,1.7028062970568103,1.6673776492384789,1.0,1.0,1.0,1.2,1.2,1.2,6.666666666666667,8.333333333333334,7.460599598125296,2.1333333333333337,2.466666666666667,2.0620778513087807,5.079539964652973,8.347695961940005,6.334938138462897,0.0250251155668575,0.0411261763108917,0.03121002297985818,0.1705,3.0007,1.0264572927406268
80,5,35.89484755000002,128.60849100000007,4710,SPLY_LS,6.216439103493906,5,13,150,43.56861140236877,1.74217659137577,1.7526899383983574,1.7160914051756602,1.0,1.0,1.0,1.0,1.2,1.0393858591562626,7.471264367816092,12.5,9.16344116895625,1.547126436781609,3.3000000000000003,1.9625057366222667,8.303667456793782,8.32402278759577,7.170921285482198,0.040909263276013,0.0410095468665087,0.035328619351120825,3.6676,3.6801,2.2274244262253236
81,3,35.895813600008196,128.6107569500131,177224,SPLY_LS,8.622934180220176,2,13,25,18.60322144338777,1.7011088295687884,1.712662559890486,1.7065036720262596,1.0,1.0,1.0,1.0,1.0,1.0,7.471264367816092,8.928571428571429,8.15173221551815,1.547126436781609,1.692857142857143,1.615173221551815,2.881965683283406,2.881965683283406,2.777379484337467,0.0141984362335481,0.0141984362335481,0.01368317663651113,0.6591,0.6591,0.51019439014197
82,3,35.89174205000001,128.60655584999995,38841,SPLY_LS,4.293914117698628,4,13,25,17.867015924988866,1.6576317590691307,1.6926762491444216,1.6649118718081444,1.0,1.0,1.0,1.0,1.0,1.0,7.471264367816092,8.928571428571429,8.062325757174003,1.547126436781609,1.692857142857143,1.6062325757174003,5.925020771214997,7.342984926015714,5.099557263799368,0.0291905035825063,0.0361763166857553,0.02512373379369711,2.5004,3.3341,1.9172602481029133
83,5,35.89428926667176,128.6098588666654,143906,SPLY_LS,2.240102063390253,6,13,40,17.809516081822814,1.6603696098562628,1.6726899383983571,1.55497463023924,1.0,1.0,1.0,1.0,1.0,1.0,7.471264367816092,9.846153846153848,7.894303965542655,1.547126436781609,2.0307692307692307,1.6332778366164675,6.783217776723115,6.783217776723115,4.7278318734438525,0.0334185398596929,0.0334185398596929,0.023292372899302104,3.0008,3.0017,1.9571907341293475
84,4,35.894086600000016,128.60995865000007,73270,SPLY_LS,7.642104356478037,4,13,100,43.41013945071578,1.4330184804928132,1.6726899383983571,1.5916482087339774,1.0,1.0,1.0,1.0,1.6,1.1526429593367387,7.471264367816092,9.846153846153848,8.767996915292096,1.547126436781609,2.466666666666667,1.948744468625336,6.342857593039221,8.711389842135526,6.413352593432112,0.0312490393607466,0.0429179687657569,0.03159634355443225,3.3346,3.3346,1.753228169742781
85,1,35.891605899999995,128.6059874,93215,SPLY_LS,6.684605871533726,4,25,80,49.723918017115096,1.3082819986310747,1.6726899383983571,1.5445703954309304,1.0,1.0,1.0,1.0,1.6,1.2984704742208029,8.928571428571429,14.22222222222222,9.231642548634316,1.692857142857143,2.5777777777777775,1.9828066525504442,3.6759894677512897,6.63702725158705,4.592969625977831,0.0181103135112968,0.0326983103090313,0.022627953807823627,1.4264,1.4264,0.6800483359466617
86,1,35.8965721,128.6112018,211328,PIPE_LM,7.176666883526934,2,150,150,89.0115577452539,1.6926762491444216,1.6926762491444216,1.6079319528730218,1.0,1.0,1.0,1.6,1.6,1.3072554771772187,12.5,12.5,10.757473078435824,3.3000000000000003,3.3000000000000003,2.5158628852961216,11.330398627606204,11.330398627606204,6.870103351997158,0.0558209083986961,0.0558209083986961,0.033846594679116764,0.1834,0.2443,0.2131135690665123
87,1,35.8941673,128.6102928,143916,SPLY_LS,6.754932298524166,2,13,25,18.21375929294616,1.657850787132101,1.6926762491444216,1.6729817518152577,1.0,1.0,1.0,1.0,1.0,1.0,7.471264367816092,8.928571428571429,8.104435053706858,1.547126436781609,1.692857142857143,1.610443505370686,6.209024709678352,6.209024709678352,5.095030745365771,0.0305896915859368,0.0305896915859368,0.025101433221656227,2.6677,2.6677,1.8821168185353367
88,1,35.894859000000004,128.6107751,107322,PIPE_LM,5.313979353918078,4,150,150,62.6752892704643,1.6926762491444216,1.6926762491444216,1.609710235445013,1.0,1.0,1.0,1.2,1.2,1.0623900058201439,12.5,12.5,10.19963871906515,3.3000000000000003,3.3000000000000003,2.209901408282415,8.32402278759577,9.825014588391364,7.837783470797609,0.0410095468665087,0.0484044081218983,0.03861401593640502,0.1592,5.3338,2.315748614325155
89,1,35.894585,128.6053741,212324,SPLY_LS,4.814253974268663,4,13,200,50.07597531343701,1.6350718685831622,1.6926762491444216,1.6630807419708151,1.0,1.0,1.0,1.0,1.6,1.160645682601946,7.471264367816092,15.873015873015872,9.374049235895598,1.547126436781609,3.9746031746031742,2.0258232391295605,3.5175825594377677,11.895530325604453,4.972666046218732,0.017329898116454,0.0586051144786391,0.024498585176603457,1.1068,1.3338,0.7318650166795819
90,1,35.8939062,128.6061585,73301,SPLY_LS,4.428988376178939,6,13,25,16.86207402391177,1.60331279945243,1.742121834360027,1.5802606174688025,1.0,1.0,1.0,1.0,1.0,1.0,7.471264367816092,8.928571428571429,7.940283346499959,1.547126436781609,1.692857142857143,1.5940283346499957,3.7850484907768194,4.745159486601209,3.482246639315285,0.0186476091470856,0.0233777399846638,0.017155810405582603,1.3119,1.6674,1.1182892818684744
91,1,35.8967216,128.6108766,211328,PIPE_LM,5.966554099016863,3,150,150,85.05222412464678,1.6926762491444216,1.6926762491444216,1.6671895284844687,1.0,1.0,1.0,1.6,1.6,1.283940388016427,12.5,12.5,9.011519325311871,3.3000000000000003,3.3000000000000003,2.377294042654035,11.330398627606204,11.330398627606204,6.993997562596897,0.0558209083986961,0.0558209083986961,0.03445697809176794,0.1834,1.3472,0.5253366634634599
92,2,35.8930396,128.6087085,38791,SPLY_LS,5.268663982667524,3,20,50,29.077422009815912,1.747542778918549,1.747542778918549,1.661019234491699,1.0,1.0,1.0,1.0,1.0,1.0,9.523809523809524,12.5,10.062055282710967,1.7523809523809524,2.3625,1.8834707918198923,2.7098662387307844,4.827884579669025,3.677889186619063,0.013350562505043,0.0237852975644264,0.01811967276125677,0.3093,1.3337,0.6133677740898774
93,3,35.89161395000005,128.6065486999999,245208,PIPE_LM,6.061945288347445,6,25,80,27.79352592214232,1.6926762491444216,1.6926762491444216,1.6725175183609577,1.0,1.0,1.0,1.0,1.6,1.0851007319418007,8.928571428571429,9.523809523809524,8.194116903305774,1.692857142857143,2.1333333333333337,1.7139680591548003,3.0921016584562055,7.590977183217203,5.824930867682279,0.0152337026356332,0.037398087739697,0.028697395659266864,0.5775,3.4283,1.84873311325302
94,1,35.8957541,128.612599,177205,SPLY_LS,5.3728796043449645,6,20,150,48.13432509545056,1.8070636550308008,1.8070636550308008,1.6483316559930348,1.0,1.0,1.0,1.6,1.6,1.3272586938392406,9.523809523809524,12.5,8.603991969645989,1.7523809523809524,3.3000000000000003,1.976445413132319,6.55414790596961,10.110827862435327,6.53901508598658,0.0322899927809451,0.049812510088467,0.032215438673375715,0.914,2.2366,1.1650912341063098
95,2,35.8940245,128.6093829,4719,SPLY_LS,4.951818753709781,5,20,100,33.576019867263895,1.2503490759753593,1.7549897330595483,1.4117148812525557,1.0,1.0,1.0,1.0,1.0,1.0,9.523809523809524,9.523809523809524,8.978725263016566,1.7523809523809524,2.466666666666667,1.8508879838148635,2.46858307947214,4.769825901437372,2.742317074156136,0.0121618448284814,0.0234992627773164,0.013510436413391282,0.667,0.667,0.4141893294385963
96,4,35.89249300000001,128.6053595,199088,PIPE_LM,5.8225160635319755,4,100,200,82.44893953196357,1.6126762491444215,1.741574264202601,1.676871807924899,1.0,1.0,1.0,1.6,1.6,1.3152151864248205,16.3265306122449,16.3265306122449,12.35516296626428,2.840816326530613,3.9746031746031742,2.498141974440265,5.1356417169384585,11.895530325604453,6.069561842264383,0.0253015092647548,0.0586051144786391,0.029902606850191756,0.1121,1.3407,0.6089886485580256
97,3,35.893710250010436,128.60805384999546,212267,SPLY_LS,7.51725278592762,4,13,80,31.52480896831794,1.6597125256673513,1.7526899383983574,1.6853436913875477,1.0,1.0,1.0,1.0,1.0,1.0,7.471264367816092,7.471264367816092,7.248801401993093,1.547126436781609,2.1333333333333337,1.7092065975955077,2.352883034882696,4.542725810599927,3.864251374998942,0.0115918312038048,0.0223804201147921,0.0190378140366385,0.3883,1.6672,0.882439044905948
98,2,35.894475400000005,128.6077617,73246,SPLY_LS,5.631481081194347,5,13,200,48.0715639201489,1.645859000684463,1.7526899383983574,1.6701154137865228,1.0,1.0,1.0,1.0,1.6,1.1073638182929422,7.471264367816092,15.873015873015872,9.446709870199117,1.547126436781609,3.9746031746031742,2.0287022523451554,3.361800247900022,12.765202636710075,4.814589942919017,0.0165624131913166,0.0628896855701477,0.023719799542281945,1.0003,1.0003,0.6450930852218637
99,9,35.89244966666745,128.60601740000482,246310,SPLY_LS,7.1761172349910485,2,20,80,47.50129344798197,1.2023819301848049,1.472662559890486,1.3262663786988265,1.0,1.0,1.0,1.0,1.0,1.0,9.523809523809524,9.523809523809524,8.214224121524667,1.7523809523809524,2.1333333333333337,1.9269923393522665,4.751036937517705,4.751036937517705,4.469207062607546,0.0234066961282216,0.0234066961282216,0.022018218974995434,2.3363,2.3363,1.3882845793589815
100,4,35.892478700000005,128.605816,42449,PIPE_LM,5.212494608437565,5,80,100,56.177328732429906,1.472662559890486,1.643832991101985,1.5490415768122068,1.0,1.0,1.0,1.0,1.6,1.1150085555458047,6.666666666666667,16.3265306122449,8.850400528691925,2.1333333333333337,2.840816326530613,2.0269695851698457,3.837368846362719,7.297119466845032,5.373461296041369,0.0189053732269328,0.035950353621332,0.026473163094142136,0.1764,3.3472,1.427737555028111
101,3,35.8916107000007,128.60670194999918,38839,SPLY_LS,4.958582270440268,4,13,80,29.598571837372916,1.657741273100616,1.6926762491444216,1.6703687690490152,1.0,1.0,1.0,1.0,1.6,1.1250273790691339,7.471264367816092,8.928571428571429,7.623868360375891,1.547126436781609,2.1333333333333337,1.7013061461144046,7.337022675123472,7.337022675123472,6.104524706376944,0.036146942762397,0.036146942762397,0.030074856644671914,3.3343,3.3343,1.9633766595290352
102,3,35.894283950002425,128.6060068000048,246323,SPLY_LS,4.570914488563328,4,13,100,37.336586906752835,1.6771252566735113,1.6926762491444216,1.6651204192675764,1.0,1.0,1.0,1.0,1.0,1.0,7.471264367816092,8.928571428571429,8.333620837816952,1.547126436781609,2.466666666666667,1.813121409205949,5.708869319758706,7.545266404104854,5.178319011415931,0.0281256010341892,0.0371728867297831,0.025511765357592253,2.3335,3.0008,1.5229191627527412
103,1,35.8947855,128.6115404,4734,SPLY_LS,3.9414438127233073,6,13,150,67.4476977242654,1.6689664613278576,1.7508281998631077,1.5192955782429403,1.0,1.0,1.0,1.6,1.6,1.3815135061750219,7.471264367816092,12.5,9.086388810592101,1.547126436781609,3.3000000000000003,2.20757987571677,5.890412334742854,10.110827862435327,6.480593424368592,0.0290199999289608,0.049812510088467,0.03192761559416549,1.1602,1.1602,0.6721401807941709
104,2,35.8944278,128.6099339,143907,SPLY_LS,6.0225411621353535,3,13,40,21.36114634668361,1.6603696098562628,1.6726899383983571,1.5209181295647993,1.0,1.0,1.0,1.0,1.0,1.0,7.471264367816092,9.846153846153848,8.206701348763541,1.547126436781609,2.0307692307692307,1.696897110116774,5.086735146401892,5.086735146401892,3.6097877056192162,0.0250605637090208,0.0250605637090208,0.017784160599888833,2.0002,2.0002,1.2454013867351692
105,2,35.8959285,128.612761,3779,SPLY_LS,5.314642265130303,4,20,150,85.8094512501576,1.64580424366872,1.6926762491444216,1.4969165537946436,1.0,1.0,1.0,1.0,1.6,1.2994532604229827,9.523809523809524,12.5,10.89872710624361,1.7523809523809524,3.3000000000000003,2.5137336698389086,4.055140383064223,11.330398627606204,7.25773253920937,0.0199782573682233,0.0558209083986961,0.0357563080142958,1.0804,1.3769,0.7216903827350843
106,2,35.8945009,128.6106126,212283,SPLY_LS,4.52921761586339,5,20,100,36.20128255195108,1.2481040383299111,1.6726899383983571,1.3840992834168615,1.0,1.0,1.0,1.0,1.6,1.1140859478408975,9.523809523809524,9.523809523809524,9.179612463827812,1.7523809523809524,2.466666666666667,1.876413951717361,3.2579412547359503,8.711389842135526,4.985242910705308,0.0160507362826448,0.0429179687657569,0.02456054698602625,1.204,2.7422,1.4253545078502012
107,2,35.8969769,128.6102656,211328,PIPE_LM,6.212083529117303,3,150,150,71.94715900867284,1.6926762491444216,1.6926762491444216,1.6711542000307895,1.0,1.0,1.0,1.6,1.6,1.2227371459509977,12.5,12.5,10.049560314380216,3.3000000000000003,3.3000000000000003,2.3427361990435993,11.330398627606204,11.330398627606204,6.761304865309366,0.0558209083986961,0.0558209083986961,0.03331058261467638,0.1834,2.095,0.8753728170987797
108,7,35.895416250000004,128.61163685000002,245304,PIPE_LM,5.910191907626704,7,80,80,45.36382249288072,1.6326625598904858,1.6991375770020534,1.457829517020682,1.0,1.0,1.0,1.6,1.6,1.1320274042117942,6.666666666666667,17.857142857142858,10.458084483281993,2.1333333333333337,2.585714285714286,2.04508432950007,6.547059057388399,6.547059057388399,4.406427852209254,0.0322550685050825,0.0322550685050825,0.02170892777808666,0.1315,2.1634,0.7681174843600496
109,2,35.893041200000006,128.6055699,143954,SPLY_LS,4.508754019215053,3,13,25,15.800853105086135,1.7329226557152635,1.7526899383983574,1.735538586717851,1.0,1.0,1.0,1.0,1.2,1.0466808850847689,7.471264367816092,8.928571428571429,7.811406284997802,1.547126436781609,1.692857142857143,1.5811406284997802,3.390284624942996,3.390284624942996,3.182883177595237,0.0167027457474754,0.0167027457474754,0.01568095140689955,0.9159,0.9159,0.6864111202872997
110,2,35.89207350000001,128.6055943,178162,SPLY_LS,5.9040937163392115,3,13,50,26.66836243148085,1.6859958932238197,1.6926762491444216,1.5398277755077783,1.0,1.0,1.0,1.0,1.0,1.0,7.471264367816092,10.95890410958904,9.18682183016035,1.547126436781609,2.16986301369863,1.8039939083412564,6.6229511613225664,6.6229511613225664,4.750544648875048,0.0326289623389298,0.0326289623389298,0.023404270794380216,2.8469,2.8469,1.78850660563907
111,2,35.8924459,128.6078682,246255,SPLY_LS,6.569212481734956,3,13,80,33.4610971583529,1.5942231348391511,1.6126762491444215,1.5488045687770877,1.0,1.0,1.0,1.0,1.0,1.0,7.471264367816092,7.471264367816092,7.225548670254813,1.547126436781609,2.1333333333333337,1.7261478735762565,4.884738905773068,5.163714557256094,4.812329534241507,0.0240653989301268,0.0254398143235057,0.023708663299870866,2.0006,2.5722,1.6226461711330173
112,2,35.893154499999994,128.605574,4760,SPLY_LS,7.1368460663032565,3,13,25,16.679726712461708,1.6285010266940452,1.7526899383983574,1.7002111053572069,1.0,1.0,1.0,1.0,1.2,1.0613287785410286,7.471264367816092,8.928571428571429,7.918138677792797,1.547126436781609,1.692857142857143,1.5918138677792797,4.990266086657029,4.990266086657029,3.897594166651767,0.0245852944158288,0.0245852944158288,0.019202082301134883,2.0009,2.0009,1.1224914183976415
113,2,35.89136969999999,128.6059763,73288,SPLY_LS,4.645154045303052,4,13,80,30.477180025679793,1.7144147843942503,1.7144147843942503,1.6866206723922292,1.0,1.0,1.0,1.0,1.6,1.1363950251608257,7.471264367816092,14.22222222222222,9.278734296064446,1.547126436781609,2.5777777777777775,1.8087001111832302,4.669166336426763,4.669166336426763,4.56593806584843,0.0230033483313569,0.0230033483313569,0.022494778772112114,1.6671,1.6671,1.216879705697438
114,3,35.8965019,128.6100277,37856,PIPE_LM,5.133885352459434,7,80,80,39.02296403040728,1.6326625598904858,1.657577002053388,1.5771856045983212,1.0,1.0,1.0,1.2,1.2,1.040674835958722,6.666666666666667,14.285714285714286,8.27170529555024,2.1333333333333337,2.2285714285714286,1.844220906171928,5.026596446866757,5.026596446866757,3.650274434641836,0.0247642813849561,0.0247642813849561,0.017983624543428178,0.1583,1.5327,0.6017258780765066
115,5,35.896787100000005,128.6097942,211326,PIPE_LM,3.70628139622734,5,50,50,23.39774347681416,1.6526488706365503,1.6526488706365503,1.6404837896802793,1.0,1.0,1.0,1.0,1.0,1.0,10.95890410958904,10.95890410958904,8.451361215775483,2.16986301369863,2.16986301369863,1.7221279281441102,2.981066687602094,7.034150632590727,4.943769866145191,0.0146866721964748,0.0346547982140531,0.024356223811044166,0.3669,3.2113,1.842379820445015
116,3,35.8932908,128.6053603,37745,SPLY_LS,6.437336568741822,7,13,200,42.20921985672687,1.6408213552361397,1.7526899383983574,1.6706694038052585,1.0,1.0,1.0,1.2,1.6,1.168452553730228,7.471264367816092,15.873015873015872,9.253312473291176,1.547126436781609,3.9746031746031742,1.938610959909144,3.985822715353217,11.895530325604453,5.064427234594071,0.0196367534805949,0.0586051144786391,0.024950660435312844,0.9824,2.0006,0.9153216886942458
117,2,35.8960033,128.6113524,211332,SPLY_LS,4.766666294919792,3,20,80,36.054672697999834,1.6788227241615332,1.7479260780287476,1.6966706985279159,1.0,1.0,1.0,1.2,1.2,1.1430045872367354,9.523809523809524,9.523809523809524,8.07938065358438,1.7523809523809524,2.1333333333333337,1.8084882002997058,4.491370372709818,4.9253073347455345,4.001637249559857,0.0221274098467108,0.024265265380724,0.019714666155544024,0.8824,0.8824,0.4825267273472837
118,2,35.8939763,128.6096061,143909,SPLY_LS,6.43191773364403,5,20,150,54.940633635711634,1.222422997946612,1.6726899383983571,1.4752572408044737,1.0,1.0,1.0,1.0,1.2,1.0382635692639104,9.523809523809524,12.5,9.122000341607063,1.7523809523809524,3.3000000000000003,2.064716431815272,4.752914877492315,9.17305887454059,5.1718318293672265,0.0234159480811975,0.0451924505042554,0.025479805282152008,2.2829,2.2829,1.2103840324421447
119,2,35.89623840000001,128.6117154,37865,SPLY_LS,4.115862107089871,1,13,13,13.0,1.724599589322382,1.724599589322382,1.724599589322382,1.0,1.0,1.0,1.0,1.0,1.0,7.471264367816092,7.471264367816092,7.471264367816092,1.547126436781609,1.547126436781609,1.547126436781609,2.1997312764880483,2.1997312764880483,2.1997312764880483,0.0108373060933098,0.0108373060933098,0.0108373060933098,0.2491,0.2491,0.2491
120,2,35.8943345,128.6096066,178148,SPLY_LS,6.439857335223988,2,13,80,40.968932621677375,1.7454620123203286,1.7454620123203286,1.7067174674522718,1.0,1.0,1.0,1.0,1.0,1.0,7.471264367816092,7.471264367816092,7.135387667950349,1.547126436781609,2.1333333333333337,1.7918366038266507,4.753900930765699,4.753900930765699,4.492048124593444,0.0234208060205568,0.0234208060205568,0.022130748893028233,1.6672,1.6672,1.0243737411325227
121,2,35.8919728,128.6056276,244346,PIPE_LM,4.527515433509757,2,50,50,35.34785620018469,1.6926762491444216,1.6926762491444216,1.692047413404081,1.0,1.0,1.0,1.2,1.2,1.120799222703701,10.95890410958904,10.95890410958904,9.577785217199635,2.16986301369863,2.16986301369863,1.923256908985307,3.3039363087024265,5.758298479633701,4.27587326722437,0.0162773378152688,0.0283691212046873,0.02106573103197091,0.2326,2.3346,1.0650001693841025
122,2,35.89331525000002,128.60637460000015,38857,SPLY_LS,6.83266367328453,3,13,25,16.62744073247532,1.6382477754962357,1.7160027378507872,1.6678384697809494,1.0,1.0,1.0,1.0,1.0,1.0,7.471264367816092,8.928571428571429,7.911788950475073,1.547126436781609,1.692857142857143,1.5911788950475072,3.346755567069559,6.508648081801384,4.103694645046735,0.0164882933145032,0.0320658310722067,0.02021746722301944,1.0006,2.7144,1.3399987253323635
123,1,35.89527839999999,128.6102857,143027,SPLY_LS,5.269385181745696,4,13,50,21.952957444774945,1.7152908966461329,1.7161122518822722,1.6944842599914247,1.0,1.0,1.0,1.0,1.2,1.048394364566351,7.471264367816092,10.95890410958904,8.315174913513363,1.547126436781609,2.16986301369863,1.6978111414422283,8.43159948051255,9.807930560329693,6.263789319148679,0.0415395395806671,0.0483202410950482,0.030859497649183776,3.8138,4.5969,2.4141154714100637
124,2,35.89229439999999,128.6080842,38788,SPLY_LS,4.7938789386075635,3,20,80,33.37538767773537,1.147460643394935,1.747542778918549,1.4650244117321822,1.0,1.0,1.0,1.0,1.6,1.1555228328136642,9.523809523809524,9.523809523809524,8.144913673315457,1.7523809523809524,2.1333333333333337,1.7872945149022839,1.8653600174020328,6.494251075648889,4.135115253825158,0.0091899759297337,0.0319949020618456,0.020372265565257685,0.3726,1.9733,0.8020156220394348
125,2,35.895143799999985,128.6105719,177233,SPLY_LS,5.961233699201578,3,13,20,17.088787924795092,1.7307871321013004,1.7307871321013004,1.5753709737388746,1.0,1.0,1.0,1.0,1.0,1.0,7.471264367816092,9.523809523809524,8.670181774805036,1.547126436781609,1.7523809523809524,1.6670181774805037,7.248343216991694,7.248343216991694,4.810355003322308,0.0357100501099921,0.0357100501099921,0.023698935477117804,3.1012,3.1012,1.7377391965102194
126,2,35.89190420000001,128.6053562,143934,SPLY_LS,5.303969298134552,4,13,200,61.85173027678741,1.7218069815195074,1.7218069815195074,1.6074498845334602,1.0,1.0,1.0,1.2,1.6,1.2371841414648408,7.471264367816092,15.873015873015872,10.447493516397957,1.547126436781609,3.9746031746031742,2.237165488992043,4.715074034477338,11.895530325604453,5.849354317678548,0.0232295194919577,0.0586051144786391,0.028817721449190953,1.2348,1.6645,0.8861736707177408
127,2,35.8947971,128.60624860000001,107409,SPLY_LS,6.250612670834267,3,13,25,16.507426733422154,1.60331279945243,1.6726899383983571,1.6235907354380374,1.0,1.0,1.0,1.0,1.0,1.0,7.471264367816092,8.928571428571429,7.897214179790937,1.547126436781609,1.692857142857143,1.5897214179790937,4.912589861769507,4.912589861769507,3.8052163366441505,0.0242026108424867,0.0242026108424867,0.018746969064927867,2.0006,2.0006,1.257576440705493
128,3,35.893544850000346,128.60927399999994,38790,SPLY_LS,5.806157509123168,4,25,150,72.10482740119434,1.26798083504449,1.6772895277207391,1.5494529714983978,1.0,1.0,1.0,1.0,1.2,1.0963439682810765,8.928571428571429,12.5,9.459825538010426,1.692857142857143,3.3000000000000003,2.2600181198172153,2.6286014164184737,9.17305887454059,5.848610408625397,0.012950199168198,0.0451924505042554,0.028814056469654268,0.7902,2.6681,0.9116530801789962
129,2,35.8945367,128.6084726,38808,SPLY_LS,4.93271391294863,4,20,40,25.853604695704806,1.2001916495550993,1.7326488706365502,1.4121625372072641,1.0,1.0,1.0,1.0,1.2,1.0468288375656385,9.523809523809524,10.0,9.49593521573474,1.7523809523809524,2.05,1.8081295685305219,2.7128365972870503,7.583949049207078,4.714168135778637,0.0133651964220242,0.037363462583276,0.023225056446133777,0.9085,2.8583,1.4024030441587827
130,2,35.89350319999999,128.6074268,4757,SPLY_LS,7.345333715057281,2,25,25,25.000000000000004,1.7052156057494867,1.7726762491444217,1.7379958952331522,1.0,1.0,1.0,1.0,1.0,1.0,8.928571428571429,8.928571428571429,8.928571428571427,1.692857142857143,1.692857142857143,1.692857142857143,2.3030325150876183,2.3438507846167913,2.3228668158599266,0.0113462351404564,0.0115473324680323,0.011443951798356293,0.1663,0.1663,0.15439502767935204
131,2,35.8926596,128.6056473,212316,SPLY_LS,8.57204994453118,3,20,100,45.04569432402795,1.202819986310746,1.6126762491444215,1.3424395325567646,1.0,1.0,1.0,1.0,1.6,1.2043929429513358,9.523809523809524,16.3265306122449,11.194140196057594,1.7523809523809524,2.840816326530613,2.0584568379400014,4.749491358709387,5.7798481907384,5.28130962759794,0.0233990816023856,0.0284752890889013,0.026019164076805358,2.334,3.3339,1.939831283093548
132,3,35.89408440000015,128.60874320000136,107342,SPLY_LS,5.30223610376141,4,25,80,36.527459159194365,1.2731827515400411,1.6326625598904858,1.3235642052014267,1.0,1.0,1.0,1.2,1.2,1.1516075585139924,8.928571428571429,9.523809523809524,8.54876942275479,1.692857142857143,2.1333333333333337,1.809268096170565,5.3087294482824126,6.902413659300994,5.136030718768933,0.0261542519363805,0.0340057762545952,0.025303425740622908,2.0006,3.867,1.7611929178810999
133,2,35.892233,128.6062489,178176,SPLY_LS,6.144621180027644,2,13,20,16.06485763827849,1.7428336755646818,1.7526899383983574,1.7471491101976349,1.0,1.0,1.0,1.0,1.0,1.0,7.471264367816092,9.523809523809524,8.369944181995805,1.547126436781609,1.7523809523809524,1.6369944181995804,4.746742452116013,4.746742452116013,3.95584776777767,0.0233855387017173,0.0233855387017173,0.019489077405121798,1.6672,1.6672,1.1195975074007274
134,2,35.89373380000001,128.60859,4713,SPLY_LS,9.486917424706217,1,25,25,25.0,1.703791923340178,1.703791923340178,1.703791923340178,1.0,1.0,1.0,1.0,1.0,1.0,8.928571428571429,8.928571428571429,8.928571428571429,1.692857142857143,1.692857142857143,1.692857142857143,3.9467888845410535,3.9467888845410535,3.9467888845410535,0.0194444474580241,0.0194444474580241,0.0194444474580241,1.0004,1.0004,1.0004
135,2,35.89474940000001,128.6108966,212280,SPLY_LS,3.263495737941395,8,20,150,49.63976308521913,1.1608761122518825,1.7218069815195074,1.4976183273602945,1.0,1.0,1.0,1.0,1.6,1.080549195755409,9.523809523809524,17.857142857142858,10.505189538145219,1.7523809523809524,3.3000000000000003,2.1026988283572097,3.9237876567192687,10.684765383525086,6.827917546693715,0.0193311284589759,0.0526400993767438,0.033638759981418534,1.8539,5.0771,1.950143052062004
136,1,35.894924800000005,128.61135220000003,72319,SPLY_LS,7.0479071711612615,3,13,80,38.31008521151982,1.6765776865160849,1.6765776865160849,1.581345039535026,1.0,1.0,1.0,1.0,1.2,1.069682543039473,7.471264367816092,9.523809523809524,7.767531316794171,1.547126436781609,2.1333333333333337,1.8090282751443265,3.603108921697707,4.9253073347455345,3.946231357264483,0.017751256569082,0.024265265380724,0.019441700716267017,1.1046,1.1046,0.7287889227384692
137,2,35.8964398,128.6101538,72327,SPLY_LS,3.9650436563026727,4,13,20,16.324436403622617,1.7408624229979468,1.7526899383983574,1.6243284250131154,1.0,1.0,1.0,1.0,1.0,1.0,7.471264367816092,9.523809523809524,8.446058058768067,1.547126436781609,1.7523809523809524,1.6446058058768065,4.170922638556531,4.170922638556531,3.1291407454830793,0.0205486760172445,0.0205486760172445,0.01541618125373416,1.3463,1.3463,0.7721616562250488
138,4,35.89667880000018,128.6105903499987,72324,SPLY_LS,6.179322267500979,3,13,80,31.57252504020897,1.6337029431895962,1.683915126625599,1.6558617534970803,1.0,1.0,1.0,1.0,1.0,1.0,7.471264367816092,7.471264367816092,7.248228383459492,1.547126436781609,2.1333333333333337,1.7096240825271332,5.570236741592351,5.570236741592351,5.21032490019731,0.0274426068429659,0.0274426068429659,0.025669447169557057,2.339,2.339,1.692613299317309
139,4,35.897008099999994,128.6100978,37892,PIPE_LM,6.922513597902632,3,40,40,26.14327684683077,1.6926762491444216,1.6926762491444216,1.6660612644725394,1.0,1.0,1.0,1.0,1.0,1.0,9.846153846153848,9.846153846153848,8.743489738466806,2.0307692307692307,2.0307692307692307,1.7625464929221104,2.877831725769055,6.104554596357907,4.609341886129949,0.0141780696717601,0.0300750039021466,0.022708614203302075,0.3927,2.1372,1.4972614969973626
140,2,35.8938858,128.6098006,211226,SPLY_LS,3.608755476586978,4,25,100,38.56759928942846,1.6959069130732374,1.712662559890486,1.6714903350436423,1.0,1.0,1.0,1.0,1.6,1.1170122943825835,8.928571428571429,9.523809523809524,8.938551792286464,1.692857142857143,2.466666666666667,1.856372254760013,3.1630073465090263,8.711389842135526,4.532414512939425,0.0155830301436786,0.0429179687657569,0.022329619960172936,0.6106,1.4357,0.7046135120508232
141,2,35.8951477,128.6098643,143032,SPLY_LS,8.323479744792612,2,13,25,18.85761482545036,1.5848596851471597,1.6726899383983571,1.6277326679444324,1.0,1.0,1.0,1.0,1.2,1.097626913757506,7.471264367816092,8.928571428571429,8.18262632150892,1.547126436781609,1.692857142857143,1.6182626321508922,6.25851927825539,6.25851927825539,4.768941603992051,0.0308335340022169,0.0308335340022169,0.023494906153307415,2.8672,2.8672,1.6529652601410187
142,2,35.89315630000001,128.6090031,4701,SPLY_LS,6.304455018291697,3,13,150,63.8681338187323,1.6285010266940452,1.6726899383983571,1.5828887068709487,1.0,1.0,1.0,1.0,1.2,1.0714745585445422,7.471264367816092,12.5,9.827880779649123,1.547126436781609,3.3000000000000003,2.229504068868301,4.434683461593844,9.17305887454059,6.441344152441528,0.0218481332760613,0.0451924505042554,0.03173424816862606,1.6668,2.36,1.3646866219108236
143,2,35.8937019,128.6078629,38795,SPLY_LS,4.052829468785338,7,13,100,33.50224719709051,1.6155236139630391,1.7526899383983574,1.609269062529169,1.0,1.0,1.0,1.0,1.0,1.0,7.471264367816092,8.928571428571429,7.688515594781848,1.547126436781609,2.466666666666667,1.7494275723470256,4.4000036425217885,5.079444769253936,3.996015238303989,0.0216772779454299,0.0250246465724449,0.019686968473790294,1.6672,1.6672,1.0459647741931384
144,2,35.8938931,128.6055682,178165,PIPE_LM,8.34795249244701,3,40,40,26.681000567290692,1.6926762491444216,1.6926762491444216,1.5036464788141541,1.0,1.0,1.0,1.0,1.0,1.0,9.846153846153848,9.846153846153848,8.812125515966633,2.0307692307692307,2.0307692307692307,1.7685024582188102,2.160801777580743,2.7823654237581037,2.55448477068086,0.0106455140775181,0.0137077406149578,0.012585052395474784,0.0457,1.0004,0.5607364018768307
145,3,35.89453500000775,128.6061819999944,143962,SPLY_LS,0.5048687827650953,4,13,20,14.510876158213573,1.6950855578370978,1.712662559890486,1.6895086357351106,1.0,1.0,1.0,1.0,1.0,1.0,7.471264367816092,9.523809523809524,7.914284587794268,1.547126436781609,1.7523809523809524,1.591428458779427,6.058895218568569,7.502651504081094,5.602958455415458,0.0298500561285608,0.0369629380325811,0.027603815274372518,2.5004,3.3345,2.2033615555618438
146,2,35.894502700000004,128.6100288,143905,SPLY_LS,9.821306015802039,1,13,13,13.0,1.6617932922655716,1.6617932922655716,1.6617932922655714,1.0,1.0,1.0,1.0,1.0,1.0,7.471264367816092,7.471264367816092,7.471264367816092,1.547126436781609,1.547126436781609,1.547126436781609,7.354956569257451,7.354956569257451,7.3549565692574514,0.0362352967819322,0.0362352967819322,0.0362352967819322,3.3343,3.3343,3.3343
147,2,35.89300000000001,128.6091518,75978,PIPE_LM,8.182883605912531,2,100,100,56.773926559539184,1.6526488706365503,1.739110198494182,1.6956073040587774,1.0,1.0,1.0,1.6,1.6,1.3018891486864772,8.333333333333334,8.333333333333334,7.90501314466448,2.466666666666667,2.466666666666667,2.0097917987532217,8.711389842135526,8.711389842135526,7.324592565204603,0.0429179687657569,0.0429179687657569,0.0360857039613652,0.272,2.3337,1.2963585702551501
148,2,35.8929347,128.6089261,143882,SPLY_LS,3.756358432244709,4,13,150,80.4643046186258,1.746776180698152,1.746776180698152,1.6791975199742475,1.0,1.0,1.0,1.0,1.6,1.2002268986872318,7.471264367816092,12.5,8.78615857222114,1.547126436781609,3.3000000000000003,2.3138633104673483,5.351808451687037,9.17305887454059,6.8727410209688164,0.0263664871085039,0.0451924505042554,0.03385958955095599,2.0004,2.0004,0.8195189762113456
149,2,35.894809099999996,128.6090867,245203,PIPE_LM,5.233326213348794,4,40,40,27.281437673035477,1.712662559890486,1.712662559890486,1.5159968136192923,1.0,1.0,1.0,1.0,1.0,1.0,9.846153846153848,9.846153846153848,9.492930779541261,2.0307692307692307,2.0307692307692307,1.8254129285902463,3.3019489854209723,6.05491031192139,4.560194555918547,0.0162675469690242,0.0298304238882275,0.022466482508916055,0.5793,2.6674,1.6634510845604182
150,2,35.8929457,128.6086222,38791,SPLY_LS,5.239591364315041,1,20,20,20.0,1.747542778918549,1.747542778918549,1.7475427789185487,1.0,1.0,1.0,1.0,1.0,1.0,9.523809523809524,9.523809523809524,9.523809523809524,1.7523809523809524,1.7523809523809524,1.7523809523809524,2.7098662387307844,2.7098662387307844,2.7098662387307844,0.013350562505043,0.013350562505043,0.013350562505043,0.3093,0.3093,0.3093
151,2,35.89449890000001,128.6060147,107401,SPLY_LS,3.909105612970431,5,13,100,31.057233297557058,1.6531964407939768,1.712662559890486,1.6747891723467154,1.0,1.0,1.0,1.0,1.0,1.0,7.471264367816092,9.523809523809524,8.340309725691313,1.547126436781609,2.466666666666667,1.7683260793167643,5.4871320780950095,7.502651504081094,4.571106371129099,0.0270331792525467,0.0369629380325811,0.02252024120332313,2.2504,3.3345,1.307740216985541
152,2,35.89459535000029,128.60612569999924,246321,SPLY_LS,2.8828840971880774,4,13,20,14.45683894966016,1.6950855578370978,1.712662559890486,1.6765667216092057,1.0,1.0,1.0,1.0,1.0,1.0,7.471264367816092,9.523809523809524,7.8984397577000225,1.547126436781609,1.7523809523809524,1.5898439757700022,7.502651504081094,7.502651504081094,5.287269636253431,0.0369629380325811,0.0369629380325811,0.026048526953447927,3.3345,3.3345,2.0272081011468024
153,2,35.89370850000001,128.6093782,246271,SPLY_LS,6.046017497702199,6,13,150,59.36477808079834,1.6010677618069815,1.6726899383983571,1.5852991337652917,1.0,1.0,1.0,1.0,1.2,1.0568192219112365,7.471264367816092,12.5,7.790330931312291,1.547126436781609,3.3000000000000003,2.034496110137563,2.7580932066523456,20.157018752113743,8.235997560262279,0.0135881598965537,0.0993065764351012,0.04057587738026612,0.687,3.0009,1.1402937259271513
154,2,35.8939066,128.6059705,143963,SPLY_LS,2.707122314575216,7,13,100,38.45937083990442,1.5189322381930186,1.7423956194387409,1.625565409967636,1.0,1.0,1.0,1.0,1.0,1.0,7.471264367816092,8.928571428571429,7.942037650585645,1.547126436781609,2.466666666666667,1.8193025425417924,3.6196582542901248,4.839303741701932,4.0223101312807685,0.0178327893384984,0.0238415557790558,0.019816514208274356,1.3337,2.0001,0.9247807978435566
155,2,35.8940179,128.6089717,177111,PIPE_LM,4.588587713576707,6,20,80,27.723085995402275,1.6126762491444215,1.7526899383983574,1.4903974555916053,1.0,1.0,1.0,1.2,1.2,1.1701683308716944,9.523809523809524,9.523809523809524,8.68741739225534,1.7523809523809524,2.1333333333333337,1.760226201445661,4.09323278275221,11.777237832507907,6.078900526820114,0.0201659252891461,0.058022328767525,0.029948615280458238,0.7859,5.003,1.98251080030027
156,2,35.8924486,128.6086639,48075,SPLY_LS,6.240225790545717,3,25,100,44.58806668434011,1.4496098562628337,1.7459000684462698,1.5868094646858248,1.0,1.0,1.0,1.6,1.6,1.476747880347347,8.928571428571429,8.928571428571429,8.317476648218385,1.692857142857143,2.466666666666667,1.8885229140981992,3.541292057386436,5.831190899975359,4.234175133918905,0.0174467065145228,0.0287282366473636,0.020860298923521533,0.3185,0.3185,0.24365055142142694
157,2,35.89577760000001,128.6097453,3802,SPLY_LS,4.7109194027052546,5,13,40,18.212928442729467,1.7084462696783025,1.712662559890486,1.7092603148327432,1.0,1.0,1.0,1.0,1.0,1.0,7.471264367816092,14.285714285714286,8.786939915911166,1.547126436781609,2.2285714285714286,1.6786939915911163,5.784780608409621,5.784780608409621,5.067367885478463,0.0284995893844212,0.0284995893844212,0.024965147992992407,2.3159,2.3159,1.7721756143625391
158,2,35.8950258,128.6105732,211357,SPLY_LS,6.265464912822457,4,20,150,49.315116094951335,1.6254893908282,1.7307871321013004,1.5810961935773906,1.0,1.0,1.0,1.2,1.2,1.1545109147841437,9.523809523809524,12.5,9.764550714002741,1.7523809523809524,3.3000000000000003,2.073640014453219,21.10882891509861,21.10882891509861,12.69434943590051,0.1039958119745705,0.1039958119745705,0.06254061664837919,8.1373,8.1373,4.368495870985086
159,4,35.8944865,128.6061309,246322,SPLY_LS,3.1305659314451635,6,13,25,16.928118229999416,1.581464750171116,1.712662559890486,1.6590072408343972,1.0,1.0,1.0,1.0,1.0,1.0,7.471264367816092,9.523809523809524,8.299412028482381,1.547126436781609,1.7523809523809524,1.6299412028482378,6.46150849209148,7.502651504081094,5.331097097354732,0.0318335908125624,0.0369629380325811,0.02626444951468264,3.0012,3.3345,2.030743814404289
160,2,35.89395040000001,128.6058123,177119,SPLY_LS,4.720820493067376,7,13,100,38.682049250007296,1.7423956194387409,1.7526899383983574,1.6904869837726426,1.0,1.0,1.0,1.0,1.0,1.0,7.471264367816092,9.523809523809524,8.172165383803423,1.547126436781609,2.466666666666667,1.8401336435475935,4.814405386404352,5.024627173899115,4.112025772197051,0.023718890296929,0.02475457946629,0.02025851177059456,1.7059,1.8198,0.8694398763137102
161,4,35.89425665,128.6104440500001,178153,SPLY_LS,6.2523558153475625,5,13,40,23.716824472655592,1.6597125256673513,1.6926762491444216,1.454867940765451,1.0,1.0,1.0,1.0,1.0,1.0,7.471264367816092,14.285714285714286,9.708689272747733,1.547126436781609,2.2285714285714286,1.770868927274773,5.650613935462362,6.209024709678352,4.732132036862358,0.0278385971451456,0.0305896915859368,0.02331355829940789,2.3341,2.6677,1.8319448209625162
162,2,35.8966144,128.6107966,143011,SPLY_LS,6.175638076432023,3,13,80,36.53485660185174,1.7283230663928817,1.7283230663928817,1.679427129719386,1.0,1.0,1.0,1.0,1.2,1.0702533032891097,7.471264367816092,7.471264367816092,7.188636136193237,1.547126436781609,2.1333333333333337,1.7530412912496893,8.313526719908335,8.313526719908335,5.9147500756004145,0.0409578364146364,0.0409578364146364,0.02913990345995672,3.7106,3.7106,1.7786880891674341
163,2,35.894696200000006,128.60537180000003,143969,SPLY_LS,3.997130552016313,4,13,200,50.77714603507847,1.6896646132785764,1.6926762491444216,1.6684885447360855,1.0,1.0,1.0,1.0,1.6,1.1609850067257064,7.471264367816092,15.873015873015872,9.394690964341411,1.547126436781609,3.9746031746031742,2.035044053141132,4.026690845127751,11.895530325604453,5.076210048884799,0.0198380964521486,0.0586051144786391,0.025008710237338243,1.3338,1.3338,0.7634940095562086
164,4,35.89580646666683,128.61047043333247,211350,SPLY_LS,2.876919471693763,3,13,20,14.728152321128906,1.7461738535249829,1.7526899383983574,1.7258486878783292,1.0,1.0,1.0,1.0,1.0,1.0,7.471264367816092,9.523809523809524,7.977994464323513,1.547126436781609,1.7523809523809524,1.5977994464323508,3.8680425275713097,8.90068066552235,4.9894241627530524,0.0190564917184591,0.0438505384007956,0.024581146551427256,1.1693,4.273,1.7939554692786301
165,3,35.89452810000001,128.6102834,107355,SPLY_LS,3.3775496848547113,7,13,150,54.948670227401216,1.6614647501711155,1.7526899383983574,1.6820733247797286,1.0,1.0,1.0,1.0,1.6,1.1066049375074778,7.471264367816092,12.5,9.111237615659244,1.547126436781609,3.3000000000000003,2.0993331471563828,8.198231463960537,13.704883057534236,8.730120966513157,0.0403898170419211,0.067519162115401,0.043010250459671995,3.8322,4.694,2.2662230716065563
166,3,35.896177599999994,128.6111316,143021,SPLY_LS,4.775698230182347,2,13,80,39.50248298065927,1.7479260780287476,1.7479260780287476,1.7181657122065848,1.0,1.0,1.0,1.0,1.2,1.0791118894945053,7.471264367816092,7.471264367816092,7.152998145711761,1.547126436781609,2.1333333333333337,1.7790061128861938,3.5706374906275533,4.893295949287719,4.093827539730032,0.0175912811932002,0.0241075564885583,0.020168855448610926,1.0005,1.0005,0.6445360532194735
167,2,35.8944544,128.6081149,73249,SPLY_LS,5.014313553946494,5,13,80,36.26366332563566,1.6144284736481862,1.7526899383983574,1.6009350525242974,1.0,1.0,1.0,1.0,1.0,1.0,7.471264367816092,14.22222222222222,8.666728045217393,1.547126436781609,2.5777777777777775,1.8408759816984637,2.7479732341134597,4.32712475132822,2.789385602072336,0.013538302333845,0.0213182291561311,0.01374232657644961,0.6669,0.6669,0.3287221732500673
168,5,35.89246350001028,128.60751884999684,38847,SPLY_LS,7.017922727799573,4,20,150,67.44435592833668,1.3403696098562627,1.6726899383983571,1.5582678106516343,1.0,1.0,1.0,1.0,1.6,1.2889957540931714,9.523809523809524,16.3265306122449,11.523340804894039,1.7523809523809524,3.3000000000000003,2.3260678986137244,3.260980245732002,10.046109087426528,5.6187481057872315,0.0160657083276355,0.0494936633355699,0.027681605355376625,1.0542,2.0006,0.8074270665151634
169,2,35.892131600000006,128.6063854,107385,SPLY_LS,6.192642116875013,5,13,50,22.203492066018043,1.7162217659137575,1.7326488706365502,1.714802779329069,1.0,1.0,1.0,1.0,1.0,1.0,7.471264367816092,10.95890410958904,8.63358979259991,1.547126436781609,2.16986301369863,1.7205362615217143,4.580504208973047,4.674385864741649,3.7920614053269817,0.022566541061137,0.0230290631205294,0.018682159322554123,1.6137,1.6672,1.0520193080126403
170,4,35.892411150000164,128.60716564999905,267500,PIPE_LM,8.639504332189436,2,40,40,26.536185163316798,1.5926899383983573,1.5926899383983573,1.349728953954811,1.0,1.0,1.0,1.0,1.0,1.0,9.846153846153848,9.846153846153848,8.661891913045451,2.0307692307692307,2.0307692307692307,1.7895960076082877,2.2291496012257626,2.7747733398745207,2.5012302303985665,0.0109822398828789,0.0136703370748928,0.01232268591459309,0.1465,1.4581,0.800542205177544
171,2,35.8960685,128.6103505,3777,PIPE_LM,6.5741367712026095,5,80,80,33.23318194227372,1.6726899383983571,1.6926762491444216,1.6575505910647688,1.0,1.0,1.0,1.0,1.0,1.0,6.666666666666667,9.523809523809524,7.901795978179088,2.1333333333333337,2.1333333333333337,1.756753956382709,4.255958156874132,4.963317296035273,4.178804645751574,0.0209676162535639,0.0244525271565121,0.02058750790799194,0.1487,2.0672,1.04487924997712
172,2,35.89152,128.6055689,212297,SPLY_LS,5.514731506079154,2,13,40,24.889313591779977,1.6501300479123886,1.6526488706365503,1.651239198773487,1.0,1.0,1.0,1.0,1.2,1.0880689895687403,7.471264367816092,9.846153846153848,8.51703495128929,1.547126436781609,2.0307692307692307,1.760096097675071,2.8085735885936867,2.8085735885936867,2.7300189881055705,0.013836859070245,0.013836859070245,0.013449848047750236,0.6668,0.6668,0.4112237922715147
173,1,35.89417900000001,128.6107778,4733,SPLY_LS,7.081802519397654,3,13,150,56.95350396561214,1.5663518138261463,1.7526899383983574,1.55372647133673,1.0,1.0,1.0,1.6,1.6,1.6,7.471264367816092,12.5,9.402580131756716,1.547126436781609,3.3000000000000003,2.1070574704705396,6.57621289800436,10.110827862435327,7.082266643351661,0.0323986992739531,0.049812510088467,0.034891848958468405,1.5697,1.5697,0.8777269342376054
174,2,35.89413940000001,128.6100548,73269,SPLY_LS,6.922453440305311,3,20,20,15.651142841611154,1.2672689938398358,1.6155783709787817,1.3641603850459116,1.0,1.0,1.0,1.0,1.0,1.0,9.523809523809524,9.523809523809524,8.248634424586896,1.7523809523809524,1.7523809523809524,1.6248634424586894,4.000779897974803,4.746725518430414,4.052297710832837,0.0197104422843575,0.0233854552753752,0.01996425251707457,1.6656,2.6681,1.8187457161551779
175,2,35.89207579999999,128.6077697,178124,SPLY_LS,7.044414622142066,2,13,200,93.14052641469092,1.671978097193703,1.7526899383983574,1.7065678803062163,1.0,1.0,1.0,1.0,1.6,1.257135378870666,7.471264367816092,15.873015873015872,11.071910295260649,1.547126436781609,3.9746031746031742,2.587443354580737,2.846271855994933,12.765202636710075,7.097118563146765,0.0140225852393374,0.0628896855701477,0.034965019169127,0.6671,0.6671,0.4044362104836146
176,2,35.894109400000005,128.6089934,37742,PIPE_LM,4.863057479296952,3,25,25,21.48000424177069,1.6726899383983571,1.6726899383983571,1.515424686189395,1.0,1.0,1.0,1.2,1.2,1.1413334040295113,8.928571428571429,8.928571428571429,8.501095205880063,1.692857142857143,1.692857142857143,1.650109520588006,3.0579547224523935,5.805878597551111,4.220468131408614,0.01506547263337,0.0286035317926251,0.020792769319604172,0.3156,2.6674,1.3567293917032484
177,2,35.894757999999996,128.6085124,73251,SPLY_LS,5.011976869061544,2,13,20,16.098330503146066,1.703189596167009,1.7526899383983574,1.72509937048866,1.0,1.0,1.0,1.0,1.0,1.0,7.471264367816092,9.523809523809524,8.3797591200874,1.547126436781609,1.7523809523809524,1.6379759120087398,8.139585162303076,8.139585162303076,6.3057969922965915,0.0401008872398604,0.0401008872398604,0.031066454752097957,3.6801,3.6801,2.4607741614190313
178,2,35.8935497,128.6061279,73298,SPLY_LS,4.112992031863303,4,13,100,32.21308645439566,1.6581245722108144,1.6926762491444216,1.6722972567587784,1.0,1.0,1.0,1.0,1.0,1.0,7.471264367816092,8.928571428571429,8.05930128070657,1.547126436781609,2.466666666666667,1.7558125003472014,3.810316202830706,4.530333632525668,3.5813980158604997,0.0187720943206759,0.0223193681906825,0.017644294534839084,1.2504,1.3337,0.758175078190745
179,2,35.895411900000006,128.6098672,245332,SPLY_LS,6.3391033622945105,5,20,80,32.03403740124578,1.1900616016427106,1.7326488706365502,1.5823309519760593,1.0,1.0,1.0,1.0,1.2,1.0411961936015146,9.523809523809524,9.523809523809524,8.406777274759913,1.7523809523809524,2.1333333333333337,1.7779983728143731,8.05290442584841,9.68183678104938,6.643329481579693,0.039673841589606,0.0476990211773569,0.03272935919042454,4.7135,4.7135,2.5278697769013516
180,2,35.8950417,128.611353,106428,PIPE_LM,7.577450614426636,3,80,80,38.00676136984015,1.6726899383983571,1.6726899383983571,1.521992468673761,1.0,1.0,1.0,1.2,1.2,1.2,6.666666666666667,9.523809523809524,7.8901088326637465,2.1333333333333337,2.1333333333333337,1.8143906933042628,4.9253073347455345,4.9253073347455345,3.8575188702360776,0.024265265380724,0.024265265380724,0.019004645342048494,0.1078,1.3389,0.5601694002425605
181,2,35.8951658,128.6115137,143010,SPLY_LS,7.189940920854091,1,13,13,13.0,1.6638193018480494,1.6638193018480494,1.6638193018480494,1.0,1.0,1.0,1.2,1.2,1.2,7.471264367816092,7.471264367816092,7.471264367816092,1.547126436781609,1.547126436781609,1.547126436781609,2.4966967874187502,2.4966967874187502,2.4966967874187502,0.0123003512277365,0.0123003512277365,0.0123003512277365,0.2246,0.2246,0.2246
182,2,35.894498999999996,128.6093913,4695,PIPE_LM,6.643586091164945,4,25,100,38.24263470586965,1.5326762491444217,1.679644079397673,1.6333778383375264,1.0,1.0,1.0,1.0,1.0,1.0,8.928571428571429,8.928571428571429,8.089219907284221,1.692857142857143,2.466666666666667,1.8191202305665586,2.7213729177868373,6.218154689249175,4.023449146201484,0.0134072518854145,0.0306346717997894,0.019822125736133515,0.5333,2.6674,0.9164040831854073
183,1,35.8968028,128.6106865,211328,PIPE_LM,5.868869902617649,3,150,150,85.53848860652705,1.6926762491444216,1.7446954140999316,1.6977189278145712,1.0,1.0,1.0,1.6,1.6,1.2320738732826277,12.5,12.5,9.181574121891488,3.3000000000000003,3.3000000000000003,2.396154971978972,11.330398627606204,11.330398627606204,7.267468500077812,0.0558209083986961,0.0558209083986961,0.03580427368590833,0.1834,1.7971,0.7073671323123447
184,2,35.893575200000015,128.6095498,246286,SPLY_LS,5.182399654024019,4,25,100,43.27861865709814,1.3035728952772074,1.6526488706365503,1.4260474456540153,1.0,1.0,1.0,1.0,1.6,1.1330580026867627,8.928571428571429,11.428571428571429,9.384558127940725,1.692857142857143,2.466666666666667,1.923258594303465,3.3119398472210486,8.711389842135526,4.60861545131224,0.0163167684483115,0.0429179687657569,0.02270503531320738,1.194,1.5702,0.9255756941195503
185,3,35.89236690000009,128.60537274999933,143933,SPLY_LS,6.605070504972703,5,13,50,19.976854864488903,1.6354551676933609,1.6926762491444216,1.653102862870545,1.0,1.0,1.0,1.2,1.2,1.1260140014907731,7.471264367816092,10.95890410958904,8.12890642992348,1.547126436781609,2.16986301369863,1.664551915591303,3.4892151386112986,6.493656500110856,3.8749063575102096,0.0171901417626393,0.0319919727962711,0.019090307406227622,0.7411,2.7718,1.002357825467165
186,2,35.893978000000004,128.6084855,246265,SPLY_LS,6.79333296520532,4,13,25,17.47244923433354,1.6876386036960986,1.6926762491444216,1.5942121219659515,1.0,1.0,1.0,1.0,1.0,1.0,7.471264367816092,9.523809523809524,8.28828231790324,1.547126436781609,1.7523809523809524,1.6288282317903238,5.17079386945785,5.17079386945785,3.118311016194497,0.0254746916169645,0.0254746916169645,0.015362826967934574,2.0005,2.0005,0.8120366074657336
187,2,35.89373950000001,128.6055498,178198,SPLY_LS,7.927207322189682,3,20,100,45.93433934420449,1.430937713894593,1.6526488706365503,1.4971820991694231,1.0,1.0,1.0,1.0,1.0,1.0,9.523809523809524,9.523809523809524,9.137881854996957,1.7523809523809524,2.466666666666667,1.9839375536684924,3.642831221539836,4.9399641395482545,3.7591878107377745,0.0179469544375992,0.0243374743281054,0.01852020262777121,1.1495,1.1495,0.6536225219923151
188,2,35.8931406,128.60617470000003,116528,PIPE_LM,6.283501337886951,2,80,80,53.50986427715212,1.6526488706365503,1.6526488706365503,1.482406081897974,1.0,1.0,1.0,1.0,1.0,1.0,6.666666666666667,9.523809523809524,7.928101701087995,2.1333333333333337,2.1333333333333337,1.96514199541049,3.871848711847171,4.502800617548099,4.150415405457289,0.0190752434562218,0.0221837226624433,0.0204476440572961,0.0577,2.0006,0.9154947449320189
189,2,35.8931854,128.6057473,212317,SPLY_LS,3.073313179452982,2,13,13,13.000000000000002,1.344640657084189,1.5972347707049963,1.4417092396926783,1.0,1.0,1.0,1.0,1.0,1.0,7.471264367816092,7.471264367816092,7.471264367816093,1.547126436781609,1.547126436781609,1.547126436781609,2.33077399896092,2.33077399896092,2.3197118315166403,0.0114829077219808,0.0114829077219808,0.011428408294741444,0.6975,0.6975,0.5875555476681499
190,2,35.89314730000001,128.6053519,107396,SPLY_LS,4.656296088512608,5,13,200,50.50515764104312,1.6286105407255305,1.7526899383983574,1.6819735877135138,1.0,1.0,1.0,1.0,1.6,1.1830096369736487,7.471264367816092,15.873015873015872,9.512648392664257,1.547126436781609,3.9746031746031742,2.0300893890680047,4.435813204296437,11.895530325604453,5.341624385982712,0.021853699122947,0.0586051144786391,0.02631631378120167,1.6673,2.0008,0.9003640708154083
191,2,35.8936902,128.6096401,143917,SPLY_LS,6.6113871001405835,5,20,100,40.65729647801678,1.6036960985626283,1.6526488706365503,1.5365937628839164,1.0,1.0,1.0,1.0,1.6,1.1232603434975306,9.523809523809524,11.428571428571429,9.45652926405393,1.7523809523809524,2.466666666666667,1.916847847929741,6.331643157470281,8.711389842135526,5.445740427307197,0.0311937897617509,0.0429179687657569,0.026829257076192936,2.3336,2.3336,1.2548163745734506
192,2,35.8950253,128.6107087,211327,PIPE_LM,6.942171591375061,6,50,150,44.56882681077892,1.6726899383983571,1.7307871321013004,1.5937281150058589,1.0,1.0,1.0,1.2,1.2,1.1067885282014007,10.95890410958904,12.5,9.653452648005162,2.16986301369863,3.3000000000000003,2.0192622503589703,3.660392562181028,10.75799152248897,7.119621728569145,0.0180334730164691,0.0530008589342702,0.03507588438905513,0.3819,4.8929,2.282026596282181
193,2,35.8926412,128.6075201,73292,SPLY_LS,8.022509918626367,4,13,150,69.13432901851138,1.659000684462697,1.6726899383983571,1.5567807459397862,1.0,1.0,1.0,1.0,1.6,1.1333576089722865,7.471264367816092,16.3265306122449,11.261410420146493,1.547126436781609,3.3000000000000003,2.3105844419539006,4.517569776440204,10.046109087426528,5.401155198848848,0.0222564851390991,0.0494936633355699,0.026609601260408646,1.6667,2.0002,0.9905779291117816
194,2,35.893521899999996,128.6098311,212288,SPLY_LS,5.750054902444755,6,13,40,21.45281250660393,1.7075701574264204,1.7465023956194388,1.622509804030172,1.0,1.0,1.0,1.0,1.6,1.094664570498177,7.471264367816092,14.285714285714286,9.462586027258808,1.547126436781609,2.2285714285714286,1.7462586027258804,4.069013356235396,4.069536455312732,3.809389511288868,0.0200466046514971,0.0200491817775664,0.01876752883579124,1.3336,1.3339,0.9060001325806862
195,3,35.893345900000504,128.60808790000152,107329,SPLY_LS,6.7214885010520735,3,13,80,34.64123835745594,1.7114031485284054,1.7114031485284054,1.6471163335986587,1.0,1.0,1.0,1.0,1.0,1.0,7.471264367816092,9.523809523809524,7.903444823753869,1.547126436781609,2.1333333333333337,1.7831192981829664,3.034668504707023,4.063616868759717,3.641109423914643,0.0149507495887148,0.020020018046475,0.017938471743329024,0.7365,1.143,0.6881658940846493
196,2,35.894850500000004,128.6081292,73232,SPLY_LS,4.351064261667744,7,13,150,50.909175944939044,1.657741273100616,1.7526899383983574,1.6535275614288962,1.0,1.0,1.0,1.0,1.2,1.025638012702125,7.471264367816092,14.22222222222222,9.17402093820691,1.547126436781609,3.3000000000000003,2.0202178447156895,6.402945866380854,8.32402278759577,5.215486769001899,0.0315450732526052,0.0410095468665087,0.02569487789050316,2.7825,2.7825,1.2442022571425049
198,2,35.8954174,128.6096018,245306,PIPE_LM,6.387179434234732,4,80,150,69.93132401888694,1.6726899383983571,1.6726899383983571,1.5642982099284806,1.0,1.0,1.0,1.2,1.2,1.1105598766950604,6.666666666666667,12.5,8.979532112849553,2.1333333333333337,3.3000000000000003,2.2205455484770606,5.1880674570451015,9.135449829878205,6.809169878947169,0.0255597925372512,0.0450071639043694,0.03354639678411501,0.1669,3.4426,1.538529243782643
199,2,35.8948401,128.6108953,107356,SPLY_LS,5.4582102863219175,4,13,150,49.31679589130454,1.6154688569472964,1.6926762491444216,1.6657146014134485,1.0,1.0,1.0,1.0,1.2,1.0467500466131108,7.471264367816092,12.5,9.472230675409241,1.547126436781609,3.3000000000000003,2.039410858872866,7.701065080626144,8.617038498900786,7.262610791627603,0.0379404522794667,0.0424531327206095,0.03578034145657207,3.6684,3.6684,2.1920133769409937
200,2,35.8935606,128.6053668,212318,SPLY_LS,6.634170453302256,4,13,200,96.73902528759707,1.5186584531143053,1.6526488706365503,1.5638660771717086,1.0,1.0,1.0,1.0,1.6,1.181348186411642,7.471264367816092,15.873015873015872,9.722593203111165,1.547126436781609,3.9746031746031742,2.530098930294251,3.1019828320846106,11.895530325604453,6.244552086093375,0.0152823837196896,0.0586051144786391,0.03076472253495188,1.0003,1.0003,0.42514416989979154
202,2,35.8922299,128.6075294,107386,SPLY_LS,7.239385329353006,2,13,150,75.25262956121027,1.7164955509924709,1.7164955509924709,1.6965903351273375,1.0,1.0,1.0,1.0,1.6,1.2726392535527455,7.471264367816092,12.5,9.756315582937285,1.547126436781609,3.3000000000000003,2.343630003195282,4.090457186552017,10.046109087426528,6.796698001009379,0.0201522508981264,0.0494936633355699,0.03348495220667281,1.3337,1.3337,0.7557502223437713
203,2,35.8953951,128.6115114,211335,SPLY_LS,6.035459350833246,4,13,80,31.700055216145543,1.6403832991101983,1.6526488706365503,1.641157248559597,1.0,1.0,1.0,1.0,1.6,1.1873210382890447,7.471264367816092,8.928571428571429,7.590349099693347,1.547126436781609,2.1333333333333337,1.7194820695134823,4.1129339353458105,6.547059057388399,4.4332413150032055,0.0202629859725714,0.0322550685050825,0.02184102832456051,1.4554,1.4554,0.8543319266140196
204,2,35.8926598,128.6054077,411543,PIPE_LM,8.470589798431877,4,100,100,40.220922837215994,1.6126762491444215,1.6757563312799453,1.6354885088861106,1.0,1.0,1.0,1.6,1.6,1.261588429203388,16.3265306122449,16.3265306122449,10.894262324861577,2.840816326530613,2.840816326530613,2.0011474929382134,5.7798481907384,5.7798481907384,4.66682712403238,0.0284752890889013,0.0284752890889013,0.02299182385061407,0.2516,1.9385,0.8616840054767979
205,2,35.8939019,128.6063404,143964,SPLY_LS,6.877377132212435,3,13,25,16.65762682781709,1.741409993155373,1.742121834360027,1.7328646820176026,1.0,1.0,1.0,1.0,1.0,1.0,7.471264367816092,8.928571428571429,7.915454817964925,1.547126436781609,1.692857142857143,1.591545481796492,4.742509299105467,4.745159486601209,4.055598072819187,0.0233646834384379,0.0233777399846638,0.01998051224545461,1.667,1.6674,1.2363144410245372
206,1,35.895136199999996,128.6118528,245317,SPLY_LS,7.468911045093222,2,13,13,13.0,1.6403832991101983,1.6647501711156742,1.6510998079554071,1.0,1.0,1.0,1.6,1.6,1.6000000000000003,7.471264367816092,7.471264367816092,7.471264367816093,1.547126436781609,1.547126436781609,1.5471264367816093,3.976718333968307,4.816401769247533,4.346009679994292,0.0195918993800449,0.0237287257764633,0.021411268589943817,0.4838,0.7708,0.6100221116392668
207,1,35.8937502,128.6103499,212243,SPLY_LS,4.817142060413409,2,25,150,76.66809657107912,1.6017796030116358,1.6017796030116358,1.4872765938713368,1.0,1.0,1.0,1.6,1.6,1.6,8.928571428571429,12.5,10.40480275917369,1.692857142857143,3.3000000000000003,2.35716124162816,8.124919991699516,10.110827862435327,8.945784628871069,0.0400286370771064,0.049812510088467,0.04407274984182763,1.7377,1.7377,1.1638121177657104
208,4,35.89244500000001,128.6080946,38786,SPLY_LS,7.085127605480646,3,20,80,58.51647749056511,1.5004791238877482,1.6526488706365503,1.5856229419033567,1.0,1.0,1.0,1.0,1.6,1.1969325508552748,9.523809523809524,9.523809523809524,7.689691548068329,1.7523809523809524,2.1333333333333337,1.996930015813112,5.257715483253666,6.494251075648889,5.390262861075575,0.0259029239855716,0.0319949020618456,0.026555938524517948,1.9586,1.9586,0.8085324674772191
209,2,35.8924506,128.6083,246258,SPLY_LS,7.008493792614906,3,25,100,57.46291982903198,1.664147843942505,1.7326488706365502,1.6701916855823347,1.0,1.0,1.0,1.0,1.6,1.2629135788850925,8.928571428571429,10.95890410958904,9.407860215090304,1.692857142857143,2.466666666666667,2.100226955829841,5.139553813836548,5.831190899975359,5.0016373702996315,0.0253207827969378,0.0287282366473636,0.024641316750386666,1.667,1.667,0.6658945093440739
210,2,35.8961338,128.6104798,72270,SPLY_LS,3.75355337772353,2,13,13,13.0,1.6419712525667352,1.6419712525667352,1.6234197045393042,1.0,1.0,1.0,1.0,1.0,1.0,7.471264367816092,7.471264367816092,7.471264367816092,1.547126436781609,1.547126436781609,1.5471264367816093,2.9553128227701477,4.963317296035273,3.605702104223708,0.0145597919183005,0.0244525271565121,0.017764032271773672,0.7626,2.0672,1.1851577521770211
211,2,35.8937074,128.6092431,4717,SPLY_LS,6.960253283000751,3,13,100,37.925672521837946,1.6772895277207391,1.6772895277207391,1.6493680245106577,1.0,1.0,1.0,1.0,1.2,1.0573003966019263,7.471264367816092,8.333333333333334,7.718248835927843,1.547126436781609,2.466666666666667,1.8105765361008106,6.282512269872802,6.282512269872802,4.925522818737617,0.0309517390743688,0.0309517390743688,0.024266326994933626,2.6681,2.6681,1.2475456723145582
212,1,35.8932826,128.6056974,178186,SPLY_LS,5.253156011582907,1,13,13,13.0,1.5972347707049963,1.5972347707049963,1.5972347707049963,1.0,1.0,1.0,1.0,1.0,1.0,7.471264367816092,7.471264367816092,7.471264367816093,1.547126436781609,1.547126436781609,1.547126436781609,2.3019877706548684,2.3019877706548684,2.3019877706548684,0.0113410880502968,0.0113410880502968,0.0113410880502968,0.4114,0.4114,0.4114
213,1,35.8928581,128.6093081,4731,SPLY_LS,7.532416312421418,1,13,13,13.0,1.735934291581109,1.735934291581109,1.735934291581109,1.0,1.0,1.0,1.6,1.6,1.6,7.471264367816092,7.471264367816092,7.471264367816092,1.547126436781609,1.547126436781609,1.547126436781609,5.0697139826744415,5.0697139826744415,5.0697139826744415,0.024976706392743,0.024976706392743,0.024976706392743,0.7875,0.7875,0.7875
214,2,35.89686250000022,128.61019460000006,72321,SPLY_LS,7.334093038111225,3,13,40,21.79582240024915,1.6803559206023273,1.6926762491444216,1.6686951310738156,1.0,1.0,1.0,1.0,1.0,1.0,7.471264367816092,9.846153846153848,8.244934963063471,1.547126436781609,2.0307692307692307,1.7046833301547721,7.884613162523842,7.884613162523842,5.443626321850179,0.038844729437148,0.038844729437148,0.026818841618543136,3.5951,3.5951,2.1087036026728487
215,1,35.89412659999999,128.60801,107337,SPLY_LS,4.444346337921681,2,13,13,13.000000000000002,1.7189596167008898,1.7189596167008898,1.698428697744787,1.0,1.0,1.0,1.0,1.0,1.0,7.471264367816092,7.471264367816092,7.471264367816092,1.547126436781609,1.547126436781609,1.547126436781609,1.9883968085794832,2.0381174923220464,2.0079999283315177,0.0097961351369881,0.0100410915435484,0.009892712846914462,0.1328,0.1974,0.15826951169332723
216,1,35.89567230000001,128.609956,37887,SPLY_LS,5.244212819221266,2,13,13,13.0,1.721697467488022,1.7224640657084187,1.7219893715878265,1.0,1.0,1.0,1.0,1.0,1.0,7.471264367816092,7.471264367816092,7.471264367816092,1.547126436781609,1.547126436781609,1.5471264367816089,3.6923395982744553,3.6923395982744553,3.5353086493352395,0.0181908648818388,0.0181908648818388,0.01741722835724739,1.1002,1.1002,1.0105647474443085
217,1,35.894412900000006,128.609764,178145,SPLY_LS,5.938320363827631,3,13,40,21.49077312908042,1.1976728268309378,1.6726899383983571,1.4922575652792183,1.0,1.0,1.0,1.0,1.0,1.0,7.471264367816092,9.846153846153848,8.218103174008908,1.547126436781609,2.0307692307692307,1.699219075272849,2.7947731017157875,5.086735146401892,3.4556295375992443,0.013768868901568,0.0250605637090208,0.017024677261413244,1.2852,2.0002,1.1927514353253488
219,1,35.8909562,128.6053664,212295,SPLY_LS,5.075740466480157,3,13,25,16.55085443526194,1.7520876112251882,1.7520876112251882,1.6820218178117627,1.0,1.0,1.0,1.0,1.2,1.0591809072543656,7.471264367816092,8.928571428571429,7.902488137834561,1.547126436781609,1.692857142857143,1.590248813783456,1.7891220239808732,2.3481039839689566,1.9251049462941674,0.0088143780194453,0.0115682864926206,0.009484318283660096,0.0,0.0478,0.01414423683379339
220,1,35.89220069999999,128.6077583,38785,SPLY_LS,6.68648490865107,2,13,200,95.54399468921028,1.7448596851471594,1.7526899383983574,1.748316050830486,1.0,1.0,1.0,1.0,1.6,1.2648470417835624,7.471264367816092,15.873015873015872,11.17989608773735,1.547126436781609,3.9746031746031742,2.6186431584656993,2.969806430533163,12.765202636710075,7.293609277706306,0.0146311968509862,0.0628896855701477,0.035933060148011765,0.6668,0.6668,0.3963911703389828
221,1,35.89425150000001,128.6102411,4725,SPLY_LS,8.365100536885228,2,20,25,22.392486008757103,1.271047227926078,1.6926762491444216,1.472795534756246,1.0,1.0,1.0,1.0,1.0,1.0,9.523809523809524,9.523809523809524,9.23898976086225,1.7523809523809524,1.7523809523809524,1.723898976086225,7.156366932450184,7.156366932450184,5.476213386052072,0.0352569151477557,0.0352569151477557,0.026979386678393415,3.7539,3.7539,2.3689855489708624
222,1,35.8939864,128.6102099,435274,SPLY_LS,6.242701269851991,2,20,20,16.620975015401118,1.2348528405201915,1.68435318275154,1.4518346815181167,1.0,1.0,1.0,1.0,1.0,1.0,9.523809523809524,9.523809523809524,8.53300932893535,1.7523809523809524,1.7523809523809524,1.6533009328935349,8.542466450963579,8.542466450963579,6.909957698778555,0.0420857423406397,0.0420857423406397,0.03404294309668734,4.841,4.841,3.4697916612497726
223,1,35.8961994,128.6121224,211328,PIPE_LM,5.610267549988481,3,150,150,82.58430602900863,1.6926762491444216,1.6926762491444216,1.6594733013404606,1.0,1.0,1.0,1.6,1.6,1.4037178571251154,12.5,12.5,8.971753489059475,3.3000000000000003,3.3000000000000003,2.349938067795277,11.330398627606204,11.330398627606204,7.9412328630353,0.0558209083986961,0.0558209083986961,0.03912367488467283,0.1834,2.3421,0.876128521870396
224,1,35.8951477,128.6101584,106465,SPLY_LS,6.490781985208478,4,13,25,15.97032037296881,1.6773990417522249,1.6926762491444216,1.6800503225542271,1.0,1.0,1.0,1.0,1.2,1.0495053395494802,7.471264367816092,8.928571428571429,7.831986772168832,1.547126436781609,1.692857142857143,1.5831986772168831,10.503053976079691,10.503053976079691,5.80438751988281,0.051744870871253,0.051744870871253,0.028596185774830606,5.1319,5.1319,2.236270375798297
225,1,35.8940121,128.6078613,107335,SPLY_LS,6.003671813916919,2,13,13,13.0,1.6758658453114306,1.6758658453114306,1.5697864594412465,1.0,1.0,1.0,1.0,1.0,1.0,7.471264367816092,7.471264367816092,7.471264367816093,1.547126436781609,1.547126436781609,1.5471264367816093,2.3937512423782903,2.3937512423782903,2.0220282005917527,0.011793174558263,0.011793174558263,0.009961825234445328,0.3988,0.3988,0.24831721234622636
226,1,35.8960709,128.6107082,211348,SPLY_LS,4.817149696357124,6,13,80,28.11739299832276,1.663271731690623,1.712662559890486,1.6151755587397265,1.0,1.0,1.0,1.0,1.0,1.0,7.471264367816092,9.523809523809524,8.212883097027998,1.547126436781609,2.1333333333333337,1.729234647811582,7.274710304620392,8.402779818390666,5.097219097849238,0.035839951522258,0.0413975551922743,0.0251122144684189,3.2832,3.2832,1.6738397445731257
227,1,35.8949466,128.6114821,106440,SPLY_LS,6.481656089377945,2,20,20,16.5736646203209,1.3423956194387403,1.7508281998631077,1.5423137623704029,1.0,1.0,1.0,1.0,1.0,1.0,9.523809523809524,9.523809523809524,8.51913694004249,1.7523809523809524,1.7523809523809524,1.6519136940042487,3.184667000644444,3.184667000644444,2.9204757724268804,0.0156897396787249,0.0156897396787249,0.014388161964226834,1.0031,1.0031,0.7467611659517225
228,1,35.893126,128.6079989,73243,SPLY_LS,5.4536508831061346,1,13,13,13.000000000000002,1.6160711841204654,1.6160711841204654,1.6160711841204654,1.0,1.0,1.0,1.0,1.0,1.0,7.471264367816092,7.471264367816092,7.471264367816092,1.547126436781609,1.547126436781609,1.547126436781609,1.8510636370711384,1.8510636370711384,1.8510636370711386,0.0091195426675765,0.0091195426675765,0.0091195426675765,0.1217,0.1217,0.1217
229,1,35.892449,128.6088743,246250,SPLY_LS,1.8491953306521731,6,13,150,57.06311144747612,1.5190965092402464,1.6582888432580425,1.5474199306540932,1.0,1.0,1.0,1.6,1.6,1.5562703959635111,7.471264367816092,12.5,8.870069989905922,1.547126436781609,3.3000000000000003,2.076255874341885,4.125215501098824,10.110827862435327,5.987005787937968,0.0203234929484885,0.049812510088467,0.029495882065144557,0.6621,0.6688,0.4639204787665088
230,1,35.89354050000001,128.60911790000003,24836,SPLY_LS,3.7127623737397077,4,25,100,38.32523227697394,1.5932375085557835,1.699958932238193,1.6272780422555293,1.0,1.0,1.0,1.0,1.2,1.038024649551937,8.928571428571429,9.523809523809524,8.926594650738577,1.692857142857143,2.466666666666667,1.851095504873596,4.076661752134576,6.239920872569615,4.845449723889982,0.0200842856211538,0.030741906166845,0.023871834882202545,1.2096,2.3338,1.2003156567058113
231,1,35.8937412,128.6053859,178197,SPLY_LS,7.4056790972485755,3,20,100,69.76762337384845,1.4129226557152634,1.6526488706365503,1.5076205514534164,1.0,1.0,1.0,1.0,1.2,1.0604875490243892,9.523809523809524,9.523809523809524,8.783219890270113,1.7523809523809524,2.466666666666667,2.196734732504599,2.6695719147820305,7.243158261190964,4.7785450659232644,0.0131520464739608,0.0356845056474964,0.023542219049030793,0.5953,0.5953,0.4503958871034676
232,1,35.8938137,128.6066753,212321,SPLY_LS,6.200815002415305,4,13,25,15.958436480421101,1.742121834360027,1.742121834360027,1.6803668136938243,1.0,1.0,1.0,1.0,1.0,1.0,7.471264367816092,8.928571428571429,7.830543565458911,1.547126436781609,1.692857142857143,1.5830543565458912,2.965324416366333,2.965324416366333,2.672348014525824,0.0146091155358911,0.0146091155358911,0.01316572334576359,0.6669,0.667,0.5236090814578953
233,1,35.892715800000005,128.6071154,4754,SPLY_LS,3.6259454457575955,3,13,20,15.270437932583167,1.6626146475017112,1.6726899383983571,1.6658645688886962,1.0,1.0,1.0,1.0,1.0,1.0,7.471264367816092,9.523809523809524,8.137003850745709,1.547126436781609,1.7523809523809524,1.6137003850745708,2.829992548171147,2.829992548171147,2.6795949490239055,0.0139423827874473,0.0139423827874473,0.01320142645560857,0.6669,0.6669,0.5136774698589012
234,1,35.89486610000001,128.6060499,143927,PIPE_LM,6.691801846371778,3,25,25,17.635198224585967,1.6726899383983571,1.755208761122519,1.6905481950373342,1.0,1.0,1.0,1.0,1.0,1.0,8.928571428571429,8.928571428571429,8.03417329287357,1.692857142857143,1.692857142857143,1.603417329287357,2.411931957787145,4.472520315709442,3.5826693757454735,0.011882744579832,0.0220345422133899,0.017650558080016397,0.2452,1.6674,1.0099137194653123
235,1,35.8921273,128.6065444,244345,SPLY_LS,4.830573852211037,4,20,50,25.66328937702562,1.7164955509924709,1.7326488706365502,1.7145459281747524,1.0,1.0,1.0,1.0,1.0,1.0,9.523809523809524,10.95890410958904,9.43872137600697,1.7523809523809524,2.16986301369863,1.8088408616424647,3.218746427920117,4.674385864741649,3.242071037492895,0.0158576370891126,0.0230290631205294,0.01597254927686432,0.5833,1.6671,0.6429861933625327
236,1,35.8951859,128.6100182,106464,SPLY_LS,3.5911227074713694,2,13,25,16.92716754751234,1.6769609856262837,1.6926762491444216,1.6821040250337032,1.0,1.0,1.0,1.0,1.2,1.0654527924585389,7.471264367816092,8.928571428571429,7.948188450796004,1.547126436781609,1.692857142857143,1.5948188450796004,4.954337158753878,4.954337158753878,4.614559616982062,0.0244082851631747,0.0244082851631747,0.022734320137004608,1.8932,1.8932,1.4912216751158827
237,1,35.894228600000005,128.6080125,143893,SPLY_LS,4.252661104946485,1,13,13,13.0,1.666885694729637,1.666885694729637,1.666885694729637,1.0,1.0,1.0,1.0,1.0,1.0,7.471264367816092,7.471264367816092,7.471264367816092,1.547126436781609,1.547126436781609,1.547126436781609,2.0381174923220464,2.0381174923220464,2.0381174923220464,0.0100410915435484,0.0100410915435484,0.0100410915435484,0.1974,0.1974,0.19739999999999996
238,1,35.894675,128.6080001,107338,SPLY_LS,3.1256539210606715,3,13,25,16.6605696832791,1.5972895277207393,1.6126762491444215,1.601983208218122,1.0,1.0,1.0,1.0,1.0,1.0,7.471264367816092,8.928571428571429,7.915812204968556,1.547126436781609,1.692857142857143,1.5915812204968554,5.9810674124527985,5.9810674124527985,4.749932347815253,0.0294666257675605,0.0294666257675605,0.02340125420136395,2.667,2.667,1.8566633002082158
239,1,35.8917235,128.6061353,142910,PIPE_LM,6.360593440021621,3,25,25,17.45972926236347,1.5926899383983573,1.6350718685831622,1.6002980775671947,1.0,1.0,1.0,1.0,1.0,1.0,8.928571428571429,8.928571428571429,8.012863946407716,1.692857142857143,1.692857142857143,1.6012863946407716,2.29565394397838,6.123044674495029,4.428908541964645,0.011309883503101,0.0301660980456009,0.021819682268270045,0.2447,2.6673,1.643004279853788
240,1,35.8934943,128.6071291,212291,PIPE_LM,7.86147890795033,3,25,25,21.67510875282332,1.6726899383983571,1.6726899383983571,1.3883336681347769,1.0,1.0,1.0,1.0,1.0,1.0,8.928571428571429,9.523809523809524,9.324391815140082,1.692857142857143,1.7523809523809524,1.732439181514008,2.0630812144547765,2.0630812144547765,1.9830820828408922,0.0101640790651936,0.0101640790651936,0.009769951343428042,0.0651,0.3334,0.23255583028813676
241,1,35.89529360000001,128.6095987,211249,PIPE_LM,5.489544158446852,6,25,150,41.49609306666605,1.712662559890486,1.712662559890486,1.5338466360719192,1.0,1.0,1.0,1.0,1.2,1.0332592812873145,8.928571428571429,12.5,9.221110043168867,1.692857142857143,3.3000000000000003,1.929981512362603,3.045115959643826,9.135449829878205,5.710565425720898,0.0150022205425792,0.0450071639043694,0.028133957154627805,0.5354,3.4426,1.783654867315507
242,1,35.893337800000005,128.6098866,143920,SPLY_LS,3.653074803527203,5,20,150,48.437782537919134,1.6271321013004791,1.7075701574264204,1.4781769518002978,1.0,1.0,1.0,1.6,1.6,1.5145941461409065,9.523809523809524,14.285714285714286,11.448513964147,1.7523809523809524,3.3000000000000003,2.158929374238467,4.514649811452723,10.110827862435327,5.377106890969916,0.0222420994935935,0.049812510088467,0.02649112366439689,0.4642,1.3339,0.5223047256242497
243,1,35.8937156,128.6060161,278257,PIPE_LM,6.398834700569758,4,80,100,71.90556184310375,1.7526899383983574,1.7526899383983574,1.5824344039612008,1.0,1.0,1.0,1.0,1.0,1.0,6.666666666666667,9.523809523809524,8.176149512261913,2.1333333333333337,2.466666666666667,2.1705002832196634,4.2056111996356185,4.805132781437372,4.516115600511894,0.0207195744166848,0.0236732074176684,0.02224932092326188,0.0833,2.0005,0.6198545275155976
244,1,35.8946232,128.6089947,215085,SPLY_LS,7.235282777494611,3,13,80,32.584981844272086,1.808213552361396,1.808213552361396,1.7292544386540187,1.0,1.0,1.0,1.2,1.2,1.2,7.471264367816092,7.471264367816092,7.236069869771995,1.547126436781609,2.1333333333333337,1.7184824282137376,10.084854948954955,10.084854948954955,8.25432857467146,0.0496845506342689,0.0496845506342689,0.040666187872405134,3.5515,3.5515,2.495211938929127
245,1,35.894681199999994,128.60549,143970,SPLY_LS,1.9182498716291754,5,13,25,15.351306334309442,1.6845722108145107,1.6926762491444216,1.680443405428129,1.0,1.0,1.0,1.0,1.2,1.0391884389051573,7.471264367816092,8.928571428571429,7.7568123113984155,1.547126436781609,1.692857142857143,1.5756812311398416,3.440875113582974,4.026690845127751,3.191865929042584,0.0169519873783335,0.0198380964521486,0.015725206279317592,1.0003,1.3338,0.7779482483217767
246,1,35.89419169999999,128.6098301,178144,SPLY_LS,4.514790009977531,5,13,150,56.34036781567238,1.6617932922655716,1.6726899383983571,1.5538978516042146,1.0,1.0,1.0,1.0,1.6,1.1369062367016112,7.471264367816092,12.5,8.69917322655614,1.547126436781609,3.3000000000000003,2.071513876276127,2.9293914877856024,9.17305887454059,5.736673623111252,0.0144320865732989,0.0451924505042554,0.02826258310530101,0.7263,3.0016,1.1470078491120002
247,1,35.8958898,128.6102138,439879,PIPE_LM,7.7392582163433286,3,40,100,48.25168306626584,1.2139356605065024,1.6726899383983571,1.4036820290315664,1.0,1.0,1.0,1.0,1.0,1.0,14.285714285714286,14.285714285714286,10.153279559454045,2.2285714285714286,2.466666666666667,2.0608393287475675,2.447363088116581,5.213601969446417,4.123521221499131,0.0120573013580695,0.0256855921427731,0.02031514582589863,0.2899,2.7259,1.090673217559742
248,1,35.895401799999995,128.6109694,245334,SPLY_LS,4.531726794062256,2,13,80,39.29647848124079,1.5577002053388092,1.6726899383983571,1.6028319223681229,1.0,1.0,1.0,1.0,1.2,1.078496950690271,7.471264367816092,7.471264367816092,7.155472037452933,1.547126436781609,2.1333333333333337,1.7772037060461967,4.239813048382395,5.1880674570451015,4.611988446175538,0.0208880749548131,0.0255597925372512,0.02272165287835068,1.6655,1.6655,1.0773223484777992
249,1,35.89607899999999,128.6124025,211328,PIPE_LM,5.830931668740504,2,150,150,86.49844815559652,1.6926762491444216,1.6926762491444216,1.658118673202561,1.0,1.0,1.0,1.6,1.6,1.3069159145642917,12.5,12.5,11.046209893672081,3.3000000000000003,3.3000000000000003,2.5440291447094827,11.330398627606204,11.330398627606204,8.40115697711815,0.0558209083986961,0.0558209083986961,0.04138956002131913,0.1834,1.7766,0.9616359415269508
250,1,35.895380800000005,128.6108597,106460,SPLY_LS,3.6609891829109578,6,13,80,29.126180396878965,1.7152908966461329,1.7152908966461329,1.5631861672618232,1.0,1.0,1.0,1.0,1.2,1.0573951358751823,7.471264367816092,10.95890410958904,8.518098708904095,1.547126436781609,2.16986301369863,1.777510238502634,6.651676884622222,6.8299844227659285,5.066324217336611,0.032770483923624,0.0336489427564197,0.02496000620534136,2.7976,2.8994,1.6738328454082507
251,1,35.8942939,128.6108759,107316,SPLY_LS,9.416182397159703,1,25,25,25.0,1.593182751540041,1.593182751540041,1.5931827515400407,1.0,1.0,1.0,1.6,1.6,1.6,8.928571428571429,8.928571428571429,8.928571428571429,1.692857142857143,1.692857142857143,1.692857142857143,5.878043120439281,5.878043120439281,5.878043120439281,0.0289590611393121,0.0289590611393121,0.0289590611393121,0.9913,0.9913,0.9913
252,1,35.8948143,128.610655,178152,SPLY_LS,8.061872049214628,1,25,25,25.0,1.3395482546201232,1.3395482546201232,1.3395482546201232,1.0,1.0,1.0,1.0,1.0,1.0,8.928571428571429,8.928571428571429,8.928571428571429,1.692857142857143,1.692857142857143,1.692857142857143,9.825014588391364,9.825014588391364,9.825014588391364,0.0484044081218983,0.0484044081218983,0.0484044081218983,5.3338,5.3338,5.3338
254,1,35.89514249999999,128.6102863,143028,SPLY_LS,3.8459707229352316,5,20,50,23.482169435308926,1.1614784394250512,1.7152908966461329,1.507147115400351,1.0,1.0,1.0,1.0,1.2,1.0387667869729629,9.523809523809524,10.95890410958904,9.11793996635637,1.7523809523809524,2.16986301369863,1.7648991842698325,6.067356905072453,10.576141502230088,6.242014694963759,0.0298917438963752,0.0521049475319618,0.03075222169694316,3.4107,4.4507,2.657875601359267
255,1,35.89501959999999,128.6097072,177237,SPLY_LS,5.909331901967568,5,20,150,45.30829699660704,1.1966324435318274,1.6726899383983571,1.4707782475350428,1.0,1.0,1.0,1.2,1.2,1.164553147223385,9.523809523809524,12.5,9.612896516410462,1.7523809523809524,3.3000000000000003,2.0054846700911133,3.404253394430596,9.135449829878205,4.86153654113008,0.0167715649856714,0.0450071639043694,0.02395108900035845,1.0017,2.0657,0.9708541315691723
