FTR_CDE,FTR_IDN,HJD_CDE,SHT_NUM,MNG_CDE,MOP_CDE,STD_DIP,BYC_LEN,JHT_CDE,LOW_DEP,HGH_DEP,CNT_NUM,SYS_CHK,PIP_LBL,IQT_CDE,GIS_IDN,FTC_CDE,CLS_YMD,GU_CDE,SMZ_NUM,MDZ_NUM,LGZ_NUM,AVG_DEP,WTP_CDE,PIP_TYPE,design_pressure,thickness,K_material,fatigue_limit,IST_YMD,FNS_YMD,BEG_YMD,DAYS_SINCE_BEG,YEARS_SINCE_BEG,K_diameter,K_age,K_soil,K_traffic,K_vibration,hoop_stress,K_stress,K_total,0470_low_total_cycles,0470_high_total_cycles,0470_low_fatigue_damage,0470_high_fatigue_damage,0470_D_base,0470_D_final,0470_remaining_life_years,0480_low_total_cycles,0480_high_total_cycles,0480_low_fatigue_damage,0480_high_fatigue_damage,0480_D_base,0480_D_final,0480_remaining_life_years,0490_low_total_cycles,0490_high_total_cycles,0490_low_fatigue_damage,0490_high_fatigue_damage,0490_D_base,0490_D_final,0490_remaining_life_years,0520_low_total_cycles,0520_high_total_cycles,0520_low_fatigue_damage,0520_high_fatigue_damage,0520_D_base,0520_D_final,0520_remaining_life_years
SA001,71585,2723061000,35803034,54000,12,700,414.06,,0,0,20119006912.0,1,700-ST-86,IQT903,71585,SA003,,B,230,519,S0,1.2,SS00201,ST,2.0,19.8,0.9,1000000,1986-01-01,1986-01-01,1986-01-01,14491.0,39.67419575633128,1.0972955074527657,1.7934839151266257,1.3,1.0,1.05,35.35353535353535,4.335353535353535,10.481435513037031,1389.5,37829.5,0.0013895,0.00378295,0.00517245,0.0542147011194084,17.445181460974773,1428.0,34930.5,0.001428,0.00349305,0.00492105,0.05157966823143088,18.387484144200727,1357.0,35696.5,0.001357,0.00356965,0.00492665,0.05163836427030389,18.36544687522332,1302.5,28645.5,0.0013025,0.00286455,0.00416705,0.04367666585460096,21.895520535587277
SA001,261304,2723061000,35803035,54000,4,250,8.0,,0,0,2002200000000.0,1,250-DTC-02,IQT903,261304,SA005,,B,240,520,P0,1.2,SS00201,DTC,1.0,6.8,1.0,1000000,2002-10-14,2002-10-14,2002-10-14,8361.0,22.8911704312115,1.0458145365937077,1.4578234086242299,1.0,1.0,1.05,18.38235294117647,4.476470588235294,7.166129104433807,1389.5,37829.5,0.0013895,0.00378295,0.00517245,0.037066444486228645,25.97857897785507,1428.0,34930.5,0.001428,0.00349305,0.00492105,0.03526487962937398,27.35682442446357,1357.0,35696.5,0.001357,0.00356965,0.00492665,0.035305009952358815,27.324591930420556,1302.5,28645.5,0.0013025,0.00286455,0.00416705,0.029861618284630898,32.4878033222559
SA001,53635,2723061000,35803035,54000,4,400,36.0,,0,0,20119006912.0,1,400-DTC-94,IQT903,53635,SA005,,B,240,520,P0,1.2,SS00201,DTC,1.0,8.6,1.0,1000000,1994-01-01,1994-01-01,1994-01-01,11569.0,31.67419575633128,1.0693147180559945,1.6334839151266256,1.0,1.0,1.05,23.255813953488374,5.451162790697675,9.997671383176868,1389.5,37829.5,0.0013895,0.00378295,0.00517245,0.0517124553459132,18.33770101053671,1428.0,34930.5,0.001428,0.00349305,0.00492105,0.04919904076018253,19.325599535048536,1357.0,35696.5,0.001357,0.00356965,0.00492665,0.049255027719928325,19.302495933738054,1302.5,28645.5,0.0013025,0.00286455,0.00416705,0.041660796537267175,23.003381670954415
SA001,192893,2723061000,35803035,54000,4,150,18.0,,0,0,2002200000000.0,1,150-DTC-02,IQT903,192893,SA005,,B,240,520,P0,1.2,SS00201,DTC,1.0,6.0,1.0,1000000,2002-10-14,2002-10-14,2002-10-14,8361.0,22.8911704312115,1.0202732554054081,1.4578234086242299,1.0,1.0,1.05,12.5,3.3000000000000003,5.153765584009067,1389.5,37829.5,0.0013895,0.00378295,0.00517245,0.0266575947950077,36.51276166097607,1428.0,34930.5,0.001428,0.00349305,0.00492105,0.025361938127187816,38.429163299156826,1357.0,35696.5,0.001357,0.00356965,0.00492665,0.02539079921445827,38.38434515407339,1302.5,28645.5,0.0013025,0.00286455,0.00416705,0.02147599887684498,45.56360832083025
SA001,39095,2723061000,35803035,54000,4,400,28.41,,0,0,20119006912.0,1,400-DTC-94,IQT903,39095,SA005,,B,240,520,P0,1.2,SS00201,DTC,1.0,8.6,1.0,1000000,1994-01-01,1994-01-01,1994-01-01,11569.0,31.67419575633128,1.0693147180559945,1.6334839151266256,1.0,1.0,1.05,23.255813953488374,5.451162790697675,9.997671383176868,1389.5,37829.5,0.0013895,0.00378295,0.00517245,0.0517124553459132,18.33770101053671,1428.0,34930.5,0.001428,0.00349305,0.00492105,0.04919904076018253,19.325599535048536,1357.0,35696.5,0.001357,0.00356965,0.00492665,0.049255027719928325,19.302495933738054,1302.5,28645.5,0.0013025,0.00286455,0.00416705,0.041660796537267175,23.003381670954415
SA001,146477,2723061000,35803035,54000,4,400,10.45,,0,0,20119006912.0,1,400-DTC-94,IQT903,146477,SA005,,B,240,520,P0,1.2,SS00201,DTC,1.0,8.6,1.0,1000000,1994-01-01,1994-01-01,1994-01-01,11569.0,31.67419575633128,1.0693147180559945,1.6334839151266256,1.0,1.0,1.05,23.255813953488374,5.451162790697675,9.997671383176868,1389.5,37829.5,0.0013895,0.00378295,0.00517245,0.0517124553459132,18.33770101053671,1428.0,34930.5,0.001428,0.00349305,0.00492105,0.04919904076018253,19.325599535048536,1357.0,35696.5,0.001357,0.00356965,0.00492665,0.049255027719928325,19.302495933738054,1302.5,28645.5,0.0013025,0.00286455,0.00416705,0.041660796537267175,23.003381670954415
SA001,212550,2723061000,35803035,54000,4,400,109.12,,0,0,20119006912.0,1,400-DTC-94,IQT903,212550,SA005,,B,240,520,P0,1.2,SS00201,DTC,1.0,8.6,1.0,1000000,1994-01-01,1994-01-01,1994-01-01,11569.0,31.67419575633128,1.0693147180559945,1.6334839151266256,1.0,1.0,1.05,23.255813953488374,5.451162790697675,9.997671383176868,1389.5,37829.5,0.0013895,0.00378295,0.00517245,0.0517124553459132,18.33770101053671,1428.0,34930.5,0.001428,0.00349305,0.00492105,0.04919904076018253,19.325599535048536,1357.0,35696.5,0.001357,0.00356965,0.00492665,0.049255027719928325,19.302495933738054,1302.5,28645.5,0.0013025,0.00286455,0.00416705,0.041660796537267175,23.003381670954415
SA001,246575,2723061000,35803035,54000,4,400,6.0,,0,0,20119006912.0,1,400-DTC-94,IQT903,246575,SA005,,B,240,520,P0,1.2,SS00201,DTC,1.0,8.6,1.0,1000000,1994-01-01,1994-01-01,1994-01-01,11569.0,31.67419575633128,1.0693147180559945,1.6334839151266256,1.0,1.0,1.05,23.255813953488374,5.451162790697675,9.997671383176868,1389.5,37829.5,0.0013895,0.00378295,0.00517245,0.0517124553459132,18.33770101053671,1428.0,34930.5,0.001428,0.00349305,0.00492105,0.04919904076018253,19.325599535048536,1357.0,35696.5,0.001357,0.00356965,0.00492665,0.049255027719928325,19.302495933738054,1302.5,28645.5,0.0013025,0.00286455,0.00416705,0.041660796537267175,23.003381670954415
SA001,245698,2723061000,35803035,54000,12,400,3.0,,0,0,20119006912.0,1,400-ST-94,IQT903,245698,SA005,,B,240,520,P0,1.2,SS00201,ST,2.0,12.7,0.9,1000000,1994-01-01,1994-01-01,1994-01-01,11569.0,31.67419575633128,1.0693147180559945,1.6334839151266256,1.0,1.0,1.05,31.496062992125985,3.949606299212599,6.5193758927641925,1389.5,37829.5,0.0013895,0.00378295,0.00517245,0.033721145836528146,28.654982806567574,1428.0,34930.5,0.001428,0.00349305,0.00492105,0.03208217473708723,30.169956781140296,1357.0,35696.5,0.001357,0.00356965,0.00492665,0.032118683242086714,30.134526669812235,1302.5,28645.5,0.0013025,0.00286455,0.00416705,0.02716656531394303,35.809953280577496
SA001,144225,2723061000,35803035,54000,4,400,14.64,,0,0,20119006912.0,1,400-DTC-94,IQT903,144225,SA005,,B,240,520,P0,1.2,SS00201,DTC,1.0,8.6,1.0,1000000,1994-01-01,1994-01-01,1994-01-01,11569.0,31.67419575633128,1.0693147180559945,1.6334839151266256,1.0,1.0,1.05,23.255813953488374,5.451162790697675,9.997671383176868,1389.5,37829.5,0.0013895,0.00378295,0.00517245,0.0517124553459132,18.33770101053671,1428.0,34930.5,0.001428,0.00349305,0.00492105,0.04919904076018253,19.325599535048536,1357.0,35696.5,0.001357,0.00356965,0.00492665,0.049255027719928325,19.302495933738054,1302.5,28645.5,0.0013025,0.00286455,0.00416705,0.041660796537267175,23.003381670954415
SA001,198939,2723061000,35803035,54000,12,700,309.0,,0,0,20119006912.0,1,700-ST-86,IQT903,198939,SA003,,B,240,520,P0,1.2,SS00201,ST,2.0,19.8,0.9,1000000,1986-01-01,1986-01-01,1986-01-01,14491.0,39.67419575633128,1.0972955074527657,1.7934839151266257,1.0,1.0,1.05,35.35353535353535,4.335353535353535,8.062642702336177,1389.5,37829.5,0.0013895,0.00378295,0.00517245,0.04170361624569876,22.97873589926721,1428.0,34930.5,0.001428,0.00349305,0.00492105,0.039676667870331445,24.203729387460942,1357.0,35696.5,0.001357,0.00356965,0.00492665,0.03972181866946453,24.175080937790316,1302.5,28645.5,0.0013025,0.00286455,0.00416705,0.03359743527276997,28.764176696263466
SA001,4149,2723063100,35803035,54000,12,700,83.0,,0,0,20119006912.0,1,700-ST-86,IQT903,4149,SA003,,B,210,521,P0,1.2,SS00201,ST,2.0,19.8,0.9,1000000,1986-01-01,1986-01-01,1986-01-01,14491.0,39.67419575633128,1.0972955074527657,1.7934839151266257,1.0,1.0,1.05,35.35353535353535,4.335353535353535,8.062642702336177,1389.5,37829.5,0.0013895,0.00378295,0.00517245,0.04170361624569876,22.97873589926721,1428.0,34930.5,0.001428,0.00349305,0.00492105,0.039676667870331445,24.203729387460942,1357.0,35696.5,0.001357,0.00356965,0.00492665,0.03972181866946453,24.175080937790316,1302.5,28645.5,0.0013025,0.00286455,0.00416705,0.03359743527276997,28.764176696263466
SA001,175747,2723061000,35803035,54000,12,800,18.26,,0,0,20119006912.0,1,800-ST-79,IQT903,175747,SA002,,B,60,515,P0,1.2,SS00201,ST,2.0,21.4,0.9,1000000,1979-01-01,1979-01-01,1979-01-01,17048.0,46.67488021902806,1.1039720770839918,1.9334976043805612,1.0,1.0,1.05,37.38317757009346,4.538317757009346,9.154369459782785,1389.5,37829.5,0.0013895,0.00378295,0.00517245,0.04735051831225347,20.119093003491322,1428.0,34930.5,0.001428,0.00349305,0.00492105,0.04504910983006407,21.19799689210813,1357.0,35696.5,0.001357,0.00356965,0.00492665,0.04510037429903886,21.17276498348953,1302.5,28645.5,0.0013025,0.00286455,0.00416705,0.03814671525738786,25.214576884344723
SA001,427780,2723061000,35803035,54000,4,400,5.2,,0,0,20129000952.0,1,400-DTC-94,IQT903,427780,SA003,,B,240,520,P0,1.2,SS00201,DTC,1.0,8.6,1.0,1000000,1994-01-01,1994-01-01,1994-01-01,11569.0,31.67419575633128,1.0693147180559945,1.6334839151266256,1.0,1.0,1.05,23.255813953488374,5.451162790697675,9.997671383176868,1389.5,37829.5,0.0013895,0.00378295,0.00517245,0.0517124553459132,18.33770101053671,1428.0,34930.5,0.001428,0.00349305,0.00492105,0.04919904076018253,19.325599535048536,1357.0,35696.5,0.001357,0.00356965,0.00492665,0.049255027719928325,19.302495933738054,1302.5,28645.5,0.0013025,0.00286455,0.00416705,0.041660796537267175,23.003381670954415
SA001,427781,2723061000,35803035,54000,4,500,6.02,,0,0,20129000952.0,1,500-DTC-11,IQT903,427781,SA003,,B,240,520,P0,2.0,SS00201,DTC,1.0,9.5,1.0,1000000,2011-12-26,2011-12-26,2011-12-26,5001.0,13.69199178644764,1.080471895621705,1.2738398357289529,1.0,1.0,1.05,26.31578947368421,6.063157894736842,8.762266908408828,1389.5,37829.5,0.0013895,0.00378295,0.00517245,0.045322387470399246,21.064150981744188,1428.0,34930.5,0.001428,0.00349305,0.00492105,0.04311955356962526,22.191334724402868,1357.0,35696.5,0.001357,0.00356965,0.00492665,0.043168622264312353,22.164973713481317,1302.5,28645.5,0.0013025,0.00286455,0.00416705,0.03651280432068501,26.387652594886724
SA001,415362,2723061000,35803035,54000,12,700,6.22,,0,0,20119006912.0,1,700-ST-86,IQT903,415362,SA003,,B,240,520,P0,1.2,SS00201,ST,2.0,19.8,0.9,1000000,1986-01-01,1986-01-01,1986-01-01,14491.0,39.67419575633128,1.0972955074527657,1.7934839151266257,1.0,1.0,1.05,35.35353535353535,4.335353535353535,8.062642702336177,1389.5,37829.5,0.0013895,0.00378295,0.00517245,0.04170361624569876,22.97873589926721,1428.0,34930.5,0.001428,0.00349305,0.00492105,0.039676667870331445,24.203729387460942,1357.0,35696.5,0.001357,0.00356965,0.00492665,0.03972181866946453,24.175080937790316,1302.5,28645.5,0.0013025,0.00286455,0.00416705,0.03359743527276997,28.764176696263466
SA001,415363,2723061000,35803035,54000,12,500,5.17,,0,0,20119006912.0,1,500-ST-79,IQT903,415363,SA003,,B,240,520,P0,1.2,SS00201,ST,2.0,15.1,0.9,1000000,1979-01-01,1979-01-01,1979-01-01,17048.0,46.67488021902806,1.080471895621705,1.9334976043805612,1.0,1.0,1.05,33.11258278145696,4.111258278145696,8.116404493305657,1389.5,37829.5,0.0013895,0.00378295,0.00517245,0.041981696421398845,22.81990451177389,1428.0,34930.5,0.001428,0.00349305,0.00492105,0.039941232331781804,24.036783835141858,1357.0,35696.5,0.001357,0.00356965,0.00492665,0.039986684196944317,24.008325148310686,1302.5,28645.5,0.0013025,0.00286455,0.00416705,0.03382146334382934,28.567023455904017
SA001,415364,2723061000,35803035,54000,12,500,207.38,,0,0,20119006912.0,1,500-ST-86,IQT903,415364,SA003,,B,240,520,P0,1.2,SS00201,ST,2.0,15.1,0.9,1000000,1986-01-01,1986-01-01,1986-01-01,14491.0,39.67419575633128,1.080471895621705,1.7934839151266257,1.0,1.0,1.05,33.11258278145696,4.111258278145696,7.528657327749165,1389.5,37829.5,0.0013895,0.00378295,0.00517245,0.03894160359491617,24.679476644114114,1428.0,34930.5,0.001428,0.00349305,0.00492105,0.037048899142720026,25.991355293656447,1357.0,35696.5,0.001357,0.00356965,0.00492665,0.037091059623755425,25.96067489426853,1302.5,28645.5,0.0013025,0.00286455,0.00416705,0.031372291517597156,30.87526162821374
SA001,418174,2723062000,35803035,54000,4,500,78.06,,0,0,20119006912.0,1,500-DTC-96,IQT903,418174,SA003,,B,240,520,P0,1.2,SS00201,DTC,1.0,9.5,1.0,1000000,1996-01-01,1996-01-01,1996-01-01,10839.0,29.675564681724847,1.080471895621705,1.593511293634497,1.0,1.0,1.05,26.31578947368421,6.063157894736842,10.961167082986632,1389.5,37829.5,0.0013895,0.00378295,0.00517245,0.05669608867839421,16.637901014167856,1428.0,34930.5,0.001428,0.00349305,0.00492105,0.053940451273731364,17.538962437027166,1357.0,35696.5,0.001357,0.00356965,0.00492665,0.0540018338093961,17.517889661480424,1302.5,28645.5,0.0013025,0.00286455,0.00416705,0.04567573129315945,20.893464465444985
SA001,210305,2723063100,35803045,54000,12,400,31.0,,0,0,20119006912.0,1,400-ST-89,IQT903,210305,SA005,,B,243,520,P0,1.2,SS00201,ST,2.0,12.7,0.9,1000000,1989-01-01,1989-01-01,1989-01-01,13395.0,36.6735112936345,1.0693147180559945,1.73347022587269,1.0,1.0,1.05,31.496062992125985,3.949606299212599,6.918429925588134,1389.5,37829.5,0.0013895,0.00378295,0.00517245,0.035785232868608345,26.944487707308557,1428.0,34930.5,0.001428,0.00349305,0.00492105,0.03404593958531548,28.372078203161557,1357.0,35696.5,0.001357,0.00356965,0.00492665,0.03408468279289878,28.338691695506714,1302.5,28645.5,0.0013025,0.00286455,0.00416705,0.028829443421422036,33.686760524032145
SA001,308843,2723063100,35803045,54000,4,200,2.0,,0,0,2004540000000.0,1,200-DTC-04,IQT903,308843,SA005,,B,243,520,P0,1.3,SS00201,DTC,1.0,6.3,1.0,1000000,2004-12-01,2004-12-01,2004-12-01,7582.0,20.758384668035593,1.0346573590279973,1.4151676933607118,1.0,1.0,1.05,15.873015873015873,3.9746031746031747,6.110651708597699,1389.5,37829.5,0.0013895,0.00378295,0.00517245,0.031607040430136166,30.63852060778637,1428.0,34930.5,0.001428,0.00349305,0.00492105,0.030070822590594702,32.254826900304735,1357.0,35696.5,0.001357,0.00356965,0.00492665,0.030105042240162853,32.21702696918689,1302.5,28645.5,0.0013025,0.00286455,0.00416705,0.02546339120231204,38.27206679011401
SA001,210308,2723061000,35803045,54000,12,400,4.0,,0,0,20119006912.0,1,400-ST-89,IQT903,210308,SA005,,B,240,520,P0,1.2,SS00201,ST,2.0,12.7,0.9,1000000,1989-01-01,1989-01-01,1989-01-01,13395.0,36.6735112936345,1.0693147180559945,1.73347022587269,1.0,1.0,1.05,31.496062992125985,3.949606299212599,6.918429925588134,1389.5,37829.5,0.0013895,0.00378295,0.00517245,0.035785232868608345,26.944487707308557,1428.0,34930.5,0.001428,0.00349305,0.00492105,0.03404593958531548,28.372078203161557,1357.0,35696.5,0.001357,0.00356965,0.00492665,0.03408468279289878,28.338691695506714,1302.5,28645.5,0.0013025,0.00286455,0.00416705,0.028829443421422036,33.686760524032145
SA001,310731,2723063100,35803045,54000,4,200,11.24,,0,0,20119006912.0,1,200-DTC-04,IQT903,310731,SA005,,B,240,520,P0,1.2,SS00201,DTC,1.0,6.3,1.0,1000000,2004-12-01,2004-12-01,2004-12-01,7582.0,20.758384668035593,1.0346573590279973,1.4151676933607118,1.0,1.0,1.05,15.873015873015873,3.9746031746031747,6.110651708597699,1389.5,37829.5,0.0013895,0.00378295,0.00517245,0.031607040430136166,30.63852060778637,1428.0,34930.5,0.001428,0.00349305,0.00492105,0.030070822590594702,32.254826900304735,1357.0,35696.5,0.001357,0.00356965,0.00492665,0.030105042240162853,32.21702696918689,1302.5,28645.5,0.0013025,0.00286455,0.00416705,0.02546339120231204,38.27206679011401
SA001,210307,2723061000,35803045,54000,12,300,14.0,,0,0,20119006912.0,1,300-ST-89,IQT903,210307,SA005,,B,240,520,P0,1.2,SS00201,ST,2.0,7.0,0.9,1000000,1989-01-01,1989-01-01,1989-01-01,13395.0,36.6735112936345,1.0549306144334054,1.73347022587269,1.0,1.0,1.05,42.857142857142854,5.085714285714285,8.788688035175968,1389.5,37829.5,0.0013895,0.00378295,0.00517245,0.04545904942754594,20.997820293049273,1428.0,34930.5,0.001428,0.00349305,0.00492105,0.043249573255502695,22.121615422477465,1357.0,35696.5,0.001357,0.00356965,0.00492665,0.04329878990849968,22.095333659745005,1302.5,28645.5,0.0013025,0.00286455,0.00416705,0.03662290247698002,26.305318048687376
SA001,310736,2723063100,35803045,54000,4,150,2.4,,0,0,20119006912.0,1,150-DTC-04,IQT903,310736,SA005,,B,243,520,P0,1.1,SS00201,DTC,1.0,6.0,1.0,1000000,2004-12-01,2004-12-01,2004-12-01,7582.0,20.758384668035593,1.0202732554054081,1.4151676933607118,1.0,1.0,1.05,12.5,3.3000000000000003,5.002967101843197,1389.5,37829.5,0.0013895,0.00378295,0.00517245,0.025877597185928844,37.643464183133595,1428.0,34930.5,0.001428,0.00349305,0.00492105,0.024619851256525462,39.617629634742464,1357.0,35696.5,0.001357,0.00356965,0.00492665,0.024647867872295788,39.571460589660184,1302.5,28645.5,0.0013025,0.00286455,0.00416705,0.020847614061735693,46.967119740355734
SA001,310737,2723063100,35803045,54000,4,150,2.4,,0,0,20119006912.0,1,150-DTC-04,IQT903,310737,SA005,,B,243,520,P0,1.1,SS00201,DTC,1.0,6.0,1.0,1000000,2004-12-01,2004-12-01,2004-12-01,7582.0,20.758384668035593,1.0202732554054081,1.4151676933607118,1.0,1.0,1.05,12.5,3.3000000000000003,5.002967101843197,1389.5,37829.5,0.0013895,0.00378295,0.00517245,0.025877597185928844,37.643464183133595,1428.0,34930.5,0.001428,0.00349305,0.00492105,0.024619851256525462,39.617629634742464,1357.0,35696.5,0.001357,0.00356965,0.00492665,0.024647867872295788,39.571460589660184,1302.5,28645.5,0.0013025,0.00286455,0.00416705,0.020847614061735693,46.967119740355734
SA001,36299,2723061000,35803045,54000,4,400,4.0,,0,0,20119006912.0,1,400-DTC-01,IQT903,36299,SA004,,B,240,520,P0,1.2,SS00201,DTC,1.0,8.6,1.0,1000000,2001-01-01,2001-01-01,2001-01-01,9012.0,24.673511293634498,1.0693147180559945,1.49347022587269,1.0,1.0,1.05,23.255813953488374,5.451162790697675,9.140723334074972,1389.5,37829.5,0.0013895,0.00378295,0.00517245,0.04727993440933609,20.150621558445646,1428.0,34930.5,0.001428,0.00349305,0.00492105,0.044981956563149635,21.231136135577202,1357.0,35696.5,0.001357,0.00356965,0.00492665,0.045033144613820464,21.205866558408285,1302.5,28645.5,0.0013025,0.00286455,0.00416705,0.038089851169257116,25.253712453649985
SA001,310733,2723063100,35803045,54000,4,400,35.0,,0,0,20119006912.0,1,400-DTC-01,IQT903,310733,SA004,,B,240,520,P0,1.2,SS00201,DTC,1.0,8.6,1.0,1000000,2001-01-01,2001-01-01,2001-01-01,9012.0,24.673511293634498,1.0693147180559945,1.49347022587269,1.0,1.0,1.05,23.255813953488374,5.451162790697675,9.140723334074972,1389.5,37829.5,0.0013895,0.00378295,0.00517245,0.04727993440933609,20.150621558445646,1428.0,34930.5,0.001428,0.00349305,0.00492105,0.044981956563149635,21.231136135577202,1357.0,35696.5,0.001357,0.00356965,0.00492665,0.045033144613820464,21.205866558408285,1302.5,28645.5,0.0013025,0.00286455,0.00416705,0.038089851169257116,25.253712453649985
SA001,310734,2723061000,35803045,54000,4,400,34.0,,0,0,20119006912.0,1,400-DTC-01,IQT903,310734,SA004,,B,240,520,P0,1.2,SS00201,DTC,1.0,8.6,1.0,1000000,2001-01-01,2001-01-01,2001-01-01,9012.0,24.673511293634498,1.0693147180559945,1.49347022587269,1.0,1.0,1.05,23.255813953488374,5.451162790697675,9.140723334074972,1389.5,37829.5,0.0013895,0.00378295,0.00517245,0.04727993440933609,20.150621558445646,1428.0,34930.5,0.001428,0.00349305,0.00492105,0.044981956563149635,21.231136135577202,1357.0,35696.5,0.001357,0.00356965,0.00492665,0.045033144613820464,21.205866558408285,1302.5,28645.5,0.0013025,0.00286455,0.00416705,0.038089851169257116,25.253712453649985
SA001,209417,2723063100,35803035,54000,12,800,313.0,,0,0,20119006912.0,1,800-ST-89,IQT903,209417,SA003,,B,240,520,P0,1.2,SS00201,ST,2.0,21.4,0.9,1000000,1989-01-01,1989-01-01,1989-01-01,13395.0,36.6735112936345,1.1039720770839918,1.73347022587269,1.0,1.0,1.05,37.38317757009346,4.538317757009346,8.20731655380336,1389.5,37829.5,0.0013895,0.00378295,0.00517245,0.04245193450872019,22.556052546782922,1428.0,34930.5,0.001428,0.00349305,0.00492105,0.04038861512709402,23.759452554964355,1357.0,35696.5,0.001357,0.00356965,0.00492665,0.040434576099795325,23.731309103672338,1302.5,28645.5,0.0013025,0.00286455,0.00416705,0.03420029844552629,28.239510923940752
SA001,175753,2723061000,35803035,54000,12,700,171.0,,0,0,20119006912.0,1,700-ST-86,IQT903,175753,SA003,,B,240,520,P0,1.2,SS00201,ST,2.0,19.8,0.9,1000000,1986-01-01,1986-01-01,1986-01-01,14491.0,39.67419575633128,1.0972955074527657,1.7934839151266257,1.0,1.0,1.05,35.35353535353535,4.335353535353535,8.062642702336177,1389.5,37829.5,0.0013895,0.00378295,0.00517245,0.04170361624569876,22.97873589926721,1428.0,34930.5,0.001428,0.00349305,0.00492105,0.039676667870331445,24.203729387460942,1357.0,35696.5,0.001357,0.00356965,0.00492665,0.03972181866946453,24.175080937790316,1302.5,28645.5,0.0013025,0.00286455,0.00416705,0.03359743527276997,28.764176696263466
SA001,71253,2723061000,35803045,54000,12,400,73.0,,0,0,20119006912.0,1,400-ST-89,IQT903,71253,SA005,,B,240,520,P0,1.2,SS00201,ST,2.0,12.7,0.9,1000000,1989-01-01,1989-01-01,1989-01-01,13395.0,36.6735112936345,1.0693147180559945,1.73347022587269,1.0,1.0,1.05,31.496062992125985,3.949606299212599,6.918429925588134,1389.5,37829.5,0.0013895,0.00378295,0.00517245,0.035785232868608345,26.944487707308557,1428.0,34930.5,0.001428,0.00349305,0.00492105,0.03404593958531548,28.372078203161557,1357.0,35696.5,0.001357,0.00356965,0.00492665,0.03408468279289878,28.338691695506714,1302.5,28645.5,0.0013025,0.00286455,0.00416705,0.028829443421422036,33.686760524032145
SA001,144224,2723061000,35803035,54000,12,800,134.0,,0,0,20119006912.0,1,800-ST-79,IQT903,144224,SA002,,B,240,520,P0,1.2,SS00201,ST,2.0,21.4,0.9,1000000,1979-01-01,1979-01-01,1979-01-01,17048.0,46.67488021902806,1.1039720770839918,1.9334976043805612,1.0,1.0,1.05,37.38317757009346,4.538317757009346,9.154369459782785,1389.5,37829.5,0.0013895,0.00378295,0.00517245,0.04735051831225347,20.119093003491322,1428.0,34930.5,0.001428,0.00349305,0.00492105,0.04504910983006407,21.19799689210813,1357.0,35696.5,0.001357,0.00356965,0.00492665,0.04510037429903886,21.17276498348953,1302.5,28645.5,0.0013025,0.00286455,0.00416705,0.03814671525738786,25.214576884344723
SA001,324622,2723063100,35803045,54000,4,200,12.0,,0,0,2004540000000.0,1,200-DTC-04,IQT903,324622,SA005,,B,243,520,P0,1.3,SS00201,DTC,1.0,6.3,1.0,1000000,2004-12-01,2004-12-01,2004-12-01,7582.0,20.758384668035593,1.0346573590279973,1.4151676933607118,1.0,1.0,1.05,15.873015873015873,3.9746031746031747,6.110651708597699,1389.5,37829.5,0.0013895,0.00378295,0.00517245,0.031607040430136166,30.63852060778637,1428.0,34930.5,0.001428,0.00349305,0.00492105,0.030070822590594702,32.254826900304735,1357.0,35696.5,0.001357,0.00356965,0.00492665,0.030105042240162853,32.21702696918689,1302.5,28645.5,0.0013025,0.00286455,0.00416705,0.02546339120231204,38.27206679011401
SA001,408308,2723061000,35803045,54000,12,400,21.92,,0,0,20119006912.0,1,400-ST-89,IQT903,408308,SA003,,B,240,520,P0,1.2,SS00201,ST,2.0,12.7,0.9,1000000,1989-01-01,1989-01-01,1989-01-01,13395.0,36.6735112936345,1.0693147180559945,1.73347022587269,1.0,1.0,1.05,31.496062992125985,3.949606299212599,6.918429925588134,1389.5,37829.5,0.0013895,0.00378295,0.00517245,0.035785232868608345,26.944487707308557,1428.0,34930.5,0.001428,0.00349305,0.00492105,0.03404593958531548,28.372078203161557,1357.0,35696.5,0.001357,0.00356965,0.00492665,0.03408468279289878,28.338691695506714,1302.5,28645.5,0.0013025,0.00286455,0.00416705,0.028829443421422036,33.686760524032145
SA001,408309,2723061000,35803045,54000,12,400,3.13,,0,0,20119006912.0,1,400-ST-89,IQT903,408309,SA003,,B,240,520,P0,1.2,SS00201,ST,2.0,12.7,0.9,1000000,1989-01-01,1989-01-01,1989-01-01,13395.0,36.6735112936345,1.0693147180559945,1.73347022587269,1.0,1.0,1.05,31.496062992125985,3.949606299212599,6.918429925588134,1389.5,37829.5,0.0013895,0.00378295,0.00517245,0.035785232868608345,26.944487707308557,1428.0,34930.5,0.001428,0.00349305,0.00492105,0.03404593958531548,28.372078203161557,1357.0,35696.5,0.001357,0.00356965,0.00492665,0.03408468279289878,28.338691695506714,1302.5,28645.5,0.0013025,0.00286455,0.00416705,0.028829443421422036,33.686760524032145
SA001,415692,2723061000,35803045,54000,4,400,32.81,,0,0,20119006912.0,1,400-DTC-89,IQT903,415692,SA004,,B,240,520,P0,1.2,SS00201,DTC,1.0,8.6,1.0,1000000,1989-01-01,1989-01-01,1989-01-01,13395.0,36.6735112936345,1.0693147180559945,1.73347022587269,1.0,1.0,1.05,23.255813953488374,5.451162790697675,10.609633501933248,1389.5,37829.5,0.0013895,0.00378295,0.00517245,0.05487779880707463,17.22230522611785,1428.0,34930.5,0.001428,0.00349305,0.00492105,0.05221053694468861,18.15322190728265,1357.0,35696.5,0.001357,0.00356965,0.00492665,0.05226995089229944,18.131450918338682,1302.5,28645.5,0.0013025,0.00286455,0.00416705,0.04421087328423094,21.61887010399042
SA001,415693,2723063100,35803045,54000,4,400,10.5,,0,0,20119006912.0,1,400-DTC-01,IQT903,415693,SA004,,B,240,520,P0,1.2,SS00201,DTC,1.0,8.6,1.0,1000000,2001-01-01,2001-01-01,2001-01-01,9012.0,24.673511293634498,1.0693147180559945,1.49347022587269,1.0,1.0,1.05,23.255813953488374,5.451162790697675,9.140723334074972,1389.5,37829.5,0.0013895,0.00378295,0.00517245,0.04727993440933609,20.150621558445646,1428.0,34930.5,0.001428,0.00349305,0.00492105,0.044981956563149635,21.231136135577202,1357.0,35696.5,0.001357,0.00356965,0.00492665,0.045033144613820464,21.205866558408285,1302.5,28645.5,0.0013025,0.00286455,0.00416705,0.038089851169257116,25.253712453649985
SA001,415694,2723061000,35803045,54000,12,700,34.84,,0,0,20119006912.0,1,700-ST-89,IQT903,415694,SA003,,B,240,520,P0,1.2,SS00201,ST,2.0,19.8,0.9,1000000,1989-01-01,1989-01-01,1989-01-01,13395.0,36.6735112936345,1.0972955074527657,1.73347022587269,1.0,1.0,1.05,35.35353535353535,4.335353535353535,7.7928499656283305,1389.5,37829.5,0.0013895,0.00378295,0.00517245,0.04030812680471426,23.80889287772719,1428.0,34930.5,0.001428,0.00349305,0.00492105,0.03834900432335529,25.07629631184402,1357.0,35696.5,0.001357,0.00356965,0.00492665,0.038392644283162816,25.046656037144917,1302.5,28645.5,0.0013025,0.00286455,0.00416705,0.03247319544927154,29.79462880584586
SA001,59818,2723061000,35803035,54000,4,400,109.0,,0,0,20119006912.0,1,400-DTC-89,IQT903,59818,SA005,,B,240,520,P0,1.2,SS00201,DTC,1.0,8.6,1.0,1000000,1989-01-01,1989-01-01,1989-01-01,13395.0,36.6735112936345,1.0693147180559945,1.73347022587269,1.0,1.0,1.05,23.255813953488374,5.451162790697675,10.609633501933248,1389.5,37829.5,0.0013895,0.00378295,0.00517245,0.05487779880707463,17.22230522611785,1428.0,34930.5,0.001428,0.00349305,0.00492105,0.05221053694468861,18.15322190728265,1357.0,35696.5,0.001357,0.00356965,0.00492665,0.05226995089229944,18.131450918338682,1302.5,28645.5,0.0013025,0.00286455,0.00416705,0.04421087328423094,21.61887010399042
SA001,267360,2723061000,35803035,54000,4,400,6.0,,0,0,20119006912.0,1,400-DTC-89,IQT903,267360,SA005,,B,240,520,P0,1.2,SS00201,DTC,1.0,8.6,1.0,1000000,1989-01-01,1989-01-01,1989-01-01,13395.0,36.6735112936345,1.0693147180559945,1.73347022587269,1.0,1.0,1.05,23.255813953488374,5.451162790697675,10.609633501933248,1389.5,37829.5,0.0013895,0.00378295,0.00517245,0.05487779880707463,17.22230522611785,1428.0,34930.5,0.001428,0.00349305,0.00492105,0.05221053694468861,18.15322190728265,1357.0,35696.5,0.001357,0.00356965,0.00492665,0.05226995089229944,18.131450918338682,1302.5,28645.5,0.0013025,0.00286455,0.00416705,0.04421087328423094,21.61887010399042
SA001,7162,2723061000,35803035,54000,4,250,33.33,,0,0,20119006912.0,1,250-DTC-00,IQT903,7162,SA005,,B,240,520,P0,1.4,SS00201,DTC,1.0,6.8,1.0,1000000,2000-01-01,2000-01-01,2000-01-01,9378.0,25.675564681724847,1.0458145365937077,1.513511293634497,1.0,1.0,1.05,18.38235294117647,4.476470588235294,7.439870471992889,1389.5,37829.5,0.0013895,0.00378295,0.00517245,0.038482358022859625,24.985933590815076,1428.0,34930.5,0.001428,0.00349305,0.00492105,0.03661197458620061,26.313468101687945,1357.0,35696.5,0.001357,0.00356965,0.00492665,0.03665363786084377,26.28242156471669,1302.5,28645.5,0.0013025,0.00286455,0.00416705,0.031002312250317972,31.255658607842825
SA001,141947,2723061000,35803035,54000,12,800,14.0,,0,0,20119006912.0,1,800-ST-82,IQT903,141947,SA005,,B,240,520,P0,1.2,SS00201,ST,2.0,21.4,0.9,1000000,1982-01-01,1982-01-01,1982-01-01,15952.0,43.67419575633128,1.1039720770839918,1.8734839151266256,1.0,1.0,1.05,37.38317757009346,4.538317757009346,8.8702276626425,1389.5,37829.5,0.0013895,0.00378295,0.00517245,0.045880809073635204,20.79560518200706,1428.0,34930.5,0.001428,0.00349305,0.00492105,0.04365083383924687,21.90906981714724,1357.0,35696.5,0.001357,0.00356965,0.00492665,0.043700507114157676,21.88302964969552,1302.5,28645.5,0.0013025,0.00286455,0.00416705,0.036962682181614435,26.054313728818325
SA001,408303,2723063100,35803035,54000,12,600,315.96,,0,0,20119006912.0,1,600-ST-89,IQT903,408303,SA003,,B,210,521,P0,2.0,SS00201,ST,2.0,17.5,0.9,1000000,1989-01-01,1989-01-01,1989-01-01,13395.0,36.6735112936345,1.0895879734614027,1.73347022587269,1.0,1.0,1.05,34.285714285714285,4.228571428571429,7.54751816861536,1389.5,37829.5,0.0013895,0.00378295,0.00517245,0.03903916035125452,24.615305016873013,1428.0,34930.5,0.001428,0.00349305,0.00492105,0.03714171428366462,25.92390535241967,1357.0,35696.5,0.001357,0.00356965,0.00492665,0.03718398038540886,25.893301621695237,1302.5,28645.5,0.0013025,0.00286455,0.00416705,0.03145088558452864,30.795607068435658
SA001,408306,2723061000,35803035,54000,12,600,4.27,,0,0,20119006912.0,1,600-ST-89,IQT903,408306,SA003,,B,240,520,P0,1.2,SS00201,ST,2.0,17.5,0.9,1000000,1989-01-01,1989-01-01,1989-01-01,13395.0,36.6735112936345,1.0895879734614027,1.73347022587269,1.0,1.0,1.05,34.285714285714285,4.228571428571429,7.54751816861536,1389.5,37829.5,0.0013895,0.00378295,0.00517245,0.03903916035125452,24.615305016873013,1428.0,34930.5,0.001428,0.00349305,0.00492105,0.03714171428366462,25.92390535241967,1357.0,35696.5,0.001357,0.00356965,0.00492665,0.03718398038540886,25.893301621695237,1302.5,28645.5,0.0013025,0.00286455,0.00416705,0.03145088558452864,30.795607068435658
SA001,408305,2723061000,35803035,54000,12,600,4.55,,0,0,20119006912.0,1,600-ST-89,IQT903,408305,SA003,,B,240,520,P0,1.2,SS00201,ST,2.0,17.5,0.9,1000000,1989-01-01,1989-01-01,1989-01-01,13395.0,36.6735112936345,1.0895879734614027,1.73347022587269,1.0,1.0,1.05,34.285714285714285,4.228571428571429,7.54751816861536,1389.5,37829.5,0.0013895,0.00378295,0.00517245,0.03903916035125452,24.615305016873013,1428.0,34930.5,0.001428,0.00349305,0.00492105,0.03714171428366462,25.92390535241967,1357.0,35696.5,0.001357,0.00356965,0.00492665,0.03718398038540886,25.893301621695237,1302.5,28645.5,0.0013025,0.00286455,0.00416705,0.03145088558452864,30.795607068435658
SA001,408307,2723061000,35803035,54000,12,500,33.53,,0,0,20119006912.0,1,500-ST-89,IQT903,408307,SA003,,B,240,520,P0,1.2,SS00201,ST,2.0,15.1,0.9,1000000,1989-01-01,1989-01-01,1989-01-01,13395.0,36.6735112936345,1.080471895621705,1.73347022587269,1.0,1.0,1.05,33.11258278145696,4.111258278145696,7.276732848496166,1389.5,37829.5,0.0013895,0.00378295,0.00517245,0.03763853682220399,25.568514199257418,1428.0,34930.5,0.001428,0.00349305,0.00492105,0.03580916618409206,26.92581080662644,1357.0,35696.5,0.001357,0.00356965,0.00492665,0.035849915888043635,26.894068234997217,1302.5,28645.5,0.0013025,0.00286455,0.00416705,0.03032250961632595,31.978800655127493
SA001,105328,2723061000,35803035,54000,10,50,10.39,,0,0,20119006912.0,1,50-PFP-00,IQT903,105328,SA005,,B,240,520,P0,0.8,SS00201,PFP,1.6,3.65,0.6,1000000,2000-01-01,2000-01-01,2000-01-01,9378.0,25.675564681724847,0.9653426409720027,1.513511293634497,1.0,1.0,1.05,10.95890410958904,2.16986301369863,1.9972849189044581,1389.5,37829.5,0.0013895,0.00378295,0.00517245,0.010330856378787365,95.79739639526184,1428.0,34930.5,0.001428,0.00349305,0.00492105,0.009828738950174783,100.74245191263496,1357.0,35696.5,0.001357,0.00356965,0.00492665,0.009839923745720649,100.62680380880968,1302.5,28645.5,0.0013025,0.00286455,0.00416705,0.008322786121320824,119.15207232566733
SA001,415695,2723063100,35803035,54000,12,700,4.92,,0,0,20119006912.0,1,700-ST-89,IQT903,415695,SA003,,B,240,520,P0,1.2,SS00201,ST,2.0,19.8,0.9,1000000,1989-01-01,1989-01-01,1989-01-01,13395.0,36.6735112936345,1.0972955074527657,1.73347022587269,1.0,1.0,1.05,35.35353535353535,4.335353535353535,7.7928499656283305,1389.5,37829.5,0.0013895,0.00378295,0.00517245,0.04030812680471426,23.80889287772719,1428.0,34930.5,0.001428,0.00349305,0.00492105,0.03834900432335529,25.07629631184402,1357.0,35696.5,0.001357,0.00356965,0.00492665,0.038392644283162816,25.046656037144917,1302.5,28645.5,0.0013025,0.00286455,0.00416705,0.03247319544927154,29.79462880584586
SA001,324765,2723063100,35803045,54000,4,150,380.83,,0,0,20119006912.0,1,150-DTC-96,IQT903,324765,SA005,,B,210,521,P0,1.1,SS00201,DTC,1.0,6.0,1.0,1000000,1996-01-01,1996-01-01,1996-01-01,10839.0,29.675564681724847,1.0202732554054081,1.593511293634497,1.0,1.0,1.05,12.5,3.3000000000000003,5.63345574935827,1389.5,37829.5,0.0013895,0.00378295,0.00517245,0.029138768190768185,33.31854062783692,1428.0,34930.5,0.001428,0.00349305,0.00492105,0.027722517415379514,35.07176018745086,1357.0,35696.5,0.001357,0.00356965,0.00492665,0.027754064767575925,35.030758318625246,1302.5,28645.5,0.0013025,0.00286455,0.00416705,0.023474891780363383,41.59870543200947
SA001,7238,2723061000,35803035,54000,4,300,92.75,,0,0,2002200000000.0,1,300-DTC-02,IQT903,7238,SA005,,B,240,520,P0,1.2,SS00201,DTC,1.0,7.2,1.0,1000000,2002-10-14,2002-10-14,2002-10-14,8361.0,22.8911704312115,1.0549306144334054,1.4578234086242299,1.0,1.0,1.05,20.833333333333332,4.966666666666667,8.020161767978804,1389.5,37829.5,0.0013895,0.00378295,0.00517245,0.04148388573678197,23.105745694727513,1428.0,34930.5,0.001428,0.00349305,0.00492105,0.03946761706831209,24.337227688947145,1357.0,35696.5,0.001357,0.00356965,0.00492665,0.03951252997421278,24.30842749509166,1302.5,28645.5,0.0013025,0.00286455,0.00416705,0.033420415095256076,28.92183062806862
SA001,226116,2723063100,35803035,54000,12,400,62.0,,0,0,20119006912.0,1,400-ST-82,IQT903,226116,SA005,,B,210,521,P0,1.2,SS00201,ST,2.0,12.7,0.9,1000000,1982-01-01,1982-01-01,1982-01-01,15952.0,43.67419575633128,1.0693147180559945,1.8734839151266256,1.0,1.0,1.05,31.496062992125985,3.949606299212599,7.477236695539294,1389.5,37829.5,0.0013895,0.00378295,0.00517245,0.038675632945842225,24.856073290392104,1428.0,34930.5,0.001428,0.00349305,0.00492105,0.036795855640583644,26.176973672465966,1357.0,35696.5,0.001357,0.00356965,0.00492665,0.036837728166078665,26.146082285303123,1302.5,28645.5,0.0013025,0.00286455,0.00416705,0.031158019172147017,31.094466418902734
SA001,243877,2723061000,35803035,54000,12,500,99.0,,0,0,20119006912.0,1,500-ST-82,IQT903,243877,SA005,,B,210,521,P0,1.2,SS00201,ST,2.0,15.1,0.9,1000000,1982-01-01,1982-01-01,1982-01-01,15952.0,43.67419575633128,1.080471895621705,1.8734839151266256,1.0,1.0,1.05,33.11258278145696,4.111258278145696,7.864480014052659,1389.5,37829.5,0.0013895,0.00378295,0.00517245,0.04067862964868668,23.582932331701226,1428.0,34930.5,0.001428,0.00349305,0.00492105,0.038701499373153835,24.83879219660602,1357.0,35696.5,0.001357,0.00356965,0.00492665,0.03874554046123253,24.809421886902463,1302.5,28645.5,0.0013025,0.00286455,0.00416705,0.03277168144255813,29.514149899595164
SA001,308757,2723063100,35803045,54000,4,100,144.0,,0,0,2004540000000.0,1,100-DTC-04,IQT903,308757,SA005,,B,243,520,P0,1.0,SS00201,DTC,1.0,6.0,1.0,1000000,2004-12-01,2004-12-01,2004-12-01,7582.0,20.758384668035593,1.0,1.4151676933607118,1.0,1.0,1.05,8.333333333333334,2.466666666666667,3.6652843258042442,1389.5,37829.5,0.0013895,0.00378295,0.00517245,0.018958499911006163,51.74678928681801,1428.0,34930.5,0.001428,0.00349305,0.00492105,0.018037047431498976,54.441446489387786,1357.0,35696.5,0.001357,0.00356965,0.00492665,0.018057573023723482,54.37842758194753,1302.5,28645.5,0.0013025,0.00286455,0.00416705,0.015273423049842577,64.4732077240738
SA001,310508,2723063100,35803045,54000,9,50,127.93,,0,0,20119006912.0,1,50-PE-88,IQT903,310508,SA005,,B,243,520,P0,0.8,SS00201,PE,1.6,4.6,1.1,100000,1988-01-01,1988-01-01,1988-01-01,13761.0,37.67556468172484,0.9653426409720027,1.7535112936344968,1.0,1.0,1.05,8.695652173913045,1.8869565217391306,3.6892147408656824,1389.5,37829.5,0.013895,0.0378295,0.0517245,0.190822787863907,4.240464261077616,1428.0,34930.5,0.01428,0.0349305,0.049210500000000004,0.18154810200537067,4.50818206830065,1357.0,35696.5,0.01357,0.0356965,0.0492665,0.18175469803085914,4.501921055323783,1302.5,28645.5,0.013025,0.0286455,0.0416705,0.1537314228592434,5.504851001838451
SA001,106662,2723063100,35803045,54000,10,80,126.71,,0,0,20119006912.0,1,80-PFP-97,IQT903,106662,SA005,,B,243,520,P0,1.0,SS00201,PFP,1.6,4.5,0.6,1000000,1997-01-01,1997-01-01,1997-01-01,10473.0,28.673511293634498,0.9888428224342896,1.5734702258726898,1.0,1.0,1.05,14.222222222222221,2.5777777777777775,2.52680553640927,1389.5,37829.5,0.0013895,0.00378295,0.00517245,0.013069775296800128,75.5124095320009,1428.0,34930.5,0.001428,0.00349305,0.00492105,0.012434536384946836,79.42117285615836,1357.0,35696.5,0.001357,0.00356965,0.00492665,0.01244868649595073,79.32976011768605,1302.5,28645.5,0.0013025,0.00286455,0.00416705,0.010529325010494249,93.97284954195368
SA001,310513,2723063100,35803045,54000,13,25,1.4,,0,0,20119006912.0,1,25-STS-89,IQT903,310513,SA005,,B,243,520,P0,0.8,SS00201,STS,2.0,2.8,0.7,1000000,1989-01-01,1989-01-01,1989-01-01,13395.0,36.6735112936345,0.9306852819440055,1.73347022587269,1.0,1.0,1.05,8.928571428571429,1.692857142857143,2.007367469835859,1389.5,37829.5,0.0013895,0.00378295,0.00517245,0.010383007869352489,95.31120505568514,1428.0,34930.5,0.001428,0.00349305,0.00492105,0.009878355687435754,100.23142268220778,1357.0,35696.5,0.001357,0.00356965,0.00492665,0.009889596945266836,100.11635545254454,1302.5,28645.5,0.0013025,0.00286455,0.00416705,0.008364800615179517,118.5485757526976
SA001,211680,2723063100,35803045,54000,10,80,36.89,,0,0,20119006912.0,1,80-PFP-97,IQT903,211680,SA005,,B,243,520,P0,1.0,SS00201,PFP,1.6,4.5,0.6,1000000,1997-01-01,1997-01-01,1997-01-01,10473.0,28.673511293634498,0.9888428224342896,1.5734702258726898,1.0,1.0,1.05,14.222222222222221,2.5777777777777775,2.52680553640927,1389.5,37829.5,0.0013895,0.00378295,0.00517245,0.013069775296800128,75.5124095320009,1428.0,34930.5,0.001428,0.00349305,0.00492105,0.012434536384946836,79.42117285615836,1357.0,35696.5,0.001357,0.00356965,0.00492665,0.01244868649595073,79.32976011768605,1302.5,28645.5,0.0013025,0.00286455,0.00416705,0.010529325010494249,93.97284954195368
SA001,4156,2723063100,35803045,54000,10,40,115.0,,0,0,20119006912.0,1,40-PFP-96,IQT903,4156,SA005,,B,243,520,P0,0.8,SS00201,PFP,1.6,3.25,0.6,1000000,1996-01-01,1996-01-01,1996-01-01,10839.0,29.675564681724847,0.9541854634062923,1.593511293634497,1.0,1.0,1.05,9.846153846153847,2.0307692307692307,1.9453111039878208,1389.5,37829.5,0.0013895,0.00378295,0.00517245,0.010062024419821805,98.38357911654816,1428.0,34930.5,0.001428,0.00349305,0.00492105,0.009572973208279266,103.46075406699579,1357.0,35696.5,0.001357,0.00356965,0.00492665,0.009583866950461598,103.34201613700782,1302.5,28645.5,0.0013025,0.00286455,0.00416705,0.008106208635872449,122.36223318688032
SA001,308758,2723063100,35803045,54000,4,100,174.0,,0,0,2004540000000.0,1,100-DTC-04,IQT903,308758,SA005,,B,243,520,P0,1.0,SS00201,DTC,1.0,6.0,1.0,1000000,2004-12-01,2004-12-01,2004-12-01,7582.0,20.758384668035593,1.0,1.4151676933607118,1.0,1.0,1.05,8.333333333333334,2.466666666666667,3.6652843258042442,1389.5,37829.5,0.0013895,0.00378295,0.00517245,0.018958499911006163,51.74678928681801,1428.0,34930.5,0.001428,0.00349305,0.00492105,0.018037047431498976,54.441446489387786,1357.0,35696.5,0.001357,0.00356965,0.00492665,0.018057573023723482,54.37842758194753,1302.5,28645.5,0.0013025,0.00286455,0.00416705,0.015273423049842577,64.4732077240738
SA001,308847,2723063100,35803045,54000,4,100,4.0,,0,0,2004540000000.0,1,100-DTC-04,IQT903,308847,SA005,,B,243,520,P0,1.0,SS00201,DTC,1.0,6.0,1.0,1000000,2004-12-01,2004-12-01,2004-12-01,7582.0,20.758384668035593,1.0,1.4151676933607118,1.0,1.0,1.05,8.333333333333334,2.466666666666667,3.6652843258042442,1389.5,37829.5,0.0013895,0.00378295,0.00517245,0.018958499911006163,51.74678928681801,1428.0,34930.5,0.001428,0.00349305,0.00492105,0.018037047431498976,54.441446489387786,1357.0,35696.5,0.001357,0.00356965,0.00492665,0.018057573023723482,54.37842758194753,1302.5,28645.5,0.0013025,0.00286455,0.00416705,0.015273423049842577,64.4732077240738
SA001,106307,2723063100,35803045,54000,10,50,49.2,,0,0,20119006912.0,1,50-PFP-94,IQT903,106307,SA005,,B,243,520,P0,0.8,SS00201,PFP,1.6,3.65,0.6,1000000,1994-01-01,1994-01-01,1994-01-01,11569.0,31.67419575633128,0.9653426409720027,1.6334839151266256,1.0,1.0,1.05,10.95890410958904,2.16986301369863,2.1556051829126948,1389.5,37829.5,0.0013895,0.00378295,0.00517245,0.011149760028356768,88.68802893127183,1428.0,34930.5,0.001428,0.00349305,0.00492105,0.010607840885372515,93.26989062203332,1357.0,35696.5,0.001357,0.00356965,0.00492665,0.010619912274396829,93.16273639198175,1302.5,28645.5,0.0013025,0.00286455,0.00416705,0.008982514577456345,110.32740073806576
SA001,308845,2723063100,35803045,54000,10,80,100.0,,0,0,20119006912.0,1,80-PFP-96,IQT903,308845,SA005,,B,243,520,P0,1.0,SS00201,PFP,1.6,4.5,0.6,1000000,1996-01-01,1996-01-01,1996-01-01,10839.0,29.675564681724847,0.9888428224342896,1.593511293634497,1.0,1.0,1.05,14.222222222222221,2.5777777777777775,2.558989101209806,1389.5,37829.5,0.0013895,0.00378295,0.00517245,0.013236243176552661,74.55013810651724,1428.0,34930.5,0.001428,0.00349305,0.00492105,0.012592913316508515,78.40974219913538,1357.0,35696.5,0.001357,0.00356965,0.00492665,0.012607243655475291,78.31947912862799,1302.5,28645.5,0.0013025,0.00286455,0.00416705,0.010663435534196321,92.77840723030803
SA001,214924,2723061000,35803035,54000,12,100,14.0,,0,0,20119006912.0,1,100-ST-82,IQT903,214924,SA005,,B,240,520,P0,1.0,SS00201,ST,2.0,4.5,0.9,1000000,1982-01-01,1982-01-01,1982-01-01,15952.0,43.67419575633128,1.0,1.8734839151266256,1.0,1.0,1.05,22.22222222222222,3.022222222222222,5.350670061601643,1389.5,37829.5,0.0013895,0.00378295,0.00517245,0.02767607336013142,35.13229329853357,1428.0,34930.5,0.001428,0.00349305,0.00492105,0.026330914906644763,36.9781714211398,1357.0,35696.5,0.001357,0.00356965,0.00492665,0.026360878658989735,36.935002582282074,1302.5,28645.5,0.0013025,0.00286455,0.00416705,0.022296509680197127,43.850069106922156
SA001,211679,2723063100,35803045,54000,10,40,48.11,,0,0,20119006912.0,1,40-PFP-93,IQT903,211679,SA005,,B,243,520,P0,0.8,SS00201,PFP,1.6,3.25,0.6,1000000,1993-01-01,1993-01-01,1993-01-01,11934.0,32.6735112936345,0.9541854634062923,1.6534702258726899,1.0,1.0,1.05,9.846153846153847,2.0307692307692307,2.018507181814279,1389.5,37829.5,0.0013895,0.00378295,0.00517245,0.010440627472575266,94.77968399186086,1428.0,34930.5,0.001428,0.00349305,0.00492105,0.009933174767067156,99.67274798339801,1357.0,35696.5,0.001357,0.00356965,0.00492665,0.009944478407285318,99.55831578531064,1302.5,28645.5,0.0013025,0.00286455,0.00416705,0.008411220351979191,117.88881258053075
SA001,175745,2723061000,35803035,54000,12,600,29.0,,0,0,20119006912.0,1,600-ST-82,IQT903,175745,SA005,,B,240,520,P0,1.2,SS00201,ST,2.0,17.5,0.9,1000000,1982-01-01,1982-01-01,1982-01-01,15952.0,43.67419575633128,1.0895879734614027,1.8734839151266256,1.0,1.0,1.05,34.285714285714285,4.228571428571429,8.157136867411838,1389.5,37829.5,0.0013895,0.00378295,0.00517245,0.04219238258984436,22.70096066204847,1428.0,34930.5,0.001428,0.00349305,0.00492105,0.04014167838137702,23.911763541604458,1357.0,35696.5,0.001357,0.00356965,0.00492665,0.04018735834783453,23.883446962218265,1302.5,28645.5,0.0013025,0.00286455,0.00416705,0.033991197183348504,28.41938157123447
SA001,37782,2723063100,35803045,54000,4,80,85.49,,0,0,20119006912.0,1,80-DTC-90,IQT903,37782,SA005,,B,243,520,P0,1.0,SS00201,DTC,1.0,6.0,1.0,1000000,1990-01-01,1990-01-01,1990-01-01,13030.0,35.67419575633128,0.9888428224342896,1.7134839151266257,1.0,1.0,1.05,6.666666666666667,2.1333333333333337,3.7953804466582364,1389.5,37829.5,0.0013895,0.00378295,0.00517245,0.019631415591317397,49.938761667410326,1428.0,34930.5,0.001428,0.00349305,0.00492105,0.01867725694702751,52.541052780727,1357.0,35696.5,0.001357,0.00356965,0.00492665,0.0186985110775288,52.48019400334843,1302.5,28645.5,0.0013025,0.00286455,0.00416705,0.015815540090247205,62.22895040534588
SA001,3661,2723063100,35803045,54000,10,50,19.24,,0,0,20119006912.0,1,50-PFP-92,IQT903,3661,SA005,,B,243,520,P0,0.8,SS00201,PFP,1.6,3.65,0.6,1000000,1992-01-01,1992-01-01,1992-01-01,12300.0,33.67556468172484,0.9653426409720027,1.673511293634497,1.0,1.0,1.05,10.95890410958904,2.16986301369863,2.2084267771573414,1389.5,37829.5,0.0013895,0.00378295,0.00517245,0.011422977083507492,86.54285268100566,1428.0,34930.5,0.001428,0.00349305,0.00492105,0.010867778591730133,91.0151244856012,1357.0,35696.5,0.001357,0.00356965,0.00492665,0.010880145781682216,90.91053319189871,1302.5,28645.5,0.0013025,0.00286455,0.00416705,0.0092026248017535,107.66464965619988
SA001,175746,2723061000,35803035,54000,12,800,108.0,,0,0,20119006912.0,1,800-ST-82,IQT903,175746,SA005,,B,240,520,P0,1.2,SS00201,ST,2.0,21.4,0.9,1000000,1982-01-01,1982-01-01,1982-01-01,15952.0,43.67419575633128,1.1039720770839918,1.8734839151266256,1.0,1.0,1.05,37.38317757009346,4.538317757009346,8.8702276626425,1389.5,37829.5,0.0013895,0.00378295,0.00517245,0.045880809073635204,20.79560518200706,1428.0,34930.5,0.001428,0.00349305,0.00492105,0.04365083383924687,21.90906981714724,1357.0,35696.5,0.001357,0.00356965,0.00492665,0.043700507114157676,21.88302964969552,1302.5,28645.5,0.0013025,0.00286455,0.00416705,0.036962682181614435,26.054313728818325
SA001,308844,2723063100,35803045,54000,4,100,3.0,,0,0,2004540000000.0,1,100-DTC-04,IQT903,308844,SA005,,B,243,520,P0,1.0,SS00201,DTC,1.0,6.0,1.0,1000000,2004-12-01,2004-12-01,2004-12-01,7582.0,20.758384668035593,1.0,1.4151676933607118,1.0,1.0,1.05,8.333333333333334,2.466666666666667,3.6652843258042442,1389.5,37829.5,0.0013895,0.00378295,0.00517245,0.018958499911006163,51.74678928681801,1428.0,34930.5,0.001428,0.00349305,0.00492105,0.018037047431498976,54.441446489387786,1357.0,35696.5,0.001357,0.00356965,0.00492665,0.018057573023723482,54.37842758194753,1302.5,28645.5,0.0013025,0.00286455,0.00416705,0.015273423049842577,64.4732077240738
SA001,72675,2723063100,35803045,54000,10,40,65.76,,0,0,20119006912.0,1,40-PFP-94,IQT903,72675,SA005,,B,243,520,P0,0.8,SS00201,PFP,1.6,3.25,0.6,1000000,1994-01-01,1994-01-01,1994-01-01,11569.0,31.67419575633128,0.9541854634062923,1.6334839151266256,1.0,1.0,1.05,9.846153846153847,2.0307692307692307,1.9941084892054595,1389.5,37829.5,0.0013895,0.00378295,0.00517245,0.01031442645499078,95.95158566147282,1428.0,34930.5,0.001428,0.00349305,0.00492105,0.009813107580804526,100.90451819320778,1357.0,35696.5,0.001357,0.00356965,0.00492665,0.009824274588344077,100.78868587268937,1302.5,28645.5,0.0013025,0.00286455,0.00416705,0.00830954977994361,119.34346342248955
SA001,177622,2723063100,35803045,54000,10,50,71.81,,0,0,20119006912.0,1,50-PFP-92,IQT903,177622,SA005,,B,243,520,P0,0.8,SS00201,PFP,1.6,3.65,0.6,1000000,1992-01-01,1992-01-01,1992-01-01,12300.0,33.67556468172484,0.9653426409720027,1.673511293634497,1.0,1.0,1.05,10.95890410958904,2.16986301369863,2.2084267771573414,1389.5,37829.5,0.0013895,0.00378295,0.00517245,0.011422977083507492,86.54285268100566,1428.0,34930.5,0.001428,0.00349305,0.00492105,0.010867778591730133,91.0151244856012,1357.0,35696.5,0.001357,0.00356965,0.00492665,0.010880145781682216,90.91053319189871,1302.5,28645.5,0.0013025,0.00286455,0.00416705,0.0092026248017535,107.66464965619988
SA001,38251,2723063100,35803045,54000,10,50,24.45,,0,0,20119006912.0,1,50-PFP-94,IQT903,38251,SA005,,B,243,520,P0,0.8,SS00201,PFP,1.6,3.65,0.6,1000000,1994-01-01,1994-01-01,1994-01-01,11569.0,31.67419575633128,0.9653426409720027,1.6334839151266256,1.0,1.0,1.05,10.95890410958904,2.16986301369863,2.1556051829126948,1389.5,37829.5,0.0013895,0.00378295,0.00517245,0.011149760028356768,88.68802893127183,1428.0,34930.5,0.001428,0.00349305,0.00492105,0.010607840885372515,93.26989062203332,1357.0,35696.5,0.001357,0.00356965,0.00492665,0.010619912274396829,93.16273639198175,1302.5,28645.5,0.0013025,0.00286455,0.00416705,0.008982514577456345,110.32740073806576
SA001,143369,2723063100,35803045,54000,10,50,75.02,,0,0,20119006912.0,1,50-PFP-94,IQT903,143369,SA005,,B,243,520,P0,0.8,SS00201,PFP,1.6,3.65,0.6,1000000,1994-01-01,1994-01-01,1994-01-01,11569.0,31.67419575633128,0.9653426409720027,1.6334839151266256,1.0,1.0,1.05,10.95890410958904,2.16986301369863,2.1556051829126948,1389.5,37829.5,0.0013895,0.00378295,0.00517245,0.011149760028356768,88.68802893127183,1428.0,34930.5,0.001428,0.00349305,0.00492105,0.010607840885372515,93.26989062203332,1357.0,35696.5,0.001357,0.00356965,0.00492665,0.010619912274396829,93.16273639198175,1302.5,28645.5,0.0013025,0.00286455,0.00416705,0.008982514577456345,110.32740073806576
SA001,308849,2723063100,35803045,54000,10,80,30.79,,0,0,20119006912.0,1,80-PFP-96,IQT903,308849,SA005,,B,243,520,P0,1.0,SS00201,PFP,1.6,4.5,0.6,1000000,1996-01-01,1996-01-01,1996-01-01,10839.0,29.675564681724847,0.9888428224342896,1.593511293634497,1.0,1.0,1.05,14.222222222222221,2.5777777777777775,2.558989101209806,1389.5,37829.5,0.0013895,0.00378295,0.00517245,0.013236243176552661,74.55013810651724,1428.0,34930.5,0.001428,0.00349305,0.00492105,0.012592913316508515,78.40974219913538,1357.0,35696.5,0.001357,0.00356965,0.00492665,0.012607243655475291,78.31947912862799,1302.5,28645.5,0.0013025,0.00286455,0.00416705,0.010663435534196321,92.77840723030803
SA001,72676,2723063100,35803045,54000,10,50,33.0,,0,0,20119006912.0,1,50-PFP-92,IQT903,72676,SA005,,B,243,520,P0,0.8,SS00201,PFP,1.6,3.65,0.6,1000000,1992-01-01,1992-01-01,1992-01-01,12300.0,33.67556468172484,0.9653426409720027,1.673511293634497,1.0,1.0,1.05,10.95890410958904,2.16986301369863,2.2084267771573414,1389.5,37829.5,0.0013895,0.00378295,0.00517245,0.011422977083507492,86.54285268100566,1428.0,34930.5,0.001428,0.00349305,0.00492105,0.010867778591730133,91.0151244856012,1357.0,35696.5,0.001357,0.00356965,0.00492665,0.010880145781682216,90.91053319189871,1302.5,28645.5,0.0013025,0.00286455,0.00416705,0.0092026248017535,107.66464965619988
SA001,5002,2723063100,35803045,54000,4,400,163.98,,0,0,20119006912.0,1,400-DTC-01,IQT903,5002,SA004,,B,243,520,P0,1.2,SS00201,DTC,1.0,8.6,1.0,1000000,2001-01-01,2001-01-01,2001-01-01,9012.0,24.673511293634498,1.0693147180559945,1.49347022587269,1.0,1.0,1.05,23.255813953488374,5.451162790697675,9.140723334074972,1389.5,37829.5,0.0013895,0.00378295,0.00517245,0.04727993440933609,20.150621558445646,1428.0,34930.5,0.001428,0.00349305,0.00492105,0.044981956563149635,21.231136135577202,1357.0,35696.5,0.001357,0.00356965,0.00492665,0.045033144613820464,21.205866558408285,1302.5,28645.5,0.0013025,0.00286455,0.00416705,0.038089851169257116,25.253712453649985
SA001,210306,2723063100,35803035,54000,12,800,9.0,,0,0,20119006912.0,1,800-ST-89,IQT903,210306,SA003,,B,210,521,P0,1.2,SS00201,ST,2.0,21.4,0.9,1000000,1989-01-01,1989-01-01,1989-01-01,13395.0,36.6735112936345,1.1039720770839918,1.73347022587269,1.0,1.0,1.05,37.38317757009346,4.538317757009346,8.20731655380336,1389.5,37829.5,0.0013895,0.00378295,0.00517245,0.04245193450872019,22.556052546782922,1428.0,34930.5,0.001428,0.00349305,0.00492105,0.04038861512709402,23.759452554964355,1357.0,35696.5,0.001357,0.00356965,0.00492665,0.040434576099795325,23.731309103672338,1302.5,28645.5,0.0013025,0.00286455,0.00416705,0.03420029844552629,28.239510923940752
SA001,199046,2723061000,35803035,54000,3,600,53.15,,0,0,20119006912.0,1,600-DT-78,IQT903,199046,SA003,,B,210,521,P0,1.2,SS00201,DT,2.0,10.7,0.8,1000000,1978-01-01,1978-01-01,1978-01-01,17413.0,47.67419575633128,1.0895879734614027,1.9534839151266254,1.0,1.0,1.05,56.07476635514019,6.407476635514019,11.456143840645979,1389.5,37829.5,0.0013895,0.00378295,0.00517245,0.0592563312085493,15.875833849391665,1428.0,34930.5,0.001428,0.00349305,0.00492105,0.05637625664701089,16.73796380737565,1357.0,35696.5,0.001357,0.00356965,0.00492665,0.05644041105251851,16.717801506964353,1302.5,28645.5,0.0013025,0.00286455,0.00416705,0.047738324191163826,19.947530457826502
SA001,324623,2723063100,35803045,54000,4,200,166.5,,0,0,2004540000000.0,1,200-DTC-04,IQT903,324623,SA005,,B,243,520,P0,1.3,SS00201,DTC,1.0,6.3,1.0,1000000,2004-12-01,2004-12-01,2004-12-01,7582.0,20.758384668035593,1.0346573590279973,1.4151676933607118,1.0,1.0,1.05,15.873015873015873,3.9746031746031747,6.110651708597699,1389.5,37829.5,0.0013895,0.00378295,0.00517245,0.031607040430136166,30.63852060778637,1428.0,34930.5,0.001428,0.00349305,0.00492105,0.030070822590594702,32.254826900304735,1357.0,35696.5,0.001357,0.00356965,0.00492665,0.030105042240162853,32.21702696918689,1302.5,28645.5,0.0013025,0.00286455,0.00416705,0.02546339120231204,38.27206679011401
SA001,143234,2723063100,35803045,54000,4,200,4.51,,0,0,20119006912.0,1,200-DTC-95,IQT903,143234,SA005,,B,243,520,P0,1.3,SS00201,DTC,1.0,6.3,1.0,1000000,1995-01-01,1995-01-01,1995-01-01,11204.0,30.67488021902806,1.0346573590279973,1.6134976043805613,1.0,1.0,1.05,15.873015873015873,3.9746031746031747,6.967034323410943,1389.5,37829.5,0.0013895,0.00378295,0.00517245,0.03603663668612694,26.749537469598852,1428.0,34930.5,0.001428,0.00349305,0.00492105,0.03428512425722142,28.167168609265627,1357.0,35696.5,0.001357,0.00356965,0.00492665,0.034324139649432525,28.134015017228055,1302.5,28645.5,0.0013025,0.00286455,0.00416705,0.029031980377369572,33.44477390111148
SA001,141944,2723061000,35803035,54000,12,600,2.0,,0,0,20119006912.0,1,600-ST-82,IQT903,141944,SA005,,B,240,520,P0,1.2,SS00201,ST,2.0,17.5,0.9,1000000,1982-01-01,1982-01-01,1982-01-01,15952.0,43.67419575633128,1.0895879734614027,1.8734839151266256,1.0,1.0,1.05,34.285714285714285,4.228571428571429,8.157136867411838,1389.5,37829.5,0.0013895,0.00378295,0.00517245,0.04219238258984436,22.70096066204847,1428.0,34930.5,0.001428,0.00349305,0.00492105,0.04014167838137702,23.911763541604458,1357.0,35696.5,0.001357,0.00356965,0.00492665,0.04018735834783453,23.883446962218265,1302.5,28645.5,0.0013025,0.00286455,0.00416705,0.033991197183348504,28.41938157123447
SA001,72433,2723063000,35803045,54000,10,50,137.74,,0,0,20119006912.0,1,50-PFP-97,IQT903,72433,SA005,,B,480,520,P0,0.8,SS00201,PFP,1.6,3.65,0.6,1000000,1997-01-01,1997-01-01,1997-01-01,10473.0,28.673511293634498,0.9653426409720027,1.5734702258726898,1.0,1.0,1.05,10.95890410958904,2.16986301369863,2.0764089212271504,1389.5,37829.5,0.0013895,0.00378295,0.00517245,0.010740121324601375,92.10881784076265,1428.0,34930.5,0.001428,0.00349305,0.00492105,0.010218112121804868,96.86543620577984,1357.0,35696.5,0.001357,0.00356965,0.00492665,0.01022974001176374,96.75419500887071,1302.5,28645.5,0.0013025,0.00286455,0.00416705,0.008652499795199598,114.57353639636021
SA001,116631,2723063000,35803045,54000,4,80,123.42,,0,0,20119006912.0,1,80-DTC-90,IQT903,116631,SA005,,B,480,520,P0,1.0,SS00201,DTC,1.0,6.0,1.0,1000000,1990-01-01,1990-01-01,1990-01-01,13030.0,35.67419575633128,0.9888428224342896,1.7134839151266257,1.0,1.0,1.05,6.666666666666667,2.1333333333333337,3.7953804466582364,1389.5,37829.5,0.0013895,0.00378295,0.00517245,0.019631415591317397,49.938761667410326,1428.0,34930.5,0.001428,0.00349305,0.00492105,0.01867725694702751,52.541052780727,1357.0,35696.5,0.001357,0.00356965,0.00492665,0.0186985110775288,52.48019400334843,1302.5,28645.5,0.0013025,0.00286455,0.00416705,0.015815540090247205,62.22895040534588
SA001,3903,2723063000,35803045,54000,10,50,137.72,,0,0,20119006912.0,1,50-PFP-97,IQT903,3903,SA005,,B,480,520,P0,0.8,SS00201,PFP,1.6,3.65,0.6,1000000,1997-01-01,1997-01-01,1997-01-01,10473.0,28.673511293634498,0.9653426409720027,1.5734702258726898,1.0,1.0,1.05,10.95890410958904,2.16986301369863,2.0764089212271504,1389.5,37829.5,0.0013895,0.00378295,0.00517245,0.010740121324601375,92.10881784076265,1428.0,34930.5,0.001428,0.00349305,0.00492105,0.010218112121804868,96.86543620577984,1357.0,35696.5,0.001357,0.00356965,0.00492665,0.01022974001176374,96.75419500887071,1302.5,28645.5,0.0013025,0.00286455,0.00416705,0.008652499795199598,114.57353639636021
SA001,324766,2723063100,35803045,54000,4,80,4.0,,0,0,2006540000000.0,1,80-DTC-06,IQT903,324766,SA005,,B,243,520,P0,1.0,SS00201,DTC,1.0,6.0,1.0,1000000,2006-07-18,2006-07-18,2006-07-18,6988.0,19.132101300479125,0.9888428224342896,1.3826420260095826,1.0,1.0,1.05,6.666666666666667,2.1333333333333337,3.0625630412509,1389.5,37829.5,0.0013895,0.00378295,0.00517245,0.015840954202718218,62.12751032563465,1428.0,34930.5,0.001428,0.00349305,0.00492105,0.01507102585414774,65.35248387718657,1357.0,35696.5,0.001357,0.00356965,0.00492665,0.015088176207178746,65.27706266607714,1302.5,28645.5,0.0013025,0.00286455,0.00416705,0.012761853321044564,77.358524803837
SA001,38252,2723063100,35803045,54000,10,40,84.0,,0,0,20119006912.0,1,40-PFP-93,IQT903,38252,SA005,,B,243,520,P0,0.8,SS00201,PFP,1.6,3.25,0.6,1000000,1993-01-01,1993-01-01,1993-01-01,11934.0,32.6735112936345,0.9541854634062923,1.6534702258726899,1.0,1.0,1.05,9.846153846153847,2.0307692307692307,2.018507181814279,1389.5,37829.5,0.0013895,0.00378295,0.00517245,0.010440627472575266,94.77968399186086,1428.0,34930.5,0.001428,0.00349305,0.00492105,0.009933174767067156,99.67274798339801,1357.0,35696.5,0.001357,0.00356965,0.00492665,0.009944478407285318,99.55831578531064,1302.5,28645.5,0.0013025,0.00286455,0.00416705,0.008411220351979191,117.88881258053075
SA001,211678,2723063100,35803045,54000,4,80,23.7,,0,0,20119006912.0,1,80-DTC-88,IQT903,211678,SA005,,B,243,520,P0,1.0,SS00201,DTC,1.0,6.0,1.0,1000000,1988-01-01,1988-01-01,1988-01-01,13761.0,37.67556468172484,0.9888428224342896,1.7535112936344968,1.0,1.0,1.05,6.666666666666667,2.1333333333333337,3.884041407160182,1389.5,37829.5,0.0013895,0.00378295,0.00517245,0.020090009976465685,48.77598324597368,1428.0,34930.5,0.001428,0.00349305,0.00492105,0.019113561966705613,51.318871895354974,1357.0,35696.5,0.001357,0.00356965,0.00492665,0.01913531259858571,51.25940234046189,1302.5,28645.5,0.0013025,0.00286455,0.00416705,0.016184994745706838,60.78562401234363
SA001,308850,2723063100,35803045,54000,4,100,3.0,,0,0,2004540000000.0,1,100-DTC-04,IQT903,308850,SA005,,B,243,520,P0,1.0,SS00201,DTC,1.0,6.0,1.0,1000000,2004-12-01,2004-12-01,2004-12-01,7582.0,20.758384668035593,1.0,1.4151676933607118,1.0,1.0,1.05,8.333333333333334,2.466666666666667,3.6652843258042442,1389.5,37829.5,0.0013895,0.00378295,0.00517245,0.018958499911006163,51.74678928681801,1428.0,34930.5,0.001428,0.00349305,0.00492105,0.018037047431498976,54.441446489387786,1357.0,35696.5,0.001357,0.00356965,0.00492665,0.018057573023723482,54.37842758194753,1302.5,28645.5,0.0013025,0.00286455,0.00416705,0.015273423049842577,64.4732077240738
SA001,211681,2723063100,35803045,54000,4,80,83.42,,0,0,20119006912.0,1,80-DTC-94,IQT903,211681,SA005,,B,243,520,P0,1.0,SS00201,DTC,1.0,6.0,1.0,1000000,1994-01-01,1994-01-01,1994-01-01,11569.0,31.67419575633128,0.9888428224342896,1.6334839151266256,1.0,1.0,1.05,6.666666666666667,2.1333333333333337,3.6181798128780107,1389.5,37829.5,0.0013895,0.00378295,0.00517245,0.018714854173120868,52.433491426091145,1428.0,34930.5,0.001428,0.00349305,0.00492105,0.017805243768163333,55.16322994622798,1357.0,35696.5,0.001357,0.00356965,0.00492665,0.017825505575115454,55.0993906055606,1302.5,28645.5,0.0013025,0.00286455,0.00416705,0.015077136189253316,65.32559309988724
SA001,106812,2723063100,35803045,54000,4,150,103.8,,0,0,20119006912.0,1,150-DTC-94,IQT903,106812,SA005,,B,243,520,P0,1.1,SS00201,DTC,1.0,6.0,1.0,1000000,1994-01-01,1994-01-01,1994-01-01,11569.0,31.67419575633128,1.0202732554054081,1.6334839151266256,1.0,1.0,1.05,12.5,3.3000000000000003,5.774768832774297,1389.5,37829.5,0.0013895,0.00378295,0.00517245,0.029869703049083415,32.47873925484794,1428.0,34930.5,0.001428,0.00349305,0.00492105,0.028417926164523953,34.18905616865064,1357.0,35696.5,0.001357,0.00356965,0.00492665,0.028450264869987495,34.14905764743552,1302.5,28645.5,0.0013025,0.00286455,0.00416705,0.02406375046461214,40.556281988154254
SA001,38253,2723063100,35803045,54000,10,50,40.66,,0,0,20119006912.0,1,50-PFP-97,IQT903,38253,SA005,,B,243,520,P0,0.8,SS00201,PFP,1.6,3.65,0.6,1000000,1997-01-01,1997-01-01,1997-01-01,10473.0,28.673511293634498,0.9653426409720027,1.5734702258726898,1.0,1.0,1.05,10.95890410958904,2.16986301369863,2.0764089212271504,1389.5,37829.5,0.0013895,0.00378295,0.00517245,0.010740121324601375,92.10881784076265,1428.0,34930.5,0.001428,0.00349305,0.00492105,0.010218112121804868,96.86543620577984,1357.0,35696.5,0.001357,0.00356965,0.00492665,0.01022974001176374,96.75419500887071,1302.5,28645.5,0.0013025,0.00286455,0.00416705,0.008652499795199598,114.57353639636021
SA001,245237,2723063100,35803045,54000,13,25,30.54,,0,0,20209010421.0,1,25-STS-20,IQT903,245237,SA005,,B,243,520,P0,0.8,SS00201,STS,2.0,2.8,0.7,1000000,2020-12-18,2020-12-18,2020-12-18,1721.0,4.7118412046543465,0.9306852819440055,1.0942368240930869,1.0,1.0,1.05,8.928571428571429,1.692857142857143,1.267131890814653,1389.5,37829.5,0.0013895,0.00378295,0.00517245,0.006554176348644252,151.57447264244766,1428.0,34930.5,0.001428,0.00349305,0.00492105,0.006235619391293448,159.3689925969922,1357.0,35696.5,0.001357,0.00356965,0.00492665,0.00624271532988201,159.1867051687107,1302.5,28645.5,0.0013025,0.00286455,0.00416705,0.0052802019456192,188.3866958686429
SA001,245687,2723063100,35803045,54000,4,150,106.23,,0,0,20119006912.0,1,150-DTC-96,IQT903,245687,SA005,,B,243,520,P0,1.1,SS00201,DTC,1.0,6.0,1.0,1000000,1996-01-01,1996-01-01,1996-01-01,10839.0,29.675564681724847,1.0202732554054081,1.593511293634497,1.0,1.0,1.05,12.5,3.3000000000000003,5.63345574935827,1389.5,37829.5,0.0013895,0.00378295,0.00517245,0.029138768190768185,33.31854062783692,1428.0,34930.5,0.001428,0.00349305,0.00492105,0.027722517415379514,35.07176018745086,1357.0,35696.5,0.001357,0.00356965,0.00492665,0.027754064767575925,35.030758318625246,1302.5,28645.5,0.0013025,0.00286455,0.00416705,0.023474891780363383,41.59870543200947
SA001,38247,2723063100,35803045,54000,4,80,78.58,,0,0,20119006912.0,1,80-DTC-87,IQT903,38247,SA005,,B,243,520,P0,1.0,SS00201,DTC,1.0,6.0,1.0,1000000,1987-01-01,1987-01-01,1987-01-01,14126.0,38.67488021902806,0.9888428224342896,1.7734976043805613,1.0,1.0,1.05,6.666666666666667,2.1333333333333337,3.9283112437993215,1389.5,37829.5,0.0013895,0.00378295,0.00517245,0.020318993492989802,48.21503618498658,1428.0,34930.5,0.001428,0.00349305,0.00492105,0.01933141604629865,50.729267923519146,1357.0,35696.5,0.001357,0.00356965,0.00492665,0.01935341458926393,50.67046855673406,1302.5,28645.5,0.0013025,0.00286455,0.00416705,0.016369469368473964,60.08933512077701
SA001,211440,2723063000,35803045,54000,4,100,185.04,,0,0,20119006912.0,1,100-DTC-93,IQT903,211440,SA005,,B,480,520,P0,1.0,SS00201,DTC,1.0,6.0,1.0,1000000,1993-01-01,1993-01-01,1993-01-01,11934.0,32.6735112936345,1.0,1.6534702258726899,1.0,1.0,1.05,8.333333333333334,2.466666666666667,4.2824878850102674,1389.5,37829.5,0.0013895,0.00378295,0.00517245,0.02215095446082136,44.14478153836265,1428.0,34930.5,0.001428,0.00349305,0.00492105,0.021074337006529775,46.451077568426236,1357.0,35696.5,0.001357,0.00356965,0.00492665,0.021098318938685835,46.39714111375964,1302.5,28645.5,0.0013025,0.00286455,0.00416705,0.017845341141232037,55.037034657156475
SA001,177614,2723063100,35803045,54000,4,100,108.0,,0,0,20119006912.0,1,100-DTC-94,IQT903,177614,SA005,,B,240,520,P0,1.0,SS00201,DTC,1.0,6.0,1.0,1000000,1994-01-01,1994-01-01,1994-01-01,11569.0,31.67419575633128,1.0,1.6334839151266256,1.0,1.0,1.05,8.333333333333334,2.466666666666667,4.230723340177961,1389.5,37829.5,0.0013895,0.00378295,0.00517245,0.021883204940903494,44.69714549128163,1428.0,34930.5,0.001428,0.00349305,0.00492105,0.020819601093182753,47.03165994988462,1357.0,35696.5,0.001357,0.00356965,0.00492665,0.02084329314388775,46.97706356172646,1302.5,28645.5,0.0013025,0.00286455,0.00416705,0.01762963569468857,55.72266956153146
SA001,434486,2723063100,35803045,54000,13,50,142.0,,0,0,20139010124.0,1,50-STS-13,IQT903,434486,SA005,,B,243,520,P0,0.8,SS00201,STS,2.0,2.8,0.7,1000000,2013-08-21,2013-08-21,2013-08-21,4397.0,12.038329911019849,0.9653426409720027,1.240766598220397,1.0,1.0,1.05,17.857142857142858,2.585714285714286,2.2763522014886366,1389.5,37829.5,0.0013895,0.00378295,0.00517245,0.011774317944589899,83.93060954409535,1428.0,34930.5,0.001428,0.00349305,0.00492105,0.011202043001135654,88.26943057606731,1357.0,35696.5,0.001357,0.00356965,0.00492665,0.011214790573463992,88.16796024405143,1302.5,28645.5,0.0013025,0.00286455,0.00416705,0.009485673441213224,104.42214068378253
SA001,439845,2723063000,35803045,54000,18,200,29.41,,0,0,20149015602.0,1,200-DTEP-14,IQT903,439845,SA005,,B,480,520,P0,1.3,SS00201,DTEP,1.6,6.3,1.0,1000000,2014-11-14,2014-11-14,2014-11-14,3947.0,10.806297056810404,1.0346573590279973,1.216125941136208,1.0,1.0,1.05,25.3968253968254,3.9746031746031747,5.251195384785954,1389.5,37829.5,0.0013895,0.00378295,0.00517245,0.02716154556803611,35.81675615605641,1428.0,34930.5,0.001428,0.00349305,0.00492105,0.02584139504830092,37.697601198807966,1357.0,35696.5,0.001357,0.00356965,0.00492665,0.025870801742455724,37.65361460209147,1302.5,28645.5,0.0013025,0.00286455,0.00416705,0.021881993728172313,44.69967492096181
SA001,439844,2723063000,35803045,54000,4,200,80.92,,0,0,20079004593.0,1,200-DTC-07,IQT903,439844,SA005,,B,480,520,P0,1.3,SS00201,DTC,1.0,6.3,1.0,1000000,2007-07-06,2007-07-06,2007-07-06,6635.0,18.16563997262149,1.0346573590279973,1.36331279945243,1.0,1.0,1.05,15.873015873015873,3.9746031746031747,5.886743830014558,1389.5,37829.5,0.0013895,0.00378295,0.00517245,0.0304488881235588,31.84192171294044,1428.0,34930.5,0.001428,0.00349305,0.00492105,0.028968960724693137,33.51970574655791,1357.0,35696.5,0.001357,0.00356965,0.00492665,0.029001926490141224,33.480468059248935,1302.5,28645.5,0.0013025,0.00286455,0.00416705,0.024530355876862163,39.76581705621454
SA001,177136,2723063100,35803045,54000,13,20,20.19,,0,0,20119006912.0,1,20-STS-94,IQT903,177136,SA005,,B,243,520,P0,0.8,SS00201,STS,2.0,2.1,0.7,1000000,1994-01-01,1994-01-01,1994-01-01,11569.0,31.67419575633128,0.919528104378295,1.6334839151266256,1.0,1.0,1.05,9.523809523809524,1.7523809523809524,1.9346202659953624,1389.5,37829.5,0.0013895,0.00378295,0.00517245,0.010006726594847713,98.9327792681857,1428.0,34930.5,0.001428,0.00349305,0.00492105,0.009520363059976477,104.03801101913761,1357.0,35696.5,0.001357,0.00356965,0.00492665,0.009531196933466053,103.91861693559053,1302.5,28645.5,0.0013025,0.00286455,0.00416705,0.008061659379415975,123.04394094760734
SA001,324802,2723063100,35803045,54000,4,80,6.0,,0,0,2006540000000.0,1,80-DTC-06,IQT903,324802,SA005,,B,243,520,P0,1.0,SS00201,DTC,1.0,6.0,1.0,1000000,2006-07-18,2006-07-18,2006-07-18,6988.0,19.132101300479125,0.9888428224342896,1.3826420260095826,1.0,1.0,1.05,6.666666666666667,2.1333333333333337,3.0625630412509,1389.5,37829.5,0.0013895,0.00378295,0.00517245,0.015840954202718218,62.12751032563465,1428.0,34930.5,0.001428,0.00349305,0.00492105,0.01507102585414774,65.35248387718657,1357.0,35696.5,0.001357,0.00356965,0.00492665,0.015088176207178746,65.27706266607714,1302.5,28645.5,0.0013025,0.00286455,0.00416705,0.012761853321044564,77.358524803837
SA001,38096,2723063100,35803045,54000,4,200,11.86,,0,0,20119006912.0,1,200-DTC-95,IQT903,38096,SA005,,B,243,520,P0,1.3,SS00201,DTC,1.0,6.3,1.0,1000000,1995-01-01,1995-01-01,1995-01-01,11204.0,30.67488021902806,1.0346573590279973,1.6134976043805613,1.0,1.0,1.05,15.873015873015873,3.9746031746031747,6.967034323410943,1389.5,37829.5,0.0013895,0.00378295,0.00517245,0.03603663668612694,26.749537469598852,1428.0,34930.5,0.001428,0.00349305,0.00492105,0.03428512425722142,28.167168609265627,1357.0,35696.5,0.001357,0.00356965,0.00492665,0.034324139649432525,28.134015017228055,1302.5,28645.5,0.0013025,0.00286455,0.00416705,0.029031980377369572,33.44477390111148
SA001,106660,2723063100,35803045,54000,4,200,10.03,,0,0,20119006912.0,1,200-DTC-95,IQT903,106660,SA005,,B,243,520,P0,1.3,SS00201,DTC,1.0,6.3,1.0,1000000,1995-01-01,1995-01-01,1995-01-01,11204.0,30.67488021902806,1.0346573590279973,1.6134976043805613,1.0,1.0,1.05,15.873015873015873,3.9746031746031747,6.967034323410943,1389.5,37829.5,0.0013895,0.00378295,0.00517245,0.03603663668612694,26.749537469598852,1428.0,34930.5,0.001428,0.00349305,0.00492105,0.03428512425722142,28.167168609265627,1357.0,35696.5,0.001357,0.00356965,0.00492665,0.034324139649432525,28.134015017228055,1302.5,28645.5,0.0013025,0.00286455,0.00416705,0.029031980377369572,33.44477390111148
SA001,106347,2723063000,35803045,54000,13,25,22.64,,0,0,20119006912.0,1,25-STS-89,IQT903,106347,SA005,,B,480,520,P0,0.8,SS00201,STS,2.0,2.8,0.7,1000000,1989-01-01,1989-01-01,1989-01-01,13395.0,36.6735112936345,0.9306852819440055,1.73347022587269,1.0,1.0,1.05,8.928571428571429,1.692857142857143,2.007367469835859,1389.5,37829.5,0.0013895,0.00378295,0.00517245,0.010383007869352489,95.31120505568514,1428.0,34930.5,0.001428,0.00349305,0.00492105,0.009878355687435754,100.23142268220778,1357.0,35696.5,0.001357,0.00356965,0.00492665,0.009889596945266836,100.11635545254454,1302.5,28645.5,0.0013025,0.00286455,0.00416705,0.008364800615179517,118.5485757526976
SA001,177128,2723063000,35803045,54000,10,40,40.0,,0,0,20119006912.0,1,40-PFP-92,IQT903,177128,SA005,,B,480,520,P0,0.8,SS00201,PFP,1.6,3.25,0.6,1000000,1992-01-01,1992-01-01,1992-01-01,12300.0,33.67556468172484,0.9541854634062923,1.673511293634497,1.0,1.0,1.05,9.846153846153847,2.0307692307692307,2.042972720156273,1389.5,37829.5,0.0013895,0.00378295,0.00517245,0.010567174246372315,93.63267820565157,1428.0,34930.5,0.001428,0.00349305,0.00492105,0.010053570904525027,98.46714550448024,1357.0,35696.5,0.001357,0.00356965,0.00492665,0.010065011551757904,98.35408368461783,1302.5,28645.5,0.0013025,0.00286455,0.00416705,0.008513169473527198,116.46506434643753
SA001,106544,2723063000,35803045,54000,4,100,173.83,,0,0,20119006912.0,1,100-DTC-93,IQT903,106544,SA005,,B,480,520,P0,1.0,SS00201,DTC,1.0,6.0,1.0,1000000,1993-01-01,1993-01-01,1993-01-01,11934.0,32.6735112936345,1.0,1.6534702258726899,1.0,1.0,1.05,8.333333333333334,2.466666666666667,4.2824878850102674,1389.5,37829.5,0.0013895,0.00378295,0.00517245,0.02215095446082136,44.14478153836265,1428.0,34930.5,0.001428,0.00349305,0.00492105,0.021074337006529775,46.451077568426236,1357.0,35696.5,0.001357,0.00356965,0.00492665,0.021098318938685835,46.39714111375964,1302.5,28645.5,0.0013025,0.00286455,0.00416705,0.017845341141232037,55.037034657156475
SA001,37987,2723063000,35803045,54000,4,100,8.09,,0,0,20119006912.0,1,100-DTC-90,IQT903,37987,SA005,,B,480,520,P0,1.0,SS00201,DTC,1.0,6.0,1.0,1000000,1990-01-01,1990-01-01,1990-01-01,13030.0,35.67419575633128,1.0,1.7134839151266257,1.0,1.0,1.05,8.333333333333334,2.466666666666667,4.437923340177961,1389.5,37829.5,0.0013895,0.00378295,0.00517245,0.022954936580903494,42.56361414790023,1428.0,34930.5,0.001428,0.00349305,0.00492105,0.021839242653182753,44.789133619716644,1357.0,35696.5,0.001357,0.00356965,0.00492665,0.021864095023887753,44.737086255225464,1302.5,28645.5,0.0013025,0.00286455,0.00416705,0.018493048454688573,53.0743729975178
SA001,3698,2723063000,35803045,54000,4,80,61.74,,0,0,20119006912.0,1,80-DTC-93,IQT903,3698,SA005,,B,480,520,P0,1.0,SS00201,DTC,1.0,6.0,1.0,1000000,1993-01-01,1993-01-01,1993-01-01,11934.0,32.6735112936345,0.9888428224342896,1.6534702258726899,1.0,1.0,1.05,6.666666666666667,2.1333333333333337,3.6624496495171504,1389.5,37829.5,0.0013895,0.00378295,0.00517245,0.018943837689644985,51.78761444132392,1428.0,34930.5,0.001428,0.00349305,0.00492105,0.01802309784775637,54.484357264613436,1357.0,35696.5,0.001357,0.00356965,0.00492665,0.01804360756579367,54.42128958156677,1302.5,28645.5,0.0013025,0.00286455,0.00416705,0.015261610812020442,64.52388291885768
SA001,37894,2723063000,35803045,54000,13,20,23.69,,0,0,20119006912.0,1,20-STS-90,IQT903,37894,SA005,,B,480,520,P0,0.8,SS00201,STS,2.0,2.1,0.7,1000000,1990-01-01,1990-01-01,1990-01-01,13030.0,35.67419575633128,0.919528104378295,1.7134839151266257,1.0,1.0,1.05,9.523809523809524,1.7523809523809524,2.0293684418705022,1389.5,37829.5,0.0013895,0.00378295,0.00517245,0.01049680679715308,94.26706734006171,1428.0,34930.5,0.001428,0.00349305,0.00492105,0.009986623570866835,99.13394345985151,1357.0,35696.5,0.001357,0.00356965,0.00492665,0.00999798803414131,99.02012370740812,1302.5,28645.5,0.0013025,0.00286455,0.00416705,0.008456479765696476,117.25251495976823
SA001,245425,2723063000,35803045,54000,4,80,131.38,,0,0,20119006912.0,1,80-DTC-93,IQT903,245425,SA005,,B,480,520,P0,1.0,SS00201,DTC,1.0,6.0,1.0,1000000,1993-01-01,1993-01-01,1993-01-01,11934.0,32.6735112936345,0.9888428224342896,1.6534702258726899,1.0,1.0,1.05,6.666666666666667,2.1333333333333337,3.6624496495171504,1389.5,37829.5,0.0013895,0.00378295,0.00517245,0.018943837689644985,51.78761444132392,1428.0,34930.5,0.001428,0.00349305,0.00492105,0.01802309784775637,54.484357264613436,1357.0,35696.5,0.001357,0.00356965,0.00492665,0.01804360756579367,54.42128958156677,1302.5,28645.5,0.0013025,0.00286455,0.00416705,0.015261610812020442,64.52388291885768
SA001,142921,2723063000,35803045,54000,4,80,64.96,,0,0,20119006912.0,1,80-DTC-93,IQT903,142921,SA005,,B,480,520,P0,1.0,SS00201,DTC,1.0,6.0,1.0,1000000,1993-01-01,1993-01-01,1993-01-01,11934.0,32.6735112936345,0.9888428224342896,1.6534702258726899,1.0,1.0,1.05,6.666666666666667,2.1333333333333337,3.6624496495171504,1389.5,37829.5,0.0013895,0.00378295,0.00517245,0.018943837689644985,51.78761444132392,1428.0,34930.5,0.001428,0.00349305,0.00492105,0.01802309784775637,54.484357264613436,1357.0,35696.5,0.001357,0.00356965,0.00492665,0.01804360756579367,54.42128958156677,1302.5,28645.5,0.0013025,0.00286455,0.00416705,0.015261610812020442,64.52388291885768
SA001,324772,2723063100,35803045,54000,4,150,8.0,,0,0,2006540000000.0,1,150-DTC-06,IQT903,324772,SA005,,B,470,520,P0,1.1,SS00201,DTC,1.0,6.0,1.0,1000000,2006-07-18,2006-07-18,2006-07-18,6988.0,19.132101300479125,1.0202732554054081,1.3826420260095826,1.0,1.0,1.05,12.5,3.3000000000000003,4.887980839447142,1389.5,37829.5,0.0013895,0.00378295,0.00517245,0.02528283649299837,38.5525241116412,1428.0,34930.5,0.001428,0.00349305,0.00492105,0.024053998109961356,40.57313039722387,1357.0,35696.5,0.001357,0.00356965,0.00492665,0.024081370802662264,40.525875258290824,1302.5,28645.5,0.0013025,0.00286455,0.00416705,0.020368460557018214,48.095512014796675
SA001,177198,2723063000,35803045,54000,4,200,48.74,,0,0,20119006912.0,1,200-DTC-99,IQT903,177198,SA005,,B,480,520,P0,1.3,SS00201,DTC,1.0,6.3,1.0,1000000,1999-01-01,1999-01-01,1999-01-01,9743.0,26.67488021902806,1.0346573590279973,1.5334976043805613,1.0,1.0,1.05,15.873015873015873,3.9746031746031747,6.621596719810129,1389.5,37829.5,0.0013895,0.00378295,0.00517245,0.034249877953381906,28.197184333360752,1428.0,34930.5,0.001428,0.00349305,0.00492105,0.03258520853802163,29.688770913746428,1357.0,35696.5,0.001357,0.00356965,0.00492665,0.03262228947965257,29.65388775437505,1302.5,28645.5,0.0013025,0.00286455,0.00416705,0.0275925246112848,35.24170002881939
SA001,106552,2723063000,35803045,54000,10,100,54.55,,0,0,20119006912.0,1,100-PFP-96,IQT903,106552,SA005,,B,480,520,P0,1.0,SS00201,PFP,1.6,4.9,0.6,1000000,1996-01-01,1996-01-01,1996-01-01,10839.0,29.675564681724847,1.0,1.593511293634497,1.0,1.0,1.05,16.3265306122449,2.8408163265306126,2.851929926664712,1389.5,37829.5,0.0013895,0.00378295,0.00517245,0.014751464949176889,66.78987737457211,1428.0,34930.5,0.001428,0.00349305,0.00492105,0.014034489765613379,70.25303567858599,1357.0,35696.5,0.001357,0.00356965,0.00492665,0.014050460573202703,70.17204413264704,1302.5,28645.5,0.0013025,0.00286455,0.00416705,0.011884134600908189,83.1457988807683
SA001,407191,2723063000,35803045,54000,4,200,36.05,,0,0,20079004593.0,1,200-DTC-07,IQT903,407191,SA005,,B,480,520,P0,1.3,SS00201,DTC,1.0,6.3,1.0,1000000,2007-07-06,2007-07-06,2007-07-06,6635.0,18.16563997262149,1.0346573590279973,1.36331279945243,1.0,1.0,1.05,15.873015873015873,3.9746031746031747,5.886743830014558,1389.5,37829.5,0.0013895,0.00378295,0.00517245,0.0304488881235588,31.84192171294044,1428.0,34930.5,0.001428,0.00349305,0.00492105,0.028968960724693137,33.51970574655791,1357.0,35696.5,0.001357,0.00356965,0.00492665,0.029001926490141224,33.480468059248935,1302.5,28645.5,0.0013025,0.00286455,0.00416705,0.024530355876862163,39.76581705621454
SA001,407192,2723063000,35803045,54000,4,100,4.5,,0,0,20079004593.0,1,100-DTC-07,IQT903,407192,SA005,,B,480,520,P0,1.0,SS00201,DTC,1.0,6.0,1.0,1000000,2007-07-06,2007-07-06,2007-07-06,6635.0,18.16563997262149,1.0,1.36331279945243,1.0,1.0,1.05,8.333333333333334,2.466666666666667,3.5309801505817937,1389.5,37829.5,0.0013895,0.00378295,0.00517245,0.0182638182798768,53.753063388820884,1428.0,34930.5,0.001428,0.00349305,0.00492105,0.017376129870020535,56.55021443096628,1357.0,35696.5,0.001357,0.00356965,0.00492665,0.017395903358863794,56.4847985396784,1302.5,28645.5,0.0013025,0.00286455,0.00416705,0.014713770836481864,66.96354320814643
SA001,329431,2723063100,35803045,54000,13,50,9.0,,0,0,2006540000000.0,1,50-STS-06,IQT903,329431,SA005,,B,243,520,P0,0.8,SS00201,STS,2.0,2.8,0.7,1000000,2006-07-18,2006-07-18,2006-07-18,6988.0,19.132101300479125,0.9653426409720027,1.3826420260095826,1.0,1.0,1.05,17.857142857142858,2.585714285714286,2.536641640975698,1389.5,37829.5,0.0013895,0.00378295,0.00517245,0.01312065205586475,75.21572432088189,1428.0,34930.5,0.001428,0.00349305,0.00492105,0.01248294034732346,79.10933098902582,1357.0,35696.5,0.001357,0.00356965,0.00492665,0.012497145540512924,79.0182727134149,1302.5,28645.5,0.0013025,0.00286455,0.00416705,0.010570312550027784,93.60458196171044
SA001,38094,2723063100,35803045,54000,4,300,141.0,,0,0,20119006912.0,1,300-DTC-88,IQT903,38094,SA004,,B,243,520,P0,1.5,SS00201,DTC,1.0,7.2,1.0,1000000,1988-01-01,1988-01-01,1988-01-01,13761.0,37.67556468172484,1.0549306144334054,1.7535112936344968,1.0,1.0,1.05,20.833333333333332,4.966666666666667,9.646877772526874,1389.5,37829.5,0.0013895,0.00378295,0.00517245,0.049897992934506634,19.04088623990438,1428.0,34930.5,0.001428,0.00349305,0.00492105,0.047472767862493374,20.064708147975214,1357.0,35696.5,0.001357,0.00356965,0.00492665,0.04752679037801953,20.04076442036544,1302.5,28645.5,0.0013025,0.00286455,0.00416705,0.04019902202200811,23.87622707469155
SA001,407206,2723063000,35803045,54000,4,200,3.76,,0,0,20079004593.0,1,200-DTC-07,IQT903,407206,SA005,,B,480,520,P0,1.3,SS00201,DTC,1.0,6.3,1.0,1000000,2007-07-06,2007-07-06,2007-07-06,6635.0,18.16563997262149,1.0346573590279973,1.36331279945243,1.0,1.0,1.05,15.873015873015873,3.9746031746031747,5.886743830014558,1389.5,37829.5,0.0013895,0.00378295,0.00517245,0.0304488881235588,31.84192171294044,1428.0,34930.5,0.001428,0.00349305,0.00492105,0.028968960724693137,33.51970574655791,1357.0,35696.5,0.001357,0.00356965,0.00492665,0.029001926490141224,33.480468059248935,1302.5,28645.5,0.0013025,0.00286455,0.00416705,0.024530355876862163,39.76581705621454
SA001,245474,2723063100,35803045,54000,4,100,288.44,,0,0,20119006912.0,1,100-DTC-94,IQT903,245474,SA005,,B,470,520,P0,1.0,SS00201,DTC,1.0,6.0,1.0,1000000,1994-01-01,1994-01-01,1994-01-01,11569.0,31.67419575633128,1.0,1.6334839151266256,1.0,1.0,1.05,8.333333333333334,2.466666666666667,4.230723340177961,1389.5,37829.5,0.0013895,0.00378295,0.00517245,0.021883204940903494,44.69714549128163,1428.0,34930.5,0.001428,0.00349305,0.00492105,0.020819601093182753,47.03165994988462,1357.0,35696.5,0.001357,0.00356965,0.00492665,0.02084329314388775,46.97706356172646,1302.5,28645.5,0.0013025,0.00286455,0.00416705,0.01762963569468857,55.72266956153146
SA001,72533,2723063100,35803045,54000,4,200,21.57,,0,0,20119006912.0,1,200-DTC-95,IQT903,72533,SA005,,B,243,520,P0,1.3,SS00201,DTC,1.0,6.3,1.0,1000000,1995-01-01,1995-01-01,1995-01-01,11204.0,30.67488021902806,1.0346573590279973,1.6134976043805613,1.0,1.0,1.05,15.873015873015873,3.9746031746031747,6.967034323410943,1389.5,37829.5,0.0013895,0.00378295,0.00517245,0.03603663668612694,26.749537469598852,1428.0,34930.5,0.001428,0.00349305,0.00492105,0.03428512425722142,28.167168609265627,1357.0,35696.5,0.001357,0.00356965,0.00492665,0.034324139649432525,28.134015017228055,1302.5,28645.5,0.0013025,0.00286455,0.00416705,0.029031980377369572,33.44477390111148
SA001,324782,2723063100,35803045,54000,4,150,2.8,,0,0,20119006912.0,1,150-DTC-86,IQT903,324782,SA005,,B,243,520,P0,1.1,SS00201,DTC,1.0,6.0,1.0,1000000,1986-01-01,1986-01-01,1986-01-01,14491.0,39.67419575633128,1.0202732554054081,1.7934839151266257,1.0,1.0,1.05,12.5,3.3000000000000003,6.340408325571056,1389.5,37829.5,0.0013895,0.00378295,0.00517245,0.03279544504360001,29.492039326514604,1428.0,34930.5,0.001428,0.00349305,0.00492105,0.031201466390551446,31.049775721529038,1357.0,35696.5,0.001357,0.00356965,0.00492665,0.031236972677174648,31.01334554198704,1302.5,28645.5,0.0013025,0.00286455,0.00416705,0.026420798513070873,36.84896961025917
SA001,324624,2723063100,35803045,54000,4,150,16.0,,0,0,2004540000000.0,1,150-DTC-04,IQT903,324624,SA005,,B,243,520,P0,1.1,SS00201,DTC,1.0,6.0,1.0,1000000,2004-12-01,2004-12-01,2004-12-01,7582.0,20.758384668035593,1.0202732554054081,1.4151676933607118,1.0,1.0,1.05,12.5,3.3000000000000003,5.002967101843197,1389.5,37829.5,0.0013895,0.00378295,0.00517245,0.025877597185928844,37.643464183133595,1428.0,34930.5,0.001428,0.00349305,0.00492105,0.024619851256525462,39.617629634742464,1357.0,35696.5,0.001357,0.00356965,0.00492665,0.024647867872295788,39.571460589660184,1302.5,28645.5,0.0013025,0.00286455,0.00416705,0.020847614061735693,46.967119740355734
SA001,143189,2723063100,35803045,54000,13,25,21.85,,0,0,20119006912.0,1,25-STS-94,IQT903,143189,SA005,,B,243,520,P0,0.8,SS00201,STS,2.0,2.8,0.7,1000000,1994-01-01,1994-01-01,1994-01-01,11569.0,31.67419575633128,0.9306852819440055,1.6334839151266256,1.0,1.0,1.05,8.928571428571429,1.692857142857143,1.8915828058566984,1389.5,37829.5,0.0013895,0.00378295,0.00517245,0.00978411748415348,101.2064587449626,1428.0,34930.5,0.001428,0.00349305,0.00492105,0.009308573566761106,106.42784518250818,1357.0,35696.5,0.001357,0.00356965,0.00492665,0.009319166430473903,106.30573463415949,1302.5,28645.5,0.0013025,0.00286455,0.00416705,0.007882320131145155,125.86619971811757
SA001,141956,2723063100,35803045,54000,10,40,54.83,,0,0,20119006912.0,1,40-PFP-93,IQT903,141956,SA005,,B,243,520,P0,0.8,SS00201,PFP,1.6,3.25,0.6,1000000,1993-01-01,1993-01-01,1993-01-01,11934.0,32.6735112936345,0.9541854634062923,1.6534702258726899,1.0,1.0,1.05,9.846153846153847,2.0307692307692307,2.018507181814279,1389.5,37829.5,0.0013895,0.00378295,0.00517245,0.010440627472575266,94.77968399186086,1428.0,34930.5,0.001428,0.00349305,0.00492105,0.009933174767067156,99.67274798339801,1357.0,35696.5,0.001357,0.00356965,0.00492665,0.009944478407285318,99.55831578531064,1302.5,28645.5,0.0013025,0.00286455,0.00416705,0.008411220351979191,117.88881258053075
SA001,324795,2723063100,35803045,54000,4,200,47.56,,0,0,20119006912.0,1,200-DTC-95,IQT903,324795,SA005,,B,243,520,P0,1.3,SS00201,DTC,1.0,6.3,1.0,1000000,1995-01-01,1995-01-01,1995-01-01,11204.0,30.67488021902806,1.0346573590279973,1.6134976043805613,1.0,1.0,1.05,15.873015873015873,3.9746031746031747,6.967034323410943,1389.5,37829.5,0.0013895,0.00378295,0.00517245,0.03603663668612694,26.749537469598852,1428.0,34930.5,0.001428,0.00349305,0.00492105,0.03428512425722142,28.167168609265627,1357.0,35696.5,0.001357,0.00356965,0.00492665,0.034324139649432525,28.134015017228055,1302.5,28645.5,0.0013025,0.00286455,0.00416705,0.029031980377369572,33.44477390111148
SA001,324625,2723061000,35803045,54000,4,150,56.0,,0,0,2004540000000.0,1,150-DTC-04,IQT903,324625,SA005,,B,243,520,P0,1.1,SS00201,DTC,1.0,6.0,1.0,1000000,2004-12-01,2004-12-01,2004-12-01,7582.0,20.758384668035593,1.0202732554054081,1.4151676933607118,1.0,1.0,1.05,12.5,3.3000000000000003,5.002967101843197,1389.5,37829.5,0.0013895,0.00378295,0.00517245,0.025877597185928844,37.643464183133595,1428.0,34930.5,0.001428,0.00349305,0.00492105,0.024619851256525462,39.617629634742464,1357.0,35696.5,0.001357,0.00356965,0.00492665,0.024647867872295788,39.571460589660184,1302.5,28645.5,0.0013025,0.00286455,0.00416705,0.020847614061735693,46.967119740355734
SA001,324787,2723063100,35803045,54000,4,150,8.0,,0,0,2006540000000.0,1,150-DTC-06,IQT903,324787,SA005,,B,243,520,P0,1.1,SS00201,DTC,1.0,6.0,1.0,1000000,2006-07-18,2006-07-18,2006-07-18,6988.0,19.132101300479125,1.0202732554054081,1.3826420260095826,1.0,1.0,1.05,12.5,3.3000000000000003,4.887980839447142,1389.5,37829.5,0.0013895,0.00378295,0.00517245,0.02528283649299837,38.5525241116412,1428.0,34930.5,0.001428,0.00349305,0.00492105,0.024053998109961356,40.57313039722387,1357.0,35696.5,0.001357,0.00356965,0.00492665,0.024081370802662264,40.525875258290824,1302.5,28645.5,0.0013025,0.00286455,0.00416705,0.020368460557018214,48.095512014796675
SA001,141955,2723063100,35803045,54000,13,25,36.28,,0,0,20119006912.0,1,25-STS-93,IQT903,141955,SA005,,B,243,520,P0,0.8,SS00201,STS,2.0,2.8,0.7,1000000,1993-01-01,1993-01-01,1993-01-01,11934.0,32.6735112936345,0.9306852819440055,1.6534702258726899,1.0,1.0,1.05,8.928571428571429,1.692857142857143,1.9147270568711527,1389.5,37829.5,0.0013895,0.00378295,0.00517245,0.009903829965313195,99.97103883067084,1428.0,34930.5,0.001428,0.00349305,0.00492105,0.009422467583215785,105.12931179315461,1357.0,35696.5,0.001357,0.00356965,0.00492665,0.009433190054734265,105.00867725527557,1302.5,28645.5,0.0013025,0.00286455,0.00416705,0.007978763382334938,124.33270534303725
SA001,308754,2723063100,35803045,54000,13,40,2.24,,0,0,20119006912.0,1,40-STS-89,IQT903,308754,SA005,,B,243,520,P0,0.8,SS00201,STS,2.0,2.8,0.7,1000000,1989-01-01,1989-01-01,1989-01-01,13395.0,36.6735112936345,0.9541854634062923,1.73347022587269,1.0,1.0,1.05,14.285714285714286,2.2285714285714286,2.709337324690012,1389.5,37829.5,0.0013895,0.00378295,0.00517245,0.014013911845092852,70.35766308892279,1428.0,34930.5,0.001428,0.00349305,0.00492105,0.013332784441665782,74.00308764273858,1357.0,35696.5,0.001357,0.00356965,0.00492665,0.013347956730684047,73.9178335063986,1302.5,28645.5,0.0013025,0.00286455,0.00416705,0.011289944098849515,87.57439782203204
SA001,308755,2723061000,35803045,54000,5,40,38.61,,0,0,20119006912.0,1,40-EPS-89,IQT903,308755,SA005,,B,243,520,P0,0.8,SS00201,EPS,1.6,3.2,1.0,1000000,1989-01-01,1989-01-01,1989-01-01,13395.0,36.6735112936345,0.9541854634062923,1.73347022587269,1.0,1.0,1.05,10.0,2.05,3.5603471253939256,1389.5,37829.5,0.0013895,0.00378295,0.00517245,0.01841571748874381,53.3014411798632,1428.0,34930.5,0.001428,0.00349305,0.00492105,0.017520646221419776,56.07552035252302,1357.0,35696.5,0.001357,0.00356965,0.00492665,0.017540584165321983,56.01064403413748,1302.5,28645.5,0.0013025,0.00286455,0.00416705,0.014836144488872759,66.4029563914
SA001,245517,2723063100,35803045,54000,4,200,71.2,,0,0,20119006912.0,1,200-DTC-88,IQT903,245517,SA005,,B,243,520,P0,1.3,SS00201,DTC,1.0,6.3,1.0,1000000,1988-01-01,1988-01-01,1988-01-01,13761.0,37.67556468172484,1.0346573590279973,1.7535112936344968,1.0,1.0,1.05,15.873015873015873,3.9746031746031747,7.571609239500799,1389.5,37829.5,0.0013895,0.00378295,0.00517245,0.03916377021085591,24.533803171044227,1428.0,34930.5,0.001428,0.00349305,0.00492105,0.03726026764804541,25.838239849639347,1357.0,35696.5,0.001357,0.00356965,0.00492665,0.03730266865978661,25.807733492752217,1302.5,28645.5,0.0013025,0.00286455,0.00416705,0.03155127428146181,30.694440962327715
SA001,245518,2723063100,35803045,54000,4,200,91.03,,0,0,20119006912.0,1,200-DTC-95,IQT903,245518,SA005,,B,243,520,P0,1.3,SS00201,DTC,1.0,6.3,1.0,1000000,1995-01-01,1995-01-01,1995-01-01,11204.0,30.67488021902806,1.0346573590279973,1.6134976043805613,1.0,1.0,1.05,15.873015873015873,3.9746031746031747,6.967034323410943,1389.5,37829.5,0.0013895,0.00378295,0.00517245,0.03603663668612694,26.749537469598852,1428.0,34930.5,0.001428,0.00349305,0.00492105,0.03428512425722142,28.167168609265627,1357.0,35696.5,0.001357,0.00356965,0.00492665,0.034324139649432525,28.134015017228055,1302.5,28645.5,0.0013025,0.00286455,0.00416705,0.029031980377369572,33.44477390111148
SA001,3702,2723063100,35803045,54000,10,40,16.91,,0,0,20119006912.0,1,40-PFP-93,IQT903,3702,SA005,,B,243,520,P0,0.8,SS00201,PFP,1.6,3.25,0.6,1000000,1993-01-01,1993-01-01,1993-01-01,11934.0,32.6735112936345,0.9541854634062923,1.6534702258726899,1.0,1.0,1.05,9.846153846153847,2.0307692307692307,2.018507181814279,1389.5,37829.5,0.0013895,0.00378295,0.00517245,0.010440627472575266,94.77968399186086,1428.0,34930.5,0.001428,0.00349305,0.00492105,0.009933174767067156,99.67274798339801,1357.0,35696.5,0.001357,0.00356965,0.00492665,0.009944478407285318,99.55831578531064,1302.5,28645.5,0.0013025,0.00286455,0.00416705,0.008411220351979191,117.88881258053075
SA001,324786,2723063100,35803045,54000,4,150,14.74,,0,0,20119006912.0,1,150-DTC-86,IQT903,324786,SA005,,B,461,520,P0,1.1,SS00201,DTC,1.0,6.0,1.0,1000000,1986-01-01,1986-01-01,1986-01-01,14491.0,39.67419575633128,1.0202732554054081,1.7934839151266257,1.0,1.0,1.05,12.5,3.3000000000000003,6.340408325571056,1389.5,37829.5,0.0013895,0.00378295,0.00517245,0.03279544504360001,29.492039326514604,1428.0,34930.5,0.001428,0.00349305,0.00492105,0.031201466390551446,31.049775721529038,1357.0,35696.5,0.001357,0.00356965,0.00492665,0.031236972677174648,31.01334554198704,1302.5,28645.5,0.0013025,0.00286455,0.00416705,0.026420798513070873,36.84896961025917
SA001,211482,2723063100,35803045,54000,13,25,34.82,,0,0,20119006912.0,1,25-STS-95,IQT903,211482,SA005,,B,243,520,P0,0.8,SS00201,STS,2.0,2.8,0.7,1000000,1995-01-01,1995-01-01,1995-01-01,11204.0,30.67488021902806,0.9306852819440055,1.6134976043805613,1.0,1.0,1.05,8.928571428571429,1.692857142857143,1.8684385548422442,1389.5,37829.5,0.0013895,0.00378295,0.00517245,0.009664405002993766,102.47248482345552,1428.0,34930.5,0.001428,0.00349305,0.00492105,0.009194679550306424,107.7585483027164,1357.0,35696.5,0.001357,0.00356965,0.00492665,0.009205142806213543,107.63492517736849,1302.5,28645.5,0.0013025,0.00286455,0.00416705,0.007785876879955374,127.43768472302527
SA001,37766,2723063100,35803045,54000,13,25,17.57,,0,0,20119006912.0,1,25-STS-89,IQT903,37766,SA005,,B,470,520,P0,0.8,SS00201,STS,2.0,2.8,0.7,1000000,1989-01-01,1989-01-01,1989-01-01,13395.0,36.6735112936345,0.9306852819440055,1.73347022587269,1.0,1.0,1.05,8.928571428571429,1.692857142857143,2.007367469835859,1389.5,37829.5,0.0013895,0.00378295,0.00517245,0.010383007869352489,95.31120505568514,1428.0,34930.5,0.001428,0.00349305,0.00492105,0.009878355687435754,100.23142268220778,1357.0,35696.5,0.001357,0.00356965,0.00492665,0.009889596945266836,100.11635545254454,1302.5,28645.5,0.0013025,0.00286455,0.00416705,0.008364800615179517,118.5485757526976
SA001,142995,2723063100,35803045,54000,4,80,137.26,,0,0,20119006912.0,1,80-DTC-01,IQT903,142995,SA005,,B,243,520,P0,1.0,SS00201,DTC,1.0,6.0,1.0,1000000,2001-01-01,2001-01-01,2001-01-01,9012.0,24.673511293634498,0.9888428224342896,1.49347022587269,1.0,1.0,1.05,6.666666666666667,2.1333333333333337,3.3080483819567004,1389.5,37829.5,0.0013895,0.00378295,0.00517245,0.017110714853251937,57.44291185823527,1428.0,34930.5,0.001428,0.00349305,0.00492105,0.01627907149002802,60.42856492844597,1357.0,35696.5,0.001357,0.00356965,0.00492665,0.01629759656096698,60.358740613018796,1302.5,28645.5,0.0013025,0.00286455,0.00416705,0.013784803010032669,71.54365544956961
SA001,329428,2723063100,35803045,54000,4,300,7.97,,0,0,2006540000000.0,1,300-DTC-06,IQT903,329428,SA004,,B,243,520,P0,1.5,SS00201,DTC,1.0,7.2,1.0,1000000,2006-07-18,2006-07-18,2006-07-18,6988.0,19.132101300479125,1.0549306144334054,1.3826420260095826,1.0,1.0,1.05,20.833333333333332,4.966666666666667,7.606554161637232,1389.5,37829.5,0.0013895,0.00378295,0.00517245,0.0393445210733605,24.416499495201197,1428.0,34930.5,0.001428,0.00349305,0.00492105,0.037432233357124894,25.714943520987077,1357.0,35696.5,0.001357,0.00356965,0.00492665,0.03747483006043007,25.684577311957096,1302.5,28645.5,0.0013025,0.00286455,0.00416705,0.031696891519250425,30.548834982530433
SA001,329429,2723063100,35803045,54000,4,300,4.25,,0,0,2006540000000.0,1,300-DTC-06,IQT903,329429,SA004,,B,243,520,P0,1.5,SS00201,DTC,1.0,7.2,1.0,1000000,2006-07-18,2006-07-18,2006-07-18,6988.0,19.132101300479125,1.0549306144334054,1.3826420260095826,1.0,1.0,1.05,20.833333333333332,4.966666666666667,7.606554161637232,1389.5,37829.5,0.0013895,0.00378295,0.00517245,0.0393445210733605,24.416499495201197,1428.0,34930.5,0.001428,0.00349305,0.00492105,0.037432233357124894,25.714943520987077,1357.0,35696.5,0.001357,0.00356965,0.00492665,0.03747483006043007,25.684577311957096,1302.5,28645.5,0.0013025,0.00286455,0.00416705,0.031696891519250425,30.548834982530433
SA001,2652,2723063100,35803045,54000,4,400,67.82,,0,0,20119006912.0,1,400-DTC-01,IQT903,2652,SA004,,B,243,520,P0,1.2,SS00201,DTC,1.0,8.6,1.0,1000000,2001-01-01,2001-01-01,2001-01-01,9012.0,24.673511293634498,1.0693147180559945,1.49347022587269,1.0,1.0,1.05,23.255813953488374,5.451162790697675,9.140723334074972,1389.5,37829.5,0.0013895,0.00378295,0.00517245,0.04727993440933609,20.150621558445646,1428.0,34930.5,0.001428,0.00349305,0.00492105,0.044981956563149635,21.231136135577202,1357.0,35696.5,0.001357,0.00356965,0.00492665,0.045033144613820464,21.205866558408285,1302.5,28645.5,0.0013025,0.00286455,0.00416705,0.038089851169257116,25.253712453649985
SA001,211252,2723063100,35803045,54000,13,25,16.89,,0,0,20119006912.0,1,25-STS-92,IQT903,211252,SA005,,B,470,520,P0,0.8,SS00201,STS,2.0,2.8,0.7,1000000,1992-01-01,1992-01-01,1992-01-01,12300.0,33.67556468172484,0.9306852819440055,1.673511293634497,1.0,1.0,1.05,8.928571428571429,1.692857142857143,1.9379347167924958,1389.5,37829.5,0.0013895,0.00378295,0.00517245,0.010023870425873346,98.76186418160661,1428.0,34930.5,0.001428,0.00349305,0.00492105,0.00953667363807171,103.85836445192615,1357.0,35696.5,0.001357,0.00356965,0.00492665,0.00954752607248575,103.7391745681449,1302.5,28645.5,0.0013025,0.00286455,0.00416705,0.00807547086161017,122.8317885281317
SA001,308751,2723063100,35803045,54000,4,200,26.18,,0,0,2004540000000.0,1,200-DTC-04,IQT903,308751,SA005,,B,243,520,P0,1.3,SS00201,DTC,1.0,6.3,1.0,1000000,2004-12-01,2004-12-01,2004-12-01,7582.0,20.758384668035593,1.0346573590279973,1.4151676933607118,1.0,1.0,1.05,15.873015873015873,3.9746031746031747,6.110651708597699,1389.5,37829.5,0.0013895,0.00378295,0.00517245,0.031607040430136166,30.63852060778637,1428.0,34930.5,0.001428,0.00349305,0.00492105,0.030070822590594702,32.254826900304735,1357.0,35696.5,0.001357,0.00356965,0.00492665,0.030105042240162853,32.21702696918689,1302.5,28645.5,0.0013025,0.00286455,0.00416705,0.02546339120231204,38.27206679011401
SA001,143236,2723063100,35803045,54000,10,40,69.55,,0,0,20119006912.0,1,40-PFP-93,IQT903,143236,SA005,,B,243,520,P0,0.8,SS00201,PFP,1.6,3.25,0.6,1000000,1993-01-01,1993-01-01,1993-01-01,11934.0,32.6735112936345,0.9541854634062923,1.6534702258726899,1.0,1.0,1.05,9.846153846153847,2.0307692307692307,2.018507181814279,1389.5,37829.5,0.0013895,0.00378295,0.00517245,0.010440627472575266,94.77968399186086,1428.0,34930.5,0.001428,0.00349305,0.00492105,0.009933174767067156,99.67274798339801,1357.0,35696.5,0.001357,0.00356965,0.00492665,0.009944478407285318,99.55831578531064,1302.5,28645.5,0.0013025,0.00286455,0.00416705,0.008411220351979191,117.88881258053075
SA001,308756,2723063100,35803045,54000,4,80,79.0,,0,0,2004540000000.0,1,80-DTC-04,IQT903,308756,SA005,,B,243,520,P0,1.0,SS00201,DTC,1.0,6.0,1.0,1000000,2004-12-01,2004-12-01,2004-12-01,7582.0,20.758384668035593,0.9888428224342896,1.4151676933607118,1.0,1.0,1.05,6.666666666666667,2.1333333333333337,3.1346076521102106,1389.5,37829.5,0.0013895,0.00378295,0.00517245,0.01621360135015746,60.676612024896514,1428.0,34930.5,0.001428,0.00349305,0.00492105,0.015425560986416951,63.82746403067964,1357.0,35696.5,0.001357,0.00356965,0.00492665,0.015443114789268771,63.75377627153867,1302.5,28645.5,0.0013025,0.00286455,0.00416705,0.013062066816725854,75.55756275258899
SA001,3660,2723063100,35803045,54000,4,100,93.2,,0,0,20119006912.0,1,100-DTC-94,IQT903,3660,SA005,,B,243,520,P0,1.0,SS00201,DTC,1.0,6.0,1.0,1000000,1994-01-01,1994-01-01,1994-01-01,11569.0,31.67419575633128,1.0,1.6334839151266256,1.0,1.0,1.05,8.333333333333334,2.466666666666667,4.230723340177961,1389.5,37829.5,0.0013895,0.00378295,0.00517245,0.021883204940903494,44.69714549128163,1428.0,34930.5,0.001428,0.00349305,0.00492105,0.020819601093182753,47.03165994988462,1357.0,35696.5,0.001357,0.00356965,0.00492665,0.02084329314388775,46.97706356172646,1302.5,28645.5,0.0013025,0.00286455,0.00416705,0.01762963569468857,55.72266956153146
SA001,324777,2723063100,35803045,54000,4,100,41.0,,0,0,20119006912.0,1,100-DTC-87,IQT903,324777,SA005,,B,470,520,P0,1.0,SS00201,DTC,1.0,6.0,1.0,1000000,1987-01-01,1987-01-01,1987-01-01,14126.0,38.67488021902806,1.0,1.7734976043805613,1.0,1.0,1.05,8.333333333333334,2.466666666666667,4.5933587953456545,1389.5,37829.5,0.0013895,0.00378295,0.00517245,0.02375891870098563,41.089457545831635,1428.0,34930.5,0.001428,0.00349305,0.00492105,0.02260414829983573,43.23966728298572,1357.0,35696.5,0.001357,0.00356965,0.00492665,0.02262987110908967,43.18938115817783,1302.5,28645.5,0.0013025,0.00286455,0.00416705,0.019140755768145112,51.24454102613043
SA001,329430,2723063100,35803045,54000,4,100,8.0,,0,0,2006540000000.0,1,100-DTC-06,IQT903,329430,SA004,,B,243,520,P0,1.0,SS00201,DTC,1.0,6.0,1.0,1000000,2006-07-18,2006-07-18,2006-07-18,6988.0,19.132101300479125,1.0,1.3826420260095826,1.0,1.0,1.05,8.333333333333334,2.466666666666667,3.5810428473648193,1389.5,37829.5,0.0013895,0.00378295,0.00517245,0.01852276507585216,52.98761987775164,1428.0,34930.5,0.001428,0.00349305,0.00492105,0.017622490904024644,55.745666968772206,1357.0,35696.5,0.001357,0.00356965,0.00492665,0.01764254474396989,55.68116558648909,1302.5,28645.5,0.0013025,0.00286455,0.00416705,0.01492238459711157,66.01341823032517
SA001,324783,2723063100,35803045,54000,4,300,16.07,,0,0,2006540000000.0,1,300-DTC-06,IQT903,324783,SA004,,B,243,520,P0,1.5,SS00201,DTC,1.0,7.2,1.0,1000000,2006-07-18,2006-07-18,2006-07-18,6988.0,19.132101300479125,1.0549306144334054,1.3826420260095826,1.0,1.0,1.05,20.833333333333332,4.966666666666667,7.606554161637232,1389.5,37829.5,0.0013895,0.00378295,0.00517245,0.0393445210733605,24.416499495201197,1428.0,34930.5,0.001428,0.00349305,0.00492105,0.037432233357124894,25.714943520987077,1357.0,35696.5,0.001357,0.00356965,0.00492665,0.03747483006043007,25.684577311957096,1302.5,28645.5,0.0013025,0.00286455,0.00416705,0.031696891519250425,30.548834982530433
SA001,407424,2723063100,35803045,54000,4,80,82.0,,0,0,20119006912.0,1,80-DTC-07,IQT903,407424,SA005,,B,470,520,P0,1.0,SS00201,DTC,1.0,6.0,1.0,1000000,2007-07-31,2007-07-31,2007-07-31,6610.0,18.09719370294319,0.9888428224342896,1.3619438740588639,1.0,1.0,1.05,6.666666666666667,2.1333333333333337,3.0167164707040657,1389.5,37829.5,0.0013895,0.00378295,0.00517245,0.015603815108893245,63.08689112382905,1428.0,34930.5,0.001428,0.00349305,0.00492105,0.014845412588158241,66.36087623443159,1357.0,35696.5,0.001357,0.00356965,0.00492665,0.014862306200394186,66.2843088089167,1302.5,28645.5,0.0013025,0.00286455,0.00416705,0.012570808369247378,78.54937905555477
SA001,437122,2723063100,35803045,54000,4,80,1.45,,0,0,20119006912.0,1,80-DTC-88,IQT903,437122,SA005,,B,243,520,P0,1.0,SS00201,DTC,1.0,6.0,1.0,1000000,1988-01-01,1988-01-01,1988-01-01,13761.0,37.67556468172484,0.9888428224342896,1.7535112936344968,1.0,1.0,1.05,6.666666666666667,2.1333333333333337,3.884041407160182,1389.5,37829.5,0.0013895,0.00378295,0.00517245,0.020090009976465685,48.77598324597368,1428.0,34930.5,0.001428,0.00349305,0.00492105,0.019113561966705613,51.318871895354974,1357.0,35696.5,0.001357,0.00356965,0.00492665,0.01913531259858571,51.25940234046189,1302.5,28645.5,0.0013025,0.00286455,0.00416705,0.016184994745706838,60.78562401234363
SA001,72531,2723063100,35803045,54000,4,80,51.95,,0,0,20119006912.0,1,80-DTC-91,IQT903,72531,SA005,,B,243,520,P0,1.0,SS00201,DTC,1.0,6.0,1.0,1000000,1991-01-01,1991-01-01,1991-01-01,12665.0,34.67488021902806,0.9888428224342896,1.6934976043805614,1.0,1.0,1.05,6.666666666666667,2.1333333333333337,3.751110610019097,1389.5,37829.5,0.0013895,0.00378295,0.00517245,0.01940243207479328,50.53993046568387,1428.0,34930.5,0.001428,0.00349305,0.00492105,0.018459402867434478,53.172933283999654,1357.0,35696.5,0.001357,0.00356965,0.00492665,0.018480409086850585,53.11135626383577,1302.5,28645.5,0.0013025,0.00286455,0.00416705,0.01563106546748008,62.97516548570968
SA001,106609,2723063100,35803045,54000,5,50,109.16,,0,0,20119006912.0,1,50-EPS-88,IQT903,106609,SA005,,B,470,520,P0,0.8,SS00201,EPS,1.6,3.2,1.0,1000000,1988-01-01,1988-01-01,1988-01-01,13761.0,37.67556468172484,0.9653426409720027,1.7535112936344968,1.0,1.0,1.05,12.5,2.3625,4.19905123547945,1389.5,37829.5,0.0013895,0.00378295,0.00517245,0.02171938256295568,45.041824490240714,1428.0,34930.5,0.001428,0.00349305,0.00492105,0.020663741082356146,47.39394744709881,1357.0,35696.5,0.001357,0.00356965,0.00492665,0.020687255769274833,47.33893925579157,1302.5,28645.5,0.0013025,0.00286455,0.00416705,0.017497656450804644,56.150510573318186
SA001,106659,2723063100,35803045,54000,4,200,95.37,,0,0,20119006912.0,1,200-DTC-94,IQT903,106659,SA005,,B,243,520,P0,1.3,SS00201,DTC,1.0,6.3,1.0,1000000,1994-01-01,1994-01-01,1994-01-01,11569.0,31.67419575633128,1.0346573590279973,1.6334839151266256,1.0,1.0,1.05,15.873015873015873,3.9746031746031747,7.053334614522713,1389.5,37829.5,0.0013895,0.00378295,0.00517245,0.03648302062688801,26.410011090556445,1428.0,34930.5,0.001428,0.00349305,0.00492105,0.03470981230479699,27.810296962101326,1357.0,35696.5,0.001357,0.00356965,0.00492665,0.03474931097863833,27.777549017151347,1302.5,28645.5,0.0013025,0.00286455,0.00416705,0.029391598005446874,33.023328701443155
SA001,211480,2723063100,35803045,54000,13,25,16.48,,0,0,20119006912.0,1,25-STS-98,IQT903,211480,SA005,,B,470,520,P0,0.8,SS00201,STS,2.0,2.8,0.7,1000000,1998-01-01,1998-01-01,1998-01-01,10108.0,27.67419575633128,0.9306852819440055,1.5534839151266255,1.0,1.0,1.05,8.928571428571429,1.692857142857143,1.798942392891992,1389.5,37829.5,0.0013895,0.00378295,0.00517245,0.009304939580114186,106.46980046352203,1428.0,34930.5,0.001428,0.00349305,0.00492105,0.008852685462541136,111.96007344114462,1357.0,35696.5,0.001357,0.00356965,0.00492665,0.008862759539941333,111.8316745471151,1302.5,28645.5,0.0013025,0.00286455,0.00416705,0.007496282898300576,132.3994479086031
SA001,72488,2723063100,35803045,54000,13,25,16.0,,0,0,20119006912.0,1,25-STS-94,IQT903,72488,SA005,,B,470,520,P0,0.8,SS00201,STS,2.0,2.8,0.7,1000000,1994-01-01,1994-01-01,1994-01-01,11569.0,31.67419575633128,0.9306852819440055,1.6334839151266256,1.0,1.0,1.05,8.928571428571429,1.692857142857143,1.8915828058566984,1389.5,37829.5,0.0013895,0.00378295,0.00517245,0.00978411748415348,101.2064587449626,1428.0,34930.5,0.001428,0.00349305,0.00492105,0.009308573566761106,106.42784518250818,1357.0,35696.5,0.001357,0.00356965,0.00492665,0.009319166430473903,106.30573463415949,1302.5,28645.5,0.0013025,0.00286455,0.00416705,0.007882320131145155,125.86619971811757
SA001,245475,2723063100,35803045,54000,4,100,3.0,,0,0,20119006912.0,1,100-DTC-94,IQT903,245475,SA005,,B,470,520,P0,1.0,SS00201,DTC,1.0,6.0,1.0,1000000,1994-01-01,1994-01-01,1994-01-01,11569.0,31.67419575633128,1.0,1.6334839151266256,1.0,1.0,1.05,8.333333333333334,2.466666666666667,4.230723340177961,1389.5,37829.5,0.0013895,0.00378295,0.00517245,0.021883204940903494,44.69714549128163,1428.0,34930.5,0.001428,0.00349305,0.00492105,0.020819601093182753,47.03165994988462,1357.0,35696.5,0.001357,0.00356965,0.00492665,0.02084329314388775,46.97706356172646,1302.5,28645.5,0.0013025,0.00286455,0.00416705,0.01762963569468857,55.72266956153146
SA001,324775,2723063100,35803045,54000,4,100,5.0,,0,0,2006540000000.0,1,100-DTC-06,IQT903,324775,SA005,,B,243,520,P0,1.0,SS00201,DTC,1.0,6.0,1.0,1000000,2006-07-18,2006-07-18,2006-07-18,6988.0,19.132101300479125,1.0,1.3826420260095826,1.0,1.0,1.05,8.333333333333334,2.466666666666667,3.5810428473648193,1389.5,37829.5,0.0013895,0.00378295,0.00517245,0.01852276507585216,52.98761987775164,1428.0,34930.5,0.001428,0.00349305,0.00492105,0.017622490904024644,55.745666968772206,1357.0,35696.5,0.001357,0.00356965,0.00492665,0.01764254474396989,55.68116558648909,1302.5,28645.5,0.0013025,0.00286455,0.00416705,0.01492238459711157,66.01341823032517
SA001,106357,2723063100,35803045,54000,13,25,21.79,,0,0,20119006912.0,1,25-STS-92,IQT903,106357,SA005,,B,470,520,P0,0.8,SS00201,STS,2.0,2.8,0.7,1000000,1992-01-01,1992-01-01,1992-01-01,12300.0,33.67556468172484,0.9306852819440055,1.673511293634497,1.0,1.0,1.05,8.928571428571429,1.692857142857143,1.9379347167924958,1389.5,37829.5,0.0013895,0.00378295,0.00517245,0.010023870425873346,98.76186418160661,1428.0,34930.5,0.001428,0.00349305,0.00492105,0.00953667363807171,103.85836445192615,1357.0,35696.5,0.001357,0.00356965,0.00492665,0.00954752607248575,103.7391745681449,1302.5,28645.5,0.0013025,0.00286455,0.00416705,0.00807547086161017,122.8317885281317
SA001,324768,2723063100,35803045,54000,4,100,117.69,,0,0,20119006912.0,1,100-DTC-94,IQT903,324768,SA005,,B,243,520,P0,1.0,SS00201,DTC,1.0,6.0,1.0,1000000,1994-01-01,1994-01-01,1994-01-01,11569.0,31.67419575633128,1.0,1.6334839151266256,1.0,1.0,1.05,8.333333333333334,2.466666666666667,4.230723340177961,1389.5,37829.5,0.0013895,0.00378295,0.00517245,0.021883204940903494,44.69714549128163,1428.0,34930.5,0.001428,0.00349305,0.00492105,0.020819601093182753,47.03165994988462,1357.0,35696.5,0.001357,0.00356965,0.00492665,0.02084329314388775,46.97706356172646,1302.5,28645.5,0.0013025,0.00286455,0.00416705,0.01762963569468857,55.72266956153146
SA001,324776,2723063100,35803045,54000,4,100,11.57,,0,0,2006540000000.0,1,100-DTC-06,IQT903,324776,SA005,,B,470,520,P0,1.0,SS00201,DTC,1.0,6.0,1.0,1000000,2006-07-18,2006-07-18,2006-07-18,6988.0,19.132101300479125,1.0,1.3826420260095826,1.0,1.0,1.05,8.333333333333334,2.466666666666667,3.5810428473648193,1389.5,37829.5,0.0013895,0.00378295,0.00517245,0.01852276507585216,52.98761987775164,1428.0,34930.5,0.001428,0.00349305,0.00492105,0.017622490904024644,55.745666968772206,1357.0,35696.5,0.001357,0.00356965,0.00492665,0.01764254474396989,55.68116558648909,1302.5,28645.5,0.0013025,0.00286455,0.00416705,0.01492238459711157,66.01341823032517
SA001,143186,2723063100,35803045,54000,10,40,40.38,,0,0,20119006912.0,1,40-PFP-93,IQT903,143186,SA005,,B,470,520,P0,0.8,SS00201,PFP,1.6,3.25,0.6,1000000,1993-01-01,1993-01-01,1993-01-01,11934.0,32.6735112936345,0.9541854634062923,1.6534702258726899,1.0,1.0,1.05,9.846153846153847,2.0307692307692307,2.018507181814279,1389.5,37829.5,0.0013895,0.00378295,0.00517245,0.010440627472575266,94.77968399186086,1428.0,34930.5,0.001428,0.00349305,0.00492105,0.009933174767067156,99.67274798339801,1357.0,35696.5,0.001357,0.00356965,0.00492665,0.009944478407285318,99.55831578531064,1302.5,28645.5,0.0013025,0.00286455,0.00416705,0.008411220351979191,117.88881258053075
SA001,72229,2723063100,35803045,54000,13,25,21.92,,0,0,20119006912.0,1,25-STS-92,IQT903,72229,SA005,,B,470,520,P0,0.8,SS00201,STS,2.0,2.8,0.7,1000000,1992-01-01,1992-01-01,1992-01-01,12300.0,33.67556468172484,0.9306852819440055,1.673511293634497,1.0,1.0,1.05,8.928571428571429,1.692857142857143,1.9379347167924958,1389.5,37829.5,0.0013895,0.00378295,0.00517245,0.010023870425873346,98.76186418160661,1428.0,34930.5,0.001428,0.00349305,0.00492105,0.00953667363807171,103.85836445192615,1357.0,35696.5,0.001357,0.00356965,0.00492665,0.00954752607248575,103.7391745681449,1302.5,28645.5,0.0013025,0.00286455,0.00416705,0.00807547086161017,122.8317885281317
SA001,245431,2723063100,35803045,54000,4,150,202.1,,0,0,20119006912.0,1,150-DTC-94,IQT903,245431,SA005,,B,470,520,P0,1.1,SS00201,DTC,1.0,6.0,1.0,1000000,1994-01-01,1994-01-01,1994-01-01,11569.0,31.67419575633128,1.0202732554054081,1.6334839151266256,1.0,1.0,1.05,12.5,3.3000000000000003,5.774768832774297,1389.5,37829.5,0.0013895,0.00378295,0.00517245,0.029869703049083415,32.47873925484794,1428.0,34930.5,0.001428,0.00349305,0.00492105,0.028417926164523953,34.18905616865064,1357.0,35696.5,0.001357,0.00356965,0.00492665,0.028450264869987495,34.14905764743552,1302.5,28645.5,0.0013025,0.00286455,0.00416705,0.02406375046461214,40.556281988154254
SA001,324770,2723063100,35803045,54000,4,100,5.0,,0,0,2006540000000.0,1,100-DTC-06,IQT903,324770,SA005,,B,470,520,P0,1.0,SS00201,DTC,1.0,6.0,1.0,1000000,2006-07-18,2006-07-18,2006-07-18,6988.0,19.132101300479125,1.0,1.3826420260095826,1.0,1.0,1.05,8.333333333333334,2.466666666666667,3.5810428473648193,1389.5,37829.5,0.0013895,0.00378295,0.00517245,0.01852276507585216,52.98761987775164,1428.0,34930.5,0.001428,0.00349305,0.00492105,0.017622490904024644,55.745666968772206,1357.0,35696.5,0.001357,0.00356965,0.00492665,0.01764254474396989,55.68116558648909,1302.5,28645.5,0.0013025,0.00286455,0.00416705,0.01492238459711157,66.01341823032517
SA001,324767,2723063100,35803045,54000,4,100,6.0,,0,0,20119006912.0,1,100-DTC-94,IQT903,324767,SA005,,B,243,520,P0,1.0,SS00201,DTC,1.0,6.0,1.0,1000000,1994-01-01,1994-01-01,1994-01-01,11569.0,31.67419575633128,1.0,1.6334839151266256,1.0,1.0,1.05,8.333333333333334,2.466666666666667,4.230723340177961,1389.5,37829.5,0.0013895,0.00378295,0.00517245,0.021883204940903494,44.69714549128163,1428.0,34930.5,0.001428,0.00349305,0.00492105,0.020819601093182753,47.03165994988462,1357.0,35696.5,0.001357,0.00356965,0.00492665,0.02084329314388775,46.97706356172646,1302.5,28645.5,0.0013025,0.00286455,0.00416705,0.01762963569468857,55.72266956153146
SA001,142928,2723063100,35803045,54000,10,40,55.64,,0,0,20119006912.0,1,40-PFP-91,IQT903,142928,SA005,,B,470,520,P0,0.8,SS00201,PFP,1.6,3.25,0.6,1000000,1991-01-01,1991-01-01,1991-01-01,12665.0,34.67488021902806,0.9541854634062923,1.6934976043805614,1.0,1.0,1.05,9.846153846153847,2.0307692307692307,2.0673714127650924,1389.5,37829.5,0.0013895,0.00378295,0.00517245,0.010693375263956802,92.51584278264413,1428.0,34930.5,0.001428,0.00349305,0.00492105,0.010173638090787657,97.29325469180107,1357.0,35696.5,0.001357,0.00356965,0.00492665,0.010185215370699142,97.18152720430467,1302.5,28645.5,0.0013025,0.00286455,0.00416705,0.00861484004556278,115.07876579380799
SA001,106610,2723063100,35803045,54000,4,150,43.96,,0,0,20119006912.0,1,150-DTC-94,IQT903,106610,SA005,,B,470,520,P0,1.1,SS00201,DTC,1.0,6.0,1.0,1000000,1994-01-01,1994-01-01,1994-01-01,11569.0,31.67419575633128,1.0202732554054081,1.6334839151266256,1.0,1.0,1.05,12.5,3.3000000000000003,5.774768832774297,1389.5,37829.5,0.0013895,0.00378295,0.00517245,0.029869703049083415,32.47873925484794,1428.0,34930.5,0.001428,0.00349305,0.00492105,0.028417926164523953,34.18905616865064,1357.0,35696.5,0.001357,0.00356965,0.00492665,0.028450264869987495,34.14905764743552,1302.5,28645.5,0.0013025,0.00286455,0.00416705,0.02406375046461214,40.556281988154254
SA001,143187,2723063100,35803045,54000,4,100,48.93,,0,0,20119006912.0,1,100-DTC-94,IQT903,143187,SA005,,B,470,520,P0,1.0,SS00201,DTC,1.0,6.0,1.0,1000000,1994-01-01,1994-01-01,1994-01-01,11569.0,31.67419575633128,1.0,1.6334839151266256,1.0,1.0,1.05,8.333333333333334,2.466666666666667,4.230723340177961,1389.5,37829.5,0.0013895,0.00378295,0.00517245,0.021883204940903494,44.69714549128163,1428.0,34930.5,0.001428,0.00349305,0.00492105,0.020819601093182753,47.03165994988462,1357.0,35696.5,0.001357,0.00356965,0.00492665,0.02084329314388775,46.97706356172646,1302.5,28645.5,0.0013025,0.00286455,0.00416705,0.01762963569468857,55.72266956153146
SA001,324769,2723063100,35803045,54000,4,100,164.66,,0,0,20119006912.0,1,100-DTC-94,IQT903,324769,SA005,,B,470,520,P0,1.0,SS00201,DTC,1.0,6.0,1.0,1000000,1994-01-01,1994-01-01,1994-01-01,11569.0,31.67419575633128,1.0,1.6334839151266256,1.0,1.0,1.05,8.333333333333334,2.466666666666667,4.230723340177961,1389.5,37829.5,0.0013895,0.00378295,0.00517245,0.021883204940903494,44.69714549128163,1428.0,34930.5,0.001428,0.00349305,0.00492105,0.020819601093182753,47.03165994988462,1357.0,35696.5,0.001357,0.00356965,0.00492665,0.02084329314388775,46.97706356172646,1302.5,28645.5,0.0013025,0.00286455,0.00416705,0.01762963569468857,55.72266956153146
SA001,38045,2723063100,35803045,54000,4,80,100.0,,0,0,2007540000000.0,1,80-DTC-06,IQT903,38045,SA005,,B,470,520,P0,1.0,SS00201,DTC,1.0,6.0,1.0,1000000,2006-12-08,2006-12-08,2006-12-08,6845.0,18.740588637919235,0.9888428224342896,1.3748117727583846,1.0,1.0,1.05,6.666666666666667,2.1333333333333337,3.045218968266251,1389.5,37829.5,0.0013895,0.00378295,0.00517245,0.01575124285240877,62.48705364840935,1428.0,34930.5,0.001428,0.00349305,0.00492105,0.014985674803786634,65.73039506684853,1357.0,35696.5,0.001357,0.00356965,0.00492665,0.015002728030008926,65.65454429352907,1302.5,28645.5,0.0013025,0.00286455,0.00416705,0.012689579701713883,77.80481651137254
SA001,3699,2723063100,35803045,54000,10,40,56.0,,0,0,20119006912.0,1,40-PFP-91,IQT903,3699,SA005,,B,470,520,P0,0.8,SS00201,PFP,1.6,3.25,0.6,1000000,1991-01-01,1991-01-01,1991-01-01,12665.0,34.67488021902806,0.9541854634062923,1.6934976043805614,1.0,1.0,1.05,9.846153846153847,2.0307692307692307,2.0673714127650924,1389.5,37829.5,0.0013895,0.00378295,0.00517245,0.010693375263956802,92.51584278264413,1428.0,34930.5,0.001428,0.00349305,0.00492105,0.010173638090787657,97.29325469180107,1357.0,35696.5,0.001357,0.00356965,0.00492665,0.010185215370699142,97.18152720430467,1302.5,28645.5,0.0013025,0.00286455,0.00416705,0.00861484004556278,115.07876579380799
SA001,72231,2723063100,35803045,54000,13,20,12.57,,0,0,20119006912.0,1,20-STS-93,IQT903,72231,SA005,,B,470,520,P0,0.8,SS00201,STS,2.0,2.1,0.7,1000000,1993-01-01,1993-01-01,1993-01-01,11934.0,32.6735112936345,0.919528104378295,1.6534702258726899,1.0,1.0,1.05,9.523809523809524,1.7523809523809524,1.9582910970661536,1389.5,37829.5,0.0013895,0.00378295,0.00517245,0.010129162785019826,97.72484243998086,1428.0,34930.5,0.001428,0.00349305,0.00492105,0.009636848403217395,102.76836473489986,1357.0,35696.5,0.001357,0.00356965,0.00492665,0.009647814833360966,102.6504138265716,1302.5,28645.5,0.0013025,0.00286455,0.00416705,0.008160296916029515,121.54456060730709
SA001,37765,2723063100,35803045,54000,13,25,18.51,,0,0,20119006912.0,1,25-STS-91,IQT903,37765,SA005,,B,470,520,P0,0.8,SS00201,STS,2.0,2.8,0.7,1000000,1991-01-01,1991-01-01,1991-01-01,12665.0,34.67488021902806,0.9306852819440055,1.6934976043805614,1.0,1.0,1.05,8.928571428571429,1.692857142857143,1.9610789678069505,1389.5,37829.5,0.0013895,0.00378295,0.00517245,0.010143582907033061,97.58449515965894,1428.0,34930.5,0.001428,0.00349305,0.00492105,0.009650567654526394,102.62084758101987,1357.0,35696.5,0.001357,0.00356965,0.00492665,0.009661549696746112,102.50306435175584,1302.5,28645.5,0.0013025,0.00286455,0.00416705,0.008171914112799954,121.37035120494782
SA001,440012,2723063100,35803045,54000,13,40,13.72,,0,0,20159000424.0,1,40-STS-15,IQT903,440012,SA005,,B,470,520,P0,0.8,SS00201,STS,2.0,2.8,0.7,1000000,2015-01-16,2015-01-16,2015-01-16,3884.0,10.633812457221081,0.9541854634062923,1.2126762491444216,1.0,1.0,1.05,14.285714285714286,2.2285714285714286,1.8953593638552426,1389.5,37829.5,0.0013895,0.00378295,0.00517245,0.00980365154157305,101.00280943885369,1428.0,34930.5,0.001428,0.00349305,0.00492105,0.009327158197499841,106.21379211387789,1357.0,35696.5,0.001357,0.00356965,0.00492665,0.009337772209937431,106.09192487430582,1302.5,28645.5,0.0013025,0.00286455,0.00416705,0.00789805723715299,125.6134151694841
SA001,470705,2723063100,35803045,54000,13,50,0.22,,0,0,20219006333.0,1,50-STS-21,IQT001,470705,SA005,,B,243,520,P0,0.5,SS00201,STS,2.0,2.8,0.7,1000000,2021-06-14,2021-06-14,2021-06-14,1543.0,4.224503764544832,0.9653426409720027,1.0844900752908966,1.0,1.0,1.05,17.857142857142858,2.585714285714286,1.9896420276962512,1389.5,37829.5,0.0013895,0.00378295,0.00517245,0.010291323906157475,96.16922809141036,1428.0,34930.5,0.001428,0.00349305,0.00492105,0.009791127900394636,101.13327924760279,1357.0,35696.5,0.001357,0.00356965,0.00492665,0.009802269895749737,101.01718690010769,1302.5,28645.5,0.0013025,0.00286455,0.00416705,0.008290937811511663,119.61361726915098
SA001,470707,2723063100,35803045,54000,13,50,1.14,,0,0,20219006333.0,1,50-STS-21,IQT001,470707,SA005,,B,243,520,P0,0.3,SS00201,STS,2.0,2.8,0.7,1000000,2021-06-14,2021-06-14,2021-06-14,1543.0,4.224503764544832,0.9653426409720027,1.0844900752908966,1.0,1.0,1.05,17.857142857142858,2.585714285714286,1.9896420276962512,1389.5,37829.5,0.0013895,0.00378295,0.00517245,0.010291323906157475,96.16922809141036,1428.0,34930.5,0.001428,0.00349305,0.00492105,0.009791127900394636,101.13327924760279,1357.0,35696.5,0.001357,0.00356965,0.00492665,0.009802269895749737,101.01718690010769,1302.5,28645.5,0.0013025,0.00286455,0.00416705,0.008290937811511663,119.61361726915098
SA001,470708,2723063100,35803045,54000,18,80,4.29,,0,0,20219006333.0,1,80-DTEP-21,IQT001,470708,SA005,,B,243,520,P0,0.7,SS00201,DTEP,1.6,6.0,1.0,1000000,2021-06-14,2021-06-14,2021-06-14,1543.0,4.224503764544832,0.9888428224342896,1.0844900752908966,1.0,1.0,1.05,10.666666666666666,2.1333333333333333,2.4021541083738804,1389.5,37829.5,0.0013895,0.00378295,0.00517245,0.01242502201785848,79.48275476395136,1428.0,34930.5,0.001428,0.00349305,0.00492105,0.011821120475013283,83.59434975844592,1357.0,35696.5,0.001357,0.00356965,0.00492665,0.011834572538020179,83.49819347402396,1302.5,28645.5,0.0013025,0.00286455,0.00416705,0.010009896277299379,98.90113506648593
SA001,470709,2723063100,35803045,54000,13,50,6.38,,0,0,20219006333.0,1,50-STS-21,IQT001,470709,SA005,,B,243,520,P0,0.5,SS00201,STS,2.0,2.8,0.7,1000000,2021-06-14,2021-06-14,2021-06-14,1543.0,4.224503764544832,0.9653426409720027,1.0844900752908966,1.0,1.0,1.05,17.857142857142858,2.585714285714286,1.9896420276962512,1389.5,37829.5,0.0013895,0.00378295,0.00517245,0.010291323906157475,96.16922809141036,1428.0,34930.5,0.001428,0.00349305,0.00492105,0.009791127900394636,101.13327924760279,1357.0,35696.5,0.001357,0.00356965,0.00492665,0.009802269895749737,101.01718690010769,1302.5,28645.5,0.0013025,0.00286455,0.00416705,0.008290937811511663,119.61361726915098
SA001,470710,2723063100,35803045,54000,13,50,21.92,,0,0,20219006333.0,1,50-STS-21,IQT001,470710,SA005,,B,243,520,P0,0.6,SS00201,STS,2.0,2.8,0.7,1000000,2021-06-14,2021-06-14,2021-06-14,1543.0,4.224503764544832,0.9653426409720027,1.0844900752908966,1.0,1.0,1.05,17.857142857142858,2.585714285714286,1.9896420276962512,1389.5,37829.5,0.0013895,0.00378295,0.00517245,0.010291323906157475,96.16922809141036,1428.0,34930.5,0.001428,0.00349305,0.00492105,0.009791127900394636,101.13327924760279,1357.0,35696.5,0.001357,0.00356965,0.00492665,0.009802269895749737,101.01718690010769,1302.5,28645.5,0.0013025,0.00286455,0.00416705,0.008290937811511663,119.61361726915098
SA001,470711,2723063100,35803045,54000,13,50,11.22,,0,0,20219006333.0,1,50-STS-21,IQT001,470711,SA005,,B,243,520,P0,0.5,SS00201,STS,2.0,2.8,0.7,1000000,2021-06-14,2021-06-14,2021-06-14,1543.0,4.224503764544832,0.9653426409720027,1.0844900752908966,1.0,1.0,1.05,17.857142857142858,2.585714285714286,1.9896420276962512,1389.5,37829.5,0.0013895,0.00378295,0.00517245,0.010291323906157475,96.16922809141036,1428.0,34930.5,0.001428,0.00349305,0.00492105,0.009791127900394636,101.13327924760279,1357.0,35696.5,0.001357,0.00356965,0.00492665,0.009802269895749737,101.01718690010769,1302.5,28645.5,0.0013025,0.00286455,0.00416705,0.008290937811511663,119.61361726915098
SA001,470712,2723063100,35803045,54000,13,50,32.83,,0,0,20219006333.0,1,50-STS-21,IQT001,470712,SA005,,B,243,520,P0,0.6,SS00201,STS,2.0,2.8,0.7,1000000,2021-06-14,2021-06-14,2021-06-14,1543.0,4.224503764544832,0.9653426409720027,1.0844900752908966,1.0,1.0,1.05,17.857142857142858,2.585714285714286,1.9896420276962512,1389.5,37829.5,0.0013895,0.00378295,0.00517245,0.010291323906157475,96.16922809141036,1428.0,34930.5,0.001428,0.00349305,0.00492105,0.009791127900394636,101.13327924760279,1357.0,35696.5,0.001357,0.00356965,0.00492665,0.009802269895749737,101.01718690010769,1302.5,28645.5,0.0013025,0.00286455,0.00416705,0.008290937811511663,119.61361726915098
SA001,210412,2723061000,35803044,54000,4,80,84.7,,0,0,20119006912.0,1,80-DTC-95,IQT903,210412,SA005,,B,461,520,P0,1.0,SS00201,DTC,1.0,6.0,1.0,1000000,1995-01-01,1995-01-01,1995-01-01,11204.0,30.67488021902806,0.9888428224342896,1.6134976043805613,1.0,1.0,1.05,6.666666666666667,2.1333333333333337,3.573909976238872,1389.5,37829.5,0.0013895,0.00378295,0.00517245,0.018485870656596754,53.095369299965654,1428.0,34930.5,0.001428,0.00349305,0.00492105,0.0175873896885703,55.85892094890468,1357.0,35696.5,0.001357,0.00356965,0.00492665,0.01760740358443724,55.79429083365113,1302.5,28645.5,0.0013025,0.00286455,0.00416705,0.014892661566486193,66.14716476538734
SA001,243991,2723061000,35803044,54000,13,50,65.26,,0,0,20179010401.0,1,50-STS-17,IQT903,243991,SA005,,B,461,520,P0,0.8,SS00201,STS,2.0,2.8,0.7,1000000,2017-09-20,2017-09-20,2017-09-20,2906.0,7.956194387405886,0.9653426409720027,1.1591238877481178,1.0,1.0,1.05,17.857142857142858,2.585714285714286,2.1265677343812626,1389.5,37829.5,0.0013895,0.00378295,0.00517245,0.010999565277700362,89.9126837973606,1428.0,34930.5,0.001428,0.00349305,0.00492105,0.010464946149276911,94.55710901284439,1357.0,35696.5,0.001357,0.00356965,0.00492665,0.010476854928589447,94.44849163379942,1302.5,28645.5,0.0013025,0.00286455,0.00416705,0.00886151407755344,111.84753274082574
SA001,243997,2723063100,35803045,54000,13,25,12.11,,0,0,20119006912.0,1,25-STS-91,IQT903,243997,SA005,,B,461,520,P0,0.8,SS00201,STS,2.0,2.8,0.7,1000000,1991-01-01,1991-01-01,1991-01-01,12665.0,34.67488021902806,0.9306852819440055,1.6934976043805614,1.0,1.0,1.05,8.928571428571429,1.692857142857143,1.9610789678069505,1389.5,37829.5,0.0013895,0.00378295,0.00517245,0.010143582907033061,97.58449515965894,1428.0,34930.5,0.001428,0.00349305,0.00492105,0.009650567654526394,102.62084758101987,1357.0,35696.5,0.001357,0.00356965,0.00492665,0.009661549696746112,102.50306435175584,1302.5,28645.5,0.0013025,0.00286455,0.00416705,0.008171914112799954,121.37035120494782
SA001,36934,2723063100,35803045,54000,10,80,63.61,,0,0,20119006912.0,1,80-PFP-96,IQT903,36934,SA005,,B,461,520,P0,1.0,SS00201,PFP,1.6,4.5,0.6,1000000,1996-01-01,1996-01-01,1996-01-01,10839.0,29.675564681724847,0.9888428224342896,1.593511293634497,1.0,1.0,1.05,14.222222222222221,2.5777777777777775,2.558989101209806,1389.5,37829.5,0.0013895,0.00378295,0.00517245,0.013236243176552661,74.55013810651724,1428.0,34930.5,0.001428,0.00349305,0.00492105,0.012592913316508515,78.40974219913538,1357.0,35696.5,0.001357,0.00356965,0.00492665,0.012607243655475291,78.31947912862799,1302.5,28645.5,0.0013025,0.00286455,0.00416705,0.010663435534196321,92.77840723030803
SA001,36409,2723063100,35803044,54000,13,25,22.75,,0,0,20119006912.0,1,25-STS-92,IQT903,36409,SA005,,B,461,520,P0,0.8,SS00201,STS,2.0,2.8,0.7,1000000,1992-01-01,1992-01-01,1992-01-01,12300.0,33.67556468172484,0.9306852819440055,1.673511293634497,1.0,1.0,1.05,8.928571428571429,1.692857142857143,1.9379347167924958,1389.5,37829.5,0.0013895,0.00378295,0.00517245,0.010023870425873346,98.76186418160661,1428.0,34930.5,0.001428,0.00349305,0.00492105,0.00953667363807171,103.85836445192615,1357.0,35696.5,0.001357,0.00356965,0.00492665,0.00954752607248575,103.7391745681449,1302.5,28645.5,0.0013025,0.00286455,0.00416705,0.00807547086161017,122.8317885281317
SA001,141957,2723063100,35803045,54000,4,80,66.65,,0,0,20119006912.0,1,80-DTC-94,IQT903,141957,SA005,,B,461,520,P0,1.0,SS00201,DTC,1.0,6.0,1.0,1000000,1994-01-01,1994-01-01,1994-01-01,11569.0,31.67419575633128,0.9888428224342896,1.6334839151266256,1.0,1.0,1.05,6.666666666666667,2.1333333333333337,3.6181798128780107,1389.5,37829.5,0.0013895,0.00378295,0.00517245,0.018714854173120868,52.433491426091145,1428.0,34930.5,0.001428,0.00349305,0.00492105,0.017805243768163333,55.16322994622798,1357.0,35696.5,0.001357,0.00356965,0.00492665,0.017825505575115454,55.0993906055606,1302.5,28645.5,0.0013025,0.00286455,0.00416705,0.015077136189253316,65.32559309988724
SA001,71262,2723063100,35803045,54000,4,100,69.22,,0,0,20119006912.0,1,100-DTC-88,IQT903,71262,SA005,,B,461,520,P0,1.0,SS00201,DTC,1.0,6.0,1.0,1000000,1988-01-01,1988-01-01,1988-01-01,13761.0,37.67556468172484,1.0,1.7535112936344968,1.0,1.0,1.05,8.333333333333334,2.466666666666667,4.541594250513347,1389.5,37829.5,0.0013895,0.00378295,0.00517245,0.02349116918106776,41.56918811882424,1428.0,34930.5,0.001428,0.00349305,0.00492105,0.022349412386488705,43.743905687853704,1357.0,35696.5,0.001357,0.00356965,0.00492665,0.022374845314291583,43.693046407845586,1302.5,28645.5,0.0013025,0.00286455,0.00416705,0.018925050321601643,51.84001801879326
SA001,246553,2723063100,35803045,54000,5,50,81.32,,0,0,20119006912.0,1,50-EPS-86,IQT903,246553,SA005,,B,461,520,P0,0.8,SS00201,EPS,1.6,3.2,1.0,1000000,1986-01-01,1986-01-01,1986-01-01,14491.0,39.67419575633128,0.9653426409720027,1.7934839151266257,1.0,1.0,1.05,12.5,2.3625,4.294771797001458,1389.5,37829.5,0.0013895,0.00378295,0.00517245,0.02221449238140019,44.01565837431796,1428.0,34930.5,0.001428,0.00349305,0.00492105,0.02113478675163402,46.31535793341684,1357.0,35696.5,0.001357,0.00356965,0.00492665,0.021158837473697234,46.26157574786942,1302.5,28645.5,0.0013025,0.00286455,0.00416705,0.017896528816694925,54.87675745629184
SA001,243996,2723063100,35803045,54000,5,40,28.09,,0,0,20119006912.0,1,40-EPS-87,IQT903,243996,SA005,,B,461,520,P0,0.8,SS00201,EPS,1.6,3.2,1.0,1000000,1987-01-01,1987-01-01,1987-01-01,14126.0,38.67488021902806,0.9541854634062923,1.7734976043805613,1.0,1.0,1.05,10.0,2.05,3.6425587260782173,1389.5,37829.5,0.0013895,0.00378295,0.00517245,0.018840952882703276,52.075871811029195,1428.0,34930.5,0.001428,0.00349305,0.00492105,0.01792521361896721,54.78734074007742,1357.0,35696.5,0.001357,0.00356965,0.00492665,0.01794561194783325,54.72392866328193,1302.5,28645.5,0.0013025,0.00286455,0.00416705,0.015178724339504237,64.8816892403398
SA001,2782,2723063100,35803045,54000,13,20,15.01,,0,0,20119006912.0,1,20-STS-90,IQT903,2782,SA005,,B,461,520,P0,0.8,SS00201,STS,2.0,2.1,0.7,1000000,1990-01-01,1990-01-01,1990-01-01,13030.0,35.67419575633128,0.919528104378295,1.7134839151266257,1.0,1.0,1.05,9.523809523809524,1.7523809523809524,2.0293684418705022,1389.5,37829.5,0.0013895,0.00378295,0.00517245,0.01049680679715308,94.26706734006171,1428.0,34930.5,0.001428,0.00349305,0.00492105,0.009986623570866835,99.13394345985151,1357.0,35696.5,0.001357,0.00356965,0.00492665,0.00999798803414131,99.02012370740812,1302.5,28645.5,0.0013025,0.00286455,0.00416705,0.008456479765696476,117.25251495976823
SA001,71374,2723063100,35803045,54000,5,40,50.7,,0,0,20119006912.0,1,40-EPS-87,IQT903,71374,SA005,,B,461,520,P0,0.8,SS00201,EPS,1.6,3.2,1.0,1000000,1987-01-01,1987-01-01,1987-01-01,14126.0,38.67488021902806,0.9541854634062923,1.7734976043805613,1.0,1.0,1.05,10.0,2.05,3.6425587260782173,1389.5,37829.5,0.0013895,0.00378295,0.00517245,0.018840952882703276,52.075871811029195,1428.0,34930.5,0.001428,0.00349305,0.00492105,0.01792521361896721,54.78734074007742,1357.0,35696.5,0.001357,0.00356965,0.00492665,0.01794561194783325,54.72392866328193,1302.5,28645.5,0.0013025,0.00286455,0.00416705,0.015178724339504237,64.8816892403398
SA001,36486,2723063100,35803045,54000,13,25,35.67,,0,0,20119006912.0,1,25-STS-91,IQT903,36486,SA005,,B,461,520,P0,0.8,SS00201,STS,2.0,2.8,0.7,1000000,1991-01-01,1991-01-01,1991-01-01,12665.0,34.67488021902806,0.9306852819440055,1.6934976043805614,1.0,1.0,1.05,8.928571428571429,1.692857142857143,1.9610789678069505,1389.5,37829.5,0.0013895,0.00378295,0.00517245,0.010143582907033061,97.58449515965894,1428.0,34930.5,0.001428,0.00349305,0.00492105,0.009650567654526394,102.62084758101987,1357.0,35696.5,0.001357,0.00356965,0.00492665,0.009661549696746112,102.50306435175584,1302.5,28645.5,0.0013025,0.00286455,0.00416705,0.008171914112799954,121.37035120494782
SA001,3989,2723063100,35803045,54000,13,25,12.19,,0,0,20119006912.0,1,25-STS-92,IQT903,3989,SA005,,B,243,520,P0,0.8,SS00201,STS,2.0,2.8,0.7,1000000,1992-01-01,1992-01-01,1992-01-01,12300.0,33.67556468172484,0.9306852819440055,1.673511293634497,1.0,1.0,1.05,8.928571428571429,1.692857142857143,1.9379347167924958,1389.5,37829.5,0.0013895,0.00378295,0.00517245,0.010023870425873346,98.76186418160661,1428.0,34930.5,0.001428,0.00349305,0.00492105,0.00953667363807171,103.85836445192615,1357.0,35696.5,0.001357,0.00356965,0.00492665,0.00954752607248575,103.7391745681449,1302.5,28645.5,0.0013025,0.00286455,0.00416705,0.00807547086161017,122.8317885281317
SA001,4007,2723063100,35803045,54000,4,100,331.0,,0,0,20119006912.0,1,100-DTC-95,IQT903,4007,SA005,,B,243,520,P0,1.0,SS00201,DTC,1.0,6.0,1.0,1000000,1995-01-01,1995-01-01,1995-01-01,11204.0,30.67488021902806,1.0,1.6134976043805613,1.0,1.0,1.05,8.333333333333334,2.466666666666667,4.178958795345655,1389.5,37829.5,0.0013895,0.00378295,0.00517245,0.021615455420985634,45.26319365120281,1428.0,34930.5,0.001428,0.00349305,0.00492105,0.020564865179835735,47.62662561875291,1357.0,35696.5,0.001357,0.00356965,0.00492665,0.02058826734908967,47.57135294797966,1302.5,28645.5,0.0013025,0.00286455,0.00416705,0.017413930248145113,56.42529031357051
SA001,143232,2723063100,35803045,54000,5,40,73.4,,0,0,20119006912.0,1,40-EPS-88,IQT903,143232,SA005,,B,243,520,P0,0.8,SS00201,EPS,1.6,3.2,1.0,1000000,1988-01-01,1988-01-01,1988-01-01,13761.0,37.67556468172484,0.9541854634062923,1.7535112936344968,1.0,1.0,1.05,10.0,2.05,3.6015091580210803,1389.5,37829.5,0.0013895,0.00378295,0.00517245,0.018628626044406137,52.68082421195433,1428.0,34930.5,0.001428,0.00349305,0.00492105,0.017723206642079638,55.42319813761762,1357.0,35696.5,0.001357,0.00356965,0.00492665,0.017743375093364558,55.35906329760043,1302.5,28645.5,0.0013025,0.00286455,0.00416705,0.015007668736931743,65.63260080755526
SA001,177437,2723063100,35803045,54000,4,80,87.87,,0,0,20119006912.0,1,80-DTC-92,IQT903,177437,SA005,,B,243,520,P0,1.0,SS00201,DTC,1.0,6.0,1.0,1000000,1992-01-01,1992-01-01,1992-01-01,12300.0,33.67556468172484,0.9888428224342896,1.673511293634497,1.0,1.0,1.05,6.666666666666667,2.1333333333333337,3.7068407733799575,1389.5,37829.5,0.0013895,0.00378295,0.00517245,0.019173448558269163,51.15545846960942,1428.0,34930.5,0.001428,0.00349305,0.00492105,0.018241548787841438,53.819906556757466,1357.0,35696.5,0.001357,0.00356965,0.00492665,0.01826230709617237,53.75759413823414,1302.5,28645.5,0.0013025,0.00286455,0.00416705,0.015446590844712954,63.739204271878485
SA001,176381,2723061000,35803044,54000,5,50,44.61,,0,0,20119006912.0,1,50-EPS-90,IQT903,176381,SA005,,B,461,520,P0,0.8,SS00201,EPS,1.6,3.2,1.0,1000000,1990-01-01,1990-01-01,1990-01-01,13030.0,35.67419575633128,0.9653426409720027,1.7134839151266257,1.0,1.0,1.05,12.5,2.3625,4.103199549900563,1389.5,37829.5,0.0013895,0.00378295,0.00517245,0.02122359451188317,46.11737210396176,1428.0,34930.5,0.001428,0.00349305,0.00492105,0.020192050145038165,48.524441194285174,1357.0,35696.5,0.001357,0.00356965,0.00492665,0.020215028062517612,48.46814799897233,1302.5,28645.5,0.0013025,0.00286455,0.00416705,0.017098237684413143,57.48555964990509
SA001,324780,2723063100,35803045,54000,4,100,3.0,,0,0,2006540000000.0,1,100-DTC-06,IQT903,324780,SA005,,B,243,520,P0,1.0,SS00201,DTC,1.0,6.0,1.0,1000000,2006-07-18,2006-07-18,2006-07-18,6988.0,19.132101300479125,1.0,1.3826420260095826,1.0,1.0,1.05,8.333333333333334,2.466666666666667,3.5810428473648193,1389.5,37829.5,0.0013895,0.00378295,0.00517245,0.01852276507585216,52.98761987775164,1428.0,34930.5,0.001428,0.00349305,0.00492105,0.017622490904024644,55.745666968772206,1357.0,35696.5,0.001357,0.00356965,0.00492665,0.01764254474396989,55.68116558648909,1302.5,28645.5,0.0013025,0.00286455,0.00416705,0.01492238459711157,66.01341823032517
SA001,72532,2723063100,35803045,54000,10,40,58.41,,0,0,20119006912.0,1,40-PFP-92,IQT903,72532,SA005,,B,243,520,P0,0.8,SS00201,PFP,1.6,3.25,0.6,1000000,1992-01-01,1992-01-01,1992-01-01,12300.0,33.67556468172484,0.9541854634062923,1.673511293634497,1.0,1.0,1.05,9.846153846153847,2.0307692307692307,2.042972720156273,1389.5,37829.5,0.0013895,0.00378295,0.00517245,0.010567174246372315,93.63267820565157,1428.0,34930.5,0.001428,0.00349305,0.00492105,0.010053570904525027,98.46714550448024,1357.0,35696.5,0.001357,0.00356965,0.00492665,0.010065011551757904,98.35408368461783,1302.5,28645.5,0.0013025,0.00286455,0.00416705,0.008513169473527198,116.46506434643753
SA001,177436,2723063100,35803045,54000,13,25,21.97,,0,0,20119006912.0,1,25-STS-91,IQT903,177436,SA005,,B,243,520,P0,0.8,SS00201,STS,2.0,2.8,0.7,1000000,1991-01-01,1991-01-01,1991-01-01,12665.0,34.67488021902806,0.9306852819440055,1.6934976043805614,1.0,1.0,1.05,8.928571428571429,1.692857142857143,1.9610789678069505,1389.5,37829.5,0.0013895,0.00378295,0.00517245,0.010143582907033061,97.58449515965894,1428.0,34930.5,0.001428,0.00349305,0.00492105,0.009650567654526394,102.62084758101987,1357.0,35696.5,0.001357,0.00356965,0.00492665,0.009661549696746112,102.50306435175584,1302.5,28645.5,0.0013025,0.00286455,0.00416705,0.008171914112799954,121.37035120494782
SA001,324778,2723063100,35803045,54000,4,200,6.0,,0,0,2006540000000.0,1,200-DTC-06,IQT903,324778,SA005,,B,243,520,P0,1.3,SS00201,DTC,1.0,6.3,1.0,1000000,2006-07-18,2006-07-18,2006-07-18,6988.0,19.132101300479125,1.0346573590279973,1.3826420260095826,1.0,1.0,1.05,15.873015873015873,3.9746031746031747,5.970206851281558,1389.5,37829.5,0.0013895,0.00378295,0.00517245,0.030880596427911296,31.38279423567591,1428.0,34930.5,0.001428,0.00349305,0.00492105,0.02937968642549911,33.0371229807301,1357.0,35696.5,0.001357,0.00356965,0.00492665,0.02941311958386629,32.998433833197375,1302.5,28645.5,0.0013025,0.00286455,0.00416705,0.02487815045963282,39.19591414653576
SA001,143233,2723063100,35803045,54000,10,80,65.49,,0,0,20119006912.0,1,80-PFP-95,IQT903,143233,SA005,,B,243,520,P0,1.0,SS00201,PFP,1.6,4.5,0.6,1000000,1995-01-01,1995-01-01,1995-01-01,11204.0,30.67488021902806,0.9888428224342896,1.6134976043805613,1.0,1.0,1.05,14.222222222222221,2.5777777777777775,2.591084732773181,1389.5,37829.5,0.0013895,0.00378295,0.00517245,0.013402256226032642,73.61430248271128,1428.0,34930.5,0.001428,0.00349305,0.00492105,0.012750857524213463,77.4260978605582,1357.0,35696.5,0.001357,0.00356965,0.00492665,0.012765367598716994,77.33695287400158,1302.5,28645.5,0.0013025,0.00286455,0.00416705,0.010797179635702486,91.6167789867412
SA001,106362,2723063100,35803045,54000,13,25,22.32,,0,0,20119006912.0,1,25-STS-90,IQT903,106362,SA005,,B,243,520,P0,0.8,SS00201,STS,2.0,2.8,0.7,1000000,1990-01-01,1990-01-01,1990-01-01,13030.0,35.67419575633128,0.9306852819440055,1.7134839151266257,1.0,1.0,1.05,8.928571428571429,1.692857142857143,1.9842232188214046,1389.5,37829.5,0.0013895,0.00378295,0.00517245,0.010263295388192775,96.43459212432218,1428.0,34930.5,0.001428,0.00349305,0.00492105,0.009764461670981073,101.41219984219838,1357.0,35696.5,0.001357,0.00356965,0.00492665,0.009775573321006474,101.29579045263014,1302.5,28645.5,0.0013025,0.00286455,0.00416705,0.008268357363989735,119.94300669141246
SA001,4011,2723063100,35803045,54000,4,80,118.15,,0,0,20119006912.0,1,80-DTC-88,IQT903,4011,SA005,,B,243,520,P0,1.0,SS00201,DTC,1.0,6.0,1.0,1000000,1988-01-01,1988-01-01,1988-01-01,13761.0,37.67556468172484,0.9888428224342896,1.7535112936344968,1.0,1.0,1.05,6.666666666666667,2.1333333333333337,3.884041407160182,1389.5,37829.5,0.0013895,0.00378295,0.00517245,0.020090009976465685,48.77598324597368,1428.0,34930.5,0.001428,0.00349305,0.00492105,0.019113561966705613,51.318871895354974,1357.0,35696.5,0.001357,0.00356965,0.00492665,0.01913531259858571,51.25940234046189,1302.5,28645.5,0.0013025,0.00286455,0.00416705,0.016184994745706838,60.78562401234363
SA001,143188,2723063100,35803045,54000,13,25,22.0,,0,0,20119006912.0,1,25-STS-95,IQT903,143188,SA005,,B,243,520,P0,0.8,SS00201,STS,2.0,2.8,0.7,1000000,1995-01-01,1995-01-01,1995-01-01,11204.0,30.67488021902806,0.9306852819440055,1.6134976043805613,1.0,1.0,1.05,8.928571428571429,1.692857142857143,1.8684385548422442,1389.5,37829.5,0.0013895,0.00378295,0.00517245,0.009664405002993766,102.47248482345552,1428.0,34930.5,0.001428,0.00349305,0.00492105,0.009194679550306424,107.7585483027164,1357.0,35696.5,0.001357,0.00356965,0.00492665,0.009205142806213543,107.63492517736849,1302.5,28645.5,0.0013025,0.00286455,0.00416705,0.007785876879955374,127.43768472302527
SA001,245520,2723063100,35803045,54000,10,80,101.0,,0,0,20119006912.0,1,80-PFP-95,IQT903,245520,SA005,,B,243,520,P0,1.0,SS00201,PFP,1.6,4.5,0.6,1000000,1995-01-01,1995-01-01,1995-01-01,11204.0,30.67488021902806,0.9888428224342896,1.6134976043805613,1.0,1.0,1.05,14.222222222222221,2.5777777777777775,2.591084732773181,1389.5,37829.5,0.0013895,0.00378295,0.00517245,0.013402256226032642,73.61430248271128,1428.0,34930.5,0.001428,0.00349305,0.00492105,0.012750857524213463,77.4260978605582,1357.0,35696.5,0.001357,0.00356965,0.00492665,0.012765367598716994,77.33695287400158,1302.5,28645.5,0.0013025,0.00286455,0.00416705,0.010797179635702486,91.6167789867412
SA001,72240,2723063100,35803045,54000,13,25,26.63,,0,0,20119006912.0,1,25-STS-94,IQT903,72240,SA005,,B,461,520,P0,0.8,SS00201,STS,2.0,2.8,0.7,1000000,1994-01-01,1994-01-01,1994-01-01,11569.0,31.67419575633128,0.9306852819440055,1.6334839151266256,1.0,1.0,1.05,8.928571428571429,1.692857142857143,1.8915828058566984,1389.5,37829.5,0.0013895,0.00378295,0.00517245,0.00978411748415348,101.2064587449626,1428.0,34930.5,0.001428,0.00349305,0.00492105,0.009308573566761106,106.42784518250818,1357.0,35696.5,0.001357,0.00356965,0.00492665,0.009319166430473903,106.30573463415949,1302.5,28645.5,0.0013025,0.00286455,0.00416705,0.007882320131145155,125.86619971811757
SA001,4012,2723063100,35803045,54000,4,80,116.95,,0,0,20119006912.0,1,80-DTC-88,IQT903,4012,SA005,,B,243,520,P0,1.0,SS00201,DTC,1.0,6.0,1.0,1000000,1988-01-01,1988-01-01,1988-01-01,13761.0,37.67556468172484,0.9888428224342896,1.7535112936344968,1.0,1.0,1.05,6.666666666666667,2.1333333333333337,3.884041407160182,1389.5,37829.5,0.0013895,0.00378295,0.00517245,0.020090009976465685,48.77598324597368,1428.0,34930.5,0.001428,0.00349305,0.00492105,0.019113561966705613,51.318871895354974,1357.0,35696.5,0.001357,0.00356965,0.00492665,0.01913531259858571,51.25940234046189,1302.5,28645.5,0.0013025,0.00286455,0.00416705,0.016184994745706838,60.78562401234363
SA001,143230,2723063100,35803045,54000,4,80,87.76,,0,0,20119006912.0,1,80-DTC-88,IQT903,143230,SA005,,B,243,520,P0,1.0,SS00201,DTC,1.0,6.0,1.0,1000000,1988-01-01,1988-01-01,1988-01-01,13761.0,37.67556468172484,0.9888428224342896,1.7535112936344968,1.0,1.0,1.05,6.666666666666667,2.1333333333333337,3.884041407160182,1389.5,37829.5,0.0013895,0.00378295,0.00517245,0.020090009976465685,48.77598324597368,1428.0,34930.5,0.001428,0.00349305,0.00492105,0.019113561966705613,51.318871895354974,1357.0,35696.5,0.001357,0.00356965,0.00492665,0.01913531259858571,51.25940234046189,1302.5,28645.5,0.0013025,0.00286455,0.00416705,0.016184994745706838,60.78562401234363
SA001,211529,2723063100,35803045,54000,5,40,47.0,,0,0,20119006912.0,1,40-EPS-88,IQT903,211529,SA005,,B,243,520,P0,0.8,SS00201,EPS,1.6,3.2,1.0,1000000,1988-01-01,1988-01-01,1988-01-01,13761.0,37.67556468172484,0.9541854634062923,1.7535112936344968,1.0,1.0,1.05,10.0,2.05,3.6015091580210803,1389.5,37829.5,0.0013895,0.00378295,0.00517245,0.018628626044406137,52.68082421195433,1428.0,34930.5,0.001428,0.00349305,0.00492105,0.017723206642079638,55.42319813761762,1357.0,35696.5,0.001357,0.00356965,0.00492665,0.017743375093364558,55.35906329760043,1302.5,28645.5,0.0013025,0.00286455,0.00416705,0.015007668736931743,65.63260080755526
SA001,245521,2723063100,35803045,54000,4,100,197.44,,0,0,20119006912.0,1,100-DTC-97,IQT903,245521,SA005,,B,243,520,P0,1.0,SS00201,DTC,1.0,6.0,1.0,1000000,1997-01-01,1997-01-01,1997-01-01,10473.0,28.673511293634498,1.0,1.5734702258726898,1.0,1.0,1.05,8.333333333333334,2.466666666666667,4.075287885010267,1389.5,37829.5,0.0013895,0.00378295,0.00517245,0.021079222820821357,46.44007919553055,1428.0,34930.5,0.001428,0.00349305,0.00492105,0.020054695446529776,48.86363431278324,1357.0,35696.5,0.001357,0.00356965,0.00492665,0.020077517058685834,48.806955565124774,1302.5,28645.5,0.0013025,0.00286455,0.00416705,0.016981928381232036,57.886127508650475
SA001,36935,2723063100,35803045,54000,10,100,58.62,,0,0,20119006912.0,1,100-PFP-96,IQT903,36935,SA005,,B,461,520,P0,1.0,SS00201,PFP,1.6,4.9,0.6,1000000,1996-01-01,1996-01-01,1996-01-01,10839.0,29.675564681724847,1.0,1.593511293634497,1.0,1.0,1.05,16.3265306122449,2.8408163265306126,2.851929926664712,1389.5,37829.5,0.0013895,0.00378295,0.00517245,0.014751464949176889,66.78987737457211,1428.0,34930.5,0.001428,0.00349305,0.00492105,0.014034489765613379,70.25303567858599,1357.0,35696.5,0.001357,0.00356965,0.00492665,0.014050460573202703,70.17204413264704,1302.5,28645.5,0.0013025,0.00286455,0.00416705,0.011884134600908189,83.1457988807683
SA001,143035,2723063000,35803045,54000,13,20,17.47,,0,0,20119006912.0,1,20-STS-90,IQT903,143035,SA005,,B,480,520,P0,0.8,SS00201,STS,2.0,2.1,0.7,1000000,1990-01-01,1990-01-01,1990-01-01,13030.0,35.67419575633128,0.919528104378295,1.7134839151266257,1.0,1.0,1.05,9.523809523809524,1.7523809523809524,2.0293684418705022,1389.5,37829.5,0.0013895,0.00378295,0.00517245,0.01049680679715308,94.26706734006171,1428.0,34930.5,0.001428,0.00349305,0.00492105,0.009986623570866835,99.13394345985151,1357.0,35696.5,0.001357,0.00356965,0.00492665,0.00999798803414131,99.02012370740812,1302.5,28645.5,0.0013025,0.00286455,0.00416705,0.008456479765696476,117.25251495976823
SA001,3812,2723063000,35803045,54000,13,25,37.52,,0,0,20119006912.0,1,25-STS-89,IQT903,3812,SA005,,B,480,520,P0,0.8,SS00201,STS,2.0,2.8,0.7,1000000,1989-01-01,1989-01-01,1989-01-01,13395.0,36.6735112936345,0.9306852819440055,1.73347022587269,1.0,1.0,1.05,8.928571428571429,1.692857142857143,2.007367469835859,1389.5,37829.5,0.0013895,0.00378295,0.00517245,0.010383007869352489,95.31120505568514,1428.0,34930.5,0.001428,0.00349305,0.00492105,0.009878355687435754,100.23142268220778,1357.0,35696.5,0.001357,0.00356965,0.00492665,0.009889596945266836,100.11635545254454,1302.5,28645.5,0.0013025,0.00286455,0.00416705,0.008364800615179517,118.5485757526976
SA001,72431,2723063000,35803045,54000,13,25,21.32,,0,0,20119006912.0,1,25-STS-90,IQT903,72431,SA005,,B,480,520,P0,0.8,SS00201,STS,2.0,2.8,0.7,1000000,1990-01-01,1990-01-01,1990-01-01,13030.0,35.67419575633128,0.9306852819440055,1.7134839151266257,1.0,1.0,1.05,8.928571428571429,1.692857142857143,1.9842232188214046,1389.5,37829.5,0.0013895,0.00378295,0.00517245,0.010263295388192775,96.43459212432218,1428.0,34930.5,0.001428,0.00349305,0.00492105,0.009764461670981073,101.41219984219838,1357.0,35696.5,0.001357,0.00356965,0.00492665,0.009775573321006474,101.29579045263014,1302.5,28645.5,0.0013025,0.00286455,0.00416705,0.008268357363989735,119.94300669141246
SA001,245384,2723063000,35803045,54000,13,25,17.22,,0,0,20119006912.0,1,25-STS-91,IQT903,245384,SA005,,B,480,520,P0,0.8,SS00201,STS,2.0,2.8,0.7,1000000,1991-01-01,1991-01-01,1991-01-01,12665.0,34.67488021902806,0.9306852819440055,1.6934976043805614,1.0,1.0,1.05,8.928571428571429,1.692857142857143,1.9610789678069505,1389.5,37829.5,0.0013895,0.00378295,0.00517245,0.010143582907033061,97.58449515965894,1428.0,34930.5,0.001428,0.00349305,0.00492105,0.009650567654526394,102.62084758101987,1357.0,35696.5,0.001357,0.00356965,0.00492665,0.009661549696746112,102.50306435175584,1302.5,28645.5,0.0013025,0.00286455,0.00416705,0.008171914112799954,121.37035120494782
SA001,177129,2723063000,35803045,54000,13,32,14.01,,0,0,20169002793.0,1,32-STS-16,IQT903,177129,SA005,,B,480,520,P0,0.8,SS00201,STS,2.0,2.8,0.7,1000000,2016-03-22,2016-03-22,2016-03-22,3453.0,9.453798767967145,0.9430282858405817,1.189075975359343,1.0,1.0,1.05,11.428571428571429,1.942857142857143,1.6012624940940403,1389.5,37829.5,0.0013895,0.00378295,0.00517245,0.00828245018757672,119.73721873992702,1428.0,34930.5,0.001428,0.00349305,0.00492105,0.007879892796561476,125.90527978202532,1357.0,35696.5,0.001357,0.00356965,0.00492665,0.007888859866528404,125.76102972026337,1302.5,28645.5,0.0013025,0.00286455,0.00416705,0.006672540876014571,148.8679466460291
SA001,106507,2723063000,35803045,54000,13,20,19.62,,0,0,20119006912.0,1,20-STS-90,IQT903,106507,SA005,,B,480,520,P0,0.8,SS00201,STS,2.0,2.1,0.7,1000000,1990-01-01,1990-01-01,1990-01-01,13030.0,35.67419575633128,0.919528104378295,1.7134839151266257,1.0,1.0,1.05,9.523809523809524,1.7523809523809524,2.0293684418705022,1389.5,37829.5,0.0013895,0.00378295,0.00517245,0.01049680679715308,94.26706734006171,1428.0,34930.5,0.001428,0.00349305,0.00492105,0.009986623570866835,99.13394345985151,1357.0,35696.5,0.001357,0.00356965,0.00492665,0.00999798803414131,99.02012370740812,1302.5,28645.5,0.0013025,0.00286455,0.00416705,0.008456479765696476,117.25251495976823
SA001,106355,2723063000,35803045,54000,13,20,13.82,,0,0,20119006912.0,1,20-STS-88,IQT903,106355,SA005,,B,480,520,P0,0.8,SS00201,STS,2.0,2.1,0.7,1000000,1988-01-01,1988-01-01,1988-01-01,13761.0,37.67556468172484,0.919528104378295,1.7535112936344968,1.0,1.0,1.05,9.523809523809524,1.7523809523809524,2.076774955604059,1389.5,37829.5,0.0013895,0.00378295,0.00517245,0.010742014619114216,92.09240728648905,1428.0,34930.5,0.001428,0.00349305,0.00492105,0.010219913395275353,96.84818729112696,1357.0,35696.5,0.001357,0.00356965,0.00492665,0.010231543335026738,96.73696570062826,1302.5,28645.5,0.0013025,0.00286455,0.00416705,0.008654025078749895,114.55316640525078
SA001,245429,2723063000,35803045,54000,10,40,51.93,,0,0,20119006912.0,1,40-PFP-97,IQT903,245429,SA005,,B,480,520,P0,0.8,SS00201,PFP,1.6,3.25,0.6,1000000,1997-01-01,1997-01-01,1997-01-01,10473.0,28.673511293634498,0.9541854634062923,1.5734702258726898,1.0,1.0,1.05,9.846153846153847,2.0307692307692307,1.9208455656458268,1389.5,37829.5,0.0013895,0.00378295,0.00517245,0.009935477646024758,99.64941370987894,1428.0,34930.5,0.001428,0.00349305,0.00492105,0.009452577070821396,104.79125591970482,1357.0,35696.5,0.001357,0.00356965,0.00492665,0.009463333805989012,104.6710056414934,1302.5,28645.5,0.0013025,0.00286455,0.00416705,0.008004259514324442,123.93348050627263
SA001,211438,2723063000,35803045,54000,4,80,146.09,,0,0,20119006912.0,1,80-DTC-91,IQT903,211438,SA005,,B,480,520,P0,1.0,SS00201,DTC,1.0,6.0,1.0,1000000,1991-01-01,1991-01-01,1991-01-01,12665.0,34.67488021902806,0.9888428224342896,1.6934976043805614,1.0,1.0,1.05,6.666666666666667,2.1333333333333337,3.751110610019097,1389.5,37829.5,0.0013895,0.00378295,0.00517245,0.01940243207479328,50.53993046568387,1428.0,34930.5,0.001428,0.00349305,0.00492105,0.018459402867434478,53.172933283999654,1357.0,35696.5,0.001357,0.00356965,0.00492665,0.018480409086850585,53.11135626383577,1302.5,28645.5,0.0013025,0.00286455,0.00416705,0.01563106546748008,62.97516548570968
SA001,211403,2723063000,35803045,54000,13,25,19.69,,0,0,20119006912.0,1,25-STS-90,IQT903,211403,SA005,,B,480,520,P0,0.8,SS00201,STS,2.0,2.8,0.7,1000000,1990-01-01,1990-01-01,1990-01-01,13030.0,35.67419575633128,0.9306852819440055,1.7134839151266257,1.0,1.0,1.05,8.928571428571429,1.692857142857143,1.9842232188214046,1389.5,37829.5,0.0013895,0.00378295,0.00517245,0.010263295388192775,96.43459212432218,1428.0,34930.5,0.001428,0.00349305,0.00492105,0.009764461670981073,101.41219984219838,1357.0,35696.5,0.001357,0.00356965,0.00492665,0.009775573321006474,101.29579045263014,1302.5,28645.5,0.0013025,0.00286455,0.00416705,0.008268357363989735,119.94300669141246
SA001,245383,2723063000,35803045,54000,13,20,15.39,,0,0,20119006912.0,1,20-STS-90,IQT903,245383,SA005,,B,480,520,P0,0.8,SS00201,STS,2.0,2.1,0.7,1000000,1990-01-01,1990-01-01,1990-01-01,13030.0,35.67419575633128,0.919528104378295,1.7134839151266257,1.0,1.0,1.05,9.523809523809524,1.7523809523809524,2.0293684418705022,1389.5,37829.5,0.0013895,0.00378295,0.00517245,0.01049680679715308,94.26706734006171,1428.0,34930.5,0.001428,0.00349305,0.00492105,0.009986623570866835,99.13394345985151,1357.0,35696.5,0.001357,0.00356965,0.00492665,0.00999798803414131,99.02012370740812,1302.5,28645.5,0.0013025,0.00286455,0.00416705,0.008456479765696476,117.25251495976823
SA001,211437,2723063000,35803045,54000,13,25,24.1,,0,0,20119006912.0,1,25-STS-92,IQT903,211437,SA005,,B,480,520,P0,0.8,SS00201,STS,2.0,2.8,0.7,1000000,1992-01-01,1992-01-01,1992-01-01,12300.0,33.67556468172484,0.9306852819440055,1.673511293634497,1.0,1.0,1.05,8.928571428571429,1.692857142857143,1.9379347167924958,1389.5,37829.5,0.0013895,0.00378295,0.00517245,0.010023870425873346,98.76186418160661,1428.0,34930.5,0.001428,0.00349305,0.00492105,0.00953667363807171,103.85836445192615,1357.0,35696.5,0.001357,0.00356965,0.00492665,0.00954752607248575,103.7391745681449,1302.5,28645.5,0.0013025,0.00286455,0.00416705,0.00807547086161017,122.8317885281317
SA001,37761,2723063000,35803045,54000,13,20,6.85,,0,0,20119006912.0,1,20-STS-92,IQT903,37761,SA005,,B,480,520,P0,0.8,SS00201,STS,2.0,2.1,0.7,1000000,1992-01-01,1992-01-01,1992-01-01,12300.0,33.67556468172484,0.919528104378295,1.673511293634497,1.0,1.0,1.05,9.523809523809524,1.7523809523809524,1.9820267797289195,1389.5,37829.5,0.0013895,0.00378295,0.00517245,0.01025193441680885,96.54256702622108,1428.0,34930.5,0.001428,0.00349305,0.00492105,0.009753652884384999,101.52569082101935,1357.0,35696.5,0.001357,0.00356965,0.00492665,0.009764752234351482,101.4091524290902,1302.5,28645.5,0.0013025,0.00286455,0.00416705,0.008259204692469395,120.07703310850054
SA001,143072,2723063000,35803045,54000,13,20,14.49,,0,0,20119006912.0,1,20-STS-90,IQT903,143072,SA005,,B,480,520,P0,0.8,SS00201,STS,2.0,2.1,0.7,1000000,1990-01-01,1990-01-01,1990-01-01,13030.0,35.67419575633128,0.919528104378295,1.7134839151266257,1.0,1.0,1.05,9.523809523809524,1.7523809523809524,2.0293684418705022,1389.5,37829.5,0.0013895,0.00378295,0.00517245,0.01049680679715308,94.26706734006171,1428.0,34930.5,0.001428,0.00349305,0.00492105,0.009986623570866835,99.13394345985151,1357.0,35696.5,0.001357,0.00356965,0.00492665,0.00999798803414131,99.02012370740812,1302.5,28645.5,0.0013025,0.00286455,0.00416705,0.008456479765696476,117.25251495976823
SA001,72228,2723063000,35803045,54000,13,25,31.94,,0,0,20119006912.0,1,25-STS-92,IQT903,72228,SA005,,B,480,520,P0,0.8,SS00201,STS,2.0,2.8,0.7,1000000,1992-01-01,1992-01-01,1992-01-01,12300.0,33.67556468172484,0.9306852819440055,1.673511293634497,1.0,1.0,1.05,8.928571428571429,1.692857142857143,1.9379347167924958,1389.5,37829.5,0.0013895,0.00378295,0.00517245,0.010023870425873346,98.76186418160661,1428.0,34930.5,0.001428,0.00349305,0.00492105,0.00953667363807171,103.85836445192615,1357.0,35696.5,0.001357,0.00356965,0.00492665,0.00954752607248575,103.7391745681449,1302.5,28645.5,0.0013025,0.00286455,0.00416705,0.00807547086161017,122.8317885281317
SA001,142926,2723063000,35803045,54000,13,25,16.0,,0,0,20119006912.0,1,25-STS-89,IQT903,142926,SA005,,B,480,520,P0,0.8,SS00201,STS,2.0,2.8,0.7,1000000,1989-01-01,1989-01-01,1989-01-01,13395.0,36.6735112936345,0.9306852819440055,1.73347022587269,1.0,1.0,1.05,8.928571428571429,1.692857142857143,2.007367469835859,1389.5,37829.5,0.0013895,0.00378295,0.00517245,0.010383007869352489,95.31120505568514,1428.0,34930.5,0.001428,0.00349305,0.00492105,0.009878355687435754,100.23142268220778,1357.0,35696.5,0.001357,0.00356965,0.00492665,0.009889596945266836,100.11635545254454,1302.5,28645.5,0.0013025,0.00286455,0.00416705,0.008364800615179517,118.5485757526976
SA001,245428,2723063000,35803045,54000,10,40,51.91,,0,0,20119006912.0,1,40-PFP-97,IQT903,245428,SA005,,B,480,520,P0,0.8,SS00201,PFP,1.6,3.25,0.6,1000000,1997-01-01,1997-01-01,1997-01-01,10473.0,28.673511293634498,0.9541854634062923,1.5734702258726898,1.0,1.0,1.05,9.846153846153847,2.0307692307692307,1.9208455656458268,1389.5,37829.5,0.0013895,0.00378295,0.00517245,0.009935477646024758,99.64941370987894,1428.0,34930.5,0.001428,0.00349305,0.00492105,0.009452577070821396,104.79125591970482,1357.0,35696.5,0.001357,0.00356965,0.00492665,0.009463333805989012,104.6710056414934,1302.5,28645.5,0.0013025,0.00286455,0.00416705,0.008004259514324442,123.93348050627263
SA001,245426,2723063000,35803045,54000,13,25,21.72,,0,0,20119006912.0,1,25-STS-88,IQT903,245426,SA005,,B,480,520,P0,0.8,SS00201,STS,2.0,2.8,0.7,1000000,1988-01-01,1988-01-01,1988-01-01,13761.0,37.67556468172484,0.9306852819440055,1.7535112936344968,1.0,1.0,1.05,8.928571428571429,1.692857142857143,2.030575129757202,1389.5,37829.5,0.0013895,0.00378295,0.00517245,0.010503048329912642,94.21045401190851,1428.0,34930.5,0.001428,0.00349305,0.00492105,0.009992561742291678,99.07443794594573,1357.0,35696.5,0.001357,0.00356965,0.00492665,0.01000393296301832,98.96068583193372,1302.5,28645.5,0.0013025,0.00286455,0.00416705,0.008461508094454749,117.18224231864177
SA001,3905,2723063000,35803045,54000,13,25,21.69,,0,0,20119006912.0,1,25-STS-88,IQT903,3905,SA005,,B,480,520,P0,0.8,SS00201,STS,2.0,2.8,0.7,1000000,1988-01-01,1988-01-01,1988-01-01,13761.0,37.67556468172484,0.9306852819440055,1.7535112936344968,1.0,1.0,1.05,8.928571428571429,1.692857142857143,2.030575129757202,1389.5,37829.5,0.0013895,0.00378295,0.00517245,0.010503048329912642,94.21045401190851,1428.0,34930.5,0.001428,0.00349305,0.00492105,0.009992561742291678,99.07443794594573,1357.0,35696.5,0.001357,0.00356965,0.00492665,0.01000393296301832,98.96068583193372,1302.5,28645.5,0.0013025,0.00286455,0.00416705,0.008461508094454749,117.18224231864177
SA001,177330,2723063000,35803045,54000,13,25,19.86,,0,0,20119006912.0,1,25-STS-88,IQT903,177330,SA005,,B,480,520,P0,0.8,SS00201,STS,2.0,2.8,0.7,1000000,1988-01-01,1988-01-01,1988-01-01,13761.0,37.67556468172484,0.9306852819440055,1.7535112936344968,1.0,1.0,1.05,8.928571428571429,1.692857142857143,2.030575129757202,1389.5,37829.5,0.0013895,0.00378295,0.00517245,0.010503048329912642,94.21045401190851,1428.0,34930.5,0.001428,0.00349305,0.00492105,0.009992561742291678,99.07443794594573,1357.0,35696.5,0.001357,0.00356965,0.00492665,0.01000393296301832,98.96068583193372,1302.5,28645.5,0.0013025,0.00286455,0.00416705,0.008461508094454749,117.18224231864177
SA001,245226,2723063000,35803045,54000,5,40,12.08,,0,0,20119006912.0,1,40-EPS-88,IQT903,245226,SA005,,B,480,520,P0,0.8,SS00201,EPS,1.6,3.2,1.0,1000000,1988-01-01,1988-01-01,1988-01-01,13761.0,37.67556468172484,0.9541854634062923,1.7535112936344968,1.0,1.0,1.05,10.0,2.05,3.6015091580210803,1389.5,37829.5,0.0013895,0.00378295,0.00517245,0.018628626044406137,52.68082421195433,1428.0,34930.5,0.001428,0.00349305,0.00492105,0.017723206642079638,55.42319813761762,1357.0,35696.5,0.001357,0.00356965,0.00492665,0.017743375093364558,55.35906329760043,1302.5,28645.5,0.0013025,0.00286455,0.00416705,0.015007668736931743,65.63260080755526
SA001,308962,2723061000,35803044,54000,5,50,69.67,,0,0,20119006912.0,1,50-EPS-89,IQT903,308962,SA005,,B,461,520,P0,0.8,SS00201,EPS,1.6,3.2,1.0,1000000,1989-01-01,1989-01-01,1989-01-01,13395.0,36.6735112936345,0.9653426409720027,1.73347022587269,1.0,1.0,1.05,12.5,2.3625,4.151059830661567,1389.5,37829.5,0.0013895,0.00378295,0.00517245,0.021471149421105423,45.57412513822075,1428.0,34930.5,0.001428,0.00349305,0.00492105,0.020427572979677105,47.95344155641376,1357.0,35696.5,0.001357,0.00356965,0.00492665,0.020450818914728813,47.89779740212718,1302.5,28645.5,0.0013025,0.00286455,0.00416705,0.017297673867358285,56.81124142287467
SA001,465916,2723061000,35803044,54000,13,40,20.22,,0,0,20209008134.0,1,40-STS-20,IQT903,465916,SA005,,B,461,520,P0,0.8,SS00201,STS,2.0,2.8,0.7,1000000,2020-09-25,2020-09-25,2020-09-25,1805.0,4.941820670773443,0.9541854634062923,1.098836413415469,1.0,1.0,1.05,14.285714285714286,2.2285714285714286,1.7174327335770925,1389.5,37829.5,0.0013895,0.00378295,0.00517245,0.008883334942790833,111.5703360776167,1428.0,34930.5,0.001428,0.00349305,0.00492105,0.008451572353569551,117.32117837548259,1357.0,35696.5,0.001357,0.00356965,0.00492665,0.008461189976877583,117.18668564738078,1302.5,28645.5,0.0013025,0.00286455,0.00416705,0.007156628072452423,138.73060914667897
SA001,211439,2723063000,35803045,54000,4,80,146.1,,0,0,20119006912.0,1,80-DTC-91,IQT903,211439,SA005,,B,480,520,P0,1.0,SS00201,DTC,1.0,6.0,1.0,1000000,1991-01-01,1991-01-01,1991-01-01,12665.0,34.67488021902806,0.9888428224342896,1.6934976043805614,1.0,1.0,1.05,6.666666666666667,2.1333333333333337,3.751110610019097,1389.5,37829.5,0.0013895,0.00378295,0.00517245,0.01940243207479328,50.53993046568387,1428.0,34930.5,0.001428,0.00349305,0.00492105,0.018459402867434478,53.172933283999654,1357.0,35696.5,0.001357,0.00356965,0.00492665,0.018480409086850585,53.11135626383577,1302.5,28645.5,0.0013025,0.00286455,0.00416705,0.01563106546748008,62.97516548570968
SA001,316654,2723063000,35803045,54000,4,200,65.54,,0,0,20119006912.0,1,200-DTC-97,IQT903,316654,SA005,,B,480,520,P0,1.3,SS00201,DTC,1.0,6.3,1.0,1000000,1997-01-01,1997-01-01,1997-01-01,10473.0,28.673511293634498,1.0346573590279973,1.5734702258726898,1.0,1.0,1.05,15.873015873015873,3.9746031746031747,6.794197302033669,1389.5,37829.5,0.0013895,0.00378295,0.00517245,0.03514264583490405,27.45545565060413,1428.0,34930.5,0.001428,0.00349305,0.00492105,0.03343458463317278,28.90914979119646,1357.0,35696.5,0.001357,0.00356965,0.00492665,0.03347263213806417,28.87515280768216,1302.5,28645.5,0.0013025,0.00286455,0.00416705,0.0283117598674394,34.32101164612071
SA001,37762,2723063000,35803045,54000,13,25,21.88,,0,0,20119006912.0,1,25-STS-88,IQT903,37762,SA005,,B,480,520,P0,0.8,SS00201,STS,2.0,2.8,0.7,1000000,1988-01-01,1988-01-01,1988-01-01,13761.0,37.67556468172484,0.9306852819440055,1.7535112936344968,1.0,1.0,1.05,8.928571428571429,1.692857142857143,2.030575129757202,1389.5,37829.5,0.0013895,0.00378295,0.00517245,0.010503048329912642,94.21045401190851,1428.0,34930.5,0.001428,0.00349305,0.00492105,0.009992561742291678,99.07443794594573,1357.0,35696.5,0.001357,0.00356965,0.00492665,0.01000393296301832,98.96068583193372,1302.5,28645.5,0.0013025,0.00286455,0.00416705,0.008461508094454749,117.18224231864177
SA001,37763,2723063000,35803045,54000,13,25,23.08,,0,0,20119006912.0,1,25-STS-92,IQT903,37763,SA005,,B,480,520,P0,0.8,SS00201,STS,2.0,2.8,0.7,1000000,1992-01-01,1992-01-01,1992-01-01,12300.0,33.67556468172484,0.9306852819440055,1.673511293634497,1.0,1.0,1.05,8.928571428571429,1.692857142857143,1.9379347167924958,1389.5,37829.5,0.0013895,0.00378295,0.00517245,0.010023870425873346,98.76186418160661,1428.0,34930.5,0.001428,0.00349305,0.00492105,0.00953667363807171,103.85836445192615,1357.0,35696.5,0.001357,0.00356965,0.00492665,0.00954752607248575,103.7391745681449,1302.5,28645.5,0.0013025,0.00286455,0.00416705,0.00807547086161017,122.8317885281317
SA001,308892,2723061000,35803044,54000,4,150,178.0,,0,0,2004540000000.0,1,150-DTC-04,IQT903,308892,SA005,,B,243,520,P0,1.1,SS00201,DTC,1.0,6.0,1.0,1000000,2004-12-01,2004-12-01,2004-12-01,7582.0,20.758384668035593,1.0202732554054081,1.4151676933607118,1.0,1.0,1.05,12.5,3.3000000000000003,5.002967101843197,1389.5,37829.5,0.0013895,0.00378295,0.00517245,0.025877597185928844,37.643464183133595,1428.0,34930.5,0.001428,0.00349305,0.00492105,0.024619851256525462,39.617629634742464,1357.0,35696.5,0.001357,0.00356965,0.00492665,0.024647867872295788,39.571460589660184,1302.5,28645.5,0.0013025,0.00286455,0.00416705,0.020847614061735693,46.967119740355734
SA001,144226,2723061000,35803044,54000,13,25,7.0,,0,0,20119006912.0,1,25-STS-89,IQT903,144226,SA005,,B,461,520,P0,0.8,SS00201,STS,2.0,2.8,0.7,1000000,1989-01-01,1989-01-01,1989-01-01,13395.0,36.6735112936345,0.9306852819440055,1.73347022587269,1.0,1.0,1.05,8.928571428571429,1.692857142857143,2.007367469835859,1389.5,37829.5,0.0013895,0.00378295,0.00517245,0.010383007869352489,95.31120505568514,1428.0,34930.5,0.001428,0.00349305,0.00492105,0.009878355687435754,100.23142268220778,1357.0,35696.5,0.001357,0.00356965,0.00492665,0.009889596945266836,100.11635545254454,1302.5,28645.5,0.0013025,0.00286455,0.00416705,0.008364800615179517,118.5485757526976
SA001,106354,2723063000,35803045,54000,13,25,20.3,,0,0,20119006912.0,1,25-STS-91,IQT903,106354,SA005,,B,480,520,P0,0.8,SS00201,STS,2.0,2.8,0.7,1000000,1991-01-01,1991-01-01,1991-01-01,12665.0,34.67488021902806,0.9306852819440055,1.6934976043805614,1.0,1.0,1.05,8.928571428571429,1.692857142857143,1.9610789678069505,1389.5,37829.5,0.0013895,0.00378295,0.00517245,0.010143582907033061,97.58449515965894,1428.0,34930.5,0.001428,0.00349305,0.00492105,0.009650567654526394,102.62084758101987,1357.0,35696.5,0.001357,0.00356965,0.00492665,0.009661549696746112,102.50306435175584,1302.5,28645.5,0.0013025,0.00286455,0.00416705,0.008171914112799954,121.37035120494782
SA001,245228,2723063000,35803045,54000,13,25,20.59,,0,0,20119006912.0,1,25-STS-89,IQT903,245228,SA005,,B,480,520,P0,0.8,SS00201,STS,2.0,2.8,0.7,1000000,1989-01-01,1989-01-01,1989-01-01,13395.0,36.6735112936345,0.9306852819440055,1.73347022587269,1.0,1.0,1.05,8.928571428571429,1.692857142857143,2.007367469835859,1389.5,37829.5,0.0013895,0.00378295,0.00517245,0.010383007869352489,95.31120505568514,1428.0,34930.5,0.001428,0.00349305,0.00492105,0.009878355687435754,100.23142268220778,1357.0,35696.5,0.001357,0.00356965,0.00492665,0.009889596945266836,100.11635545254454,1302.5,28645.5,0.0013025,0.00286455,0.00416705,0.008364800615179517,118.5485757526976
SA001,177327,2723063000,35803045,54000,4,100,110.85,,0,0,20119006912.0,1,100-DTC-93,IQT903,177327,SA005,,B,480,520,P0,1.0,SS00201,DTC,1.0,6.0,1.0,1000000,1993-01-01,1993-01-01,1993-01-01,11934.0,32.6735112936345,1.0,1.6534702258726899,1.0,1.0,1.05,8.333333333333334,2.466666666666667,4.2824878850102674,1389.5,37829.5,0.0013895,0.00378295,0.00517245,0.02215095446082136,44.14478153836265,1428.0,34930.5,0.001428,0.00349305,0.00492105,0.021074337006529775,46.451077568426236,1357.0,35696.5,0.001357,0.00356965,0.00492665,0.021098318938685835,46.39714111375964,1302.5,28645.5,0.0013025,0.00286455,0.00416705,0.017845341141232037,55.037034657156475
SA001,211524,2723063100,35803045,54000,10,100,154.73,,0,0,20119006912.0,1,100-PFP-95,IQT903,211524,SA005,,B,243,520,P0,1.0,SS00201,PFP,1.6,4.9,0.6,1000000,1995-01-01,1995-01-01,1995-01-01,11204.0,30.67488021902806,1.0,1.6134976043805613,1.0,1.0,1.05,16.3265306122449,2.8408163265306126,2.887699712525668,1389.5,37829.5,0.0013895,0.00378295,0.00517245,0.014936482378053392,65.95016769606538,1428.0,34930.5,0.001428,0.00349305,0.00492105,0.014210514670324437,69.3704280386327,1357.0,35696.5,0.001357,0.00356965,0.00492665,0.014226685788714583,69.29043973075282,1302.5,28645.5,0.0013025,0.00286455,0.00416705,0.012033189087080084,82.10348925487177
SA001,38097,2723063100,35803045,54000,5,50,55.23,,0,0,20119006912.0,1,50-EPS-85,IQT903,38097,SA005,,B,243,520,P0,0.8,SS00201,EPS,1.6,3.2,1.0,1000000,1985-01-01,1985-01-01,1985-01-01,14856.0,40.6735112936345,0.9653426409720027,1.81347022587269,1.0,1.0,1.05,12.5,2.3625,4.342632077762461,1389.5,37829.5,0.0013895,0.00378295,0.00517245,0.022462047290622445,43.51953942851347,1428.0,34930.5,0.001428,0.00349305,0.00492105,0.02137030958627296,45.79389392853446,1357.0,35696.5,0.001357,0.00356965,0.00492665,0.02139462832590843,45.740704478096575,1302.5,28645.5,0.0013025,0.00286455,0.00416705,0.018095964999640064,54.26093800578695
SA001,316859,2723063100,35803045,54000,13,40,42.0,,0,0,20119006912.0,1,40-STS-05,IQT903,316859,SA005,,B,243,520,P0,0.5,SS00201,STS,2.0,2.8,0.7,1000000,2005-09-02,2005-09-02,2005-09-02,7307.0,20.005475701574266,0.9541854634062923,1.4001095140314854,1.0,1.0,1.05,14.285714285714286,2.2285714285714286,2.188309270272803,1389.5,37829.5,0.0013895,0.00378295,0.00517245,0.01131892028502256,87.34764931803801,1428.0,34930.5,0.001428,0.00349305,0.00492105,0.010768779334475977,91.86103549345886,1357.0,35696.5,0.001357,0.00356965,0.00492665,0.010781033866389506,91.75548267384241,1302.5,28645.5,0.0013025,0.00286455,0.00416705,0.009118794144690285,108.66362263833783
SA001,99466,2723063100,35803045,54000,4,80,130.77,,0,0,2003540000000.0,1,80-DTC-02,IQT903,99466,SA005,,B,243,520,P0,1.0,SS00201,DTC,1.0,6.0,1.0,1000000,2002-12-21,2002-12-21,2002-12-21,8293.0,22.704996577686515,0.9888428224342896,1.4540999315537304,1.0,1.0,1.05,6.666666666666667,2.1333333333333337,3.2208428681387806,1389.5,37829.5,0.0013895,0.00378295,0.00517245,0.016659648693304437,59.02527534700675,1428.0,34930.5,0.001428,0.00349305,0.00492105,0.015849928796254346,62.09176608013027,1357.0,35696.5,0.001357,0.00356965,0.00492665,0.015867965516315925,62.02005124549644,1302.5,28645.5,0.0013025,0.00286455,0.00416705,0.013421413273677707,73.50780179470489
SA001,142174,2723063100,35803044,54000,10,80,141.71,,0,0,20119006912.0,1,80-PFP-97,IQT903,142174,SA005,,B,461,520,P0,1.0,SS00201,PFP,1.6,4.5,0.6,1000000,1997-01-01,1997-01-01,1997-01-01,10473.0,28.673511293634498,0.9888428224342896,1.5734702258726898,1.0,1.0,1.05,14.222222222222221,2.5777777777777775,2.52680553640927,1389.5,37829.5,0.0013895,0.00378295,0.00517245,0.013069775296800128,75.5124095320009,1428.0,34930.5,0.001428,0.00349305,0.00492105,0.012434536384946836,79.42117285615836,1357.0,35696.5,0.001357,0.00356965,0.00492665,0.01244868649595073,79.32976011768605,1302.5,28645.5,0.0013025,0.00286455,0.00416705,0.010529325010494249,93.97284954195368
SA001,2881,2723063100,35803045,54000,10,80,128.73,,0,0,20119006912.0,1,80-PFP-96,IQT903,2881,SA005,,B,461,520,P0,1.0,SS00201,PFP,1.6,4.5,0.6,1000000,1996-01-01,1996-01-01,1996-01-01,10839.0,29.675564681724847,0.9888428224342896,1.593511293634497,1.0,1.0,1.05,14.222222222222221,2.5777777777777775,2.558989101209806,1389.5,37829.5,0.0013895,0.00378295,0.00517245,0.013236243176552661,74.55013810651724,1428.0,34930.5,0.001428,0.00349305,0.00492105,0.012592913316508515,78.40974219913538,1357.0,35696.5,0.001357,0.00356965,0.00492665,0.012607243655475291,78.31947912862799,1302.5,28645.5,0.0013025,0.00286455,0.00416705,0.010663435534196321,92.77840723030803
SA001,175860,2723061000,35803044,54000,13,25,16.0,,0,0,20119006912.0,1,25-STS-91,IQT903,175860,SA005,,B,461,520,P0,0.8,SS00201,STS,2.0,2.8,0.7,1000000,1991-01-01,1991-01-01,1991-01-01,12665.0,34.67488021902806,0.9306852819440055,1.6934976043805614,1.0,1.0,1.05,8.928571428571429,1.692857142857143,1.9610789678069505,1389.5,37829.5,0.0013895,0.00378295,0.00517245,0.010143582907033061,97.58449515965894,1428.0,34930.5,0.001428,0.00349305,0.00492105,0.009650567654526394,102.62084758101987,1357.0,35696.5,0.001357,0.00356965,0.00492665,0.009661549696746112,102.50306435175584,1302.5,28645.5,0.0013025,0.00286455,0.00416705,0.008171914112799954,121.37035120494782
SA001,211527,2723063100,35803045,54000,4,100,57.36,,0,0,20119006912.0,1,100-DTC-88,IQT903,211527,SA005,,B,243,520,P0,1.0,SS00201,DTC,1.0,6.0,1.0,1000000,1988-01-01,1988-01-01,1988-01-01,13761.0,37.67556468172484,1.0,1.7535112936344968,1.0,1.0,1.05,8.333333333333334,2.466666666666667,4.541594250513347,1389.5,37829.5,0.0013895,0.00378295,0.00517245,0.02349116918106776,41.56918811882424,1428.0,34930.5,0.001428,0.00349305,0.00492105,0.022349412386488705,43.743905687853704,1357.0,35696.5,0.001357,0.00356965,0.00492665,0.022374845314291583,43.693046407845586,1302.5,28645.5,0.0013025,0.00286455,0.00416705,0.018925050321601643,51.84001801879326
SA001,37772,2723063100,35803045,54000,10,40,30.05,,0,0,20119006912.0,1,40-PFP-92,IQT903,37772,SA005,,B,243,520,P0,0.8,SS00201,PFP,1.6,3.25,0.6,1000000,1992-01-01,1992-01-01,1992-01-01,12300.0,33.67556468172484,0.9541854634062923,1.673511293634497,1.0,1.0,1.05,9.846153846153847,2.0307692307692307,2.042972720156273,1389.5,37829.5,0.0013895,0.00378295,0.00517245,0.010567174246372315,93.63267820565157,1428.0,34930.5,0.001428,0.00349305,0.00492105,0.010053570904525027,98.46714550448024,1357.0,35696.5,0.001357,0.00356965,0.00492665,0.010065011551757904,98.35408368461783,1302.5,28645.5,0.0013025,0.00286455,0.00416705,0.008513169473527198,116.46506434643753
SA001,211526,2723063100,35803045,54000,5,40,36.25,,0,0,20119006912.0,1,40-EPS-89,IQT903,211526,SA005,,B,243,520,P0,0.8,SS00201,EPS,1.6,3.2,1.0,1000000,1989-01-01,1989-01-01,1989-01-01,13395.0,36.6735112936345,0.9541854634062923,1.73347022587269,1.0,1.0,1.05,10.0,2.05,3.5603471253939256,1389.5,37829.5,0.0013895,0.00378295,0.00517245,0.01841571748874381,53.3014411798632,1428.0,34930.5,0.001428,0.00349305,0.00492105,0.017520646221419776,56.07552035252302,1357.0,35696.5,0.001357,0.00356965,0.00492665,0.017540584165321983,56.01064403413748,1302.5,28645.5,0.0013025,0.00286455,0.00416705,0.014836144488872759,66.4029563914
SA001,243882,2723063100,35803045,54000,10,80,130.58,,0,0,20119006912.0,1,80-PFP-95,IQT903,243882,SA005,,B,461,520,P0,1.0,SS00201,PFP,1.6,4.5,0.6,1000000,1995-01-01,1995-01-01,1995-01-01,11204.0,30.67488021902806,0.9888428224342896,1.6134976043805613,1.0,1.0,1.05,14.222222222222221,2.5777777777777775,2.591084732773181,1389.5,37829.5,0.0013895,0.00378295,0.00517245,0.013402256226032642,73.61430248271128,1428.0,34930.5,0.001428,0.00349305,0.00492105,0.012750857524213463,77.4260978605582,1357.0,35696.5,0.001357,0.00356965,0.00492665,0.012765367598716994,77.33695287400158,1302.5,28645.5,0.0013025,0.00286455,0.00416705,0.010797179635702486,91.6167789867412
SA001,210427,2723063100,35803044,54000,10,40,28.36,,0,0,20119006912.0,1,40-PFP-92,IQT903,210427,SA005,,B,461,520,P0,0.8,SS00201,PFP,1.6,3.25,0.6,1000000,1992-01-01,1992-01-01,1992-01-01,12300.0,33.67556468172484,0.9541854634062923,1.673511293634497,1.0,1.0,1.05,9.846153846153847,2.0307692307692307,2.042972720156273,1389.5,37829.5,0.0013895,0.00378295,0.00517245,0.010567174246372315,93.63267820565157,1428.0,34930.5,0.001428,0.00349305,0.00492105,0.010053570904525027,98.46714550448024,1357.0,35696.5,0.001357,0.00356965,0.00492665,0.010065011551757904,98.35408368461783,1302.5,28645.5,0.0013025,0.00286455,0.00416705,0.008513169473527198,116.46506434643753
SA001,2882,2723063100,35803045,54000,10,80,73.71,,0,0,20119006912.0,1,80-PFP-95,IQT903,2882,SA005,,B,461,520,P0,1.0,SS00201,PFP,1.6,4.5,0.6,1000000,1995-01-01,1995-01-01,1995-01-01,11204.0,30.67488021902806,0.9888428224342896,1.6134976043805613,1.0,1.0,1.05,14.222222222222221,2.5777777777777775,2.591084732773181,1389.5,37829.5,0.0013895,0.00378295,0.00517245,0.013402256226032642,73.61430248271128,1428.0,34930.5,0.001428,0.00349305,0.00492105,0.012750857524213463,77.4260978605582,1357.0,35696.5,0.001357,0.00356965,0.00492665,0.012765367598716994,77.33695287400158,1302.5,28645.5,0.0013025,0.00286455,0.00416705,0.010797179635702486,91.6167789867412
SA001,37773,2723063100,35803045,54000,10,40,46.0,,0,0,20119006912.0,1,40-PFP-92,IQT903,37773,SA005,,B,243,520,P0,0.8,SS00201,PFP,1.6,3.25,0.6,1000000,1992-01-01,1992-01-01,1992-01-01,12300.0,33.67556468172484,0.9541854634062923,1.673511293634497,1.0,1.0,1.05,9.846153846153847,2.0307692307692307,2.042972720156273,1389.5,37829.5,0.0013895,0.00378295,0.00517245,0.010567174246372315,93.63267820565157,1428.0,34930.5,0.001428,0.00349305,0.00492105,0.010053570904525027,98.46714550448024,1357.0,35696.5,0.001357,0.00356965,0.00492665,0.010065011551757904,98.35408368461783,1302.5,28645.5,0.0013025,0.00286455,0.00416705,0.008513169473527198,116.46506434643753
SA001,220414,2723063100,35803045,54000,4,80,54.21,,0,0,20119006912.0,1,80-DTC-86,IQT903,220414,SA005,,B,243,520,P0,1.0,SS00201,DTC,1.0,6.0,1.0,1000000,1986-01-01,1986-01-01,1986-01-01,14491.0,39.67419575633128,0.9888428224342896,1.7934839151266257,1.0,1.0,1.05,6.666666666666667,2.1333333333333337,3.972581080438461,1389.5,37829.5,0.0013895,0.00378295,0.00517245,0.02054797700951392,47.66659134069451,1428.0,34930.5,0.001428,0.00349305,0.00492105,0.019549270125891687,50.15280486485107,1357.0,35696.5,0.001357,0.00356965,0.00492665,0.019571516579942147,50.09466074922621,1302.5,28645.5,0.0013025,0.00286455,0.00416705,0.01655394399124109,59.40856490327097
SA001,177269,2723063000,35803045,54000,13,20,17.6,,0,0,20119006912.0,1,20-STS-88,IQT903,177269,SA005,,B,480,520,P0,0.8,SS00201,STS,2.0,2.1,0.7,1000000,1988-01-01,1988-01-01,1988-01-01,13761.0,37.67556468172484,0.919528104378295,1.7535112936344968,1.0,1.0,1.05,9.523809523809524,1.7523809523809524,2.076774955604059,1389.5,37829.5,0.0013895,0.00378295,0.00517245,0.010742014619114216,92.09240728648905,1428.0,34930.5,0.001428,0.00349305,0.00492105,0.010219913395275353,96.84818729112696,1357.0,35696.5,0.001357,0.00356965,0.00492665,0.010231543335026738,96.73696570062826,1302.5,28645.5,0.0013025,0.00286455,0.00416705,0.008654025078749895,114.55316640525078
SA001,72382,2723063000,35803045,54000,13,25,15.46,,0,0,20119006912.0,1,25-STS-91,IQT903,72382,SA005,,B,480,520,P0,0.8,SS00201,STS,2.0,2.8,0.7,1000000,1991-01-01,1991-01-01,1991-01-01,12665.0,34.67488021902806,0.9306852819440055,1.6934976043805614,1.0,1.0,1.05,8.928571428571429,1.692857142857143,1.9610789678069505,1389.5,37829.5,0.0013895,0.00378295,0.00517245,0.010143582907033061,97.58449515965894,1428.0,34930.5,0.001428,0.00349305,0.00492105,0.009650567654526394,102.62084758101987,1357.0,35696.5,0.001357,0.00356965,0.00492665,0.009661549696746112,102.50306435175584,1302.5,28645.5,0.0013025,0.00286455,0.00416705,0.008171914112799954,121.37035120494782
SA001,245227,2723063000,35803045,54000,13,25,15.11,,0,0,20119006912.0,1,25-STS-92,IQT903,245227,SA005,,B,480,520,P0,0.8,SS00201,STS,2.0,2.8,0.7,1000000,1992-01-01,1992-01-01,1992-01-01,12300.0,33.67556468172484,0.9306852819440055,1.673511293634497,1.0,1.0,1.05,8.928571428571429,1.692857142857143,1.9379347167924958,1389.5,37829.5,0.0013895,0.00378295,0.00517245,0.010023870425873346,98.76186418160661,1428.0,34930.5,0.001428,0.00349305,0.00492105,0.00953667363807171,103.85836445192615,1357.0,35696.5,0.001357,0.00356965,0.00492665,0.00954752607248575,103.7391745681449,1302.5,28645.5,0.0013025,0.00286455,0.00416705,0.00807547086161017,122.8317885281317
SA001,72239,2723063100,35803045,54000,4,80,56.3,,0,0,20119006912.0,1,80-DTC-05,IQT903,72239,SA005,,B,243,520,P0,1.0,SS00201,DTC,1.0,6.0,1.0,1000000,2005-09-12,2005-09-12,2005-09-12,7297.0,19.978097193702943,0.9888428224342896,1.3995619438740587,1.0,1.0,1.05,6.666666666666667,2.1333333333333337,3.100040793364582,1389.5,37829.5,0.0013895,0.00378295,0.00517245,0.016034806001638632,61.36433418014585,1428.0,34930.5,0.001428,0.00349305,0.00492105,0.015255455746186775,64.55031961270367,1357.0,35696.5,0.001357,0.00356965,0.00492665,0.015272815974629619,64.47581020167769,1302.5,28645.5,0.0013025,0.00286455,0.00416705,0.012918024987989883,76.41121424751212
SA001,245516,2723063100,35803045,54000,4,200,135.0,,0,0,20119006912.0,1,200-DTC-95,IQT903,245516,SA005,,B,243,520,P0,1.3,SS00201,DTC,1.0,6.3,1.0,1000000,1995-01-01,1995-01-01,1995-01-01,11204.0,30.67488021902806,1.0346573590279973,1.6134976043805613,1.0,1.0,1.05,15.873015873015873,3.9746031746031747,6.967034323410943,1389.5,37829.5,0.0013895,0.00378295,0.00517245,0.03603663668612694,26.749537469598852,1428.0,34930.5,0.001428,0.00349305,0.00492105,0.03428512425722142,28.167168609265627,1357.0,35696.5,0.001357,0.00356965,0.00492665,0.034324139649432525,28.134015017228055,1302.5,28645.5,0.0013025,0.00286455,0.00416705,0.029031980377369572,33.44477390111148
SA001,324779,2723063100,35803045,54000,4,100,7.0,,0,0,2006540000000.0,1,100-DTC-06,IQT903,324779,SA005,,B,470,520,P0,1.0,SS00201,DTC,1.0,6.0,1.0,1000000,2006-07-18,2006-07-18,2006-07-18,6988.0,19.132101300479125,1.0,1.3826420260095826,1.0,1.0,1.05,8.333333333333334,2.466666666666667,3.5810428473648193,1389.5,37829.5,0.0013895,0.00378295,0.00517245,0.01852276507585216,52.98761987775164,1428.0,34930.5,0.001428,0.00349305,0.00492105,0.017622490904024644,55.745666968772206,1357.0,35696.5,0.001357,0.00356965,0.00492665,0.01764254474396989,55.68116558648909,1302.5,28645.5,0.0013025,0.00286455,0.00416705,0.01492238459711157,66.01341823032517
SA001,4008,2723063100,35803045,54000,4,300,250.01,,0,0,20119006912.0,1,300-DTC-98,IQT903,4008,SA004,,B,243,520,P0,1.5,SS00201,DTC,1.0,7.2,1.0,1000000,1998-01-01,1998-01-01,1998-01-01,10108.0,27.67419575633128,1.0549306144334054,1.5534839151266255,1.0,1.0,1.05,20.833333333333332,4.966666666666667,8.54643451982056,1389.5,37829.5,0.0013895,0.00378295,0.00517245,0.044206005232045854,21.6213609384247,1428.0,34930.5,0.001428,0.00349305,0.00492105,0.04205743159376296,22.77701067576124,1357.0,35696.5,0.001357,0.00356965,0.00492665,0.042105291627073965,22.74998394161445,1302.5,28645.5,0.0013025,0.00286455,0.00416705,0.035613419965818266,27.079302716779218
SA001,141958,2723063100,35803045,54000,10,80,89.03,,0,0,20119006912.0,1,80-PFP-95,IQT903,141958,SA005,,B,461,520,P0,1.0,SS00201,PFP,1.6,4.5,0.6,1000000,1995-01-01,1995-01-01,1995-01-01,11204.0,30.67488021902806,0.9888428224342896,1.6134976043805613,1.0,1.0,1.05,14.222222222222221,2.5777777777777775,2.591084732773181,1389.5,37829.5,0.0013895,0.00378295,0.00517245,0.013402256226032642,73.61430248271128,1428.0,34930.5,0.001428,0.00349305,0.00492105,0.012750857524213463,77.4260978605582,1357.0,35696.5,0.001357,0.00356965,0.00492665,0.012765367598716994,77.33695287400158,1302.5,28645.5,0.0013025,0.00286455,0.00416705,0.010797179635702486,91.6167789867412
SA001,324620,2723063100,35803045,54000,4,150,200.56,,0,0,20119006912.0,1,150-DTC-95,IQT903,324620,SA005,,B,243,520,P0,1.1,SS00201,DTC,1.0,6.0,1.0,1000000,1995-01-01,1995-01-01,1995-01-01,11204.0,30.67488021902806,1.0202732554054081,1.6134976043805613,1.0,1.0,1.05,12.5,3.3000000000000003,5.704112291066283,1389.5,37829.5,0.0013895,0.00378295,0.00517245,0.0295042356199258,32.89343865341986,1428.0,34930.5,0.001428,0.00349305,0.00492105,0.028070221789951732,34.624941173709175,1357.0,35696.5,0.001357,0.00356965,0.00492665,0.028102164818781708,34.58444719289609,1302.5,28645.5,0.0013025,0.00286455,0.00416705,0.02376932112248776,41.0710374876427
SA001,413298,2723063100,35803045,54000,10,100,154.0,,0,0,20119006912.0,1,100-PFP-95,IQT903,413298,SA005,,B,243,520,P0,1.0,SS00201,PFP,1.6,4.9,0.6,1000000,1995-01-01,1995-01-01,1995-01-01,11204.0,30.67488021902806,1.0,1.6134976043805613,1.0,1.0,1.05,16.3265306122449,2.8408163265306126,2.887699712525668,1389.5,37829.5,0.0013895,0.00378295,0.00517245,0.014936482378053392,65.95016769606538,1428.0,34930.5,0.001428,0.00349305,0.00492105,0.014210514670324437,69.3704280386327,1357.0,35696.5,0.001357,0.00356965,0.00492665,0.014226685788714583,69.29043973075282,1302.5,28645.5,0.0013025,0.00286455,0.00416705,0.012033189087080084,82.10348925487177
SA001,418930,2723061000,35803044,54000,13,50,33.6,,0,0,20099008650.0,1,50-STS-09,IQT903,418930,SA005,,B,461,520,P0,0.8,SS00201,STS,2.0,2.8,0.7,1000000,2009-08-18,2009-08-18,2009-08-18,5861.0,16.046543463381244,0.9653426409720027,1.320930869267625,1.0,1.0,1.05,17.857142857142858,2.585714285714286,2.4234242738194194,1389.5,37829.5,0.0013895,0.00378295,0.00517245,0.012535040885117256,78.77636524403293,1428.0,34930.5,0.001428,0.00349305,0.00492105,0.011925792022679052,82.8518731584719,1357.0,35696.5,0.001357,0.00356965,0.00492665,0.011939363198612444,82.75656082865599,1302.5,28645.5,0.0013025,0.00286455,0.00416705,0.010098530120219213,98.02431226083154
SA001,448649,2723063100,35803045,54000,13,40,54.37,,0,0,20169007672.0,1,40-STS-16,IQT903,448649,SA005,,B,243,520,P0,0.8,SS00201,STS,2.0,2.8,0.7,1000000,2016-05-14,2016-05-14,2016-05-14,3400.0,9.308692676249144,0.9541854634062923,1.1861738535249828,1.0,1.0,1.05,14.285714285714286,2.2285714285714286,1.8539372911978955,1389.5,37829.5,0.0013895,0.00378295,0.00517245,0.009589397941856556,103.28183354818572,1428.0,34930.5,0.001428,0.00349305,0.00492105,0.009123318106849403,108.60924394922085,1357.0,35696.5,0.001357,0.00356965,0.00492665,0.009133700155680113,108.48465385937973,1302.5,28645.5,0.0013025,0.00286455,0.00416705,0.007725449389286191,128.44230809237067
SA001,459335,2723061000,35803044,54000,10,40,1.0,,0,0,20119006912.0,1,40-PFP-91,IQT903,459335,SA005,,B,461,520,P0,0.8,SS00201,PFP,1.6,3.25,0.6,1000000,1991-01-01,1991-01-01,1991-01-01,12665.0,34.67488021902806,0.9541854634062923,1.6934976043805614,1.0,1.0,1.05,9.846153846153847,2.0307692307692307,2.0673714127650924,1389.5,37829.5,0.0013895,0.00378295,0.00517245,0.010693375263956802,92.51584278264413,1428.0,34930.5,0.001428,0.00349305,0.00492105,0.010173638090787657,97.29325469180107,1357.0,35696.5,0.001357,0.00356965,0.00492665,0.010185215370699142,97.18152720430467,1302.5,28645.5,0.0013025,0.00286455,0.00416705,0.00861484004556278,115.07876579380799
SA001,470706,2723063100,35803045,54000,13,80,1.27,,0,0,20219006333.0,1,80-STS-21,IQT001,470706,SA005,,B,243,520,P0,0.4,SS00201,STS,2.0,3.0,0.7,1000000,2021-06-14,2021-06-14,2021-06-14,1543.0,4.224503764544832,0.9888428224342896,1.0844900752908966,1.0,1.0,1.05,26.666666666666668,3.466666666666667,2.7324502982752894,1389.5,37829.5,0.0013895,0.00378295,0.00517245,0.01413346254531402,69.75407012215504,1428.0,34930.5,0.001428,0.00349305,0.00492105,0.013446524540327612,73.36865912830409,1357.0,35696.5,0.001357,0.00356965,0.00492665,0.013461826261997956,73.28412613101007,1302.5,28645.5,0.0013025,0.00286455,0.00416705,0.011386257015428045,86.82517368482279
SA001,470713,2723063100,35803045,54000,18,80,28.0,,0,0,20219006333.0,1,80-DTEP-21,IQT001,470713,SA005,,B,243,520,P0,0.7,SS00201,DTEP,1.6,6.0,1.0,1000000,2021-06-14,2021-06-14,2021-06-14,1543.0,4.224503764544832,0.9888428224342896,1.0844900752908966,1.0,1.0,1.05,10.666666666666666,2.1333333333333333,2.4021541083738804,1389.5,37829.5,0.0013895,0.00378295,0.00517245,0.01242502201785848,79.48275476395136,1428.0,34930.5,0.001428,0.00349305,0.00492105,0.011821120475013283,83.59434975844592,1357.0,35696.5,0.001357,0.00356965,0.00492665,0.011834572538020179,83.49819347402396,1302.5,28645.5,0.0013025,0.00286455,0.00416705,0.010009896277299379,98.90113506648593
SA001,470714,2723063100,35803045,54000,18,80,0.35,,0,0,20219006333.0,1,80-DTEP-21,IQT001,470714,SA005,,B,243,520,P0,0.8,SS00201,DTEP,1.6,6.0,1.0,1000000,2021-06-14,2021-06-14,2021-06-14,1543.0,4.224503764544832,0.9888428224342896,1.0844900752908966,1.0,1.0,1.05,10.666666666666666,2.1333333333333333,2.4021541083738804,1389.5,37829.5,0.0013895,0.00378295,0.00517245,0.01242502201785848,79.48275476395136,1428.0,34930.5,0.001428,0.00349305,0.00492105,0.011821120475013283,83.59434975844592,1357.0,35696.5,0.001357,0.00356965,0.00492665,0.011834572538020179,83.49819347402396,1302.5,28645.5,0.0013025,0.00286455,0.00416705,0.010009896277299379,98.90113506648593
SA001,470715,2723063100,35803045,54000,18,80,20.09,,0,0,20219006333.0,1,80-DTEP-21,IQT001,470715,SA005,,B,243,520,P0,0.8,SS00201,DTEP,1.6,6.0,1.0,1000000,2021-06-14,2021-06-14,2021-06-14,1543.0,4.224503764544832,0.9888428224342896,1.0844900752908966,1.0,1.0,1.05,10.666666666666666,2.1333333333333333,2.4021541083738804,1389.5,37829.5,0.0013895,0.00378295,0.00517245,0.01242502201785848,79.48275476395136,1428.0,34930.5,0.001428,0.00349305,0.00492105,0.011821120475013283,83.59434975844592,1357.0,35696.5,0.001357,0.00356965,0.00492665,0.011834572538020179,83.49819347402396,1302.5,28645.5,0.0013025,0.00286455,0.00416705,0.010009896277299379,98.90113506648593
SA001,36731,2723063100,35803045,54000,10,100,65.06,,0,0,20119006912.0,1,100-PFP-95,IQT903,36731,SA005,,B,243,520,P0,1.0,SS00201,PFP,1.6,4.9,0.6,1000000,1995-01-01,1995-01-01,1995-01-01,11204.0,30.67488021902806,1.0,1.6134976043805613,1.0,1.0,1.05,16.3265306122449,2.8408163265306126,2.887699712525668,1389.5,37829.5,0.0013895,0.00378295,0.00517245,0.014936482378053392,65.95016769606538,1428.0,34930.5,0.001428,0.00349305,0.00492105,0.014210514670324437,69.3704280386327,1357.0,35696.5,0.001357,0.00356965,0.00492665,0.014226685788714583,69.29043973075282,1302.5,28645.5,0.0013025,0.00286455,0.00416705,0.012033189087080084,82.10348925487177
SA001,211525,2723063100,35803045,54000,4,80,46.45,,0,0,20119006912.0,1,80-DTC-07,IQT903,211525,SA005,,B,243,520,P0,1.0,SS00201,DTC,1.0,6.0,1.0,1000000,2007-07-31,2007-07-31,2007-07-31,6610.0,18.09719370294319,0.9888428224342896,1.3619438740588639,1.0,1.0,1.05,6.666666666666667,2.1333333333333337,3.0167164707040657,1389.5,37829.5,0.0013895,0.00378295,0.00517245,0.015603815108893245,63.08689112382905,1428.0,34930.5,0.001428,0.00349305,0.00492105,0.014845412588158241,66.36087623443159,1357.0,35696.5,0.001357,0.00356965,0.00492665,0.014862306200394186,66.2843088089167,1302.5,28645.5,0.0013025,0.00286455,0.00416705,0.012570808369247378,78.54937905555477
SA001,71260,2723063100,35803045,54000,13,50,41.64,,0,0,20179011341.0,1,50-STS-17,IQT903,71260,SA005,,B,461,520,P0,0.8,SS00201,STS,2.0,2.8,0.7,1000000,2017-10-17,2017-10-17,2017-10-17,2879.0,7.882272416153319,0.9653426409720027,1.1576454483230665,1.0,1.0,1.05,17.857142857142858,2.585714285714286,2.1238553396046704,1389.5,37829.5,0.0013895,0.00378295,0.00517245,0.010985535551338178,90.02878920438133,1428.0,34930.5,0.001428,0.00349305,0.00492105,0.010451598318961563,94.67914585712444,1357.0,35696.5,0.001357,0.00356965,0.00492665,0.010463491908863351,94.57038976184673,1302.5,28645.5,0.0013025,0.00286455,0.00416705,0.008850211392899642,111.99165134092516
SA001,36928,2723063100,35803045,54000,13,25,12.67,,0,0,20119006912.0,1,25-STS-94,IQT903,36928,SA005,,B,461,520,P0,0.8,SS00201,STS,2.0,2.8,0.7,1000000,1994-01-01,1994-01-01,1994-01-01,11569.0,31.67419575633128,0.9306852819440055,1.6334839151266256,1.0,1.0,1.05,8.928571428571429,1.692857142857143,1.8915828058566984,1389.5,37829.5,0.0013895,0.00378295,0.00517245,0.00978411748415348,101.2064587449626,1428.0,34930.5,0.001428,0.00349305,0.00492105,0.009308573566761106,106.42784518250818,1357.0,35696.5,0.001357,0.00356965,0.00492665,0.009319166430473903,106.30573463415949,1302.5,28645.5,0.0013025,0.00286455,0.00416705,0.007882320131145155,125.86619971811757
SA001,71478,2723063100,35803045,54000,10,80,78.97,,0,0,20119006912.0,1,80-PFP-96,IQT903,71478,SA005,,B,461,520,P0,1.0,SS00201,PFP,1.6,4.5,0.6,1000000,1996-01-01,1996-01-01,1996-01-01,10839.0,29.675564681724847,0.9888428224342896,1.593511293634497,1.0,1.0,1.05,14.222222222222221,2.5777777777777775,2.558989101209806,1389.5,37829.5,0.0013895,0.00378295,0.00517245,0.013236243176552661,74.55013810651724,1428.0,34930.5,0.001428,0.00349305,0.00492105,0.012592913316508515,78.40974219913538,1357.0,35696.5,0.001357,0.00356965,0.00492665,0.012607243655475291,78.31947912862799,1302.5,28645.5,0.0013025,0.00286455,0.00416705,0.010663435534196321,92.77840723030803
SA001,324846,2723063100,35803045,54000,4,100,6.0,,0,0,2006540000000.0,1,100-DTC-06,IQT903,324846,SA005,,B,243,520,P0,1.0,SS00201,DTC,1.0,6.0,1.0,1000000,2006-07-18,2006-07-18,2006-07-18,6988.0,19.132101300479125,1.0,1.3826420260095826,1.0,1.0,1.05,8.333333333333334,2.466666666666667,3.5810428473648193,1389.5,37829.5,0.0013895,0.00378295,0.00517245,0.01852276507585216,52.98761987775164,1428.0,34930.5,0.001428,0.00349305,0.00492105,0.017622490904024644,55.745666968772206,1357.0,35696.5,0.001357,0.00356965,0.00492665,0.01764254474396989,55.68116558648909,1302.5,28645.5,0.0013025,0.00286455,0.00416705,0.01492238459711157,66.01341823032517
SA001,106661,2723063100,35803045,54000,5,50,74.3,,0,0,20119006912.0,1,50-EPS-89,IQT903,106661,SA005,,B,243,520,P0,0.8,SS00201,EPS,1.6,3.2,1.0,1000000,1989-01-01,1989-01-01,1989-01-01,13395.0,36.6735112936345,0.9653426409720027,1.73347022587269,1.0,1.0,1.05,12.5,2.3625,4.151059830661567,1389.5,37829.5,0.0013895,0.00378295,0.00517245,0.021471149421105423,45.57412513822075,1428.0,34930.5,0.001428,0.00349305,0.00492105,0.020427572979677105,47.95344155641376,1357.0,35696.5,0.001357,0.00356965,0.00492665,0.020450818914728813,47.89779740212718,1302.5,28645.5,0.0013025,0.00286455,0.00416705,0.017297673867358285,56.81124142287467
SA001,177138,2723063100,35803045,54000,13,20,12.16,,0,0,20119006912.0,1,20-STS-93,IQT903,177138,SA005,,B,243,520,P0,0.8,SS00201,STS,2.0,2.1,0.7,1000000,1993-01-01,1993-01-01,1993-01-01,11934.0,32.6735112936345,0.919528104378295,1.6534702258726899,1.0,1.0,1.05,9.523809523809524,1.7523809523809524,1.9582910970661536,1389.5,37829.5,0.0013895,0.00378295,0.00517245,0.010129162785019826,97.72484243998086,1428.0,34930.5,0.001428,0.00349305,0.00492105,0.009636848403217395,102.76836473489986,1357.0,35696.5,0.001357,0.00356965,0.00492665,0.009647814833360966,102.6504138265716,1302.5,28645.5,0.0013025,0.00286455,0.00416705,0.008160296916029515,121.54456060730709
SA001,37774,2723063100,35803045,54000,13,50,54.0,,0,0,20179005392.0,1,50-STS-17,IQT903,37774,SA005,,B,461,520,P0,0.8,SS00201,STS,2.0,2.8,0.7,1000000,2017-05-22,2017-05-22,2017-05-22,3027.0,8.28747433264887,0.9653426409720027,1.1657494866529774,1.0,1.0,1.05,17.857142857142858,2.585714285714286,2.138723281343028,1389.5,37829.5,0.0013895,0.00378295,0.00517245,0.011062439236582747,89.39597674743078,1428.0,34930.5,0.001428,0.00349305,0.00492105,0.010524764203653107,94.01400512639549,1357.0,35696.5,0.001357,0.00356965,0.00492665,0.010536741054028631,93.90600507997287,1302.5,28645.5,0.0013025,0.00286455,0.00416705,0.008912166849520465,111.20615781602055
SA001,72241,2723063100,35803045,54000,13,25,28.25,,0,0,20119006912.0,1,25-STS-93,IQT903,72241,SA005,,B,461,520,P0,0.8,SS00201,STS,2.0,2.8,0.7,1000000,1993-01-01,1993-01-01,1993-01-01,11934.0,32.6735112936345,0.9306852819440055,1.6534702258726899,1.0,1.0,1.05,8.928571428571429,1.692857142857143,1.9147270568711527,1389.5,37829.5,0.0013895,0.00378295,0.00517245,0.009903829965313195,99.97103883067084,1428.0,34930.5,0.001428,0.00349305,0.00492105,0.009422467583215785,105.12931179315461,1357.0,35696.5,0.001357,0.00356965,0.00492665,0.009433190054734265,105.00867725527557,1302.5,28645.5,0.0013025,0.00286455,0.00416705,0.007978763382334938,124.33270534303725
SA001,37775,2723063100,35803045,54000,13,25,14.4,,0,0,20119006912.0,1,25-STS-93,IQT903,37775,SA005,,B,243,520,P0,0.8,SS00201,STS,2.0,2.8,0.7,1000000,1993-01-01,1993-01-01,1993-01-01,11934.0,32.6735112936345,0.9306852819440055,1.6534702258726899,1.0,1.0,1.05,8.928571428571429,1.692857142857143,1.9147270568711527,1389.5,37829.5,0.0013895,0.00378295,0.00517245,0.009903829965313195,99.97103883067084,1428.0,34930.5,0.001428,0.00349305,0.00492105,0.009422467583215785,105.12931179315461,1357.0,35696.5,0.001357,0.00356965,0.00492665,0.009433190054734265,105.00867725527557,1302.5,28645.5,0.0013025,0.00286455,0.00416705,0.007978763382334938,124.33270534303725
SA001,2840,2723063100,35803045,54000,13,20,10.0,,0,0,20119006912.0,1,20-STS-97,IQT903,2840,SA005,,B,461,520,P0,0.8,SS00201,STS,2.0,2.1,0.7,1000000,1997-01-01,1997-01-01,1997-01-01,10473.0,28.673511293634498,0.919528104378295,1.5734702258726898,1.0,1.0,1.05,9.523809523809524,1.7523809523809524,1.8635429211910137,1389.5,37829.5,0.0013895,0.00378295,0.00517245,0.00963908258271446,102.74431294875265,1428.0,34930.5,0.001428,0.00349305,0.00492105,0.009170587892327038,108.04426321857648,1357.0,35696.5,0.001357,0.00356965,0.00492665,0.009181023732685709,107.92031532822013,1302.5,28645.5,0.0013025,0.00286455,0.00416705,0.007765476529749014,127.77509785382362
SA001,4736,2723063000,35803045,54000,10,50,56.06,,0,0,20119006912.0,1,50-PFP-91,IQT903,4736,SA005,,B,490,520,P0,0.8,SS00201,PFP,1.6,3.65,0.6,1000000,1991-01-01,1991-01-01,1991-01-01,12665.0,34.67488021902806,0.9653426409720027,1.6934976043805614,1.0,1.0,1.05,10.95890410958904,2.16986301369863,2.2348014445982396,1389.5,37829.5,0.0013895,0.00378295,0.00517245,0.011559398732112165,85.50968992201874,1428.0,34930.5,0.001428,0.00349305,0.00492105,0.010997569648940166,89.92918089374136,1357.0,35696.5,0.001357,0.00356965,0.00492665,0.011010084537029917,89.82582396499566,1302.5,28645.5,0.0013025,0.00286455,0.00416705,0.009312529359713094,106.38221178943039
SA001,4009,2723063100,35803045,54000,13,40,64.45,,0,0,20169008427.0,1,40-STS-16,IQT903,4009,SA005,,B,243,520,P0,0.8,SS00201,STS,2.0,2.8,0.7,1000000,2016-06-27,2016-06-27,2016-06-27,3356.0,9.188227241615332,0.9541854634062923,1.1837645448323066,1.0,1.0,1.05,14.285714285714286,2.2285714285714286,1.8501716482290458,1389.5,37829.5,0.0013895,0.00378295,0.00517245,0.009569920341882329,103.4940777222089,1428.0,34930.5,0.001428,0.00349305,0.00492105,0.009104787189517545,108.83233096884597,1357.0,35696.5,0.001357,0.00356965,0.00492665,0.00911514815074763,108.70748730156178,1302.5,28645.5,0.0013025,0.00286455,0.00416705,0.0077097577667528455,128.70576122538472
SA001,243995,2723063100,35803045,54000,13,20,19.43,,0,0,20119006912.0,1,20-STS-94,IQT903,243995,SA005,,B,461,520,P0,0.8,SS00201,STS,2.0,2.1,0.7,1000000,1994-01-01,1994-01-01,1994-01-01,11569.0,31.67419575633128,0.919528104378295,1.6334839151266256,1.0,1.0,1.05,9.523809523809524,1.7523809523809524,1.9346202659953624,1389.5,37829.5,0.0013895,0.00378295,0.00517245,0.010006726594847713,98.9327792681857,1428.0,34930.5,0.001428,0.00349305,0.00492105,0.009520363059976477,104.03801101913761,1357.0,35696.5,0.001357,0.00356965,0.00492665,0.009531196933466053,103.91861693559053,1302.5,28645.5,0.0013025,0.00286455,0.00416705,0.008061659379415975,123.04394094760734
SA001,407422,2723063100,35803045,54000,4,80,60.3,,0,0,20119006912.0,1,80-DTC-89,IQT903,407422,SA005,,B,243,520,P0,1.0,SS00201,DTC,1.0,6.0,1.0,1000000,1989-01-01,1989-01-01,1989-01-01,13395.0,36.6735112936345,0.9888428224342896,1.73347022587269,1.0,1.0,1.05,6.666666666666667,2.1333333333333337,3.8396502832973747,1389.5,37829.5,0.0013895,0.00378295,0.00517245,0.019860399107841507,49.351455404799424,1428.0,34930.5,0.001428,0.00349305,0.00492105,0.018895111026620545,51.92374300374002,1357.0,35696.5,0.001357,0.00356965,0.00492665,0.018916613068207012,51.86358590696616,1302.5,28645.5,0.0013025,0.00286455,0.00416705,0.016000014713014325,61.49994252734064
SA001,408602,2723063100,35803045,54000,13,50,74.66,,0,0,20079008326.0,1,50-STS-07,IQT903,408602,SA005,,B,243,520,P0,0.8,SS00201,STS,2.0,2.8,0.7,1000000,2007-11-14,2007-11-14,2007-11-14,6504.0,17.806981519507186,0.9653426409720027,1.3561396303901438,1.0,1.0,1.05,17.857142857142858,2.585714285714286,2.488019453128637,1389.5,37829.5,0.0013895,0.00378295,0.00517245,0.012869156220335218,76.70517218680183,1428.0,34930.5,0.001428,0.00349305,0.00492105,0.012243668129818678,80.67486976917999,1357.0,35696.5,0.001357,0.00356965,0.00492665,0.0122576010387562,80.58203198474078,1302.5,28645.5,0.0013025,0.00286455,0.00416705,0.010367701462159687,95.45339457832834
SA001,143928,2723063000,35803045,54000,13,25,23.87,,0,0,20119006912.0,1,25-STS-93,IQT903,143928,SA005,,B,490,520,P0,0.8,SS00201,STS,2.0,2.8,0.7,1000000,1993-01-01,1993-01-01,1993-01-01,11934.0,32.6735112936345,0.9306852819440055,1.6534702258726899,1.0,1.0,1.05,8.928571428571429,1.692857142857143,1.9147270568711527,1389.5,37829.5,0.0013895,0.00378295,0.00517245,0.009903829965313195,99.97103883067084,1428.0,34930.5,0.001428,0.00349305,0.00492105,0.009422467583215785,105.12931179315461,1357.0,35696.5,0.001357,0.00356965,0.00492665,0.009433190054734265,105.00867725527557,1302.5,28645.5,0.0013025,0.00286455,0.00416705,0.007978763382334938,124.33270534303725
SA001,413291,2723063100,35803045,54000,10,80,41.03,,0,0,20119006912.0,1,80-PFP-95,IQT903,413291,SA005,,B,461,520,P0,1.0,SS00201,PFP,1.6,4.5,0.6,1000000,1995-01-01,1995-01-01,1995-01-01,11204.0,30.67488021902806,0.9888428224342896,1.6134976043805613,1.0,1.0,1.05,14.222222222222221,2.5777777777777775,2.591084732773181,1389.5,37829.5,0.0013895,0.00378295,0.00517245,0.013402256226032642,73.61430248271128,1428.0,34930.5,0.001428,0.00349305,0.00492105,0.012750857524213463,77.4260978605582,1357.0,35696.5,0.001357,0.00356965,0.00492665,0.012765367598716994,77.33695287400158,1302.5,28645.5,0.0013025,0.00286455,0.00416705,0.010797179635702486,91.6167789867412
SA001,413292,2723063100,35803045,54000,4,80,4.76,,0,0,20089008360.0,1,80-DTC-08,IQT903,413292,SA005,,B,461,520,P0,1.0,SS00201,DTC,1.0,6.0,1.0,1000000,2008-08-11,2008-08-11,2008-08-11,6233.0,17.065023956194388,0.9888428224342896,1.3413004791238878,1.0,1.0,1.05,6.666666666666667,2.1333333333333337,2.9709911873809003,1389.5,37829.5,0.0013895,0.00378295,0.00517245,0.015367303367168338,64.07322567318234,1428.0,34930.5,0.001428,0.00349305,0.00492105,0.014620396182660778,67.3975993199118,1357.0,35696.5,0.001357,0.00356965,0.00492665,0.014637033733310113,67.31985347716034,1302.5,28645.5,0.0013025,0.00286455,0.00416705,0.012380268827375581,79.77369029247356
SA001,413296,2723063100,35803045,54000,10,100,53.9,,0,0,20119006912.0,1,100-PFP-95,IQT903,413296,SA005,,B,461,520,P0,1.0,SS00201,PFP,1.6,4.9,0.6,1000000,1995-01-01,1995-01-01,1995-01-01,11204.0,30.67488021902806,1.0,1.6134976043805613,1.0,1.0,1.05,16.3265306122449,2.8408163265306126,2.887699712525668,1389.5,37829.5,0.0013895,0.00378295,0.00517245,0.014936482378053392,65.95016769606538,1428.0,34930.5,0.001428,0.00349305,0.00492105,0.014210514670324437,69.3704280386327,1357.0,35696.5,0.001357,0.00356965,0.00492665,0.014226685788714583,69.29043973075282,1302.5,28645.5,0.0013025,0.00286455,0.00416705,0.012033189087080084,82.10348925487177
SA001,413297,2723063100,35803045,54000,4,100,2.27,,0,0,20089008360.0,1,100-DTC-08,IQT903,413297,SA005,,B,461,520,P0,1.0,SS00201,DTC,1.0,6.0,1.0,1000000,2008-08-11,2008-08-11,2008-08-11,6233.0,17.065023956194388,1.0,1.3413004791238878,1.0,1.0,1.05,8.333333333333334,2.466666666666667,3.47396824093087,1389.5,37829.5,0.0013895,0.00378295,0.00517245,0.01796892702780288,54.651625634225375,1428.0,34930.5,0.001428,0.00349305,0.00492105,0.017095571412032856,57.49468121879459,1357.0,35696.5,0.001357,0.00356965,0.00492665,0.01711502563418207,57.428191775699325,1302.5,28645.5,0.0013025,0.00286455,0.00416705,0.014476199358370983,68.07890498356129
SA001,413300,2723063100,35803045,54000,4,100,2.35,,0,0,20089008360.0,1,100-DTC-08,IQT903,413300,SA005,,B,243,520,P0,1.0,SS00201,DTC,1.0,6.0,1.0,1000000,2008-08-11,2008-08-11,2008-08-11,6233.0,17.065023956194388,1.0,1.3413004791238878,1.0,1.0,1.05,8.333333333333334,2.466666666666667,3.47396824093087,1389.5,37829.5,0.0013895,0.00378295,0.00517245,0.01796892702780288,54.651625634225375,1428.0,34930.5,0.001428,0.00349305,0.00492105,0.017095571412032856,57.49468121879459,1357.0,35696.5,0.001357,0.00356965,0.00492665,0.01711502563418207,57.428191775699325,1302.5,28645.5,0.0013025,0.00286455,0.00416705,0.014476199358370983,68.07890498356129
SA001,413303,2723063100,35803045,54000,10,100,9.59,,0,0,20119006912.0,1,100-PFP-95,IQT903,413303,SA005,,B,461,520,P0,1.0,SS00201,PFP,1.6,4.9,0.6,1000000,1995-01-01,1995-01-01,1995-01-01,11204.0,30.67488021902806,1.0,1.6134976043805613,1.0,1.0,1.05,16.3265306122449,2.8408163265306126,2.887699712525668,1389.5,37829.5,0.0013895,0.00378295,0.00517245,0.014936482378053392,65.95016769606538,1428.0,34930.5,0.001428,0.00349305,0.00492105,0.014210514670324437,69.3704280386327,1357.0,35696.5,0.001357,0.00356965,0.00492665,0.014226685788714583,69.29043973075282,1302.5,28645.5,0.0013025,0.00286455,0.00416705,0.012033189087080084,82.10348925487177
SA001,413304,2723063100,35803045,54000,4,100,2.04,,0,0,20089008360.0,1,100-DTC-08,IQT903,413304,SA005,,B,461,520,P0,1.0,SS00201,DTC,1.0,6.0,1.0,1000000,2008-08-11,2008-08-11,2008-08-11,6233.0,17.065023956194388,1.0,1.3413004791238878,1.0,1.0,1.05,8.333333333333334,2.466666666666667,3.47396824093087,1389.5,37829.5,0.0013895,0.00378295,0.00517245,0.01796892702780288,54.651625634225375,1428.0,34930.5,0.001428,0.00349305,0.00492105,0.017095571412032856,57.49468121879459,1357.0,35696.5,0.001357,0.00356965,0.00492665,0.01711502563418207,57.428191775699325,1302.5,28645.5,0.0013025,0.00286455,0.00416705,0.014476199358370983,68.07890498356129
SA001,420515,2723063000,35803045,54000,13,50,18.0,,0,0,20109001284.0,1,50-STS-10,IQT903,420515,SA005,,B,490,520,P0,0.8,SS00201,STS,2.0,2.8,0.7,1000000,2010-01-26,2010-01-26,2010-01-26,5700.0,15.605749486652977,0.9653426409720027,1.3121149897330595,1.0,1.0,1.05,17.857142857142858,2.585714285714286,2.4072503642256655,1389.5,37829.5,0.0013895,0.00378295,0.00517245,0.012451382146439044,79.31236920039346,1428.0,34930.5,0.001428,0.00349305,0.00492105,0.01184619940487271,83.41525976581728,1357.0,35696.5,0.001357,0.00356965,0.00492665,0.011859680006912376,83.31930704851676,1302.5,28645.5,0.0013025,0.00286455,0.00416705,0.01003113263024656,98.68963993006446
SA001,420516,2723063000,35803045,54000,13,50,3.0,,0,0,20109001284.0,1,50-STS-10,IQT903,420516,SA005,,B,490,520,P0,0.8,SS00201,STS,2.0,2.8,0.7,1000000,2010-01-26,2010-01-26,2010-01-26,5700.0,15.605749486652977,0.9653426409720027,1.3121149897330595,1.0,1.0,1.05,17.857142857142858,2.585714285714286,2.4072503642256655,1389.5,37829.5,0.0013895,0.00378295,0.00517245,0.012451382146439044,79.31236920039346,1428.0,34930.5,0.001428,0.00349305,0.00492105,0.01184619940487271,83.41525976581728,1357.0,35696.5,0.001357,0.00356965,0.00492665,0.011859680006912376,83.31930704851676,1302.5,28645.5,0.0013025,0.00286455,0.00416705,0.01003113263024656,98.68963993006446
SA001,420752,2723063000,35803045,54000,13,50,17.0,,0,0,20109002933.0,1,50-STS-10,IQT903,420752,SA005,,B,490,520,P0,0.8,SS00201,STS,2.0,2.8,0.7,1000000,2010-03-17,2010-03-17,2010-03-17,5650.0,15.468856947296372,0.9653426409720027,1.3093771389459274,1.0,1.0,1.05,17.857142857142858,2.585714285714286,2.40222741093568,1389.5,37829.5,0.0013895,0.00378295,0.00517245,0.012425401171694259,79.48029887985062,1428.0,34930.5,0.001428,0.00349305,0.00492105,0.011821481200585028,83.59176841143321,1357.0,35696.5,0.001357,0.00356965,0.00492665,0.011834933674086268,83.49561506116395,1302.5,28645.5,0.0013025,0.00286455,0.00416705,0.010010201732739527,98.89808664188894
SA001,430998,2723063100,35803045,54000,13,50,40.31,,0,0,20129011748.0,1,50-STS-12,IQT903,430998,SA005,,B,470,520,P0,0.8,SS00201,STS,2.0,2.8,0.7,1000000,2012-10-29,2012-10-29,2012-10-29,4693.0,12.848733744010952,0.9653426409720027,1.256974674880219,1.0,1.0,1.05,17.857142857142858,2.585714285714286,2.306088084965353,1389.5,37829.5,0.0013895,0.00378295,0.00517245,0.01192812531507904,82.83547066996702,1428.0,34930.5,0.001428,0.00349305,0.00492105,0.011348374770518749,87.11834471644688,1357.0,35696.5,0.001357,0.00356965,0.00492665,0.011361288863794557,87.01818279497648,1302.5,28645.5,0.0013025,0.00286455,0.00416705,0.009609584354454874,103.06277348888804
SA001,436993,2723063100,35803045,54000,13,40,58.49,,0,0,20149005417.0,1,40-STS-14,IQT903,436993,SA005,,B,470,520,P0,0.8,SS00201,STS,2.0,2.8,0.7,1000000,2014-04-14,2014-04-14,2014-04-14,4161.0,11.392197125256674,0.9541854634062923,1.2278439425051335,1.0,1.0,1.05,14.285714285714286,2.2285714285714286,1.9190657980000467,1389.5,37829.5,0.0013895,0.00378295,0.00517245,0.009926271886865342,99.74275734107401,1428.0,34930.5,0.001428,0.00349305,0.00492105,0.00944381874524813,104.8893681650945,1357.0,35696.5,0.001357,0.00356965,0.00492665,0.00945456551371693,104.76900636514432,1302.5,28645.5,0.0013025,0.00286455,0.00416705,0.007996843133556095,124.04934551033423
SA001,437818,2723063100,35803045,54000,18,200,99.7,,0,0,20149008255.0,1,200-DTEP-14,IQT903,437818,SA005,,B,470,520,P0,1.3,SS00201,DTEP,1.6,6.3,1.0,1000000,2014-06-30,2014-06-30,2014-06-30,4084.0,11.181382614647502,1.0346573590279973,1.2236276522929501,1.0,1.0,1.05,25.3968253968254,3.9746031746031747,5.283587548847086,1389.5,37829.5,0.0013895,0.00378295,0.00517245,0.02732909241703411,35.59104315431654,1428.0,34930.5,0.001428,0.00349305,0.00492105,0.02600079850725395,37.46035727406643,1357.0,35696.5,0.001357,0.00356965,0.00492665,0.026030386597527495,37.41664034659344,1302.5,28645.5,0.0013025,0.00286455,0.00416705,0.02201697349542325,44.41950328494848
SA001,472853,2723063100,35803045,54000,18,200,9.0,,0,0,20219009083.0,1,200-DTEP-21,IQT903,472853,SA005,,B,470,520,P0,0.0,SS00201,DTEP,1.6,6.3,1.0,1000000,2021-06-25,2021-06-25,2021-06-25,1532.0,4.1943874058863795,1.0346573590279973,1.0838877481177276,1.0,1.0,1.05,25.3968253968254,3.9746031746031747,4.680194828525883,1389.5,37829.5,0.0013895,0.00378295,0.00517245,0.024208073740808703,40.30853246345877,1428.0,34930.5,0.001428,0.00349305,0.00492105,0.023031472760917295,42.41884734774434,1357.0,35696.5,0.001357,0.00356965,0.00492665,0.023057681851957043,42.36949422845489,1302.5,28645.5,0.0013025,0.00286455,0.00416705,0.019502605860208782,50.27519917942364
SA001,3904,2723063000,35803045,54000,4,80,103.53,,0,0,20119006912.0,1,80-DTC-89,IQT903,3904,SA005,,B,480,520,P0,1.0,SS00201,DTC,1.0,6.0,1.0,1000000,1989-01-01,1989-01-01,1989-01-01,13395.0,36.6735112936345,0.9888428224342896,1.73347022587269,1.0,1.0,1.05,6.666666666666667,2.1333333333333337,3.8396502832973747,1389.5,37829.5,0.0013895,0.00378295,0.00517245,0.019860399107841507,49.351455404799424,1428.0,34930.5,0.001428,0.00349305,0.00492105,0.018895111026620545,51.92374300374002,1357.0,35696.5,0.001357,0.00356965,0.00492665,0.018916613068207012,51.86358590696616,1302.5,28645.5,0.0013025,0.00286455,0.00416705,0.016000014713014325,61.49994252734064
SA001,106548,2723063000,35803045,54000,4,200,281.41,,0,0,20119006912.0,1,200-DTC-89,IQT903,106548,SA005,,B,480,520,P0,1.3,SS00201,DTC,1.0,6.3,1.0,1000000,1989-01-01,1989-01-01,1989-01-01,13395.0,36.6735112936345,1.0346573590279973,1.73347022587269,1.0,1.0,1.05,15.873015873015873,3.9746031746031747,7.485072509235299,1389.5,37829.5,0.0013895,0.00378295,0.00517245,0.038716163300394124,24.82900563367084,1428.0,34930.5,0.001428,0.00349305,0.00492105,0.03683441607157237,26.14852321961385,1357.0,35696.5,0.001357,0.00356965,0.00492665,0.03687633247762409,26.117664171370144,1302.5,28645.5,0.0013025,0.00286455,0.00416705,0.031190671399608953,31.06086804571117
SA001,106545,2723063000,35803045,54000,4,100,155.24,,0,0,20119006912.0,1,100-DTC-90,IQT903,106545,SA005,,B,480,520,P0,1.0,SS00201,DTC,1.0,6.0,1.0,1000000,1990-01-01,1990-01-01,1990-01-01,13030.0,35.67419575633128,1.0,1.7134839151266257,1.0,1.0,1.05,8.333333333333334,2.466666666666667,4.437923340177961,1389.5,37829.5,0.0013895,0.00378295,0.00517245,0.022954936580903494,42.56361414790023,1428.0,34930.5,0.001428,0.00349305,0.00492105,0.021839242653182753,44.789133619716644,1357.0,35696.5,0.001357,0.00356965,0.00492665,0.021864095023887753,44.737086255225464,1302.5,28645.5,0.0013025,0.00286455,0.00416705,0.018493048454688573,53.0743729975178
SA001,106547,2723063000,35803045,54000,4,150,210.97,,0,0,20119006912.0,1,150-DTC-97,IQT903,106547,SA005,,B,480,520,P0,1.1,SS00201,DTC,1.0,6.0,1.0,1000000,1997-01-01,1997-01-01,1997-01-01,10473.0,28.673511293634498,1.0202732554054081,1.5734702258726898,1.0,1.0,1.05,12.5,3.3000000000000003,5.562605628083932,1389.5,37829.5,0.0013895,0.00378295,0.00517245,0.028772299480982737,33.75565102681339,1428.0,34930.5,0.001428,0.00349305,0.00492105,0.027373860426082433,35.53120109603457,1357.0,35696.5,0.001357,0.00356965,0.00492665,0.027405011017599706,35.48967699220381,1302.5,28645.5,0.0013025,0.00286455,0.00416705,0.02317965578250715,42.141279119194856
SA001,72409,2723063000,35803045,54000,13,25,25.66,,0,0,20119006912.0,1,25-STS-93,IQT903,72409,SA005,,B,480,520,P0,0.8,SS00201,STS,2.0,2.8,0.7,1000000,1993-01-01,1993-01-01,1993-01-01,11934.0,32.6735112936345,0.9306852819440055,1.6534702258726899,1.0,1.0,1.05,8.928571428571429,1.692857142857143,1.9147270568711527,1389.5,37829.5,0.0013895,0.00378295,0.00517245,0.009903829965313195,99.97103883067084,1428.0,34930.5,0.001428,0.00349305,0.00492105,0.009422467583215785,105.12931179315461,1357.0,35696.5,0.001357,0.00356965,0.00492665,0.009433190054734265,105.00867725527557,1302.5,28645.5,0.0013025,0.00286455,0.00416705,0.007978763382334938,124.33270534303725
SA001,3874,2723063000,35803045,54000,13,25,24.89,,0,0,20119006912.0,1,25-STS-93,IQT903,3874,SA005,,B,480,520,P0,0.8,SS00201,STS,2.0,2.8,0.7,1000000,1993-01-01,1993-01-01,1993-01-01,11934.0,32.6735112936345,0.9306852819440055,1.6534702258726899,1.0,1.0,1.05,8.928571428571429,1.692857142857143,1.9147270568711527,1389.5,37829.5,0.0013895,0.00378295,0.00517245,0.009903829965313195,99.97103883067084,1428.0,34930.5,0.001428,0.00349305,0.00492105,0.009422467583215785,105.12931179315461,1357.0,35696.5,0.001357,0.00356965,0.00492665,0.009433190054734265,105.00867725527557,1302.5,28645.5,0.0013025,0.00286455,0.00416705,0.007978763382334938,124.33270534303725
SA001,72429,2723063000,35803045,54000,4,100,208.43,,0,0,20119006912.0,1,100-DTC-92,IQT903,72429,SA005,,B,480,520,P0,1.0,SS00201,DTC,1.0,6.0,1.0,1000000,1992-01-01,1992-01-01,1992-01-01,12300.0,33.67556468172484,1.0,1.673511293634497,1.0,1.0,1.05,8.333333333333334,2.466666666666667,4.3343942505133475,1389.5,37829.5,0.0013895,0.00378295,0.00517245,0.022419437541067764,43.60415200730202,1428.0,34930.5,0.001428,0.00349305,0.00492105,0.02132977082648871,45.88282908122643,1357.0,35696.5,0.001357,0.00356965,0.00492665,0.021354043434291585,45.82953854042185,1302.5,28645.5,0.0013025,0.00286455,0.00416705,0.018061637561601646,54.36596538322539
SA001,143088,2723063000,35803045,54000,13,20,17.0,,0,0,20119006912.0,1,20-STS-92,IQT903,143088,SA005,,B,480,520,P0,0.8,SS00201,STS,2.0,2.1,0.7,1000000,1992-01-01,1992-01-01,1992-01-01,12300.0,33.67556468172484,0.919528104378295,1.673511293634497,1.0,1.0,1.05,9.523809523809524,1.7523809523809524,1.9820267797289195,1389.5,37829.5,0.0013895,0.00378295,0.00517245,0.01025193441680885,96.54256702622108,1428.0,34930.5,0.001428,0.00349305,0.00492105,0.009753652884384999,101.52569082101935,1357.0,35696.5,0.001357,0.00356965,0.00492665,0.009764752234351482,101.4091524290902,1302.5,28645.5,0.0013025,0.00286455,0.00416705,0.008259204692469395,120.07703310850054
SA001,72395,2723063000,35803045,54000,13,25,24.0,,0,0,20119006912.0,1,25-STS-93,IQT903,72395,SA005,,B,480,520,P0,0.8,SS00201,STS,2.0,2.8,0.7,1000000,1993-01-01,1993-01-01,1993-01-01,11934.0,32.6735112936345,0.9306852819440055,1.6534702258726899,1.0,1.0,1.05,8.928571428571429,1.692857142857143,1.9147270568711527,1389.5,37829.5,0.0013895,0.00378295,0.00517245,0.009903829965313195,99.97103883067084,1428.0,34930.5,0.001428,0.00349305,0.00492105,0.009422467583215785,105.12931179315461,1357.0,35696.5,0.001357,0.00356965,0.00492665,0.009433190054734265,105.00867725527557,1302.5,28645.5,0.0013025,0.00286455,0.00416705,0.007978763382334938,124.33270534303725
SA001,37764,2723063000,35803045,54000,13,20,16.0,,0,0,20119006912.0,1,20-STS-93,IQT903,37764,SA005,,B,480,520,P0,0.8,SS00201,STS,2.0,2.1,0.7,1000000,1993-01-01,1993-01-01,1993-01-01,11934.0,32.6735112936345,0.919528104378295,1.6534702258726899,1.0,1.0,1.05,9.523809523809524,1.7523809523809524,1.9582910970661536,1389.5,37829.5,0.0013895,0.00378295,0.00517245,0.010129162785019826,97.72484243998086,1428.0,34930.5,0.001428,0.00349305,0.00492105,0.009636848403217395,102.76836473489986,1357.0,35696.5,0.001357,0.00356965,0.00492665,0.009647814833360966,102.6504138265716,1302.5,28645.5,0.0013025,0.00286455,0.00416705,0.008160296916029515,121.54456060730709
SA001,37984,2723063000,35803045,54000,4,100,153.67,,0,0,20119006912.0,1,100-DTC-93,IQT903,37984,SA005,,B,480,520,P0,1.0,SS00201,DTC,1.0,6.0,1.0,1000000,1993-01-01,1993-01-01,1993-01-01,11934.0,32.6735112936345,1.0,1.6534702258726899,1.0,1.0,1.05,8.333333333333334,2.466666666666667,4.2824878850102674,1389.5,37829.5,0.0013895,0.00378295,0.00517245,0.02215095446082136,44.14478153836265,1428.0,34930.5,0.001428,0.00349305,0.00492105,0.021074337006529775,46.451077568426236,1357.0,35696.5,0.001357,0.00356965,0.00492665,0.021098318938685835,46.39714111375964,1302.5,28645.5,0.0013025,0.00286455,0.00416705,0.017845341141232037,55.037034657156475
SA001,106348,2723063000,35803045,54000,13,25,12.21,,0,0,20119006912.0,1,25-STS-96,IQT903,106348,SA005,,B,480,520,P0,0.8,SS00201,STS,2.0,2.8,0.7,1000000,1996-01-01,1996-01-01,1996-01-01,10839.0,29.675564681724847,0.9306852819440055,1.593511293634497,1.0,1.0,1.05,8.928571428571429,1.692857142857143,1.8452943038277898,1389.5,37829.5,0.0013895,0.00378295,0.00517245,0.009544692521834052,103.77026868203878,1428.0,34930.5,0.001428,0.00349305,0.00492105,0.009080785533851745,109.12263160187594,1357.0,35696.5,0.001357,0.00356965,0.00492665,0.009091119181953182,108.99745795711316,1302.5,28645.5,0.0013025,0.00286455,0.00416705,0.007689433628765592,129.04858982839454
SA001,3695,2723063000,35803045,54000,13,25,34.6,,0,0,20119006912.0,1,25-STS-90,IQT903,3695,SA005,,B,480,520,P0,0.8,SS00201,STS,2.0,2.8,0.7,1000000,1990-01-01,1990-01-01,1990-01-01,13030.0,35.67419575633128,0.9306852819440055,1.7134839151266257,1.0,1.0,1.05,8.928571428571429,1.692857142857143,1.9842232188214046,1389.5,37829.5,0.0013895,0.00378295,0.00517245,0.010263295388192775,96.43459212432218,1428.0,34930.5,0.001428,0.00349305,0.00492105,0.009764461670981073,101.41219984219838,1357.0,35696.5,0.001357,0.00356965,0.00492665,0.009775573321006474,101.29579045263014,1302.5,28645.5,0.0013025,0.00286455,0.00416705,0.008268357363989735,119.94300669141246
SA001,37988,2723063000,35803045,54000,4,100,151.84,,0,0,20119006912.0,1,100-DTC-90,IQT903,37988,SA005,,B,480,520,P0,1.0,SS00201,DTC,1.0,6.0,1.0,1000000,1990-01-01,1990-01-01,1990-01-01,13030.0,35.67419575633128,1.0,1.7134839151266257,1.0,1.0,1.05,8.333333333333334,2.466666666666667,4.437923340177961,1389.5,37829.5,0.0013895,0.00378295,0.00517245,0.022954936580903494,42.56361414790023,1428.0,34930.5,0.001428,0.00349305,0.00492105,0.021839242653182753,44.789133619716644,1357.0,35696.5,0.001357,0.00356965,0.00492665,0.021864095023887753,44.737086255225464,1302.5,28645.5,0.0013025,0.00286455,0.00416705,0.018493048454688573,53.0743729975178
SA001,177131,2723063100,35803045,54000,10,40,23.0,,0,0,20119006912.0,1,40-PFP-93,IQT903,177131,SA005,,B,470,520,P0,0.8,SS00201,PFP,1.6,3.25,0.6,1000000,1993-01-01,1993-01-01,1993-01-01,11934.0,32.6735112936345,0.9541854634062923,1.6534702258726899,1.0,1.0,1.05,9.846153846153847,2.0307692307692307,2.018507181814279,1389.5,37829.5,0.0013895,0.00378295,0.00517245,0.010440627472575266,94.77968399186086,1428.0,34930.5,0.001428,0.00349305,0.00492105,0.009933174767067156,99.67274798339801,1357.0,35696.5,0.001357,0.00356965,0.00492665,0.009944478407285318,99.55831578531064,1302.5,28645.5,0.0013025,0.00286455,0.00416705,0.008411220351979191,117.88881258053075
SA001,412753,2723063000,35803045,54000,13,32,18.0,,0,0,20119006912.0,1,32-STS-07,IQT903,412753,SA005,,B,480,520,P0,0.8,SS00201,STS,2.0,2.8,0.7,1000000,2007-08-01,2007-08-01,2007-08-01,6609.0,18.094455852156056,0.9430282858405817,1.361889117043121,1.0,1.0,1.05,11.428571428571429,1.942857142857143,1.8339803422375685,1389.5,37829.5,0.0013895,0.00378295,0.00517245,0.009486171621206711,104.41660428791532,1428.0,34930.5,0.001428,0.00349305,0.00492105,0.009025108963168186,109.80198633401969,1357.0,35696.5,0.001357,0.00356965,0.00492665,0.009035379253084718,109.6760404837014,1302.5,28645.5,0.0013025,0.00286455,0.00416705,0.00764228778512106,129.8508692837925
SA001,439842,2723063000,35803045,54000,18,150,302.56,,0,0,20149015602.0,1,150-DTEP-14,IQT903,439842,SA005,,B,480,520,P0,1.1,SS00201,DTEP,1.6,6.0,1.0,1000000,2014-11-14,2014-11-14,2014-11-14,3947.0,10.806297056810404,1.0202732554054081,1.216125941136208,1.0,1.0,1.05,20.0,3.3000000000000003,4.299305378257906,1389.5,37829.5,0.0013895,0.00378295,0.00517245,0.022237942103770107,43.968189742272294,1428.0,34930.5,0.001428,0.00349305,0.00492105,0.021157096731676067,46.26546428758422,1357.0,35696.5,0.001357,0.00356965,0.00492665,0.021181172841794316,46.21173881489781,1302.5,28645.5,0.0013025,0.00286455,0.00416705,0.017915420476469608,54.81783588687832
SA001,439856,2723063100,35803045,54000,18,150,223.41,,0,0,20149015603.0,1,150-DTEP-14,IQT903,439856,SA005,,B,470,520,P0,1.1,SS00201,DTEP,1.6,6.0,1.0,1000000,2014-11-14,2014-11-14,2014-11-14,3947.0,10.806297056810404,1.0202732554054081,1.216125941136208,1.0,1.0,1.05,20.0,3.3000000000000003,4.299305378257906,1389.5,37829.5,0.0013895,0.00378295,0.00517245,0.022237942103770107,43.968189742272294,1428.0,34930.5,0.001428,0.00349305,0.00492105,0.021157096731676067,46.26546428758422,1357.0,35696.5,0.001357,0.00356965,0.00492665,0.021181172841794316,46.21173881489781,1302.5,28645.5,0.0013025,0.00286455,0.00416705,0.017915420476469608,54.81783588687832
SA001,37985,2723063000,35803045,54000,4,80,90.52,,0,0,20119006912.0,1,80-DTC-93,IQT903,37985,SA005,,B,480,520,P0,1.0,SS00201,DTC,1.0,6.0,1.0,1000000,1993-01-01,1993-01-01,1993-01-01,11934.0,32.6735112936345,0.9888428224342896,1.6534702258726899,1.0,1.0,1.05,6.666666666666667,2.1333333333333337,3.6624496495171504,1389.5,37829.5,0.0013895,0.00378295,0.00517245,0.018943837689644985,51.78761444132392,1428.0,34930.5,0.001428,0.00349305,0.00492105,0.01802309784775637,54.484357264613436,1357.0,35696.5,0.001357,0.00356965,0.00492665,0.01804360756579367,54.42128958156677,1302.5,28645.5,0.0013025,0.00286455,0.00416705,0.015261610812020442,64.52388291885768
SA001,106546,2723063000,35803045,54000,4,100,274.46,,0,0,20119006912.0,1,100-DTC-00,IQT903,106546,SA005,,B,480,520,P0,1.0,SS00201,DTC,1.0,6.0,1.0,1000000,2000-01-01,2000-01-01,2000-01-01,9378.0,25.675564681724847,1.0,1.513511293634497,1.0,1.0,1.05,8.333333333333334,2.466666666666667,3.9199942505133474,1389.5,37829.5,0.0013895,0.00378295,0.00517245,0.020275974261067763,48.31945499260752,1428.0,34930.5,0.001428,0.00349305,0.00492105,0.019290487706488706,50.839021139088764,1357.0,35696.5,0.001357,0.00356965,0.00492665,0.019312439674291585,50.78009701856489,1302.5,28645.5,0.0013025,0.00286455,0.00416705,0.016334812041601646,60.218947451197536
SA001,211250,2723063000,35803045,54000,13,25,18.1,,0,0,20119006912.0,1,25-STS-92,IQT903,211250,SA005,,B,480,520,P0,0.8,SS00201,STS,2.0,2.8,0.7,1000000,1992-01-01,1992-01-01,1992-01-01,12300.0,33.67556468172484,0.9306852819440055,1.673511293634497,1.0,1.0,1.05,8.928571428571429,1.692857142857143,1.9379347167924958,1389.5,37829.5,0.0013895,0.00378295,0.00517245,0.010023870425873346,98.76186418160661,1428.0,34930.5,0.001428,0.00349305,0.00492105,0.00953667363807171,103.85836445192615,1357.0,35696.5,0.001357,0.00356965,0.00492665,0.00954752607248575,103.7391745681449,1302.5,28645.5,0.0013025,0.00286455,0.00416705,0.00807547086161017,122.8317885281317
SA001,106551,2723063000,35803045,54000,4,80,162.3,,0,0,20119006912.0,1,80-DTC-86,IQT903,106551,SA005,,B,480,520,P0,1.0,SS00201,DTC,1.0,6.0,1.0,1000000,1986-01-01,1986-01-01,1986-01-01,14491.0,39.67419575633128,0.9888428224342896,1.7934839151266257,1.0,1.0,1.05,6.666666666666667,2.1333333333333337,3.972581080438461,1389.5,37829.5,0.0013895,0.00378295,0.00517245,0.02054797700951392,47.66659134069451,1428.0,34930.5,0.001428,0.00349305,0.00492105,0.019549270125891687,50.15280486485107,1357.0,35696.5,0.001357,0.00356965,0.00492665,0.019571516579942147,50.09466074922621,1302.5,28645.5,0.0013025,0.00286455,0.00416705,0.01655394399124109,59.40856490327097
SA001,3902,2723063000,35803045,54000,13,25,19.96,,0,0,20119006912.0,1,25-STS-91,IQT903,3902,SA005,,B,480,520,P0,0.8,SS00201,STS,2.0,2.8,0.7,1000000,1991-01-01,1991-01-01,1991-01-01,12665.0,34.67488021902806,0.9306852819440055,1.6934976043805614,1.0,1.0,1.05,8.928571428571429,1.692857142857143,1.9610789678069505,1389.5,37829.5,0.0013895,0.00378295,0.00517245,0.010143582907033061,97.58449515965894,1428.0,34930.5,0.001428,0.00349305,0.00492105,0.009650567654526394,102.62084758101987,1357.0,35696.5,0.001357,0.00356965,0.00492665,0.009661549696746112,102.50306435175584,1302.5,28645.5,0.0013025,0.00286455,0.00416705,0.008171914112799954,121.37035120494782
SA001,177326,2723063000,35803045,54000,4,80,61.98,,0,0,20119006912.0,1,80-DTC-93,IQT903,177326,SA005,,B,480,520,P0,1.0,SS00201,DTC,1.0,6.0,1.0,1000000,1993-01-01,1993-01-01,1993-01-01,11934.0,32.6735112936345,0.9888428224342896,1.6534702258726899,1.0,1.0,1.05,6.666666666666667,2.1333333333333337,3.6624496495171504,1389.5,37829.5,0.0013895,0.00378295,0.00517245,0.018943837689644985,51.78761444132392,1428.0,34930.5,0.001428,0.00349305,0.00492105,0.01802309784775637,54.484357264613436,1357.0,35696.5,0.001357,0.00356965,0.00492665,0.01804360756579367,54.42128958156677,1302.5,28645.5,0.0013025,0.00286455,0.00416705,0.015261610812020442,64.52388291885768
SA001,72346,2723063000,35803045,54000,13,25,13.86,,0,0,20119006912.0,1,25-STS-98,IQT903,72346,SA005,,B,480,520,P0,0.8,SS00201,STS,2.0,2.8,0.7,1000000,1998-01-01,1998-01-01,1998-01-01,10108.0,27.67419575633128,0.9306852819440055,1.5534839151266255,1.0,1.0,1.05,8.928571428571429,1.692857142857143,1.798942392891992,1389.5,37829.5,0.0013895,0.00378295,0.00517245,0.009304939580114186,106.46980046352203,1428.0,34930.5,0.001428,0.00349305,0.00492105,0.008852685462541136,111.96007344114462,1357.0,35696.5,0.001357,0.00356965,0.00492665,0.008862759539941333,111.8316745471151,1302.5,28645.5,0.0013025,0.00286455,0.00416705,0.007496282898300576,132.3994479086031
SA001,211435,2723063000,35803045,54000,13,25,50.8,,0,0,20119006912.0,1,25-STS-90,IQT903,211435,SA005,,B,480,520,P0,0.8,SS00201,STS,2.0,2.8,0.7,1000000,1990-01-01,1990-01-01,1990-01-01,13030.0,35.67419575633128,0.9306852819440055,1.7134839151266257,1.0,1.0,1.05,8.928571428571429,1.692857142857143,1.9842232188214046,1389.5,37829.5,0.0013895,0.00378295,0.00517245,0.010263295388192775,96.43459212432218,1428.0,34930.5,0.001428,0.00349305,0.00492105,0.009764461670981073,101.41219984219838,1357.0,35696.5,0.001357,0.00356965,0.00492665,0.009775573321006474,101.29579045263014,1302.5,28645.5,0.0013025,0.00286455,0.00416705,0.008268357363989735,119.94300669141246
SA001,60219,2723063000,35803045,54000,4,80,74.46,,0,0,20119006912.0,1,80-DTC-89,IQT903,60219,SA005,,B,480,520,P0,1.0,SS00201,DTC,1.0,6.0,1.0,1000000,1989-01-01,1989-01-01,1989-01-01,13395.0,36.6735112936345,0.9888428224342896,1.73347022587269,1.0,1.0,1.05,6.666666666666667,2.1333333333333337,3.8396502832973747,1389.5,37829.5,0.0013895,0.00378295,0.00517245,0.019860399107841507,49.351455404799424,1428.0,34930.5,0.001428,0.00349305,0.00492105,0.018895111026620545,51.92374300374002,1357.0,35696.5,0.001357,0.00356965,0.00492665,0.018916613068207012,51.86358590696616,1302.5,28645.5,0.0013025,0.00286455,0.00416705,0.016000014713014325,61.49994252734064
SA001,72347,2723063000,35803045,54000,13,25,17.68,,0,0,20119006912.0,1,25-STS-93,IQT903,72347,SA005,,B,480,520,P0,0.8,SS00201,STS,2.0,2.8,0.7,1000000,1993-01-01,1993-01-01,1993-01-01,11934.0,32.6735112936345,0.9306852819440055,1.6534702258726899,1.0,1.0,1.05,8.928571428571429,1.692857142857143,1.9147270568711527,1389.5,37829.5,0.0013895,0.00378295,0.00517245,0.009903829965313195,99.97103883067084,1428.0,34930.5,0.001428,0.00349305,0.00492105,0.009422467583215785,105.12931179315461,1357.0,35696.5,0.001357,0.00356965,0.00492665,0.009433190054734265,105.00867725527557,1302.5,28645.5,0.0013025,0.00286455,0.00416705,0.007978763382334938,124.33270534303725
SA001,245223,2723063000,35803045,54000,13,25,16.52,,0,0,20119006912.0,1,25-STS-05,IQT903,245223,SA005,,B,480,520,P0,0.8,SS00201,STS,2.0,2.8,0.7,1000000,2005-01-01,2005-01-01,2005-01-01,7551.0,20.673511293634498,0.9306852819440055,1.41347022587269,1.0,1.0,1.05,8.928571428571429,1.692857142857143,1.6368058179770337,1389.5,37829.5,0.0013895,0.00378295,0.00517245,0.008466296253195308,117.11540372480881,1428.0,34930.5,0.001428,0.00349305,0.00492105,0.00805480327055588,123.14952499901189,1357.0,35696.5,0.001357,0.00356965,0.00492665,0.008063969383136554,123.00840733488015,1302.5,28645.5,0.0013025,0.00286455,0.00416705,0.0068206516838011984,145.61355635194857
SA001,106346,2723063000,35803045,54000,4,200,24.59,,0,0,20119006912.0,1,200-DTC-89,IQT903,106346,SA005,,B,480,520,P0,1.3,SS00201,DTC,1.0,6.3,1.0,1000000,1989-01-01,1989-01-01,1989-01-01,13395.0,36.6735112936345,1.0346573590279973,1.73347022587269,1.0,1.0,1.05,15.873015873015873,3.9746031746031747,7.485072509235299,1389.5,37829.5,0.0013895,0.00378295,0.00517245,0.038716163300394124,24.82900563367084,1428.0,34930.5,0.001428,0.00349305,0.00492105,0.03683441607157237,26.14852321961385,1357.0,35696.5,0.001357,0.00356965,0.00492665,0.03687633247762409,26.117664171370144,1302.5,28645.5,0.0013025,0.00286455,0.00416705,0.031190671399608953,31.06086804571117
SA001,3697,2723063000,35803045,54000,13,25,22.64,,0,0,20119006912.0,1,25-STS-91,IQT903,3697,SA005,,B,480,520,P0,0.8,SS00201,STS,2.0,2.8,0.7,1000000,1991-01-01,1991-01-01,1991-01-01,12665.0,34.67488021902806,0.9306852819440055,1.6934976043805614,1.0,1.0,1.05,8.928571428571429,1.692857142857143,1.9610789678069505,1389.5,37829.5,0.0013895,0.00378295,0.00517245,0.010143582907033061,97.58449515965894,1428.0,34930.5,0.001428,0.00349305,0.00492105,0.009650567654526394,102.62084758101987,1357.0,35696.5,0.001357,0.00356965,0.00492665,0.009661549696746112,102.50306435175584,1302.5,28645.5,0.0013025,0.00286455,0.00416705,0.008171914112799954,121.37035120494782
SA001,245424,2723063000,35803045,54000,4,80,113.42,,0,0,20119006912.0,1,80-DTC-93,IQT903,245424,SA005,,B,480,520,P0,1.0,SS00201,DTC,1.0,6.0,1.0,1000000,1993-01-01,1993-01-01,1993-01-01,11934.0,32.6735112936345,0.9888428224342896,1.6534702258726899,1.0,1.0,1.05,6.666666666666667,2.1333333333333337,3.6624496495171504,1389.5,37829.5,0.0013895,0.00378295,0.00517245,0.018943837689644985,51.78761444132392,1428.0,34930.5,0.001428,0.00349305,0.00492105,0.01802309784775637,54.484357264613436,1357.0,35696.5,0.001357,0.00356965,0.00492665,0.01804360756579367,54.42128958156677,1302.5,28645.5,0.0013025,0.00286455,0.00416705,0.015261610812020442,64.52388291885768
SA001,3696,2723063000,35803045,54000,4,100,16.11,,0,0,20119006912.0,1,100-DTC-93,IQT903,3696,SA005,,B,480,520,P0,1.0,SS00201,DTC,1.0,6.0,1.0,1000000,1993-01-01,1993-01-01,1993-01-01,11934.0,32.6735112936345,1.0,1.6534702258726899,1.0,1.0,1.05,8.333333333333334,2.466666666666667,4.2824878850102674,1389.5,37829.5,0.0013895,0.00378295,0.00517245,0.02215095446082136,44.14478153836265,1428.0,34930.5,0.001428,0.00349305,0.00492105,0.021074337006529775,46.451077568426236,1357.0,35696.5,0.001357,0.00356965,0.00492665,0.021098318938685835,46.39714111375964,1302.5,28645.5,0.0013025,0.00286455,0.00416705,0.017845341141232037,55.037034657156475
SA001,211436,2723063000,35803045,54000,10,80,72.43,,0,0,20119006912.0,1,80-PFP-95,IQT903,211436,SA005,,B,480,520,P0,1.0,SS00201,PFP,1.6,4.5,0.6,1000000,1995-01-01,1995-01-01,1995-01-01,11204.0,30.67488021902806,0.9888428224342896,1.6134976043805613,1.0,1.0,1.05,14.222222222222221,2.5777777777777775,2.591084732773181,1389.5,37829.5,0.0013895,0.00378295,0.00517245,0.013402256226032642,73.61430248271128,1428.0,34930.5,0.001428,0.00349305,0.00492105,0.012750857524213463,77.4260978605582,1357.0,35696.5,0.001357,0.00356965,0.00492665,0.012765367598716994,77.33695287400158,1302.5,28645.5,0.0013025,0.00286455,0.00416705,0.010797179635702486,91.6167789867412
SA001,142920,2723063000,35803045,54000,4,80,22.49,,0,0,20119006912.0,1,80-DTC-93,IQT903,142920,SA005,,B,480,520,P0,1.0,SS00201,DTC,1.0,6.0,1.0,1000000,1993-01-01,1993-01-01,1993-01-01,11934.0,32.6735112936345,0.9888428224342896,1.6534702258726899,1.0,1.0,1.05,6.666666666666667,2.1333333333333337,3.6624496495171504,1389.5,37829.5,0.0013895,0.00378295,0.00517245,0.018943837689644985,51.78761444132392,1428.0,34930.5,0.001428,0.00349305,0.00492105,0.01802309784775637,54.484357264613436,1357.0,35696.5,0.001357,0.00356965,0.00492665,0.01804360756579367,54.42128958156677,1302.5,28645.5,0.0013025,0.00286455,0.00416705,0.015261610812020442,64.52388291885768
SA001,255636,2723063000,35803045,54000,4,80,166.26,,0,0,20119006912.0,1,80-DTC-86,IQT903,255636,SA005,,B,480,520,P0,1.0,SS00201,DTC,1.0,6.0,1.0,1000000,1986-01-01,1986-01-01,1986-01-01,14491.0,39.67419575633128,0.9888428224342896,1.7934839151266257,1.0,1.0,1.05,6.666666666666667,2.1333333333333337,3.972581080438461,1389.5,37829.5,0.0013895,0.00378295,0.00517245,0.02054797700951392,47.66659134069451,1428.0,34930.5,0.001428,0.00349305,0.00492105,0.019549270125891687,50.15280486485107,1357.0,35696.5,0.001357,0.00356965,0.00492665,0.019571516579942147,50.09466074922621,1302.5,28645.5,0.0013025,0.00286455,0.00416705,0.01655394399124109,59.40856490327097
SA001,245224,2723063000,35803045,54000,13,25,33.07,,0,0,20119006912.0,1,25-STS-89,IQT903,245224,SA005,,B,480,520,P0,0.8,SS00201,STS,2.0,2.8,0.7,1000000,1989-01-01,1989-01-01,1989-01-01,13395.0,36.6735112936345,0.9306852819440055,1.73347022587269,1.0,1.0,1.05,8.928571428571429,1.692857142857143,2.007367469835859,1389.5,37829.5,0.0013895,0.00378295,0.00517245,0.010383007869352489,95.31120505568514,1428.0,34930.5,0.001428,0.00349305,0.00492105,0.009878355687435754,100.23142268220778,1357.0,35696.5,0.001357,0.00356965,0.00492665,0.009889596945266836,100.11635545254454,1302.5,28645.5,0.0013025,0.00286455,0.00416705,0.008364800615179517,118.5485757526976
SA001,37758,2723063000,35803045,54000,13,40,32.0,,0,0,20119006912.0,1,40-STS-06,IQT903,37758,SA005,,B,480,520,P0,0.8,SS00201,STS,2.0,2.8,0.7,1000000,2006-01-07,2006-01-07,2006-01-07,7180.0,19.65776865160849,0.9541854634062923,1.3931553730321697,1.0,1.0,1.05,14.285714285714286,2.2285714285714286,2.1774402553399863,1389.5,37829.5,0.0013895,0.00378295,0.00517245,0.011262700848733313,87.78864967033795,1428.0,34930.5,0.001428,0.00349305,0.00492105,0.01071529236854084,92.32456508008241,1357.0,35696.5,0.001357,0.00356965,0.00492665,0.010727486033970744,92.21848537796261,1302.5,28645.5,0.0013025,0.00286455,0.00416705,0.009073502416014491,109.2110248226778
SA001,106549,2723063000,35803045,54000,4,80,193.93,,0,0,20119006912.0,1,80-DTC-89,IQT903,106549,SA005,,B,480,520,P0,1.0,SS00201,DTC,1.0,6.0,1.0,1000000,1989-01-01,1989-01-01,1989-01-01,13395.0,36.6735112936345,0.9888428224342896,1.73347022587269,1.0,1.0,1.05,6.666666666666667,2.1333333333333337,3.8396502832973747,1389.5,37829.5,0.0013895,0.00378295,0.00517245,0.019860399107841507,49.351455404799424,1428.0,34930.5,0.001428,0.00349305,0.00492105,0.018895111026620545,51.92374300374002,1357.0,35696.5,0.001357,0.00356965,0.00492665,0.018916613068207012,51.86358590696616,1302.5,28645.5,0.0013025,0.00286455,0.00416705,0.016000014713014325,61.49994252734064
SA001,106487,2723063000,35803045,54000,13,25,20.04,,0,0,20119006912.0,1,25-STS-91,IQT903,106487,SA005,,B,480,520,P0,0.8,SS00201,STS,2.0,2.8,0.7,1000000,1991-01-01,1991-01-01,1991-01-01,12665.0,34.67488021902806,0.9306852819440055,1.6934976043805614,1.0,1.0,1.05,8.928571428571429,1.692857142857143,1.9610789678069505,1389.5,37829.5,0.0013895,0.00378295,0.00517245,0.010143582907033061,97.58449515965894,1428.0,34930.5,0.001428,0.00349305,0.00492105,0.009650567654526394,102.62084758101987,1357.0,35696.5,0.001357,0.00356965,0.00492665,0.009661549696746112,102.50306435175584,1302.5,28645.5,0.0013025,0.00286455,0.00416705,0.008171914112799954,121.37035120494782
SA001,164021,2723063000,35803045,54000,4,100,151.3,,0,0,20119006912.0,1,100-DTC-92,IQT903,164021,SA005,,B,480,520,P0,1.0,SS00201,DTC,1.0,6.0,1.0,1000000,1992-01-01,1992-01-01,1992-01-01,12300.0,33.67556468172484,1.0,1.673511293634497,1.0,1.0,1.05,8.333333333333334,2.466666666666667,4.3343942505133475,1389.5,37829.5,0.0013895,0.00378295,0.00517245,0.022419437541067764,43.60415200730202,1428.0,34930.5,0.001428,0.00349305,0.00492105,0.02132977082648871,45.88282908122643,1357.0,35696.5,0.001357,0.00356965,0.00492665,0.021354043434291585,45.82953854042185,1302.5,28645.5,0.0013025,0.00286455,0.00416705,0.018061637561601646,54.36596538322539
SA001,142923,2723063000,35803045,54000,13,25,17.8,,0,0,20119006912.0,1,25-STS-91,IQT903,142923,SA005,,B,480,520,P0,0.8,SS00201,STS,2.0,2.8,0.7,1000000,1991-01-01,1991-01-01,1991-01-01,12665.0,34.67488021902806,0.9306852819440055,1.6934976043805614,1.0,1.0,1.05,8.928571428571429,1.692857142857143,1.9610789678069505,1389.5,37829.5,0.0013895,0.00378295,0.00517245,0.010143582907033061,97.58449515965894,1428.0,34930.5,0.001428,0.00349305,0.00492105,0.009650567654526394,102.62084758101987,1357.0,35696.5,0.001357,0.00356965,0.00492665,0.009661549696746112,102.50306435175584,1302.5,28645.5,0.0013025,0.00286455,0.00416705,0.008171914112799954,121.37035120494782
SA001,245430,2723063000,35803045,54000,13,25,14.42,,0,0,20119006912.0,1,25-STS-91,IQT903,245430,SA005,,B,480,520,P0,0.8,SS00201,STS,2.0,2.8,0.7,1000000,1991-01-01,1991-01-01,1991-01-01,12665.0,34.67488021902806,0.9306852819440055,1.6934976043805614,1.0,1.0,1.05,8.928571428571429,1.692857142857143,1.9610789678069505,1389.5,37829.5,0.0013895,0.00378295,0.00517245,0.010143582907033061,97.58449515965894,1428.0,34930.5,0.001428,0.00349305,0.00492105,0.009650567654526394,102.62084758101987,1357.0,35696.5,0.001357,0.00356965,0.00492665,0.009661549696746112,102.50306435175584,1302.5,28645.5,0.0013025,0.00286455,0.00416705,0.008171914112799954,121.37035120494782
SA001,106350,2723063000,35803045,54000,13,25,24.64,,0,0,20119006912.0,1,25-STS-92,IQT903,106350,SA005,,B,480,520,P0,0.8,SS00201,STS,2.0,2.8,0.7,1000000,1992-01-01,1992-01-01,1992-01-01,12300.0,33.67556468172484,0.9306852819440055,1.673511293634497,1.0,1.0,1.05,8.928571428571429,1.692857142857143,1.9379347167924958,1389.5,37829.5,0.0013895,0.00378295,0.00517245,0.010023870425873346,98.76186418160661,1428.0,34930.5,0.001428,0.00349305,0.00492105,0.00953667363807171,103.85836445192615,1357.0,35696.5,0.001357,0.00356965,0.00492665,0.00954752607248575,103.7391745681449,1302.5,28645.5,0.0013025,0.00286455,0.00416705,0.00807547086161017,122.8317885281317
SA001,142919,2723063000,35803045,54000,13,25,21.24,,0,0,20119006912.0,1,25-STS-89,IQT903,142919,SA005,,B,480,520,P0,0.8,SS00201,STS,2.0,2.8,0.7,1000000,1989-01-01,1989-01-01,1989-01-01,13395.0,36.6735112936345,0.9306852819440055,1.73347022587269,1.0,1.0,1.05,8.928571428571429,1.692857142857143,2.007367469835859,1389.5,37829.5,0.0013895,0.00378295,0.00517245,0.010383007869352489,95.31120505568514,1428.0,34930.5,0.001428,0.00349305,0.00492105,0.009878355687435754,100.23142268220778,1357.0,35696.5,0.001357,0.00356965,0.00492665,0.009889596945266836,100.11635545254454,1302.5,28645.5,0.0013025,0.00286455,0.00416705,0.008364800615179517,118.5485757526976
SA001,72430,2723063000,35803045,54000,10,40,46.98,,0,0,20119006912.0,1,40-PFP-97,IQT903,72430,SA005,,B,480,520,P0,0.8,SS00201,PFP,1.6,3.25,0.6,1000000,1997-01-01,1997-01-01,1997-01-01,10473.0,28.673511293634498,0.9541854634062923,1.5734702258726898,1.0,1.0,1.05,9.846153846153847,2.0307692307692307,1.9208455656458268,1389.5,37829.5,0.0013895,0.00378295,0.00517245,0.009935477646024758,99.64941370987894,1428.0,34930.5,0.001428,0.00349305,0.00492105,0.009452577070821396,104.79125591970482,1357.0,35696.5,0.001357,0.00356965,0.00492665,0.009463333805989012,104.6710056414934,1302.5,28645.5,0.0013025,0.00286455,0.00416705,0.008004259514324442,123.93348050627263
SA001,37757,2723063000,35803045,54000,13,25,15.56,,0,0,20119006912.0,1,25-STS-91,IQT903,37757,SA005,,B,480,520,P0,0.8,SS00201,STS,2.0,2.8,0.7,1000000,1991-01-01,1991-01-01,1991-01-01,12665.0,34.67488021902806,0.9306852819440055,1.6934976043805614,1.0,1.0,1.05,8.928571428571429,1.692857142857143,1.9610789678069505,1389.5,37829.5,0.0013895,0.00378295,0.00517245,0.010143582907033061,97.58449515965894,1428.0,34930.5,0.001428,0.00349305,0.00492105,0.009650567654526394,102.62084758101987,1357.0,35696.5,0.001357,0.00356965,0.00492665,0.009661549696746112,102.50306435175584,1302.5,28645.5,0.0013025,0.00286455,0.00416705,0.008171914112799954,121.37035120494782
SA001,211251,2723063000,35803045,54000,13,20,24.9,,0,0,20119006912.0,1,20-STS-89,IQT903,211251,SA005,,B,480,520,P0,0.8,SS00201,STS,2.0,2.1,0.7,1000000,1989-01-01,1989-01-01,1989-01-01,13395.0,36.6735112936345,0.919528104378295,1.73347022587269,1.0,1.0,1.05,9.523809523809524,1.7523809523809524,2.053039272941293,1389.5,37829.5,0.0013895,0.00378295,0.00517245,0.010619242987325193,93.16867108075121,1428.0,34930.5,0.001428,0.00349305,0.00492105,0.01010310891410775,97.97943380612504,1357.0,35696.5,0.001357,0.00356965,0.00492665,0.010114605934036222,97.86692635596839,1302.5,28645.5,0.0013025,0.00286455,0.00416705,0.008555117302310017,115.88910445798145
SA001,325181,2723063000,35803045,54000,4,80,4.98,,0,0,20119006912.0,1,80-DTC-06,IQT903,325181,SA005,,B,480,520,P0,1.0,SS00201,DTC,1.0,6.0,1.0,1000000,2006-08-28,2006-08-28,2006-08-28,6947.0,19.019849418206707,0.9888428224342896,1.3803969883641343,1.0,1.0,1.05,6.666666666666667,2.1333333333333337,3.0575902650804765,1389.5,37829.5,0.0013895,0.00378295,0.00517245,0.015815232766615513,62.230179078420335,1428.0,34930.5,0.001428,0.00349305,0.00492105,0.015046554573974278,65.46039763346752,1357.0,35696.5,0.001357,0.00356965,0.00492665,0.01506367707945873,65.38485375948673,1302.5,28645.5,0.0013025,0.00286455,0.00416705,0.012741131514103601,77.48596483703706
SA001,245305,2723063000,35803045,54000,4,80,129.14,,0,0,20119006912.0,1,80-DTC-93,IQT903,245305,SA005,,B,490,520,P0,1.0,SS00201,DTC,1.0,6.0,1.0,1000000,1993-01-01,1993-01-01,1993-01-01,11934.0,32.6735112936345,0.9888428224342896,1.6534702258726899,1.0,1.0,1.05,6.666666666666667,2.1333333333333337,3.6624496495171504,1389.5,37829.5,0.0013895,0.00378295,0.00517245,0.018943837689644985,51.78761444132392,1428.0,34930.5,0.001428,0.00349305,0.00492105,0.01802309784775637,54.484357264613436,1357.0,35696.5,0.001357,0.00356965,0.00492665,0.01804360756579367,54.42128958156677,1302.5,28645.5,0.0013025,0.00286455,0.00416705,0.015261610812020442,64.52388291885768
SA001,245337,2723063000,35803045,54000,13,25,15.1,,0,0,20119006912.0,1,25-STS-92,IQT903,245337,SA005,,B,490,520,P0,0.8,SS00201,STS,2.0,2.8,0.7,1000000,1992-01-01,1992-01-01,1992-01-01,12300.0,33.67556468172484,0.9306852819440055,1.673511293634497,1.0,1.0,1.05,8.928571428571429,1.692857142857143,1.9379347167924958,1389.5,37829.5,0.0013895,0.00378295,0.00517245,0.010023870425873346,98.76186418160661,1428.0,34930.5,0.001428,0.00349305,0.00492105,0.00953667363807171,103.85836445192615,1357.0,35696.5,0.001357,0.00356965,0.00492665,0.00954752607248575,103.7391745681449,1302.5,28645.5,0.0013025,0.00286455,0.00416705,0.00807547086161017,122.8317885281317
SA001,143126,2723063000,35803045,54000,13,25,25.21,,0,0,20119006912.0,1,25-STS-91,IQT903,143126,SA005,,B,480,520,P0,0.8,SS00201,STS,2.0,2.8,0.7,1000000,1991-01-01,1991-01-01,1991-01-01,12665.0,34.67488021902806,0.9306852819440055,1.6934976043805614,1.0,1.0,1.05,8.928571428571429,1.692857142857143,1.9610789678069505,1389.5,37829.5,0.0013895,0.00378295,0.00517245,0.010143582907033061,97.58449515965894,1428.0,34930.5,0.001428,0.00349305,0.00492105,0.009650567654526394,102.62084758101987,1357.0,35696.5,0.001357,0.00356965,0.00492665,0.009661549696746112,102.50306435175584,1302.5,28645.5,0.0013025,0.00286455,0.00416705,0.008171914112799954,121.37035120494782
SA001,106550,2723063000,35803045,54000,4,100,156.03,,0,0,20119006912.0,1,100-DTC-93,IQT903,106550,SA005,,B,480,520,P0,1.0,SS00201,DTC,1.0,6.0,1.0,1000000,1993-01-01,1993-01-01,1993-01-01,11934.0,32.6735112936345,1.0,1.6534702258726899,1.0,1.0,1.05,8.333333333333334,2.466666666666667,4.2824878850102674,1389.5,37829.5,0.0013895,0.00378295,0.00517245,0.02215095446082136,44.14478153836265,1428.0,34930.5,0.001428,0.00349305,0.00492105,0.021074337006529775,46.451077568426236,1357.0,35696.5,0.001357,0.00356965,0.00492665,0.021098318938685835,46.39714111375964,1302.5,28645.5,0.0013025,0.00286455,0.00416705,0.017845341141232037,55.037034657156475
SA001,106349,2723063000,35803045,54000,13,25,14.82,,0,0,20119006912.0,1,25-STS-91,IQT903,106349,SA005,,B,480,520,P0,0.8,SS00201,STS,2.0,2.8,0.7,1000000,1991-01-01,1991-01-01,1991-01-01,12665.0,34.67488021902806,0.9306852819440055,1.6934976043805614,1.0,1.0,1.05,8.928571428571429,1.692857142857143,1.9610789678069505,1389.5,37829.5,0.0013895,0.00378295,0.00517245,0.010143582907033061,97.58449515965894,1428.0,34930.5,0.001428,0.00349305,0.00492105,0.009650567654526394,102.62084758101987,1357.0,35696.5,0.001357,0.00356965,0.00492665,0.009661549696746112,102.50306435175584,1302.5,28645.5,0.0013025,0.00286455,0.00416705,0.008171914112799954,121.37035120494782
SA001,255745,2723063000,35803045,54000,10,40,26.14,,0,0,20119006912.0,1,40-PFP-91,IQT903,255745,SA005,,B,480,520,P0,0.8,SS00201,PFP,1.6,3.25,0.6,1000000,1991-01-01,1991-01-01,1991-01-01,12665.0,34.67488021902806,0.9541854634062923,1.6934976043805614,1.0,1.0,1.05,9.846153846153847,2.0307692307692307,2.0673714127650924,1389.5,37829.5,0.0013895,0.00378295,0.00517245,0.010693375263956802,92.51584278264413,1428.0,34930.5,0.001428,0.00349305,0.00492105,0.010173638090787657,97.29325469180107,1357.0,35696.5,0.001357,0.00356965,0.00492665,0.010185215370699142,97.18152720430467,1302.5,28645.5,0.0013025,0.00286455,0.00416705,0.00861484004556278,115.07876579380799
SA001,72225,2723063000,35803045,54000,13,20,13.16,,0,0,20119006912.0,1,20-STS-91,IQT903,72225,SA005,,B,480,520,P0,0.8,SS00201,STS,2.0,2.1,0.7,1000000,1991-01-01,1991-01-01,1991-01-01,12665.0,34.67488021902806,0.919528104378295,1.6934976043805614,1.0,1.0,1.05,9.523809523809524,1.7523809523809524,2.005697610799711,1389.5,37829.5,0.0013895,0.00378295,0.00517245,0.010374370606980965,95.39138969327885,1428.0,34930.5,0.001428,0.00349305,0.00492105,0.009870138227625917,100.31570368498596,1357.0,35696.5,0.001357,0.00356965,0.00492665,0.009881370134246396,100.200540655212,1302.5,28645.5,0.0013025,0.00286455,0.00416705,0.008357842229082936,118.6481068427305
SA001,211326,2723063000,35803045,54000,10,50,43.62,,0,0,20119006912.0,1,50-PFP-93,IQT903,211326,SA005,,B,490,520,P0,0.8,SS00201,PFP,1.6,3.65,0.6,1000000,1993-01-01,1993-01-01,1993-01-01,11934.0,32.6735112936345,0.9653426409720027,1.6534702258726899,1.0,1.0,1.05,10.95890410958904,2.16986301369863,2.1819798503535917,1389.5,37829.5,0.0013895,0.00378295,0.00517245,0.011286181676961436,87.60392545703098,1428.0,34930.5,0.001428,0.00349305,0.00492105,0.010737631942582542,92.130403924004,1357.0,35696.5,0.001357,0.00356965,0.00492665,0.010749851029744522,92.02454492002069,1302.5,28645.5,0.0013025,0.00286455,0.00416705,0.009092419135415935,108.98173149595516
SA001,211434,2723063000,35803045,54000,4,80,153.29,,0,0,20119006912.0,1,80-DTC-89,IQT903,211434,SA005,,B,480,520,P0,1.0,SS00201,DTC,1.0,6.0,1.0,1000000,1989-01-01,1989-01-01,1989-01-01,13395.0,36.6735112936345,0.9888428224342896,1.73347022587269,1.0,1.0,1.05,6.666666666666667,2.1333333333333337,3.8396502832973747,1389.5,37829.5,0.0013895,0.00378295,0.00517245,0.019860399107841507,49.351455404799424,1428.0,34930.5,0.001428,0.00349305,0.00492105,0.018895111026620545,51.92374300374002,1357.0,35696.5,0.001357,0.00356965,0.00492665,0.018916613068207012,51.86358590696616,1302.5,28645.5,0.0013025,0.00286455,0.00416705,0.016000014713014325,61.49994252734064
SA001,3797,2723063000,35803045,54000,13,25,12.99,,0,0,20119006912.0,1,25-STS-93,IQT903,3797,SA005,,B,490,520,P0,0.8,SS00201,STS,2.0,2.8,0.7,1000000,1993-01-01,1993-01-01,1993-01-01,11934.0,32.6735112936345,0.9306852819440055,1.6534702258726899,1.0,1.0,1.05,8.928571428571429,1.692857142857143,1.9147270568711527,1389.5,37829.5,0.0013895,0.00378295,0.00517245,0.009903829965313195,99.97103883067084,1428.0,34930.5,0.001428,0.00349305,0.00492105,0.009422467583215785,105.12931179315461,1357.0,35696.5,0.001357,0.00356965,0.00492665,0.009433190054734265,105.00867725527557,1302.5,28645.5,0.0013025,0.00286455,0.00416705,0.007978763382334938,124.33270534303725
SA001,3694,2723063000,35803045,54000,13,20,13.57,,0,0,20119006912.0,1,20-STS-91,IQT903,3694,SA005,,B,480,520,P0,0.8,SS00201,STS,2.0,2.1,0.7,1000000,1991-01-01,1991-01-01,1991-01-01,12665.0,34.67488021902806,0.919528104378295,1.6934976043805614,1.0,1.0,1.05,9.523809523809524,1.7523809523809524,2.005697610799711,1389.5,37829.5,0.0013895,0.00378295,0.00517245,0.010374370606980965,95.39138969327885,1428.0,34930.5,0.001428,0.00349305,0.00492105,0.009870138227625917,100.31570368498596,1357.0,35696.5,0.001357,0.00356965,0.00492665,0.009881370134246396,100.200540655212,1302.5,28645.5,0.0013025,0.00286455,0.00416705,0.008357842229082936,118.6481068427305
SA001,37892,2723063000,35803045,54000,10,40,28.02,,0,0,20119006912.0,1,40-PFP-91,IQT903,37892,SA005,,B,490,520,P0,0.8,SS00201,PFP,1.6,3.25,0.6,1000000,1991-01-01,1991-01-01,1991-01-01,12665.0,34.67488021902806,0.9541854634062923,1.6934976043805614,1.0,1.0,1.05,9.846153846153847,2.0307692307692307,2.0673714127650924,1389.5,37829.5,0.0013895,0.00378295,0.00517245,0.010693375263956802,92.51584278264413,1428.0,34930.5,0.001428,0.00349305,0.00492105,0.010173638090787657,97.29325469180107,1357.0,35696.5,0.001357,0.00356965,0.00492665,0.010185215370699142,97.18152720430467,1302.5,28645.5,0.0013025,0.00286455,0.00416705,0.00861484004556278,115.07876579380799
SA001,440580,2723063000,35803045,54000,13,40,26.14,,0,0,20159003781.0,1,40-STS-15,IQT903,440580,SA005,,B,480,520,P0,0.8,SS00201,STS,2.0,2.8,0.7,1000000,2015-01-16,2015-01-16,2015-01-16,3884.0,10.633812457221081,0.9541854634062923,1.2126762491444216,1.0,1.0,1.05,14.285714285714286,2.2285714285714286,1.8953593638552426,1389.5,37829.5,0.0013895,0.00378295,0.00517245,0.00980365154157305,101.00280943885369,1428.0,34930.5,0.001428,0.00349305,0.00492105,0.009327158197499841,106.21379211387789,1357.0,35696.5,0.001357,0.00356965,0.00492665,0.009337772209937431,106.09192487430582,1302.5,28645.5,0.0013025,0.00286455,0.00416705,0.00789805723715299,125.6134151694841
SA001,211328,2723063000,35803045,54000,4,150,316.38,,0,0,20119006912.0,1,150-DTC-91,IQT903,211328,SA005,,B,490,520,P0,1.1,SS00201,DTC,1.0,6.0,1.0,1000000,1991-01-01,1991-01-01,1991-01-01,12665.0,34.67488021902806,1.0202732554054081,1.6934976043805614,1.0,1.0,1.05,12.5,3.3000000000000003,5.986932037464664,1389.5,37829.5,0.0013895,0.00378295,0.00517245,0.0309671066171841,31.2923291595181,1428.0,34930.5,0.001428,0.00349305,0.00492105,0.029461991902965484,32.94203634613535,1357.0,35696.5,0.001357,0.00356965,0.00492665,0.029495518722375286,32.903455281205154,1302.5,28645.5,0.0013025,0.00286455,0.00416705,0.024947845146717128,39.08362221743185
SA001,37857,2723063000,35803045,54000,4,150,152.08,,0,0,20119006912.0,1,150-DTC-91,IQT903,37857,SA005,,B,490,520,P0,1.1,SS00201,DTC,1.0,6.0,1.0,1000000,1991-01-01,1991-01-01,1991-01-01,12665.0,34.67488021902806,1.0202732554054081,1.6934976043805614,1.0,1.0,1.05,12.5,3.3000000000000003,5.986932037464664,1389.5,37829.5,0.0013895,0.00378295,0.00517245,0.0309671066171841,31.2923291595181,1428.0,34930.5,0.001428,0.00349305,0.00492105,0.029461991902965484,32.94203634613535,1357.0,35696.5,0.001357,0.00356965,0.00492665,0.029495518722375286,32.903455281205154,1302.5,28645.5,0.0013025,0.00286455,0.00416705,0.024947845146717128,39.08362221743185
SA001,106429,2723063000,35803045,54000,10,40,34.65,,0,0,20119006912.0,1,40-PFP-91,IQT903,106429,SA005,,B,490,520,P0,0.8,SS00201,PFP,1.6,3.25,0.6,1000000,1991-01-01,1991-01-01,1991-01-01,12665.0,34.67488021902806,0.9541854634062923,1.6934976043805614,1.0,1.0,1.05,9.846153846153847,2.0307692307692307,2.0673714127650924,1389.5,37829.5,0.0013895,0.00378295,0.00517245,0.010693375263956802,92.51584278264413,1428.0,34930.5,0.001428,0.00349305,0.00492105,0.010173638090787657,97.29325469180107,1357.0,35696.5,0.001357,0.00356965,0.00492665,0.010185215370699142,97.18152720430467,1302.5,28645.5,0.0013025,0.00286455,0.00416705,0.00861484004556278,115.07876579380799
SA001,316652,2723063000,35803045,54000,4,150,262.92,,0,0,20119006912.0,1,150-DTC-93,IQT903,316652,SA005,,B,480,520,P0,1.1,SS00201,DTC,1.0,6.0,1.0,1000000,1993-01-01,1993-01-01,1993-01-01,11934.0,32.6735112936345,1.0202732554054081,1.6534702258726899,1.0,1.0,1.05,12.5,3.3000000000000003,5.8454253744823115,1389.5,37829.5,0.0013895,0.00378295,0.00517245,0.030235170478241032,32.07406520891482,1428.0,34930.5,0.001428,0.00349305,0.00492105,0.028765630539096178,33.763708677995844,1357.0,35696.5,0.001357,0.00356965,0.00492665,0.02879836492119328,33.72419363864927,1302.5,28645.5,0.0013025,0.00286455,0.00416705,0.02435817980673652,40.053970696260286
SA001,72345,2723063000,35803045,54000,4,80,59.66,,0,0,20119006912.0,1,80-DTC-92,IQT903,72345,SA005,,B,490,520,P0,1.0,SS00201,DTC,1.0,6.0,1.0,1000000,1992-01-01,1992-01-01,1992-01-01,12300.0,33.67556468172484,0.9888428224342896,1.673511293634497,1.0,1.0,1.05,6.666666666666667,2.1333333333333337,3.7068407733799575,1389.5,37829.5,0.0013895,0.00378295,0.00517245,0.019173448558269163,51.15545846960942,1428.0,34930.5,0.001428,0.00349305,0.00492105,0.018241548787841438,53.819906556757466,1357.0,35696.5,0.001357,0.00356965,0.00492665,0.01826230709617237,53.75759413823414,1302.5,28645.5,0.0013025,0.00286455,0.00416705,0.015446590844712954,63.739204271878485
SA001,72226,2723063000,35803045,54000,13,25,21.66,,0,0,20119006912.0,1,25-STS-91,IQT903,72226,SA005,,B,480,520,P0,0.8,SS00201,STS,2.0,2.8,0.7,1000000,1991-01-01,1991-01-01,1991-01-01,12665.0,34.67488021902806,0.9306852819440055,1.6934976043805614,1.0,1.0,1.05,8.928571428571429,1.692857142857143,1.9610789678069505,1389.5,37829.5,0.0013895,0.00378295,0.00517245,0.010143582907033061,97.58449515965894,1428.0,34930.5,0.001428,0.00349305,0.00492105,0.009650567654526394,102.62084758101987,1357.0,35696.5,0.001357,0.00356965,0.00492665,0.009661549696746112,102.50306435175584,1302.5,28645.5,0.0013025,0.00286455,0.00416705,0.008171914112799954,121.37035120494782
SA001,3805,2723063000,35803045,54000,13,25,18.03,,0,0,20119006912.0,1,25-STS-90,IQT903,3805,SA005,,B,490,520,P0,0.8,SS00201,STS,2.0,2.8,0.7,1000000,1990-01-01,1990-01-01,1990-01-01,13030.0,35.67419575633128,0.9306852819440055,1.7134839151266257,1.0,1.0,1.05,8.928571428571429,1.692857142857143,1.9842232188214046,1389.5,37829.5,0.0013895,0.00378295,0.00517245,0.010263295388192775,96.43459212432218,1428.0,34930.5,0.001428,0.00349305,0.00492105,0.009764461670981073,101.41219984219838,1357.0,35696.5,0.001357,0.00356965,0.00492665,0.009775573321006474,101.29579045263014,1302.5,28645.5,0.0013025,0.00286455,0.00416705,0.008268357363989735,119.94300669141246
SA001,143020,2723063000,35803045,54000,13,25,23.56,,0,0,20119006912.0,1,25-STS-90,IQT903,143020,SA005,,B,490,520,P0,0.8,SS00201,STS,2.0,2.8,0.7,1000000,1990-01-01,1990-01-01,1990-01-01,13030.0,35.67419575633128,0.9306852819440055,1.7134839151266257,1.0,1.0,1.05,8.928571428571429,1.692857142857143,1.9842232188214046,1389.5,37829.5,0.0013895,0.00378295,0.00517245,0.010263295388192775,96.43459212432218,1428.0,34930.5,0.001428,0.00349305,0.00492105,0.009764461670981073,101.41219984219838,1357.0,35696.5,0.001357,0.00356965,0.00492665,0.009775573321006474,101.29579045263014,1302.5,28645.5,0.0013025,0.00286455,0.00416705,0.008268357363989735,119.94300669141246
SA001,37858,2723063000,35803045,54000,4,100,148.02,,0,0,20119006912.0,1,100-DTC-92,IQT903,37858,SA005,,B,490,520,P0,1.0,SS00201,DTC,1.0,6.0,1.0,1000000,1992-01-01,1992-01-01,1992-01-01,12300.0,33.67556468172484,1.0,1.673511293634497,1.0,1.0,1.05,8.333333333333334,2.466666666666667,4.3343942505133475,1389.5,37829.5,0.0013895,0.00378295,0.00517245,0.022419437541067764,43.60415200730202,1428.0,34930.5,0.001428,0.00349305,0.00492105,0.02132977082648871,45.88282908122643,1357.0,35696.5,0.001357,0.00356965,0.00492665,0.021354043434291585,45.82953854042185,1302.5,28645.5,0.0013025,0.00286455,0.00416705,0.018061637561601646,54.36596538322539
SA001,245327,2723063000,35803045,54000,13,40,24.64,,0,0,20119006912.0,1,40-STS-90,IQT903,245327,SA005,,B,490,520,P0,0.8,SS00201,STS,2.0,2.8,0.7,1000000,1990-01-01,1990-01-01,1990-01-01,13030.0,35.67419575633128,0.9541854634062923,1.7134839151266257,1.0,1.0,1.05,14.285714285714286,2.2285714285714286,2.6780996046075085,1389.5,37829.5,0.0013895,0.00378295,0.00517245,0.013852336299852108,71.18998863106408,1428.0,34930.5,0.001428,0.00349305,0.00492105,0.013179062059253779,74.87793391547484,1357.0,35696.5,0.001357,0.00356965,0.00492665,0.013194059417039583,74.79168536322804,1302.5,28645.5,0.0013025,0.00286455,0.00416705,0.01115977495737972,88.60754171290179
SA001,142924,2723063000,35803045,54000,13,25,13.08,,0,0,20119006912.0,1,25-STS-88,IQT903,142924,SA005,,B,480,520,P0,0.8,SS00201,STS,2.0,2.8,0.7,1000000,1988-01-01,1988-01-01,1988-01-01,13761.0,37.67556468172484,0.9306852819440055,1.7535112936344968,1.0,1.0,1.05,8.928571428571429,1.692857142857143,2.030575129757202,1389.5,37829.5,0.0013895,0.00378295,0.00517245,0.010503048329912642,94.21045401190851,1428.0,34930.5,0.001428,0.00349305,0.00492105,0.009992561742291678,99.07443794594573,1357.0,35696.5,0.001357,0.00356965,0.00492665,0.01000393296301832,98.96068583193372,1302.5,28645.5,0.0013025,0.00286455,0.00416705,0.008461508094454749,117.18224231864177
SA001,177221,2723063000,35803045,54000,13,20,16.15,,0,0,20119006912.0,1,20-STS-91,IQT903,177221,SA005,,B,490,520,P0,0.8,SS00201,STS,2.0,2.1,0.7,1000000,1991-01-01,1991-01-01,1991-01-01,12665.0,34.67488021902806,0.919528104378295,1.6934976043805614,1.0,1.0,1.05,9.523809523809524,1.7523809523809524,2.005697610799711,1389.5,37829.5,0.0013895,0.00378295,0.00517245,0.010374370606980965,95.39138969327885,1428.0,34930.5,0.001428,0.00349305,0.00492105,0.009870138227625917,100.31570368498596,1357.0,35696.5,0.001357,0.00356965,0.00492665,0.009881370134246396,100.200540655212,1302.5,28645.5,0.0013025,0.00286455,0.00416705,0.008357842229082936,118.6481068427305
SA001,211345,2723063000,35803045,54000,13,25,18.84,,0,0,20119006912.0,1,25-STS-91,IQT903,211345,SA005,,B,490,520,P0,0.8,SS00201,STS,2.0,2.8,0.7,1000000,1991-01-01,1991-01-01,1991-01-01,12665.0,34.67488021902806,0.9306852819440055,1.6934976043805614,1.0,1.0,1.05,8.928571428571429,1.692857142857143,1.9610789678069505,1389.5,37829.5,0.0013895,0.00378295,0.00517245,0.010143582907033061,97.58449515965894,1428.0,34930.5,0.001428,0.00349305,0.00492105,0.009650567654526394,102.62084758101987,1357.0,35696.5,0.001357,0.00356965,0.00492665,0.009661549696746112,102.50306435175584,1302.5,28645.5,0.0013025,0.00286455,0.00416705,0.008171914112799954,121.37035120494782
SA001,177201,2723063000,35803045,54000,10,40,56.45,,0,0,20119006912.0,1,40-PFP-91,IQT903,177201,SA005,,B,490,520,P0,0.8,SS00201,PFP,1.6,3.25,0.6,1000000,1991-01-01,1991-01-01,1991-01-01,12665.0,34.67488021902806,0.9541854634062923,1.6934976043805614,1.2,1.0,1.05,9.846153846153847,2.0307692307692307,2.4808456953181106,1389.5,37829.5,0.0013895,0.00378295,0.00517245,0.012832050316748162,76.92986898553679,1428.0,34930.5,0.001428,0.00349305,0.00492105,0.012208365708945188,80.9110455765009,1357.0,35696.5,0.001357,0.00356965,0.00492665,0.012222258444838971,80.81793933692057,1302.5,28645.5,0.0013025,0.00286455,0.00416705,0.010337808054675334,95.73230482817334
SA001,37855,2723063000,35803045,54000,4,80,75.18,,0,0,20119006912.0,1,80-DTC-92,IQT903,37855,SA005,,B,490,520,P0,1.0,SS00201,DTC,1.0,6.0,1.0,1000000,1992-01-01,1992-01-01,1992-01-01,12300.0,33.67556468172484,0.9888428224342896,1.673511293634497,1.0,1.0,1.05,6.666666666666667,2.1333333333333337,3.7068407733799575,1389.5,37829.5,0.0013895,0.00378295,0.00517245,0.019173448558269163,51.15545846960942,1428.0,34930.5,0.001428,0.00349305,0.00492105,0.018241548787841438,53.819906556757466,1357.0,35696.5,0.001357,0.00356965,0.00492665,0.01826230709617237,53.75759413823414,1302.5,28645.5,0.0013025,0.00286455,0.00416705,0.015446590844712954,63.739204271878485
SA001,211441,2723063000,35803045,54000,13,25,26.36,,0,0,20119006912.0,1,25-STS-91,IQT903,211441,SA005,,B,480,520,P0,0.8,SS00201,STS,2.0,2.8,0.7,1000000,1991-01-01,1991-01-01,1991-01-01,12665.0,34.67488021902806,0.9306852819440055,1.6934976043805614,1.0,1.0,1.05,8.928571428571429,1.692857142857143,1.9610789678069505,1389.5,37829.5,0.0013895,0.00378295,0.00517245,0.010143582907033061,97.58449515965894,1428.0,34930.5,0.001428,0.00349305,0.00492105,0.009650567654526394,102.62084758101987,1357.0,35696.5,0.001357,0.00356965,0.00492665,0.009661549696746112,102.50306435175584,1302.5,28645.5,0.0013025,0.00286455,0.00416705,0.008171914112799954,121.37035120494782
SA001,211325,2723063000,35803045,54000,4,80,88.55,,0,0,20119006912.0,1,80-DTC-94,IQT903,211325,SA005,,B,490,520,P0,1.0,SS00201,DTC,1.0,6.0,1.0,1000000,1994-01-01,1994-01-01,1994-01-01,11569.0,31.67419575633128,0.9888428224342896,1.6334839151266256,1.0,1.0,1.05,6.666666666666667,2.1333333333333337,3.6181798128780107,1389.5,37829.5,0.0013895,0.00378295,0.00517245,0.018714854173120868,52.433491426091145,1428.0,34930.5,0.001428,0.00349305,0.00492105,0.017805243768163333,55.16322994622798,1357.0,35696.5,0.001357,0.00356965,0.00492665,0.017825505575115454,55.0993906055606,1302.5,28645.5,0.0013025,0.00286455,0.00416705,0.015077136189253316,65.32559309988724
SA001,177203,2723063000,35803045,54000,10,40,24.27,,0,0,20119006912.0,1,40-PFP-92,IQT903,177203,SA005,,B,490,520,P0,0.8,SS00201,PFP,1.6,3.25,0.6,1000000,1992-01-01,1992-01-01,1992-01-01,12300.0,33.67556468172484,0.9541854634062923,1.673511293634497,1.0,1.0,1.05,9.846153846153847,2.0307692307692307,2.042972720156273,1389.5,37829.5,0.0013895,0.00378295,0.00517245,0.010567174246372315,93.63267820565157,1428.0,34930.5,0.001428,0.00349305,0.00492105,0.010053570904525027,98.46714550448024,1357.0,35696.5,0.001357,0.00356965,0.00492665,0.010065011551757904,98.35408368461783,1302.5,28645.5,0.0013025,0.00286455,0.00416705,0.008513169473527198,116.46506434643753
SA001,106342,2723063000,35803045,54000,13,20,24.24,,0,0,20119006912.0,1,20-STS-88,IQT903,106342,SA005,,B,490,520,P0,0.8,SS00201,STS,2.0,2.1,0.7,1000000,1988-01-01,1988-01-01,1988-01-01,13761.0,37.67556468172484,0.919528104378295,1.7535112936344968,1.0,1.0,1.05,9.523809523809524,1.7523809523809524,2.076774955604059,1389.5,37829.5,0.0013895,0.00378295,0.00517245,0.010742014619114216,92.09240728648905,1428.0,34930.5,0.001428,0.00349305,0.00492105,0.010219913395275353,96.84818729112696,1357.0,35696.5,0.001357,0.00356965,0.00492665,0.010231543335026738,96.73696570062826,1302.5,28645.5,0.0013025,0.00286455,0.00416705,0.008654025078749895,114.55316640525078
SA001,3777,2723063000,35803045,54000,4,80,154.76,,0,0,20119006912.0,1,80-DTC-92,IQT903,3777,SA005,,B,490,520,P0,1.0,SS00201,DTC,1.0,6.0,1.0,1000000,1992-01-01,1992-01-01,1992-01-01,12300.0,33.67556468172484,0.9888428224342896,1.673511293634497,1.0,1.0,1.05,6.666666666666667,2.1333333333333337,3.7068407733799575,1389.5,37829.5,0.0013895,0.00378295,0.00517245,0.019173448558269163,51.15545846960942,1428.0,34930.5,0.001428,0.00349305,0.00492105,0.018241548787841438,53.819906556757466,1357.0,35696.5,0.001357,0.00356965,0.00492665,0.01826230709617237,53.75759413823414,1302.5,28645.5,0.0013025,0.00286455,0.00416705,0.015446590844712954,63.739204271878485
SA001,37856,2723063000,35803045,54000,4,80,164.27,,0,0,20119006912.0,1,80-DTC-94,IQT903,37856,SA005,,B,490,520,P0,1.0,SS00201,DTC,1.0,6.0,1.0,1000000,1994-01-01,1994-01-01,1994-01-01,11569.0,31.67419575633128,0.9888428224342896,1.6334839151266256,1.0,1.0,1.05,6.666666666666667,2.1333333333333337,3.6181798128780107,1389.5,37829.5,0.0013895,0.00378295,0.00517245,0.018714854173120868,52.433491426091145,1428.0,34930.5,0.001428,0.00349305,0.00492105,0.017805243768163333,55.16322994622798,1357.0,35696.5,0.001357,0.00356965,0.00492665,0.017825505575115454,55.0993906055606,1302.5,28645.5,0.0013025,0.00286455,0.00416705,0.015077136189253316,65.32559309988724
SA001,440581,2723063000,35803045,54000,13,40,22.57,,0,0,20159003782.0,1,40-STS-15,IQT903,440581,SA005,,B,490,520,P0,0.8,SS00201,STS,2.0,2.8,0.7,1000000,2015-01-16,2015-01-16,2015-01-16,3884.0,10.633812457221081,0.9541854634062923,1.2126762491444216,1.0,1.0,1.05,14.285714285714286,2.2285714285714286,1.8953593638552426,1389.5,37829.5,0.0013895,0.00378295,0.00517245,0.00980365154157305,101.00280943885369,1428.0,34930.5,0.001428,0.00349305,0.00492105,0.009327158197499841,106.21379211387789,1357.0,35696.5,0.001357,0.00356965,0.00492665,0.009337772209937431,106.09192487430582,1302.5,28645.5,0.0013025,0.00286455,0.00416705,0.00789805723715299,125.6134151694841
SA001,447922,2723063000,35803045,54000,13,40,15.06,,0,0,20169003110.0,1,40-STS-16,IQT903,447922,SA005,,B,490,520,P0,0.8,SS00201,STS,2.0,2.8,0.7,1000000,2016-03-24,2016-03-24,2016-03-24,3451.0,9.44832306639288,0.9541854634062923,1.1889664613278577,1.0,1.0,1.05,14.285714285714286,2.2285714285714286,1.858302013729971,1389.5,37829.5,0.0013895,0.00378295,0.00517245,0.00961197425091759,103.03689958954445,1428.0,34930.5,0.001428,0.00349305,0.00492105,0.009144797124665873,108.35179713311983,1357.0,35696.5,0.001357,0.00356965,0.00492665,0.009155203615942763,108.2274996766442,1302.5,28645.5,0.0013025,0.00286455,0.00416705,0.007743637406313476,128.13827798609069
SA001,72227,2723063000,35803045,54000,13,25,12.59,,0,0,20119006912.0,1,25-STS-88,IQT903,72227,SA005,,B,480,520,P0,0.8,SS00201,STS,2.0,2.8,0.7,1000000,1988-01-01,1988-01-01,1988-01-01,13761.0,37.67556468172484,0.9306852819440055,1.7535112936344968,1.0,1.0,1.05,8.928571428571429,1.692857142857143,2.030575129757202,1389.5,37829.5,0.0013895,0.00378295,0.00517245,0.010503048329912642,94.21045401190851,1428.0,34930.5,0.001428,0.00349305,0.00492105,0.009992561742291678,99.07443794594573,1357.0,35696.5,0.001357,0.00356965,0.00492665,0.01000393296301832,98.96068583193372,1302.5,28645.5,0.0013025,0.00286455,0.00416705,0.008461508094454749,117.18224231864177
SA001,3906,2723063000,35803045,54000,13,25,33.56,,0,0,20119006912.0,1,25-STS-93,IQT903,3906,SA005,,B,480,520,P0,0.8,SS00201,STS,2.0,2.8,0.7,1000000,1993-01-01,1993-01-01,1993-01-01,11934.0,32.6735112936345,0.9306852819440055,1.6534702258726899,1.0,1.0,1.05,8.928571428571429,1.692857142857143,1.9147270568711527,1389.5,37829.5,0.0013895,0.00378295,0.00517245,0.009903829965313195,99.97103883067084,1428.0,34930.5,0.001428,0.00349305,0.00492105,0.009422467583215785,105.12931179315461,1357.0,35696.5,0.001357,0.00356965,0.00492665,0.009433190054734265,105.00867725527557,1302.5,28645.5,0.0013025,0.00286455,0.00416705,0.007978763382334938,124.33270534303725
SA001,143127,2723063000,35803045,54000,4,80,153.3,,0,0,20119006912.0,1,80-DTC-88,IQT903,143127,SA005,,B,480,520,P0,1.0,SS00201,DTC,1.0,6.0,1.0,1000000,1988-01-01,1988-01-01,1988-01-01,13761.0,37.67556468172484,0.9888428224342896,1.7535112936344968,1.0,1.0,1.05,6.666666666666667,2.1333333333333337,3.884041407160182,1389.5,37829.5,0.0013895,0.00378295,0.00517245,0.020090009976465685,48.77598324597368,1428.0,34930.5,0.001428,0.00349305,0.00492105,0.019113561966705613,51.318871895354974,1357.0,35696.5,0.001357,0.00356965,0.00492665,0.01913531259858571,51.25940234046189,1302.5,28645.5,0.0013025,0.00286455,0.00416705,0.016184994745706838,60.78562401234363
SA001,37938,2723063000,35803045,54000,13,25,18.11,,0,0,20119006912.0,1,25-STS-93,IQT903,37938,SA005,,B,480,520,P0,0.8,SS00201,STS,2.0,2.8,0.7,1000000,1993-01-01,1993-01-01,1993-01-01,11934.0,32.6735112936345,0.9306852819440055,1.6534702258726899,1.0,1.0,1.05,8.928571428571429,1.692857142857143,1.9147270568711527,1389.5,37829.5,0.0013895,0.00378295,0.00517245,0.009903829965313195,99.97103883067084,1428.0,34930.5,0.001428,0.00349305,0.00492105,0.009422467583215785,105.12931179315461,1357.0,35696.5,0.001357,0.00356965,0.00492665,0.009433190054734265,105.00867725527557,1302.5,28645.5,0.0013025,0.00286455,0.00416705,0.007978763382334938,124.33270534303725
SA001,37760,2723063000,35803045,54000,13,25,15.2,,0,0,20119006912.0,1,25-STS-91,IQT903,37760,SA005,,B,480,520,P0,0.8,SS00201,STS,2.0,2.8,0.7,1000000,1991-01-01,1991-01-01,1991-01-01,12665.0,34.67488021902806,0.9306852819440055,1.6934976043805614,1.0,1.0,1.05,8.928571428571429,1.692857142857143,1.9610789678069505,1389.5,37829.5,0.0013895,0.00378295,0.00517245,0.010143582907033061,97.58449515965894,1428.0,34930.5,0.001428,0.00349305,0.00492105,0.009650567654526394,102.62084758101987,1357.0,35696.5,0.001357,0.00356965,0.00492665,0.009661549696746112,102.50306435175584,1302.5,28645.5,0.0013025,0.00286455,0.00416705,0.008171914112799954,121.37035120494782
SA001,143068,2723063000,35803045,54000,13,20,12.81,,0,0,20119006912.0,1,20-STS-93,IQT903,143068,SA005,,B,480,520,P0,0.8,SS00201,STS,2.0,2.1,0.7,1000000,1993-01-01,1993-01-01,1993-01-01,11934.0,32.6735112936345,0.919528104378295,1.6534702258726899,1.0,1.0,1.05,9.523809523809524,1.7523809523809524,1.9582910970661536,1389.5,37829.5,0.0013895,0.00378295,0.00517245,0.010129162785019826,97.72484243998086,1428.0,34930.5,0.001428,0.00349305,0.00492105,0.009636848403217395,102.76836473489986,1357.0,35696.5,0.001357,0.00356965,0.00492665,0.009647814833360966,102.6504138265716,1302.5,28645.5,0.0013025,0.00286455,0.00416705,0.008160296916029515,121.54456060730709
SA001,110993,2723063000,35803045,54000,13,50,55.0,,0,0,20199011015.0,1,50-STS-19,IQT903,110993,SA005,,B,480,520,P0,0.8,SS00201,STS,2.0,2.8,0.7,1000000,2019-11-22,2019-11-22,2019-11-22,2113.0,5.7850787132101305,0.9653426409720027,1.1157015742642027,1.0,1.0,1.05,17.857142857142858,2.585714285714286,2.0469036952020887,1389.5,37829.5,0.0013895,0.00378295,0.00517245,0.010587507018248045,93.45094093221898,1428.0,34930.5,0.001428,0.00349305,0.00492105,0.010072915429274238,98.27612388105307,1357.0,35696.5,0.001357,0.00356965,0.00492665,0.01008437808996737,98.16327919069879,1302.5,28645.5,0.0013025,0.00286455,0.00416705,0.008529550043091864,116.23947862993151
SA001,143129,2723063000,35803045,54000,5,40,96.42,,0,0,20119006912.0,1,40-EPS-88,IQT903,143129,SA005,,B,480,520,P0,0.8,SS00201,EPS,1.6,3.2,1.0,1000000,1988-01-01,1988-01-01,1988-01-01,13761.0,37.67556468172484,0.9541854634062923,1.7535112936344968,1.0,1.0,1.05,10.0,2.05,3.6015091580210803,1389.5,37829.5,0.0013895,0.00378295,0.00517245,0.018628626044406137,52.68082421195433,1428.0,34930.5,0.001428,0.00349305,0.00492105,0.017723206642079638,55.42319813761762,1357.0,35696.5,0.001357,0.00356965,0.00492665,0.017743375093364558,55.35906329760043,1302.5,28645.5,0.0013025,0.00286455,0.00416705,0.015007668736931743,65.63260080755526
SA001,106352,2723063000,35803045,54000,13,20,12.58,,0,0,20119006912.0,1,20-STS-93,IQT903,106352,SA005,,B,480,520,P0,0.8,SS00201,STS,2.0,2.1,0.7,1000000,1993-01-01,1993-01-01,1993-01-01,11934.0,32.6735112936345,0.919528104378295,1.6534702258726899,1.0,1.0,1.05,9.523809523809524,1.7523809523809524,1.9582910970661536,1389.5,37829.5,0.0013895,0.00378295,0.00517245,0.010129162785019826,97.72484243998086,1428.0,34930.5,0.001428,0.00349305,0.00492105,0.009636848403217395,102.76836473489986,1357.0,35696.5,0.001357,0.00356965,0.00492665,0.009647814833360966,102.6504138265716,1302.5,28645.5,0.0013025,0.00286455,0.00416705,0.008160296916029515,121.54456060730709
SA001,143131,2723063000,35803045,54000,13,25,28.6,,0,0,20119006912.0,1,25-STS-91,IQT903,143131,SA005,,B,480,520,P0,0.8,SS00201,STS,2.0,2.8,0.7,1000000,1991-01-01,1991-01-01,1991-01-01,12665.0,34.67488021902806,0.9306852819440055,1.6934976043805614,1.0,1.0,1.05,8.928571428571429,1.692857142857143,1.9610789678069505,1389.5,37829.5,0.0013895,0.00378295,0.00517245,0.010143582907033061,97.58449515965894,1428.0,34930.5,0.001428,0.00349305,0.00492105,0.009650567654526394,102.62084758101987,1357.0,35696.5,0.001357,0.00356965,0.00492665,0.009661549696746112,102.50306435175584,1302.5,28645.5,0.0013025,0.00286455,0.00416705,0.008171914112799954,121.37035120494782
SA001,37990,2723063000,35803045,54000,5,40,16.89,,0,0,20119006912.0,1,40-EPS-88,IQT903,37990,SA005,,B,480,520,P0,0.8,SS00201,EPS,1.6,3.2,1.0,1000000,1988-01-01,1988-01-01,1988-01-01,13761.0,37.67556468172484,0.9541854634062923,1.7535112936344968,1.0,1.0,1.05,10.0,2.05,3.6015091580210803,1389.5,37829.5,0.0013895,0.00378295,0.00517245,0.018628626044406137,52.68082421195433,1428.0,34930.5,0.001428,0.00349305,0.00492105,0.017723206642079638,55.42319813761762,1357.0,35696.5,0.001357,0.00356965,0.00492665,0.017743375093364558,55.35906329760043,1302.5,28645.5,0.0013025,0.00286455,0.00416705,0.015007668736931743,65.63260080755526
SA001,72436,2723063000,35803045,54000,13,25,14.24,,0,0,20119006912.0,1,25-STS-91,IQT903,72436,SA005,,B,480,520,P0,0.8,SS00201,STS,2.0,2.8,0.7,1000000,1991-01-01,1991-01-01,1991-01-01,12665.0,34.67488021902806,0.9306852819440055,1.6934976043805614,1.0,1.0,1.05,8.928571428571429,1.692857142857143,1.9610789678069505,1389.5,37829.5,0.0013895,0.00378295,0.00517245,0.010143582907033061,97.58449515965894,1428.0,34930.5,0.001428,0.00349305,0.00492105,0.009650567654526394,102.62084758101987,1357.0,35696.5,0.001357,0.00356965,0.00492665,0.009661549696746112,102.50306435175584,1302.5,28645.5,0.0013025,0.00286455,0.00416705,0.008171914112799954,121.37035120494782
SA001,143128,2723063000,35803045,54000,10,80,153.45,,0,0,20119006912.0,1,80-PFP-95,IQT903,143128,SA005,,B,480,520,P0,1.0,SS00201,PFP,1.6,4.5,0.6,1000000,1995-01-01,1995-01-01,1995-01-01,11204.0,30.67488021902806,0.9888428224342896,1.6134976043805613,1.0,1.0,1.05,14.222222222222221,2.5777777777777775,2.591084732773181,1389.5,37829.5,0.0013895,0.00378295,0.00517245,0.013402256226032642,73.61430248271128,1428.0,34930.5,0.001428,0.00349305,0.00492105,0.012750857524213463,77.4260978605582,1357.0,35696.5,0.001357,0.00356965,0.00492665,0.012765367598716994,77.33695287400158,1302.5,28645.5,0.0013025,0.00286455,0.00416705,0.010797179635702486,91.6167789867412
SA001,417712,2723063000,35803045,54000,4,150,670.12,,0,0,20099005354.0,1,150-DTC-09,IQT903,417712,SA005,,B,490,520,P0,1.1,SS00201,DTC,1.0,6.0,1.0,1000000,2009-05-25,2009-05-25,2009-05-25,5946.0,16.279260780287473,1.0202732554054081,1.3255852156057495,1.0,1.0,1.05,12.5,3.3000000000000003,4.686270931338236,1389.5,37829.5,0.0013895,0.00378295,0.00517245,0.024239502078800462,40.25497284346391,1428.0,34930.5,0.001428,0.00349305,0.00492105,0.023061373566662026,42.36255154574226,1357.0,35696.5,0.001357,0.00356965,0.00492665,0.023087616683877522,42.31326241648481,1302.5,28645.5,0.0013025,0.00286455,0.00416705,0.019527925284433,50.208717026235554
SA001,417714,2723063000,35803045,54000,2,200,2.56,,0,0,20119006912.0,1,200-CI-80-EL-93,IQT903,417714,SA005,,B,490,520,P0,1.3,SS00201,CI,0.8,11.9,1.0,100000,1980-01-01,1993-01-01,1993-01-01,11934.0,32.6735112936345,1.0346573590279973,1.6534702258726899,1.0,1.0,1.05,6.722689075630252,2.480672268907563,4.45606606307313,1389.5,37829.5,0.013895,0.0378295,0.0517245,0.2304877890794261,3.3386246360122787,1428.0,34930.5,0.01428,0.0349305,0.049210500000000004,0.21928523899686025,3.5602704704365356,1357.0,35696.5,0.01357,0.0356965,0.0492665,0.21953477869639235,3.555086924896575,1302.5,28645.5,0.013025,0.0286455,0.0416705,0.18568650088128885,4.385421100908727
SA001,435127,2723063000,35803045,54000,13,32,28.33,,0,0,20139009185.0,1,32-STS-13,IQT903,435127,SA005,,B,480,520,P0,0.8,SS00201,STS,2.0,2.8,0.7,1000000,2013-10-16,2013-10-16,2013-10-16,4341.0,11.885010266940451,0.9430282858405817,1.237700205338809,1.0,1.0,1.05,11.428571428571429,1.942857142857143,1.6667420407199762,1389.5,37829.5,0.0013895,0.00378295,0.00517245,0.008621139868522042,114.9939422455321,1428.0,34930.5,0.001428,0.00349305,0.00492105,0.008202120919485039,120.91968514197227,1357.0,35696.5,0.001357,0.00356965,0.00492665,0.008211454674913072,120.7811020811104,1302.5,28645.5,0.0013025,0.00286455,0.00416705,0.006945397420782177,142.98024179405158
SA001,439876,2723063000,35803045,54000,13,40,19.94,,0,0,20149015616.0,1,40-STS-14,IQT903,439876,SA005,,B,480,520,P0,0.8,SS00201,STS,2.0,2.8,0.7,1000000,2014-11-21,2014-11-21,2014-11-21,3940.0,10.787132101300479,0.9541854634062923,1.2157426420260096,1.0,1.0,1.05,14.285714285714286,2.2285714285714286,1.9001520003610513,1389.5,37829.5,0.0013895,0.00378295,0.00517245,0.00982844121426752,100.74553402713988,1428.0,34930.5,0.001428,0.00349305,0.00492105,0.009350743001376751,105.94337336110785,1357.0,35696.5,0.001357,0.00356965,0.00492665,0.009361383852578774,105.82181349977768,1302.5,28645.5,0.0013025,0.00286455,0.00416705,0.00791802839310452,125.29406594081655
SA001,439877,2723063000,35803045,54000,13,40,20.0,,0,0,20149015616.0,1,40-STS-14,IQT903,439877,SA005,,B,480,520,P0,0.8,SS00201,STS,2.0,2.8,0.7,1000000,2014-11-21,2014-11-21,2014-11-21,3940.0,10.787132101300479,0.9541854634062923,1.2157426420260096,1.0,1.0,1.05,14.285714285714286,2.2285714285714286,1.9001520003610513,1389.5,37829.5,0.0013895,0.00378295,0.00517245,0.00982844121426752,100.74553402713988,1428.0,34930.5,0.001428,0.00349305,0.00492105,0.009350743001376751,105.94337336110785,1357.0,35696.5,0.001357,0.00356965,0.00492665,0.009361383852578774,105.82181349977768,1302.5,28645.5,0.0013025,0.00286455,0.00416705,0.00791802839310452,125.29406594081655
SA001,439878,2723063000,35803045,54000,13,40,12.63,,0,0,20149015616.0,1,40-STS-14,IQT903,439878,SA005,,B,480,520,P0,0.8,SS00201,STS,2.0,2.8,0.7,1000000,2014-11-21,2014-11-21,2014-11-21,3940.0,10.787132101300479,0.9541854634062923,1.2157426420260096,1.0,1.0,1.05,14.285714285714286,2.2285714285714286,1.9001520003610513,1389.5,37829.5,0.0013895,0.00378295,0.00517245,0.00982844121426752,100.74553402713988,1428.0,34930.5,0.001428,0.00349305,0.00492105,0.009350743001376751,105.94337336110785,1357.0,35696.5,0.001357,0.00356965,0.00492665,0.009361383852578774,105.82181349977768,1302.5,28645.5,0.0013025,0.00286455,0.00416705,0.00791802839310452,125.29406594081655
SA001,243994,2723063100,35803044,54000,10,40,44.54,,0,0,20119006912.0,1,40-PFP-92,IQT903,243994,SA005,,B,461,520,P0,0.8,SS00201,PFP,1.6,3.25,0.6,1000000,1992-01-01,1992-01-01,1992-01-01,12300.0,33.67556468172484,0.9541854634062923,1.673511293634497,1.0,1.0,1.05,9.846153846153847,2.0307692307692307,2.042972720156273,1389.5,37829.5,0.0013895,0.00378295,0.00517245,0.010567174246372315,93.63267820565157,1428.0,34930.5,0.001428,0.00349305,0.00492105,0.010053570904525027,98.46714550448024,1357.0,35696.5,0.001357,0.00356965,0.00492665,0.010065011551757904,98.35408368461783,1302.5,28645.5,0.0013025,0.00286455,0.00416705,0.008513169473527198,116.46506434643753
SA001,308958,2723061000,35803044,54000,4,150,350.16,,0,0,20119006912.0,1,150-DTC-95,IQT903,308958,SA005,,B,461,520,P0,1.1,SS00201,DTC,1.0,6.0,1.0,1000000,1995-01-01,1995-01-01,1995-01-01,11204.0,30.67488021902806,1.0202732554054081,1.6134976043805613,1.0,1.0,1.05,12.5,3.3000000000000003,5.704112291066283,1389.5,37829.5,0.0013895,0.00378295,0.00517245,0.0295042356199258,32.89343865341986,1428.0,34930.5,0.001428,0.00349305,0.00492105,0.028070221789951732,34.624941173709175,1357.0,35696.5,0.001357,0.00356965,0.00492665,0.028102164818781708,34.58444719289609,1302.5,28645.5,0.0013025,0.00286455,0.00416705,0.02376932112248776,41.0710374876427
SA001,175866,2723063100,35803044,54000,13,20,12.5,,0,0,20119006912.0,1,20-STS-92,IQT903,175866,SA005,,B,461,520,P0,0.8,SS00201,STS,2.0,2.1,0.7,1000000,1992-01-01,1992-01-01,1992-01-01,12300.0,33.67556468172484,0.919528104378295,1.673511293634497,1.0,1.0,1.05,9.523809523809524,1.7523809523809524,1.9820267797289195,1389.5,37829.5,0.0013895,0.00378295,0.00517245,0.01025193441680885,96.54256702622108,1428.0,34930.5,0.001428,0.00349305,0.00492105,0.009753652884384999,101.52569082101935,1357.0,35696.5,0.001357,0.00356965,0.00492665,0.009764752234351482,101.4091524290902,1302.5,28645.5,0.0013025,0.00286455,0.00416705,0.008259204692469395,120.07703310850054
SA001,38784,2723063000,35803045,54000,4,80,55.17,,0,0,20119006912.0,1,80-DTC-93,IQT903,38784,SA005,,B,490,520,P0,1.0,SS00201,DTC,1.0,6.0,1.0,1000000,1993-01-01,1993-01-01,1993-01-01,11934.0,32.6735112936345,0.9888428224342896,1.6534702258726899,1.0,1.0,1.05,6.666666666666667,2.1333333333333337,3.6624496495171504,1389.5,37829.5,0.0013895,0.00378295,0.00517245,0.018943837689644985,51.78761444132392,1428.0,34930.5,0.001428,0.00349305,0.00492105,0.01802309784775637,54.484357264613436,1357.0,35696.5,0.001357,0.00356965,0.00492665,0.01804360756579367,54.42128958156677,1302.5,28645.5,0.0013025,0.00286455,0.00416705,0.015261610812020442,64.52388291885768
SA001,107315,2723063000,35803045,54000,4,150,341.78,,0,0,20119006912.0,1,150-DTC-92,IQT903,107315,SA005,,B,490,520,P0,1.1,SS00201,DTC,1.0,6.0,1.0,1000000,1992-01-01,1992-01-01,1992-01-01,12300.0,33.67556468172484,1.0202732554054081,1.673511293634497,1.0,1.0,1.05,12.5,3.3000000000000003,5.916275495756648,1389.5,37829.5,0.0013895,0.00378295,0.00517245,0.030601639188026476,31.677988059909897,1428.0,34930.5,0.001428,0.00349305,0.00492105,0.029114287528393252,33.34739727100537,1357.0,35696.5,0.001357,0.00356965,0.00492665,0.029147418671169493,33.308355442436735,1302.5,28645.5,0.0013025,0.00286455,0.00416705,0.02465341580459274,39.56233050730876
SA001,245307,2723063000,35803045,54000,10,50,57.59,,0,0,20119006912.0,1,50-PFP-92,IQT903,245307,SA005,,B,490,520,P0,0.8,SS00201,PFP,1.6,3.65,0.6,1000000,1992-01-01,1992-01-01,1992-01-01,12300.0,33.67556468172484,0.9653426409720027,1.673511293634497,1.0,1.0,1.05,10.95890410958904,2.16986301369863,2.2084267771573414,1389.5,37829.5,0.0013895,0.00378295,0.00517245,0.011422977083507492,86.54285268100566,1428.0,34930.5,0.001428,0.00349305,0.00492105,0.010867778591730133,91.0151244856012,1357.0,35696.5,0.001357,0.00356965,0.00492665,0.010880145781682216,90.91053319189871,1302.5,28645.5,0.0013025,0.00286455,0.00416705,0.0092026248017535,107.66464965619988
SA001,3778,2723063000,35803045,54000,13,25,19.56,,0,0,20119006912.0,1,25-STS-91,IQT903,3778,SA005,,B,490,520,P0,0.8,SS00201,STS,2.0,2.8,0.7,1000000,1991-01-01,1991-01-01,1991-01-01,12665.0,34.67488021902806,0.9306852819440055,1.6934976043805614,1.0,1.0,1.05,8.928571428571429,1.692857142857143,1.9610789678069505,1389.5,37829.5,0.0013895,0.00378295,0.00517245,0.010143582907033061,97.58449515965894,1428.0,34930.5,0.001428,0.00349305,0.00492105,0.009650567654526394,102.62084758101987,1357.0,35696.5,0.001357,0.00356965,0.00492665,0.009661549696746112,102.50306435175584,1302.5,28645.5,0.0013025,0.00286455,0.00416705,0.008171914112799954,121.37035120494782
SA001,72224,2723063000,35803045,54000,13,25,19.84,,0,0,20119006912.0,1,25-STS-89,IQT903,72224,SA005,,B,490,520,P0,0.8,SS00201,STS,2.0,2.8,0.7,1000000,1989-01-01,1989-01-01,1989-01-01,13395.0,36.6735112936345,0.9306852819440055,1.73347022587269,1.0,1.0,1.05,8.928571428571429,1.692857142857143,2.007367469835859,1389.5,37829.5,0.0013895,0.00378295,0.00517245,0.010383007869352489,95.31120505568514,1428.0,34930.5,0.001428,0.00349305,0.00492105,0.009878355687435754,100.23142268220778,1357.0,35696.5,0.001357,0.00356965,0.00492665,0.009889596945266836,100.11635545254454,1302.5,28645.5,0.0013025,0.00286455,0.00416705,0.008364800615179517,118.5485757526976
SA001,106345,2723063000,35803045,54000,13,32,19.25,,0,0,20209000644.0,1,32-STS-19,IQT903,106345,SA005,,B,490,520,P0,0.8,SS00201,STS,2.0,2.8,0.7,1000000,2019-10-14,2019-10-14,2019-10-14,2152.0,5.891854893908282,0.9430282858405817,1.1178370978781655,1.0,1.0,1.05,11.428571428571429,1.942857142857143,1.5053290592287896,1389.5,37829.5,0.0013895,0.00378295,0.00517245,0.007786239292407953,127.43170655891086,1428.0,34930.5,0.001428,0.00349305,0.00492105,0.007407799566917834,133.99285327128126,1357.0,35696.5,0.001357,0.00356965,0.00492665,0.0074162294096495164,133.8394102667408,1302.5,28645.5,0.0013025,0.00286455,0.00416705,0.006272781456259328,158.4189128017755
SA001,3803,2723063000,35803045,54000,13,25,20.58,,0,0,20119006912.0,1,25-STS-90,IQT903,3803,SA005,,B,490,520,P0,0.8,SS00201,STS,2.0,2.8,0.7,1000000,1990-01-01,1990-01-01,1990-01-01,13030.0,35.67419575633128,0.9306852819440055,1.7134839151266257,1.0,1.0,1.05,8.928571428571429,1.692857142857143,1.9842232188214046,1389.5,37829.5,0.0013895,0.00378295,0.00517245,0.010263295388192775,96.43459212432218,1428.0,34930.5,0.001428,0.00349305,0.00492105,0.009764461670981073,101.41219984219838,1357.0,35696.5,0.001357,0.00356965,0.00492665,0.009775573321006474,101.29579045263014,1302.5,28645.5,0.0013025,0.00286455,0.00416705,0.008268357363989735,119.94300669141246
SA001,72312,2723063000,35803045,54000,13,25,18.44,,0,0,20119006912.0,1,25-STS-92,IQT903,72312,SA005,,B,490,520,P0,0.8,SS00201,STS,2.0,2.8,0.7,1000000,1992-01-01,1992-01-01,1992-01-01,12300.0,33.67556468172484,0.9306852819440055,1.673511293634497,1.0,1.0,1.05,8.928571428571429,1.692857142857143,1.9379347167924958,1389.5,37829.5,0.0013895,0.00378295,0.00517245,0.010023870425873346,98.76186418160661,1428.0,34930.5,0.001428,0.00349305,0.00492105,0.00953667363807171,103.85836445192615,1357.0,35696.5,0.001357,0.00356965,0.00492665,0.00954752607248575,103.7391745681449,1302.5,28645.5,0.0013025,0.00286455,0.00416705,0.00807547086161017,122.8317885281317
SA001,245306,2723063000,35803045,54000,4,80,149.83,,0,0,20119006912.0,1,80-DTC-92,IQT903,245306,SA005,,B,490,520,P0,1.0,SS00201,DTC,1.0,6.0,1.0,1000000,1992-01-01,1992-01-01,1992-01-01,12300.0,33.67556468172484,0.9888428224342896,1.673511293634497,1.0,1.0,1.05,6.666666666666667,2.1333333333333337,3.7068407733799575,1389.5,37829.5,0.0013895,0.00378295,0.00517245,0.019173448558269163,51.15545846960942,1428.0,34930.5,0.001428,0.00349305,0.00492105,0.018241548787841438,53.819906556757466,1357.0,35696.5,0.001357,0.00356965,0.00492665,0.01826230709617237,53.75759413823414,1302.5,28645.5,0.0013025,0.00286455,0.00416705,0.015446590844712954,63.739204271878485
SA001,106430,2723063000,35803045,54000,4,80,149.76,,0,0,20119006912.0,1,80-DTC-94,IQT903,106430,SA005,,B,490,520,P0,1.0,SS00201,DTC,1.0,6.0,1.0,1000000,1994-01-01,1994-01-01,1994-01-01,11569.0,31.67419575633128,0.9888428224342896,1.6334839151266256,1.0,1.0,1.05,6.666666666666667,2.1333333333333337,3.6181798128780107,1389.5,37829.5,0.0013895,0.00378295,0.00517245,0.018714854173120868,52.433491426091145,1428.0,34930.5,0.001428,0.00349305,0.00492105,0.017805243768163333,55.16322994622798,1357.0,35696.5,0.001357,0.00356965,0.00492665,0.017825505575115454,55.0993906055606,1302.5,28645.5,0.0013025,0.00286455,0.00416705,0.015077136189253316,65.32559309988724
SA001,211249,2723063000,35803045,54000,13,25,24.29,,0,0,20119006912.0,1,25-STS-90,IQT903,211249,SA005,,B,490,520,P0,0.8,SS00201,STS,2.0,2.8,0.7,1000000,1990-01-01,1990-01-01,1990-01-01,13030.0,35.67419575633128,0.9306852819440055,1.7134839151266257,1.0,1.0,1.05,8.928571428571429,1.692857142857143,1.9842232188214046,1389.5,37829.5,0.0013895,0.00378295,0.00517245,0.010263295388192775,96.43459212432218,1428.0,34930.5,0.001428,0.00349305,0.00492105,0.009764461670981073,101.41219984219838,1357.0,35696.5,0.001357,0.00356965,0.00492665,0.009775573321006474,101.29579045263014,1302.5,28645.5,0.0013025,0.00286455,0.00416705,0.008268357363989735,119.94300669141246
SA001,177126,2723063000,35803045,54000,13,20,13.54,,0,0,20119006912.0,1,20-STS-88,IQT903,177126,SA005,,B,490,520,P0,0.8,SS00201,STS,2.0,2.1,0.7,1000000,1988-01-01,1988-01-01,1988-01-01,13761.0,37.67556468172484,0.919528104378295,1.7535112936344968,1.0,1.0,1.05,9.523809523809524,1.7523809523809524,2.076774955604059,1389.5,37829.5,0.0013895,0.00378295,0.00517245,0.010742014619114216,92.09240728648905,1428.0,34930.5,0.001428,0.00349305,0.00492105,0.010219913395275353,96.84818729112696,1357.0,35696.5,0.001357,0.00356965,0.00492665,0.010231543335026738,96.73696570062826,1302.5,28645.5,0.0013025,0.00286455,0.00416705,0.008654025078749895,114.55316640525078
SA001,308923,2723061000,35803044,54000,10,100,113.32,,0,0,20119006912.0,1,100-PFP-95,IQT903,308923,SA005,,B,461,520,P0,1.0,SS00201,PFP,1.6,4.9,0.6,1000000,1995-01-01,1995-01-01,1995-01-01,11204.0,30.67488021902806,1.0,1.6134976043805613,1.0,1.0,1.05,16.3265306122449,2.8408163265306126,2.887699712525668,1389.5,37829.5,0.0013895,0.00378295,0.00517245,0.014936482378053392,65.95016769606538,1428.0,34930.5,0.001428,0.00349305,0.00492105,0.014210514670324437,69.3704280386327,1357.0,35696.5,0.001357,0.00356965,0.00492665,0.014226685788714583,69.29043973075282,1302.5,28645.5,0.0013025,0.00286455,0.00416705,0.012033189087080084,82.10348925487177
SA001,324800,2723063100,35803045,54000,4,80,14.0,,0,0,2006540000000.0,1,80-DTC-06,IQT903,324800,SA005,,B,243,520,P0,1.0,SS00201,DTC,1.0,6.0,1.0,1000000,2006-07-18,2006-07-18,2006-07-18,6988.0,19.132101300479125,0.9888428224342896,1.3826420260095826,1.0,1.0,1.05,6.666666666666667,2.1333333333333337,3.0625630412509,1389.5,37829.5,0.0013895,0.00378295,0.00517245,0.015840954202718218,62.12751032563465,1428.0,34930.5,0.001428,0.00349305,0.00492105,0.01507102585414774,65.35248387718657,1357.0,35696.5,0.001357,0.00356965,0.00492665,0.015088176207178746,65.27706266607714,1302.5,28645.5,0.0013025,0.00286455,0.00416705,0.012761853321044564,77.358524803837
SA001,2879,2723061000,35803044,54000,5,40,27.55,,0,0,20119006912.0,1,40-EPS-94,IQT903,2879,SA005,,B,461,520,P0,0.8,SS00201,EPS,1.6,3.2,1.0,1000000,1994-01-01,1994-01-01,1994-01-01,11569.0,31.67419575633128,0.9541854634062923,1.6334839151266256,1.0,1.0,1.05,10.0,2.05,3.3549868205382256,1389.5,37829.5,0.0013895,0.00378295,0.00517245,0.017353501579892947,56.62525766895796,1428.0,34930.5,0.001428,0.00349305,0.00492105,0.016510057893209633,59.56913951896478,1357.0,35696.5,0.001357,0.00356965,0.00492665,0.01652884581940465,59.50029209093433,1302.5,28645.5,0.0013025,0.00286455,0.00416705,0.013980397830523813,70.5287227246617
SA001,324799,2723063100,35803044,54000,4,80,11.0,,0,0,2006540000000.0,1,80-DTC-06,IQT903,324799,SA005,,B,461,520,P0,1.0,SS00201,DTC,1.0,6.0,1.0,1000000,2006-07-18,2006-07-18,2006-07-18,6988.0,19.132101300479125,0.9888428224342896,1.3826420260095826,1.0,1.0,1.05,6.666666666666667,2.1333333333333337,3.0625630412509,1389.5,37829.5,0.0013895,0.00378295,0.00517245,0.015840954202718218,62.12751032563465,1428.0,34930.5,0.001428,0.00349305,0.00492105,0.01507102585414774,65.35248387718657,1357.0,35696.5,0.001357,0.00356965,0.00492665,0.015088176207178746,65.27706266607714,1302.5,28645.5,0.0013025,0.00286455,0.00416705,0.012761853321044564,77.358524803837
SA001,210518,2723061000,35803044,54000,5,50,42.92,,0,0,20119006912.0,1,50-EPS-90,IQT903,210518,SA005,,B,461,520,P0,0.8,SS00201,EPS,1.6,3.2,1.0,1000000,1990-01-01,1990-01-01,1990-01-01,13030.0,35.67419575633128,0.9653426409720027,1.7134839151266257,1.0,1.0,1.05,12.5,2.3625,4.103199549900563,1389.5,37829.5,0.0013895,0.00378295,0.00517245,0.02122359451188317,46.11737210396176,1428.0,34930.5,0.001428,0.00349305,0.00492105,0.020192050145038165,48.524441194285174,1357.0,35696.5,0.001357,0.00356965,0.00492665,0.020215028062517612,48.46814799897233,1302.5,28645.5,0.0013025,0.00286455,0.00416705,0.017098237684413143,57.48555964990509
SA001,210515,2723061000,35803044,54000,4,300,133.46,,0,0,20119006912.0,1,300-DTC-00,IQT903,210515,SA004,,B,461,520,P0,1.5,SS00201,DTC,1.0,7.2,1.0,1000000,2000-01-01,2000-01-01,2000-01-01,9378.0,25.675564681724847,1.0549306144334054,1.513511293634497,1.0,1.0,1.05,20.833333333333332,4.966666666666667,8.326526615502026,1389.5,37829.5,0.0013895,0.00378295,0.00517245,0.04306854259235345,22.218802861872174,1428.0,34930.5,0.001428,0.00349305,0.00492105,0.04097525380121624,23.404973910626946,1357.0,35696.5,0.001357,0.00356965,0.00492665,0.04102188235026306,23.377233386355986,1302.5,28645.5,0.0013025,0.00286455,0.00416705,0.03469705273312772,27.82089172505507
SA001,107319,2723063000,35803045,54000,13,25,14.66,,0,0,20119006912.0,1,25-STS-91,IQT903,107319,SA005,,B,490,520,P0,0.8,SS00201,STS,2.0,2.8,0.7,1000000,1991-01-01,1991-01-01,1991-01-01,12665.0,34.67488021902806,0.9306852819440055,1.6934976043805614,1.0,1.0,1.05,8.928571428571429,1.692857142857143,1.9610789678069505,1389.5,37829.5,0.0013895,0.00378295,0.00517245,0.010143582907033061,97.58449515965894,1428.0,34930.5,0.001428,0.00349305,0.00492105,0.009650567654526394,102.62084758101987,1357.0,35696.5,0.001357,0.00356965,0.00492665,0.009661549696746112,102.50306435175584,1302.5,28645.5,0.0013025,0.00286455,0.00416705,0.008171914112799954,121.37035120494782
SA001,142997,2723063000,35803045,54000,4,150,267.98,,0,0,20119006912.0,1,150-DTC-92,IQT903,142997,SA005,,B,490,520,P0,1.1,SS00201,DTC,1.0,6.0,1.0,1000000,1992-01-01,1992-01-01,1992-01-01,12300.0,33.67556468172484,1.0202732554054081,1.673511293634497,1.0,1.0,1.05,12.5,3.3000000000000003,5.916275495756648,1389.5,37829.5,0.0013895,0.00378295,0.00517245,0.030601639188026476,31.677988059909897,1428.0,34930.5,0.001428,0.00349305,0.00492105,0.029114287528393252,33.34739727100537,1357.0,35696.5,0.001357,0.00356965,0.00492665,0.029147418671169493,33.308355442436735,1302.5,28645.5,0.0013025,0.00286455,0.00416705,0.02465341580459274,39.56233050730876
SA001,178121,2723063000,35803045,54000,13,40,27.0,,0,0,20219009339.0,1,40-STS-21,IQT903,178121,SA005,,B,490,520,P0,0.8,SS00201,STS,2.0,2.8,0.7,1000000,2021-11-12,2021-11-12,2021-11-12,1392.0,3.811088295687885,0.9541854634062923,1.0762217659137576,1.0,1.0,1.05,14.285714285714286,2.2285714285714286,1.6820870393467529,1389.5,37829.5,0.0013895,0.00378295,0.00517245,0.008700511106669112,113.93577650093228,1428.0,34930.5,0.001428,0.00349305,0.00492105,0.008277634424977337,119.80746124551615,1357.0,35696.5,0.001357,0.00356965,0.00492665,0.00828705411239768,119.6701424217769,1302.5,28645.5,0.0013025,0.00286455,0.00416705,0.007009340797309887,141.6667683762487
SA001,212248,2723063000,35803045,54000,4,80,146.67,,0,0,20119006912.0,1,80-DTC-94,IQT903,212248,SA005,,B,490,520,P0,1.0,SS00201,DTC,1.0,6.0,1.0,1000000,1994-01-01,1994-01-01,1994-01-01,11569.0,31.67419575633128,0.9888428224342896,1.6334839151266256,1.0,1.0,1.05,6.666666666666667,2.1333333333333337,3.6181798128780107,1389.5,37829.5,0.0013895,0.00378295,0.00517245,0.018714854173120868,52.433491426091145,1428.0,34930.5,0.001428,0.00349305,0.00492105,0.017805243768163333,55.16322994622798,1357.0,35696.5,0.001357,0.00356965,0.00492665,0.017825505575115454,55.0993906055606,1302.5,28645.5,0.0013025,0.00286455,0.00416705,0.015077136189253316,65.32559309988724
SA001,3773,2723063000,35803045,54000,4,150,153.89,,0,0,20119006912.0,1,150-DTC-92,IQT903,3773,SA005,,B,480,520,P0,1.1,SS00201,DTC,1.0,6.0,1.0,1000000,1992-01-01,1992-01-01,1992-01-01,12300.0,33.67556468172484,1.0202732554054081,1.673511293634497,1.0,1.0,1.05,12.5,3.3000000000000003,5.916275495756648,1389.5,37829.5,0.0013895,0.00378295,0.00517245,0.030601639188026476,31.677988059909897,1428.0,34930.5,0.001428,0.00349305,0.00492105,0.029114287528393252,33.34739727100537,1357.0,35696.5,0.001357,0.00356965,0.00492665,0.029147418671169493,33.308355442436735,1302.5,28645.5,0.0013025,0.00286455,0.00416705,0.02465341580459274,39.56233050730876
SA001,71476,2723061000,35803044,54000,4,80,72.9,,0,0,20119006912.0,1,80-DTC-00,IQT903,71476,SA005,,B,461,520,P0,1.0,SS00201,DTC,1.0,6.0,1.0,1000000,2000-01-01,2000-01-01,2000-01-01,9378.0,25.675564681724847,0.9888428224342896,1.513511293634497,1.0,1.0,1.05,6.666666666666667,2.1333333333333337,3.3524395058195084,1389.5,37829.5,0.0013895,0.00378295,0.00517245,0.017340325721876118,56.669043594632434,1428.0,34930.5,0.001428,0.00349305,0.00492105,0.01649752243011309,59.61516232126408,1357.0,35696.5,0.001357,0.00356965,0.00492665,0.01651629609134568,59.546262580263786,1302.5,28645.5,0.0013025,0.00286455,0.00416705,0.013969783042725184,70.58307304713323
SA001,408628,2723063000,35803045,54000,13,32,15.5,,0,0,20079007377.0,1,32-STS-07,IQT903,408628,SA005,,B,490,520,P0,0.8,SS00201,STS,2.0,2.8,0.7,1000000,2007-11-21,2007-11-21,2007-11-21,6497.0,17.78781656399726,0.9430282858405817,1.3557563312799452,1.0,1.0,1.05,11.428571428571429,1.942857142857143,1.8257216606811442,1389.5,37829.5,0.0013895,0.00378295,0.00517245,0.009443454003790184,104.89345800791155,1428.0,34930.5,0.001428,0.00349305,0.00492105,0.008984467578294944,110.30320091708519,1357.0,35696.5,0.001357,0.00356965,0.00492665,0.00899469161959476,110.17668534866938,1302.5,28645.5,0.0013025,0.00286455,0.00416705,0.007607873446141362,130.44277531419638
SA001,418135,2723063000,35803045,54000,13,40,24.02,,0,0,20099006235.0,1,40-STS-09,IQT903,418135,SA005,,B,490,520,P0,0.8,SS00201,STS,2.0,2.8,0.7,1000000,2009-06-15,2009-06-15,2009-06-15,5925.0,16.2217659137577,0.9541854634062923,1.324435318275154,1.0,1.0,1.05,14.285714285714286,2.2285714285714286,2.0700338479330225,1389.5,37829.5,0.0013895,0.00378295,0.00517245,0.010707146576741162,92.39556461964126,1428.0,34930.5,0.001428,0.00349305,0.00492105,0.0101867400673708,97.16683191937972,1357.0,35696.5,0.001357,0.00356965,0.00492665,0.010198332256919226,97.05524813349099,1302.5,28645.5,0.0013025,0.00286455,0.00416705,0.008625934546029302,114.92946766102241
SA001,435273,2723063000,35803045,54000,13,25,2.69,,0,0,20139011694.0,1,25-STS-13,IQT903,435273,SA005,,B,490,520,P0,0.8,SS00201,STS,2.0,2.8,0.7,1000000,2013-11-22,2013-11-22,2013-11-22,4304.0,11.783709787816564,0.9306852819440055,1.2356741957563313,1.2,1.0,1.05,8.928571428571429,1.692857142857143,1.717100516770468,1389.5,37829.5,0.0013895,0.00378295,0.00517245,0.008881616567969408,111.59211567479643,1428.0,34930.5,0.001428,0.00349305,0.00492105,0.008449937498053312,117.3440706195021,1357.0,35696.5,0.001357,0.00356965,0.00492665,0.008459553260947227,117.2095518703583,1302.5,28645.5,0.0013025,0.00286455,0.00416705,0.007155243708408379,138.7576435900939
SA001,439879,2723063000,35803045,54000,13,40,24.15,,0,0,20149015617.0,1,40-STS-14,IQT903,439879,SA005,,B,490,520,P0,0.8,SS00201,STS,2.0,2.8,0.7,1000000,2014-12-09,2014-12-09,2014-12-09,3922.0,10.737850787132102,0.9541854634062923,1.214757015742642,1.0,1.0,1.05,14.285714285714286,2.2285714285714286,1.8986115100556125,1389.5,37829.5,0.0013895,0.00378295,0.00517245,0.009820473105187154,100.82808804514744,1428.0,34930.5,0.001428,0.00349305,0.00492105,0.009343162171559172,106.03014478802754,1357.0,35696.5,0.001357,0.00356965,0.00492665,0.009353794396015483,105.90848629578375,1302.5,28645.5,0.0013025,0.00286455,0.00416705,0.00791160909297724,125.39653808068607
SA001,450436,2723063000,35803045,54000,13,25,13.0,,0,0,20169014515.0,1,25-STS-92,IQT903,450436,SA005,,B,490,520,P0,0.8,SS00201,STS,2.0,2.8,0.7,1000000,1992-01-01,1992-01-01,1992-01-01,12300.0,33.67556468172484,0.9306852819440055,1.673511293634497,1.0,1.0,1.05,8.928571428571429,1.692857142857143,1.9379347167924958,1389.5,37829.5,0.0013895,0.00378295,0.00517245,0.010023870425873346,98.76186418160661,1428.0,34930.5,0.001428,0.00349305,0.00492105,0.00953667363807171,103.85836445192615,1357.0,35696.5,0.001357,0.00356965,0.00492665,0.00954752607248575,103.7391745681449,1302.5,28645.5,0.0013025,0.00286455,0.00416705,0.00807547086161017,122.8317885281317
SA001,38044,2723063100,35803045,54000,4,80,127.6,,0,0,20119006912.0,1,80-DTC-87,IQT903,38044,SA005,,B,470,520,P0,1.0,SS00201,DTC,1.0,6.0,1.0,1000000,1987-01-01,1987-01-01,1987-01-01,14126.0,38.67488021902806,0.9888428224342896,1.7734976043805613,1.0,1.0,1.05,6.666666666666667,2.1333333333333337,3.9283112437993215,1389.5,37829.5,0.0013895,0.00378295,0.00517245,0.020318993492989802,48.21503618498658,1428.0,34930.5,0.001428,0.00349305,0.00492105,0.01933141604629865,50.729267923519146,1357.0,35696.5,0.001357,0.00356965,0.00492665,0.01935341458926393,50.67046855673406,1302.5,28645.5,0.0013025,0.00286455,0.00416705,0.016369469368473964,60.08933512077701
SA001,178215,2723063100,35803045,54000,10,100,323.65,,0,0,20119006912.0,1,100-PFP-95,IQT903,178215,SA005,,B,470,520,P0,1.0,SS00201,PFP,1.6,4.9,0.6,1000000,1995-01-01,1995-01-01,1995-01-01,11204.0,30.67488021902806,1.0,1.6134976043805613,1.0,1.0,1.05,16.3265306122449,2.8408163265306126,2.887699712525668,1389.5,37829.5,0.0013895,0.00378295,0.00517245,0.014936482378053392,65.95016769606538,1428.0,34930.5,0.001428,0.00349305,0.00492105,0.014210514670324437,69.3704280386327,1357.0,35696.5,0.001357,0.00356965,0.00492665,0.014226685788714583,69.29043973075282,1302.5,28645.5,0.0013025,0.00286455,0.00416705,0.012033189087080084,82.10348925487177
SA001,210520,2723063100,35803045,54000,10,80,42.18,,0,0,20119006912.0,1,80-PFP-96,IQT903,210520,SA005,,B,461,520,P0,1.0,SS00201,PFP,1.6,4.5,0.6,1000000,1996-01-01,1996-01-01,1996-01-01,10839.0,29.675564681724847,0.9888428224342896,1.593511293634497,1.0,1.0,1.05,14.222222222222221,2.5777777777777775,2.558989101209806,1389.5,37829.5,0.0013895,0.00378295,0.00517245,0.013236243176552661,74.55013810651724,1428.0,34930.5,0.001428,0.00349305,0.00492105,0.012592913316508515,78.40974219913538,1357.0,35696.5,0.001357,0.00356965,0.00492665,0.012607243655475291,78.31947912862799,1302.5,28645.5,0.0013025,0.00286455,0.00416705,0.010663435534196321,92.77840723030803
SA001,72202,2723063100,35803045,54000,13,25,12.33,,0,0,20119006912.0,1,25-STS-94,IQT903,72202,SA005,,B,470,520,P0,0.8,SS00201,STS,2.0,2.8,0.7,1000000,1994-01-01,1994-01-01,1994-01-01,11569.0,31.67419575633128,0.9306852819440055,1.6334839151266256,1.0,1.0,1.05,8.928571428571429,1.692857142857143,1.8915828058566984,1389.5,37829.5,0.0013895,0.00378295,0.00517245,0.00978411748415348,101.2064587449626,1428.0,34930.5,0.001428,0.00349305,0.00492105,0.009308573566761106,106.42784518250818,1357.0,35696.5,0.001357,0.00356965,0.00492665,0.009319166430473903,106.30573463415949,1302.5,28645.5,0.0013025,0.00286455,0.00416705,0.007882320131145155,125.86619971811757
SA001,175859,2723061000,35803044,54000,10,40,26.74,,0,0,20119006912.0,1,40-PFP-91,IQT903,175859,SA005,,B,461,520,P0,0.8,SS00201,PFP,1.6,3.25,0.6,1000000,1991-01-01,1991-01-01,1991-01-01,12665.0,34.67488021902806,0.9541854634062923,1.6934976043805614,1.0,1.0,1.05,9.846153846153847,2.0307692307692307,2.0673714127650924,1389.5,37829.5,0.0013895,0.00378295,0.00517245,0.010693375263956802,92.51584278264413,1428.0,34930.5,0.001428,0.00349305,0.00492105,0.010173638090787657,97.29325469180107,1357.0,35696.5,0.001357,0.00356965,0.00492665,0.010185215370699142,97.18152720430467,1302.5,28645.5,0.0013025,0.00286455,0.00416705,0.00861484004556278,115.07876579380799
SA001,4788,2723063100,35803045,54000,10,40,51.28,,0,0,20119006912.0,1,40-PFP-93,IQT903,4788,SA005,,B,470,520,P0,0.8,SS00201,PFP,1.6,3.25,0.6,1000000,1993-01-01,1993-01-01,1993-01-01,11934.0,32.6735112936345,0.9541854634062923,1.6534702258726899,1.0,1.0,1.05,9.846153846153847,2.0307692307692307,2.018507181814279,1389.5,37829.5,0.0013895,0.00378295,0.00517245,0.010440627472575266,94.77968399186086,1428.0,34930.5,0.001428,0.00349305,0.00492105,0.009933174767067156,99.67274798339801,1357.0,35696.5,0.001357,0.00356965,0.00492665,0.009944478407285318,99.55831578531064,1302.5,28645.5,0.0013025,0.00286455,0.00416705,0.008411220351979191,117.88881258053075
SA001,106358,2723063100,35803045,54000,13,40,18.0,,0,0,20229005380.0,1,40-STS-22,IQT999,106358,SA005,,B,470,520,P0,0.8,SS00201,STS,2.0,2.8,0.7,1000000,2022-05-20,2022-05-20,2022-05-20,1203.0,3.293634496919918,0.9541854634062923,1.0658726899383983,1.0,1.0,1.05,14.285714285714286,2.2285714285714286,1.6659118911396484,1389.5,37829.5,0.0013895,0.00378295,0.00517245,0.008616845961325274,115.05174381534373,1428.0,34930.5,0.001428,0.00349305,0.00492105,0.008198035711892766,120.98043960083207,1357.0,35696.5,0.001357,0.00356965,0.00492665,0.00820736481848315,120.84178748189431,1302.5,28645.5,0.0013025,0.00286455,0.00416705,0.006941938145973473,143.05198936842
SA001,36302,2723063100,35803045,54000,10,40,36.94,,0,0,20119006912.0,1,40-PFP-95,IQT903,36302,SA005,,B,243,520,P0,0.8,SS00201,PFP,1.6,3.25,0.6,1000000,1995-01-01,1995-01-01,1995-01-01,11204.0,30.67488021902806,0.9541854634062923,1.6134976043805613,1.0,1.0,1.05,9.846153846153847,2.0307692307692307,1.9697097965966404,1389.5,37829.5,0.0013895,0.00378295,0.00517245,0.010188225437406294,97.15251990091208,1428.0,34930.5,0.001428,0.00349305,0.00492105,0.009693040394541896,102.16680414982024,1357.0,35696.5,0.001357,0.00356965,0.00492665,0.009704070769402839,102.04953702038358,1302.5,28645.5,0.0013025,0.00286455,0.00416705,0.00820787920790803,120.83415163280326
SA001,71261,2723063100,35803045,54000,10,80,107.47,,0,0,20119006912.0,1,80-PFP-95,IQT903,71261,SA005,,B,461,520,P0,1.0,SS00201,PFP,1.6,4.5,0.6,1000000,1995-01-01,1995-01-01,1995-01-01,11204.0,30.67488021902806,0.9888428224342896,1.6134976043805613,1.0,1.0,1.05,14.222222222222221,2.5777777777777775,2.591084732773181,1389.5,37829.5,0.0013895,0.00378295,0.00517245,0.013402256226032642,73.61430248271128,1428.0,34930.5,0.001428,0.00349305,0.00492105,0.012750857524213463,77.4260978605582,1357.0,35696.5,0.001357,0.00356965,0.00492665,0.012765367598716994,77.33695287400158,1302.5,28645.5,0.0013025,0.00286455,0.00416705,0.010797179635702486,91.6167789867412
SA001,324798,2723063100,35803045,54000,4,150,120.61,,0,0,20119006912.0,1,150-DTC-95,IQT903,324798,SA005,,B,243,520,P0,1.1,SS00201,DTC,1.0,6.0,1.0,1000000,1995-01-01,1995-01-01,1995-01-01,11204.0,30.67488021902806,1.0202732554054081,1.6134976043805613,1.0,1.0,1.05,12.5,3.3000000000000003,5.704112291066283,1389.5,37829.5,0.0013895,0.00378295,0.00517245,0.0295042356199258,32.89343865341986,1428.0,34930.5,0.001428,0.00349305,0.00492105,0.028070221789951732,34.624941173709175,1357.0,35696.5,0.001357,0.00356965,0.00492665,0.028102164818781708,34.58444719289609,1302.5,28645.5,0.0013025,0.00286455,0.00416705,0.02376932112248776,41.0710374876427
SA001,243992,2723061000,35803045,54000,13,25,16.46,,0,0,20119006912.0,1,25-STS-91,IQT903,243992,SA005,,B,461,520,P0,0.8,SS00201,STS,2.0,2.8,0.7,1000000,1991-01-01,1991-01-01,1991-01-01,12665.0,34.67488021902806,0.9306852819440055,1.6934976043805614,1.0,1.0,1.05,8.928571428571429,1.692857142857143,1.9610789678069505,1389.5,37829.5,0.0013895,0.00378295,0.00517245,0.010143582907033061,97.58449515965894,1428.0,34930.5,0.001428,0.00349305,0.00492105,0.009650567654526394,102.62084758101987,1357.0,35696.5,0.001357,0.00356965,0.00492665,0.009661549696746112,102.50306435175584,1302.5,28645.5,0.0013025,0.00286455,0.00416705,0.008171914112799954,121.37035120494782
SA001,324796,2723063100,35803045,54000,4,80,3.48,,0,0,20119006912.0,1,80-DTC-95,IQT903,324796,SA005,,B,243,520,P0,1.0,SS00201,DTC,1.0,6.0,1.0,1000000,1995-01-01,1995-01-01,1995-01-01,11204.0,30.67488021902806,0.9888428224342896,1.6134976043805613,1.0,1.0,1.05,6.666666666666667,2.1333333333333337,3.573909976238872,1389.5,37829.5,0.0013895,0.00378295,0.00517245,0.018485870656596754,53.095369299965654,1428.0,34930.5,0.001428,0.00349305,0.00492105,0.0175873896885703,55.85892094890468,1357.0,35696.5,0.001357,0.00356965,0.00492665,0.01760740358443724,55.79429083365113,1302.5,28645.5,0.0013025,0.00286455,0.00416705,0.014892661566486193,66.14716476538734
SA001,244089,2723061000,35803045,54000,10,40,82.11,,0,0,20119006912.0,1,40-PFP-93,IQT903,244089,SA005,,B,461,520,P0,0.8,SS00201,PFP,1.6,3.25,0.6,1000000,1993-01-01,1993-01-01,1993-01-01,11934.0,32.6735112936345,0.9541854634062923,1.6534702258726899,1.0,1.0,1.05,9.846153846153847,2.0307692307692307,2.018507181814279,1389.5,37829.5,0.0013895,0.00378295,0.00517245,0.010440627472575266,94.77968399186086,1428.0,34930.5,0.001428,0.00349305,0.00492105,0.009933174767067156,99.67274798339801,1357.0,35696.5,0.001357,0.00356965,0.00492665,0.009944478407285318,99.55831578531064,1302.5,28645.5,0.0013025,0.00286455,0.00416705,0.008411220351979191,117.88881258053075
SA001,210516,2723061000,35803045,54000,5,40,41.03,,0,0,20119006912.0,1,40-EPS-90,IQT903,210516,SA005,,B,461,520,P0,0.8,SS00201,EPS,1.6,3.2,1.0,1000000,1990-01-01,1990-01-01,1990-01-01,13030.0,35.67419575633128,0.9541854634062923,1.7134839151266257,1.0,1.0,1.05,10.0,2.05,3.5192975573367895,1389.5,37829.5,0.0013895,0.00378295,0.00517245,0.01820339065044668,53.93482061680975,1428.0,34930.5,0.001428,0.00349305,0.00492105,0.017318639244532207,56.741257028361346,1357.0,35696.5,0.001357,0.00356965,0.00492665,0.017338347310853295,56.67562398372476,1302.5,28645.5,0.0013025,0.00286455,0.00416705,0.014665088886300269,67.1891536937204
SA001,142069,2723061000,35803045,54000,10,80,56.98,,0,0,20119006912.0,1,80-PFP-95,IQT903,142069,SA005,,B,461,520,P0,1.0,SS00201,PFP,1.6,4.5,0.6,1000000,1995-01-01,1995-01-01,1995-01-01,11204.0,30.67488021902806,0.9888428224342896,1.6134976043805613,1.0,1.0,1.05,14.222222222222221,2.5777777777777775,2.591084732773181,1389.5,37829.5,0.0013895,0.00378295,0.00517245,0.013402256226032642,73.61430248271128,1428.0,34930.5,0.001428,0.00349305,0.00492105,0.012750857524213463,77.4260978605582,1357.0,35696.5,0.001357,0.00356965,0.00492665,0.012765367598716994,77.33695287400158,1302.5,28645.5,0.0013025,0.00286455,0.00416705,0.010797179635702486,91.6167789867412
SA001,36931,2723061000,35803045,54000,10,40,73.27,,0,0,20119006912.0,1,40-PFP-93,IQT903,36931,SA005,,B,461,520,P0,0.8,SS00201,PFP,1.6,3.25,0.6,1000000,1993-01-01,1993-01-01,1993-01-01,11934.0,32.6735112936345,0.9541854634062923,1.6534702258726899,1.0,1.0,1.05,9.846153846153847,2.0307692307692307,2.018507181814279,1389.5,37829.5,0.0013895,0.00378295,0.00517245,0.010440627472575266,94.77968399186086,1428.0,34930.5,0.001428,0.00349305,0.00492105,0.009933174767067156,99.67274798339801,1357.0,35696.5,0.001357,0.00356965,0.00492665,0.009944478407285318,99.55831578531064,1302.5,28645.5,0.0013025,0.00286455,0.00416705,0.008411220351979191,117.88881258053075
SA001,141950,2723061000,35803045,54000,10,80,69.92,,0,0,20119006912.0,1,80-PFP-95,IQT903,141950,SA005,,B,461,520,P0,1.0,SS00201,PFP,1.6,4.5,0.6,1000000,1995-01-01,1995-01-01,1995-01-01,11204.0,30.67488021902806,0.9888428224342896,1.6134976043805613,1.0,1.0,1.05,14.222222222222221,2.5777777777777775,2.591084732773181,1389.5,37829.5,0.0013895,0.00378295,0.00517245,0.013402256226032642,73.61430248271128,1428.0,34930.5,0.001428,0.00349305,0.00492105,0.012750857524213463,77.4260978605582,1357.0,35696.5,0.001357,0.00356965,0.00492665,0.012765367598716994,77.33695287400158,1302.5,28645.5,0.0013025,0.00286455,0.00416705,0.010797179635702486,91.6167789867412
SA001,142052,2723063100,35803045,54000,4,300,36.27,,0,0,20119006912.0,1,300-DTC-01,IQT903,142052,SA004,,B,461,520,P0,1.5,SS00201,DTC,1.0,7.2,1.0,1000000,2001-01-01,2001-01-01,2001-01-01,9012.0,24.673511293634498,1.0549306144334054,1.49347022587269,1.0,1.0,1.05,20.833333333333332,4.966666666666667,8.216271419638211,1389.5,37829.5,0.0013895,0.00378295,0.00517245,0.042498253104507666,22.530378943833174,1428.0,34930.5,0.001428,0.00349305,0.00492105,0.04043268246961062,23.732467373432478,1357.0,35696.5,0.001357,0.00356965,0.00492665,0.0404786935895606,23.70435459552229,1302.5,28645.5,0.0013025,0.00286455,0.00416705,0.034237613819203414,28.20764295317548
SA001,71377,2723061000,35803044,54000,13,20,19.94,,0,0,20119006912.0,1,20-STS-92,IQT903,71377,SA005,,B,461,520,P0,0.8,SS00201,STS,2.0,2.1,0.7,1000000,1992-01-01,1992-01-01,1992-01-01,12300.0,33.67556468172484,0.919528104378295,1.673511293634497,1.0,1.0,1.05,9.523809523809524,1.7523809523809524,1.9820267797289195,1389.5,37829.5,0.0013895,0.00378295,0.00517245,0.01025193441680885,96.54256702622108,1428.0,34930.5,0.001428,0.00349305,0.00492105,0.009753652884384999,101.52569082101935,1357.0,35696.5,0.001357,0.00356965,0.00492665,0.009764752234351482,101.4091524290902,1302.5,28645.5,0.0013025,0.00286455,0.00416705,0.008259204692469395,120.07703310850054
SA001,210521,2723063100,35803044,54000,4,150,12.1,,0,0,20119006912.0,1,150-DTC-95,IQT903,210521,SA005,,B,461,520,P0,1.1,SS00201,DTC,1.0,6.0,1.0,1000000,1995-01-01,1995-01-01,1995-01-01,11204.0,30.67488021902806,1.0202732554054081,1.6134976043805613,1.0,1.0,1.05,12.5,3.3000000000000003,5.704112291066283,1389.5,37829.5,0.0013895,0.00378295,0.00517245,0.0295042356199258,32.89343865341986,1428.0,34930.5,0.001428,0.00349305,0.00492105,0.028070221789951732,34.624941173709175,1357.0,35696.5,0.001357,0.00356965,0.00492665,0.028102164818781708,34.58444719289609,1302.5,28645.5,0.0013025,0.00286455,0.00416705,0.02376932112248776,41.0710374876427
SA001,142177,2723061000,35803044,54000,4,150,4.9,,0,0,20119006912.0,1,150-DTC-95,IQT903,142177,SA005,,B,461,520,P0,1.1,SS00201,DTC,1.0,6.0,1.0,1000000,1995-01-01,1995-01-01,1995-01-01,11204.0,30.67488021902806,1.0202732554054081,1.6134976043805613,1.0,1.0,1.05,12.5,3.3000000000000003,5.704112291066283,1389.5,37829.5,0.0013895,0.00378295,0.00517245,0.0295042356199258,32.89343865341986,1428.0,34930.5,0.001428,0.00349305,0.00492105,0.028070221789951732,34.624941173709175,1357.0,35696.5,0.001357,0.00356965,0.00492665,0.028102164818781708,34.58444719289609,1302.5,28645.5,0.0013025,0.00286455,0.00416705,0.02376932112248776,41.0710374876427
SA001,244094,2723061000,35803044,54000,4,80,1.34,,0,0,20119006912.0,1,80-DTC-00,IQT903,244094,SA005,,B,461,520,P0,1.0,SS00201,DTC,1.0,6.0,1.0,1000000,2000-01-01,2000-01-01,2000-01-01,9378.0,25.675564681724847,0.9888428224342896,1.513511293634497,1.0,1.0,1.05,6.666666666666667,2.1333333333333337,3.3524395058195084,1389.5,37829.5,0.0013895,0.00378295,0.00517245,0.017340325721876118,56.669043594632434,1428.0,34930.5,0.001428,0.00349305,0.00492105,0.01649752243011309,59.61516232126408,1357.0,35696.5,0.001357,0.00356965,0.00492665,0.01651629609134568,59.546262580263786,1302.5,28645.5,0.0013025,0.00286455,0.00416705,0.013969783042725184,70.58307304713323
SA001,324785,2723063100,35803045,54000,4,300,74.75,,0,0,20119006912.0,1,300-DTC-01,IQT903,324785,SA004,,B,243,520,P0,1.5,SS00201,DTC,1.0,7.2,1.0,1000000,2001-01-01,2001-01-01,2001-01-01,9012.0,24.673511293634498,1.0549306144334054,1.49347022587269,1.0,1.0,1.05,20.833333333333332,4.966666666666667,8.216271419638211,1389.5,37829.5,0.0013895,0.00378295,0.00517245,0.042498253104507666,22.530378943833174,1428.0,34930.5,0.001428,0.00349305,0.00492105,0.04043268246961062,23.732467373432478,1357.0,35696.5,0.001357,0.00356965,0.00492665,0.0404786935895606,23.70435459552229,1302.5,28645.5,0.0013025,0.00286455,0.00416705,0.034237613819203414,28.20764295317548
SA001,104990,2723063100,35803045,54000,10,80,112.76,,0,0,20119006912.0,1,80-PFP-95,IQT903,104990,SA005,,B,243,520,P0,1.0,SS00201,PFP,1.6,4.5,0.6,1000000,1995-01-01,1995-01-01,1995-01-01,11204.0,30.67488021902806,0.9888428224342896,1.6134976043805613,1.0,1.0,1.05,14.222222222222221,2.5777777777777775,2.591084732773181,1389.5,37829.5,0.0013895,0.00378295,0.00517245,0.013402256226032642,73.61430248271128,1428.0,34930.5,0.001428,0.00349305,0.00492105,0.012750857524213463,77.4260978605582,1357.0,35696.5,0.001357,0.00356965,0.00492665,0.012765367598716994,77.33695287400158,1302.5,28645.5,0.0013025,0.00286455,0.00416705,0.010797179635702486,91.6167789867412
SA001,416929,2723061000,35803045,54000,13,40,9.27,,0,0,20099004890.0,1,40-STS-09,IQT903,416929,SA005,,B,461,520,P0,0.8,SS00201,STS,2.0,2.8,0.7,1000000,2009-03-06,2009-03-06,2009-03-06,6026.0,16.49828884325804,0.9541854634062923,1.3299657768651607,1.0,1.0,1.05,14.285714285714286,2.2285714285714286,2.078677710202427,1389.5,37829.5,0.0013895,0.00378295,0.00517245,0.010751856522136545,92.00719349641079,1428.0,34930.5,0.001428,0.00349305,0.00492105,0.010229276945791652,96.75862021326955,1357.0,35696.5,0.001357,0.00356965,0.00492665,0.010240917540968788,96.6475004314311,1302.5,28645.5,0.0013025,0.00286455,0.00416705,0.008661953952299024,114.44739275998847
SA001,416928,2723061000,35803045,54000,10,40,14.56,,0,0,20119006912.0,1,40-PFP-93,IQT903,416928,SA005,,B,461,520,P0,0.8,SS00201,PFP,1.6,3.25,0.6,1000000,1993-01-01,1993-01-01,1993-01-01,11934.0,32.6735112936345,0.9541854634062923,1.6534702258726899,1.0,1.0,1.05,9.846153846153847,2.0307692307692307,2.018507181814279,1389.5,37829.5,0.0013895,0.00378295,0.00517245,0.010440627472575266,94.77968399186086,1428.0,34930.5,0.001428,0.00349305,0.00492105,0.009933174767067156,99.67274798339801,1357.0,35696.5,0.001357,0.00356965,0.00492665,0.009944478407285318,99.55831578531064,1302.5,28645.5,0.0013025,0.00286455,0.00416705,0.008411220351979191,117.88881258053075
SA001,418929,2723061000,35803044,54000,10,40,4.49,,0,0,20119006912.0,1,40-PFP-91,IQT903,418929,SA005,,B,461,520,P0,0.8,SS00201,PFP,1.6,3.25,0.6,1000000,1991-01-01,1991-01-01,1991-01-01,12665.0,34.67488021902806,0.9541854634062923,1.6934976043805614,1.0,1.0,1.05,9.846153846153847,2.0307692307692307,2.0673714127650924,1389.5,37829.5,0.0013895,0.00378295,0.00517245,0.010693375263956802,92.51584278264413,1428.0,34930.5,0.001428,0.00349305,0.00492105,0.010173638090787657,97.29325469180107,1357.0,35696.5,0.001357,0.00356965,0.00492665,0.010185215370699142,97.18152720430467,1302.5,28645.5,0.0013025,0.00286455,0.00416705,0.00861484004556278,115.07876579380799
SA001,455022,2723063100,35803045,54000,13,50,6.0,,0,0,20179011267.0,1,50-STS-17,IQT903,455022,SA005,,B,470,520,P0,0.8,SS00201,STS,2.0,2.8,0.7,1000000,2017-10-31,2017-10-31,2017-10-31,2865.0,7.84394250513347,0.9653426409720027,1.1568788501026694,1.0,1.0,1.05,17.857142857142858,2.585714285714286,2.1224489126834745,1389.5,37829.5,0.0013895,0.00378295,0.00517245,0.010978260878409639,90.08910883750694,1428.0,34930.5,0.001428,0.00349305,0.00492105,0.010444677221761012,94.74254701873843,1357.0,35696.5,0.001357,0.00356965,0.00492665,0.01045656293567204,94.63371885694391,1302.5,28645.5,0.0013025,0.00286455,0.00416705,0.008844350741597673,112.0665245213191
SA001,459333,2723061000,35803044,54000,10,40,3.43,,0,0,20199001623.0,1,40-PFP-19,IQT903,459333,SA005,,B,461,520,P0,0.8,SS00201,PFP,1.6,3.25,0.6,1000000,2019-01-24,2019-01-24,2019-01-24,2415.0,6.611909650924025,0.9541854634062923,1.1322381930184804,1.0,1.0,1.05,9.846153846153847,2.0307692307692307,1.3822026477229064,1389.5,37829.5,0.0013895,0.00378295,0.00517245,0.007149374085214348,138.87238436272406,1428.0,34930.5,0.001428,0.00349305,0.00492105,0.0068018883395768075,146.01799707317997,1357.0,35696.5,0.001357,0.00356965,0.00492665,0.006809628674404057,145.85088538803694,1302.5,28645.5,0.0013025,0.00286455,0.00416705,0.005759707543193738,172.61992644604027
SA001,459336,2723061000,35803044,54000,10,40,1.0,,0,0,20199001623.0,1,40-PFP-19,IQT903,459336,SA005,,B,461,520,P0,0.8,SS00201,PFP,1.6,3.25,0.6,1000000,2019-01-24,2019-01-24,2019-01-24,2415.0,6.611909650924025,0.9541854634062923,1.1322381930184804,1.0,1.0,1.05,9.846153846153847,2.0307692307692307,1.3822026477229064,1389.5,37829.5,0.0013895,0.00378295,0.00517245,0.007149374085214348,138.87238436272406,1428.0,34930.5,0.001428,0.00349305,0.00492105,0.0068018883395768075,146.01799707317997,1357.0,35696.5,0.001357,0.00356965,0.00492665,0.006809628674404057,145.85088538803694,1302.5,28645.5,0.0013025,0.00286455,0.00416705,0.005759707543193738,172.61992644604027
SA001,459327,2723061000,35803044,54000,10,80,28.25,,0,0,20119006912.0,1,80-PFP-96,IQT903,459327,SA005,,B,461,520,P0,1.0,SS00201,PFP,1.6,4.5,0.6,1000000,1996-01-01,1996-01-01,1996-01-01,10839.0,29.675564681724847,0.9888428224342896,1.593511293634497,1.0,1.0,1.05,14.222222222222221,2.5777777777777775,2.558989101209806,1389.5,37829.5,0.0013895,0.00378295,0.00517245,0.013236243176552661,74.55013810651724,1428.0,34930.5,0.001428,0.00349305,0.00492105,0.012592913316508515,78.40974219913538,1357.0,35696.5,0.001357,0.00356965,0.00492665,0.012607243655475291,78.31947912862799,1302.5,28645.5,0.0013025,0.00286455,0.00416705,0.010663435534196321,92.77840723030803
SA001,459332,2723061000,35803044,54000,10,40,20.57,,0,0,20119006912.0,1,40-PFP-91,IQT903,459332,SA005,,B,461,520,P0,0.8,SS00201,PFP,1.6,3.25,0.6,1000000,1991-01-01,1991-01-01,1991-01-01,12665.0,34.67488021902806,0.9541854634062923,1.6934976043805614,1.0,1.0,1.05,9.846153846153847,2.0307692307692307,2.0673714127650924,1389.5,37829.5,0.0013895,0.00378295,0.00517245,0.010693375263956802,92.51584278264413,1428.0,34930.5,0.001428,0.00349305,0.00492105,0.010173638090787657,97.29325469180107,1357.0,35696.5,0.001357,0.00356965,0.00492665,0.010185215370699142,97.18152720430467,1302.5,28645.5,0.0013025,0.00286455,0.00416705,0.00861484004556278,115.07876579380799
SA001,105268,2723061000,35803044,54000,4,80,165.54,,0,0,20119006912.0,1,80-DTC-90,IQT903,105268,SA005,,B,461,520,P0,1.0,SS00201,DTC,1.0,6.0,1.0,1000000,1990-01-01,1990-01-01,1990-01-01,13030.0,35.67419575633128,0.9888428224342896,1.7134839151266257,1.0,1.0,1.05,6.666666666666667,2.1333333333333337,3.7953804466582364,1389.5,37829.5,0.0013895,0.00378295,0.00517245,0.019631415591317397,49.938761667410326,1428.0,34930.5,0.001428,0.00349305,0.00492105,0.01867725694702751,52.541052780727,1357.0,35696.5,0.001357,0.00356965,0.00492665,0.0186985110775288,52.48019400334843,1302.5,28645.5,0.0013025,0.00286455,0.00416705,0.015815540090247205,62.22895040534588
SA001,244090,2723061000,35803044,54000,10,50,27.41,,0,0,20119006912.0,1,50-PFP-96,IQT903,244090,SA005,,B,461,520,P0,0.8,SS00201,PFP,1.6,3.65,0.6,1000000,1996-01-01,1996-01-01,1996-01-01,10839.0,29.675564681724847,0.9653426409720027,1.593511293634497,1.0,1.0,1.05,10.95890410958904,2.16986301369863,2.1028558480308996,1389.5,37829.5,0.0013895,0.00378295,0.00517245,0.010876916731147428,90.93781884312614,1428.0,34930.5,0.001428,0.00349305,0.00492105,0.010348258770952459,95.6346147824403,1357.0,35696.5,0.001357,0.00356965,0.00492665,0.010360034763701433,95.52477262950033,1302.5,28645.5,0.0013025,0.00286455,0.00416705,0.008762705461537162,113.12000601747707
SA001,244092,2723061000,35803044,54000,10,80,85.27,,0,0,20119006912.0,1,80-PFP-97,IQT903,244092,SA005,,B,461,520,P0,1.0,SS00201,PFP,1.6,4.5,0.6,1000000,1997-01-01,1997-01-01,1997-01-01,10473.0,28.673511293634498,0.9888428224342896,1.5734702258726898,1.0,1.0,1.05,14.222222222222221,2.5777777777777775,2.52680553640927,1389.5,37829.5,0.0013895,0.00378295,0.00517245,0.013069775296800128,75.5124095320009,1428.0,34930.5,0.001428,0.00349305,0.00492105,0.012434536384946836,79.42117285615836,1357.0,35696.5,0.001357,0.00356965,0.00492665,0.01244868649595073,79.32976011768605,1302.5,28645.5,0.0013025,0.00286455,0.00416705,0.010529325010494249,93.97284954195368
SA001,105103,2723061000,35803044,54000,5,50,37.75,,0,0,20119006912.0,1,50-EPS-96,IQT903,105103,SA005,,B,461,520,P0,0.8,SS00201,EPS,1.6,3.2,1.0,1000000,1996-01-01,1996-01-01,1996-01-01,10839.0,29.675564681724847,0.9653426409720027,1.593511293634497,1.0,1.0,1.05,12.5,2.3625,3.8159067412776624,1389.5,37829.5,0.0013895,0.00378295,0.00517245,0.019737586823921648,49.66475496325698,1428.0,34930.5,0.001428,0.00349305,0.00492105,0.01877826786916444,52.253047989697045,1357.0,35696.5,0.001357,0.00356965,0.00492665,0.018799636946915596,52.19251658017083,1302.5,28645.5,0.0013025,0.00286455,0.00416705,0.015901074186241083,61.888833061686
SA001,299654,2723061000,35803044,54000,4,150,10.0,,0,0,2004540000000.0,1,150-DTC-03,IQT903,299654,SA005,,B,461,520,P0,1.3,SS00201,DTC,1.0,6.0,1.0,1000000,2003-12-26,2003-12-26,2003-12-26,7923.0,21.691991786447637,1.0202732554054081,1.4338398357289528,1.0,1.0,1.05,12.5,3.3000000000000003,5.068977733959451,1389.5,37829.5,0.0013895,0.00378295,0.00517245,0.026219033880018564,37.140230665100766,1428.0,34930.5,0.001428,0.00349305,0.00492105,0.024944692877701156,39.08868759791111,1357.0,35696.5,0.001357,0.00356965,0.00492665,0.02497307915301133,39.0431197880305,1302.5,28645.5,0.0013025,0.00286455,0.00416705,0.02112268366629573,46.3424691577256
SA001,210428,2723061000,35803044,54000,13,25,46.34,,0,0,20119006912.0,1,25-STS-90,IQT903,210428,SA005,,B,461,520,P0,0.8,SS00201,STS,2.0,2.8,0.7,1000000,1990-01-01,1990-01-01,1990-01-01,13030.0,35.67419575633128,0.9306852819440055,1.7134839151266257,1.0,1.0,1.05,8.928571428571429,1.692857142857143,1.9842232188214046,1389.5,37829.5,0.0013895,0.00378295,0.00517245,0.010263295388192775,96.43459212432218,1428.0,34930.5,0.001428,0.00349305,0.00492105,0.009764461670981073,101.41219984219838,1357.0,35696.5,0.001357,0.00356965,0.00492665,0.009775573321006474,101.29579045263014,1302.5,28645.5,0.0013025,0.00286455,0.00416705,0.008268357363989735,119.94300669141246
SA001,142070,2723061000,35803044,54000,5,40,38.33,,0,0,20119006912.0,1,40-EPS-87,IQT903,142070,SA005,,B,461,520,P0,0.8,SS00201,EPS,1.6,3.2,1.0,1000000,1987-01-01,1987-01-01,1987-01-01,14126.0,38.67488021902806,0.9541854634062923,1.7734976043805613,1.0,1.0,1.05,10.0,2.05,3.6425587260782173,1389.5,37829.5,0.0013895,0.00378295,0.00517245,0.018840952882703276,52.075871811029195,1428.0,34930.5,0.001428,0.00349305,0.00492105,0.01792521361896721,54.78734074007742,1357.0,35696.5,0.001357,0.00356965,0.00492665,0.01794561194783325,54.72392866328193,1302.5,28645.5,0.0013025,0.00286455,0.00416705,0.015178724339504237,64.8816892403398
SA001,299650,2723061000,35803044,54000,10,80,26.62,,0,0,20119006912.0,1,80-PFP-95,IQT903,299650,SA005,,B,461,520,P0,1.0,SS00201,PFP,1.6,4.5,0.6,1000000,1995-01-01,1995-01-01,1995-01-01,11204.0,30.67488021902806,0.9888428224342896,1.6134976043805613,1.0,1.0,1.05,14.222222222222221,2.5777777777777775,2.591084732773181,1389.5,37829.5,0.0013895,0.00378295,0.00517245,0.013402256226032642,73.61430248271128,1428.0,34930.5,0.001428,0.00349305,0.00492105,0.012750857524213463,77.4260978605582,1357.0,35696.5,0.001357,0.00356965,0.00492665,0.012765367598716994,77.33695287400158,1302.5,28645.5,0.0013025,0.00286455,0.00416705,0.010797179635702486,91.6167789867412
SA001,299651,2723061000,35803044,54000,4,150,6.0,,0,0,2004540000000.0,1,150-DTC-03,IQT903,299651,SA005,,B,461,520,P0,1.3,SS00201,DTC,1.0,6.0,1.0,1000000,2003-12-26,2003-12-26,2003-12-26,7923.0,21.691991786447637,1.0202732554054081,1.4338398357289528,1.0,1.0,1.05,12.5,3.3000000000000003,5.068977733959451,1389.5,37829.5,0.0013895,0.00378295,0.00517245,0.026219033880018564,37.140230665100766,1428.0,34930.5,0.001428,0.00349305,0.00492105,0.024944692877701156,39.08868759791111,1357.0,35696.5,0.001357,0.00356965,0.00492665,0.02497307915301133,39.0431197880305,1302.5,28645.5,0.0013025,0.00286455,0.00416705,0.02112268366629573,46.3424691577256
SA001,244091,2723061000,35803044,54000,10,80,42.82,,0,0,20119006912.0,1,80-PFP-96,IQT903,244091,SA005,,B,461,520,P0,1.0,SS00201,PFP,1.6,4.5,0.6,1000000,1996-01-01,1996-01-01,1996-01-01,10839.0,29.675564681724847,0.9888428224342896,1.593511293634497,1.0,1.0,1.05,14.222222222222221,2.5777777777777775,2.558989101209806,1389.5,37829.5,0.0013895,0.00378295,0.00517245,0.013236243176552661,74.55013810651724,1428.0,34930.5,0.001428,0.00349305,0.00492105,0.012592913316508515,78.40974219913538,1357.0,35696.5,0.001357,0.00356965,0.00492665,0.012607243655475291,78.31947912862799,1302.5,28645.5,0.0013025,0.00286455,0.00416705,0.010663435534196321,92.77840723030803
SA001,299649,2723061000,35803044,54000,10,80,3.68,,0,0,2004540000000.0,1,80-PFP-03,IQT903,299649,SA005,,B,461,520,P0,1.0,SS00201,PFP,1.6,4.5,0.6,1000000,2003-12-26,2003-12-26,2003-12-26,7923.0,21.691991786447637,0.9888428224342896,1.4338398357289528,1.0,1.0,1.05,14.222222222222221,2.5777777777777775,2.302575781651439,1389.5,37829.5,0.0013895,0.00378295,0.00517245,0.011909958101802988,82.96335162997887,1428.0,34930.5,0.001428,0.00349305,0.00492105,0.011331090550295814,87.25275868737045,1357.0,35696.5,0.001357,0.00356965,0.00492665,0.011343984974673064,87.1524439808966,1302.5,28645.5,0.0013025,0.00286455,0.00416705,0.00959494841093063,103.22150877442897
SA001,71479,2723061000,35803044,54000,10,40,26.13,,0,0,20119006912.0,1,40-PFP-98,IQT903,71479,SA005,,B,461,520,P0,0.8,SS00201,PFP,1.6,3.25,0.6,1000000,1998-01-01,1998-01-01,1998-01-01,10108.0,27.67419575633128,0.9541854634062923,1.5534839151266255,1.0,1.0,1.05,9.846153846153847,2.0307692307692307,1.8964468730370072,1389.5,37829.5,0.0013895,0.00378295,0.00517245,0.009809276628440269,100.94431637300107,1428.0,34930.5,0.001428,0.00349305,0.00492105,0.009332509884558764,106.15231083275509,1357.0,35696.5,0.001357,0.00356965,0.00492665,0.009343129987047772,106.03051347741962,1302.5,28645.5,0.0013025,0.00286455,0.00416705,0.007902588942288862,125.5408092591952
SA001,177125,2723063100,35803045,54000,13,25,34.53,,0,0,20119006912.0,1,25-STS-91,IQT903,177125,SA005,,B,470,520,P0,0.8,SS00201,STS,2.0,2.8,0.7,1000000,1991-01-01,1991-01-01,1991-01-01,12665.0,34.67488021902806,0.9306852819440055,1.6934976043805614,1.0,1.0,1.05,8.928571428571429,1.692857142857143,1.9610789678069505,1389.5,37829.5,0.0013895,0.00378295,0.00517245,0.010143582907033061,97.58449515965894,1428.0,34930.5,0.001428,0.00349305,0.00492105,0.009650567654526394,102.62084758101987,1357.0,35696.5,0.001357,0.00356965,0.00492665,0.009661549696746112,102.50306435175584,1302.5,28645.5,0.0013025,0.00286455,0.00416705,0.008171914112799954,121.37035120494782
SA001,178213,2723063100,35803045,54000,10,50,88.0,,0,0,20119006912.0,1,50-PFP-91,IQT903,178213,SA005,,B,470,520,P0,0.8,SS00201,PFP,1.6,3.65,0.6,1000000,1991-01-01,1991-01-01,1991-01-01,12665.0,34.67488021902806,0.9653426409720027,1.6934976043805614,1.0,1.0,1.05,10.95890410958904,2.16986301369863,2.2348014445982396,1389.5,37829.5,0.0013895,0.00378295,0.00517245,0.011559398732112165,85.50968992201874,1428.0,34930.5,0.001428,0.00349305,0.00492105,0.010997569648940166,89.92918089374136,1357.0,35696.5,0.001357,0.00356965,0.00492665,0.011010084537029917,89.82582396499566,1302.5,28645.5,0.0013025,0.00286455,0.00416705,0.009312529359713094,106.38221178943039
SA001,107418,2723063100,35803045,54000,13,20,2.49,,0,0,20119006912.0,1,20-STS-93,IQT903,107418,SA005,,B,470,520,P0,0.8,SS00201,STS,2.0,2.1,0.7,1000000,1993-01-01,1993-01-01,1993-01-01,11934.0,32.6735112936345,0.919528104378295,1.6534702258726899,1.0,1.0,1.05,9.523809523809524,1.7523809523809524,1.9582910970661536,1389.5,37829.5,0.0013895,0.00378295,0.00517245,0.010129162785019826,97.72484243998086,1428.0,34930.5,0.001428,0.00349305,0.00492105,0.009636848403217395,102.76836473489986,1357.0,35696.5,0.001357,0.00356965,0.00492665,0.009647814833360966,102.6504138265716,1302.5,28645.5,0.0013025,0.00286455,0.00416705,0.008160296916029515,121.54456060730709
SA001,246345,2723063100,35803045,54000,13,25,25.5,,0,0,20119006912.0,1,25-STS-99,IQT903,246345,SA005,,B,470,520,P0,0.8,SS00201,STS,2.0,2.8,0.7,1000000,1999-01-01,1999-01-01,1999-01-01,9743.0,26.67488021902806,0.9306852819440055,1.5334976043805613,1.0,1.0,1.05,8.928571428571429,1.692857142857143,1.775798141877538,1389.5,37829.5,0.0013895,0.00378295,0.00517245,0.009185227098954472,107.87047094500551,1428.0,34930.5,0.001428,0.00349305,0.00492105,0.008738791446086457,113.4322994969557,1357.0,35696.5,0.001357,0.00356965,0.00492665,0.008748735915680973,113.30222716034095,1302.5,28645.5,0.0013025,0.00286455,0.00416705,0.007399839647110795,134.138063483638
SA001,106340,2723063100,35803045,54000,13,20,13.0,,0,0,20119006912.0,1,20-STS-90,IQT903,106340,SA005,,B,470,520,P0,0.8,SS00201,STS,2.0,2.1,0.7,1000000,1990-01-01,1990-01-01,1990-01-01,13030.0,35.67419575633128,0.919528104378295,1.7134839151266257,1.0,1.0,1.05,9.523809523809524,1.7523809523809524,2.0293684418705022,1389.5,37829.5,0.0013895,0.00378295,0.00517245,0.01049680679715308,94.26706734006171,1428.0,34930.5,0.001428,0.00349305,0.00492105,0.009986623570866835,99.13394345985151,1357.0,35696.5,0.001357,0.00356965,0.00492665,0.00999798803414131,99.02012370740812,1302.5,28645.5,0.0013025,0.00286455,0.00416705,0.008456479765696476,117.25251495976823
SA001,175848,2723061000,35803044,54000,4,300,176.73,,0,0,20119006912.0,1,300-DTC-00,IQT903,175848,SA004,,B,461,520,P0,1.5,SS00201,DTC,1.0,7.2,1.0,1000000,2000-01-01,2000-01-01,2000-01-01,9378.0,25.675564681724847,1.0549306144334054,1.513511293634497,1.0,1.0,1.05,20.833333333333332,4.966666666666667,8.326526615502026,1389.5,37829.5,0.0013895,0.00378295,0.00517245,0.04306854259235345,22.218802861872174,1428.0,34930.5,0.001428,0.00349305,0.00492105,0.04097525380121624,23.404973910626946,1357.0,35696.5,0.001357,0.00356965,0.00492665,0.04102188235026306,23.377233386355986,1302.5,28645.5,0.0013025,0.00286455,0.00416705,0.03469705273312772,27.82089172505507
SA001,36933,2723063100,35803044,54000,10,80,189.61,,0,0,20119006912.0,1,80-PFP-97,IQT903,36933,SA005,,B,461,520,P0,1.0,SS00201,PFP,1.6,4.5,0.6,1000000,1997-01-01,1997-01-01,1997-01-01,10473.0,28.673511293634498,0.9888428224342896,1.5734702258726898,1.0,1.0,1.05,14.222222222222221,2.5777777777777775,2.52680553640927,1389.5,37829.5,0.0013895,0.00378295,0.00517245,0.013069775296800128,75.5124095320009,1428.0,34930.5,0.001428,0.00349305,0.00492105,0.012434536384946836,79.42117285615836,1357.0,35696.5,0.001357,0.00356965,0.00492665,0.01244868649595073,79.32976011768605,1302.5,28645.5,0.0013025,0.00286455,0.00416705,0.010529325010494249,93.97284954195368
SA001,210519,2723061000,35803044,54000,10,32,23.15,,0,0,20119006912.0,1,32-PFP-99,IQT903,210519,SA005,,B,461,520,P0,0.8,SS00201,PFP,1.6,3.25,0.6,1000000,1999-01-01,1999-01-01,1999-01-01,9743.0,26.67488021902806,0.9430282858405817,1.5334976043805613,1.0,1.0,1.05,7.876923076923077,1.7846153846153847,1.6258969013069176,1389.5,37829.5,0.0013895,0.00378295,0.00517245,0.008409870427164966,117.90789622273739,1428.0,34930.5,0.001428,0.00349305,0.00492105,0.008001119946176406,123.9825032904153,1357.0,35696.5,0.001357,0.00356965,0.00492665,0.008010224968823726,123.84043880066537,1302.5,28645.5,0.0013025,0.00286455,0.00416705,0.006775193682590991,146.5972565285509
SA001,324797,2723061000,35803044,54000,4,150,258.87,,0,0,20119006912.0,1,150-DTC-95,IQT903,324797,SA005,,B,461,520,P0,1.1,SS00201,DTC,1.0,6.0,1.0,1000000,1995-01-01,1995-01-01,1995-01-01,11204.0,30.67488021902806,1.0202732554054081,1.6134976043805613,1.0,1.0,1.05,12.5,3.3000000000000003,5.704112291066283,1389.5,37829.5,0.0013895,0.00378295,0.00517245,0.0295042356199258,32.89343865341986,1428.0,34930.5,0.001428,0.00349305,0.00492105,0.028070221789951732,34.624941173709175,1357.0,35696.5,0.001357,0.00356965,0.00492665,0.028102164818781708,34.58444719289609,1302.5,28645.5,0.0013025,0.00286455,0.00416705,0.02376932112248776,41.0710374876427
SA001,419203,2723063100,35803045,54000,4,80,126.91,,0,0,20099009661.0,1,80-DTC-09,IQT903,419203,SA005,,B,470,520,P0,1.0,SS00201,DTC,1.0,6.0,1.0,1000000,2009-09-18,2009-09-18,2009-09-18,5830.0,15.961670088980151,0.9888428224342896,1.319233401779603,1.0,1.0,1.05,6.666666666666667,2.1333333333333337,2.9221124362423434,1389.5,37829.5,0.0013895,0.00378295,0.00517245,0.01511448047084171,65.16171835539849,1428.0,34930.5,0.001428,0.00349305,0.00492105,0.014379861404370383,68.54169945588461,1357.0,35696.5,0.001357,0.00356965,0.00492665,0.014396225234013342,68.46265314308525,1302.5,28645.5,0.0013025,0.00286455,0.00416705,0.012176588627443658,81.12480774345903
SA001,439266,2723063000,35803045,54000,18,150,209.58,,0,0,20149013579.0,1,150-DTEP-14,IQT903,439266,SA005,,B,470,520,P0,1.1,SS00201,DTEP,1.6,6.0,1.0,1000000,2014-09-30,2014-09-30,2014-09-30,3992.0,10.929500342231348,1.0202732554054081,1.218590006844627,1.0,1.0,1.05,20.0,3.3000000000000003,4.308016458742457,1389.5,37829.5,0.0013895,0.00378295,0.00517245,0.022282999732022423,43.87726123170577,1428.0,34930.5,0.001428,0.00349305,0.00492105,0.021199964394294564,46.169890543265474,1357.0,35696.5,0.001357,0.00356965,0.00492665,0.021224089286463525,46.11627370686705,1302.5,28645.5,0.0013025,0.00286455,0.00416705,0.017951719984402755,54.70496870878357
SA001,439848,2723063000,35803045,54000,18,200,24.45,,0,0,20149015602.0,1,200-DTEP-14,IQT903,439848,SA005,,B,490,520,P0,1.3,SS00201,DTEP,1.6,6.3,1.0,1000000,2014-11-14,2014-11-14,2014-11-14,3947.0,10.806297056810404,1.0346573590279973,1.216125941136208,1.0,1.0,1.05,25.3968253968254,3.9746031746031747,5.251195384785954,1389.5,37829.5,0.0013895,0.00378295,0.00517245,0.02716154556803611,35.81675615605641,1428.0,34930.5,0.001428,0.00349305,0.00492105,0.02584139504830092,37.697601198807966,1357.0,35696.5,0.001357,0.00356965,0.00492665,0.025870801742455724,37.65361460209147,1302.5,28645.5,0.0013025,0.00286455,0.00416705,0.021881993728172313,44.69967492096181
SA001,308925,2723061000,35803044,54000,4,150,186.29,,0,0,20119006912.0,1,150-DTC-95,IQT903,308925,SA005,,B,461,520,P0,1.1,SS00201,DTC,1.0,6.0,1.0,1000000,1995-01-01,1995-01-01,1995-01-01,11204.0,30.67488021902806,1.0202732554054081,1.6134976043805613,1.0,1.0,1.05,12.5,3.3000000000000003,5.704112291066283,1389.5,37829.5,0.0013895,0.00378295,0.00517245,0.0295042356199258,32.89343865341986,1428.0,34930.5,0.001428,0.00349305,0.00492105,0.028070221789951732,34.624941173709175,1357.0,35696.5,0.001357,0.00356965,0.00492665,0.028102164818781708,34.58444719289609,1302.5,28645.5,0.0013025,0.00286455,0.00416705,0.02376932112248776,41.0710374876427
SA001,210425,2723061000,35803044,54000,13,25,18.47,,0,0,20119006912.0,1,25-STS-92,IQT903,210425,SA005,,B,461,520,P0,0.8,SS00201,STS,2.0,2.8,0.7,1000000,1992-01-01,1992-01-01,1992-01-01,12300.0,33.67556468172484,0.9306852819440055,1.673511293634497,1.0,1.0,1.05,8.928571428571429,1.692857142857143,1.9379347167924958,1389.5,37829.5,0.0013895,0.00378295,0.00517245,0.010023870425873346,98.76186418160661,1428.0,34930.5,0.001428,0.00349305,0.00492105,0.00953667363807171,103.85836445192615,1357.0,35696.5,0.001357,0.00356965,0.00492665,0.00954752607248575,103.7391745681449,1302.5,28645.5,0.0013025,0.00286455,0.00416705,0.00807547086161017,122.8317885281317
SA001,36408,2723061000,35803044,54000,13,20,5.31,,0,0,20119006912.0,1,20-STS-89,IQT903,36408,SA005,,B,461,520,P0,0.8,SS00201,STS,2.0,2.1,0.7,1000000,1989-01-01,1989-01-01,1989-01-01,13395.0,36.6735112936345,0.919528104378295,1.73347022587269,1.0,1.0,1.05,9.523809523809524,1.7523809523809524,2.053039272941293,1389.5,37829.5,0.0013895,0.00378295,0.00517245,0.010619242987325193,93.16867108075121,1428.0,34930.5,0.001428,0.00349305,0.00492105,0.01010310891410775,97.97943380612504,1357.0,35696.5,0.001357,0.00356965,0.00492665,0.010114605934036222,97.86692635596839,1302.5,28645.5,0.0013025,0.00286455,0.00416705,0.008555117302310017,115.88910445798145
SA001,142178,2723061000,35803044,54000,4,150,4.17,,0,0,20119006912.0,1,150-DTC-95,IQT903,142178,SA005,,B,461,520,P0,1.1,SS00201,DTC,1.0,6.0,1.0,1000000,1995-01-01,1995-01-01,1995-01-01,11204.0,30.67488021902806,1.0202732554054081,1.6134976043805613,1.0,1.0,1.05,12.5,3.3000000000000003,5.704112291066283,1389.5,37829.5,0.0013895,0.00378295,0.00517245,0.0295042356199258,32.89343865341986,1428.0,34930.5,0.001428,0.00349305,0.00492105,0.028070221789951732,34.624941173709175,1357.0,35696.5,0.001357,0.00356965,0.00492665,0.028102164818781708,34.58444719289609,1302.5,28645.5,0.0013025,0.00286455,0.00416705,0.02376932112248776,41.0710374876427
SA001,210523,2723061000,35803044,54000,4,150,3.76,,0,0,20119006912.0,1,150-DTC-95,IQT903,210523,SA005,,B,461,520,P0,1.1,SS00201,DTC,1.0,6.0,1.0,1000000,1995-01-01,1995-01-01,1995-01-01,11204.0,30.67488021902806,1.0202732554054081,1.6134976043805613,1.0,1.0,1.05,12.5,3.3000000000000003,5.704112291066283,1389.5,37829.5,0.0013895,0.00378295,0.00517245,0.0295042356199258,32.89343865341986,1428.0,34930.5,0.001428,0.00349305,0.00492105,0.028070221789951732,34.624941173709175,1357.0,35696.5,0.001357,0.00356965,0.00492665,0.028102164818781708,34.58444719289609,1302.5,28645.5,0.0013025,0.00286455,0.00416705,0.02376932112248776,41.0710374876427
SA001,2767,2723061000,35803044,54000,10,40,69.23,,0,0,20119006912.0,1,40-PFP-93,IQT903,2767,SA005,,B,461,520,P0,0.8,SS00201,PFP,1.6,3.25,0.6,1000000,1993-01-01,1993-01-01,1993-01-01,11934.0,32.6735112936345,0.9541854634062923,1.6534702258726899,1.0,1.0,1.05,9.846153846153847,2.0307692307692307,2.018507181814279,1389.5,37829.5,0.0013895,0.00378295,0.00517245,0.010440627472575266,94.77968399186086,1428.0,34930.5,0.001428,0.00349305,0.00492105,0.009933174767067156,99.67274798339801,1357.0,35696.5,0.001357,0.00356965,0.00492665,0.009944478407285318,99.55831578531064,1302.5,28645.5,0.0013025,0.00286455,0.00416705,0.008411220351979191,117.88881258053075
SA001,2886,2723061000,35803044,54000,4,80,2.9,,0,0,20119006912.0,1,80-DTC-00,IQT903,2886,SA005,,B,461,520,P0,1.0,SS00201,DTC,1.0,6.0,1.0,1000000,2000-01-01,2000-01-01,2000-01-01,9378.0,25.675564681724847,0.9888428224342896,1.513511293634497,1.0,1.0,1.05,6.666666666666667,2.1333333333333337,3.3524395058195084,1389.5,37829.5,0.0013895,0.00378295,0.00517245,0.017340325721876118,56.669043594632434,1428.0,34930.5,0.001428,0.00349305,0.00492105,0.01649752243011309,59.61516232126408,1357.0,35696.5,0.001357,0.00356965,0.00492665,0.01651629609134568,59.546262580263786,1302.5,28645.5,0.0013025,0.00286455,0.00416705,0.013969783042725184,70.58307304713323
SA001,175868,2723061000,35803044,54000,13,25,28.44,,0,0,20119006912.0,1,25-STS-89,IQT903,175868,SA005,,B,243,520,P0,0.8,SS00201,STS,2.0,2.8,0.7,1000000,1989-01-01,1989-01-01,1989-01-01,13395.0,36.6735112936345,0.9306852819440055,1.73347022587269,1.0,1.0,1.05,8.928571428571429,1.692857142857143,2.007367469835859,1389.5,37829.5,0.0013895,0.00378295,0.00517245,0.010383007869352489,95.31120505568514,1428.0,34930.5,0.001428,0.00349305,0.00492105,0.009878355687435754,100.23142268220778,1357.0,35696.5,0.001357,0.00356965,0.00492665,0.009889596945266836,100.11635545254454,1302.5,28645.5,0.0013025,0.00286455,0.00416705,0.008364800615179517,118.5485757526976
SA001,142175,2723061000,35803044,54000,13,25,31.05,,0,0,20119006912.0,1,25-STS-96,IQT903,142175,SA005,,B,243,520,P0,0.8,SS00201,STS,2.0,2.8,0.7,1000000,1996-01-01,1996-01-01,1996-01-01,10839.0,29.675564681724847,0.9306852819440055,1.593511293634497,1.0,1.0,1.05,8.928571428571429,1.692857142857143,1.8452943038277898,1389.5,37829.5,0.0013895,0.00378295,0.00517245,0.009544692521834052,103.77026868203878,1428.0,34930.5,0.001428,0.00349305,0.00492105,0.009080785533851745,109.12263160187594,1357.0,35696.5,0.001357,0.00356965,0.00492665,0.009091119181953182,108.99745795711316,1302.5,28645.5,0.0013025,0.00286455,0.00416705,0.007689433628765592,129.04858982839454
SA001,220500,2723061000,35803044,54000,5,50,64.01,,0,0,20119006912.0,1,50-EPS-89,IQT903,220500,SA005,,B,461,520,P0,0.8,SS00201,EPS,1.6,3.2,1.0,1000000,1989-01-01,1989-01-01,1989-01-01,13395.0,36.6735112936345,0.9653426409720027,1.73347022587269,1.0,1.0,1.05,12.5,2.3625,4.151059830661567,1389.5,37829.5,0.0013895,0.00378295,0.00517245,0.021471149421105423,45.57412513822075,1428.0,34930.5,0.001428,0.00349305,0.00492105,0.020427572979677105,47.95344155641376,1357.0,35696.5,0.001357,0.00356965,0.00492665,0.020450818914728813,47.89779740212718,1302.5,28645.5,0.0013025,0.00286455,0.00416705,0.017297673867358285,56.81124142287467
SA001,176383,2723061000,35803044,54000,10,50,19.68,,0,0,20119006912.0,1,50-PFP-98,IQT903,176383,SA005,,B,461,520,P0,0.8,SS00201,PFP,1.6,3.65,0.6,1000000,1998-01-01,1998-01-01,1998-01-01,10108.0,27.67419575633128,0.9653426409720027,1.5534839151266255,1.0,1.0,1.05,10.95890410958904,2.16986301369863,2.050034253786253,1389.5,37829.5,0.0013895,0.00378295,0.00517245,0.010603699675996706,93.30670714521193,1428.0,34930.5,0.001428,0.00349305,0.00492105,0.01008832106459484,98.1245216718488,1357.0,35696.5,0.001357,0.00356965,0.00492665,0.010099801256416045,98.01184930393907,1302.5,28645.5,0.0013025,0.00286455,0.00416705,0.008542595237240005,116.06044500863958
SA001,199209,2723061000,35803044,54000,13,50,5.46,,0,0,2003540000000.0,1,50-STS-03,IQT903,199209,SA005,,B,461,520,P0,0.8,SS00201,STS,2.0,2.8,0.7,1000000,2003-04-17,2003-04-17,2003-04-17,8176.0,22.38466803559206,0.9653426409720027,1.4476933607118412,1.0,1.0,1.05,17.857142857142858,2.585714285714286,2.6559870111457595,1389.5,37829.5,0.0013895,0.00378295,0.00517245,0.013737960015800885,71.79101109988947,1428.0,34930.5,0.001428,0.00349305,0.00492105,0.01307024488119884,75.50966061381685,1357.0,35696.5,0.001357,0.00356965,0.00492665,0.013085118408461258,75.42269399361093,1302.5,28645.5,0.0013025,0.00286455,0.00416705,0.011067630674794937,89.35357515835503
SA001,2880,2723061000,35803044,54000,5,40,49.61,,0,0,20119006912.0,1,40-EPS-89,IQT903,2880,SA005,,B,461,520,P0,0.8,SS00201,EPS,1.6,3.2,1.0,1000000,1989-01-01,1989-01-01,1989-01-01,13395.0,36.6735112936345,0.9541854634062923,1.73347022587269,1.0,1.0,1.05,10.0,2.05,3.5603471253939256,1389.5,37829.5,0.0013895,0.00378295,0.00517245,0.01841571748874381,53.3014411798632,1428.0,34930.5,0.001428,0.00349305,0.00492105,0.017520646221419776,56.07552035252302,1357.0,35696.5,0.001357,0.00356965,0.00492665,0.017540584165321983,56.01064403413748,1302.5,28645.5,0.0013025,0.00286455,0.00416705,0.014836144488872759,66.4029563914
SA001,210423,2723061000,35803044,54000,13,20,11.23,,0,0,20119006912.0,1,20-STS-92,IQT903,210423,SA005,,B,461,520,P0,0.8,SS00201,STS,2.0,2.1,0.7,1000000,1992-01-01,1992-01-01,1992-01-01,12300.0,33.67556468172484,0.919528104378295,1.673511293634497,1.0,1.0,1.05,9.523809523809524,1.7523809523809524,1.9820267797289195,1389.5,37829.5,0.0013895,0.00378295,0.00517245,0.01025193441680885,96.54256702622108,1428.0,34930.5,0.001428,0.00349305,0.00492105,0.009753652884384999,101.52569082101935,1357.0,35696.5,0.001357,0.00356965,0.00492665,0.009764752234351482,101.4091524290902,1302.5,28645.5,0.0013025,0.00286455,0.00416705,0.008259204692469395,120.07703310850054
SA001,142068,2723061000,35803044,54000,13,20,9.61,,0,0,20119006912.0,1,20-STS-88,IQT903,142068,SA005,,B,461,520,P0,0.8,SS00201,STS,2.0,2.1,0.7,1000000,1988-01-01,1988-01-01,1988-01-01,13761.0,37.67556468172484,0.919528104378295,1.7535112936344968,1.0,1.0,1.05,9.523809523809524,1.7523809523809524,2.076774955604059,1389.5,37829.5,0.0013895,0.00378295,0.00517245,0.010742014619114216,92.09240728648905,1428.0,34930.5,0.001428,0.00349305,0.00492105,0.010219913395275353,96.84818729112696,1357.0,35696.5,0.001357,0.00356965,0.00492665,0.010231543335026738,96.73696570062826,1302.5,28645.5,0.0013025,0.00286455,0.00416705,0.008654025078749895,114.55316640525078
SA001,319483,2723061000,35803044,54000,4,80,27.0,,0,0,20119006912.0,1,80-DTC-05,IQT903,319483,SA005,,B,461,520,P0,1.0,SS00201,DTC,1.0,6.0,1.0,1000000,2005-11-11,2005-11-11,2005-11-11,7237.0,19.813826146475016,0.9888428224342896,1.3962765229295004,1.0,1.0,1.05,6.666666666666667,2.1333333333333337,3.092763559944449,1389.5,37829.5,0.0013895,0.00378295,0.00517245,0.015997164875634667,61.51107666728517,1428.0,34930.5,0.001428,0.00349305,0.00492105,0.01521964411666463,64.70455868314673,1357.0,35696.5,0.001357,0.00356965,0.00492665,0.015236963592600322,64.62987395242186,1302.5,28645.5,0.0013025,0.00286455,0.00416705,0.012887700392466518,76.59336185255735
SA001,308932,2723061000,35803044,54000,4,80,28.0,,0,0,2004540000000.0,1,80-DTC-04,IQT903,308932,SA005,,B,461,520,P0,1.0,SS00201,DTC,1.0,6.0,1.0,1000000,2004-12-01,2004-12-01,2004-12-01,7582.0,20.758384668035593,0.9888428224342896,1.4151676933607118,1.0,1.0,1.05,6.666666666666667,2.1333333333333337,3.1346076521102106,1389.5,37829.5,0.0013895,0.00378295,0.00517245,0.01621360135015746,60.676612024896514,1428.0,34930.5,0.001428,0.00349305,0.00492105,0.015425560986416951,63.82746403067964,1357.0,35696.5,0.001357,0.00356965,0.00492665,0.015443114789268771,63.75377627153867,1302.5,28645.5,0.0013025,0.00286455,0.00416705,0.013062066816725854,75.55756275258899
SA001,142176,2723061000,35803044,54000,10,32,23.95,,0,0,20119006912.0,1,32-PFP-98,IQT903,142176,SA005,,B,461,520,P0,0.8,SS00201,PFP,1.6,3.25,0.6,1000000,1998-01-01,1998-01-01,1998-01-01,10108.0,27.67419575633128,0.9430282858405817,1.5534839151266255,1.0,1.0,1.05,7.876923076923077,1.7846153846153847,1.6470874663379658,1389.5,37829.5,0.0013895,0.00378295,0.00517245,0.008519477565259812,116.37808948259185,1428.0,34930.5,0.001428,0.00349305,0.00492105,0.008105399776222447,122.37454383601717,1357.0,35696.5,0.001357,0.00356965,0.00492665,0.00811462346603394,122.23430707361639,1302.5,28645.5,0.0013025,0.00286455,0.00416705,0.0068634958266036205,144.6983474986459
SA001,243990,2723061000,35803044,54000,13,20,21.05,,0,0,20119006912.0,1,20-STS-93,IQT903,243990,SA005,,B,461,520,P0,0.8,SS00201,STS,2.0,2.1,0.7,1000000,1993-01-01,1993-01-01,1993-01-01,11934.0,32.6735112936345,0.919528104378295,1.6534702258726899,1.0,1.0,1.05,9.523809523809524,1.7523809523809524,1.9582910970661536,1389.5,37829.5,0.0013895,0.00378295,0.00517245,0.010129162785019826,97.72484243998086,1428.0,34930.5,0.001428,0.00349305,0.00492105,0.009636848403217395,102.76836473489986,1357.0,35696.5,0.001357,0.00356965,0.00492665,0.009647814833360966,102.6504138265716,1302.5,28645.5,0.0013025,0.00286455,0.00416705,0.008160296916029515,121.54456060730709
SA001,308930,2723061000,35803044,54000,4,100,4.0,,0,0,2004540000000.0,1,100-DTC-04,IQT903,308930,SA005,,B,243,520,P0,1.0,SS00201,DTC,1.0,6.0,1.0,1000000,2004-12-01,2004-12-01,2004-12-01,7582.0,20.758384668035593,1.0,1.4151676933607118,1.0,1.0,1.05,8.333333333333334,2.466666666666667,3.6652843258042442,1389.5,37829.5,0.0013895,0.00378295,0.00517245,0.018958499911006163,51.74678928681801,1428.0,34930.5,0.001428,0.00349305,0.00492105,0.018037047431498976,54.441446489387786,1357.0,35696.5,0.001357,0.00356965,0.00492665,0.018057573023723482,54.37842758194753,1302.5,28645.5,0.0013025,0.00286455,0.00416705,0.015273423049842577,64.4732077240738
SA001,71379,2723061000,35803044,54000,13,20,20.71,,0,0,20119006912.0,1,20-STS-89,IQT903,71379,SA005,,B,461,520,P0,0.8,SS00201,STS,2.0,2.1,0.7,1000000,1989-01-01,1989-01-01,1989-01-01,13395.0,36.6735112936345,0.919528104378295,1.73347022587269,1.0,1.0,1.05,9.523809523809524,1.7523809523809524,2.053039272941293,1389.5,37829.5,0.0013895,0.00378295,0.00517245,0.010619242987325193,93.16867108075121,1428.0,34930.5,0.001428,0.00349305,0.00492105,0.01010310891410775,97.97943380612504,1357.0,35696.5,0.001357,0.00356965,0.00492665,0.010114605934036222,97.86692635596839,1302.5,28645.5,0.0013025,0.00286455,0.00416705,0.008555117302310017,115.88910445798145
SA001,308929,2723061000,35803044,54000,10,100,21.28,,0,0,20119006912.0,1,100-PFP-95,IQT903,308929,SA005,,B,243,520,P0,1.0,SS00201,PFP,1.6,4.9,0.6,1000000,1995-01-01,1995-01-01,1995-01-01,11204.0,30.67488021902806,1.0,1.6134976043805613,1.0,1.0,1.05,16.3265306122449,2.8408163265306126,2.887699712525668,1389.5,37829.5,0.0013895,0.00378295,0.00517245,0.014936482378053392,65.95016769606538,1428.0,34930.5,0.001428,0.00349305,0.00492105,0.014210514670324437,69.3704280386327,1357.0,35696.5,0.001357,0.00356965,0.00492665,0.014226685788714583,69.29043973075282,1302.5,28645.5,0.0013025,0.00286455,0.00416705,0.012033189087080084,82.10348925487177
SA001,308955,2723061000,35803044,54000,10,100,27.34,,0,0,20119006912.0,1,100-PFP-95,IQT903,308955,SA005,,B,243,520,P0,1.0,SS00201,PFP,1.6,4.9,0.6,1000000,1995-01-01,1995-01-01,1995-01-01,11204.0,30.67488021902806,1.0,1.6134976043805613,1.0,1.0,1.05,16.3265306122449,2.8408163265306126,2.887699712525668,1389.5,37829.5,0.0013895,0.00378295,0.00517245,0.014936482378053392,65.95016769606538,1428.0,34930.5,0.001428,0.00349305,0.00492105,0.014210514670324437,69.3704280386327,1357.0,35696.5,0.001357,0.00356965,0.00492665,0.014226685788714583,69.29043973075282,1302.5,28645.5,0.0013025,0.00286455,0.00416705,0.012033189087080084,82.10348925487177
SA001,308937,2723061000,35803044,54000,4,150,71.64,,0,0,20119006912.0,1,150-DTC-95,IQT903,308937,SA005,,B,243,520,P0,1.1,SS00201,DTC,1.0,6.0,1.0,1000000,1995-01-01,1995-01-01,1995-01-01,11204.0,30.67488021902806,1.0202732554054081,1.6134976043805613,1.0,1.0,1.05,12.5,3.3000000000000003,5.704112291066283,1389.5,37829.5,0.0013895,0.00378295,0.00517245,0.0295042356199258,32.89343865341986,1428.0,34930.5,0.001428,0.00349305,0.00492105,0.028070221789951732,34.624941173709175,1357.0,35696.5,0.001357,0.00356965,0.00492665,0.028102164818781708,34.58444719289609,1302.5,28645.5,0.0013025,0.00286455,0.00416705,0.02376932112248776,41.0710374876427
SA001,308926,2723061000,35803044,54000,4,150,71.93,,0,0,20119006912.0,1,150-DTC-95,IQT903,308926,SA005,,B,243,520,P0,1.1,SS00201,DTC,1.0,6.0,1.0,1000000,1995-01-01,1995-01-01,1995-01-01,11204.0,30.67488021902806,1.0202732554054081,1.6134976043805613,1.0,1.0,1.05,12.5,3.3000000000000003,5.704112291066283,1389.5,37829.5,0.0013895,0.00378295,0.00517245,0.0295042356199258,32.89343865341986,1428.0,34930.5,0.001428,0.00349305,0.00492105,0.028070221789951732,34.624941173709175,1357.0,35696.5,0.001357,0.00356965,0.00492665,0.028102164818781708,34.58444719289609,1302.5,28645.5,0.0013025,0.00286455,0.00416705,0.02376932112248776,41.0710374876427
SA001,308959,2723061000,35803044,54000,10,40,3.04,,0,0,2004540000000.0,1,40-PFP-04,IQT903,308959,SA005,,B,243,520,P0,0.8,SS00201,PFP,1.6,3.25,0.6,1000000,2004-12-01,2004-12-01,2004-12-01,7582.0,20.758384668035593,0.9541854634062923,1.4151676933607118,1.0,1.0,1.05,9.846153846153847,2.0307692307692307,1.7275945510373432,1389.5,37829.5,0.0013895,0.00378295,0.00517245,0.008935896435513107,110.90819043356328,1428.0,34930.5,0.001428,0.00349305,0.00492105,0.008501579165382318,116.62520592314331,1357.0,35696.5,0.001357,0.00356965,0.00492665,0.008511253694868126,116.49150428954451,1302.5,28645.5,0.0013025,0.00286455,0.00416705,0.007198972873900161,137.9087051050706
SA001,308927,2723061000,35803044,54000,4,80,35.0,,0,0,2004540000000.0,1,80-DTC-04,IQT903,308927,SA005,,B,243,520,P0,1.0,SS00201,DTC,1.0,6.0,1.0,1000000,2004-12-01,2004-12-01,2004-12-01,7582.0,20.758384668035593,0.9888428224342896,1.4151676933607118,1.0,1.0,1.05,6.666666666666667,2.1333333333333337,3.1346076521102106,1389.5,37829.5,0.0013895,0.00378295,0.00517245,0.01621360135015746,60.676612024896514,1428.0,34930.5,0.001428,0.00349305,0.00492105,0.015425560986416951,63.82746403067964,1357.0,35696.5,0.001357,0.00356965,0.00492665,0.015443114789268771,63.75377627153867,1302.5,28645.5,0.0013025,0.00286455,0.00416705,0.013062066816725854,75.55756275258899
SA001,308936,2723061000,35803044,54000,10,100,7.16,,0,0,20119006912.0,1,100-PFP-95,IQT903,308936,SA005,,B,461,520,P0,1.0,SS00201,PFP,1.6,4.9,0.6,1000000,1995-01-01,1995-01-01,1995-01-01,11204.0,30.67488021902806,1.0,1.6134976043805613,1.0,1.0,1.05,16.3265306122449,2.8408163265306126,2.887699712525668,1389.5,37829.5,0.0013895,0.00378295,0.00517245,0.014936482378053392,65.95016769606538,1428.0,34930.5,0.001428,0.00349305,0.00492105,0.014210514670324437,69.3704280386327,1357.0,35696.5,0.001357,0.00356965,0.00492665,0.014226685788714583,69.29043973075282,1302.5,28645.5,0.0013025,0.00286455,0.00416705,0.012033189087080084,82.10348925487177
SA001,176380,2723061000,35803044,54000,5,40,61.82,,0,0,20119006912.0,1,40-EPS-89,IQT903,176380,SA005,,B,243,520,P0,0.8,SS00201,EPS,1.6,3.2,1.0,1000000,1989-01-01,1989-01-01,1989-01-01,13395.0,36.6735112936345,0.9541854634062923,1.73347022587269,1.0,1.0,1.05,10.0,2.05,3.5603471253939256,1389.5,37829.5,0.0013895,0.00378295,0.00517245,0.01841571748874381,53.3014411798632,1428.0,34930.5,0.001428,0.00349305,0.00492105,0.017520646221419776,56.07552035252302,1357.0,35696.5,0.001357,0.00356965,0.00492665,0.017540584165321983,56.01064403413748,1302.5,28645.5,0.0013025,0.00286455,0.00416705,0.014836144488872759,66.4029563914
SA001,308893,2723061000,35803044,54000,4,80,12.0,,0,0,2004540000000.0,1,80-DTC-04,IQT903,308893,SA005,,B,243,520,P0,1.0,SS00201,DTC,1.0,6.0,1.0,1000000,2004-12-01,2004-12-01,2004-12-01,7582.0,20.758384668035593,0.9888428224342896,1.4151676933607118,1.0,1.0,1.05,6.666666666666667,2.1333333333333337,3.1346076521102106,1389.5,37829.5,0.0013895,0.00378295,0.00517245,0.01621360135015746,60.676612024896514,1428.0,34930.5,0.001428,0.00349305,0.00492105,0.015425560986416951,63.82746403067964,1357.0,35696.5,0.001357,0.00356965,0.00492665,0.015443114789268771,63.75377627153867,1302.5,28645.5,0.0013025,0.00286455,0.00416705,0.013062066816725854,75.55756275258899
SA001,308957,2723061000,35803044,54000,4,150,4.0,,0,0,2004540000000.0,1,150-DTC-04,IQT903,308957,SA005,,B,461,520,P0,1.1,SS00201,DTC,1.0,6.0,1.0,1000000,2004-12-01,2004-12-01,2004-12-01,7582.0,20.758384668035593,1.0202732554054081,1.4151676933607118,1.0,1.0,1.05,12.5,3.3000000000000003,5.002967101843197,1389.5,37829.5,0.0013895,0.00378295,0.00517245,0.025877597185928844,37.643464183133595,1428.0,34930.5,0.001428,0.00349305,0.00492105,0.024619851256525462,39.617629634742464,1357.0,35696.5,0.001357,0.00356965,0.00492665,0.024647867872295788,39.571460589660184,1302.5,28645.5,0.0013025,0.00286455,0.00416705,0.020847614061735693,46.967119740355734
SA001,308956,2723061000,35803044,54000,4,100,4.0,,0,0,2004540000000.0,1,100-DTC-04,IQT903,308956,SA005,,B,243,520,P0,1.0,SS00201,DTC,1.0,6.0,1.0,1000000,2004-12-01,2004-12-01,2004-12-01,7582.0,20.758384668035593,1.0,1.4151676933607118,1.0,1.0,1.05,8.333333333333334,2.466666666666667,3.6652843258042442,1389.5,37829.5,0.0013895,0.00378295,0.00517245,0.018958499911006163,51.74678928681801,1428.0,34930.5,0.001428,0.00349305,0.00492105,0.018037047431498976,54.441446489387786,1357.0,35696.5,0.001357,0.00356965,0.00492665,0.018057573023723482,54.37842758194753,1302.5,28645.5,0.0013025,0.00286455,0.00416705,0.015273423049842577,64.4732077240738
SA001,308961,2723061000,35803044,54000,10,50,3.03,,0,0,2004540000000.0,1,50-PFP-04,IQT903,308961,SA005,,B,461,520,P0,0.8,SS00201,PFP,1.6,3.65,0.6,1000000,2004-12-01,2004-12-01,2004-12-01,7582.0,20.758384668035593,0.9653426409720027,1.4151676933607118,1.0,1.0,1.05,10.95890410958904,2.16986301369863,1.867507103222672,1389.5,37829.5,0.0013895,0.00378295,0.00517245,0.00965958711606411,102.52409352331195,1428.0,34930.5,0.001428,0.00349305,0.00492105,0.00919009583031393,107.81279351858952,1357.0,35696.5,0.001357,0.00356965,0.00492665,0.009200553870091978,107.68910873405962,1302.5,28645.5,0.0013025,0.00286455,0.00416705,0.007781995474484036,127.50174525015414
SA001,308935,2723061000,35803044,54000,10,100,29.62,,0,0,20119006912.0,1,100-PFP-95,IQT903,308935,SA005,,B,461,520,P0,1.0,SS00201,PFP,1.6,4.9,0.6,1000000,1995-01-01,1995-01-01,1995-01-01,11204.0,30.67488021902806,1.0,1.6134976043805613,1.0,1.0,1.05,16.3265306122449,2.8408163265306126,2.887699712525668,1389.5,37829.5,0.0013895,0.00378295,0.00517245,0.014936482378053392,65.95016769606538,1428.0,34930.5,0.001428,0.00349305,0.00492105,0.014210514670324437,69.3704280386327,1357.0,35696.5,0.001357,0.00356965,0.00492665,0.014226685788714583,69.29043973075282,1302.5,28645.5,0.0013025,0.00286455,0.00416705,0.012033189087080084,82.10348925487177
SA001,308891,2723061000,35803044,54000,4,80,30.0,,0,0,2004540000000.0,1,80-DTC-04,IQT903,308891,SA005,,B,243,520,P0,1.0,SS00201,DTC,1.0,6.0,1.0,1000000,2004-12-01,2004-12-01,2004-12-01,7582.0,20.758384668035593,0.9888428224342896,1.4151676933607118,1.0,1.0,1.05,6.666666666666667,2.1333333333333337,3.1346076521102106,1389.5,37829.5,0.0013895,0.00378295,0.00517245,0.01621360135015746,60.676612024896514,1428.0,34930.5,0.001428,0.00349305,0.00492105,0.015425560986416951,63.82746403067964,1357.0,35696.5,0.001357,0.00356965,0.00492665,0.015443114789268771,63.75377627153867,1302.5,28645.5,0.0013025,0.00286455,0.00416705,0.013062066816725854,75.55756275258899
SA001,308960,2723061000,35803044,54000,5,40,42.37,,0,0,20119006912.0,1,40-EPS-89,IQT903,308960,SA005,,B,243,520,P0,0.8,SS00201,EPS,1.6,3.2,1.0,1000000,1989-01-01,1989-01-01,1989-01-01,13395.0,36.6735112936345,0.9541854634062923,1.73347022587269,1.0,1.0,1.05,10.0,2.05,3.5603471253939256,1389.5,37829.5,0.0013895,0.00378295,0.00517245,0.01841571748874381,53.3014411798632,1428.0,34930.5,0.001428,0.00349305,0.00492105,0.017520646221419776,56.07552035252302,1357.0,35696.5,0.001357,0.00356965,0.00492665,0.017540584165321983,56.01064403413748,1302.5,28645.5,0.0013025,0.00286455,0.00416705,0.014836144488872759,66.4029563914
SA001,452817,2723061000,35803044,54000,13,40,28.89,,0,0,20179008368.0,1,40-STS-16,IQT903,452817,SA005,,B,243,520,P0,0.8,SS00201,STS,2.0,2.8,0.7,1000000,2016-12-26,2016-12-26,2016-12-26,3174.0,8.68993839835729,0.9541854634062923,1.1737987679671458,1.0,1.0,1.05,14.285714285714286,2.2285714285714286,1.8345955795851674,1389.5,37829.5,0.0013895,0.00378295,0.00517245,0.0094893539056253,104.3812525009947,1428.0,34930.5,0.001428,0.00349305,0.00492105,0.009028136576917587,109.76482854243915,1357.0,35696.5,0.001357,0.00356965,0.00492665,0.009038410312163266,109.63892492845444,1302.5,28645.5,0.0013025,0.00286455,0.00416705,0.007644851509910372,129.80698803680545
SA001,461744,2723061000,35803044,54000,13,50,37.48,,0,0,20119006912.0,1,50-STS-19,IQT903,461744,SA005,,B,243,520,P0,0.8,SS00201,STS,2.0,2.8,0.7,1000000,2019-09-11,2019-09-11,2019-09-11,2185.0,5.982203969883641,0.9653426409720027,1.1196440793976727,1.0,1.0,1.05,17.857142857142858,2.585714285714286,2.054136747939668,1389.5,37829.5,0.0013895,0.00378295,0.00517245,0.010624919621880537,93.11835906416081,1428.0,34930.5,0.001428,0.00349305,0.00492105,0.010108509643448503,97.92655151673294,1357.0,35696.5,0.001357,0.00356965,0.00492665,0.010120012809236967,97.81410417655376,1302.5,28645.5,0.0013025,0.00286455,0.00416705,0.008559690535501995,115.82665346982122
SA001,142071,2723061000,35803044,54000,13,25,23.71,,0,0,20119006912.0,1,25-STS-89,IQT903,142071,SA005,,B,461,520,P0,0.8,SS00201,STS,2.0,2.8,0.7,1000000,1989-01-01,1989-01-01,1989-01-01,13395.0,36.6735112936345,0.9306852819440055,1.73347022587269,1.0,1.0,1.05,8.928571428571429,1.692857142857143,2.007367469835859,1389.5,37829.5,0.0013895,0.00378295,0.00517245,0.010383007869352489,95.31120505568514,1428.0,34930.5,0.001428,0.00349305,0.00492105,0.009878355687435754,100.23142268220778,1357.0,35696.5,0.001357,0.00356965,0.00492665,0.009889596945266836,100.11635545254454,1302.5,28645.5,0.0013025,0.00286455,0.00416705,0.008364800615179517,118.5485757526976
SA001,105105,2723061000,35803044,54000,5,40,47.61,,0,0,20119006912.0,1,40-EPS-89,IQT903,105105,SA005,,B,461,520,P0,0.8,SS00201,EPS,1.6,3.2,1.0,1000000,1989-01-01,1989-01-01,1989-01-01,13395.0,36.6735112936345,0.9541854634062923,1.73347022587269,1.0,1.0,1.05,10.0,2.05,3.5603471253939256,1389.5,37829.5,0.0013895,0.00378295,0.00517245,0.01841571748874381,53.3014411798632,1428.0,34930.5,0.001428,0.00349305,0.00492105,0.017520646221419776,56.07552035252302,1357.0,35696.5,0.001357,0.00356965,0.00492665,0.017540584165321983,56.01064403413748,1302.5,28645.5,0.0013025,0.00286455,0.00416705,0.014836144488872759,66.4029563914
SA001,105107,2723061000,35803044,54000,13,20,14.54,,0,0,20119006912.0,1,20-STS-93,IQT903,105107,SA005,,B,461,520,P0,0.8,SS00201,STS,2.0,2.1,0.7,1000000,1993-01-01,1993-01-01,1993-01-01,11934.0,32.6735112936345,0.919528104378295,1.6534702258726899,1.0,1.0,1.05,9.523809523809524,1.7523809523809524,1.9582910970661536,1389.5,37829.5,0.0013895,0.00378295,0.00517245,0.010129162785019826,97.72484243998086,1428.0,34930.5,0.001428,0.00349305,0.00492105,0.009636848403217395,102.76836473489986,1357.0,35696.5,0.001357,0.00356965,0.00492665,0.009647814833360966,102.6504138265716,1302.5,28645.5,0.0013025,0.00286455,0.00416705,0.008160296916029515,121.54456060730709
SA001,71383,2723061000,35803044,54000,13,25,10.04,,0,0,20119006912.0,1,25-STS-99,IQT903,71383,SA005,,B,461,520,P0,0.8,SS00201,STS,2.0,2.8,0.7,1000000,1999-01-01,1999-01-01,1999-01-01,9743.0,26.67488021902806,0.9306852819440055,1.5334976043805613,1.0,1.0,1.05,8.928571428571429,1.692857142857143,1.775798141877538,1389.5,37829.5,0.0013895,0.00378295,0.00517245,0.009185227098954472,107.87047094500551,1428.0,34930.5,0.001428,0.00349305,0.00492105,0.008738791446086457,113.4322994969557,1357.0,35696.5,0.001357,0.00356965,0.00492665,0.008748735915680973,113.30222716034095,1302.5,28645.5,0.0013025,0.00286455,0.00416705,0.007399839647110795,134.138063483638
SA001,244002,2723061000,35803044,54000,10,40,23.66,,0,0,20119006912.0,1,40-PFP-93,IQT903,244002,SA005,,B,461,520,P0,0.8,SS00201,PFP,1.6,3.25,0.6,1000000,1993-01-01,1993-01-01,1993-01-01,11934.0,32.6735112936345,0.9541854634062923,1.6534702258726899,1.0,1.0,1.05,9.846153846153847,2.0307692307692307,2.018507181814279,1389.5,37829.5,0.0013895,0.00378295,0.00517245,0.010440627472575266,94.77968399186086,1428.0,34930.5,0.001428,0.00349305,0.00492105,0.009933174767067156,99.67274798339801,1357.0,35696.5,0.001357,0.00356965,0.00492665,0.009944478407285318,99.55831578531064,1302.5,28645.5,0.0013025,0.00286455,0.00416705,0.008411220351979191,117.88881258053075
SA001,244001,2723061000,35803044,54000,13,25,18.91,,0,0,20119006912.0,1,25-STS-93,IQT903,244001,SA005,,B,461,520,P0,0.8,SS00201,STS,2.0,2.8,0.7,1000000,1993-01-01,1993-01-01,1993-01-01,11934.0,32.6735112936345,0.9306852819440055,1.6534702258726899,1.0,1.0,1.05,8.928571428571429,1.692857142857143,1.9147270568711527,1389.5,37829.5,0.0013895,0.00378295,0.00517245,0.009903829965313195,99.97103883067084,1428.0,34930.5,0.001428,0.00349305,0.00492105,0.009422467583215785,105.12931179315461,1357.0,35696.5,0.001357,0.00356965,0.00492665,0.009433190054734265,105.00867725527557,1302.5,28645.5,0.0013025,0.00286455,0.00416705,0.007978763382334938,124.33270534303725
SA001,418928,2723061000,35803044,54000,4,80,43.74,,0,0,20099008650.0,1,80-DTC-09,IQT903,418928,SA005,,B,461,520,P0,1.0,SS00201,DTC,1.0,6.0,1.0,1000000,2009-08-18,2009-08-18,2009-08-18,5861.0,16.046543463381244,0.9888428224342896,1.320930869267625,1.0,1.0,1.05,6.666666666666667,2.1333333333333337,2.925872340176079,1389.5,37829.5,0.0013895,0.00378295,0.00517245,0.015133928385943761,65.07669697504251,1428.0,34930.5,0.001428,0.00349305,0.00492105,0.014398364079623492,68.45233461731921,1357.0,35696.5,0.001357,0.00356965,0.00492665,0.01441474896472848,68.37338988329974,1302.5,28645.5,0.0013025,0.00286455,0.00416705,0.01219225633513073,81.01927293134437
SA001,2836,2723061000,35803044,54000,10,80,97.5,,0,0,20119006912.0,1,80-PFP-96,IQT903,2836,SA005,,B,461,520,P0,1.0,SS00201,PFP,1.6,4.5,0.6,1000000,1996-01-01,1996-01-01,1996-01-01,10839.0,29.675564681724847,0.9888428224342896,1.593511293634497,1.0,1.0,1.05,14.222222222222221,2.5777777777777775,2.558989101209806,1389.5,37829.5,0.0013895,0.00378295,0.00517245,0.013236243176552661,74.55013810651724,1428.0,34930.5,0.001428,0.00349305,0.00492105,0.012592913316508515,78.40974219913538,1357.0,35696.5,0.001357,0.00356965,0.00492665,0.012607243655475291,78.31947912862799,1302.5,28645.5,0.0013025,0.00286455,0.00416705,0.010663435534196321,92.77840723030803
SA001,175861,2723061000,35803044,54000,10,40,11.0,,0,0,20119006912.0,1,40-PFP-91,IQT903,175861,SA005,,B,461,520,P0,0.8,SS00201,PFP,1.6,3.25,0.6,1000000,1991-01-01,1991-01-01,1991-01-01,12665.0,34.67488021902806,0.9541854634062923,1.6934976043805614,1.0,1.0,1.05,9.846153846153847,2.0307692307692307,2.0673714127650924,1389.5,37829.5,0.0013895,0.00378295,0.00517245,0.010693375263956802,92.51584278264413,1428.0,34930.5,0.001428,0.00349305,0.00492105,0.010173638090787657,97.29325469180107,1357.0,35696.5,0.001357,0.00356965,0.00492665,0.010185215370699142,97.18152720430467,1302.5,28645.5,0.0013025,0.00286455,0.00416705,0.00861484004556278,115.07876579380799
SA001,142119,2723061000,35803044,54000,4,80,45.13,,0,0,20119006912.0,1,80-DTC-00,IQT903,142119,SA005,,B,461,520,P0,1.0,SS00201,DTC,1.0,6.0,1.0,1000000,2000-01-01,2000-01-01,2000-01-01,9378.0,25.675564681724847,0.9888428224342896,1.513511293634497,1.0,1.0,1.05,6.666666666666667,2.1333333333333337,3.3524395058195084,1389.5,37829.5,0.0013895,0.00378295,0.00517245,0.017340325721876118,56.669043594632434,1428.0,34930.5,0.001428,0.00349305,0.00492105,0.01649752243011309,59.61516232126408,1357.0,35696.5,0.001357,0.00356965,0.00492665,0.01651629609134568,59.546262580263786,1302.5,28645.5,0.0013025,0.00286455,0.00416705,0.013969783042725184,70.58307304713323
SA001,210459,2723061000,35803044,54000,10,80,54.04,,0,0,20119006912.0,1,80-PFP-96,IQT903,210459,SA005,,B,461,520,P0,1.0,SS00201,PFP,1.6,4.5,0.6,1000000,1996-01-01,1996-01-01,1996-01-01,10839.0,29.675564681724847,0.9888428224342896,1.593511293634497,1.0,1.0,1.05,14.222222222222221,2.5777777777777775,2.558989101209806,1389.5,37829.5,0.0013895,0.00378295,0.00517245,0.013236243176552661,74.55013810651724,1428.0,34930.5,0.001428,0.00349305,0.00492105,0.012592913316508515,78.40974219913538,1357.0,35696.5,0.001357,0.00356965,0.00492665,0.012607243655475291,78.31947912862799,1302.5,28645.5,0.0013025,0.00286455,0.00416705,0.010663435534196321,92.77840723030803
SA001,2970,2723061000,35803044,54000,10,50,64.37,,0,0,20119006912.0,1,50-PFP-93,IQT903,2970,SA005,,B,461,520,P0,0.8,SS00201,PFP,1.6,3.65,0.6,1000000,1993-01-01,1993-01-01,1993-01-01,11934.0,32.6735112936345,0.9653426409720027,1.6534702258726899,1.0,1.0,1.05,10.95890410958904,2.16986301369863,2.1819798503535917,1389.5,37829.5,0.0013895,0.00378295,0.00517245,0.011286181676961436,87.60392545703098,1428.0,34930.5,0.001428,0.00349305,0.00492105,0.010737631942582542,92.130403924004,1357.0,35696.5,0.001357,0.00356965,0.00492665,0.010749851029744522,92.02454492002069,1302.5,28645.5,0.0013025,0.00286455,0.00416705,0.009092419135415935,108.98173149595516
SA001,71529,2723061000,35803044,54000,13,25,18.02,,0,0,20119006912.0,1,25-STS-93,IQT903,71529,SA005,,B,461,520,P0,0.8,SS00201,STS,2.0,2.8,0.7,1000000,1993-01-01,1993-01-01,1993-01-01,11934.0,32.6735112936345,0.9306852819440055,1.6534702258726899,1.0,1.0,1.05,8.928571428571429,1.692857142857143,1.9147270568711527,1389.5,37829.5,0.0013895,0.00378295,0.00517245,0.009903829965313195,99.97103883067084,1428.0,34930.5,0.001428,0.00349305,0.00492105,0.009422467583215785,105.12931179315461,1357.0,35696.5,0.001357,0.00356965,0.00492665,0.009433190054734265,105.00867725527557,1302.5,28645.5,0.0013025,0.00286455,0.00416705,0.007978763382334938,124.33270534303725
SA001,210461,2723061000,35803044,54000,13,25,11.92,,0,0,20119006912.0,1,25-STS-90,IQT903,210461,SA005,,B,461,520,P0,0.8,SS00201,STS,2.0,2.8,0.7,1000000,1990-01-01,1990-01-01,1990-01-01,13030.0,35.67419575633128,0.9306852819440055,1.7134839151266257,1.0,1.0,1.05,8.928571428571429,1.692857142857143,1.9842232188214046,1389.5,37829.5,0.0013895,0.00378295,0.00517245,0.010263295388192775,96.43459212432218,1428.0,34930.5,0.001428,0.00349305,0.00492105,0.009764461670981073,101.41219984219838,1357.0,35696.5,0.001357,0.00356965,0.00492665,0.009775573321006474,101.29579045263014,1302.5,28645.5,0.0013025,0.00286455,0.00416705,0.008268357363989735,119.94300669141246
SA001,299677,2723061000,35803044,54000,4,150,24.34,,0,0,20119006912.0,1,150-DTC-94,IQT903,299677,SA005,,B,461,520,P0,0.8,SS00201,DTC,1.0,6.0,1.0,1000000,1994-01-01,1994-01-01,1994-01-01,11569.0,31.67419575633128,1.0202732554054081,1.6334839151266256,1.3,1.0,1.05,12.5,3.3000000000000003,7.5071994826065875,1389.5,37829.5,0.0013895,0.00378295,0.00517245,0.03883061396380844,24.752876349883024,1428.0,34930.5,0.001428,0.00349305,0.00492105,0.03694330401388114,26.068504745115874,1357.0,35696.5,0.001357,0.00356965,0.00492665,0.036985344330983744,26.037736651873473,1302.5,28645.5,0.0013025,0.00286455,0.00416705,0.031282875603995786,30.966370760118654
SA001,299675,2723061000,35803044,54000,4,150,35.0,,0,0,2004540000000.0,1,150-DTC-03,IQT903,299675,SA005,,B,461,520,P0,1.3,SS00201,DTC,1.0,6.0,1.0,1000000,2003-12-26,2003-12-26,2003-12-26,7923.0,21.691991786447637,1.0202732554054081,1.4338398357289528,1.0,1.0,1.05,12.5,3.3000000000000003,5.068977733959451,1389.5,37829.5,0.0013895,0.00378295,0.00517245,0.026219033880018564,37.140230665100766,1428.0,34930.5,0.001428,0.00349305,0.00492105,0.024944692877701156,39.08868759791111,1357.0,35696.5,0.001357,0.00356965,0.00492665,0.02497307915301133,39.0431197880305,1302.5,28645.5,0.0013025,0.00286455,0.00416705,0.02112268366629573,46.3424691577256
SA001,105242,2723061000,35803044,54000,4,150,11.64,,0,0,20119006912.0,1,150-DTC-94,IQT903,105242,SA005,,B,461,520,P0,1.1,SS00201,DTC,1.0,6.0,1.0,1000000,1994-01-01,1994-01-01,1994-01-01,11569.0,31.67419575633128,1.0202732554054081,1.6334839151266256,1.0,1.0,1.05,12.5,3.3000000000000003,5.774768832774297,1389.5,37829.5,0.0013895,0.00378295,0.00517245,0.029869703049083415,32.47873925484794,1428.0,34930.5,0.001428,0.00349305,0.00492105,0.028417926164523953,34.18905616865064,1357.0,35696.5,0.001357,0.00356965,0.00492665,0.028450264869987495,34.14905764743552,1302.5,28645.5,0.0013025,0.00286455,0.00416705,0.02406375046461214,40.556281988154254
SA001,71429,2723061000,35803044,54000,4,80,52.7,,0,0,20119006912.0,1,80-DTC-90,IQT903,71429,SA005,,B,461,520,P0,1.0,SS00201,DTC,1.0,6.0,1.0,1000000,1990-01-01,1990-01-01,1990-01-01,13030.0,35.67419575633128,0.9888428224342896,1.7134839151266257,1.0,1.0,1.05,6.666666666666667,2.1333333333333337,3.7953804466582364,1389.5,37829.5,0.0013895,0.00378295,0.00517245,0.019631415591317397,49.938761667410326,1428.0,34930.5,0.001428,0.00349305,0.00492105,0.01867725694702751,52.541052780727,1357.0,35696.5,0.001357,0.00356965,0.00492665,0.0186985110775288,52.48019400334843,1302.5,28645.5,0.0013025,0.00286455,0.00416705,0.015815540090247205,62.22895040534588
SA001,36404,2723061000,35803044,54000,13,25,22.62,,0,0,20119006912.0,1,25-STS-91,IQT903,36404,SA005,,B,461,520,P0,0.8,SS00201,STS,2.0,2.8,0.7,1000000,1991-01-01,1991-01-01,1991-01-01,12665.0,34.67488021902806,0.9306852819440055,1.6934976043805614,1.0,1.0,1.05,8.928571428571429,1.692857142857143,1.9610789678069505,1389.5,37829.5,0.0013895,0.00378295,0.00517245,0.010143582907033061,97.58449515965894,1428.0,34930.5,0.001428,0.00349305,0.00492105,0.009650567654526394,102.62084758101987,1357.0,35696.5,0.001357,0.00356965,0.00492665,0.009661549696746112,102.50306435175584,1302.5,28645.5,0.0013025,0.00286455,0.00416705,0.008171914112799954,121.37035120494782
SA001,210596,2723061000,35803044,54000,4,80,2.07,,0,0,20119006912.0,1,80-DTC-00,IQT903,210596,SA005,,B,461,520,P0,1.0,SS00201,DTC,1.0,6.0,1.0,1000000,2000-01-01,2000-01-01,2000-01-01,9378.0,25.675564681724847,0.9888428224342896,1.513511293634497,1.0,1.0,1.05,6.666666666666667,2.1333333333333337,3.3524395058195084,1389.5,37829.5,0.0013895,0.00378295,0.00517245,0.017340325721876118,56.669043594632434,1428.0,34930.5,0.001428,0.00349305,0.00492105,0.01649752243011309,59.61516232126408,1357.0,35696.5,0.001357,0.00356965,0.00492665,0.01651629609134568,59.546262580263786,1302.5,28645.5,0.0013025,0.00286455,0.00416705,0.013969783042725184,70.58307304713323
SA001,142120,2723061000,35803044,54000,13,25,25.54,,0,0,20119006912.0,1,25-STS-90,IQT903,142120,SA005,,B,461,520,P0,0.8,SS00201,STS,2.0,2.8,0.7,1000000,1990-01-01,1990-01-01,1990-01-01,13030.0,35.67419575633128,0.9306852819440055,1.7134839151266257,1.0,1.0,1.05,8.928571428571429,1.692857142857143,1.9842232188214046,1389.5,37829.5,0.0013895,0.00378295,0.00517245,0.010263295388192775,96.43459212432218,1428.0,34930.5,0.001428,0.00349305,0.00492105,0.009764461670981073,101.41219984219838,1357.0,35696.5,0.001357,0.00356965,0.00492665,0.009775573321006474,101.29579045263014,1302.5,28645.5,0.0013025,0.00286455,0.00416705,0.008268357363989735,119.94300669141246
SA001,244038,2723061000,35803044,54000,10,80,26.09,,0,0,20119006912.0,1,80-PFP-97,IQT903,244038,SA005,,B,461,520,P0,1.0,SS00201,PFP,1.6,4.5,0.6,1000000,1997-01-01,1997-01-01,1997-01-01,10473.0,28.673511293634498,0.9888428224342896,1.5734702258726898,1.0,1.0,1.05,14.222222222222221,2.5777777777777775,2.52680553640927,1389.5,37829.5,0.0013895,0.00378295,0.00517245,0.013069775296800128,75.5124095320009,1428.0,34930.5,0.001428,0.00349305,0.00492105,0.012434536384946836,79.42117285615836,1357.0,35696.5,0.001357,0.00356965,0.00492665,0.01244868649595073,79.32976011768605,1302.5,28645.5,0.0013025,0.00286455,0.00416705,0.010529325010494249,93.97284954195368
SA001,459328,2723061000,35803044,54000,18,80,4.31,,0,0,20199001623.0,1,80-DTEP-19,IQT903,459328,SA005,,B,461,520,P0,1.0,SS00201,DTEP,1.6,6.0,1.0,1000000,2019-01-24,2019-01-24,2019-01-24,2415.0,6.611909650924025,0.9888428224342896,1.1322381930184804,1.0,1.0,1.05,10.666666666666666,2.1333333333333333,2.507916567413139,1389.5,37829.5,0.0013895,0.00378295,0.00517245,0.012972073049116092,76.0886809081097,1428.0,34930.5,0.001428,0.00349305,0.00492105,0.012341582824068427,80.02688401116674,1357.0,35696.5,0.001357,0.00356965,0.00492665,0.012355627156845942,79.93478277595365,1302.5,28645.5,0.0013025,0.00286455,0.00416705,0.010450613732238921,94.68816010442688
SA001,175863,2723063100,35803044,54000,13,25,17.73,,0,0,20119006912.0,1,25-STS-93,IQT903,175863,SA005,,B,461,520,P0,0.8,SS00201,STS,2.0,2.8,0.7,1000000,1993-01-01,1993-01-01,1993-01-01,11934.0,32.6735112936345,0.9306852819440055,1.6534702258726899,1.0,1.0,1.05,8.928571428571429,1.692857142857143,1.9147270568711527,1389.5,37829.5,0.0013895,0.00378295,0.00517245,0.009903829965313195,99.97103883067084,1428.0,34930.5,0.001428,0.00349305,0.00492105,0.009422467583215785,105.12931179315461,1357.0,35696.5,0.001357,0.00356965,0.00492665,0.009433190054734265,105.00867725527557,1302.5,28645.5,0.0013025,0.00286455,0.00416705,0.007978763382334938,124.33270534303725
SA001,175862,2723063100,35803044,54000,13,25,20.55,,0,0,20119006912.0,1,25-STS-93,IQT903,175862,SA005,,B,461,520,P0,0.8,SS00201,STS,2.0,2.8,0.7,1000000,1993-01-01,1993-01-01,1993-01-01,11934.0,32.6735112936345,0.9306852819440055,1.6534702258726899,1.0,1.0,1.05,8.928571428571429,1.692857142857143,1.9147270568711527,1389.5,37829.5,0.0013895,0.00378295,0.00517245,0.009903829965313195,99.97103883067084,1428.0,34930.5,0.001428,0.00349305,0.00492105,0.009422467583215785,105.12931179315461,1357.0,35696.5,0.001357,0.00356965,0.00492665,0.009433190054734265,105.00867725527557,1302.5,28645.5,0.0013025,0.00286455,0.00416705,0.007978763382334938,124.33270534303725
SA001,243988,2723061000,35803044,54000,13,25,22.59,,0,0,20119006912.0,1,25-STS-92,IQT903,243988,SA005,,B,461,520,P0,0.8,SS00201,STS,2.0,2.8,0.7,1000000,1992-01-01,1992-01-01,1992-01-01,12300.0,33.67556468172484,0.9306852819440055,1.673511293634497,1.3,1.0,1.05,8.928571428571429,1.692857142857143,2.5193151318302442,1389.5,37829.5,0.0013895,0.00378295,0.00517245,0.013031031553635348,75.73989552431279,1428.0,34930.5,0.001428,0.00349305,0.00492105,0.012397675729493223,79.6602803476355,1357.0,35696.5,0.001357,0.00356965,0.00492665,0.012411783894231473,79.56859582164995,1302.5,28645.5,0.0013025,0.00286455,0.00416705,0.01049811212009322,94.2552219447167
SA001,302085,2723061000,35803044,54000,4,80,4.46,,0,0,20119006912.0,1,80-DTC-90,IQT903,302085,SA005,,B,461,520,P0,1.0,SS00201,DTC,1.0,6.0,1.0,1000000,1990-01-01,1990-01-01,1990-01-01,13030.0,35.67419575633128,0.9888428224342896,1.7134839151266257,1.3,1.0,1.05,6.666666666666667,2.1333333333333337,4.933994580655707,1389.5,37829.5,0.0013895,0.00378295,0.00517245,0.02552084026871261,38.18366282108487,1428.0,34930.5,0.001428,0.00349305,0.00492105,0.024280434031135764,40.185425215943845,1357.0,35696.5,0.001357,0.00356965,0.00492665,0.02430806440078744,40.13861077180649,1302.5,28645.5,0.0013025,0.00286455,0.00416705,0.020560202117321364,47.63765415795837
SA001,299696,2723061000,35803044,54000,4,300,420.75,,0,0,20119006912.0,1,300-DTC-99,IQT903,299696,SA004,,B,461,520,P0,1.5,SS00201,DTC,1.0,7.2,1.0,1000000,1999-01-01,1999-01-01,1999-01-01,9743.0,26.67488021902806,1.0549306144334054,1.5334976043805613,1.3,1.0,1.05,20.833333333333332,4.966666666666667,10.96742473795968,1389.5,37829.5,0.0013895,0.00378295,0.00517245,0.05672845608585955,16.62783740291613,1428.0,34930.5,0.001428,0.00349305,0.00492105,0.05397124550673648,17.528384709505804,1357.0,35696.5,0.001357,0.00356965,0.00492665,0.054032663085269064,17.507323957397727,1302.5,28645.5,0.0013025,0.00286455,0.00416705,0.045701807254314886,20.88097276843655
SA001,175889,2723061000,35803044,54000,4,80,22.82,,0,0,20119006912.0,1,80-DTC-92,IQT903,175889,SA005,,B,461,520,P0,1.0,SS00201,DTC,1.0,6.0,1.0,1000000,1992-01-01,1992-01-01,1992-01-01,12300.0,33.67556468172484,0.9888428224342896,1.673511293634497,1.3,1.0,1.05,6.666666666666667,2.1333333333333337,4.818893005393946,1389.5,37829.5,0.0013895,0.00378295,0.00517245,0.024925483125749916,39.11958343816109,1428.0,34930.5,0.001428,0.00349305,0.00492105,0.023714013424193877,41.16915888981342,1357.0,35696.5,0.001357,0.00356965,0.00492665,0.023740999225024085,41.12122626018011,1302.5,28645.5,0.0013025,0.00286455,0.00416705,0.020080568098126843,48.79938790144498
SA001,299653,2723061000,35803044,54000,4,150,219.62,,0,0,20119006912.0,1,150-DTC-95,IQT903,299653,SA005,,B,461,520,P0,1.1,SS00201,DTC,1.0,6.0,1.0,1000000,1995-01-01,1995-01-01,1995-01-01,11204.0,30.67488021902806,1.0202732554054081,1.6134976043805613,1.0,1.0,1.05,12.5,3.3000000000000003,5.704112291066283,1389.5,37829.5,0.0013895,0.00378295,0.00517245,0.0295042356199258,32.89343865341986,1428.0,34930.5,0.001428,0.00349305,0.00492105,0.028070221789951732,34.624941173709175,1357.0,35696.5,0.001357,0.00356965,0.00492665,0.028102164818781708,34.58444719289609,1302.5,28645.5,0.0013025,0.00286455,0.00416705,0.02376932112248776,41.0710374876427
SA001,71430,2723061000,35803044,54000,13,50,29.91,,0,0,20119006912.0,1,50-STS-03,IQT903,71430,SA005,,B,461,520,P0,0.8,SS00201,STS,2.0,2.8,0.7,1000000,2003-11-07,2003-11-07,2003-11-07,7972.0,21.82614647501711,0.9653426409720027,1.436522929500342,1.3,1.0,1.05,17.857142857142858,2.585714285714286,3.426141370239403,1389.5,37829.5,0.0013895,0.00378295,0.00517245,0.0177215449304948,55.428488820928045,1428.0,34930.5,0.001428,0.00349305,0.00492105,0.016860212990016613,58.31123174968946,1357.0,35696.5,0.001357,0.00356965,0.00492665,0.016879399381689957,58.24381415400105,1302.5,28645.5,0.0013025,0.00286455,0.00416705,0.014276902396856105,69.04320490558291
SA001,210463,2723061000,35803044,54000,10,50,29.15,,0,0,20119006912.0,1,50-PFP-97,IQT903,210463,SA005,,B,461,520,P0,0.8,SS00201,PFP,1.6,3.65,0.6,1000000,1997-01-01,1997-01-01,1997-01-01,10473.0,28.673511293634498,0.9653426409720027,1.5734702258726898,1.3,1.0,1.05,10.95890410958904,2.16986301369863,2.6993315975952954,1389.5,37829.5,0.0013895,0.00378295,0.00517245,0.013962157721981786,70.62216756981744,1428.0,34930.5,0.001428,0.00349305,0.00492105,0.013283545758346327,74.2811047736768,1357.0,35696.5,0.001357,0.00356965,0.00492665,0.013298662015292863,74.19553462220823,1302.5,28645.5,0.0013025,0.00286455,0.00416705,0.011248249733759477,87.90272030489247
SA001,2835,2723061000,35803044,54000,13,25,19.99,,0,0,20119006912.0,1,25-STS-91,IQT903,2835,SA005,,B,461,520,P0,0.8,SS00201,STS,2.0,2.8,0.7,1000000,1991-01-01,1991-01-01,1991-01-01,12665.0,34.67488021902806,0.9306852819440055,1.6934976043805614,1.3,1.0,1.05,8.928571428571429,1.692857142857143,2.549402658149036,1389.5,37829.5,0.0013895,0.00378295,0.00517245,0.013186657779142982,74.83422704589148,1428.0,34930.5,0.001428,0.00349305,0.00492105,0.012545737950884312,78.70834429309222,1357.0,35696.5,0.001357,0.00356965,0.00492665,0.012560014605769948,78.61774180904294,1302.5,28645.5,0.0013025,0.00286455,0.00416705,0.010623488346639941,93.1310393884214
SA001,215002,2723061000,35803044,54000,13,50,14.0,,0,0,20119006912.0,1,50-STS-03,IQT903,215002,SA005,,B,461,520,P0,0.8,SS00201,STS,2.0,2.8,0.7,1000000,2003-01-21,2003-01-21,2003-01-21,8262.0,22.62012320328542,0.9653426409720027,1.4524024640657083,1.3,1.0,1.05,17.857142857142858,2.585714285714286,3.4640144380458944,1389.5,37829.5,0.0013895,0.00378295,0.00517245,0.017917441480070486,54.81153989604469,1428.0,34930.5,0.001428,0.00349305,0.00492105,0.01704658825034575,57.662764965870366,1357.0,35696.5,0.001357,0.00356965,0.00492665,0.017065986731198808,57.59608446617809,1302.5,28645.5,0.0013025,0.00286455,0.00416705,0.014434721364059145,68.27740236745332
SA001,2777,2723061000,35803044,54000,13,25,15.34,,0,0,20119006912.0,1,25-STS-92,IQT903,2777,SA005,,B,461,520,P0,0.8,SS00201,STS,2.0,2.8,0.7,1000000,1992-01-01,1992-01-01,1992-01-01,12300.0,33.67556468172484,0.9306852819440055,1.673511293634497,1.3,1.0,1.05,8.928571428571429,1.692857142857143,2.5193151318302442,1389.5,37829.5,0.0013895,0.00378295,0.00517245,0.013031031553635348,75.73989552431279,1428.0,34930.5,0.001428,0.00349305,0.00492105,0.012397675729493223,79.6602803476355,1357.0,35696.5,0.001357,0.00356965,0.00492665,0.012411783894231473,79.56859582164995,1302.5,28645.5,0.0013025,0.00286455,0.00416705,0.01049811212009322,94.2552219447167
SA001,2789,2723061000,35803044,54000,13,25,43.0,,0,0,20119006912.0,1,25-STS-89,IQT903,2789,SA005,,B,461,520,P0,0.8,SS00201,STS,2.0,2.8,0.7,1000000,1989-01-01,1989-01-01,1989-01-01,13395.0,36.6735112936345,0.9306852819440055,1.73347022587269,1.0,1.0,1.05,8.928571428571429,1.692857142857143,2.007367469835859,1389.5,37829.5,0.0013895,0.00378295,0.00517245,0.010383007869352489,95.31120505568514,1428.0,34930.5,0.001428,0.00349305,0.00492105,0.009878355687435754,100.23142268220778,1357.0,35696.5,0.001357,0.00356965,0.00492665,0.009889596945266836,100.11635545254454,1302.5,28645.5,0.0013025,0.00286455,0.00416705,0.008364800615179517,118.5485757526976
SA001,36459,2723061000,35803044,54000,4,80,15.41,,0,0,20119006912.0,1,80-DTC-85,IQT903,36459,SA005,,B,461,520,P0,1.0,SS00201,DTC,1.0,6.0,1.0,1000000,1985-01-01,1985-01-01,1985-01-01,14856.0,40.6735112936345,0.9888428224342896,1.81347022587269,1.3,1.0,1.05,6.666666666666667,2.1333333333333337,5.22190619220088,1389.5,37829.5,0.0013895,0.00378295,0.00517245,0.027010048683849444,36.02325796243182,1428.0,34930.5,0.001428,0.00349305,0.00492105,0.02569726146713014,37.91465249241127,1357.0,35696.5,0.001357,0.00356965,0.00492665,0.025726504141806467,37.870419178910716,1302.5,28645.5,0.0013025,0.00286455,0.00416705,0.021759944198210677,44.956000203448596
SA001,105152,2723061000,35803044,54000,4,100,63.92,,0,0,20119006912.0,1,100-DTC-95,IQT903,105152,SA005,,B,461,520,P0,1.0,SS00201,DTC,1.0,6.0,1.0,1000000,1995-01-01,1995-01-01,1995-01-01,11204.0,30.67488021902806,1.0,1.6134976043805613,1.3,1.0,1.05,8.333333333333334,2.466666666666667,5.43264643394935,1389.5,37829.5,0.0013895,0.00378295,0.00517245,0.028100092047281318,34.58707203938678,1428.0,34930.5,0.001428,0.00349305,0.00492105,0.02673432473378645,36.40509662980994,1357.0,35696.5,0.001357,0.00356965,0.00492665,0.026764747553816567,36.36257919075359,1302.5,28645.5,0.0013025,0.00286455,0.00416705,0.022638109322588643,43.17330024120809
SA001,71554,2723061000,35803044,54000,13,25,34.0,,0,0,20119006912.0,1,25-STS-90,IQT903,71554,SA005,,B,461,520,P0,0.8,SS00201,STS,2.0,2.8,0.7,1000000,1990-01-01,1990-01-01,1990-01-01,13030.0,35.67419575633128,0.9306852819440055,1.7134839151266257,1.0,1.0,1.05,8.928571428571429,1.692857142857143,1.9842232188214046,1389.5,37829.5,0.0013895,0.00378295,0.00517245,0.010263295388192775,96.43459212432218,1428.0,34930.5,0.001428,0.00349305,0.00492105,0.009764461670981073,101.41219984219838,1357.0,35696.5,0.001357,0.00356965,0.00492665,0.009775573321006474,101.29579045263014,1302.5,28645.5,0.0013025,0.00286455,0.00416705,0.008268357363989735,119.94300669141246
SA001,324893,2723061000,35803044,54000,4,80,272.94,,0,0,20119006912.0,1,80-DTC-90,IQT903,324893,SA005,,B,461,520,P0,1.0,SS00201,DTC,1.0,6.0,1.0,1000000,1990-01-01,1990-01-01,1990-01-01,13030.0,35.67419575633128,0.9888428224342896,1.7134839151266257,1.3,1.0,1.05,6.666666666666667,2.1333333333333337,4.933994580655707,1389.5,37829.5,0.0013895,0.00378295,0.00517245,0.02552084026871261,38.18366282108487,1428.0,34930.5,0.001428,0.00349305,0.00492105,0.024280434031135764,40.185425215943845,1357.0,35696.5,0.001357,0.00356965,0.00492665,0.02430806440078744,40.13861077180649,1302.5,28645.5,0.0013025,0.00286455,0.00416705,0.020560202117321364,47.63765415795837
SA001,71373,2723061000,35803044,54000,13,25,16.58,,0,0,20119006912.0,1,25-STS-91,IQT903,71373,SA005,,B,461,520,P0,0.8,SS00201,STS,2.0,2.8,0.7,1000000,1991-01-01,1991-01-01,1991-01-01,12665.0,34.67488021902806,0.9306852819440055,1.6934976043805614,1.3,1.0,1.05,8.928571428571429,1.692857142857143,2.549402658149036,1389.5,37829.5,0.0013895,0.00378295,0.00517245,0.013186657779142982,74.83422704589148,1428.0,34930.5,0.001428,0.00349305,0.00492105,0.012545737950884312,78.70834429309222,1357.0,35696.5,0.001357,0.00356965,0.00492665,0.012560014605769948,78.61774180904294,1302.5,28645.5,0.0013025,0.00286455,0.00416705,0.010623488346639941,93.1310393884214
SA001,299727,2723061000,35803044,54000,4,100,134.19,,0,0,20119006912.0,1,100-DTC-91,IQT903,299727,SA005,,B,461,520,P0,1.0,SS00201,DTC,1.0,6.0,1.0,1000000,1991-01-01,1991-01-01,1991-01-01,12665.0,34.67488021902806,1.0,1.6934976043805614,1.3,1.0,1.05,8.333333333333334,2.466666666666667,5.702006433949352,1389.5,37829.5,0.0013895,0.00378295,0.00517245,0.029493343179281328,32.90595613122918,1428.0,34930.5,0.001428,0.00349305,0.00492105,0.028059858761786457,34.63809812763056,1357.0,35696.5,0.001357,0.00356965,0.00492665,0.028091789997816575,34.59758919163659,1302.5,28645.5,0.0013025,0.00286455,0.00416705,0.023760545910588647,41.08657510492468
SA001,210462,2723061000,35803044,54000,10,100,10.42,,0,0,20119006912.0,1,100-PFP-95,IQT903,210462,SA005,,B,461,520,P0,1.0,SS00201,PFP,1.6,4.9,0.6,1000000,1995-01-01,1995-01-01,1995-01-01,11204.0,30.67488021902806,1.0,1.6134976043805613,1.3,1.0,1.05,16.3265306122449,2.8408163265306126,3.7540096262833678,1389.5,37829.5,0.0013895,0.00378295,0.00517245,0.019417427091469406,50.50012899697338,1428.0,34930.5,0.001428,0.00349305,0.00492105,0.018473669071421766,53.131098491255926,1357.0,35696.5,0.001357,0.00356965,0.00492665,0.018494691525328955,53.06956902365602,1302.5,28645.5,0.0013025,0.00286455,0.00416705,0.01564314581320411,62.925760965285974
SA001,244041,2723061000,35803044,54000,10,40,22.54,,0,0,20119006912.0,1,40-PFP-93,IQT903,244041,SA005,,B,461,520,P0,0.8,SS00201,PFP,1.6,3.25,0.6,1000000,1993-01-01,1993-01-01,1993-01-01,11934.0,32.6735112936345,0.9541854634062923,1.6534702258726899,1.3,1.0,1.05,9.846153846153847,2.0307692307692307,2.6240593363585627,1389.5,37829.5,0.0013895,0.00378295,0.00517245,0.013572815714347848,72.67667999373911,1428.0,34930.5,0.001428,0.00349305,0.00492105,0.012913127197187305,76.44057537184462,1357.0,35696.5,0.001357,0.00356965,0.00492665,0.012927821929470914,76.3525506040851,1302.5,28645.5,0.0013025,0.00286455,0.00416705,0.01093458645757295,90.45293275425442
SA001,105151,2723061000,35803044,54000,10,100,113.1,,0,0,20119006912.0,1,100-PFP-97,IQT903,105151,SA005,,B,461,520,P0,1.0,SS00201,PFP,1.6,4.9,0.6,1000000,1997-01-01,1997-01-01,1997-01-01,10473.0,28.673511293634498,1.0,1.5734702258726898,1.3,1.0,1.05,16.3265306122449,2.8408163265306126,3.6608807838075688,1389.5,37829.5,0.0013895,0.00378295,0.00517245,0.01893572281020546,51.81023650499611,1428.0,34930.5,0.001428,0.00349305,0.00492105,0.018015377381156234,54.50813501392329,1357.0,35696.5,0.001357,0.00356965,0.00492665,0.01803587831354556,54.44504030330288,1302.5,28645.5,0.0013025,0.00286455,0.00416705,0.01525507327016533,64.55196309385948
SA001,142123,2723061000,35803044,54000,13,25,52.79,,0,0,20119006912.0,1,25-STS-93,IQT903,142123,SA005,,B,461,520,P0,0.8,SS00201,STS,2.0,2.8,0.7,1000000,1993-01-01,1993-01-01,1993-01-01,11934.0,32.6735112936345,0.9306852819440055,1.6534702258726899,1.3,1.0,1.05,8.928571428571429,1.692857142857143,2.4891451739324983,1389.5,37829.5,0.0013895,0.00378295,0.00517245,0.012874978954907152,76.6700298697468,1428.0,34930.5,0.001428,0.00349305,0.00492105,0.01224920785818052,80.63793214858048,1357.0,35696.5,0.001357,0.00356965,0.00492665,0.012263147071154544,80.54513635021198,1302.5,28645.5,0.0013025,0.00286455,0.00416705,0.010372392397035418,95.40977334079788
SA001,2838,2723061000,35803044,54000,2,500,56.0,,0,0,20119006912.0,1,500-CI-72-PL-00,IQT903,2838,SA004,,B,461,520,P0,1.2,SS00201,CI,0.8,22.6,1.0,100000,1972-01-01,2000-01-01,2000-01-01,9378.0,25.675564681724847,1.080471895621705,1.513511293634497,1.3,1.0,1.05,8.849557522123893,3.012389380530973,6.724235267176057,1389.5,37829.5,0.013895,0.0378295,0.0517245,0.34780770707704795,1.8751519292195427,1428.0,34930.5,0.01428,0.0349305,0.049210500000000004,0.33090297961536735,2.022033833489118,1357.0,35696.5,0.01357,0.0356965,0.0492665,0.3312795367903292,2.0185987631131956,1302.5,28645.5,0.013025,0.0286455,0.0416705,0.2802022457008599,2.568850768839256
SA001,36458,2723061000,35803044,54000,4,500,14.0,,0,0,20119006912.0,1,500-DTC-00,IQT903,36458,SA004,,B,461,520,P0,1.2,SS00201,DTC,1.0,9.5,1.0,1000000,2000-01-01,2000-01-01,2000-01-01,9378.0,25.675564681724847,1.080471895621705,1.513511293634497,1.3,1.0,1.05,26.31578947368421,6.063157894736842,13.534140177808004,1389.5,37829.5,0.0013895,0.00378295,0.00517245,0.07000466336270302,13.284762642438169,1428.0,34930.5,0.001428,0.00349305,0.00492105,0.06660218052200208,14.014523430950572,1357.0,35696.5,0.001357,0.00356965,0.00492665,0.06667797170699781,13.997456797190647,1302.5,28645.5,0.0013025,0.00286455,0.00416705,0.05639743882793485,16.73130164741947
SA001,299700,2723061000,35803044,54000,4,500,267.0,,0,0,20119006912.0,1,500-DTC-91,IQT903,299700,SA004,,B,461,520,P0,1.2,SS00201,DTC,1.0,9.5,1.0,1000000,1991-01-01,1991-01-01,1991-01-01,12665.0,34.67488021902806,1.080471895621705,1.6934976043805614,1.3,1.0,1.05,26.31578947368421,6.063157894736842,15.143616083253091,1389.5,37829.5,0.0013895,0.00378295,0.00517245,0.07832959700982246,11.766566383261246,1428.0,34930.5,0.001428,0.00349305,0.00492105,0.07452249192649261,12.418767598195435,1357.0,35696.5,0.001357,0.00356965,0.00492665,0.07460729617655884,12.403514820232742,1302.5,28645.5,0.0013025,0.00286455,0.00416705,0.0631042053997198,14.846804403378801
SA001,463668,2723061000,35803044,54000,13,40,45.77,,0,0,20209002204.0,1,40-STS-20,IQT903,463668,SA005,,B,461,520,P0,0.8,SS00201,STS,2.0,2.8,0.7,1000000,2020-02-14,2020-02-14,2020-02-14,2029.0,5.555099247091033,0.9541854634062923,1.1111019849418207,1.3,1.0,1.05,14.285714285714286,2.2285714285714286,2.257584263480426,1389.5,37829.5,0.0013895,0.00378295,0.00517245,0.01167724172363933,84.63666177909177,1428.0,34930.5,0.001428,0.00349305,0.00492105,0.01110968503980035,89.01155266035974,1357.0,35696.5,0.001357,0.00356965,0.00492665,0.011122327511675842,88.90923877670694,1302.5,28645.5,0.0013025,0.00286455,0.00416705,0.00940746650513611,105.29854482649914
SA001,214951,2723061000,35803044,54000,13,40,35.0,,0,0,2003540000000.0,1,40-STS-02,IQT903,214951,SA005,,B,461,520,P0,0.8,SS00201,STS,2.0,2.8,0.7,1000000,2002-10-23,2002-10-23,2002-10-23,8352.0,22.86652977412731,0.9541854634062923,1.4573305954825462,1.3,1.0,1.05,14.285714285714286,2.2285714285714286,2.961066278017879,1389.5,37829.5,0.0013895,0.00378295,0.00517245,0.01531596726973358,64.29133827388982,1428.0,34930.5,0.001428,0.00349305,0.00492105,0.014571555207439883,67.62685456453023,1357.0,35696.5,0.001357,0.00356965,0.00492665,0.014588137178596786,67.5488481330684,1302.5,28645.5,0.0013025,0.00286455,0.00416705,0.012338911233814405,80.04442774979456
SA001,414353,2723061000,35803044,54000,4,80,56.74,,0,0,20089010469.0,1,80-DTC-08,IQT903,414353,SA005,,B,461,520,P0,1.0,SS00201,DTC,1.0,6.0,1.0,1000000,2008-10-17,2008-10-17,2008-10-17,6166.0,16.88158795345654,0.9888428224342896,1.3376317590691307,1.0,1.0,1.05,6.666666666666667,2.1333333333333337,2.9628649433950853,1389.5,37829.5,0.0013895,0.00378295,0.00517245,0.01532527077646391,64.25170188416963,1428.0,34930.5,0.001428,0.00349305,0.00492105,0.014580406529694384,67.58519328411076,1357.0,35696.5,0.001357,0.00356965,0.00492665,0.014596998573377398,67.5072342079858,1302.5,28645.5,0.0013025,0.00286455,0.00416705,0.01234640636237449,79.99522813759692
SA001,414354,2723061000,35803044,54000,13,50,35.0,,0,0,20089010469.0,1,50-STS-08,IQT903,414354,SA005,,B,461,520,P0,1.0,SS00201,STS,2.0,2.8,0.7,1000000,2008-10-17,2008-10-17,2008-10-17,6166.0,16.88158795345654,0.9653426409720027,1.3376317590691307,1.0,1.0,1.05,17.857142857142858,2.585714285714286,2.454064288888332,1389.5,37829.5,0.0013895,0.00378295,0.00517245,0.012693524831060454,77.78032408721077,1428.0,34930.5,0.001428,0.00349305,0.00492105,0.012076573068833927,81.80494758738347,1357.0,35696.5,0.001357,0.00356965,0.00492665,0.012090315828851702,81.71082527171474,1302.5,28645.5,0.0013025,0.00286455,0.00416705,0.010226208595012125,96.7879524663475
SA001,414361,2723061000,35803044,54000,5,50,11.0,,0,0,20119006912.0,1,50-EPS-80,IQT903,414361,SA005,,B,461,520,P0,0.8,SS00201,EPS,1.6,3.2,1.0,1000000,1980-01-01,1980-01-01,1980-01-01,16683.0,45.67556468172484,0.9653426409720027,1.913511293634497,1.0,1.0,1.05,12.5,2.3625,4.582195729681239,1389.5,37829.5,0.0013895,0.00378295,0.00517245,0.023701178301989725,41.19199515139927,1428.0,34930.5,0.001428,0.00349305,0.00492105,0.02254921429554786,43.34744319217548,1357.0,35696.5,0.001357,0.00356965,0.00492665,0.022574874591634077,43.29703456118359,1302.5,28645.5,0.0013025,0.00286455,0.00416705,0.019094238715368205,51.37181826972443
SA001,463697,2723061000,35803044,54000,13,40,42.58,,0,0,20099002317.0,1,40-STS-18,IQT903,463697,SA005,,B,461,520,P0,0.8,SS00201,STS,2.0,2.8,0.7,1000000,2018-02-01,2018-02-01,2018-02-01,2772.0,7.5893223819301845,0.9541854634062923,1.1517864476386037,1.3,1.0,1.05,14.285714285714286,2.2285714285714286,2.340248684926152,1389.5,37829.5,0.0013895,0.00378295,0.00517245,0.012104819310346276,81.61172466616469,1428.0,34930.5,0.001428,0.00349305,0.00492105,0.01151648079095584,85.83208161865934,1357.0,35696.5,0.001357,0.00356965,0.00492665,0.011529586183591428,85.73338176032466,1302.5,28645.5,0.0013025,0.00286455,0.00416705,0.009751933282521523,101.54376963307459
SA001,193326,2723061000,35803044,54000,10,80,137.87,,0,0,20119006912.0,1,80-PFP-00,IQT903,193326,SA005,,B,461,520,P0,1.0,SS00201,PFP,1.6,4.5,0.6,1000000,2000-01-01,2000-01-01,2000-01-01,9378.0,25.675564681724847,0.9888428224342896,1.513511293634497,1.3,1.0,1.05,14.222222222222221,2.5777777777777775,3.1596742342348856,1389.5,37829.5,0.0013895,0.00378295,0.00517245,0.016343256992868236,60.187314158761225,1428.0,34930.5,0.001428,0.00349305,0.00492105,0.015548914890381583,63.313169571633,1357.0,35696.5,0.001357,0.00356965,0.00492665,0.0155666090660933,63.24006639815788,1302.5,28645.5,0.0013025,0.00286455,0.00416705,0.01316652051776848,74.95021012958436
SA001,36455,2723061000,35803044,54000,10,40,48.46,,0,0,20119006912.0,1,40-PFP-93,IQT903,36455,SA005,,B,461,520,P0,0.8,SS00201,PFP,1.6,3.25,0.6,1000000,1993-01-01,1993-01-01,1993-01-01,11934.0,32.6735112936345,0.9541854634062923,1.6534702258726899,1.0,1.0,1.05,9.846153846153847,2.0307692307692307,2.018507181814279,1389.5,37829.5,0.0013895,0.00378295,0.00517245,0.010440627472575266,94.77968399186086,1428.0,34930.5,0.001428,0.00349305,0.00492105,0.009933174767067156,99.67274798339801,1357.0,35696.5,0.001357,0.00356965,0.00492665,0.009944478407285318,99.55831578531064,1302.5,28645.5,0.0013025,0.00286455,0.00416705,0.008411220351979191,117.88881258053075
SA001,175927,2723061000,35803044,54000,5,40,11.22,,0,0,20119006912.0,1,40-EPS-89,IQT903,175927,SA005,,B,461,520,P0,0.8,SS00201,EPS,1.6,3.2,1.0,1000000,1989-01-01,1989-01-01,1989-01-01,13395.0,36.6735112936345,0.9541854634062923,1.73347022587269,1.3,1.0,1.05,10.0,2.05,4.628451263012104,1389.5,37829.5,0.0013895,0.00378295,0.00517245,0.023940432735366956,40.77033936912553,1428.0,34930.5,0.001428,0.00349305,0.00492105,0.022776840087845713,42.904246425017696,1357.0,35696.5,0.001357,0.00356965,0.00492665,0.02280275941491858,42.85434156472113,1302.5,28645.5,0.0013025,0.00286455,0.00416705,0.019286987835534588,50.84842799338461
SA001,298004,2723061000,35803044,54000,13,50,89.0,,0,0,2004540000000.0,1,50-STS-03,IQT903,298004,SA005,,B,461,520,P0,0.8,SS00201,STS,2.0,2.8,0.7,1000000,2003-11-17,2003-11-17,2003-11-17,7962.0,21.79876796714579,0.9653426409720027,1.4359753593429159,1.3,1.0,1.05,17.857142857142858,2.585714285714286,3.424835402384006,1389.5,37829.5,0.0013895,0.00378295,0.00517245,0.01771478987706115,55.450006290782945,1428.0,34930.5,0.001428,0.00349305,0.00492105,0.01685378625690181,58.33384847517507,1357.0,35696.5,0.001357,0.00356965,0.00492665,0.016872965335155164,58.2664051716197,1302.5,28645.5,0.0013025,0.00286455,0.00416705,0.014271460363504273,69.06991397721654
SA001,36405,2723061000,35803044,54000,13,25,18.0,,0,0,20119006912.0,1,25-STS-92,IQT903,36405,SA005,,B,461,520,P0,0.8,SS00201,STS,2.0,2.8,0.7,1000000,1992-01-01,1992-01-01,1992-01-01,12300.0,33.67556468172484,0.9306852819440055,1.673511293634497,1.3,1.0,1.05,8.928571428571429,1.692857142857143,2.5193151318302442,1389.5,37829.5,0.0013895,0.00378295,0.00517245,0.013031031553635348,75.73989552431279,1428.0,34930.5,0.001428,0.00349305,0.00492105,0.012397675729493223,79.6602803476355,1357.0,35696.5,0.001357,0.00356965,0.00492665,0.012411783894231473,79.56859582164995,1302.5,28645.5,0.0013025,0.00286455,0.00416705,0.01049811212009322,94.2552219447167
SA001,175926,2723061000,35803044,54000,5,40,38.87,,0,0,20119006912.0,1,40-EPS-89,IQT903,175926,SA005,,B,461,520,P0,0.8,SS00201,EPS,1.6,3.2,1.0,1000000,1989-01-01,1989-01-01,1989-01-01,13395.0,36.6735112936345,0.9541854634062923,1.73347022587269,1.0,1.0,1.05,10.0,2.05,3.5603471253939256,1389.5,37829.5,0.0013895,0.00378295,0.00517245,0.01841571748874381,53.3014411798632,1428.0,34930.5,0.001428,0.00349305,0.00492105,0.017520646221419776,56.07552035252302,1357.0,35696.5,0.001357,0.00356965,0.00492665,0.017540584165321983,56.01064403413748,1302.5,28645.5,0.0013025,0.00286455,0.00416705,0.014836144488872759,66.4029563914
SA001,71432,2723061000,35803044,54000,10,80,45.81,,0,0,20119006912.0,1,80-PFP-96,IQT903,71432,SA005,,B,461,520,P0,1.0,SS00201,PFP,1.6,4.5,0.6,1000000,1996-01-01,1996-01-01,1996-01-01,10839.0,29.675564681724847,0.9888428224342896,1.593511293634497,1.3,1.0,1.05,14.222222222222221,2.5777777777777775,3.3266858315727474,1389.5,37829.5,0.0013895,0.00378295,0.00517245,0.01720711612951846,57.11549085116711,1428.0,34930.5,0.001428,0.00349305,0.00492105,0.016370787311461066,60.08441707625799,1357.0,35696.5,0.001357,0.00356965,0.00492665,0.01638941675211788,60.01498394509845,1302.5,28645.5,0.0013025,0.00286455,0.00416705,0.013862466194455218,71.13723633100619
SA001,142067,2723061000,35803044,54000,13,25,13.1,,0,0,20119006912.0,1,25-STS-92,IQT903,142067,SA005,,B,461,520,P0,0.8,SS00201,STS,2.0,2.8,0.7,1000000,1992-01-01,1992-01-01,1992-01-01,12300.0,33.67556468172484,0.9306852819440055,1.673511293634497,1.3,1.0,1.05,8.928571428571429,1.692857142857143,2.5193151318302442,1389.5,37829.5,0.0013895,0.00378295,0.00517245,0.013031031553635348,75.73989552431279,1428.0,34930.5,0.001428,0.00349305,0.00492105,0.012397675729493223,79.6602803476355,1357.0,35696.5,0.001357,0.00356965,0.00492665,0.012411783894231473,79.56859582164995,1302.5,28645.5,0.0013025,0.00286455,0.00416705,0.01049811212009322,94.2552219447167
SA001,308430,2723061000,35803044,54000,4,80,101.97,,0,0,20119006912.0,1,80-DTC-90,IQT903,308430,SA005,,B,461,520,P0,1.0,SS00201,DTC,1.0,6.0,1.0,1000000,1990-01-01,1990-01-01,1990-01-01,13030.0,35.67419575633128,0.9888428224342896,1.7134839151266257,1.3,1.0,1.05,6.666666666666667,2.1333333333333337,4.933994580655707,1389.5,37829.5,0.0013895,0.00378295,0.00517245,0.02552084026871261,38.18366282108487,1428.0,34930.5,0.001428,0.00349305,0.00492105,0.024280434031135764,40.185425215943845,1357.0,35696.5,0.001357,0.00356965,0.00492665,0.02430806440078744,40.13861077180649,1302.5,28645.5,0.0013025,0.00286455,0.00416705,0.020560202117321364,47.63765415795837
SA001,299726,2723061000,35803044,54000,4,100,18.1,,0,0,20119006912.0,1,100-DTC-91,IQT903,299726,SA005,,B,461,520,P0,1.0,SS00201,DTC,1.0,6.0,1.0,1000000,1991-01-01,1991-01-01,1991-01-01,12665.0,34.67488021902806,1.0,1.6934976043805614,1.3,1.0,1.05,8.333333333333334,2.466666666666667,5.702006433949352,1389.5,37829.5,0.0013895,0.00378295,0.00517245,0.029493343179281328,32.90595613122918,1428.0,34930.5,0.001428,0.00349305,0.00492105,0.028059858761786457,34.63809812763056,1357.0,35696.5,0.001357,0.00356965,0.00492665,0.028091789997816575,34.59758919163659,1302.5,28645.5,0.0013025,0.00286455,0.00416705,0.023760545910588647,41.08657510492468
SA001,244040,2723061000,35803044,54000,13,25,39.94,,0,0,20199000159.0,1,25-STS-88,IQT903,244040,SA005,,B,461,520,P0,0.8,SS00201,STS,2.0,2.8,0.7,1000000,1988-01-01,1988-01-01,1988-01-01,13761.0,37.67556468172484,0.9306852819440055,1.7535112936344968,1.3,1.0,1.05,8.928571428571429,1.692857142857143,2.639747668684363,1389.5,37829.5,0.0013895,0.00378295,0.00517245,0.013653962828886434,72.23881077839116,1428.0,34930.5,0.001428,0.00349305,0.00492105,0.012990330264979182,75.98033688149671,1357.0,35696.5,0.001357,0.00356965,0.00492665,0.013005112851923817,75.89283525533361,1302.5,28645.5,0.0013025,0.00286455,0.00416705,0.010999960522791175,89.90941716818598
SA001,308699,2723061000,35803044,54000,13,40,15.0,,0,0,2004540000000.0,1,40-STS-04,IQT903,308699,SA005,,B,461,520,P0,0.8,SS00201,STS,2.0,2.8,0.7,1000000,2004-09-10,2004-09-10,2004-09-10,7664.0,20.982888432580424,0.9541854634062923,1.4196577686516085,1.3,1.0,1.05,14.285714285714286,2.2285714285714286,2.8845210263965337,1389.5,37829.5,0.0013895,0.00378295,0.00517245,0.014920040782984752,66.02394548012423,1428.0,34930.5,0.001428,0.00349305,0.00492105,0.014194872196948661,69.44797488313847,1357.0,35696.5,0.001357,0.00356965,0.00492665,0.014211025514696484,69.36789842969738,1302.5,28645.5,0.0013025,0.00286455,0.00416705,0.012019943343045677,82.1950676854534
SA001,298006,2723061000,35803044,54000,10,80,41.08,,0,0,20119006912.0,1,80-PFP-96,IQT903,298006,SA005,,B,461,520,P0,1.0,SS00201,PFP,1.6,4.5,0.6,1000000,1996-01-01,1996-01-01,1996-01-01,10839.0,29.675564681724847,0.9888428224342896,1.593511293634497,1.3,1.0,1.05,14.222222222222221,2.5777777777777775,3.3266858315727474,1389.5,37829.5,0.0013895,0.00378295,0.00517245,0.01720711612951846,57.11549085116711,1428.0,34930.5,0.001428,0.00349305,0.00492105,0.016370787311461066,60.08441707625799,1357.0,35696.5,0.001357,0.00356965,0.00492665,0.01638941675211788,60.01498394509845,1302.5,28645.5,0.0013025,0.00286455,0.00416705,0.013862466194455218,71.13723633100619
SA001,2778,2723061000,35803044,54000,13,20,20.96,,0,0,20119006912.0,1,20-STS-92,IQT903,2778,SA005,,B,461,520,P0,0.8,SS00201,STS,2.0,2.1,0.7,1000000,1992-01-01,1992-01-01,1992-01-01,12300.0,33.67556468172484,0.919528104378295,1.673511293634497,1.3,1.0,1.05,9.523809523809524,1.7523809523809524,2.5766348136475954,1389.5,37829.5,0.0013895,0.00378295,0.00517245,0.013327514741851506,74.03274386632391,1428.0,34930.5,0.001428,0.00349305,0.00492105,0.012679748749700499,77.86591601616873,1357.0,35696.5,0.001357,0.00356965,0.00492665,0.012694177904656927,77.77627109930016,1302.5,28645.5,0.0013025,0.00286455,0.00416705,0.010736966100210212,92.1361793142312
SA001,210422,2723061000,35803044,54000,13,25,17.85,,0,0,20119006912.0,1,25-STS-90,IQT903,210422,SA005,,B,461,520,P0,0.8,SS00201,STS,2.0,2.8,0.7,1000000,1990-11-07,1990-11-07,1990-11-07,12720.0,34.82546201232033,0.9306852819440055,1.6965092402464066,1.0,1.0,1.05,8.928571428571429,1.692857142857143,1.9645664576858408,1389.5,37829.5,0.0013895,0.00378295,0.00517245,0.010161621774057128,97.40948839023164,1428.0,34930.5,0.001428,0.00349305,0.00492105,0.009667729766594907,102.43690030055652,1357.0,35696.5,0.001357,0.00356965,0.00492665,0.009678731338757948,102.31932615957165,1302.5,28645.5,0.0013025,0.00286455,0.00416705,0.008186446657499784,121.1531198867433
SA001,2779,2723061000,35803044,54000,13,25,30.39,,0,0,20119006912.0,1,25-STS-92,IQT903,2779,SA005,,B,461,520,P0,0.8,SS00201,STS,2.0,2.8,0.7,1000000,1992-01-01,1992-01-01,1992-01-01,12300.0,33.67556468172484,0.9306852819440055,1.673511293634497,1.3,1.0,1.05,8.928571428571429,1.692857142857143,2.5193151318302442,1389.5,37829.5,0.0013895,0.00378295,0.00517245,0.013031031553635348,75.73989552431279,1428.0,34930.5,0.001428,0.00349305,0.00492105,0.012397675729493223,79.6602803476355,1357.0,35696.5,0.001357,0.00356965,0.00492665,0.012411783894231473,79.56859582164995,1302.5,28645.5,0.0013025,0.00286455,0.00416705,0.01049811212009322,94.2552219447167
SA001,2774,2723061000,35803044,54000,13,25,16.1,,0,0,20119006912.0,1,25-STS-88,IQT903,2774,SA005,,B,461,520,P0,0.8,SS00201,STS,2.0,2.8,0.7,1000000,1988-01-01,1988-01-01,1988-01-01,13761.0,37.67556468172484,0.9306852819440055,1.7535112936344968,1.3,1.0,1.05,8.928571428571429,1.692857142857143,2.639747668684363,1389.5,37829.5,0.0013895,0.00378295,0.00517245,0.013653962828886434,72.23881077839116,1428.0,34930.5,0.001428,0.00349305,0.00492105,0.012990330264979182,75.98033688149671,1357.0,35696.5,0.001357,0.00356965,0.00492665,0.013005112851923817,75.89283525533361,1302.5,28645.5,0.0013025,0.00286455,0.00416705,0.010999960522791175,89.90941716818598
SA001,298009,2723061000,35803044,54000,10,80,17.71,,0,0,20119006912.0,1,80-PFP-96,IQT903,298009,SA005,,B,461,520,P0,1.0,SS00201,PFP,1.6,4.5,0.6,1000000,1996-01-01,1996-01-01,1996-01-01,10839.0,29.675564681724847,0.9888428224342896,1.593511293634497,1.0,1.0,1.05,14.222222222222221,2.5777777777777775,2.558989101209806,1389.5,37829.5,0.0013895,0.00378295,0.00517245,0.013236243176552661,74.55013810651724,1428.0,34930.5,0.001428,0.00349305,0.00492105,0.012592913316508515,78.40974219913538,1357.0,35696.5,0.001357,0.00356965,0.00492665,0.012607243655475291,78.31947912862799,1302.5,28645.5,0.0013025,0.00286455,0.00416705,0.010663435534196321,92.77840723030803
SA001,298007,2723061000,35803044,54000,4,80,7.0,,0,0,2004540000000.0,1,80-DTC-03,IQT903,298007,SA005,,B,461,520,P0,1.0,SS00201,DTC,1.0,6.0,1.0,1000000,2003-11-17,2003-11-17,2003-11-17,7962.0,21.79876796714579,0.9888428224342896,1.4359753593429159,1.3,1.0,1.05,6.666666666666667,2.1333333333333337,4.134905836235698,1389.5,37829.5,0.0013895,0.00378295,0.00517245,0.02138759369263734,45.75607805025065,1428.0,34930.5,0.001428,0.00349305,0.00492105,0.020348078365407682,48.144689834693615,1357.0,35696.5,0.001357,0.00356965,0.00492665,0.020371233838090603,48.08882829326601,1302.5,28645.5,0.0013025,0.00286455,0.00416705,0.01723035936488597,57.03709480592241
SA001,142121,2723063100,35803044,54000,13,25,13.54,,0,0,20119006912.0,1,25-STS-93,IQT903,142121,SA005,,B,461,520,P0,0.8,SS00201,STS,2.0,2.8,0.7,1000000,1993-01-01,1993-01-01,1993-01-01,11934.0,32.6735112936345,0.9306852819440055,1.6534702258726899,1.0,1.0,1.05,8.928571428571429,1.692857142857143,1.9147270568711527,1389.5,37829.5,0.0013895,0.00378295,0.00517245,0.009903829965313195,99.97103883067084,1428.0,34930.5,0.001428,0.00349305,0.00492105,0.009422467583215785,105.12931179315461,1357.0,35696.5,0.001357,0.00356965,0.00492665,0.009433190054734265,105.00867725527557,1302.5,28645.5,0.0013025,0.00286455,0.00416705,0.007978763382334938,124.33270534303725
SA001,243989,2723061000,35803044,54000,10,80,12.16,,0,0,20199000159.0,1,80-PFP-91,IQT903,243989,SA005,,B,461,520,P0,0.8,SS00201,PFP,1.6,4.5,0.6,1000000,1991-01-01,1991-01-01,1991-01-01,12665.0,34.67488021902806,0.9888428224342896,1.6934976043805614,1.3,1.0,1.05,14.222222222222221,2.5777777777777775,3.5354217499429983,1389.5,37829.5,0.0013895,0.00378295,0.00517245,0.018286792230492663,53.68427635616327,1428.0,34930.5,0.001428,0.00349305,0.00492105,0.017397987202556992,56.477913298673386,1357.0,35696.5,0.001357,0.00356965,0.00492665,0.017417785564356674,56.41257959027669,1302.5,28645.5,0.0013025,0.00286455,0.00416705,0.014732279203099972,66.87815966653548
SA001,298008,2723061000,35803044,54000,13,50,6.52,,0,0,2004540000000.0,1,50-DTC-03,IQT903,298008,SA005,,B,461,520,P0,0.8,SS00201,DTC,1.0,6.0,1.0,1000000,2003-11-17,2003-11-17,2003-11-17,7962.0,21.79876796714579,0.9653426409720027,1.4359753593429159,1.0,1.0,1.05,4.166666666666667,1.6333333333333333,2.3773471414763607,1389.5,37829.5,0.0013895,0.00378295,0.00517245,0.012296709221929403,80.32257028706873,1428.0,34930.5,0.001428,0.00349305,0.00492105,0.011699044150562244,84.47706865025731,1357.0,35696.5,0.001357,0.00356965,0.00492665,0.011712357294554514,84.37990900131906,1302.5,28645.5,0.0013025,0.00286455,0.00416705,0.009906524405889069,99.94357607452483
SA001,105150,2723061000,35803044,54000,13,25,30.36,,0,0,20119006912.0,1,25-STS-88,IQT903,105150,SA005,,B,461,520,P0,0.8,SS00201,STS,2.0,2.8,0.7,1000000,1988-01-01,1988-01-01,1988-01-01,13761.0,37.67556468172484,0.9306852819440055,1.7535112936344968,1.3,1.0,1.05,8.928571428571429,1.692857142857143,2.639747668684363,1389.5,37829.5,0.0013895,0.00378295,0.00517245,0.013653962828886434,72.23881077839116,1428.0,34930.5,0.001428,0.00349305,0.00492105,0.012990330264979182,75.98033688149671,1357.0,35696.5,0.001357,0.00356965,0.00492665,0.013005112851923817,75.89283525533361,1302.5,28645.5,0.0013025,0.00286455,0.00416705,0.010999960522791175,89.90941716818598
SA001,299728,2723061000,35803044,54000,4,100,5.0,,0,0,2006540000000.0,1,100-DTC-06,IQT903,299728,SA005,,B,461,520,P0,1.0,SS00201,DTC,1.0,6.0,1.0,1000000,2006-07-18,2006-07-18,2006-07-18,6988.0,19.132101300479125,1.0,1.3826420260095826,1.3,1.0,1.05,8.333333333333334,2.466666666666667,4.6553557015742655,1389.5,37829.5,0.0013895,0.00378295,0.00517245,0.024079594598607812,40.528938367501254,1428.0,34930.5,0.001428,0.00349305,0.00492105,0.02290923817523204,42.6505130529017,1357.0,35696.5,0.001357,0.00356965,0.00492665,0.022935308167160856,42.600896604991604,1302.5,28645.5,0.0013025,0.00286455,0.00416705,0.019399099976245043,50.548783254096286
SA001,324892,2723061000,35803044,54000,4,100,12.0,,0,0,20119006912.0,1,100-DTC-06,IQT903,324892,SA005,,B,461,520,P0,1.0,SS00201,DTC,1.0,6.0,1.0,1000000,2006-07-18,2006-07-18,2006-07-18,6988.0,19.132101300479125,1.0,1.3826420260095826,1.3,1.0,1.05,8.333333333333334,2.466666666666667,4.6553557015742655,1389.5,37829.5,0.0013895,0.00378295,0.00517245,0.024079594598607812,40.528938367501254,1428.0,34930.5,0.001428,0.00349305,0.00492105,0.02290923817523204,42.6505130529017,1357.0,35696.5,0.001357,0.00356965,0.00492665,0.022935308167160856,42.600896604991604,1302.5,28645.5,0.0013025,0.00286455,0.00416705,0.019399099976245043,50.548783254096286
SA001,277675,2723061000,35803044,54000,5,50,71.0,,0,0,20119006912.0,1,50-EPS-88,IQT903,277675,SA005,,B,461,520,P0,0.8,SS00201,EPS,1.6,3.2,1.0,1000000,1988-01-01,1988-01-01,1988-01-01,13761.0,37.67556468172484,0.9653426409720027,1.7535112936344968,1.3,1.0,1.05,12.5,2.3625,5.458766606123286,1389.5,37829.5,0.0013895,0.00378295,0.00517245,0.02823519733184239,34.41678806941593,1428.0,34930.5,0.001428,0.00349305,0.00492105,0.02686286340706299,36.22611342084524,1357.0,35696.5,0.001357,0.00356965,0.00492665,0.026893432500057286,36.18379942753198,1302.5,28645.5,0.0013025,0.00286455,0.00416705,0.02274695338604604,42.96193121024476
SA001,299697,2723061000,35803044,54000,4,300,2.89,,0,0,20119006912.0,1,300-DTC-91,IQT903,299697,SA004,,B,461,520,P0,1.5,SS00201,DTC,1.0,7.2,1.0,1000000,1991-01-01,1991-01-01,1991-01-01,12665.0,34.67488021902806,1.0549306144334054,1.6934976043805614,1.3,1.0,1.05,20.833333333333332,4.966666666666667,12.111729074047886,1389.5,37829.5,0.0013895,0.00378295,0.00517245,0.06264731304905899,14.962376538270714,1428.0,34930.5,0.001428,0.00349305,0.00492105,0.05960242435984335,15.77784101469775,1357.0,35696.5,0.001357,0.00356965,0.00492665,0.059670250042658024,15.758770061883501,1302.5,28645.5,0.0013025,0.00286455,0.00416705,0.05047018063801125,18.813679827546668
SA001,298005,2723061000,35803044,54000,4,80,102.0,,0,0,2004540000000.0,1,80-DTC-03,IQT903,298005,SA005,,B,461,520,P0,1.0,SS00201,DTC,1.0,6.0,1.0,1000000,2003-11-17,2003-11-17,2003-11-17,7962.0,21.79876796714579,0.9888428224342896,1.4359753593429159,1.3,1.0,1.05,6.666666666666667,2.1333333333333337,4.134905836235698,1389.5,37829.5,0.0013895,0.00378295,0.00517245,0.02138759369263734,45.75607805025065,1428.0,34930.5,0.001428,0.00349305,0.00492105,0.020348078365407682,48.144689834693615,1357.0,35696.5,0.001357,0.00356965,0.00492665,0.020371233838090603,48.08882829326601,1302.5,28645.5,0.0013025,0.00286455,0.00416705,0.01723035936488597,57.03709480592241
SA001,71431,2723061000,35803044,54000,4,80,336.73,,0,0,20119006912.0,1,80-DTC-90,IQT903,71431,SA005,,B,461,520,P0,1.0,SS00201,DTC,1.0,6.0,1.0,1000000,1990-01-01,1990-01-01,1990-01-01,13030.0,35.67419575633128,0.9888428224342896,1.7134839151266257,1.3,1.0,1.05,6.666666666666667,2.1333333333333337,4.933994580655707,1389.5,37829.5,0.0013895,0.00378295,0.00517245,0.02552084026871261,38.18366282108487,1428.0,34930.5,0.001428,0.00349305,0.00492105,0.024280434031135764,40.185425215943845,1357.0,35696.5,0.001357,0.00356965,0.00492665,0.02430806440078744,40.13861077180649,1302.5,28645.5,0.0013025,0.00286455,0.00416705,0.020560202117321364,47.63765415795837
SA001,299699,2723061000,35803044,54000,4,300,4.0,,0,0,2004540000000.0,1,300-DTC-03,IQT903,299699,SA004,,B,461,520,P0,1.8,SS00201,DTC,1.0,7.2,1.0,1000000,2003-12-26,2003-12-26,2003-12-26,7923.0,21.691991786447637,1.0549306144334054,1.4338398357289528,1.3,1.0,1.05,20.833333333333332,4.966666666666667,10.254682133003987,1389.5,37829.5,0.0013895,0.00378295,0.00517245,0.053041830598856476,17.853044638726306,1428.0,34930.5,0.001428,0.00349305,0.00492105,0.05046380351061927,18.81618368876152,1357.0,35696.5,0.001357,0.00356965,0.00492665,0.050521229730564096,18.793659127719625,1302.5,28645.5,0.0013025,0.00286455,0.00416705,0.042731773182334266,22.401790413261153
SA001,471694,2723061000,35803044,54000,13,40,60.0,,0,0,20219009549.0,1,40-STS-21,IQT903,471694,SA005,,B,461,520,P0,0.8,SS00201,STS,2.0,2.8,0.7,1000000,2021-10-07,2021-10-07,2021-10-07,1428.0,3.909650924024641,0.9541854634062923,1.0781930184804929,1.3,1.0,1.05,14.285714285714286,2.2285714285714286,2.1907184259449193,1389.5,37829.5,0.0013895,0.00378295,0.00517245,0.011331381522278798,87.25049249589604,1428.0,34930.5,0.001428,0.00349305,0.00492105,0.010780634909996244,91.7589152539392,1357.0,35696.5,0.001357,0.00356965,0.00492665,0.010792902933181537,91.65347851184829,1302.5,28645.5,0.0013025,0.00286455,0.00416705,0.009128833216833776,108.54302442024871
SA001,186992,2723063100,35803045,54000,13,50,63.25,,0,0,20119006912.0,1,50-STS-88,IQT903,186992,SA005,,B,470,520,P0,0.8,SS00201,STS,2.0,2.8,0.7,1000000,1988-01-01,1988-01-01,1988-01-01,13761.0,37.67556468172484,0.9653426409720027,1.7535112936344968,1.0,1.0,1.05,17.857142857142858,2.585714285714286,3.217050893637166,1389.5,37829.5,0.0013895,0.00378295,0.00517245,0.01664003489479356,59.09602782220645,1428.0,34930.5,0.001428,0.00349305,0.00492105,0.015831268300133174,62.16613306285687,1357.0,35696.5,0.001357,0.00356965,0.00492665,0.015849283785137544,62.094333697131276,1302.5,28645.5,0.0013025,0.00286455,0.00416705,0.013405611926330753,73.59562498865427
SA001,324891,2723061000,35803044,54000,4,200,2.0,,0,0,2006540000000.0,1,200-DTC-06,IQT903,324891,SA005,,B,461,520,P0,1.3,SS00201,DTC,1.0,6.3,1.0,1000000,2006-07-18,2006-07-18,2006-07-18,6988.0,19.132101300479125,1.0346573590279973,1.3826420260095826,1.3,1.0,1.05,15.873015873015873,3.9746031746031747,7.761268906666025,1389.5,37829.5,0.0013895,0.00378295,0.00517245,0.04014477535628468,23.909841719750702,1428.0,34930.5,0.001428,0.00349305,0.00492105,0.03819359235314884,25.18240229286931,1357.0,35696.5,0.001357,0.00356965,0.00492665,0.03823705545902618,25.152641410151826,1302.5,28645.5,0.0013025,0.00286455,0.00416705,0.032341595597522664,29.919933958873663
SA001,106428,2723063000,35803045,54000,4,80,194.88,,0,0,20119006912.0,1,80-DTC-92,IQT903,106428,SA005,,B,490,520,P0,1.0,SS00201,DTC,1.0,6.0,1.0,1000000,1992-01-01,1992-01-01,1992-01-01,12300.0,33.67556468172484,0.9888428224342896,1.673511293634497,1.0,1.0,1.05,6.666666666666667,2.1333333333333337,3.7068407733799575,1389.5,37829.5,0.0013895,0.00378295,0.00517245,0.019173448558269163,51.15545846960942,1428.0,34930.5,0.001428,0.00349305,0.00492105,0.018241548787841438,53.819906556757466,1357.0,35696.5,0.001357,0.00356965,0.00492665,0.01826230709617237,53.75759413823414,1302.5,28645.5,0.0013025,0.00286455,0.00416705,0.015446590844712954,63.739204271878485
SA001,142932,2723063100,35803045,54000,13,25,29.0,,0,0,20119006912.0,1,25-STS-94,IQT903,142932,SA005,,B,243,520,P0,0.8,SS00201,STS,2.0,2.8,0.7,1000000,1994-01-01,1994-01-01,1994-01-01,11569.0,31.67419575633128,0.9306852819440055,1.6334839151266256,1.0,1.0,1.05,8.928571428571429,1.692857142857143,1.8915828058566984,1389.5,37829.5,0.0013895,0.00378295,0.00517245,0.00978411748415348,101.2064587449626,1428.0,34930.5,0.001428,0.00349305,0.00492105,0.009308573566761106,106.42784518250818,1357.0,35696.5,0.001357,0.00356965,0.00492665,0.009319166430473903,106.30573463415949,1302.5,28645.5,0.0013025,0.00286455,0.00416705,0.007882320131145155,125.86619971811757
SA001,105191,2723063100,35803045,54000,10,80,78.0,,0,0,20119006912.0,1,80-PFP-96,IQT903,105191,SA005,,B,461,520,P0,1.0,SS00201,PFP,1.6,4.5,0.6,1000000,1996-01-01,1996-01-01,1996-01-01,10839.0,29.675564681724847,0.9888428224342896,1.593511293634497,1.0,1.0,1.05,14.222222222222221,2.5777777777777775,2.558989101209806,1389.5,37829.5,0.0013895,0.00378295,0.00517245,0.013236243176552661,74.55013810651724,1428.0,34930.5,0.001428,0.00349305,0.00492105,0.012592913316508515,78.40974219913538,1357.0,35696.5,0.001357,0.00356965,0.00492665,0.012607243655475291,78.31947912862799,1302.5,28645.5,0.0013025,0.00286455,0.00416705,0.010663435534196321,92.77840723030803
SA001,71477,2723061000,35803044,54000,13,20,13.0,,0,0,20119006912.0,1,20-STS-93,IQT903,71477,SA005,,B,461,520,P0,0.8,SS00201,STS,2.0,2.1,0.7,1000000,1993-01-01,1993-01-01,1993-01-01,11934.0,32.6735112936345,0.919528104378295,1.6534702258726899,1.0,1.0,1.05,9.523809523809524,1.7523809523809524,1.9582910970661536,1389.5,37829.5,0.0013895,0.00378295,0.00517245,0.010129162785019826,97.72484243998086,1428.0,34930.5,0.001428,0.00349305,0.00492105,0.009636848403217395,102.76836473489986,1357.0,35696.5,0.001357,0.00356965,0.00492665,0.009647814833360966,102.6504138265716,1302.5,28645.5,0.0013025,0.00286455,0.00416705,0.008160296916029515,121.54456060730709
SA001,176382,2723063100,35803045,54000,10,80,41.0,,0,0,20119006912.0,1,80-PFP-96,IQT903,176382,SA005,,B,461,520,P0,1.0,SS00201,PFP,1.6,4.5,0.6,1000000,1996-01-01,1996-01-01,1996-01-01,10839.0,29.675564681724847,0.9888428224342896,1.593511293634497,1.0,1.0,1.05,14.222222222222221,2.5777777777777775,2.558989101209806,1389.5,37829.5,0.0013895,0.00378295,0.00517245,0.013236243176552661,74.55013810651724,1428.0,34930.5,0.001428,0.00349305,0.00492105,0.012592913316508515,78.40974219913538,1357.0,35696.5,0.001357,0.00356965,0.00492665,0.012607243655475291,78.31947912862799,1302.5,28645.5,0.0013025,0.00286455,0.00416705,0.010663435534196321,92.77840723030803
SA001,220520,2723063100,35803045,54000,4,80,24.0,,0,0,20119006912.0,1,80-DTC-86,IQT903,220520,SA005,,B,243,520,P0,1.0,SS00201,DTC,1.0,6.0,1.0,1000000,1986-01-01,1986-01-01,1986-01-01,14491.0,39.67419575633128,0.9888428224342896,1.7934839151266257,1.0,1.0,1.05,6.666666666666667,2.1333333333333337,3.972581080438461,1389.5,37829.5,0.0013895,0.00378295,0.00517245,0.02054797700951392,47.66659134069451,1428.0,34930.5,0.001428,0.00349305,0.00492105,0.019549270125891687,50.15280486485107,1357.0,35696.5,0.001357,0.00356965,0.00492665,0.019571516579942147,50.09466074922621,1302.5,28645.5,0.0013025,0.00286455,0.00416705,0.01655394399124109,59.40856490327097
SA001,211327,2723063000,35803045,54000,10,50,57.63,,0,0,20119006912.0,1,50-PFP-92,IQT903,211327,SA005,,B,490,520,P0,0.8,SS00201,PFP,1.6,3.65,0.6,1000000,1992-01-01,1992-01-01,1992-01-01,12300.0,33.67556468172484,0.9653426409720027,1.673511293634497,1.0,1.0,1.05,10.95890410958904,2.16986301369863,2.2084267771573414,1389.5,37829.5,0.0013895,0.00378295,0.00517245,0.011422977083507492,86.54285268100566,1428.0,34930.5,0.001428,0.00349305,0.00492105,0.010867778591730133,91.0151244856012,1357.0,35696.5,0.001357,0.00356965,0.00492665,0.010880145781682216,90.91053319189871,1302.5,28645.5,0.0013025,0.00286455,0.00416705,0.0092026248017535,107.66464965619988
SA001,3693,2723063000,35803045,54000,13,20,12.54,,0,0,20119006912.0,1,20-STS-91,IQT903,3693,SA005,,B,490,520,P0,0.8,SS00201,STS,2.0,2.1,0.7,1000000,1991-01-01,1991-01-01,1991-01-01,12665.0,34.67488021902806,0.919528104378295,1.6934976043805614,1.0,1.0,1.05,9.523809523809524,1.7523809523809524,2.005697610799711,1389.5,37829.5,0.0013895,0.00378295,0.00517245,0.010374370606980965,95.39138969327885,1428.0,34930.5,0.001428,0.00349305,0.00492105,0.009870138227625917,100.31570368498596,1357.0,35696.5,0.001357,0.00356965,0.00492665,0.009881370134246396,100.200540655212,1302.5,28645.5,0.0013025,0.00286455,0.00416705,0.008357842229082936,118.6481068427305
SA001,4692,2723063000,35803045,54000,13,50,12.77,,0,0,20199008494.0,1,50-STS-19,IQT903,4692,SA005,,B,490,520,P0,0.8,SS00201,STS,2.0,2.8,0.7,1000000,2019-08-20,2019-08-20,2019-08-20,2207.0,6.0424366872005475,0.9653426409720027,1.120848733744011,1.0,1.0,1.05,17.857142857142858,2.585714285714286,2.0563468473872617,1389.5,37829.5,0.0013895,0.00378295,0.00517245,0.010636351250768242,93.0172034961493,1428.0,34930.5,0.001428,0.00349305,0.00492105,0.010119385653335084,97.82022824877974,1357.0,35696.5,0.001357,0.00356965,0.00492665,0.010130901195680454,97.70790176360354,1302.5,28645.5,0.0013025,0.00286455,0.00416705,0.008568900130405089,115.70109171324017
SA001,177202,2723063000,35803045,54000,4,100,122.71,,0,0,20119006912.0,1,100-DTC-92,IQT903,177202,SA005,,B,490,520,P0,1.0,SS00201,DTC,1.0,6.0,1.0,1000000,1992-01-01,1992-01-01,1992-01-01,12300.0,33.67556468172484,1.0,1.673511293634497,1.0,1.0,1.05,8.333333333333334,2.466666666666667,4.3343942505133475,1389.5,37829.5,0.0013895,0.00378295,0.00517245,0.022419437541067764,43.60415200730202,1428.0,34930.5,0.001428,0.00349305,0.00492105,0.02132977082648871,45.88282908122643,1357.0,35696.5,0.001357,0.00356965,0.00492665,0.021354043434291585,45.82953854042185,1302.5,28645.5,0.0013025,0.00286455,0.00416705,0.018061637561601646,54.36596538322539
SA001,37854,2723063000,35803045,54000,13,25,14.38,,0,0,20119006912.0,1,25-STS-93,IQT903,37854,SA005,,B,490,520,P0,0.8,SS00201,STS,2.0,2.8,0.7,1000000,1993-01-01,1993-01-01,1993-01-01,11934.0,32.6735112936345,0.9306852819440055,1.6534702258726899,1.0,1.0,1.05,8.928571428571429,1.692857142857143,1.9147270568711527,1389.5,37829.5,0.0013895,0.00378295,0.00517245,0.009903829965313195,99.97103883067084,1428.0,34930.5,0.001428,0.00349305,0.00492105,0.009422467583215785,105.12931179315461,1357.0,35696.5,0.001357,0.00356965,0.00492665,0.009433190054734265,105.00867725527557,1302.5,28645.5,0.0013025,0.00286455,0.00416705,0.007978763382334938,124.33270534303725
SA001,245222,2723063000,35803045,54000,13,25,16.06,,0,0,20119006912.0,1,25-STS-88,IQT903,245222,SA005,,B,490,520,P0,0.8,SS00201,STS,2.0,2.8,0.7,1000000,1988-01-01,1988-01-01,1988-01-01,13761.0,37.67556468172484,0.9306852819440055,1.7535112936344968,1.0,1.0,1.05,8.928571428571429,1.692857142857143,2.030575129757202,1389.5,37829.5,0.0013895,0.00378295,0.00517245,0.010503048329912642,94.21045401190851,1428.0,34930.5,0.001428,0.00349305,0.00492105,0.009992561742291678,99.07443794594573,1357.0,35696.5,0.001357,0.00356965,0.00492665,0.01000393296301832,98.96068583193372,1302.5,28645.5,0.0013025,0.00286455,0.00416705,0.008461508094454749,117.18224231864177
SA001,142917,2723063000,35803045,54000,4,80,146.53,,0,0,20119006912.0,1,80-DTC-94,IQT903,142917,SA005,,B,490,520,P0,1.0,SS00201,DTC,1.0,6.0,1.0,1000000,1994-01-01,1994-01-01,1994-01-01,11569.0,31.67419575633128,0.9888428224342896,1.6334839151266256,1.0,1.0,1.05,6.666666666666667,2.1333333333333337,3.6181798128780107,1389.5,37829.5,0.0013895,0.00378295,0.00517245,0.018714854173120868,52.433491426091145,1428.0,34930.5,0.001428,0.00349305,0.00492105,0.017805243768163333,55.16322994622798,1357.0,35696.5,0.001357,0.00356965,0.00492665,0.017825505575115454,55.0993906055606,1302.5,28645.5,0.0013025,0.00286455,0.00416705,0.015077136189253316,65.32559309988724
SA001,245304,2723063000,35803045,54000,4,80,91.3,,0,0,20119006912.0,1,80-DTC-94,IQT903,245304,SA005,,B,490,520,P0,1.0,SS00201,DTC,1.0,6.0,1.0,1000000,1994-01-01,1994-01-01,1994-01-01,11569.0,31.67419575633128,0.9888428224342896,1.6334839151266256,1.0,1.0,1.05,6.666666666666667,2.1333333333333337,3.6181798128780107,1389.5,37829.5,0.0013895,0.00378295,0.00517245,0.018714854173120868,52.433491426091145,1428.0,34930.5,0.001428,0.00349305,0.00492105,0.017805243768163333,55.16322994622798,1357.0,35696.5,0.001357,0.00356965,0.00492665,0.017825505575115454,55.0993906055606,1302.5,28645.5,0.0013025,0.00286455,0.00416705,0.015077136189253316,65.32559309988724
SA001,72237,2723063100,35803045,54000,13,25,21.56,,0,0,20119006912.0,1,25-STS-93,IQT903,72237,SA005,,B,461,520,P0,0.8,SS00201,STS,2.0,2.8,0.7,1000000,1993-01-01,1993-01-01,1993-01-01,11934.0,32.6735112936345,0.9306852819440055,1.6534702258726899,1.0,1.0,1.05,8.928571428571429,1.692857142857143,1.9147270568711527,1389.5,37829.5,0.0013895,0.00378295,0.00517245,0.009903829965313195,99.97103883067084,1428.0,34930.5,0.001428,0.00349305,0.00492105,0.009422467583215785,105.12931179315461,1357.0,35696.5,0.001357,0.00356965,0.00492665,0.009433190054734265,105.00867725527557,1302.5,28645.5,0.0013025,0.00286455,0.00416705,0.007978763382334938,124.33270534303725
SA001,38779,2723063000,35803045,54000,4,100,16.36,,0,0,20119006912.0,1,100-DTC-92,IQT903,38779,SA005,,B,490,520,P0,1.0,SS00201,DTC,1.0,6.0,1.0,1000000,1992-01-01,1992-01-01,1992-01-01,12300.0,33.67556468172484,1.0,1.673511293634497,1.0,1.0,1.05,8.333333333333334,2.466666666666667,4.3343942505133475,1389.5,37829.5,0.0013895,0.00378295,0.00517245,0.022419437541067764,43.60415200730202,1428.0,34930.5,0.001428,0.00349305,0.00492105,0.02132977082648871,45.88282908122643,1357.0,35696.5,0.001357,0.00356965,0.00492665,0.021354043434291585,45.82953854042185,1302.5,28645.5,0.0013025,0.00286455,0.00416705,0.018061637561601646,54.36596538322539
SA001,72211,2723063000,35803045,54000,13,25,12.65,,0,0,20119006912.0,1,25-STS-91,IQT903,72211,SA005,,B,490,520,P0,0.8,SS00201,STS,2.0,2.8,0.7,1000000,1991-01-01,1991-01-01,1991-01-01,12665.0,34.67488021902806,0.9306852819440055,1.6934976043805614,1.0,1.0,1.05,8.928571428571429,1.692857142857143,1.9610789678069505,1389.5,37829.5,0.0013895,0.00378295,0.00517245,0.010143582907033061,97.58449515965894,1428.0,34930.5,0.001428,0.00349305,0.00492105,0.009650567654526394,102.62084758101987,1357.0,35696.5,0.001357,0.00356965,0.00492665,0.009661549696746112,102.50306435175584,1302.5,28645.5,0.0013025,0.00286455,0.00416705,0.008171914112799954,121.37035120494782
SA001,411762,2723063000,35803045,54000,13,50,12.8,,0,0,20089002054.0,1,50-STS-08,IQT903,411762,SA005,,B,490,520,P0,0.8,SS00201,STS,2.0,2.8,0.7,1000000,2008-03-04,2008-03-04,2008-03-04,6393.0,17.503080082135522,0.9653426409720027,1.3500616016427105,1.0,1.0,1.05,17.857142857142858,2.585714285714286,2.476868496824868,1389.5,37829.5,0.0013895,0.00378295,0.00517245,0.012811478456401789,77.05500383137345,1428.0,34930.5,0.001428,0.00349305,0.00492105,0.012188793716300016,81.04257314345264,1357.0,35696.5,0.001357,0.00356965,0.00492665,0.012202664179882236,80.94931739977217,1302.5,28645.5,0.0013025,0.00286455,0.00416705,0.010321234869694067,95.88763143412908
SA001,418132,2723063000,35803045,54000,4,100,30.29,,0,0,20119006912.0,1,100-DTC-93,IQT903,418132,SA005,,B,490,520,P0,1.0,SS00201,DTC,1.0,6.0,1.0,1000000,1993-01-01,1993-01-01,1993-01-01,11934.0,32.6735112936345,1.0,1.6534702258726899,1.0,1.0,1.05,8.333333333333334,2.466666666666667,4.2824878850102674,1389.5,37829.5,0.0013895,0.00378295,0.00517245,0.02215095446082136,44.14478153836265,1428.0,34930.5,0.001428,0.00349305,0.00492105,0.021074337006529775,46.451077568426236,1357.0,35696.5,0.001357,0.00356965,0.00492665,0.021098318938685835,46.39714111375964,1302.5,28645.5,0.0013025,0.00286455,0.00416705,0.017845341141232037,55.037034657156475
SA001,418133,2723063000,35803045,54000,4,100,11.98,,0,0,20099006235.0,1,100-DTC-09,IQT903,418133,SA005,,B,490,520,P0,1.0,SS00201,DTC,1.0,6.0,1.0,1000000,2009-06-15,2009-06-15,2009-06-15,5925.0,16.2217659137577,1.0,1.324435318275154,1.0,1.0,1.05,8.333333333333334,2.466666666666667,3.4302874743326495,1389.5,37829.5,0.0013895,0.00378295,0.00517245,0.017742990446611914,55.3602850944979,1428.0,34930.5,0.001428,0.00349305,0.00492105,0.016880616175564685,58.23954372278998,1357.0,35696.5,0.001357,0.00356965,0.00492665,0.016899825785420947,58.17220761309118,1302.5,28645.5,0.0013025,0.00286455,0.00416705,0.014294179419917868,68.95854540671114
SA001,418147,2723063100,35803045,54000,13,50,81.22,,0,0,20099006238.0,1,50-STS-09,IQT903,418147,SA005,,B,461,520,P0,0.8,SS00201,STS,2.0,2.8,0.7,1000000,2009-06-08,2009-06-08,2009-06-08,5932.0,16.240930869267626,0.9653426409720027,1.3248186173853524,1.0,1.0,1.05,17.857142857142858,2.585714285714286,2.430556867491199,1389.5,37829.5,0.0013895,0.00378295,0.00517245,0.012571933869254853,78.54225741240482,1428.0,34930.5,0.001428,0.00349305,0.00492105,0.011960891872767564,82.60580554003583,1357.0,35696.5,0.001357,0.00356965,0.00492665,0.011974502991225516,82.51077290913568,1302.5,28645.5,0.0013025,0.00286455,0.00416705,0.010128251994679201,97.7337203423989
SA001,456171,2723063100,35803045,54000,13,25,18.0,,0,0,20119006912.0,1,25-STS-96,IQT903,456171,SA005,,B,461,520,P0,0.8,SS00201,STS,2.0,2.8,0.7,1000000,1996-01-01,1996-01-01,1996-01-01,10839.0,29.675564681724847,0.9306852819440055,1.593511293634497,1.0,1.0,1.05,8.928571428571429,1.692857142857143,1.8452943038277898,1389.5,37829.5,0.0013895,0.00378295,0.00517245,0.009544692521834052,103.77026868203878,1428.0,34930.5,0.001428,0.00349305,0.00492105,0.009080785533851745,109.12263160187594,1357.0,35696.5,0.001357,0.00356965,0.00492665,0.009091119181953182,108.99745795711316,1302.5,28645.5,0.0013025,0.00286455,0.00416705,0.007689433628765592,129.04858982839454
SA001,177111,2723063000,35803045,54000,13,20,14.0,,0,0,20119006912.0,1,20-STS-95,IQT903,177111,SA005,,B,490,520,P0,0.8,SS00201,STS,2.0,2.1,0.7,1000000,1995-01-01,1995-01-01,1995-01-01,11204.0,30.67488021902806,0.919528104378295,1.6134976043805613,1.0,1.0,1.05,9.523809523809524,1.7523809523809524,1.9109494349245713,1389.5,37829.5,0.0013895,0.00378295,0.00517245,0.009884290404675599,100.17064139748126,1428.0,34930.5,0.001428,0.00349305,0.00492105,0.009403877716735561,105.33911138809847,1357.0,35696.5,0.001357,0.00356965,0.00492665,0.00941457903357114,105.21823837626012,1302.5,28645.5,0.0013025,0.00286455,0.00416705,0.007963021842802434,124.58046678019271
SA001,38780,2723063000,35803045,54000,10,40,29.23,,0,0,20119006912.0,1,40-PFP-97,IQT903,38780,SA005,,B,490,520,P0,0.8,SS00201,PFP,1.6,3.25,0.6,1000000,1997-01-01,1997-01-01,1997-01-01,10473.0,28.673511293634498,0.9541854634062923,1.5734702258726898,1.2,1.0,1.05,9.846153846153847,2.0307692307692307,2.305014678774992,1389.5,37829.5,0.0013895,0.00378295,0.00517245,0.011922573175229708,82.87451142489913,1428.0,34930.5,0.001428,0.00349305,0.00492105,0.011343092484985674,87.15937993308735,1357.0,35696.5,0.001357,0.00356965,0.00492665,0.011356000567186816,87.05917136791115,1302.5,28645.5,0.0013025,0.00286455,0.00416705,0.009605111417189331,103.11123375522719
SA001,4696,2723063000,35803045,54000,13,20,12.95,,0,0,20119006912.0,1,20-STS-90,IQT903,4696,SA005,,B,490,520,P0,0.8,SS00201,STS,2.0,2.1,0.7,1000000,1990-01-01,1990-01-01,1990-01-01,13030.0,35.67419575633128,0.919528104378295,1.7134839151266257,1.2,1.0,1.05,9.523809523809524,1.7523809523809524,2.435242130244603,1389.5,37829.5,0.0013895,0.00378295,0.00517245,0.012596168156583697,78.38922278338475,1428.0,34930.5,0.001428,0.00349305,0.00492105,0.011983948285040203,82.44495288320958,1357.0,35696.5,0.001357,0.00356965,0.00492665,0.011997585640969572,82.35010308950677,1302.5,28645.5,0.0013025,0.00286455,0.00416705,0.010147775718835773,97.54376246647352
SA001,107324,2723063000,35803045,54000,4,80,30.26,,0,0,20119006912.0,1,80-DTC-95,IQT903,107324,SA005,,B,490,520,P0,1.0,SS00201,DTC,1.0,6.0,1.0,1000000,1995-01-01,1995-01-01,1995-01-01,11204.0,30.67488021902806,0.9888428224342896,1.6134976043805613,1.0,1.0,1.05,6.666666666666667,2.1333333333333337,3.573909976238872,1389.5,37829.5,0.0013895,0.00378295,0.00517245,0.018485870656596754,53.095369299965654,1428.0,34930.5,0.001428,0.00349305,0.00492105,0.0175873896885703,55.85892094890468,1357.0,35696.5,0.001357,0.00356965,0.00492665,0.01760740358443724,55.79429083365113,1302.5,28645.5,0.0013025,0.00286455,0.00416705,0.014892661566486193,66.14716476538734
SA001,211227,2723063000,35803045,54000,13,50,14.27,,0,0,20119006912.0,1,50-STS-04,IQT903,211227,SA005,,B,490,520,P0,0.8,SS00201,STS,2.0,2.8,0.7,1000000,2004-10-18,2004-10-18,2004-10-18,7626.0,20.878850102669404,0.9653426409720027,1.4175770020533882,1.0,1.0,1.05,17.857142857142858,2.585714285714286,2.6007345249559166,1389.5,37829.5,0.0013895,0.00378295,0.00517245,0.013452169293608231,73.33745280585696,1428.0,34930.5,0.001428,0.00349305,0.00492105,0.012798344634034313,77.13510485885224,1357.0,35696.5,0.001357,0.00356965,0.00492665,0.012812908747374067,77.04629063677241,1302.5,28645.5,0.0013025,0.00286455,0.00416705,0.010837390802217553,91.27313273554547
SA001,177110,2723063000,35803045,54000,13,25,14.77,,0,0,20159006586.0,1,25-STS-15,IQT903,177110,SA005,,B,490,520,P0,0.8,SS00201,STS,2.0,2.8,0.7,1000000,2015-10-06,2015-10-06,2015-10-06,3621.0,9.91375770020534,0.9306852819440055,1.1982751540041068,1.0,1.0,1.05,8.928571428571429,1.692857142857143,1.387608813903594,1389.5,37829.5,0.0013895,0.00378295,0.00517245,0.007177337209475645,138.3274372952385,1428.0,34930.5,0.001428,0.00349305,0.00492105,0.006828492353660281,145.445210481047,1357.0,35696.5,0.001357,0.00356965,0.00492665,0.006836262963018142,145.27874986811653,1302.5,28645.5,0.0013025,0.00286455,0.00416705,0.005782235307976972,171.9434979272522
SA001,48166,2723063000,35803045,54000,13,32,16.0,,0,0,20119006912.0,1,32-STS-03,IQT903,48166,SA005,,B,490,520,P0,0.8,SS00201,STS,2.0,2.8,0.7,1000000,2003-07-02,2003-07-02,2003-07-02,8100.0,22.17659137577002,0.9430282858405817,1.4435318275154003,1.0,1.0,1.05,11.428571428571429,1.942857142857143,1.9439240404574676,1389.5,37829.5,0.0013895,0.00378295,0.00517245,0.010054849903064229,98.45449306958314,1428.0,34930.5,0.001428,0.00349305,0.00492105,0.00956614739929322,103.53529077692065,1357.0,35696.5,0.001357,0.00356965,0.00492665,0.009577033373919783,103.41646812291624,1302.5,28645.5,0.0013025,0.00286455,0.00416705,0.00810042867278829,122.45025681903633
SA001,72309,2723063000,35803045,54000,13,20,11.42,,0,0,20119006912.0,1,20-STS-91,IQT903,72309,SA005,,B,490,520,P0,0.8,SS00201,STS,2.0,2.1,0.7,1000000,1991-01-01,1991-01-01,1991-01-01,12665.0,34.67488021902806,0.919528104378295,1.6934976043805614,1.0,1.0,1.05,9.523809523809524,1.7523809523809524,2.005697610799711,1389.5,37829.5,0.0013895,0.00378295,0.00517245,0.010374370606980965,95.39138969327885,1428.0,34930.5,0.001428,0.00349305,0.00492105,0.009870138227625917,100.31570368498596,1357.0,35696.5,0.001357,0.00356965,0.00492665,0.009881370134246396,100.200540655212,1302.5,28645.5,0.0013025,0.00286455,0.00416705,0.008357842229082936,118.6481068427305
SA001,3776,2723063000,35803045,54000,4,80,119.96,,0,0,20119006912.0,1,80-DTC-94,IQT903,3776,SA005,,B,490,520,P0,1.0,SS00201,DTC,1.0,6.0,1.0,1000000,1994-01-01,1994-01-01,1994-01-01,11569.0,31.67419575633128,0.9888428224342896,1.6334839151266256,1.0,1.0,1.05,6.666666666666667,2.1333333333333337,3.6181798128780107,1389.5,37829.5,0.0013895,0.00378295,0.00517245,0.018714854173120868,52.433491426091145,1428.0,34930.5,0.001428,0.00349305,0.00492105,0.017805243768163333,55.16322994622798,1357.0,35696.5,0.001357,0.00356965,0.00492665,0.017825505575115454,55.0993906055606,1302.5,28645.5,0.0013025,0.00286455,0.00416705,0.015077136189253316,65.32559309988724
SA001,250048,2723063000,35803045,54000,4,100,97.36,,0,0,20119006912.0,1,100-DTC-92,IQT903,250048,SA005,,B,490,520,P0,1.0,SS00201,DTC,1.0,6.0,1.0,1000000,1992-01-01,1992-01-01,1992-01-01,12300.0,33.67556468172484,1.0,1.673511293634497,1.0,1.0,1.05,8.333333333333334,2.466666666666667,4.3343942505133475,1389.5,37829.5,0.0013895,0.00378295,0.00517245,0.022419437541067764,43.60415200730202,1428.0,34930.5,0.001428,0.00349305,0.00492105,0.02132977082648871,45.88282908122643,1357.0,35696.5,0.001357,0.00356965,0.00492665,0.021354043434291585,45.82953854042185,1302.5,28645.5,0.0013025,0.00286455,0.00416705,0.018061637561601646,54.36596538322539
SA001,212251,2723063000,35803045,54000,4,80,89.85,,0,0,20119006912.0,1,80-DTC-88,IQT903,212251,SA005,,B,490,520,P0,1.0,SS00201,DTC,1.0,6.0,1.0,1000000,1988-01-01,1988-01-01,1988-01-01,13761.0,37.67556468172484,0.9888428224342896,1.7535112936344968,1.0,1.0,1.05,6.666666666666667,2.1333333333333337,3.884041407160182,1389.5,37829.5,0.0013895,0.00378295,0.00517245,0.020090009976465685,48.77598324597368,1428.0,34930.5,0.001428,0.00349305,0.00492105,0.019113561966705613,51.318871895354974,1357.0,35696.5,0.001357,0.00356965,0.00492665,0.01913531259858571,51.25940234046189,1302.5,28645.5,0.0013025,0.00286455,0.00416705,0.016184994745706838,60.78562401234363
SA001,72213,2723063000,35803045,54000,13,25,26.18,,0,0,20119006912.0,1,25-STS-89,IQT903,72213,SA005,,B,490,520,P0,0.8,SS00201,STS,2.0,2.8,0.7,1000000,1989-01-01,1989-01-01,1989-01-01,13395.0,36.6735112936345,0.9306852819440055,1.73347022587269,1.0,1.0,1.05,8.928571428571429,1.692857142857143,2.007367469835859,1389.5,37829.5,0.0013895,0.00378295,0.00517245,0.010383007869352489,95.31120505568514,1428.0,34930.5,0.001428,0.00349305,0.00492105,0.009878355687435754,100.23142268220778,1357.0,35696.5,0.001357,0.00356965,0.00492665,0.009889596945266836,100.11635545254454,1302.5,28645.5,0.0013025,0.00286455,0.00416705,0.008364800615179517,118.5485757526976
SA001,245336,2723063000,35803045,54000,4,100,2.71,,0,0,20099005354.0,1,100-DTC-09,IQT903,245336,SA005,,B,490,520,P0,1.0,SS00201,DTC,1.0,6.0,1.0,1000000,2009-05-25,2009-05-25,2009-05-25,5946.0,16.279260780287473,1.0,1.3255852156057495,1.0,1.0,1.05,8.333333333333334,2.466666666666667,3.4332657084188916,1389.5,37829.5,0.0013895,0.00378295,0.00517245,0.017758395213511295,55.31139458137299,1428.0,34930.5,0.001428,0.00349305,0.00492105,0.016895272214414784,58.18815555672524,1357.0,35696.5,0.001357,0.00356965,0.00492665,0.016914498502381935,58.12087785867124,1302.5,28645.5,0.0013025,0.00286455,0.00416705,0.014306589870266943,68.89785889356324
SA001,142909,2723063000,35803045,54000,10,50,46.99,,0,0,20119006912.0,1,50-PFP-89,IQT903,142909,SA005,,B,490,520,P0,0.8,SS00201,PFP,1.6,3.65,0.6,1000000,1989-01-01,1989-01-01,1989-01-01,13395.0,36.6735112936345,0.9653426409720027,1.73347022587269,1.0,1.0,1.05,10.95890410958904,2.16986301369863,2.287550779480034,1389.5,37829.5,0.0013895,0.00378295,0.00517245,0.011832242029321502,83.51483645465484,1428.0,34930.5,0.001428,0.00349305,0.00492105,0.01125715176336022,87.83241702886161,1357.0,35696.5,0.001357,0.00356965,0.00492665,0.01126996204772531,87.73144343922938,1302.5,28645.5,0.0013025,0.00286455,0.00416705,0.009532338475632276,103.90605243994658
SA001,4697,2723063000,35803045,54000,4,100,61.23,,0,0,20119006912.0,1,100-DTC-95,IQT903,4697,SA005,,B,490,520,P0,1.0,SS00201,DTC,1.0,6.0,1.0,1000000,1995-01-01,1995-01-01,1995-01-01,11204.0,30.67488021902806,1.0,1.6134976043805613,1.0,1.0,1.05,8.333333333333334,2.466666666666667,4.178958795345655,1389.5,37829.5,0.0013895,0.00378295,0.00517245,0.021615455420985634,45.26319365120281,1428.0,34930.5,0.001428,0.00349305,0.00492105,0.020564865179835735,47.62662561875291,1357.0,35696.5,0.001357,0.00356965,0.00492665,0.02058826734908967,47.57135294797966,1302.5,28645.5,0.0013025,0.00286455,0.00416705,0.017413930248145113,56.42529031357051
SA001,211225,2723063000,35803045,54000,13,25,26.73,,0,0,20119006912.0,1,25-STS-88,IQT903,211225,SA005,,B,490,520,P0,0.8,SS00201,STS,2.0,2.8,0.7,1000000,1988-01-01,1988-01-01,1988-01-01,13761.0,37.67556468172484,0.9306852819440055,1.7535112936344968,1.0,1.0,1.05,8.928571428571429,1.692857142857143,2.030575129757202,1389.5,37829.5,0.0013895,0.00378295,0.00517245,0.010503048329912642,94.21045401190851,1428.0,34930.5,0.001428,0.00349305,0.00492105,0.009992561742291678,99.07443794594573,1357.0,35696.5,0.001357,0.00356965,0.00492665,0.01000393296301832,98.96068583193372,1302.5,28645.5,0.0013025,0.00286455,0.00416705,0.008461508094454749,117.18224231864177
SA001,212249,2723063000,35803045,54000,13,25,15.94,,0,0,20129000005.0,1,25-STS-91,IQT903,212249,SA005,,B,490,520,P0,0.8,SS00201,STS,2.0,2.8,0.7,1000000,1991-01-01,1991-01-01,1991-01-01,12665.0,34.67488021902806,0.9306852819440055,1.6934976043805614,1.0,1.0,1.05,8.928571428571429,1.692857142857143,1.9610789678069505,1389.5,37829.5,0.0013895,0.00378295,0.00517245,0.010143582907033061,97.58449515965894,1428.0,34930.5,0.001428,0.00349305,0.00492105,0.009650567654526394,102.62084758101987,1357.0,35696.5,0.001357,0.00356965,0.00492665,0.009661549696746112,102.50306435175584,1302.5,28645.5,0.0013025,0.00286455,0.00416705,0.008171914112799954,121.37035120494782
SA001,81504,2723063000,35803045,54000,4,80,87.11,,0,0,20119006912.0,1,80-DTC-95,IQT903,81504,SA005,,B,490,520,P0,1.0,SS00201,DTC,1.0,6.0,1.0,1000000,1995-01-01,1995-01-01,1995-01-01,11204.0,30.67488021902806,0.9888428224342896,1.6134976043805613,1.0,1.0,1.05,6.666666666666667,2.1333333333333337,3.573909976238872,1389.5,37829.5,0.0013895,0.00378295,0.00517245,0.018485870656596754,53.095369299965654,1428.0,34930.5,0.001428,0.00349305,0.00492105,0.0175873896885703,55.85892094890468,1357.0,35696.5,0.001357,0.00356965,0.00492665,0.01760740358443724,55.79429083365113,1302.5,28645.5,0.0013025,0.00286455,0.00416705,0.014892661566486193,66.14716476538734
SA001,107323,2723063000,35803045,54000,13,25,23.29,,0,0,20119006912.0,1,25-STS-95,IQT903,107323,SA005,,B,490,520,P0,0.8,SS00201,STS,2.0,2.8,0.7,1000000,1995-01-01,1995-01-01,1995-01-01,11204.0,30.67488021902806,0.9306852819440055,1.6134976043805613,1.0,1.0,1.05,8.928571428571429,1.692857142857143,1.8684385548422442,1389.5,37829.5,0.0013895,0.00378295,0.00517245,0.009664405002993766,102.47248482345552,1428.0,34930.5,0.001428,0.00349305,0.00492105,0.009194679550306424,107.7585483027164,1357.0,35696.5,0.001357,0.00356965,0.00492665,0.009205142806213543,107.63492517736849,1302.5,28645.5,0.0013025,0.00286455,0.00416705,0.007785876879955374,127.43768472302527
SA001,107320,2723063000,35803045,54000,10,40,17.0,,0,0,20119006912.0,1,40-PFP-92,IQT903,107320,SA005,,B,490,520,P0,0.8,SS00201,PFP,1.6,3.25,0.6,1000000,1992-01-01,1992-01-01,1992-01-01,12300.0,33.67556468172484,0.9541854634062923,1.673511293634497,1.0,1.0,1.05,9.846153846153847,2.0307692307692307,2.042972720156273,1389.5,37829.5,0.0013895,0.00378295,0.00517245,0.010567174246372315,93.63267820565157,1428.0,34930.5,0.001428,0.00349305,0.00492105,0.010053570904525027,98.46714550448024,1357.0,35696.5,0.001357,0.00356965,0.00492665,0.010065011551757904,98.35408368461783,1302.5,28645.5,0.0013025,0.00286455,0.00416705,0.008513169473527198,116.46506434643753
SA001,245204,2723063000,35803045,54000,13,25,16.63,,0,0,20119006912.0,1,25-STS-90,IQT903,245204,SA005,,B,490,520,P0,0.8,SS00201,STS,2.0,2.8,0.7,1000000,1990-01-01,1990-01-01,1990-01-01,13030.0,35.67419575633128,0.9306852819440055,1.7134839151266257,1.0,1.0,1.05,8.928571428571429,1.692857142857143,1.9842232188214046,1389.5,37829.5,0.0013895,0.00378295,0.00517245,0.010263295388192775,96.43459212432218,1428.0,34930.5,0.001428,0.00349305,0.00492105,0.009764461670981073,101.41219984219838,1357.0,35696.5,0.001357,0.00356965,0.00492665,0.009775573321006474,101.29579045263014,1302.5,28645.5,0.0013025,0.00286455,0.00416705,0.008268357363989735,119.94300669141246
SA001,38783,2723063000,35803045,54000,5,50,48.91,,0,0,20119006912.0,1,50-EPS-89,IQT903,38783,SA005,,B,490,520,P0,0.8,SS00201,EPS,1.6,3.2,1.0,1000000,1989-01-01,1989-01-01,1989-01-01,13395.0,36.6735112936345,0.9653426409720027,1.73347022587269,1.0,1.0,1.05,12.5,2.3625,4.151059830661567,1389.5,37829.5,0.0013895,0.00378295,0.00517245,0.021471149421105423,45.57412513822075,1428.0,34930.5,0.001428,0.00349305,0.00492105,0.020427572979677105,47.95344155641376,1357.0,35696.5,0.001357,0.00356965,0.00492665,0.020450818914728813,47.89779740212718,1302.5,28645.5,0.0013025,0.00286455,0.00416705,0.017297673867358285,56.81124142287467
SA001,107321,2723063000,35803045,54000,10,80,112.62,,0,0,20119006912.0,1,80-PFP-95,IQT903,107321,SA005,,B,490,520,P0,1.0,SS00201,PFP,1.6,4.5,0.6,1000000,1995-01-01,1995-01-01,1995-01-01,11204.0,30.67488021902806,0.9888428224342896,1.6134976043805613,1.0,1.0,1.05,14.222222222222221,2.5777777777777775,2.591084732773181,1389.5,37829.5,0.0013895,0.00378295,0.00517245,0.013402256226032642,73.61430248271128,1428.0,34930.5,0.001428,0.00349305,0.00492105,0.012750857524213463,77.4260978605582,1357.0,35696.5,0.001357,0.00356965,0.00492665,0.012765367598716994,77.33695287400158,1302.5,28645.5,0.0013025,0.00286455,0.00416705,0.010797179635702486,91.6167789867412
SA001,245303,2723063000,35803045,54000,13,25,13.88,,0,0,20119006912.0,1,25-STS-92,IQT903,245303,SA005,,B,490,520,P0,0.8,SS00201,STS,2.0,2.8,0.7,1000000,1992-01-01,1992-01-01,1992-01-01,12300.0,33.67556468172484,0.9306852819440055,1.673511293634497,1.0,1.0,1.05,8.928571428571429,1.692857142857143,1.9379347167924958,1389.5,37829.5,0.0013895,0.00378295,0.00517245,0.010023870425873346,98.76186418160661,1428.0,34930.5,0.001428,0.00349305,0.00492105,0.00953667363807171,103.85836445192615,1357.0,35696.5,0.001357,0.00356965,0.00492665,0.00954752607248575,103.7391745681449,1302.5,28645.5,0.0013025,0.00286455,0.00416705,0.00807547086161017,122.8317885281317
SA001,265864,2723063000,35803045,54000,10,50,63.42,,0,0,20119006912.0,1,50-PFP-97,IQT903,265864,SA005,,B,490,520,P0,0.8,SS00201,PFP,1.6,3.65,0.6,1000000,1997-01-01,1997-01-01,1997-01-01,10473.0,28.673511293634498,0.9653426409720027,1.5734702258726898,1.0,1.0,1.05,10.95890410958904,2.16986301369863,2.0764089212271504,1389.5,37829.5,0.0013895,0.00378295,0.00517245,0.010740121324601375,92.10881784076265,1428.0,34930.5,0.001428,0.00349305,0.00492105,0.010218112121804868,96.86543620577984,1357.0,35696.5,0.001357,0.00356965,0.00492665,0.01022974001176374,96.75419500887071,1302.5,28645.5,0.0013025,0.00286455,0.00416705,0.008652499795199598,114.57353639636021
SA001,250103,2723063000,35803045,54000,13,25,7.82,,0,0,20119006912.0,1,25-STS-02,IQT903,250103,SA005,,B,490,520,P0,0.8,SS00201,STS,2.0,2.8,0.7,1000000,2002-01-01,2002-01-01,2002-01-01,8647.0,23.67419575633128,0.9306852819440055,1.4734839151266255,1.0,1.0,1.05,8.928571428571429,1.692857142857143,1.7063019799272854,1389.5,37829.5,0.0013895,0.00378295,0.00517245,0.008825761676074888,112.30466839035851,1428.0,34930.5,0.001428,0.00349305,0.00492105,0.008396797358321167,118.09302527218988,1357.0,35696.5,0.001357,0.00356965,0.00492665,0.008406352649408762,117.95765520499931,1302.5,28645.5,0.0013025,0.00286455,0.00416705,0.007110245665455995,139.64211660904235
SA001,465919,2723063000,35803045,54000,13,40,22.0,,0,0,20209008136.0,1,40-STS-20,IQT903,465919,SA005,,B,490,520,P0,0.8,SS00201,STS,2.0,2.8,0.7,1000000,2020-07-24,2020-07-24,2020-07-24,1868.0,5.114305270362765,0.9541854634062923,1.1022861054072552,1.0,1.0,1.05,14.285714285714286,2.2285714285714286,1.722824449646127,1389.5,37829.5,0.0013895,0.00378295,0.00517245,0.00891122332457211,111.21803826221772,1428.0,34930.5,0.001428,0.00349305,0.00492105,0.008478105257931072,116.95088284195612,1357.0,35696.5,0.001357,0.00356965,0.00492665,0.008487753074849091,116.81681101953825,1302.5,28645.5,0.0013025,0.00286455,0.00416705,0.007179095622897894,138.29331109763694
SA001,75978,2723063000,35803045,54000,4,100,367.76,,0,0,20119006912.0,1,100-DTC-93,IQT903,75978,SA005,,B,490,520,P0,1.0,SS00201,DTC,1.0,6.0,1.0,1000000,1993-01-01,1993-01-01,1993-01-01,11934.0,32.6735112936345,1.0,1.6534702258726899,1.0,1.0,1.05,8.333333333333334,2.466666666666667,4.2824878850102674,1389.5,37829.5,0.0013895,0.00378295,0.00517245,0.02215095446082136,44.14478153836265,1428.0,34930.5,0.001428,0.00349305,0.00492105,0.021074337006529775,46.451077568426236,1357.0,35696.5,0.001357,0.00356965,0.00492665,0.021098318938685835,46.39714111375964,1302.5,28645.5,0.0013025,0.00286455,0.00416705,0.017845341141232037,55.037034657156475
SA001,18681,2723063000,35803045,54000,4,80,143.98,,0,0,20119006912.0,1,80-DTC-88,IQT903,18681,SA005,,B,490,520,P0,1.0,SS00201,DTC,1.0,6.0,1.0,1000000,1988-01-01,1988-01-01,1988-01-01,13761.0,37.67556468172484,0.9888428224342896,1.7535112936344968,1.0,1.0,1.05,6.666666666666667,2.1333333333333337,3.884041407160182,1389.5,37829.5,0.0013895,0.00378295,0.00517245,0.020090009976465685,48.77598324597368,1428.0,34930.5,0.001428,0.00349305,0.00492105,0.019113561966705613,51.318871895354974,1357.0,35696.5,0.001357,0.00356965,0.00492665,0.01913531259858571,51.25940234046189,1302.5,28645.5,0.0013025,0.00286455,0.00416705,0.016184994745706838,60.78562401234363
SA001,143884,2723063000,35803045,54000,4,100,4.3,,0,0,20119006912.0,1,100-DTC-95,IQT903,143884,SA005,,B,490,520,P0,1.0,SS00201,DTC,1.0,6.0,1.0,1000000,1995-01-01,1995-01-01,1995-01-01,11204.0,30.67488021902806,1.0,1.6134976043805613,1.0,1.0,1.05,8.333333333333334,2.466666666666667,4.178958795345655,1389.5,37829.5,0.0013895,0.00378295,0.00517245,0.021615455420985634,45.26319365120281,1428.0,34930.5,0.001428,0.00349305,0.00492105,0.020564865179835735,47.62662561875291,1357.0,35696.5,0.001357,0.00356965,0.00492665,0.02058826734908967,47.57135294797966,1302.5,28645.5,0.0013025,0.00286455,0.00416705,0.017413930248145113,56.42529031357051
SA001,418134,2723063000,35803045,54000,13,40,3.77,,0,0,20099005354.0,1,40-STS-09,IQT903,418134,SA005,,B,490,520,P0,0.8,SS00201,STS,2.0,2.8,0.7,1000000,2009-05-25,2009-05-25,2009-05-25,5946.0,16.279260780287473,0.9541854634062923,1.3255852156057495,1.0,1.0,1.05,14.285714285714286,2.2285714285714286,2.0718310866227005,1389.5,37829.5,0.0013895,0.00378295,0.00517245,0.010716442704001588,92.31454733823134,1428.0,34930.5,0.001428,0.00349305,0.00492105,0.01019558436882464,97.08167573579516,1357.0,35696.5,0.001357,0.00356965,0.00492665,0.010207186622909729,96.97018874481334,1302.5,28645.5,0.0013025,0.00286455,0.00416705,0.008633423729511125,114.82890303203338
SA001,443336,2723063000,35803045,54000,5,40,33.13,,0,0,20119006912.0,1,40-EPS-90,IQT903,443336,SA005,,B,490,520,P0,0.8,SS00201,EPS,1.6,3.2,1.0,1000000,1990-01-01,1990-01-01,1990-01-01,13030.0,35.67419575633128,0.9541854634062923,1.7134839151266257,1.0,1.0,1.05,10.0,2.05,3.5192975573367895,1389.5,37829.5,0.0013895,0.00378295,0.00517245,0.01820339065044668,53.93482061680975,1428.0,34930.5,0.001428,0.00349305,0.00492105,0.017318639244532207,56.741257028361346,1357.0,35696.5,0.001357,0.00356965,0.00492665,0.017338347310853295,56.67562398372476,1302.5,28645.5,0.0013025,0.00286455,0.00416705,0.014665088886300269,67.1891536937204
SA001,73278,2723063000,35803045,54000,13,25,21.2,,0,0,20119006912.0,1,25-STS-93,IQT903,73278,SA005,,B,490,520,P0,0.8,SS00201,STS,2.0,2.8,0.7,1000000,1993-01-01,1993-01-01,1993-01-01,11934.0,32.6735112936345,0.9306852819440055,1.6534702258726899,1.0,1.0,1.05,8.928571428571429,1.692857142857143,1.9147270568711527,1389.5,37829.5,0.0013895,0.00378295,0.00517245,0.009903829965313195,99.97103883067084,1428.0,34930.5,0.001428,0.00349305,0.00492105,0.009422467583215785,105.12931179315461,1357.0,35696.5,0.001357,0.00356965,0.00492665,0.009433190054734265,105.00867725527557,1302.5,28645.5,0.0013025,0.00286455,0.00416705,0.007978763382334938,124.33270534303725
SA001,107322,2723063000,35803045,54000,4,150,314.13,,0,0,20119006912.0,1,150-DTC-91,IQT903,107322,SA005,,B,490,520,P0,1.1,SS00201,DTC,1.0,6.0,1.0,1000000,1991-01-01,1991-01-01,1991-01-01,12665.0,34.67488021902806,1.0202732554054081,1.6934976043805614,1.0,1.0,1.05,12.5,3.3000000000000003,5.986932037464664,1389.5,37829.5,0.0013895,0.00378295,0.00517245,0.0309671066171841,31.2923291595181,1428.0,34930.5,0.001428,0.00349305,0.00492105,0.029461991902965484,32.94203634613535,1357.0,35696.5,0.001357,0.00356965,0.00492665,0.029495518722375286,32.903455281205154,1302.5,28645.5,0.0013025,0.00286455,0.00416705,0.024947845146717128,39.08362221743185
SA001,106332,2723063000,35803045,54000,13,20,12.8,,0,0,20119006912.0,1,20-STS-92,IQT903,106332,SA005,,B,490,520,P0,0.8,SS00201,STS,2.0,2.1,0.7,1000000,1992-01-01,1992-01-01,1992-01-01,12300.0,33.67556468172484,0.919528104378295,1.673511293634497,1.0,1.0,1.05,9.523809523809524,1.7523809523809524,1.9820267797289195,1389.5,37829.5,0.0013895,0.00378295,0.00517245,0.01025193441680885,96.54256702622108,1428.0,34930.5,0.001428,0.00349305,0.00492105,0.009753652884384999,101.52569082101935,1357.0,35696.5,0.001357,0.00356965,0.00492665,0.009764752234351482,101.4091524290902,1302.5,28645.5,0.0013025,0.00286455,0.00416705,0.008259204692469395,120.07703310850054
SA001,4693,2723063000,35803045,54000,5,40,52.47,,0,0,20119006912.0,1,40-EPS-88,IQT903,4693,SA005,,B,490,520,P0,0.8,SS00201,EPS,1.6,3.2,1.0,1000000,1988-01-01,1988-01-01,1988-01-01,13761.0,37.67556468172484,0.9541854634062923,1.7535112936344968,1.0,1.0,1.05,10.0,2.05,3.6015091580210803,1389.5,37829.5,0.0013895,0.00378295,0.00517245,0.018628626044406137,52.68082421195433,1428.0,34930.5,0.001428,0.00349305,0.00492105,0.017723206642079638,55.42319813761762,1357.0,35696.5,0.001357,0.00356965,0.00492665,0.017743375093364558,55.35906329760043,1302.5,28645.5,0.0013025,0.00286455,0.00416705,0.015007668736931743,65.63260080755526
SA001,143878,2723063000,35803045,54000,4,100,138.71,,0,0,20119006912.0,1,100-DTC-92,IQT903,143878,SA005,,B,490,520,P0,1.0,SS00201,DTC,1.0,6.0,1.0,1000000,1992-01-01,1992-01-01,1992-01-01,12300.0,33.67556468172484,1.0,1.673511293634497,1.0,1.0,1.05,8.333333333333334,2.466666666666667,4.3343942505133475,1389.5,37829.5,0.0013895,0.00378295,0.00517245,0.022419437541067764,43.60415200730202,1428.0,34930.5,0.001428,0.00349305,0.00492105,0.02132977082648871,45.88282908122643,1357.0,35696.5,0.001357,0.00356965,0.00492665,0.021354043434291585,45.82953854042185,1302.5,28645.5,0.0013025,0.00286455,0.00416705,0.018061637561601646,54.36596538322539
SA001,246252,2723063000,35803045,54000,5,40,26.1,,0,0,20119006912.0,1,40-EPS-89,IQT903,246252,SA005,,B,490,520,P0,0.8,SS00201,EPS,1.6,3.2,1.0,1000000,1989-01-01,1989-01-01,1989-01-01,13395.0,36.6735112936345,0.9541854634062923,1.73347022587269,1.0,1.0,1.05,10.0,2.05,3.5603471253939256,1389.5,37829.5,0.0013895,0.00378295,0.00517245,0.01841571748874381,53.3014411798632,1428.0,34930.5,0.001428,0.00349305,0.00492105,0.017520646221419776,56.07552035252302,1357.0,35696.5,0.001357,0.00356965,0.00492665,0.017540584165321983,56.01064403413748,1302.5,28645.5,0.0013025,0.00286455,0.00416705,0.014836144488872759,66.4029563914
SA001,246253,2723063000,35803045,54000,13,25,31.29,,0,0,20119006912.0,1,25-STS-95,IQT903,246253,SA005,,B,490,520,P0,0.8,SS00201,STS,2.0,2.8,0.7,1000000,1995-01-01,1995-01-01,1995-01-01,11204.0,30.67488021902806,0.9306852819440055,1.6134976043805613,1.0,1.0,1.05,8.928571428571429,1.692857142857143,1.8684385548422442,1389.5,37829.5,0.0013895,0.00378295,0.00517245,0.009664405002993766,102.47248482345552,1428.0,34930.5,0.001428,0.00349305,0.00492105,0.009194679550306424,107.7585483027164,1357.0,35696.5,0.001357,0.00356965,0.00492665,0.009205142806213543,107.63492517736849,1302.5,28645.5,0.0013025,0.00286455,0.00416705,0.007785876879955374,127.43768472302527
SA001,73234,2723063000,35803045,54000,10,40,36.02,,0,0,20119006912.0,1,40-PFP-92,IQT903,73234,SA005,,B,490,520,P0,0.8,SS00201,PFP,1.6,3.25,0.6,1000000,1992-01-01,1992-01-01,1992-01-01,12300.0,33.67556468172484,0.9541854634062923,1.673511293634497,1.0,1.0,1.05,9.846153846153847,2.0307692307692307,2.042972720156273,1389.5,37829.5,0.0013895,0.00378295,0.00517245,0.010567174246372315,93.63267820565157,1428.0,34930.5,0.001428,0.00349305,0.00492105,0.010053570904525027,98.46714550448024,1357.0,35696.5,0.001357,0.00356965,0.00492665,0.010065011551757904,98.35408368461783,1302.5,28645.5,0.0013025,0.00286455,0.00416705,0.008513169473527198,116.46506434643753
SA001,4695,2723063000,35803045,54000,13,25,16.88,,0,0,20119006912.0,1,25-STS-99,IQT903,4695,SA005,,B,490,520,P0,0.8,SS00201,STS,2.0,2.8,0.7,1000000,1999-01-01,1999-01-01,1999-01-01,9743.0,26.67488021902806,0.9306852819440055,1.5334976043805613,1.0,1.0,1.05,8.928571428571429,1.692857142857143,1.775798141877538,1389.5,37829.5,0.0013895,0.00378295,0.00517245,0.009185227098954472,107.87047094500551,1428.0,34930.5,0.001428,0.00349305,0.00492105,0.008738791446086457,113.4322994969557,1357.0,35696.5,0.001357,0.00356965,0.00492665,0.008748735915680973,113.30222716034095,1302.5,28645.5,0.0013025,0.00286455,0.00416705,0.007399839647110795,134.138063483638
SA001,245201,2723063000,35803045,54000,13,25,14.63,,0,0,20119006912.0,1,25-STS-90,IQT903,245201,SA005,,B,490,520,P0,0.8,SS00201,STS,2.0,2.8,0.7,1000000,1990-01-01,1990-01-01,1990-01-01,13030.0,35.67419575633128,0.9306852819440055,1.7134839151266257,1.0,1.0,1.05,8.928571428571429,1.692857142857143,1.9842232188214046,1389.5,37829.5,0.0013895,0.00378295,0.00517245,0.010263295388192775,96.43459212432218,1428.0,34930.5,0.001428,0.00349305,0.00492105,0.009764461670981073,101.41219984219838,1357.0,35696.5,0.001357,0.00356965,0.00492665,0.009775573321006474,101.29579045263014,1302.5,28645.5,0.0013025,0.00286455,0.00416705,0.008268357363989735,119.94300669141246
SA001,72210,2723063000,35803045,54000,10,40,15.15,,0,0,20119006912.0,1,40-PFP-91,IQT903,72210,SA005,,B,490,520,P0,0.8,SS00201,PFP,1.6,3.25,0.6,1000000,1991-01-01,1991-01-01,1991-01-01,12665.0,34.67488021902806,0.9541854634062923,1.6934976043805614,1.0,1.0,1.05,9.846153846153847,2.0307692307692307,2.0673714127650924,1389.5,37829.5,0.0013895,0.00378295,0.00517245,0.010693375263956802,92.51584278264413,1428.0,34930.5,0.001428,0.00349305,0.00492105,0.010173638090787657,97.29325469180107,1357.0,35696.5,0.001357,0.00356965,0.00492665,0.010185215370699142,97.18152720430467,1302.5,28645.5,0.0013025,0.00286455,0.00416705,0.00861484004556278,115.07876579380799
SA001,3675,2723063000,35803045,54000,13,25,19.93,,0,0,20119006912.0,1,25-STS-88,IQT903,3675,SA005,,B,490,520,P0,0.8,SS00201,STS,2.0,2.8,0.7,1000000,1988-01-01,1988-01-01,1988-01-01,13761.0,37.67556468172484,0.9306852819440055,1.7535112936344968,1.0,1.0,1.05,8.928571428571429,1.692857142857143,2.030575129757202,1389.5,37829.5,0.0013895,0.00378295,0.00517245,0.010503048329912642,94.21045401190851,1428.0,34930.5,0.001428,0.00349305,0.00492105,0.009992561742291678,99.07443794594573,1357.0,35696.5,0.001357,0.00356965,0.00492665,0.01000393296301832,98.96068583193372,1302.5,28645.5,0.0013025,0.00286455,0.00416705,0.008461508094454749,117.18224231864177
SA001,316651,2723063000,35803045,54000,4,150,5.76,,0,0,2005540000000.0,1,150-DTC-05,IQT903,316651,SA005,,B,480,520,P0,1.1,SS00201,DTC,1.0,6.0,1.0,1000000,2005-08-11,2005-08-11,2005-08-11,7329.0,20.06570841889117,1.0202732554054081,1.4013141683778234,1.0,1.0,1.05,12.5,3.3000000000000003,4.953991471563396,1389.5,37829.5,0.0013895,0.00378295,0.00517245,0.025624273187088088,38.02549714088647,1428.0,34930.5,0.001428,0.00349305,0.00492105,0.024378839731137046,40.01917937968081,1357.0,35696.5,0.001357,0.00356965,0.00492665,0.024406582083377804,39.972553903033145,1302.5,28645.5,0.0013025,0.00286455,0.00416705,0.02064353016157825,47.441327242624446
SA001,4694,2723063000,35803045,54000,5,40,49.85,,0,0,20119006912.0,1,40-EPS-88,IQT903,4694,SA005,,B,490,520,P0,0.8,SS00201,EPS,1.6,3.2,1.0,1000000,1988-01-01,1988-01-01,1988-01-01,13761.0,37.67556468172484,0.9541854634062923,1.7535112936344968,1.0,1.0,1.05,10.0,2.05,3.6015091580210803,1389.5,37829.5,0.0013895,0.00378295,0.00517245,0.018628626044406137,52.68082421195433,1428.0,34930.5,0.001428,0.00349305,0.00492105,0.017723206642079638,55.42319813761762,1357.0,35696.5,0.001357,0.00356965,0.00492665,0.017743375093364558,55.35906329760043,1302.5,28645.5,0.0013025,0.00286455,0.00416705,0.015007668736931743,65.63260080755526
SA001,143877,2723063000,35803045,54000,4,80,133.59,,0,0,20119006912.0,1,80-DTC-93,IQT903,143877,SA005,,B,490,520,P0,1.0,SS00201,DTC,1.0,6.0,1.0,1000000,1993-01-01,1993-01-01,1993-01-01,11934.0,32.6735112936345,0.9888428224342896,1.6534702258726899,1.0,1.0,1.05,6.666666666666667,2.1333333333333337,3.6624496495171504,1389.5,37829.5,0.0013895,0.00378295,0.00517245,0.018943837689644985,51.78761444132392,1428.0,34930.5,0.001428,0.00349305,0.00492105,0.01802309784775637,54.484357264613436,1357.0,35696.5,0.001357,0.00356965,0.00492665,0.01804360756579367,54.42128958156677,1302.5,28645.5,0.0013025,0.00286455,0.00416705,0.015261610812020442,64.52388291885768
SA001,116528,2723063000,35803045,54000,4,80,155.94,,0,0,20119006912.0,1,80-DTC-93,IQT903,116528,SA005,,B,490,520,P0,1.0,SS00201,DTC,1.0,6.0,1.0,1000000,1993-01-01,1993-01-01,1993-01-01,11934.0,32.6735112936345,0.9888428224342896,1.6534702258726899,1.0,1.0,1.05,6.666666666666667,2.1333333333333337,3.6624496495171504,1389.5,37829.5,0.0013895,0.00378295,0.00517245,0.018943837689644985,51.78761444132392,1428.0,34930.5,0.001428,0.00349305,0.00492105,0.01802309784775637,54.484357264613436,1357.0,35696.5,0.001357,0.00356965,0.00492665,0.01804360756579367,54.42128958156677,1302.5,28645.5,0.0013025,0.00286455,0.00416705,0.015261610812020442,64.52388291885768
SA001,3673,2723063000,35803045,54000,13,25,14.28,,0,0,20119006912.0,1,25-STS-89,IQT903,3673,SA005,,B,490,520,P0,0.8,SS00201,STS,2.0,2.8,0.7,1000000,1989-01-01,1989-01-01,1989-01-01,13395.0,36.6735112936345,0.9306852819440055,1.73347022587269,1.0,1.0,1.05,8.928571428571429,1.692857142857143,2.007367469835859,1389.5,37829.5,0.0013895,0.00378295,0.00517245,0.010383007869352489,95.31120505568514,1428.0,34930.5,0.001428,0.00349305,0.00492105,0.009878355687435754,100.23142268220778,1357.0,35696.5,0.001357,0.00356965,0.00492665,0.009889596945266836,100.11635545254454,1302.5,28645.5,0.0013025,0.00286455,0.00416705,0.008364800615179517,118.5485757526976
SA001,215096,2723063000,35803045,54000,4,80,156.15,,0,0,20119006912.0,1,80-DTC-88,IQT903,215096,SA005,,B,490,520,P0,1.0,SS00201,DTC,1.0,6.0,1.0,1000000,1988-01-01,1988-01-01,1988-01-01,13761.0,37.67556468172484,0.9888428224342896,1.7535112936344968,1.0,1.0,1.05,6.666666666666667,2.1333333333333337,3.884041407160182,1389.5,37829.5,0.0013895,0.00378295,0.00517245,0.020090009976465685,48.77598324597368,1428.0,34930.5,0.001428,0.00349305,0.00492105,0.019113561966705613,51.318871895354974,1357.0,35696.5,0.001357,0.00356965,0.00492665,0.01913531259858571,51.25940234046189,1302.5,28645.5,0.0013025,0.00286455,0.00416705,0.016184994745706838,60.78562401234363
SA001,37742,2723063000,35803045,54000,13,25,19.02,,0,0,20119006912.0,1,25-STS-92,IQT903,37742,SA005,,B,490,520,P0,0.8,SS00201,STS,2.0,2.8,0.7,1000000,1992-01-01,1992-01-01,1992-01-01,12300.0,33.67556468172484,0.9306852819440055,1.673511293634497,1.0,1.0,1.05,8.928571428571429,1.692857142857143,1.9379347167924958,1389.5,37829.5,0.0013895,0.00378295,0.00517245,0.010023870425873346,98.76186418160661,1428.0,34930.5,0.001428,0.00349305,0.00492105,0.00953667363807171,103.85836445192615,1357.0,35696.5,0.001357,0.00356965,0.00492665,0.00954752607248575,103.7391745681449,1302.5,28645.5,0.0013025,0.00286455,0.00416705,0.00807547086161017,122.8317885281317
SA001,106330,2723063000,35803045,54000,13,20,12.97,,0,0,20119006912.0,1,20-STS-88,IQT903,106330,SA005,,B,490,520,P0,0.8,SS00201,STS,2.0,2.1,0.7,1000000,1988-01-01,1988-01-01,1988-01-01,13761.0,37.67556468172484,0.919528104378295,1.7535112936344968,1.0,1.0,1.05,9.523809523809524,1.7523809523809524,2.076774955604059,1389.5,37829.5,0.0013895,0.00378295,0.00517245,0.010742014619114216,92.09240728648905,1428.0,34930.5,0.001428,0.00349305,0.00492105,0.010219913395275353,96.84818729112696,1357.0,35696.5,0.001357,0.00356965,0.00492665,0.010231543335026738,96.73696570062826,1302.5,28645.5,0.0013025,0.00286455,0.00416705,0.008654025078749895,114.55316640525078
SA001,157968,2723063000,35803045,54000,4,80,166.74,,0,0,20119006912.0,1,80-DTC-95,IQT903,157968,SA005,,B,490,520,P0,1.0,SS00201,DTC,1.0,6.0,1.0,1000000,1995-01-01,1995-01-01,1995-01-01,11204.0,30.67488021902806,0.9888428224342896,1.6134976043805613,1.0,1.0,1.05,6.666666666666667,2.1333333333333337,3.573909976238872,1389.5,37829.5,0.0013895,0.00378295,0.00517245,0.018485870656596754,53.095369299965654,1428.0,34930.5,0.001428,0.00349305,0.00492105,0.0175873896885703,55.85892094890468,1357.0,35696.5,0.001357,0.00356965,0.00492665,0.01760740358443724,55.79429083365113,1302.5,28645.5,0.0013025,0.00286455,0.00416705,0.014892661566486193,66.14716476538734
SA001,245203,2723063000,35803045,54000,10,40,17.27,,0,0,20119006912.0,1,40-PFP-90,IQT903,245203,SA005,,B,490,520,P0,0.8,SS00201,PFP,1.6,3.25,0.6,1000000,1990-01-01,1990-01-01,1990-01-01,13030.0,35.67419575633128,0.9541854634062923,1.7134839151266257,1.0,1.0,1.05,9.846153846153847,2.0307692307692307,2.0917701053739117,1389.5,37829.5,0.0013895,0.00378295,0.00517245,0.010819576281541291,91.42506120189266,1428.0,34930.5,0.001428,0.00349305,0.00492105,0.010293705277050287,96.14674872511553,1357.0,35696.5,0.001357,0.00356965,0.00492665,0.010305419189640383,96.0363244423147,1302.5,28645.5,0.0013025,0.00286455,0.00416705,0.00871651061759836,113.72480719303336
SA001,143929,2723063000,35803045,54000,10,40,15.47,,0,0,20119006912.0,1,40-PFP-92,IQT903,143929,SA005,,B,490,520,P0,0.8,SS00201,PFP,1.6,3.25,0.6,1000000,1992-01-01,1992-01-01,1992-01-01,12300.0,33.67556468172484,0.9541854634062923,1.673511293634497,1.0,1.0,1.05,9.846153846153847,2.0307692307692307,2.042972720156273,1389.5,37829.5,0.0013895,0.00378295,0.00517245,0.010567174246372315,93.63267820565157,1428.0,34930.5,0.001428,0.00349305,0.00492105,0.010053570904525027,98.46714550448024,1357.0,35696.5,0.001357,0.00356965,0.00492665,0.010065011551757904,98.35408368461783,1302.5,28645.5,0.0013025,0.00286455,0.00416705,0.008513169473527198,116.46506434643753
SA001,143880,2723063000,35803045,54000,4,200,350.76,,0,0,20119006912.0,1,200-DTC-88,IQT903,143880,SA005,,B,490,520,P0,1.3,SS00201,DTC,1.0,6.3,1.0,1000000,1988-01-01,1988-01-01,1988-01-01,13761.0,37.67556468172484,1.0346573590279973,1.7535112936344968,1.0,1.0,1.05,15.873015873015873,3.9746031746031747,7.571609239500799,1389.5,37829.5,0.0013895,0.00378295,0.00517245,0.03916377021085591,24.533803171044227,1428.0,34930.5,0.001428,0.00349305,0.00492105,0.03726026764804541,25.838239849639347,1357.0,35696.5,0.001357,0.00356965,0.00492665,0.03730266865978661,25.807733492752217,1302.5,28645.5,0.0013025,0.00286455,0.00416705,0.03155127428146181,30.694440962327715
SA001,3672,2723063000,35803045,54000,10,40,11.59,,0,0,20119006912.0,1,40-PFP-92,IQT903,3672,SA005,,B,490,520,P0,0.8,SS00201,PFP,1.6,3.25,0.6,1000000,1992-01-01,1992-01-01,1992-01-01,12300.0,33.67556468172484,0.9541854634062923,1.673511293634497,1.0,1.0,1.05,9.846153846153847,2.0307692307692307,2.042972720156273,1389.5,37829.5,0.0013895,0.00378295,0.00517245,0.010567174246372315,93.63267820565157,1428.0,34930.5,0.001428,0.00349305,0.00492105,0.010053570904525027,98.46714550448024,1357.0,35696.5,0.001357,0.00356965,0.00492665,0.010065011551757904,98.35408368461783,1302.5,28645.5,0.0013025,0.00286455,0.00416705,0.008513169473527198,116.46506434643753
SA001,177112,2723063000,35803045,54000,5,40,3.21,,0,0,20119006912.0,1,40-EPS-88,IQT903,177112,SA005,,B,490,520,P0,0.8,SS00201,EPS,1.6,3.2,1.0,1000000,1988-01-01,1988-01-01,1988-01-01,13761.0,37.67556468172484,0.9541854634062923,1.7535112936344968,1.0,1.0,1.05,10.0,2.05,3.6015091580210803,1389.5,37829.5,0.0013895,0.00378295,0.00517245,0.018628626044406137,52.68082421195433,1428.0,34930.5,0.001428,0.00349305,0.00492105,0.017723206642079638,55.42319813761762,1357.0,35696.5,0.001357,0.00356965,0.00492665,0.017743375093364558,55.35906329760043,1302.5,28645.5,0.0013025,0.00286455,0.00416705,0.015007668736931743,65.63260080755526
SA001,193331,2723063000,35803045,54000,13,25,7.05,,0,0,20119006912.0,1,25-STS-94,IQT903,193331,SA005,,B,490,520,P0,0.8,SS00201,STS,2.0,2.8,0.7,1000000,1994-01-01,1994-01-01,1994-01-01,11569.0,31.67419575633128,0.9306852819440055,1.6334839151266256,1.0,1.0,1.05,8.928571428571429,1.692857142857143,1.8915828058566984,1389.5,37829.5,0.0013895,0.00378295,0.00517245,0.00978411748415348,101.2064587449626,1428.0,34930.5,0.001428,0.00349305,0.00492105,0.009308573566761106,106.42784518250818,1357.0,35696.5,0.001357,0.00356965,0.00492665,0.009319166430473903,106.30573463415949,1302.5,28645.5,0.0013025,0.00286455,0.00416705,0.007882320131145155,125.86619971811757
SA001,440291,2723063000,35803045,54000,13,40,19.3,,0,0,20159001153.0,1,40-STS-15,IQT903,440291,SA005,,B,490,520,P0,0.8,SS00201,STS,2.0,2.8,0.7,1000000,2015-02-13,2015-02-13,2015-02-13,3856.0,10.557152635181383,0.9541854634062923,1.2111430527036278,1.0,1.0,1.05,14.285714285714286,2.2285714285714286,1.8929630456023385,1389.5,37829.5,0.0013895,0.00378295,0.00517245,0.009791256705225817,101.13193567545596,1428.0,34930.5,0.001428,0.00349305,0.00492105,0.009315365795561387,106.34951497841159,1357.0,35696.5,0.001357,0.00356965,0.00492665,0.009325966388616762,106.2274934660494,1302.5,28645.5,0.0013025,0.00286455,0.00416705,0.007888071659177225,125.77369618423398
SA001,442731,2723063000,35803045,54000,10,80,31.92,,0,0,20119006912.0,1,80-PFP-95,IQT903,442731,SA005,,B,490,520,P0,1.0,SS00201,PFP,1.6,4.5,0.6,1000000,1995-01-01,1995-01-01,1995-01-01,11204.0,30.67488021902806,0.9888428224342896,1.6134976043805613,1.0,1.0,1.05,14.222222222222221,2.5777777777777775,2.591084732773181,1389.5,37829.5,0.0013895,0.00378295,0.00517245,0.013402256226032642,73.61430248271128,1428.0,34930.5,0.001428,0.00349305,0.00492105,0.012750857524213463,77.4260978605582,1357.0,35696.5,0.001357,0.00356965,0.00492665,0.012765367598716994,77.33695287400158,1302.5,28645.5,0.0013025,0.00286455,0.00416705,0.010797179635702486,91.6167789867412
SA001,442730,2723063000,35803045,54000,18,80,3.0,,0,0,20159006774.0,1,80-DTEP-15,IQT903,442730,SA005,,B,490,520,P0,1.0,SS00201,DTEP,1.6,6.0,1.0,1000000,2015-05-08,2015-05-08,2015-05-08,3772.0,10.327173169062286,0.9888428224342896,1.2065434633812457,1.0,1.0,1.05,10.666666666666666,2.1333333333333333,2.672503329931801,1389.5,37829.5,0.0013895,0.00378295,0.00517245,0.013823389848905744,71.34115589087287,1428.0,34930.5,0.001428,0.00349305,0.00492105,0.013151522511760888,75.03682380543694,1357.0,35696.5,0.001357,0.00356965,0.00492665,0.013166488530408508,74.95039464702087,1302.5,28645.5,0.0013025,0.00286455,0.00416705,0.011136455000992312,88.79518167234502
SA001,443322,2723063000,35803045,54000,13,25,7.58,,0,0,20119006912.0,1,25-STS-90,IQT903,443322,SA005,,B,490,520,P0,0.8,SS00201,STS,2.0,2.8,0.7,1000000,1990-01-01,1990-01-01,1990-01-01,13030.0,35.67419575633128,0.9306852819440055,1.7134839151266257,1.0,1.0,1.05,8.928571428571429,1.692857142857143,1.9842232188214046,1389.5,37829.5,0.0013895,0.00378295,0.00517245,0.010263295388192775,96.43459212432218,1428.0,34930.5,0.001428,0.00349305,0.00492105,0.009764461670981073,101.41219984219838,1357.0,35696.5,0.001357,0.00356965,0.00492665,0.009775573321006474,101.29579045263014,1302.5,28645.5,0.0013025,0.00286455,0.00416705,0.008268357363989735,119.94300669141246
SA001,443629,2723063000,35803045,54000,13,25,5.59,,0,0,20159007679.0,1,25-STS-15,IQT903,443629,SA005,,B,490,520,P0,0.8,SS00201,STS,2.0,2.8,0.7,1000000,2015-07-23,2015-07-23,2015-07-23,3696.0,10.119096509240247,0.9306852819440055,1.2023819301848049,1.0,1.0,1.05,8.928571428571429,1.692857142857143,1.3923644819202627,1389.5,37829.5,0.0013895,0.00378295,0.00517245,0.0072019356645084635,137.8515597172098,1428.0,34930.5,0.001428,0.00349305,0.00492105,0.0068518952337537084,144.94502190778024,1357.0,35696.5,0.001357,0.00356965,0.00492665,0.006859692474852463,144.77912984670758,1302.5,28645.5,0.0013025,0.00286455,0.00416705,0.0058020524143858315,171.35280355630047
SA001,324771,2723063100,35803045,54000,4,200,11.18,,0,0,20119006912.0,1,200-DTC-94,IQT903,324771,SA005,,B,470,520,P0,1.3,SS00201,DTC,1.0,6.3,1.0,1000000,1994-01-01,1994-01-01,1994-01-01,11569.0,31.67419575633128,1.0346573590279973,1.6334839151266256,1.0,1.0,1.05,15.873015873015873,3.9746031746031747,7.053334614522713,1389.5,37829.5,0.0013895,0.00378295,0.00517245,0.03648302062688801,26.410011090556445,1428.0,34930.5,0.001428,0.00349305,0.00492105,0.03470981230479699,27.810296962101326,1357.0,35696.5,0.001357,0.00356965,0.00492665,0.03474931097863833,27.777549017151347,1302.5,28645.5,0.0013025,0.00286455,0.00416705,0.029391598005446874,33.023328701443155
SA001,143879,2723063000,35803045,54000,4,80,183.35,,0,0,20119006912.0,1,80-DTC-88,IQT903,143879,SA005,,B,490,520,P0,1.0,SS00201,DTC,1.0,6.0,1.0,1000000,1988-01-01,1988-01-01,1988-01-01,13761.0,37.67556468172484,0.9888428224342896,1.7535112936344968,1.0,1.0,1.05,6.666666666666667,2.1333333333333337,3.884041407160182,1389.5,37829.5,0.0013895,0.00378295,0.00517245,0.020090009976465685,48.77598324597368,1428.0,34930.5,0.001428,0.00349305,0.00492105,0.019113561966705613,51.318871895354974,1357.0,35696.5,0.001357,0.00356965,0.00492665,0.01913531259858571,51.25940234046189,1302.5,28645.5,0.0013025,0.00286455,0.00416705,0.016184994745706838,60.78562401234363
SA001,212291,2723063000,35803045,54000,13,25,15.37,,0,0,20119006912.0,1,25-STS-92,IQT903,212291,SA005,,B,490,520,P0,0.8,SS00201,STS,2.0,2.8,0.7,1000000,1992-01-01,1992-01-01,1992-01-01,12300.0,33.67556468172484,0.9306852819440055,1.673511293634497,1.0,1.0,1.05,8.928571428571429,1.692857142857143,1.9379347167924958,1389.5,37829.5,0.0013895,0.00378295,0.00517245,0.010023870425873346,98.76186418160661,1428.0,34930.5,0.001428,0.00349305,0.00492105,0.00953667363807171,103.85836445192615,1357.0,35696.5,0.001357,0.00356965,0.00492665,0.00954752607248575,103.7391745681449,1302.5,28645.5,0.0013025,0.00286455,0.00416705,0.00807547086161017,122.8317885281317
SA001,178122,2723063000,35803045,54000,4,100,32.4,,0,0,20119006912.0,1,100-DTC-95,IQT903,178122,SA005,,B,490,520,P0,1.0,SS00201,DTC,1.0,6.0,1.0,1000000,1995-01-01,1995-01-01,1995-01-01,11204.0,30.67488021902806,1.0,1.6134976043805613,1.0,1.0,1.05,8.333333333333334,2.466666666666667,4.178958795345655,1389.5,37829.5,0.0013895,0.00378295,0.00517245,0.021615455420985634,45.26319365120281,1428.0,34930.5,0.001428,0.00349305,0.00492105,0.020564865179835735,47.62662561875291,1357.0,35696.5,0.001357,0.00356965,0.00492665,0.02058826734908967,47.57135294797966,1302.5,28645.5,0.0013025,0.00286455,0.00416705,0.017413930248145113,56.42529031357051
SA001,38782,2723063000,35803045,54000,13,25,20.68,,0,0,20119006912.0,1,25-STS-88,IQT903,38782,SA005,,B,490,520,P0,0.8,SS00201,STS,2.0,2.8,0.7,1000000,1988-01-01,1988-01-01,1988-01-01,13761.0,37.67556468172484,0.9306852819440055,1.7535112936344968,1.0,1.0,1.05,8.928571428571429,1.692857142857143,2.030575129757202,1389.5,37829.5,0.0013895,0.00378295,0.00517245,0.010503048329912642,94.21045401190851,1428.0,34930.5,0.001428,0.00349305,0.00492105,0.009992561742291678,99.07443794594573,1357.0,35696.5,0.001357,0.00356965,0.00492665,0.01000393296301832,98.96068583193372,1302.5,28645.5,0.0013025,0.00286455,0.00416705,0.008461508094454749,117.18224231864177
SA001,211236,2723063000,35803045,54000,13,25,23.66,,0,0,20119006912.0,1,25-STS-90,IQT903,211236,SA005,,B,490,520,P0,0.8,SS00201,STS,2.0,2.8,0.7,1000000,1990-01-01,1990-01-01,1990-01-01,13030.0,35.67419575633128,0.9306852819440055,1.7134839151266257,1.0,1.0,1.05,8.928571428571429,1.692857142857143,1.9842232188214046,1389.5,37829.5,0.0013895,0.00378295,0.00517245,0.010263295388192775,96.43459212432218,1428.0,34930.5,0.001428,0.00349305,0.00492105,0.009764461670981073,101.41219984219838,1357.0,35696.5,0.001357,0.00356965,0.00492665,0.009775573321006474,101.29579045263014,1302.5,28645.5,0.0013025,0.00286455,0.00416705,0.008268357363989735,119.94300669141246
SA001,246291,2723063000,35803045,54000,4,100,261.0,,0,0,20119006912.0,1,100-DTC-93,IQT903,246291,SA005,,B,490,520,P0,1.0,SS00201,DTC,1.0,6.0,1.0,1000000,1993-01-01,1993-01-01,1993-01-01,11934.0,32.6735112936345,1.0,1.6534702258726899,1.0,1.0,1.05,8.333333333333334,2.466666666666667,4.2824878850102674,1389.5,37829.5,0.0013895,0.00378295,0.00517245,0.02215095446082136,44.14478153836265,1428.0,34930.5,0.001428,0.00349305,0.00492105,0.021074337006529775,46.451077568426236,1357.0,35696.5,0.001357,0.00356965,0.00492665,0.021098318938685835,46.39714111375964,1302.5,28645.5,0.0013025,0.00286455,0.00416705,0.017845341141232037,55.037034657156475
SA001,316639,2723063000,35803045,54000,4,150,6.55,,0,0,2005540000000.0,1,150-DTC-05,IQT903,316639,SA005,,B,490,520,P0,1.1,SS00201,DTC,1.0,6.0,1.0,1000000,2005-08-12,2005-08-12,2005-08-12,7328.0,20.06297056810404,1.0202732554054081,1.4012594113620809,1.0,1.0,1.05,12.5,3.3000000000000003,4.953797891997072,1389.5,37829.5,0.0013895,0.00378295,0.00517245,0.02562327190646026,38.02702214028628,1428.0,34930.5,0.001428,0.00349305,0.00492105,0.024377887116412193,40.02078228620392,1357.0,35696.5,0.001357,0.00356965,0.00492665,0.02440562838460738,39.97415498757244,1302.5,28645.5,0.0013025,0.00286455,0.00416705,0.0206427235058464,47.44322018442874
SA001,245200,2723063000,35803045,54000,13,25,14.24,,0,0,20119006912.0,1,25-STS-90,IQT903,245200,SA005,,B,490,520,P0,0.8,SS00201,STS,2.0,2.8,0.7,1000000,1990-01-01,1990-01-01,1990-01-01,13030.0,35.67419575633128,0.9306852819440055,1.7134839151266257,1.0,1.0,1.05,8.928571428571429,1.692857142857143,1.9842232188214046,1389.5,37829.5,0.0013895,0.00378295,0.00517245,0.010263295388192775,96.43459212432218,1428.0,34930.5,0.001428,0.00349305,0.00492105,0.009764461670981073,101.41219984219838,1357.0,35696.5,0.001357,0.00356965,0.00492665,0.009775573321006474,101.29579045263014,1302.5,28645.5,0.0013025,0.00286455,0.00416705,0.008268357363989735,119.94300669141246
SA001,106335,2723063000,35803045,54000,13,25,23.37,,0,0,20119006912.0,1,25-STS-90,IQT903,106335,SA005,,B,490,520,P0,0.8,SS00201,STS,2.0,2.8,0.7,1000000,1990-01-01,1990-01-01,1990-01-01,13030.0,35.67419575633128,0.9306852819440055,1.7134839151266257,1.0,1.0,1.05,8.928571428571429,1.692857142857143,1.9842232188214046,1389.5,37829.5,0.0013895,0.00378295,0.00517245,0.010263295388192775,96.43459212432218,1428.0,34930.5,0.001428,0.00349305,0.00492105,0.009764461670981073,101.41219984219838,1357.0,35696.5,0.001357,0.00356965,0.00492665,0.009775573321006474,101.29579045263014,1302.5,28645.5,0.0013025,0.00286455,0.00416705,0.008268357363989735,119.94300669141246
SA001,178191,2723063000,35803045,54000,4,150,4.9,,0,0,20119006912.0,1,150-DTC-97,IQT903,178191,SA005,,B,490,520,P0,1.1,SS00201,DTC,1.0,6.0,1.0,1000000,1997-01-01,1997-01-01,1997-01-01,10473.0,28.673511293634498,1.0202732554054081,1.5734702258726898,1.0,1.0,1.05,12.5,3.3000000000000003,5.562605628083932,1389.5,37829.5,0.0013895,0.00378295,0.00517245,0.028772299480982737,33.75565102681339,1428.0,34930.5,0.001428,0.00349305,0.00492105,0.027373860426082433,35.53120109603457,1357.0,35696.5,0.001357,0.00356965,0.00492665,0.027405011017599706,35.48967699220381,1302.5,28645.5,0.0013025,0.00286455,0.00416705,0.02317965578250715,42.141279119194856
SA001,278257,2723063000,35803045,54000,4,80,156.1,,0,0,20119006912.0,1,80-DTC-88,IQT903,278257,SA005,,B,490,520,P0,1.0,SS00201,DTC,1.0,6.0,1.0,1000000,1988-01-01,1988-01-01,1988-01-01,13761.0,37.67556468172484,0.9888428224342896,1.7535112936344968,1.0,1.0,1.05,6.666666666666667,2.1333333333333337,3.884041407160182,1389.5,37829.5,0.0013895,0.00378295,0.00517245,0.020090009976465685,48.77598324597368,1428.0,34930.5,0.001428,0.00349305,0.00492105,0.019113561966705613,51.318871895354974,1357.0,35696.5,0.001357,0.00356965,0.00492665,0.01913531259858571,51.25940234046189,1302.5,28645.5,0.0013025,0.00286455,0.00416705,0.016184994745706838,60.78562401234363
SA001,73275,2723063000,35803045,54000,13,20,17.14,,0,0,20119006912.0,1,20-STS-92,IQT903,73275,SA005,,B,490,520,P0,0.8,SS00201,STS,2.0,2.1,0.7,1000000,1992-01-01,1992-01-01,1992-01-01,12300.0,33.67556468172484,0.919528104378295,1.673511293634497,1.0,1.0,1.05,9.523809523809524,1.7523809523809524,1.9820267797289195,1389.5,37829.5,0.0013895,0.00378295,0.00517245,0.01025193441680885,96.54256702622108,1428.0,34930.5,0.001428,0.00349305,0.00492105,0.009753652884384999,101.52569082101935,1357.0,35696.5,0.001357,0.00356965,0.00492665,0.009764752234351482,101.4091524290902,1302.5,28645.5,0.0013025,0.00286455,0.00416705,0.008259204692469395,120.07703310850054
SA001,177116,2723063000,35803045,54000,13,20,6.83,,0,0,20119006912.0,1,20-STS-94,IQT903,177116,SA005,,B,490,520,P0,0.8,SS00201,STS,2.0,2.1,0.7,1000000,1994-01-01,1994-01-01,1994-01-01,11569.0,31.67419575633128,0.919528104378295,1.6334839151266256,1.0,1.0,1.05,9.523809523809524,1.7523809523809524,1.9346202659953624,1389.5,37829.5,0.0013895,0.00378295,0.00517245,0.010006726594847713,98.9327792681857,1428.0,34930.5,0.001428,0.00349305,0.00492105,0.009520363059976477,104.03801101913761,1357.0,35696.5,0.001357,0.00356965,0.00492665,0.009531196933466053,103.91861693559053,1302.5,28645.5,0.0013025,0.00286455,0.00416705,0.008061659379415975,123.04394094760734
SA001,38828,2723063000,35803045,54000,13,25,23.5,,0,0,20119006912.0,1,25-STS-07,IQT903,38828,SA005,,B,490,520,P0,0.8,SS00201,STS,2.0,2.8,0.7,1000000,2007-04-03,2007-04-03,2007-04-03,6729.0,18.42299794661191,0.9306852819440055,1.3684599589322382,1.0,1.0,1.05,8.928571428571429,1.692857142857143,1.5846836965143447,1389.5,37829.5,0.0013895,0.00378295,0.00517245,0.008196697186035622,121.0003590841027,1428.0,34930.5,0.001428,0.00349305,0.00492105,0.007798307704731915,127.23294974539317,1357.0,35696.5,0.001357,0.00356965,0.00492665,0.007807181933432397,127.08719055434563,1302.5,28645.5,0.0013025,0.00286455,0.00416705,0.006603456197560101,150.43584966452693
SA001,143924,2723063000,35803045,54000,4,150,137.13,,0,0,20119006912.0,1,150-DTC-97,IQT903,143924,SA005,,B,490,520,P0,1.1,SS00201,DTC,1.0,6.0,1.0,1000000,1997-01-01,1997-01-01,1997-01-01,10473.0,28.673511293634498,1.0202732554054081,1.5734702258726898,1.0,1.0,1.05,12.5,3.3000000000000003,5.562605628083932,1389.5,37829.5,0.0013895,0.00378295,0.00517245,0.028772299480982737,33.75565102681339,1428.0,34930.5,0.001428,0.00349305,0.00492105,0.027373860426082433,35.53120109603457,1357.0,35696.5,0.001357,0.00356965,0.00492665,0.027405011017599706,35.48967699220381,1302.5,28645.5,0.0013025,0.00286455,0.00416705,0.02317965578250715,42.141279119194856
SA001,316656,2723063000,35803045,54000,4,200,5.81,,0,0,2005540000000.0,1,200-DTC-05,IQT903,316656,SA005,,B,480,520,P0,1.3,SS00201,DTC,1.0,6.3,1.0,1000000,2005-08-11,2005-08-11,2005-08-11,7329.0,20.06570841889117,1.0346573590279973,1.4013141683778234,1.0,1.0,1.05,15.873015873015873,3.9746031746031747,6.050832602703787,1389.5,37829.5,0.0013895,0.00378295,0.00517245,0.031297629095855206,30.951302027936407,1428.0,34930.5,0.001428,0.00349305,0.00492105,0.02977644977953547,32.583587277999555,1357.0,35696.5,0.001357,0.00356965,0.00492665,0.029810334442110613,32.54541365317197,1302.5,28645.5,0.0013025,0.00286455,0.00416705,0.025214121997096817,38.66031417295201
SA001,37847,2723063000,35803045,54000,4,80,6.79,,0,0,20119006912.0,1,80-DTC-01,IQT903,37847,SA005,,B,480,520,P0,1.0,SS00201,DTC,1.0,6.0,1.0,1000000,2001-01-01,2001-01-01,2001-01-01,9012.0,24.673511293634498,0.9888428224342896,1.49347022587269,1.0,1.0,1.05,6.666666666666667,2.1333333333333337,3.3080483819567004,1389.5,37829.5,0.0013895,0.00378295,0.00517245,0.017110714853251937,57.44291185823527,1428.0,34930.5,0.001428,0.00349305,0.00492105,0.01627907149002802,60.42856492844597,1357.0,35696.5,0.001357,0.00356965,0.00492665,0.01629759656096698,60.358740613018796,1302.5,28645.5,0.0013025,0.00286455,0.00416705,0.013784803010032669,71.54365544956961
SA001,177329,2723063000,35803045,54000,4,150,10.67,,0,0,20119006912.0,1,150-DTC-93,IQT903,177329,SA005,,B,480,520,P0,1.1,SS00201,DTC,1.0,6.0,1.0,1000000,1993-01-01,1993-01-01,1993-01-01,11934.0,32.6735112936345,1.0202732554054081,1.6534702258726899,1.0,1.0,1.05,12.5,3.3000000000000003,5.8454253744823115,1389.5,37829.5,0.0013895,0.00378295,0.00517245,0.030235170478241032,32.07406520891482,1428.0,34930.5,0.001428,0.00349305,0.00492105,0.028765630539096178,33.763708677995844,1357.0,35696.5,0.001357,0.00356965,0.00492665,0.02879836492119328,33.72419363864927,1302.5,28645.5,0.0013025,0.00286455,0.00416705,0.02435817980673652,40.053970696260286
SA001,110836,2723063000,35803045,54000,4,100,211.12,,0,0,20119006912.0,1,100-DTC-91,IQT903,110836,SA005,,B,480,520,P0,1.0,SS00201,DTC,1.0,6.0,1.0,1000000,1991-01-01,1991-01-01,1991-01-01,12665.0,34.67488021902806,1.0,1.6934976043805614,1.0,1.0,1.05,8.333333333333334,2.466666666666667,4.386158795345655,1389.5,37829.5,0.0013895,0.00378295,0.00517245,0.022687187060985634,43.07774297059794,1428.0,34930.5,0.001428,0.00349305,0.00492105,0.021584506739835734,45.32952756591974,1357.0,35696.5,0.001357,0.00356965,0.00492665,0.021609069229089672,45.27686594912756,1302.5,28645.5,0.0013025,0.00286455,0.00416705,0.018277343008145115,53.71254763640208
SA001,238401,2723063000,35803045,54000,4,150,13.0,,0,0,2007540000000.0,1,150-DTC-06,IQT903,238401,SA005,,B,480,520,P0,1.2,SS00201,DTC,1.0,6.0,1.0,1000000,2006-08-29,2006-08-29,2006-08-29,6946.0,19.017111567419576,1.0202732554054081,1.3803422313483915,1.0,1.0,1.05,12.5,3.3000000000000003,4.879850497661561,1389.5,37829.5,0.0013895,0.00378295,0.00517245,0.025240782706629543,38.61842275744278,1428.0,34930.5,0.001428,0.00349305,0.00492105,0.024013988291517425,40.64239558462826,1357.0,35696.5,0.001357,0.00356965,0.00492665,0.02404131545430433,40.59506171368677,1302.5,28645.5,0.0013025,0.00286455,0.00416705,0.02033458101628061,48.177310277470845
SA001,211477,2723063100,35803045,54000,4,80,170.44,,0,0,20119006912.0,1,80-DTC-94,IQT903,211477,SA005,,B,470,520,P0,1.0,SS00201,DTC,1.0,6.0,1.0,1000000,1994-01-01,1994-01-01,1994-01-01,11569.0,31.67419575633128,0.9888428224342896,1.6334839151266256,1.0,1.0,1.05,6.666666666666667,2.1333333333333337,3.6181798128780107,1389.5,37829.5,0.0013895,0.00378295,0.00517245,0.018714854173120868,52.433491426091145,1428.0,34930.5,0.001428,0.00349305,0.00492105,0.017805243768163333,55.16322994622798,1357.0,35696.5,0.001357,0.00356965,0.00492665,0.017825505575115454,55.0993906055606,1302.5,28645.5,0.0013025,0.00286455,0.00416705,0.015077136189253316,65.32559309988724
SA001,37746,2723063000,35803045,54000,13,20,15.8,,0,0,20119006912.0,1,20-STS-92,IQT903,37746,SA005,,B,490,520,P0,0.8,SS00201,STS,2.0,2.1,0.7,1000000,1992-01-01,1992-01-01,1992-01-01,12300.0,33.67556468172484,0.919528104378295,1.673511293634497,1.0,1.0,1.05,9.523809523809524,1.7523809523809524,1.9820267797289195,1389.5,37829.5,0.0013895,0.00378295,0.00517245,0.01025193441680885,96.54256702622108,1428.0,34930.5,0.001428,0.00349305,0.00492105,0.009753652884384999,101.52569082101935,1357.0,35696.5,0.001357,0.00356965,0.00492665,0.009764752234351482,101.4091524290902,1302.5,28645.5,0.0013025,0.00286455,0.00416705,0.008259204692469395,120.07703310850054
SA001,278189,2723063000,35803045,54000,4,100,205.4,,0,0,20119006912.0,1,100-DTC-93,IQT903,278189,SA005,,B,490,520,P0,1.0,SS00201,DTC,1.0,6.0,1.0,1000000,1993-01-01,1993-01-01,1993-01-01,11934.0,32.6735112936345,1.0,1.6534702258726899,1.0,1.0,1.05,8.333333333333334,2.466666666666667,4.2824878850102674,1389.5,37829.5,0.0013895,0.00378295,0.00517245,0.02215095446082136,44.14478153836265,1428.0,34930.5,0.001428,0.00349305,0.00492105,0.021074337006529775,46.451077568426236,1357.0,35696.5,0.001357,0.00356965,0.00492665,0.021098318938685835,46.39714111375964,1302.5,28645.5,0.0013025,0.00286455,0.00416705,0.017845341141232037,55.037034657156475
SA001,72209,2723063000,35803045,54000,13,20,13.2,,0,0,20119006912.0,1,20-STS-92,IQT903,72209,SA005,,B,490,520,P0,0.8,SS00201,STS,2.0,2.1,0.7,1000000,1992-01-01,1992-01-01,1992-01-01,12300.0,33.67556468172484,0.919528104378295,1.673511293634497,1.0,1.0,1.05,9.523809523809524,1.7523809523809524,1.9820267797289195,1389.5,37829.5,0.0013895,0.00378295,0.00517245,0.01025193441680885,96.54256702622108,1428.0,34930.5,0.001428,0.00349305,0.00492105,0.009753652884384999,101.52569082101935,1357.0,35696.5,0.001357,0.00356965,0.00492665,0.009764752234351482,101.4091524290902,1302.5,28645.5,0.0013025,0.00286455,0.00416705,0.008259204692469395,120.07703310850054
SA001,411542,2723063000,35803045,54000,4,100,119.22,,0,0,20119006912.0,1,100-DTC-93,IQT903,411542,SA005,,B,490,520,P0,1.0,SS00201,DTC,1.0,6.0,1.0,1000000,1993-01-01,1993-01-01,1993-01-01,11934.0,32.6735112936345,1.0,1.6534702258726899,1.0,1.0,1.05,8.333333333333334,2.466666666666667,4.2824878850102674,1389.5,37829.5,0.0013895,0.00378295,0.00517245,0.02215095446082136,44.14478153836265,1428.0,34930.5,0.001428,0.00349305,0.00492105,0.021074337006529775,46.451077568426236,1357.0,35696.5,0.001357,0.00356965,0.00492665,0.021098318938685835,46.39714111375964,1302.5,28645.5,0.0013025,0.00286455,0.00416705,0.017845341141232037,55.037034657156475
SA001,411543,2723063000,35803045,54000,10,100,51.68,,0,0,20119006912.0,1,100-PFP-95,IQT903,411543,SA005,,B,490,520,P0,1.0,SS00201,PFP,1.6,4.9,0.6,1000000,1995-01-01,1995-01-01,1995-01-01,11204.0,30.67488021902806,1.0,1.6134976043805613,1.0,1.0,1.05,16.3265306122449,2.8408163265306126,2.887699712525668,1389.5,37829.5,0.0013895,0.00378295,0.00517245,0.014936482378053392,65.95016769606538,1428.0,34930.5,0.001428,0.00349305,0.00492105,0.014210514670324437,69.3704280386327,1357.0,35696.5,0.001357,0.00356965,0.00492665,0.014226685788714583,69.29043973075282,1302.5,28645.5,0.0013025,0.00286455,0.00416705,0.012033189087080084,82.10348925487177
SA001,411544,2723063000,35803045,54000,10,100,3.78,,0,0,20119006912.0,1,100-PFP-95,IQT903,411544,SA005,,B,490,520,P0,1.0,SS00201,PFP,1.6,4.9,0.6,1000000,1995-01-01,1995-01-01,1995-01-01,11204.0,30.67488021902806,1.0,1.6134976043805613,1.0,1.0,1.05,16.3265306122449,2.8408163265306126,2.887699712525668,1389.5,37829.5,0.0013895,0.00378295,0.00517245,0.014936482378053392,65.95016769606538,1428.0,34930.5,0.001428,0.00349305,0.00492105,0.014210514670324437,69.3704280386327,1357.0,35696.5,0.001357,0.00356965,0.00492665,0.014226685788714583,69.29043973075282,1302.5,28645.5,0.0013025,0.00286455,0.00416705,0.012033189087080084,82.10348925487177
SA001,211234,2723063000,35803045,54000,13,25,14.11,,0,0,20119006912.0,1,25-STS-87,IQT903,211234,SA005,,B,490,520,P0,0.8,SS00201,STS,2.0,2.8,0.7,1000000,1987-01-01,1987-01-01,1987-01-01,14126.0,38.67488021902806,0.9306852819440055,1.7734976043805613,1.0,1.0,1.05,8.928571428571429,1.692857142857143,2.053719380771657,1389.5,37829.5,0.0013895,0.00378295,0.00517245,0.010622760811072357,93.13748626982886,1428.0,34930.5,0.001428,0.00349305,0.00492105,0.010106455758746361,97.94665586742185,1357.0,35696.5,0.001357,0.00356965,0.00492665,0.010117956587278685,97.83418567512939,1302.5,28645.5,0.0013025,0.00286455,0.00416705,0.008557951345644533,115.85039556913793
SA001,419200,2723063100,35803045,54000,4,80,53.07,,0,0,20099009661.0,1,80-DTC-09,IQT903,419200,SA005,,B,470,520,P0,1.0,SS00201,DTC,1.0,6.0,1.0,1000000,2009-09-18,2009-09-18,2009-09-18,5830.0,15.961670088980151,0.9888428224342896,1.319233401779603,1.0,1.0,1.05,6.666666666666667,2.1333333333333337,2.9221124362423434,1389.5,37829.5,0.0013895,0.00378295,0.00517245,0.01511448047084171,65.16171835539849,1428.0,34930.5,0.001428,0.00349305,0.00492105,0.014379861404370383,68.54169945588461,1357.0,35696.5,0.001357,0.00356965,0.00492665,0.014396225234013342,68.46265314308525,1302.5,28645.5,0.0013025,0.00286455,0.00416705,0.012176588627443658,81.12480774345903
SA001,439267,2723063100,35803045,54000,18,150,261.25,,0,0,20149013579.0,1,150-DTEP-14,IQT903,439267,SA005,,B,470,520,P0,1.1,SS00201,DTEP,1.6,6.0,1.0,1000000,2014-09-30,2014-09-30,2014-09-30,3992.0,10.929500342231348,1.0202732554054081,1.218590006844627,1.0,1.0,1.05,20.0,3.3000000000000003,4.308016458742457,1389.5,37829.5,0.0013895,0.00378295,0.00517245,0.022282999732022423,43.87726123170577,1428.0,34930.5,0.001428,0.00349305,0.00492105,0.021199964394294564,46.169890543265474,1357.0,35696.5,0.001357,0.00356965,0.00492665,0.021224089286463525,46.11627370686705,1302.5,28645.5,0.0013025,0.00286455,0.00416705,0.017951719984402755,54.70496870878357
SA001,439847,2723063000,35803045,54000,4,200,439.52,,0,0,20119006912.0,1,200-DTC-94,IQT903,439847,SA005,,B,490,520,P0,1.3,SS00201,DTC,1.0,6.3,1.0,1000000,1994-01-01,1994-01-01,1994-01-01,11569.0,31.67419575633128,1.0346573590279973,1.6334839151266256,1.0,1.0,1.05,15.873015873015873,3.9746031746031747,7.053334614522713,1389.5,37829.5,0.0013895,0.00378295,0.00517245,0.03648302062688801,26.410011090556445,1428.0,34930.5,0.001428,0.00349305,0.00492105,0.03470981230479699,27.810296962101326,1357.0,35696.5,0.001357,0.00356965,0.00492665,0.03474931097863833,27.777549017151347,1302.5,28645.5,0.0013025,0.00286455,0.00416705,0.029391598005446874,33.023328701443155
SA001,30854,2723063000,35803045,54000,4,100,2.69,,0,0,20119006912.0,1,100-DTC-93,IQT903,30854,SA005,,B,490,520,P0,1.0,SS00201,DTC,1.0,6.0,1.0,1000000,1993-01-01,1993-01-01,1993-01-01,11934.0,32.6735112936345,1.0,1.6534702258726899,1.0,1.0,1.05,8.333333333333334,2.466666666666667,4.2824878850102674,1389.5,37829.5,0.0013895,0.00378295,0.00517245,0.02215095446082136,44.14478153836265,1428.0,34930.5,0.001428,0.00349305,0.00492105,0.021074337006529775,46.451077568426236,1357.0,35696.5,0.001357,0.00356965,0.00492665,0.021098318938685835,46.39714111375964,1302.5,28645.5,0.0013025,0.00286455,0.00416705,0.017845341141232037,55.037034657156475
SA001,3678,2723063000,35803045,54000,13,32,21.46,,0,0,20169000798.0,1,32-STS-16,IQT903,3678,SA005,,B,490,520,P0,0.8,SS00201,STS,2.0,2.8,0.7,1000000,2016-03-16,2016-03-16,2016-03-16,3459.0,9.470225872689939,0.9430282858405817,1.1894045174537988,1.0,1.0,1.05,11.428571428571429,1.942857142857143,1.6017049234631346,1389.5,37829.5,0.0013895,0.00378295,0.00517245,0.008284738631366891,119.70386822028337,1428.0,34930.5,0.001428,0.00349305,0.00492105,0.007882070013608258,125.8702254957793,1357.0,35696.5,0.001357,0.00356965,0.00492665,0.007891039561179652,125.726015279349,1302.5,28645.5,0.0013025,0.00286455,0.00416705,0.006674384501317056,148.8265495196853
SA001,245205,2723063000,35803045,54000,13,25,20.93,,0,0,20119006912.0,1,25-STS-95,IQT903,245205,SA005,,B,490,520,P0,0.8,SS00201,STS,2.0,2.8,0.7,1000000,1995-01-01,1995-01-01,1995-01-01,11204.0,30.67488021902806,0.9306852819440055,1.6134976043805613,1.0,1.0,1.05,8.928571428571429,1.692857142857143,1.8684385548422442,1389.5,37829.5,0.0013895,0.00378295,0.00517245,0.009664405002993766,102.47248482345552,1428.0,34930.5,0.001428,0.00349305,0.00492105,0.009194679550306424,107.7585483027164,1357.0,35696.5,0.001357,0.00356965,0.00492665,0.009205142806213543,107.63492517736849,1302.5,28645.5,0.0013025,0.00286455,0.00416705,0.007785876879955374,127.43768472302527
SA001,170309,2723063000,35803045,54000,4,100,6.84,,0,0,20119006912.0,1,100-DTC-02,IQT903,170309,SA005,,B,490,520,P0,1.0,SS00201,DTC,1.0,6.0,1.0,1000000,2002-01-01,2002-01-01,2002-01-01,8647.0,23.67419575633128,1.0,1.4734839151266255,1.0,1.0,1.05,8.333333333333334,2.466666666666667,3.8163233401779606,1389.5,37829.5,0.0013895,0.00378295,0.00517245,0.019739741660903493,49.65922427853241,1428.0,34930.5,0.001428,0.00349305,0.00492105,0.01878031797318275,52.24723476077158,1357.0,35696.5,0.001357,0.00356965,0.00492665,0.01880168938388775,52.18670995899749,1302.5,28645.5,0.0013025,0.00286455,0.00416705,0.015902810174688572,61.881967967625776
SA001,177117,2723063000,35803045,54000,13,25,20.0,,0,0,20119006912.0,1,25-STS-88,IQT903,177117,SA005,,B,490,520,P0,0.8,SS00201,STS,2.0,2.8,0.7,1000000,1988-01-01,1988-01-01,1988-01-01,13761.0,37.67556468172484,0.9306852819440055,1.7535112936344968,1.0,1.0,1.05,8.928571428571429,1.692857142857143,2.030575129757202,1389.5,37829.5,0.0013895,0.00378295,0.00517245,0.010503048329912642,94.21045401190851,1428.0,34930.5,0.001428,0.00349305,0.00492105,0.009992561742291678,99.07443794594573,1357.0,35696.5,0.001357,0.00356965,0.00492665,0.01000393296301832,98.96068583193372,1302.5,28645.5,0.0013025,0.00286455,0.00416705,0.008461508094454749,117.18224231864177
SA001,110975,2723063000,35803045,54000,4,100,5.15,,0,0,20119006912.0,1,100-DTC-02,IQT903,110975,SA005,,B,490,520,P0,1.0,SS00201,DTC,1.0,6.0,1.0,1000000,2002-01-01,2002-01-01,2002-01-01,8647.0,23.67419575633128,1.0,1.4734839151266255,1.0,1.0,1.05,8.333333333333334,2.466666666666667,3.8163233401779606,1389.5,37829.5,0.0013895,0.00378295,0.00517245,0.019739741660903493,49.65922427853241,1428.0,34930.5,0.001428,0.00349305,0.00492105,0.01878031797318275,52.24723476077158,1357.0,35696.5,0.001357,0.00356965,0.00492665,0.01880168938388775,52.18670995899749,1302.5,28645.5,0.0013025,0.00286455,0.00416705,0.015902810174688572,61.881967967625776
SA001,72214,2723063000,35803045,54000,13,25,18.62,,0,0,20119006912.0,1,25-STS-91,IQT903,72214,SA005,,B,490,520,P0,0.8,SS00201,STS,2.0,2.8,0.7,1000000,1991-01-01,1991-01-01,1991-01-01,12665.0,34.67488021902806,0.9306852819440055,1.6934976043805614,1.0,1.0,1.05,8.928571428571429,1.692857142857143,1.9610789678069505,1389.5,37829.5,0.0013895,0.00378295,0.00517245,0.010143582907033061,97.58449515965894,1428.0,34930.5,0.001428,0.00349305,0.00492105,0.009650567654526394,102.62084758101987,1357.0,35696.5,0.001357,0.00356965,0.00492665,0.009661549696746112,102.50306435175584,1302.5,28645.5,0.0013025,0.00286455,0.00416705,0.008171914112799954,121.37035120494782
SA001,178165,2723063000,35803045,54000,10,40,43.75,,0,0,20119006912.0,1,40-PFP-91,IQT903,178165,SA005,,B,490,520,P0,0.8,SS00201,PFP,1.6,3.25,0.6,1000000,1991-01-01,1991-01-01,1991-01-01,12665.0,34.67488021902806,0.9541854634062923,1.6934976043805614,1.0,1.0,1.05,9.846153846153847,2.0307692307692307,2.0673714127650924,1389.5,37829.5,0.0013895,0.00378295,0.00517245,0.010693375263956802,92.51584278264413,1428.0,34930.5,0.001428,0.00349305,0.00492105,0.010173638090787657,97.29325469180107,1357.0,35696.5,0.001357,0.00356965,0.00492665,0.010185215370699142,97.18152720430467,1302.5,28645.5,0.0013025,0.00286455,0.00416705,0.00861484004556278,115.07876579380799
SA001,110974,2723063000,35803045,54000,4,100,2.75,,0,0,20119006912.0,1,100-DTC-93,IQT903,110974,SA005,,B,490,520,P0,1.0,SS00201,DTC,1.0,6.0,1.0,1000000,1993-01-01,1993-01-01,1993-01-01,11934.0,32.6735112936345,1.0,1.6534702258726899,1.0,1.0,1.05,8.333333333333334,2.466666666666667,4.2824878850102674,1389.5,37829.5,0.0013895,0.00378295,0.00517245,0.02215095446082136,44.14478153836265,1428.0,34930.5,0.001428,0.00349305,0.00492105,0.021074337006529775,46.451077568426236,1357.0,35696.5,0.001357,0.00356965,0.00492665,0.021098318938685835,46.39714111375964,1302.5,28645.5,0.0013025,0.00286455,0.00416705,0.017845341141232037,55.037034657156475
SA001,107365,2723063000,35803045,54000,4,200,27.31,,0,0,20119006912.0,1,200-DTC-94,IQT903,107365,SA005,,B,490,520,P0,1.3,SS00201,DTC,1.0,6.3,1.0,1000000,1994-01-01,1994-01-01,1994-01-01,11569.0,31.67419575633128,1.0346573590279973,1.6334839151266256,1.0,1.0,1.05,15.873015873015873,3.9746031746031747,7.053334614522713,1389.5,37829.5,0.0013895,0.00378295,0.00517245,0.03648302062688801,26.410011090556445,1428.0,34930.5,0.001428,0.00349305,0.00492105,0.03470981230479699,27.810296962101326,1357.0,35696.5,0.001357,0.00356965,0.00492665,0.03474931097863833,27.777549017151347,1302.5,28645.5,0.0013025,0.00286455,0.00416705,0.029391598005446874,33.023328701443155
SA001,107364,2723063000,35803045,54000,13,25,15.26,,0,0,20119006912.0,1,25-STS-90,IQT903,107364,SA005,,B,490,520,P0,0.8,SS00201,STS,2.0,2.8,0.7,1000000,1990-01-01,1990-01-01,1990-01-01,13030.0,35.67419575633128,0.9306852819440055,1.7134839151266257,1.0,1.0,1.05,8.928571428571429,1.692857142857143,1.9842232188214046,1389.5,37829.5,0.0013895,0.00378295,0.00517245,0.010263295388192775,96.43459212432218,1428.0,34930.5,0.001428,0.00349305,0.00492105,0.009764461670981073,101.41219984219838,1357.0,35696.5,0.001357,0.00356965,0.00492665,0.009775573321006474,101.29579045263014,1302.5,28645.5,0.0013025,0.00286455,0.00416705,0.008268357363989735,119.94300669141246
SA001,38829,2723063000,35803045,54000,10,80,51.46,,0,0,20119006912.0,1,80-PFP-96,IQT903,38829,SA005,,B,490,520,P0,1.0,SS00201,PFP,1.6,4.5,0.6,1000000,1996-01-01,1996-01-01,1996-01-01,10839.0,29.675564681724847,0.9888428224342896,1.593511293634497,1.0,1.0,1.05,14.222222222222221,2.5777777777777775,2.558989101209806,1389.5,37829.5,0.0013895,0.00378295,0.00517245,0.013236243176552661,74.55013810651724,1428.0,34930.5,0.001428,0.00349305,0.00492105,0.012592913316508515,78.40974219913538,1357.0,35696.5,0.001357,0.00356965,0.00492665,0.012607243655475291,78.31947912862799,1302.5,28645.5,0.0013025,0.00286455,0.00416705,0.010663435534196321,92.77840723030803
SA001,246290,2723063000,35803045,54000,10,40,18.39,,0,0,20119006912.0,1,40-PFP-91,IQT903,246290,SA005,,B,490,520,P0,0.8,SS00201,PFP,1.6,3.25,0.6,1000000,1991-01-01,1991-01-01,1991-01-01,12665.0,34.67488021902806,0.9541854634062923,1.6934976043805614,1.0,1.0,1.05,9.846153846153847,2.0307692307692307,2.0673714127650924,1389.5,37829.5,0.0013895,0.00378295,0.00517245,0.010693375263956802,92.51584278264413,1428.0,34930.5,0.001428,0.00349305,0.00492105,0.010173638090787657,97.29325469180107,1357.0,35696.5,0.001357,0.00356965,0.00492665,0.010185215370699142,97.18152720430467,1302.5,28645.5,0.0013025,0.00286455,0.00416705,0.00861484004556278,115.07876579380799
SA001,3679,2723063000,35803045,54000,13,25,19.33,,0,0,20119006912.0,1,25-STS-95,IQT903,3679,SA005,,B,490,520,P0,0.8,SS00201,STS,2.0,2.8,0.7,1000000,1995-01-01,1995-01-01,1995-01-01,11204.0,30.67488021902806,0.9306852819440055,1.6134976043805613,1.0,1.0,1.05,8.928571428571429,1.692857142857143,1.8684385548422442,1389.5,37829.5,0.0013895,0.00378295,0.00517245,0.009664405002993766,102.47248482345552,1428.0,34930.5,0.001428,0.00349305,0.00492105,0.009194679550306424,107.7585483027164,1357.0,35696.5,0.001357,0.00356965,0.00492665,0.009205142806213543,107.63492517736849,1302.5,28645.5,0.0013025,0.00286455,0.00416705,0.007785876879955374,127.43768472302527
SA001,178160,2723063000,35803045,54000,13,25,18.87,,0,0,20119006912.0,1,25-STS-91,IQT903,178160,SA005,,B,490,520,P0,0.8,SS00201,STS,2.0,2.8,0.7,1000000,1991-01-01,1991-01-01,1991-01-01,12665.0,34.67488021902806,0.9306852819440055,1.6934976043805614,1.0,1.0,1.05,8.928571428571429,1.692857142857143,1.9610789678069505,1389.5,37829.5,0.0013895,0.00378295,0.00517245,0.010143582907033061,97.58449515965894,1428.0,34930.5,0.001428,0.00349305,0.00492105,0.009650567654526394,102.62084758101987,1357.0,35696.5,0.001357,0.00356965,0.00492665,0.009661549696746112,102.50306435175584,1302.5,28645.5,0.0013025,0.00286455,0.00416705,0.008171914112799954,121.37035120494782
SA001,245212,2723063000,35803045,54000,13,25,21.76,,0,0,20119006912.0,1,25-STS-88,IQT903,245212,SA005,,B,490,520,P0,0.8,SS00201,STS,2.0,2.8,0.7,1000000,1988-01-01,1988-01-01,1988-01-01,13761.0,37.67556468172484,0.9306852819440055,1.7535112936344968,1.0,1.0,1.05,8.928571428571429,1.692857142857143,2.030575129757202,1389.5,37829.5,0.0013895,0.00378295,0.00517245,0.010503048329912642,94.21045401190851,1428.0,34930.5,0.001428,0.00349305,0.00492105,0.009992561742291678,99.07443794594573,1357.0,35696.5,0.001357,0.00356965,0.00492665,0.01000393296301832,98.96068583193372,1302.5,28645.5,0.0013025,0.00286455,0.00416705,0.008461508094454749,117.18224231864177
SA001,193308,2723063000,35803045,54000,10,80,95.41,,0,0,20119006912.0,1,80-PFP-96,IQT903,193308,SA005,,B,490,520,P0,1.0,SS00201,PFP,1.6,4.5,0.6,1000000,1996-01-01,1996-01-01,1996-01-01,10839.0,29.675564681724847,0.9888428224342896,1.593511293634497,1.0,1.0,1.05,14.222222222222221,2.5777777777777775,2.558989101209806,1389.5,37829.5,0.0013895,0.00378295,0.00517245,0.013236243176552661,74.55013810651724,1428.0,34930.5,0.001428,0.00349305,0.00492105,0.012592913316508515,78.40974219913538,1357.0,35696.5,0.001357,0.00356965,0.00492665,0.012607243655475291,78.31947912862799,1302.5,28645.5,0.0013025,0.00286455,0.00416705,0.010663435534196321,92.77840723030803
SA001,4738,2723063000,35803045,54000,10,80,51.45,,0,0,20119006912.0,1,80-PFP-96,IQT903,4738,SA005,,B,490,520,P0,1.0,SS00201,PFP,1.6,4.5,0.6,1000000,1996-01-01,1996-01-01,1996-01-01,10839.0,29.675564681724847,0.9888428224342896,1.593511293634497,1.0,1.0,1.05,14.222222222222221,2.5777777777777775,2.558989101209806,1389.5,37829.5,0.0013895,0.00378295,0.00517245,0.013236243176552661,74.55013810651724,1428.0,34930.5,0.001428,0.00349305,0.00492105,0.012592913316508515,78.40974219913538,1357.0,35696.5,0.001357,0.00356965,0.00492665,0.012607243655475291,78.31947912862799,1302.5,28645.5,0.0013025,0.00286455,0.00416705,0.010663435534196321,92.77840723030803
SA001,177120,2723063000,35803045,54000,13,20,14.29,,0,0,20119006912.0,1,20-STS-88,IQT903,177120,SA005,,B,490,520,P0,0.8,SS00201,STS,2.0,2.1,0.7,1000000,1988-01-01,1988-01-01,1988-01-01,13761.0,37.67556468172484,0.919528104378295,1.7535112936344968,1.0,1.0,1.05,9.523809523809524,1.7523809523809524,2.076774955604059,1389.5,37829.5,0.0013895,0.00378295,0.00517245,0.010742014619114216,92.09240728648905,1428.0,34930.5,0.001428,0.00349305,0.00492105,0.010219913395275353,96.84818729112696,1357.0,35696.5,0.001357,0.00356965,0.00492665,0.010231543335026738,96.73696570062826,1302.5,28645.5,0.0013025,0.00286455,0.00416705,0.008654025078749895,114.55316640525078
SA001,238579,2723063000,35803045,54000,4,100,45.43,,0,0,20119006912.0,1,100-DTC-93,IQT903,238579,SA005,,B,490,520,P0,1.0,SS00201,DTC,1.0,6.0,1.0,1000000,1993-01-01,1993-01-01,1993-01-01,11934.0,32.6735112936345,1.0,1.6534702258726899,1.0,1.0,1.05,8.333333333333334,2.466666666666667,4.2824878850102674,1389.5,37829.5,0.0013895,0.00378295,0.00517245,0.02215095446082136,44.14478153836265,1428.0,34930.5,0.001428,0.00349305,0.00492105,0.021074337006529775,46.451077568426236,1357.0,35696.5,0.001357,0.00356965,0.00492665,0.021098318938685835,46.39714111375964,1302.5,28645.5,0.0013025,0.00286455,0.00416705,0.017845341141232037,55.037034657156475
SA001,209453,2723063000,35803045,54000,10,80,100.4,,0,0,20119006912.0,1,80-PFP-96,IQT903,209453,SA005,,B,490,520,P0,1.0,SS00201,PFP,1.6,4.5,0.6,1000000,1996-01-01,1996-01-01,1996-01-01,10839.0,29.675564681724847,0.9888428224342896,1.593511293634497,1.0,1.0,1.05,14.222222222222221,2.5777777777777775,2.558989101209806,1389.5,37829.5,0.0013895,0.00378295,0.00517245,0.013236243176552661,74.55013810651724,1428.0,34930.5,0.001428,0.00349305,0.00492105,0.012592913316508515,78.40974219913538,1357.0,35696.5,0.001357,0.00356965,0.00492665,0.012607243655475291,78.31947912862799,1302.5,28645.5,0.0013025,0.00286455,0.00416705,0.010663435534196321,92.77840723030803
SA001,177118,2723063000,35803045,54000,13,32,19.43,,0,0,20119009277.0,1,32-STS-91,IQT903,177118,SA005,,B,490,520,P0,0.8,SS00201,STS,2.0,2.8,0.7,1000000,1991-01-01,1991-01-01,1991-01-01,12665.0,34.67488021902806,0.9430282858405817,1.6934976043805614,1.0,1.0,1.05,11.428571428571429,1.942857142857143,2.2805390521099413,1389.5,37829.5,0.0013895,0.00378295,0.00517245,0.011795974220086066,83.77468510377126,1428.0,34930.5,0.001428,0.00349305,0.00492105,0.011222646702385626,88.10554047713428,1357.0,35696.5,0.001357,0.00356965,0.00492665,0.011235417721077444,88.00425643490031,1302.5,28645.5,0.0013025,0.00286455,0.00416705,0.009503120257094731,104.2285957607904
SA001,246347,2723063000,35803045,54000,13,25,14.89,,0,0,20119006912.0,1,25-STS-91,IQT903,246347,SA005,,B,470,520,P0,0.8,SS00201,STS,2.0,2.8,0.7,1000000,1991-01-01,1991-01-01,1991-01-01,12665.0,34.67488021902806,0.9306852819440055,1.6934976043805614,1.0,1.0,1.05,8.928571428571429,1.692857142857143,1.9610789678069505,1389.5,37829.5,0.0013895,0.00378295,0.00517245,0.010143582907033061,97.58449515965894,1428.0,34930.5,0.001428,0.00349305,0.00492105,0.009650567654526394,102.62084758101987,1357.0,35696.5,0.001357,0.00356965,0.00492665,0.009661549696746112,102.50306435175584,1302.5,28645.5,0.0013025,0.00286455,0.00416705,0.008171914112799954,121.37035120494782
SA001,142930,2723063100,35803045,54000,13,25,15.54,,0,0,20119006912.0,1,25-STS-94,IQT903,142930,SA005,,B,470,520,P0,0.8,SS00201,STS,2.0,2.8,0.7,1000000,1994-01-01,1994-01-01,1994-01-01,11569.0,31.67419575633128,0.9306852819440055,1.6334839151266256,1.0,1.0,1.05,8.928571428571429,1.692857142857143,1.8915828058566984,1389.5,37829.5,0.0013895,0.00378295,0.00517245,0.00978411748415348,101.2064587449626,1428.0,34930.5,0.001428,0.00349305,0.00492105,0.009308573566761106,106.42784518250818,1357.0,35696.5,0.001357,0.00356965,0.00492665,0.009319166430473903,106.30573463415949,1302.5,28645.5,0.0013025,0.00286455,0.00416705,0.007882320131145155,125.86619971811757
SA001,143982,2723063100,35803045,54000,10,50,65.96,,0,0,20119006912.0,1,50-PFP-92,IQT903,143982,SA005,,B,470,520,P0,0.8,SS00201,PFP,1.6,3.65,0.6,1000000,1992-01-01,1992-01-01,1992-01-01,12300.0,33.67556468172484,0.9653426409720027,1.673511293634497,1.0,1.0,1.05,10.95890410958904,2.16986301369863,2.2084267771573414,1389.5,37829.5,0.0013895,0.00378295,0.00517245,0.011422977083507492,86.54285268100566,1428.0,34930.5,0.001428,0.00349305,0.00492105,0.010867778591730133,91.0151244856012,1357.0,35696.5,0.001357,0.00356965,0.00492665,0.010880145781682216,90.91053319189871,1302.5,28645.5,0.0013025,0.00286455,0.00416705,0.0092026248017535,107.66464965619988
SA001,245471,2723063100,35803045,54000,4,80,50.47,,0,0,20119006912.0,1,80-DTC-94,IQT903,245471,SA005,,B,470,520,P0,1.0,SS00201,DTC,1.0,6.0,1.0,1000000,1994-01-01,1994-01-01,1994-01-01,11569.0,31.67419575633128,0.9888428224342896,1.6334839151266256,1.0,1.0,1.05,6.666666666666667,2.1333333333333337,3.6181798128780107,1389.5,37829.5,0.0013895,0.00378295,0.00517245,0.018714854173120868,52.433491426091145,1428.0,34930.5,0.001428,0.00349305,0.00492105,0.017805243768163333,55.16322994622798,1357.0,35696.5,0.001357,0.00356965,0.00492665,0.017825505575115454,55.0993906055606,1302.5,28645.5,0.0013025,0.00286455,0.00416705,0.015077136189253316,65.32559309988724
SA001,72217,2723063100,35803045,54000,13,20,15.64,,0,0,20119006912.0,1,20-STS-92,IQT903,72217,SA005,,B,470,520,P0,0.8,SS00201,STS,2.0,2.1,0.7,1000000,1992-01-01,1992-01-01,1992-01-01,12300.0,33.67556468172484,0.919528104378295,1.673511293634497,1.0,1.0,1.05,9.523809523809524,1.7523809523809524,1.9820267797289195,1389.5,37829.5,0.0013895,0.00378295,0.00517245,0.01025193441680885,96.54256702622108,1428.0,34930.5,0.001428,0.00349305,0.00492105,0.009753652884384999,101.52569082101935,1357.0,35696.5,0.001357,0.00356965,0.00492665,0.009764752234351482,101.4091524290902,1302.5,28645.5,0.0013025,0.00286455,0.00416705,0.008259204692469395,120.07703310850054
SA001,143976,2723063100,35803045,54000,10,80,120.3,,0,0,20119006912.0,1,80-PFP-95,IQT903,143976,SA005,,B,470,520,P0,1.0,SS00201,PFP,1.6,4.5,0.6,1000000,1995-01-01,1995-01-01,1995-01-01,11204.0,30.67488021902806,0.9888428224342896,1.6134976043805613,1.0,1.0,1.05,14.222222222222221,2.5777777777777775,2.591084732773181,1389.5,37829.5,0.0013895,0.00378295,0.00517245,0.013402256226032642,73.61430248271128,1428.0,34930.5,0.001428,0.00349305,0.00492105,0.012750857524213463,77.4260978605582,1357.0,35696.5,0.001357,0.00356965,0.00492665,0.012765367598716994,77.33695287400158,1302.5,28645.5,0.0013025,0.00286455,0.00416705,0.010797179635702486,91.6167789867412
SA001,211242,2723063000,35803045,54000,5,40,32.38,,0,0,20119006912.0,1,40-EPS-88,IQT903,211242,SA005,,B,470,520,P0,0.8,SS00201,EPS,1.6,3.2,1.0,1000000,1988-01-01,1988-01-01,1988-01-01,13761.0,37.67556468172484,0.9541854634062923,1.7535112936344968,1.0,1.0,1.05,10.0,2.05,3.6015091580210803,1389.5,37829.5,0.0013895,0.00378295,0.00517245,0.018628626044406137,52.68082421195433,1428.0,34930.5,0.001428,0.00349305,0.00492105,0.017723206642079638,55.42319813761762,1357.0,35696.5,0.001357,0.00356965,0.00492665,0.017743375093364558,55.35906329760043,1302.5,28645.5,0.0013025,0.00286455,0.00416705,0.015007668736931743,65.63260080755526
SA001,106612,2723063100,35803045,54000,13,25,17.86,,0,0,20119006912.0,1,25-STS-94,IQT903,106612,SA005,,B,470,520,P0,0.8,SS00201,STS,2.0,2.8,0.7,1000000,1994-01-01,1994-01-01,1994-01-01,11569.0,31.67419575633128,0.9306852819440055,1.6334839151266256,1.0,1.0,1.05,8.928571428571429,1.692857142857143,1.8915828058566984,1389.5,37829.5,0.0013895,0.00378295,0.00517245,0.00978411748415348,101.2064587449626,1428.0,34930.5,0.001428,0.00349305,0.00492105,0.009308573566761106,106.42784518250818,1357.0,35696.5,0.001357,0.00356965,0.00492665,0.009319166430473903,106.30573463415949,1302.5,28645.5,0.0013025,0.00286455,0.00416705,0.007882320131145155,125.86619971811757
SA001,3960,2723063100,35803045,54000,13,25,15.31,,0,0,20119006912.0,1,25-STS-92,IQT903,3960,SA005,,B,470,520,P0,0.8,SS00201,STS,2.0,2.8,0.7,1000000,1992-01-01,1992-01-01,1992-01-01,12300.0,33.67556468172484,0.9306852819440055,1.673511293634497,1.0,1.0,1.05,8.928571428571429,1.692857142857143,1.9379347167924958,1389.5,37829.5,0.0013895,0.00378295,0.00517245,0.010023870425873346,98.76186418160661,1428.0,34930.5,0.001428,0.00349305,0.00492105,0.00953667363807171,103.85836445192615,1357.0,35696.5,0.001357,0.00356965,0.00492665,0.00954752607248575,103.7391745681449,1302.5,28645.5,0.0013025,0.00286455,0.00416705,0.00807547086161017,122.8317885281317
SA001,452801,2723063100,35803045,54000,13,32,19.76,,0,0,20179008251.0,1,32-STS-17,IQT903,452801,SA005,,B,470,520,P0,0.8,SS00201,STS,2.0,2.8,0.7,1000000,2017-07-21,2017-07-21,2017-07-21,2967.0,8.123203285420944,0.9430282858405817,1.1624640657084189,1.0,1.0,1.05,11.428571428571429,1.942857142857143,1.565425715197413,1389.5,37829.5,0.0013895,0.00378295,0.00517245,0.008097086240572858,122.50121639920329,1428.0,34930.5,0.001428,0.00349305,0.00492105,0.0077035382157722284,128.81048084536005,1357.0,35696.5,0.001357,0.00356965,0.00492665,0.007712304599777335,128.66292851411384,1302.5,28645.5,0.0013025,0.00286455,0.00416705,0.00652320722651338,152.29882453151728
SA001,246292,2723063000,35803045,54000,10,40,23.16,,0,0,20119006912.0,1,40-PFP-93,IQT903,246292,SA005,,B,490,520,P0,0.8,SS00201,PFP,1.6,3.25,0.6,1000000,1993-01-01,1993-01-01,1993-01-01,11934.0,32.6735112936345,0.9541854634062923,1.6534702258726899,1.0,1.0,1.05,9.846153846153847,2.0307692307692307,2.018507181814279,1389.5,37829.5,0.0013895,0.00378295,0.00517245,0.010440627472575266,94.77968399186086,1428.0,34930.5,0.001428,0.00349305,0.00492105,0.009933174767067156,99.67274798339801,1357.0,35696.5,0.001357,0.00356965,0.00492665,0.009944478407285318,99.55831578531064,1302.5,28645.5,0.0013025,0.00286455,0.00416705,0.008411220351979191,117.88881258053075
SA001,143927,2723063000,35803045,54000,13,25,44.87,,0,0,20119006912.0,1,25-STS-92,IQT903,143927,SA005,,B,490,520,P0,0.8,SS00201,STS,2.0,2.8,0.7,1000000,1992-01-01,1992-01-01,1992-01-01,12300.0,33.67556468172484,0.9306852819440055,1.673511293634497,1.0,1.0,1.05,8.928571428571429,1.692857142857143,1.9379347167924958,1389.5,37829.5,0.0013895,0.00378295,0.00517245,0.010023870425873346,98.76186418160661,1428.0,34930.5,0.001428,0.00349305,0.00492105,0.00953667363807171,103.85836445192615,1357.0,35696.5,0.001357,0.00356965,0.00492665,0.00954752607248575,103.7391745681449,1302.5,28645.5,0.0013025,0.00286455,0.00416705,0.00807547086161017,122.8317885281317
SA001,199089,2723063000,35803045,54000,4,80,67.17,,0,0,20119006912.0,1,80-DTC-02,IQT903,199089,SA005,,B,490,520,P0,1.0,SS00201,DTC,1.0,6.0,1.0,1000000,2002-01-01,2002-01-01,2002-01-01,8647.0,23.67419575633128,0.9888428224342896,1.4734839151266255,1.0,1.0,1.05,6.666666666666667,2.1333333333333337,3.263778545317561,1389.5,37829.5,0.0013895,0.00378295,0.00517245,0.01688173133672782,58.235630519981356,1428.0,34930.5,0.001428,0.00349305,0.00492105,0.016061217410434984,61.26178093762054,1357.0,35696.5,0.001357,0.00356965,0.00492665,0.016079494570288764,61.19100952636731,1302.5,28645.5,0.0013025,0.00286455,0.00416705,0.013600328387265544,72.52763635739372
SA001,107368,2723063000,35803045,54000,4,100,145.35,,0,0,20119006912.0,1,100-DTC-93,IQT903,107368,SA005,,B,490,520,P0,1.0,SS00201,DTC,1.0,6.0,1.0,1000000,1993-01-01,1993-01-01,1993-01-01,11934.0,32.6735112936345,1.0,1.6534702258726899,1.0,1.0,1.05,8.333333333333334,2.466666666666667,4.2824878850102674,1389.5,37829.5,0.0013895,0.00378295,0.00517245,0.02215095446082136,44.14478153836265,1428.0,34930.5,0.001428,0.00349305,0.00492105,0.021074337006529775,46.451077568426236,1357.0,35696.5,0.001357,0.00356965,0.00492665,0.021098318938685835,46.39714111375964,1302.5,28645.5,0.0013025,0.00286455,0.00416705,0.017845341141232037,55.037034657156475
SA001,3680,2723063000,35803045,54000,13,25,17.92,,0,0,20119006912.0,1,25-STS-91,IQT903,3680,SA005,,B,490,520,P0,0.8,SS00201,STS,2.0,2.8,0.7,1000000,1991-01-01,1991-01-01,1991-01-01,12665.0,34.67488021902806,0.9306852819440055,1.6934976043805614,1.0,1.0,1.05,8.928571428571429,1.692857142857143,1.9610789678069505,1389.5,37829.5,0.0013895,0.00378295,0.00517245,0.010143582907033061,97.58449515965894,1428.0,34930.5,0.001428,0.00349305,0.00492105,0.009650567654526394,102.62084758101987,1357.0,35696.5,0.001357,0.00356965,0.00492665,0.009661549696746112,102.50306435175584,1302.5,28645.5,0.0013025,0.00286455,0.00416705,0.008171914112799954,121.37035120494782
SA001,244346,2723063000,35803045,54000,10,50,51.6,,0,0,20119006912.0,1,50-PFP-91,IQT903,244346,SA005,,B,490,520,P0,0.8,SS00201,PFP,1.6,3.65,0.6,1000000,1991-01-01,1991-01-01,1991-01-01,12665.0,34.67488021902806,0.9653426409720027,1.6934976043805614,1.0,1.0,1.05,10.95890410958904,2.16986301369863,2.2348014445982396,1389.5,37829.5,0.0013895,0.00378295,0.00517245,0.011559398732112165,85.50968992201874,1428.0,34930.5,0.001428,0.00349305,0.00492105,0.010997569648940166,89.92918089374136,1357.0,35696.5,0.001357,0.00356965,0.00492665,0.011010084537029917,89.82582396499566,1302.5,28645.5,0.0013025,0.00286455,0.00416705,0.009312529359713094,106.38221178943039
SA001,212292,2723063000,35803045,54000,13,25,11.04,,0,0,20119006912.0,1,25-STS-93,IQT903,212292,SA005,,B,490,520,P0,0.8,SS00201,STS,2.0,2.8,0.7,1000000,1993-01-01,1993-01-01,1993-01-01,11934.0,32.6735112936345,0.9306852819440055,1.6534702258726899,1.0,1.0,1.05,8.928571428571429,1.692857142857143,1.9147270568711527,1389.5,37829.5,0.0013895,0.00378295,0.00517245,0.009903829965313195,99.97103883067084,1428.0,34930.5,0.001428,0.00349305,0.00492105,0.009422467583215785,105.12931179315461,1357.0,35696.5,0.001357,0.00356965,0.00492665,0.009433190054734265,105.00867725527557,1302.5,28645.5,0.0013025,0.00286455,0.00416705,0.007978763382334938,124.33270534303725
SA001,212290,2723063000,35803045,54000,4,80,61.74,,0,0,20119006912.0,1,80-DTC-92,IQT903,212290,SA005,,B,490,520,P0,1.0,SS00201,DTC,1.0,6.0,1.0,1000000,1992-01-01,1992-01-01,1992-01-01,12300.0,33.67556468172484,0.9888428224342896,1.673511293634497,1.0,1.0,1.05,6.666666666666667,2.1333333333333337,3.7068407733799575,1389.5,37829.5,0.0013895,0.00378295,0.00517245,0.019173448558269163,51.15545846960942,1428.0,34930.5,0.001428,0.00349305,0.00492105,0.018241548787841438,53.819906556757466,1357.0,35696.5,0.001357,0.00356965,0.00492665,0.01826230709617237,53.75759413823414,1302.5,28645.5,0.0013025,0.00286455,0.00416705,0.015446590844712954,63.739204271878485
SA001,24850,2723063000,35803045,54000,4,80,56.56,,0,0,20119006912.0,1,80-DTC-02,IQT903,24850,SA005,,B,490,520,P0,1.0,SS00201,DTC,1.0,6.0,1.0,1000000,2002-01-01,2002-01-01,2002-01-01,8647.0,23.67419575633128,0.9888428224342896,1.4734839151266255,1.0,1.0,1.05,6.666666666666667,2.1333333333333337,3.263778545317561,1389.5,37829.5,0.0013895,0.00378295,0.00517245,0.01688173133672782,58.235630519981356,1428.0,34930.5,0.001428,0.00349305,0.00492105,0.016061217410434984,61.26178093762054,1357.0,35696.5,0.001357,0.00356965,0.00492665,0.016079494570288764,61.19100952636731,1302.5,28645.5,0.0013025,0.00286455,0.00416705,0.013600328387265544,72.52763635739372
SA001,246289,2723063000,35803045,54000,13,25,19.63,,0,0,20119006912.0,1,25-STS-92,IQT903,246289,SA005,,B,490,520,P0,0.8,SS00201,STS,2.0,2.8,0.7,1000000,1992-01-01,1992-01-01,1992-01-01,12300.0,33.67556468172484,0.9306852819440055,1.673511293634497,1.0,1.0,1.05,8.928571428571429,1.692857142857143,1.9379347167924958,1389.5,37829.5,0.0013895,0.00378295,0.00517245,0.010023870425873346,98.76186418160661,1428.0,34930.5,0.001428,0.00349305,0.00492105,0.00953667363807171,103.85836445192615,1357.0,35696.5,0.001357,0.00356965,0.00492665,0.00954752607248575,103.7391745681449,1302.5,28645.5,0.0013025,0.00286455,0.00416705,0.00807547086161017,122.8317885281317
SA001,106337,2723063000,35803045,54000,13,20,19.89,,0,0,20119006912.0,1,20-STS-90,IQT903,106337,SA005,,B,490,520,P0,0.8,SS00201,STS,2.0,2.1,0.7,1000000,1990-01-01,1990-01-01,1990-01-01,13030.0,35.67419575633128,0.919528104378295,1.7134839151266257,1.0,1.0,1.05,9.523809523809524,1.7523809523809524,2.0293684418705022,1389.5,37829.5,0.0013895,0.00378295,0.00517245,0.01049680679715308,94.26706734006171,1428.0,34930.5,0.001428,0.00349305,0.00492105,0.009986623570866835,99.13394345985151,1357.0,35696.5,0.001357,0.00356965,0.00492665,0.00999798803414131,99.02012370740812,1302.5,28645.5,0.0013025,0.00286455,0.00416705,0.008456479765696476,117.25251495976823
SA001,142911,2723063000,35803045,54000,13,25,19.45,,0,0,20119006912.0,1,25-STS-91,IQT903,142911,SA005,,B,490,520,P0,0.8,SS00201,STS,2.0,2.8,0.7,1000000,1991-01-01,1991-01-01,1991-01-01,12665.0,34.67488021902806,0.9306852819440055,1.6934976043805614,1.0,1.0,1.05,8.928571428571429,1.692857142857143,1.9610789678069505,1389.5,37829.5,0.0013895,0.00378295,0.00517245,0.010143582907033061,97.58449515965894,1428.0,34930.5,0.001428,0.00349305,0.00492105,0.009650567654526394,102.62084758101987,1357.0,35696.5,0.001357,0.00356965,0.00492665,0.009661549696746112,102.50306435175584,1302.5,28645.5,0.0013025,0.00286455,0.00416705,0.008171914112799954,121.37035120494782
SA001,73276,2723063000,35803045,54000,13,25,22.7,,0,0,20119006912.0,1,25-STS-91,IQT903,73276,SA005,,B,490,520,P0,0.8,SS00201,STS,2.0,2.8,0.7,1000000,1991-01-01,1991-01-01,1991-01-01,12665.0,34.67488021902806,0.9306852819440055,1.6934976043805614,1.0,1.0,1.05,8.928571428571429,1.692857142857143,1.9610789678069505,1389.5,37829.5,0.0013895,0.00378295,0.00517245,0.010143582907033061,97.58449515965894,1428.0,34930.5,0.001428,0.00349305,0.00492105,0.009650567654526394,102.62084758101987,1357.0,35696.5,0.001357,0.00356965,0.00492665,0.009661549696746112,102.50306435175584,1302.5,28645.5,0.0013025,0.00286455,0.00416705,0.008171914112799954,121.37035120494782
SA001,146525,2723063000,35803045,54000,10,50,3.84,,0,0,20119006912.0,1,50-PFP-02,IQT903,146525,SA005,,B,490,520,P0,0.8,SS00201,PFP,1.6,3.65,0.6,1000000,2002-01-01,2002-01-01,2002-01-01,8647.0,23.67419575633128,0.9653426409720027,1.4734839151266255,1.0,1.0,1.05,10.95890410958904,2.16986301369863,1.9444633246598113,1389.5,37829.5,0.0013895,0.00378295,0.00517245,0.010057639323636642,98.42691001554229,1428.0,34930.5,0.001428,0.00349305,0.00492105,0.009568801243817164,103.50629859682216,1357.0,35696.5,0.001357,0.00356965,0.00492665,0.00957969023843526,103.38750889750474,1302.5,28645.5,0.0013025,0.00286455,0.00416705,0.008102675897023667,122.41601869665392
SA001,42328,2723063000,35803045,54000,4,80,9.78,,0,0,20119006912.0,1,80-DTC-02,IQT903,42328,SA005,,B,490,520,P0,1.0,SS00201,DTC,1.0,6.0,1.0,1000000,2002-01-01,2002-01-01,2002-01-01,8647.0,23.67419575633128,0.9888428224342896,1.4734839151266255,1.0,1.0,1.05,6.666666666666667,2.1333333333333337,3.263778545317561,1389.5,37829.5,0.0013895,0.00378295,0.00517245,0.01688173133672782,58.235630519981356,1428.0,34930.5,0.001428,0.00349305,0.00492105,0.016061217410434984,61.26178093762054,1357.0,35696.5,0.001357,0.00356965,0.00492665,0.016079494570288764,61.19100952636731,1302.5,28645.5,0.0013025,0.00286455,0.00416705,0.013600328387265544,72.52763635739372
SA001,73316,2723063100,35803045,54000,13,25,17.37,,0,0,20119006912.0,1,25-STS-91,IQT903,73316,SA005,,B,470,520,P0,0.8,SS00201,STS,2.0,2.8,0.7,1000000,1991-01-01,1991-01-01,1991-01-01,12665.0,34.67488021902806,0.9306852819440055,1.6934976043805614,1.0,1.0,1.05,8.928571428571429,1.692857142857143,1.9610789678069505,1389.5,37829.5,0.0013895,0.00378295,0.00517245,0.010143582907033061,97.58449515965894,1428.0,34930.5,0.001428,0.00349305,0.00492105,0.009650567654526394,102.62084758101987,1357.0,35696.5,0.001357,0.00356965,0.00492665,0.009661549696746112,102.50306435175584,1302.5,28645.5,0.0013025,0.00286455,0.00416705,0.008171914112799954,121.37035120494782
SA001,178219,2723063100,35803045,54000,13,25,17.46,,0,0,20119006912.0,1,25-STS-91,IQT903,178219,SA005,,B,470,520,P0,0.8,SS00201,STS,2.0,2.8,0.7,1000000,1991-01-01,1991-01-01,1991-01-01,12665.0,34.67488021902806,0.9306852819440055,1.6934976043805614,1.0,1.0,1.05,8.928571428571429,1.692857142857143,1.9610789678069505,1389.5,37829.5,0.0013895,0.00378295,0.00517245,0.010143582907033061,97.58449515965894,1428.0,34930.5,0.001428,0.00349305,0.00492105,0.009650567654526394,102.62084758101987,1357.0,35696.5,0.001357,0.00356965,0.00492665,0.009661549696746112,102.50306435175584,1302.5,28645.5,0.0013025,0.00286455,0.00416705,0.008171914112799954,121.37035120494782
SA001,143984,2723063100,35803045,54000,13,25,30.14,,0,0,20119006912.0,1,25-STS-91,IQT903,143984,SA005,,B,470,520,P0,0.8,SS00201,STS,2.0,2.8,0.7,1000000,1991-01-01,1991-01-01,1991-01-01,12665.0,34.67488021902806,0.9306852819440055,1.6934976043805614,1.0,1.0,1.05,8.928571428571429,1.692857142857143,1.9610789678069505,1389.5,37829.5,0.0013895,0.00378295,0.00517245,0.010143582907033061,97.58449515965894,1428.0,34930.5,0.001428,0.00349305,0.00492105,0.009650567654526394,102.62084758101987,1357.0,35696.5,0.001357,0.00356965,0.00492665,0.009661549696746112,102.50306435175584,1302.5,28645.5,0.0013025,0.00286455,0.00416705,0.008171914112799954,121.37035120494782
SA001,106359,2723063100,35803045,54000,13,25,15.25,,0,0,20119006912.0,1,25-STS-88,IQT903,106359,SA005,,B,470,520,P0,0.8,SS00201,STS,2.0,2.8,0.7,1000000,1988-01-01,1988-01-01,1988-01-01,13761.0,37.67556468172484,0.9306852819440055,1.7535112936344968,1.0,1.0,1.05,8.928571428571429,1.692857142857143,2.030575129757202,1389.5,37829.5,0.0013895,0.00378295,0.00517245,0.010503048329912642,94.21045401190851,1428.0,34930.5,0.001428,0.00349305,0.00492105,0.009992561742291678,99.07443794594573,1357.0,35696.5,0.001357,0.00356965,0.00492665,0.01000393296301832,98.96068583193372,1302.5,28645.5,0.0013025,0.00286455,0.00416705,0.008461508094454749,117.18224231864177
SA001,106606,2723063100,35803045,54000,4,80,139.56,,0,0,20119006912.0,1,80-DTC-88,IQT903,106606,SA005,,B,470,520,P0,1.0,SS00201,DTC,1.0,6.0,1.0,1000000,1988-01-01,1988-01-01,1988-01-01,13761.0,37.67556468172484,0.9888428224342896,1.7535112936344968,1.0,1.0,1.05,6.666666666666667,2.1333333333333337,3.884041407160182,1389.5,37829.5,0.0013895,0.00378295,0.00517245,0.020090009976465685,48.77598324597368,1428.0,34930.5,0.001428,0.00349305,0.00492105,0.019113561966705613,51.318871895354974,1357.0,35696.5,0.001357,0.00356965,0.00492665,0.01913531259858571,51.25940234046189,1302.5,28645.5,0.0013025,0.00286455,0.00416705,0.016184994745706838,60.78562401234363
SA001,246349,2723063000,35803045,54000,13,25,17.38,,0,0,20119006912.0,1,25-STS-91,IQT903,246349,SA005,,B,470,520,P0,0.8,SS00201,STS,2.0,2.8,0.7,1000000,1991-01-01,1991-01-01,1991-01-01,12665.0,34.67488021902806,0.9306852819440055,1.6934976043805614,1.0,1.0,1.05,8.928571428571429,1.692857142857143,1.9610789678069505,1389.5,37829.5,0.0013895,0.00378295,0.00517245,0.010143582907033061,97.58449515965894,1428.0,34930.5,0.001428,0.00349305,0.00492105,0.009650567654526394,102.62084758101987,1357.0,35696.5,0.001357,0.00356965,0.00492665,0.009661549696746112,102.50306435175584,1302.5,28645.5,0.0013025,0.00286455,0.00416705,0.008171914112799954,121.37035120494782
SA001,246348,2723063100,35803045,54000,13,25,16.33,,0,0,20119006912.0,1,25-STS-91,IQT903,246348,SA005,,B,470,520,P0,0.8,SS00201,STS,2.0,2.8,0.7,1000000,1991-01-01,1991-01-01,1991-01-01,12665.0,34.67488021902806,0.9306852819440055,1.6934976043805614,1.0,1.0,1.05,8.928571428571429,1.692857142857143,1.9610789678069505,1389.5,37829.5,0.0013895,0.00378295,0.00517245,0.010143582907033061,97.58449515965894,1428.0,34930.5,0.001428,0.00349305,0.00492105,0.009650567654526394,102.62084758101987,1357.0,35696.5,0.001357,0.00356965,0.00492665,0.009661549696746112,102.50306435175584,1302.5,28645.5,0.0013025,0.00286455,0.00416705,0.008171914112799954,121.37035120494782
SA001,38878,2723063100,35803045,54000,13,25,14.4,,0,0,20119006912.0,1,25-STS-91,IQT903,38878,SA005,,B,470,520,P0,0.8,SS00201,STS,2.0,2.8,0.7,1000000,1991-01-01,1991-01-01,1991-01-01,12665.0,34.67488021902806,0.9306852819440055,1.6934976043805614,1.0,1.0,1.05,8.928571428571429,1.692857142857143,1.9610789678069505,1389.5,37829.5,0.0013895,0.00378295,0.00517245,0.010143582907033061,97.58449515965894,1428.0,34930.5,0.001428,0.00349305,0.00492105,0.009650567654526394,102.62084758101987,1357.0,35696.5,0.001357,0.00356965,0.00492665,0.009661549696746112,102.50306435175584,1302.5,28645.5,0.0013025,0.00286455,0.00416705,0.008171914112799954,121.37035120494782
SA001,178164,2723063000,35803045,54000,13,25,10.95,,0,0,20119006912.0,1,25-STS-98,IQT903,178164,SA005,,B,490,520,P0,0.8,SS00201,STS,2.0,2.8,0.7,1000000,1998-01-01,1998-01-01,1998-01-01,10108.0,27.67419575633128,0.9306852819440055,1.5534839151266255,1.0,1.0,1.05,8.928571428571429,1.692857142857143,1.798942392891992,1389.5,37829.5,0.0013895,0.00378295,0.00517245,0.009304939580114186,106.46980046352203,1428.0,34930.5,0.001428,0.00349305,0.00492105,0.008852685462541136,111.96007344114462,1357.0,35696.5,0.001357,0.00356965,0.00492665,0.008862759539941333,111.8316745471151,1302.5,28645.5,0.0013025,0.00286455,0.00416705,0.007496282898300576,132.3994479086031
SA001,72232,2723063100,35803045,54000,13,25,11.98,,0,0,20119006912.0,1,25-STS-99,IQT903,72232,SA005,,B,470,520,P0,0.8,SS00201,STS,2.0,2.8,0.7,1000000,1999-01-01,1999-01-01,1999-01-01,9743.0,26.67488021902806,0.9306852819440055,1.5334976043805613,1.0,1.0,1.05,8.928571428571429,1.692857142857143,1.775798141877538,1389.5,37829.5,0.0013895,0.00378295,0.00517245,0.009185227098954472,107.87047094500551,1428.0,34930.5,0.001428,0.00349305,0.00492105,0.008738791446086457,113.4322994969557,1357.0,35696.5,0.001357,0.00356965,0.00492665,0.008748735915680973,113.30222716034095,1302.5,28645.5,0.0013025,0.00286455,0.00416705,0.007399839647110795,134.138063483638
SA001,407188,2723063100,35803045,54000,4,200,93.94,,0,0,20079004593.0,1,200-DTC-07,IQT903,407188,SA004,,B,470,520,P0,1.3,SS00201,DTC,1.0,6.3,1.0,1000000,2007-07-06,2007-07-06,2007-07-06,6635.0,18.16563997262149,1.0346573590279973,1.36331279945243,1.0,1.0,1.05,15.873015873015873,3.9746031746031747,5.886743830014558,1389.5,37829.5,0.0013895,0.00378295,0.00517245,0.0304488881235588,31.84192171294044,1428.0,34930.5,0.001428,0.00349305,0.00492105,0.028968960724693137,33.51970574655791,1357.0,35696.5,0.001357,0.00356965,0.00492665,0.029001926490141224,33.480468059248935,1302.5,28645.5,0.0013025,0.00286455,0.00416705,0.024530355876862163,39.76581705621454
SA001,407187,2723063100,35803045,54000,4,200,91.38,,0,0,20079004593.0,1,200-DTC-07,IQT903,407187,SA004,,B,470,520,P0,1.3,SS00201,DTC,1.0,6.3,1.0,1000000,2007-07-06,2007-07-06,2007-07-06,6635.0,18.16563997262149,1.0346573590279973,1.36331279945243,1.0,1.0,1.05,15.873015873015873,3.9746031746031747,5.886743830014558,1389.5,37829.5,0.0013895,0.00378295,0.00517245,0.0304488881235588,31.84192171294044,1428.0,34930.5,0.001428,0.00349305,0.00492105,0.028968960724693137,33.51970574655791,1357.0,35696.5,0.001357,0.00356965,0.00492665,0.029001926490141224,33.480468059248935,1302.5,28645.5,0.0013025,0.00286455,0.00416705,0.024530355876862163,39.76581705621454
SA001,407189,2723063100,35803045,54000,4,200,13.41,,0,0,20079004593.0,1,200-DTC-07,IQT903,407189,SA004,,B,470,520,P0,1.3,SS00201,DTC,1.0,6.3,1.0,1000000,2007-07-06,2007-07-06,2007-07-06,6635.0,18.16563997262149,1.0346573590279973,1.36331279945243,1.0,1.0,1.05,15.873015873015873,3.9746031746031747,5.886743830014558,1389.5,37829.5,0.0013895,0.00378295,0.00517245,0.0304488881235588,31.84192171294044,1428.0,34930.5,0.001428,0.00349305,0.00492105,0.028968960724693137,33.51970574655791,1357.0,35696.5,0.001357,0.00356965,0.00492665,0.029001926490141224,33.480468059248935,1302.5,28645.5,0.0013025,0.00286455,0.00416705,0.024530355876862163,39.76581705621454
SA001,42449,2723063000,35803045,54000,4,80,96.38,,0,0,20119006912.0,1,80-DTC-02,IQT903,42449,SA005,,B,490,520,P0,1.0,SS00201,DTC,1.0,6.0,1.0,1000000,2002-01-01,2002-01-01,2002-01-01,8647.0,23.67419575633128,0.9888428224342896,1.4734839151266255,1.0,1.0,1.05,6.666666666666667,2.1333333333333337,3.263778545317561,1389.5,37829.5,0.0013895,0.00378295,0.00517245,0.01688173133672782,58.235630519981356,1428.0,34930.5,0.001428,0.00349305,0.00492105,0.016061217410434984,61.26178093762054,1357.0,35696.5,0.001357,0.00356965,0.00492665,0.016079494570288764,61.19100952636731,1302.5,28645.5,0.0013025,0.00286455,0.00416705,0.013600328387265544,72.52763635739372
SA001,42329,2723063000,35803045,54000,10,80,3.8,,0,0,20119006912.0,1,80-PFP-96,IQT903,42329,SA005,,B,490,520,P0,1.0,SS00201,PFP,1.6,4.5,0.6,1000000,1996-01-01,1996-01-01,1996-01-01,10839.0,29.675564681724847,0.9888428224342896,1.593511293634497,1.0,1.0,1.05,14.222222222222221,2.5777777777777775,2.558989101209806,1389.5,37829.5,0.0013895,0.00378295,0.00517245,0.013236243176552661,74.55013810651724,1428.0,34930.5,0.001428,0.00349305,0.00492105,0.012592913316508515,78.40974219913538,1357.0,35696.5,0.001357,0.00356965,0.00492665,0.012607243655475291,78.31947912862799,1302.5,28645.5,0.0013025,0.00286455,0.00416705,0.010663435534196321,92.77840723030803
SA001,411654,2723063000,35803045,54000,13,20,3.63,,0,0,20119006912.0,1,20-STS-92,IQT903,411654,SA005,,B,490,520,P0,0.8,SS00201,STS,2.0,2.1,0.7,1000000,1992-01-01,1992-01-01,1992-01-01,12300.0,33.67556468172484,0.919528104378295,1.673511293634497,1.0,1.0,1.05,9.523809523809524,1.7523809523809524,1.9820267797289195,1389.5,37829.5,0.0013895,0.00378295,0.00517245,0.01025193441680885,96.54256702622108,1428.0,34930.5,0.001428,0.00349305,0.00492105,0.009753652884384999,101.52569082101935,1357.0,35696.5,0.001357,0.00356965,0.00492665,0.009764752234351482,101.4091524290902,1302.5,28645.5,0.0013025,0.00286455,0.00416705,0.008259204692469395,120.07703310850054
SA001,419196,2723063100,35803045,54000,4,80,11.67,,0,0,20119006912.0,1,80-DTC-92,IQT903,419196,SA005,,B,470,520,P0,1.0,SS00201,DTC,1.0,6.0,1.0,1000000,1992-01-01,1992-01-01,1992-01-01,12300.0,33.67556468172484,0.9888428224342896,1.673511293634497,1.0,1.0,1.05,6.666666666666667,2.1333333333333337,3.7068407733799575,1389.5,37829.5,0.0013895,0.00378295,0.00517245,0.019173448558269163,51.15545846960942,1428.0,34930.5,0.001428,0.00349305,0.00492105,0.018241548787841438,53.819906556757466,1357.0,35696.5,0.001357,0.00356965,0.00492665,0.01826230709617237,53.75759413823414,1302.5,28645.5,0.0013025,0.00286455,0.00416705,0.015446590844712954,63.739204271878485
SA001,143086,2723063000,35803045,54000,13,20,15.86,,0,0,20119006912.0,1,20-STS-93,IQT903,143086,SA005,,B,480,520,P0,0.8,SS00201,STS,2.0,2.1,0.7,1000000,1993-01-01,1993-01-01,1993-01-01,11934.0,32.6735112936345,0.919528104378295,1.6534702258726899,1.0,1.0,1.05,9.523809523809524,1.7523809523809524,1.9582910970661536,1389.5,37829.5,0.0013895,0.00378295,0.00517245,0.010129162785019826,97.72484243998086,1428.0,34930.5,0.001428,0.00349305,0.00492105,0.009636848403217395,102.76836473489986,1357.0,35696.5,0.001357,0.00356965,0.00492665,0.009647814833360966,102.6504138265716,1302.5,28645.5,0.0013025,0.00286455,0.00416705,0.008160296916029515,121.54456060730709
SA001,245427,2723063000,35803045,54000,4,80,119.96,,0,0,20119006912.0,1,80-DTC-91,IQT903,245427,SA005,,B,480,520,P0,1.0,SS00201,DTC,1.0,6.0,1.0,1000000,1991-01-01,1991-01-01,1991-01-01,12665.0,34.67488021902806,0.9888428224342896,1.6934976043805614,1.0,1.0,1.05,6.666666666666667,2.1333333333333337,3.751110610019097,1389.5,37829.5,0.0013895,0.00378295,0.00517245,0.01940243207479328,50.53993046568387,1428.0,34930.5,0.001428,0.00349305,0.00492105,0.018459402867434478,53.172933283999654,1357.0,35696.5,0.001357,0.00356965,0.00492665,0.018480409086850585,53.11135626383577,1302.5,28645.5,0.0013025,0.00286455,0.00416705,0.01563106546748008,62.97516548570968
SA001,72432,2723063000,35803045,54000,4,80,116.32,,0,0,20119006912.0,1,80-DTC-93,IQT903,72432,SA005,,B,480,520,P0,1.0,SS00201,DTC,1.0,6.0,1.0,1000000,1993-01-01,1993-01-01,1993-01-01,11934.0,32.6735112936345,0.9888428224342896,1.6534702258726899,1.0,1.0,1.05,6.666666666666667,2.1333333333333337,3.6624496495171504,1389.5,37829.5,0.0013895,0.00378295,0.00517245,0.018943837689644985,51.78761444132392,1428.0,34930.5,0.001428,0.00349305,0.00492105,0.01802309784775637,54.484357264613436,1357.0,35696.5,0.001357,0.00356965,0.00492665,0.01804360756579367,54.42128958156677,1302.5,28645.5,0.0013025,0.00286455,0.00416705,0.015261610812020442,64.52388291885768
SA001,106356,2723063000,35803045,54000,10,40,17.35,,0,0,20119006912.0,1,40-PFP-94,IQT903,106356,SA005,,B,480,520,P0,0.8,SS00201,PFP,1.6,3.25,0.6,1000000,1994-01-01,1994-01-01,1994-01-01,11569.0,31.67419575633128,0.9541854634062923,1.6334839151266256,1.0,1.0,1.05,9.846153846153847,2.0307692307692307,1.9941084892054595,1389.5,37829.5,0.0013895,0.00378295,0.00517245,0.01031442645499078,95.95158566147282,1428.0,34930.5,0.001428,0.00349305,0.00492105,0.009813107580804526,100.90451819320778,1357.0,35696.5,0.001357,0.00356965,0.00492665,0.009824274588344077,100.78868587268937,1302.5,28645.5,0.0013025,0.00286455,0.00416705,0.00830954977994361,119.34346342248955
SA001,246346,2723063100,35803045,54000,4,80,137.65,,0,0,20119006912.0,1,80-DTC-93,IQT903,246346,SA005,,B,470,520,P0,1.0,SS00201,DTC,1.0,6.0,1.0,1000000,1993-01-01,1993-01-01,1993-01-01,11934.0,32.6735112936345,0.9888428224342896,1.6534702258726899,1.0,1.0,1.05,6.666666666666667,2.1333333333333337,3.6624496495171504,1389.5,37829.5,0.0013895,0.00378295,0.00517245,0.018943837689644985,51.78761444132392,1428.0,34930.5,0.001428,0.00349305,0.00492105,0.01802309784775637,54.484357264613436,1357.0,35696.5,0.001357,0.00356965,0.00492665,0.01804360756579367,54.42128958156677,1302.5,28645.5,0.0013025,0.00286455,0.00416705,0.015261610812020442,64.52388291885768
SA001,246350,2723063100,35803045,54000,4,80,127.93,,0,0,20119006912.0,1,80-DTC-92,IQT903,246350,SA005,,B,470,520,P0,1.0,SS00201,DTC,1.0,6.0,1.0,1000000,1992-01-01,1992-01-01,1992-01-01,12300.0,33.67556468172484,0.9888428224342896,1.673511293634497,1.0,1.0,1.05,6.666666666666667,2.1333333333333337,3.7068407733799575,1389.5,37829.5,0.0013895,0.00378295,0.00517245,0.019173448558269163,51.15545846960942,1428.0,34930.5,0.001428,0.00349305,0.00492105,0.018241548787841438,53.819906556757466,1357.0,35696.5,0.001357,0.00356965,0.00492665,0.01826230709617237,53.75759413823414,1302.5,28645.5,0.0013025,0.00286455,0.00416705,0.015446590844712954,63.739204271878485
SA001,106339,2723063100,35803045,54000,13,20,13.51,,0,0,20119006912.0,1,20-STS-92,IQT903,106339,SA005,,B,470,520,P0,0.8,SS00201,STS,2.0,2.1,0.7,1000000,1992-01-01,1992-01-01,1992-01-01,12300.0,33.67556468172484,0.919528104378295,1.673511293634497,1.0,1.0,1.05,9.523809523809524,1.7523809523809524,1.9820267797289195,1389.5,37829.5,0.0013895,0.00378295,0.00517245,0.01025193441680885,96.54256702622108,1428.0,34930.5,0.001428,0.00349305,0.00492105,0.009753652884384999,101.52569082101935,1357.0,35696.5,0.001357,0.00356965,0.00492665,0.009764752234351482,101.4091524290902,1302.5,28645.5,0.0013025,0.00286455,0.00416705,0.008259204692469395,120.07703310850054
SA001,107417,2723063100,35803045,54000,4,80,145.94,,0,0,20119006912.0,1,80-DTC-92,IQT903,107417,SA005,,B,470,520,P0,1.0,SS00201,DTC,1.0,6.0,1.0,1000000,1992-01-01,1992-01-01,1992-01-01,12300.0,33.67556468172484,0.9888428224342896,1.673511293634497,1.0,1.0,1.05,6.666666666666667,2.1333333333333337,3.7068407733799575,1389.5,37829.5,0.0013895,0.00378295,0.00517245,0.019173448558269163,51.15545846960942,1428.0,34930.5,0.001428,0.00349305,0.00492105,0.018241548787841438,53.819906556757466,1357.0,35696.5,0.001357,0.00356965,0.00492665,0.01826230709617237,53.75759413823414,1302.5,28645.5,0.0013025,0.00286455,0.00416705,0.015446590844712954,63.739204271878485
SA001,143985,2723063100,35803045,54000,4,80,59.35,,0,0,20119006912.0,1,80-DTC-92,IQT903,143985,SA005,,B,470,520,P0,1.0,SS00201,DTC,1.0,6.0,1.0,1000000,1992-01-01,1992-01-01,1992-01-01,12300.0,33.67556468172484,0.9888428224342896,1.673511293634497,1.0,1.0,1.05,6.666666666666667,2.1333333333333337,3.7068407733799575,1389.5,37829.5,0.0013895,0.00378295,0.00517245,0.019173448558269163,51.15545846960942,1428.0,34930.5,0.001428,0.00349305,0.00492105,0.018241548787841438,53.819906556757466,1357.0,35696.5,0.001357,0.00356965,0.00492665,0.01826230709617237,53.75759413823414,1302.5,28645.5,0.0013025,0.00286455,0.00416705,0.015446590844712954,63.739204271878485
SA001,212344,2723063100,35803045,54000,4,80,137.77,,0,0,20119006912.0,1,80-DTC-92,IQT903,212344,SA005,,B,470,520,P0,1.0,SS00201,DTC,1.0,6.0,1.0,1000000,1992-01-01,1992-01-01,1992-01-01,12300.0,33.67556468172484,0.9888428224342896,1.673511293634497,1.0,1.0,1.05,6.666666666666667,2.1333333333333337,3.7068407733799575,1389.5,37829.5,0.0013895,0.00378295,0.00517245,0.019173448558269163,51.15545846960942,1428.0,34930.5,0.001428,0.00349305,0.00492105,0.018241548787841438,53.819906556757466,1357.0,35696.5,0.001357,0.00356965,0.00492665,0.01826230709617237,53.75759413823414,1302.5,28645.5,0.0013025,0.00286455,0.00416705,0.015446590844712954,63.739204271878485
SA001,178217,2723063100,35803045,54000,10,80,148.56,,0,0,20119006912.0,1,80-PFP-95,IQT903,178217,SA005,,B,470,520,P0,1.0,SS00201,PFP,1.6,4.5,0.6,1000000,1995-01-01,1995-01-01,1995-01-01,11204.0,30.67488021902806,0.9888428224342896,1.6134976043805613,1.0,1.0,1.05,14.222222222222221,2.5777777777777775,2.591084732773181,1389.5,37829.5,0.0013895,0.00378295,0.00517245,0.013402256226032642,73.61430248271128,1428.0,34930.5,0.001428,0.00349305,0.00492105,0.012750857524213463,77.4260978605582,1357.0,35696.5,0.001357,0.00356965,0.00492665,0.012765367598716994,77.33695287400158,1302.5,28645.5,0.0013025,0.00286455,0.00416705,0.010797179635702486,91.6167789867412
SA001,106338,2723063100,35803045,54000,13,20,11.64,,0,0,20119006912.0,1,20-STS-89,IQT903,106338,SA005,,B,470,520,P0,0.8,SS00201,STS,2.0,2.1,0.7,1000000,1989-01-01,1989-01-01,1989-01-01,13395.0,36.6735112936345,0.919528104378295,1.73347022587269,1.0,1.0,1.05,9.523809523809524,1.7523809523809524,2.053039272941293,1389.5,37829.5,0.0013895,0.00378295,0.00517245,0.010619242987325193,93.16867108075121,1428.0,34930.5,0.001428,0.00349305,0.00492105,0.01010310891410775,97.97943380612504,1357.0,35696.5,0.001357,0.00356965,0.00492665,0.010114605934036222,97.86692635596839,1302.5,28645.5,0.0013025,0.00286455,0.00416705,0.008555117302310017,115.88910445798145
SA001,143184,2723063100,35803045,54000,10,100,107.38,,0,0,20119006912.0,1,100-PFP-95,IQT903,143184,SA005,,B,470,520,P0,1.0,SS00201,PFP,1.6,4.9,0.6,1000000,1995-01-01,1995-01-01,1995-01-01,11204.0,30.67488021902806,1.0,1.6134976043805613,1.0,1.0,1.05,16.3265306122449,2.8408163265306126,2.887699712525668,1389.5,37829.5,0.0013895,0.00378295,0.00517245,0.014936482378053392,65.95016769606538,1428.0,34930.5,0.001428,0.00349305,0.00492105,0.014210514670324437,69.3704280386327,1357.0,35696.5,0.001357,0.00356965,0.00492665,0.014226685788714583,69.29043973075282,1302.5,28645.5,0.0013025,0.00286455,0.00416705,0.012033189087080084,82.10348925487177
SA001,38043,2723063100,35803045,54000,10,50,29.6,,0,0,20119006912.0,1,50-PFP-95,IQT903,38043,SA005,,B,470,520,P0,0.8,SS00201,PFP,1.6,3.65,0.6,1000000,1995-01-01,1995-01-01,1995-01-01,11204.0,30.67488021902806,0.9653426409720027,1.6134976043805613,1.0,1.0,1.05,10.95890410958904,2.16986301369863,2.1292305154717974,1389.5,37829.5,0.0013895,0.00378295,0.00517245,0.011013338379752099,89.79898987199822,1428.0,34930.5,0.001428,0.00349305,0.00492105,0.010478049828162488,94.43760684476223,1357.0,35696.5,0.001357,0.00356965,0.00492665,0.010489973519049131,94.32912530084685,1302.5,28645.5,0.0013025,0.00286455,0.00416705,0.008872610019496754,111.70640744973473
SA001,106608,2723063100,35803045,54000,10,40,53.54,,0,0,20119006912.0,1,40-PFP-95,IQT903,106608,SA005,,B,470,520,P0,0.8,SS00201,PFP,1.6,3.25,0.6,1000000,1995-01-01,1995-01-01,1995-01-01,11204.0,30.67488021902806,0.9541854634062923,1.6134976043805613,1.0,1.0,1.05,9.846153846153847,2.0307692307692307,1.9697097965966404,1389.5,37829.5,0.0013895,0.00378295,0.00517245,0.010188225437406294,97.15251990091208,1428.0,34930.5,0.001428,0.00349305,0.00492105,0.009693040394541896,102.16680414982024,1357.0,35696.5,0.001357,0.00356965,0.00492665,0.009704070769402839,102.04953702038358,1302.5,28645.5,0.0013025,0.00286455,0.00416705,0.00820787920790803,120.83415163280326
SA001,38906,2723063100,35803045,54000,4,80,5.0,,0,0,20119006912.0,1,80-DTC-92,IQT903,38906,SA005,,B,470,520,P0,1.0,SS00201,DTC,1.0,6.0,1.0,1000000,1992-01-01,1992-01-01,1992-01-01,12300.0,33.67556468172484,0.9888428224342896,1.673511293634497,1.0,1.0,1.05,6.666666666666667,2.1333333333333337,3.7068407733799575,1389.5,37829.5,0.0013895,0.00378295,0.00517245,0.019173448558269163,51.15545846960942,1428.0,34930.5,0.001428,0.00349305,0.00492105,0.018241548787841438,53.819906556757466,1357.0,35696.5,0.001357,0.00356965,0.00492665,0.01826230709617237,53.75759413823414,1302.5,28645.5,0.0013025,0.00286455,0.00416705,0.015446590844712954,63.739204271878485
SA001,245473,2723063100,35803045,54000,10,40,53.1,,0,0,20119006912.0,1,40-PFP-93,IQT903,245473,SA005,,B,470,520,P0,0.8,SS00201,PFP,1.6,3.25,0.6,1000000,1993-01-01,1993-01-01,1993-01-01,11934.0,32.6735112936345,0.9541854634062923,1.6534702258726899,1.0,1.0,1.05,9.846153846153847,2.0307692307692307,2.018507181814279,1389.5,37829.5,0.0013895,0.00378295,0.00517245,0.010440627472575266,94.77968399186086,1428.0,34930.5,0.001428,0.00349305,0.00492105,0.009933174767067156,99.67274798339801,1357.0,35696.5,0.001357,0.00356965,0.00492665,0.009944478407285318,99.55831578531064,1302.5,28645.5,0.0013025,0.00286455,0.00416705,0.008411220351979191,117.88881258053075
SA001,73315,2723063100,35803045,54000,4,80,131.11,,0,0,20119006912.0,1,80-DTC-99,IQT903,73315,SA005,,B,470,520,P0,1.0,SS00201,DTC,1.0,6.0,1.0,1000000,1999-01-01,1999-01-01,1999-01-01,9743.0,26.67488021902806,0.9888428224342896,1.5334976043805613,1.0,1.0,1.05,6.666666666666667,2.1333333333333337,3.396709342458647,1389.5,37829.5,0.0013895,0.00378295,0.00517245,0.017569309238400232,55.91743405679019,1428.0,34930.5,0.001428,0.00349305,0.00492105,0.016715376509706125,58.82515556376068,1357.0,35696.5,0.001357,0.00356965,0.00492665,0.016734398082023896,58.75715380370931,1302.5,28645.5,0.0013025,0.00286455,0.00416705,0.014154257665492307,69.65011981786743
SA001,73317,2723063100,35803045,54000,4,80,8.05,,0,0,20119006912.0,1,80-DTC-99,IQT903,73317,SA005,,B,470,520,P0,1.0,SS00201,DTC,1.0,6.0,1.0,1000000,1999-01-01,1999-01-01,1999-01-01,9743.0,26.67488021902806,0.9888428224342896,1.5334976043805613,1.0,1.0,1.05,6.666666666666667,2.1333333333333337,3.396709342458647,1389.5,37829.5,0.0013895,0.00378295,0.00517245,0.017569309238400232,55.91743405679019,1428.0,34930.5,0.001428,0.00349305,0.00492105,0.016715376509706125,58.82515556376068,1357.0,35696.5,0.001357,0.00356965,0.00492665,0.016734398082023896,58.75715380370931,1302.5,28645.5,0.0013025,0.00286455,0.00416705,0.014154257665492307,69.65011981786743
SA001,142929,2723063100,35803045,54000,10,40,29.09,,0,0,20119006912.0,1,40-PFP-94,IQT903,142929,SA005,,B,470,520,P0,0.8,SS00201,PFP,1.6,3.25,0.6,1000000,1994-01-01,1994-01-01,1994-01-01,11569.0,31.67419575633128,0.9541854634062923,1.6334839151266256,1.0,1.0,1.05,9.846153846153847,2.0307692307692307,1.9941084892054595,1389.5,37829.5,0.0013895,0.00378295,0.00517245,0.01031442645499078,95.95158566147282,1428.0,34930.5,0.001428,0.00349305,0.00492105,0.009813107580804526,100.90451819320778,1357.0,35696.5,0.001357,0.00356965,0.00492665,0.009824274588344077,100.78868587268937,1302.5,28645.5,0.0013025,0.00286455,0.00416705,0.00830954977994361,119.34346342248955
SA001,72434,2723063000,35803045,54000,13,20,20.81,,0,0,20119006912.0,1,20-STS-93,IQT903,72434,SA005,,B,480,520,P0,0.8,SS00201,STS,2.0,2.1,0.7,1000000,1993-01-01,1993-01-01,1993-01-01,11934.0,32.6735112936345,0.919528104378295,1.6534702258726899,1.0,1.0,1.05,9.523809523809524,1.7523809523809524,1.9582910970661536,1389.5,37829.5,0.0013895,0.00378295,0.00517245,0.010129162785019826,97.72484243998086,1428.0,34930.5,0.001428,0.00349305,0.00492105,0.009636848403217395,102.76836473489986,1357.0,35696.5,0.001357,0.00356965,0.00492665,0.009647814833360966,102.6504138265716,1302.5,28645.5,0.0013025,0.00286455,0.00416705,0.008160296916029515,121.54456060730709
SA001,324942,2723063100,35803045,54000,4,200,22.0,,0,0,2006540000000.0,1,200-DTC-06,IQT903,324942,SA004,,B,470,520,P0,1.3,SS00201,DTC,1.0,6.3,1.0,1000000,2006-07-18,2006-07-18,2006-07-18,6988.0,19.132101300479125,1.0346573590279973,1.3826420260095826,1.0,1.0,1.05,15.873015873015873,3.9746031746031747,5.970206851281558,1389.5,37829.5,0.0013895,0.00378295,0.00517245,0.030880596427911296,31.38279423567591,1428.0,34930.5,0.001428,0.00349305,0.00492105,0.02937968642549911,33.0371229807301,1357.0,35696.5,0.001357,0.00356965,0.00492665,0.02941311958386629,32.998433833197375,1302.5,28645.5,0.0013025,0.00286455,0.00416705,0.02487815045963282,39.19591414653576
SA001,324940,2723063100,35803045,54000,4,200,8.0,,0,0,2006540000000.0,1,200-DTC-06,IQT903,324940,SA004,,B,580,520,P0,1.3,SS00201,DTC,1.0,6.3,1.0,1000000,2006-07-18,2006-07-18,2006-07-18,6988.0,19.132101300479125,1.0346573590279973,1.3826420260095826,1.0,1.0,1.05,15.873015873015873,3.9746031746031747,5.970206851281558,1389.5,37829.5,0.0013895,0.00378295,0.00517245,0.030880596427911296,31.38279423567591,1428.0,34930.5,0.001428,0.00349305,0.00492105,0.02937968642549911,33.0371229807301,1357.0,35696.5,0.001357,0.00356965,0.00492665,0.02941311958386629,32.998433833197375,1302.5,28645.5,0.0013025,0.00286455,0.00416705,0.02487815045963282,39.19591414653576
SA001,142915,2723063100,35803045,54000,13,25,10.72,,0,0,20119006912.0,1,25-STS-92,IQT903,142915,SA005,,B,470,520,P0,0.8,SS00201,STS,2.0,2.8,0.7,1000000,1992-01-01,1992-01-01,1992-01-01,12300.0,33.67556468172484,0.9306852819440055,1.673511293634497,1.0,1.0,1.05,8.928571428571429,1.692857142857143,1.9379347167924958,1389.5,37829.5,0.0013895,0.00378295,0.00517245,0.010023870425873346,98.76186418160661,1428.0,34930.5,0.001428,0.00349305,0.00492105,0.00953667363807171,103.85836445192615,1357.0,35696.5,0.001357,0.00356965,0.00492665,0.00954752607248575,103.7391745681449,1302.5,28645.5,0.0013025,0.00286455,0.00416705,0.00807547086161017,122.8317885281317
SA001,177124,2723063100,35803045,54000,13,20,13.1,,0,0,20119006912.0,1,20-STS-92,IQT903,177124,SA005,,B,470,520,P0,0.8,SS00201,STS,2.0,2.1,0.7,1000000,1992-01-01,1992-01-01,1992-01-01,12300.0,33.67556468172484,0.919528104378295,1.673511293634497,1.0,1.0,1.05,9.523809523809524,1.7523809523809524,1.9820267797289195,1389.5,37829.5,0.0013895,0.00378295,0.00517245,0.01025193441680885,96.54256702622108,1428.0,34930.5,0.001428,0.00349305,0.00492105,0.009753652884384999,101.52569082101935,1357.0,35696.5,0.001357,0.00356965,0.00492665,0.009764752234351482,101.4091524290902,1302.5,28645.5,0.0013025,0.00286455,0.00416705,0.008259204692469395,120.07703310850054
SA001,107420,2723063100,35803045,54000,4,80,4.04,,0,0,20119006912.0,1,80-DTC-99,IQT903,107420,SA005,,B,470,520,P0,1.0,SS00201,DTC,1.0,6.0,1.0,1000000,1999-01-01,1999-01-01,1999-01-01,9743.0,26.67488021902806,0.9888428224342896,1.5334976043805613,1.0,1.0,1.05,6.666666666666667,2.1333333333333337,3.396709342458647,1389.5,37829.5,0.0013895,0.00378295,0.00517245,0.017569309238400232,55.91743405679019,1428.0,34930.5,0.001428,0.00349305,0.00492105,0.016715376509706125,58.82515556376068,1357.0,35696.5,0.001357,0.00356965,0.00492665,0.016734398082023896,58.75715380370931,1302.5,28645.5,0.0013025,0.00286455,0.00416705,0.014154257665492307,69.65011981786743
SA001,245215,2723063100,35803045,54000,13,20,12.6,,0,0,20119006912.0,1,20-STS-89,IQT903,245215,SA005,,B,470,520,P0,0.8,SS00201,STS,2.0,2.1,0.7,1000000,1989-01-01,1989-01-01,1989-01-01,13395.0,36.6735112936345,0.919528104378295,1.73347022587269,1.0,1.0,1.05,9.523809523809524,1.7523809523809524,2.053039272941293,1389.5,37829.5,0.0013895,0.00378295,0.00517245,0.010619242987325193,93.16867108075121,1428.0,34930.5,0.001428,0.00349305,0.00492105,0.01010310891410775,97.97943380612504,1357.0,35696.5,0.001357,0.00356965,0.00492665,0.010114605934036222,97.86692635596839,1302.5,28645.5,0.0013025,0.00286455,0.00416705,0.008555117302310017,115.88910445798145
SA001,73318,2723063100,35803045,54000,4,80,15.76,,0,0,20119006912.0,1,80-DTC-99,IQT903,73318,SA005,,B,470,520,P0,1.0,SS00201,DTC,1.0,6.0,1.0,1000000,1999-01-01,1999-01-01,1999-01-01,9743.0,26.67488021902806,0.9888428224342896,1.5334976043805613,1.0,1.0,1.05,6.666666666666667,2.1333333333333337,3.396709342458647,1389.5,37829.5,0.0013895,0.00378295,0.00517245,0.017569309238400232,55.91743405679019,1428.0,34930.5,0.001428,0.00349305,0.00492105,0.016715376509706125,58.82515556376068,1357.0,35696.5,0.001357,0.00356965,0.00492665,0.016734398082023896,58.75715380370931,1302.5,28645.5,0.0013025,0.00286455,0.00416705,0.014154257665492307,69.65011981786743
SA001,436646,2723063100,35803045,54000,18,150,4.73,,0,0,20149004283.0,1,150-DTEP-14,IQT903,436646,SA005,,B,470,520,P0,1.1,SS00201,DTEP,1.6,6.0,1.0,1000000,2014-03-21,2014-03-21,2014-03-21,4185.0,11.457905544147843,1.0202732554054081,1.2291581108829568,1.0,1.0,1.05,20.0,3.3000000000000003,4.3453773150428585,1389.5,37829.5,0.0013895,0.00378295,0.00517245,0.022476246893193434,43.49141374678678,1428.0,34930.5,0.001428,0.00349305,0.00492105,0.02138381903619166,45.764331399714955,1357.0,35696.5,0.001357,0.00356965,0.00492665,0.0214081531491559,45.71117555226519,1302.5,28645.5,0.0013025,0.00286455,0.00416705,0.018107404540649345,54.22602633387343
SA001,437815,2723063100,35803045,54000,4,80,35.12,,0,0,20119006912.0,1,80-DTC-99,IQT903,437815,SA005,,B,470,520,P0,1.0,SS00201,DTC,1.0,6.0,1.0,1000000,1999-01-01,1999-01-01,1999-01-01,9743.0,26.67488021902806,0.9888428224342896,1.5334976043805613,1.0,1.0,1.05,6.666666666666667,2.1333333333333337,3.396709342458647,1389.5,37829.5,0.0013895,0.00378295,0.00517245,0.017569309238400232,55.91743405679019,1428.0,34930.5,0.001428,0.00349305,0.00492105,0.016715376509706125,58.82515556376068,1357.0,35696.5,0.001357,0.00356965,0.00492665,0.016734398082023896,58.75715380370931,1302.5,28645.5,0.0013025,0.00286455,0.00416705,0.014154257665492307,69.65011981786743
SA001,437817,2723063100,35803045,54000,18,150,3.53,,0,0,20149008255.0,1,150-DTEP-14,IQT903,437817,SA005,,B,470,520,P0,1.1,SS00201,DTEP,1.6,6.0,1.0,1000000,2014-06-30,2014-06-30,2014-06-30,4084.0,11.181382614647502,1.0202732554054081,1.2236276522929501,1.0,1.0,1.05,20.0,3.3000000000000003,4.3258257788442025,1389.5,37829.5,0.0013895,0.00378295,0.00517245,0.022375117549782695,43.69250263267162,1428.0,34930.5,0.001428,0.00349305,0.00492105,0.02128760494898126,45.975693244807985,1357.0,35696.5,0.001357,0.00356965,0.00492665,0.02131182957334279,45.922297147628164,1302.5,28645.5,0.0013025,0.00286455,0.00416705,0.018025932311732735,54.47563269995855
SA001,437816,2723063100,35803045,54000,18,150,10.01,,0,0,20149008255.0,1,150-DTEP-14,IQT903,437816,SA005,,B,470,520,P0,1.1,SS00201,DTEP,1.6,6.0,1.0,1000000,2014-06-30,2014-06-30,2014-06-30,4084.0,11.181382614647502,1.0202732554054081,1.2236276522929501,1.0,1.0,1.05,20.0,3.3000000000000003,4.3258257788442025,1389.5,37829.5,0.0013895,0.00378295,0.00517245,0.022375117549782695,43.69250263267162,1428.0,34930.5,0.001428,0.00349305,0.00492105,0.02128760494898126,45.975693244807985,1357.0,35696.5,0.001357,0.00356965,0.00492665,0.02131182957334279,45.922297147628164,1302.5,28645.5,0.0013025,0.00286455,0.00416705,0.018025932311732735,54.47563269995855
SA001,143182,2723063100,35803045,54000,4,80,162.95,,0,0,20119006912.0,1,80-DTC-88,IQT903,143182,SA005,,B,470,520,P0,1.0,SS00201,DTC,1.0,6.0,1.0,1000000,1988-01-01,1988-01-01,1988-01-01,13761.0,37.67556468172484,0.9888428224342896,1.7535112936344968,1.0,1.0,1.05,6.666666666666667,2.1333333333333337,3.884041407160182,1389.5,37829.5,0.0013895,0.00378295,0.00517245,0.020090009976465685,48.77598324597368,1428.0,34930.5,0.001428,0.00349305,0.00492105,0.019113561966705613,51.318871895354974,1357.0,35696.5,0.001357,0.00356965,0.00492665,0.01913531259858571,51.25940234046189,1302.5,28645.5,0.0013025,0.00286455,0.00416705,0.016184994745706838,60.78562401234363
SA001,211479,2723063100,35803045,54000,4,80,147.07,,0,0,20119006912.0,1,80-DTC-92,IQT903,211479,SA005,,B,470,520,P0,1.0,SS00201,DTC,1.0,6.0,1.0,1000000,1992-01-01,1992-01-01,1992-01-01,12300.0,33.67556468172484,0.9888428224342896,1.673511293634497,1.0,1.0,1.05,6.666666666666667,2.1333333333333337,3.7068407733799575,1389.5,37829.5,0.0013895,0.00378295,0.00517245,0.019173448558269163,51.15545846960942,1428.0,34930.5,0.001428,0.00349305,0.00492105,0.018241548787841438,53.819906556757466,1357.0,35696.5,0.001357,0.00356965,0.00492665,0.01826230709617237,53.75759413823414,1302.5,28645.5,0.0013025,0.00286455,0.00416705,0.015446590844712954,63.739204271878485
SA001,211481,2723063100,35803045,54000,13,25,30.74,,0,0,20119006912.0,1,25-STS-91,IQT903,211481,SA005,,B,470,520,P0,0.8,SS00201,STS,2.0,2.8,0.7,1000000,1991-01-01,1991-01-01,1991-01-01,12665.0,34.67488021902806,0.9306852819440055,1.6934976043805614,1.0,1.0,1.05,8.928571428571429,1.692857142857143,1.9610789678069505,1389.5,37829.5,0.0013895,0.00378295,0.00517245,0.010143582907033061,97.58449515965894,1428.0,34930.5,0.001428,0.00349305,0.00492105,0.009650567654526394,102.62084758101987,1357.0,35696.5,0.001357,0.00356965,0.00492665,0.009661549696746112,102.50306435175584,1302.5,28645.5,0.0013025,0.00286455,0.00416705,0.008171914112799954,121.37035120494782
SA001,324943,2723063100,35803045,54000,4,200,6.51,,0,0,2006540000000.0,1,200-DTC-06,IQT903,324943,SA005,,B,470,520,P0,1.3,SS00201,DTC,1.0,6.3,1.0,1000000,2006-07-18,2006-07-18,2006-07-18,6988.0,19.132101300479125,1.0346573590279973,1.3826420260095826,1.0,1.0,1.05,15.873015873015873,3.9746031746031747,5.970206851281558,1389.5,37829.5,0.0013895,0.00378295,0.00517245,0.030880596427911296,31.38279423567591,1428.0,34930.5,0.001428,0.00349305,0.00492105,0.02937968642549911,33.0371229807301,1357.0,35696.5,0.001357,0.00356965,0.00492665,0.02941311958386629,32.998433833197375,1302.5,28645.5,0.0013025,0.00286455,0.00416705,0.02487815045963282,39.19591414653576
SA001,211476,2723063100,35803045,54000,4,80,180.12,,0,0,20119006912.0,1,80-DTC-94,IQT903,211476,SA005,,B,470,520,P0,1.0,SS00201,DTC,1.0,6.0,1.0,1000000,1994-01-01,1994-01-01,1994-01-01,11569.0,31.67419575633128,0.9888428224342896,1.6334839151266256,1.0,1.0,1.05,6.666666666666667,2.1333333333333337,3.6181798128780107,1389.5,37829.5,0.0013895,0.00378295,0.00517245,0.018714854173120868,52.433491426091145,1428.0,34930.5,0.001428,0.00349305,0.00492105,0.017805243768163333,55.16322994622798,1357.0,35696.5,0.001357,0.00356965,0.00492665,0.017825505575115454,55.0993906055606,1302.5,28645.5,0.0013025,0.00286455,0.00416705,0.015077136189253316,65.32559309988724
SA001,38046,2723063100,35803045,54000,13,25,28.1,,0,0,20119006912.0,1,25-STS-94,IQT903,38046,SA005,,B,470,520,P0,0.8,SS00201,STS,2.0,2.8,0.7,1000000,1994-01-01,1994-01-01,1994-01-01,11569.0,31.67419575633128,0.9306852819440055,1.6334839151266256,1.0,1.0,1.05,8.928571428571429,1.692857142857143,1.8915828058566984,1389.5,37829.5,0.0013895,0.00378295,0.00517245,0.00978411748415348,101.2064587449626,1428.0,34930.5,0.001428,0.00349305,0.00492105,0.009308573566761106,106.42784518250818,1357.0,35696.5,0.001357,0.00356965,0.00492665,0.009319166430473903,106.30573463415949,1302.5,28645.5,0.0013025,0.00286455,0.00416705,0.007882320131145155,125.86619971811757
SA001,72487,2723063100,35803045,54000,13,25,25.62,,0,0,20119006912.0,1,25-STS-89,IQT903,72487,SA005,,B,470,520,P0,0.8,SS00201,STS,2.0,2.8,0.7,1000000,1989-01-01,1989-01-01,1989-01-01,13395.0,36.6735112936345,0.9306852819440055,1.73347022587269,1.0,1.0,1.05,8.928571428571429,1.692857142857143,2.007367469835859,1389.5,37829.5,0.0013895,0.00378295,0.00517245,0.010383007869352489,95.31120505568514,1428.0,34930.5,0.001428,0.00349305,0.00492105,0.009878355687435754,100.23142268220778,1357.0,35696.5,0.001357,0.00356965,0.00492665,0.009889596945266836,100.11635545254454,1302.5,28645.5,0.0013025,0.00286455,0.00416705,0.008364800615179517,118.5485757526976
SA001,106360,2723063100,35803045,54000,13,25,15.09,,0,0,20119006912.0,1,25-STS-89,IQT903,106360,SA005,,B,470,520,P0,0.8,SS00201,STS,2.0,2.8,0.7,1000000,1989-01-01,1989-01-01,1989-01-01,13395.0,36.6735112936345,0.9306852819440055,1.73347022587269,1.0,1.0,1.05,8.928571428571429,1.692857142857143,2.007367469835859,1389.5,37829.5,0.0013895,0.00378295,0.00517245,0.010383007869352489,95.31120505568514,1428.0,34930.5,0.001428,0.00349305,0.00492105,0.009878355687435754,100.23142268220778,1357.0,35696.5,0.001357,0.00356965,0.00492665,0.009889596945266836,100.11635545254454,1302.5,28645.5,0.0013025,0.00286455,0.00416705,0.008364800615179517,118.5485757526976
SA001,37769,2723063100,35803045,54000,13,25,14.68,,0,0,20119006912.0,1,25-STS-96,IQT903,37769,SA005,,B,470,520,P0,0.8,SS00201,STS,2.0,2.8,0.7,1000000,1996-01-01,1996-01-01,1996-01-01,10839.0,29.675564681724847,0.9306852819440055,1.593511293634497,1.0,1.0,1.05,8.928571428571429,1.692857142857143,1.8452943038277898,1389.5,37829.5,0.0013895,0.00378295,0.00517245,0.009544692521834052,103.77026868203878,1428.0,34930.5,0.001428,0.00349305,0.00492105,0.009080785533851745,109.12263160187594,1357.0,35696.5,0.001357,0.00356965,0.00492665,0.009091119181953182,108.99745795711316,1302.5,28645.5,0.0013025,0.00286455,0.00416705,0.007689433628765592,129.04858982839454
SA001,72486,2723063100,35803045,54000,4,200,212.98,,0,0,20119006912.0,1,200-DTC-94,IQT903,72486,SA005,,B,470,520,P0,1.3,SS00201,DTC,1.0,6.3,1.0,1000000,1994-01-01,1994-01-01,1994-01-01,11569.0,31.67419575633128,1.0346573590279973,1.6334839151266256,1.0,1.0,1.05,15.873015873015873,3.9746031746031747,7.053334614522713,1389.5,37829.5,0.0013895,0.00378295,0.00517245,0.03648302062688801,26.410011090556445,1428.0,34930.5,0.001428,0.00349305,0.00492105,0.03470981230479699,27.810296962101326,1357.0,35696.5,0.001357,0.00356965,0.00492665,0.03474931097863833,27.777549017151347,1302.5,28645.5,0.0013025,0.00286455,0.00416705,0.029391598005446874,33.023328701443155
SA001,105678,2723063100,35803045,54000,4,100,130.34,,0,0,20119006912.0,1,100-DTC-92,IQT903,105678,SA005,,B,470,520,P0,1.0,SS00201,DTC,1.0,6.0,1.0,1000000,1992-01-01,1992-01-01,1992-01-01,12300.0,33.67556468172484,1.0,1.673511293634497,1.0,1.0,1.05,8.333333333333334,2.466666666666667,4.3343942505133475,1389.5,37829.5,0.0013895,0.00378295,0.00517245,0.022419437541067764,43.60415200730202,1428.0,34930.5,0.001428,0.00349305,0.00492105,0.02132977082648871,45.88282908122643,1357.0,35696.5,0.001357,0.00356965,0.00492665,0.021354043434291585,45.82953854042185,1302.5,28645.5,0.0013025,0.00286455,0.00416705,0.018061637561601646,54.36596538322539
SA001,3958,2723063100,35803045,54000,10,100,121.42,,0,0,20119006912.0,1,100-PFP-95,IQT903,3958,SA005,,B,470,520,P0,1.0,SS00201,PFP,1.6,4.9,0.6,1000000,1995-01-01,1995-01-01,1995-01-01,11204.0,30.67488021902806,1.0,1.6134976043805613,1.0,1.0,1.05,16.3265306122449,2.8408163265306126,2.887699712525668,1389.5,37829.5,0.0013895,0.00378295,0.00517245,0.014936482378053392,65.95016769606538,1428.0,34930.5,0.001428,0.00349305,0.00492105,0.014210514670324437,69.3704280386327,1357.0,35696.5,0.001357,0.00356965,0.00492665,0.014226685788714583,69.29043973075282,1302.5,28645.5,0.0013025,0.00286455,0.00416705,0.012033189087080084,82.10348925487177
SA001,324844,2723063100,35803045,54000,4,100,6.0,,0,0,2006540000000.0,1,100-DTC-06,IQT903,324844,SA005,,B,470,520,P0,1.0,SS00201,DTC,1.0,6.0,1.0,1000000,2006-07-18,2006-07-18,2006-07-18,6988.0,19.132101300479125,1.0,1.3826420260095826,1.0,1.0,1.05,8.333333333333334,2.466666666666667,3.5810428473648193,1389.5,37829.5,0.0013895,0.00378295,0.00517245,0.01852276507585216,52.98761987775164,1428.0,34930.5,0.001428,0.00349305,0.00492105,0.017622490904024644,55.745666968772206,1357.0,35696.5,0.001357,0.00356965,0.00492665,0.01764254474396989,55.68116558648909,1302.5,28645.5,0.0013025,0.00286455,0.00416705,0.01492238459711157,66.01341823032517
SA001,105522,2723063100,35803045,54000,4,80,9.74,,0,0,20119006912.0,1,80-DTC-85,IQT903,105522,SA005,,B,243,520,P0,1.0,SS00201,DTC,1.0,6.0,1.0,1000000,1985-01-01,1985-01-01,1985-01-01,14856.0,40.6735112936345,0.9888428224342896,1.81347022587269,1.0,1.0,1.05,6.666666666666667,2.1333333333333337,4.0168509170775994,1389.5,37829.5,0.0013895,0.00378295,0.00517245,0.02077696052603803,47.130235351161375,1428.0,34930.5,0.001428,0.00349305,0.00492105,0.01976712420548472,49.58904824013466,1357.0,35696.5,0.001357,0.00356965,0.00492665,0.019789618570620355,49.53154493258394,1302.5,28645.5,0.0013025,0.00286455,0.00416705,0.01673841861400821,58.742800264483186
SA001,72485,2723063100,35803045,54000,4,100,249.73,,0,0,20119006912.0,1,100-DTC-94,IQT903,72485,SA005,,B,470,520,P0,1.0,SS00201,DTC,1.0,6.0,1.0,1000000,1994-01-01,1994-01-01,1994-01-01,11569.0,31.67419575633128,1.0,1.6334839151266256,1.0,1.0,1.05,8.333333333333334,2.466666666666667,4.230723340177961,1389.5,37829.5,0.0013895,0.00378295,0.00517245,0.021883204940903494,44.69714549128163,1428.0,34930.5,0.001428,0.00349305,0.00492105,0.020819601093182753,47.03165994988462,1357.0,35696.5,0.001357,0.00356965,0.00492665,0.02084329314388775,46.97706356172646,1302.5,28645.5,0.0013025,0.00286455,0.00416705,0.01762963569468857,55.72266956153146
SA001,37767,2723063100,35803045,54000,13,25,23.67,,0,0,20119006912.0,1,25-STS-88,IQT903,37767,SA005,,B,470,520,P0,0.8,SS00201,STS,2.0,2.8,0.7,1000000,1988-01-01,1988-01-01,1988-01-01,13761.0,37.67556468172484,0.9306852819440055,1.7535112936344968,1.0,1.0,1.05,8.928571428571429,1.692857142857143,2.030575129757202,1389.5,37829.5,0.0013895,0.00378295,0.00517245,0.010503048329912642,94.21045401190851,1428.0,34930.5,0.001428,0.00349305,0.00492105,0.009992561742291678,99.07443794594573,1357.0,35696.5,0.001357,0.00356965,0.00492665,0.01000393296301832,98.96068583193372,1302.5,28645.5,0.0013025,0.00286455,0.00416705,0.008461508094454749,117.18224231864177
SA001,10937,2723063100,35803045,54000,10,40,58.02,,0,0,20119006912.0,1,40-PFP-93,IQT903,10937,SA005,,B,470,520,P0,0.8,SS00201,PFP,1.6,3.25,0.6,1000000,1993-01-01,1993-01-01,1993-01-01,11934.0,32.6735112936345,0.9541854634062923,1.6534702258726899,1.0,1.0,1.05,9.846153846153847,2.0307692307692307,2.018507181814279,1389.5,37829.5,0.0013895,0.00378295,0.00517245,0.010440627472575266,94.77968399186086,1428.0,34930.5,0.001428,0.00349305,0.00492105,0.009933174767067156,99.67274798339801,1357.0,35696.5,0.001357,0.00356965,0.00492665,0.009944478407285318,99.55831578531064,1302.5,28645.5,0.0013025,0.00286455,0.00416705,0.008411220351979191,117.88881258053075
SA001,143235,2723063100,35803045,54000,4,200,2.41,,0,0,20119006912.0,1,200-DTC-94,IQT903,143235,SA005,,B,243,520,P0,1.3,SS00201,DTC,1.0,6.3,1.0,1000000,1994-01-01,1994-01-01,1994-01-01,11569.0,31.67419575633128,1.0346573590279973,1.6334839151266256,1.0,1.0,1.05,15.873015873015873,3.9746031746031747,7.053334614522713,1389.5,37829.5,0.0013895,0.00378295,0.00517245,0.03648302062688801,26.410011090556445,1428.0,34930.5,0.001428,0.00349305,0.00492105,0.03470981230479699,27.810296962101326,1357.0,35696.5,0.001357,0.00356965,0.00492665,0.03474931097863833,27.777549017151347,1302.5,28645.5,0.0013025,0.00286455,0.00416705,0.029391598005446874,33.023328701443155
SA001,324843,2723063100,35803045,54000,4,100,9.0,,0,0,2006540000000.0,1,100-DTC-06,IQT903,324843,SA005,,B,470,520,P0,1.0,SS00201,DTC,1.0,6.0,1.0,1000000,2006-07-18,2006-07-18,2006-07-18,6988.0,19.132101300479125,1.0,1.3826420260095826,1.0,1.0,1.05,8.333333333333334,2.466666666666667,3.5810428473648193,1389.5,37829.5,0.0013895,0.00378295,0.00517245,0.01852276507585216,52.98761987775164,1428.0,34930.5,0.001428,0.00349305,0.00492105,0.017622490904024644,55.745666968772206,1357.0,35696.5,0.001357,0.00356965,0.00492665,0.01764254474396989,55.68116558648909,1302.5,28645.5,0.0013025,0.00286455,0.00416705,0.01492238459711157,66.01341823032517
SA001,244567,2723063100,35803045,54000,10,40,40.51,,0,0,20119006912.0,1,40-PFP-95,IQT903,244567,SA005,,B,470,520,P0,0.8,SS00201,PFP,1.6,3.25,0.6,1000000,1995-01-01,1995-01-01,1995-01-01,11204.0,30.67488021902806,0.9541854634062923,1.6134976043805613,1.0,1.0,1.05,9.846153846153847,2.0307692307692307,1.9697097965966404,1389.5,37829.5,0.0013895,0.00378295,0.00517245,0.010188225437406294,97.15251990091208,1428.0,34930.5,0.001428,0.00349305,0.00492105,0.009693040394541896,102.16680414982024,1357.0,35696.5,0.001357,0.00356965,0.00492665,0.009704070769402839,102.04953702038358,1302.5,28645.5,0.0013025,0.00286455,0.00416705,0.00820787920790803,120.83415163280326
SA001,106607,2723063100,35803045,54000,4,100,196.51,,0,0,20119006912.0,1,100-DTC-88,IQT903,106607,SA005,,B,470,520,P0,1.0,SS00201,DTC,1.0,6.0,1.0,1000000,1988-01-01,1988-01-01,1988-01-01,13761.0,37.67556468172484,1.0,1.7535112936344968,1.0,1.0,1.05,8.333333333333334,2.466666666666667,4.541594250513347,1389.5,37829.5,0.0013895,0.00378295,0.00517245,0.02349116918106776,41.56918811882424,1428.0,34930.5,0.001428,0.00349305,0.00492105,0.022349412386488705,43.743905687853704,1357.0,35696.5,0.001357,0.00356965,0.00492665,0.022374845314291583,43.693046407845586,1302.5,28645.5,0.0013025,0.00286455,0.00416705,0.018925050321601643,51.84001801879326
SA001,211253,2723063100,35803045,54000,13,20,4.37,,0,0,20119006912.0,1,20-STS-96,IQT903,211253,SA005,,B,470,520,P0,0.8,SS00201,STS,2.0,2.1,0.7,1000000,1996-01-01,1996-01-01,1996-01-01,10839.0,29.675564681724847,0.919528104378295,1.593511293634497,1.0,1.0,1.05,9.523809523809524,1.7523809523809524,1.8872786038537799,1389.5,37829.5,0.0013895,0.00378295,0.00517245,0.009761854214503485,101.4395548249706,1428.0,34930.5,0.001428,0.00349305,0.00492105,0.009287392373494643,106.67284936231479,1357.0,35696.5,0.001357,0.00356965,0.00492665,0.009297961133676225,106.5504603238345,1302.5,28645.5,0.0013025,0.00286455,0.00416705,0.007864384306188894,126.15553577576924
SA001,324941,2723063100,35803045,54000,4,200,32.03,,0,0,2006540000000.0,1,200-DTC-06,IQT903,324941,SA004,,B,470,520,P0,1.3,SS00201,DTC,1.0,6.3,1.0,1000000,2006-07-18,2006-07-18,2006-07-18,6988.0,19.132101300479125,1.0346573590279973,1.3826420260095826,1.0,1.0,1.05,15.873015873015873,3.9746031746031747,5.970206851281558,1389.5,37829.5,0.0013895,0.00378295,0.00517245,0.030880596427911296,31.38279423567591,1428.0,34930.5,0.001428,0.00349305,0.00492105,0.02937968642549911,33.0371229807301,1357.0,35696.5,0.001357,0.00356965,0.00492665,0.02941311958386629,32.998433833197375,1302.5,28645.5,0.0013025,0.00286455,0.00416705,0.02487815045963282,39.19591414653576
SA001,211478,2723063100,35803045,54000,4,80,146.51,,0,0,20119006912.0,1,80-DTC-92,IQT903,211478,SA005,,B,470,520,P0,1.0,SS00201,DTC,1.0,6.0,1.0,1000000,1992-01-01,1992-01-01,1992-01-01,12300.0,33.67556468172484,0.9888428224342896,1.673511293634497,1.0,1.0,1.05,6.666666666666667,2.1333333333333337,3.7068407733799575,1389.5,37829.5,0.0013895,0.00378295,0.00517245,0.019173448558269163,51.15545846960942,1428.0,34930.5,0.001428,0.00349305,0.00492105,0.018241548787841438,53.819906556757466,1357.0,35696.5,0.001357,0.00356965,0.00492665,0.01826230709617237,53.75759413823414,1302.5,28645.5,0.0013025,0.00286455,0.00416705,0.015446590844712954,63.739204271878485
SA001,3700,2723063100,35803045,54000,10,40,15.29,,0,0,20119006912.0,1,40-PFP-97,IQT903,3700,SA005,,B,470,520,P0,0.8,SS00201,PFP,1.6,3.25,0.6,1000000,1997-01-01,1997-01-01,1997-01-01,10473.0,28.673511293634498,0.9541854634062923,1.5734702258726898,1.0,1.0,1.05,9.846153846153847,2.0307692307692307,1.9208455656458268,1389.5,37829.5,0.0013895,0.00378295,0.00517245,0.009935477646024758,99.64941370987894,1428.0,34930.5,0.001428,0.00349305,0.00492105,0.009452577070821396,104.79125591970482,1357.0,35696.5,0.001357,0.00356965,0.00492665,0.009463333805989012,104.6710056414934,1302.5,28645.5,0.0013025,0.00286455,0.00416705,0.008004259514324442,123.93348050627263
SA001,407185,2723063100,35803045,54000,4,300,74.01,,0,0,20079004593.0,1,300-DTC-07,IQT903,407185,SA004,,B,580,520,P0,1.5,SS00201,DTC,1.0,7.2,1.0,1000000,2007-07-06,2007-07-06,2007-07-06,6635.0,18.16563997262149,1.0549306144334054,1.36331279945243,1.0,1.0,1.05,20.833333333333332,4.966666666666667,7.500215133932515,1389.5,37829.5,0.0013895,0.00378295,0.00517245,0.03879448776950924,24.776857937687634,1428.0,34930.5,0.001428,0.00349305,0.00492105,0.0369089336848386,26.09371147210299,1357.0,35696.5,0.001357,0.00356965,0.00492665,0.03695093488958862,26.062914727003623,1302.5,28645.5,0.0013025,0.00286455,0.00416705,0.03125377147385349,30.996138476810305
SA001,407186,2723063100,35803045,54000,4,300,137.74,,0,0,20079004593.0,1,300-DTC-07,IQT903,407186,SA004,,B,470,520,P0,1.5,SS00201,DTC,1.0,7.2,1.0,1000000,2007-07-06,2007-07-06,2007-07-06,6635.0,18.16563997262149,1.0549306144334054,1.36331279945243,1.0,1.0,1.05,20.833333333333332,4.966666666666667,7.500215133932515,1389.5,37829.5,0.0013895,0.00378295,0.00517245,0.03879448776950924,24.776857937687634,1428.0,34930.5,0.001428,0.00349305,0.00492105,0.0369089336848386,26.09371147210299,1357.0,35696.5,0.001357,0.00356965,0.00492665,0.03695093488958862,26.062914727003623,1302.5,28645.5,0.0013025,0.00286455,0.00416705,0.03125377147385349,30.996138476810305
SA001,407421,2723063100,35803045,54000,4,150,51.71,,0,0,20119006912.0,1,150-DTC-95,IQT903,407421,SA005,,B,243,520,P0,1.1,SS00201,DTC,1.0,6.0,1.0,1000000,1995-01-01,1995-01-01,1995-01-01,11204.0,30.67488021902806,1.0202732554054081,1.6134976043805613,1.0,1.0,1.05,12.5,3.3000000000000003,5.704112291066283,1389.5,37829.5,0.0013895,0.00378295,0.00517245,0.0295042356199258,32.89343865341986,1428.0,34930.5,0.001428,0.00349305,0.00492105,0.028070221789951732,34.624941173709175,1357.0,35696.5,0.001357,0.00356965,0.00492665,0.028102164818781708,34.58444719289609,1302.5,28645.5,0.0013025,0.00286455,0.00416705,0.02376932112248776,41.0710374876427
SA001,412000,2723063100,35803045,54000,4,200,71.68,,0,0,2006540000000.0,1,200-DTC-06,IQT903,412000,SA005,,B,470,520,P0,1.3,SS00201,DTC,1.0,6.3,1.0,1000000,2006-07-18,2006-07-18,2006-07-18,6988.0,19.132101300479125,1.0346573590279973,1.3826420260095826,1.0,1.0,1.05,15.873015873015873,3.9746031746031747,5.970206851281558,1389.5,37829.5,0.0013895,0.00378295,0.00517245,0.030880596427911296,31.38279423567591,1428.0,34930.5,0.001428,0.00349305,0.00492105,0.02937968642549911,33.0371229807301,1357.0,35696.5,0.001357,0.00356965,0.00492665,0.02941311958386629,32.998433833197375,1302.5,28645.5,0.0013025,0.00286455,0.00416705,0.02487815045963282,39.19591414653576
SA001,439268,2723063100,35803045,54000,4,80,77.91,,0,0,20119006912.0,1,80-DTC-95,IQT903,439268,SA005,,B,470,520,P0,1.0,SS00201,DTC,1.0,6.0,1.0,1000000,1995-01-01,1995-01-01,1995-01-01,11204.0,30.67488021902806,0.9888428224342896,1.6134976043805613,1.0,1.0,1.05,6.666666666666667,2.1333333333333337,3.573909976238872,1389.5,37829.5,0.0013895,0.00378295,0.00517245,0.018485870656596754,53.095369299965654,1428.0,34930.5,0.001428,0.00349305,0.00492105,0.0175873896885703,55.85892094890468,1357.0,35696.5,0.001357,0.00356965,0.00492665,0.01760740358443724,55.79429083365113,1302.5,28645.5,0.0013025,0.00286455,0.00416705,0.014892661566486193,66.14716476538734
SA001,440011,2723063100,35803045,54000,13,25,10.36,,0,0,20119006912.0,1,25-STS-90,IQT903,440011,SA005,,B,470,520,P0,0.8,SS00201,STS,2.0,2.8,0.7,1000000,1990-01-01,1990-01-01,1990-01-01,13030.0,35.67419575633128,0.9306852819440055,1.7134839151266257,1.0,1.0,1.05,8.928571428571429,1.692857142857143,1.9842232188214046,1389.5,37829.5,0.0013895,0.00378295,0.00517245,0.010263295388192775,96.43459212432218,1428.0,34930.5,0.001428,0.00349305,0.00492105,0.009764461670981073,101.41219984219838,1357.0,35696.5,0.001357,0.00356965,0.00492665,0.009775573321006474,101.29579045263014,1302.5,28645.5,0.0013025,0.00286455,0.00416705,0.008268357363989735,119.94300669141246
SA001,448269,2723063100,35803045,54000,13,25,5.41,,0,0,20169004796.0,1,25-STS-16,IQT903,448269,SA005,,B,470,520,P0,0.8,SS00201,STS,2.0,2.8,0.7,1000000,2016-05-03,2016-05-03,2016-05-03,3411.0,9.338809034907598,0.9306852819440055,1.186776180698152,1.0,1.0,1.05,8.928571428571429,1.692857142857143,1.3742929434569215,1389.5,37829.5,0.0013895,0.00378295,0.00517245,0.007108461535383755,139.67741592499374,1428.0,34930.5,0.001428,0.00349305,0.00492105,0.006762964289398684,146.86415500782027,1357.0,35696.5,0.001357,0.00356965,0.00492665,0.006770660329882043,146.6960815160878,1302.5,28645.5,0.0013025,0.00286455,0.00416705,0.005726747410032165,173.61919103472093
SA001,3677,2723063000,35803045,54000,13,25,19.3,,0,0,20119006912.0,1,25-STS-89,IQT903,3677,SA005,,B,490,520,P0,0.8,SS00201,STS,2.0,2.8,0.7,1000000,1989-01-01,1989-01-01,1989-01-01,13395.0,36.6735112936345,0.9306852819440055,1.73347022587269,1.0,1.0,1.05,8.928571428571429,1.692857142857143,2.007367469835859,1389.5,37829.5,0.0013895,0.00378295,0.00517245,0.010383007869352489,95.31120505568514,1428.0,34930.5,0.001428,0.00349305,0.00492105,0.009878355687435754,100.23142268220778,1357.0,35696.5,0.001357,0.00356965,0.00492665,0.009889596945266836,100.11635545254454,1302.5,28645.5,0.0013025,0.00286455,0.00416705,0.008364800615179517,118.5485757526976
SA001,178123,2723063000,35803045,54000,4,80,43.88,,0,0,20119006912.0,1,80-DTC-95,IQT903,178123,SA005,,B,490,520,P0,1.0,SS00201,DTC,1.0,6.0,1.0,1000000,1995-01-01,1995-01-01,1995-01-01,11204.0,30.67488021902806,0.9888428224342896,1.6134976043805613,1.0,1.0,1.05,6.666666666666667,2.1333333333333337,3.573909976238872,1389.5,37829.5,0.0013895,0.00378295,0.00517245,0.018485870656596754,53.095369299965654,1428.0,34930.5,0.001428,0.00349305,0.00492105,0.0175873896885703,55.85892094890468,1357.0,35696.5,0.001357,0.00356965,0.00492665,0.01760740358443724,55.79429083365113,1302.5,28645.5,0.0013025,0.00286455,0.00416705,0.014892661566486193,66.14716476538734
SA001,199088,2723063000,35803045,54000,10,100,214.16,,0,0,20119006912.0,1,100-PFP-95,IQT903,199088,SA005,,B,490,520,P0,1.0,SS00201,PFP,1.6,4.9,0.6,1000000,1995-01-01,1995-01-01,1995-01-01,11204.0,30.67488021902806,1.0,1.6134976043805613,1.0,1.0,1.05,16.3265306122449,2.8408163265306126,2.887699712525668,1389.5,37829.5,0.0013895,0.00378295,0.00517245,0.014936482378053392,65.95016769606538,1428.0,34930.5,0.001428,0.00349305,0.00492105,0.014210514670324437,69.3704280386327,1357.0,35696.5,0.001357,0.00356965,0.00492665,0.014226685788714583,69.29043973075282,1302.5,28645.5,0.0013025,0.00286455,0.00416705,0.012033189087080084,82.10348925487177
SA001,212293,2723063000,35803045,54000,13,25,17.37,,0,0,20119006912.0,1,25-STS-93,IQT903,212293,SA005,,B,490,520,P0,0.8,SS00201,STS,2.0,2.8,0.7,1000000,1993-01-01,1993-01-01,1993-01-01,11934.0,32.6735112936345,0.9306852819440055,1.6534702258726899,1.0,1.0,1.05,8.928571428571429,1.692857142857143,1.9147270568711527,1389.5,37829.5,0.0013895,0.00378295,0.00517245,0.009903829965313195,99.97103883067084,1428.0,34930.5,0.001428,0.00349305,0.00492105,0.009422467583215785,105.12931179315461,1357.0,35696.5,0.001357,0.00356965,0.00492665,0.009433190054734265,105.00867725527557,1302.5,28645.5,0.0013025,0.00286455,0.00416705,0.007978763382334938,124.33270534303725
SA001,211232,2723063000,35803045,54000,13,25,22.76,,0,0,20119006912.0,1,25-STS-89,IQT903,211232,SA005,,B,490,520,P0,0.8,SS00201,STS,2.0,2.8,0.7,1000000,1989-01-01,1989-01-01,1989-01-01,13395.0,36.6735112936345,0.9306852819440055,1.73347022587269,1.0,1.0,1.05,8.928571428571429,1.692857142857143,2.007367469835859,1389.5,37829.5,0.0013895,0.00378295,0.00517245,0.010383007869352489,95.31120505568514,1428.0,34930.5,0.001428,0.00349305,0.00492105,0.009878355687435754,100.23142268220778,1357.0,35696.5,0.001357,0.00356965,0.00492665,0.009889596945266836,100.11635545254454,1302.5,28645.5,0.0013025,0.00286455,0.00416705,0.008364800615179517,118.5485757526976
SA001,246293,2723063000,35803045,54000,10,80,110.99,,0,0,20119006912.0,1,80-PFP-95,IQT903,246293,SA005,,B,490,520,P0,1.0,SS00201,PFP,1.6,4.5,0.6,1000000,1995-01-01,1995-01-01,1995-01-01,11204.0,30.67488021902806,0.9888428224342896,1.6134976043805613,1.0,1.0,1.05,14.222222222222221,2.5777777777777775,2.591084732773181,1389.5,37829.5,0.0013895,0.00378295,0.00517245,0.013402256226032642,73.61430248271128,1428.0,34930.5,0.001428,0.00349305,0.00492105,0.012750857524213463,77.4260978605582,1357.0,35696.5,0.001357,0.00356965,0.00492665,0.012765367598716994,77.33695287400158,1302.5,28645.5,0.0013025,0.00286455,0.00416705,0.010797179635702486,91.6167789867412
SA001,106306,2723063000,35803045,54000,4,200,231.49,,0,0,20119006912.0,1,200-DTC-96,IQT903,106306,SA005,,B,490,520,P0,1.3,SS00201,DTC,1.0,6.3,1.0,1000000,1996-01-01,1996-01-01,1996-01-01,10839.0,29.675564681724847,1.0346573590279973,1.593511293634497,1.0,1.0,1.05,15.873015873015873,3.9746031746031747,6.880734032299173,1389.5,37829.5,0.0013895,0.00378295,0.00517245,0.035590252745365855,27.09758073803531,1428.0,34930.5,0.001428,0.00349305,0.00492105,0.03386043620964584,28.53299224524253,1357.0,35696.5,0.001357,0.00356965,0.00492665,0.03389896832022672,28.49942283061527,1302.5,28645.5,0.0013025,0.00286455,0.00416705,0.02867236274929227,33.87679089246607
SA001,177115,2723063000,35803045,54000,13,25,13.11,,0,0,20119006912.0,1,25-STS-89,IQT903,177115,SA005,,B,490,520,P0,0.8,SS00201,STS,2.0,2.8,0.7,1000000,1989-01-01,1989-01-01,1989-01-01,13395.0,36.6735112936345,0.9306852819440055,1.73347022587269,1.0,1.0,1.05,8.928571428571429,1.692857142857143,2.007367469835859,1389.5,37829.5,0.0013895,0.00378295,0.00517245,0.010383007869352489,95.31120505568514,1428.0,34930.5,0.001428,0.00349305,0.00492105,0.009878355687435754,100.23142268220778,1357.0,35696.5,0.001357,0.00356965,0.00492665,0.009889596945266836,100.11635545254454,1302.5,28645.5,0.0013025,0.00286455,0.00416705,0.008364800615179517,118.5485757526976
SA001,181569,2723063000,35803045,54000,4,150,210.54,,0,0,20119006912.0,1,150-DTC-92,IQT903,181569,SA005,,B,490,520,P0,1.1,SS00201,DTC,1.0,6.0,1.0,1000000,1992-01-01,1992-01-01,1992-01-01,12300.0,33.67556468172484,1.0202732554054081,1.673511293634497,1.0,1.0,1.05,12.5,3.3000000000000003,5.916275495756648,1389.5,37829.5,0.0013895,0.00378295,0.00517245,0.030601639188026476,31.677988059909897,1428.0,34930.5,0.001428,0.00349305,0.00492105,0.029114287528393252,33.34739727100537,1357.0,35696.5,0.001357,0.00356965,0.00492665,0.029147418671169493,33.308355442436735,1302.5,28645.5,0.0013025,0.00286455,0.00416705,0.02465341580459274,39.56233050730876
SA001,99395,2723063000,35803045,54000,10,100,155.08,,0,0,20119006912.0,1,100-PFP-95,IQT903,99395,SA005,,B,490,520,P0,1.0,SS00201,PFP,1.6,4.9,0.6,1000000,1995-01-01,1995-01-01,1995-01-01,11204.0,30.67488021902806,1.0,1.6134976043805613,1.0,1.0,1.05,16.3265306122449,2.8408163265306126,2.887699712525668,1389.5,37829.5,0.0013895,0.00378295,0.00517245,0.014936482378053392,65.95016769606538,1428.0,34930.5,0.001428,0.00349305,0.00492105,0.014210514670324437,69.3704280386327,1357.0,35696.5,0.001357,0.00356965,0.00492665,0.014226685788714583,69.29043973075282,1302.5,28645.5,0.0013025,0.00286455,0.00416705,0.012033189087080084,82.10348925487177
SA001,42327,2723063000,35803045,54000,10,50,136.65,,0,0,20119006912.0,1,50-PFP-91,IQT903,42327,SA005,,B,490,520,P0,0.8,SS00201,PFP,1.6,3.65,0.6,1000000,1991-01-01,1991-01-01,1991-01-01,12665.0,34.67488021902806,0.9653426409720027,1.6934976043805614,1.0,1.0,1.05,10.95890410958904,2.16986301369863,2.2348014445982396,1389.5,37829.5,0.0013895,0.00378295,0.00517245,0.011559398732112165,85.50968992201874,1428.0,34930.5,0.001428,0.00349305,0.00492105,0.010997569648940166,89.92918089374136,1357.0,35696.5,0.001357,0.00356965,0.00492665,0.011010084537029917,89.82582396499566,1302.5,28645.5,0.0013025,0.00286455,0.00416705,0.009312529359713094,106.38221178943039
SA001,107367,2723063000,35803045,54000,13,20,15.42,,0,0,20119006912.0,1,20-STS-92,IQT903,107367,SA005,,B,490,520,P0,0.8,SS00201,STS,2.0,2.1,0.7,1000000,1992-01-01,1992-01-01,1992-01-01,12300.0,33.67556468172484,0.919528104378295,1.673511293634497,1.0,1.0,1.05,9.523809523809524,1.7523809523809524,1.9820267797289195,1389.5,37829.5,0.0013895,0.00378295,0.00517245,0.01025193441680885,96.54256702622108,1428.0,34930.5,0.001428,0.00349305,0.00492105,0.009753652884384999,101.52569082101935,1357.0,35696.5,0.001357,0.00356965,0.00492665,0.009764752234351482,101.4091524290902,1302.5,28645.5,0.0013025,0.00286455,0.00416705,0.008259204692469395,120.07703310850054
SA001,59978,2723063000,35803045,54000,13,25,14.52,,0,0,20119006912.0,1,25-STS-89,IQT903,59978,SA005,,B,490,520,P0,0.8,SS00201,STS,2.0,2.8,0.7,1000000,1989-01-01,1989-01-01,1989-01-01,13395.0,36.6735112936345,0.9306852819440055,1.73347022587269,1.0,1.0,1.05,8.928571428571429,1.692857142857143,2.007367469835859,1389.5,37829.5,0.0013895,0.00378295,0.00517245,0.010383007869352489,95.31120505568514,1428.0,34930.5,0.001428,0.00349305,0.00492105,0.009878355687435754,100.23142268220778,1357.0,35696.5,0.001357,0.00356965,0.00492665,0.009889596945266836,100.11635545254454,1302.5,28645.5,0.0013025,0.00286455,0.00416705,0.008364800615179517,118.5485757526976
SA001,128730,2723063000,35803045,54000,4,80,136.27,,0,0,20119006912.0,1,80-DTC-91,IQT903,128730,SA005,,B,490,520,P0,1.0,SS00201,DTC,1.0,6.0,1.0,1000000,1991-01-01,1991-01-01,1991-01-01,12665.0,34.67488021902806,0.9888428224342896,1.6934976043805614,1.0,1.0,1.05,6.666666666666667,2.1333333333333337,3.751110610019097,1389.5,37829.5,0.0013895,0.00378295,0.00517245,0.01940243207479328,50.53993046568387,1428.0,34930.5,0.001428,0.00349305,0.00492105,0.018459402867434478,53.172933283999654,1357.0,35696.5,0.001357,0.00356965,0.00492665,0.018480409086850585,53.11135626383577,1302.5,28645.5,0.0013025,0.00286455,0.00416705,0.01563106546748008,62.97516548570968
SA001,10918,2723063000,35803045,54000,13,25,24.69,,0,0,20119006912.0,1,25-STS-89,IQT903,10918,SA005,,B,490,520,P0,0.8,SS00201,STS,2.0,2.8,0.7,1000000,1989-01-01,1989-01-01,1989-01-01,13395.0,36.6735112936345,0.9306852819440055,1.73347022587269,1.0,1.0,1.05,8.928571428571429,1.692857142857143,2.007367469835859,1389.5,37829.5,0.0013895,0.00378295,0.00517245,0.010383007869352489,95.31120505568514,1428.0,34930.5,0.001428,0.00349305,0.00492105,0.009878355687435754,100.23142268220778,1357.0,35696.5,0.001357,0.00356965,0.00492665,0.009889596945266836,100.11635545254454,1302.5,28645.5,0.0013025,0.00286455,0.00416705,0.008364800615179517,118.5485757526976
SA001,267500,2723063000,35803045,54000,10,40,54.63,,0,0,20119006912.0,1,40-PFP-96,IQT903,267500,SA005,,B,490,520,P0,0.8,SS00201,PFP,1.6,3.25,0.6,1000000,1996-01-01,1996-01-01,1996-01-01,10839.0,29.675564681724847,0.9541854634062923,1.593511293634497,1.0,1.0,1.05,9.846153846153847,2.0307692307692307,1.9453111039878208,1389.5,37829.5,0.0013895,0.00378295,0.00517245,0.010062024419821805,98.38357911654816,1428.0,34930.5,0.001428,0.00349305,0.00492105,0.009572973208279266,103.46075406699579,1357.0,35696.5,0.001357,0.00356965,0.00492665,0.009583866950461598,103.34201613700782,1302.5,28645.5,0.0013025,0.00286455,0.00416705,0.008106208635872449,122.36223318688032
SA001,177114,2723063000,35803045,54000,13,25,13.4,,0,0,20119006912.0,1,25-STS-89,IQT903,177114,SA005,,B,490,520,P0,0.8,SS00201,STS,2.0,2.8,0.7,1000000,1989-01-01,1989-01-01,1989-01-01,13395.0,36.6735112936345,0.9306852819440055,1.73347022587269,1.0,1.0,1.05,8.928571428571429,1.692857142857143,2.007367469835859,1389.5,37829.5,0.0013895,0.00378295,0.00517245,0.010383007869352489,95.31120505568514,1428.0,34930.5,0.001428,0.00349305,0.00492105,0.009878355687435754,100.23142268220778,1357.0,35696.5,0.001357,0.00356965,0.00492665,0.009889596945266836,100.11635545254454,1302.5,28645.5,0.0013025,0.00286455,0.00416705,0.008364800615179517,118.5485757526976
SA001,245208,2723063000,35803045,54000,13,25,17.32,,0,0,20119006912.0,1,25-STS-91,IQT903,245208,SA005,,B,490,520,P0,0.8,SS00201,STS,2.0,2.8,0.7,1000000,1991-01-01,1991-01-01,1991-01-01,12665.0,34.67488021902806,0.9306852819440055,1.6934976043805614,1.0,1.0,1.05,8.928571428571429,1.692857142857143,1.9610789678069505,1389.5,37829.5,0.0013895,0.00378295,0.00517245,0.010143582907033061,97.58449515965894,1428.0,34930.5,0.001428,0.00349305,0.00492105,0.009650567654526394,102.62084758101987,1357.0,35696.5,0.001357,0.00356965,0.00492665,0.009661549696746112,102.50306435175584,1302.5,28645.5,0.0013025,0.00286455,0.00416705,0.008171914112799954,121.37035120494782
SA001,245207,2723063000,35803045,54000,13,25,19.22,,0,0,20119006912.0,1,25-STS-95,IQT903,245207,SA005,,B,490,520,P0,0.8,SS00201,STS,2.0,2.8,0.7,1000000,1995-01-01,1995-01-01,1995-01-01,11204.0,30.67488021902806,0.9306852819440055,1.6134976043805613,1.0,1.0,1.05,8.928571428571429,1.692857142857143,1.8684385548422442,1389.5,37829.5,0.0013895,0.00378295,0.00517245,0.009664405002993766,102.47248482345552,1428.0,34930.5,0.001428,0.00349305,0.00492105,0.009194679550306424,107.7585483027164,1357.0,35696.5,0.001357,0.00356965,0.00492665,0.009205142806213543,107.63492517736849,1302.5,28645.5,0.0013025,0.00286455,0.00416705,0.007785876879955374,127.43768472302527
SA001,146526,2723063000,35803045,54000,13,20,14.98,,0,0,20119006912.0,1,20-STS-89,IQT903,146526,SA005,,B,490,520,P0,0.8,SS00201,STS,2.0,2.1,0.7,1000000,1989-01-01,1989-01-01,1989-01-01,13395.0,36.6735112936345,0.919528104378295,1.73347022587269,1.0,1.0,1.05,9.523809523809524,1.7523809523809524,2.053039272941293,1389.5,37829.5,0.0013895,0.00378295,0.00517245,0.010619242987325193,93.16867108075121,1428.0,34930.5,0.001428,0.00349305,0.00492105,0.01010310891410775,97.97943380612504,1357.0,35696.5,0.001357,0.00356965,0.00492665,0.010114605934036222,97.86692635596839,1302.5,28645.5,0.0013025,0.00286455,0.00416705,0.008555117302310017,115.88910445798145
SA001,110958,2723063000,35803045,54000,4,80,117.11,,0,0,20119006912.0,1,80-DTC-92,IQT903,110958,SA005,,B,490,520,P0,1.0,SS00201,DTC,1.0,6.0,1.0,1000000,1992-01-01,1992-01-01,1992-01-01,12300.0,33.67556468172484,0.9888428224342896,1.673511293634497,1.0,1.0,1.05,6.666666666666667,2.1333333333333337,3.7068407733799575,1389.5,37829.5,0.0013895,0.00378295,0.00517245,0.019173448558269163,51.15545846960942,1428.0,34930.5,0.001428,0.00349305,0.00492105,0.018241548787841438,53.819906556757466,1357.0,35696.5,0.001357,0.00356965,0.00492665,0.01826230709617237,53.75759413823414,1302.5,28645.5,0.0013025,0.00286455,0.00416705,0.015446590844712954,63.739204271878485
SA001,245472,2723063100,35803045,54000,4,100,107.49,,0,0,20119006912.0,1,100-DTC-92,IQT903,245472,SA005,,B,470,520,P0,1.0,SS00201,DTC,1.0,6.0,1.0,1000000,1992-01-01,1992-01-01,1992-01-01,12300.0,33.67556468172484,1.0,1.673511293634497,1.0,1.0,1.05,8.333333333333334,2.466666666666667,4.3343942505133475,1389.5,37829.5,0.0013895,0.00378295,0.00517245,0.022419437541067764,43.60415200730202,1428.0,34930.5,0.001428,0.00349305,0.00492105,0.02132977082648871,45.88282908122643,1357.0,35696.5,0.001357,0.00356965,0.00492665,0.021354043434291585,45.82953854042185,1302.5,28645.5,0.0013025,0.00286455,0.00416705,0.018061637561601646,54.36596538322539
SA001,211231,2723063000,35803045,54000,13,25,11.58,,0,0,20119006912.0,1,25-STS-95,IQT903,211231,SA005,,B,490,520,P0,0.8,SS00201,STS,2.0,2.8,0.7,1000000,1995-01-01,1995-01-01,1995-01-01,11204.0,30.67488021902806,0.9306852819440055,1.6134976043805613,1.0,1.0,1.05,8.928571428571429,1.692857142857143,1.8684385548422442,1389.5,37829.5,0.0013895,0.00378295,0.00517245,0.009664405002993766,102.47248482345552,1428.0,34930.5,0.001428,0.00349305,0.00492105,0.009194679550306424,107.7585483027164,1357.0,35696.5,0.001357,0.00356965,0.00492665,0.009205142806213543,107.63492517736849,1302.5,28645.5,0.0013025,0.00286455,0.00416705,0.007785876879955374,127.43768472302527
SA001,142910,2723063000,35803045,54000,13,25,20.44,,0,0,20119006912.0,1,25-STS-96,IQT903,142910,SA005,,B,490,520,P0,0.8,SS00201,STS,2.0,2.8,0.7,1000000,1996-01-01,1996-01-01,1996-01-01,10839.0,29.675564681724847,0.9306852819440055,1.593511293634497,1.0,1.0,1.05,8.928571428571429,1.692857142857143,1.8452943038277898,1389.5,37829.5,0.0013895,0.00378295,0.00517245,0.009544692521834052,103.77026868203878,1428.0,34930.5,0.001428,0.00349305,0.00492105,0.009080785533851745,109.12263160187594,1357.0,35696.5,0.001357,0.00356965,0.00492665,0.009091119181953182,108.99745795711316,1302.5,28645.5,0.0013025,0.00286455,0.00416705,0.007689433628765592,129.04858982839454
SA001,3959,2723063100,35803045,54000,13,25,13.4,,0,0,20119006912.0,1,25-STS-94,IQT903,3959,SA005,,B,470,520,P0,0.8,SS00201,STS,2.0,2.8,0.7,1000000,1994-01-01,1994-01-01,1994-01-01,11569.0,31.67419575633128,0.9306852819440055,1.6334839151266256,1.0,1.0,1.05,8.928571428571429,1.692857142857143,1.8915828058566984,1389.5,37829.5,0.0013895,0.00378295,0.00517245,0.00978411748415348,101.2064587449626,1428.0,34930.5,0.001428,0.00349305,0.00492105,0.009308573566761106,106.42784518250818,1357.0,35696.5,0.001357,0.00356965,0.00492665,0.009319166430473903,106.30573463415949,1302.5,28645.5,0.0013025,0.00286455,0.00416705,0.007882320131145155,125.86619971811757
SA001,211230,2723063000,35803045,54000,13,25,24.76,,0,0,20119006912.0,1,25-STS-91,IQT903,211230,SA005,,B,490,520,P0,0.8,SS00201,STS,2.0,2.8,0.7,1000000,1991-01-01,1991-01-01,1991-01-01,12665.0,34.67488021902806,0.9306852819440055,1.6934976043805614,1.0,1.0,1.05,8.928571428571429,1.692857142857143,1.9610789678069505,1389.5,37829.5,0.0013895,0.00378295,0.00517245,0.010143582907033061,97.58449515965894,1428.0,34930.5,0.001428,0.00349305,0.00492105,0.009650567654526394,102.62084758101987,1357.0,35696.5,0.001357,0.00356965,0.00492665,0.009661549696746112,102.50306435175584,1302.5,28645.5,0.0013025,0.00286455,0.00416705,0.008171914112799954,121.37035120494782
SA001,407190,2723063100,35803045,54000,4,200,13.14,,0,0,20079004593.0,1,200-DTC-07,IQT903,407190,SA004,,B,470,520,P0,1.3,SS00201,DTC,1.0,6.3,1.0,1000000,2007-07-06,2007-07-06,2007-07-06,6635.0,18.16563997262149,1.0346573590279973,1.36331279945243,1.0,1.0,1.05,15.873015873015873,3.9746031746031747,5.886743830014558,1389.5,37829.5,0.0013895,0.00378295,0.00517245,0.0304488881235588,31.84192171294044,1428.0,34930.5,0.001428,0.00349305,0.00492105,0.028968960724693137,33.51970574655791,1357.0,35696.5,0.001357,0.00356965,0.00492665,0.029001926490141224,33.480468059248935,1302.5,28645.5,0.0013025,0.00286455,0.00416705,0.024530355876862163,39.76581705621454
SA001,407211,2723063000,35803045,54000,4,200,9.77,,0,0,20079004593.0,1,200-DTC-07,IQT903,407211,SA005,,B,490,520,P0,1.3,SS00201,DTC,1.0,6.3,1.0,1000000,2007-07-06,2007-07-06,2007-07-06,6635.0,18.16563997262149,1.0346573590279973,1.36331279945243,1.0,1.0,1.05,15.873015873015873,3.9746031746031747,5.886743830014558,1389.5,37829.5,0.0013895,0.00378295,0.00517245,0.0304488881235588,31.84192171294044,1428.0,34930.5,0.001428,0.00349305,0.00492105,0.028968960724693137,33.51970574655791,1357.0,35696.5,0.001357,0.00356965,0.00492665,0.029001926490141224,33.480468059248935,1302.5,28645.5,0.0013025,0.00286455,0.00416705,0.024530355876862163,39.76581705621454
SA001,244343,2723063000,35803045,54000,13,20,14.41,,0,0,20119006912.0,1,20-STS-88,IQT903,244343,SA005,,B,490,520,P0,0.8,SS00201,STS,2.0,2.1,0.7,1000000,1988-01-01,1988-01-01,1988-01-01,13761.0,37.67556468172484,0.919528104378295,1.7535112936344968,1.0,1.0,1.05,9.523809523809524,1.7523809523809524,2.076774955604059,1389.5,37829.5,0.0013895,0.00378295,0.00517245,0.010742014619114216,92.09240728648905,1428.0,34930.5,0.001428,0.00349305,0.00492105,0.010219913395275353,96.84818729112696,1357.0,35696.5,0.001357,0.00356965,0.00492665,0.010231543335026738,96.73696570062826,1302.5,28645.5,0.0013025,0.00286455,0.00416705,0.008654025078749895,114.55316640525078
SA001,245206,2723063000,35803045,54000,13,25,15.1,,0,0,20119006912.0,1,25-STS-89,IQT903,245206,SA005,,B,490,520,P0,0.8,SS00201,STS,2.0,2.8,0.7,1000000,1989-01-01,1989-01-01,1989-01-01,13395.0,36.6735112936345,0.9306852819440055,1.73347022587269,1.0,1.0,1.05,8.928571428571429,1.692857142857143,2.007367469835859,1389.5,37829.5,0.0013895,0.00378295,0.00517245,0.010383007869352489,95.31120505568514,1428.0,34930.5,0.001428,0.00349305,0.00492105,0.009878355687435754,100.23142268220778,1357.0,35696.5,0.001357,0.00356965,0.00492665,0.009889596945266836,100.11635545254454,1302.5,28645.5,0.0013025,0.00286455,0.00416705,0.008364800615179517,118.5485757526976
SA001,415766,2723063100,35803045,54000,2,400,259.11,,0,0,20119006912.0,1,400-CI-72-EL-99,IQT903,415766,SA004,,B,700,529,P0,1.2,SS00201,CI,0.8,20.3,1.0,100000,1972-01-01,1999-01-01,1999-01-01,9743.0,26.67488021902806,1.0693147180559945,1.5334976043805613,1.0,1.0,1.05,7.8817733990147785,2.7704433497536947,4.770097099046166,1389.5,37829.5,0.013895,0.0378295,0.0517245,0.2467308873996134,3.0529988382863764,1428.0,34930.5,0.01428,0.0349305,0.049210500000000004,0.23473886329261137,3.2600530051705157,1357.0,35696.5,0.01357,0.0356965,0.0492665,0.2350059887301579,3.2552107093246674,1302.5,28645.5,0.013025,0.0286455,0.0416705,0.19877233116580326,4.030881280784817
SA001,48168,2723063100,35803045,54000,4,100,334.63,,0,0,20119006912.0,1,100-DTC-91,IQT903,48168,SA005,,B,470,520,P0,1.0,SS00201,DTC,1.0,6.0,1.0,1000000,1991-01-01,1991-01-01,1991-01-01,12665.0,34.67488021902806,1.0,1.6934976043805614,1.0,1.0,1.05,8.333333333333334,2.466666666666667,4.386158795345655,1389.5,37829.5,0.0013895,0.00378295,0.00517245,0.022687187060985634,43.07774297059794,1428.0,34930.5,0.001428,0.00349305,0.00492105,0.021584506739835734,45.32952756591974,1357.0,35696.5,0.001357,0.00356965,0.00492665,0.021609069229089672,45.27686594912756,1302.5,28645.5,0.0013025,0.00286455,0.00416705,0.018277343008145115,53.71254763640208
SA001,72215,2723063100,35803045,54000,13,25,23.83,,0,0,20119006912.0,1,25-STS-92,IQT903,72215,SA005,,B,470,520,P0,0.8,SS00201,STS,2.0,2.8,0.7,1000000,1992-01-01,1992-01-01,1992-01-01,12300.0,33.67556468172484,0.9306852819440055,1.673511293634497,1.0,1.0,1.05,8.928571428571429,1.692857142857143,1.9379347167924958,1389.5,37829.5,0.0013895,0.00378295,0.00517245,0.010023870425873346,98.76186418160661,1428.0,34930.5,0.001428,0.00349305,0.00492105,0.00953667363807171,103.85836445192615,1357.0,35696.5,0.001357,0.00356965,0.00492665,0.00954752607248575,103.7391745681449,1302.5,28645.5,0.0013025,0.00286455,0.00416705,0.00807547086161017,122.8317885281317
SA001,178214,2723063100,35803045,54000,13,50,86.21,,0,0,20169008427.0,1,50-STS-16,IQT903,178214,SA005,,B,470,520,P0,0.8,SS00201,STS,2.0,2.8,0.7,1000000,2016-06-27,2016-06-27,2016-06-27,3356.0,9.188227241615332,0.9653426409720027,1.1837645448323066,1.0,1.0,1.05,17.857142857142858,2.585714285714286,2.171774313991134,1389.5,37829.5,0.0013895,0.00378295,0.00517245,0.011233394050403443,88.0202903515243,1428.0,34930.5,0.001428,0.00349305,0.00492105,0.01068740998786607,92.56803950960504,1357.0,35696.5,0.001357,0.00356965,0.00492665,0.010699571924024421,92.46168305618258,1302.5,28645.5,0.0013025,0.00286455,0.00416705,0.009049892155116757,109.4985543318995
SA001,211244,2723063100,35803045,54000,13,25,12.62,,0,0,20119006912.0,1,25-STS-91,IQT903,211244,SA005,,B,470,520,P0,0.8,SS00201,STS,2.0,2.8,0.7,1000000,1991-01-01,1991-01-01,1991-01-01,12665.0,34.67488021902806,0.9306852819440055,1.6934976043805614,1.0,1.0,1.05,8.928571428571429,1.692857142857143,1.9610789678069505,1389.5,37829.5,0.0013895,0.00378295,0.00517245,0.010143582907033061,97.58449515965894,1428.0,34930.5,0.001428,0.00349305,0.00492105,0.009650567654526394,102.62084758101987,1357.0,35696.5,0.001357,0.00356965,0.00492665,0.009661549696746112,102.50306435175584,1302.5,28645.5,0.0013025,0.00286455,0.00416705,0.008171914112799954,121.37035120494782
SA001,4789,2723063100,35803045,54000,10,40,45.33,,0,0,20119006912.0,1,40-PFP-93,IQT903,4789,SA005,,B,470,520,P0,0.8,SS00201,PFP,1.6,3.25,0.6,1000000,1993-01-01,1993-01-01,1993-01-01,11934.0,32.6735112936345,0.9541854634062923,1.6534702258726899,1.0,1.0,1.05,9.846153846153847,2.0307692307692307,2.018507181814279,1389.5,37829.5,0.0013895,0.00378295,0.00517245,0.010440627472575266,94.77968399186086,1428.0,34930.5,0.001428,0.00349305,0.00492105,0.009933174767067156,99.67274798339801,1357.0,35696.5,0.001357,0.00356965,0.00492665,0.009944478407285318,99.55831578531064,1302.5,28645.5,0.0013025,0.00286455,0.00416705,0.008411220351979191,117.88881258053075
SA001,211241,2723063100,35803045,54000,13,20,12.31,,0,0,20119006912.0,1,20-STS-92,IQT903,211241,SA005,,B,470,520,P0,0.8,SS00201,STS,2.0,2.1,0.7,1000000,1992-01-01,1992-01-01,1992-01-01,12300.0,33.67556468172484,0.919528104378295,1.673511293634497,1.0,1.0,1.05,9.523809523809524,1.7523809523809524,1.9820267797289195,1389.5,37829.5,0.0013895,0.00378295,0.00517245,0.01025193441680885,96.54256702622108,1428.0,34930.5,0.001428,0.00349305,0.00492105,0.009753652884384999,101.52569082101935,1357.0,35696.5,0.001357,0.00356965,0.00492665,0.009764752234351482,101.4091524290902,1302.5,28645.5,0.0013025,0.00286455,0.00416705,0.008259204692469395,120.07703310850054
SA001,178216,2723063100,35803045,54000,13,25,14.46,,0,0,20119006912.0,1,25-STS-92,IQT903,178216,SA005,,B,470,520,P0,0.8,SS00201,STS,2.0,2.8,0.7,1000000,1992-01-01,1992-01-01,1992-01-01,12300.0,33.67556468172484,0.9306852819440055,1.673511293634497,1.0,1.0,1.05,8.928571428571429,1.692857142857143,1.9379347167924958,1389.5,37829.5,0.0013895,0.00378295,0.00517245,0.010023870425873346,98.76186418160661,1428.0,34930.5,0.001428,0.00349305,0.00492105,0.00953667363807171,103.85836445192615,1357.0,35696.5,0.001357,0.00356965,0.00492665,0.00954752607248575,103.7391745681449,1302.5,28645.5,0.0013025,0.00286455,0.00416705,0.00807547086161017,122.8317885281317
SA001,211238,2723063100,35803045,54000,13,20,12.57,,0,0,20119006912.0,1,20-STS-90,IQT903,211238,SA005,,B,470,520,P0,0.8,SS00201,STS,2.0,2.1,0.7,1000000,1990-01-01,1990-01-01,1990-01-01,13030.0,35.67419575633128,0.919528104378295,1.7134839151266257,1.0,1.0,1.05,9.523809523809524,1.7523809523809524,2.0293684418705022,1389.5,37829.5,0.0013895,0.00378295,0.00517245,0.01049680679715308,94.26706734006171,1428.0,34930.5,0.001428,0.00349305,0.00492105,0.009986623570866835,99.13394345985151,1357.0,35696.5,0.001357,0.00356965,0.00492665,0.00999798803414131,99.02012370740812,1302.5,28645.5,0.0013025,0.00286455,0.00416705,0.008456479765696476,117.25251495976823
SA001,245216,2723063100,35803045,54000,13,25,31.44,,0,0,20119006912.0,1,25-STS-92,IQT903,245216,SA005,,B,470,520,P0,0.8,SS00201,STS,2.0,2.8,0.7,1000000,1992-01-01,1992-01-01,1992-01-01,12300.0,33.67556468172484,0.9306852819440055,1.673511293634497,1.0,1.0,1.05,8.928571428571429,1.692857142857143,1.9379347167924958,1389.5,37829.5,0.0013895,0.00378295,0.00517245,0.010023870425873346,98.76186418160661,1428.0,34930.5,0.001428,0.00349305,0.00492105,0.00953667363807171,103.85836445192615,1357.0,35696.5,0.001357,0.00356965,0.00492665,0.00954752607248575,103.7391745681449,1302.5,28645.5,0.0013025,0.00286455,0.00416705,0.00807547086161017,122.8317885281317
SA001,211243,2723063100,35803045,54000,13,25,18.99,,0,0,20119006912.0,1,25-STS-92,IQT903,211243,SA005,,B,470,520,P0,0.8,SS00201,STS,2.0,2.8,0.7,1000000,1992-01-01,1992-01-01,1992-01-01,12300.0,33.67556468172484,0.9306852819440055,1.673511293634497,1.0,1.0,1.05,8.928571428571429,1.692857142857143,1.9379347167924958,1389.5,37829.5,0.0013895,0.00378295,0.00517245,0.010023870425873346,98.76186418160661,1428.0,34930.5,0.001428,0.00349305,0.00492105,0.00953667363807171,103.85836445192615,1357.0,35696.5,0.001357,0.00356965,0.00492665,0.00954752607248575,103.7391745681449,1302.5,28645.5,0.0013025,0.00286455,0.00416705,0.00807547086161017,122.8317885281317
SA001,212342,2723063100,35803045,54000,13,50,122.0,,0,0,20199008599.0,1,50-STS-19,IQT903,212342,SA005,,B,470,520,P0,0.8,SS00201,STS,2.0,2.8,0.7,1000000,2019-08-21,2019-08-21,2019-08-21,2206.0,6.039698836413415,0.9653426409720027,1.1207939767282684,1.0,1.0,1.05,17.857142857142858,2.585714285714286,2.0562463883214623,1389.5,37829.5,0.0013895,0.00378295,0.00517245,0.010635831631273348,93.02179675913857,1428.0,34930.5,0.001428,0.00349305,0.00492105,0.010118891289249332,97.82505616622596,1357.0,35696.5,0.001357,0.00356965,0.00492665,0.010130406269023933,97.71272419327663,1302.5,28645.5,0.0013025,0.00286455,0.00416705,0.00856848151245495,115.70679321025818
SA001,178212,2723063100,35803045,54000,4,100,5.0,,0,0,20119006912.0,1,100-DTC-99,IQT903,178212,SA005,,B,470,520,P0,1.0,SS00201,DTC,1.0,6.0,1.0,1000000,1999-01-01,1999-01-01,1999-01-01,9743.0,26.67488021902806,1.0,1.5334976043805613,1.0,1.0,1.05,8.333333333333334,2.466666666666667,3.971758795345654,1389.5,37829.5,0.0013895,0.00378295,0.00517245,0.02054372378098563,47.67666693053749,1428.0,34930.5,0.001428,0.00349305,0.00492105,0.019545223619835732,50.16339518290989,1357.0,35696.5,0.001357,0.00356965,0.00492665,0.01956746546908967,50.105239029535014,1302.5,28645.5,0.0013025,0.00286455,0.00416705,0.01655051748814511,59.421071468990945
SA001,212341,2723063100,35803045,54000,10,40,15.02,,0,0,20119006912.0,1,40-PFP-99,IQT903,212341,SA005,,B,470,520,P0,0.8,SS00201,PFP,1.6,3.25,0.6,1000000,1999-01-01,1999-01-01,1999-01-01,9743.0,26.67488021902806,0.9541854634062923,1.5334976043805613,1.0,1.0,1.05,9.846153846153847,2.0307692307692307,1.872048180428188,1389.5,37829.5,0.0013895,0.00378295,0.00517245,0.009683075610855782,102.2729723682929,1428.0,34930.5,0.001428,0.00349305,0.00492105,0.009212442698296134,107.5488434229233,1357.0,35696.5,0.001357,0.00356965,0.00492665,0.009222926168106533,107.42545866387435,1302.5,28645.5,0.0013025,0.00286455,0.00416705,0.007800918370253282,127.19003513909757
SA001,178218,2723063100,35803045,54000,4,150,250.27,,0,0,20119006912.0,1,150-DTC-95,IQT903,178218,SA005,,B,470,520,P0,1.1,SS00201,DTC,1.0,6.0,1.0,1000000,1995-01-01,1995-01-01,1995-01-01,11204.0,30.67488021902806,1.0202732554054081,1.6134976043805613,1.0,1.0,1.05,12.5,3.3000000000000003,5.704112291066283,1389.5,37829.5,0.0013895,0.00378295,0.00517245,0.0295042356199258,32.89343865341986,1428.0,34930.5,0.001428,0.00349305,0.00492105,0.028070221789951732,34.624941173709175,1357.0,35696.5,0.001357,0.00356965,0.00492665,0.028102164818781708,34.58444719289609,1302.5,28645.5,0.0013025,0.00286455,0.00416705,0.02376932112248776,41.0710374876427
SA001,4793,2723063100,35803045,54000,13,25,15.16,,0,0,20119006912.0,1,25-STS-94,IQT903,4793,SA005,,B,470,520,P0,0.8,SS00201,STS,2.0,2.8,0.7,1000000,1994-01-01,1994-01-01,1994-01-01,11569.0,31.67419575633128,0.9306852819440055,1.6334839151266256,1.0,1.0,1.05,8.928571428571429,1.692857142857143,1.8915828058566984,1389.5,37829.5,0.0013895,0.00378295,0.00517245,0.00978411748415348,101.2064587449626,1428.0,34930.5,0.001428,0.00349305,0.00492105,0.009308573566761106,106.42784518250818,1357.0,35696.5,0.001357,0.00356965,0.00492665,0.009319166430473903,106.30573463415949,1302.5,28645.5,0.0013025,0.00286455,0.00416705,0.007882320131145155,125.86619971811757
SA001,211240,2723063100,35803045,54000,13,20,15.53,,0,0,20119006912.0,1,20-STS-92,IQT903,211240,SA005,,B,470,520,P0,0.8,SS00201,STS,2.0,2.1,0.7,1000000,1992-01-01,1992-01-01,1992-01-01,12300.0,33.67556468172484,0.919528104378295,1.673511293634497,1.0,1.0,1.05,9.523809523809524,1.7523809523809524,1.9820267797289195,1389.5,37829.5,0.0013895,0.00378295,0.00517245,0.01025193441680885,96.54256702622108,1428.0,34930.5,0.001428,0.00349305,0.00492105,0.009753652884384999,101.52569082101935,1357.0,35696.5,0.001357,0.00356965,0.00492665,0.009764752234351482,101.4091524290902,1302.5,28645.5,0.0013025,0.00286455,0.00416705,0.008259204692469395,120.07703310850054
SA001,73313,2723063100,35803045,54000,13,50,36.0,,0,0,2007540000000.0,1,50-STS-06,IQT903,73313,SA005,,B,470,520,P0,0.8,SS00201,STS,2.0,2.8,0.7,1000000,2006-12-22,2006-12-22,2006-12-22,6831.0,18.702258726899384,0.9653426409720027,1.3740451745379878,1.0,1.0,1.05,17.857142857142858,2.585714285714286,2.5208695676451436,1389.5,37829.5,0.0013895,0.00378295,0.00517245,0.013039071795166123,75.69257564566233,1428.0,34930.5,0.001428,0.00349305,0.00492105,0.012405325185860133,79.61054305451198,1357.0,35696.5,0.001357,0.00356965,0.00492665,0.012419442055438948,79.51891506366518,1302.5,28645.5,0.0013025,0.00286455,0.00416705,0.010504589531855697,94.1964850189957
SA001,4787,2723063100,35803045,54000,4,80,83.23,,0,0,20119006912.0,1,80-DTC-92,IQT903,4787,SA005,,B,470,520,P0,1.0,SS00201,DTC,1.0,6.0,1.0,1000000,1992-01-01,1992-01-01,1992-01-01,12300.0,33.67556468172484,0.9888428224342896,1.673511293634497,1.0,1.0,1.05,6.666666666666667,2.1333333333333337,3.7068407733799575,1389.5,37829.5,0.0013895,0.00378295,0.00517245,0.019173448558269163,51.15545846960942,1428.0,34930.5,0.001428,0.00349305,0.00492105,0.018241548787841438,53.819906556757466,1357.0,35696.5,0.001357,0.00356965,0.00492665,0.01826230709617237,53.75759413823414,1302.5,28645.5,0.0013025,0.00286455,0.00416705,0.015446590844712954,63.739204271878485
SA001,246344,2723063100,35803045,54000,4,80,118.99,,0,0,20119006912.0,1,80-DTC-99,IQT903,246344,SA005,,B,470,520,P0,1.0,SS00201,DTC,1.0,6.0,1.0,1000000,1999-01-01,1999-01-01,1999-01-01,9743.0,26.67488021902806,0.9888428224342896,1.5334976043805613,1.0,1.0,1.05,6.666666666666667,2.1333333333333337,3.396709342458647,1389.5,37829.5,0.0013895,0.00378295,0.00517245,0.017569309238400232,55.91743405679019,1428.0,34930.5,0.001428,0.00349305,0.00492105,0.016715376509706125,58.82515556376068,1357.0,35696.5,0.001357,0.00356965,0.00492665,0.016734398082023896,58.75715380370931,1302.5,28645.5,0.0013025,0.00286455,0.00416705,0.014154257665492307,69.65011981786743
SA001,142914,2723063100,35803045,54000,13,20,6.0,,0,0,20199008599.0,1,20-STS-19,IQT903,142914,SA005,,B,470,520,P0,0.8,SS00201,STS,2.0,2.1,0.7,1000000,2019-08-21,2019-08-21,2019-08-21,2206.0,6.039698836413415,0.919528104378295,1.1207939767282684,1.0,1.0,1.05,9.523809523809524,1.7523809523809524,1.3274148103355874,1389.5,37829.5,0.0013895,0.00378295,0.00517245,0.0068659867357203095,144.6454896420784,1428.0,34930.5,0.001428,0.00349305,0.00492105,0.006532274652401942,152.0860310094733,1357.0,35696.5,0.001357,0.00356965,0.00492665,0.006539708175339822,151.9120219417187,1302.5,28645.5,0.0013025,0.00286455,0.00416705,0.00553140388540891,179.7859307901677
SA001,38877,2723063100,35803045,54000,4,100,130.49,,0,0,20119006912.0,1,100-DTC-94,IQT903,38877,SA005,,B,470,520,P0,1.0,SS00201,DTC,1.0,6.0,1.0,1000000,1994-01-01,1994-01-01,1994-01-01,11569.0,31.67419575633128,1.0,1.6334839151266256,1.0,1.0,1.05,8.333333333333334,2.466666666666667,4.230723340177961,1389.5,37829.5,0.0013895,0.00378295,0.00517245,0.021883204940903494,44.69714549128163,1428.0,34930.5,0.001428,0.00349305,0.00492105,0.020819601093182753,47.03165994988462,1357.0,35696.5,0.001357,0.00356965,0.00492665,0.02084329314388775,46.97706356172646,1302.5,28645.5,0.0013025,0.00286455,0.00416705,0.01762963569468857,55.72266956153146
SA001,3683,2723063100,35803045,54000,13,40,36.0,,0,0,20139002336.0,1,40-STS-19,IQT903,3683,SA005,,B,470,520,P0,0.8,SS00201,STS,2.0,2.8,0.7,1000000,2019-08-26,2019-08-26,2019-08-26,2201.0,6.026009582477755,0.9541854634062923,1.120520191649555,1.0,1.0,1.05,14.285714285714286,2.2285714285714286,1.7513235202967403,1389.5,37829.5,0.0013895,0.00378295,0.00517245,0.009058633342558875,109.3919280297883,1428.0,34930.5,0.001428,0.00349305,0.00492105,0.008618350609556274,115.03148274000031,1357.0,35696.5,0.001357,0.00356965,0.00492665,0.008628158021269936,114.89959265173668,1302.5,28645.5,0.0013025,0.00286455,0.00416705,0.007297852675252532,136.02660830507878
SA001,439264,2723063100,35803045,54000,4,200,596.77,,0,0,20119006912.0,1,200-DTC-95,IQT903,439264,SA005,,B,470,520,P0,1.3,SS00201,DTC,1.0,6.3,1.0,1000000,1995-01-01,1995-01-01,1995-01-01,11204.0,30.67488021902806,1.0346573590279973,1.6134976043805613,1.0,1.0,1.05,15.873015873015873,3.9746031746031747,6.967034323410943,1389.5,37829.5,0.0013895,0.00378295,0.00517245,0.03603663668612694,26.749537469598852,1428.0,34930.5,0.001428,0.00349305,0.00492105,0.03428512425722142,28.167168609265627,1357.0,35696.5,0.001357,0.00356965,0.00492665,0.034324139649432525,28.134015017228055,1302.5,28645.5,0.0013025,0.00286455,0.00416705,0.029031980377369572,33.44477390111148
SA001,461919,2723063100,35803045,54000,13,25,6.0,,0,0,20199008599.0,1,25-STS-19,IQT903,461919,SA005,,B,470,520,P0,0.8,SS00201,STS,2.0,2.8,0.7,1000000,2019-08-21,2019-08-21,2019-08-21,2206.0,6.039698836413415,0.9306852819440055,1.1207939767282684,1.0,1.0,1.05,8.928571428571429,1.692857142857143,1.2978852106557779,1389.5,37829.5,0.0013895,0.00378295,0.00517245,0.006713246357856479,147.9592287686128,1428.0,34930.5,0.001428,0.00349305,0.00492105,0.0063869580158976156,155.56905799457664,1357.0,35696.5,0.001357,0.00356965,0.00492665,0.006394226173077289,155.39108985704513,1302.5,28645.5,0.0013025,0.00286455,0.00416705,0.005408352567063159,183.89918835728187
SA001,415765,2723063100,35803045,54000,2,400,20.44,,0,0,20119006912.0,1,400-CI-72-EL-99,IQT903,415765,SA004,,B,580,520,P0,1.2,SS00201,CI,0.8,20.3,1.0,100000,1972-01-01,1999-01-01,1999-01-01,9743.0,26.67488021902806,1.0693147180559945,1.5334976043805613,1.3,1.0,1.05,7.8817733990147785,2.7704433497536947,6.201126228760016,1389.5,37829.5,0.013895,0.0378295,0.0517245,0.32075015361949744,2.1176914140664436,1428.0,34930.5,0.01428,0.0349305,0.049210500000000004,0.3051605222803948,2.2769638501311658,1357.0,35696.5,0.01357,0.0356965,0.0492665,0.3055077853492053,2.273239007172821,1302.5,28645.5,0.013025,0.0286455,0.0416705,0.2584040305155442,2.8699086775267824
SA001,116648,2723063100,35803045,54000,13,25,24.98,,0,0,20119006912.0,1,25-STS-85,IQT903,116648,SA005,,B,470,520,P0,0.8,SS00201,STS,2.0,2.8,0.7,1000000,1985-01-01,1985-01-01,1985-01-01,14856.0,40.6735112936345,0.9306852819440055,1.81347022587269,1.0,1.0,1.05,8.928571428571429,1.692857142857143,2.1000078828005653,1389.5,37829.5,0.0013895,0.00378295,0.00517245,0.010862185773391785,91.0625020472048,1428.0,34930.5,0.001428,0.00349305,0.00492105,0.010334243791655722,95.76566763476585,1357.0,35696.5,0.001357,0.00356965,0.00492665,0.010346003835799405,95.65567651732201,1302.5,28645.5,0.0013025,0.00286455,0.00416705,0.008750837848024096,113.27477201235033
SA001,7360,2723063100,35803045,54000,13,25,19.37,,0,0,20119006912.0,1,25-STS-93,IQT903,7360,SA005,,B,470,520,P0,0.8,SS00201,STS,2.0,2.8,0.7,1000000,1993-01-01,1993-01-01,1993-01-01,11934.0,32.6735112936345,0.9306852819440055,1.6534702258726899,1.0,1.0,1.05,8.928571428571429,1.692857142857143,1.9147270568711527,1389.5,37829.5,0.0013895,0.00378295,0.00517245,0.009903829965313195,99.97103883067084,1428.0,34930.5,0.001428,0.00349305,0.00492105,0.009422467583215785,105.12931179315461,1357.0,35696.5,0.001357,0.00356965,0.00492665,0.009433190054734265,105.00867725527557,1302.5,28645.5,0.0013025,0.00286455,0.00416705,0.007978763382334938,124.33270534303725
SA001,164023,2723063100,35803045,54000,13,25,14.64,,0,0,20119006912.0,1,25-STS-03,IQT903,164023,SA005,,B,470,520,P0,0.8,SS00201,STS,2.0,2.8,0.7,1000000,2003-03-26,2003-03-26,2003-03-26,8198.0,22.444900752908968,0.9306852819440055,1.4488980150581794,1.0,1.0,1.05,8.928571428571429,1.692857142857143,1.6778313807341627,1389.5,37829.5,0.0013895,0.00378295,0.00517245,0.00867849892527842,114.22730009071454,1428.0,34930.5,0.001428,0.00349305,0.00492105,0.00825669211616185,120.11387780132623,1357.0,35696.5,0.001357,0.00356965,0.00492665,0.008266087971893963,119.97621068154147,1302.5,28645.5,0.0013025,0.00286455,0.00416705,0.006991607255088293,142.0286289711466
SA001,42425,2723063100,35803045,54000,4,80,103.58,,0,0,20119006912.0,1,80-DTC-92,IQT903,42425,SA005,,B,470,520,P0,1.0,SS00201,DTC,1.0,6.0,1.0,1000000,1992-01-01,1992-01-01,1992-01-01,12300.0,33.67556468172484,0.9888428224342896,1.673511293634497,1.0,1.0,1.05,6.666666666666667,2.1333333333333337,3.7068407733799575,1389.5,37829.5,0.0013895,0.00378295,0.00517245,0.019173448558269163,51.15545846960942,1428.0,34930.5,0.001428,0.00349305,0.00492105,0.018241548787841438,53.819906556757466,1357.0,35696.5,0.001357,0.00356965,0.00492665,0.01826230709617237,53.75759413823414,1302.5,28645.5,0.0013025,0.00286455,0.00416705,0.015446590844712954,63.739204271878485
SA001,215055,2723063100,35803045,54000,10,50,133.7,,0,0,20119006912.0,1,50-PFP-93,IQT903,215055,SA005,,B,470,520,P0,0.8,SS00201,PFP,1.6,3.65,0.6,1000000,1993-01-01,1993-01-01,1993-01-01,11934.0,32.6735112936345,0.9653426409720027,1.6534702258726899,1.0,1.0,1.05,10.95890410958904,2.16986301369863,2.1819798503535917,1389.5,37829.5,0.0013895,0.00378295,0.00517245,0.011286181676961436,87.60392545703098,1428.0,34930.5,0.001428,0.00349305,0.00492105,0.010737631942582542,92.130403924004,1357.0,35696.5,0.001357,0.00356965,0.00492665,0.010749851029744522,92.02454492002069,1302.5,28645.5,0.0013025,0.00286455,0.00416705,0.009092419135415935,108.98173149595516
SA001,212338,2723063100,35803045,54000,13,25,27.41,,0,0,20119006912.0,1,25-STS-93,IQT903,212338,SA005,,B,470,520,P0,0.8,SS00201,STS,2.0,2.8,0.7,1000000,1993-01-01,1993-01-01,1993-01-01,11934.0,32.6735112936345,0.9306852819440055,1.6534702258726899,1.0,1.0,1.05,8.928571428571429,1.692857142857143,1.9147270568711527,1389.5,37829.5,0.0013895,0.00378295,0.00517245,0.009903829965313195,99.97103883067084,1428.0,34930.5,0.001428,0.00349305,0.00492105,0.009422467583215785,105.12931179315461,1357.0,35696.5,0.001357,0.00356965,0.00492665,0.009433190054734265,105.00867725527557,1302.5,28645.5,0.0013025,0.00286455,0.00416705,0.007978763382334938,124.33270534303725
SA001,177181,2723063100,35803045,54000,10,40,33.59,,0,0,20119006912.0,1,40-PFP-94,IQT903,177181,SA005,,B,470,520,P0,0.8,SS00201,PFP,1.6,3.25,0.6,1000000,1994-01-01,1994-01-01,1994-01-01,11569.0,31.67419575633128,0.9541854634062923,1.6334839151266256,1.0,1.0,1.05,9.846153846153847,2.0307692307692307,1.9941084892054595,1389.5,37829.5,0.0013895,0.00378295,0.00517245,0.01031442645499078,95.95158566147282,1428.0,34930.5,0.001428,0.00349305,0.00492105,0.009813107580804526,100.90451819320778,1357.0,35696.5,0.001357,0.00356965,0.00492665,0.009824274588344077,100.78868587268937,1302.5,28645.5,0.0013025,0.00286455,0.00416705,0.00830954977994361,119.34346342248955
SA001,72286,2723063100,35803045,54000,13,25,20.12,,0,0,20119006912.0,1,25-STS-92,IQT903,72286,SA005,,B,470,520,P0,0.8,SS00201,STS,2.0,2.8,0.7,1000000,1992-01-01,1992-01-01,1992-01-01,12300.0,33.67556468172484,0.9306852819440055,1.673511293634497,1.0,1.0,1.05,8.928571428571429,1.692857142857143,1.9379347167924958,1389.5,37829.5,0.0013895,0.00378295,0.00517245,0.010023870425873346,98.76186418160661,1428.0,34930.5,0.001428,0.00349305,0.00492105,0.00953667363807171,103.85836445192615,1357.0,35696.5,0.001357,0.00356965,0.00492665,0.00954752607248575,103.7391745681449,1302.5,28645.5,0.0013025,0.00286455,0.00416705,0.00807547086161017,122.8317885281317
SA001,212339,2723063100,35803045,54000,4,80,85.42,,0,0,20119006912.0,1,80-DTC-89,IQT903,212339,SA005,,B,470,520,P0,1.0,SS00201,DTC,1.0,6.0,1.0,1000000,1989-01-01,1989-01-01,1989-01-01,13395.0,36.6735112936345,0.9888428224342896,1.73347022587269,1.0,1.0,1.05,6.666666666666667,2.1333333333333337,3.8396502832973747,1389.5,37829.5,0.0013895,0.00378295,0.00517245,0.019860399107841507,49.351455404799424,1428.0,34930.5,0.001428,0.00349305,0.00492105,0.018895111026620545,51.92374300374002,1357.0,35696.5,0.001357,0.00356965,0.00492665,0.018916613068207012,51.86358590696616,1302.5,28645.5,0.0013025,0.00286455,0.00416705,0.016000014713014325,61.49994252734064
SA001,324619,2723063100,35803045,54000,4,150,242.39,,0,0,20119006912.0,1,150-DTC-95,IQT903,324619,SA005,,B,461,520,P0,1.1,SS00201,DTC,1.0,6.0,1.0,1000000,1995-01-01,1995-01-01,1995-01-01,11204.0,30.67488021902806,1.0202732554054081,1.6134976043805613,1.0,1.0,1.05,12.5,3.3000000000000003,5.704112291066283,1389.5,37829.5,0.0013895,0.00378295,0.00517245,0.0295042356199258,32.89343865341986,1428.0,34930.5,0.001428,0.00349305,0.00492105,0.028070221789951732,34.624941173709175,1357.0,35696.5,0.001357,0.00356965,0.00492665,0.028102164818781708,34.58444719289609,1302.5,28645.5,0.0013025,0.00286455,0.00416705,0.02376932112248776,41.0710374876427
SA001,245240,2723063100,35803045,54000,10,40,54.75,,0,0,20119006912.0,1,40-PFP-94,IQT903,245240,SA005,,B,470,520,P0,0.8,SS00201,PFP,1.6,3.25,0.6,1000000,1994-01-01,1994-01-01,1994-01-01,11569.0,31.67419575633128,0.9541854634062923,1.6334839151266256,1.0,1.0,1.05,9.846153846153847,2.0307692307692307,1.9941084892054595,1389.5,37829.5,0.0013895,0.00378295,0.00517245,0.01031442645499078,95.95158566147282,1428.0,34930.5,0.001428,0.00349305,0.00492105,0.009813107580804526,100.90451819320778,1357.0,35696.5,0.001357,0.00356965,0.00492665,0.009824274588344077,100.78868587268937,1302.5,28645.5,0.0013025,0.00286455,0.00416705,0.00830954977994361,119.34346342248955
SA001,71258,2723063100,35803045,54000,4,200,23.67,,0,0,20119006912.0,1,200-DTC-99,IQT903,71258,SA005,,B,470,520,P0,1.3,SS00201,DTC,1.0,6.3,1.0,1000000,1999-01-01,1999-01-01,1999-01-01,9743.0,26.67488021902806,1.0346573590279973,1.5334976043805613,1.0,1.0,1.05,15.873015873015873,3.9746031746031747,6.621596719810129,1389.5,37829.5,0.0013895,0.00378295,0.00517245,0.034249877953381906,28.197184333360752,1428.0,34930.5,0.001428,0.00349305,0.00492105,0.03258520853802163,29.688770913746428,1357.0,35696.5,0.001357,0.00356965,0.00492665,0.03262228947965257,29.65388775437505,1302.5,28645.5,0.0013025,0.00286455,0.00416705,0.0275925246112848,35.24170002881939
SA001,71255,2723063100,35803045,54000,4,200,3.43,,0,0,20119006912.0,1,200-DTC-99,IQT903,71255,SA005,,B,470,520,P0,1.3,SS00201,DTC,1.0,6.3,1.0,1000000,1999-01-01,1999-01-01,1999-01-01,9743.0,26.67488021902806,1.0346573590279973,1.5334976043805613,1.0,1.0,1.05,15.873015873015873,3.9746031746031747,6.621596719810129,1389.5,37829.5,0.0013895,0.00378295,0.00517245,0.034249877953381906,28.197184333360752,1428.0,34930.5,0.001428,0.00349305,0.00492105,0.03258520853802163,29.688770913746428,1357.0,35696.5,0.001357,0.00356965,0.00492665,0.03262228947965257,29.65388775437505,1302.5,28645.5,0.0013025,0.00286455,0.00416705,0.0275925246112848,35.24170002881939
SA001,37805,2723063100,35803045,54000,13,20,12.98,,0,0,20119006912.0,1,20-STS-92,IQT903,37805,SA005,,B,470,520,P0,0.8,SS00201,STS,2.0,2.1,0.7,1000000,1992-01-01,1992-01-01,1992-01-01,12300.0,33.67556468172484,0.919528104378295,1.673511293634497,1.0,1.0,1.05,9.523809523809524,1.7523809523809524,1.9820267797289195,1389.5,37829.5,0.0013895,0.00378295,0.00517245,0.01025193441680885,96.54256702622108,1428.0,34930.5,0.001428,0.00349305,0.00492105,0.009753652884384999,101.52569082101935,1357.0,35696.5,0.001357,0.00356965,0.00492665,0.009764752234351482,101.4091524290902,1302.5,28645.5,0.0013025,0.00286455,0.00416705,0.008259204692469395,120.07703310850054
SA001,37804,2723063100,35803045,54000,13,25,15.87,,0,0,20119006912.0,1,25-STS-93,IQT903,37804,SA005,,B,470,520,P0,0.8,SS00201,STS,2.0,2.8,0.7,1000000,1993-01-01,1993-01-01,1993-01-01,11934.0,32.6735112936345,0.9306852819440055,1.6534702258726899,1.0,1.0,1.05,8.928571428571429,1.692857142857143,1.9147270568711527,1389.5,37829.5,0.0013895,0.00378295,0.00517245,0.009903829965313195,99.97103883067084,1428.0,34930.5,0.001428,0.00349305,0.00492105,0.009422467583215785,105.12931179315461,1357.0,35696.5,0.001357,0.00356965,0.00492665,0.009433190054734265,105.00867725527557,1302.5,28645.5,0.0013025,0.00286455,0.00416705,0.007978763382334938,124.33270534303725
SA001,4786,2723063100,35803045,54000,4,80,98.14,,0,0,20119006912.0,1,80-DTC-99,IQT903,4786,SA005,,B,470,520,P0,1.0,SS00201,DTC,1.0,6.0,1.0,1000000,1999-01-01,1999-01-01,1999-01-01,9743.0,26.67488021902806,0.9888428224342896,1.5334976043805613,1.0,1.0,1.05,6.666666666666667,2.1333333333333337,3.396709342458647,1389.5,37829.5,0.0013895,0.00378295,0.00517245,0.017569309238400232,55.91743405679019,1428.0,34930.5,0.001428,0.00349305,0.00492105,0.016715376509706125,58.82515556376068,1357.0,35696.5,0.001357,0.00356965,0.00492665,0.016734398082023896,58.75715380370931,1302.5,28645.5,0.0013025,0.00286455,0.00416705,0.014154257665492307,69.65011981786743
SA001,211283,2723063100,35803045,54000,13,25,12.95,,0,0,20119006912.0,1,25-STS-93,IQT903,211283,SA005,,B,470,520,P0,0.8,SS00201,STS,2.0,2.8,0.7,1000000,1993-01-01,1993-01-01,1993-01-01,11934.0,32.6735112936345,0.9306852819440055,1.6534702258726899,1.0,1.0,1.05,8.928571428571429,1.692857142857143,1.9147270568711527,1389.5,37829.5,0.0013895,0.00378295,0.00517245,0.009903829965313195,99.97103883067084,1428.0,34930.5,0.001428,0.00349305,0.00492105,0.009422467583215785,105.12931179315461,1357.0,35696.5,0.001357,0.00356965,0.00492665,0.009433190054734265,105.00867725527557,1302.5,28645.5,0.0013025,0.00286455,0.00416705,0.007978763382334938,124.33270534303725
SA001,211282,2723063100,35803045,54000,13,25,10.21,,0,0,20119006912.0,1,25-STS-93,IQT903,211282,SA005,,B,470,520,P0,0.8,SS00201,STS,2.0,2.8,0.7,1000000,1993-01-01,1993-01-01,1993-01-01,11934.0,32.6735112936345,0.9306852819440055,1.6534702258726899,1.0,1.0,1.05,8.928571428571429,1.692857142857143,1.9147270568711527,1389.5,37829.5,0.0013895,0.00378295,0.00517245,0.009903829965313195,99.97103883067084,1428.0,34930.5,0.001428,0.00349305,0.00492105,0.009422467583215785,105.12931179315461,1357.0,35696.5,0.001357,0.00356965,0.00492665,0.009433190054734265,105.00867725527557,1302.5,28645.5,0.0013025,0.00286455,0.00416705,0.007978763382334938,124.33270534303725
SA001,38876,2723063100,35803045,54000,13,25,23.06,,0,0,20119006912.0,1,25-STS-90,IQT903,38876,SA005,,B,470,520,P0,0.8,SS00201,STS,2.0,2.8,0.7,1000000,1990-01-01,1990-01-01,1990-01-01,13030.0,35.67419575633128,0.9306852819440055,1.7134839151266257,1.0,1.0,1.05,8.928571428571429,1.692857142857143,1.9842232188214046,1389.5,37829.5,0.0013895,0.00378295,0.00517245,0.010263295388192775,96.43459212432218,1428.0,34930.5,0.001428,0.00349305,0.00492105,0.009764461670981073,101.41219984219838,1357.0,35696.5,0.001357,0.00356965,0.00492665,0.009775573321006474,101.29579045263014,1302.5,28645.5,0.0013025,0.00286455,0.00416705,0.008268357363989735,119.94300669141246
SA001,178211,2723063100,35803045,54000,10,40,52.13,,0,0,20119006912.0,1,40-PFP-93,IQT903,178211,SA005,,B,470,520,P0,0.8,SS00201,PFP,1.6,3.25,0.6,1000000,1993-01-01,1993-01-01,1993-01-01,11934.0,32.6735112936345,0.9541854634062923,1.6534702258726899,1.0,1.0,1.05,9.846153846153847,2.0307692307692307,2.018507181814279,1389.5,37829.5,0.0013895,0.00378295,0.00517245,0.010440627472575266,94.77968399186086,1428.0,34930.5,0.001428,0.00349305,0.00492105,0.009933174767067156,99.67274798339801,1357.0,35696.5,0.001357,0.00356965,0.00492665,0.009944478407285318,99.55831578531064,1302.5,28645.5,0.0013025,0.00286455,0.00416705,0.008411220351979191,117.88881258053075
SA001,313835,2723063100,35803045,54000,13,25,19.29,,0,0,20119006912.0,1,25-STS-93,IQT903,313835,SA005,,B,470,520,P0,0.8,SS00201,STS,2.0,2.8,0.7,1000000,1993-01-01,1993-01-01,1993-01-01,11934.0,32.6735112936345,0.9306852819440055,1.6534702258726899,1.0,1.0,1.05,8.928571428571429,1.692857142857143,1.9147270568711527,1389.5,37829.5,0.0013895,0.00378295,0.00517245,0.009903829965313195,99.97103883067084,1428.0,34930.5,0.001428,0.00349305,0.00492105,0.009422467583215785,105.12931179315461,1357.0,35696.5,0.001357,0.00356965,0.00492665,0.009433190054734265,105.00867725527557,1302.5,28645.5,0.0013025,0.00286455,0.00416705,0.007978763382334938,124.33270534303725
SA001,175888,2723063100,35803045,54000,4,400,8.0,,0,0,20119006912.0,1,400-DTC-00,IQT903,175888,SA004,,B,580,520,P0,1.2,SS00201,DTC,1.0,8.6,1.0,1000000,2000-01-01,2000-01-01,2000-01-01,9378.0,25.675564681724847,1.0693147180559945,1.513511293634497,1.3,1.0,1.05,23.255813953488374,5.451162790697675,12.042399028768596,1389.5,37829.5,0.0013895,0.00378295,0.00517245,0.062288706856354126,15.054274530150872,1428.0,34930.5,0.001428,0.00349305,0.00492105,0.059261247740521696,15.874433767890773,1357.0,35696.5,0.001357,0.00356965,0.00492665,0.05932868517508281,15.855253020506606,1302.5,28645.5,0.0013025,0.00286455,0.00416705,0.05018127887283018,18.92775039739837
SA001,175756,2723063100,35803045,54000,4,300,683.54,,0,0,20119006912.0,1,300-DTC-98,IQT903,175756,SA004,,B,580,520,P0,1.5,SS00201,DTC,1.0,7.2,1.0,1000000,1998-01-01,1998-01-01,1998-01-01,10108.0,27.67419575633128,1.0549306144334054,1.5534839151266255,1.3,1.0,1.05,20.833333333333332,4.966666666666667,11.110364875766729,1389.5,37829.5,0.0013895,0.00378295,0.00517245,0.057467806801659624,16.4010468757113,1428.0,34930.5,0.001428,0.00349305,0.00492105,0.05467466107189186,17.290008212124025,1357.0,35696.5,0.001357,0.00356965,0.00492665,0.05473687911519616,17.269218416626497,1302.5,28645.5,0.0013025,0.00286455,0.00416705,0.04629744595556375,20.5994636282917
SA001,463596,2723063100,35803045,54000,13,50,10.44,,0,0,20209001720.0,1,50-STS-20,IQT903,463596,SA005,,B,470,520,P0,0.0,SS00201,STS,2.0,2.8,0.7,1000000,2020-02-05,2020-02-05,2020-02-05,2038.0,5.579739904175223,0.9653426409720027,1.1115947980835044,1.0,1.0,1.05,17.857142857142858,2.585714285714286,2.0393692652671103,1389.5,37829.5,0.0013895,0.00378295,0.00517245,0.010548535556130865,93.7998890157596,1428.0,34930.5,0.001428,0.00349305,0.00492105,0.010035838122842712,98.64289855611422,1357.0,35696.5,0.001357,0.00356965,0.00492665,0.01004725859072821,98.52963696214786,1302.5,28645.5,0.0013025,0.00286455,0.00416705,0.008498153696831313,116.67261874457128
SA001,142051,2723063100,35803044,54000,2,500,122.0,,0,0,20119006912.0,1,500-CI-72-PL-00,IQT903,142051,SA004,,B,461,520,P0,1.2,SS00201,CI,0.8,22.6,1.0,100000,1972-01-01,2000-01-01,2000-01-01,9378.0,25.675564681724847,1.080471895621705,1.513511293634497,1.3,1.0,1.05,8.849557522123893,3.012389380530973,6.724235267176057,1389.5,37829.5,0.013895,0.0378295,0.0517245,0.34780770707704795,1.8751519292195427,1428.0,34930.5,0.01428,0.0349305,0.049210500000000004,0.33090297961536735,2.022033833489118,1357.0,35696.5,0.01357,0.0356965,0.0492665,0.3312795367903292,2.0185987631131956,1302.5,28645.5,0.013025,0.0286455,0.0416705,0.2802022457008599,2.568850768839256
SA001,324939,2723063100,35803045,54000,4,150,4.0,,0,0,2006540000000.0,1,150-DTC-06,IQT903,324939,SA005,,B,470,520,P0,1.1,SS00201,DTC,1.0,6.0,1.0,1000000,2006-07-18,2006-07-18,2006-07-18,6988.0,19.132101300479125,1.0202732554054081,1.3826420260095826,1.0,1.0,1.05,12.5,3.3000000000000003,4.887980839447142,1389.5,37829.5,0.0013895,0.00378295,0.00517245,0.02528283649299837,38.5525241116412,1428.0,34930.5,0.001428,0.00349305,0.00492105,0.024053998109961356,40.57313039722387,1357.0,35696.5,0.001357,0.00356965,0.00492665,0.024081370802662264,40.525875258290824,1302.5,28645.5,0.0013025,0.00286455,0.00416705,0.020368460557018214,48.095512014796675
SA001,47811,2723063100,35803045,54000,13,50,29.68,,0,0,20119006912.0,1,50-STS-88,IQT903,47811,SA005,,B,470,520,P0,0.8,SS00201,STS,2.0,2.8,0.7,1000000,1988-01-01,1988-01-01,1988-01-01,13761.0,37.67556468172484,0.9653426409720027,1.7535112936344968,1.0,1.0,1.05,17.857142857142858,2.585714285714286,3.217050893637166,1389.5,37829.5,0.0013895,0.00378295,0.00517245,0.01664003489479356,59.09602782220645,1428.0,34930.5,0.001428,0.00349305,0.00492105,0.015831268300133174,62.16613306285687,1357.0,35696.5,0.001357,0.00356965,0.00492665,0.015849283785137544,62.094333697131276,1302.5,28645.5,0.0013025,0.00286455,0.00416705,0.013405611926330753,73.59562498865427
SA001,426855,2723063100,35803045,54000,13,25,30.06,,0,0,20119010328.0,1,25-STS-11,IQT903,426855,SA005,,B,470,520,P0,0.8,SS00201,STS,2.0,2.8,0.7,1000000,2011-10-26,2011-10-26,2011-10-26,5062.0,13.859000684462696,0.9306852819440055,1.277180013689254,1.3,1.0,1.05,8.928571428571429,1.692857142857143,1.9226753633496783,1389.5,37829.5,0.0013895,0.00378295,0.00517245,0.009944942183158044,99.55362631403929,1428.0,34930.5,0.001428,0.00349305,0.00492105,0.009461581596811933,104.69057506590109,1357.0,35696.5,0.001357,0.00356965,0.00492665,0.009472348578846693,104.57043922910141,1302.5,28645.5,0.0013025,0.00286455,0.00416705,0.008011884372846277,123.81458212117747
SA001,436645,2723063100,35803045,54000,18,150,7.42,,0,0,20149004283.0,1,150-DTEP-14,IQT903,436645,SA005,,B,470,520,P0,1.1,SS00201,DTEP,1.6,6.0,1.0,1000000,2014-03-21,2014-03-21,2014-03-21,4185.0,11.457905544147843,1.0202732554054081,1.2291581108829568,1.0,1.0,1.05,20.0,3.3000000000000003,4.3453773150428585,1389.5,37829.5,0.0013895,0.00378295,0.00517245,0.022476246893193434,43.49141374678678,1428.0,34930.5,0.001428,0.00349305,0.00492105,0.02138381903619166,45.764331399714955,1357.0,35696.5,0.001357,0.00356965,0.00492665,0.0214081531491559,45.71117555226519,1302.5,28645.5,0.0013025,0.00286455,0.00416705,0.018107404540649345,54.22602633387343
SA001,211323,2723063100,35803045,54000,10,80,65.45,,0,0,20119006912.0,1,80-PFP-95,IQT903,211323,SA005,,B,580,520,P0,1.0,SS00201,PFP,1.6,4.5,0.6,1000000,1995-01-01,1995-01-01,1995-01-01,11204.0,30.67488021902806,0.9888428224342896,1.6134976043805613,1.0,1.0,1.05,14.222222222222221,2.5777777777777775,2.591084732773181,1389.5,37829.5,0.0013895,0.00378295,0.00517245,0.013402256226032642,73.61430248271128,1428.0,34930.5,0.001428,0.00349305,0.00492105,0.012750857524213463,77.4260978605582,1357.0,35696.5,0.001357,0.00356965,0.00492665,0.012765367598716994,77.33695287400158,1302.5,28645.5,0.0013025,0.00286455,0.00416705,0.010797179635702486,91.6167789867412
SA001,107416,2723063100,35803045,54000,4,150,115.75,,0,0,20119006912.0,1,150-DTC-91,IQT903,107416,SA005,,B,470,520,P0,1.1,SS00201,DTC,1.0,6.0,1.0,1000000,1991-01-01,1991-01-01,1991-01-01,12665.0,34.67488021902806,1.0202732554054081,1.6934976043805614,1.0,1.0,1.05,12.5,3.3000000000000003,5.986932037464664,1389.5,37829.5,0.0013895,0.00378295,0.00517245,0.0309671066171841,31.2923291595181,1428.0,34930.5,0.001428,0.00349305,0.00492105,0.029461991902965484,32.94203634613535,1357.0,35696.5,0.001357,0.00356965,0.00492665,0.029495518722375286,32.903455281205154,1302.5,28645.5,0.0013025,0.00286455,0.00416705,0.024947845146717128,39.08362221743185
SA001,246342,2723063100,35803045,54000,10,40,34.88,,0,0,20119006912.0,1,40-PFP-93,IQT903,246342,SA005,,B,470,520,P0,0.8,SS00201,PFP,1.6,3.25,0.6,1000000,1993-01-01,1993-01-01,1993-01-01,11934.0,32.6735112936345,0.9541854634062923,1.6534702258726899,1.0,1.0,1.05,9.846153846153847,2.0307692307692307,2.018507181814279,1389.5,37829.5,0.0013895,0.00378295,0.00517245,0.010440627472575266,94.77968399186086,1428.0,34930.5,0.001428,0.00349305,0.00492105,0.009933174767067156,99.67274798339801,1357.0,35696.5,0.001357,0.00356965,0.00492665,0.009944478407285318,99.55831578531064,1302.5,28645.5,0.0013025,0.00286455,0.00416705,0.008411220351979191,117.88881258053075
SA001,324845,2723063100,35803045,54000,4,100,5.0,,0,0,2006540000000.0,1,100-DTC-06,IQT903,324845,SA005,,B,461,520,P0,1.0,SS00201,DTC,1.0,6.0,1.0,1000000,2006-07-18,2006-07-18,2006-07-18,6988.0,19.132101300479125,1.0,1.3826420260095826,1.0,1.0,1.05,8.333333333333334,2.466666666666667,3.5810428473648193,1389.5,37829.5,0.0013895,0.00378295,0.00517245,0.01852276507585216,52.98761987775164,1428.0,34930.5,0.001428,0.00349305,0.00492105,0.017622490904024644,55.745666968772206,1357.0,35696.5,0.001357,0.00356965,0.00492665,0.01764254474396989,55.68116558648909,1302.5,28645.5,0.0013025,0.00286455,0.00416705,0.01492238459711157,66.01341823032517
SA001,210313,2723063100,35803045,54000,10,100,259.61,,0,0,20119006912.0,1,100-PFP-95,IQT903,210313,SA005,,B,580,520,P0,1.0,SS00201,PFP,1.6,4.9,0.6,1000000,1995-01-01,1995-01-01,1995-01-01,11204.0,30.67488021902806,1.0,1.6134976043805613,1.0,1.0,1.05,16.3265306122449,2.8408163265306126,2.887699712525668,1389.5,37829.5,0.0013895,0.00378295,0.00517245,0.014936482378053392,65.95016769606538,1428.0,34930.5,0.001428,0.00349305,0.00492105,0.014210514670324437,69.3704280386327,1357.0,35696.5,0.001357,0.00356965,0.00492665,0.014226685788714583,69.29043973075282,1302.5,28645.5,0.0013025,0.00286455,0.00416705,0.012033189087080084,82.10348925487177
SA001,37749,2723063100,35803045,54000,10,50,56.82,,0,0,20119006912.0,1,50-PFP-93,IQT903,37749,SA005,,B,580,520,P0,0.8,SS00201,PFP,1.6,3.65,0.6,1000000,1993-01-01,1993-01-01,1993-01-01,11934.0,32.6735112936345,0.9653426409720027,1.6534702258726899,1.0,1.0,1.05,10.95890410958904,2.16986301369863,2.1819798503535917,1389.5,37829.5,0.0013895,0.00378295,0.00517245,0.011286181676961436,87.60392545703098,1428.0,34930.5,0.001428,0.00349305,0.00492105,0.010737631942582542,92.130403924004,1357.0,35696.5,0.001357,0.00356965,0.00492665,0.010749851029744522,92.02454492002069,1302.5,28645.5,0.0013025,0.00286455,0.00416705,0.009092419135415935,108.98173149595516
SA001,246554,2723063100,35803045,54000,4,150,138.02,,0,0,20119006912.0,1,150-DTC-00,IQT903,246554,SA005,,B,470,520,P0,1.1,SS00201,DTC,1.0,6.0,1.0,1000000,2000-01-01,2000-01-01,2000-01-01,9378.0,25.675564681724847,1.0202732554054081,1.513511293634497,1.0,1.0,1.05,12.5,3.3000000000000003,5.35063600295989,1389.5,37829.5,0.0013895,0.00378295,0.00517245,0.027675897193509883,35.13252329303002,1428.0,34930.5,0.001428,0.00349305,0.00492105,0.026330747302365766,36.978413165286504,1357.0,35696.5,0.001357,0.00356965,0.00492665,0.026360710863982343,36.93524405164424,1302.5,28645.5,0.0013025,0.00286455,0.00416705,0.02229636775613401,43.85035459306539
SA001,178209,2723063100,35803045,54000,10,80,46.93,,0,0,20119006912.0,1,80-PFP-96,IQT903,178209,SA005,,B,470,520,P0,1.0,SS00201,PFP,1.6,4.5,0.6,1000000,1996-01-01,1996-01-01,1996-01-01,10839.0,29.675564681724847,0.9888428224342896,1.593511293634497,1.0,1.0,1.05,14.222222222222221,2.5777777777777775,2.558989101209806,1389.5,37829.5,0.0013895,0.00378295,0.00517245,0.013236243176552661,74.55013810651724,1428.0,34930.5,0.001428,0.00349305,0.00492105,0.012592913316508515,78.40974219913538,1357.0,35696.5,0.001357,0.00356965,0.00492665,0.012607243655475291,78.31947912862799,1302.5,28645.5,0.0013025,0.00286455,0.00416705,0.010663435534196321,92.77840723030803
SA001,324849,2723063100,35803045,54000,4,80,122.0,,0,0,2006540000000.0,1,80-DTC-06,IQT903,324849,SA005,,B,580,520,P0,1.0,SS00201,DTC,1.0,6.0,1.0,1000000,2006-07-18,2006-07-18,2006-07-18,6988.0,19.132101300479125,0.9888428224342896,1.3826420260095826,1.0,1.0,1.05,6.666666666666667,2.1333333333333337,3.0625630412509,1389.5,37829.5,0.0013895,0.00378295,0.00517245,0.015840954202718218,62.12751032563465,1428.0,34930.5,0.001428,0.00349305,0.00492105,0.01507102585414774,65.35248387718657,1357.0,35696.5,0.001357,0.00356965,0.00492665,0.015088176207178746,65.27706266607714,1302.5,28645.5,0.0013025,0.00286455,0.00416705,0.012761853321044564,77.358524803837
SA001,211245,2723063100,35803045,54000,13,25,20.23,,0,0,20119006912.0,1,25-STS-92,IQT903,211245,SA005,,B,470,520,P0,0.8,SS00201,STS,2.0,2.8,0.7,1000000,1992-01-01,1992-01-01,1992-01-01,12300.0,33.67556468172484,0.9306852819440055,1.673511293634497,1.0,1.0,1.05,8.928571428571429,1.692857142857143,1.9379347167924958,1389.5,37829.5,0.0013895,0.00378295,0.00517245,0.010023870425873346,98.76186418160661,1428.0,34930.5,0.001428,0.00349305,0.00492105,0.00953667363807171,103.85836445192615,1357.0,35696.5,0.001357,0.00356965,0.00492665,0.00954752607248575,103.7391745681449,1302.5,28645.5,0.0013025,0.00286455,0.00416705,0.00807547086161017,122.8317885281317
SA001,246343,2723063100,35803045,54000,10,80,47.89,,0,0,20119006912.0,1,80-PFP-96,IQT903,246343,SA005,,B,470,520,P0,1.0,SS00201,PFP,1.6,4.5,0.6,1000000,1996-01-01,1996-01-01,1996-01-01,10839.0,29.675564681724847,0.9888428224342896,1.593511293634497,1.0,1.0,1.05,14.222222222222221,2.5777777777777775,2.558989101209806,1389.5,37829.5,0.0013895,0.00378295,0.00517245,0.013236243176552661,74.55013810651724,1428.0,34930.5,0.001428,0.00349305,0.00492105,0.012592913316508515,78.40974219913538,1357.0,35696.5,0.001357,0.00356965,0.00492665,0.012607243655475291,78.31947912862799,1302.5,28645.5,0.0013025,0.00286455,0.00416705,0.010663435534196321,92.77840723030803
SA001,72305,2723063100,35803045,54000,10,80,9.16,,0,0,20119006912.0,1,80-PFP-96,IQT903,72305,SA005,,B,470,520,P0,1.0,SS00201,PFP,1.6,4.5,0.6,1000000,1996-01-01,1996-01-01,1996-01-01,10839.0,29.675564681724847,0.9888428224342896,1.593511293634497,1.0,1.0,1.05,14.222222222222221,2.5777777777777775,2.558989101209806,1389.5,37829.5,0.0013895,0.00378295,0.00517245,0.013236243176552661,74.55013810651724,1428.0,34930.5,0.001428,0.00349305,0.00492105,0.012592913316508515,78.40974219913538,1357.0,35696.5,0.001357,0.00356965,0.00492665,0.012607243655475291,78.31947912862799,1302.5,28645.5,0.0013025,0.00286455,0.00416705,0.010663435534196321,92.77840723030803
SA001,177107,2723063100,35803045,54000,10,40,49.53,,0,0,20119006912.0,1,40-PFP-94,IQT903,177107,SA005,,B,470,520,P0,0.8,SS00201,PFP,1.6,3.25,0.6,1000000,1994-01-01,1994-01-01,1994-01-01,11569.0,31.67419575633128,0.9541854634062923,1.6334839151266256,1.0,1.0,1.05,9.846153846153847,2.0307692307692307,1.9941084892054595,1389.5,37829.5,0.0013895,0.00378295,0.00517245,0.01031442645499078,95.95158566147282,1428.0,34930.5,0.001428,0.00349305,0.00492105,0.009813107580804526,100.90451819320778,1357.0,35696.5,0.001357,0.00356965,0.00492665,0.009824274588344077,100.78868587268937,1302.5,28645.5,0.0013025,0.00286455,0.00416705,0.00830954977994361,119.34346342248955
SA001,212340,2723063100,35803045,54000,10,40,43.58,,0,0,20119006912.0,1,40-PFP-91,IQT903,212340,SA005,,B,470,520,P0,0.8,SS00201,PFP,1.6,3.25,0.6,1000000,1991-01-01,1991-01-01,1991-01-01,12665.0,34.67488021902806,0.9541854634062923,1.6934976043805614,1.0,1.0,1.05,9.846153846153847,2.0307692307692307,2.0673714127650924,1389.5,37829.5,0.0013895,0.00378295,0.00517245,0.010693375263956802,92.51584278264413,1428.0,34930.5,0.001428,0.00349305,0.00492105,0.010173638090787657,97.29325469180107,1357.0,35696.5,0.001357,0.00356965,0.00492665,0.010185215370699142,97.18152720430467,1302.5,28645.5,0.0013025,0.00286455,0.00416705,0.00861484004556278,115.07876579380799
SA001,37852,2723063100,35803045,54000,10,50,81.07,,0,0,20119006912.0,1,50-PFP-95,IQT903,37852,SA005,,B,580,520,P0,0.8,SS00201,PFP,1.6,3.65,0.6,1000000,1995-01-01,1995-01-01,1995-01-01,11204.0,30.67488021902806,0.9653426409720027,1.6134976043805613,1.0,1.0,1.05,10.95890410958904,2.16986301369863,2.1292305154717974,1389.5,37829.5,0.0013895,0.00378295,0.00517245,0.011013338379752099,89.79898987199822,1428.0,34930.5,0.001428,0.00349305,0.00492105,0.010478049828162488,94.43760684476223,1357.0,35696.5,0.001357,0.00356965,0.00492665,0.010489973519049131,94.32912530084685,1302.5,28645.5,0.0013025,0.00286455,0.00416705,0.008872610019496754,111.70640744973473
SA001,324848,2723063100,35803045,54000,4,100,21.0,,0,0,2006540000000.0,1,100-DTC-06,IQT903,324848,SA004,,B,580,520,P0,1.0,SS00201,DTC,1.0,6.0,1.0,1000000,2006-07-18,2006-07-18,2006-07-18,6988.0,19.132101300479125,1.0,1.3826420260095826,1.0,1.0,1.05,8.333333333333334,2.466666666666667,3.5810428473648193,1389.5,37829.5,0.0013895,0.00378295,0.00517245,0.01852276507585216,52.98761987775164,1428.0,34930.5,0.001428,0.00349305,0.00492105,0.017622490904024644,55.745666968772206,1357.0,35696.5,0.001357,0.00356965,0.00492665,0.01764254474396989,55.68116558648909,1302.5,28645.5,0.0013025,0.00286455,0.00416705,0.01492238459711157,66.01341823032517
SA001,177096,2723063100,35803045,54000,4,300,8.51,,0,0,20119006912.0,1,300-DTC-98,IQT903,177096,SA004,,B,580,520,P0,1.5,SS00201,DTC,1.0,7.2,1.0,1000000,1998-01-01,1998-01-01,1998-01-01,10108.0,27.67419575633128,1.0549306144334054,1.5534839151266255,1.0,1.0,1.05,20.833333333333332,4.966666666666667,8.54643451982056,1389.5,37829.5,0.0013895,0.00378295,0.00517245,0.044206005232045854,21.6213609384247,1428.0,34930.5,0.001428,0.00349305,0.00492105,0.04205743159376296,22.77701067576124,1357.0,35696.5,0.001357,0.00356965,0.00492665,0.042105291627073965,22.74998394161445,1302.5,28645.5,0.0013025,0.00286455,0.00416705,0.035613419965818266,27.079302716779218
SA001,73314,2723063100,35803045,54000,10,40,57.43,,0,0,20119006912.0,1,40-PFP-92,IQT903,73314,SA005,,B,470,520,P0,0.8,SS00201,PFP,1.6,3.25,0.6,1000000,1992-01-01,1992-01-01,1992-01-01,12300.0,33.67556468172484,0.9541854634062923,1.673511293634497,1.0,1.0,1.05,9.846153846153847,2.0307692307692307,2.042972720156273,1389.5,37829.5,0.0013895,0.00378295,0.00517245,0.010567174246372315,93.63267820565157,1428.0,34930.5,0.001428,0.00349305,0.00492105,0.010053570904525027,98.46714550448024,1357.0,35696.5,0.001357,0.00356965,0.00492665,0.010065011551757904,98.35408368461783,1302.5,28645.5,0.0013025,0.00286455,0.00416705,0.008513169473527198,116.46506434643753
SA001,106341,2723063100,35803045,54000,13,25,11.48,,0,0,20119006912.0,1,25-STS-93,IQT903,106341,SA005,,B,470,520,P0,0.8,SS00201,STS,2.0,2.8,0.7,1000000,1993-01-01,1993-01-01,1993-01-01,11934.0,32.6735112936345,0.9306852819440055,1.6534702258726899,1.0,1.0,1.05,8.928571428571429,1.692857142857143,1.9147270568711527,1389.5,37829.5,0.0013895,0.00378295,0.00517245,0.009903829965313195,99.97103883067084,1428.0,34930.5,0.001428,0.00349305,0.00492105,0.009422467583215785,105.12931179315461,1357.0,35696.5,0.001357,0.00356965,0.00492665,0.009433190054734265,105.00867725527557,1302.5,28645.5,0.0013025,0.00286455,0.00416705,0.007978763382334938,124.33270534303725
SA001,212343,2723063100,35803045,54000,10,40,58.55,,0,0,20119006912.0,1,40-PFP-93,IQT903,212343,SA005,,B,470,520,P0,0.8,SS00201,PFP,1.6,3.25,0.6,1000000,1993-01-01,1993-01-01,1993-01-01,11934.0,32.6735112936345,0.9541854634062923,1.6534702258726899,1.0,1.0,1.05,9.846153846153847,2.0307692307692307,2.018507181814279,1389.5,37829.5,0.0013895,0.00378295,0.00517245,0.010440627472575266,94.77968399186086,1428.0,34930.5,0.001428,0.00349305,0.00492105,0.009933174767067156,99.67274798339801,1357.0,35696.5,0.001357,0.00356965,0.00492665,0.009944478407285318,99.55831578531064,1302.5,28645.5,0.0013025,0.00286455,0.00416705,0.008411220351979191,117.88881258053075
SA001,178210,2723063100,35803045,54000,4,80,85.2,,0,0,20119006912.0,1,80-DTC-89,IQT903,178210,SA005,,B,470,520,P0,1.0,SS00201,DTC,1.0,6.0,1.0,1000000,1989-01-01,1989-01-01,1989-01-01,13395.0,36.6735112936345,0.9888428224342896,1.73347022587269,1.0,1.0,1.05,6.666666666666667,2.1333333333333337,3.8396502832973747,1389.5,37829.5,0.0013895,0.00378295,0.00517245,0.019860399107841507,49.351455404799424,1428.0,34930.5,0.001428,0.00349305,0.00492105,0.018895111026620545,51.92374300374002,1357.0,35696.5,0.001357,0.00356965,0.00492665,0.018916613068207012,51.86358590696616,1302.5,28645.5,0.0013025,0.00286455,0.00416705,0.016000014713014325,61.49994252734064
SA001,420931,2723063100,35803045,54000,10,40,2.66,,0,0,20119006912.0,1,40-PFP-93,IQT903,420931,SA005,,B,461,520,P0,0.8,SS00201,PFP,1.6,3.25,0.6,1000000,1993-01-01,1993-01-01,1993-01-01,11934.0,32.6735112936345,0.9541854634062923,1.6534702258726899,1.0,1.0,1.05,9.846153846153847,2.0307692307692307,2.018507181814279,1389.5,37829.5,0.0013895,0.00378295,0.00517245,0.010440627472575266,94.77968399186086,1428.0,34930.5,0.001428,0.00349305,0.00492105,0.009933174767067156,99.67274798339801,1357.0,35696.5,0.001357,0.00356965,0.00492665,0.009944478407285318,99.55831578531064,1302.5,28645.5,0.0013025,0.00286455,0.00416705,0.008411220351979191,117.88881258053075
