ID,작업일시,위도,경도,파일타입,공사명,공사개요,구군,주소,중구역번호,소구역번호,도로구분,누수관경,누수량,용수구분,용도구분
9903006,2002-10-18 10:00:00,35.8976226,128.6048668,지하누수,산격4동1197-6,PFP D40x15mm 니플수선,북구,북구 연암공원로32길 62-4 (산격동) / 1197-6번지,520.0,243.0,,15.0,"1,746",,5.0
9902956,2002-11-11 09:30:00,35.8948143,128.610655,지상누수,산격3동1308-12,D150x15mm 분기점폐쇄,북구,북구 산격로10길 50 (산격동) / 1308-12번지,520.0,,,15.0,1,,5.0
9903033,2002-11-22 11:50:00,35.8915979,128.5958797,지상누수,산격1동978,D100x15mm 분기대수선,북구,북구 연암로 72 (산격동) / 978번지,519.0,,,15.0,1,,5.0
9902936,2002-12-23 14:35:00,35.8937156,128.6060161,지상누수,산격3동1409-30번지,DTC D80x15mm 분기점폐쇄,북구,북구 산격로8길 7 (산격동) / 1409-30번지,520.0,,,15.0,1,,5.0
9902850,2003-01-03 12:05:00,35.8946232,128.6089947,지상누수,산격3동 1313-23번지,D80x20mm 분기대수선,북구,북구 산격동 1313-23,520.0,,,20.0,2,,5.0
9903098,2003-01-09 14:20:00,35.8946812,128.60549,지상누수,산격3동1410-46,DTC D100x15mm 분기대수선,북구,북구 산격동 1410-46,520.0,,,15.0,2,,5.0
9902884,2003-01-10 19:00:00,35.8974779,128.6038346,지상누수,산격4동1193-13번지,PFP D40x15mm 니플수선,북구,북구 연암공원로32길 64-48 (산격동) / 1193-13번지,520.0,,,15.0,1,,5.0
9902888,2003-01-13 10:20:00,35.8951696,128.6090785,지상누수,산격3동1312-69번지,PFP D80mm 소켓수선,북구,북구 산격로10길 35-3 (산격동) / 1312-69번지,520.0,,,80.0,2,,5.0
9902912,2003-01-27 14:20:00,35.8958898,128.6102138,지상누수,산격3동1306-50번지,EPS D40x15mm 니플수선,북구,북구 산격로14길 46-1 (산격동) / 1306-50번지,520.0,,,15.0,2,,5.0
9902915,2003-01-30 15:40:00,35.8974475,128.6082208,지상누수,산격3동1253-10번지,DTC D80mm 직관부수선,북구,북구 대동로4길 9 (산격동) / 1253-10번지,520.0,,,80.0,9,,5.0
9902991,2003-03-11 13:00:00,35.8887528,128.6024193,지상누수,산겯4동1390-3,DTC D80x15mm 분기점폐쇄,북구,북구 대학로 7 (산격동) / 1390-3번지,520.0,,,15.0,1,,5.0
9903275,2003-04-16 09:00:00,35.8953064,128.6008748,지하누수,산격4동1435,PFP D=50x15mm 니플수선,북구,북구 산격로서9길 16-5 (산격동) / 1435번지,520.0,461.0,,15.0,"2,188",,5.0
9903385,2003-05-10 09:00:00,35.8954131,128.6085243,지하누수,산격3동1312-28,EPS D=40mm 직관수선,북구,북구 대학로25길 33-2 (산격동) / 1312-28번지,520.0,480.0,,40.0,"13,510",,5.0
9903348,2003-05-12 09:00:00,35.8970081,128.6100978,지상누수,산격3동1266-13,PFP D=40x15mm 니플수선,북구,북구 대동로 32-1 (산격동) / 1266-13번지,520.0,,,15.0,1,,5.0
9903645,2003-07-27 11:00:00,35.8933664,128.6098772,지상누수,산격3동 1332-7,CI-EL D=150x15mm 분기대수선,북구,북구 대학로 91-1 (산격동) / 1332-7번지,520.0,,,15.0,1,,5.0
9903727,2003-08-28 10:40:00,35.8958128,128.6122184,지상누수,산격3동 1279-29,PFP D=50x15mm 니플수선,북구,북구 대학로 127-8 (산격동) / 1279-29번지,520.0,,,15.0,2,,5.0
9903821,2003-09-20 17:20:00,35.8972847,128.6067763,지상누수,산격3동 1242-8번지선,D=80mm 직관부및 제수변 교체수선 ,북구,북구 대학로9길 74-1 (산격동) / 1242-8번지,520.0,,,80.0,9,,5.0
9904319,2003-12-18 09:30:00,35.8933568,128.6080768,지상누수,산격3동 1397-27,PFP D=80x20mm 분기 티이   볼트수선,북구,북구 대학로15길 15 (산격동) / 1397-27번지,520.0,,,20.0,1,,5.0
9904329,2003-12-21 08:45:00,35.8948698,128.6010136,지상누수,산격4동 1435-21,PFP D=50x15mm 분기점 니플수선,북구,북구 산격로서9길 17-5 (산격동) / 1435-21번지,520.0,,,15.0,1,,5.0
9904334,2003-12-21 11:30:00,35.8952936,128.6095987,지상누수,산격3동 1307-42,DTC D=100x25mm 분기대 교체수선,북구,북구 대동로6길 23 (산격동) / 1307-42번지,520.0,,,25.0,2,,5.0
9904509,2004-01-01 16:00:00,35.8976809,128.6005573,지상누수,산격1동 1183-28,EPS D=40x15mm 분기점 니플 수선,북구,북구 연암공원로 81-16 (산격동) / 1183-28번지,520.0,,,15.0,1,,5.0
9904535,2004-01-21 08:55:00,35.8941917,128.6098301,지상누수,산격3동 1309-7,PFP D=40x15mm 분기점 니플수선,북구,북구 대학로23길 20 (산격동) / 1309-7번지,520.0,,,15.0,1,,5.0
9904545,2004-01-24 13:48:00,35.8973255,128.598688,지상누수,산격1동 1180-16,EPS D=50x15mm 분기점 니플 수선,북구,북구 연암공원로11길 15-7 (산격동) / 1180-16번지,520.0,,,15.0,1,,5.0
9904547,2004-01-25 05:20:00,35.896862,128.6102019,지상누수,산격3동 1266-14,PFP D=40x15mm 분기점 니플 수선,북구,북구 대동로 34-1 (산격동) / 1266-14번지,520.0,,,15.0,1,,5.0
9904658,2004-02-03 09:00:00,35.8954871,128.6010266,지하누수,산격4동 1434-23,EPS D=50x15mm 분기점 니플수선,북구,북구 산격로11길 35-14 (산격동) / 1434-23번지,520.0,461.0,,15.0,"4,875",,5.0
9904689,2004-02-14 14:30:00,35.8934943,128.6071291,지상누수,산격3동 1411-60,DTC D=100x25mm 분기대 교체 수선,북구,북구 산격로8길 18 (산격동) / 1411-60번지,520.0,,,25.0,2,,5.0
9904979,2004-04-02 13:45:00,35.8963992,128.5987661,지상누수,잔격1동 1167-3,PFP D=40x15mm 분기점 수선,북구,북구 연암공원로11길 3-24 (산격동) / 1167-3번지,520.0,,,15.0,1,,5.0
9905016,2004-04-09 17:40:00,35.897172,128.6035242,지상누수,산격4동 1221-3,DTC D=100x15mm 분기점 폐쇄,북구,북구 산격로13길 16-1 (산격동) / 1221-3번지,520.0,,,15.0,1,,5.0
9904985,2004-04-22 17:30:00,35.8963925,128.6093905,지상누수,산격3동 1249-31,DTC D=150x15mm 분기대 교체 수선,북구,북구 대동로6길 10 (산격동) / 1249-31번지,520.0,,,15.0,1,,5.0
9905366,2004-06-05 09:00:00,35.895978,128.6022858,지하누수,산격4동 1195-29,PFP D=50x20mm 분기점 수선,북구,북구 산격로북9길 9-11 (산격동) / 1195-29번지,520.0,243.0,,20.0,"2,600",,5.0
9905726,2004-08-06 09:00:00,35.9021058,128.6014762,지상누수,북구 산격동 시설관리소 서편 누수수선공사,D=700mm 수선1개소,북구,북구 산격동 546,520.0,,,700.0,375,,3.0
9905587,2004-08-09 13:00:00,35.896079,128.6124025,지상누수,산격3동 1279-4,DTC D=150x15mm 분기점 폐쇄,북구,북구 대동로 54-1 (산격동) / 1279-4번지,520.0,,,15.0,0,,5.0
9905588,2004-08-10 16:45:00,35.8953808,128.6108597,지상누수,산격3동 1307-21,PFP D=50x15mm 분기점 수선,북구,북구 산격동 1307-21,520.0,,,15.0,1,,5.0
9905605,2004-08-26 09:00:00,35.8972211,128.6096754,지하누수,산격3동 1253-43,DTC D=150mm 직관부 수선,북구,북구 대동로 28 (산격동) / 1253-43번지,520.0,480.0,,25.0,"16,864",,5.0
9905762,2004-09-26 10:47:00,35.8954018,128.6109694,지상누수,산격3동 1307-36,DTC D=80x15mm 분기대 교체 수선,북구,북구 대학로25길 11-1 (산격동) / 1307-36번지,520.0,,,15.0,1,,5.0
9906201,2004-10-20 09:10:00,35.8976226,128.6048668,지상누수,산격4동 1197-6,DTC D=80x15mm 분기대 교체,북구,북구 연암공원로32길 62-4 (산격동) / 1197-6번지,520.0,,,15.0,1,,5.0
9906299,2004-11-03 12:40:00,35.8950204,128.6087327,지상누수,산격3동 1312-8,DTC D=150×15㎜ 분기대 교체,북구,북구 산격로10길 31 (산격동) / 1312-8번지,520.0,,,15.0,1,,5.0
9906258,2004-11-05 09:00:00,35.8950275,128.6071764,지하누수,산격3동 1407-62,DTC D=100x25mm 분기대 교체 수선 ,북구,북구 산격로10길 17-2 (산격동) / 1407-62번지,520.0,480.0,,25.0,"8,973",,5.0
9906309,2004-11-24 13:07:00,35.8976136,128.6049804,지상누수,산격4동 1197-103,DTC D=150×15㎜ 분기대 교체 수선,북구,북구 연암공원로32길 60 (산격동) / 1197-103번지,520.0,,,15.0,1,,5.0
9906328,2004-11-25 06:30:00,35.8912066,128.6040328,지상누수,산격4동 1490-25,DTC D=150×15㎜ 분기대 교쳬 수선,북구,북구 산격로1길 22 (산격동) / 1490-25번지,520.0,,,15.0,1,,5.0
9906694,2004-12-13 09:07:00,35.8967871,128.6097942,지상누수,산격3동 1266-6,직관부수선,북구,북구 대동로8길 10 (산격동) / 1266-6번지,520.0,,,15.0,3,,5.0
9906705,2004-12-28 10:56:00,35.8961776,128.6111316,지상누수,산격3동 1305,분기점수선,북구,북구 대동로10길 6 (산격동) / 1305번지,520.0,,,15.0,2,,4.0
9906603,2005-01-04 11:25:00,35.8964062,128.6085155,지상누수,산격3동 1249-11,PFP D=40×15㎜ 분기점수선,북구,북구 대동로8길 21-4 (산격동) / 1249-11번지,520.0,,,15.0,1,,4.0
9907008,2005-02-26 12:20:00,35.8950228,128.6085868,지상누수,산격3동 1312-48,DTC D=150×15㎜ 분기점수선,북구,북구 산격로10길 29-1 (산격동) / 1312-48번지,520.0,,,15.0,1,,4.0
9907028,2005-03-08 09:00:00,35.8972868,128.6080448,지하누수,산격3동 1252-24,STS D=25㎜ 직관부수선,북구,북구 대동로4길 10-1 (산격동) / 1252-24번지,520.0,480.0,,25.0,"1,917",,5.0
9907022,2005-03-17 13:12:00,35.8929263,128.6060014,지상누수,산격3동 1412-8,PFP D=100×15 분기점폐쇄,북구,북구 대학로9길 22-1 (산격동) / 1412-8번지,520.0,,,15.0,3,,5.0
9907036,2005-03-23 09:30:00,35.8956731,128.6023558,지하누수,산격4동 1437-7,EPS D=50×15 분기점수선,북구,북구 산격로서9길 8-46 (산격동) / 1437-7번지,520.0,243.0,,15.0,505,,4.0
9907148,2005-04-13 11:15:00,35.8941286,128.6087402,지상누수,산격3동 1314-22,DTC D=80×15 분기점수선,북구,북구 산격동 1314-22,520.0,,,15.0,2,,4.0
9907567,2005-06-24 09:00:00,35.8966922,128.6062421,지하누수,산격3동 1245-2,DTC D80*15 수선,북구,북구 대학로9길 68-4 (산격동) / 1245-2번지,520.0,480.0,,15.0,626,,5.0
9907568,2005-06-24 09:00:00,35.8958057,128.6091948,지하누수,산격3동 1311-43,STS 25*15 구분기점수선,북구,북구 대동로6길 18-4 (산격동) / 1311-43번지,520.0,480.0,,15.0,"1,086",,5.0
9907919,2005-07-13 09:00:00,35.898598,128.6061009,지하누수,산격4동 1222-28,DTC D80*15분기점수선,북구,북구 연암공원로32길 46 (산격동) / 1222-28번지,520.0,243.0,,15.0,"1,158",,4.0
9907918,2005-07-13 09:00:00,35.8976226,128.6048668,지하누수,산격4동 1197-6,DTC D80*15분기점수선,북구,북구 연암공원로32길 62-4 (산격동) / 1197-6번지,520.0,243.0,,15.0,"1,992",,4.0
9907955,2005-08-02 09:30:00,35.8925156,128.5967567,지하누수,산격1동 1048-1,DTC D80*15분기점수선,북구,북구 연암공원로 14-1 (산격동) / 1048-1번지,520.0,461.0,,15.0,"2,198",,4.0
9907958,2005-08-02 09:30:00,35.8920784,128.5963469,지하누수,산격1동 1043-2,제수변수선,북구,북구 연암공원로 8 (산격동) / 1043-2번지,520.0,461.0,,80.0,"4,396",,5.0
9907976,2005-08-05 14:00:00,35.8958181,128.5988243,지상누수,산격1동 1153-11,PFP D80접합부수선,북구,북구 연암공원로 55-16 (산격동) / 1153-11번지,520.0,,,80.0,3,,4.0
9907975,2005-08-05 14:00:00,35.8917733,128.5973032,지하누수,산격1동 1037-2,PFP D80*15분기점수선,북구,북구 연암로12길 8 (산격동) / 1037-2번지,520.0,461.0,,15.0,"2,229",,4.0
9907978,2005-08-10 09:00:00,35.8958578,128.6049185,지하누수,산격4동 1422-26,PFP D40*15분기점수선,북구,북구 산격로 59-4 (산격동) / 1422-26번지,520.0,470.0,,15.0,"1,379",,4.0
9907977,2005-08-10 09:00:00,35.8956114,128.6038041,지하누수,산격4동 1423-32,PFP D40*15분기점수선,북구,북구 연암공원로14길 50-18 (산격동) / 1423-32번지,520.0,470.0,,15.0,"1,379",,4.0
9907986,2005-08-19 09:00:00,35.895679,128.6022346,지하누수,산격4동 1437-8,D40*15분기점,북구,북구 산격로서9길 8-48 (산격동) / 1437-8번지,520.0,243.0,,15.0,994,,4.0
9908200,2005-09-02 09:10:00,35.8947785,128.6051035,지상누수,산격4동 1425,D25접합부(연결관)수선,북구,북구 산격로 47 (산격동) / 1425번지,520.0,,,25.0,1,,5.0
9908351,2005-10-04 09:00:00,35.891356,128.6032407,지하누수,산격4동 1498-6,DTC D80*15분기점수선,북구,북구 대구체육관로8길 26 (산격동) / 1498-6번지,520.0,470.0,,15.0,0,,4.0
9908624,2005-10-12 09:00:00,35.8950004,128.6102705,지하누수,산격3동 1307-66,PFP D50*20분기점수선,북구,북구 산격로10길 45 (산격동) / 1307-66번지,520.0,490.0,,20.0,0,,4.0
9908877,2005-11-10 09:00:00,35.8968082,128.5991048,지상누수,산격1동 1180-74,DTC D80직관교체(L26),북구,북구 연암공원로13길 8-1 (산격동) / 1180-74번지,520.0,,,15.0,2,,5.0
9908870,2005-11-17 08:00:00,35.8929568,128.5974565,지상누수,산격1동 1075-1,"D80제수변교체,구관폐쇄(D80*40)",북구,북구 연암공원로 22-6 (산격동) / 1075-1번지,520.0,,,40.0,2,,5.0
9908883,2005-11-19 13:30:00,35.8948223,128.6031508,지상누수,산격4동 1428-7,EPS D40*15분기점수선,북구,북구 산격로9길 17-2 (산격동) / 1428-7번지,520.0,,,15.0,1,,4.0
9908885,2005-11-22 10:10:00,35.8958578,128.6049185,지상누수,산격4동 1422-26,PFP D40*15분기점수선,북구,북구 산격로 59-4 (산격동) / 1422-26번지,520.0,,,15.0,1,,4.0
9908942,2005-12-17 09:16:00,35.8898416,128.6029412,지상누수,산격4동 1498-29,PFP D40*15분기점수선,북구,북구 연암로4길 30 (산격동) / 1498-29번지,520.0,,,15.0,1,,4.0
9908949,2005-12-21 07:40:00,35.8898967,128.6014117,지상누수,산격4동 1441-20,PFP D40*15분기점수선,북구,북구 연암로 18-32 (산격동) / 1441-20번지,520.0,,,15.0,1,,4.0
9909117,2006-01-07 07:40:00,35.8963146,128.608057,지상누수,산격3동 1249-34,STS D40 L=30교체수선,북구,북구 대동로8길 25-6 (산격동) / 1249-34번지,520.0,,,40.0,2,,4.0
9909123,2006-01-15 08:20:00,35.8945281,128.6102834,지상누수,산격3동 1308-21,EPS D40*15분기점수선,북구,북구 대학로23길 14-1 (산격동) / 1308-21번지,520.0,,,15.0,1,,4.0
9909304,2006-03-10 11:11:00,35.8933208,128.6063727,지상누수,산격3동 1411-3,DTC D80×25분기대교체,북구,북구 대학로9길 24-13 (산격동) / 1411-3번지,520.0,,,25.0,0,,4.0
9909311,2006-03-23 06:45:00,35.8951425,128.6102863,지상누수,산격3동 1307-65,PFP D50*15분기점수선,북구,북구 산격로10길 45-1 (산격동) / 1307-65번지,520.0,,,15.0,1,,4.0
9909525,2006-04-20 07:40:00,35.8923529,128.5980818,지상누수,산격1동 1097-2번지,EPS D50*15분기점수선,북구,북구 연암공원로 22-53 (산격동) / 1097-2번지,520.0,,,15.0,1,,4.0
9909928,2006-05-02 17:00:00,35.8963254,128.6083443,지하누수,산격3동 1249-39,STS D25×15 분기점수선,북구,북구 대동로8길 23-2 (산격동) / 1249-39번지,520.0,480.0,,15.0,"4,117",,5.0
9910040,2006-06-26 09:00:00,35.8980324,128.6046759,지하누수,산격4동 1197-15번지,EPS D50*15분기점수선,북구,북구 연암공원로32길 62-13 (산격동) / 1197-15번지,520.0,243.0,,15.0,"3,504",,4.0
9910099,2006-07-06 09:00:00,35.8957266,128.6037964,지하누수,산격4동 1423-31번지,PFP D40*15분기점수선,북구,북구 연암공원로14길 50-16 (산격동) / 1423-31번지,520.0,470.0,,15.0,"3,504",,4.0
9910101,2006-07-06 09:00:00,35.8945447,128.60202,지하누수,산격4동 1437-110번지,EPS D50*15분기점수선,북구,북구 연암공원로10길 31-4 (산격동) / 1437-110번지,520.0,243.0,,15.0,"10,600",,4.0
9910103,2006-07-06 09:00:00,35.8976002,128.603555,지하누수,산격4동 1188-51번지,PFP D50*15분기점수선,북구,북구 연암공원로20길 20-11 (산격동) / 1188-51번지,520.0,243.0,,15.0,"2,803",,4.0
9910100,2006-07-06 09:00:00,35.8970502,128.6017896,지하누수,산격4동 1186-29번지,EPS D40*15분기점수선,북구,북구 산격로13길 35-18 (산격동) / 1186-29번지,520.0,243.0,,15.0,"4,643",,4.0
9910102,2006-07-06 09:00:00,35.8976416,128.6036774,지하누수,산격4동 1193번지,PFP D40*15분기점수선,북구,북구 연암공원로32길 64-58 (산격동) / 1193번지,520.0,243.0,,15.0,"2,803",,4.0
9910138,2006-07-28 09:00:00,35.8946636,128.602393,지하누수,산격4동 1437-78번지,EPS D50*15분기점수선,북구,북구 연암공원로10길 33-6 (산격동) / 1437-78번지,520.0,243.0,,15.0,"3,504",,4.0
9910221,2006-08-16 00:00:00,35.8952896,128.6012526,지하누수,산격4동 1437-142,50*15수선,북구,북구 산격동 1437,520.0,243.0,,15.0,"3,416",,0.0
9910224,2006-08-18 00:00:00,35.892469,128.6075684,지하누수,산격3동 1414,150*20분기점폐쇄,북구,북구 산격로6길 22-1 (산격동) / 1414번지,520.0,490.0,,20.0,"9,023",,0.0
9910223,2006-08-18 00:00:00,35.8962323,128.600836,지하누수,산격4동 1161-61,80*15분기점수선,북구,북구 산격동 1161,520.0,461.0,,15.0,876,,0.0
9910459,2006-08-20 17:00:00,35.9015936,128.6040458,지상누수,북구 산격1동 시설관리소 앞 긴급복구공사,ST D=700mm 부분용접 1개소,북구,북구 산격동 517-0,520.0,,,700.0,12,,2.0
9910225,2006-08-21 00:00:00,35.8913476,128.5984065,지하누수,산격1동 1005-4,15 직관부수선,북구,북구 산격동 1005,520.0,461.0,,15.0,"2,190",,0.0
9910215,2006-08-22 15:10:00,35.8942939,128.6108759,지상누수,산격3동1324-4번지 누수수선공사,D=150×15구관분기점폐쇠,북구,북구 산격동 1324-4,520.0,,,,0,,5.0
9910227,2006-08-28 00:00:00,35.8967956,128.6094113,지하누수,산격3동 1250-32,80 제수변수선,북구,북구 대동로6길 6-1 (산격동) / 1250-32번지,520.0,480.0,,80.0,"15,067",,0.0
9910703,2006-10-25 17:30:00,35.8950854,128.6088372,지상누수,북구 산격3동 1312-62번지,D=150*15mm구관분기점폐쇠,북구,북구 산격로10길 33 (산격동) / 1312-62번지,520.0,,,15.0,1,,5.0
9910865,2006-11-07 13:40:00,35.8954748,128.604678,지상누수,북구 산격4동 1422-10번지,D=100*25mm분기대교체수선,북구,북구 연암공원로14길 51 (산격동) / 1422-10번지,520.0,,,25.0,1,,5.0
9910886,2006-11-25 10:00:00,35.8980429,128.6054633,지상누수,북구 산격4동 1222-41번지,D=80*15mm분기대교체,북구,북구 연암공원로32길 54 (산격동) / 1222-41번지,520.0,,,15.0,8,,5.0
9911093,2006-12-03 18:00:00,35.8903448,128.603526,지상누수,북구 산격4동 1498-22번지,"PFP,D=50*15mm 닛플A수선",북구,북구 연암로4길 46 (산격동) / 1498-22번지,520.0,,,,0,,5.0
9911220,2007-01-22 11:07:00,35.8929963,128.6041747,지상누수,북구 산격4동 1430-44번지,D=13mm인입선누수수선,북구,북구 대구체육관로9길 8-1 (산격동) / 1430-44번지,520.0,,,,2,,5.0
9911224,2007-01-31 15:50:00,35.8951427,128.6108632,지상누수,북구 산격3동 1307-23번지,"PFP,D=50*13mm닛플A수선",북구,북구 산격로10길 49-4 (산격동) / 1307-23번지,520.0,,,,1,,5.0
9911368,2007-02-09 00:00:00,35.896796,128.5992992,지하누수,산격1동 1180-72,D150*80접합부수선 직관처리,북구,북구 연암공원로13길 8 (산격동) / 1180-72번지,520.0,461.0,,150.0,"21,900",,0.0
9911367,2007-02-09 00:00:00,35.8964518,128.5985146,지하누수,산격1동 1168-7,DTC D80*40 접합부수선,북구,북구 연암공원로11길 3-15 (산격동) / 1168-7번지,520.0,461.0,,40.0,"3,504",,0.0
9911369,2007-02-09 00:00:00,35.8971117,128.5998117,지하누수,산격1동 1180-18,PFP D100접합부수선,북구,북구 연암공원로13길 2-7 (산격동) / 1180-18번지,520.0,461.0,,100.0,"9,636",,0.0
9911559,2007-03-22 00:00:00,35.8962449,128.5985717,지하누수,산격1동 1169-3,D80*15 분기점수선,북구,북구 연암공원로11길 3-9 (산격동) / 1169-3번지,520.0,461.0,,15.0,"1,051",,0.0
9911557,2007-03-22 00:00:00,35.8963024,128.5987991,지하누수,산격1동 1166-4,D80*15분기점수선,북구,북구 연암공원로11길 3-20 (산격동) / 1166-4번지,520.0,461.0,,15.0,"1,051",,0.0
9911548,2007-03-29 00:00:00,35.8957134,128.611724,지상누수,산격3동 1276-7,D80 직관부수선,북구,북구 대동로 52-12 (산격동) / 1276-7번지,520.0,,,80.0,9,,4.0
9911699,2007-04-06 00:00:00,35.8968833,128.6021024,지하누수,산격4동 1186-41,d80*40 니플수선,북구,북구 연암공원로14길 19-21 (산격동) / 1186-41번지,520.0,243.0,,40.0,"8,760",,0.0
9911700,2007-04-06 00:00:00,35.8970021,128.602767,지하누수,산격4동 1186-123,,북구,북구 산격동 1186-123,520.0,243.0,,15.0,"3,504",,0.0
700145,2007-05-15 09:33:00,35.8946241,128.6021673,지상누수,산격4동 1437-132,,북구,북구 연암공원로10길 33-3 (산격동) / 1437-132번지,520.0,,,50.0,0,,0.0
700193,2007-05-18 13:00:00,35.8947912,128.6023991,지하누수,산격4동 1437-77,,북구,북구 산격로서9길 3-5 (산격동) / 1437-77번지,520.0,243.0,공도,15.0,0,,0.0
700302,2007-06-07 10:45:00,35.8963622,128.6108785,지상누수,산격4동 1268-7,,북구,북구 산격동 1268-7,520.0,,,15.0,0,,0.0
700309,2007-06-19 17:00:00,35.8960729,128.6121391,지상누수,산격3동 1279-13,,북구,북구 대학로 129-12 (산격동) / 1279-13번지,520.0,,,80.0,0,,0.0
700310,2007-06-26 07:20:00,35.8970781,128.6060632,지상누수,산격동 1231-21,,북구,북구 산격로 82-13 (산격동) / 1231-21번지,520.0,,,15.0,0,,0.0
700311,2007-06-26 11:45:00,35.8947157,128.6090842,지상누수,산격3동 1313-16,,북구,북구 산격로10길 34-2 (산격동) / 1313-16번지,520.0,,,15.0,0,,0.0
700493,2007-07-23 10:00:00,35.8915603,128.596439,지하누수,산격1동 988-4,,북구,북구 연암로 68-4 (산격동) / 988-4번지,520.0,461.0,공도,15.0,0,,0.0
700492,2007-07-23 10:00:00,35.8915342,128.5965834,지하누수,산격1동 988-3,,북구,북구 연암로 66-5 (산격동) / 988-3번지,520.0,461.0,공도,15.0,0,,0.0
700494,2007-07-23 13:00:00,35.8929799,128.5973392,지하누수,산격1동 1062-1,,북구,북구 연암공원로 22 (산격동) / 1062-1번지,520.0,461.0,공도,15.0,0,,0.0
700501,2007-07-27 14:40:00,35.895108,128.6111366,지상누수,산격3동 1307-80,,북구,북구 대동로10길 16-1 (산격동) / 1307-80번지,520.0,,,25.0,0,,0.0
700502,2007-07-28 06:45:00,35.895344,128.6100321,지상누수,산격3동 1307-49,,북구,북구 대학로25길 21-1 (산격동) / 1307-49번지,520.0,,,15.0,0,,0.0
700782,2007-08-13 09:00:00,35.8929004,128.597316,지하누수,산격1동 1062-2,DTC D=80*15mm 구분기점 폐쇄,북구,북구 연암공원로 20-1 (산격동) / 1062-2번지,520.0,461.0,공도,15.0,0,,0.0
700788,2007-08-20 12:45:00,35.892652,128.6068654,지상누수,산격3동 1412-14,PFP D=100*25mm 분기대 교체,북구,북구 산격로6길 15 (산격동) / 1412-14번지,520.0,,,25.0,0,,0.0
700790,2007-08-31 09:00:00,35.8959196,128.6054125,지하누수,산격3동 1408-25,DTC D=100*25mm 분기점수선,북구,북구 산격로 60-2 (산격동) / 1408-25번지,520.0,480.0,공도,25.0,0,,0.0
700793,2007-09-10 10:30:00,35.8953002,128.6077841,지상누수,산격3동 1312-23,DTC D=100*15mm 분기점 수선,북구,북구 대학로13길 40 (산격동) / 1312-23번지,520.0,,,15.0,0,,0.0
700737,2007-09-10 15:00:00,35.8900177,128.6000401,지상누수,북구 도청남편 긴급복구공사,D=400mm 제수변 패킹 수선(수리반 자체 수선),북구,북구 산격동 1457-2,520.0,,,400.0,6,,3.0
700794,2007-09-11 11:45:00,35.894826,128.6093499,지상누수,산격동 1313,DTC D=100*15mm 분기점 폐쇄,북구,북구 대동로6길 28 (산격동) / 1313번지,520.0,,,15.0,0,,0.0
801357,2007-10-11 12:00:00,35.8957562,128.6004581,지하누수,산격4동 1161-59외 5개소,CI(80)직관누수 교체(하월노후)입상 N=4,북구,북구 산격로11길 43-2 (산격동) / 1161-59번지,520.0,461.0,공도,80.0,0,,0.0
801358,2007-10-12 09:00:00,35.897234,128.6011778,지하누수,산격동 1186-61,PFP(40*15)니플수선,북구,북구 연암공원로 82-26 (산격동) / 1186-61번지,520.0,243.0,공도,15.0,0,,0.0
801361,2007-10-12 12:00:00,35.8970003,128.6013908,지하누수,산격동 1186-75,DTC(200*15)분기대 교체,북구,북구 연암공원로14길 13-35 (산격동) / 1186-75번지,520.0,243.0,공도,15.0,0,,0.0
801362,2007-10-12 12:00:00,35.8963338,128.5998717,지하누수,산격1동 1163-40,PFP(40*15)니플수선,북구,북구 연암공원로 66 (산격동) / 1163-40번지,520.0,461.0,공도,15.0,0,,0.0
801377,2007-10-15 09:00:00,35.8960005,128.6017319,지하누수,산격4동 1434-61,PFP(40*15)니플수선,북구,북구 산격로11길 32-1 (산격동) / 1434-61번지,520.0,243.0,공도,15.0,0,,0.0
801410,2007-11-06 09:00:00,35.894353,128.6110253,지하누수,산격3동 1321-17,CI(EL)D150 연접소켓부 납이탈(2/5),북구,북구 대학로 107 (산격동) / 1321-17번지,520.0,490.0,공도,150.0,0,,0.0
801475,2007-11-08 09:00:00,35.8958723,128.6120701,지하누수,산격동 1279-30,GV(80)제수변 스핀들 카바 누수 ,북구,북구 대학로 127-12 (산격동) / 1279-30번지,520.0,490.0,공도,80.0,0,,0.0
702272,2007-11-20 18:00:00,35.8929585,128.6094276,지상누수,산격동 1341-1,CI(EL)D150 연접소켓부 납밀림 ,북구,북구 대학로 85-1 (산격동) / 1341-1번지,520.0,,,150.0,3,,0.0
801830,2007-12-17 09:00:00,35.8948463,128.6092167,지하누수,산격3동 1313-11,STS(25*15)티소켓부 수선,북구,북구 산격로10길 36 (산격동) / 1313-11번지,520.0,490.0,공도,15.0,0,,0.0
801849,2007-12-22 12:30:00,35.8956355,128.6073607,지상누수,산격3동 1406-31,DTC(80*20)구분기점 폐쇄 ,북구,북구 대학로25길 46-1 (산격동) / 1406-31번지,520.0,,,20.0,0,,0.0
801862,2008-01-07 13:00:00,35.8963653,128.6000976,지하누수,산격1동 1161-44,PFP(80*15)티이 볼트 교체(4개),북구,북구 연암공원로 66-5 (산격동) / 1161-44번지,520.0,461.0,공도,80.0,0,,0.0
801863,2008-01-08 09:00:00,35.8948747,128.6014267,지하누수,산격4동 1437-106,PFP(40)소켓부 조임,북구,북구 연암공원로10길 31-16 (산격동) / 1437-106번지,520.0,243.0,공도,40.0,0,,0.0
801908,2008-01-28 10:48:00,35.8899151,128.601287,지상누수,산격동 1441-59,PFP(40*15)구분기점 직선처리(L=2m),북구,북구 연암로 18-25 (산격동) / 1441-59번지,520.0,,,15.0,0,,0.0
803124,2008-02-11 09:00:00,35.8926445,128.6060532,지하누수,산격3동 1412-24번지,노후 지하식소화전(80)폐쇄 ,북구,북구 산격동 1412-24,520.0,490.0,공도,80.0,0,,0.0
803133,2008-02-16 15:15:00,35.8955536,128.6113662,지상누수,산격동 1304-6번지 ,DTC80 이음관부 누수수선,북구,북구 대학로25길 10 (산격동) / 1304-6번지,520.0,,,80.0,0,,0.0
803159,2008-02-18 12:48:00,35.893374,128.5992472,지상누수,산격동 1107-10번지 ,PFP(40*25)줄임 소켓부 니플수선,북구,북구 연암공원로8길 13-10 (산격동) / 1107-10번지,520.0,,,25.0,0,,0.0
803328,2008-04-03 09:00:00,35.8947381,128.6019531,지하누수,산격4동 1437-123번지,EPS(50*15)니플A 수선 ,북구,북구 산격로서9길 7-13 (산격동) / 1437-123번지,520.0,243.0,공도,15.0,0,,0.0
803327,2008-04-03 09:00:00,35.8975146,128.6045759,지하누수,산격4동 1197-33번지 ,PFP(50*15)니플1 수선 ,북구,북구 연암공원로32길 64-6 (산격동) / 1197-33번지,520.0,243.0,공도,15.0,0,,0.0
803329,2008-04-03 09:00:00,35.8974681,128.5989688,지하누수,산격1동 1180-154번지 ,EPS(40*15)분기점 수선 ,북구,북구 연암공원로17길 23-13 (산격동) / 1180-154번지,520.0,243.0,공도,15.0,0,,0.0
803334,2008-04-04 16:24:00,35.8935192,128.5982447,지상누수,산격동 1102-6번지,EPS(40*20) 분기점 수선 ,북구,북구 연암공원로8길 18-1 (산격동) / 1102-6번지,520.0,,,20.0,0,,0.0
803340,2008-04-08 13:19:00,35.8971881,128.5999924,지상누수,산격동 1180-130번지 ,PFP(100)접합부 수선 ,북구,북구 연암공원로13길 2-10 (산격동) / 1180-130번지,520.0,,,100.0,1,,0.0
803355,2008-04-11 09:00:00,35.895782,128.6105861,지하누수,산격동 1306-2번지 ,EPS(25*15)니플A 수선 ,북구,북구 산격로14길 50-1 (산격동) / 1306-2번지,520.0,490.0,공도,15.0,0,,0.0
803354,2008-04-11 09:00:00,35.896141,128.6122561,지하누수,산격동 1279-2번지 ,DTC(150*20)분기점 수선 ,북구,북구 대동로 54 (산격동) / 1279-2번지,520.0,490.0,공도,20.0,0,,0.0
803344,2008-04-11 09:00:00,35.8936404,128.6103236,지하누수,산격동 1319-1번지 ,DTC(150*40)분기점 수선 ,북구,북구 산격동 1319-1,520.0,490.0,공도,40.0,0,,0.0
803358,2008-04-22 09:00:00,35.8961417,128.602339,지하누수,산격4동 1195-64번지 ,DTC(80*15)분기점 수선 ,북구,북구 연암공원로14길 22-8 (산격동) / 1195-64번지,520.0,243.0,공도,15.0,0,,0.0
803409,2008-04-30 09:00:00,35.8946495,128.6017077,지하누수,산격4동 1437-108번지 ,PFP(40*15)니플 A수선,북구,북구 연암공원로10길 31-6 (산격동) / 1437-108번지,520.0,243.0,공도,15.0,0,,0.0
803444,2008-04-30 09:00:00,35.8944146,128.6019027,지하누수,산격4동 1439-22번지,제수변(80)스핀들수선,북구,북구 산격동 1439-22,520.0,243.0,공도,80.0,0,,0.0
803490,2008-05-08 14:46:00,35.8966487,128.6079187,지상누수,산격동 1251-5번지 ,지상식소화전(100)교체수선 ,북구,북구 대동로8길 28 (산격동) / 1251-5번지,520.0,,,100.0,1,,0.0
803522,2008-05-17 08:03:00,35.8921902,128.5974082,지상누수,산격동 1082-1번지,DTC(80*15)구분기점 폐쇄 ,북구,북구 연암로12길 12-4 (산격동) / 1082-1번지,520.0,,,15.0,0,,0.0
804302,2008-06-11 09:00:00,35.8938663,128.6102529,지하누수,산격3동 1329-5번지 ,DTC(150*15)분기점 수선 ,북구,북구 대학로 99-1 (산격동) / 1329-5번지,520.0,490.0,공도,15.0,0,,0.0
804306,2008-06-12 09:00:00,35.8970944,128.6024783,지하누수,산격4동 1185-97번지 ,DTC(80*15)구분기점 폐쇄(GP-1m),북구,북구 산격로13길 25 (산격동) / 1185-67번지,520.0,243.0,공도,15.0,0,,0.0
804291,2008-06-12 09:00:00,35.897478,128.6044319,지하누수,산격4동 1197-60번지 ,,북구,북구 연암공원로32길 64-32 (산격동) / 1197-60번지,520.0,243.0,공도,15.0,0,,0.0
804307,2008-06-12 09:00:00,35.8962259,128.6025329,지하누수,산격4동 1195-35번지 ,EPS(50*15)구분기점 페쇄(GP-2m),북구,북구 연암공원로14길 22-5 (산격동) / 1195-35번지,520.0,243.0,공도,15.0,0,,0.0
804434,2008-07-15 17:28:00,35.8960952,128.6100066,지상누수,산격동 1305-7번지 ,DTC(80*20)분기점 수선 ,북구,북구 산격로14길 43 (산격동) / 1305-7번지,520.0,,,20.0,0,,0.0
804439,2008-07-21 12:02:00,35.8948146,128.609921,지상누수,산격동 1309번지 ,DTC(150*25)분기점 폐쇄 ,북구,북구 산격로10길 42-1 (산격동) / 1309번지,520.0,,,25.0,0,,0.0
804441,2008-07-29 12:34:00,35.8943617,128.5993061,지상누수,산격동 1124-10번지 ,접합부수선(D=20),북구,북구 연암공원로10길 8 (산격동) / 1124-10번지,520.0,,,20.0,0,,0.0
804445,2008-07-30 16:21:00,35.8948698,128.6010136,지상누수,산격동 1435-21번지 ,PFP(50*15)분기점 수선 ,북구,북구 산격로서9길 17-5 (산격동) / 1435-21번지,520.0,,,15.0,0,,0.0
200900222,2008-08-22 07:43:00,35.8975146,128.6045759,지상누수,북구 산격동 1197-33 번지,D50×15 분기점 수선.,북구,북구 연암공원로32길 64-6 (산격동) / 1197-33번지,,,,15.0,0,,
200900230,2008-08-29 09:00:00,35.8936833,128.5991138,지하누수,북구 산격동1106-14 번지,D=25*15 분기점수선,북구,북구 연암공원로8길 13-9 (산격동) / 1106-14번지,,570.0,공도,15.0,0,,
200900238,2008-09-08 09:00:00,35.8962166,128.6000401,지하누수,북구 산격동1163-10 번지,PFP(40*15)분기점 수선,북구,북구 연암공원로 66-22 (산격동) / 1163-10번지,,462.0,공도,15.0,0,,
200900239,2008-09-08 09:00:00,35.8968842,128.5999283,지하누수,북구 산격동1183-63 번지,PFP(100*100)분기점수선,북구,북구 연암공원로13길 2-6 (산격동) / 1182-4번지,520.0,461.0,공도,100.0,0,,
200900243,2008-09-18 09:00:00,35.8947758,128.6046433,지하누수,북구 산격동 1425-26 번지,DTC(100*80)분기점수선,북구,북구 대구체육관로11길 48 (산격동) / 1425-26번지,520.0,470.0,공도,80.0,0,,
200900264,2008-10-08 11:32:00,35.8957106,128.6087856,지상누수,북구 산격동1311-12 번지,STS(25)직관부수선,북구,북구 대학로25길 34-13 (산격동) / 1311-12번지,520.0,,,25.0,0,,
805664,2008-11-05 10:00:00,35.8948747,128.6014267,지상누수,북구 산격동 1437-106번지,PFP(100X15)분기점수선,북구,북구 연암공원로10길 31-16 (산격동) / 1437-106번지,,,,15.0,0,,0.0
200800577,2008-11-05 10:00:00,35.8948747,128.6014267,지상누수,북구 산격동 1437-106 번지,확인결과 미누수,북구,북구 연암공원로10길 31-16 (산격동) / 1437-106번지,,,,15.0,0,,
200800594,2008-11-13 09:00:00,35.8932193,128.6093998,지하누수,북구 산격동1335-6 번지,터파기결과미누수,북구,북구 대학로23길 31-1 (산격동) / 1335-6번지,,620.0,,,0,,
805672,2008-11-17 13:31:00,35.8965185,128.6077883,지상누수,북구 산격동 1249-1번지,DTC(100X15)분기점수선,북구,북구 대학로13길 54 (산격동) / 1249-1번지,,,,15.0,0,,0.0
200800599,2008-11-17 13:31:00,35.8965185,128.6077883,지상누수,북구 산격동 1249-1 번지,D100*15mm분기점수선,북구,북구 대학로13길 54 (산격동) / 1249-1번지,520.0,,,15.0,0,,
200800604,2008-11-20 09:00:00,35.897853,128.5987658,지하누수,북구 산격동1182-119 번지,D40X15mm분기점수선,북구,북구 산격동 1182-119,520.0,461.0,공도,15.0,544,,
900005,2008-11-20 09:00:00,35.897853,128.5987658,지하누수,산격4동 1182-119,PFP(40X15)분기점수선,북구,북구 산격동 1182-119,,461.0,공도,15.0,0,,0.0
200800615,2008-11-20 17:14:00,35.8938663,128.6102529,지상누수,북구 산격동 1329-1 번지,D15mm접합부수선,북구,북구 대학로 99-2 (산격동) / 1329-1번지,,,,15.0,,,
200800949,2008-12-09 09:00:00,35.8902805,128.6040445,지상누수,북구 산격동 1498 번지,D15mm   인입선수선,북구,북구 연암로2길 53 (산격동) / 1498-128번지,,,,15.0,,,
200800929,2008-12-11 09:03:00,35.8975383,128.6066399,지상누수,북구 산격동 1234-6 번지,D50*15mm분기점수선,북구,북구 대동로 2-23 (산격동) / 1234-6번지,520.0,,,15.0,0,,
200800923,2008-12-12 13:57:00,35.8968513,128.6079403,지상누수,북구 산격동 1251-7 번지,D15mm접합부수선,북구,북구 대동로8길 28-2 (산격동) / 1251-7번지,520.0,,,15.0,,,
200800838,2008-12-21 08:50:00,35.901451,128.6043367,지상누수,북구 시설관리소 송수펌프실 내 긴급복구공사,ST D=600mm 부분용접 N=1개소,북구,북구 동북로 92 (산격동) / 517번지,,,,600.0,7,,
200900126,2008-12-23 09:00:00,35.8938925,128.6104273,지하누수,북구 산격동1329-6 번지,STS(15)인입선누수,북구,북구 대학로 99 (산격동) / 1329-6번지,,620.0,공도,15.0,86,,
200900903,2009-01-05 10:11:00,35.8982773,128.6052341,지상누수,북구 산격동 1222-44 번지,D15mm접합부수선,북구,북구 산격로17길 9-1 (산격동) / 1222-44번지,,,,15.0,0,,
200900912,2009-01-08 09:00:00,35.8962259,128.6025329,지하누수,북구 산격동1195-35 번지,DTC(80*15)분기점수선,북구,북구 연암공원로14길 22-5 (산격동) / 1195-35번지,,463.0,공도,15.0,23,,
200900928,2009-01-13 09:40:00,35.890979,128.6032946,지상누수,북구 산격동 1404-152 번지,D80*15mm구분기점폐쇄,북구,북구 산격로1길 31-4 (산격동) / 1404-152번지,,,,15.0,0,,
200900983,2009-01-28 06:55:00,35.8952327,128.6046783,지상누수,북구 산격동 1422-17 번지,D100*20mm구분기점폐쇄,북구,북구 연암공원로14길 55 (산격동) / 1422-17번지,520.0,,,15.0,0,,
200901285,2009-02-05 11:09:00,35.8912764,128.5969392,지상누수,북구 산격동 993-6 번지,STS(15)인입선누수,북구,북구 연암로 60-2 (산격동) / 993-6번지,1070.0,,,15.0,0,,
200901288,2009-02-05 16:01:00,35.8976833,128.6045966,지하누수,북구 산격동1197-25 번지,PFP(50X15)분기점수선,북구,북구 연암공원로32길 64-10 (산격동) / 1197-25번지,,252.0,공도,15.0,337,,
200901297,2009-02-12 12:12:00,35.8932193,128.6093998,지상누수,북구 산격동 1335-6 번지,D15mm접합부수선,북구,"북구 대학로23길 31-1, 리앤차이 (산격동) / 1335-6번지",,,,15.0,,,
200901307,2009-02-17 15:42:00,35.8966337,128.6042461,지상누수,북구 산격동 1223-14 번지,D15mm앵글밸브수선,북구,북구 연암공원로14길 37-2 (산격동) / 1223-14번지,520.0,,,15.0,,,
200901591,2009-02-25 09:00:00,35.8970944,128.6024783,지하누수,북구 산격동1185-67 번지,PFP(80X15()구분기점폐쇄,북구,북구 산격로13길 25 (산격동) / 1185-67번지,,463.0,공도,15.0,27,,
200901590,2009-02-25 09:00:00,35.8965898,128.6016523,지하누수,북구 산격동1186-46 번지,DTC(100X25)분기점 폐쇄,북구,북구 연암공원로14길 15 (산격동) / 1186-46번지,,463.0,공도,25.0,40,,
200901797,2009-03-06 09:00:00,35.8944692,128.5984373,지하누수,북구 산격동1141-4 번지,DTC(80X15)분기점폐쇄,북구,북구 연암공원로 41 (산격동) / 1141-4번지,520.0,461.0,공도,15.0,"1,154",,
200901796,2009-03-06 09:00:00,35.8963024,128.5987991,지하누수,북구 산격동1166-4 번지,DTC(80X15)분기점폐쇄,북구,북구 연암공원로11길 3-20 (산격동) / 1166-4번지,520.0,461.0,공도,15.0,452,,
200901795,2009-03-06 09:00:00,35.8973991,128.5999957,지하누수,북구 산격동1180-140 번지,DTC(80)구관폐쇄,북구,북구 연암공원로15길 5-1 (산격동) / 1180-140번지,520.0,461.0,공도,80.0,"31,200",,
200901801,2009-03-11 09:00:00,35.8983877,128.6047369,지하누수,북구 산격동1197-5 번지,EPS(50X15)분기점수선,북구,북구 연암공원로20길 34-4 (산격동) / 1197-5번지,,252.0,공도,15.0,756,,
200901802,2009-03-11 09:00:00,35.8982006,128.6047688,지하누수,북구 산격동1197-34 번지,EPS(50X15)분기점수선,북구,북구 연암공원로32길 62-20 (산격동) / 1197-34번지,,252.0,공도,15.0,302,,
200902213,2009-03-27 09:00:00,35.898456,128.6049009,지하누수,북구 산격동1222-34 번지,EPS(50X15)분기점수선,북구,북구 연암공원로20길 34-3 (산격동) / 1222-34번지,,252.0,공도,15.0,413,,
200902724,2009-04-03 09:00:00,35.8911309,128.5975278,지하누수,북구 산격동1017-2 번지,STS(25)직관부수선,북구,북구 연암로 56-3 (산격동) / 1017-2번지,1070.0,570.0,공도,25.0,"1,652",,
200902738,2009-04-08 09:00:00,35.8948612,128.6083472,지하누수,북구 산격동1314-44 번지,STS(80)제수변 스핀들 누수,북구,북구 산격로10길 28 (산격동) / 1314-44번지,1080.0,620.0,공도,80.0,"3,199",,
200902739,2009-04-08 09:00:00,35.8950104,128.610865,지하누수,북구 산격동1307-24 번지,DTC(150X15)구분기점폐쇄,북구,북구 산격로10길 49-2 (산격동) / 1307-24번지,520.0,490.0,공도,15.0,265,,
200902737,2009-04-08 09:00:00,35.8945804,128.6077641,지하누수,북구 산격동1326-38 번지,STS(15~25)접합부수선,북구,북구 대학로13길 32 (산격동) / 1326-38번지,1080.0,620.0,공도,15.0,212,,
200902744,2009-04-08 10:20:00,35.8970647,128.6098819,지상누수,북구 산격동 1266-1 번지,D40mm접합부수선(40보호통교체),북구,"북구 대동로 30, 낙천사우나 (산격동) / 1266-1번지",520.0,,,40.0,0,,
200902746,2009-04-14 09:00:00,35.8947414,128.6077693,지하누수,북구 산격동1326-50 번지,DTC(200*15)분기점수선,북구,북구 대학로13길 32-1 (산격동) / 1326-50번지,,620.0,공도,25.0,"7,563",,
200902760,2009-04-27 09:00:00,35.8955851,128.6118229,지상누수,북구 산격동1276-11 번지,DTC(80X15)분기점폐쇄,북구,북구 대학로25길 6 (산격동) / 1276-11번지,520.0,,,15.0,0,,
200902761,2009-04-27 13:15:00,35.8963045,128.6079341,지상누수,북구 산격동 1249-8 번지, D80*15mm 분기점수선,북구,북구 대학로13길 52-2 (산격동) / 1249-8번지,520.0,,,15.0,0,,
200902767,2009-04-30 13:05:00,35.8968916,128.6001731,지상누수,북구 산격동 1182-5 번지, D40*15mm 분기점 수선(13보호통교체),북구,북구 연암공원로 71 (산격동) / 1182-5번지,520.0,,,15.0,0,,
200903214,2009-05-01 09:18:00,35.8941678,128.6048861,지상누수,북구 산격동 1425-29 번지,D15mm접합부수선,북구,북구 산격로 39-3 (산격동) / 1425-29번지,520.0,,,15.0,0,,
200903239,2009-05-07 09:00:00,35.8954767,128.6006315,지하누수,북구 산격동1435-1 번지,PFP(80X20)분기점수선,북구,북구 산격로11길 43-19 (산격동) / 1435-1번지,1070.0,462.0,공도,20.0,"6,066",,
200903242,2009-05-07 09:00:00,35.89345,128.5989036,지하누수,북구 산격동1106-13 번지,DTC(80X15)분기점 수선,북구,북구 연암공원로8길 13-4 (산격동) / 1106-13번지,1070.0,570.0,공도,80.0,"20,726",,
200903240,2009-05-07 09:00:00,35.8955177,128.5998111,지하누수,북구 산격동1160-2 번지,PFP(80)접합부수선,북구,북구 연암공원로12길 7 (산격동) / 1160-2번지,1070.0,462.0,공도,80.0,"41,453",,
200903622,2009-06-10 09:51:00,35.8956685,128.6028173,지상누수,북구 산격동 1437-48 번지,D50mm접합부수선,북구,"북구 산격로북9길 7, 혜성빌라 (산격동) / 1437-48번지",1070.0,,,50.0,2,,
200903675,2009-06-15 13:55:00,35.8963248,128.6004439,지상누수,북구 산격동 1163-7 번지,13mm지열보호통교체,북구,북구 연암공원로 66-10 (산격동) / 1163-7번지,,,,15.0,,,
200903711,2009-06-18 11:40:00,35.8949517,128.5991657,지상누수,북구 산격동 1148-4 번지,D15mm접합부수선,북구,북구 연암공원로10길 3-10 (산격동) / 1148-4번지,,,,15.0,,,
200904129,2009-07-01 09:00:00,35.892329,128.597797,지하누수,북구 산격동1091 번지,STS(25X15)지수전 2개소 직선처리,북구,북구 연암로12길 12-14 (산격동) / 1091번지,1070.0,570.0,공도,15.0,306,,
200904123,2009-07-01 09:01:00,35.8921276,128.5969563,지하누수,북구 산격동1052 번지,PFP(40)지수전 교체,북구,북구 연암로12길 9-2 (산격동) / 1052번지,1070.0,570.0,공도,40.0,"1,878",,
200904120,2009-07-04 10:45:00,35.8975568,128.6076141,지상누수,북구 산격동 1241-19 번지,STS D15 통밑 수선,북구,북구 대동로4길 6-4 (산격동) / 1241-19번지,520.0,,,15.0,,,
200904124,2009-07-06 09:00:00,35.8952061,128.5998821,지하누수,북구 산격동1148-8 번지,DTC(80X15)분기점 폐쇄,북구,북구 산격로서9길 26-1 (산격동) / 1148-8번지,1070.0,462.0,공도,15.0,539,,
200904696,2009-07-06 14:19:00,35.8943311,128.6089668,지상누수,북구 산격동 1313-36 번지,STS D15 통밑수선,북구,북구 대학로17길 22-3 (산격동) / 1313-36번지,,,,15.0,,,
200904609,2009-07-09 09:00:00,35.8955989,128.6062,지하누수,북구 산격동1406-45 번지,DTC(80X15)분기점폐쇄,북구,북구 대학로25길 56 (산격동) / 1406-45번지,520.0,480.0,공도,15.0,"1,140",,
200904664,2009-07-24 09:00:00,35.8957129,128.6050808,지하누수,북구 산격동1422-1 번지,PFP(40)접합부수선,북구,북구 산격로 57-2 (산격동) / 1422-1번지,520.0,470.0,공도,40.0,"2,116",,
200904660,2009-07-27 09:00:00,35.893442,128.6092004,지하누수,북구 산격동1327-16 번지,D=15mm 지열보호통 수선,북구,북구 대학로23길 30 (산격동) / 1327-16번지,1070.0,620.0,사유지,15.0,349,,
200904653,2009-07-28 09:23:00,35.8974348,128.5983334,지상누수,북구 산격동 1180-14 번지,D=13mm 계량기보호통 교체 수선,북구,북구 연암공원로11길 15-13 (산격동) / 1180-14번지,,,,15.0,,,
200904648,2009-07-30 12:56:00,35.8930297,128.5985357,지상누수,북구 산격동 1099-25 번지,D=13mm 계량기보호통 교체 수선(지열보호통),북구,북구 연암공원로8길 15-10 (산격동) / 1099-25번지,,,,15.0,,,
200905678,2009-08-19 08:50:00,35.8925102,128.6007659,지상누수,북구 산격동 체육관삼거리 긴급복구공사,D=400mm 그랜드패킹수선 N=1,북구,북구 연암로 40 (산격동) / 1446-1번지,520.0,,,400.0,1,,
200905146,2009-08-24 07:24:00,35.8961747,128.6118559,지상누수,북구 산격동 1275-7 번지,D15mm계량기패킹교체,북구,북구 대동로 52-4 (산격동) / 1275-7번지,520.0,,,15.0,0,,
200905122,2009-08-26 16:25:00,35.8917529,128.6062886,지상누수,북구 산격동 1416-5 번지,D80*25mm분기점수선,북구,북구 대학로 59-36 (산격동) / 1416-5번지,1070.0,,,25.0,1,,
200905708,2009-09-21 09:00:00,35.8982164,128.604464,지하누수,북구 산격동1197-12 번지,D15mm지열보호통교체,북구,북구 연암공원로32길 62-19 (산격동) / 1197-12번지,1070.0,252.0,사유지,15.0,"2,471",,
200905724,2009-09-25 10:46:00,35.8948437,128.6038297,지상누수,북구 산격동 1427-6 번지,D100*15mm분기점폐쇄,북구,북구 산격로9길 11 (산격동) / 1427-6번지,520.0,,,15.0,0,,
200906797,2009-11-04 14:47:00,35.897077,128.6077305,지상누수,북구 산격동 1251-16 번지,D100*15mm분기점수선,북구,북구 대학로13길 60 (산격동) / 1251-16번지,520.0,,,15.0,0,,
200906685,2009-11-06 17:54:00,35.8921317,128.6057953,지상누수,북구 산격동 1421-33 번지,D15mm접합부수선,북구,북구 대학로9길 13-1 (산격동) / 1421-33번지,520.0,,,15.0,0,,5.0
200906586,2009-11-09 12:05:00,35.8921276,128.5969563,지상누수,북구 산격동 1052 번지,D15mm접합부수선(지열보호통교체),북구,북구 연암로12길 9-2 (산격동) / 1052번지,517.0,,,15.0,0,,5.0
200906408,2009-11-14 11:40:00,35.897077,128.6077305,지상누수,북구 산격동 1251-16 번지,D100*25mm분기점수선,북구,북구 대학로13길 60 (산격동) / 1251-16번지,520.0,,,25.0,1,,4.0
200906683,2009-11-18 13:13:00,35.8930283,128.605446,지상누수,북구 산격동 1413-33 번지,D15mm접합부수선,북구,북구 산격로 28-3 (산격동) / 1413-33번지,520.0,,,15.0,0,,5.0
200906682,2009-11-20 16:10:00,35.8941155,128.607839,지상누수,북구 산격동 1326-39 번지,D200mm직관부수선,북구,북구 대학로13길 26-2 (산격동) / 1326-39번지,520.0,,,200.0,3,,4.0
200906580,2009-11-23 14:43:00,35.8967631,128.6092371,지상누수,북구 산격동 1250-29 번지,D15mm접합부수선(지열보호통교체),북구,북구 대동로8길 16-1 (산격동) / 1250-29번지,520.0,,,15.0,0,,5.0
201000107,2009-12-17 09:07:00,35.8965242,128.5984946,지상누수,북구 산격동 1168-3 번지,D15mm접합부수선,북구,북구 연암공원로11길 3-19 (산격동) / 1168-3번지,520.0,,,15.0,0,,5.0
201000110,2009-12-20 09:56:00,35.8927563,128.6086165,지상누수,북구 산격동 1393-5 번지,D15mm접합부수선,북구,"북구 산격로6길 29-4, (미미) (산격동) / 1393-5번지",520.0,,,15.0,0,,5.0
201000240,2009-12-24 11:30:00,35.8903724,128.6026803,지상누수,북구 산격동 1401-33 번지,D25mm접합부수선,북구,북구 대구체육관로4길 18 (산격동) / 1401-33번지,520.0,,,25.0,0,,4.0
201000372,2009-12-30 08:41:00,35.8964225,128.6083507,지상누수,북구 산격동 1249-40 번지,D15mm접합부수선,북구,북구 대동로8길 23-1 (산격동) / 1249-40번지,520.0,,,15.0,0,,5.0
201000713,2010-01-03 08:49:00,35.8959332,128.6097411,지상누수,북구 산격동 1306-20 번지,D40*15mm분기점수선,북구,북구 산격로14길 42 (산격동) / 1306-20번지,520.0,,,15.0,0,,5.0
201000717,2010-01-06 07:52:00,35.8958428,128.6037225,지상누수,북구 산격동 1423-25 번지,D15mm접합부수선,북구,북구 산격로11길 13-3 (산격동) / 1423-25번지,520.0,,,20.0,1,,5.0
201000729,2010-01-07 08:28:00,35.8949622,128.5982041,지상누수,북구 산격동 1135-20 번지,D40*15mm분기점수선,북구,북구 연암공원로7길 6-17 (산격동) / 1135-20번지,520.0,,,15.0,0,,5.0
201001040,2010-01-28 11:20:00,35.8954002,128.6107026,지상누수,북구 산격동 1307-22 번지,D15mm접합부수선(지열보호통설치),북구,북구 대학로25길 13-5 (산격동) / 1307-22번지,520.0,,,15.0,0,,5.0
201000742,2010-01-28 12:07:00,35.8929279,128.6061233,지상누수,북구 산격동 1411-71 번지,D100*15mm분기점수선,북구,북구 대학로9길 24-5 (산격동) / 1411-71번지,520.0,,,15.0,0,,5.0
201000817,2010-01-28 16:01:00,35.8930297,128.5985357,지상누수,북구 산격동 1099-25 번지,D50*15mm분기점수선,북구,북구 연암공원로8길 15-10 (산격동) / 1099-25번지,520.0,,,15.0,0,,5.0
201001340,2010-02-01 09:56:00,35.8938019,128.6078556,지상누수,북구 산격동 1326-24 번지,DTC(80X15)분기대수선,북구,북구 산격로8길 23-2 (산격동) / 1326-24번지,520.0,,,15.0,0,,5.0
201001648,2010-02-18 09:00:00,35.8907982,128.6036585,지하누수,북구 산격동1498-209 번지,D15mm 지열보호통 교체,북구,북구 연암로4길 53-3 (산격동) / 1498-209번지,520.0,470.0,사유지,15.0,82,,5.0
201001649,2010-02-18 09:00:00,35.8909603,128.6027368,지하누수,북구 산격동1404-33 번지,D15mm 계량기보호통 교체,북구,북구 대구체육관로4길 7-3 (산격동) / 1404-33번지,520.0,470.0,공도,15.0,165,,5.0
201001651,2010-02-23 09:00:00,35.8899651,128.6009332,지하누수,북구 산격동1441-4 번지,D200X15mm 분기점폐쇄,북구,북구 연암로 22 (산격동) / 1441-4번지,520.0,470.0,공도,15.0,181,,5.0
201002104,2010-03-05 09:00:00,35.8907824,128.6046677,지하누수,북구 산격동1498-46 번지,D=80mm 접합부 수선,북구,북구 연암로2길 70 (산격동) / 1498-46번지,520.0,470.0,공도,80.0,"3,072",,4.0
201002312,2010-03-05 09:00:00,35.8898325,128.6010075,지하누수,북구 산격동1441-51 번지,D200mm 직관부수선,북구,북구 연암로 18-9 (산격동) / 1441-51번지,520.0,470.0,공도,200.0,"12,227",,4.0
201002097,2010-03-05 09:28:00,35.8984009,128.6055977,지상누수,북구 산격동 1222-13 번지,D15mm접합부수선,북구,북구 연암공원로32길 50-3 (산격동) / 1222-13번지,520.0,,,15.0,0,,5.0
201002099,2010-03-05 09:48:00,35.8982769,128.605643,지상누수,북구 산격동 1222-14 번지,D80*25mm분기점수선,북구,"북구 연암공원로32길 50-1, 자납 (산격동) / 1222-14번지",520.0,,,25.0,1,,4.0
201002113,2010-03-09 16:52:00,35.8956008,128.6100887,지상누수,북구 산격동 1306-17 번지,D15mm계량기패킹교체,북구,북구 대학로25길 20-1 (산격동) / 1306-17번지,520.0,,,15.0,0,,5.0
201002117,2010-03-10 09:00:00,35.8941463,128.5974834,지하누수,북구 산격동878-1 번지,D50*25mm 분기점 외1개소 수선,북구,북구 연암공원로 31-14 (산격동) / 878-1번지,520.0,461.0,공도,25.0,364,,4.0
201002120,2010-03-12 09:00:00,35.8947713,128.6010511,지하누수,북구 산격동1435-37 번지,D40*15분기점 폐쇄,북구,북구 산격로서9길 17-7 (산격동) / 1435-37번지,520.0,461.0,공도,15.0,222,,5.0
201002124,2010-03-15 09:00:00,35.8899459,128.6034124,지하누수,북구 산격동1498-95 번지,D40*15mm 분기점 수선,북구,북구 연암로4길 42-12 (산격동) / 1498-95번지,520.0,470.0,공도,15.0,231,,5.0
201002276,2010-03-18 15:50:00,35.8926445,128.6060532,지상누수,북구 산격동 1412-24 번지,D100*15mm분기점폐쇄,북구,북구 산격동 1412-24,520.0,,,15.0,0,,5.0
201002283,2010-03-23 09:00:00,35.8960892,128.604461,지하누수,북구 산격동1225-10 번지,D80*15mm 분기점 폐쇄,북구,북구 연암공원로14길 46 (산격동) / 1225-10번지,520.0,470.0,공도,15.0,413,,5.0
201002301,2010-03-30 09:00:00,35.8956008,128.6100887,지상누수,북구 산격동 1306-17 번지,D15mm접합부수선,북구,북구 대학로25길 20-1 (산격동) / 1306-17번지,520.0,,,15.0,0,,5.0
201002980,2010-04-07 09:00:00,35.8971252,128.6023369,지하누수,북구 산격동1185-59 번지,터파기결과 미누수,북구,북구 산격로13길 27 (산격동) / 1185-59번지,,463.0,,,0,,
201003026,2010-04-19 09:00:00,35.8954293,128.6069041,지하누수,북구 산격동1407-36 번지,D80*25 분기점수선,북구,북구 대학로25길 47-2 (산격동) / 1407-36번지,520.0,480.0,공도,25.0,"2,616",,5.0
201003631,2010-05-03 09:00:00,35.8972922,128.6038361,지하누수,북구 산격동1221-9 번지,D15mm 접합부수선,북구,북구 산격로13길 12-7 (산격동) / 1221-9번지,520.0,243.0,공도,15.0,223,,5.0
201003622,2010-05-10 09:00:00,35.8963747,128.6116947,지하누수,북구 산격동1275-5 번지,D150mm 분기점폐쇄,북구,북구 대동로 48 (산격동) / 1275-5번지,520.0,490.0,공도,15.0,905,,5.0
201003625,2010-05-11 09:00:00,35.8944529,128.6104913,지하누수,북구 산격동1325-7 번지,"D100*40,25mm 분기점 수선",북구,북구 대학로23길 13 (산격동) / 1325-7번지,520.0,490.0,공도,40.0,"2,201",,4.0
201003630,2010-05-13 09:00:00,35.8889189,128.6020764,지하누수,북구 산격동1389-3 번지,D50mm 접합부수선,북구,북구 연암로2길 3 (산격동) / 1389-3번지,520.0,470.0,공도,50.0,"2,011",,4.0
201003666,2010-05-22 11:12:00,35.8929263,128.6060014,지상누수,북구 산격동 1412-8 번지,D40mm접합부수선,북구,북구 대학로9길 22-1 (산격동) / 1412-8번지,520.0,,,40.0,0,,4.0
201004027,2010-06-21 09:00:00,35.8892473,128.6028408,지하누수,북구 산격동1392-2 번지,D=13 계량기통밑 접합부수선,북구,북구 대학로 13 (산격동) / 1392-2번지,520.0,470.0,사유지,15.0,537,,5.0
201004036,2010-06-24 18:34:00,35.8950317,128.6061481,지상누수,북구 산격동 1407-75 번지,D15mm지열보호통교체,북구,북구 산격로10길 7 (산격동) / 1407-75번지,520.0,,,15.0,1,,5.0
201004826,2010-07-01 09:00:00,35.8951854,128.6092512,지하누수,북구 산격동1312-72 번지,D=80x15mm 분기점수선 및 지열보호통교체,북구,북구 산격로10길 35-6 (산격동) / 1312-72번지,520.0,480.0,공도,15.0,"1,616",,5.0
201004825,2010-07-01 09:00:00,35.8969645,128.6084568,지하누수,북구 산격동1250-4 번지,D=80x15mm 분기점수선,북구,북구 대동로8길 24-8 (산격동) / 1250-4번지,520.0,480.0,공도,15.0,"2,140",,5.0
201004774,2010-07-01 09:00:00,35.8968513,128.6079403,지하누수,북구 산격동1251-7 번지,D=25X15mm 분기점폐쇄,북구,북구 대동로8길 28-2 (산격동) / 1251-7번지,520.0,480.0,공도,15.0,"1,966",,5.0
201004828,2010-07-06 09:00:00,35.8948467,128.6087656,지하누수,북구 산격동1314 번지,D=150X15mm 분기점폐쇄,북구,북구 대학로17길 27 (산격동) / 1314번지,520.0,490.0,공도,15.0,"1,661",,5.0
201004775,2010-07-06 09:00:00,35.8937504,128.6065046,지하누수,북구 산격동1409-35 번지,D=80X15mm 구분기점폐쇄,북구,북구 산격로8길 11 (산격동) / 1409-35번지,520.0,490.0,공도,15.0,"1,302",,5.0
201004767,2010-07-06 09:00:00,35.8926556,128.6089682,지하누수,북구 산격동1338-1 번지,터파기결과 미누수,북구,북구 대학로23길 37-1 (산격동) / 1338-1번지,520.0,490.0,,,0,,
201004827,2010-07-06 09:00:00,35.892427,128.6063502,지하누수,북구 산격동1414-90 번지,D=100X15mm 분기점수선,북구,북구 산격로6길 10-2 (산격동) / 1414-90번지,520.0,490.0,공도,15.0,"1,661",,5.0
201004729,2010-07-06 09:36:00,35.8942895,128.6105837,지상누수,북구 산격동 1325-4 번지,D25mm접합부수선,북구,북구 대학로23길 15-3 (산격동) / 1325-4번지,520.0,,,15.0,1,,5.0
201004777,2010-07-14 09:00:00,35.8907876,128.6044362,지하누수,북구 산격동1498-183 번지,D=25mm 접합부수선,북구,북구 연암로2길 71 (산격동) / 1498-183번지,520.0,470.0,공도,25.0,"2,059",,4.0
201004835,2010-07-15 09:00:00,35.896816,128.6006497,지하누수,북구 산격동1184-8 번지,D=13mm 계량기보호통교체,북구,북구 연암공원로 76-6 (산격동) / 1184-8번지,520.0,243.0,사유지,15.0,847,,5.0
201004816,2010-07-15 09:00:00,35.8953107,128.6014414,지하누수,북구 산격동1437-24 번지,D=13mm 지열보호통 교체,북구,북구 산격로서9길 14-4 (산격동) / 1437-24번지,520.0,243.0,사유지,15.0,"1,035",,5.0
201004768,2010-07-15 09:00:00,35.8968833,128.6021024,지하누수,북구 산격동1186-41 번지,터파기결과 미누수,북구,북구 연암공원로14길 19-21 (산격동) / 1186-41번지,520.0,243.0,,,0,,
201004834,2010-07-15 09:00:00,35.8965775,128.6025858,지하누수,북구 산격동1195-109 번지,D=100X15 분기점수선,북구,북구 연암공원로14길 23 (산격동) / 1195-109번지,520.0,243.0,공도,15.0,"2,305",,5.0
201005274,2010-08-02 09:56:00,35.8952274,128.598819,지상누수,북구 산격동 1151-8 번지,D15mm계량기박킹교체,북구,"북구 연암공원로 49-1, 태왕감자탕 (산격동) / 1151-8번지",520.0,,,15.0,,,5.0
201005300,2010-08-02 17:44:00,35.8957788,128.6102073,지상누수,북구 산격동 1306-52 번지,D15mm계량기박킹교체,북구,북구 산격로14길 46-3 (산격동) / 1306-52번지,520.0,,,15.0,,,5.0
201005337,2010-08-31 10:26:00,35.8940868,128.6042889,지상누수,북구 산격동 1426-10 번지,D15mm계량기박킹교체,북구,북구 대구체육관로11길 31 (산격동) / 1426-10번지,520.0,,,15.0,,,5.0
201005813,2010-09-01 15:36:00,35.8923093,128.6083009,지상누수,북구 산격동 1399-4 번지,D20mm계량기접합부수선,북구,북구 대학로15길 2 (산격동) / 1399-4번지,520.0,,,20.0,0,,5.0
201006578,2010-10-03 09:15:00,35.8913008,128.6057162,지상누수,북구 산격동 1418-28 번지,D=80X15mm 구분기점폐쇄,북구,북구 대학로9길 5 (산격동) / 1418-28번지,520.0,,,15.0,1,,5.0
201006538,2010-10-06 09:00:00,35.8927815,128.6090508,지하누수,북구 산격동1337-1 번지,D=100X15 구분기점폐쇄,북구,북구 대학로23길 37 (산격동) / 1337-1번지,520.0,490.0,공도,15.0,"1,406",,5.0
201006638,2010-10-29 10:28:00,35.8912155,128.6042629,지상누수,북구 산격동 1490-16 번지,D15mm계량기박킹교체,북구,"북구 산격로1길 16, 브릴란떼 (산격동) / 1490-16번지",520.0,,,15.0,,,5.0
201006914,2010-11-01 15:35:00,35.8966664,128.599342,지상누수,북구 산격동 1180-166 번지,D15mm계량기박킹교체,북구,"북구 연암공원로13길 5, 삼성그린빌B동 201호 (산격동) / 1180-166번지",520.0,,,15.0,,,5.0
201006938,2010-11-11 16:33:00,35.8930714,128.6079041,지상누수,북구 산격동 1397-19 번지,D13mm접합부수선,북구,"북구 대학로13길 16-2, (2010.11.04 폐전) (산격동) / 1397-19번지",520.0,,,15.0,,,5.0
201006973,2010-11-16 10:58:00,35.8921406,128.6034955,지상누수,북구 산격동 1497-39 번지,D80*15mm분기점수선,북구,북구 대구체육관로8길 7 (산격동) / 1497-39번지,520.0,,,15.0,1,,5.0
201006989,2010-11-19 16:44:00,35.894986,128.6116735,지상누수,북구 산격동 1277-13 번지,D15mm계량기박킹교체,북구,"북구 대학로 117, 코리안바베큐 (산격동) / 1277-13번지",520.0,,,15.0,,,5.0
201007002,2010-11-27 18:44:00,35.8970059,128.6089159,지상누수,북구 산격동 1250-2 번지,D40*15mm분기점수선,북구,북구 대동로4길 18 (산격동) / 1250-2번지,520.0,,,15.0,1,,5.0
201007752,2010-12-03 14:00:00,35.8929917,128.6067571,지상누수,북구 산격동 1412-16 번지,D=15 접합부수선,북구,북구 대학로13길 15-15 (산격동) / 1412-16번지,520.0,,,15.0,0,,5.0
201100225,2010-12-29 14:33:00,35.8952274,128.598819,지상누수,북구 산격동 1151-8 번지,D15mm계량기박킹교체,북구,"북구 연암공원로 49-1, 태왕감자탕 (산격동) / 1151-8번지",520.0,,,15.0,,,5.0
201100865,2011-01-03 19:00:00,35.8952774,128.6101531,지상누수,북구 산격동 1307-59 번지,D50*15mm분기점수선,북구,북구 대학로25길 17-6 (산격동) / 1307-59번지,520.0,,,15.0,1,,5.0
201100889,2011-01-15 13:44:00,35.8959434,128.6082485,지상누수,북구 산격동 1311-61 번지,D=40X15 분기점수선,북구,북구 산격로14길 26-1 (산격동) / 1311-61번지,520.0,,,15.0,1,,5.0
201100890,2011-01-15 17:32:00,35.8954002,128.6107026,지상누수,북구 산격동 1307-22 번지,D=50X15분기점수선,북구,북구 대학로25길 13-5 (산격동) / 1307-22번지,520.0,,,15.0,1,,5.0
201100892,2011-01-16 09:51:00,35.8968395,128.6064995,지상누수,북구 산격동 1244-3 번지,D=15보호통밑 유니온교체수선,북구,북구 대학로9길 72-6 (산격동) / 1244-3번지,520.0,,,15.0,,,5.0
201100973,2011-01-25 10:40:00,35.8938755,128.6048677,지상누수,북구 산격동 1425-32 번지,D15mm계량기박킹교체,북구,북구 산격로 35-2 (산격동) / 1425-32번지,520.0,,,15.0,,,5.0
201100976,2011-01-26 10:08:00,35.895862,128.6082629,지상누수,북구 산격동 1311-62 번지,D40*15mm분기점수선,북구,북구 산격로14길 26-3 (산격동) / 1311-62번지,520.0,,,15.0,1,,5.0
201100984,2011-01-31 09:00:00,35.8914202,128.6062172,지하누수,북구 산격동1417-29 번지,D=15 접합부수선,북구,북구 대학로 59-33 (산격동) / 1417-29번지,520.0,490.0,사유지,15.0,335,,5.0
201101482,2011-02-01 13:31:00,35.8971507,128.6089729,지상누수,북구 산격동 1253-28 번지,D15mm계량기박킹교체,북구,북구 대동로4길 17 (산격동) / 1253-28번지,520.0,,,15.0,,,5.0
201101487,2011-02-03 21:26:00,35.8901454,128.6032536,지상누수,북구 산격동 1498-26 번지,D15mm접합부수선,북구,북구 연암로4길 36 (산격동) / 1498-26번지,520.0,,,15.0,,,5.0
201102161,2011-02-25 15:52:00,35.8944829,128.6086036,지상누수,북구 산격동 1314-2 번지,D40*20mm분기점수선,북구,북구 산격동 1314-2,520.0,,,20.0,2,,5.0
201102866,2011-03-03 09:24:00,35.894484,128.6087472,지상누수,북구 산격동 1314-55 번지,"D40*15mm분기점수선, D80*15mm분기점폐쇄",북구,북구 산격동 1314-55,520.0,,,15.0,2,,4.0
201102833,2011-03-07 09:04:00,35.8955456,128.6022247,지상누수,북구 산격동 1437-11 번지,D15mm접합부수선.,북구,북구 산격로서9길 8-36 (산격동) / 1437-11번지,512.0,,,15.0,,,4.0
201102819,2011-03-11 09:41:00,35.8944692,128.5984373,지상누수,북구 산격동 1141-9 번지,D15mm계량기박킹교체,북구,북구 연암공원로 41-1 (산격동) / 1141-9번지,520.0,,,15.0,,,4.0
201102789,2011-03-17 16:25:00,35.8939193,128.5991765,지상누수,북구 산격동 1126-17 번지,D15mm접합부수선,북구,북구 연암공원로8길 7 (산격동) / 1126-17번지,520.0,,,15.0,,,4.0
201102841,2011-03-26 11:21:00,35.8947789,128.6033482,지상누수,북구 산격동 1428-2 번지,D15mm접합부수선,북구,"북구 산격로9길 17, 대성빌딩301호 (산격동) / 1428-2번지",520.0,,,15.0,1,,4.0
201103241,2011-04-05 14:00:00,35.901451,128.6043367,지하누수,북구 공산정수장내 도수관로 긴급복구공사,"공무담당이첩
(공산정수장 도수관로)",북구,북구 동북로 92 (산격동) / 517번지,520.0,242.0,공도,800.0,"90,240",,1.0
201103107,2011-04-12 09:00:00,35.8949701,128.5979517,지하누수,북구 산격동1136-7 번지,D25mm접합부수선,북구,북구 연암공원로7길 6-25 (산격동) / 1136-7번지,520.0,461.0,공도,25.0,"1,077",,4.0
201103113,2011-04-13 13:40:00,35.8905587,128.6027877,지상누수,북구 산격동 1401-10 번지,D40*15mm분기점수선,북구,북구 대구체육관로4길 15 (산격동) / 1401-10번지,520.0,,,15.0,1,,4.0
201103079,2011-04-18 13:35:00,35.8917042,128.5975066,지상누수,북구 산격동 1032-1 번지,D15mm접합부수선,북구,북구 연암로12길 6-5 (산격동) / 1032-1번지,520.0,,,15.0,0,,4.0
201103233,2011-04-25 09:30:00,35.8924255,128.6048535,지상누수,북구 산격동 1433-37 번지,D15mm앵글밸브수선,북구,"북구 대구체육관로 52-2, 평창칼국수 (산격동) / 1433-37번지",520.0,,,15.0,,,4.0
201103249,2011-04-29 09:00:00,35.8916066,128.5975266,지하누수,북구 산격동,D15mm접합부수선,북구,북구 산격동 1032-2,520.0,461.0,사유지,15.0,514,,4.0
201103338,2011-04-29 16:03:00,35.8950531,128.6048475,지상누수,북구 산격동 1422-22 번지,D15mm앵글밸브수선,북구,"북구 산격로9길 2, 류경하한의원 (산격동) / 1422-22번지",520.0,,,15.0,,,4.0
201103850,2011-05-03 09:00:00,35.8962961,128.6053979,지하누수,북구 산격동1229-15 번지,D15mm접합부수선,북구,북구 산격로 64-1 (산격동) / 1229-15번지,520.0,480.0,공도,15.0,886,,4.0
201103858,2011-05-03 09:00:00,35.8956913,128.6069351,지하누수,북구 산격동1406-7 번지,D80*20mm분기점수선,북구,북구 대학로25길 50-1 (산격동) / 1406-7번지,520.0,480.0,공도,20.0,"2,922",,4.0
201103897,2011-05-03 09:00:00,35.8983695,128.6072313,지하누수,북구 산격동1232-1 번지,D50*25mm분기점수선,북구,북구 산격로 96 (산격동) / 1232-1번지,520.0,480.0,공도,25.0,"1,122",,4.0
201103878,2011-05-17 09:00:00,35.8937043,128.5989861,지하누수,북구 산격동1106-16 번지,D15mm접합부수선,북구,북구 연암공원로8길 9 (산격동) / 1106-16번지,520.0,461.0,공도,15.0,493,,4.0
201103857,2011-05-20 09:00:00,35.8962765,128.6107413,지하누수,북구 산격동1268-11 번지,D15mm접합부수선,북구,북구 대동로8길 3-7 (산격동) / 1268-11번지,520.0,490.0,공도,15.0,"1,008",,4.0
201103843,2011-05-26 09:00:00,35.8978486,128.6067485,지하누수,북구 산격동1232-23 번지,D40*15mm분기점수선,북구,북구 대동로 2-18 (산격동) / 1232-23번지,520.0,480.0,공도,15.0,771,,4.0
201104306,2011-06-14 14:11:00,35.8968874,128.6031159,지상누수,북구 산격동 1195-94 번지,D80*15mm분기점수선,북구,북구 산격로13길 21-5 (산격동) / 1195-94번지,520.0,,,15.0,1,,4.0
201104404,2011-06-20 10:19:00,35.895589,128.6002707,지상누수,북구 산격동 1161-6 번지,D15mm접합부수선,북구,북구 산격로11길 45-6 (산격동) / 1161-6번지,520.0,,,15.0,,,4.0
201104624,2011-06-21 09:00:00,35.8950623,128.6069788,지하누수,북구 산격동1407-9 번지,D15mm접합부수선,북구,북구 산격로10길 15-2 (산격동) / 1407-9번지,520.0,480.0,공도,15.0,"1,238",,4.0
201104648,2011-06-21 09:00:00,35.8969425,128.6073039,지하누수,북구 산격동1242-19 번지,D15mm접합부수선,북구,북구 대학로13길 59-4 (산격동) / 1242-19번지,520.0,480.0,공도,15.0,743,,4.0
201104660,2011-06-25 04:41:00,35.8926632,128.6087565,지상누수,북구 산격동 1393-11 번지,D80mm직관부수선,북구,"북구 대학로17길 3, 김밥천국(함) (산격동) / 1393-11번지",520.0,,,80.0,43,,3.0
201105414,2011-07-08 09:00:00,35.8968908,128.6068308,지하누수,북구 산격동1243-4 번지,D80*15mm분기점수선,북구,북구 대학로9길 74-8 (산격동) / 1243-4번지,520.0,480.0,공도,15.0,"1,678",,4.0
201105488,2011-07-12 09:20:00,35.8948435,128.6078796,지상누수,북구 산격동 1326-48 번지,D150*15mm 구분기점폐쇄,북구,"북구 산격로10길 24, (비디오) (산격동) / 1326-48번지",520.0,,,15.0,1,,4.0
201105470,2011-07-12 12:28:00,35.8958128,128.6122184,지상누수,북구 산격동 1279-29 번지,D15mm 접합부수선,북구,북구 대학로 127-8 (산격동) / 1279-29번지,520.0,,,15.0,1,,4.0
201105439,2011-07-22 13:30:00,35.8951476,128.6104596,지상누수,북구 산격동 1307-67 번지,D15mm접합부수선,북구,북구 산격로10길 45-4 (산격동) / 1307-67번지,520.0,,,15.0,,,4.0
201105507,2011-07-27 10:01:00,35.8965336,128.5996083,지상누수,북구 산격동 1165 번지,D13mm 앵글밸브수선,북구,"북구 연암공원로 67, 2    301   영광주택 2동 301호 (산격동) / 1165번지",520.0,,,15.0,,,4.0
201105886,2011-08-16 10:10:00,35.8950431,128.5978991,지상누수,북구 산격동 1136-12 번지,D15mm접합부수선,북구,북구 연암공원로7길 6-27 (산격동) / 1136-12번지,520.0,,,15.0,,,4.0
201106294,2011-09-03 07:33:00,35.8950986,128.6053886,지상누수,북구 산격동 1408-39 번지,D100*15mm구분기점폐쇄,북구,"북구 산격로 50, 혜인어린이집자납 (산격동) / 1408-39번지",520.0,,,15.0,1,,4.0
201106298,2011-09-07 08:28:00,35.8901998,128.6039509,지상누수,북구 산격동 1498-71 번지,D15mm접합부수선,북구,북구 연암로2길 49 (산격동) / 1498-71번지,520.0,,,15.0,,,4.0
201106394,2011-09-24 09:20:00,35.8892791,128.6026847,지상누수,북구 산격동 1391-2 번지,D15mm 접합부 수선,북구,북구 연암로2길 20 (산격동) / 1391-2번지,520.0,,,15.0,0,,4.0
201106844,2011-10-24 09:38:00,35.8919762,128.6057557,지상누수,북구 산격동 1421-14 번지,D15mm 접합부 수선,북구,북구 산격동 1421-14 미장원,520.0,,,15.0,,,5.0
201106857,2011-10-28 10:54:00,35.8947138,128.6112679,지상누수,북구 산격동 1321-2 번지,D15mm앵글밸브수선,북구,"북구 대학로23길 5, 봉대박스파게티 (산격동) / 1321-2번지",520.0,,,15.0,0,,5.0
201107285,2011-11-04 09:00:00,35.8936833,128.5991138,지하누수,북구 산격동1106-14 번지,D15mm 인입선 수선,북구,북구 연암공원로8길 13-9 (산격동) / 1106-14번지,520.0,461.0,공도,15.0,"1,109",,5.0
201107402,2011-11-06 13:19:00,35.8924384,128.6066901,지상누수,북구 산격동 1414-76 번지,D20mm 계량기연결부 수선,북구,북구 산격로6길 14 (산격동) / 1414-76번지,520.0,,,20.0,0,,5.0
201107410,2011-11-15 13:04:00,35.8952274,128.598819,지상누수,북구 산격동 1151-8 번지,D15mm접합부수선,북구,"북구 연암공원로 49-1, 태왕감자탕 (산격동) / 1151-8번지",520.0,,,15.0,,,5.0
201108171,2011-11-18 09:20:00,35.8944942,128.6004553,지상누수,북구 산격동 1435-16 번지,D15mm접합부수선,북구,북구 연암공원로10길 17 (산격동) / 1435-16번지,520.0,,,15.0,0,,5.0
201108236,2011-11-21 13:38:00,35.8978484,128.6039147,지상누수,북구 산격동 1190-9 번지,D40mm접합부수선,북구,북구 연암공원로20길 26-13 (산격동) / 1190-9번지,520.0,,,15.0,0,,5.0
201200059,2011-12-01 08:36:00,35.8947208,128.6107649,지상누수,북구 산격동 1308-9 번지,D100*20mm접합부수선,북구,"북구 대학로23길 10, 리더고시텔 (산격동) / 1308-9번지",520.0,,,20.0,2,,5.0
201200038,2011-12-07 10:42:00,35.8974475,128.6082208,지상누수,북구 산격동 1253-10 번지,D80mm 직관부 수선,북구,북구 대동로4길 9 (산격동) / 1253-10번지,520.0,,,80.0,26,,4.0
201200048,2011-12-10 19:05:00,35.8938053,128.609037,지상누수,북구 산격동 1313-4 번지,D15mm접합부수선,북구,"북구 대학로17길 18, 프론티어1 (산격동) / 1313-4번지",520.0,,,32.0,,,5.0
201200054,2011-12-12 09:55:00,35.8918433,128.6064363,지상누수,북구 산격동 1416-21 번지,D25*15mm분기점수선,북구,북구 대학로9길 14-14 (산격동) / 1416-21번지,520.0,,,15.0,0,,5.0
201200057,2011-12-13 07:31:00,35.892658,128.597828,지상누수,북구 산격동 1099-28 번지,D50*15mm분기점수선,북구,북구 연암공원로 22-35 (산격동) / 1099-28번지,520.0,,,15.0,0,,5.0
201200066,2011-12-13 08:10:00,35.8917398,128.606704,지상누수,북구 산격동 1416-10 번지,D25*15mm분기점수선,북구,북구 대학로 59-22 (산격동) / 1416-10번지,,,,15.0,0,,5.0
201200105,2011-12-13 09:41:00,35.8924261,128.6064154,지상누수,북구 산격동 1414-91 번지,D15mm분기점수선,북구,"북구 산격로6길 10-3, 새대구지업사 (산격동) / 1414-91번지",520.0,,,15.0,0,,5.0
201200067,2011-12-14 07:10:00,35.8942835,128.6062351,지상누수,북구 산격동 1409-3 번지,D15mm직관부수선,북구,북구 대학로9길 38-3 (산격동) / 1409-3번지,520.0,,,15.0,0,,5.0
201200416,2011-12-14 08:14:00,35.8952075,128.610789,지상누수,북구 산격동 1307-26 번지,D20mm접합부수선,북구,북구 산격동 1307-26 폐전(06.11.10),520.0,,,20.0,,,5.0
201108251,2011-12-15 10:05:00,35.8959807,128.6123805,지상누수,북구 산격동 1279-11 번지,D15mm앵글밸브수선,북구,북구 대학로 129-8 (산격동) / 1279-11번지,514.0,,,15.0,,,5.0
201200109,2011-12-16 09:00:00,35.8948166,128.6104906,지상누수,북구 산격동 1308-13 번지,D25mm접합부수선,북구,"북구 산격로10길 48, 하나빌라101호 (산격동) / 1308-13번지",520.0,,,25.0,,,5.0
201200115,2011-12-16 16:45:00,35.8931034,128.5975124,지상누수,북구 산격동 1073-1 번지,D80mm접합부수선,북구,"북구 연암공원로 24, 용수바람빌리지 (산격동) / 1073-1번지",520.0,,,80.0,18,,4.0
201200121,2011-12-18 08:17:00,35.8950004,128.6102705,지상누수,북구 산격동 1307-66 번지,D20mm접합부수선,북구,"북구 산격로10길 45, 왕중손짜장942-0637 (산격동) / 1307-66번지",520.0,,,20.0,0,,5.0
201200137,2011-12-19 17:05:00,35.8940868,128.6042889,지상누수,북구 산격동 1426-10 번지,D80*25mm분기점수선,북구,북구 대구체육관로11길 31 (산격동) / 1426-10번지,520.0,,,25.0,0,,5.0
201200420,2011-12-23 09:31:00,35.8980051,128.6067201,지상누수,북구 산격동 1232-5 번지,D15mm접합부수선,북구,"북구 산격로 88-1, 얼음막걸리 (산격동) / 1232-5번지",520.0,,,15.0,,,5.0
201200382,2011-12-23 09:43:00,35.8943564,128.6046949,지상누수,북구 산격동 1425-10 번지,D80*15mm분기점수선,북구,북구 대구체육관로11길 40 (산격동) / 1425-10번지,520.0,,,15.0,0,,5.0
201200385,2011-12-24 11:40:00,35.8961785,128.600401,지상누수,북구 산격동 1161-42 번지,D15mm앵글밸브수선,북구,북구 연암공원로 66-32 (산격동) / 1161-42번지,520.0,,,15.0,,,5.0
201200425,2011-12-26 09:00:00,35.8899212,128.6024098,지하누수,북구 산격동1395-11 번지,D=15mm 접합부 수선,북구,북구 연암로4길 23-1 (산격동) / 1395-11번지,520.0,470.0,사유지,15.0,605,,5.0
201200965,2012-01-03 14:14:00,35.8903335,128.6037453,지상누수,북구 산격동 1498-79 번지,D15mm접합부수선,북구,북구 연암로4길 42-7 (산격동) / 1498-79번지,520.0,,,15.0,0,,5.0
201200973,2012-01-06 17:34:00,35.8963222,128.6016409,지상누수,북구 산격동 1434-30 번지,D15mm접합부수선,북구,북구 연암공원로14길 16-1 (산격동) / 1434-30번지,520.0,,,15.0,0,,5.0
201201006,2012-01-12 09:00:00,35.8945457,128.6090655,지하누수,북구 산격동1313-8 번지,D80×15mm 분기점폐쇄,북구,북구 대학로17길 26 (산격동) / 1313-8번지,520.0,490.0,공도,15.0,72,,5.0
201201009,2012-01-12 09:00:00,35.8978824,128.6045353,지하누수,북구 산격동1197-19 번지,D15mm 접합부 수선,북구,북구 연암공원로32길 64-14 (산격동) / 1197-19번지,520.0,243.0,공도,15.0,43,,5.0
201201042,2012-01-25 14:10:00,35.895344,128.6100321,지상누수,북구 산격동 1307-49 번지,D25×15mm 접합부 수선,북구,북구 대학로25길 21-1 (산격동) / 1307-49번지,520.0,,,15.0,0,,5.0
201201054,2012-01-30 17:37:00,35.8933408,128.6062061,지상누수,북구 산격동 1411-9 번지,D15mm 접합부 수선,북구,북구 대학로9길 24-11 (산격동) / 1411-9번지,520.0,,,15.0,0,,5.0
201201238,2012-02-02 15:22:00,35.8947138,128.6112679,지상누수,북구 산격동 1321-2 번지,D15mm앵글밸브수선,북구,"북구 대학로23길 5, 봉대박스파게티 (산격동) / 1321-2번지",,,,15.0,0,,5.0
201201248,2012-02-06 11:51:00,35.8976809,128.6005573,지상누수,북구 산격동 1183-28 번지,D15mm접합부수선,북구,북구 연암공원로 81-16 (산격동) / 1183-28번지,520.0,,,15.0,0,,5.0
201201263,2012-02-06 16:47:00,35.8906001,128.6050173,지상누수,북구 산격동 1498-12 번지,D15mm접합부수선,북구,"북구 대학로 37, 썬팅경보기 (산격동) / 1498-12번지",520.0,,,15.0,0,,5.0
201201298,2012-02-21 11:41:00,35.8935898,128.6044517,지상누수,북구 산격동 1430 번지,D15 보호통 교체,북구,"북구 대구체육관로11길 23, 알뜰쇼핑 (산격동) / 1430번지",520.0,,,15.0,0,,5.0
201201307,2012-02-24 10:52:00,35.8974475,128.6082208,지상누수,북구 산격동 1253-10 번지,D100*25mm분기점수선,북구,북구 대동로4길 9 (산격동) / 1253-10번지,520.0,,,25.0,2,,5.0
201201312,2012-02-29 09:58:00,35.8921106,128.6071623,지상누수,북구 산격동 1414-55 번지,D15mm 접합부 수선,북구,북구 대학로13길 3-10 (산격동) / 1414-55번지,520.0,,,15.0,0,,5.0
201201870,2012-03-06 12:54:00,35.8963482,128.6060171,지상누수,북구 산격동 1246-1 번지,D15mm 앵글밸브 교체,북구,북구 대학로9길 62 (산격동) / 1246-1번지,520.0,,,15.0,,,5.0
201201926,2012-03-08 09:00:00,35.8923845,128.6030124,지하누수,북구 산격동1498-1 번지,D=15 접하부 수선,북구,북구 산격동 1498-1,520.0,580.0,사유지,15.0,114,,5.0
201201916,2012-03-13 09:00:00,35.8919995,128.597909,지하누수,북구 산격동1089-2 번지,D=25×15 인입선수선,북구,북구 연암로12길 6-29 (산격동) / 1089-2번지,520.0,461.0,공도,15.0,123,,5.0
201202056,2012-03-22 17:32:00,35.8937121,128.6087386,지상누수,북구 산격동 1314-7 번지,D15mm 앵글밸브 교체,북구,"북구 대학로17길 15, 치킨마루 (산격동) / 1314-7번지",520.0,,,15.0,0,,5.0
201202037,2012-03-27 09:06:00,35.8944692,128.5984373,지상누수,북구 산격동 1141-9 번지,D15mm 접합부 수선,북구,북구 연암공원로 41-1 (산격동) / 1141-9번지,520.0,,,15.0,,,5.0
201202459,2012-04-02 09:00:00,35.8971117,128.5998117,지하누수,북구 산격동 1180-18,,북구,북구 연암공원로13길 2-7 (산격동) / 1180-18번지,520.0,461.0,공도,100.0,"30,802",,4.0
201202518,2012-04-25 13:21:00,35.8948508,128.6084893,지상누수,북구 산격로10길 30 (산격동) / 1314-43번지,D15mm 계량기박킹 교체,북구,북구 산격로10길 30 (산격동) / 1314-43번지,520.0,,,15.0,,,5.0
201202523,2012-04-30 09:56:00,35.8899469,128.6035962,지상누수,북구 연암로2길 43 (산격동) / 1498-93번지,D15mm 앵글밸브 교체,북구,북구 연암로2길 43 (산격동) / 1498-93번지,520.0,,,15.0,,,5.0
201202961,2012-05-07 09:00:00,35.8958366,128.6107121,지하누수,북구 산격로14길 50-2 (산격동) / 1306-27번지,D150*25 분기대 수선,북구,북구 산격로14길 50-2 (산격동) / 1306-27번지,520.0,490.0,공도,25.0,"1,843",,5.0
201202960,2012-05-07 09:00:00,35.8967516,128.6020507,지하누수,북구 연암공원로14길 19-3 (산격동) / 1186-48번지,D40*15 분기점 수선,북구,북구 연암공원로14길 19-3 (산격동) / 1186-48번지,520.0,243.0,공도,15.0,215,,5.0
201202964,2012-05-08 09:02:00,35.8921334,128.6036122,지상누수,북구 대구체육관로8길 10-1 (산격동) / 1498-39번지,D=80×25 분기점 수선,북구,북구 대구체육관로8길 10-1 (산격동) / 1498-39번지,520.0,,,25.0,2,,5.0
201202976,2012-05-14 09:00:00,35.8908484,128.6031797,지하누수,북구 산격로1길 31-22 (산격동) / 1401-96번지,D40*15 분기점 수선,북구,북구 산격로1길 31-22 (산격동) / 1401-96번지,520.0,470.0,공도,15.0,210,,5.0
201204280,2012-05-14 09:00:00,35.8906725,128.6043161,지하누수,북구 연암로2길 67-8 (산격동) / 1498-107번지,D15mm 계량기통수선,북구,북구 연암로2길 67-8 (산격동) / 1498-107번지,520.0,470.0,사유지,15.0,583,,4.0
201202986,2012-05-17 12:51:00,35.888788,128.6021374,지상누수,북구 연암로2길 6 (산격동) / 1390-7번지,D15mm 접합부 수선,북구,북구 연암로2길 6 (산격동) / 1390-7번지,520.0,,,15.0,0,,5.0
201203125,2012-05-24 12:53:00,35.8937121,128.6087386,지상누수,"북구 대학로17길 15 (산격동,치킨마루) / 1314-7번지",D15mm 접합부 수선,북구,"북구 대학로17길 15 (산격동,치킨마루) / 1314-7번지",520.0,,,15.0,,,5.0
201204074,2012-06-04 09:01:00,35.8950436,128.6055463,지상누수,"북구 산격로10길 1 (산격동,피자앤) / 1408-20번지",D100*15mm 분기점 수선,북구,"북구 산격로10길 1 (산격동,피자앤) / 1408-20번지",520.0,,,15.0,0,,5.0
201204065,2012-06-21 09:00:00,35.8917457,128.6065576,지하누수,북구 대학로 59-25 (산격동) / 1417-21번지,D15접합부 수선,북구,북구 대학로 59-25 (산격동) / 1417-21번지,520.0,490.0,공도,15.0,307,,5.0
201204064,2012-06-21 09:00:00,35.8962062,128.6043354,지하누수,북구 산격로11길 8-4 (산격동) / 1225-14번지,D25 접합부 수선,북구,북구 산격로11길 8-4 (산격동) / 1225-14번지,520.0,243.0,공도,25.0,834,,5.0
201204545,2012-07-05 16:57:00,35.8962193,128.6011202,지상누수,북구 산격로11길 36-15 (산격동) / 1434-79번지,D80*15mm 분기점 수선,북구,북구 산격로11길 36-15 (산격동) / 1434-79번지,520.0,,,15.0,,,5.0
201204578,2012-07-30 02:35:00,35.8942875,128.6098293,지상누수,북구 대학로23길 18-3 (산격동) / 1309-20번지,D50*15mm 분기점 수선,북구,북구 대학로23길 18-3 (산격동) / 1309-20번지,520.0,,,15.0,0,,5.0
201204960,2012-08-21 16:03:00,35.8940889,128.6099565,지상누수,"북구 대학로23길 19 (산격동,베로커피) / 1327-11번지",D40*15mm 분기점 수선,북구,"북구 대학로23길 19 (산격동,베로커피) / 1327-11번지",520.0,,,15.0,0,,5.0
201204990,2012-08-30 09:18:00,35.8914124,128.5968645,지상누수,북구 연암로 66-12 (산격동) / 993-14번지,D15mm 직관부 수선,북구,북구 연암로 66-12 (산격동) / 993-14번지,520.0,,,15.0,,,5.0
201205349,2012-09-06 09:00:00,35.8916059,128.6059874,지하누수,북구 대학로9길 8 (산격동) / 1416-61번지,D100×25 분기점 수선,북구,북구 대학로9길 8 (산격동) / 1416-61번지,520.0,490.0,공도,15.0,196,,5.0
201205294,2012-09-11 14:37:00,35.8965721,128.6112018,지상누수,"북구 대동로 42-1 (산격동,푸르미캐슬) / 1268-3번지",D80*15mm 분기점 수선,북구,"북구 대동로 42-1 (산격동,푸르미캐슬) / 1268-3번지",520.0,,,15.0,1,,5.0
201205301,2012-09-18 09:00:00,35.8941673,128.6102928,지하누수,북구 대학로23길 15-6 (산격동) / 1327-26번지,D=15인입선 수선,북구,북구 대학로23길 15-6 (산격동) / 1327-26번지,520.0,490.0,공도,15.0,134,,5.0
201205351,2012-09-19 09:00:00,35.8971366,128.6013529,지하누수,북구 연암공원로14길 13-37 (산격동) / 1186-9번지,D200×15 분기대 수선,북구,북구 연암공원로14길 13-37 (산격동) / 1186-9번지,520.0,243.0,공도,15.0,233,,5.0
201205354,2012-09-21 09:00:00,35.8934617,128.5984185,지하누수,북구 연암공원로8길 17 (산격동) / 1103번지,D15 보호통 수선,북구,북구 연암공원로8길 17 (산격동) / 1103번지,520.0,461.0,사유지,15.0,139,,5.0
201205355,2012-09-21 09:00:00,35.8952273,128.6068615,지하누수,북구 산격로10길 15-1 (산격동) / 1407-39번지,D15 접합부 수선,북구,북구 산격로10길 15-1 (산격동) / 1407-39번지,520.0,480.0,사유지,15.0,219,,5.0
201205363,2012-09-21 13:38:00,35.8964534,128.607266,지상누수,북구 대학로13길 51-16 (산격동) / 1248-11번지,D80*15mm 분기점 수선,북구,북구 대학로13길 51-16 (산격동) / 1248-11번지,520.0,,,15.0,0,,5.0
201205367,2012-09-24 08:49:00,35.8948166,128.6104906,지상누수,"북구 산격로10길 48 (산격동,하나빌라) / 1308-13번지",D15mm 앵글밸브 수선,북구,"북구 산격로10길 48 (산격동,하나빌라) / 1308-13번지",520.0,,,15.0,,,5.0
201205981,2012-09-28 17:27:00,35.8941288,128.5978432,지상누수,북구 연암공원로 31-6 (산격동) / 1131-4번지,D15mm 앵글밸브 교체,북구,북구 연암공원로 31-6 (산격동) / 1131-4번지,520.0,,,15.0,,,5.0
201206006,2012-10-17 09:00:00,35.8924513,128.596775,지하누수,북구 연암공원로 14 (산격동) / 1048-4번지,D80×15 분기대 수선,북구,북구 연암공원로 14 (산격동) / 1048-4번지,520.0,461.0,공도,15.0,314,,5.0
201206007,2012-10-17 09:00:00,35.8930076,128.5976732,지하누수,북구 산격동 1099-6,D15 인입선 수선,북구,북구 산격동 1099-6,520.0,461.0,공도,15.0,183,,5.0
201206167,2012-10-22 10:55:00,35.8919494,128.6032447,지상누수,"북구 대구체육관로8길 12 (산격동,보경장) / 1498-40번지",D80*20mm 분기점 수선,북구,"북구 대구체육관로8길 12 (산격동,보경장) / 1498-40번지",520.0,,,20.0,1,,5.0
201206171,2012-10-24 09:25:00,35.8899349,128.6025993,지상누수,북구 연암로4길 25 (산격동) / 1395-6번지,D15mm 접합부 수선,북구,북구 연암로4길 25 (산격동) / 1395-6번지,520.0,,,15.0,,,5.0
201206208,2012-10-26 10:56:00,35.8940868,128.6042889,지상누수,북구 대구체육관로11길 31 (산격동) / 1426-10번지, D15mm 접합부 수선,북구,북구 대구체육관로11길 31 (산격동) / 1426-10번지,520.0,,,15.0,,,5.0
201206971,2012-11-19 09:00:00,35.8959163,128.6058311,지하누수,북구 산격동 1408,D=15 계량기통 수선,북구,북구 산격동 1408,520.0,480.0,사유지,15.0,239,,5.0
201206999,2012-11-27 08:50:00,35.8952507,128.598274,지상누수,"북구 연암공원로 55-21 (산격동,(급수중지 2012.5.30)) / 1136-14번지",D40*15mm 분기점 수선,북구,"북구 연암공원로 55-21 (산격동,(급수중지 2012.5.30)) / 1136-14번지",520.0,,,15.0,0,,5.0
201300239,2012-12-02 09:09:00,35.894859,128.6107751,지상누수,북구 대학로23길 10-1 (산격동) / 1308-7번지,D20mm 접합부 수선,북구,북구 대학로23길 10-1 (산격동) / 1308-7번지,520.0,,,20.0,,,5.0
201300054,2012-12-04 12:32:00,35.8918834,128.6050608,지상누수,"북구 산격로 15 (산격동,오종인쇄소) / 1433-60번지",D15mm 접합부 수선,북구,"북구 산격로 15 (산격동,오종인쇄소) / 1433-60번지",520.0,,,15.0,,,5.0
201300209,2012-12-06 08:19:00,35.894585,128.6053741,지상누수,"북구 산격로 46 (산격동,초원건강원) / 1410-44번지",D15mm  접합부 수선,북구,"북구 산격로 46 (산격동,초원건강원) / 1410-44번지",520.0,,,15.0,,,5.0
201300060,2012-12-10 16:47:00,35.8905349,128.6033322,지상누수,북구 산격로1길 31-32 (산격동) / 1401-66번지,D15mm 접합부 수선,북구,북구 산격로1길 31-32 (산격동) / 1401-66번지,520.0,,,15.0,,,5.0
201300134,2012-12-20 16:40:00,35.8939062,128.6061585,지상누수,북구 산격로8길 9-3 (산격동) / 1409-41번지,D25mm 접합부 수선,북구,북구 산격로8길 9-3 (산격동) / 1409-41번지,520.0,,,25.0,1,,5.0
201300137,2012-12-24 10:28:00,35.8967216,128.6108766,지상누수,북구 대동로 40 (산격동) / 1268-1번지,D80*15mm 분기점 수선,북구,북구 대동로 40 (산격동) / 1268-1번지,520.0,,,15.0,0,,5.0
20130103-0175,2013-01-03 12:59:00,35.890267,128.6038772,긴급공사,북구 연암로4길 42-9 (산격동) / 1498-35번지,,북구,연암로4길 42-9 (산격동) / 1498-35번지,520.0,47,공도,50.0,2 ,,급수관
201300479,2013-01-03 12:59:00,35.890267,128.6038772,지상누수,북구 연암로4길 42-9 (산격동) / 1498-35번지,D50*25mm 분기점 수선,북구,북구 연암로4길 42-9 (산격동) / 1498-35번지,520.0,,,50.0,2,,5.0
20130105-0005,2013-01-05 06:32:00,35.8919787,128.5968683,긴급공사,북구 연암로12길 9-6 (산격동) / 1051-2번지,,북구,연암로12길 9-6 (산격동) / 1051-2번지,520.0,46-1,공도,40.0,1 ,,급수관
201300500,2013-01-05 06:32:00,35.8919787,128.5968683,지상누수,북구 연암로12길 9-6 (산격동) / 1051-2번지,D40*25mm 분기점 수선,북구,북구 연암로12길 9-6 (산격동) / 1051-2번지,520.0,,,40.0,1,,5.0
20130105-0084,2013-01-05 11:42:00,35.8966439,128.6027469,긴급공사,북구 연암공원로14길 25-3 (산격동) / 1195-49번지,,북구,연암공원로14길 25-3 (산격동) / 1195-49번지,520.0,24-3,공도,40.0,1 ,,급수관
201300507,2013-01-05 11:42:00,35.8966439,128.6027469,지상누수,북구 연암공원로14길 25-3 (산격동) / 1195-49번지,D40*15mm 분기점 수선,북구,북구 연암공원로14길 25-3 (산격동) / 1195-49번지,520.0,,,40.0,1,,5.0
201300533,2013-01-09 12:17:00,35.8959559,128.6044328,지상누수,북구 연암공원로14길 46-1 (산격동) / 1423번지,D15mm 접합부 수선,북구,북구 연암공원로14길 46-1 (산격동) / 1423번지,520.0,,,15.0,,,5.0
20130109-0170,2013-01-09 12:17:00,35.8959559,128.6044328,긴급공사,북구 연암공원로14길 46-1 (산격동) / 1423번지,,북구,연암공원로14길 46-1 (산격동) / 1423번지,520.0,47,사유지,15.0,,,급수관
201300492,2013-01-13 10:30:00,35.8963635,128.6005926,지상누수,북구 연암공원로 66-13 (산격동) / 1161-46번지,D=15 계량기통 교체수선,북구,북구 연암공원로 66-13 (산격동) / 1161-46번지,520.0,,,15.0,,,5.0
20130113-0021,2013-01-13 10:30:00,35.8963635,128.6005926,긴급공사,북구 연암공원로 66-13 (산격동) / 1161-46번지,,북구,연암공원로 66-13 (산격동) / 1161-46번지,520.0,46-1,사유지,15.0,,,급수관
20130117-0167,2013-01-17 12:49:00,35.8976705,128.6018008,긴급공사,"북구 연암공원로 90-8, 자납,최정숙 (산격동) / 1185-49번지",,북구,"연암공원로 90-8, 자납,최정숙 (산격동) / 1185-49번지",520.0,24-3,사유지,15.0,,,급수관
201300515,2013-01-17 12:49:00,35.8976705,128.6018008,지상누수,"북구 연암공원로 90-8, 자납,최정숙 (산격동) / 1185-49번지",D15mm 접합부 수선,북구,"북구 연암공원로 90-8, 자납,최정숙 (산격동) / 1185-49번지",520.0,,,15.0,,,5.0
20130126-0025,2013-01-26 11:02:00,35.8970288,128.6009761,긴급공사,북구 연암공원로 82-12 (산격동) / 1186-15번지,,북구,연암공원로 82-12 (산격동) / 1186-15번지,520.0,24-3,공도,25.0,4 ,,급수관
201300682,2013-01-26 11:02:00,35.8970288,128.6009761,지상누수,북구 연암공원로 82-12 (산격동) / 1186-15번지,"D40*15mm 분기점 수선
",북구,북구 연암공원로 82-12 (산격동) / 1186-15번지,520.0,,,25.0,4,,5.0
,2013-01-29 09:00:00,35.8963146,128.6087015,긴급공사,북구 대동로8길 21-5 (산격동) / 1249-16번지,,북구,대동로8길 21-5 (산격동) / 1249-16번지,520.0,48,,,,,급수관
201301351,2013-01-29 10:30:00,35.8963992,128.5987661,지상누수,"북구 연암공원로11길 3-24 (산격동,금고본인) / 1167-3번지","D15mm 접합부 수선
",북구,"북구 연암공원로11길 3-24 (산격동,금고본인) / 1167-3번지",520.0,,,15.0,0,,5.0
20130129-0066,2013-01-29 10:30:00,35.8963992,128.5987661,긴급공사,"북구 연암공원로11길 3-24 (산격동,금고본인) / 1167-3번지",,북구,"연암공원로11길 3-24 (산격동,금고본인) / 1167-3번지",520.0,46-1,사유지,15.0,0 ,,급수관
20130129-0409,2013-01-29 17:03:00,35.8964105,128.5988983,긴급공사,북구 연암공원로11길 3-6 (산격동) / 1166-2번지,,북구,연암공원로11길 3-6 (산격동) / 1166-2번지,520.0,46-1,사유지,20.0,0 ,,급수관
201301354,2013-01-29 17:03:00,35.8964105,128.5988983,지상누수,북구 연암공원로11길 3-6 (산격동) / 1166-2번지,"D20mm 앵글밸브 수선
",북구,북구 연암공원로11길 3-6 (산격동) / 1166-2번지,520.0,,,20.0,0,,5.0
201301378,2013-02-04 11:19:00,35.890609,128.6032882,지상누수,북구 산격로1길 31-30 (산격동) / 1401-65번지,"D80*15mm 분기점 수선
",북구,북구 산격로1길 31-30 (산격동) / 1401-65번지,520.0,,,15.0,,,5.0
20130204-0145,2013-02-04 11:19:00,35.890609,128.6032882,긴급공사,북구 산격로1길 31-30 (산격동) / 1401-65번지,,북구,산격로1길 31-30 (산격동) / 1401-65번지,520.0,47,사유지,15.0,,,급수관
20130214-0007,2013-02-14 08:48:00,35.8930396,128.6087085,긴급공사,"북구 대학로17길 9 (산격동,다모아 미용실) / 1393-1번지",,북구,"대학로17길 9 (산격동,다모아 미용실) / 1393-1번지",520.0,49,공도,25.0,1 ,,급수관
201301392,2013-02-14 08:48:00,35.8930396,128.6087085,지상누수,"북구 대학로17길 9 (산격동,다모아 미용실) / 1393-1번지",D50*25mm 분기점 수선,북구,"북구 대학로17길 9 (산격동,다모아 미용실) / 1393-1번지",520.0,,,25.0,1,,5.0
20130215-0086,2013-02-15 11:18:00,35.8909028,128.6040928,긴급공사,"북구 연암로4길 59 (산격동,대성이용원) / 1498-194번지",,북구,"연암로4길 59 (산격동,대성이용원) / 1498-194번지",520.0,47,공도,20.0,1 ,,급수관
201301437,2013-02-15 11:18:00,35.8909028,128.6040928,지상누수,"북구 연암로4길 59 (산격동,대성이용원) / 1498-194번지","D100*20mm 접합부 수선
",북구,"북구 연암로4길 59 (산격동,대성이용원) / 1498-194번지",520.0,,,20.0,1,,5.0
201301463,2013-02-21 12:43:00,35.8980324,128.6046759,지상누수,북구 연암공원로32길 62-13 (산격동) / 1197-15번지,D15mm 접합부 수선,북구,북구 연암공원로32길 62-13 (산격동) / 1197-15번지,520.0,,,15.0,,,5.0
20130221-0139,2013-02-21 12:43:00,35.8980324,128.6046759,긴급공사,북구 연암공원로32길 62-13 (산격동) / 1197-15번지,,북구,연암공원로32길 62-13 (산격동) / 1197-15번지,520.0,24-3,사유지,15.0,,,급수관
201301469,2013-02-25 09:00:00,35.8944037,128.6041922,지하누수,북구 대구체육관로9길 40-1 (산격동) / 1426-46번지,D80*20mm 분기점 수선,북구,북구 대구체육관로9길 40-1 (산격동) / 1426-46번지,520.0,490.0,공도,20.0,457,,5.0
,2013-02-25 09:00:00,35.8944037,128.6041922,긴급공사,북구 대구체육관로9길 40-1 (산격동) / 1426-46번지,,북구,대구체육관로9길 40-1 (산격동) / 1426-46번지,520.0,49,공도,20.0,457 ,,급수관
201301480,2013-02-27 09:00:00,35.8916117,128.6065452,지하누수,북구 대학로 59-29 (산격동) / 1417-25번지,D15mm 접합부 수선,북구,북구 대학로 59-29 (산격동) / 1417-25번지,520.0,490.0,사유지,15.0,97,,5.0
201301561,2013-02-27 09:00:00,35.8916117,128.6065452,지하누수,북구 대학로 59-29 (산격동) / 1417-25번지,D15mm 접합부 수선,북구,북구 대학로 59-29 (산격동) / 1417-25번지,520.0,490.0,공도,15.0,167,,5.0
201301813,2013-03-05 09:45:00,35.8927626,128.6040563,지상누수,"북구 대구체육관로9길 2 (산격동,스시로 회) / 1430-30번지","D20mm 접합부 수선
",북구,"북구 대구체육관로9길 2 (산격동,스시로 회) / 1430-30번지",520.0,,,20.0,,,5.0
20130305-0058,2013-03-05 09:45:00,35.8927626,128.6040563,긴급공사,"북구 대구체육관로9길 2 (산격동,스시로 회) / 1430-30번지",,북구,"대구체육관로9길 2 (산격동,스시로 회) / 1430-30번지",520.0,47,사유지,20.0,,,급수관
201301918,2013-03-22 13:24:00,35.8957541,128.612599,지상누수,"북구 대학로 129 (산격동,탑부동산) / 1279-21번지","D80*15mm 분기점 수선
",북구,"북구 대학로 129 (산격동,탑부동산) / 1279-21번지",520.0,,,15.0,0,,5.0
201302312,2013-04-03 11:16:00,35.8970207,128.6069701,지상누수,"북구 대학로9길 74-7 (산격동,자납,김정기) / 1242-5번지",D15mm 계량기 연결관 교체,북구,"북구 대학로9길 74-7 (산격동,자납,김정기) / 1242-5번지",520.0,,,15.0,,,5.0
20130403-0138,2013-04-03 11:16:00,35.8970207,128.6069701,긴급공사,"북구 대학로9길 74-7 (산격동,자납,김정기) / 1242-5번지",,북구,"대학로9길 74-7 (산격동,자납,김정기) / 1242-5번지",520.0,48,사유지,15.0,,,급수관
20130417-0019,2013-04-17 09:21:00,35.8940245,128.6093829,긴급공사,북구 대동로6길 38 (산격동) / 1313-56번지,,북구,대동로6길 38 (산격동) / 1313-56번지,520.0,49,공도,15.0,0 ,,급수관
201302363,2013-04-17 09:21:00,35.8940245,128.6093829,지상누수,북구 대동로6길 38 (산격동) / 1313-56번지,"D80*13mm 분기점 수선

",북구,북구 대동로6길 38 (산격동) / 1313-56번지,520.0,,,15.0,0,,5.0
20130424-0368,2013-04-24 18:38:00,35.895344,128.6100321,긴급공사,북구 대학로25길 21-1 (산격동) / 1307-49번지,,북구,대학로25길 21-1 (산격동) / 1307-49번지,520.0,49,공도,15.0,0 ,,급수관
201302375,2013-04-24 18:38:00,35.895344,128.6100321,지상누수,북구 대학로25길 21-1 (산격동) / 1307-49번지,"D25*15mm 분기점 수선
",북구,북구 대학로25길 21-1 (산격동) / 1307-49번지,520.0,,,15.0,0,,5.0
20130429-0228,2013-04-29 12:03:00,35.8964988,128.6085216,긴급공사,"북구 대동로8길 21-2 (산격동,401호 동원빌라) / 1249-3번지",,북구,"대동로8길 21-2 (산격동,401호 동원빌라) / 1249-3번지",520.0,48,사유지,15.0,,,급수관
201302433,2013-04-29 12:03:00,35.8964988,128.6085216,지상누수,"북구 대동로8길 21-2 (산격동,401호 동원빌라) / 1249-3번지",D15mm 후크너트 교체,북구,"북구 대동로8길 21-2 (산격동,401호 동원빌라) / 1249-3번지",520.0,,,15.0,,,5.0
201303067,2013-05-21 10:00:00,35.8922664,128.6035592,지상누수,"북구 대구체육관로8길 5 (산격동,부국생태탕) / 1497-44번지","D15mm 계량기 보호통 교체 수선
",북구,"북구 대구체육관로8길 5 (산격동,부국생태탕) / 1497-44번지",520.0,,,15.0,,,5.0
20130521-0079,2013-05-21 10:00:00,35.8922664,128.6035592,긴급공사,"북구 대구체육관로8길 5 (산격동,부국생태탕) / 1497-44번지",,북구,"대구체육관로8길 5 (산격동,부국생태탕) / 1497-44번지",520.0,47,사유지,15.0,,,급수관
,2013-06-04 09:00:00,35.8938053,128.609037,긴급공사,북구 대학로17길 18 (산격동) / 1313-4번지,,북구,대학로17길 18 (산격동) / 1313-4번지,520.0,49,공도,32.0,856 ,,급수관
,2013-06-04 09:00:00,35.892493,128.6053595,긴급공사,북구 산격로 22-1 (산격동) / 1418-1번지,,북구,산격로 22-1 (산격동) / 1418-1번지,520.0,49,공도,15.0,446 ,,급수관
201303864,2013-06-04 09:00:00,35.8938053,128.609037,지하누수,북구 대학로17길 18 (산격동) / 1313-4번지,D80*32mm 분기점 수선,북구,북구 대학로17길 18 (산격동) / 1313-4번지,520.0,490.0,공도,32.0,856,,5.0
201303826,2013-06-04 09:00:00,35.892493,128.6053595,지하누수,북구 산격로 22-1 (산격동) / 1418-1번지,D40*15mm 분기점 수선,북구,북구 산격로 22-1 (산격동) / 1418-1번지,520.0,490.0,공도,15.0,446,,5.0
201304425,2013-06-04 10:47:00,35.8958679,128.6034297,지상누수,북구 산격로11길 17 (산격동) / 1423-40번지,D15mm 계량기 보호통 교체수선,북구,북구 산격로11길 17 (산격동) / 1423-40번지,520.0,,,15.0,,,5.0
20130604-0112,2013-06-04 10:47:00,35.8958679,128.6034297,긴급공사,북구 산격로11길 17 (산격동) / 1423-40번지,,북구,산격로11길 17 (산격동) / 1423-40번지,520.0,47,사유지,15.0,,,급수관
20130607-0066,2013-06-07 09:34:00,35.8975383,128.6066399,긴급공사,북구 대동로 2-23 (산격동) / 1234-6번지,,북구,대동로 2-23 (산격동) / 1234-6번지,520.0,48,사유지,15.0,,,급수관
201303830,2013-06-07 09:34:00,35.8975383,128.6066399,지상누수,북구 대동로 2-23 (산격동) / 1234-6번지,"D15mm 계량기 고무패킹 교체
",북구,북구 대동로 2-23 (산격동) / 1234-6번지,520.0,,,15.0,,,5.0
201303831,2013-06-07 13:28:00,35.8935864,128.6046368,지상누수,"북구 대구체육관로11길 22 (산격동,파랑새마을) / 1429-20번지","D15mm 계량기 고무패킹 교체
",북구,"북구 대구체육관로11길 22 (산격동,파랑새마을) / 1429-20번지",520.0,,,15.0,,,5.0
20130607-0264,2013-06-07 13:28:00,35.8935864,128.6046368,긴급공사,"북구 대구체육관로11길 22 (산격동,파랑새마을) / 1429-20번지",,북구,"대구체육관로11길 22 (산격동,파랑새마을) / 1429-20번지",520.0,47,사유지,15.0,,,급수관
201303835,2013-06-11 09:00:00,35.8937026,128.608004,지하누수,북구 산격로8길 25 (산격동) / 1326-12번지,D80*20mm 분기점 수선,북구,북구 산격로8길 25 (산격동) / 1326-12번지,520.0,490.0,공도,20.0,"1,322",,5.0
,2013-06-11 09:00:00,35.8937026,128.608004,긴급공사,북구 산격로8길 25 (산격동) / 1326-12번지,,북구,산격로8길 25 (산격동) / 1326-12번지,520.0,49,공도,20.0,"1,322 ",,급수관
,2013-06-21 09:00:00,35.8938019,128.6078556,긴급공사,북구 산격로8길 23-2 (산격동) / 1326-24번지,,북구,산격로8길 23-2 (산격동) / 1326-24번지,520.0,49,공도,15.0,495 ,,급수관
201303873,2013-06-21 09:00:00,35.8938019,128.6078556,지하누수,북구 산격로8길 23-2 (산격동) / 1326-24번지,D25*15mm 분기점 수선,북구,북구 산격로8길 23-2 (산격동) / 1326-24번지,520.0,490.0,공도,15.0,495,,5.0
201303879,2013-06-29 09:00:00,35.8944754,128.6077617,지하누수,북구 대학로13길 30-1 (산격동) / 1326-7번지,D80*15mm 분기점 수선,북구,북구 대학로13길 30-1 (산격동) / 1326-7번지,520.0,490.0,공도,15.0,0,,5.0
,2013-06-29 09:00:00,35.8944754,128.6077617,긴급공사,북구 대학로13길 30-1 (산격동) / 1326-7번지,,북구,대학로13길 30-1 (산격동) / 1326-7번지,520.0,49,공도,15.0,0 ,,급수관
,2013-07-01 08:00:00,35.8924757,128.6060081,긴급공사,북구 산격로6길 8 (산격동) / 1414-8번지,,북구,산격로6길 8 (산격동) / 1414-8번지,520.0,49,공도,15.0,52 ,,급수관
201304297,2013-07-01 08:00:00,35.8924757,128.6060081,지하누수,북구 산격로6길 8 (산격동) / 1414-8번지,제수변 볼트너트 조임,북구,북구 산격로6길 8 (산격동) / 1414-8번지,520.0,490.0,공도,15.0,52,,5.0
201304299,2013-07-01 17:41:00,35.8935602,128.5984186,지상누수,북구 연암공원로8길 18-4 (산격동) / 1105-4번지,"D15mm 계량기 후크너트 수선
",북구,북구 연암공원로8길 18-4 (산격동) / 1105-4번지,520.0,,,15.0,,,5.0
20130701-0551,2013-07-01 17:41:00,35.8935602,128.5984186,긴급공사,북구 연암공원로8길 18-4 (산격동) / 1105-4번지,,북구,연암공원로8길 18-4 (산격동) / 1105-4번지,520.0,46-1,사유지,15.0,,,급수관
201304396,2013-07-16 08:00:00,35.8916054,128.6066892,지하누수,북구 대학로 59-16 (산격동) / 1416-9번지,D80*15mm 분기점 수선,북구,북구 대학로 59-16 (산격동) / 1416-9번지,520.0,490.0,공도,15.0,46,,5.0
,2013-07-16 08:00:00,35.8924787,128.605816,긴급공사,북구 산격로6길 6-1 (산격동) / 1418번지,,북구,산격로6길 6-1 (산격동) / 1418번지,520.0,49,공도,15.0,46 ,,급수관
201304397,2013-07-16 08:00:00,35.8924787,128.605816,지하누수,북구 산격로6길 6-1 (산격동) / 1418번지,D100*15mm 구 분기점 폐쇄,북구,북구 산격로6길 6-1 (산격동) / 1418번지,520.0,490.0,공도,15.0,46,,5.0
20130725-0332,2013-07-25 16:35:00,35.8942994,128.6059823,긴급공사,북구 대학로9길 38-1 (산격동) / 1409-49번지,,북구,대학로9길 38-1 (산격동) / 1409-49번지,520.0,49,사유지,15.0,,,급수관
201304418,2013-07-25 16:35:00,35.8942994,128.6059823,지상누수,북구 대학로9길 38-1 (산격동) / 1409-49번지,D15mm 계량기 후크너트 교체,북구,북구 대학로9길 38-1 (산격동) / 1409-49번지,520.0,,,15.0,,,5.0
201304421,2013-07-29 14:58:00,35.8947855,128.6115404,지상누수,"북구 대학로 115 (산격동,(S.K텔레콤)자납) / 1320-5번지",D15mm 계량기보호통 고무패킹 교체,북구,"북구 대학로 115 (산격동,(S.K텔레콤)자납) / 1320-5번지",520.0,,,15.0,,,5.0
20130730-0155,2013-07-30 11:33:00,35.8944278,128.6099339,긴급공사,북구 대학로23길 18-10 (산격동) / 1309-4번지,,북구,대학로23길 18-10 (산격동) / 1309-4번지,520.0,49,공도,15.0,0 ,,급수관
201304422,2013-07-30 11:33:00,35.8944278,128.6099339,지상누수,북구 대학로23길 18-10 (산격동) / 1309-4번지,"D150*15mm 분기점 수선
",북구,북구 대학로23길 18-10 (산격동) / 1309-4번지,520.0,,,15.0,0,,5.0
20130826-0224,2013-08-26 11:08:00,35.8952943,128.6093955,긴급공사,북구 대동로6길 24 (산격동) / 1312-74번지,,북구,대동로6길 24 (산격동) / 1312-74번지,520.0,49,공도,25.0,2 ,,급수관
201305091,2013-08-26 11:08:00,35.8952943,128.6093955,지상누수,북구 대동로6길 24 (산격동) / 1312-74번지, D150*25mm 분기점 수선,북구,북구 대동로6길 24 (산격동) / 1312-74번지,520.0,,,25.0,2,,5.0
201305096,2013-08-27 13:18:00,35.8959285,128.612761,지상누수,"북구 대학로 131, 편의점 (산격동) / 1279-7번지", D150*20mm 분기점 수선,북구,"북구 대학로 131, 편의점 (산격동) / 1279-7번지",520.0,,,20.0,1,,5.0
20130830-0224,2013-08-30 14:50:00,35.8945009,128.6106126,긴급공사,"북구 대학로23길 11, (공용함) (산격동,무진원룸) / 1321-11번지",,북구,"대학로23길 11, (공용함) (산격동,무진원룸) / 1321-11번지",520.0,49,공도,20.0,1 ,,급수관
201305095,2013-08-30 14:50:00,35.8945009,128.6106126,지상누수,"북구 대학로23길 11, (공용함) (산격동,무진원룸) / 1321-11번지", D100*20mm 분기점 수선,북구,"북구 대학로23길 11, (공용함) (산격동,무진원룸) / 1321-11번지",520.0,,,20.0,1,,5.0
201305053,2013-08-31 06:15:00,35.8959285,128.612761,지상누수,"북구 대학로 131, 편의점 (산격동) / 1279-7번지", D100*20mm 분기점 수선,북구,"북구 대학로 131, 편의점 (산격동) / 1279-7번지",520.0,,,20.0,1,,5.0
201305061,2013-08-31 15:34:00,35.8917172,128.6032125,지상누수,북구 대구체육관로8길 18 (산격동) / 1498-43번지,"D80*15mm 분기점 수선
",북구,북구 대구체육관로8길 18 (산격동) / 1498-43번지,520.0,,,15.0,1,,5.0
20130831-0026,2013-08-31 15:34:00,35.8917172,128.6032125,긴급공사,북구 대구체육관로8길 18 (산격동) / 1498-43번지,,북구,대구체육관로8길 18 (산격동) / 1498-43번지,520.0,47,공도,15.0,1 ,,급수관
201305595,2013-09-23 16:52:00,35.8968985,128.5996514,지상누수,북구 연암공원로13길 6-2 (산격동) / 1180-59번지, D13mm 접합부 수선(보호통 교체),북구,북구 연암공원로13길 6-2 (산격동) / 1180-59번지,520.0,,,15.0,,,5.0
20130923-0566,2013-09-23 16:52:00,35.8968985,128.5996514,긴급공사,북구 연암공원로13길 6-2 (산격동) / 1180-59번지,,북구,연암공원로13길 6-2 (산격동) / 1180-59번지,520.0,46-1,사유지,15.0,,,급수관
201306339,2013-10-04 10:01:00,35.8896873,128.6025124,지상누수,"북구 연암로4길 22 (산격동,우주페인트) / 1498-141번지", D13mm 접합부 수선(보호통 교체),북구,"북구 연암로4길 22 (산격동,우주페인트) / 1498-141번지",520.0,,,15.0,,,5.0
20131004-0134,2013-10-04 10:01:00,35.8896873,128.6025124,긴급공사,"북구 연암로4길 22 (산격동,우주페인트) / 1498-141번지",,북구,"연암로4길 22 (산격동,우주페인트) / 1498-141번지",520.0,47,사유지,15.0,,,급수관
20131009-0114,2013-10-09 18:01:00,35.8969769,128.6102656,긴급공사,"북구 대동로 34 (산격동,서울막창) / 1241-15번지",,북구,"대동로 34 (산격동,서울막창) / 1241-15번지",520.0,48,공도,15.0,0 ,,급수관
201306353,2013-10-09 18:01:00,35.8969769,128.6102656,지상누수,"북구 대동로 34 (산격동,서울막창) / 1241-15번지", D100*13mm 분기점 수선,북구,"북구 대동로 34 (산격동,서울막창) / 1241-15번지",520.0,,,15.0,0,,5.0
20131021-0037,2013-10-21 09:16:00,35.8980531,128.6052826,긴급공사,북구 연암공원로32길 56-4 (산격동) / 1222-39번지,,북구,연암공원로32길 56-4 (산격동) / 1222-39번지,520.0,24-3,공도,20.0,1 ,,급수관
201306171,2013-10-21 09:16:00,35.8980531,128.6052826,지상누수,북구 연암공원로32길 56-4 (산격동) / 1222-39번지, D80*20mm 분기점 수선,북구,북구 연암공원로32길 56-4 (산격동) / 1222-39번지,520.0,,,20.0,1,,5.0
201306365,2013-10-23 10:36:00,35.8920494,128.6057983,지상누수,북구 대학로9길 13 (산격동) / 1421-23번지, D13mm 계량기연결부 박킹교체,북구,북구 대학로9길 13 (산격동) / 1421-23번지,520.0,,,15.0,,,5.0
20131023-0141,2013-10-23 10:36:00,35.8920494,128.6057983,긴급공사,북구 대학로9길 13 (산격동) / 1421-23번지,,북구,대학로9길 13 (산격동) / 1421-23번지,520.0,49,사유지,15.0,,,급수관
20131025-0142,2013-10-25 11:06:00,35.8954183,128.6116362,긴급공사,북구 대학로25길 5-2 (산격동) / 1277-1번지,,북구,대학로25길 5-2 (산격동) / 1277-1번지,520.0,49,사유지,15.0,,,급수관
201306369,2013-10-25 11:06:00,35.8954183,128.6116362,지상누수,북구 대학로25길 5-2 (산격동) / 1277-1번지, D13mm 접합부 수선(보호통 교체),북구,북구 대학로25길 5-2 (산격동) / 1277-1번지,520.0,,,15.0,,,5.0
20131106-0346,2013-11-06 15:58:00,35.8930412,128.6055699,긴급공사,북구 산격로 28-5 (산격동) / 1413-7번지,,북구,산격로 28-5 (산격동) / 1413-7번지,520.0,49,사유지,15.0,,,급수관
201306453,2013-11-06 15:58:00,35.8930412,128.6055699,지상누수,북구 산격로 28-5 (산격동) / 1413-7번지, D13mm 접합부 수선(보호통 교체),북구,북구 산격로 28-5 (산격동) / 1413-7번지,520.0,,,15.0,,,5.0
201306506,2013-11-09 17:23:00,35.897229,128.6064352,지상누수,"북구 대학로9길 71 (산격동,태양반점) / 1231-25번지", D100*13mm 분기점 폐쇄(구관),북구,"북구 대학로9길 71 (산격동,태양반점) / 1231-25번지",520.0,,,15.0,0,,5.0
20131109-0029,2013-11-09 17:23:00,35.897229,128.6064352,긴급공사,"북구 대학로9길 71 (산격동,태양반점) / 1231-25번지",,북구,"대학로9길 71 (산격동,태양반점) / 1231-25번지",520.0,48,공도,15.0,0 ,,급수관
20131114-0012,2013-11-14 07:18:00,35.8956034,128.6048453,긴급공사,북구 산격로 57-5 (산격동) / 1422-8번지,,북구,산격로 57-5 (산격동) / 1422-8번지,520.0,47,공도,15.0,0 ,,급수관
201306488,2013-11-14 07:18:00,35.8956034,128.6048453,지상누수,북구 산격로 57-5 (산격동) / 1422-8번지, D40*15mm 분기점 수선,북구,북구 산격로 57-5 (산격동) / 1422-8번지,520.0,,,15.0,0,,5.0
201306538,2013-11-20 09:00:00,35.8920735,128.6055943,지하누수,북구 산격로 14-13 (산격동) / 1421-51번지,D25mm지수전 수선,북구,북구 산격로 14-13 (산격동) / 1421-51번지,520.0,490.0,공도,25.0,"1,098",,5.0
,2013-11-20 09:00:00,35.8920735,128.6055943,긴급공사,북구 산격로 14-13 (산격동) / 1421-51번지,,북구,산격로 14-13 (산격동) / 1421-51번지,520.0,49,공도,25.0,"1,098 ",,급수관
20131120-0243,2013-11-20 13:56:00,35.8924459,128.6078682,긴급공사,"북구 산격로6길 24-1 (산격동,당구장) / 1400-11번지",,북구,"산격로6길 24-1 (산격동,당구장) / 1400-11번지",520.0,49,공도,80.0,12 ,,급수관
201307023,2013-11-20 13:56:00,35.8924459,128.6078682,지상누수,"북구 산격로6길 24-1 (산격동,당구장) / 1400-11번지", D80mm 제수변스핀들 수선,북구,"북구 산격로6길 24-1 (산격동,당구장) / 1400-11번지",520.0,,,80.0,12,,5.0
201306499,2013-11-20 16:14:00,35.8968767,128.6080844,지상누수,북구 대동로8길 26-2 (산격동) / 1252-4번지, D13mm 접합부 수선(보호통 교체),북구,북구 대동로8길 26-2 (산격동) / 1252-4번지,520.0,,,15.0,,,5.0
20131120-0362,2013-11-20 16:14:00,35.8968767,128.6080844,긴급공사,북구 대동로8길 26-2 (산격동) / 1252-4번지,,북구,대동로8길 26-2 (산격동) / 1252-4번지,520.0,48,사유지,15.0,,,급수관
201307120,2013-12-18 17:50:00,35.8931545,128.605574,지상누수,북구 산격로 30-2 (산격동) / 1413-40번지,D15mmm 계량기 보호통 교체 수선,북구,북구 산격로 30-2 (산격동) / 1413-40번지,520.0,,,15.0,,,5.0
20131218-0370,2013-12-18 17:50:00,35.8931545,128.605574,긴급공사,북구 산격로 30-2 (산격동) / 1413-40번지,,북구,산격로 30-2 (산격동) / 1413-40번지,520.0,49,사유지,15.0,,,급수관
20131224-0434,2013-12-24 16:26:00,35.8897072,128.6028817,긴급공사,북구 연암로4길 22-5 (산격동) / 1498-70번지,,북구,연암로4길 22-5 (산격동) / 1498-70번지,520.0,47,사유지,15.0,,,급수관
201400428,2013-12-24 16:26:00,35.8897072,128.6028817,지상누수,북구 연암로4길 22-5 (산격동) / 1498-70번지, D15mm 앵글밸브 수선,북구,북구 연암로4길 22-5 (산격동) / 1498-70번지,520.0,,,15.0,,,5.0
20131226-0012,2013-12-26 09:00:00,35.8961112,128.6001309,긴급공사,북구 연암공원로 66-20 (산격동) / 1163-3번지,,북구,연암공원로 66-20 (산격동) / 1163-3번지,520.0,46-1,,,,,
201400446,2013-12-29 14:34:00,35.8966439,128.6027469,지상누수,북구 연암공원로14길 25-3 (산격동) / 1195-49번지, D40*15mm 분기점 수선,북구,북구 연암공원로14길 25-3 (산격동) / 1195-49번지,520.0,,,15.0,0,,5.0
20131229-0017,2013-12-29 14:34:00,35.8966439,128.6027469,긴급공사,북구 연암공원로14길 25-3 (산격동) / 1195-49번지,,북구,연암공원로14길 25-3 (산격동) / 1195-49번지,520.0,24-3,공도,15.0,0 ,,급수관
20140127-0322,2014-01-27 14:56:00,35.8938019,128.6078556,긴급공사,북구 산격로8길 23-2 (산격동) / 1326-24번지,,북구,산격로8길 23-2 (산격동) / 1326-24번지,520.0,49,공도,20.0,2 ,,급수관
201400856,2014-01-27 14:56:00,35.8938019,128.6078556,지상누수,북구 산격로8길 23-2 (산격동) / 1326-24번지,D20mm 직관부 수선,북구,북구 산격로8길 23-2 (산격동) / 1326-24번지,520.0,,,20.0,2,,5.0
,2014-02-04 08:00:00,35.8936796,128.6034325,긴급공사,"북구 대구체육관로 39, B동 (산격동,대구체육관) / 1427-1번지",,북구,"대구체육관로 39, B동 (산격동,대구체육관) / 1427-1번지",520.0,47,,,,,급수관
201401447,2014-02-17 17:25:00,35.8918673,128.5973152,지하누수,북구 연암로12길 10 (산격동) / 1037-1번지,D80mm  제수변 누수,북구,북구 연암로12길 10 (산격동) / 1037-1번지,520.0,461.0,공도,15.0,81,,5.0
20140217-0499,2014-02-17 17:25:00,35.8918673,128.5973152,긴급공사,북구 연암로12길 10 (산격동) / 1037-1번지,,북구,연암로12길 10 (산격동) / 1037-1번지,520.0,46-1,공도,15.0,81 ,,급수관
20140303-0135,2014-03-03 10:30:00,35.8978547,128.6071543,긴급공사,북구 대학로9길 81 (산격동) / 1234-15번지,,북구,대학로9길 81 (산격동) / 1234-15번지,520.0,48,사유지,15.0,0 ,,급수관
201401676,2014-03-03 10:30:00,35.8978547,128.6071543,지상누수,북구 대학로9길 81 (산격동) / 1234-15번지, D15mm 접합부 수선(보호통 교체),북구,북구 대학로9길 81 (산격동) / 1234-15번지,520.0,,,15.0,0,,5.0
20140311-0188,2014-03-11 14:09:00,35.8966676,128.6094023,긴급공사,북구 대동로8길 14 (산격동) / 1250-33번지,,북구,대동로8길 14 (산격동) / 1250-33번지,520.0,48,공도,25.0,2 ,,급수관
201401687,2014-03-11 14:09:00,35.8966676,128.6094023,지상누수,북구 대동로8길 14 (산격동) / 1250-33번지, D150*25mm 분기점 폐쇄,북구,북구 대동로8길 14 (산격동) / 1250-33번지,520.0,,,25.0,2,,5.0
20140331-0432,2014-03-31 15:14:00,35.8921334,128.6036122,긴급공사,북구 대구체육관로8길 10-1 (산격동) / 1498-39번지,,북구,대구체육관로8길 10-1 (산격동) / 1498-39번지,520.0,47,공도,25.0,4 ,,급수관
201401714,2014-03-31 15:14:00,35.8921334,128.6036122,지상누수,북구 대구체육관로8길 10-1 (산격동) / 1498-39번지, D25mm 직관부 수선,북구,북구 대구체육관로8길 10-1 (산격동) / 1498-39번지,520.0,,,25.0,4,,5.0
201402200,2014-04-08 11:36:00,35.8976449,128.6077196,지상누수,북구 대동로4길 6 (산격동) / 1241-18번지,D80*15mm 구 분기점 폐쇄,북구,북구 대동로4길 6 (산격동) / 1241-18번지,520.0,,,15.0,0,,5.0
20140408-0171,2014-04-08 11:36:00,35.8976449,128.6077196,긴급공사,북구 대동로4길 6 (산격동) / 1241-18번지,,북구,대동로4길 6 (산격동) / 1241-18번지,520.0,48,공도,15.0,0 ,,급수관
20140410-0057,2014-04-10 10:20:00,35.8913697,128.6059763,긴급공사,북구 대학로9길 6-1 (산격동) / 1417-31번지,,북구,대학로9길 6-1 (산격동) / 1417-31번지,520.0,49,사유지,15.0,0 ,,급수관
201402107,2014-04-10 10:20:00,35.8913697,128.6059763,지상누수,북구 대학로9길 6-1 (산격동) / 1417-31번지, D13mm 계량기연결부 박킹교체,북구,북구 대학로9길 6-1 (산격동) / 1417-31번지,520.0,,,15.0,0,,5.0
20140411-0152,2014-04-11 14:09:00,35.8965019,128.6100277,긴급공사,북구 대동로8길 9 (산격동) / 1267-25번지,,북구,대동로8길 9 (산격동) / 1267-25번지,520.0,49,공도,80.0,25 ,,급수관
201402102,2014-04-11 14:09:00,35.8965019,128.6100277,지상누수,북구 대동로8길 9 (산격동) / 1267-25번지, D80mm 직관부 수선,북구,북구 대동로8길 9 (산격동) / 1267-25번지,520.0,,,80.0,25,,5.0
20140414-0209,2014-04-14 14:38:00,35.8967871,128.6097942,긴급공사,북구 대동로8길 10 (산격동) / 1266-6번지,,북구,대동로8길 10 (산격동) / 1266-6번지,520.0,49,공도,15.0,0 ,,급수관
201402168,2014-04-14 14:38:00,35.8967871,128.6097942,지상누수,북구 대동로8길 10 (산격동) / 1266-6번지, D80*15mm 분기점 폐쇄(구관),북구,북구 대동로8길 10 (산격동) / 1266-6번지,520.0,,,15.0,0,,5.0
20140417-0309,2014-04-17 16:09:00,35.8958309,128.5993167,긴급공사,북구 연암공원로 60 (산격동) / 1155-7번지,,북구,연암공원로 60 (산격동) / 1155-7번지,520.0,46-1,사유지,15.0,,,급수관
201402176,2014-04-17 16:09:00,35.8957843,128.5993199,지상누수,북구 연암공원로 60 (산격동) / 1155-7번지,D15mm 접합부 수선,북구,북구 연암공원로 60 (산격동) / 1155-7번지,520.0,,,15.0,,,5.0
20140423-0218,2014-04-23 13:34:00,35.8976136,128.6049804,긴급공사,"북구 연암공원로32길 60 (산격동,깜미용실) / 1197-103번지",,북구,"연암공원로32길 60 (산격동,깜미용실) / 1197-103번지",520.0,24-3,사유지,15.0,,,급수관
201402152,2014-04-23 13:34:00,35.8976136,128.6049804,지상누수,"북구 연암공원로32길 60 (산격동,깜미용실) / 1197-103번지",D15mm 접합부 수선(보호통 교체),북구,"북구 연암공원로32길 60 (산격동,깜미용실) / 1197-103번지",520.0,,,15.0,,,5.0
20140502-0371,2014-05-02 15:07:00,35.8952054,128.597639,긴급공사,북구 연암공원로 55-29 (산격동) / 1136-2번지,,북구,연암공원로 55-29 (산격동) / 1136-2번지,520.0,46-1,공도,15.0,1 ,,급수관
201402561,2014-05-02 15:07:00,35.8952054,128.597639,지상누수,북구 연암공원로 55-29 (산격동) / 1136-2번지,D15mm 접합부 수선,북구,북구 연암공원로 55-29 (산격동) / 1136-2번지,520.0,,,15.0,1,,5.0
20140505-0008,2014-05-05 11:20:00,35.89267,128.6042972,긴급공사,"북구 대구체육관로 47 (산격동,남원골) / 1430-28번지",,북구,"대구체육관로 47 (산격동,남원골) / 1430-28번지",520.0,47,공도,15.0,8 ,,급수관
201402573,2014-05-05 11:20:00,35.89267,128.6042972,지상누수,"북구 대구체육관로 47 (산격동,남원골) / 1430-28번지", D15mm 접합부 수선,북구,"북구 대구체육관로 47 (산격동,남원골) / 1430-28번지",520.0,,,15.0,8,,5.0
201402576,2014-05-07 11:43:00,35.8967871,128.6097942,지상누수,"북구 대동로8길 10, 디동 2-2 (산격동) / 1266-6번지",D50*13mm 분기점 수선,북구,"북구 대동로8길 10, 디동 2-2 (산격동) / 1266-6번지",520.0,,,15.0,0,,5.0
20140507-0760,2014-05-07 11:43:00,35.8967871,128.6097942,긴급공사,"북구 대동로8길 10, 디동 2-2 (산격동) / 1266-6번지",,북구,"대동로8길 10, 디동 2-2 (산격동) / 1266-6번지",520.0,49,공도,15.0,0 ,,급수관
20140510-0009,2014-05-10 08:51:00,35.8929835,128.5978688,긴급공사,북구 연암공원로6길 6-2 (산격동) / 1099-8번지,,북구,연암공원로6길 6-2 (산격동) / 1099-8번지,520.0,46-1,사유지,15.0,,,급수관
201402587,2014-05-10 08:51:00,35.8929835,128.5978688,지상누수,북구 연암공원로6길 6-2 (산격동) / 1099-8번지, D15mm 접합부 수선(보호통 교체),북구,북구 연암공원로6길 6-2 (산격동) / 1099-8번지,520.0,,,15.0,,,5.0
20140521-0452,2014-05-21 09:03:00,35.8981994,128.60719,긴급공사,북구 대동로 2-6 (산격동) / 1232-17번지,,북구,대동로 2-6 (산격동) / 1232-17번지,520.0,48,공도,15.0,0 ,,급수관
201402618,2014-05-21 09:03:00,35.8981994,128.60719,지상누수,북구 대동로 2-6 (산격동) / 1232-17번지, D50*15mm 분기점 수선,북구,북구 대동로 2-6 (산격동) / 1232-17번지,520.0,,,15.0,0,,5.0
20140523-0143,2014-05-23 11:07:00,35.8980786,128.6072778,긴급공사,북구 대동로 2-5 (산격동) / 1234-21번지,,북구,대동로 2-5 (산격동) / 1234-21번지,520.0,48,공도,15.0,0 ,,급수관
201402616,2014-05-23 11:07:00,35.8980786,128.6072778,지상누수,북구 대동로 2-5 (산격동) / 1234-21번지,D50*15mm 분기점 수선,북구,북구 대동로 2-5 (산격동) / 1234-21번지,520.0,,,15.0,0,,5.0
20140526-0381,2014-05-26 16:28:00,35.8968908,128.6068308,긴급공사,북구 대학로9길 74-8 (산격동) / 1243-4번지,,북구,대학로9길 74-8 (산격동) / 1243-4번지,520.0,48,공도,80.0,25 ,,급수관
201402652,2014-05-26 16:28:00,35.8968908,128.6068308,지상누수,북구 대학로9길 74-8 (산격동) / 1243-4번지,D80*15mm 분기점 수선,북구,북구 대학로9길 74-8 (산격동) / 1243-4번지,520.0,,,80.0,25,,5.0
201402640,2014-05-30 09:25:00,35.8974142,128.606475,지상누수,"북구 대학로9길 73-4, 대학로9길 73-4 (산격동) / 1234-12번지",D50*15mm 분기점 수선,북구,"북구 대학로9길 73-4, 대학로9길 73-4 (산격동) / 1234-12번지",520.0,,,15.0,0,,5.0
20140530-0411,2014-05-30 09:25:00,35.8974142,128.606475,긴급공사,"북구 대학로9길 73-4, 대학로9길 73-4 (산격동) / 1234-12번지",,북구,"대학로9길 73-4, 대학로9길 73-4 (산격동) / 1234-12번지",520.0,48,공도,15.0,0 ,,급수관
201402626,2014-05-31 14:24:00,35.8950104,128.610865,지상누수,북구 산격로10길 49-2 (산격동) / 1307-24번지,D50*15mm 분기점 수선,북구,북구 산격로10길 49-2 (산격동) / 1307-24번지,520.0,,,15.0,0,,5.0
20140531-0021,2014-05-31 14:24:00,35.8950104,128.610865,긴급공사,북구 산격로10길 49-2 (산격동) / 1307-24번지,,북구,산격로10길 49-2 (산격동) / 1307-24번지,520.0,49,공도,15.0,0 ,,급수관
20140609-0036,2014-06-09 09:11:00,35.8982902,128.6070869,긴급공사,"북구 산격로 94 (산격동,대원유리알미늄) / 1232-2번지",,북구,"산격로 94 (산격동,대원유리알미늄) / 1232-2번지",520.0,48,공도,15.0,0 ,,급수관
201403300,2014-06-09 09:11:00,35.8982902,128.6070869,지상누수,"북구 산격로 94 (산격동,대원유리알미늄) / 1232-2번지", D50*15mm 분기점 수선,북구,"북구 산격로 94 (산격동,대원유리알미늄) / 1232-2번지",520.0,,,15.0,0,,5.0
20140610-0256,2014-06-10 11:44:00,35.8903448,128.603526,긴급공사,"북구 연암로4길 46 (산격동,해피빌) / 1498-22번지",,북구,"연암로4길 46 (산격동,해피빌) / 1498-22번지",520.0,47,공도,20.0,0 ,,급수관
201403313,2014-06-10 11:44:00,35.8903448,128.603526,지상누수,"북구 연암로4길 46 (산격동,해피빌) / 1498-22번지", D50*20mm 분기점 수선,북구,"북구 연암로4길 46 (산격동,해피빌) / 1498-22번지",520.0,,,20.0,0,,5.0
201403306,2014-06-10 13:48:00,35.8901375,128.6034434,지상누수,북구 연암로4길 42-4 (산격동) / 1498-132번지, D50*15mm 분기점 수선,북구,북구 연암로4길 42-4 (산격동) / 1498-132번지,520.0,,,15.0,0,,5.0
20140610-0324,2014-06-10 13:48:00,35.8901375,128.6034434,긴급공사,북구 연암로4길 42-4 (산격동) / 1498-132번지,,북구,연암로4길 42-4 (산격동) / 1498-132번지,520.0,47,공도,15.0,0 ,,급수관
20140610-0325,2014-06-10 13:49:00,35.8902302,128.6035788,긴급공사,북구 연암로4길 42-1 (산격동) / 1498-125번지,,북구,연암로4길 42-1 (산격동) / 1498-125번지,520.0,47,공도,15.0,0 ,,급수관
201403312,2014-06-10 13:49:00,35.8902302,128.6035788,지상누수,북구 연암로4길 42-1 (산격동) / 1498-125번지, D50*15mm 분기점 수선,북구,북구 연암로4길 42-1 (산격동) / 1498-125번지,520.0,,,15.0,0,,5.0
20140612-0051,2014-06-12 10:07:00,35.8979908,128.6069095,긴급공사,북구 대동로 2-12 (산격동) / 1232-11번지,,북구,대동로 2-12 (산격동) / 1232-11번지,520.0,48,공도,15.0,0 ,,급수관
201403261,2014-06-12 10:07:00,35.8979908,128.6069095,지상누수,북구 대동로 2-12 (산격동) / 1232-11번지,D50*13mm 분기점 수선,북구,북구 대동로 2-12 (산격동) / 1232-11번지,520.0,,,15.0,0,,5.0
20140612-0071,2014-06-12 10:49:00,35.8980616,128.6070068,긴급공사,북구 대동로 2-10 (산격동) / 1232-9번지,,북구,대동로 2-10 (산격동) / 1232-9번지,520.0,48,공도,15.0,0 ,,급수관
201403276,2014-06-12 10:49:00,35.8980616,128.6070068,지상누수,북구 대동로 2-10 (산격동) / 1232-9번지,D50*13mm 분기점 수선,북구,북구 대동로 2-10 (산격동) / 1232-9번지,520.0,,,15.0,0,,5.0
20140616-0230,2014-06-16 14:24:00,35.8924255,128.6048535,긴급공사,"북구 대구체육관로 52-2 (산격동,평창칼국수) / 1433-37번지",,북구,"대구체육관로 52-2 (산격동,평창칼국수) / 1433-37번지",520.0,47,사유지,15.0,,,급수관
201403283,2014-06-16 14:24:00,35.8924255,128.6048535,지상누수,"북구 대구체육관로 52-2 (산격동,평창칼국수) / 1433-37번지", D15mm 앵글밸브 교체,북구,"북구 대구체육관로 52-2 (산격동,평창칼국수) / 1433-37번지",520.0,,,15.0,,,5.0
20140617-0275,2014-06-17 15:31:00,35.8975337,128.6080701,긴급공사,북구 대동로4길 7 (산격동) / 1253-40번지,,북구,대동로4길 7 (산격동) / 1253-40번지,520.0,48,공도,80.0,3 ,,급수관
201403288,2014-06-17 15:31:00,35.8975337,128.6080701,지상누수,북구 대동로4길 7 (산격동) / 1253-40번지, D80mm 직관부 수선(보수용클램프 접합),북구,북구 대동로4길 7 (산격동) / 1253-40번지,520.0,,,80.0,3,,5.0
20140626-0128,2014-06-26 10:21:00,35.8974615,128.607512,긴급공사,북구 대동로4길 6-8 (산격동) / 1241-20번지,,북구,대동로4길 6-8 (산격동) / 1241-20번지,520.0,48,공도,15.0,0 ,,급수관
201403324,2014-06-26 10:21:00,35.8974615,128.607512,지상누수,북구 대동로4길 6-8 (산격동) / 1241-20번지, D80*15mm 분기점 수선,북구,북구 대동로4길 6-8 (산격동) / 1241-20번지,520.0,,,15.0,0,,5.0
20140629-0011,2014-06-29 13:10:00,35.8912052,128.6036036,긴급공사,북구 산격로1길 28 (산격동) / 1497-38번지,,북구,산격로1길 28 (산격동) / 1497-38번지,520.0,47,공도,15.0,0 ,,급수관
201403326,2014-06-29 13:10:00,35.8912052,128.6036036,지상누수,북구 산격로1길 28 (산격동) / 1497-38번지,D40*15mm 분기점 수선,북구,북구 산격로1길 28 (산격동) / 1497-38번지,520.0,,,15.0,0,,5.0
201403320,2014-06-30 08:42:00,35.8932908,128.6053603,지하누수,"북구 산격로 32 (산격동,불곰구이) / 1413-11번지",D25mm 접합부 수선,북구,북구 산격동 1413-11 불곰구이 ,520.0,490.0,공도,15.0,304,,5.0
20140630-0010,2014-06-30 08:42:00,35.8932908,128.6053603,긴급공사,"북구 산격로 32 (산격동,불곰구이) / 1413-11번지",,북구,산격동 1413-11 불곰구이 ,520.0,49,공도,15.0,304 ,,급수관
201404028,2014-07-01 08:00:00,35.8920494,128.6057983,지하누수,북구 대학로9길 13 (산격동) / 1421-23번지,제수변 스핀들 수선,북구,북구 대학로9길 13 (산격동) / 1421-23번지,520.0,490.0,공도,15.0,2,,5.0
,2014-07-01 08:00:00,35.8920494,128.6057983,긴급공사,북구 대학로9길 13 (산격동) / 1421-23번지,,북구,대학로9길 13 (산격동) / 1421-23번지,520.0,49,공도,15.0,2 ,,급수관
201403978,2014-07-02 10:35:00,35.8964762,128.606353,지상누수,북구 대학로9길 68-10 (산격동) / 1245-7번지,D80*15mm 분기점 수선,북구,북구 대학로9길 68-10 (산격동) / 1245-7번지,520.0,,,15.0,0,,5.0
20140702-0109,2014-07-02 10:35:00,35.8964762,128.606353,긴급공사,북구 대학로9길 68-10 (산격동) / 1245-7번지,,북구,대학로9길 68-10 (산격동) / 1245-7번지,520.0,48,공도,15.0,0 ,,급수관
20140704-0110,2014-07-04 10:28:00,35.8960033,128.6113524,긴급공사,"북구 대동로10길 7 (산격동,(골든힐)) / 1276-1번지",,북구,"대동로10길 7 (산격동,(골든힐)) / 1276-1번지",520.0,49,공도,15.0,0 ,,급수관
201403977,2014-07-04 10:28:00,35.8960033,128.6113524,지상누수,"북구 대동로10길 7 (산격동,(골든힐)) / 1276-1번지", D40*15mm 분기점 수선,북구,"북구 대동로10길 7 (산격동,(골든힐)) / 1276-1번지",520.0,,,15.0,0,,5.0
201404007,2014-07-04 16:51:00,35.8939763,128.6096061,지하누수,북구 대학로23길 24 (산격동) / 1309-43번지, D150*15mm 분기점 폐쇄(구관),북구,북구 산격동 1309-43,520.0,490.0,공도,15.0,210,,5.0
20140704-0398,2014-07-04 16:51:00,35.8939763,128.6096061,긴급공사,북구 대학로23길 24 (산격동) / 1309-43번지,,북구,산격동 1309-43,520.0,49,공도,15.0,210 ,,급수관
20140712-0015,2014-07-12 14:57:00,35.8969784,128.6055193,긴급공사,"북구 산격로 74 (산격동,꽃돈) / 1229-1번지",,북구,"산격로 74 (산격동,꽃돈) / 1229-1번지",520.0,48,공도,15.0,1 ,,급수관
201403994,2014-07-12 14:57:00,35.8969784,128.6055193,지상누수,"북구 산격로 74 (산격동,꽃돈) / 1229-1번지",D200*25mm 분기점 폐쇄(구관),북구,"북구 산격로 74 (산격동,꽃돈) / 1229-1번지",520.0,,,15.0,1,,5.0
20140715-0129,2014-07-15 11:43:00,35.8966922,128.6062421,긴급공사,북구 대학로9길 68-4 (산격동) / 1245-2번지,,북구,대학로9길 68-4 (산격동) / 1245-2번지,520.0,48,공도,80.0,26 ,,급수관
201404015,2014-07-15 11:43:00,35.8966922,128.6062421,지상누수,북구 대학로9길 68-4 (산격동) / 1245-2번지, D80*15mm 분기점 폐쇄(구관),북구,북구 대학로9길 68-4 (산격동) / 1245-2번지,520.0,,,80.0,26,,5.0
20140722-0204,2014-07-22 12:50:00,35.8980051,128.6067201,긴급공사,"북구 산격로 88-1 (산격동,얼음막걸리) / 1232-5번지",,북구,"산격로 88-1 (산격동,얼음막걸리) / 1232-5번지",520.0,48,공도,15.0,1 ,,급수관
201404017,2014-07-22 12:50:00,35.8980051,128.6067201,지상누수,"북구 산격로 88-1 (산격동,얼음막걸리) / 1232-5번지",D200*15mm 분기점 수선,북구,"북구 산격로 88-1 (산격동,얼음막걸리) / 1232-5번지",520.0,,,15.0,1,,5.0
201404060,2014-07-29 14:11:00,35.8969911,128.6067829,지상누수,북구 대학로9길 74-6 (산격동) / 1243-3번지,D80*15mm 분기점 수선,북구,북구 대학로9길 74-6 (산격동) / 1243-3번지,520.0,,,15.0,0,,5.0
20140729-0252,2014-07-29 14:11:00,35.8969911,128.6067829,긴급공사,북구 대학로9길 74-6 (산격동) / 1243-3번지,,북구,대학로9길 74-6 (산격동) / 1243-3번지,520.0,48,공도,15.0,0 ,,급수관
20140813-0211,2014-08-13 15:31:00,35.8962384,128.6117154,긴급공사,북구 대동로10길 5-7 (산격동) / 1275-8번지,,북구,대동로10길 5-7 (산격동) / 1275-8번지,520.0,49,공도,15.0,0 ,,급수관
201404486,2014-08-13 15:31:00,35.8962384,128.6117154,지상누수,북구 대동로10길 5-7 (산격동) / 1275-8번지,D40*15mm 분기점 수선,북구,북구 대동로10길 5-7 (산격동) / 1275-8번지,520.0,,,15.0,0,,5.0
20140817-0001,2014-08-17 10:17:00,35.8972341,128.6058311,긴급공사,"북구 산격로 78 (산격동,황금생막창) / 1231-8번지",,북구,"산격로 78 (산격동,황금생막창) / 1231-8번지",520.0,48,공도,15.0,0 ,,급수관
201404489,2014-08-17 10:17:00,35.8972341,128.6058311,지상누수,"북구 산격로 78 (산격동,황금생막창) / 1231-8번지",D200*15mm 분기점 수선,북구,"북구 산격로 78 (산격동,황금생막창) / 1231-8번지",520.0,,,15.0,0,,5.0
20140818-0336,2014-08-18 14:37:00,35.8952774,128.6101531,긴급공사,북구 대학로25길 17-4 (산격동) / 1307-60번지,,북구,대학로25길 17-4 (산격동) / 1307-60번지,520.0,49,공도,15.0,0 ,,급수관
201404491,2014-08-18 14:37:00,35.8952774,128.6101531,지상누수,북구 대학로25길 17-4 (산격동) / 1307-60번지,D50*15mm 분기점 수선,북구,북구 대학로25길 17-4 (산격동) / 1307-60번지,520.0,,,15.0,0,,5.0
20140829-0025,2014-08-29 09:13:00,35.892329,128.597797,긴급공사,북구 연암로12길 12-14 (산격동) / 1091번지,,북구,연암로12길 12-14 (산격동) / 1091번지,520.0,46-1,사유지,15.0,,,급수관
201404537,2014-08-29 09:13:00,35.892329,128.597797,지상누수,북구 연암로12길 12-14 (산격동) / 1091번지,D15mm 앵글밸브 교체,북구,북구 연암로12길 12-14 (산격동) / 1091번지,520.0,,,15.0,,,5.0
201404926,2014-09-01 11:45:00,35.8965674,128.6053964,지상누수,"북구 산격로 68 (산격동,진주남양) / 1229-3번지",D200*15mm 분기점 수선,북구,"북구 산격로 68 (산격동,진주남양) / 1229-3번지",520.0,,,15.0,0,,5.0
20140901-0254,2014-09-01 11:45:00,35.8965674,128.6053964,긴급공사,"북구 산격로 68 (산격동,진주남양) / 1229-3번지",,북구,"산격로 68 (산격동,진주남양) / 1229-3번지",520.0,48,공도,15.0,0 ,,급수관
201404988,2014-09-02 09:36:00,35.8952774,128.6101531,지상누수,북구 대학로25길 17-4 (산격동) / 1307-60번지,D50*15mm 분기점 수선,북구,북구 대학로25길 17-4 (산격동) / 1307-60번지,520.0,,,15.0,0,,5.0
20140902-0066,2014-09-02 09:36:00,35.8952774,128.6101531,긴급공사,북구 대학로25길 17-4 (산격동) / 1307-60번지,,북구,대학로25길 17-4 (산격동) / 1307-60번지,520.0,49,공도,15.0,0 ,,급수관
201404991,2014-09-02 11:04:00,35.892329,128.597797,지상누수,북구 연암로12길 12-14 (산격동) / 1091번지,D15mm 접합부 수선(보호통 교체),북구,북구 연암로12길 12-14 (산격동) / 1091번지,520.0,,,15.0,,,5.0
20140902-0166,2014-09-02 11:04:00,35.892329,128.597797,긴급공사,북구 연암로12길 12-14 (산격동) / 1091번지,,북구,연암로12길 12-14 (산격동) / 1091번지,520.0,46-1,사유지,15.0,,,급수관
201404980,2014-09-04 09:03:00,35.8957088,128.6050327,지하누수,"북구 산격로 57-2 (산격동,리치웰빙) / 1422-1번지",D13mm 계량기보호통 교체,북구,북구 산격동 1422-1 리치웰빙,520.0,470.0,사유지,15.0,111,,5.0
20140904-0018,2014-09-04 09:03:00,35.8957088,128.6050327,긴급공사,"북구 산격로 57-2 (산격동,리치웰빙) / 1422-1번지",,북구,산격동 1422-1 리치웰빙,520.0,47,사유지,15.0,111 ,,급수관
201404914,2014-09-04 09:05:00,35.8928402,128.5971616,지하누수,"북구 연암공원로 20 (산격동,일이상사) / 1064-2번지",지상식 소화전 교체,북구,북구 산격동 1064-2 일이상사,,241.0,공도,100.0,"1,061",,4.0
201404915,2014-09-04 09:06:00,35.8969261,128.60018,지하누수,"북구 연암공원로 71, 관리201호 (산격동,청솔주택) / 1182-5번지",터파기결과 미누수,북구,북구 산격동 1182-5 관리201호 청솔주택,520.0,461.0,,,,,
20140904-0020,2014-09-04 09:06:00,35.8969261,128.60018,긴급공사,"북구 연암공원로 71, 관리201호 (산격동,청솔주택) / 1182-5번지",,북구,산격동 1182-5 관리201호 청솔주택,520.0,46-1,,,,,
201404919,2014-09-04 09:08:00,35.8976595,128.601949,지하누수,북구 연암공원로 90-14 (산격동) / 1185-15번지,터파기 결과 미누수,북구,북구 산격동 1185-15,520.0,243.0,,,,,
20140904-0022,2014-09-04 09:08:00,35.8976595,128.601949,긴급공사,북구 연암공원로 90-14 (산격동) / 1185-15번지,,북구,산격동 1185-15,520.0,24-3,,,,,
20140911-0167,2014-09-11 12:52:00,35.8943345,128.6096066,긴급공사,"북구 대동로6길 33 (산격동,시티원룸) / 1309-39번지",,북구,"대동로6길 33 (산격동,시티원룸) / 1309-39번지",520.0,49,공도,15.0,0 ,,급수관
201404909,2014-09-11 12:52:00,35.8943345,128.6096066,지상누수,"북구 대동로6길 33 (산격동,시티원룸) / 1309-39번지",13mm 연결부 수선,북구,"북구 대동로6길 33 (산격동,시티원룸) / 1309-39번지",520.0,,,15.0,0,,5.0
201405283,2014-09-19 15:01:00,35.8968636,128.6085935,지상누수,북구 대동로8길 22-5 (산격동) / 1250-10번지,"D80*15mm 구분기점폐쇄
D80*15mm 분기대교체",북구,북구 대동로8길 22-5 (산격동) / 1250-10번지,520.0,,,15.0,0,,4.0
20140919-0274,2014-09-19 15:01:00,35.8968636,128.6085935,긴급공사,북구 대동로8길 22-5 (산격동) / 1250-10번지,,북구,대동로8길 22-5 (산격동) / 1250-10번지,520.0,48,공도,15.0,0 ,,배수지관
201405687,2014-10-03 13:50:00,35.8985775,128.6043622,지상누수,북구 연암공원로20길 32 (산격동) / 1197-65번지,D100mm 제수변 교체,북구,북구 연암공원로20길 32 (산격동) / 1197-65번지,520.0,,,100.0,20,,5.0
20141003-0051,2014-10-03 13:50:00,35.8985775,128.6043622,긴급공사,북구 연암공원로20길 32 (산격동) / 1197-65번지,,북구,연암공원로20길 32 (산격동) / 1197-65번지,520.0,24-3,공도,100.0,20 ,,급수관
201405733,2014-10-05 12:21:00,35.8915586,128.6029318,지상누수,북구 산격로1길 50 (산격동) / 1498-60번지,구분기점 폐쇄,북구,북구 산격로1길 50 (산격동) / 1498-60번지,520.0,,,15.0,1,,5.0
20141005-0031,2014-10-05 12:21:00,35.8915586,128.6029318,긴급공사,북구 산격로1길 50 (산격동) / 1498-60번지,,북구,산격로1길 50 (산격동) / 1498-60번지,520.0,47,공도,15.0,1 ,,급수관
20141006-0294,2014-10-06 12:28:00,35.8975523,128.6040497,긴급공사,북구 산격동 1197-118,,북구,산격동 1197-118,520.0,24-3,공도,100.0,141 ,,배수지관
201405703,2014-10-06 12:28:00,35.8975523,128.6040497,지하누수,북구 산격동 1197-118,D100mm 제수변 교체,북구,북구 산격동 1197-118,520.0,243.0,공도,100.0,141,,4.0
201405720,2014-10-06 12:55:00,35.8913343,128.6028039,지하누수,"북구 대구체육관로 18-8 (산격동,정수헤어아트) / 1404-99번지",구관폐쇄/제수변 입상,북구,북구 산격동 1404-99 정수헤어아트,520.0,470.0,공도,80.0,"13,877",,5.0
20141006-0296,2014-10-06 12:55:00,35.8913343,128.6028039,긴급공사,"북구 대구체육관로 18-8 (산격동,정수헤어아트) / 1404-99번지",,북구,산격동 1404-99 정수헤어아트,520.0,47,공도,80.0,"13,877 ",,급수관
20141010-0228,2014-10-10 13:12:00,35.8949938,128.6000525,긴급공사,북구 산격로서9길 23-2 (산격동) / 1117-17번지,,북구,산격동 1117-17,520.0,46-1,공도,15.0,"1,564 ",,급수관
201405717,2014-10-10 13:12:00,35.8949938,128.6000525,지하누수,북구 산격로서9길 23-2 (산격동) / 1117-17번지,D25*15mm 분기점 수선,북구,북구 산격동 1117-17,520.0,461.0,공도,15.0,"1,564",,5.0
20141010-0229,2014-10-10 13:13:00,35.8952894,128.6011513,긴급공사,북구 산격로서9길 14-13 (산격동) / 1435-49번지,,북구,산격동 1435-49,520.0,46-1,공도,15.0,"1,564 ",,급수관
201405700,2014-10-10 13:13:00,35.8952894,128.6011513,지하누수,북구 산격로서9길 14-13 (산격동) / 1435-49번지,D25*15mm 분기점 수선,북구,북구 산격동 1435-49,520.0,461.0,공도,15.0,"1,564",,5.0
20141013-0201,2014-10-13 13:46:00,35.8967756,128.6080835,긴급공사,북구 대동로8길 26-1 (산격동) / 1252-12번지,,북구,대동로8길 26-1 (산격동) / 1252-12번지,520.0,48,사유지,15.0,0 ,,급수관
201405797,2014-10-13 13:46:00,35.8967756,128.6080835,지상누수,북구 대동로8길 26-1 (산격동) / 1252-12번지,"D15mm 계량기보호통 교체
",북구,북구 대동로8길 26-1 (산격동) / 1252-12번지,520.0,,,15.0,0,,5.0
201405785,2014-10-15 10:32:00,35.8948172,128.6029839,지상누수,"북구 산격로9길 19 (산격동,태원유통) / 1428-12번지",D25mm 계량기보호통 교체,북구,"북구 산격로9길 19 (산격동,태원유통) / 1428-12번지",520.0,,,25.0,,,5.0
20141015-0101,2014-10-15 10:32:00,35.8948172,128.6029839,긴급공사,"북구 산격로9길 19 (산격동,태원유통) / 1428-12번지",,북구,"산격로9길 19 (산격동,태원유통) / 1428-12번지",520.0,47,사유지,25.0,,,급수관
201405798,2014-10-15 11:04:00,35.8984111,128.6057109,지하누수,북구 연암공원로32길 50-4 (산격동) / 1222-30번지,D15mm 계량기보호통 교체,북구,북구 산격동 1222-30,520.0,243.0,사유지,15.0,197,,5.0
20141015-0125,2014-10-15 11:04:00,35.8984111,128.6057109,긴급공사,북구 연암공원로32길 50-4 (산격동) / 1222-30번지,,북구,산격동 1222-30,520.0,24-3,사유지,15.0,197 ,,급수관
201405786,2014-10-24 10:48:00,35.8919728,128.6056276,지상누수,북구 산격동 1421-22,D50*15mm 구분기점 직선처리,북구,북구 산격동 1421-22,520.0,,,50.0,30,,5.0
20141024-0116,2014-10-24 10:48:00,35.8919728,128.6056276,긴급공사,북구 산격동 1421-22,,북구,산격동 1421-22,520.0,49,공도,50.0,30 ,,급수관
20141104-0177,2014-11-04 11:17:00,35.8978985,128.6080259,긴급공사,"북구 대동로 10-1 (산격동,오복세탁소) / 1241-21번지",,북구,산격동 1241-21 오복세탁소,520.0,48,,,,,
20141109-0002,2014-11-09 09:46:00,35.8985563,128.6045313,긴급공사,북구 연암공원로20길 34 (산격동) / 1197-31번지,,북구,연암공원로20길 34 (산격동) / 1197-31번지,520.0,24-3,공도,100.0,20 ,,배수지관
201406338,2014-11-09 09:46:00,35.8985563,128.6045313,지상누수,북구 연암공원로20길 34 (산격동) / 1197-31번지,D=100mm 지상식소화전 교체,북구,북구 연암공원로20길 34 (산격동) / 1197-31번지,520.0,,,100.0,20,,4.0
20141117-0004,2014-11-17 08:30:00,35.8933097,128.6063765,긴급공사,북구 대학로9길 24-13 (산격동) / 1411-3번지,,북구,산격동 1411-3,520.0,49,,,,,
20141117-0020,2014-11-17 09:12:00,35.8952784,128.6102857,긴급공사,북구 대학로25길 17-4 (산격동) / 1307-60번지,,북구,산격동 1307-60,520.0,49,,,,,
201406135,2014-11-17 15:21:00,35.8966845,128.6057377,지상누수,북구 산격로14길 3-14 (산격동) / 1230-5번지,D80*13mm 분기대 교체(N=2개소),북구,북구 산격로14길 3-14 (산격동) / 1230-5번지,520.0,,,15.0,0,,5.0
20141117-0393,2014-11-17 15:21:00,35.8966845,128.6057377,긴급공사,북구 산격로14길 3-14 (산격동) / 1230-5번지,,북구,산격로14길 3-14 (산격동) / 1230-5번지,520.0,48,공도,15.0,0 ,,급수관
20141122-0004,2014-11-22 08:51:00,35.8922944,128.6080842,긴급공사,"북구 대학로15길 3 (산격동,당구일번지) / 1400-1번지",,북구,"대학로15길 3 (산격동,당구일번지) / 1400-1번지",520.0,49,공도,20.0,0 ,,배수지관
201406347,2014-11-22 08:51:00,35.8922944,128.6080842,지상누수,"북구 대학로15길 3 (산격동,당구일번지) / 1400-1번지",D=80*20mm 분기점 수선,북구,"북구 대학로15길 3 (산격동,당구일번지) / 1400-1번지",520.0,,,20.0,0,,4.0
20141127-0046,2014-11-27 09:51:00,35.8966819,128.6057206,긴급공사,북구 산격로14길 3-14 (산격동) / 1230-5번지,,북구,산격동 1230-5,520.0,48,,,,,
201406781,2014-12-03 09:01:00,35.8951718,128.6005814,지상누수,북구 산격로서9길 22 (산격동) / 1435-12번지,D=15mm 고무박킹 교체,북구,북구 산격로서9길 22 (산격동) / 1435-12번지,520.0,,,15.0,,,5.0
20141203-0010,2014-12-03 09:01:00,35.8951718,128.6005814,긴급공사,북구 산격로서9길 22 (산격동) / 1435-12번지,,북구,산격로서9길 22 (산격동) / 1435-12번지,520.0,46-1,사유지,15.0,,,급수관
20141204-0111,2014-12-04 10:50:00,35.8951438,128.6105719,긴급공사,북구 산격로10길 49-1 (산격동) / 1307-27번지,,북구,산격로10길 49-1 (산격동) / 1307-27번지,520.0,49,공도,20.0,0 ,,배수지관
201406935,2014-12-04 10:50:00,35.8951438,128.6105719,지상누수,북구 산격로10길 49-1 (산격동) / 1307-27번지,D=15mm 플럭설치,북구,북구 산격로10길 49-1 (산격동) / 1307-27번지,520.0,,,20.0,0,,4.0
20141209-0025,2014-12-09 09:27:00,35.8897832,128.603003,긴급공사,북구 연암로4길 30-4 (산격동) / 1498-130번지,,북구,연암로4길 30-4 (산격동) / 1498-130번지,520.0,47,공도,15.0,0 ,,급수관
201406748,2014-12-09 09:27:00,35.8897832,128.603003,지상누수,북구 연암로4길 30-4 (산격동) / 1498-130번지,D=50*15mm 분기점 수선,북구,북구 연암로4길 30-4 (산격동) / 1498-130번지,520.0,,,15.0,0,,5.0
201406958,2014-12-11 09:56:00,35.8919186,128.5967396,지하누수,북구 연암로12길 9-8 (산격동) / 1041번지,D=15mm 연결부 수선,북구,북구 산격동 1041,520.0,461.0,사유지,15.0,472,,5.0
20141211-0045,2014-12-11 09:56:00,35.8919186,128.5967396,긴급공사,북구 연암로12길 9-8 (산격동) / 1041번지,,북구,산격동 1041,520.0,46-1,사유지,15.0,472 ,,급수관
201406957,2014-12-13 14:54:00,35.8895971,128.601464,지하누수,북구 연암로4길 3-10 (산격동) / 1441-62번지,D=15mm 연결부 수선,북구,북구 산격동 1441-62,520.0,470.0,공도,80.0,438,,4.0
20141213-0056,2014-12-13 14:54:00,35.8895971,128.601464,긴급공사,북구 연암로4길 3-10 (산격동) / 1441-62번지,,북구,산격동 1441-62,520.0,47,공도,80.0,438 ,,배수지관
201406946,2014-12-17 15:17:00,35.8905349,128.6033322,지상누수,북구 산격로1길 31-32 (산격동) / 1401-66번지,D=80*15mm 분기점 수선,북구,북구 산격로1길 31-32 (산격동) / 1401-66번지,520.0,,,15.0,0,,4.0
20141217-0326,2014-12-17 15:17:00,35.8905349,128.6033322,긴급공사,북구 산격로1길 31-32 (산격동) / 1401-66번지,,북구,산격로1길 31-32 (산격동) / 1401-66번지,520.0,47,공도,15.0,0 ,,배수지관
201406941,2014-12-19 17:08:00,35.8906662,128.6032595,지하누수,북구 산격로1길 31-28 (산격동) / 1401-113번지,D=40*15mm 분기점 수선,북구,북구 산격동 1401-113,520.0,470.0,공도,15.0,454,,4.0
20141219-0409,2014-12-19 17:08:00,35.8906662,128.6032595,긴급공사,북구 산격로1길 31-28 (산격동) / 1401-113번지,,북구,산격동 1401-113,520.0,47,공도,15.0,454 ,,배수지관
20141221-0020,2014-12-21 17:13:00,35.8969782,128.6081873,긴급공사,북구 대동로8길 24-7 (산격동) / 1252-8번지,,북구,대동로8길 24-7 (산격동) / 1252-8번지,520.0,48,공도,15.0,0 ,,급수관
201500195,2014-12-21 17:13:00,35.8969782,128.6081873,지상누수,북구 대동로8길 24-7 (산격동) / 1252-8번지,D=15mm 접합부 수선,북구,북구 대동로8길 24-7 (산격동) / 1252-8번지,520.0,,,15.0,0,,5.0
20141222-0229,2014-12-22 11:36:00,35.8893295,128.6025162,긴급공사,북구 연암로2길 17 (산격동) / 1498-166번지,,북구,연암로2길 17 (산격동) / 1498-166번지,520.0,47,공도,25.0,1 ,,급수관
201500199,2014-12-22 11:36:00,35.8893295,128.6025162,지상누수,북구 연암로2길 17 (산격동) / 1498-166번지,D=25mm 연결부 수선,북구,북구 연암로2길 17 (산격동) / 1498-166번지,520.0,,,25.0,1,,5.0
20141230-0268,2014-12-30 13:39:00,35.8962765,128.6107413,긴급공사,북구 대동로8길 3-7 (산격동) / 1268-11번지,,북구,대동로8길 3-7 (산격동) / 1268-11번지,520.0,49,사유지,15.0,0 ,,급수관
201500218,2014-12-30 13:39:00,35.8962765,128.6107413,지상누수,북구 대동로8길 3-7 (산격동) / 1268-11번지,D=15mm 밸브 교체,북구,북구 대동로8길 3-7 (산격동) / 1268-11번지,520.0,,,15.0,0,,5.0
20150102-0058,2015-01-02 09:33:00,35.8922573,128.6037306,긴급공사,북구 대구체육관로10길 6-1 (산격동) / 1497-12번지,,북구,대구체육관로10길 6-1 (산격동) / 1497-12번지,520.0,47,공도,20.0,1 ,,급수관
201500491,2015-01-02 09:33:00,35.8922573,128.6037306,지상누수,북구 대구체육관로10길 6-1 (산격동) / 1497-12번지,D=80*20mm 분기점 수선,북구,북구 대구체육관로10길 6-1 (산격동) / 1497-12번지,520.0,,,20.0,1,,5.0
20150106-0447,2015-01-06 16:44:00,35.894912,128.5983583,긴급공사,북구 연암공원로7길 2-11 (산격동) / 1139-4번지,,북구,산격동 1139-4,520.0,46-1,,,0 ,,
201500437,2015-01-06 16:44:00,35.894912,128.5983583,지하누수,북구 연암공원로7길 2-11 (산격동) / 1139-4번지,현장확인결과 미누수,북구,북구 산격동 1139-4,520.0,461.0,,,0,,
20150108-0193,2015-01-08 13:02:00,35.8947208,128.6107649,긴급공사,"북구 대학로23길 10 (산격동,리더고시텔) / 1308-9번지",,북구,"대학로23길 10 (산격동,리더고시텔) / 1308-9번지",520.0,49,사유지,15.0,,,급수관
201500641,2015-01-08 13:02:00,35.8947208,128.6107649,지상누수,"북구 대학로23길 10 (산격동,리더고시텔) / 1308-9번지",D=15mm 고무박킹 교체,북구,"북구 대학로23길 10 (산격동,리더고시텔) / 1308-9번지",520.0,,,15.0,,,5.0
20150108-0418,2015-01-08 17:17:00,35.8919042,128.6053562,긴급공사,"북구 산격로 16 (산격동,해금정) / 1421-18번지",,북구,"산격로 16 (산격동,해금정) / 1421-18번지",520.0,49,공도,15.0,0 ,,급수관
201500645,2015-01-08 17:17:00,35.8919042,128.6053562,지상누수,"북구 산격로 16 (산격동,해금정) / 1421-18번지","D=200*15mm 분기점 수선
",북구,"북구 산격로 16 (산격동,해금정) / 1421-18번지",520.0,,,15.0,0,,5.0
20150109-0136,2015-01-09 11:37:00,35.8981991,128.6053031,긴급공사,북구 산격로17길 9 (산격동) / 1222-43번지,,북구,산격로17길 9 (산격동) / 1222-43번지,520.0,24-3,공도,15.0,0 ,,급수관
201500531,2015-01-09 11:37:00,35.8981991,128.6053031,지상누수,북구 산격로17길 9 (산격동) / 1222-43번지,D=40*15mm 분기점 수선,북구,북구 산격로17길 9 (산격동) / 1222-43번지,520.0,,,15.0,0,,5.0
201500642,2015-01-12 09:53:00,35.8901949,128.6037756,지상누수,북구 연암로4길 42-11 (산격동) / 1498-90번지,D=25*15mm 분기점 수선,북구,북구 연암로4길 42-11 (산격동) / 1498-90번지,520.0,,,15.0,0,,5.0
20150112-0058,2015-01-12 09:53:00,35.8901949,128.6037756,긴급공사,북구 연암로4길 42-11 (산격동) / 1498-90번지,,북구,연암로4길 42-11 (산격동) / 1498-90번지,520.0,47,공도,15.0,0 ,,급수관
,2015-01-14 09:00:00,35.8964916,128.6090544,긴급공사,대동로8길 17 긴급복구공사,,북구,대동로8길 17 (산격동) / 1249-23번지,520.0,48,,,,,배수지관
,2015-01-15 09:00:00,35.8965019,128.6100277,긴급공사,대동로8길 9 긴급복구공사,,북구,대동로8길 9 (산격동) / 1267-25번지,520.0,49,,,,,배수지관
20150118-0006,2015-01-18 11:32:00,35.8972472,128.6082531,긴급공사,북구 대동로4길 12-8 (산격동) / 1252-10번지,,북구,대동로4길 12-8 (산격동) / 1252-10번지,520.0,48,공도,25.0,1 ,,급수관
201500487,2015-01-18 11:32:00,35.8972472,128.6082531,지상누수,북구 대동로4길 12-8 (산격동) / 1252-10번지,철거된 집  내선누수 -  현장조치함,북구,북구 대동로4길 12-8 (산격동) / 1252-10번지,520.0,,,25.0,1,,5.0
201500448,2015-01-19 09:57:00,35.8947971,128.6062486,지상누수,북구 산격로10길 8-1 (산격동) / 1409-2번지,D=15mm 앵글밸브 교체,북구,북구 산격로10길 8-1 (산격동) / 1409-2번지,520.0,,,15.0,0,,5.0
20150119-0073,2015-01-19 09:57:00,35.8947971,128.6062486,긴급공사,북구 산격로10길 8-1 (산격동) / 1409-2번지,,북구,산격로10길 8-1 (산격동) / 1409-2번지,520.0,49,사유지,15.0,0 ,,급수관
20150121-0150,2015-01-21 11:28:00,35.8954002,128.6107026,긴급공사,북구 대학로25길 13-4 (산격동) / 1307-72번지,,북구,대학로25길 13-4 (산격동) / 1307-72번지,520.0,49,공도,15.0,0 ,,급수관
201500449,2015-01-21 11:28:00,35.8954002,128.6107026,지상누수,북구 대학로25길 13-4 (산격동) / 1307-72번지,D=50X15mm 분기점 수선,북구,북구 대학로25길 13-4 (산격동) / 1307-72번지,520.0,,,15.0,0,,5.0
201500824,2015-02-09 10:45:00,35.8937242,128.5986387,지상누수,북구 연암공원로 32-9 (산격동) / 1127-1번지,D15mm 계량기보호통 교체,북구,북구 연암공원로 32-9 (산격동) / 1127-1번지,520.0,,,15.0,,,5.0
20150209-0160,2015-02-09 10:45:00,35.8937242,128.5986387,긴급공사,북구 연암공원로 32-9 (산격동) / 1127-1번지,,북구,연암공원로 32-9 (산격동) / 1127-1번지,520.0,46-1,사유지,15.0,,,급수관
20150319-0292,2015-03-19 15:03:00,35.8959188,128.6064294,긴급공사,북구 산격로14길 10-2 (산격동) / 1406-42번지,,북구,산격로14길 10-2 (산격동) / 1406-42번지,520.0,48,공도,15.0,0 ,,급수관
201501299,2015-03-19 15:03:00,35.8959188,128.6064294,지상누수,북구 산격로14길 10-2 (산격동) / 1406-42번지,D40x15mm 분기점 수선,북구,북구 산격로14길 10-2 (산격동) / 1406-42번지,520.0,,,15.0,0,,5.0
201501644,2015-04-09 13:15:00,35.8921385,128.6031806,지상누수,"북구 대구체육관로 34 (산격동,에코모텔) / 1498-55번지",D80x15mm 분기점 수선,북구,"북구 대구체육관로 34 (산격동,에코모텔) / 1498-55번지",520.0,,,15.0,1,,5.0
20150409-0240,2015-04-09 13:15:00,35.8921385,128.6031806,긴급공사,"북구 대구체육관로 34 (산격동,에코모텔) / 1498-55번지",,북구,"대구체육관로 34 (산격동,에코모텔) / 1498-55번지",520.0,47,공도,15.0,1 ,,급수관
201502149,2015-04-13 14:51:00,35.8935454,128.6092832,지상누수,"북구 대학로23길 28 (산격동,수까락) / 1327-1번지",D100mm 지상식소화전 접합부 수선,북구,"북구 대학로23길 28 (산격동,수까락) / 1327-1번지",520.0,,,100.0,20,,4.0
20150413-0219,2015-04-13 14:51:00,35.8935454,128.6092832,긴급공사,"북구 대학로23길 28 (산격동,수까락) / 1327-1번지",,북구,"대학로23길 28 (산격동,수까락) / 1327-1번지",520.0,49,공도,100.0,20 ,,배수지관
201501716,2015-04-16 14:14:00,35.8937944,128.5979538,지상누수,"북구 연암공원로 31-2 (산격동,서당골방앗간) / 1130-4번지",D13mm 직관부 수선,북구,"북구 연암공원로 31-2 (산격동,서당골방앗간) / 1130-4번지",520.0,,,15.0,8,,5.0
20150416-0215,2015-04-16 14:14:00,35.8937944,128.5979538,긴급공사,"북구 연암공원로 31-2 (산격동,서당골방앗간) / 1130-4번지",,북구,"연암공원로 31-2 (산격동,서당골방앗간) / 1130-4번지",520.0,46-1,공도,15.0,8 ,,급수관
201502133,2015-04-22 14:40:00,35.8945367,128.6084726,지상누수,북구 대학로17길 25-5 (산격동) / 1314-56번지,D40x13mm 분기점 수선,북구,북구 대학로17길 25-5 (산격동) / 1314-56번지,520.0,,,15.0,0,,5.0
20150422-0308,2015-04-22 14:40:00,35.8945367,128.6084726,긴급공사,북구 대학로17길 25-5 (산격동) / 1314-56번지,,북구,대학로17길 25-5 (산격동) / 1314-56번지,520.0,49,공도,15.0,0 ,,급수관
201502137,2015-04-23 17:36:00,35.8917993,128.605036,지상누수,"북구 산격로 13-3 (산격동,매직카) / 1433-55번지",D15mm 계량기보호통내 수선,북구,"북구 산격로 13-3 (산격동,매직카) / 1433-55번지",520.0,,,15.0,,,5.0
20150423-0432,2015-04-23 17:36:00,35.8917993,128.605036,긴급공사,"북구 산격로 13-3 (산격동,매직카) / 1433-55번지",,북구,"산격로 13-3 (산격동,매직카) / 1433-55번지",520.0,47,사유지,15.0,,,급수관
20150424-0143,2015-04-24 10:54:00,35.8935032,128.6074268,긴급공사,"북구 산격로8길 20 (산격동,아뜨리움) / 1411-65번지",,북구,"산격로8길 20 (산격동,아뜨리움) / 1411-65번지",520.0,49,사유지,20.0,0 ,,급수관
201502148,2015-04-24 10:54:00,35.8935032,128.6074268,지상누수,"북구 산격로8길 20 (산격동,아뜨리움) / 1411-65번지",D25mm 계량기고무패킹 교체,북구,"북구 산격로8길 20 (산격동,아뜨리움) / 1411-65번지",520.0,,,20.0,0,,5.0
20150427-0507,2015-04-27 16:30:00,35.8961165,128.609198,긴급공사,"북구 산격로14길 35 (산격동,해피타운) / 1310번지",,북구,"산격로14길 35 (산격동,해피타운) / 1310번지",520.0,48,사유지,25.0,,,급수관
201502146,2015-04-27 16:30:00,35.8961165,128.609198,지상누수,"북구 산격로14길 35 (산격동,해피타운) / 1310번지",D25mm 계량기 연결부 수선,북구,"북구 산격로14길 35 (산격동,해피타운) / 1310번지",520.0,,,25.0,,,5.0
,2015-05-08 09:00:00,35.8889357,128.6022712,긴급공사,하수본관내 매달린관 수선공사 N=3개소,,북구,연암로2길 10 (산격동) / 1392-9번지,520.0,47,,,,,배수본관
201502365,2015-05-18 10:53:00,35.8961666,128.6033412,지상누수,북구 산격로11길 18-6 (산격동) / 1224-31번지,D13mm 계량기고무패킹 교체,북구,북구 산격로11길 18-6 (산격동) / 1224-31번지,520.0,,,15.0,,,5.0
20150518-0139,2015-05-18 10:53:00,35.8961666,128.6033412,긴급공사,북구 산격로11길 18-6 (산격동) / 1224-31번지,,북구,산격로11길 18-6 (산격동) / 1224-31번지,520.0,47,사유지,15.0,,,급수관
20150519-0146,2015-05-19 11:08:00,35.8898136,128.6014157,긴급공사,북구 연암로 18-30 (산격동) / 1441-76번지,,북구,연암로 18-30 (산격동) / 1441-76번지,520.0,47,사유지,15.0,,,급수관
201502374,2015-05-19 11:08:00,35.8898136,128.6014157,지상누수,북구 연암로 18-30 (산격동) / 1441-76번지,D13mm 계량기고무패킹 교체,북구,북구 연암로 18-30 (산격동) / 1441-76번지,520.0,,,15.0,,,5.0
20150522-0052,2015-05-22 09:34:00,35.89738,128.6030015,긴급공사,북구 산격로13길 24-6 (산격동) / 1187-4번지,,북구,산격로13길 24-6 (산격동) / 1187-4번지,520.0,24-3,사유지,15.0,,,급수관
201502368,2015-05-22 09:34:00,35.89738,128.6030015,지상누수,북구 산격로13길 24-6 (산격동) / 1187-4번지,D13mm 계량기고무패킹 교체,북구,북구 산격로13길 24-6 (산격동) / 1187-4번지,520.0,,,15.0,,,5.0
20150526-0525,2015-05-26 15:09:00,35.8925655,128.5980831,긴급공사,북구 연암공원로 22-41 (산격동) / 1099-47번지,,북구,연암공원로 22-41 (산격동) / 1099-47번지,520.0,46-1,사유지,15.0,,,급수관
201502361,2015-05-26 15:09:00,35.8925655,128.5980831,지상누수,북구 연암공원로 22-41 (산격동) / 1099-47번지,D13mm 보호통교체,북구,북구 연암공원로 22-41 (산격동) / 1099-47번지,520.0,,,15.0,,,5.0
20150528-0042,2015-05-28 09:20:00,35.8916085,128.5981186,긴급공사,"북구 연암로12길 6-18, 09.9.2중지연장 (산격동) / 1013-1번지",,북구,산격동 1013-1 09.9.2중지연장,520.0,46-1,,,,,
20150610-0252,2015-06-10 13:12:00,35.8913032,128.603715,긴급공사,북구 대구체육관로10길 28-1 (산격동) / 1497-26번지,,북구,대구체육관로10길 28-1 (산격동) / 1497-26번지,520.0,47,사유지,15.0,,,급수관
201502767,2015-06-10 13:12:00,35.8913032,128.603715,지상누수,북구 대구체육관로10길 28-1 (산격동) / 1497-26번지,D13mm 계량기보호통 교체,북구,북구 대구체육관로10길 28-1 (산격동) / 1497-26번지,520.0,,,15.0,,,5.0
20150611-0044,2015-06-11 09:35:00,35.8926596,128.6056473,긴급공사,"북구 산격로6길 3-1 (산격동,백경식당) / 1413-32번지",,북구,"산격로6길 3-1 (산격동,백경식당) / 1413-32번지",520.0,49,공도,15.0,4 ,,급수관
201502755,2015-06-11 09:35:00,35.8926596,128.6056473,지상누수,"북구 산격로6길 3-1 (산격동,백경식당) / 1413-32번지",D=100x15mm 분기점수선,북구,"북구 산격로6길 3-1 (산격동,백경식당) / 1413-32번지",520.0,,,15.0,4,,5.0
20150613-0009,2015-06-13 15:12:00,35.8940402,128.6087462,긴급공사,"북구 대학로17길 19 (산격동,STC광고사) / 1314-5번지",,북구,"대학로17길 19 (산격동,STC광고사) / 1314-5번지",520.0,49,사유지,15.0,0 ,,급수관
201502893,2015-06-13 15:12:00,35.8940402,128.6087462,지상누수,"북구 대학로17길 19 (산격동,STC광고사) / 1314-5번지",D15mm 계량기 고무패킹 교체,북구,"북구 대학로17길 19 (산격동,STC광고사) / 1314-5번지",520.0,,,15.0,0,,5.0
20150620-0021,2015-06-20 11:13:00,35.8924757,128.6060081,긴급공사,"북구 산격로6길 8-1 (산격동,안동상회) / 1414-85번지",,북구,"산격로6길 8-1 (산격동,안동상회) / 1414-85번지",520.0,49,사유지,15.0,0 ,,급수관
201502892,2015-06-20 11:13:00,35.8924757,128.6060081,지상누수,"북구 산격로6길 8-1 (산격동,안동상회) / 1414-85번지",D13mm 앵글밸브 수선,북구,"북구 산격로6길 8-1 (산격동,안동상회) / 1414-85번지",520.0,,,15.0,0,,5.0
201503212,2015-06-23 11:15:00,35.8924093,128.606037,지하누수,북구 산격로6길 8-1 (산격동) / 1414-85번지,터파기 확인결과 미누수,북구,북구 산격동 1414-85,520.0,490.0,,,,,
20150623-0239,2015-06-23 11:15:00,35.8924093,128.606037,긴급공사,북구 산격로6길 8-1 (산격동) / 1414-85번지,,북구,산격동 1414-85,520.0,49,,,,,
201503075,2015-06-25 10:29:00,35.892233,128.6062489,지하누수,북구 대학로9길 14-5 (산격동) / 1414-70번지,D13mm 인입선 수선,북구,북구 산격동 1414-70,520.0,490.0,공도,15.0,"2,154",,5.0
20150625-0164,2015-06-25 10:29:00,35.892233,128.6062489,긴급공사,북구 대학로9길 14-5 (산격동) / 1414-70번지,,북구,산격동 1414-70,520.0,49,공도,15.0,"2,154 ",,급수관
201503579,2015-07-06 07:16:00,35.89565,128.6023315,지하누수,북구 산격로서9길 8-46 (산격동) / 1437-7번지,D=50*15mm 분기점 수선,북구,북구 산격동 1437-7,520.0,243.0,공도,15.0,10,,5.0
20150706-0002,2015-07-06 07:16:00,35.89565,128.6023315,긴급공사,북구 산격로서9길 8-46 (산격동) / 1437-7번지,,북구,산격동 1437-7,520.0,24-3,공도,15.0,10 ,,급수관
20150706-0036,2015-07-06 09:03:00,35.8915864,128.5982966,긴급공사,북구 연암로12길 6-30 (산격동) / 1007번지,,북구,산격동 1007,520.0,46-1,공도,15.0,36 ,,급수관
201503665,2015-07-06 09:03:00,35.8915864,128.5982966,지하누수,북구 연암로12길 6-30 (산격동) / 1007번지,D13mm 계량기 접합부 수선,북구,북구 산격동 1007,520.0,461.0,공도,15.0,36,,5.0
201503587,2015-07-13 16:20:00,35.8937338,128.60859,지하누수,"북구 산격로8길 31, (비디오) (산격동) / 1314-40번지",D=100x15㎜ 분기점수선,북구,북구 산격동 1314-40 (비디오),520.0,490.0,공도,15.0,34,,5.0
20150713-0321,2015-07-13 16:20:00,35.8937338,128.60859,긴급공사,"북구 산격로8길 31, (비디오) (산격동) / 1314-40번지",,북구,산격동 1314-40 (비디오),520.0,49,공도,15.0,34 ,,급수관
201503502,2015-07-14 10:36:00,35.8980616,128.6070068,지상누수,북구 대동로 2-10 (산격동) / 1232-9번지,D100x15mm 분기점 수선,북구,북구 대동로 2-10 (산격동) / 1232-9번지,520.0,,,15.0,0,,5.0
20150714-0097,2015-07-14 10:36:00,35.8980616,128.6070068,긴급공사,북구 대동로 2-10 (산격동) / 1232-9번지,,북구,대동로 2-10 (산격동) / 1232-9번지,520.0,48,공도,15.0,0 ,,급수관
20150717-0305,2015-07-17 15:01:00,35.8973992,128.6061994,긴급공사,북구 산격로 82-6 (산격동) / 1231-17번지,,북구,산격로 82-6 (산격동) / 1231-17번지,520.0,48,사유지,15.0,,,급수관
201503501,2015-07-17 15:01:00,35.8973992,128.6061994,지상누수,북구 산격로 82-6 (산격동) / 1231-17번지,D=15mm 계량기보호통 교체,북구,북구 산격로 82-6 (산격동) / 1231-17번지,520.0,,,15.0,,,5.0
20150721-0296,2015-07-21 14:43:00,35.897636,128.606506,긴급공사,북구 대동로 2-24 (산격동) / 1232-13번지,,북구,대동로 2-24 (산격동) / 1232-13번지,520.0,48,공도,15.0,0 ,,급수관
201503517,2015-07-21 14:43:00,35.897636,128.606506,지상누수,북구 대동로 2-24 (산격동) / 1232-13번지,D=50×15mm  연결부 수선,북구,북구 대동로 2-24 (산격동) / 1232-13번지,520.0,,,15.0,0,,5.0
201504006,2015-08-03 09:06:00,35.8967886,128.5994594,지상누수,북구 연암공원로13길 6-1 (산격동) / 1180-134번지,D=15㎜ 계량기 고무패킹 교체,북구,북구 연암공원로13길 6-1 (산격동) / 1180-134번지,520.0,,,15.0,0,,5.0
20150803-0029,2015-08-03 09:06:00,35.8967886,128.5994594,긴급공사,북구 연암공원로13길 6-1 (산격동) / 1180-134번지,,북구,연암공원로13길 6-1 (산격동) / 1180-134번지,520.0,46-1,사유지,15.0,0 ,,급수관
20150805-0447,2015-08-05 14:51:00,35.8947494,128.6108966,긴급공사,북구 대학로23길 8-1 (산격동) / 1308-6번지,,북구,대학로23길 8-1 (산격동) / 1308-6번지,520.0,49,공도,32.0,1 ,,급수관
201504025,2015-08-05 14:51:00,35.8947494,128.6108966,지상누수,북구 대학로23길 8-1 (산격동) / 1308-6번지,"D=100×25㎜ 구분기점 폐쇄, D=100×32㎜ 분기점 수선",북구,북구 대학로23길 8-1 (산격동) / 1308-6번지,520.0,,,32.0,1,,5.0
20150814-0018,2015-08-14 14:43:00,35.8949248,128.6113522,긴급공사,북구 대학로23길 6 (산격동) / 1304-15번지,,북구,산격동 1304-15,520.0,49,,,,,
20150821-0142,2015-08-21 11:38:00,35.8964398,128.6101538,긴급공사,북구 대동로8길 7-1 (산격동) / 1267-30번지,,북구,대동로8길 7-1 (산격동) / 1267-30번지,520.0,49,사유지,15.0,,,급수관
201504244,2015-08-21 11:38:00,35.8964398,128.6101538,지상누수,북구 대동로8길 7-1 (산격동) / 1267-30번지,D=15㎜ 후쿠너트 교체,북구,북구 대동로8길 7-1 (산격동) / 1267-30번지,520.0,,,15.0,,,5.0
20150823-0015,2015-08-23 16:07:00,35.8940889,128.6099565,긴급공사,"북구 대학로23길 19 (산격동,베로커피) / 1327-11번지",,북구,"대학로23길 19 (산격동,베로커피) / 1327-11번지",520.0,49,공도,20.0,1 ,,급수관
201504227,2015-08-23 16:07:00,35.8940889,128.6099565,지상누수,"북구 대학로23길 19 (산격동,베로커피) / 1327-11번지",D=25㎜ 연결부 수선,북구,"북구 대학로23길 19 (산격동,베로커피) / 1327-11번지",520.0,,,20.0,1,,5.0
201504750,2015-09-01 09:15:00,35.8905487,128.6031583,지하누수,북구 연암로4길 41-8 (산격동) / 1401-13번지,D=15㎜ 계량기보호통 교체,북구,북구 산격동 1401-13,520.0,470.0,사유지,15.0,106,,5.0
20150901-0034,2015-09-01 09:15:00,35.8905487,128.6031583,긴급공사,북구 연암로4길 41-8 (산격동) / 1401-13번지,,북구,산격동 1401-13,520.0,47,사유지,15.0,106 ,,급수관
201504751,2015-09-01 09:16:00,35.890282,128.6036756,지하누수,북구 연암로4길 42-5 (산격동) / 1498-88번지,D=15㎜ 계량기보호통 교체,북구,북구 산격동 1498-88,520.0,470.0,사유지,15.0,106,,5.0
20150901-0037,2015-09-01 09:16:00,35.890282,128.6036756,긴급공사,북구 연암로4길 42-5 (산격동) / 1498-88번지,,북구,산격동 1498-88,520.0,47,사유지,15.0,106 ,,급수관
20150903-0232,2015-09-03 13:04:00,35.8916774,128.6029474,긴급공사,"북구 산격로1길 54 (산격동,강나루매운탕) / 1498-157번지",,북구,산격동 1498-157 강나루매운탕,520.0,47,공도,15.0,390 ,,급수관
201504759,2015-09-03 13:04:00,35.8916774,128.6029474,지하누수,"북구 산격로1길 54 (산격동,강나루매운탕) / 1498-157번지",D=80×15㎜ 분기점 수선,북구,북구 산격동 1498-157 강나루매운탕,520.0,470.0,공도,15.0,390,,5.0
201504074,2015-09-03 13:53:00,35.8966605,128.6105849,지상누수,북구 대동로8길 2 (산격동) / 1266-10번지,D=80×15㎜ 분기점수선(손괴),북구,북구 대동로8길 2 (산격동) / 1266-10번지,520.0,,,15.0,3,,4.0
20150903-0297,2015-09-03 13:53:00,35.8966605,128.6105849,긴급공사,북구 대동로8길 2 (산격동) / 1266-10번지,,북구,대동로8길 2 (산격동) / 1266-10번지,520.0,49,공도,15.0,3 ,,배수지관
201504779,2015-09-20 13:23:00,35.8970081,128.6100978,지상누수,북구 대동로 32-2 (산격동) / 1266-17번지,D=15㎜ 계량기보호통 교체,북구,북구 대동로 32-2 (산격동) / 1266-17번지,520.0,,,15.0,,,5.0
20150922-0149,2015-09-22 10:46:00,35.8938858,128.6098006,긴급공사,"북구 대학로23길 21, 1층 (산격동,매콤돈가스) / 1331-3번지",,북구,"대학로23길 21, 1층 (산격동,매콤돈가스) / 1331-3번지",520.0,49,공도,25.0,2 ,,급수관
201504790,2015-09-22 10:46:00,35.8938858,128.6098006,지상누수,"북구 대학로23길 21, 1층 (산격동,매콤돈가스) / 1331-3번지",D=100×25㎜ 분기점 수선,북구,"북구 대학로23길 21, 1층 (산격동,매콤돈가스) / 1331-3번지",520.0,,,25.0,2,,5.0
20151005-0342,2015-10-05 12:13:00,35.8912517,128.5982398,긴급공사,북구 연암로 52-7 (산격동) / 1005-5번지,,북구,연암로 52-7 (산격동) / 1005-5번지,520.0,46-1,사유지,15.0,,,급수관
201505429,2015-10-05 12:13:00,35.8912517,128.5982398,지상누수,북구 연암로 52-7 (산격동) / 1005-5번지,D=15㎜ 고무패킹 교체,북구,북구 연암로 52-7 (산격동) / 1005-5번지,520.0,,,15.0,,,5.0
201505891,2015-10-07 10:40:00,35.8951477,128.6098643,지하누수,북구 산격로10길 41-2 (산격동) / 1307-29번지,D=15㎜ 직관부 수선,북구,북구 산격동 1307-29,520.0,490.0,공도,15.0,"5,779",,5.0
20151007-0221,2015-10-07 10:40:00,35.8951477,128.6098643,긴급공사,북구 산격로10길 41-2 (산격동) / 1307-29번지,,북구,산격동 1307-29,520.0,49,공도,15.0,"5,779 ",,급수관
20151016-0128,2015-10-16 11:46:00,35.8959292,128.5997721,긴급공사,북구 연암공원로12길 3-1 (산격동) / 1159-3번지,,북구,연암공원로12길 3-1 (산격동) / 1159-3번지,520.0,46-1,사유지,15.0,,,급수관
201505439,2015-10-16 11:46:00,35.8959292,128.5997721,지상누수,북구 연암공원로12길 3-1 (산격동) / 1159-3번지,D=15㎜ 직관부 수선,북구,북구 연암공원로12길 3-1 (산격동) / 1159-3번지,520.0,,,15.0,,,5.0
201505451,2015-10-26 15:22:00,35.8913465,128.5973101,지상누수,"북구 연암로12길 2, 고물상 (산격동) / 1018-2번지",D=15㎜ 앵글밸브 수선,북구,"북구 연암로12길 2, 고물상 (산격동) / 1018-2번지",520.0,,,15.0,,,5.0
20151026-0499,2015-10-26 15:22:00,35.8913465,128.5973101,긴급공사,"북구 연암로12길 2, 고물상 (산격동) / 1018-2번지",,북구,"연암로12길 2, 고물상 (산격동) / 1018-2번지",520.0,46-1,사유지,15.0,,,급수관
20151028-0306,2015-10-28 13:39:00,35.8948508,128.6084893,긴급공사,북구 산격로10길 30 (산격동) / 1314-43번지,,북구,산격로10길 30 (산격동) / 1314-43번지,520.0,48,사유지,15.0,,,급수관
201505465,2015-10-28 13:39:00,35.8948508,128.6084893,지상누수,북구 산격로10길 30 (산격동) / 1314-43번지,D=15㎜ 연결부 수선,북구,북구 산격로10길 30 (산격동) / 1314-43번지,520.0,,,15.0,,,5.0
20151109-0238,2015-11-09 11:21:00,35.8969841,128.60109,긴급공사,북구 연암공원로 82-16 (산격동) / 1186-88번지,,북구,연암공원로 82-16 (산격동) / 1186-88번지,520.0,24-3,공도,40.0,0 ,,급수관
201505706,2015-11-09 11:21:00,35.8969841,128.60109,지상누수,북구 연암공원로 82-16 (산격동) / 1186-88번지,터파기 결과 미누수,북구,북구 연암공원로 82-16 (산격동) / 1186-88번지,520.0,,,40.0,0,,5.0
201505724,2015-11-12 12:34:00,35.8972954,128.6046739,지상누수,"북구 연암공원로32길 64 (산격동,세동마트) / 1221-1번지",D=100×15㎜ 분기점 수선,북구,"북구 연암공원로32길 64 (산격동,세동마트) / 1221-1번지",520.0,,,15.0,0,,5.0
20151112-0114,2015-11-12 12:34:00,35.8972954,128.6046739,긴급공사,"북구 연암공원로32길 64 (산격동,세동마트) / 1221-1번지",,북구,"연암공원로32길 64 (산격동,세동마트) / 1221-1번지",520.0,47,공도,15.0,0 ,,급수관
201505834,2015-11-19 09:03:00,35.8940716,128.6047604,지상누수,북구 대구체육관로11길 32 (산격동) / 1425-45번지,15mm직관부수선,북구,북구 대구체육관로11길 32 (산격동) / 1425-45번지,520.0,,,15.0,2,,5.0
20151119-0012,2015-11-19 09:03:00,35.8940716,128.6047604,긴급공사,북구 대구체육관로11길 32 (산격동) / 1425-45번지,,북구,대구체육관로11길 32 (산격동) / 1425-45번지,520.0,47,공도,15.0,2 ,,급수관
20151124-0343,2015-11-24 14:29:00,35.8968874,128.6031159,긴급공사,북구 산격로13길 21-5 (산격동) / 1195-94번지,,북구,산격로13길 21-5 (산격동) / 1195-94번지,520.0,24-3,공도,15.0,1 ,,급수관
201505839,2015-11-24 14:29:00,35.8968874,128.6031159,지상누수,북구 산격로13길 21-5 (산격동) / 1195-94번지,D=80㎜ 직관부 수선,북구,북구 산격로13길 21-5 (산격동) / 1195-94번지,520.0,,,15.0,1,,5.0
201505842,2015-11-26 09:42:00,35.8961586,128.6031679,지상누수,북구 산격로11길 18-5 (산격동) / 1224-29번지,D=15㎜ 연결부 수선,북구,북구 산격로11길 18-5 (산격동) / 1224-29번지,520.0,,,15.0,1,,5.0
20151126-0035,2015-11-26 09:42:00,35.8961586,128.6031679,긴급공사,북구 산격로11길 18-5 (산격동) / 1224-29번지,,북구,산격로11길 18-5 (산격동) / 1224-29번지,520.0,47,공도,15.0,1 ,,급수관
201506173,2015-12-04 13:05:00,35.8918834,128.6050608,지상누수,"북구 산격로 15 (산격동,오종인쇄소) / 1433-60번지",D=15㎜ 연결부 수선,북구,"북구 산격로 15 (산격동,오종인쇄소) / 1433-60번지",520.0,,,25.0,2,,4.0
20151204-0144,2015-12-04 13:05:00,35.8918834,128.6050608,긴급공사,"북구 산격로 15 (산격동,오종인쇄소) / 1433-60번지",,북구,"산격로 15 (산격동,오종인쇄소) / 1433-60번지",520.0,47,공도,25.0,2 ,,배수지관
201506147,2015-12-08 16:05:00,35.8931563,128.6090031,지상누수,"북구 대학로23길 34 (산격동,고니) / 1327-5번지",D=150×15㎜ 분기점 수선,북구,"북구 대학로23길 34 (산격동,고니) / 1327-5번지",520.0,,,25.0,7,,5.0
20151208-0489,2015-12-08 16:05:00,35.8931563,128.6090031,긴급공사,"북구 대학로23길 34 (산격동,고니) / 1327-5번지",,북구,"대학로23길 34 (산격동,고니) / 1327-5번지",520.0,49,공도,25.0,7 ,,급수관
201506174,2015-12-14 13:33:00,35.8960005,128.6017319,지상누수,북구 산격로11길 32-1 (산격동) / 1434-61번지,D=15㎜ 앵글밸브 수선,북구,북구 산격로11길 32-1 (산격동) / 1434-61번지,520.0,,,15.0,,,5.0
20151214-0212,2015-12-14 13:33:00,35.8960005,128.6017319,긴급공사,북구 산격로11길 32-1 (산격동) / 1434-61번지,,북구,산격로11길 32-1 (산격동) / 1434-61번지,520.0,24-3,사유지,15.0,,,급수관
20151230-0027,2015-12-30 09:12:00,35.8937019,128.6078629,긴급공사,북구 산격로8길 23-1 (산격동) / 1326-26번지,,북구,산격로8길 23-1 (산격동) / 1326-26번지,520.0,49,공도,15.0,1 ,,급수관
201600334,2015-12-30 09:12:00,35.8937019,128.6078629,지상누수,북구 산격로8길 23-1 (산격동) / 1326-26번지,D=80×15㎜ 분기점 수선,북구,북구 산격로8길 23-1 (산격동) / 1326-26번지,520.0,,,15.0,1,,5.0
20160112-0087,2016-01-12 11:12:00,35.8959292,128.5997721,긴급공사,북구 연암공원로12길 3-1 (산격동) / 1159-3번지,,북구,연암공원로12길 3-1 (산격동) / 1159-3번지,520.0,46-1,사유지,15.0,,,급수관
201600703,2016-01-12 11:12:00,35.8959292,128.5997721,지상누수,북구 연암공원로12길 3-1 (산격동) / 1159-3번지,D=15㎜ 연결부 수선,북구,북구 연암공원로12길 3-1 (산격동) / 1159-3번지,520.0,,,15.0,,,5.0
20160114-0125,2016-01-14 14:23:00,35.8938931,128.6055682,긴급공사,북구 산격로 40-7 (산격동) / 1410-30번지,,북구,산격로 40-7 (산격동) / 1410-30번지,520.0,49,공도,15.0,0 ,,급수관
201600707,2016-01-14 14:23:00,35.8938931,128.6055682,지상누수,북구 산격로 40-7 (산격동) / 1410-30번지,D=40×15㎜ 분기점 수선,북구,북구 산격로 40-7 (산격동) / 1410-30번지,520.0,,,15.0,0,,5.0
20160114-0137,2016-01-14 15:01:00,35.8908924,128.603033,긴급공사,북구 대구체육관로4길 7-9 (산격동) / 1401-79번지,,북구,산격동 1401-79,520.0,47,공도,15.0,144 ,,급수관
201600835,2016-01-14 15:01:00,35.8908924,128.603033,지하누수,북구 대구체육관로4길 7-9 (산격동) / 1401-79번지,D=15㎜ 연결부 수선,북구,북구 산격동 1401-79,520.0,470.0,공도,15.0,144,,5.0
201600807,2016-01-19 13:15:00,35.8953065,128.6067474,지하누수,북구 대학로25길 49-1 (산격동) / 1407-13번지,D=20㎜ 연결부 수선,북구,북구 산격동 1407-13,520.0,480.0,공도,20.0,447,,5.0
20160119-0205,2016-01-19 13:15:00,35.8953065,128.6067474,긴급공사,북구 대학로25길 49-1 (산격동) / 1407-13번지,,북구,산격동 1407-13,520.0,48,공도,20.0,447 ,,급수관
20160120-0126,2016-01-20 11:03:00,35.8979762,128.603352,긴급공사,북구 연암공원로20길 20 (산격동) / 1188-42번지,,북구,연암공원로20길 20 (산격동) / 1188-42번지,520.0,24-3,공도,15.0,1 ,,급수관
201600833,2016-01-20 11:03:00,35.8979762,128.603352,지상누수,북구 연암공원로20길 20 (산격동) / 1188-42번지,D=50×15㎜ 분기점 수선,북구,북구 연암공원로20길 20 (산격동) / 1188-42번지,520.0,,,15.0,1,,5.0
20160121-0031,2016-01-21 09:25:00,35.8945458,128.6062248,긴급공사,북구 대학로9길 42-2 (산격동) / 1409-19번지,,북구,산격동 1409-19,520.0,49,사유지,15.0,55 ,,급수관
201600837,2016-01-21 09:25:00,35.8945458,128.6062248,지하누수,북구 대학로9길 42-2 (산격동) / 1409-19번지,D=13mm보호통 교체,북구,북구 산격동 1409-19,520.0,490.0,사유지,15.0,55,,5.0
201600845,2016-01-22 10:08:00,35.8964003,128.6048753,지상누수,북구 산격로11길 2-9 (산격동) / 1227-4번지,50*15분기점수선,북구,북구 산격로11길 2-9 (산격동) / 1227-4번지,520.0,,,15.0,1,,5.0
20160122-0076,2016-01-22 10:08:00,35.8964003,128.6048753,긴급공사,북구 산격로11길 2-9 (산격동) / 1227-4번지,,북구,산격로11길 2-9 (산격동) / 1227-4번지,520.0,47,공도,15.0,1 ,,급수관
201600851,2016-01-24 08:10:00,35.8917564,128.6040532,지상누수,"북구 대구체육관로10길 17 (산격동,드림빌) / 1490-34번지",80*13분기점수선,북구,"북구 대구체육관로10길 17 (산격동,드림빌) / 1490-34번지",520.0,,,15.0,0,,5.0
20160124-0015,2016-01-24 08:10:00,35.8917564,128.6040532,긴급공사,"북구 대구체육관로10길 17 (산격동,드림빌) / 1490-34번지",,북구,"대구체육관로10길 17 (산격동,드림빌) / 1490-34번지",520.0,47,공도,15.0,0 ,,급수관
20160129-0102,2016-01-29 10:03:00,35.8961129,128.6042063,긴급공사,북구 산격로11길 8-1 (산격동) / 1225-11번지,,북구,산격로11길 8-1 (산격동) / 1225-11번지,520.0,47,사유지,15.0,,,급수관
201600713,2016-01-29 10:03:00,35.8961129,128.6042063,지상누수,북구 산격로11길 8-1 (산격동) / 1225-11번지,앵글밸브수선,북구,북구 산격로11길 8-1 (산격동) / 1225-11번지,520.0,,,15.0,,,5.0
20160130-0054,2016-01-30 12:39:00,35.8913465,128.5973101,긴급공사,"북구 연암로12길 2, 고물상 (산격동) / 1018-2번지",,북구,"연암로12길 2, 고물상 (산격동) / 1018-2번지",520.0,46-1,사유지,15.0,,,급수관
201600717,2016-01-30 12:39:00,35.8913465,128.5973101,지상누수,"북구 연암로12길 2, 고물상 (산격동) / 1018-2번지",앵글수선,북구,"북구 연암로12길 2, 고물상 (산격동) / 1018-2번지",520.0,,,15.0,,,5.0
20160202-0001,2016-02-02 08:09:00,35.8972954,128.6046739,긴급공사,"북구 연암공원로32길 64 (산격동,세동마트) / 1221-1번지",,북구,"연암공원로32길 64 (산격동,세동마트) / 1221-1번지",520.0,47,공도,15.0,0 ,,급수관
201601625,2016-02-02 08:09:00,35.8972954,128.6046739,지상누수,"북구 연암공원로32길 64 (산격동,세동마트) / 1221-1번지",40*15분기점,북구,"북구 연암공원로32길 64 (산격동,세동마트) / 1221-1번지",520.0,,,15.0,0,,5.0
20160203-0014,2016-02-03 09:10:00,35.897163,128.6040123,긴급공사,북구 산격로13길 12-4 (산격동) / 1221-14번지,,북구,산격로13길 12-4 (산격동) / 1221-14번지,520.0,47,공도,15.0,0 ,,급수관
201601613,2016-02-03 09:10:00,35.897163,128.6040123,지상누수,북구 산격로13길 12-4 (산격동) / 1221-14번지,40*15분기점수선,북구,북구 산격로13길 12-4 (산격동) / 1221-14번지,520.0,,,15.0,0,,5.0
20160203-0532,2016-02-03 16:22:00,35.897172,128.6035242,긴급공사,북구 산격로13길 16-1 (산격동) / 1221-3번지,,북구,산격로13길 16-1 (산격동) / 1221-3번지,520.0,47,공도,100.0,13 ,,배수본관
201601601,2016-02-03 16:22:00,35.897172,128.6035242,지상누수,북구 산격로13길 16-1 (산격동) / 1221-3번지,DTC D=100㎜ 직관부수선,북구,북구 산격로13길 16-1 (산격동) / 1221-3번지,520.0,,,100.0,13,,3.0
201601588,2016-02-05 09:58:00,35.891653,128.6026597,지상누수,북구 대구체육관로 28 (산격동) / 1449-3번지,D=20㎜계량기보호통교체,북구,북구 대구체육관로 28 (산격동) / 1449-3번지,519.0,,,20.0,0,,5.0
20160215-0151,2016-02-15 10:55:00,35.8945027,128.6100288,긴급공사,북구 대학로23길 16-1 (산격동) / 1309-9번지,,북구,대학로23길 16-1 (산격동) / 1309-9번지,520.0,49,공도,15.0,1 ,,급수관
201601582,2016-02-15 10:55:00,35.8945027,128.6100288,지상누수,북구 대학로23길 16-1 (산격동) / 1309-9번지,D=40×15㎜ 지수전설치,북구,북구 대학로23길 16-1 (산격동) / 1309-9번지,520.0,,,15.0,1,,5.0
201601568,2016-02-17 09:52:00,35.8937662,128.5975818,지하누수,북구 연암공원로 29-1 (산격동) / 878-7번지,D=15㎜ 연결부 수선,북구,북구 산격동 878-7,520.0,461.0,공도,15.0,58,,5.0
20160217-0026,2016-02-17 09:52:00,35.8937662,128.5975818,긴급공사,북구 연암공원로 29-1 (산격동) / 878-7번지,,북구,산격동 878-7,520.0,46-1,공도,15.0,58 ,,급수관
20160217-0038,2016-02-17 10:03:00,35.8906845,128.6035591,긴급공사,북구 연암로4길 49-2 (산격동) / 1498-215번지,,북구,산격동 1498-215,520.0,47,공도,15.0,588 ,,급수관
201601619,2016-02-17 10:03:00,35.8906845,128.6035591,지하누수,북구 연암로4길 49-2 (산격동) / 1498-215번지,"1.직관pipe수선
2.계량기보호통교체",북구,북구 산격동 1498-215,520.0,470.0,공도,15.0,588,,5.0
201601608,2016-02-23 15:24:00,35.893,128.6091518,지상누수,"북구 대학로23길 35, 편의점 (산격동) / 1336-4번지","D=50×15㎜분기점 누수수선(손괴)
",북구,"북구 대학로23길 35, 편의점 (산격동) / 1336-4번지",520.0,,,15.0,3,,5.0
20160223-0370,2016-02-23 15:24:00,35.893,128.6091518,긴급공사,"북구 대학로23길 35, 편의점 (산격동) / 1336-4번지",,북구,"대학로23길 35, 편의점 (산격동) / 1336-4번지",520.0,49,공도,15.0,3 ,,급수관
20160224-0011,2016-02-24 08:59:00,35.8929347,128.6089261,긴급공사,북구 대학로17길 6 (산격동) / 1327-4번지,,북구,대학로17길 6 (산격동) / 1327-4번지,520.0,49,사유지,15.0,0 ,,급수관
201601591,2016-02-24 08:59:00,35.8929347,128.6089261,지상누수,북구 대학로17길 6 (산격동) / 1327-4번지,"D=15㎜보호통교체
",북구,북구 대학로17길 6 (산격동) / 1327-4번지,520.0,,,15.0,0,,5.0
20160224-0093,2016-02-24 10:11:00,35.8977553,128.6038483,긴급공사,북구 연암공원로32길 64-54 (산격동) / 1190-20번지,,북구,연암공원로32길 64-54 (산격동) / 1190-20번지,520.0,24-3,공도,15.0,1 ,,급수관
201601558,2016-02-24 10:11:00,35.8977553,128.6038483,지상누수,북구 연암공원로32길 64-54 (산격동) / 1190-20번지,D=40×15㎜분기점수선,북구,북구 연암공원로32길 64-54 (산격동) / 1190-20번지,520.0,,,15.0,1,,5.0
20160226-0078,2016-02-26 10:01:00,35.8964629,128.6030102,긴급공사,북구 연암공원로14길 28 (산격동) / 1224-1번지,,북구,연암공원로14길 28 (산격동) / 1224-1번지,520.0,47,공도,100.0,39 ,,급수관
201601615,2016-02-26 10:01:00,35.8964629,128.6030102,지상누수,북구 연암공원로14길 28 (산격동) / 1224-1번지,D=100㎜클럼프수선,북구,북구 연암공원로14길 28 (산격동) / 1224-1번지,520.0,,,100.0,39,,5.0
20160229-0449,2016-02-29 14:37:00,35.8954223,128.6087186,긴급공사,"북구 대학로25길 33 (산격동,발리) / 1312-2번지",,북구,산격동 1312-2 발리 ,520.0,48,공도,15.0,259 ,,급수관
201601630,2016-02-29 14:37:00,35.8954223,128.6087186,지하누수,"북구 대학로25길 33 (산격동,발리) / 1312-2번지",분기점 수선,북구,북구 산격동 1312-2 발리 ,520.0,480.0,공도,15.0,259,,5.0
201602101,2016-03-02 12:48:00,35.8949121,128.5981508,지하누수,"북구 연암공원로7길 6-13, (2011.06.27 급수중지) (산격동) / 1135-15번지",D=80×15㎜ 분기점 폐쇄,북구,북구 산격동 1135-15 (2011.06.27 급수중지),520.0,461.0,공도,15.0,179,,5.0
20160302-0314,2016-03-02 12:48:00,35.8949121,128.5981508,긴급공사,"북구 연암공원로7길 6-13, (2011.06.27 급수중지) (산격동) / 1135-15번지",,북구,산격동 1135-15 (2011.06.27 급수중지),520.0,46-1,공도,15.0,179 ,,급수관
20160302-0499,2016-03-02 14:59:00,35.894565,128.5981758,긴급공사,북구 연암공원로7길 2-1 (산격동) / 1139-5번지,,북구,산격동 1139-5,520.0,46-1,공도,15.0,372 ,,급수관
201602102,2016-03-02 14:59:00,35.894565,128.5981758,지하누수,북구 연암공원로7길 2-1 (산격동) / 1139-5번지,"D=80×15㎜ 구분기점 폐쇄
",북구,북구 산격동 1139-5,520.0,461.0,공도,15.0,372,,5.0
20160303-0006,2016-03-03 08:49:00,35.8977425,128.5987645,긴급공사,북구 산격동 1180-43 (2010.4.27직권폐전),,북구,산격동 1180-43 (2010.4.27직권폐전),520.0,24-3,공도,15.0,227 ,,급수관
201602036,2016-03-03 08:49:00,35.8977425,128.5987645,지하누수,북구 산격동 1180-43 (2010.4.27직권폐전),D=40×15㎜ 구분기점 직선처리,북구,북구 산격동 1180-43 (2010.4.27직권폐전),520.0,243.0,공도,15.0,227,,5.0
201602095,2016-03-03 08:51:00,35.8968109,128.59946,지하누수,북구 연암공원로13길 6 (산격동) / 1180-71번지,구분기점 폐쇄,북구,북구 산격동 1180-71,520.0,461.0,공도,15.0,227,,5.0
20160303-0007,2016-03-03 08:51:00,35.8968109,128.59946,긴급공사,북구 연암공원로13길 6 (산격동) / 1180-71번지,,북구,산격동 1180-71,520.0,46-1,공도,15.0,227 ,,급수관
20160307-0121,2016-03-07 10:09:00,35.8951768,128.6018861,긴급공사,북구 산격로서9길 8 (산격동) / 1437-22번지,,북구,산격동 1437-22,520.0,24-3,공도,20.0,"1,093 ",,급수관
201601991,2016-03-07 10:09:00,35.8951768,128.6018861,지하누수,북구 산격로서9길 8 (산격동) / 1437-22번지,D=15㎜ 직관부수선 ,북구,북구 산격동 1437-22,520.0,243.0,공도,20.0,"1,093",,5.0
20160307-0476,2016-03-07 14:35:00,35.8913465,128.5973101,긴급공사,"북구 연암로12길 2, 고물상 (산격동) / 1018-2번지",,북구,"연암로12길 2, 고물상 (산격동) / 1018-2번지",520.0,46-1,사유지,15.0,,,급수관
201602108,2016-03-07 14:35:00,35.8913465,128.5973101,지상누수,"북구 연암로12길 2, 고물상 (산격동) / 1018-2번지",D=15mm계량기보호통교체,북구,"북구 연암로12길 2, 고물상 (산격동) / 1018-2번지",520.0,,,15.0,,,5.0
201605070,2016-03-10 14:55:00,35.8948091,128.6090867,지상누수,"북구 산격로10길 34-1 (산격동,블루밍하우스) / 1313-15번지",D=80×20㎜분기점수선,북구,"북구 산격로10길 34-1 (산격동,블루밍하우스) / 1313-15번지",520.0,,,20.0,4,,5.0
20160310-0298,2016-03-10 14:55:00,35.8948091,128.6090867,긴급공사,"북구 산격로10길 34-1 (산격동,블루밍하우스) / 1313-15번지",,북구,"산격로10길 34-1 (산격동,블루밍하우스) / 1313-15번지",520.0,49,공도,20.0,4 ,,급수관
20160314-0409,2016-03-14 17:56:00,35.8971634,128.6038306,긴급공사,북구 산격로13길 12-3 (산격동) / 1221-10번지,,북구,산격동 1221-10,520.0,47,공도,15.0,266 ,,급수관
201602030,2016-03-14 17:56:00,35.8971634,128.6038306,지하누수,북구 산격로13길 12-3 (산격동) / 1221-10번지,D=40×15㎜ 분기점 수선(N=2개소),북구,북구 산격동 1221-10,520.0,470.0,공도,15.0,266,,5.0
201602091,2016-03-16 12:00:00,35.8929457,128.6086222,지상누수,북구 산격동 1393-21,D=80㎜구분기점폐쇄,북구,북구 산격동 1393-21,520.0,,,15.0,1,,5.0
20160316-0155,2016-03-16 12:00:00,35.8929457,128.6086222,긴급공사,북구 산격동 1393-21,,북구,산격동 1393-21,520.0,47,공도,15.0,1 ,,급수관
20160316-0329,2016-03-16 16:32:00,35.8917137,128.5961183,긴급공사,북구 연암로 68-5 (산격동) / 981번지,,북구,연암로 68-5 (산격동) / 981번지,520.0,46-1,사유지,15.0,,,급수관
201602090,2016-03-16 16:32:00,35.8917137,128.5961183,지상누수,북구 연암로 68-5 (산격동) / 981번지,D=15㎜앵글벨브교체,북구,북구 연암로 68-5 (산격동) / 981번지,520.0,,,15.0,,,5.0
201602055,2016-03-18 09:59:00,35.8979053,128.607681,지상누수,북구 대학로9길 86-1 (산격동) / 1241-11번지,D=15㎜앵글밸브교체,북구,북구 대학로9길 86-1 (산격동) / 1241-11번지,520.0,,,15.0,,,5.0
20160318-0056,2016-03-18 09:59:00,35.8979053,128.607681,긴급공사,북구 대학로9길 86-1 (산격동) / 1241-11번지,,북구,대학로9길 86-1 (산격동) / 1241-11번지,520.0,48,사유지,15.0,,,급수관
20160318-0169,2016-03-18 13:02:00,35.8944989,128.6060147,긴급공사,북구 대학로9길 40-2 (산격동) / 1409-21번지,,북구,산격동 1409-21,520.0,49,공도,20.0,243 ,,급수관
20160318-0170,2016-03-18 13:02:00,35.8946029,128.6061338,긴급공사,북구 대학로9길 42-1 (산격동) / 1409-18번지,,북구,대학로9길 42-1 (산격동) / 1409-18번지,520.0,49,공도,20.0,0 ,,급수관
201602063,2016-03-18 13:02:00,35.8946029,128.6061338,지상누수,북구 대학로9길 42-1 (산격동) / 1409-18번지,D=20×15㎜ 분기점 수선,북구,북구 대학로9길 42-1 (산격동) / 1409-18번지,520.0,,,20.0,0,,5.0
201602050,2016-03-18 13:02:00,35.8944989,128.6060147,지하누수,북구 대학로9길 40-2 (산격동) / 1409-21번지,"D=100×25㎜ 분기점 수선,하월",북구,북구 산격동 1409-21,520.0,490.0,공도,20.0,243,,5.0
201602052,2016-03-28 09:16:00,35.8937085,128.6093782,지하누수,"북구 대학로23길 26 (산격동,야끼한남자) / 1313-62번지",D=100×15㎜ 분기점 수선,북구,북구 산격동 1313-62 야끼한남자 ,520.0,490.0,공도,15.0,232,,5.0
20160328-0032,2016-03-28 09:16:00,35.8937085,128.6093782,긴급공사,"북구 대학로23길 26 (산격동,야끼한남자) / 1313-62번지",,북구,산격동 1313-62 야끼한남자 ,520.0,49,공도,15.0,232 ,,급수관
201602058,2016-03-30 11:39:00,35.895795,128.6089641,지상누수,북구 산격로14길 34-1 (산격동) / 1311-23번지,D=15㎜앵글밸브수선,북구,북구 산격로14길 34-1 (산격동) / 1311-23번지,520.0,,,15.0,,,5.0
20160330-0208,2016-03-30 11:39:00,35.895795,128.6089641,긴급공사,북구 산격로14길 34-1 (산격동) / 1311-23번지,,북구,산격로14길 34-1 (산격동) / 1311-23번지,520.0,48,사유지,15.0,,,급수관
201602109,2016-03-30 16:51:00,35.8965494,128.6049679,지상누수,"북구 산격로13길 5-9 (산격동,자납) / 1228-10번지",D=15㎜계량기보호통 교체,북구,"북구 산격로13길 5-9 (산격동,자납) / 1228-10번지",520.0,,,15.0,,,5.0
20160330-0457,2016-03-30 16:51:00,35.8965494,128.6049679,긴급공사,"북구 산격로13길 5-9 (산격동,자납) / 1228-10번지",,북구,"산격로13길 5-9 (산격동,자납) / 1228-10번지",520.0,47,사유지,15.0,,,급수관
201602338,2016-04-04 17:49:00,35.8939066,128.6059705,지상누수,북구 대학로9길 34-1 (산격동) / 1409-31번지,D=100㎜구분기점 수선,북구,북구 대학로9길 34-1 (산격동) / 1409-31번지,520.0,,,15.0,1,,5.0
20160404-0615,2016-04-04 17:49:00,35.8939066,128.6059705,긴급공사,북구 대학로9길 34-1 (산격동) / 1409-31번지,,북구,대학로9길 34-1 (산격동) / 1409-31번지,520.0,49,공도,15.0,1 ,,급수관
20160412-0290,2016-04-12 16:26:00,35.8964338,128.601439,긴급공사,"북구 연암공원로14길 14 (산격동,목련미용실) / 1434-33번지",,북구,"연암공원로14길 14 (산격동,목련미용실) / 1434-33번지",520.0,24-3,공도,40.0,3 ,,급수관
201602701,2016-04-12 16:26:00,35.8964338,128.601439,지상누수,"북구 연암공원로14길 14 (산격동,목련미용실) / 1434-33번지",200*40분기점 수선,북구,"북구 연암공원로14길 14 (산격동,목련미용실) / 1434-33번지",520.0,,,40.0,3,,5.0
20160412-0326,2016-04-12 17:36:00,35.8972015,128.5994722,긴급공사,"북구 연암공원로13길 6-9, (급수중지-2013.11.1) (산격동) / 1180-93번지",,북구,"연암공원로13길 6-9, (급수중지-2013.11.1) (산격동) / 1180-93번지",520.0,46-1,사유지,15.0,,,급수관
201602320,2016-04-12 17:36:00,35.8972015,128.5994722,지상누수,"북구 연암공원로13길 6-9, (급수중지-2013.11.1) (산격동) / 1180-93번지",D=15㎜ 연결부 수선,북구,"북구 연암공원로13길 6-9, (급수중지-2013.11.1) (산격동) / 1180-93번지",520.0,,,15.0,,,5.0
20160426-0025,2016-04-26 09:03:00,35.8940179,128.6089717,긴급공사,북구 대학로17길 20-1 (산격동) / 1313-6번지,,북구,대학로17길 20-1 (산격동) / 1313-6번지,520.0,49,공도,25.0,9 ,,급수관
201602684,2016-04-26 09:03:00,35.8940179,128.6089717,지상누수,북구 대학로17길 20-1 (산격동) / 1313-6번지,D=80*25구분기점수선,북구,북구 대학로17길 20-1 (산격동) / 1313-6번지,520.0,,,25.0,9,,5.0
,2016-05-13 09:00:00,35.8956801,128.6021256,긴급공사,북구 산격로서9길 8-50 (산격동) / 1437-9번지,,북구,산격로서9길 8-50 (산격동) / 1437-9번지,520.0,24-3,,,,,배수지관
201603118,2016-05-16 14:55:00,35.8938925,128.6104273,지상누수,북구 대학로 99 (산격동) / 1329-6번지,분기점 폐쇄,북구,북구 대학로 99 (산격동) / 1329-6번지,520.0,,,40.0,14,,5.0
201603348,2016-06-10 15:05:00,35.8924486,128.6086639,지상누수,"북구 대학로17길 1 (산격동,파리바케트) / 1399번지",25직관부수선(원인자수선),북구,"북구 대학로17길 1 (산격동,파리바케트) / 1399번지",520.0,,,25.0,8,,5.0
20160610-0254,2016-06-10 15:05:00,35.8924486,128.6086639,긴급공사,"북구 대학로17길 1 (산격동,파리바케트) / 1399번지",,북구,"대학로17길 1 (산격동,파리바케트) / 1399번지",520.0,49,공도,25.0,8 ,,급수관
20160618-0018,2016-06-18 13:52:00,35.8941288,128.5978432,긴급공사,북구 연암공원로 31-7 (산격동) / 878-3번지,,북구,연암공원로 31-7 (산격동) / 878-3번지,520.0,46-1,공도,15.0,1 ,,급수관
201603849,2016-06-18 13:52:00,35.8941288,128.5978432,지상누수,북구 연암공원로 31-7 (산격동) / 878-3번지,분기점 수선,북구,북구 연암공원로 31-7 (산격동) / 878-3번지,520.0,,,15.0,1,,5.0
20160623-0274,2016-06-23 14:29:00,35.890631,128.6037241,긴급공사,북구 연암로4길 49 (산격동) / 1498-220번지,,북구,산격동 1498-220,520.0,47,,,,,
201604127,2016-07-04 11:49:00,35.893004,128.6040576,지상누수,북구 대구체육관로9길 8 (산격동) / 1430-39번지,D=15㎜계량기보호통교체,북구,북구 대구체육관로9길 8 (산격동) / 1430-39번지,520.0,,,15.0,0,,5.0
20160704-0265,2016-07-04 11:49:00,35.893004,128.6040576,긴급공사,북구 대구체육관로9길 8 (산격동) / 1430-39번지,,북구,대구체육관로9길 8 (산격동) / 1430-39번지,520.0,47,사유지,15.0,0 ,,급수관
201604366,2016-07-19 09:10:00,35.8959178,128.6070107,지하누수,북구 산격로14길 16 (산격동) / 1406-34번지,d=100×15㎜분기점수선,북구,북구 산격동 1406-34,520.0,480.0,공도,15.0,"3,712",,5.0
20160719-0018,2016-07-19 09:10:00,35.8959178,128.6070107,긴급공사,북구 산격로14길 16 (산격동) / 1406-34번지,,북구,산격동 1406-34,520.0,48,공도,15.0,"3,712 ",,급수관
20160719-0019,2016-07-19 09:13:00,35.8970193,128.6069647,긴급공사,북구 대학로9길 74-7 (산격동) / 1242-5번지,,북구,산격동 1242-5,520.0,48,공도,15.0,"2,508 ",,배수지관
201604328,2016-07-19 09:13:00,35.8970193,128.6069647,지하누수,북구 대학로9길 74-7 (산격동) / 1242-5번지,d=80㎜(구)분기점폐쇄,북구,북구 산격동 1242-5,520.0,480.0,공도,15.0,"2,508",,4.0
201604338,2016-07-19 09:15:00,35.8956918,128.6087921,지하누수,북구 대학로25길 34-13 (산격동) / 1311-12번지,D=15㎜ 연결부 수선,북구,북구 산격동 1311-12,520.0,480.0,사유지,15.0,"3,087",,5.0
20160719-0020,2016-07-19 09:15:00,35.8956918,128.6087921,긴급공사,북구 대학로25길 34-13 (산격동) / 1311-12번지,,북구,산격동 1311-12,520.0,48,사유지,15.0,"3,087 ",,급수관
20160719-0023,2016-07-19 09:16:00,35.8957776,128.6097453,긴급공사,북구 산격로14길 42-6 (산격동) / 1306-41번지,,북구,산격동 1306-41,520.0,49,사유지,15.0,"1,881 ",,급수관
201604345,2016-07-19 09:16:00,35.8957776,128.6097453,지하누수,북구 산격로14길 42-6 (산격동) / 1306-41번지,D=15㎜ 통전연결부수선,북구,북구 산격동 1306-41,520.0,490.0,사유지,15.0,"1,881",,5.0
201604344,2016-07-19 09:17:00,35.8950258,128.6105732,지하누수,"북구 산격로10길 47 (산격동,상록) / 1307-54번지",D=20㎜ 통전 연결부 수선,북구,북구 산격동 1307-54 상록,520.0,490.0,사유지,20.0,"3,461",,5.0
20160719-0024,2016-07-19 09:17:00,35.8950258,128.6105732,긴급공사,"북구 산격로10길 47 (산격동,상록) / 1307-54번지",,북구,산격동 1307-54 상록,520.0,49,사유지,20.0,"3,461 ",,급수관
201604357,2016-07-19 10:04:00,35.8944795,128.6061304,지상누수,북구 대학로9길 40-4 (산격동) / 1409-23번지,공사현장으로 15㎜플럭침,북구,북구 대학로9길 40-4 (산격동) / 1409-23번지,520.0,,,15.0,0,,5.0
201604343,2016-07-20 17:12:00,35.8939504,128.6058123,지하누수,"북구 대학로9길 35 (산격동,아트라스) / 1410-9번지",D=15㎜ 통전 연결부 수선,북구,북구 산격동 1410-9 아트라스 ,520.0,490.0,사유지,15.0,"1,956",,5.0
20160720-0395,2016-07-20 17:12:00,35.8939504,128.6058123,긴급공사,"북구 대학로9길 35 (산격동,아트라스) / 1410-9번지",,북구,산격동 1410-9 아트라스 ,520.0,49,사유지,15.0,"1,956 ",,급수관
20160720-0396,2016-07-20 17:13:00,35.8942635,128.610443,긴급공사,북구 대학로23길 15-5 (산격동) / 1327번지,,북구,산격동 1327,520.0,49,,,,,
201604341,2016-07-20 17:13:00,35.8942635,128.610443,지하누수,북구 대학로23길 15-5 (산격동) / 1327번지,터파기 결과 미누수,북구,북구 산격동 1327,520.0,490.0,,,,,
201604378,2016-07-20 17:14:00,35.8908966,128.602927,지하누수,북구 대구체육관로4길 7-7 (산격동) / 1401-7번지,D=50×15㎜ 분기점 수선,북구,북구 산격동 1401-7,520.0,470.0,공도,15.0,"2,533",,4.0
201604334,2016-07-20 17:14:00,35.8966144,128.6107966,지하누수,북구 대동로8길 1 (산격동) / 1268-15번지,D=80X13mm 분기점 수선,북구,북구 산격동 1268-15,520.0,490.0,공도,15.0,"1,697",,4.0
20160720-0397,2016-07-20 17:14:00,35.8966144,128.6107966,긴급공사,북구 대동로8길 1 (산격동) / 1268-15번지,,북구,산격동 1268-15,520.0,49,공도,15.0,"1,697 ",,배수지관
20160720-0398,2016-07-20 17:14:00,35.8908966,128.602927,긴급공사,북구 대구체육관로4길 7-7 (산격동) / 1401-7번지,,북구,산격동 1401-7,520.0,47,공도,15.0,"2,533 ",,배수지관
,2016-07-26 10:00:00,35.8906243,128.6037134,긴급공사,북구 연암로4길 49 (산격동) / 1498-220번지,,북구,연암로4길 49 (산격동) / 1498-220번지,520.0,47,,,,,
20160727-0098,2016-07-27 10:27:00,35.8965447,128.6043002,긴급공사,"북구 연암공원로14길 39, 2층 (산격동) / 1226-1번지",,북구,산격동 1226-1 2층,520.0,47,사유지,15.0,"1,304 ",,급수관
201604348,2016-07-27 10:27:00,35.8965447,128.6043002,지하누수,"북구 연암공원로14길 39, 2층 (산격동) / 1226-1번지",D=15㎜ 계량기보호통 교체,북구,북구 산격동 1226-1 2층,520.0,470.0,사유지,15.0,"1,304",,5.0
201604368,2016-07-27 10:29:00,35.894683,128.6021927,지하누수,북구 연암공원로10길 33-5 (산격동) / 1437-82번지,D=15㎜ 직관부 수선,북구,북구 산격동 1437-82,520.0,243.0,공도,15.0,"2,257",,5.0
20160727-0099,2016-07-27 10:29:00,35.894683,128.6021927,긴급공사,북구 연암공원로10길 33-5 (산격동) / 1437-82번지,,북구,산격동 1437-82,520.0,24-3,공도,15.0,"2,257 ",,급수관
20160727-0101,2016-07-27 10:30:00,35.8968205,128.6051151,긴급공사,"북구 산격로 69 (산격동,스타노래연습장) / 1228-1번지",,북구,산격동 1228-1 스타노래연습장,520.0,47,공도,100.0,"33,607 ",,배수지관
201604347,2016-07-27 10:30:00,35.8968205,128.6051151,지하누수,"북구 산격로 69 (산격동,스타노래연습장) / 1228-1번지",소화전 하단부 수선,북구,북구 산격동 1228-1 스타노래연습장,520.0,470.0,공도,100.0,"33,607",,4.0
201604346,2016-07-27 10:31:00,35.8949974,128.6011109,지하누수,북구 산격로서9길 15 (산격동) / 1435-54번지,PFP d=80×15분교체 및 CI->STS d=15보호통교체,북구,북구 산격동 1435-54,519.0,450.0,공도,15.0,"3,210",,5.0
20160729-0007,2016-07-29 08:45:00,35.8943289,128.6105665,긴급공사,"북구 대학로23길 15-3, (공용함) (산격동,희진빌) / 1325-4번지",,북구,산격동 1325-4 희진빌 (공용함),520.0,49,,,,,
201604370,2016-07-29 08:45:00,35.8943289,128.6105665,지하누수,"북구 대학로23길 15-3, (공용함) (산격동,희진빌) / 1325-4번지",미누수,북구,북구 산격동 1325-4 희진빌 (공용함),520.0,490.0,,,,,
20160729-0035,2016-07-29 09:18:00,35.8977634,128.5994017,긴급공사,"북구 연암공원로11길 20 (산격동,대자비원) / 1180-136번지",,북구,산격동 1180-136 대자비원,520.0,24-3,공도,15.0,"3,241 ",,급수관
201604369,2016-07-29 09:18:00,35.8977634,128.5994017,지하누수,"북구 연암공원로11길 20 (산격동,대자비원) / 1180-136번지",150구분기점폐쇄,북구,북구 산격동 1180-136 대자비원,520.0,243.0,공도,15.0,"3,241",,5.0
201604586,2016-08-01 09:55:00,35.8944795,128.6061304,지상누수,북구 대학로9길 40-4 (산격동) / 1409-23번지,D=15㎜ 연결부 수선,북구,북구 대학로9길 40-4 (산격동) / 1409-23번지,520.0,,,25.0,,,5.0
201604830,2016-08-17 07:56:00,35.8915451,128.5961415,지상누수,북구 연암로 68-3 (산격동) / 980번지,d=13㎜앵글밸브수선,북구,북구 연암로 68-3 (산격동) / 980번지,520.0,,,15.0,,,5.0
20160817-0005,2016-08-17 07:56:00,35.8915451,128.5961415,긴급공사,북구 연암로 68-3 (산격동) / 980번지,,북구,연암로 68-3 (산격동) / 980번지,520.0,46-1,사유지,15.0,,,급수관
,2016-08-19 12:00:00,35.8968328,128.6051482,긴급공사,북구 산격로 69 (산격동) / 1228-1번지,,북구,산격로 69 (산격동) / 1228-1번지,520.0,47,,,,,배수지관
201604697,2016-08-22 17:30:00,35.8951585,128.6060191,지하누수,북구 대학로9길 48 (산격동) / 1407-56번지,D=80*15분기점수선,북구,북구 산격동 1407-56,520.0,480.0,공도,15.0,"1,466",,4.0
20160822-0639,2016-08-22 17:30:00,35.8951585,128.6060191,긴급공사,북구 대학로9길 48 (산격동) / 1407-56번지,,북구,산격동 1407-56,520.0,48,공도,15.0,"1,466 ",,배수지관
201604696,2016-08-24 09:12:00,35.8944795,128.6061304,지상누수,북구 대학로9길 40-4 (산격동) / 1409-23번지,d=20연결부수선,북구,북구 대학로9길 40-4 (산격동) / 1409-23번지,514.0,,,20.0,0,,5.0
201604769,2016-08-26 15:57:00,35.8913034,128.6038482,지상누수,북구 대구체육관로10길 28 (산격동) / 1497-3번지,d=15㎜연결부수선,북구,북구 대구체육관로10길 28 (산격동) / 1497-3번지,520.0,,,15.0,,,5.0
20160826-0358,2016-08-26 15:57:00,35.8913034,128.6038482,긴급공사,북구 대구체육관로10길 28 (산격동) / 1497-3번지,,북구,대구체육관로10길 28 (산격동) / 1497-3번지,520.0,47,사유지,15.0,,,급수관
201604813,2016-08-31 17:49:00,35.8944408,128.6104986,지하누수,"북구 대학로23길 13 (산격동,레인보우(다락)) / 1325-7번지",직관부수선,북구,북구 산격동 1325-7 레인보우(다락),520.0,490.0,공도,15.0,"2,987",,5.0
20160831-0554,2016-08-31 17:49:00,35.8944408,128.6104986,긴급공사,"북구 대학로23길 13 (산격동,레인보우(다락)) / 1325-7번지",,북구,산격동 1325-7 레인보우(다락),520.0,49,공도,15.0,"2,987 ",,급수관
201605029,2016-09-05 15:56:00,35.8984449,128.5990145,지상누수,북구 연암공원로17길 20 (산격동) /산 79-1번지,25연결부수선(손괴),북구,북구 연암공원로17길 20 (산격동) / 79-1번지,503.0,,,25.0,4,,5.0
201605568,2016-09-20 17:11:00,35.8974151,128.6010253,지상누수,"북구 연암공원로 82, 급수중지(2014.2.10)자납 (산격동) / 1186-66번지",D=15㎜ 앵글밸브 수선,북구,"북구 연암공원로 82, 급수중지(2014.2.10)자납 (산격동) / 1186-66번지",520.0,,,15.0,,,5.0
20160920-0523,2016-09-20 17:11:00,35.8974151,128.6010253,긴급공사,"북구 연암공원로 82, 급수중지(2014.2.10)자납 (산격동) / 1186-66번지",,북구,"연암공원로 82, 급수중지(2014.2.10)자납 (산격동) / 1186-66번지",520.0,24-3,사유지,15.0,,,급수관
201605667,2016-09-21 17:02:00,35.895277,128.6090439,지상누수,북구 대학로25길 29-6 (산격동) / 1312-9번지,D=80㎜ 분기점수선,북구,북구 대학로25길 29-6 (산격동) / 1312-9번지,520.0,,,15.0,0,,5.0
20160921-0459,2016-09-21 17:02:00,35.895277,128.6090439,긴급공사,북구 대학로25길 29-6 (산격동) / 1312-9번지,,북구,대학로25길 29-6 (산격동) / 1312-9번지,520.0,48,공도,15.0,0 ,,급수관
20160923-0007,2016-09-23 08:47:00,35.8968109,128.59946,긴급공사,북구 연암공원로13길 6 (산격동) / 1180-71번지,,북구,산격동 1180-71,520.0,46-1,공도,50.0,"2,884 ",,배수지관
201605664,2016-09-23 08:47:00,35.8968109,128.59946,지하누수,북구 연암공원로13길 6 (산격동) / 1180-71번지,재분기 및 구관정리,북구,북구 산격동 1180-71,520.0,461.0,공도,50.0,"2,884",,4.0
201605550,2016-09-30 15:37:00,35.8948166,128.6104906,지상누수,"북구 산격로10길 48, 301호 (산격동,하나빌라) / 1308-13번지",D=15㎜ 연결부 수선,북구,"북구 산격로10길 48, 301호 (산격동,하나빌라) / 1308-13번지",520.0,,,15.0,0,,5.0
20160930-0434,2016-09-30 15:37:00,35.8948166,128.6104906,긴급공사,"북구 산격로10길 48, 301호 (산격동,하나빌라) / 1308-13번지",,북구,"산격로10길 48, 301호 (산격동,하나빌라) / 1308-13번지",520.0,49,사유지,15.0,0 ,,급수관
201606140,2016-10-10 08:51:00,35.8934978,128.5981341,지하누수,"북구 연암공원로 30-5, 층 (산격동) / 1102-16번지",D=15㎜ 계량기보호통 교체,북구,북구 산격동 1102-16 층,520.0,461.0,사유지,15.0,"1,295",,5.0
20161010-0011,2016-10-10 08:51:00,35.8934978,128.5981341,긴급공사,"북구 연암공원로 30-5, 층 (산격동) / 1102-16번지",,북구,산격동 1102-16 층,520.0,46-1,사유지,15.0,"1,295 ",,급수관
201606074,2016-10-11 08:51:00,35.8913576,128.5979953,지상누수,북구 연암로 52-5 (산격동) / 1004-3번지,D=20㎜ 앵글밸브 교체,북구,북구 연암로 52-5 (산격동) / 1004-3번지,520.0,,,20.0,,,5.0
20161011-0007,2016-10-11 08:51:00,35.8913576,128.5979953,긴급공사,북구 연암로 52-5 (산격동) / 1004-3번지,,북구,연암로 52-5 (산격동) / 1004-3번지,520.0,46-1,사유지,20.0,,,급수관
20161011-0317,2016-10-11 17:27:00,35.8946962,128.6053718,긴급공사,북구 산격로 46-1 (산격동) / 1410-48번지,,북구,산격로 46-1 (산격동) / 1410-48번지,520.0,49,공도,25.0,"3,352 ",,배수지관
201605819,2016-10-11 17:27:00,35.8946962,128.6053718,지하누수,북구 산격로 46-1 (산격동) / 1410-48번지,200*25 분기점 수선,북구,북구 산격로 46-1 (산격동) / 1410-48번지,520.0,490.0,공도,25.0,"3,352",,4.0
20161011-0318,2016-10-11 17:28:00,35.8958225,128.6104711,긴급공사,북구 산격로14길 48-2 (산격동) / 1306-24번지,,북구,산격로14길 48-2 (산격동) / 1306-24번지,520.0,49,사유지,20.0,752 ,,급수관
20161011-0319,2016-10-11 17:28:00,35.8959332,128.6097411,긴급공사,북구 산격로14길 42 (산격동) / 1306-20번지,,북구,산격로14길 42 (산격동) / 1306-20번지,520.0,49,공도,40.0,0 ,,배수지관
201606071,2016-10-11 17:28:00,35.8958225,128.6104711,지하누수,북구 산격로14길 48-2 (산격동) / 1306-24번지,20*15 분기점,북구,북구 산격로14길 48-2 (산격동) / 1306-24번지,520.0,490.0,사유지,20.0,752,,5.0
201606070,2016-10-11 17:28:00,35.8959332,128.6097411,지하누수,북구 산격로14길 42 (산격동) / 1306-20번지,D=40㎜ 연결부 수선,북구,북구 산격로14길 42 (산격동) / 1306-20번지,520.0,490.0,공도,40.0,0,,4.0
20161011-0321,2016-10-11 17:29:00,35.8894594,128.6016559,긴급공사,북구 연암로4길 3-8 (산격동) / 1441-70번지,,북구,연암로4길 3-8 (산격동) / 1441-70번지,520.0,47,공도,20.0,"1,915 ",,배수지관
201605823,2016-10-11 17:29:00,35.8894594,128.6016559,지하누수,북구 연암로4길 3-8 (산격동) / 1441-70번지,50*20 분기점 수선,북구,북구 연암로4길 3-8 (산격동) / 1441-70번지,520.0,470.0,공도,20.0,"1,915",,4.0
201606072,2016-10-11 17:33:00,35.8898477,128.6024933,지하누수,북구 연암로4길 23 (산격동) / 1395-12번지,40*15 분기점 수선,북구,북구 연암로4길 23 (산격동) / 1395-12번지,523.0,520.0,공도,15.0,"1,436",,4.0
201606076,2016-10-11 17:34:00,35.8906313,128.6041447,지하누수,북구 연암로4길 56 (산격동) / 1498-105번지,D=15㎜ 계량기보호통 교체,북구,북구 산격동 1498-105,520.0,470.0,사유지,15.0,410,,5.0
20161011-0323,2016-10-11 17:34:00,35.8906313,128.6041447,긴급공사,북구 연암로4길 56 (산격동) / 1498-105번지,,북구,산격동 1498-105,520.0,47,사유지,15.0,410 ,,급수관
201606077,2016-10-11 17:35:00,35.8908316,128.6034761,지하누수,북구 산격로1길 31-9 (산격동) / 1498-206번지,D=80×15㎜ 분기점 수선,북구,북구 산격동 1498-206,523.0,520.0,공도,15.0,"1,026",,5.0
201606080,2016-10-17 11:48:00,35.8968332,128.6027983,지상누수,북구 연암공원로14길 25-8 (산격동) / 1186-125번지,d=40×15㎜연결부수선,북구,북구 연암공원로14길 25-8 (산격동) / 1186-125번지,523.0,,,15.0,0,,4.0
20161018-0434,2016-10-18 17:07:00,35.8923613,128.5972507,긴급공사,북구 연암로12길 14-1 (산격동) / 1059-2번지,,북구,연암로12길 14-1 (산격동) / 1059-2번지,520.0,46-1,공도,15.0,0 ,,배수지관
201606085,2016-10-18 17:07:00,35.8923613,128.5972507,지상누수,북구 연암로12길 14-1 (산격동) / 1059-2번지,D=80㎜(구)분기점폐쇄,북구,북구 연암로12길 14-1 (산격동) / 1059-2번지,520.0,,,15.0,0,,4.0
20161019-0346,2016-10-19 15:25:00,35.8971208,128.5994089,긴급공사,북구 연암공원로13길 6-5 (산격동) / 1180-69번지,,북구,연암공원로13길 6-5 (산격동) / 1180-69번지,520.0,46-1,사유지,15.0,,,급수관
201606086,2016-10-19 15:25:00,35.8971208,128.5994089,지상누수,북구 연암공원로13길 6-5 (산격동) / 1180-69번지,통교체,북구,북구 연암공원로13길 6-5 (산격동) / 1180-69번지,520.0,,,15.0,,,5.0
201606118,2016-10-25 09:37:00,35.8925102,128.6007659,지상누수,"북구 연암로 40 (산격동,구 교육청 본관) / 1445-3번지",D=80㎜제수변밸브교체,북구,"북구 연암로 40 (산격동,구 교육청 본관) / 1445-3번지",520.0,,,20.0,1,,5.0
201606114,2016-10-27 16:52:00,35.8945281,128.6102834,지상누수,"북구 대학로23길 14-1 (산격동,미니수퍼자납) / 1308-21번지",앵글밸브수선,북구,"북구 대학로23길 14-1 (산격동,미니수퍼자납) / 1308-21번지",520.0,,,15.0,,,5.0
20161027-0389,2016-10-27 16:52:00,35.8945281,128.6102834,긴급공사,"북구 대학로23길 14-1 (산격동,미니수퍼자납) / 1308-21번지",,북구,"대학로23길 14-1 (산격동,미니수퍼자납) / 1308-21번지",520.0,49,사유지,15.0,,,급수관
201606495,2016-11-01 10:05:00,35.8959482,128.6121261,지상누수,"북구 대동로 52-7 (산격동,대호영재빌) / 1279-16번지",D=80㎜ 직관부 수선,북구,"북구 대동로 52-7 (산격동,대호영재빌) / 1279-16번지",520.0,,,80.0,4,,4.0
20161101-0082,2016-11-01 10:05:00,35.8959482,128.6121261,긴급공사,"북구 대동로 52-7 (산격동,대호영재빌) / 1279-16번지",,북구,"대동로 52-7 (산격동,대호영재빌) / 1279-16번지",520.0,49,공도,80.0,4 ,,배수지관
20161101-0437,2016-11-01 16:10:00,35.8925429,128.5976192,긴급공사,북구 연암로12길 12-24 (산격동) / 1093-1번지,,북구,연암로12길 12-24 (산격동) / 1093-1번지,520.0,46-1,사유지,15.0,,,급수관
201606344,2016-11-01 16:10:00,35.8925429,128.5976192,지상누수,북구 연암로12길 12-24 (산격동) / 1093-1번지,앵글밸브수선,북구,북구 연암로12길 12-24 (산격동) / 1093-1번지,520.0,,,15.0,,,5.0
201606496,2016-11-02 10:30:00,35.892493,128.6053595,지상누수,북구 산격로 22-1 (산격동) / 1418-1번지,d=40연결부수선,북구,북구 산격로 22-1 (산격동) / 1418-1번지,520.0,,,15.0,0,,5.0
20161102-0114,2016-11-02 10:30:00,35.892493,128.6053595,긴급공사,북구 산격로 22-1 (산격동) / 1418-1번지,,북구,산격로 22-1 (산격동) / 1418-1번지,520.0,49,공도,15.0,0 ,,급수관
20161102-0371,2016-11-02 14:51:00,35.8968703,128.6082485,긴급공사,북구 대동로8길 24-5 (산격동) / 1252-15번지,,북구,대동로8길 24-5 (산격동) / 1252-15번지,520.0,48,공도,15.0,1 ,,급수관
201606521,2016-11-02 14:51:00,35.8968703,128.6082485,지상누수,북구 대동로8길 24-5 (산격동) / 1252-15번지,15mm 연결부 수선,북구,북구 대동로8길 24-5 (산격동) / 1252-15번지,520.0,,,15.0,1,,5.0
201606504,2016-11-23 10:33:00,35.8925102,128.6007659,지상누수,"북구 연암로 40 (산격동,구 교육청 본관) / 1445-3번지",D=80(계량기전) 연결부수선,북구,"북구 연암로 40 (산격동,구 교육청 본관) / 1445-3번지",520.0,,,80.0,,,5.0
201607045,2016-12-02 09:13:00,35.891814,128.5974542,지상누수,"북구 연암로12길 10-4, 호 (산격동) / 1036-1번지",d=20㎜계량기보호통교체,북구,"북구 연암로12길 10-4, 호 (산격동) / 1036-1번지",520.0,,,20.0,0,,5.0
20161202-0031,2016-12-02 09:13:00,35.891814,128.5974542,긴급공사,"북구 연암로12길 10-4, 호 (산격동) / 1036-1번지",,북구,"연암로12길 10-4, 호 (산격동) / 1036-1번지",520.0,46-1,사유지,20.0,0 ,,급수관
201606898,2016-12-12 10:07:00,35.8984449,128.5990145,지상누수,"북구 연암공원로17길 20 (산격동,구암서원) /산 79-1번지",20mm 직관부 수선,북구,"북구 연암공원로17길 20 (산격동,구암서원) / 79-1번지",520.0,,,25.0,3,,5.0
20161212-0081,2016-12-12 10:07:00,35.8984449,128.5990145,긴급공사,"북구 연암공원로17길 20 (산격동,구암서원) /산 79-1번지",,북구,"연암공원로17길 20 (산격동,구암서원) / 79-1번지",520.0,24-3,공도,25.0,3 ,,급수관
20161213-0297,2016-12-13 19:03:00,35.8943127,128.5986161,긴급공사,북구 연암공원로10길 2-1 (산격동) / 1144-7번지,,북구,연암공원로10길 2-1 (산격동) / 1144-7번지,520.0,46-1,사유지,15.0,0 ,,급수관
201607072,2016-12-13 19:03:00,35.8943127,128.5986161,지상누수,북구 연암공원로10길 2-1 (산격동) / 1144-7번지,계량기보호통 교체,북구,북구 연암공원로10길 2-1 (산격동) / 1144-7번지,520.0,,,15.0,0,,5.0
20161214-0017,2016-12-14 09:25:00,35.8969196,128.6018601,긴급공사,북구 연암공원로14길 19-17 (산격동) / 1186-34번지,,북구,연암공원로14길 19-17 (산격동) / 1186-34번지,520.0,24-3,사유지,15.0,,,급수관
201607039,2016-12-14 09:25:00,35.8969196,128.6018601,지상누수,북구 연암공원로14길 19-17 (산격동) / 1186-34번지,앵글밸브 수선,북구,북구 연암공원로14길 19-17 (산격동) / 1186-34번지,520.0,,,15.0,,,5.0
201700215,2016-12-24 16:06:00,35.8954183,128.6116362,지상누수,북구 대학로25길 5-2 (산격동) / 1277-1번지,D=13㎜직관부수선,북구,북구 대학로25길 5-2 (산격동) / 1277-1번지,520.0,,,15.0,0,,5.0
20161224-0048,2016-12-24 16:06:00,35.8954183,128.6116362,긴급공사,북구 대학로25길 5-2 (산격동) / 1277-1번지,,북구,대학로25길 5-2 (산격동) / 1277-1번지,520.0,49,공도,15.0,0 ,,급수관
20170106-0084,2017-01-06 10:07:00,35.8971507,128.6089729,긴급공사,북구 대동로4길 17 (산격동) / 1253-28번지,,북구,대동로4길 17 (산격동) / 1253-28번지,520.0,48,사유지,15.0,0 ,,급수관
201700486,2017-01-06 10:07:00,35.8971507,128.6089729,지상누수,북구 대동로4길 17 (산격동) / 1253-28번지,D=15㎜계량기보호통교체,북구,북구 대동로4길 17 (산격동) / 1253-28번지,520.0,,,15.0,0,,5.0
20170109-0424,2017-01-09 18:00:00,35.9015936,128.6040458,긴급공사,북구 동북로 92 (산격동) / 517번지,,북구,산격동 517,520.0,24,공도,600.0,279 ,,송수관
201700294,2017-01-09 18:00:00,35.9015936,128.6040458,지하누수,북구 동북로 92 (산격동) / 517번지,DT. D=600x250mm 맹악처리,북구,북구 산격동 517,520.0,240.0,공도,600.0,279,,2.0
201700494,2017-01-17 15:01:00,35.8944795,128.6061304,지상누수,북구 대학로9길 40-3 (산격동) / 1409-22번지,D=15㎜앵글벨브수선,북구,북구 대학로9길 40-3 (산격동) / 1409-22번지,520.0,,,15.0,0,,5.0
20170117-0251,2017-01-17 15:01:00,35.8945242,128.6061392,긴급공사,북구 대학로9길 40-3 (산격동) / 1409-22번지,,북구,대학로9길 40-3 (산격동) / 1409-22번지,520.0,49,사유지,15.0,0 ,,급수관
20170117-0372,2017-01-17 17:22:00,35.8957186,128.6026908,긴급공사,북구 산격로11길 23 (산격동) / 1437-164번지,,북구,산격로11길 23 (산격동) / 1437-164번지,520.0,24-3,사유지,15.0,,,급수관
201700495,2017-01-17 17:22:00,35.8957186,128.6026908,지상누수,북구 산격로11길 23 (산격동) / 1437-164번지,D=15㎜연결부수선,북구,북구 산격로11길 23 (산격동) / 1437-164번지,520.0,,,15.0,,,5.0
20170124-0010,2017-01-24 08:55:00,35.8947804,128.6002504,긴급공사,북구 산격로서9길 23-7 (산격동) / 1117-26번지,,북구,산격동 1117-26,520.0,46-1,,,,,
20170128-0002,2017-01-28 07:36:00,35.8952327,128.6046783,긴급공사,북구 연암공원로14길 55 (산격동) / 1422-17번지,,북구,연암공원로14길 55 (산격동) / 1422-17번지,520.0,47,공도,100.0,5 ,,배수지관
201700739,2017-01-28 07:36:00,35.8952327,128.6046783,지상누수,북구 연암공원로14길 55 (산격동) / 1422-17번지,PFP D=100㎜소켓연결부수선,북구,북구 연암공원로14길 55 (산격동) / 1422-17번지,520.0,,,100.0,5,,4.0
20170131-0413,2017-01-31 14:52:00,35.8961776,128.6111316,긴급공사,북구 대동로10길 6 (산격동) / 1305번지,,북구,대동로10길 6 (산격동) / 1305번지,520.0,49,공도,15.0,1 ,,배수지관
201700675,2017-01-31 14:52:00,35.8961776,128.6111316,지상누수,북구 대동로10길 6 (산격동) / 1305번지,d=80×15분기점수선,북구,북구 대동로10길 6 (산격동) / 1305번지,520.0,,,15.0,1,,4.0
20170207-0337,2017-02-07 15:00:00,35.8954967,128.6048364,긴급공사,북구 산격로 53-6 (산격동) / 1422-11번지,,북구,산격로 53-6 (산격동) / 1422-11번지,520.0,47,공도,15.0,100 ,,배수지관
201701181,2017-02-07 15:00:00,35.8954967,128.6048364,지하누수,북구 산격로 53-6 (산격동) / 1422-11번지,d=40×15분기점 수선,북구,북구 산격로 53-6 (산격동) / 1422-11번지,520.0,470.0,공도,15.0,100,,4.0
20170218-0020,2017-02-18 13:41:00,35.8970081,128.6100978,긴급공사,북구 대동로 32 (산격동) / 1266-2번지,,북구,대동로 32 (산격동) / 1266-2번지,520.0,49,공도,20.0,1 ,,급수관
201701094,2017-02-18 13:41:00,35.8970081,128.6100978,지상누수,북구 대동로 32 (산격동) / 1266-2번지,PFP d=40×20연결부수선,북구,북구 대동로 32 (산격동) / 1266-2번지,520.0,,,20.0,1,,5.0
20170309-0122,2017-03-09 11:10:00,35.8956022,128.6009715,긴급공사,북구 산격로서9길 16-12 (산격동) / 1434-10번지,,북구,산격로서9길 16-12 (산격동) / 1434-10번지,520.0,46-1,공도,50.0,3 ,,배수지관
201701674,2017-03-09 11:10:00,35.8956022,128.6009715,지상누수,북구 산격로서9길 16-12 (산격동) / 1434-10번지,eps D=50×15㎜분기점 수선,북구,북구 산격로서9길 16-12 (산격동) / 1434-10번지,520.0,,,50.0,3,,4.0
201701508,2017-03-23 09:34:00,35.8984303,128.6057365,지상누수,북구 연암공원로32길 50-4 (산격동) / 1222-30번지,D=25*15분기점 수선,북구,북구 연암공원로32길 50-4 (산격동) / 1222-30번지,520.0,,,15.0,0,,4.0
20170323-0037,2017-03-23 09:34:00,35.8984303,128.6057365,긴급공사,북구 연암공원로32길 50-4 (산격동) / 1222-30번지,,북구,연암공원로32길 50-4 (산격동) / 1222-30번지,520.0,24-3,공도,15.0,0 ,,배수지관
20170410-0160,2017-04-10 10:16:00,35.8982773,128.6052341,긴급공사,북구 산격로17길 9-1 (산격동) / 1222-44번지,,북구,산격로17길 9-1 (산격동) / 1222-44번지,520.0,24-3,사유지,15.0,,,급수관
201702124,2017-04-10 10:16:00,35.8982773,128.6052341,지상누수,북구 산격로17길 9-1 (산격동) / 1222-44번지,"13mm보호통교체
",북구,북구 산격로17길 9-1 (산격동) / 1222-44번지,520.0,,,15.0,,,5.0
201701907,2017-04-24 06:17:00,35.8961547,128.5988809,지상누수,북구 연암공원로11길 3-16 (산격동) / 1166-6번지,d=80㎜직관부수선(2개소) 및 분기점수선,북구,북구 연암공원로11길 3-16 (산격동) / 1166-6번지,520.0,,,15.0,1,,4.0
20170424-0001,2017-04-24 06:17:00,35.8961547,128.5988809,긴급공사,북구 연암공원로11길 3-16 (산격동) / 1166-6번지,,북구,연암공원로11길 3-16 (산격동) / 1166-6번지,520.0,46-1,공도,15.0,1 ,,배수지관
20170428-0438,2017-04-28 17:48:00,35.8946636,128.6006998,긴급공사,북구 연암공원로10길 15-12 (산격동) / 1435-33번지,,북구,연암공원로10길 15-12 (산격동) / 1435-33번지,520.0,46-1,사유지,15.0,,,급수관
201701914,2017-04-28 17:48:00,35.8946636,128.6006998,지상누수,북구 연암공원로10길 15-12 (산격동) / 1435-33번지,앵글밸브교체,북구,북구 연암공원로10길 15-12 (산격동) / 1435-33번지,520.0,,,15.0,,,5.0
20170522-0030,2017-05-22 09:14:00,35.8910342,128.604078,긴급공사,북구 산격로1길 19 (산격동) / 1498-186번지,,북구,산격동 1498-186,520.0,47,사유지,15.0,755 ,,급수관
201702843,2017-05-22 09:14:00,35.8910342,128.604078,지하누수,북구 산격로1길 19 (산격동) / 1498-186번지,d=15㎜계량기보호통교체,북구,북구 산격동 1498-186,520.0,470.0,사유지,15.0,755,,5.0
20170531-0063,2017-05-31 09:39:00,35.8939779,128.6008284,긴급공사,북구 산격동 1445-9 관사,,북구,산격동 1445-9 관사,520.0,46-1,공도,25.0,876 ,,배수지관
201702407,2017-05-31 09:39:00,35.8939779,128.6008284,지하누수,북구 산격동 1445-9 관사,d=25직관부폐쇄,북구,북구 산격동 1445-9 관사,520.0,461.0,공도,25.0,876,,4.0
201703180,2017-06-02 16:42:00,35.8941488,128.5977106,지상누수,북구 연암공원로 31-17 (산격동) / 878-2번지,"D=13㎜직관부폐쇄
",북구,북구 연암공원로 31-17 (산격동) / 878-2번지,520.0,,,15.0,,,5.0
20170602-0373,2017-06-02 16:42:00,35.8941488,128.5977106,긴급공사,북구 연암공원로 31-17 (산격동) / 878-2번지,,북구,연암공원로 31-17 (산격동) / 878-2번지,520.0,46-1,사유지,15.0,,,급수관
201703298,2017-06-07 10:07:00,35.8944816,128.6011167,지하누수,북구 연암공원로10길 23 (산격동) / 1436-20번지,구분기점 폐쇄,북구,북구 산격동 1436-20,520.0,461.0,공도,25.0,"8,166",,4.0
20170607-0083,2017-06-07 10:07:00,35.8944816,128.6011167,긴급공사,북구 연암공원로10길 23 (산격동) / 1436-20번지,,북구,산격동 1436-20,520.0,46-1,공도,25.0,"8,166 ",,배수지관
201703260,2017-06-07 15:16:00,35.8945891,128.599929,지상누수,북구 연암공원로10길 13-3 (산격동) / 1117-22번지,15mm보호통교체,북구,북구 연암공원로10길 13-3 (산격동) / 1117-22번지,520.0,,,15.0,0,,5.0
20170607-0376,2017-06-07 15:16:00,35.8945891,128.599929,긴급공사,북구 연암공원로10길 13-3 (산격동) / 1117-22번지,,북구,연암공원로10길 13-3 (산격동) / 1117-22번지,520.0,46-1,사유지,15.0,0 ,,급수관
20170615-0071,2017-06-15 10:23:00,35.8973333,128.5990967,긴급공사,북구 연암공원로11길 13-1 (산격동) / 1180-77번지,,북구,연암공원로11길 13-1 (산격동) / 1180-77번지,520.0,46-1,공도,15.0,0 ,,급수관
201703266,2017-06-15 10:23:00,35.8973333,128.5990967,지상누수,북구 연암공원로11길 13-1 (산격동) / 1180-77번지,d15직관부수선,북구,북구 연암공원로11길 13-1 (산격동) / 1180-77번지,520.0,,,15.0,0,,5.0
20170622-0046,2017-06-22 09:39:00,35.8977913,128.6005239,긴급공사,북구 연암공원로 81-14 (산격동) / 1183-38번지,,북구,연암공원로 81-14 (산격동) / 1183-38번지,520.0,46-1,공도,40.0,0 ,,배수지관
201703414,2017-06-22 09:39:00,35.8977913,128.6005239,지상누수,북구 연암공원로 81-14 (산격동) / 1183-38번지,EPS 40×15 분기점,북구,북구 연암공원로 81-14 (산격동) / 1183-38번지,520.0,,,40.0,0,,4.0
20170622-0178,2017-06-22 12:03:00,35.89779,128.6006515,긴급공사,북구 연암공원로 81-10 (산격동) / 1183-39번지,,북구,연암공원로 81-10 (산격동) / 1183-39번지,520.0,46-1,공도,15.0,0 ,,배수지관
201703307,2017-06-22 12:03:00,35.89779,128.6006515,지상누수,북구 연암공원로 81-10 (산격동) / 1183-39번지,EPS 40×15 분기점,북구,북구 연암공원로 81-10 (산격동) / 1183-39번지,520.0,,,15.0,0,,4.0
201703351,2017-06-23 12:21:00,35.8976775,128.6007088,지상누수,북구 연암공원로 81-8 (산격동) / 1183-29번지,EPS40×15분기점수선,북구,북구 연암공원로 81-8 (산격동) / 1183-29번지,520.0,,,15.0,0,,4.0
20170623-0190,2017-06-23 12:21:00,35.8976775,128.6007088,긴급공사,북구 연암공원로 81-8 (산격동) / 1183-29번지,,북구,연암공원로 81-8 (산격동) / 1183-29번지,520.0,46-1,공도,15.0,0 ,,배수지관
20170628-0041,2017-06-28 09:23:00,35.8934871,128.5985558,긴급공사,북구 연암공원로8길 15-2 (산격동) / 1106-2번지,,북구,산격동 1106-2,520.0,46-1,,,,,
201703412,2017-06-29 12:51:00,35.8935842,128.5987172,지하누수,북구 연암공원로8길 12-1 (산격동) / 1106-10번지,PFP40×20분기점폐쇄,북구,북구 산격동 1106-10,520.0,461.0,공도,40.0,"37,619",,4.0
20170629-0207,2017-06-29 12:51:00,35.8935842,128.5987172,긴급공사,북구 연암공원로8길 12-1 (산격동) / 1106-10번지,,북구,산격동 1106-10,520.0,46-1,공도,40.0,"37,619 ",,배수지관
201703539,2017-07-03 12:45:00,35.8979954,128.6018406,지상누수,북구 연암공원로20길 6 (산격동) / 1185-83번지,PFP50×15분기점,북구,북구 연암공원로20길 6 (산격동) / 1185-83번지,520.0,,,15.0,0,,5.0
20170703-0318,2017-07-03 12:45:00,35.8979954,128.6018406,긴급공사,북구 연암공원로20길 6 (산격동) / 1185-83번지,,북구,연암공원로20길 6 (산격동) / 1185-83번지,520.0,24-3,공도,15.0,0 ,,급수관
201703532,2017-07-11 16:57:00,35.8941542,128.5979098,지하누수,북구 연암공원로 37-7 (산격동) / 1133-2번지,15㎜보호통교체 및 15㎜직관부수선,북구,북구 연암공원로 37-7 (산격동) / 1133-2번지,520.0,461.0,사유지,15.0,"1,705",,5.0
20170711-0222,2017-07-11 16:57:00,35.8941542,128.5979098,긴급공사,북구 연암공원로 37-7 (산격동) / 1133-2번지,,북구,연암공원로 37-7 (산격동) / 1133-2번지,520.0,46-1,사유지,15.0,"1,705 ",,급수관
201703641,2017-07-24 10:25:00,35.8972359,128.5996551,지상누수,북구 연암공원로13길 6-10 (산격동) / 1180-62번지,EPS 50×15분기점 수선,북구,북구 연암공원로13길 6-10 (산격동) / 1180-62번지,520.0,,,15.0,0,,5.0
20170724-0121,2017-07-24 10:25:00,35.8972359,128.5996551,긴급공사,북구 연암공원로13길 6-10 (산격동) / 1180-62번지,,북구,연암공원로13길 6-10 (산격동) / 1180-62번지,520.0,46-1,공도,15.0,0 ,,급수관
201704419,2017-08-01 08:53:00,35.8944544,128.6081149,지하누수,북구 대학로15길 27 (산격동) / 1326-2번지,DTC80×15분기점수선,북구,북구 대학로15길 27 (산격동) / 1326-2번지,520.0,490.0,공도,15.0,"1,891",,5.0
20170801-0009,2017-08-01 08:53:00,35.8944544,128.6081149,긴급공사,북구 대학로15길 27 (산격동) / 1326-2번지,,북구,대학로15길 27 (산격동) / 1326-2번지,520.0,49,공도,15.0,"1,891 ",,급수관
20170830-0360,2017-08-30 14:28:00,35.8954183,128.6116362,긴급공사,북구 대학로25길 5-2 (산격동) / 1277-1번지,,북구,대학로25길 5-2 (산격동) / 1277-1번지,520.0,49,사유지,15.0,,,급수관
201704540,2017-08-30 14:28:00,35.8954183,128.6116362,지상누수,북구 대학로25길 5-2 (산격동) / 1277-1번지,15mm파킹교체,북구,북구 대학로25길 5-2 (산격동) / 1277-1번지,520.0,,,15.0,,,5.0
20170901-0346,2017-09-01 14:20:00,35.8961547,128.5988809,긴급공사,북구 연암공원로11길 3-16 (산격동) / 1166-6번지,,북구,연암공원로11길 3-16 (산격동) / 1166-6번지,520.0,46-1,공도,80.0,129 ,,배수지관
201704888,2017-09-01 14:20:00,35.8961547,128.5988809,지상누수,북구 연암공원로11길 3-16 (산격동) / 1166-6번지,CI80직관부수선,북구,북구 연암공원로11길 3-16 (산격동) / 1166-6번지,520.0,,,80.0,129,,4.0
20170908-0258,2017-09-08 16:12:00,35.8976764,128.6042341,긴급공사,북구 연암공원로20길 30-23 (산격동) / 1197-84번지,,북구,연암공원로20길 30-23 (산격동) / 1197-84번지,520.0,24-3,사유지,15.0,0 ,,급수관
201704671,2017-09-08 16:12:00,35.8976764,128.6042341,지상누수,북구 연암공원로20길 30-23 (산격동) / 1197-84번지,13㎜연결관후쿠너트교체,북구,북구 연암공원로20길 30-23 (산격동) / 1197-84번지,520.0,,,15.0,0,,5.0
,2017-09-19 09:00:00,35.8961547,128.5988809,긴급공사,북구 연암공원로11길 3-16 노후배수관교체공사,,북구,연암공원로11길 3-16 (산격동) / 1166-6번지,520.0,46-1,,,,,배수지관
20170922-0170,2017-09-22 11:24:00,35.8946727,128.6005333,긴급공사,북구 연암공원로10길 15-6 (산격동) / 1435-34번지,,북구,연암공원로10길 15-6 (산격동) / 1435-34번지,520.0,46-1,사유지,15.0,,,급수관
201704907,2017-09-22 11:24:00,35.8946727,128.6005333,지상누수,북구 연암공원로10길 15-6 (산격동) / 1435-34번지,통후반 연결부 수선,북구,북구 연암공원로10길 15-6 (산격동) / 1435-34번지,520.0,,,15.0,,,5.0
20170926-0188,2017-09-26 12:00:00,35.8949448,128.6021882,긴급공사,"북구 산격로서9길 3-4, (정수처분_2014.4.9) (산격동) / 1437-170번지",,북구,"산격로서9길 3-4, (정수처분_2014.4.9) (산격동) / 1437-170번지",520.0,24-3,사유지,20.0,,,급수관
201704914,2017-09-26 12:00:00,35.8949448,128.6021882,지상누수,"북구 산격로서9길 3-4, (정수처분_2014.4.9) (산격동) / 1437-170번지",앵글밸브수선,북구,"북구 산격로서9길 3-4, (정수처분_2014.4.9) (산격동) / 1437-170번지",520.0,,,20.0,,,5.0
201705344,2017-10-05 16:21:00,35.8932312,128.5987044,지상누수,북구 연암공원로8길 15-9 (산격동) / 1107-1번지,15㎜보호통교체,북구,북구 연암공원로8길 15-9 (산격동) / 1107-1번지,520.0,,,15.0,0,,5.0
20171005-0017,2017-10-05 16:21:00,35.8932312,128.5987044,긴급공사,북구 연암공원로8길 15-9 (산격동) / 1107-1번지,,북구,연암공원로8길 15-9 (산격동) / 1107-1번지,520.0,46-1,사유지,15.0,0 ,,급수관
20171009-0052,2017-10-09 18:03:00,35.89646,128.6070414,긴급공사,북구 대학로13길 51-36 (산격동) / 1247-4번지,,북구,대학로13길 51-36 (산격동) / 1247-4번지,520.0,48,사유지,15.0,,,급수관
201705345,2017-10-09 18:03:00,35.89646,128.6070414,지상누수,북구 대학로13길 51-36 (산격동) / 1247-4번지,15㎜앵글밸브수선,북구,북구 대학로13길 51-36 (산격동) / 1247-4번지,520.0,,,15.0,,,5.0
20171010-0613,2017-10-10 16:54:00,35.8951417,128.602664,긴급공사,"북구 산격로북9길 1, 채소 과일 (산격동) / 1437-98번지",,북구,"산격로북9길 1 (산격동,떡집) / 1437-98번지",520.0,24-3,공도,80.0,"8,043 ",,배수지관
201705375,2017-10-10 16:54:00,35.8951417,128.602664,지하누수,"북구 산격로북9길 1, 채소 과일 (산격동) / 1437-98번지","D=100×80㎜(구)분기점수선, 관로확인굴착(N=1개소)",북구,"북구 산격로북9길 1 (산격동,떡집) / 1437-98번지",520.0,243.0,공도,80.0,"8,043",,4.0
20171013-0357,2017-10-13 17:24:00,35.892469,128.6075684,긴급공사,"북구 산격로6길 22-1 (산격동,나들가게) / 1414번지",,북구,산격로6길 22-1 (산격동) / 1414번지,520.0,49,공도,100.0,"9,230 ",,배수지관
201705390,2017-10-13 17:24:00,35.892469,128.6075684,지하누수,"북구 산격로6길 22-1 (산격동,나들가게) / 1414번지",D=100㎜ 접합부 수선,북구,북구 산격로6길 22-1 (산격동) / 1414번지,520.0,490.0,공도,100.0,"9,230",,4.0
20171016-0366,2017-10-16 18:02:00,35.8921316,128.6063854,긴급공사,"북구 대학로9길 14-9 (산격동,엘리트A) / 1414-69번지",,북구,대학로9길 14-9 (산격동) / 1414-69번지,520.0,49,공도,15.0,"1,810 ",,급수관
201705389,2017-10-16 18:02:00,35.8921316,128.6063854,지하누수,"북구 대학로9길 14-9 (산격동,엘리트A) / 1414-69번지",D=50×15㎜ 구분기점 수선,북구,북구 대학로9길 14-9 (산격동) / 1414-69번지,520.0,490.0,공도,15.0,"1,810",,5.0
201705388,2017-10-16 18:04:00,35.8924244,128.6071713,지하누수,"북구 산격로6길 18 (산격동,경대식당) / 1414-1번지",D=40×20㎜ 분기점 수선,북구,북구 산격로6길 18 (산격동) / 1414-1번지,520.0,490.0,공도,20.0,"3,132",,5.0
20171016-0367,2017-10-16 18:04:00,35.8924244,128.6071713,긴급공사,"북구 산격로6길 18 (산격동,경대식당) / 1414-1번지",,북구,산격로6길 18 (산격동) / 1414-1번지,520.0,49,공도,20.0,"3,132 ",,급수관
,2017-10-17 10:00:00,35.8946727,128.6005333,긴급공사,북구 연암공원로10길 15-6 (산격동) / 1435-34번지,,북구,연암공원로10길 15-6 (산격동) / 1435-34번지,520.0,46-1,,,,,배수지관
201705472,2017-10-24 10:56:00,35.8953074,128.6074242,지상누수,북구 대학로25길 43-1 (산격동) / 1407-70번지,15㎜보호통교체,북구,북구 대학로25길 43-1 (산격동) / 1407-70번지,520.0,,,15.0,,,5.0
20171024-0139,2017-10-24 10:56:00,35.8953074,128.6074242,긴급공사,북구 대학로25길 43-1 (산격동) / 1407-70번지,,북구,대학로25길 43-1 (산격동) / 1407-70번지,520.0,48,사유지,15.0,,,급수관
201705474,2017-10-24 12:24:00,35.8924757,128.6060081,지상누수,"북구 산격로6길 8 (산격동,시장떡) / 1414-8번지",15㎜보호통교체,북구,"북구 산격로6길 8 (산격동,시장떡) / 1414-8번지",520.0,,,15.0,,,5.0
20171024-0218,2017-10-24 12:24:00,35.8924757,128.6060081,긴급공사,"북구 산격로6길 8 (산격동,시장떡) / 1414-8번지",,북구,"산격로6길 8 (산격동,시장떡) / 1414-8번지",520.0,49,사유지,15.0,,,급수관
201705405,2017-10-25 15:04:00,35.8963696,128.6051019,지상누수,"북구 산격로 65 (산격동,물레떡방앗간) / 1228-13번지",D=15㎜앵글밸브교체,북구,"북구 산격로 65 (산격동,물레떡방앗간) / 1228-13번지",520.0,,,15.0,,,5.0
20171025-0419,2017-10-25 15:04:00,35.8963696,128.6051019,긴급공사,"북구 산격로 65 (산격동,물레떡방앗간) / 1228-13번지",,북구,"산격로 65 (산격동,물레떡방앗간) / 1228-13번지",520.0,47,사유지,15.0,,,급수관
20171025-0504,2017-10-25 16:23:00,35.8906021,128.60294,긴급공사,북구 연암로4길 41-13 (산격동) / 1401-12번지,,북구,연암로4길 41-13 (산격동) / 1401-12번지,520.0,47,사유지,15.0,,,급수관
201705407,2017-10-25 16:23:00,35.8906021,128.60294,지상누수,북구 연암로4길 41-13 (산격동) / 1401-12번지,D=15㎜계량기접합부수선,북구,북구 연암로4길 41-13 (산격동) / 1401-12번지,520.0,,,15.0,,,5.0
201705408,2017-10-27 08:59:00,35.8975656,128.6026257,지상누수,북구 연암공원로 90-23 (산격동) / 1185-78번지,D=80×15㎜분기점수선,북구,북구 연암공원로 90-23 (산격동) / 1185-78번지,520.0,,,15.0,0,,5.0
20171027-0013,2017-10-27 08:59:00,35.8975656,128.6026257,긴급공사,북구 연암공원로 90-23 (산격동) / 1185-78번지,,북구,연암공원로 90-23 (산격동) / 1185-78번지,520.0,24-3,공도,15.0,0 ,,급수관
20171027-0037,2017-10-27 09:22:00,35.8952121,128.6038735,긴급공사,북구 산격로9길 14-6 (산격동) / 1424-23번지,,북구,산격로9길 14-6 (산격동) / 1424-23번지,520.0,47,,,,,급수관
20171102-0125,2017-11-02 10:47:00,35.8974838,128.601452,긴급공사,북구 산격로13길 35 (산격동) / 1185-5번지,,북구,산격로13길 35 (산격동) / 1185-5번지,520.0,24-3,공도,15.0,0 ,,급수관
201800021,2017-11-02 10:47:00,35.8974838,128.601452,지상누수,북구 산격로13길 35 (산격동) / 1185-5번지,DTC 80×15(구)분기점수선,북구,북구 산격로13길 35 (산격동) / 1185-5번지,520.0,,,15.0,0,,5.0
20171102-0153,2017-11-02 11:12:00,35.894912,128.5983583,긴급공사,북구 연암공원로7길 2-11 (산격동) / 1139-4번지,,북구,산격동 1139-4,520.0,46-1,공도,80.0,"43,330 ",,배수지관
201706445,2017-11-02 11:12:00,35.894912,128.5983583,지하누수,북구 연암공원로7길 2-11 (산격동) / 1139-4번지,D=80㎜제수변접합부수선,북구,북구 산격동 1139-4,520.0,461.0,공도,80.0,"43,330",,4.0
20171103-0025,2017-11-03 09:19:00,35.8969686,128.6024191,긴급공사,북구 산격로13길 25-2 (산격동) / 1185-65번지,,북구,산격동 1185-65,520.0,24-3,공도,25.0,"14,883 ",,급수관
20171103-0026,2017-11-03 09:19:00,35.8969238,128.6017684,긴급공사,"북구 연암공원로14길 19-15 (산격동,2015.12.28.급수중지 연장) / 1186-74번지",,북구,산격동 1186-74 2015.12.28.급수중지 연장 ,520.0,24-3,공도,15.0,"2,874 ",,급수관
201706356,2017-11-03 09:19:00,35.8969238,128.6017684,지하누수,"북구 연암공원로14길 19-15 (산격동,2015.12.28.급수중지 연장) / 1186-74번지",EPS 40×15 분기점폐쇄,북구,북구 산격동 1186-74 2015.12.28.급수중지 연장 ,520.0,243.0,공도,15.0,"2,874",,5.0
201706388,2017-11-03 09:19:00,35.8969686,128.6024191,지하누수,북구 산격로13길 25-2 (산격동) / 1185-65번지,PFP 80×25분기점수선,북구,북구 산격동 1185-65,520.0,243.0,공도,25.0,"14,883",,5.0
201706447,2017-11-07 10:12:00,35.896078,128.6025306,지하누수,북구 연암공원로14길 22-9 (산격동) / 1195-70번지,DTC 80×15(구)분기점수선 및 보호통교체,북구,북구 산격동 1195-70,520.0,243.0,사유지,15.0,"5,449",,5.0
20171107-0086,2017-11-07 10:12:00,35.896078,128.6025306,긴급공사,북구 연암공원로14길 22-9 (산격동) / 1195-70번지,,북구,산격동 1195-70,520.0,24-3,사유지,15.0,"5,449 ",,급수관
20171107-0087,2017-11-07 10:14:00,35.8977546,128.6028124,긴급공사,"북구 연암공원로20길 14, C동 (산격동,낙원빌라) / 1185번지",,북구,"연암공원로20길 14, C동 (산격동,낙원빌라) / 1185-112번지",520.0,24-3,공도,25.0,"4,777 ",,급수관
201706359,2017-11-07 10:14:00,35.8977546,128.6028124,지하누수,"북구 연암공원로20길 14, C동 (산격동,낙원빌라) / 1185번지",PFP 50×25 분기점수선,북구,"북구 연암공원로20길 14, C동 (산격동,낙원빌라) / 1185-112번지",520.0,243.0,공도,25.0,"4,777",,5.0
201800101,2017-11-15 15:49:00,35.8960685,128.6103505,지상누수,"북구 산격로14길 45 (산격동,위너스빌(501호)) / 1305-17번지",DTC 80㎜직관부수선(클램프) ,북구,"북구 산격로14길 45 (산격동,위너스빌(501호)) / 1305-17번지",520.0,,,80.0,26,,4.0
20171115-0270,2017-11-15 15:49:00,35.8960685,128.6103505,긴급공사,"북구 산격로14길 45 (산격동,위너스빌(501호)) / 1305-17번지",,북구,"산격로14길 45 (산격동,위너스빌(501호)) / 1305-17번지",520.0,49,공도,80.0,26 ,,배수지관
20171116-0307,2017-11-16 15:33:00,35.8968874,128.6031159,긴급공사,북구 산격로13길 21-5 (산격동) / 1195-94번지,,북구,산격로13길 21-5 (산격동) / 1195-94번지,520.0,24-3,공도,15.0,2 ,,급수관
201800044,2017-11-16 15:33:00,35.8968874,128.6031159,지상누수,북구 산격로13길 21-5 (산격동) / 1195-94번지,PFP 80×15분기점수선,북구,북구 산격로13길 21-5 (산격동) / 1195-94번지,520.0,,,15.0,2,,5.0
20171117-0349,2017-11-17 16:21:00,35.89152,128.6055689,긴급공사,북구 산격로 12-2 (산격동) / 1418-7번지,,북구,산격동 1418-7,520.0,49,공도,15.0,"1,618 ",,급수관
201800032,2017-11-17 16:21:00,35.89152,128.6055689,지하누수,북구 산격로 12-2 (산격동) / 1418-7번지,PFP 40×15분기점수선,북구,북구 산격동 1418-7,520.0,490.0,공도,15.0,"1,618",,5.0
201800034,2017-11-20 10:10:00,35.8960789,128.5986907,지상누수,북구 연암공원로 55-28 (산격동) / 1169-5번지,D=15㎜계량기접합부수선,북구,북구 연암공원로 55-28 (산격동) / 1169-5번지,520.0,,,15.0,0,,5.0
20171120-0128,2017-11-20 10:10:00,35.8960789,128.5986907,긴급공사,북구 연암공원로 55-28 (산격동) / 1169-5번지,,북구,연암공원로 55-28 (산격동) / 1169-5번지,520.0,46-1,사유지,15.0,0 ,,급수관
201706378,2017-11-20 16:10:00,35.8972376,128.5994722,지하누수,"북구 연암공원로13길 6-9 (산격동,(주)유정인터내셔널) / 1180-93번지",EPS 50×15분기점수선,북구,북구 산격동 1180-93 (주)유정인터내셔널 ,502.0,461.0,공도,15.0,"2,022",,5.0
201800038,2017-11-21 14:08:00,35.8907982,128.6036585,지상누수,북구 연암로4길 53-3 (산격동) / 1498-209번지,D=15㎜계량기접합부수선,북구,북구 연암로4길 53-3 (산격동) / 1498-209번지,520.0,,,15.0,,,5.0
20171121-0302,2017-11-21 14:08:00,35.8907982,128.6036585,긴급공사,북구 연암로4길 53-3 (산격동) / 1498-209번지,,북구,연암로4길 53-3 (산격동) / 1498-209번지,520.0,47,사유지,15.0,,,급수관
201800051,2017-11-23 16:27:00,35.8901195,128.603841,지상누수,북구 연암로2길 47 (산격동) / 1498-72번지,D=15㎜보호통교체,북구,북구 연암로2길 47 (산격동) / 1498-72번지,520.0,,,15.0,,,5.0
20171123-0400,2017-11-23 16:27:00,35.8901195,128.603841,긴급공사,북구 연암로2길 47 (산격동) / 1498-72번지,,북구,연암로2길 47 (산격동) / 1498-72번지,520.0,47,사유지,15.0,,,급수관
20171127-0520,2017-11-27 15:56:00,35.8968068,128.6061739,긴급공사,북구 대학로9길 68-2 (산격동) / 1245-1번지,,북구,대학로9길 68-2 (산격동) / 1245-1번지,520.0,48,사유지,15.0,,,급수관
201800061,2017-11-27 15:56:00,35.8968068,128.6061739,지상누수,북구 대학로9길 68-2 (산격동) / 1245-1번지,D=15㎜앵글밸브수선,북구,북구 대학로9길 68-2 (산격동) / 1245-1번지,520.0,,,15.0,,,5.0
201800084,2017-11-28 15:43:00,35.894752,128.6016487,지상누수,북구 연암공원로10길 31-10 (산격동) / 1437-145번지,15㎜보호통교체 및 직관부수선,북구,북구 연암공원로10길 31-10 (산격동) / 1437-145번지,520.0,,,15.0,,,5.0
20171128-0381,2017-11-28 15:43:00,35.894752,128.6016487,긴급공사,북구 연암공원로10길 31-10 (산격동) / 1437-145번지,,북구,연암공원로10길 31-10 (산격동) / 1437-145번지,520.0,24-3,사유지,15.0,,,급수관
201800490,2017-12-03 09:36:00,35.8959191,128.5996653,지상누수,북구 연암공원로12길 3 (산격동) / 1159-7번지,D=15㎜앵글밸브교체,북구,북구 연암공원로12길 3 (산격동) / 1159-7번지,520.0,,,15.0,,,5.0
20171203-0004,2017-12-03 09:36:00,35.8959191,128.5996653,긴급공사,북구 연암공원로12길 3 (산격동) / 1159-7번지,,북구,연암공원로12길 3 (산격동) / 1159-7번지,520.0,46-1,사유지,15.0,,,급수관
201800470,2017-12-07 16:52:00,35.8893451,128.6020508,지하누수,북구 연암로4길 8 (산격동) / 1389-18번지,(구)관폐쇄,북구,북구 연암로4길 8 (산격동) / 1389-18번지,520.0,470.0,공도,15.0,655,,4.0
20171207-0535,2017-12-07 16:52:00,35.8893451,128.6020508,긴급공사,북구 연암로4길 8 (산격동) / 1389-18번지,,북구,연암로4길 8 (산격동) / 1389-18번지,520.0,47,공도,15.0,655 ,,배수지관
201800495,2017-12-13 14:46:00,35.894179,128.6107778,지상누수,북구 대학로 103-2 (산격동) / 1324-1번지,100×25분기점수선,북구,북구 대학로 103-2 (산격동) / 1324-1번지,520.0,,,25.0,5,,4.0
20171214-0325,2017-12-14 19:10:00,35.8946882,128.6050909,긴급공사,"북구 산격로 45 (산격동,체육관주유소) / 1425-39번지",,북구,산격동 1425-39 체육관주유소,520.0,47,,,,,
201800407,2017-12-15 21:08:00,35.8962366,128.6020759,지상누수,북구 산격로북9길 9-16 (산격동) / 1195-6번지,앵글밸브수선,북구,북구 산격로북9길 9-16 (산격동) / 1195-6번지,520.0,,,15.0,,,5.0
20171215-0320,2017-12-15 21:08:00,35.8962366,128.6020759,긴급공사,북구 산격로북9길 9-16 (산격동) / 1195-6번지,,북구,산격로북9길 9-16 (산격동) / 1195-6번지,520.0,24-3,사유지,15.0,,,급수관
20171220-0002,2017-12-20 07:25:00,35.8963635,128.6005926,긴급공사,북구 연암공원로 66-13 (산격동) / 1161-46번지,,북구,연암공원로 66-13 (산격동) / 1161-46번지,520.0,46-1,공도,15.0,1 ,,급수관
201800449,2017-12-20 07:25:00,35.8963635,128.6005926,지상누수,북구 연암공원로 66-13 (산격동) / 1161-46번지,PFP 80×25분기점수선 및 PFP 80×15분기점수선,북구,북구 연암공원로 66-13 (산격동) / 1161-46번지,520.0,,,15.0,1,,5.0
201800458,2017-12-25 13:44:00,35.8917137,128.5961183,지상누수,북구 연암로 68-5 (산격동) / 981번지,EPS40×15연결부수선,북구,북구 연암로 68-5 (산격동) / 981번지,520.0,,,15.0,0,,4.0
20171225-0027,2017-12-25 13:44:00,35.8917137,128.5961183,긴급공사,북구 연암로 68-5 (산격동) / 981번지,,북구,연암로 68-5 (산격동) / 981번지,520.0,46-1,공도,15.0,0 ,,배수지관
20171227-0332,2017-12-27 14:43:00,35.8914337,128.5963278,긴급공사,"북구 연암로 68 (산격동,유일도료) / 990번지",,북구,산격동 990 유일도료,520.0,46-1,,,,,급수관
20180103-0291,2018-01-03 13:02:00,35.8938053,128.609037,긴급공사,"북구 대학로17길 18 (산격동,프론티어1) / 1313-4번지",,북구,"대학로17길 18 (산격동,프론티어1) / 1313-4번지",520.0,49,사유지,15.0,0 ,,급수관
201801036,2018-01-03 13:02:00,35.8938053,128.609037,지상누수,"북구 대학로17길 18 (산격동,프론티어1) / 1313-4번지",앵글밸브수선,북구,"북구 대학로17길 18 (산격동,프론티어1) / 1313-4번지",520.0,,,15.0,0,,5.0
20180113-0074,2018-01-13 16:17:00,35.8941394,128.6100548,긴급공사,북구 대학로23길 17-1 (산격동) / 1327-20번지,,북구,대학로23길 17-1 (산격동) / 1327-20번지,520.0,49,공도,20.0,5 ,,급수관
201801172,2018-01-13 16:17:00,35.8941394,128.6100548,지상누수,북구 대학로23길 17-1 (산격동) / 1327-20번지,DTC 100×20분기점수선,북구,북구 대학로23길 17-1 (산격동) / 1327-20번지,520.0,,,20.0,5,,5.0
201801025,2018-01-15 11:31:00,35.8920758,128.6077697,지상누수,"북구 대학로13길 6 (산격동,봉봉치킨) / 1400-8번지",앵글밸브수선,북구,"북구 대학로13길 6 (산격동,봉봉치킨) / 1400-8번지",520.0,,,15.0,0,,5.0
20180115-0183,2018-01-15 11:31:00,35.8920758,128.6077697,긴급공사,"북구 대학로13길 6 (산격동,봉봉치킨) / 1400-8번지",,북구,"대학로13길 6 (산격동,봉봉치킨) / 1400-8번지",520.0,49,사유지,15.0,0 ,,급수관
20180122-0139,2018-01-22 10:32:00,35.8937944,128.5979538,긴급공사,"북구 연암공원로 31-2 (산격동,과일가게) / 1130-4번지",,북구,"연암공원로 31-2 (산격동,과일가게) / 1130-4번지",520.0,46-1,공도,40.0,4 ,,배수지관
201801082,2018-01-22 10:32:00,35.8937944,128.5979538,지상누수,"북구 연암공원로 31-2 (산격동,과일가게) / 1130-4번지",PFP50×40연결부수선,북구,"북구 연암공원로 31-2 (산격동,과일가게) / 1130-4번지",520.0,,,40.0,4,,4.0
20180122-0178,2018-01-22 11:03:00,35.8978824,128.6045353,긴급공사,북구 연암공원로32길 64-14 (산격동) / 1197-19번지,,북구,연암공원로32길 64-14 (산격동) / 1197-19번지,520.0,24-3,공도,15.0,1 ,,급수관
201801081,2018-01-22 11:03:00,35.8978824,128.6045353,지상누수,북구 연암공원로32길 64-14 (산격동) / 1197-19번지,PFP50×15연결부수선,북구,북구 연암공원로32길 64-14 (산격동) / 1197-19번지,520.0,,,15.0,1,,5.0
201800806,2018-01-29 09:10:00,35.8974632,128.6090917,지상누수,"북구 대동로 22 (산격동,청구공인중계사) / 1253-4번지",15앵글밸브수선,북구,"북구 대동로 22 (산격동,청구공인중계사) / 1253-4번지",520.0,,,15.0,,,5.0
20180129-0162,2018-01-29 09:55:00,35.8961235,128.6038212,긴급공사,북구 산격로11길 12-1 (산격동) / 1224-15번지,,북구,산격로11길 12-1 (산격동) / 1224-15번지,520.0,47,사유지,15.0,,,급수관
201800803,2018-01-29 09:55:00,35.8961235,128.6038212,지상누수,북구 산격로11길 12-1 (산격동) / 1224-15번지,15앵글밸브수선,북구,북구 산격로11길 12-1 (산격동) / 1224-15번지,520.0,,,15.0,,,5.0
201801233,2018-01-29 10:44:00,35.8968302,128.6029594,지하누수,북구 산격로13길 21-6 (산격동) / 1195-41번지,pfp80×15분기점수선,북구,북구 산격동 1195-41,520.0,243.0,공도,15.0,230,,5.0
20180129-0263,2018-01-29 10:44:00,35.8968302,128.6029594,긴급공사,북구 산격로13길 21-6 (산격동) / 1195-41번지,,북구,산격동 1195-41,520.0,24-3,공도,15.0,230 ,,급수관
201801189,2018-01-31 12:53:00,35.8968809,128.6029008,지상누수,북구 산격로13길 21-4 (산격동) / 1185-52번지,앵글밸브교체,북구,북구 산격로13길 21-4 (산격동) / 1185-52번지,520.0,,,15.0,,,5.0
20180131-0283,2018-01-31 12:53:00,35.8968809,128.6029008,긴급공사,북구 산격로13길 21-4 (산격동) / 1185-52번지,,북구,산격로13길 21-4 (산격동) / 1185-52번지,520.0,24-3,사유지,15.0,,,급수관
201802149,2018-02-01 16:28:00,35.889404,128.603045,지상누수,"북구 대학로 15-1 (산격동,별장여관) / 1398-2번지",앵글밸브수선,북구,"북구 대학로 15-1 (산격동,별장여관) / 1398-2번지",520.0,,,20.0,,,5.0
20180210-0101,2018-02-10 12:58:00,35.8969196,128.6018601,긴급공사,북구 연암공원로14길 19-17 (산격동) / 1186-34번지,,북구,연암공원로14길 19-17 (산격동) / 1186-34번지,520.0,24-3,공도,15.0,0 ,,배수지관
201802146,2018-02-10 12:58:00,35.8969196,128.6018601,지상누수,북구 연암공원로14길 19-17 (산격동) / 1186-34번지,EPS40×15분기점 수선,북구,북구 연암공원로14길 19-17 (산격동) / 1186-34번지,520.0,,,15.0,0,,4.0
20180211-0002,2018-02-11 02:08:00,35.8925655,128.5980831,긴급공사,북구 연암공원로 22-41 (산격동) / 1099-47번지,,북구,연암공원로 22-41 (산격동) / 1099-47번지,520.0,46-1,공도,15.0,1 ,,급수관
201802095,2018-02-11 02:08:00,35.8925655,128.5980831,지상누수,북구 연암공원로 22-41 (산격동) / 1099-47번지,EPS40×15분기점 수선,북구,북구 연암공원로 22-41 (산격동) / 1099-47번지,520.0,,,15.0,1,,5.0
201802142,2018-02-12 08:25:00,35.8967037,128.6010457,지상누수,북구 연암공원로14길 11-1 (산격동) / 1163-22번지,PFP80×15분기점 수선,북구,북구 연암공원로14길 11-1 (산격동) / 1163-22번지,520.0,,,15.0,1,,3.0
20180212-0007,2018-02-12 08:25:00,35.8967037,128.6010457,긴급공사,북구 연암공원로14길 11-1 (산격동) / 1163-22번지,,북구,연암공원로14길 11-1 (산격동) / 1163-22번지,520.0,24-3,공도,15.0,1 ,,배수본관
201802104,2018-02-12 10:38:00,35.8970255,128.6038351,지상누수,북구 산격로13길 14 (산격동) / 1221-11번지,앵글밸브교체,북구,북구 산격로13길 14 (산격동) / 1221-11번지,520.0,,,15.0,,,5.0
20180212-0163,2018-02-12 10:38:00,35.8970255,128.6038351,긴급공사,북구 산격로13길 14 (산격동) / 1221-11번지,,북구,산격로13길 14 (산격동) / 1221-11번지,520.0,47,사유지,15.0,,,급수관
201802186,2018-02-13 11:20:00,35.8908886,128.603272,지하누수,북구 산격로1길 31-18 (산격동) / 1401-89번지,계량기보호통교체,북구,북구 산격로1길 31-18 (산격동) / 1401-89번지,520.0,470.0,사유지,15.0,63,,5.0
20180213-0394,2018-02-13 11:20:00,35.8908886,128.603272,긴급공사,북구 산격로1길 31-18 (산격동) / 1401-89번지,,북구,산격로1길 31-18 (산격동) / 1401-89번지,520.0,47,사유지,15.0,63 ,,급수관
201802143,2018-02-14 09:49:00,35.8891615,128.6026163,지하누수,북구 연암로2길 18 (산격동) / 1392-4번지,PFP50×25연결부 수선(2개소),북구,북구 연암로2길 18 (산격동) / 1392-4번지,520.0,470.0,공도,25.0,518,,4.0
20180214-0435,2018-02-14 09:49:00,35.8891615,128.6026163,긴급공사,북구 연암로2길 18 (산격동) / 1392-4번지,,북구,연암로2길 18 (산격동) / 1392-4번지,520.0,47,공도,25.0,518 ,,배수지관
201802152,2018-02-20 15:48:00,35.8906243,128.6037134,지하누수,북구 연암로4길 49 (산격동) / 1498-220번지,PFP 100×20분기점수선,북구,북구 연암로4길 49 (산격동) / 1498-220번지,520.0,470.0,공도,20.0,"1,053",,3.0
20180220-0535,2018-02-20 15:48:00,35.8906243,128.6037134,긴급공사,북구 연암로4길 49 (산격동) / 1498-220번지,,북구,연암로4길 49 (산격동) / 1498-220번지,520.0,47,공도,20.0,"1,053 ",,배수본관
20180220-0650,2018-02-20 17:29:00,35.8903619,128.6032938,긴급공사,"북구 연암로4길 39 (산격동,대림싱크공장) / 1401-88번지",,북구,산격동 1401-88 대림싱크공장 ,520.0,47,공도,80.0,"1,444 ",,배수지관
201802125,2018-02-20 17:29:00,35.8903619,128.6032938,지하누수,"북구 연암로4길 39 (산격동,대림싱크공장) / 1401-88번지",제수변수선,북구,북구 산격동 1401-88 대림싱크공장 ,520.0,470.0,공도,80.0,"1,444",,4.0
201802120,2018-02-21 13:04:00,35.8964187,128.6024236,지상누수,북구 연암공원로14길 22-1 (산격동) / 1195-5번지,앵글밸브교체,북구,북구 연암공원로14길 22-1 (산격동) / 1195-5번지,520.0,,,15.0,,,5.0
20180221-0271,2018-02-21 13:04:00,35.8964187,128.6024236,긴급공사,북구 연암공원로14길 22-1 (산격동) / 1195-5번지,,북구,연암공원로14길 22-1 (산격동) / 1195-5번지,520.0,24-3,사유지,15.0,,,급수관
201802124,2018-02-23 14:10:00,35.8933403,128.6041584,지하누수,북구 대구체육관로9길 16-1 (산격동) / 1430-34번지,DTC 80×15분기점수선,북구,북구 산격동 1430-34,520.0,470.0,공도,15.0,557,,5.0
20180223-0461,2018-02-23 14:10:00,35.8933403,128.6041584,긴급공사,북구 대구체육관로9길 16-1 (산격동) / 1430-34번지,,북구,산격동 1430-34,520.0,47,공도,15.0,557 ,,급수관
20180223-0464,2018-02-23 15:28:00,35.8913073,128.6035472,긴급공사,북구 대구체육관로8길 25 (산격동) / 1497-51번지,,북구,산격동 1497-51,520.0,47,공도,80.0,"1,529 ",,배수지관
201802110,2018-02-23 15:28:00,35.8913073,128.6035472,지하누수,북구 대구체육관로8길 25 (산격동) / 1497-51번지,PFP 80접합부수선,북구,북구 산격동 1497-51,520.0,470.0,공도,80.0,"1,529",,4.0
201802426,2018-03-02 10:07:00,35.8909411,128.6022038,지하누수,북구 대구체육관로 18-2 (산격동) / 1404-81번지,터파기 결과 미누수,북구,북구 산격동 1404-81,520.0,470.0,,,0,,
20180302-0151,2018-03-02 10:07:00,35.8909411,128.6022038,긴급공사,북구 대구체육관로 18-2 (산격동) / 1404-81번지,,북구,산격동 1404-81,520.0,47,,,0 ,,
201802592,2018-03-02 11:10:00,35.8967557,128.6055623,지상누수,북구 산격로14길 3-13 (산격동) / 1229-19번지,앵글밸브교체,북구,북구 산격로14길 3-13 (산격동) / 1229-19번지,520.0,,,15.0,,,5.0
20180302-0271,2018-03-02 11:10:00,35.8967557,128.6055623,긴급공사,북구 산격로14길 3-13 (산격동) / 1229-19번지,,북구,산격로14길 3-13 (산격동) / 1229-19번지,520.0,48,사유지,15.0,,,급수관
201802839,2018-03-02 14:37:00,35.8959048,128.6015921,지상누수,북구 산격로11길 34 (산격동) / 1434-67번지,앵글밸브교체,북구,북구 산격로11길 34 (산격동) / 1434-67번지,520.0,,,15.0,,,5.0
20180302-0515,2018-03-02 14:37:00,35.8959048,128.6015921,긴급공사,북구 산격로11길 34 (산격동) / 1434-67번지,,북구,산격로11길 34 (산격동) / 1434-67번지,520.0,24-3,사유지,15.0,,,급수관
20180302-0531,2018-03-02 14:46:00,35.8959188,128.6064294,긴급공사,북구 산격로14길 10-1 (산격동) / 1406-3번지,,북구,산격로14길 10-1 (산격동) / 1406-3번지,520.0,48,공도,15.0,0 ,,급수관
201802838,2018-03-02 14:46:00,35.8959188,128.6064294,지상누수,북구 산격로14길 10-1 (산격동) / 1406-3번지,연결부수선,북구,북구 산격로14길 10-1 (산격동) / 1406-3번지,520.0,,,15.0,0,,5.0
20180302-0745,2018-03-02 16:26:00,35.8893267,128.6025295,긴급공사,북구 연암로2길 17 (산격동) / 1498-166번지,,북구,산격동 1498-166,520.0,47,,,0 ,,
201802873,2018-03-02 16:26:00,35.8893267,128.6025295,지하누수,북구 연암로2길 17 (산격동) / 1498-166번지,터파기 결과 미누수,북구,북구 산격동 1498-166,520.0,470.0,,,0,,
20180322-0022,2018-03-22 09:20:00,35.8974151,128.6010253,긴급공사,북구 연암공원로 82 (산격동) / 1186-66번지,,북구,연암공원로 82 (산격동) / 1186-66번지,520.0,24-3,사유지,15.0,0 ,,급수관
201802833,2018-03-22 09:20:00,35.8974151,128.6010253,지상누수,북구 연암공원로 82 (산격동) / 1186-66번지,D=15㎜직관부폐쇄,북구,북구 연암공원로 82 (산격동) / 1186-66번지,520.0,,,15.0,0,,5.0
20180323-0017,2018-03-23 08:57:00,35.8973449,128.6011675,긴급공사,북구 연암공원로 82-8 (산격동) / 1186-65번지,,북구,연암공원로 82-8 (산격동) / 1186-65번지,520.0,24-3,,,,,급수관
201802612,2018-03-27 09:10:00,35.8949693,128.6009156,지상누수,북구 산격로서9길 17 (산격동) / 1435-20번지,앵글밸브교체,북구,북구 산격로서9길 17 (산격동) / 1435-20번지,520.0,,,15.0,,,5.0
20180327-0020,2018-03-27 09:10:00,35.8949693,128.6009156,긴급공사,북구 산격로서9길 17 (산격동) / 1435-20번지,,북구,산격로서9길 17 (산격동) / 1435-20번지,520.0,46-1,사유지,15.0,,,급수관
201802388,2018-03-30 16:25:00,35.8960622,128.6081993,지상누수,북구 산격로14길 25-2 (산격동) / 1310-25번지,80(구)분기점폐쇄,북구,북구 산격로14길 25-2 (산격동) / 1310-25번지,524.0,,,15.0,1,,4.0
201803251,2018-04-02 09:15:00,35.8917158,128.5970603,지하누수,북구 연암로12길 7 (산격동) / 1038-2번지,100×15(구)분기점폐쇄,북구,북구 산격동 1038-2,520.0,461.0,공도,15.0,177,,5.0
20180402-0068,2018-04-02 09:15:00,35.8917158,128.5970603,긴급공사,북구 연암로12길 7 (산격동) / 1038-2번지,,북구,산격동 1038-2,520.0,46-1,공도,15.0,177 ,,급수관
201803257,2018-04-03 15:40:00,35.8913639,128.5966834,지하누수,북구 연암로 66-6 (산격동) / 993-16번지,분기점 수선,북구,북구 산격동 993-16,520.0,461.0,공도,15.0,870,,5.0
20180403-0538,2018-04-03 15:40:00,35.8913639,128.5966834,긴급공사,북구 연암로 66-6 (산격동) / 993-16번지,,북구,산격동 993-16,520.0,46-1,공도,15.0,870 ,,급수관
20180406-0103,2018-04-06 10:54:00,35.8913298,128.5968238,긴급공사,북구 연암로 66-10 (산격동) / 993-15번지,,북구,산격동 993-15,520.0,46-1,,,,,배수지관
20180409-0188,2018-04-09 11:23:00,35.8934978,128.5981341,긴급공사,북구 연암공원로 30-5 (산격동) / 1102-16번지,,북구,산격동 1102-16,520.0,46-1,공도,15.0,879 ,,급수관
201803259,2018-04-09 11:23:00,35.8934978,128.5981341,지하누수,북구 연암공원로 30-5 (산격동) / 1102-16번지,STS D15 직관부수선,북구,북구 산격동 1102-16,520.0,461.0,공도,15.0,879,,5.0
20180411-0021,2018-04-11 09:11:00,35.8951113,128.5981282,긴급공사,북구 연암공원로7길 6-24 (산격동) / 1136-1번지,,북구,산격동 1136-1,520.0,46-1,공도,15.0,630 ,,급수관
201803260,2018-04-11 09:11:00,35.8951113,128.5981282,지하누수,북구 연암공원로7길 6-24 (산격동) / 1136-1번지,40×15분기점수선,북구,북구 산격동 1136-1,520.0,461.0,공도,15.0,630,,5.0
20180412-0090,2018-04-12 11:02:00,35.8941094,128.6089934,긴급공사,"북구 대학로17길 20-2 (산격동,빨래방) / 1313-20번지",,북구,"대학로17길 20-2 (산격동,빨래방) / 1313-20번지",520.0,49,사유지,15.0,,,급수관
201802916,2018-04-12 11:02:00,35.8941094,128.6089934,지상누수,"북구 대학로17길 20-2 (산격동,빨래방) / 1313-20번지",d15직관부수선(밸브),북구,"북구 대학로17길 20-2 (산격동,빨래방) / 1313-20번지",520.0,,,15.0,,,5.0
20180417-0070,2018-04-17 09:59:00,35.8977587,128.5998382,긴급공사,북구 연암공원로13길 2-23 (산격동) / 1180-127번지,,북구,연암공원로13길 2-23 (산격동) / 1180-127번지,520.0,46-1,사유지,15.0,,,급수관
201803247,2018-04-17 09:59:00,35.8977587,128.5998382,지상누수,북구 연암공원로13길 2-23 (산격동) / 1180-127번지,STS 15㎜연결부수선,북구,북구 연암공원로13길 2-23 (산격동) / 1180-127번지,520.0,,,15.0,,,5.0
20180417-0094,2018-04-17 10:30:00,35.8955827,128.6009649,긴급공사,북구 산격로서9길 16-12 (산격동) / 1434-10번지,,북구,산격동 1434-10,520.0,46-1,공도,15.0,128 ,,급수관
201803272,2018-04-17 10:30:00,35.8955827,128.6009649,지하누수,북구 산격로서9길 16-12 (산격동) / 1434-10번지,PFP 50×15분기점수선,북구,북구 산격동 1434-10,520.0,461.0,공도,15.0,128,,5.0
201803246,2018-04-18 10:53:00,35.8975971,128.5998212,지상누수,북구 연암공원로13길 2-19 (산격동) / 1180-22번지,STS D=15㎜연결부수선,북구,북구 연암공원로13길 2-19 (산격동) / 1180-22번지,520.0,,,15.0,,,5.0
20180418-0122,2018-04-18 10:53:00,35.8975971,128.5998212,긴급공사,북구 연암공원로13길 2-19 (산격동) / 1180-22번지,,북구,연암공원로13길 2-19 (산격동) / 1180-22번지,520.0,46-1,사유지,15.0,,,급수관
20180420-0169,2018-04-20 11:19:00,35.8949938,128.6000525,긴급공사,북구 산격로서9길 23-2 (산격동) / 1117-17번지,,북구,산격동 1117-17,520.0,46-1,,,,,
201803276,2018-04-20 11:19:00,35.8949938,128.6000525,지하누수,북구 산격로서9길 23-2 (산격동) / 1117-17번지,터파기 결과 미누수,북구,북구 산격동 1117-17,520.0,461.0,,,,,
20180420-0175,2018-04-20 11:21:00,35.8921997,128.5965135,긴급공사,"북구 연암공원로 10, 102동 (산격동,삼성명가빌102동) / 1043번지",,북구,산격동 1043 삼성명가빌102동 102동,520.0,46-1,공도,15.0,475 ,,급수관
201803277,2018-04-20 11:21:00,35.8921997,128.5965135,지하누수,"북구 연암공원로 10, 102동 (산격동,삼성명가빌102동) / 1043번지",80×15분기점수선 및 50연결부수선,북구,북구 산격동 1043 삼성명가빌102동 102동,520.0,461.0,공도,15.0,475,,5.0
20180424-0204,2018-04-24 13:18:00,35.8911814,128.6047287,긴급공사,"북구 산격로1길 8 (산격동,매일유업) / 1433-41번지",,북구,"산격로1길 8 (산격동,매일유업) / 1433-41번지",520.0,47,사유지,20.0,,,급수관
201802918,2018-04-24 13:18:00,35.8911814,128.6047287,지상누수,"북구 산격로1길 8 (산격동,매일유업) / 1433-41번지",STS D=20㎜ 직관부수선,북구,"북구 산격로1길 8 (산격동,매일유업) / 1433-41번지",520.0,,,20.0,,,5.0
201803254,2018-04-28 11:06:00,35.8952273,128.6068615,지상누수,북구 산격로10길 15-1 (산격동) / 1407-39번지,STS 25×15분기점수선,북구,북구 산격로10길 15-1 (산격동) / 1407-39번지,520.0,,,25.0,,,4.0
20180428-0020,2018-04-28 11:06:00,35.8952273,128.6068615,긴급공사,북구 산격로10길 15-1 (산격동) / 1407-39번지,,북구,산격로10길 15-1 (산격동) / 1407-39번지,520.0,48,사유지,25.0,,,배수지관
20180501-0640,2018-05-01 11:24:00,35.8952836,128.6090348,긴급공사,북구 대학로25길 29-6 (산격동) / 1312-9번지,,북구,산격동 1312-9,520.0,48,사유지,15.0,317 ,,급수관
201806660,2018-05-01 11:24:00,35.8952836,128.6090348,지하누수,북구 대학로25길 29-6 (산격동) / 1312-9번지,80×15분기점수선,북구,북구 산격동 1312-9,520.0,480.0,사유지,15.0,317,,5.0
20180501-0641,2018-05-01 11:28:00,35.8968971,128.6089178,긴급공사,북구 대동로4길 18-4 (산격동) / 1250-20번지,,북구,산격동 1250-20,520.0,48,공도,15.0,432 ,,급수관
201803770,2018-05-01 11:28:00,35.8968971,128.6089178,지하누수,북구 대동로4길 18-4 (산격동) / 1250-20번지,40×15연결부수선,북구,북구 산격동 1250-20,520.0,480.0,공도,15.0,432,,5.0
201803771,2018-05-01 11:32:00,35.8970928,128.6092451,지하누수,북구 대동로4길 19 (산격동) / 1253-32번지,80×25분기점수선,북구,북구 산격동 1253-32,520.0,480.0,공도,25.0,691,,5.0
20180501-0642,2018-05-01 11:32:00,35.8970928,128.6092451,긴급공사,북구 대동로4길 19 (산격동) / 1253-32번지,,북구,산격동 1253-32,520.0,48,공도,25.0,691 ,,급수관
20180501-0643,2018-05-01 11:33:00,35.894758,128.6085124,긴급공사,북구 산격로10길 30-1 (산격동) / 1314-20번지,,북구,산격동 1314-20,520.0,49,공도,25.0,778 ,,급수관
201803772,2018-05-01 11:33:00,35.894758,128.6085124,지하누수,북구 산격로10길 30-1 (산격동) / 1314-20번지,150분기점수선(2개소),북구,북구 산격동 1314-20,520.0,490.0,공도,25.0,778,,5.0
20180503-0025,2018-05-03 09:21:00,35.8954407,128.6032973,긴급공사,북구 산격로북9길 6-8 (산격동) / 1424-49번지,,북구,산격로북9길 6-8 (산격동) / 1424-49번지,520.0,47,공도,15.0,0 ,,급수관
201803787,2018-05-03 09:21:00,35.8954407,128.6032973,지상누수,북구 산격로북9길 6-8 (산격동) / 1424-49번지,80×15분기점수선,북구,북구 산격로북9길 6-8 (산격동) / 1424-49번지,520.0,,,15.0,0,,5.0
20180503-0733,2018-05-03 11:00:00,35.8935497,128.6061279,긴급공사,북구 산격로8길 8 (산격동) / 1411-24번지,,북구,산격동 1411-24,520.0,49,공도,15.0,146 ,,급수관
201803790,2018-05-03 11:00:00,35.8935497,128.6061279,지하누수,북구 산격로8길 8 (산격동) / 1411-24번지,STS D=15㎜(구)관폐쇄,북구,북구 산격동 1411-24,520.0,490.0,공도,15.0,146,,5.0
201803791,2018-05-04 08:50:00,35.8955524,128.6011078,지상누수,북구 산격로11길 35-10 (산격동) / 1434-55번지,15 직관부수선,북구,북구 산격로11길 35-10 (산격동) / 1434-55번지,520.0,,,15.0,,,5.0
20180504-0005,2018-05-04 08:50:00,35.8955524,128.6011078,긴급공사,북구 산격로11길 35-10 (산격동) / 1434-55번지,,북구,산격로11길 35-10 (산격동) / 1434-55번지,520.0,46-1,사유지,15.0,,,급수관
20180505-0003,2018-05-05 08:45:00,35.8973372,128.5989698,긴급공사,북구 연암공원로13길 12-12 (산격동) / 1180-153번지,,북구,연암공원로13길 12-12 (산격동) / 1180-153번지,520.0,46-1,공도,15.0,0 ,,급수관
201803810,2018-05-05 08:45:00,35.8973372,128.5989698,지상누수,북구 연암공원로13길 12-12 (산격동) / 1180-153번지,STS D=15㎜(구)관폐쇄,북구,북구 연암공원로13길 12-12 (산격동) / 1180-153번지,520.0,,,15.0,0,,5.0
201803811,2018-05-08 10:32:00,35.895457,128.600316,지상누수,북구 산격로11길 45-8 (산격동) / 1161-7번지,앵글밸브교체,북구,북구 산격로11길 45-8 (산격동) / 1161-7번지,520.0,,,15.0,,,5.0
20180508-0153,2018-05-08 10:32:00,35.895457,128.600316,긴급공사,북구 산격로11길 45-8 (산격동) / 1161-7번지,,북구,산격로11길 45-8 (산격동) / 1161-7번지,520.0,46-1,사유지,15.0,,,급수관
20180508-0293,2018-05-08 12:51:00,35.8968842,128.5999283,긴급공사,북구 연암공원로13길 2-6 (산격동) / 1182-4번지,,북구,연암공원로13길 2-6 (산격동) / 1182-4번지,520.0,46-1,공도,15.0,0 ,,급수관
201803792,2018-05-08 12:51:00,35.8968842,128.5999283,지상누수,북구 연암공원로13길 2-6 (산격동) / 1182-4번지,50㎜(구)분기점폐쇄,북구,북구 연암공원로13길 2-6 (산격동) / 1182-4번지,520.0,,,15.0,0,,5.0
201803794,2018-05-10 09:39:00,35.8954119,128.6098672,지하누수,"북구 대학로25길 21-2 (산격동,비너스) / 1307-46번지",STS 15 직관부수선,북구,북구 산격동 1307-46 비너스 ,520.0,400.0,공도,15.0,155,,5.0
20180510-0040,2018-05-10 09:39:00,35.8954119,128.6098672,긴급공사,"북구 대학로25길 21-2 (산격동,비너스) / 1307-46번지",,북구,산격동 1307-46 비너스 ,520.0,40,공도,15.0,155 ,,급수관
20180510-0046,2018-05-10 09:43:00,35.8950417,128.611353,긴급공사,북구 대동로10길 17-2 (산격동) / 1304-2번지,,북구,대동로10길 17-2 (산격동) / 1304-2번지,520.0,49,,,,,
201803888,2018-05-10 09:43:00,35.8950417,128.611353,지하누수,북구 대동로10길 17-2 (산격동) / 1304-2번지,"확인결과 미누수
",북구,북구 대동로10길 17-2 (산격동) / 1304-2번지,520.0,490.0,,,,,
201803593,2018-05-11 11:36:00,35.8914103,128.5980455,지상누수,북구 연암로12길 6-16 (산격동) / 1014번지,80 직관부수선(손괴),북구,북구 연암로12길 6-16 (산격동) / 1014번지,520.0,,,80.0,10,,3.0
20180511-0124,2018-05-11 11:36:00,35.8914103,128.5980455,긴급공사,북구 연암로12길 6-16 (산격동) / 1014번지,,북구,연암로12길 6-16 (산격동) / 1014번지,520.0,46-1,공도,80.0,10 ,,배수본관
201803672,2018-05-12 13:09:00,35.8951658,128.6115137,지하누수,북구 대동로10길 17-4 (산격동) / 1304-18번지,STS 15 연결부수선,북구,북구 산격동 1304-18,520.0,490.0,공도,15.0,196,,5.0
20180512-0025,2018-05-12 13:09:00,35.8951658,128.6115137,긴급공사,북구 대동로10길 17-4 (산격동) / 1304-18번지,,북구,산격동 1304-18,520.0,49,공도,15.0,196 ,,급수관
201803671,2018-05-14 13:11:00,35.894499,128.6093913,지하누수,북구 대동로6길 32 (산격동) / 1313-31번지,STS 15 직관부수선,북구,북구 산격동 1313-31,520.0,490.0,공도,15.0,198,,5.0
20180514-0452,2018-05-14 13:11:00,35.894499,128.6093913,긴급공사,북구 대동로6길 32 (산격동) / 1313-31번지,,북구,산격동 1313-31,520.0,49,공도,15.0,198 ,,급수관
20180514-0434,2018-05-14 17:47:00,35.8959277,128.6074306,긴급공사,북구 산격로14길 20 (산격동) / 1406-1번지,,북구,산격로14길 20 (산격동) / 1406-1번지,520.0,48,사유지,15.0,,,급수관
201803795,2018-05-14 17:47:00,35.8959277,128.6074306,지상누수,북구 산격로14길 20 (산격동) / 1406-1번지,계량기연결부수선,북구,북구 산격로14길 20 (산격동) / 1406-1번지,520.0,,,15.0,,,5.0
201803676,2018-05-15 09:30:00,35.8970001,128.6016457,지하누수,북구 연암공원로14길 13-10 (산격동) / 1186-114번지,PFP40×25연결부수선,북구,북구 산격동 1186-114,520.0,243.0,공도,15.0,120,,5.0
20180515-0303,2018-05-15 09:30:00,35.8970001,128.6016457,긴급공사,북구 연암공원로14길 13-10 (산격동) / 1186-114번지,,북구,산격동 1186-114,520.0,24-3,공도,15.0,120 ,,급수관
20180515-0136,2018-05-15 13:13:00,35.8966971,128.6105958,긴급공사,북구 대동로8길 2 (산격동) / 1266-10번지,,북구,산격동 1266-10,520.0,49,공도,15.0,810 ,,급수관
201803522,2018-05-15 13:13:00,35.8966971,128.6105958,지하누수,북구 대동로8길 2 (산격동) / 1266-10번지,STS 15 직관부수선,북구,북구 산격동 1266-10,520.0,490.0,공도,15.0,810,,5.0
20180515-0137,2018-05-15 13:14:00,35.8917384,128.6065541,긴급공사,북구 대학로 59-24 (산격동) / 1416-11번지,,북구,산격동 1416-11,520.0,49,공도,15.0,80 ,,급수관
201803670,2018-05-15 13:14:00,35.8917384,128.6065541,지하누수,북구 대학로 59-24 (산격동) / 1416-11번지,분기점수선,북구,북구 산격동 1416-11,520.0,490.0,공도,15.0,80,,5.0
20180516-0002,2018-05-16 08:30:00,35.8969202,128.5987609,긴급공사,북구 연암공원로13길 12-3 (산격동) / 1180-131번지,,북구,산격동 1180-131,520.0,46-1,공도,15.0,486 ,,급수관
201803815,2018-05-16 08:30:00,35.8969202,128.5987609,지하누수,북구 연암공원로13길 12-3 (산격동) / 1180-131번지,40×15연결부수선,북구,북구 산격동 1180-131,520.0,461.0,공도,15.0,486,,5.0
20180517-0468,2018-05-17 09:15:00,35.891736,128.6067072,긴급공사,북구 대학로 59-22 (산격동) / 1416-10번지,,북구,산격동 1416-10,520.0,49,공도,15.0,121 ,,급수관
201803677,2018-05-17 09:15:00,35.891736,128.6067072,지하누수,북구 대학로 59-22 (산격동) / 1416-10번지,계량기보호통교체,북구,북구 산격동 1416-10,520.0,490.0,공도,15.0,121,,5.0
20180522-0021,2018-05-22 14:50:00,35.8900323,128.6015069,긴급공사,북구 대구체육관로2길 13 (산격동) / 1442-16번지,,북구,대구체육관로2길 13 (산격동) / 1442-16번지,520.0,47,공도,15.0,0 ,,급수관
201803592,2018-05-22 14:50:00,35.8900323,128.6015069,지상누수,북구 대구체육관로2길 13 (산격동) / 1442-16번지,D=15㎜직관부수선,북구,북구 대구체육관로2길 13 (산격동) / 1442-16번지,520.0,,,15.0,0,,5.0
201803802,2018-05-31 09:11:00,35.897132,128.6059369,지하누수,북구 산격로 74-9 (산격동) / 1231-9번지,D=20연결부수선,북구,북구 산격동 1231-9,520.0,480.0,공도,25.0,324,,5.0
20180531-0631,2018-05-31 09:11:00,35.897132,128.6059369,긴급공사,북구 산격로 74-9 (산격동) / 1231-9번지,,북구,산격동 1231-9,520.0,48,공도,25.0,324 ,,급수관
201803808,2018-05-31 09:12:00,35.8961794,128.6087292,지하누수,북구 산격로14길 31-1 (산격동) / 1310-16번지,80×20분기점 수선,북구,북구 산격동 1310-16,520.0,480.0,공도,20.0,612,,5.0
20180531-0632,2018-05-31 09:12:00,35.8961794,128.6087292,긴급공사,북구 산격로14길 31-1 (산격동) / 1310-16번지,,북구,산격동 1310-16,520.0,48,공도,20.0,612 ,,급수관
201803842,2018-05-31 09:13:00,35.8955785,128.6080436,지하누수,북구 대학로25길 40 (산격동) / 1311-46번지,급수관재분기,북구,북구 산격동 1311-46,520.0,480.0,공도,15.0,435,,4.0
20180531-0633,2018-05-31 09:13:00,35.8955785,128.6080436,긴급공사,북구 대학로25길 40 (산격동) / 1311-46번지,,북구,산격동 1311-46,520.0,48,공도,15.0,435 ,,배수지관
201803800,2018-05-31 11:34:00,35.8957652,128.6007278,지상누수,북구 산격로11길 41-1 (산격동) / 1161-65번지,100(구)분기점폐쇄,북구,북구 산격로11길 41-1 (산격동) / 1161-65번지,520.0,,,15.0,0,,5.0
20180531-0239,2018-05-31 11:34:00,35.8957652,128.6007278,긴급공사,북구 산격로11길 41-1 (산격동) / 1161-65번지,,북구,산격로11길 41-1 (산격동) / 1161-65번지,520.0,46-1,공도,15.0,0 ,,급수관
201804385,2018-06-07 16:03:00,35.8968028,128.6106865,지상누수,"북구 대동로 38 (산격동,화장품백화점) / 1266-11번지","1차: 80×15분기점수선
2차: (내부선 와사관)계량기보호통교체_이현준",북구,"북구 대동로 38 (산격동,화장품백화점) / 1266-11번지",520.0,,,15.0,0,,5.0
20180612-0330,2018-06-12 17:00:00,35.8962571,128.6021145,긴급공사,북구 산격로북9길 9-16 (산격동) / 1195-6번지,,북구,산격동 1195-6,520.0,24-3,사유지,15.0,196 ,,급수관
201804263,2018-06-12 17:00:00,35.8962571,128.6021145,지하누수,북구 산격로북9길 9-16 (산격동) / 1195-6번지,50×15연결부수선,북구,북구 산격동 1195-6,520.0,243.0,사유지,15.0,196,,5.0
201804229,2018-06-15 09:11:00,35.8980463,128.6073842,지하누수,북구 대학로9길 85 (산격동) / 1234-22번지,터파기 결과 미누수,북구,북구 산격동 1234-22,520.0,480.0,,,,,
20180615-0020,2018-06-15 09:11:00,35.8980463,128.6073842,긴급공사,북구 대학로9길 85 (산격동) / 1234-22번지,,북구,산격동 1234-22,520.0,48,,,,,
20180625-0253,2018-06-25 11:41:00,35.8967368,128.6021465,긴급공사,북구 연암공원로14길 19-7 (산격동) / 1186-49번지,,북구,연암공원로14길 19-7 (산격동) / 1186-49번지,520.0,24-3,공도,20.0,1 ,,급수관
201804375,2018-06-25 11:41:00,35.8967368,128.6021465,지상누수,북구 연암공원로14길 19-7 (산격동) / 1186-49번지,STS 20㎜(구)관폐쇄 ,북구,북구 연암공원로14길 19-7 (산격동) / 1186-49번지,520.0,,,20.0,1,,5.0
20180704-0649,2018-07-04 17:49:00,35.8945176,128.5979996,긴급공사,북구 연암공원로7길 6-2 (산격동) / 1135-28번지,,북구,산격동 1135-28,520.0,46-1,,,,,
201804651,2018-07-08 11:30:00,35.8895649,128.6026112,지상누수,북구 연암로4길 22-6 (산격동) / 1498-69번지,STS 15 직관부수선,북구,북구 연암로4길 22-6 (산격동) / 1498-69번지,520.0,,,15.0,,,5.0
20180708-0009,2018-07-08 11:30:00,35.8895649,128.6026112,긴급공사,북구 연암로4길 22-6 (산격동) / 1498-69번지,,북구,연암로4길 22-6 (산격동) / 1498-69번지,520.0,47,사유지,15.0,,,급수관
20180711-0181,2018-07-11 14:03:00,35.8971662,128.6015565,긴급공사,"북구 산격로13길 35-11 (산격동,로타리수퍼) / 1186-22번지",,북구,"산격로13길 35-11 (산격동,로타리수퍼) / 1186-22번지",520.0,24-3,사유지,15.0,,,급수관
201804645,2018-07-11 14:03:00,35.8971662,128.6015565,지상누수,"북구 산격로13길 35-11 (산격동,로타리수퍼) / 1186-22번지",계량기보호통교체_이덕두?,북구,"북구 산격로13길 35-11 (산격동,로타리수퍼) / 1186-22번지",520.0,,,15.0,,,5.0
20180714-0023,2018-07-14 11:41:00,35.8935752,128.6095498,긴급공사,북구 대학로23길 25-2 (산격동) / 1331-10번지,,북구,산격동 1331-10,520.0,49,공도,25.0,"1,123 ",,배수지관
201804954,2018-07-14 11:41:00,35.8935752,128.6095498,지하누수,북구 대학로23길 25-2 (산격동) / 1331-10번지,100×25분기점수선,북구,북구 산격동 1331-10,520.0,490.0,공도,25.0,"1,123",,4.0
20180717-0446,2018-07-17 08:46:00,35.8968971,128.6089178,긴급공사,북구 대동로4길 18-4 (산격동) / 1250-20번지,,북구,산격동 1250-20,520.0,48,,,,,급수관
201805167,2018-08-20 11:33:00,35.8919995,128.597909,지상누수,북구 연암로12길 6-30 (산격동) / 1007번지,D80(구)관폐쇄,북구,북구 연암로12길 6-30 (산격동) / 1007번지,520.0,,,25.0,4,,4.0
20180820-0276,2018-08-20 11:33:00,35.8919995,128.597909,긴급공사,북구 연암로12길 6-30 (산격동) / 1007번지,,북구,연암로12길 6-30 (산격동) / 1007번지,520.0,46-1,공도,25.0,4 ,,배수지관
201805322,2018-08-21 11:31:00,35.8955381,128.6017356,지상누수,북구 산격로서9길 8-39 (산격동) / 1437-35번지,계량기접합부수선,북구,북구 산격로서9길 8-39 (산격동) / 1437-35번지,520.0,,,15.0,,,5.0
20180821-0199,2018-08-21 11:31:00,35.8955381,128.6017356,긴급공사,북구 산격로서9길 8-39 (산격동) / 1437-35번지,,북구,산격로서9길 8-39 (산격동) / 1437-35번지,520.0,59,사유지,15.0,,,급수관
20180822-0437,2018-08-22 16:02:00,35.8963673,128.5987611,긴급공사,"북구 연암공원로11길 3-24 (산격동,금고본인) / 1167-3번지",,북구,산격동 1167-3 금고본인,520.0,46-1,,,,,배수지관
201805165,2018-08-30 09:05:00,35.8958464,128.6083828,지상누수,북구 산격로14길 28-1 (산격동) / 1311-57번지,보호통교체_대리김순분,북구,북구 산격로14길 28-1 (산격동) / 1311-57번지,520.0,,,15.0,,,5.0
20180830-0019,2018-08-30 09:05:00,35.8958464,128.6083828,긴급공사,북구 산격로14길 28-1 (산격동) / 1311-57번지,,북구,산격로14길 28-1 (산격동) / 1311-57번지,520.0,48,사유지,15.0,,,급수관
201805419,2018-08-30 10:45:00,35.8939779,128.6008284,지상누수,북구 산격동 1445-9 관사 ,25(구)관폐쇄,북구,북구 산격동 1445-9 관사 ,520.0,,,25.0,3,,5.0
20180830-0143,2018-08-30 10:45:00,35.8939779,128.6008284,긴급공사,북구 산격동 1445-9 관사 ,,북구,산격동 1445-9 관사 ,520.0,58,공도,25.0,3 ,,급수관
201805970,2018-09-03 13:15:00,35.8959292,128.5997721,지상누수,북구 연암공원로12길 3-1 (산격동) / 1159-3번지,15 직관부수선,북구,북구 연암공원로12길 3-1 (산격동) / 1159-3번지,520.0,,,15.0,,,5.0
20180903-0328,2018-09-03 13:15:00,35.8959292,128.5997721,긴급공사,북구 연암공원로12길 3-1 (산격동) / 1159-3번지,,북구,연암공원로12길 3-1 (산격동) / 1159-3번지,520.0,46-1,사유지,15.0,,,급수관
20180903-0634,2018-09-03 17:34:00,35.8909882,128.6021372,긴급공사,북구 산격동 1442-54,,북구,산격동 1442-54,520.0,47,공도,15.0,"1,476 ",,급수관
201805988,2018-09-03 17:34:00,35.8909882,128.6021372,지하누수,북구 산격동 1442-54,150(구)분기점폐쇄,북구,북구 산격동 1442-54,520.0,470.0,공도,15.0,"1,476",,5.0
20180910-0561,2018-09-10 08:50:00,35.8944666,128.6007764,긴급공사,북구 연암공원로10길 19-2 (산격동) / 1435-42번지,,북구,산격동 1435-42,520.0,1,공도,15.0,61 ,,배수지관
201806021,2018-09-10 08:50:00,35.8944666,128.6007764,지하누수,북구 연암공원로10길 19-2 (산격동) / 1435-42번지,분기점연결부수선,북구,북구 산격동 1435-42,520.0,10.0,공도,15.0,61,,4.0
201806015,2018-09-10 12:57:00,35.8918381,128.5971107,지상누수,북구 연암로12길 7-1 (산격동) / 1038-1번지,앵글밸브교체,북구,북구 연암로12길 7-1 (산격동) / 1038-1번지,520.0,,,15.0,,,5.0
20180910-0278,2018-09-10 12:57:00,35.8918381,128.5971107,긴급공사,북구 연암로12길 7-1 (산격동) / 1038-1번지,,북구,연암로12길 7-1 (산격동) / 1038-1번지,520.0,46-1,사유지,15.0,,,급수관
201805979,2018-09-12 07:43:00,35.8964393,128.5999479,지상누수,북구 연암공원로 68 (산격동) / 1163-38번지,보호통교체,북구,북구 연암공원로 68 (산격동) / 1163-38번지,520.0,,,15.0,,,5.0
20180912-0001,2018-09-12 07:43:00,35.8964393,128.5999479,긴급공사,북구 연암공원로 68 (산격동) / 1163-38번지,,북구,연암공원로 68 (산격동) / 1163-38번지,520.0,46-1,사유지,15.0,,,급수관
20180928-0095,2018-09-28 09:47:00,35.8932436,128.5984591,긴급공사,북구 연암공원로8길 19-3 (산격동) / 1103-5번지,,북구,산격동 1103-5,520.0,46-1,사유지,15.0,260 ,,급수관
201806028,2018-09-28 09:47:00,35.8932436,128.5984591,지하누수,북구 연암공원로8길 19-3 (산격동) / 1103-5번지,계량기보호통교체(고압블럭)_김진곤,북구,북구 산격동 1103-5,520.0,461.0,사유지,15.0,260,,5.0
20180929-0011,2018-09-29 09:20:00,35.8923365,128.6053714,긴급공사,북구 산격로 20 (산격동) / 1418-10번지,,북구,산격로 20 (산격동) / 1418-10번지,520.0,49,공도,20.0,1 ,,급수관
201805994,2018-09-29 09:20:00,35.8923365,128.6053714,지상누수,북구 산격로 20 (산격동) / 1418-10번지,분기대교체(사리도),북구,북구 산격로 20 (산격동) / 1418-10번지,520.0,,,20.0,1,,5.0
20181008-0006,2018-10-08 07:57:00,35.8896432,128.6029231,긴급공사,북구 연암로2길 29-1 (산격동) / 1498-173번지,,북구,연암로2길 29-1 (산격동) / 1498-173번지,520.0,47,사유지,15.0,0 ,,급수관
201806077,2018-10-08 07:57:00,35.8896432,128.6029231,지상누수,북구 연암로2길 29-1 (산격동) / 1498-173번지,계량기보호통교체,북구,북구 연암로2길 29-1 (산격동) / 1498-173번지,520.0,,,15.0,0,,5.0
201806657,2018-10-09 11:00:00,35.8919995,128.597909,지상누수,북구 연암로12길 6-30 (산격동) / 1007번지,80×20분기점,북구,북구 연암로12길 6-30 (산격동) / 1007번지,520.0,,,25.0,2,,4.0
20181009-0018,2018-10-09 11:00:00,35.8919995,128.597909,긴급공사,북구 연암로12길 6-30 (산격동) / 1007번지,,북구,연암로12길 6-30 (산격동) / 1007번지,520.0,46-1,공도,25.0,2 ,,배수지관
,2018-10-12 11:00:00,35.898052,128.6017082,긴급공사,북구 연암공원로 90-5 (산격동) / 1185-8번지,,북구,연암공원로 90-5 (산격동) / 1185-8번지,520.0,24-3,,,,,배수지관
201806713,2018-10-12 13:15:00,35.8953882,128.6029958,지하누수,북구 산격로북9길 2-1 (산격동) / 1424-2번지,"1차: 직관부수선(수압약함)
2차: 분기점 부단수 천공
(수-258)",북구,북구 산격동 1424-2,520.0,470.0,공도,15.0,"4,378",,5.0
20181012-0174,2018-10-12 13:15:00,35.8953882,128.6029958,긴급공사,북구 산격로북9길 2-1 (산격동) / 1424-2번지,,북구,산격동 1424-2,520.0,47,공도,15.0,"4,378 ",,급수관
20181015-0052,2018-10-15 09:40:00,35.897494,128.5989636,긴급공사,북구 연암공원로17길 23-13 (산격동) / 1180-154번지,,북구,산격동 1180-154,520.0,24-3,사유지,15.0,"1,698 ",,급수관
201806752,2018-10-15 09:40:00,35.897494,128.5989636,지하누수,북구 연암공원로17길 23-13 (산격동) / 1180-154번지,15 직관부수선,북구,북구 산격동 1180-154,520.0,243.0,사유지,15.0,"1,698",,5.0
20181023-0003,2018-10-23 08:17:00,35.8965219,128.6082196,긴급공사,북구 대동로8길 25 (산격동) / 1249-36번지,,북구,대동로8길 25 (산격동) / 1249-36번지,520.0,48,사유지,15.0,,,급수관
201806755,2018-10-23 08:17:00,35.8965219,128.6082196,지상누수,북구 대동로8길 25 (산격동) / 1249-36번지,계량기보호통교체-임덕노,북구,북구 대동로8길 25 (산격동) / 1249-36번지,520.0,,,15.0,,,5.0
201806654,2018-10-23 11:13:00,35.8954636,128.6044445,지상누수,북구 연암공원로14길 52 (산격동) / 1424번지,25 관폐쇄,북구,북구 연암공원로14길 52 (산격동) / 1424번지,520.0,,,25.0,0,,5.0
20181023-0170,2018-10-23 11:13:00,35.8954636,128.6044445,긴급공사,북구 연암공원로14길 52 (산격동) / 1424번지,,북구,연암공원로14길 52 (산격동) / 1424번지,520.0,47,공도,25.0,0 ,,급수관
20181028-0012,2018-10-28 15:02:00,35.893978,128.6084855,긴급공사,"북구 대학로15길 22-1 (산격동,대동하우스) / 1314-50번지",,북구,"대학로15길 22-1 (산격동,대동하우스) / 1314-50번지",520.0,49,사유지,15.0,,,급수관
201806092,2018-10-28 15:02:00,35.893978,128.6084855,지상누수,"북구 대학로15길 22-1 (산격동,대동하우스) / 1314-50번지",계량기접합부교체,북구,"북구 대학로15길 22-1 (산격동,대동하우스) / 1314-50번지",520.0,,,15.0,,,5.0
20181101-0155,2018-11-01 11:25:00,35.8952167,128.6008799,긴급공사,북구 산격로서9길 16-3 (산격동) / 1435-22번지,,북구,산격로서9길 16-3 (산격동) / 1435-22번지,520.0,46-1,사유지,25.0,,,급수관
201900181,2018-11-01 11:25:00,35.8952167,128.6008799,지상누수,북구 산격로서9길 16-3 (산격동) / 1435-22번지,EPS D=50×25㎜분기점연결부교체,북구,북구 산격로서9길 16-3 (산격동) / 1435-22번지,520.0,,,25.0,,,5.0
201807144,2018-11-02 09:24:00,35.8964077,128.5995189,지상누수,"북구 연암공원로 65 (산격동,화성석유) / 1165-2번지","1차: 15 (구)관폐쇄
2차: 150 (구)분기점폐쇄",북구,"북구 연암공원로 65 (산격동,화성석유) / 1165-2번지",520.0,,,15.0,0,,5.0
20181102-0039,2018-11-02 09:24:00,35.8964077,128.5995189,긴급공사,"북구 연암공원로 65 (산격동,화성석유) / 1165-2번지",,북구,"연암공원로 65 (산격동,화성석유) / 1165-2번지",520.0,46-1,공도,15.0,0 ,,급수관
20181127-0045,2018-11-27 09:39:00,35.8938976,128.5983609,긴급공사,"북구 연암공원로 36 (산격동,키메라 pc(당구장)) / 1128-1번지",,북구,"연암공원로 36 (산격동,키메라 pc(당구장)) / 1128-1번지",520.0,46-1,사유지,15.0,,,급수관
201900205,2018-11-27 09:39:00,35.8938976,128.5983609,지상누수,"북구 연암공원로 36 (산격동,키메라 pc(당구장)) / 1128-1번지",15 연결부수선,북구,"북구 연암공원로 36 (산격동,키메라 pc(당구장)) / 1128-1번지",520.0,,,15.0,,,5.0
20181204-0192,2018-12-04 13:09:00,35.8897958,128.6022121,긴급공사,북구 대구체육관로2길 21-4 (산격동) / 1442-10번지,,북구,대구체육관로2길 21-4 (산격동) / 1442-10번지,520.0,47,사유지,15.0,,,급수관
201900210,2018-12-04 13:09:00,35.8897958,128.6022121,지상누수,북구 대구체육관로2길 21-4 (산격동) / 1442-10번지,앵글밸브교체,북구,북구 대구체육관로2길 21-4 (산격동) / 1442-10번지,520.0,,,15.0,,,5.0
201900310,2018-12-10 08:43:00,35.8937372,128.5991425,지상누수,북구 연암공원로8길 7-1 (산격동) / 1106-1번지,분기점교체,북구,북구 연암공원로8길 7-1 (산격동) / 1106-1번지,520.0,,,15.0,1,,5.0
20181210-0007,2018-12-10 08:43:00,35.8937372,128.5991425,긴급공사,북구 연암공원로8길 7-1 (산격동) / 1106-1번지,,북구,연암공원로8길 7-1 (산격동) / 1106-1번지,520.0,46-1,공도,15.0,1 ,,급수관
201900535,2018-12-10 09:20:00,35.8944897,128.6018621,지상누수,북구 연암공원로10길 31 (산격동) / 1438-7번지,앵글밸브교체,북구,북구 연암공원로10길 31 (산격동) / 1438-7번지,520.0,,,15.0,,,5.0
20181210-0029,2018-12-10 09:20:00,35.8944897,128.6018621,긴급공사,북구 연암공원로10길 31 (산격동) / 1438-7번지,,북구,연암공원로10길 31 (산격동) / 1438-7번지,520.0,46-1,사유지,15.0,,,급수관
20181211-0060,2018-12-11 10:04:00,35.8937698,128.5991186,긴급공사,북구 연암공원로8길 7-1 (산격동) / 1106-1번지,,북구,산격동 1106-1,520.0,46-1,,,,,급수관
201900217,2018-12-11 11:37:00,35.8924013,128.5980199,지하누수,북구 연암공원로 22-51 (산격동) / 1096-2번지,분기점연결부교체,북구,북구 산격동 1096-2,520.0,461.0,사유지,15.0,"1,238",,5.0
20181211-0132,2018-12-11 11:37:00,35.8924013,128.5980199,긴급공사,북구 연암공원로 22-51 (산격동) / 1096-2번지,,북구,산격동 1096-2,520.0,46-1,사유지,15.0,"1,238 ",,급수관
201900283,2018-12-20 09:13:00,35.8916538,128.5978121,지상누수,북구 연암로12길 6-19 (산격동) / 1034-2번지,80×15 분기점교체,북구,북구 연암로12길 6-19 (산격동) / 1034-2번지,520.0,,,15.0,0,,5.0
20181220-0018,2018-12-20 09:13:00,35.8916538,128.5978121,긴급공사,북구 연암로12길 6-19 (산격동) / 1034-2번지,,북구,연암로12길 6-19 (산격동) / 1034-2번지,520.0,46-1,공도,15.0,0 ,,급수관
201900270,2018-12-20 15:29:00,35.8937395,128.6055498,지하누수,"북구 산격로8길 3, 원룸 (산격동,힐하우스) / 1410-6번지",100(구)분기점폐쇄,북구,북구 산격동 1410-6 힐하우스(원룸),520.0,490.0,공도,15.0,"1,525",,5.0
20181220-0357,2018-12-20 15:29:00,35.8937395,128.6055498,긴급공사,"북구 산격로8길 3, 원룸 (산격동,힐하우스) / 1410-6번지",,북구,산격동 1410-6 힐하우스(원룸),520.0,49,공도,15.0,"1,525 ",,급수관
201900531,2018-12-21 16:47:00,35.8952774,128.6101531,지상누수,북구 대학로25길 17-6 (산격동) / 1307-59번지,계량기보호통교체,북구,북구 대학로25길 17-6 (산격동) / 1307-59번지,520.0,,,15.0,,,5.0
20181221-0346,2018-12-21 16:47:00,35.8952774,128.6101531,긴급공사,북구 대학로25길 17-6 (산격동) / 1307-59번지,,북구,대학로25길 17-6 (산격동) / 1307-59번지,520.0,49,사유지,15.0,,,급수관
20181231-0329,2018-12-31 13:44:00,35.8968068,128.6061739,긴급공사,북구 대학로9길 68-2 (산격동) / 1245-1번지,,북구,대학로9길 68-2 (산격동) / 1245-1번지,520.0,48,사유지,15.0,0 ,,급수관
201900254,2018-12-31 13:44:00,35.8968068,128.6061739,지상누수,북구 대학로9길 68-2 (산격동) / 1245-1번지,계량기교체(한파예보에따른 민원),북구,북구 대학로9길 68-2 (산격동) / 1245-1번지,520.0,,,15.0,0,,5.0
20190110-0094,2019-01-10 11:05:00,35.8937372,128.5991425,긴급공사,북구 연암공원로8길 7-1 (산격동) / 1106-1번지,,북구,연암공원로8길 7-1 (산격동) / 1106-1번지,520.0,46-1,공도,15.0,1 ,,급수관
201900991,2019-01-10 11:05:00,35.8937372,128.5991425,지상누수,북구 연암공원로8길 7-1 (산격동) / 1106-1번지,분기점접합부수선,북구,북구 연암공원로8길 7-1 (산격동) / 1106-1번지,520.0,,,15.0,1,,5.0
20190110-0326,2019-01-10 16:14:00,35.8982707,128.6052163,긴급공사,북구 산격로17길 9-1 (산격동) / 1222-44번지,,북구,산격동 1222-44,520.0,24-3,공도,15.0,36 ,,급수관
201901280,2019-01-10 16:14:00,35.8982707,128.6052163,지하누수,북구 산격로17길 9-1 (산격동) / 1222-44번지,PFP D40*15분기점수선,북구,북구 산격동 1222-44,520.0,243.0,공도,15.0,36,,5.0
20190117-0161,2019-01-17 14:16:00,35.8969594,128.6005758,긴급공사,"북구 연암공원로 74-3 (산격동,대성방수) / 1163-32번지",,북구,"연암공원로 74-3 (산격동,대성방수) / 1163-32번지",520.0,24-3,사유지,15.0,,,급수관
201900979,2019-01-17 14:16:00,35.8969594,128.6005758,지상누수,"북구 연암공원로 74-3 (산격동,대성방수) / 1163-32번지",앵글밸브교체,북구,"북구 연암공원로 74-3 (산격동,대성방수) / 1163-32번지",520.0,,,15.0,,,5.0
20190124-0177,2019-01-24 12:57:00,35.8917425,128.5959329,긴급공사,"북구 연암공원로 2 (산격동,신동아빌) / 977-1번지",,북구,"연암공원로 2 (산격동,신동아빌) / 977-1번지",520.0,46-1,공도,15.0,0 ,,급수관
201900726,2019-01-24 12:57:00,35.8917425,128.5959329,지상누수,"북구 연암공원로 2 (산격동,신동아빌) / 977-1번지",D15 인입선누수 수선,북구,"북구 연암공원로 2 (산격동,신동아빌) / 977-1번지",520.0,,,15.0,0,,5.0
201900727,2019-01-24 14:09:00,35.8901372,128.6023267,지상누수,북구 대구체육관로2길 19 (산격동) / 1404-12번지,STS D15(구)관 폐쇄(플럭)수선,북구,북구 대구체육관로2길 19 (산격동) / 1404-12번지,520.0,,,15.0,,,5.0
20190124-0244,2019-01-24 14:09:00,35.8901372,128.6023267,긴급공사,북구 대구체육관로2길 19 (산격동) / 1404-12번지,,북구,대구체육관로2길 19 (산격동) / 1404-12번지,520.0,47,사유지,15.0,,,급수관
201900976,2019-01-29 09:11:00,35.8917425,128.5959329,지상누수,"북구 연암공원로 2 (산격동,신동아빌) / 977-1번지",40 분기점연결부교체,북구,"북구 연암공원로 2 (산격동,신동아빌) / 977-1번지",520.0,,,40.0,,,4.0
20190129-0018,2019-01-29 09:11:00,35.8917425,128.5959329,긴급공사,"북구 연암공원로 2 (산격동,신동아빌) / 977-1번지",,북구,"연암공원로 2 (산격동,신동아빌) / 977-1번지",520.0,46-1,사유지,40.0,,,배수지관
20190129-0305,2019-01-29 15:20:00,35.8947001,128.6021672,긴급공사,북구 연암공원로10길 33-5 (산격동) / 1437-82번지,,북구,연암공원로10길 33-5 (산격동) / 1437-82번지,520.0,24-3,사유지,15.0,,,급수관
201900987,2019-01-29 15:20:00,35.8947001,128.6021672,지상누수,북구 연암공원로10길 33-5 (산격동) / 1437-82번지,D15 계량기보호통교체수선,북구,북구 연암공원로10길 33-5 (산격동) / 1437-82번지,520.0,,,15.0,,,5.0
201901285,2019-02-08 11:08:00,35.8925156,128.5967567,지상누수,"북구 연암공원로 14-1 (산격동,삼성수퍼) / 1048-1번지",D15 인입선누수수선,북구,"북구 연암공원로 14-1 (산격동,삼성수퍼) / 1048-1번지",520.0,,,15.0,0,,5.0
20190208-0123,2019-02-08 11:08:00,35.8925156,128.5967567,긴급공사,"북구 연암공원로 14-1 (산격동,삼성수퍼) / 1048-1번지",,북구,"연암공원로 14-1 (산격동,삼성수퍼) / 1048-1번지",520.0,201,공도,15.0,0 ,,급수관
20190211-0339,2019-02-11 16:46:00,35.8927783,128.5970696,긴급공사,"북구 연암공원로 18 (산격동,대경화장품) / 1065-5번지",,북구,"연암공원로 18 (산격동,대경화장품) / 1065-5번지",520.0,46-1,공도,15.0,0 ,,급수관
201901289,2019-02-11 16:46:00,35.8927783,128.5970696,지상누수,"북구 연암공원로 18 (산격동,대경화장품) / 1065-5번지",15 인입선누수수선,북구,"북구 연암공원로 18 (산격동,대경화장품) / 1065-5번지",520.0,,,15.0,0,,5.0
201901275,2019-02-15 13:09:00,35.8936997,128.5981166,지상누수,"북구 연암공원로 32 (산격동,한려수도횟집) / 1102-4번지",25 직관부수선,북구,"북구 연암공원로 32 (산격동,한려수도횟집) / 1102-4번지",520.0,,,25.0,1,,5.0
20190215-0106,2019-02-15 13:09:00,35.8936997,128.5981166,긴급공사,"북구 연암공원로 32 (산격동,한려수도횟집) / 1102-4번지",,북구,"연암공원로 32 (산격동,한려수도횟집) / 1102-4번지",520.0,46-1,공도,25.0,1 ,,급수관
201902071,2019-03-04 16:39:00,35.8973396,128.5996707,지상누수,북구 연암공원로13길 6-12 (산격동) / 1180-20번지,D15 패킹교체수선,북구,북구 연암공원로13길 6-12 (산격동) / 1180-20번지,520.0,,,15.0,0,,5.0
20190304-0627,2019-03-04 16:39:00,35.8973396,128.5996707,긴급공사,북구 연암공원로13길 6-12 (산격동) / 1180-20번지,,북구,연암공원로13길 6-12 (산격동) / 1180-20번지,520.0,46-1,사유지,15.0,0 ,,급수관
201902004,2019-03-11 09:04:00,35.8946261,128.5980171,지하누수,"북구 연암공원로7길 6-4, 2016.12.05.급수중지 연장 (산격동) / 1135번지",D13 계량기보호통교체 및 인입선누수수선,북구,북구 산격동 1135 2016.12.05.급수중지 연장,520.0,461.0,사유지,15.0,302,,5.0
20190311-0015,2019-03-11 09:04:00,35.8946261,128.5980171,긴급공사,"북구 연암공원로7길 6-4, 2016.12.05.급수중지 연장 (산격동) / 1135번지",,북구,산격동 1135 2016.12.05.급수중지 연장,520.0,46-1,사유지,15.0,302 ,,급수관
20190312-0282,2019-03-12 08:48:00,35.8931406,128.6061747,긴급공사,"북구 대학로9길 24-3 (산격동,신동스마트룸) / 1411-13번지",,북구,산격동 1411-13 신동스마트룸 ,520.0,49,공도,25.0,750 ,,급수관
201902000,2019-03-12 08:48:00,35.8931406,128.6061747,지하누수,"북구 대학로9길 24-3 (산격동,신동스마트룸) / 1411-13번지",D80*25 분기점누수수선,북구,북구 산격동 1411-13 신동스마트룸 ,520.0,490.0,공도,25.0,750,,5.0
20190322-0011,2019-03-22 08:57:00,35.8933403,128.6041584,긴급공사,북구 대구체육관로9길 16-1 (산격동) / 1430-34번지,,북구,산격동 1430-34,520.0,47,공도,15.0,350 ,,급수관
201902008,2019-03-22 08:57:00,35.8933403,128.6041584,지하누수,북구 대구체육관로9길 16-1 (산격동) / 1430-34번지,D80*15 분기점누수수선,북구,북구 산격동 1430-34,520.0,470.0,공도,15.0,350,,5.0
20190322-0013,2019-03-22 08:58:00,35.8919287,128.5977446,긴급공사,북구 연암로12길 10-7 (산격동) / 1087번지,,북구,산격동 1087,520.0,46-1,사유지,15.0,376 ,,급수관
201902014,2019-03-22 08:58:00,35.8919287,128.5977446,지하누수,북구 연암로12길 10-7 (산격동) / 1087번지,D15 계량기보호통교체,북구,북구 산격동 1087,520.0,461.0,사유지,15.0,376,,5.0
201902016,2019-03-22 08:59:00,35.8940995,128.597477,지하누수,북구 연암공원로 31-11 (산격동) / 878-35번지,D15 계량기보호통교체 및 인입선누수수선,북구,북구 산격동 878-35,520.0,461.0,사유지,15.0,188,,5.0
20190322-0014,2019-03-22 08:59:00,35.8940995,128.597477,긴급공사,북구 연암공원로 31-11 (산격동) / 878-35번지,,북구,산격동 878-35,520.0,46-1,사유지,15.0,188 ,,급수관
201902009,2019-03-22 09:00:00,35.8977425,128.5987645,지하누수,북구 연암공원로17길 23-8 (산격동) / 1180-43번지,D13 인입선누수 수선,북구,북구 산격동 1180-43,520.0,243.0,공도,15.0,564,,5.0
20190322-0015,2019-03-22 09:00:00,35.8977425,128.5987645,긴급공사,북구 연암공원로17길 23-8 (산격동) / 1180-43번지,,북구,산격동 1180-43,520.0,24-3,공도,15.0,564 ,,급수관
201902011,2019-03-25 08:54:00,35.8964112,128.6024067,지하누수,북구 연암공원로14길 22-1 (산격동) / 1195-5번지,D13 계량기보호통교체,북구,북구 산격동 1195-5,520.0,480.0,사유지,15.0,363,,5.0
20190325-0003,2019-03-25 08:54:00,35.8964112,128.6024067,긴급공사,북구 연암공원로14길 22-1 (산격동) / 1195-5번지,,북구,산격동 1195-5,520.0,48,사유지,15.0,363 ,,급수관
20190325-0005,2019-03-25 08:55:00,35.8948474,128.608344,긴급공사,북구 산격로10길 28 (산격동) / 1314-44번지,,북구,산격동 1314-44,520.0,49,공도,80.0,0 ,,배수지관
201902013,2019-03-25 08:55:00,35.8948474,128.608344,지하누수,북구 산격로10길 28 (산격동) / 1314-44번지,D80 제수변 스핀들누수 수선,북구,북구 산격동 1314-44,520.0,490.0,공도,80.0,0,,4.0
201902012,2019-03-25 08:55:00,35.8950599,128.6068585,지하누수,북구 산격로10길 15 (산격동) / 1407-41번지,D80 제수변 스핀들누수 수선,북구,북구 산격동 1407-41,520.0,480.0,공도,80.0,0,,4.0
20190325-0004,2019-03-25 08:55:00,35.8950599,128.6068585,긴급공사,북구 산격로10길 15 (산격동) / 1407-41번지,,북구,산격동 1407-41,520.0,48,공도,80.0,0 ,,배수지관
20190325-0006,2019-03-25 08:56:00,35.8931854,128.6057473,긴급공사,북구 대학로9길 25-2 (산격동) / 1413-16번지,,북구,산격동 1413-16,520.0,49,공도,15.0,585 ,,급수관
201902015,2019-03-25 08:56:00,35.8931854,128.6057473,지하누수,북구 대학로9길 25-2 (산격동) / 1413-16번지,D100*13 분기대 수선,북구,북구 산격동 1413-16,520.0,490.0,공도,15.0,585,,5.0
20190325-0007,2019-03-25 08:57:00,35.8931473,128.6053519,긴급공사,북구 산격로 30 (산격동) / 1413-8번지,,북구,산격동 1413-8,520.0,49,공도,25.0,"1,734 ",,급수관
201902067,2019-03-25 08:57:00,35.8931473,128.6053519,지하누수,북구 산격로 30 (산격동) / 1413-8번지,D200*25 분기점누수수선,북구,북구 산격동 1413-8,520.0,490.0,공도,25.0,"1,734",,5.0
20190328-0009,2019-03-28 08:49:00,35.896943,128.6072976,긴급공사,북구 대학로13길 59-4 (산격동) / 1242-19번지,,북구,산격동 1242-19,520.0,48,사유지,15.0,376 ,,급수관
201902545,2019-03-28 08:49:00,35.896943,128.6072976,지하누수,북구 대학로13길 59-4 (산격동) / 1242-19번지,D15 계량기보호통교체수선,북구,북구 산격동 1242-19,520.0,480.0,사유지,15.0,376,,5.0
20190328-0010,2019-03-28 08:50:00,35.8959168,128.6074355,긴급공사,북구 산격로14길 20 (산격동) / 1406-1번지,,북구,산격동 1406-1,520.0,48,공도,100.0,"22,968 ",,배수지관
201902541,2019-03-28 08:50:00,35.8959168,128.6074355,지하누수,북구 산격로14길 20 (산격동) / 1406-1번지,D100 KP 접합부누수수선,북구,북구 산격동 1406-1,520.0,480.0,공도,100.0,"22,968",,4.0
20190329-0050,2019-03-29 09:47:00,35.8945889,128.5984789,긴급공사,북구 연암공원로 43 (산격동) / 1141-1번지,,북구,연암공원로 43 (산격동) / 1141-1번지,520.0,46-1,공도,15.0,2 ,,급수관
201902579,2019-03-29 09:47:00,35.8945889,128.5984789,지상누수,북구 연암공원로 43 (산격동) / 1141-1번지,D15 인입선누수수선,북구,북구 연암공원로 43 (산격동) / 1141-1번지,520.0,,,15.0,2,,5.0
20190415-0115,2019-04-15 10:18:00,35.8939193,128.5991765,긴급공사,"북구 연암공원로8길 7, C동 102호 (산격동,로얄하이츠) / 1126-17번지",,북구,"연암공원로8길 7, C동 102호 (산격동,로얄하이츠) / 1126-17번지",520.0,46-1,사유지,15.0,,,급수관
201902691,2019-04-15 10:18:00,35.8939193,128.5991765,지상누수,"북구 연암공원로8길 7, C동 102호 (산격동,로얄하이츠) / 1126-17번지",D15 패킹교체수선,북구,"북구 연암공원로8길 7, C동 102호 (산격동,로얄하이츠) / 1126-17번지",520.0,,,15.0,,,5.0
20190415-0316,2019-04-15 15:16:00,35.8958443,128.5989974,긴급공사,"북구 연암공원로 57 (산격동,동신목욕탕) / 1154-13번지",,북구,"연암공원로 57 (산격동,동신목욕탕) / 1154-13번지",520.0,46-1,공도,15.0,0 ,,급수관
201902696,2019-04-15 15:16:00,35.8958443,128.5989974,지상누수,"북구 연암공원로 57 (산격동,동신목욕탕) / 1154-13번지",D150*15 분기점누수수선,북구,"북구 연암공원로 57 (산격동,동신목욕탕) / 1154-13번지",520.0,,,15.0,0,,5.0
20190430-0229,2019-04-30 11:34:00,35.894912,128.5983583,긴급공사,북구 연암공원로7길 2-11 (산격동) / 1139-4번지,,북구,산격동 1139-4,520.0,46-1,,,,,배수지관
201903081,2019-05-07 09:59:00,35.8952046,128.6036947,지상누수,북구 산격로9길 14-3 (산격동) / 1424-5번지,D15 XL 밸브처리수선,북구,북구 산격로9길 14-3 (산격동) / 1424-5번지,520.0,,,15.0,0,,5.0
20190507-0098,2019-05-07 09:59:00,35.8952046,128.6036947,긴급공사,북구 산격로9길 14-3 (산격동) / 1424-5번지,,북구,산격로9길 14-3 (산격동) / 1424-5번지,520.0,47,공도,15.0,0 ,,급수관
20190507-0443,2019-05-07 15:47:00,35.8953651,128.6036803,긴급공사,북구 산격로9길 14-9 (산격동) / 1424-9번지,,북구,산격로9길 14-9 (산격동) / 1424-9번지,520.0,47,공도,15.0,0 ,,급수관
201903083,2019-05-07 15:47:00,35.8953651,128.6036803,지상누수,북구 산격로9길 14-9 (산격동) / 1424-9번지,D40*15분기점누수수선,북구,북구 산격로9길 14-9 (산격동) / 1424-9번지,520.0,,,15.0,0,,5.0
201903104,2019-05-15 09:04:00,35.8966024,128.6001585,지상누수,"북구 연암공원로 70 (산격동,하나로마트) / 1163-4번지",D150*15구분기점폐쇄(누방),북구,"북구 연암공원로 70 (산격동,하나로마트) / 1163-4번지",520.0,,,15.0,0,,5.0
20190515-0012,2019-05-15 09:04:00,35.8966024,128.6001585,긴급공사,"북구 연암공원로 70 (산격동,하나로마트) / 1163-4번지",,북구,"연암공원로 70 (산격동,하나로마트) / 1163-4번지",520.0,24-3,공도,15.0,0 ,,급수관
20190524-0325,2019-05-24 15:22:00,35.8936902,128.6096401,긴급공사,"북구 대학로23길 25 (산격동,감자탕연구소) / 1331-2번지",,북구,산격동 1331-2 감자탕연구소 ,520.0,49,공도,32.0,0 ,,급수관
201903118,2019-05-24 15:22:00,35.8936902,128.6096401,지하누수,"북구 대학로23길 25 (산격동,감자탕연구소) / 1331-2번지",D100*32 분기점누수수선,북구,북구 산격동 1331-2 감자탕연구소 ,520.0,490.0,공도,32.0,0,,5.0
201903422,2019-06-03 10:44:00,35.8915451,128.5961415,지상누수,북구 연암로 68-3 (산격동) / 980번지,D15 앵글밸브수선,북구,북구 연암로 68-3 (산격동) / 980번지,520.0,,,15.0,,,5.0
20190603-0209,2019-06-03 10:44:00,35.8915451,128.5961415,긴급공사,북구 연암로 68-3 (산격동) / 980번지,,북구,연암로 68-3 (산격동) / 980번지,520.0,46-1,사유지,15.0,,,급수관
201903430,2019-06-08 13:18:00,35.8898325,128.6010075,지상누수,북구 연암로 18-9 (산격동) / 1441-51번지,D15 구관 밸브설치 수선,북구,북구 연암로 18-9 (산격동) / 1441-51번지,520.0,,,15.0,,,5.0
20190611-0100,2019-06-11 11:15:00,35.8954653,128.6003191,긴급공사,북구 산격로11길 45-8 (산격동) / 1161-7번지,,북구,산격동 1161-7,520.0,46-1,사유지,15.0,505 ,,급수관
201903969,2019-06-11 11:15:00,35.8954653,128.6003191,지하누수,북구 산격로11길 45-8 (산격동) / 1161-7번지,D15 인입선누수수선,북구,북구 산격동 1161-7,520.0,461.0,사유지,15.0,505,,5.0
20190715-0169,2019-07-15 13:18:00,35.8967492,128.6028856,긴급공사,북구 연암공원로14길 25-4 (산격동) / 1195-75번지,,북구,산격동 1195-75,520.0,24-3,공도,15.0,847 ,,급수관
201903997,2019-07-15 13:18:00,35.8967492,128.6028856,지하누수,북구 연암공원로14길 25-4 (산격동) / 1195-75번지,PFP D40*15 분기점누수수선,북구,북구 산격동 1195-75,520.0,243.0,공도,15.0,847,,5.0
20190717-0048,2019-07-17 09:22:00,35.8902294,128.6026617,긴급공사,북구 대구체육관로4길 20 (산격동) / 1404-13번지,,북구,대구체육관로4길 20 (산격동) / 1404-13번지,520.0,47,공도,15.0,0 ,,급수관
201903999,2019-07-17 09:22:00,35.8902294,128.6026617,지상누수,북구 대구체육관로4길 20 (산격동) / 1404-13번지,D100*15 분기대교체수선,북구,북구 대구체육관로4길 20 (산격동) / 1404-13번지,520.0,,,15.0,0,,5.0
201904360,2019-08-05 08:50:00,35.8969778,128.6075045,지하누수,북구 대학로13길 59 (산격동) / 1242-22번지,D15 인입선누수수선,북구,북구 산격동 1242-22,520.0,480.0,사유지,15.0,781,,5.0
20190805-0010,2019-08-05 08:50:00,35.8969778,128.6075045,긴급공사,북구 대학로13길 59 (산격동) / 1242-22번지,,북구,산격동 1242-22,520.0,48,사유지,15.0,781 ,,급수관
201904304,2019-08-05 08:54:00,35.8954078,128.6092462,지하누수,"북구 대학로25길 27 (산격동,피렌체빌) / 1312-1번지",PFP D80 티 플랜지누수 수선,북구,북구 산격동 1312-1 피렌체빌 ,520.0,480.0,공도,80.0,0,,4.0
20190805-0012,2019-08-05 08:54:00,35.8954078,128.6092462,긴급공사,"북구 대학로25길 27 (산격동,피렌체빌) / 1312-1번지",,북구,산격동 1312-1 피렌체빌 ,520.0,48,공도,80.0,0 ,,배수지관
20190805-0013,2019-08-05 08:55:00,35.8950278,128.6062918,긴급공사,"북구 산격로10길 9 (산격동,옥스포드수학) / 1407-54번지",,북구,산격동 1407-54 옥스포드수학 ,520.0,48,공도,25.0,"7,291 ",,배수지관
201904305,2019-08-05 08:55:00,35.8950278,128.6062918,지하누수,"북구 산격로10길 9 (산격동,옥스포드수학) / 1407-54번지",D100×25 분기점누수수선,북구,북구 산격동 1407-54 옥스포드수학 ,520.0,480.0,공도,25.0,"7,291",,4.0
201904308,2019-08-10 10:27:00,35.8910713,128.6032933,지상누수,북구 산격로1길 31 (산격동) / 1404-148번지,D80×50 분기점누수 수선,북구,북구 산격로1길 31 (산격동) / 1404-148번지,520.0,,,50.0,1,,4.0
20190810-0045,2019-08-10 10:27:00,35.8910713,128.6032933,긴급공사,북구 산격로1길 31 (산격동) / 1404-148번지,,북구,산격로1길 31 (산격동) / 1404-148번지,520.0,47,공도,50.0,1 ,,배수지관
201904309,2019-08-12 07:21:00,35.8904984,128.603317,지하누수,북구 산격로1길 31-32 (산격동) / 1401-66번지,D80×15 분기대교체수선,북구,북구 산격동 1401-66,520.0,470.0,공도,15.0,753,,5.0
20190812-0001,2019-08-12 07:21:00,35.8904984,128.603317,긴급공사,북구 산격로1길 31-32 (산격동) / 1401-66번지,,북구,산격동 1401-66,520.0,47,공도,15.0,753 ,,급수관
201904483,2019-08-12 08:52:00,35.8952829,128.6036773,지하누수,북구 산격로9길 14-7 (산격동) / 1424-22번지,D15 계량기보호통교체수선,북구,북구 산격동 1424-22,520.0,470.0,사유지,15.0,968,,5.0
20190812-0004,2019-08-12 08:52:00,35.8952829,128.6036773,긴급공사,북구 산격로9길 14-7 (산격동) / 1424-22번지,,북구,산격동 1424-22,520.0,47,사유지,15.0,968 ,,급수관
20190812-0377,2019-08-12 16:34:00,35.8905797,128.6029416,긴급공사,북구 연암로4길 41-13 (산격동) / 1401-12번지,,북구,산격동 1401-12,520.0,47,공도,15.0,"1,344 ",,급수관
201905139,2019-08-12 16:34:00,35.8905797,128.6029416,지하누수,북구 연암로4길 41-13 (산격동) / 1401-12번지,D50×15 분기점누수수선,북구,북구 산격동 1401-12,520.0,470.0,공도,15.0,"1,344",,5.0
20190812-0385,2019-08-12 16:45:00,35.8967539,128.6090943,긴급공사,북구 대동로8길 18-4 (산격동) / 1250-26번지,,북구,산격동 1250-26,520.0,48,공도,15.0,376 ,,급수관
201905153,2019-08-12 16:45:00,35.8967539,128.6090943,지하누수,북구 대동로8길 18-4 (산격동) / 1250-26번지,D50×15 분기점누수수선,북구,북구 산격동 1250-26,520.0,480.0,공도,15.0,376,,5.0
20190813-0028,2019-08-13 09:23:00,35.8905191,128.6029722,긴급공사,북구 연암로4길 41-11 (산격동) / 1401-76번지,,북구,연암로4길 41-11 (산격동) / 1401-76번지,520.0,47,공도,15.0,2 ,,급수관
201905140,2019-08-13 09:23:00,35.8905191,128.6029722,지상누수,북구 연암로4길 41-11 (산격동) / 1401-76번지,D50×15 분기점누수수선,북구,북구 연암로4길 41-11 (산격동) / 1401-76번지,520.0,,,15.0,2,,5.0
201904486,2019-08-21 08:40:00,35.8954175,128.6090856,지하누수,북구 대학로25길 29 (산격동) / 1312-56번지,PFP D80×15 분기대교체수선,북구,북구 산격동 1312-56,520.0,480.0,공도,15.0,"1,538",,5.0
20190821-0009,2019-08-21 08:40:00,35.8954175,128.6090856,긴급공사,북구 대학로25길 29 (산격동) / 1312-56번지,,북구,산격동 1312-56,520.0,48,공도,15.0,"1,538 ",,급수관
20190821-0011,2019-08-21 08:41:00,35.8911832,128.6026666,긴급공사,북구 대구체육관로 18-6 (산격동) / 1404-27번지,,북구,산격동 1404-27,520.0,47,공도,150.0,0 ,,배수지관
201904487,2019-08-21 08:41:00,35.8911832,128.6026666,지하누수,북구 대구체육관로 18-6 (산격동) / 1404-27번지,D150 제수변스핀들누수수선,북구,북구 산격동 1404-27,520.0,470.0,공도,150.0,0,,4.0
20190821-0012,2019-08-21 08:42:00,35.891616,128.6067147,긴급공사,"북구 대학로 59-16 (산격동,금광블루빌) / 1416-9번지",,북구,산격동 1416-9 금광블루빌,520.0,49,공도,15.0,"2,069 ",,급수관
201904488,2019-08-21 08:42:00,35.891616,128.6067147,지하누수,"북구 대학로 59-16 (산격동,금광블루빌) / 1416-9번지",D80×25 분기대교체수선,북구,북구 산격동 1416-9 금광블루빌,520.0,490.0,공도,15.0,"2,069",,5.0
20190821-0055,2019-08-21 09:37:00,35.8908965,128.6026341,긴급공사,북구 대구체육관로4길 7-1 (산격동) / 1404-61번지,,북구,산격동 1404-61,520.0,47,,,,,배수지관
20190826-0073,2019-08-26 09:41:00,35.8905811,128.6032962,긴급공사,북구 산격로1길 31-30 (산격동) / 1401-65번지,,북구,산격동 1401-65,520.0,47,,,,,배수지관
201904354,2019-08-26 14:11:00,35.8977199,128.6035563,지상누수,북구 연암공원로20길 20-7 (산격동) / 1188-50번지,D15 계량기보호통교체수선,북구,북구 연암공원로20길 20-7 (산격동) / 1188-50번지,520.0,,,15.0,,,5.0
20190826-0404,2019-08-26 14:11:00,35.8977199,128.6035563,긴급공사,북구 연암공원로20길 20-7 (산격동) / 1188-50번지,,북구,연암공원로20길 20-7 (산격동) / 1188-50번지,520.0,24-3,사유지,15.0,,,급수관
201904492,2019-08-29 17:06:00,35.8950838,128.5979938,지하누수,북구 연암공원로7길 6-28 (산격동) / 1136-11번지,D15 계량기보호통교체수선,북구,북구 산격동 1136-11,520.0,461.0,사유지,15.0,"1,041",,5.0
20190829-0491,2019-08-29 17:06:00,35.8950838,128.5979938,긴급공사,북구 연암공원로7길 6-28 (산격동) / 1136-11번지,,북구,산격동 1136-11,520.0,46-1,사유지,15.0,"1,041 ",,급수관
201904750,2019-09-02 09:16:00,35.8974775,128.6067132,지하누수,북구 대학로9길 75-1 (산격동) / 1234-25번지,D100×15 분기점누수수선,북구,북구 산격동 1234-25,520.0,480.0,공도,15.0,523,,5.0
20190902-0033,2019-09-02 09:16:00,35.8974775,128.6067132,긴급공사,북구 대학로9길 75-1 (산격동) / 1234-25번지,,북구,산격동 1234-25,520.0,48,공도,15.0,523 ,,급수관
20190902-0040,2019-09-02 09:21:00,35.8950253,128.6107087,긴급공사,"북구 산격로10길 49 (산격동,드림하이) / 1307-38번지",,북구,산격동 1307-38 드림하이,520.0,49,사유지,20.0,407 ,,급수관
201904744,2019-09-02 09:21:00,35.8950253,128.6107087,지하누수,"북구 산격로10길 49 (산격동,드림하이) / 1307-38번지",D20 인입선누수수선,북구,북구 산격동 1307-38 드림하이,520.0,490.0,사유지,20.0,407,,5.0
201904726,2019-09-16 09:11:00,35.8926412,128.6075201,지하누수,"북구 대학로13길 9 (산격동,김상진헤어) / 1412-35번지",D15 계량기보호통교체수선,북구,북구 산격동 1412-35 김상진헤어,520.0,490.0,사유지,15.0,553,,5.0
20190916-0024,2019-09-16 09:11:00,35.8926412,128.6075201,긴급공사,"북구 대학로13길 9 (산격동,김상진헤어) / 1412-35번지",,북구,산격동 1412-35 김상진헤어,520.0,49,사유지,15.0,553 ,,급수관
201904725,2019-09-16 09:12:00,35.8947167,128.6112692,지하누수,"북구 대학로23길 5 (산격동,봉대박스파게티) / 1321-2번지",D100×15 분기점누수수선,북구,북구 산격동 1321-2 봉대박스파게티,520.0,490.0,공도,15.0,553,,5.0
20190916-0025,2019-09-16 09:12:00,35.8947167,128.6112692,긴급공사,"북구 대학로23길 5 (산격동,봉대박스파게티) / 1321-2번지",,북구,산격동 1321-2 봉대박스파게티,520.0,49,공도,15.0,553 ,,급수관
201904716,2019-09-17 17:43:00,35.8968155,128.5987169,지하누수,북구 연암공원로13길 12 (산격동) / 1180-109번지,D15 인입선누수수선 및 철개입상 1개소,북구,북구 산격동 1180-109,520.0,461.0,공도,15.0,802,,5.0
20190917-0335,2019-09-17 17:43:00,35.8968155,128.5987169,긴급공사,북구 연암공원로13길 12 (산격동) / 1180-109번지,,북구,산격동 1180-109,520.0,46-1,공도,15.0,802 ,,급수관
201905166,2019-09-26 08:27:00,35.8899291,128.6016472,지상누수,북구 대구체육관로2길 16 (산격동) / 1441-18번지,D15 계량기보호통교체수선,북구,북구 대구체육관로2길 16 (산격동) / 1441-18번지,520.0,,,15.0,,,5.0
20190926-0004,2019-09-26 08:27:00,35.8899291,128.6016472,긴급공사,북구 대구체육관로2길 16 (산격동) / 1441-18번지,,북구,대구체육관로2길 16 (산격동) / 1441-18번지,520.0,47,사유지,15.0,,,급수관
20190926-0021,2019-09-26 08:52:00,35.8906833,128.6034433,긴급공사,"북구 산격로1길 31-13, 1498-216 (산격동) / 1498-189번지",,북구,"산격로1길 31-13, 1498-216 (산격동) / 1498-189번지",520.0,47,공도,15.0,0 ,,급수관
201905167,2019-09-26 08:52:00,35.8906833,128.6034433,지상누수,"북구 산격로1길 31-13, 1498-216 (산격동) / 1498-189번지",D80×15 분기점누수수선,북구,"북구 산격로1길 31-13, 1498-216 (산격동) / 1498-189번지",520.0,,,15.0,0,,5.0
20190926-0037,2019-09-26 09:25:00,35.8908545,128.6028273,긴급공사,북구 대구체육관로4길 7-5 (산격동) / 1401-11번지,,북구,산격동 1401-11,520.0,47,,,,,급수관
201905161,2019-10-10 08:28:00,35.8953934,128.6011361,지하누수,북구 산격로11길 35-16 (산격동) / 1434-56번지,D15 계량기보호통교체수선,북구,북구 산격동 1434-56,520.0,461.0,사유지,15.0,336,,5.0
20191010-0003,2019-10-10 08:28:00,35.8953934,128.6011361,긴급공사,북구 산격로11길 35-16 (산격동) / 1434-56번지,,북구,산격동 1434-56,520.0,46-1,사유지,15.0,336 ,,급수관
201905162,2019-10-14 11:52:00,35.8956451,128.6015328,지상누수,북구 산격로11길 35-3 (산격동) / 1437-42번지,D15 계량기보호통교체수선,북구,북구 산격로11길 35-3 (산격동) / 1437-42번지,520.0,,,15.0,,,5.0
20191014-0169,2019-10-14 11:52:00,35.8956451,128.6015328,긴급공사,북구 산격로11길 35-3 (산격동) / 1437-42번지,,북구,산격로11길 35-3 (산격동) / 1437-42번지,520.0,24-3,사유지,15.0,,,급수관
201905120,2019-10-18 09:13:00,35.8970363,128.5984409,지하누수,북구 연암공원로13길 12-11 (산격동) / 1180-139번지,PFP D40×20 분기점누수수선,북구,북구 산격동 1180-139,520.0,461.0,공도,20.0,"1,536",,5.0
20191018-0017,2019-10-18 09:13:00,35.8970363,128.5984409,긴급공사,북구 연암공원로13길 12-11 (산격동) / 1180-139번지,,북구,산격동 1180-139,520.0,46-1,공도,20.0,"1,536 ",,급수관
20191018-0338,2019-10-18 17:15:00,35.8934782,128.6041763,긴급공사,북구 대구체육관로9길 20-1 (산격동) / 1430-32번지,,북구,대구체육관로9길 20-1 (산격동) / 1430-32번지,520.0,47,사유지,15.0,,,급수관
201905122,2019-10-18 17:15:00,35.8934782,128.6041763,지상누수,북구 대구체육관로9길 20-1 (산격동) / 1430-32번지,D15 보호통 후단 접합부누수 수선,북구,북구 대구체육관로9길 20-1 (산격동) / 1430-32번지,520.0,,,15.0,,,5.0
20191028-0104,2019-10-28 09:53:00,35.8977155,128.5989664,긴급공사,북구 연암공원로17길 23-9 (산격동) / 1180-41번지,,북구,산격동 1180-41 연암공원6길18,520.0,24-3,공도,15.0,"1,589 ",,급수관
201905433,2019-10-28 09:53:00,35.8977155,128.5989664,지하누수,북구 연암공원로17길 23-9 (산격동) / 1180-41번지,EPSD40×15 분기점누수수선,북구,북구 산격동 1180-41 연암공원6길18,520.0,243.0,공도,15.0,"1,589",,5.0
20191106-0366,2019-11-06 15:58:00,35.890274,128.6040782,긴급공사,북구 연암로2길 53 (산격동) / 1498-128번지,,북구,산격동 1498-128,520.0,47,사유지,15.0,967 ,,급수관
201905448,2019-11-06 15:58:00,35.890274,128.6040782,지하누수,북구 연암로2길 53 (산격동) / 1498-128번지,D15 계량기보호통교체수선,북구,북구 산격동 1498-128,520.0,470.0,사유지,15.0,967,,5.0
20191119-0009,2019-11-19 09:00:00,35.8950289,128.6090777,긴급공사,"북구 산격로10길 35 (산격동,소피아) / 1312-60번지",,북구,산격동 1312-60 소피아 ,520.0,48,,,,,배수지관
201906032,2019-11-21 17:12:00,35.8923979,128.60716,지하누수,"북구 산격로6길 18 (산격동,마사) / 1414-1번지",PFP D40×15 구분기점폐쇄수선,북구,북구 산격동 1414-1 마사 ,520.0,490.0,공도,15.0,"1,638",,5.0
20191121-0434,2019-11-21 17:12:00,35.8923979,128.60716,긴급공사,"북구 산격로6길 18 (산격동,마사) / 1414-1번지",,북구,산격동 1414-1 마사 ,520.0,49,공도,15.0,"1,638 ",,급수관
20191129-0419,2019-11-29 15:11:00,35.8964922,128.6065103,긴급공사,북구 대학로9길 74-22 (산격동) / 1244-7번지,,북구,대학로9길 74-22 (산격동) / 1244-7번지,520.0,48,사유지,15.0,0 ,,급수관
201906048,2019-11-29 15:11:00,35.8964922,128.6065103,지상누수,북구 대학로9길 74-22 (산격동) / 1244-7번지,D15 계량기보호통교체수선,북구,북구 대학로9길 74-22 (산격동) / 1244-7번지,520.0,,,15.0,0,,5.0
201905774,2019-11-30 09:31:00,35.8921578,128.5971933,지하누수,"북구 연암로12길 11-1 (산격동,엄지유통) / 1056번지",D80*15 분기대신설 및 계량기보호통교체수선,북구,북구 산격동 1056 엄지유통,520.0,461.0,공도,15.0,"1,683",,5.0
20191130-0022,2019-11-30 09:31:00,35.8921578,128.5971933,긴급공사,"북구 연암로12길 11-1 (산격동,엄지유통) / 1056번지",,북구,산격동 1056 엄지유통,520.0,46-1,공도,15.0,"1,683 ",,급수관
20191202-0086,2019-12-02 09:44:00,35.8919931,128.6048395,긴급공사,북구 산격로 15-6 (산격동) / 1433-18번지,,북구,산격동 1433-18,520.0,47,사유지,15.0,"1,452 ",,급수관
201905915,2019-12-02 09:44:00,35.8919931,128.6048395,지하누수,북구 산격로 15-6 (산격동) / 1433-18번지,"1차 D15 계량기보호통교체수선
2차 재굴착 급수 연결 // 조례위반사실 요금계 조덕현 주임 통보",북구,북구 산격동 1433-18,520.0,470.0,사유지,15.0,"1,452",,5.0
20191202-0091,2019-12-02 09:45:00,35.8921578,128.5971933,긴급공사,"북구 연암로12길 11-1 (산격동,엄지유통) / 1056번지",,북구,산격동 1056 엄지유통,520.0,46-1,공도,15.0,"2,339 ",,급수관
201905785,2019-12-02 09:45:00,35.8921578,128.5971933,지하누수,"북구 연암로12길 11-1 (산격동,엄지유통) / 1056번지",PFP D80×15 구분기점폐쇄 및 임시급수관연결수선,북구,북구 산격동 1056 엄지유통,520.0,461.0,공도,15.0,"2,339",,5.0
201905920,2019-12-03 09:57:00,35.88871,128.6020298,지하누수,북구 연암로 8 (산격동) / 1382-11번지,D80×15 분기점누수수선,북구,북구 산격동 1382-11,520.0,470.0,공도,15.0,"1,456",,5.0
20191203-0087,2019-12-03 09:57:00,35.88871,128.6020298,긴급공사,북구 연암로 8 (산격동) / 1382-11번지,,북구,산격동 1382-11,520.0,47,공도,15.0,"1,456 ",,급수관
201905914,2019-12-03 09:59:00,35.8893267,128.6025295,지하누수,북구 연암로2길 17 (산격동) / 1498-166번지,D15 계량기보호통교체수선,북구,북구 산격동 1498-166,520.0,470.0,사유지,15.0,"1,456",,5.0
20191203-0094,2019-12-03 09:59:00,35.8893267,128.6025295,긴급공사,북구 연암로2길 17 (산격동) / 1498-166번지,,북구,산격동 1498-166,520.0,47,사유지,15.0,"1,456 ",,급수관
201906030,2019-12-03 13:00:00,35.8983117,128.6039873,지상누수,북구 연암공원로20길 26-3 (산격동) / 1190-4번지,PFP D40×15 분기점누수수선,북구,북구 연암공원로20길 26-3 (산격동) / 1190-4번지,520.0,,,15.0,1,,5.0
20191203-0424,2019-12-03 13:00:00,35.8983117,128.6039873,긴급공사,북구 연암공원로20길 26-3 (산격동) / 1190-4번지,,북구,연암공원로20길 26-3 (산격동) / 1190-4번지,520.0,24-3,공도,15.0,1 ,,급수관
20191204-0009,2019-12-04 08:44:00,35.891462,128.5969987,긴급공사,북구 연암로12길 1-2 (산격동) / 1024-3번지,,북구,산격동 1024-3,520.0,46-1,공도,15.0,"1,460 ",,급수관
201905921,2019-12-04 08:44:00,35.891462,128.5969987,지하누수,북구 연암로12길 1-2 (산격동) / 1024-3번지,STS D25×15 분기점누수수선,북구,북구 산격동 1024-3,520.0,461.0,공도,15.0,"1,460",,5.0
201906028,2019-12-04 13:39:00,35.8976972,128.6048247,지하누수,북구 연암공원로32길 62-6 (산격동) / 1197-43번지,D15 직관부누수수선 및 확인굴착 1개소,북구,북구 산격동 1197-43,520.0,243.0,공도,15.0,"2,352",,5.0
20191204-0325,2019-12-04 13:39:00,35.8976972,128.6048247,긴급공사,북구 연암공원로32길 62-6 (산격동) / 1197-43번지,,북구,산격동 1197-43,520.0,24-3,공도,15.0,"2,352 ",,급수관
202000105,2019-12-17 11:29:00,35.8962089,128.5996874,지상누수,"북구 연암공원로 64, 2016.12.06.급수중지 연장 (산격동) / 1164-9번지",D15 인입선누수수선 (밸브처리),북구,"북구 연암공원로 64, 2016.12.06.급수중지 연장 (산격동) / 1164-9번지",520.0,,,15.0,,,5.0
20191217-0118,2019-12-17 11:29:00,35.8962089,128.5996874,긴급공사,"북구 연암공원로 64, 2016.12.06.급수중지 연장 (산격동) / 1164-9번지",,북구,"연암공원로 64, 2016.12.06.급수중지 연장 (산격동) / 1164-9번지",520.0,46-1,사유지,15.0,,,급수관
202000107,2019-12-18 16:26:00,35.8891053,128.6025241,지하누수,"북구 대학로 9 (산격동,초코하우스(투)) / 1392-5번지",확인굴착결과 미누수,북구,북구 산격동 1392-5 초코하우스(투) ,520.0,470.0,,,,,
20191218-0327,2019-12-18 16:26:00,35.8891053,128.6025241,긴급공사,"북구 대학로 9 (산격동,초코하우스(투)) / 1392-5번지",,북구,산격동 1392-5 초코하우스(투) ,520.0,47,,,,,
202000120,2019-12-24 11:22:00,35.8955801,128.6084953,지상누수,북구 대학로25길 36-1 (산격동) / 1311-73번지,D80×15 구분기점폐쇄수선 (누방새들설치),북구,북구 대학로25길 36-1 (산격동) / 1311-73번지,520.0,,,15.0,0,,5.0
20191224-0152,2019-12-24 11:22:00,35.8955801,128.6084953,긴급공사,북구 대학로25길 36-1 (산격동) / 1311-73번지,,북구,대학로25길 36-1 (산격동) / 1311-73번지,520.0,48,공도,15.0,0 ,,급수관
202000727,2019-12-26 15:40:00,35.897813,128.6048295,지상누수,북구 연암공원로32길 62-10 (산격동) / 1197-32번지,D15 앵글밸브누수수선 (패킹수선),북구,북구 연암공원로32길 62-10 (산격동) / 1197-32번지,520.0,,,15.0,0,,5.0
20191226-0454,2019-12-26 15:40:00,35.897813,128.6048295,긴급공사,북구 연암공원로32길 62-10 (산격동) / 1197-32번지,,북구,연암공원로32길 62-10 (산격동) / 1197-32번지,520.0,24-3,사유지,15.0,0 ,,급수관
20191228-0081,2019-12-28 11:48:00,35.8952087,128.601595,긴급공사,북구 산격로서9길 12 (산격동) / 1437-61번지,,북구,산격로서9길 12 (산격동) / 1437-61번지,520.0,24-3,사유지,15.0,,,급수관
202000129,2019-12-28 11:48:00,35.8952087,128.601595,지상누수,북구 산격로서9길 12 (산격동) / 1437-61번지,D15 계량기보호통교체수선,북구,북구 산격로서9길 12 (산격동) / 1437-61번지,520.0,,,15.0,,,5.0
202000637,2020-01-10 16:26:00,35.8981373,128.6052037,지상누수,북구 연암공원로32길 56-6 (산격동) / 1222-38번지,D80×15 분기점누수수선,북구,북구 연암공원로32길 56-6 (산격동) / 1222-38번지,520.0,,,15.0,0,,5.0
20200110-0315,2020-01-10 16:26:00,35.8981373,128.6052037,긴급공사,북구 연암공원로32길 56-6 (산격동) / 1222-38번지,,북구,연암공원로32길 56-6 (산격동) / 1222-38번지,520.0,24-3,공도,15.0,0 ,,급수관
202000662,2020-01-28 09:19:00,35.8962351,128.5985884,지하누수,북구 연암공원로11길 3-9 (산격동) / 1169-3번지,D15 보호통교체수선,북구,북구 산격동 1169-3,520.0,461.0,사유지,15.0,121,,5.0
20200128-0019,2020-01-28 09:19:00,35.8962351,128.5985884,긴급공사,북구 연암공원로11길 3-9 (산격동) / 1169-3번지,,북구,산격동 1169-3,520.0,46-1,사유지,15.0,121 ,,급수관
202000663,2020-01-28 09:22:00,35.8968111,128.5993156,지하누수,북구 연암공원로13길 8 (산격동) / 1180-72번지,D150*15 분기점누수수선,북구,북구 산격동 1180-72,520.0,461.0,공도,15.0,141,,5.0
20200128-0020,2020-01-28 09:22:00,35.8968111,128.5993156,긴급공사,북구 연암공원로13길 8 (산격동) / 1180-72번지,,북구,산격동 1180-72,520.0,46-1,공도,15.0,141 ,,급수관
20200128-0403,2020-01-28 16:34:00,35.892603,128.5979688,긴급공사,북구 연암공원로 22-39 (산격동) / 1099-45번지,,북구,산격동 1099-45,520.0,46-1,사유지,15.0,121 ,,급수관
202000704,2020-01-28 16:34:00,35.892603,128.5979688,지하누수,북구 연암공원로 22-39 (산격동) / 1099-45번지,D15mm 계량기보호통교체,북구,북구 산격동 1099-45,520.0,461.0,사유지,15.0,121,,5.0
20200129-0045,2020-01-29 09:37:00,35.8899382,128.6026823,긴급공사,"북구 연암로4길 25-1 (산격동,성광TV) / 1395-15번지",,북구,산격동 1395-15 성광TV,520.0,47,공도,15.0,146 ,,급수관
202000709,2020-01-29 09:37:00,35.8899382,128.6026823,지하누수,"북구 연암로4길 25-1 (산격동,성광TV) / 1395-15번지",PFP100x15mm 분기대 교체수선,북구,북구 산격동 1395-15 성광TV,520.0,470.0,공도,15.0,146,,5.0
20200203-0091,2020-02-03 10:02:00,35.8970541,128.6070699,긴급공사,북구 대학로13길 63-4 (산격동) / 1242-14번지,,북구,산격동 1242-14,520.0,48,공도,15.0,343 ,,급수관
202000987,2020-02-03 10:02:00,35.8970541,128.6070699,지하누수,북구 대학로13길 63-4 (산격동) / 1242-14번지,D15mm 직관부수선,북구,북구 산격동 1242-14,520.0,480.0,공도,15.0,343,,5.0
20200203-0098,2020-02-03 10:06:00,35.892458,128.6074693,긴급공사,"북구 산격로6길 22 (산격동,최군맥주) / 1414-61번지",,북구,산격동 1414-61 최군맥주 ,520.0,49,공도,100.0,432 ,,배수지관
202000988,2020-02-03 10:06:00,35.892458,128.6074693,지하누수,"북구 산격로6길 22 (산격동,최군맥주) / 1414-61번지",D100mm 직관부 접합부누수 수선,북구,북구 산격동 1414-61 최군맥주 ,520.0,490.0,공도,100.0,432,,4.0
202000989,2020-02-03 10:08:00,35.8950599,128.6068585,지하누수,"북구 산격로10길 15 (산격동,반올림피자샵) / 1407-41번지",D15mm 계량기보호통교체 및 확인굴착,북구,북구 산격동 1407-41 반올림피자샵 ,520.0,480.0,사유지,15.0,147,,5.0
20200203-0101,2020-02-03 10:08:00,35.8950599,128.6068585,긴급공사,"북구 산격로10길 15 (산격동,반올림피자샵) / 1407-41번지",,북구,산격동 1407-41 반올림피자샵 ,520.0,48,사유지,15.0,147 ,,급수관
202000990,2020-02-03 10:11:00,35.8916993,128.5961649,지하누수,북구 연암로 68-5 (산격동) / 981번지,EPS40X15mm 구분기점폐쇄수선,북구,북구 산격동 981,520.0,461.0,공도,15.0,180,,5.0
20200203-0107,2020-02-03 10:11:00,35.8916993,128.5961649,긴급공사,북구 연암로 68-5 (산격동) / 981번지,,북구,산격동 981,520.0,46-1,공도,15.0,180 ,,급수관
20200203-0111,2020-02-03 10:13:00,35.8984275,128.6050715,긴급공사,북구 산격로17길 11-1 (산격동) / 1222-46번지,,북구,산격동 1222-46,520.0,24-3,공도,15.0,147 ,,급수관
202000991,2020-02-03 10:13:00,35.8984275,128.6050715,지하누수,북구 산격로17길 11-1 (산격동) / 1222-46번지,PFP D40x15mm 분기점수선,북구,북구 산격동 1222-46,520.0,243.0,공도,15.0,147,,5.0
202000992,2020-02-03 10:15:00,35.8951736,128.6005645,지하누수,북구 산격로서9길 22 (산격동) / 1435-12번지,D80mm 제수변 접합부 수선,북구,북구 산격동 1435-12,520.0,461.0,공도,80.0,269,,4.0
20200203-0120,2020-02-03 10:15:00,35.8951736,128.6005645,긴급공사,북구 산격로서9길 22 (산격동) / 1435-12번지,,북구,산격동 1435-12,520.0,46-1,공도,80.0,269 ,,배수지관
20200204-0005,2020-02-04 08:41:00,35.8958113,128.6104771,긴급공사,북구 산격로14길 48-2 (산격동) / 1306-24번지,,북구,산격동 1306-24,520.0,49,공도,20.0,470 ,,급수관
202001010,2020-02-04 08:41:00,35.8958113,128.6104771,지하누수,북구 산격로14길 48-2 (산격동) / 1306-24번지,D100x20mm분기점수선,북구,북구 산격동 1306-24,520.0,490.0,공도,20.0,470,,5.0
202001040,2020-02-10 11:13:00,35.8915603,128.596439,지상누수,북구 연암로 68-4 (산격동) / 988-4번지,D15 앵글밸브수선,북구,북구 연암로 68-4 (산격동) / 988-4번지,520.0,,,15.0,,,5.0
20200210-0132,2020-02-10 11:13:00,35.8915603,128.596439,긴급공사,북구 연암로 68-4 (산격동) / 988-4번지,,북구,연암로 68-4 (산격동) / 988-4번지,520.0,46-1,사유지,15.0,,,급수관
20200214-0043,2020-02-14 09:54:00,35.8914557,128.5961285,긴급공사,북구 연암로 66 (산격동) / 980-2번지,,북구,산격동 980-2,520.0,46-1,,,,,배수지관
20200311-0140,2020-03-11 13:51:00,35.8952791,128.6085304,긴급공사,북구 대학로25길 33-12 (산격동) / 1312-17번지,,북구,대학로25길 33-12 (산격동) / 1312-17번지,520.0,48,사유지,15.0,0 ,,급수관
202001232,2020-03-11 13:51:00,35.8952791,128.6085304,지상누수,북구 대학로25길 33-12 (산격동) / 1312-17번지,D15mm 계량기보호통교체,북구,북구 대학로25길 33-12 (산격동) / 1312-17번지,520.0,,,15.0,0,,5.0
202001715,2020-04-28 10:27:00,35.8970342,128.5985975,지하누수,북구 연암공원로13길 12-9 (산격동) / 1180-99번지,EPS D40*20 분기점누수 수선,북구,북구 산격동 1180-99,520.0,461.0,공도,20.0,628,,5.0
20200428-0123,2020-04-28 10:27:00,35.8970342,128.5985975,긴급공사,북구 연암공원로13길 12-9 (산격동) / 1180-99번지,,북구,산격동 1180-99,520.0,46-1,공도,20.0,628 ,,급수관
202001717,2020-04-28 11:02:00,35.8935219,128.6098311,지상누수,"북구 대학로 91-3 (산격동,뚝배기순대) / 1332-5번지",D15 패킹교체수선,북구,"북구 대학로 91-3 (산격동,뚝배기순대) / 1332-5번지",520.0,,,15.0,,,5.0
20200428-0189,2020-04-28 11:02:00,35.8935219,128.6098311,긴급공사,"북구 대학로 91-3 (산격동,뚝배기순대) / 1332-5번지",,북구,"대학로 91-3 (산격동,뚝배기순대) / 1332-5번지",520.0,49,사유지,15.0,,,급수관
20200507-0003,2020-05-07 08:51:00,35.8948443,128.6084927,긴급공사,"북구 산격로10길 30 (산격동,미니레이디) / 1314-43번지",,북구,산격동 1314-43 미니레이디 ,520.0,49,사유지,15.0,138 ,,급수관
202002223,2020-05-07 08:51:00,35.8948443,128.6084927,지하누수,"북구 산격로10길 30 (산격동,미니레이디) / 1314-43번지",D15mm 계량기보호통교체,북구,북구 산격동 1314-43 미니레이디 ,520.0,490.0,사유지,15.0,138,,5.0
202002232,2020-05-11 09:13:00,35.8970928,128.6092451,지하누수,"북구 대동로4길 19 (산격동,파랑새) / 1253-32번지","D80x25mm 분기대 교체
",북구,북구 산격동 1253-32 파랑새 ,520.0,480.0,공도,25.0,16,,5.0
20200511-0027,2020-05-11 09:13:00,35.8970928,128.6092451,긴급공사,"북구 대동로4길 19 (산격동,파랑새) / 1253-32번지",,북구,산격동 1253-32 파랑새 ,520.0,48,공도,25.0,16 ,,급수관
20200511-0029,2020-05-11 09:14:00,35.895288,128.6092459,긴급공사,"북구 대학로25길 29-3 (산격동,알파인) / 1312-54번지",,북구,산격동 1312-54 알파인 ,520.0,48,사유지,15.0,143 ,,급수관
202002230,2020-05-11 09:14:00,35.895288,128.6092459,지하누수,"북구 대학로25길 29-3 (산격동,알파인) / 1312-54번지","D13mm 직관부수선
",북구,북구 산격동 1312-54  ,520.0,480.0,사유지,15.0,143,,5.0
202002191,2020-05-22 14:28:00,35.894522,128.5982219,지상누수,북구 연암공원로7길 2-1 (산격동) / 1139-5번지,D13mm 계량기보호통교체,북구,북구 연암공원로7길 2-1 (산격동) / 1139-5번지,520.0,,,15.0,,,5.0
20200522-0282,2020-05-22 14:28:00,35.894522,128.5982219,긴급공사,북구 연암공원로7길 2-1 (산격동) / 1139-5번지,,북구,연암공원로7길 2-1 (산격동) / 1139-5번지,520.0,46-1,사유지,15.0,,,급수관
202002769,2020-06-03 09:45:00,35.893335,128.608099,지하누수,북구 산격동 1397-25 김스타치킨 경대점 ,D13 인입선수선(개조),북구,북구 산격동 1397-25 김스타치킨 경대점 ,520.0,490.0,사유지,15.0,168,,5.0
20200603-0064,2020-06-03 09:45:00,35.893335,128.608099,긴급공사,북구 산격동 1397-25 김스타치킨 경대점 ,,북구,산격동 1397-25 김스타치킨 경대점 ,520.0,49,사유지,15.0,168 ,,급수관
20200608-0116,2020-06-08 10:45:00,35.8933403,128.6041584,긴급공사,북구 대구체육관로9길 16-1 (산격동) / 1430-34번지,,북구,산격동 1430-34,520.0,47,사유지,15.0,173 ,,급수관
202002757,2020-06-08 10:45:00,35.8933403,128.6041584,지하누수,북구 대구체육관로9길 16-1 (산격동) / 1430-34번지,"D13mm 직관부수선
",북구,북구 산격동 1430-34,520.0,470.0,사유지,15.0,173,,5.0
20200608-0118,2020-06-08 10:46:00,35.8971951,128.6088573,긴급공사,북구 대동로4길 15-2 (산격동) / 1253-25번지,,북구,산격동 1253-25,520.0,48,공도,80.0,250 ,,배수지관
202002755,2020-06-08 10:46:00,35.8971951,128.6088573,지하누수,북구 대동로4길 15-2 (산격동) / 1253-25번지,"D80mm 구분기점폐쇄
",북구,북구 산격동 1253-25,520.0,480.0,공도,80.0,250,,4.0
20200629-0530,2020-06-29 16:23:00,35.8954243,128.6020765,긴급공사,북구 산격로서9길 8-24 (산격동) / 1437-15번지,,북구,산격동 1437-15,520.0,24-3,공도,15.0,197 ,,급수관
202003019,2020-06-29 16:23:00,35.8954243,128.6020765,지하누수,북구 산격로서9길 8-24 (산격동) / 1437-15번지,EPS D50*15 니플교체,북구,북구 산격동 1437-15,520.0,243.0,공도,15.0,197,,5.0
202003021,2020-06-30 17:55:00,35.898519,128.6055705,지하누수,북구 연암공원로32길 50-5 (산격동) / 1222-12번지,D13 직관부 수선,북구,북구 산격동 1222-12,520.0,243.0,사유지,15.0,44,,5.0
20200630-0564,2020-06-30 17:55:00,35.898519,128.6055705,긴급공사,북구 연암공원로32길 50-5 (산격동) / 1222-12번지,,북구,산격동 1222-12,520.0,24-3,사유지,15.0,44 ,,급수관
202003119,2020-07-02 10:44:00,35.8971737,128.5986068,지하누수,북구 연암공원로13길 12-27 (산격동) / 1180-96번지,D15 직관부누수 수선,북구,북구 산격동 1180-96,520.0,461.0,공도,15.0,"1,915",,5.0
20200702-0136,2020-07-02 10:44:00,35.8971737,128.5986068,긴급공사,북구 연암공원로13길 12-27 (산격동) / 1180-96번지,,북구,산격동 1180-96,520.0,46-1,공도,15.0,"1,915 ",,급수관
202003123,2020-07-06 14:14:00,35.8956519,128.6018395,지상누수,북구 산격로서9길 8-47 (산격동) / 1437-41번지,"EPS D40x13mm 니플수선
",북구,북구 산격로서9길 8-47 (산격동) / 1437-41번지,520.0,,,15.0,0,,5.0
20200704-0022,2020-07-06 14:14:00,35.8956519,128.6018395,긴급공사,북구 산격로서9길 8-47 (산격동) / 1437-41번지,,북구,산격로서9길 8-47 (산격동) / 1437-41번지,520.0,24-3,공도,15.0,0 ,,급수관
20200729-0041,2020-07-29 09:22:00,35.8948505,128.6081292,긴급공사,북구 대학로15길 23-1 (산격동) / 1326번지,,북구,산격동 1326 14,520.0,49,공도,15.0,25 ,,급수관
202003272,2020-07-29 09:22:00,35.8948505,128.6081292,지하누수,북구 대학로15길 23-1 (산격동) / 1326번지,D80x13mm 분기대교체,북구,북구 산격동 1326 14,520.0,490.0,공도,15.0,25,,5.0
20200806-0156,2020-08-06 12:06:00,35.8957906,128.6108018,긴급공사,북구 산격로14길 52-1 (산격동) / 1306-57번지,,북구,산격로14길 52-1 (산격동) / 1306-57번지,520.0,49,사유지,15.0,,,급수관
202003731,2020-08-06 12:06:00,35.8957906,128.6108018,지상누수,북구 산격로14길 52-1 (산격동) / 1306-57번지,D13mm 계량기보호통교체,북구,북구 산격로14길 52-1 (산격동) / 1306-57번지,520.0,,,15.0,,,5.0
202004541,2020-10-13 16:36:00,35.890437,128.6039201,지상누수,북구 연암로4길 52-4 (산격동) / 1498-136번지,D13개조공사,북구,북구 연암로4길 52-4 (산격동) / 1498-136번지,520.0,,,15.0,0,,5.0
20201013-0276,2020-10-13 16:36:00,35.890437,128.6039201,긴급공사,북구 연암로4길 52-4 (산격동) / 1498-136번지,,북구,연암로4길 52-4 (산격동) / 1498-136번지,520.0,47,사유지,15.0,0 ,,급수관
202004564,2020-10-27 10:24:00,35.8986193,128.6041785,지상누수,북구 연암공원로20길 30 (산격동) / 1197-86번지,80×13분기대교체(2개소),북구,북구 연암공원로20길 30 (산격동) / 1197-86번지,520.0,,,15.0,0,,5.0
20201027-0132,2020-10-27 10:24:00,35.8986193,128.6041785,긴급공사,북구 연암공원로20길 30 (산격동) / 1197-86번지,,북구,연암공원로20길 30 (산격동) / 1197-86번지,520.0,24-3,사유지,15.0,0 ,,급수관
202004566,2020-10-28 08:44:00,35.8979493,128.6042737,지상누수,북구 연암공원로20길 30-17 (산격동) / 1197-81번지,D80x13mm분기대교체,북구,북구 연암공원로20길 30-17 (산격동) / 1197-81번지,520.0,,,15.0,,,5.0
20201028-0007,2020-10-28 08:44:00,35.8979493,128.6042737,긴급공사,북구 연암공원로20길 30-17 (산격동) / 1197-81번지,,북구,연암공원로20길 30-17 (산격동) / 1197-81번지,520.0,24-3,사유지,15.0,,,급수관
202004599,2020-11-04 17:36:00,35.8963962,128.6105147,지하누수,"북구 대동로8길 3-4 (산격동,유한하이츠) / 1267-16번지",D40×13분기점수선,북구,북구 산격동 1267-16,520.0,490.0,공도,15.0,37,,5.0
20201104-0562,2020-11-04 17:36:00,35.8963962,128.6105147,긴급공사,"북구 대동로8길 3-4 (산격동,유한하이츠) / 1267-16번지",,북구,산격동 1267-16,520.0,49,공도,15.0,37 ,,급수관
20201211-0174,2020-12-11 14:07:00,35.898537,128.6041687,긴급공사,북구 연암공원로20길 30-4 (산격동) / 1197-87번지,,북구,연암공원로20길 30-4 (산격동) / 1197-87번지,520.0,24-3,공도,15.0,0 ,,급수관
202005508,2020-12-11 14:07:00,35.898537,128.6041687,지상누수,북구 연암공원로20길 30-4 (산격동) / 1197-87번지,80×15분기점수선,북구,북구 연암공원로20길 30-4 (산격동) / 1197-87번지,520.0,,,15.0,0,,5.0
20201218-0117,2020-12-18 10:25:00,35.8982422,128.60562,긴급공사,"북구 연암공원로32길 50-1, 자납 (산격동) / 1222-14번지",,북구,산격동 1222-14 자납,520.0,24-3,,,,,배수지관
20201218-0126,2020-12-18 10:28:00,35.8936393,128.6034359,긴급공사,"북구 대구체육관로 39, 2층 (산격동,대구유도회) / 1427-1번지",,북구,산격동 1427-1 2층,520.0,47,,,,,배수본관
20201224-0498,2020-12-24 20:16:00,35.8945089,128.5990098,긴급공사,"북구 연암공원로10길 5 (산격동,삼원주택) / 1125-1번지",,북구,산격동 1125-1,520.0,46-1,,,,,
20210109-0230,2021-01-09 14:11:00,35.8960453,128.6009302,긴급공사,북구 산격로11길 40-1 (산격동) / 1161-55번지,,북구,산격로11길 40-1 (산격동) / 1161-55번지,520.0,46-1,사유지,15.0,,,급수관
202100466,2021-01-09 14:11:00,35.8960453,128.6009302,지상누수,북구 산격로11길 40-1 (산격동) / 1161-55번지,계량기연결부수선,북구,북구 산격로11길 40-1 (산격동) / 1161-55번지,520.0,,,15.0,,,5.0
202100485,2021-01-12 17:50:00,35.893689,128.5984427,지상누수,북구 연암공원로 32-8 (산격동) / 1105-1번지,D13보호통교체,북구,북구 연암공원로 32-8 (산격동) / 1105-1번지,520.0,,,15.0,,,5.0
20210112-0635,2021-01-12 17:50:00,35.893689,128.5984427,긴급공사,북구 연암공원로 32-8 (산격동) / 1105-1번지,,북구,연암공원로 32-8 (산격동) / 1105-1번지,520.0,46-1,사유지,15.0,,,급수관
202100430,2021-01-14 09:29:00,35.8954174,128.6096018,지상누수,북구 대학로25길 25 (산격동) / 1307-4번지,D13보호통교체,북구,북구 대학로25길 25 (산격동) / 1307-4번지,520.0,,,15.0,,,5.0
20210114-0136,2021-01-14 09:29:00,35.8954174,128.6096018,긴급공사,북구 대학로25길 25 (산격동) / 1307-4번지,,북구,대학로25길 25 (산격동) / 1307-4번지,520.0,49,사유지,15.0,,,급수관
202100441,2021-01-15 07:43:00,35.8932559,128.6040557,지상누수,북구 대구체육관로9길 14 (산격동) / 1430-35번지,D13보호통교체,북구,북구 대구체육관로9길 14 (산격동) / 1430-35번지,520.0,,,15.0,,,5.0
20210115-0012,2021-01-15 07:43:00,35.8932559,128.6040557,긴급공사,북구 대구체육관로9길 14 (산격동) / 1430-35번지,,북구,대구체육관로9길 14 (산격동) / 1430-35번지,520.0,47,사유지,15.0,,,급수관
20210118-0114,2021-01-18 09:33:00,35.8924787,128.605816,긴급공사,"북구 산격로6길 6-1 (산격동,성은청과) / 1418번지",,북구,"산격로6길 6-1 (산격동,성은청과) / 1418번지",520.0,49,사유지,15.0,,,급수관
202100513,2021-01-18 09:33:00,35.8924787,128.605816,지상누수,"북구 산격로6길 6-1 (산격동,성은청과) / 1418번지",계량기연결부수선,북구,"북구 산격로6길 6-1 (산격동,성은청과) / 1418번지",520.0,,,15.0,,,5.0
202100459,2021-01-18 13:09:00,35.8948401,128.6108953,지상누수,북구 산격로10길 52 (산격동) / 1308-5번지,앵글밸브수선,북구,북구 산격로10길 52 (산격동) / 1308-5번지,520.0,,,15.0,,,5.0
20210118-0423,2021-01-18 13:09:00,35.8948401,128.6108953,긴급공사,북구 산격로10길 52 (산격동) / 1308-5번지,,북구,산격로10길 52 (산격동) / 1308-5번지,520.0,49,사유지,15.0,,,급수관
202100494,2021-01-18 13:46:00,35.8935606,128.6053668,지하누수,"북구 산격로 36 (산격동,휴대폰) / 1413-27번지",D13마개처리,북구,북구 산격동 1413-27,520.0,490.0,사유지,15.0,648,,5.0
20210118-0477,2021-01-18 13:46:00,35.8935606,128.6053668,긴급공사,"북구 산격로 36 (산격동,휴대폰) / 1413-27번지",,북구,산격동 1413-27,520.0,49,사유지,15.0,648 ,,급수관
202100858,2021-01-21 19:09:00,35.8948004,128.6008315,지상누수,북구 산격로서9길 17-6 (산격동) / 1435-27번지,계량기연결부수선,북구,북구 산격로서9길 17-6 (산격동) / 1435-27번지,520.0,,,15.0,,,5.0
20210121-0683,2021-01-21 19:09:00,35.8948004,128.6008315,긴급공사,북구 산격로서9길 17-6 (산격동) / 1435-27번지,,북구,산격로서9길 17-6 (산격동) / 1435-27번지,520.0,46-1,사유지,15.0,,,급수관
20210127-0564,2021-01-27 16:36:00,35.896407,128.6087045,긴급공사,북구 대동로8길 21-3 (산격동) / 1249-15번지,,북구,산격동 1249-15,520.0,48,공도,15.0,672 ,,급수관
202100916,2021-01-27 16:36:00,35.896407,128.6087045,지하누수,북구 대동로8길 21-3 (산격동) / 1249-15번지,D40x13mm니플교체,북구,북구 산격동 1249-15,520.0,480.0,공도,15.0,672,,5.0
202101635,2021-02-02 13:26:00,35.8931139,128.6092693,지상누수,"북구 대학로23길 33 (산격동,게임마트) / 1336-3번지",D13mm 계량기연결부수선,북구,"북구 대학로23길 33 (산격동,게임마트) / 1336-3번지",520.0,,,20.0,0,,5.0
20210202-0254,2021-02-02 13:26:00,35.8931139,128.6092693,긴급공사,"북구 대학로23길 33 (산격동,게임마트) / 1336-3번지",,북구,"대학로23길 33 (산격동,게임마트) / 1336-3번지",520.0,49,사유지,20.0,0 ,,급수관
202101636,2021-02-02 16:55:00,35.8942865,128.6098394,지하누수,"북구 대학로23길 18-3 (산격동,코이라멘) / 1309-20번지",D40x13mm 니플교체,북구,북구 산격동 1309-20,520.0,490.0,공도,15.0,12,,5.0
20210202-0532,2021-02-02 16:55:00,35.8942865,128.6098394,긴급공사,"북구 대학로23길 18-3 (산격동,코이라멘) / 1309-20번지",,북구,산격동 1309-20,520.0,49,공도,15.0,12 ,,급수관
20210216-0019,2021-02-16 09:04:00,35.8922299,128.6075294,긴급공사,"북구 대학로13길 5 (산격동,상따리) / 1414-58번지",,북구,"대학로13길 5 (산격동,상따리) / 1414-58번지",520.0,49,사유지,15.0,0 ,,급수관
202101687,2021-02-16 09:04:00,35.8922299,128.6075294,지상누수,"북구 대학로13길 5 (산격동,상따리) / 1414-58번지",13mm 보호통교체,북구,"북구 대학로13길 5 (산격동,상따리) / 1414-58번지",520.0,,,15.0,0,,5.0
20210223-0106,2021-02-23 09:51:00,35.8924099,128.5980182,긴급공사,북구 연암공원로 22-51 (산격동) / 1096-2번지,,북구,연암공원로 22-51 (산격동) / 1096-2번지,520.0,,사유지,15.0,,,급수관
202101741,2021-02-23 09:51:00,35.8924099,128.5980182,지상누수,북구 연암공원로 22-51 (산격동) / 1096-2번지,D13mm 보호통교체,북구,북구 연암공원로 22-51 (산격동) / 1096-2번지,520.0,,,15.0,,,5.0
20210226-0009,2021-02-26 09:03:00,35.8953951,128.6115114,긴급공사,"북구 대학로25길 7, 401호 (산격동,가로등) / 1304-23번지",,북구,"대학로25길 7, 401호 (산격동,가로등) / 1304-23번지",520.0,49,공도,15.0,0 ,,급수관
202101749,2021-02-26 09:03:00,35.8953951,128.6115114,지상누수,"북구 대학로25길 7, 401호 (산격동,가로등) / 1304-23번지",D25x13mm 접합부수선,북구,"북구 대학로25길 7, 401호 (산격동,가로등) / 1304-23번지",520.0,,,15.0,0,,5.0
202101750,2021-02-26 11:27:00,35.8897404,128.6027238,지하누수,"북구 연암로4길 24 (산격동,아이리치) / 1498-67번지",D100x13mm 구관폐쇄,북구,북구 산격동 1498-67,520.0,470.0,공도,15.0,12,,5.0
20210226-0201,2021-02-26 11:27:00,35.8897404,128.6027238,긴급공사,"북구 연암로4길 24 (산격동,아이리치) / 1498-67번지",,북구,산격동 1498-67,520.0,47,공도,15.0,12 ,,급수관
202102313,2021-03-03 09:46:00,35.8957377,128.6011203,지하누수,북구 산격로11길 37 (산격동) / 1434-87번지,D100x13mm 구분기점폐쇄,북구,북구 산격동 1434-87,520.0,461.0,공도,15.0,372,,4.0
20210303-0114,2021-03-03 09:46:00,35.8957377,128.6011203,긴급공사,북구 산격로11길 37 (산격동) / 1434-87번지,,북구,산격동 1434-87,520.0,46-1,공도,15.0,372 ,,배수지관
202102355,2021-03-06 09:43:00,35.8948698,128.6010136,지상누수,북구 산격로서9길 17-5 (산격동) / 1435-21번지,D13mm 보호통교체,북구,북구 산격로서9길 17-5 (산격동) / 1435-21번지,520.0,,,15.0,,,5.0
20210306-0012,2021-03-06 09:43:00,35.8948698,128.6010136,긴급공사,북구 산격로서9길 17-5 (산격동) / 1435-21번지,,북구,산격로서9길 17-5 (산격동) / 1435-21번지,520.0,46-1,사유지,15.0,,,급수관
20210311-0030,2021-03-11 09:27:00,35.8920608,128.5969805,긴급공사,북구 연암로12길 9-2 (산격동) / 1052번지,,북구,산격동 1052,520.0,46-1,공도,15.0,218 ,,급수관
202102372,2021-03-11 09:27:00,35.8920608,128.5969805,지하누수,북구 연암로12길 9-2 (산격동) / 1052번지,PFP D40X13 니플교체,북구,북구 산격동 1052,520.0,461.0,공도,15.0,218,,5.0
202102374,2021-03-11 09:28:00,35.8923038,128.5969296,지하누수,"북구 연암로12길 15 (산격동,부흥어패럴) / 1057-1번지",PFP D100 접합소켓 조으기,북구,북구 산격동 1057-1,520.0,461.0,공도,80.0,571,,4.0
20210311-0031,2021-03-11 09:28:00,35.8923038,128.5969296,긴급공사,"북구 연암로12길 15 (산격동,부흥어패럴) / 1057-1번지",,북구,산격동 1057-1,520.0,46-1,공도,80.0,571 ,,배수지관
20210311-0155,2021-03-11 13:04:00,35.8968784,128.6066871,긴급공사,북구 대학로9길 72-5 (산격동) / 1243-8번지,,북구,산격동 1243-8,520.0,48,사유지,15.0,8 ,,급수관
202102379,2021-03-11 13:04:00,35.8968784,128.6066871,지하누수,북구 대학로9길 72-5 (산격동) / 1243-8번지,"D13 보호통교체
",북구,북구 산격동 1243-8,520.0,480.0,사유지,15.0,8,,5.0
20210325-0557,2021-03-25 16:35:00,35.8929896,128.6046873,긴급공사,북구 대구체육관로11길 10 (산격동) / 1429-6번지,,북구,대구체육관로11길 10 (산격동) / 1429-6번지,520.0,47,공도,15.0,0 ,,급수관
202102348,2021-03-25 16:35:00,35.8929896,128.6046873,지상누수,북구 대구체육관로11길 10 (산격동) / 1429-6번지,D13 직관부수선,북구,북구 대구체육관로11길 10 (산격동) / 1429-6번지,520.0,,,15.0,0,,5.0
20210326-0020,2021-03-26 09:15:00,35.8954103,128.6093837,긴급공사,북구 대동로6길 22 (산격동) / 1312번지,,북구,산격동 1312,520.0,48,공도,80.0,516 ,,배수지관
202102354,2021-03-26 09:15:00,35.8954103,128.6093837,지하누수,북구 대동로6길 22 (산격동) / 1312번지,D80 직관부수선,북구,북구 산격동 1312,520.0,480.0,공도,80.0,516,,4.0
202102357,2021-03-26 09:16:00,35.8956941,128.6084596,지하누수,북구 대학로25길 36-4 (산격동) / 1311-75번지,DTC D80X25 분기대교체,북구,북구 산격동 1311-75,520.0,480.0,공도,25.0,72,,5.0
20210326-0021,2021-03-26 09:16:00,35.8956941,128.6084596,긴급공사,북구 대학로25길 36-4 (산격동) / 1311-75번지,,북구,산격동 1311-75,520.0,48,공도,25.0,72 ,,급수관
202102378,2021-03-26 17:09:00,35.8926598,128.6054077,지상누수,"북구 산격로 24, 수펴 (산격동) / 1413-15번지",계량기패킹교체,북구,"북구 산격로 24, 수펴 (산격동) / 1413-15번지",520.0,,,15.0,0,,5.0
20210326-0591,2021-03-26 17:09:00,35.8926598,128.6054077,긴급공사,"북구 산격로 24, 수펴 (산격동) / 1413-15번지",,북구,"산격로 24, 수펴 (산격동) / 1413-15번지",520.0,49,사유지,15.0,0 ,,급수관
202102664,2021-04-01 09:37:00,35.8916045,128.603594,지하누수,북구 대구체육관로8길 19-1 (산격동) / 1497-33번지,DTC D80X13 분기대 교체수선,북구,북구 산격동 1497-33,520.0,470.0,공도,15.0,166,,5.0
20210401-0078,2021-04-01 09:37:00,35.8916045,128.603594,긴급공사,북구 대구체육관로8길 19-1 (산격동) / 1497-33번지,,북구,산격동 1497-33,520.0,47,공도,15.0,166 ,,급수관
20210407-0006,2021-04-07 08:52:00,35.8920443,128.6037541,긴급공사,북구 대구체육관로10길 10-1 (산격동) / 1497-35번지,,북구,산격동 1497-35,520.0,47,공도,15.0,161 ,,배수지관
202102823,2021-04-07 08:52:00,35.8920443,128.6037541,지하누수,북구 대구체육관로10길 10-1 (산격동) / 1497-35번지,D80X13 구분기점폐쇄,북구,북구 산격동 1497-35,520.0,470.0,공도,15.0,161,,4.0
202102761,2021-04-20 14:40:00,35.8939019,128.6063404,지상누수,북구 산격로8길 9-6 (산격동) / 1409-40번지,D25x15 티이수선 및 레듀사교체,북구,북구 산격로8길 9-6 (산격동) / 1409-40번지,520.0,,,25.0,0,,4.0
20210420-0418,2021-04-20 14:40:00,35.8939019,128.6063404,긴급공사,북구 산격로8길 9-6 (산격동) / 1409-40번지,,북구,산격로8길 9-6 (산격동) / 1409-40번지,520.0,49,공도,25.0,0 ,,배수지관
202102764,2021-04-20 16:03:00,35.8964574,128.6067985,지상누수,북구 대학로13길 51-40 (산격동) / 1247-2번지,D15 보호통교체,북구,북구 대학로13길 51-40 (산격동) / 1247-2번지,520.0,,,15.0,,,5.0
20210420-0506,2021-04-20 16:03:00,35.8964574,128.6067985,긴급공사,북구 대학로13길 51-40 (산격동) / 1247-2번지,,북구,대학로13길 51-40 (산격동) / 1247-2번지,520.0,48,사유지,15.0,,,급수관
202103487,2021-05-08 09:34:00,35.8951362,128.6118528,지상누수,북구 대학로 119-2 (산격동) / 1277-4번지,D25 직관부수선,북구,북구 대학로 119-2 (산격동) / 1277-4번지,520.0,,,25.0,0,,4.0
202103528,2021-05-21 06:40:00,35.8942498,128.6104451,지상누수,"북구 대학로23길 15-5 (산격동,옷가게) / 1327번지",D25X15 구분기점 폐쇄,북구,"북구 대학로23길 15-5 (산격동,옷가게) / 1327번지",520.0,,,15.0,0,,4.0
20210521-0001,2021-05-21 06:40:00,35.8942498,128.6104451,긴급공사,"북구 대학로23길 15-5 (산격동,옷가게) / 1327번지",,북구,"대학로23길 15-5 (산격동,옷가게) / 1327번지",520.0,49,공도,15.0,0 ,,배수지관
202103929,2021-06-04 15:38:00,35.8937502,128.6103499,지상누수,"북구 대학로 97 (산격동,아카데미안경) / 1329-7번지",D25 보호통교체,북구,"북구 대학로 97 (산격동,아카데미안경) / 1329-7번지",520.0,,,25.0,0,,5.0
20210608-0367,2021-06-08 15:42:00,35.8955894,128.6061974,긴급공사,북구 대학로25길 56 (산격동) / 1406-45번지,,북구,산격동 1406-45,520.0,48,공도,40.0,"8,352 ",,배수지관
202103933,2021-06-08 15:42:00,35.8955894,128.6061974,지하누수,북구 대학로25길 56 (산격동) / 1406-45번지,D80X40 분기대교체,북구,북구 산격동 1406-45,520.0,480.0,공도,40.0,"8,352",,4.0
20210616-0376,2021-06-16 17:19:00,35.8955879,128.6064074,긴급공사,"북구 대학로25길 54 (산격동,태화아트빌) / 1406-37번지",,북구,산격동 1406-37,520.0,48,공도,40.0,"13,104 ",생활용수,배수지관
202103953,2021-06-16 17:19:00,35.8955879,128.6064074,지하누수,"북구 대학로25길 54 (산격동,태화아트빌) / 1406-37번지",D40 접합부 수선,북구,북구 산격동 1406-37,520.0,480.0,공도,40.0,"13,104",SS00201,4.0
202103955,2021-06-17 11:35:00,35.8961398,128.6081966,지하누수,북구 산격로14길 25-4 (산격동) / 1310-24번지,D25X15 밸브교체수선,북구,북구 산격동 1310-24,520.0,480.0,공도,15.0,546,,5.0
20210617-0227,2021-06-17 11:35:00,35.8961398,128.6081966,긴급공사,북구 산격로14길 25-4 (산격동) / 1310-24번지,,북구,산격동 1310-24,520.0,48,공도,15.0,546 ,,급수관
20210629-0756,2021-06-29 17:11:00,35.892445,128.6080946,긴급공사,"북구 대학로15길 5 (산격동,자갈치) / 1400번지",,북구,산격동 1400,520.0,49,,,,,
202103981,2021-06-29 17:11:00,35.892445,128.6080946,지하누수,"북구 대학로15길 5 (산격동,자갈치) / 1400번지",터파기 결과 미누수,북구,북구 산격동 1400,520.0,490.0,,,,,
20210630-0456,2021-06-30 14:26:00,35.8941277,128.5986262,긴급공사,북구 연암공원로8길 1 (산격동) / 1126-11번지,,북구,연암공원로8길 1 (산격동) / 1126-11번지,520.0,46-1,사유지,15.0,,,급수관
202103983,2021-06-30 14:26:00,35.8941277,128.5986262,지상누수,북구 연암공원로8길 1 (산격동) / 1126-11번지,D15mm보호통교체,북구,북구 연암공원로8길 1 (산격동) / 1126-11번지,520.0,,,15.0,,,5.0
202104503,2021-07-03 10:44:00,35.8952774,128.6101531,지상누수,북구 대학로25길 17-6 (산격동) / 1307-59번지,D15mm계량기보호통 연결부 수선,북구,북구 대학로25길 17-6 (산격동) / 1307-59번지,520.0,,,15.0,0,,5.0
20210703-0021,2021-07-03 10:44:00,35.8952774,128.6101531,긴급공사,북구 대학로25길 17-6 (산격동) / 1307-59번지,,북구,대학로25길 17-6 (산격동) / 1307-59번지,520.0,49,사유지,15.0,0 ,,급수관
20210708-0379,2021-07-08 17:33:00,35.8969802,128.6084567,긴급공사,북구 대동로8길 24-8 (산격동) / 1250-4번지,,북구,산격동 1250-4,520.0,48,사유지,15.0,49 ,,급수관
202104566,2021-07-08 17:33:00,35.8969802,128.6084567,지하누수,북구 대동로8길 24-8 (산격동) / 1250-4번지,D15mm 보호통 연결부 수선,북구,북구 산격동 1250-4,520.0,480.0,사유지,15.0,49,,5.0
20210709-0021,2021-07-09 09:21:00,35.8924506,128.6083,긴급공사,북구 대학로15길 6 (산격동) / 1399-3번지,,북구,산격동 1399-3,520.0,49,공도,80.0,"2,448 ",,배수지관
202104504,2021-07-09 09:21:00,35.8924506,128.6083,지하누수,북구 대학로15길 6 (산격동) / 1399-3번지,D80mm KP접합부 수선,북구,북구 산격동 1399-3,520.0,490.0,공도,80.0,"2,448",,4.0
20210712-0366,2021-07-12 16:48:00,35.8948441,128.6087573,긴급공사,"북구 대학로17길 27 (산격동,티파니) / 1314번지",,북구,산격동 1314,520.0,49,공도,15.0,"2,496 ",,배수지관
202104507,2021-07-12 16:48:00,35.8948441,128.6087573,지하누수,"북구 대학로17길 27 (산격동,티파니) / 1314번지",D80x15mm 구분기점수선,북구,북구 산격동 1314,520.0,490.0,공도,15.0,"2,496",,4.0
202104532,2021-07-17 09:32:00,35.8961698,128.6018101,지상누수,북구 산격로북9길 9-19 (산격동) / 1195-118번지,D15mm 보호통교체,북구,북구 산격로북9길 9-19 (산격동) / 1195-118번지,520.0,,,15.0,0,,5.0
20210717-0004,2021-07-17 09:32:00,35.8961698,128.6018101,긴급공사,북구 산격로북9길 9-19 (산격동) / 1195-118번지,,북구,산격로북9길 9-19 (산격동) / 1195-118번지,520.0,,사유지,15.0,0 ,,급수관
202104526,2021-07-22 09:07:00,35.8927823,128.5978525,지상누수,북구 연암공원로 22-13 (산격동) / 1099-51번지,D40X15 T교체수선,북구,북구 연암공원로 22-13 (산격동) / 1099-51번지,520.0,,,40.0,0,,4.0
20210722-0008,2021-07-22 09:07:00,35.8927823,128.5978525,긴급공사,북구 연암공원로 22-13 (산격동) / 1099-51번지,,북구,연암공원로 22-13 (산격동) / 1099-51번지,520.0,46-1,공도,40.0,0 ,,배수지관
20210726-0521,2021-07-26 16:01:00,35.8977169,128.6048553,긴급공사,북구 연암공원로32길 62-6 (산격동) / 1197-43번지,,북구,연암공원로32길 62-6 (산격동) / 1197-43번지,520.0,24-3,사유지,15.0,0 ,,급수관
202104561,2021-07-26 16:01:00,35.8977169,128.6048553,지상누수,북구 연암공원로32길 62-6 (산격동) / 1197-43번지,D15 보호통 교체,북구,북구 연암공원로32길 62-6 (산격동) / 1197-43번지,520.0,,,15.0,0,,5.0
202104565,2021-07-31 14:13:00,35.898353,128.604123,지상누수,북구 연암공원로20길 30-8 (산격동) / 1197-89번지,D15 보호통 교체,북구,북구 연암공원로20길 30-8 (산격동) / 1197-89번지,520.0,,,15.0,,,5.0
20210731-0033,2021-07-31 14:13:00,35.898353,128.604123,긴급공사,북구 연암공원로20길 30-8 (산격동) / 1197-89번지,,북구,연암공원로20길 30-8 (산격동) / 1197-89번지,520.0,24-3,사유지,15.0,,,급수관
20210823-0055,2021-08-23 09:30:00,35.8920608,128.5969805,긴급공사,북구 연암로12길 9-2 (산격동) / 1052번지,,북구,산격동 1052,520.0,46-1,공도,40.0,"3,000 ",,배수지관
202104800,2021-08-23 09:30:00,35.8920608,128.5969805,지하누수,북구 연암로12길 9-2 (산격동) / 1052번지,D40*15 구분기점 폐쇄,북구,북구 산격동 1052,520.0,461.0,공도,40.0,"3,000",,4.0
20210827-0213,2021-08-27 12:44:00,35.8962193,128.6011202,긴급공사,북구 산격로11길 36-15 (산격동) / 1434-79번지,,북구,산격로11길 36-15 (산격동) / 1434-79번지,520.0,46-1,공도,15.0,0 ,,급수관
202104777,2021-08-27 12:44:00,35.8962193,128.6011202,지상누수,북구 산격로11길 36-15 (산격동) / 1434-79번지,D15 동밸브 교체수선,북구,북구 산격로11길 36-15 (산격동) / 1434-79번지,520.0,,,15.0,0,,5.0
20210831-0358,2021-08-31 13:23:00,35.8926588,128.5981486,긴급공사,북구 연암공원로 22-23 (산격동) / 1099-46번지,,북구,산격동 1099-46,520.0,46-1,공도,15.0,0 ,,급수관
202104779,2021-08-31 13:23:00,35.8926588,128.5981486,지상누수,북구 연암공원로 22-23 (산격동) / 1099-46번지,D40*15 접합부 교체,북구,북구 산격동 1099-46,520.0,,,15.0,0,,5.0
20210924-0430,2021-09-24 16:14:00,35.8980362,128.6037608,긴급공사,북구 연암공원로20길 26-12 (산격동) / 1190-14번지,,북구,연암공원로20길 26-12 (산격동) / 1190-14번지,520.0,24-3,공도,15.0,0 ,,급수관
202105452,2021-09-24 16:14:00,35.8980362,128.6037608,지상누수,북구 연암공원로20길 26-12 (산격동) / 1190-14번지,D40*15 접합부 교체 (하수도현장),북구,북구 연암공원로20길 26-12 (산격동) / 1190-14번지,520.0,,,15.0,0,,5.0
20211006-0268,2021-10-06 13:29:00,35.8927748,128.5978637,긴급공사,북구 연암공원로 22-13 (산격동) / 1099-51번지,,북구,산격동 1099-51,520.0,46-1,,,,생활용수,배수지관
20211015-0202,2021-10-15 14:15:00,35.8945825,128.6015796,긴급공사,북구 연암공원로10길 31-7 (산격동) / 1436-4번지,,북구,산격동 1436-4,520.0,24-3,사유지,15.0,,,급수관
202105927,2021-10-15 14:15:00,35.8945825,128.6015796,지상누수,북구 연암공원로10길 31-7 (산격동) / 1436-4번지,D15 보호통 교체,북구,북구 산격동 1436-4,520.0,,,15.0,,,5.0
202105945,2021-10-18 13:46:00,35.8941482,128.5976751,지상누수,북구 연암공원로 31-17 (산격동) / 878-2번지,D15 STS 직관부 수선,북구,북구 산격동 878-2,520.0,,,15.0,0,SS00201,5.0
20211018-0313,2021-10-18 13:46:00,35.8941482,128.5976751,긴급공사,북구 연암공원로 31-17 (산격동) / 878-2번지,,북구,산격동 878-2,520.0,46-1,사유지,15.0,0 ,생활용수,급수관
202105946,2021-10-19 09:49:00,35.8961338,128.6104798,지하누수,"북구 산격로14길 47 (산격동,동남빌) / 1305-4번지",D80*15 DTC 분기대 교체,북구,북구 산격동 1305-4,520.0,490.0,공도,15.0,"3,672",SS00201,5.0
20211019-0052,2021-10-19 09:49:00,35.8961338,128.6104798,긴급공사,"북구 산격로14길 47 (산격동,동남빌) / 1305-4번지",,북구,산격동 1305-4,520.0,49,공도,15.0,"3,672 ",생활용수,급수관
20211019-0055,2021-10-19 09:49:00,35.895638,128.6083125,긴급공사,북구 대학로25길 36-1 (산격동) / 1311-73번지,,북구,산격동 1311-73,520.0,48,공도,15.0,"3,672 ",생활용수,급수관
202105947,2021-10-19 09:49:00,35.895638,128.6083125,지하누수,북구 대학로25길 36-1 (산격동) / 1311-73번지,D80 DTC 구분기점 폐쇄,북구,북구 산격동 1311-73,520.0,480.0,공도,15.0,"3,672",SS00201,5.0
20211104-0222,2021-11-04 11:03:00,35.893401,128.5981047,긴급공사,북구 연암공원로8길 20-1 (산격동) / 1102-7번지,,북구,산격동 1102-7,520.0,46-1,사유지,15.0,,생활용수,급수관
202200146,2021-11-04 11:03:00,35.893401,128.5981047,지상누수,북구 연암공원로8길 20-1 (산격동) / 1102-7번지,D15 보호통 교체,북구,북구 산격동 1102-7,520.0,,,15.0,,SS00201,5.0
202200222,2021-11-19 10:13:00,35.895853,128.6097435,지상누수,북구 산격로14길 42-4 (산격동) / 1306-40번지,D15 보호통 교체,북구,북구 산격동 1306-40,520.0,,,15.0,,SS00201,5.0
20211119-0076,2021-11-19 10:13:00,35.895853,128.6097435,긴급공사,북구 산격로14길 42-4 (산격동) / 1306-40번지,,북구,산격동 1306-40,520.0,49,사유지,15.0,,생활용수,급수관
20211129-0033,2021-11-29 09:16:00,35.8957823,128.5984428,긴급공사,북구 연암공원로 55-31 (산격동) / 1169-17번지,,북구,산격동 1169-17,520.0,46-1,사유지,15.0,,생활용수,급수관
202200255,2021-11-29 09:16:00,35.8957823,128.5984428,지상누수,북구 연암공원로 55-31 (산격동) / 1169-17번지,D15 보호통 교체,북구,북구 산격동 1169-17,520.0,,,15.0,,SS00201,5.0
20211209-0122,2021-12-09 11:17:00,35.892445,128.6080946,긴급공사,북구 대학로15길 5 (산격동) / 1400번지,,북구,산격동 1400 마실커피경북대점,520.0,49,공도,80.0,"8,592 ",생활용수,급수관
202106220,2021-12-09 11:17:00,35.892445,128.6080946,지하누수,북구 대학로15길 5 (산격동) / 1400번지,D80 DTC 직관부 수선,북구,북구 산격동 1400 마실커피경북대점,520.0,490.0,공도,80.0,"8,592",SS00201,5.0
202200300,2021-12-13 16:20:00,35.8947052,128.6090903,지상누수,북구 산격로10길 34-2 (산격동) / 1313-16번지,D15 보호통 교체,북구,북구 산격동 1313-16,520.0,,,15.0,,SS00201,5.0
20211213-0383,2021-12-13 16:20:00,35.8947052,128.6090903,긴급공사,북구 산격로10길 34-2 (산격동) / 1313-16번지,,북구,산격동 1313-16,520.0,49,사유지,15.0,,생활용수,급수관
202200292,2021-12-31 10:42:00,35.8971656,128.6002114,지상누수,북구 연암공원로 77-3 (산격동) / 1183-16번지,D15 앵글밸브 수선,북구,북구 산격동 1183-16,520.0,,,15.0,,SS00201,5.0
20211231-0128,2021-12-31 10:42:00,35.8971656,128.6002114,긴급공사,북구 연암공원로 77-3 (산격동) / 1183-16번지,,북구,산격동 1183-16,520.0,46-1,사유지,15.0,,생활용수,급수관
202201169,2022-01-06 15:08:00,35.8977432,128.6018556,지상누수,북구 연암공원로 90-10 (산격동) / 1185-10번지,D15 보호통 교체,북구,북구 산격동 1185-10,520.0,,,15.0,,SS00201,5.0
20220106-0361,2022-01-06 15:08:00,35.8977432,128.6018556,긴급공사,북구 연암공원로 90-10 (산격동) / 1185-10번지,,북구,산격동 1185-10,520.0,24-3,사유지,15.0,,생활용수,급수관
202201180,2022-01-12 09:13:00,35.8902971,128.6031375,지상누수,"북구 연암로4길 35 (산격동,온누리어린이집) / 1401-4번지",D100X25 분기대 교체,북구,북구 산격동 1401-4,520.0,,,25.0,1,SS00201,5.0
20220112-0012,2022-01-12 09:13:00,35.8902971,128.6031375,긴급공사,"북구 연암로4길 35 (산격동,온누리어린이집) / 1401-4번지",,북구,산격동 1401-4,520.0,47,공도,25.0,1 ,생활용수,급수관
20220117-0498,2022-01-17 18:00:00,35.8912787,128.5975226,긴급공사,북구 연암로 56-1 (산격동) / 1018-1번지,,북구,산격동 1018-1,520.0,46-1,사유지,15.0,54 ,생활용수,급수관
202201196,2022-01-17 18:00:00,35.8912787,128.5975226,지하누수,북구 연암로 56-1 (산격동) / 1018-1번지,D15 보호통 교체D15 엑셀와사관 철거,북구,북구 산격동 1018-1,520.0,461.0,사유지,15.0,54,SS00201,5.0
20220207-0031,2022-02-07 09:26:00,35.8943094,128.5979899,긴급공사,북구 연암공원로 37-6 (산격동) / 1133번지,,북구,산격동 1133,520.0,46-1,사유지,15.0,27 ,생활용수,급수관
202201729,2022-02-07 09:26:00,35.8943094,128.5979899,지하누수,북구 연암공원로 37-6 (산격동) / 1133번지,D25 STS 접합부 수선,북구,북구 산격동 1133,520.0,461.0,사유지,15.0,27,SS00201,5.0
20220207-0037,2022-02-07 09:31:00,35.897346,128.5991107,긴급공사,북구 연암공원로11길 13-1 (산격동) / 1180-77번지,,북구,산격동 1180-77,520.0,46-1,공도,15.0,114 ,생활용수,급수관
202201730,2022-02-07 09:31:00,35.897346,128.5991107,지하누수,북구 연암공원로11길 13-1 (산격동) / 1180-77번지,D150X15 분기대 교체,북구,북구 산격동 1180-77,520.0,461.0,공도,15.0,114,SS00201,5.0
20220207-0040,2022-02-07 09:34:00,35.8914089,128.5976348,긴급공사,북구 연암로12길 6-6 (산격동) / 1016번지,,북구,산격동 1016,520.0,46-1,사유지,15.0,146 ,생활용수,급수관
202201731,2022-02-07 09:34:00,35.8914089,128.5976348,지하누수,북구 연암로12길 6-6 (산격동) / 1016번지,D15 보호통 교체,북구,북구 산격동 1016,520.0,461.0,사유지,15.0,146,SS00201,5.0
202201754,2022-02-13 12:22:00,35.8950599,128.6068585,지상누수,"북구 산격로10길 15 (산격동,반올림피자샵) / 1407-41번지",D15 계량기 접합부 수선,북구,북구 산격동 1407-41,520.0,,,15.0,,SS00201,5.0
20220213-0004,2022-02-13 12:22:00,35.8950599,128.6068585,긴급공사,"북구 산격로10길 15 (산격동,반올림피자샵) / 1407-41번지",,북구,산격동 1407-41,520.0,48,사유지,15.0,,생활용수,급수관
20220218-0217,2022-02-18 13:08:00,35.8940489,128.6048683,긴급공사,북구 산격로 39-2 (산격동) / 1425-3번지,,북구,산격동 1425-3,520.0,47,사유지,15.0,126 ,생활용수,급수관
202201770,2022-02-18 13:08:00,35.8940489,128.6048683,지하누수,북구 산격로 39-2 (산격동) / 1425-3번지,D15 보호통 교체,북구,북구 산격동 1425-3,520.0,470.0,사유지,15.0,126,SS00201,5.0
20220222-0428,2022-02-22 16:21:00,35.8962927,128.6107424,긴급공사,북구 대동로8길 3-7 (산격동) / 1268-11번지,,북구,산격동 1268-11,520.0,49,사유지,15.0,,생활용수,급수관
202201779,2022-02-22 16:21:00,35.8962927,128.6107424,지상누수,북구 대동로8길 3-7 (산격동) / 1268-11번지,D15 앵글밸브 수선,북구,북구 산격동 1268-11,520.0,,,15.0,,SS00201,5.0
20220224-0576,2022-02-24 17:13:00,35.8981031,128.6047695,긴급공사,북구 연암공원로32길 62-18 (산격동) / 1197-107번지,,북구,산격동 1197-107,520.0,24-3,사유지,15.0,,생활용수,급수관
202201784,2022-02-24 17:13:00,35.8981031,128.6047695,지상누수,북구 연암공원로32길 62-18 (산격동) / 1197-107번지,D15 보호통 교체,북구,북구 산격동 1197-107,520.0,,,15.0,,SS00201,5.0
20220228-0517,2022-02-28 14:36:00,35.8945985,128.6014333,긴급공사,북구 연암공원로10길 25-4 (산격동) / 1436-7번지,,북구,산격동 1436-7,520.0,24-3,사유지,15.0,,생활용수,급수관
202201787,2022-02-28 14:36:00,35.8945985,128.6014333,지상누수,북구 연암공원로10길 25-4 (산격동) / 1436-7번지,D15 앵글밸브 수선,북구,북구 산격동 1436-7,520.0,,,15.0,,SS00201,5.0
20220303-0052,2022-03-03 09:22:00,35.895618,128.6016666,긴급공사,북구 산격로서9길 8-43 (산격동) / 1437-40번지,,북구,산격동 1437-40,520.0,24-3,사유지,15.0,149 ,생활용수,급수관
202202273,2022-03-03 09:22:00,35.895618,128.6016666,지하누수,북구 산격로서9길 8-43 (산격동) / 1437-40번지,D40X15 EPS 접합부 교체,북구,북구 산격동 1437-40,520.0,243.0,사유지,15.0,149,SS00201,5.0
20220303-0055,2022-03-03 09:23:00,35.8964067,128.6044953,긴급공사,북구 연암공원로14길 41 (산격동) / 1226-8번지,,북구,산격동 1226-8,520.0,47,공도,15.0,260 ,생활용수,배수지관
202202274,2022-03-03 09:23:00,35.8964067,128.6044953,지하누수,북구 연암공원로14길 41 (산격동) / 1226-8번지,D80X15 DTC 분기대 교체,북구,북구 산격동 1226-8,520.0,470.0,공도,15.0,260,SS00201,4.0
202202382,2022-03-30 08:58:00,35.8972172,128.6062283,지하누수,북구 산격로 82-9 (산격동) / 1231-19번지,D40X15 접합부 교체,북구,북구 산격동 1231-19,520.0,480.0,사유지,15.0,173,SS00201,5.0
20220330-0014,2022-03-30 08:58:00,35.8972172,128.6062283,긴급공사,북구 산격로 82-9 (산격동) / 1231-19번지,,북구,산격동 1231-19,520.0,48,사유지,15.0,173 ,생활용수,급수관
20220405-0240,2022-04-05 14:10:00,35.8912521,128.6046144,긴급공사,북구 대구체육관로12길 27 (산격동) / 1433-42번지,,북구,산격동 1433-42,520.0,47,사유지,15.0,,생활용수,급수관
202202930,2022-04-05 14:10:00,35.8912521,128.6046144,지상누수,북구 대구체육관로12길 27 (산격동) / 1433-42번지,D15 앵글밸브 수선,북구,북구 산격동 1433-42,520.0,,,15.0,,SS00201,5.0
202202955,2022-04-16 10:51:00,35.8937074,128.6092431,지상누수,"북구 산격로8길 35-1 (산격동,화창한약국) / 1313-61번지",D15 앵글밸브 수선,북구,북구 산격동 1313-61,520.0,,,15.0,,SS00201,5.0
20220416-0012,2022-04-16 10:51:00,35.8937074,128.6092431,긴급공사,"북구 산격로8길 35-1 (산격동,화창한약국) / 1313-61번지",,북구,산격동 1313-61,520.0,49,사유지,15.0,,생활용수,급수관
20220420-0352,2022-04-20 16:08:00,35.893401,128.5981047,긴급공사,북구 연암공원로8길 20-1 (산격동) / 1102-7번지,,북구,산격동 1102-7,520.0,46-1,,,,,
202202982,2022-04-26 09:44:00,35.8979109,128.6076387,지하누수,북구 대학로9길 86-1 (산격동) / 1241-11번지,D80X15 DTC 분기대 교체,북구,북구 산격동 1241-11,520.0,480.0,공도,15.0,348,SS00201,4.0
20220426-0031,2022-04-26 09:44:00,35.8979109,128.6076387,긴급공사,북구 대학로9길 86-1 (산격동) / 1241-11번지,,북구,산격동 1241-11,520.0,48,공도,15.0,348 ,생활용수,배수지관
202202990,2022-04-29 16:58:00,35.8963247,128.6066462,지하누수,북구 대학로13길 51-17 (산격동) / 1246-6번지,D15 보호통 교체,북구,북구 산격동 1246-6,520.0,480.0,사유지,15.0,360,SS00201,5.0
20220429-0545,2022-04-29 16:58:00,35.8963247,128.6066462,긴급공사,북구 대학로13길 51-17 (산격동) / 1246-6번지,,북구,산격동 1246-6,520.0,48,사유지,15.0,360 ,생활용수,급수관
20220516-0006,2022-05-16 08:59:00,35.8955649,128.6090574,긴급공사,북구 대학로25길 30 (산격동) / 1311-69번지,,북구,산격동 1311-69,520.0,48,공도,15.0,0 ,생활용수,배수지관
202203410,2022-05-16 08:59:00,35.8955649,128.6090574,지상누수,북구 대학로25길 30 (산격동) / 1311-69번지,D80 분기점 교체(누수방지새들)D15 STS 직관부 2.5미터 수선,북구,북구 산격동 1311-69,520.0,,,15.0,0,SS00201,4.0
20220523-0018,2022-05-23 09:16:00,35.8970424,128.6098923,긴급공사,북구 대동로 30 (산격동) / 1266-1번지,,북구,산격동 1266-1 (주)희성홀딩스,520.0,49,사유지,40.0,16 ,생활용수,급수관
202203391,2022-05-23 09:16:00,35.8970424,128.6098923,지상누수,북구 대동로 30 (산격동) / 1266-1번지,D40 스텐밸브 설치,북구,북구 산격동 1266-1 (주)희성홀딩스,520.0,,,40.0,,SS00201,5.0
20220524-0006,2022-05-24 09:06:00,35.8957771,128.6102088,긴급공사,북구 산격로14길 46-3 (산격동) / 1306-52번지,,북구,산격동 1306-52,520.0,49,공도,15.0,276 ,,급수관
202203444,2022-05-24 09:06:00,35.8957771,128.6102088,지하누수,북구 산격로14길 46-3 (산격동) / 1306-52번지,D40X15 구분기점 폐쇄1306-27번지선 이물질출수,북구,북구 산격동 1306-52,520.0,490.0,공도,15.0,276,,5.0
202203450,2022-05-26 09:44:00,35.8970424,128.6098923,지상누수,북구 대동로 30 (산격동) / 1266-1번지,D40 PFP 직관처리 및 일부 철거,북구,북구 산격동 1266-1 (주)희성홀딩스,520.0,,,40.0,,SS00201,5.0
20220526-0082,2022-05-26 09:44:00,35.8970424,128.6098923,긴급공사,북구 대동로 30 (산격동) / 1266-1번지,,북구,산격동 1266-1 (주)희성홀딩스,520.0,49,사유지,40.0,,생활용수,급수관
20220531-0280,2022-05-31 14:17:00,35.8918995,128.6034968,긴급공사,북구 대구체육관로8길 13 (산격동) / 1497-6번지,,북구,산격동 1497-6,520.0,47,공도,20.0,1 ,생활용수,급수관
202203464,2022-05-31 14:17:00,35.8918995,128.6034968,지상누수,북구 대구체육관로8길 13 (산격동) / 1497-6번지,D80X20 PFP 분기대 교체,북구,북구 산격동 1497-6,520.0,,,20.0,1,SS00201,5.0
202203945,2022-06-09 09:45:00,35.8896577,128.6031403,지하누수,북구 연암로2길 31 (산격동) / 1498-177번지,D15 보호통 교체,북구,북구 산격동 1498-177,520.0,470.0,사유지,15.0,384,SS00201,5.0
20220609-0081,2022-06-09 09:45:00,35.8896577,128.6031403,긴급공사,북구 연암로2길 31 (산격동) / 1498-177번지,,북구,산격동 1498-177,520.0,47,사유지,15.0,384 ,생활용수,급수관
20220609-0083,2022-06-09 09:46:00,35.8946786,128.5982036,긴급공사,북구 연암공원로7길 2-5 (산격동) / 1139-1번지,,북구,산격동 1139-1,520.0,46-1,공도,15.0,403 ,생활용수,배수지관
202203946,2022-06-09 09:46:00,35.8946786,128.5982036,지하누수,북구 연암공원로7길 2-5 (산격동) / 1139-1번지,D80X15 DTC 분기대 교체,북구,북구 산격동 1139-1,520.0,461.0,공도,15.0,403,SS00201,4.0
20220613-0075,2022-06-13 10:14:00,35.897039,128.6038291,긴급공사,북구 산격로13길 14 (산격동) / 1221-11번지,,북구,산격동 1221-11,520.0,47,사유지,15.0,236 ,생활용수,급수관
202203950,2022-06-13 10:14:00,35.897039,128.6038291,지하누수,북구 산격로13길 14 (산격동) / 1221-11번지,D40X15 구분기점 폐쇄,북구,북구 산격동 1221-11,520.0,470.0,사유지,15.0,236,SS00201,5.0
20220613-0077,2022-06-13 10:19:00,35.8968503,128.6010226,긴급공사,북구 연암공원로14길 13-23 (산격동) / 1186-16번지,,북구,산격동 1186-16,520.0,24-3,사유지,15.0,394 ,생활용수,급수관
202203951,2022-06-13 10:19:00,35.8968503,128.6010226,지하누수,북구 연암공원로14길 13-23 (산격동) / 1186-16번지,D15 보호통 교체,북구,북구 산격동 1186-16,520.0,243.0,사유지,15.0,394,SS00201,5.0
20220613-0081,2022-06-13 10:22:00,35.8962904,128.6010969,긴급공사,북구 연암공원로14길 14-4 (산격동) / 1434-6번지,,북구,산격동 1434-6,520.0,46-1,사유지,15.0,492 ,생활용수,급수관
202203952,2022-06-13 10:22:00,35.8962904,128.6010969,지하누수,북구 연암공원로14길 14-4 (산격동) / 1434-6번지,D15 보호통 교체,북구,북구 산격동 1434-6,520.0,461.0,사유지,15.0,492,SS00201,5.0
20220616-0276,2022-06-16 16:44:00,35.8960865,128.6010963,긴급공사,북구 산격로11길 36-5 (산격동) / 1434-48번지,,북구,산격동 1434-48,520.0,46-1,사유지,15.0,504 ,생활용수,급수관
202203959,2022-06-16 16:44:00,35.8960865,128.6010963,지하누수,북구 산격로11길 36-5 (산격동) / 1434-48번지,D15보호통 교체,북구,북구 산격동 1434-48,520.0,461.0,사유지,15.0,504,SS00201,5.0
20220620-0419,2022-06-20 16:19:00,35.8968314,128.6046401,긴급공사,"북구 산격로13길 5-2 (산격동,원룸) / 1223-15번지",,북구,산격동 1223-15,520.0,47,,,,생활용수,기타
20220621-0386,2022-06-21 17:59:00,35.8958307,128.6044147,긴급공사,"북구 연암공원로14길 48 (산격동,밸리채) / 1423-8번지",,북구,산격동 1423-8,520.0,47,,,,생활용수,
20220629-0297,2022-06-29 13:52:00,35.8981896,128.6074701,긴급공사,북구 대동로 2 (산격동) / 1234-1번지,,북구,산격동 1234-1,520.0,48,,,,생활용수,기타
20220704-0328,2022-07-04 13:11:00,35.8942685,128.6060313,긴급공사,북구 대학로9길 38-1 (산격동) / 1409-49번지,,북구,산격동 1409-49,520.0,49,사유지,15.0,,생활용수,급수관
20220704-0539,2022-07-04 16:57:00,35.8961148,128.6015727,긴급공사,북구 산격로11길 36-12 (산격동) / 1434-88번지,,북구,산격동 1434-88,520.0,24-3,사유지,15.0,558 ,생활용수,급수관
20220711-0239,2022-07-11 10:10:00,35.8932826,128.6056974,긴급공사,북구 대학로9길 27-1 (산격동) / 1413-34번지,,북구,산격동 1413-34,520.0,49,사유지,15.0,576 ,생활용수,급수관
20220711-0241,2022-07-11 10:10:00,35.8942168,128.6106067,긴급공사,"북구 대학로 103-4 (산격동,선경리슈빌) / 1324-5번지",,북구,산격동 1324-5,520.0,49,사유지,15.0,230 ,생활용수,급수관
20220711-0567,2022-07-11 16:27:00,35.8970157,128.6019014,긴급공사,북구 산격로13길 35-20 (산격동) / 1186-28번지,,북구,산격동 1186-28,520.0,24-3,사유지,15.0,461 ,생활용수,급수관
20220725-0240,2022-07-25 13:13:00,35.893553,128.5988743,긴급공사,북구 연암공원로8길 13 (산격동) / 1106-15번지,,북구,산격동 1106-15 (21.10.08 급수중지),520.0,46-1,사유지,15.0,,생활용수,급수관
20220826-0019,2022-08-26 09:12:00,35.8930891,128.6046835,긴급공사,북구 대구체육관로11길 12-1 (산격동) / 1429-28번지,D15 앵글밸브 교체,북구,산격동 1429-28,520.0,47,사유지,15.0,,생활용수,급수관
20220923-0007,2022-09-23 09:03:00,35.8956036,128.6014744,긴급공사,북구 산격로11길 35-3 (산격동) / 1437-42번지,D15 보호통 하단부 수선,북구,산격동 1437-42,520.0,24-3,사유지,15.0,,생활용수,급수관
20221013-0184,2022-10-13 15:24:00,35.890103,128.6032336,긴급공사,북구 연암로4길 36 (산격동) / 1498-26번지,D15 계량기 접합부 수선,북구,산격동 1498-26,520.0,47,사유지,15.0,86 ,생활용수,급수관
20221024-0283,2022-10-24 13:12:00,35.8984719,128.6043512,긴급공사,북구 연암공원로20길 30-3 (산격동) / 1197-75번지,D15 보호통 교체,북구,산격동 1197-75,520.0,24-3,사유지,15.0,,생활용수,급수관
20221024-0294,2022-10-24 13:20:00,35.8970534,128.60265,긴급공사,북구 산격로13길 23 (산격동) / 1185-39번지,D15 보호통 교체,북구,산격동 1185-39,520.0,24-3,사유지,15.0,,생활용수,급수관
20221025-0569,2022-10-25 16:57:00,35.8965952,128.6003396,긴급공사,북구 연암공원로14길 3 (산격동) / 1163-17번지,D15 보호통 교체,북구,산격동 1163-17,520.0,24-3,사유지,15.0,358 ,생활용수,급수관
20221028-0229,2022-10-28 13:39:00,35.8959899,128.6009276,긴급공사,북구 산격로11길 40-1 (산격동) / 1161-55번지,D15 보호통 교체,북구,산격동 1161-55,520.0,46-1,사유지,15.0,544 ,생활용수,배수관
20221101-0414,2022-11-01 15:36:00,35.8944709,128.6046304,긴급공사,북구 대구체육관로11길 42 (산격동) / 1425-36번지,D15 보호통 교체,북구,산격동 1425-36,520.0,47,사유지,15.0,,생활용수,급수관
20221111-0041,2022-11-11 10:22:00,35.8928581,128.6093081,긴급공사,"북구 대학로 85 (산격동,안경콘택트) / 1341-6번지",D15 보호통 교체,북구,산격동 1341-6,520.0,49,사유지,15.0,,생활용수,급수관
20221111-0120,2022-11-11 14:34:00,35.896863,128.6101873,긴급공사,북구 대동로 34-1 (산격동) / 1266-14번지,D15 보호통 교체,북구,산격동 1266-14,520.0,49,사유지,15.0,,생활용수,급수관
20221205-0012,2022-12-05 08:55:00,35.8934205,128.5982273,긴급공사,북구 연암공원로8길 20 (산격동) / 1102-9번지,D15 보호통 교체,북구,산격동 1102-9,520.0,46-1,사유지,15.0,,생활용수,급수관
20221207-0207,2022-12-07 14:26:00,35.8945187,128.604318,긴급공사,북구 대구체육관로11길 43-1 (산격동) / 1426-19번지,D15 보호통 교체,북구,산격동 1426-19,520.0,47,사유지,15.0,,생활용수,급수관
20221216-0002,2022-12-16 07:56:00,35.8941266,128.60801,긴급공사,북구 대학로15길 23-1 (산격동) / 1326-14번지,D80X25 PFP 직관부 처리,북구,산격동 1326-14,520.0,49,공도,25.0,2 ,생활용수,배수관
20221217-0017,2022-12-17 12:48:00,35.8952588,128.6080664,긴급공사,북구 대학로25길 39-1 (산격동) / 1312-21번지,D40X20 PFP 레듀사 교체 수선,북구,산격동 1312-21,520.0,48,사유지,20.0,,생활용수,배수관
20221217-0018,2022-12-17 14:26:00,35.8956723,128.609956,긴급공사,북구 대학로25길 22-1 (산격동) / 1306-7번지,D80X15 DTC 분기대 교체,북구,산격동 1306-7,520.0,49,공도,15.0,5 ,생활용수,배수관
20221220-0008,2022-12-20 07:24:00,35.8966709,128.6080818,긴급공사,북구 대동로8길 26 (산격동) / 1252-13번지,D100X20 DTC 분기대 교체,북구,산격동 1252-13,520.0,48,공도,20.0,1 ,생활용수,배수관
20221227-0175,2022-12-27 10:59:00,35.8956924,128.6085498,긴급공사,북구 대학로25길 34-7 (산격동) / 1311-15번지,D15 앵글밸브 수선,북구,산격동 1311-15,520.0,48,사유지,15.0,,생활용수,급수관
20221227-0567,2022-12-27 20:14:00,35.8944129,128.609764,긴급공사,"북구 대학로23길 18-9 (산격동,낭만놀이) / 1309-15번지",D40X15 PFP 접합부 교체,북구,산격동 1309-15,520.0,49,공도,15.0,2 ,생활용수,배수관
20230117-0207,2023-01-17 14:42:00,35.8903368,128.6028848,긴급공사,북구 대구체육관로4길 19 (산격동) / 1404-105번지,D15 보호통 교체,북구,산격동 1404-105,520.0,47,사유지,15.0,,생활용수,급수관
20230119-0031,2023-01-19 09:59:00,35.8932556,128.6085506,긴급공사,북구 대학로15길 16 (산격동) / 1393번지,STS 직관부 수선,북구,산격동 1393,520.0,49,공도,15.0,1 ,생활용수,급수관
20230125-0546,2023-01-25 14:35:00,35.8948097,128.600835,긴급공사,북구 산격로서9길 17-6 (산격동) / 1435-27번지,D15 계량기 접합부 수선,북구,산격동 1435-27,520.0,46-1,사유지,15.0,,생활용수,급수관
20230126-0144,2023-01-26 10:16:00,35.8903237,128.6041602,긴급공사,북구 연암로2길 55 (산격동) / 1498-85번지,D15 계량기 접합부 수선,북구,산격동 1498-85,520.0,47,사유지,15.0,,생활용수,급수관
20230127-0002,2023-01-27 06:09:00,35.8909649,128.6035785,긴급공사,"북구 산격로1길 29 (산격동,주계량기) / 1498-103번지",D80*50 플렌지 수선,북구,산격동 1498-103,520.0,47,공도,50.0,1 ,생활용수,배수관
20230130-0523,2023-01-30 12:47:00,35.8968519,128.6037057,긴급공사,"북구 산격로13길 13-2 (산격동,삼영건재) / 1223-19번지",D15 STS 직관부 수선 및 D15 보호통 교체,북구,산격동 1223-19,520.0,47,사유지,15.0,,생활용수,급수관
20230206-0231,2023-02-06 10:57:00,35.8924276,128.5972402,긴급공사,북구 연암로12길 16 (산격동) / 1059-4번지,D15 보호통 교체,북구,산격동 1059-4,520.0,46-1,사유지,15.0,,생활용수,급수관
20230208-0156,2023-02-08 11:57:00,35.8916872,128.5975226,긴급공사,북구 연암로12길 6-5 (산격동) / 1032-1번지,D15 계량기 접합부 수선,북구,산격동 1032-1,520.0,46-1,사유지,15.0,,생활용수,급수관
20230209-0105,2023-02-09 11:34:00,35.8932556,128.6085506,긴급공사,북구 대학로15길 16 (산격동) / 1393번지,D20 STS 접합부 수선,북구,산격동 1393,520.0,49,공도,20.0,1 ,생활용수,배수관
20230217-0119,2023-02-17 11:32:00,35.8916872,128.5975226,긴급공사,북구 연암로12길 6-5 (산격동) / 1032-1번지,D15 보호통 교체,북구,산격동 1032-1,520.0,46-1,사유지,15.0,,생활용수,급수관
20230227-0361,2023-02-27 13:16:00,35.8958918,128.6010965,긴급공사,북구 산격로11길 38-1 (산격동) / 1434-50번지,구분기점 폐쇄,북구,산격동 1434-50,520.0,46-1,공도,100.0,0 ,생활용수,배수관
20230227-0619,2023-02-27 16:23:00,35.8909562,128.6053664,긴급공사,북구 산격로 2-2 (산격동) / 1420-17번지,D15 보호통 교체,북구,산격동 1420-17 불빵구수리,520.0,49,사유지,15.0,,생활용수,급수관
20230302-0046,2023-03-02 09:26:00,35.8974598,128.6041851,긴급공사,북구 연암공원로32길 64-38 (산격동) / 1197-108번지,D15 계량기 접합부 수선,북구,산격동 1197-108,520.0,24-3,사유지,15.0,,생활용수,급수관
20230307-0592,2023-03-07 21:42:00,35.8997918,128.6025145,긴급공사,북구 산격동 538-1,확인굴착,북구,산격동 538-1,520.0,24-3,,,,,
20230321-0148,2023-03-21 10:51:00,35.8965843,128.6035178,긴급공사,북구 연암공원로14길 31-2 (산격동) / 1223-28번지,DTC D80 직관부 수선,북구,산격동 1223-28,520.0,47,공도,80.0,172 ,생활용수,배수관
20230321-0429,2023-03-21 16:08:00,35.8964249,128.6033211,긴급공사,북구 연암공원로14길 32 (산격동) / 1224-22번지,DTC D100 클램프 설치,북구,산격동 1224-22,520.0,47,공도,100.0,28 ,생활용수,배수관
20230322-0183,2023-03-22 12:21:00,35.8922007,128.6077583,긴급공사,"북구 대학로13길 6-1 (산격동,팔팔생고기,임가양꼬치) / 1400-7번지",D15 보호통 교체,북구,산격동 1400-7,520.0,49,사유지,15.0,,생활용수,급수관
20230412-0022,2023-04-12 09:36:00,35.8942515,128.6102411,긴급공사,"북구 대학로23길 15-4 (산격동,민하우스) / 1327-19번지",STS D25 직관부 수선,북구,산격동 1327-19,520.0,49,공도,25.0,2 ,생활용수,급수관
20230426-0395,2023-04-26 19:55:00,35.8966374,128.6045708,긴급공사,북구 산격로13길 5-8 (산격동) / 1226-3번지,EPS D50x15 접합부 수선,북구,산격동 1226-3,520.0,47,공도,50.0,0 ,생활용수,급수관
20230427-0262,2023-04-27 13:13:00,35.8948062,128.5982373,긴급공사,북구 연암공원로7길 6-14 (산격동) / 1135-16번지,D15 보호통 교체,북구,산격동 1135-16,520.0,46-1,사유지,15.0,,생활용수,급수관
20230503-0448,2023-05-03 16:32:00,35.8940843,128.6099608,긴급공사,"북구 대학로23길 19 (산격동,도리집) / 1327-11번지",PFP D40x15 분기대 수선,북구,산격동 1327-11,520.0,49,공도,40.0,454 ,,급수관
20230509-0155,2023-05-09 13:41:00,35.8958275,128.6041042,긴급공사,북구 산격로11길 9-4 (산격동) / 1423-17번지,D15 계량기 접합부 수선,북구,산격동 1423-17,520.0,47,사유지,15.0,,생활용수,급수관
20230509-0323,2023-05-09 17:48:00,35.8935443,128.6092648,긴급공사,북구 대학로23길 28 (산격동) / 1327-1번지,소화전 밸브 수선,북구,산격동 1327-1 한방울,520.0,49,공도,100.0,0 ,생활용수,급수관
20230515-0138,2023-05-15 11:37:00,35.8966499,128.6027278,긴급공사,북구 연암공원로14길 25-3 (산격동) / 1195-49번지,D15 보호통 교체,북구,산격동 1195-49,520.0,24-3,사유지,15.0,,생활용수,급수관
20230517-0246,2023-05-17 15:00:00,35.898406,128.6053291,긴급공사,북구 산격로17길 10 (산격동) / 1222-57번지,PFP D50x15 접합부 수선,북구,산격동 1222-57,520.0,24-3,공도,50.0,0 ,생활용수,급수관
20230522-0045,2023-05-22 09:53:00,35.8974297,128.601222,긴급공사,북구 산격로13길 35-6 (산격동) / 1186-4번지,D300 직관부 수선,북구,산격동 1186-4,520.0,24-3,공도,300.0,61 ,생활용수,배수관
20230601-0082,2023-06-01 09:41:00,35.8954697,128.6050894,긴급공사,"북구 산격로 55 (산격동,황제헤어샵) / 1422-37번지",D15 보호통 교체,북구,산격동 1422-37,520.0,47,사유지,15.0,,생활용수,급수관
20230602-0627,2023-06-02 16:28:00,35.8939864,128.6102099,긴급공사,북구 대학로 99-3 (산격동) / 1329-3번지,PFP -> STS 40MM 32M,북구,산격동 1329-3 다원,520.0,49,,,,,기타
20230618-0001,2023-06-18 07:26:00,35.895403,128.6071057,긴급공사,북구 대학로25길 47 (산격동) / 1407-3번지,D15 보호통 교체,북구,산격동 1407-3,520.0,48,사유지,15.0,,생활용수,급수관
20230622-0072,2023-06-22 09:46:00,35.8954125,128.6069059,긴급공사,북구 대학로25길 47-2 (산격동) / 1407-36번지,D15 보호통 교체,북구,산격동 1407-36,520.0,48,사유지,15.0,,생활용수,급수관
20230623-0514,2023-06-23 09:00:00,35.8943368,128.5988499,긴급공사,북구 연암공원로8길 3-6 (산격동) / 1126-1번지,STS D25x15 접합부 수선,북구,산격동 1126-1,520.0,46-1,공도,25.0,845 ,생활용수,급수관
20230717-0138,2023-07-17 11:14:00,35.8941592,128.5988743,긴급공사,북구 연암공원로8길 3-2 (산격동) / 1126-14번지,확인굴착,북구,산격동 1126-14,520.0,46-1,,,,,
20230720-0121,2023-07-20 10:50:00,35.8985938,128.6060735,긴급공사,북구 연암공원로32길 46 (산격동) / 1222-28번지,D15 보호통 교체,북구,산격동 1222-28,520.0,24-3,사유지,15.0,,생활용수,급수관
20230721-0194,2023-07-21 13:39:00,35.8968399,128.6013262,긴급공사,북구 산격동 1186-5 프리지아,D20 계량기 접합부 수선,북구,산격동 1186-5 프리지아,520.0,24-3,사유지,20.0,,생활용수,급수관
20230726-0407,2023-07-26 16:16:00,35.8939505,128.5984068,긴급공사,"북구 연암공원로 36 (산격동,메트로부동산) / 1128-1번지",DTC D80x25 구분기점 폐쇄,북구,산격동 1128-1,520.0,46-1,공도,25.0,"3,780 ",,배수관
20230729-0034,2023-07-29 13:00:00,35.8943814,128.5986705,긴급공사,북구 연암공원로10길 2 (산격동) / 1144-6번지,철개입상 2개소,북구,산격동 1144-6,520.0,46-1,,,,생활용수,
20230801-0356,2023-08-01 15:27:00,35.8969874,128.6061293,긴급공사,북구 대학로9길 67-1 (산격동) / 1231-22번지,D15 계량기 접합부 수선,북구,산격동 1231-22,520.0,48,사유지,15.0,,생활용수,급수관
20230811-0030,2023-08-11 09:50:00,35.8956225,128.6004775,긴급공사,북구 산격로11길 43-6 (산격동) / 1161-60번지,D15 보호통 교체,북구,산격동 1161-60,520.0,46-1,사유지,15.0,,생활용수,급수관
20230814-0112,2023-08-14 10:50:00,35.890282,128.6036756,긴급공사,북구 연암로4길 42-5 (산격동) / 1498-88번지,STS D25x15 직관부 수선,북구,산격동 1498-88,520.0,47,공도,25.0,821 ,생활용수,급수관
20230814-0117,2023-08-14 10:54:00,35.8936809,128.5987518,긴급공사,북구 연암공원로8길 12 (산격동) / 1106-9번지,D15 보호통 교체,북구,산격동 1106-9,520.0,46-1,사유지,15.0,,생활용수,급수관
20230818-0166,2023-08-18 13:23:00,35.8936039,128.598409,긴급공사,북구 연암공원로8길 18-4 (산격동) / 1105-4번지,D15 보호통 교체,북구,산격동 1105-4,520.0,46-1,사유지,15.0,,생활용수,급수관
20230819-0011,2023-08-19 08:18:00,35.8928313,128.597682,긴급공사,북구 연암공원로 22-11 (산격동) / 1099-52번지,D15 보호통 교체,북구,산격동 1099-52,520.0,46-1,사유지,15.0,,생활용수,급수관
20230821-0049,2023-08-21 09:26:00,35.8976215,128.6049626,긴급공사,"북구 연암공원로32길 60 (산격동,깜미용실) / 1197-103번지",D15 보호통 교체,북구,산격동 1197-103,520.0,24-3,사유지,15.0,,생활용수,급수관
20230821-0255,2023-08-21 13:13:00,35.8942938,128.6099079,긴급공사,북구 산격동 1309-47 CAFERO ,D15 계량기 접합부 수선,북구,산격동 1309-47 CAFERO ,520.0,49,사유지,15.0,,생활용수,급수관
20230823-0021,2023-08-23 09:05:00,35.89015,128.6033144,긴급공사,북구 연암로4길 38 (산격동) / 1498-92번지,D15 보호통 교체,북구,산격동 1498-92,520.0,47,사유지,15.0,,생활용수,급수관
20230829-0464,2023-08-29 15:38:00,35.8937931,128.5985295,긴급공사,북구 연암공원로 32-7 (산격동) / 1127번지,D15 보호통 교체,북구,산격동 1127,520.0,46-1,사유지,15.0,0 ,,급수관
20230901-0453,2023-09-01 15:55:00,35.8966843,128.6043934,긴급공사,북구 산격로13길 7-3 (산격동) / 1223-8번지,STS D15 직관부 수선,북구,산격동 1223-8,520.0,47,공도,15.0,0 ,생활용수,급수관
20230906-0003,2023-09-06 07:34:00,35.8971737,128.5986068,긴급공사,북구 연암공원로13길 12-27 (산격동) / 1180-96번지,D40X15 EPS 분기점 수선,북구,산격동 1180-96,520.0,46-1,공도,40.0,0 ,,배수관
20230906-0410,2023-09-06 17:25:00,35.8938732,128.5977815,긴급공사,북구 연암공원로 31-3 (산격동) / 878-4번지,D15 보호통 연결부 수선,북구,산격동 878-4,520.0,46-1,사유지,15.0,,,급수관
20230911-0369,2023-09-11 22:15:00,35.8916831,128.6048719,긴급공사,북구 산격로 13-1 (산격동) / 1433-56번지,STS D25x15 접합부 수선,북구,산격동 1433-56,520.0,47,공도,25.0,0 ,생활용수,급수관
20230918-0006,2023-09-18 09:02:00,35.8968922,128.6019671,긴급공사,북구 연암공원로14길 19-19 (산격동) / 1186-43번지,D15 보호통 교체,북구,산격동 1186-43,520.0,24-3,사유지,15.0,,,급수관
20230918-0270,2023-09-18 13:22:00,35.8959153,128.5988472,긴급공사,북구 연암공원로 55-14 (산격동) / 1153-10번지,D15 보호통 교체,북구,산격동 1153-10,520.0,46-1,사유지,15.0,,,급수관
20230919-0029,2023-09-19 09:24:00,35.8961994,128.6121224,긴급공사,"북구 대동로 52 (산격동,유공가스) / 1279-1번지",현장확인,북구,산격동 1279-1,520.0,49,,,,,
20230920-0263,2023-09-20 14:42:00,35.8897154,128.6014179,긴급공사,북구 연암로 18-26 (산격동) / 1441-63번지,D15 앵글밸브 설치,북구,산격동 1441-63,520.0,47,사유지,15.0,,생활용수,급수관
20230925-0581,2023-09-25 17:16:00,35.8985056,128.6049998,긴급공사,북구 산격로17길 13 (산격동) / 1222-47번지,PFP D40*15mm 분기점 누수수선,북구,산격동 1222-47,520.0,24,공도,40.0,"1,944 ",생활용수,급수관
20231004-0820,2023-10-04 16:52:00,35.8971778,128.6074653,긴급공사,북구 대학로13길 62 (산격동) / 1251-18번지,확인굴착,북구,산격동 1251-18,520.0,48,,,,생활용수,
20231010-0170,2023-10-10 11:00:00,35.8953586,128.5985977,긴급공사,북구 연암공원로7길 2-23 (산격동) / 1138-3번지,D15mm 계량기보호통 수선,북구,산격동 1138-3,520.0,46-1,사유지,15.0,,생활용수,급수관
20231011-0009,2023-10-11 09:15:00,35.8944859,128.6014346,긴급공사,북구 연암공원로10길 25-2 (산격동) / 1436-5번지,유량계실 양수기 작업,북구,산격동 1436-5,520.0,47,,,,생활용수,
20231023-0251,2023-10-23 11:38:00,35.8891812,128.6026319,긴급공사,"북구 연암로2길 18 (산격동,한빛고시텔) / 1392-4번지",D25mm 계량기실 앵글밸브 수선,북구,산격동 1392-4,520.0,47,사유지,25.0,,생활용수,급수관
20231025-0070,2023-10-25 09:47:00,35.8928011,128.597434,긴급공사,북구 연암공원로 22-10 (산격동) / 1076번지,D15mm 계량기보호통 수선,북구,산격동 1076,520.0,46-1,사유지,15.0,,생활용수,급수관
20231031-0550,2023-10-31 16:56:00,35.8970788,128.6077225,긴급공사,북구 대학로13길 60 (산격동) / 1251-16번지,D15mm 계량기실 누수수선(통교체),북구,산격동 1251-16,520.0,48,사유지,15.0,,생활용수,급수관
20231102-0007,2023-11-02 08:44:00,35.8951477,128.6101584,긴급공사,북구 산격로10길 43-4 (산격동) / 1307-64번지,D15mm 계량기실 누수수선(통교체),북구,산격동 1307-64,520.0,49,공도,15.0,"1,441 ",생활용수,급수관
20231103-0015,2023-11-03 09:13:00,35.8966947,128.6046573,긴급공사,북구 산격로13길 5-6 (산격동) / 1226-4번지,EPS D50*15mm 분기점 수선,북구,산격동 1226-4,520.0,47,공도,50.0,"1,860 ",생활용수,급수관
20231103-0014,2023-11-03 09:13:00,35.8971634,128.6038306,긴급공사,북구 산격로13길 12-3 (산격동) / 1221-10번지,D15 보호통교체,북구,산격동 1221-10,520.0,47,사유지,15.0,"1,451 ",생활용수,급수관
20231103-0017,2023-11-03 09:14:00,35.8962904,128.6010969,긴급공사,북구 연암공원로14길 14-4 (산격동) / 1434-6번지,PFP D100*15mm 분기점 수선,북구,산격동 1434-6,520.0,46-1,공도,15.0,"1,600 ",생활용수,급수관
20231111-0008,2023-11-11 11:00:00,35.8963788,128.6116833,긴급공사,"북구 대동로 48 (산격동,드림노래방) / 1275-5번지",DTC D25 분기대교체수선,북구,산격동 1275-5,520.0,49,공도,25.0,"2,290 ",신천용수,급수관
20231111-0009,2023-11-11 11:01:00,35.895299,128.6018823,긴급공사,북구 산격로서9길 8-3 (산격동) / 1437-27번지,DTC D80x15 구분기점 폐쇄,북구,산격동 1437-27,520.0,24-3,공도,15.0,"2,671 ",생활용수,급수관
20231111-0010,2023-11-11 11:01:00,35.8954035,128.5994341,긴급공사,북구 연암공원로12길 8-2 (산격동) / 1156-1번지,PFP D80x15 분기대 교체수선,북구,산격동 1156-1,520.0,46-1,공도,15.0,"1,908 ",생활용수,급수관
20231111-0011,2023-11-11 11:02:00,35.895609,128.6026878,긴급공사,북구 산격로북9길 5-2 (산격동) / 1437-62번지,STS D40x15 구분기점 폐쇄 STS D40 직관처리,북구,산격동 1437-62,520.0,24-3,공도,40.0,"1,908 ",생활용수,급수관
20231114-0269,2023-11-14 16:15:00,35.8959292,128.6097443,긴급공사,북구 산격로14길 42 (산격동) / 1306-20번지,STS D40x15 구분기점 폐쇄 직관처리,북구,산격동 1306-20,520.0,49,공도,40.0,"1,932 ",생활용수,급수관
20231117-0002,2023-11-17 08:44:00,35.8940121,128.6078613,긴급공사,북구 대학로13길 26-1 (산격동) / 1326-10번지,DTC D200 접합부 수선,북구,산격동 1326-10,520.0,49,공도,200.0,"1,944 ",생활용수,배수관
20231121-0153,2023-11-21 11:19:00,35.895618,128.6016666,긴급공사,북구 산격로서9길 8-43 (산격동) / 1437-40번지,D15 계량기보호통 교체,북구,산격동 1437-40,520.0,24-3,사유지,15.0,"1,030 ",생활용수,급수관
20231121-0158,2023-11-21 11:23:00,35.895609,128.6026878,긴급공사,북구 산격로북9길 5-2 (산격동) / 1437-62번지,STS D15 인입선 수선,북구,산격동 1437-62,520.0,24-3,공도,15.0,"2,020 ",생활용수,급수관
20231122-0213,2023-11-22 11:36:00,35.8984583,128.6048728,긴급공사,북구 연암공원로20길 34-3 (산격동) / 1222-34번지,D15 계량기 접합부 수선,북구,산격동 1222-34,520.0,24-3,사유지,15.0,,,급수관
20231129-0375,2023-11-29 13:18:00,35.8913639,128.5966834,긴급공사,북구 연암로 66-6 (산격동) / 993-16번지,D15 계량기 접합부 수선,북구,산격동 993-16,520.0,46-1,사유지,20.0,,생활용수,급수관
20231130-0482,2023-11-30 15:49:00,35.8925157,128.5972114,긴급공사,"북구 연암로12길 16-1 (산격동,수아머리방) / 1059-1번지",PFP D80 접합부 수선,북구,산격동 1059-1,520.0,46-1,공도,80.0,"2,040 ",생활용수,배수관
20231201-0519,2023-12-01 22:57:00,35.892058,128.5977012,긴급공사,"북구 연암로12길 10-5 (산격동,만송그린빌) / 1086번지",계량기실 누수 D32보호통 교체수선,북구,산격동 1086,520.0,46-1,사유지,32.0,,생활용수,급수관
20231204-0300,2023-12-04 11:46:00,35.8960709,128.6107082,긴급공사,북구 산격로14길 49 (산격동) / 1305-24번지,DTC D80*15mm 분기점 수선,북구,산격동 1305-24,520.0,49,공도,15.0,"1,197 ",생활용수,배수관
20231205-0278,2023-12-05 11:30:00,35.8949869,128.5989874,긴급공사,"북구 연암공원로 52-9 (산격동,2015.11.05.급수중지 연장) / 1150-2번지",STS D15 보호통하단 접합부수선,북구,산격동 1150-2,520.0,46-1,사유지,15.0,,생활용수,배수관
20231206-0121,2023-12-06 10:42:00,35.8919893,128.5979324,긴급공사,북구 연암로12길 6-29 (산격동) / 1089-2번지,STS D25x15 T교체수선,북구,산격동 1089-2,520.0,46-1,공도,25.0,"2,491 ",생활용수,급수관
20231215-0182,2023-12-15 17:18:00,35.8965551,128.6053847,긴급공사,"북구 산격로 68 (산격동,쿠잉쿡) / 1229-3번지",앵글밸브하단 D15 보호통 교체수선,북구,산격동 1229-3,520.0,48,사유지,15.0,,생활용수,급수관
20231218-0002,2023-12-18 07:23:00,35.8980307,128.6039349,긴급공사,북구 연암공원로20길 26-9 (산격동) / 1190-7번지,PFP D40x15 니플 교체수선,북구,산격동 1190-7,520.0,24-3,공도,15.0,1 ,,급수관
20231218-0479,2023-12-18 18:32:00,35.8960799,128.6073073,긴급공사,북구 산격로14길 17 (산격동) / 1405-9번지,STS D15 직관부수선,북구,산격동 1405-9,520.0,48,공도,15.0,"2,191 ",생활용수,급수관
20231221-0253,2023-12-21 14:39:00,35.8958007,128.6086978,긴급공사,북구 산격로14길 32-1 (산격동) / 1311-27번지,DTC D20 분기대 교체수선,북구,산격동 1311-27,520.0,48,공도,20.0,"2,997 ",생활용수,급수관
20231225-0021,2023-12-25 10:51:00,35.8916162,128.6065522,긴급공사,"북구 대학로 59-28 (산격동,로고스) / 1416-12번지",DTC 80x15 분기대교체수선,북구,산격동 1416-12,520.0,49,공도,15.0,1 ,,급수관
20231226-0163,2023-12-26 10:08:00,35.8952484,128.5985338,긴급공사,북구 연암공원로7길 2-19 (산격동) / 1138-5번지,업체 현장확인 및 자체 탐사결과 하수도,북구,산격동 1138-5,520.0,46-1,,,,생활용수,
20240104-0307,2024-01-04 11:23:00,35.8949466,128.6114821,긴급공사,"북구 대학로23길 2 (산격동,베스트) / 1304-14번지",D20 앵글밸브 캡 너트조우기,북구,산격동 1304-14,520.0,49,사유지,20.0,,,급수관
20240108-0248,2024-01-08 13:03:00,35.8900154,128.60332,긴급공사,북구 연암로4길 36-3 (산격동) / 1498-81번지,앵글밸브D15 캡너트조우기,북구,산격동 1498-81,520.0,47,사유지,15.0,,,급수관
20240126-0134,2024-01-26 10:44:00,35.8908668,128.6038417,긴급공사,북구 연암로4길 53-4 (산격동) / 1498-210번지,"D15mm 보호통 교체(보호통 전단, 하단부)",북구,산격동 1498-210,520.0,47,사유지,15.0,,,급수관
20240130-0016,2024-01-30 08:54:00,35.8914541,128.6032893,긴급공사,북구 대구체육관로8길 24 (산격동) / 1498-73번지,앵글밸브 하단 D15 보호통 교체,북구,산격동 1498-73,520.0,47,사유지,15.0,140 ,생활용수,급수관
20240201-0040,2024-02-01 09:13:00,35.891423,128.6035525,긴급공사,북구 대구체육관로8길 23 (산격동) / 1497-15번지,앵글밸브 하단D15 계량기보호통 교체,북구,산격동 1497-15,520.0,47,사유지,15.0,,,급수관
20240202-0231,2024-02-02 13:01:00,35.8942865,128.6098394,긴급공사,"북구 대학로23길 18-3 (산격동,코이라멘) / 1309-20번지",PFP D40x15 닢플15 교체수선,북구,산격동 1309-20,520.0,49,사유지,15.0,,생활용수,급수관
20240205-0357,2024-02-05 16:25:00,35.8963484,128.599048,긴급공사,"북구 연암공원로11길 3 (산격동,정우수산) / 1166-1번지",계량기 패킹 D15 교체수선,북구,산격동 1166-1,520.0,46-1,사유지,15.0,,,급수관
20240216-0085,2024-02-16 11:08:00,35.8975739,128.6038398,긴급공사,북구 연암공원로32길 64-50 (산격동) / 1193-11번지,PFP D40*15mm 니플 교체수선(실주소 1188-49),북구,산격동 1193-11,520.0,24,사유지,15.0,,생활용수,급수관
20240224-0019,2024-02-24 17:01:00,35.8894969,128.6027178,긴급공사,북구 연암로2길 23-1 (산격동) / 1498-168번지,"D15mm 계량기실 누수수선(통교체)전단부, 앵글밸브 하단",북구,산격동 1498-168,520.0,47,사유지,15.0,,,급수관
20240313-0057,2024-03-13 10:41:00,35.8954321,128.6015067,긴급공사,북구 산격로서9길 8-21 (산격동) / 1437-127번지,D15mm 계량기보호통 교체,북구,산격동 1437-127,520.0,24-3,사유지,15.0,,,급수관
20240314-0109,2024-03-14 11:42:00,35.8927362,128.5972622,긴급공사,북구 연암공원로 18-1 (산격동) / 1061-2번지,D25 EOP밸브 설치,북구,산격동 1061-2,520.0,46-1,공도,25.0,1 ,,급수관
20240315-0242,2024-03-15 16:10:00,35.893126,128.6079989,긴급공사,북구 대학로15길 11-1 (산격동) / 1397-40번지,D15mm 계량기실 누수수선(밸브)밸브 캡 조임.,북구,산격동 1397-40 야무지게,520.0,49,사유지,15.0,,,급수관
20240402-0130,2024-04-02 09:52:00,35.8904408,128.6015707,긴급공사,북구 대구체육관로2길 7-3 (산격동) / 1442-40번지,D15mm 계량기 접합부 수선(후크너트),북구,산격동 1442-40,520.0,47,사유지,15.0,,,급수관
20240412-0178,2024-04-12 14:16:00,35.8975022,128.5993369,긴급공사,북구 연암공원로11길 16 (산격동) / 1180-31번지,STS D15mm 통밑 유니온 수선,북구,산격동 1180-31,520.0,46-1,사유지,15.0,43 ,생활용수,급수관
20240415-0261,2024-04-15 16:18:00,35.8937179,128.6081037,긴급공사,"북구 대학로15길 17-1 (산격동,주비) / 1326-11번지",D15mm 계량기실 누수수선(밸브),북구,산격동 1326-11,520.0,49,사유지,15.0,,생활용수,급수관
20240424-0481,2024-04-24 19:42:00,35.8909154,128.604099,긴급공사,"북구 연암로4길 59 (산격동,대성이용원) / 1498-194번지",D15mm 계량기실 누수수선(밸브),북구,산격동 1498-194,520.0,47,사유지,15.0,,,급수관
20240429-0523,2024-04-29 15:03:00,35.8961978,128.6043234,긴급공사,북구 산격로11길 8-4 (산격동) / 1225-14번지,D15mm 계량기실 누수수선(밸브),북구,산격동 1225-14,520.0,47,사유지,15.0,,,급수관
20240430-0679,2024-04-30 16:57:00,35.8954142,128.6116375,긴급공사,북구 대학로25길 5-2 (산격동) / 1277-1번지,업체 확인결과 미누수,북구,산격동 1277-1,520.0,49,,,,,
20240510-0092,2024-05-10 11:05:00,35.892449,128.6088743,긴급공사,북구 대학로 77-1 (산격동) / 1346-19번지,업체 확인결과 하수도,북구,산격동 1346-19,520.0,49,,,,,
20240523-0006,2024-05-23 08:01:00,35.895623,128.5987887,긴급공사,북구 연암공원로 55-5 (산격동) / 1153-8번지,D15mm 계량기실 누수수선(통교체),북구,산격동 1153-8,520.0,46-1,사유지,15.0,,생활용수,급수관
20240530-0531,2024-05-30 16:57:00,35.8957987,128.5993513,긴급공사,북구 연암공원로 60 (산격동) / 1155-7번지,D15mm 계량기실 누수수선(통교체),북구,산격동 1155-7,520.0,46-1,사유지,15.0,32 ,생활용수,급수관
20240610-0204,2024-06-10 09:38:00,35.895626,128.6055963,긴급공사,북구 산격로 58-1 (산격동) / 1408-13번지,D15 통밑누수 보호통교체,북구,산격동 1408-13,520.0,48,사유지,15.0,,생활용수,급수관
20240717-0078,2024-07-17 10:18:00,35.8941984,128.5982547,긴급공사,북구 연암공원로 37 (산격동) / 1132-1번지,D15mm 계량기실 누수수선(통교체),북구,산격동 1132-1,520.0,46-1,사유지,15.0,"1,080 ",생활용수,급수관
20240717-0101,2024-07-17 10:37:00,35.8917892,128.5966102,긴급공사,북구 연암로12길 9-9 (산격동) / 1040-2번지,D15mm 계량기실 누수수선(통교체),북구,산격동 1040-2,520.0,46-1,사유지,15.0,38 ,,급수관
20240724-0339,2024-07-24 13:18:00,35.8926588,128.5981486,긴급공사,북구 연암공원로 22-23 (산격동) / 1099-46번지,D15mm 계량기실 누수수선(통교체),북구,산격동 1099-46,520.0,46-1,사유지,15.0,36 ,생활용수,급수관
20240724-0347,2024-07-24 13:26:00,35.8939031,128.5987502,긴급공사,북구 연암공원로8길 10-4 (산격동) / 1126-5번지,D15mm 계량기실 누수수선(통교체),북구,산격동 1126-5,520.0,46-1,사유지,20.0,37 ,,급수관
20240806-0092,2024-08-06 09:48:00,35.8959086,128.6094012,긴급공사,"북구 산격로14길 38 (산격동,대호빌라트) / 1311번지",D15mm 계량기실 누수수선(후크너트),북구,산격동 1311,520.0,48,사유지,15.0,,생활용수,급수관
20240820-0085,2024-08-20 10:09:00,35.895609,128.6026878,긴급공사,북구 산격로북9길 5-2 (산격동) / 1437-62번지,D13mm 직관부 밸브누수 수선(밸브교체),북구,산격동 1437-62,520.0,24-3,사유지,15.0,40 ,생활용수,급수관
20240820-0122,2024-08-20 10:43:00,35.8937698,128.5991186,긴급공사,북구 연암공원로8길 7-1 (산격동) / 1106-1번지,D13mm 계량기실 누수수선(통교체),북구,산격동 1106-1,520.0,46-1,사유지,15.0,2 ,생활용수,급수관
20240820-0129,2024-08-20 10:47:00,35.8975852,128.6021125,긴급공사,북구 연암공원로 90-18 (산격동) / 1185-18번지,D15mm 계량기실 누수수선(통교체),북구,산격동 1185-18,520.0,24-3,사유지,15.0,"1,264 ",생활용수,급수관
20240820-0141,2024-08-20 11:01:00,35.8954325,128.6038501,긴급공사,북구 산격로9길 14-22 (산격동) / 1424-28번지,D15mm 계량기통 교체,북구,산격동 1424-28,520.0,47,사유지,15.0,10 ,생활용수,급수관
20240830-0076,2024-08-30 09:58:00,35.896751,128.6048439,긴급공사,북구 산격로13길 5-3 (산격동) / 1228-20번지,EPS D50*15mm 분기점 누수수선,북구,산격동 1228-20,520.0,47,공도,15.0,"1,435 ",생활용수,급수관
20240830-0100,2024-08-30 10:10:00,35.8975928,128.6075124,긴급공사,북구 대동로4길 6-6 (산격동) / 1241-14번지,D15mm 계량기보호통 교체,북구,산격동 1241-14,520.0,48,사유지,15.0,2 ,생활용수,급수관
20240830-0102,2024-08-30 10:13:00,35.8981896,128.6074701,긴급공사,북구 대동로 2 (산격동) / 1234-1번지,D100mm 이토변 누수수선(볼트조음),북구,산격동 1234-1 그린파크빌(고:횟집),520.0,48,공도,100.0,"2,255 ",생활용수,배수관
20240902-0631,2024-09-02 17:48:00,35.8923973,128.6053741,긴급공사,"북구 산격로 22 (산격동,화장품) / 1418-9번지",D15mm 계량기 앵글밸브 수선,북구,산격동 1418-9,520.0,49,사유지,15.0,,생활용수,급수관
20240909-0071,2024-09-09 10:20:00,35.8947697,128.6024035,긴급공사,북구 산격로서9길 3-5 (산격동) / 1437-77번지,밸브고장 공무이첩,북구,산격동 1437-77,520.0,24-3,,,,,
20240910-0240,2024-09-10 14:58:00,35.8897159,128.6012738,긴급공사,북구 연암로 18-15 (산격동) / 1441-61번지,D15mm 계량기 앵글밸브 조임,북구,산격동 1441-61,520.0,47,사유지,15.0,,생활용수,급수관
20240924-0187,2024-09-24 10:49:00,35.8935405,128.6091179,긴급공사,"북구 산격로8길 36 (산격동,마이까사) / 1327-12번지",D15mm 앵글밸브 조움(보조계량기),북구,산격동 1327-12,520.0,49,사유지,15.0,,생활용수,급수관
20240925-0208,2024-09-25 10:58:00,35.8921739,128.5978849,긴급공사,"북구 연암로12길 12-10 (산격동,대아전업사) / 1091-2번지",D15mm 계량기보호통 교체,북구,산격동 1091-2,520.0,46-1,사유지,15.0,"1,296 ",,급수관
20241016-0055,2024-10-16 10:06:00,35.8951594,128.5997819,긴급공사,북구 연암공원로12길 11 (산격동) / 1148-7번지,D15mm 계량기 앵글밸브 조움,북구,산격동 1148-7,520.0,46-1,사유지,15.0,,,급수관
20241018-0041,2024-10-18 09:34:00,35.8941528,128.6049132,긴급공사,북구 산격로 39-3 (산격동) / 1425-29번지,D15mm 계량기 앵글밸브 조움,북구,산격동 1425-29,520.0,47,사유지,15.0,,,급수관
20241022-0272,2024-10-22 14:29:00,35.8978182,128.6082342,긴급공사,"북구 대동로 12 (산격동,팔공산직판장) / 1253-1번지",D15mm 계량기 후단부 엘보 조움,북구,산격동 1253-1,520.0,48,사유지,15.0,,,급수관
20241031-0596,2024-10-31 16:20:00,35.8938137,128.6066753,긴급공사,북구 산격로8길 11-4 (산격동) / 1409-32번지,STS D25 직관부누수 밸브설치,북구,산격동 1409-32,520.0,49,공도,25.0,"1,469 ",,배수관
20241105-0330,2024-11-05 15:32:00,35.8936194,128.5988758,긴급공사,북구 연암공원로8길 11-1 (산격동) / 1106-6번지,업체 확인결과 디지털계량기 고장(요금이첩),북구,산격동 1106-6,520.0,46-1,,,,,
20241117-0011,2024-11-17 12:45:00,35.892464,128.6060071,긴급공사,"북구 산격로6길 8 (산격동,오그레이Ⅰ) / 1414-8번지",업체 확인결과 하수도,북구,산격동 1414-8,520.0,49,,,,,
20241122-0027,2024-11-22 09:18:00,35.893307,128.598147,긴급공사,북구 연암공원로8길 22 (산격동) / 1102-13번지,D15mm 계량기보호통 교체,북구,산격동 1102-13,520.0,46-1,사유지,15.0,,,급수관
20241125-0037,2024-11-25 09:12:00,35.8969202,128.5987609,긴급공사,북구 연암공원로13길 12-3 (산격동) / 1180-131번지,D15mm 계량기 앵글밸브 조움,북구,산격동 1180-131,520.0,46-1,사유지,15.0,,생활용수,급수관
20241126-0348,2024-11-26 13:50:00,35.8927158,128.6071154,긴급공사,"북구 산격로6길 17, 경북크리닝 (산격동) / 1412-30번지",업체 확인결과 상수도 아님,북구,산격동 1412-30 경북크리닝,520.0,49,,,,,
20241204-0353,2024-12-04 16:41:00,35.8898417,128.6010228,긴급공사,북구 연암로 18-9 (산격동) / 1441-51번지,PFP D40*15mm 분기점 누수수선,북구,산격동 1441-51,520.0,47,공도,25.0,17 ,생활용수,배수관
20241208-0017,2024-12-08 09:00:00,35.8897159,128.6012738,긴급공사,북구 연암로 18-15 (산격동) / 1441-61번지,EPS D50mm 직관부 누수수선,북구,산격동 1441-61,520.0,47,공도,50.0,1 ,,배수관
20241210-0004,2024-12-10 08:38:00,35.8920192,128.6041082,긴급공사,"북구 대구체육관로10길 11 (산격동,LH다움) / 1490-5번지",DTC D80*15mm 구분기점 누수수선(누수방지새들 설치),북구,산격동 1490-5,520.0,47,공도,15.0,0 ,,급수관
20241213-0230,2024-12-13 17:45:00,35.8950077,128.6014367,긴급공사,북구 산격로서9길 13 (산격동) / 1437-94번지,DTC D300mm 배수본관 누수수선,북구,산격동 1437-94,520.0,24-3,공도,300.0,210 ,,배수본관
20241217-0180,2024-12-17 12:00:00,35.8962179,128.6033294,긴급공사,북구 산격로11길 18-8 (산격동) / 1224-8번지,D15mm 계량기 앵글밸브 조움,북구,산격동 1224-8,520.0,47,사유지,15.0,,생활용수,급수관
20241219-0148,2024-12-19 11:21:00,35.8913572,128.6032576,긴급공사,북구 대구체육관로8길 26 (산격동) / 1498-6번지,업체 확인결과 미누수(수도X),북구,산격동 1498-6,520.0,47,,,,생활용수,
20241220-0318,2024-12-20 16:52:00,35.8893733,128.6015727,긴급공사,"북구 연암로4길 1 (산격동,서울비닐상사) / 1441-2번지","(1차,2차)(터파기미누수)(3차)EPS D50×13mm 분기점누수 수선",북구,산격동 1441-2,520.0,47,공도,15.0,0 ,생활용수,급수관
20241224-0264,2024-12-24 13:22:00,35.8958475,128.603003,긴급공사,북구 산격로11길 20 (산격동) / 1225-3번지,"D13mm 계량기보호통교체
",북구,산격동 1225-3,520.0,47,사유지,15.0,,생활용수,급수관
20241226-0142,2024-12-26 10:54:00,35.8932908,128.6053603,긴급공사,"북구 산격로 32 (산격동,대도횟집) / 1413-11번지",D15mm 계량기실 앵글밸브 조움,북구,산격동 1413-11,520.0,49,사유지,15.0,,생활용수,급수관
20241228-0004,2024-12-28 08:06:00,35.8965247,128.6047911,긴급공사,북구 연암공원로14길 41-7 (산격동) / 1226-11번지,EPS D50*15mm 분기점 누수수선,북구,산격동 1226-11,520.0,47,공도,15.0,0 ,생활용수,급수관
20250110-0087,2025-01-10 10:16:00,35.8917011,128.6035545,긴급공사,"북구 대구체육관로8길 17 (산격동,전원빌라트) / 1497-8번지",PFP D80×13mm 분기점누수 수선,북구,산격동 1497-8,520.0,47,공도,15.0,0 ,생활용수,급수관
20250110-0090,2025-01-10 10:22:00,35.8948661,128.6060499,긴급공사,"북구 대학로9길 42-5 (산격동,에벤에셀교회) / 1409-11번지",현장출동-미누수(오수현장),북구,산격동 1409-11,520.0,49,,,,,
20250113-0120,2025-01-13 10:20:00,35.8896045,128.6017164,긴급공사,북구 연암로 18-14 (산격동) / 1441-24번지,"(1차)D25×13mm 분기점누수 수선, (2차)D25mm 접합부누수 수선",북구,산격동 1441-24,520.0,47,공도,15.0,1 ,생활용수,급수관
20250115-0157,2025-01-15 14:09:00,35.8954328,128.6060242,긴급공사,북구 대학로9길 52 (산격동) / 1407-55번지,D80*13mm 분기점 누수수선,북구,산격동 1407-55,520.0,48,공도,15.0,1 ,생활용수,급수관
20250120-0514,2025-01-20 16:43:00,35.8921541,128.6040525,긴급공사,북구 대구체육관로10길 7 (산격동) / 1490-21번지,계량기 잠금-내부누수(온수보일러),북구,산격동 1490-21,520.0,47,,,,,
20250205-0001,2025-02-05 01:34:00,35.8912668,128.596979,긴급공사,북구 연암로 60-2 (산격동) / 993-6번지,D13mm 계량기실 누수수선(통교체),북구,산격동 993-6,520.0,46-1,사유지,15.0,,,급수관
20250206-0200,2025-02-06 13:56:00,35.8961025,128.6043331,긴급공사,북구 산격로11길 8 (산격동) / 1225-13번지,현장출동-미누수,북구,산격동 1225-13,520.0,47,,,,,
20250206-0206,2025-02-06 14:04:00,35.8958248,128.6046429,긴급공사,북구 연암공원로14길 47 (산격동) / 1422-30번지,PFP D40mm 접합부누수 수선(직선처리),북구,산격동 1422-30,520.0,47,공도,40.0,0 ,생활용수,배수관
20250210-0182,2025-02-10 11:43:00,35.8921273,128.6065444,긴급공사,"북구 대학로9길 14-19 (산격동,드림빌) / 1414-68번지",D20 밸브조임,북구,산격동 1414-68,520.0,49,사유지,20.0,,,급수관
20250210-0439,2025-02-10 17:22:00,35.8978433,128.6030065,긴급공사,북구 연암공원로20길 16 (산격동) / 1188번지,D13 밸브조임,북구,산격동 1188,520.0,24-3,사유지,15.0,,생활용수,급수관
20250211-0169,2025-02-11 13:16:00,35.8964345,128.6001048,긴급공사,북구 연암공원로 66-3 (산격동) / 1163-41번지,D13 밸브조임,북구,산격동 1163-41,520.0,46-1,사유지,15.0,,,급수관
20250214-0113,2025-02-14 13:01:00,35.8954103,128.6093837,긴급공사,북구 대동로6길 22 (산격동) / 1312번지,D80mm (Hi-3P) 접합부누수 수선(볼트조움),북구,산격동 1312,520.0,48,공도,80.0,48 ,생활용수,급수관
20250222-0021,2025-02-22 14:46:00,35.8917892,128.5966102,긴급공사,북구 연암로12길 9-9 (산격동) / 1040-2번지,D13mm 인입선누수 수선(밸브설치),북구,산격동 1040-2,520.0,46-1,공도,15.0,1 ,생활용수,급수관
20250224-0473,2025-02-24 15:18:00,35.8952564,128.6027767,긴급공사,북구 산격로북9길 1-1 (산격동) / 1437-168번지,탐사결과-급수중지 밸브 잠금,북구,산격동 1437-168 행복한날,520.0,24-3,,,,생활용수,
20250226-0075,2025-02-26 10:20:00,35.8924376,128.6035637,긴급공사,북구 대구체육관로 40 (산격동) / 1497-7번지,"현장출동-계량기커버누수,요금팀 이첩",북구,산격동 1497-7 CU편의점,520.0,47,,,,,
20250228-0217,2025-02-28 11:40:00,35.8942286,128.6080125,긴급공사,북구 대학로15길 25-1 (산격동) / 1326-13번지,D13 계량기통교체,북구,산격동 1326-13,520.0,49,사유지,15.0,,생활용수,급수관
20250304-0151,2025-03-04 10:30:00,35.8955794,128.6081656,긴급공사,북구 대학로25길 38-1 (산격동) / 1311-45번지,D80×13mm 구분기점누수수선(누.방설치),북구,산격동 1311-45,520.0,48,공도,15.0,605 ,생활용수,급수관
20250305-0747,2025-03-05 16:13:00,35.8952666,128.6002076,긴급공사,북구 산격로서9길 26-6 (산격동) / 1117-45번지,"(1차)D13mm 접합부누수수선, (2차)D80×13mm 분기점누수수선",북구,산격동 1117-45,520.0,46-1,공도,15.0,"1,253 ",생활용수,급수관
20250327-0617,2025-03-27 16:43:00,35.890347,128.6011965,긴급공사,북구 대구체육관로 8 (산격동) / 1442-50번지,D13 밸브조임,북구,산격동 1442-50 소담까페,520.0,47,사유지,15.0,,생활용수,급수관
20250404-0309,2025-04-04 15:10:00,35.8947352,128.5989505,긴급공사,북구 연암공원로10길 3-7 (산격동) / 1149-1번지,"현장출동-오수, 구청으로 이관",북구,산격동 1149-1,520.0,46-1,,,,,
20250410-0221,2025-04-10 15:03:00,35.894675,128.6080001,긴급공사,북구 산격로10길 26-2 (산격동) / 1326-34번지,현장출동-미누수,북구,산격동 1326-34,520.0,49,,,,,
20250411-0236,2025-04-11 16:53:00,35.8953021,128.6042856,긴급공사,북구 연암공원로14길 54-1 (산격동) / 1424-30번지,D100*15mm 분기점누수수선(누수방지새들설치),북구,산격동 1424-30,520.0,47,공도,15.0,0 ,생활용수,급수관
20250414-0308,2025-04-14 15:12:00,35.8917235,128.6061353,긴급공사,"북구 대학로 59-38, (폐전:2013.10.23) (산격동) / 1416-37번지",D80mm 직관부누수수선(클램프설치),북구,산격동 1416-37 (폐전:2013.10.23),520.0,49,공도,80.0,0 ,생활용수,배수관
20250416-0280,2025-04-16 15:32:00,35.8952682,128.6077727,긴급공사,북구 대학로13길 40 (산격동) / 1312-23번지,D100*15 분기점 수선,북구,산격동 1312-23,520.0,48,공도,15.0,0 ,생활용수,급수관
20250418-0039,2025-04-18 09:51:00,35.8946041,128.6021922,긴급공사,북구 연암공원로10길 33-3 (산격동) / 1437-132번지,D13 밸브조임,북구,산격동 1437-132,520.0,24-3,사유지,15.0,,생활용수,급수관
20250424-0010,2025-04-24 08:58:00,35.8950661,128.6044337,긴급공사,"북구 산격로9길 6-1 (산격동,새마을금고) / 1424-6번지",터파기 결과 이상없음,북구,산격동 1424-6,520.0,47,,,,,기타
20250510-0006,2025-05-10 08:16:00,35.8893733,128.6015727,긴급공사,"북구 연암로4길 1 (산격동,서울비닐상사) / 1441-2번지",현장출동-하수도,북구,산격동 1441-2,520.0,47,,,,,
20250521-0010,2025-05-21 09:05:00,35.8927865,128.6044273,긴급공사,북구 대구체육관로11길 3 (산격동) / 1430-8번지,현장출동-밸브고장(공무이첩),북구,산격동 1430-8,520.0,47,,,,,
20250527-0354,2025-05-27 13:03:00,35.8898904,128.6014252,긴급공사,북구 연암로 18-30 (산격동) / 1441-20번지,D13mm 밸브밑누수 및 통교체,북구,산격동 1441-20,520.0,47,사유지,15.0,,생활용수,급수관
20250609-0243,2025-06-09 13:24:00,35.8957987,128.5993513,긴급공사,북구 연암공원로 60 (산격동) / 1155-7번지,현장출동-하수도,북구,산격동 1155-7,520.0,46-1,,,,,
20250721-0323,2025-07-21 13:10:00,35.8928881,128.6043166,긴급공사,북구 대구체육관로11길 7-1 (산격동) / 1430-27번지,D80*13mm 분기점누수수선,북구,산격동 1430-27,520.0,47,공도,15.0,900 ,,급수관
20250721-0463,2025-07-21 14:41:00,35.896852,128.60232,긴급공사,북구 연암공원로14길 19-16 (산격동) / 1186-39번지,DTC D80mm 접합부누수수선,북구,산격동 1186-39,520.0,24-3,공도,80.0,0 ,,배수관
20250721-0465,2025-07-21 14:42:00,35.8968597,128.6024676,긴급공사,북구 연암공원로14길 19-12 (산격동) / 1186-71번지,D15mm 계량기실누수수선 및 보호통교체,북구,산격동 1186-71,520.0,24-3,사유지,15.0,522 ,,급수관
20250721-0489,2025-07-21 15:09:00,35.8957823,128.5984428,긴급공사,북구 연암공원로 55-31 (산격동) / 1169-17번지,D20mm 밸브누수수선,북구,산격동 1169-17,520.0,46-1,공도,20.0,0 ,,급수관
20250721-0605,2025-07-21 16:50:00,35.8944473,128.5974658,긴급공사,북구 연암공원로7길 9 (산격동) / 1134-1번지,D15mm 인입선누수수선 및 보호통교체,북구,산격동 1134-1,520.0,46-1,사유지,15.0,504 ,,급수관
20250721-0606,2025-07-21 16:51:00,35.8934489,128.5987172,긴급공사,북구 연암공원로8길 13-2 (산격동) / 1106-18번지,D80*25mm 분기점누수수선,북구,산격동 1106-18,520.0,46-1,공도,25.0,230 ,,급수관
20250721-0608,2025-07-21 16:52:00,35.8934489,128.5987172,긴급공사,북구 연암공원로8길 15 (산격동) / 1106-18번지,D15mm 인입선누수수선 및 보호통교체,북구,산격동 1106-18,520.0,46-1,사유지,15.0,672 ,생활용수,급수관
20250723-0413,2025-07-23 14:59:00,35.8964048,128.609203,긴급공사,북구 대동로8길 15-1 (산격동) / 1249-27번지,D25*13 분기점 누수 수선유솔,북구,산격동 1249-27,520.0,48,공도,25.0,230 ,,급수관
9910388,,35.8950196,128.6097072,지하누수,산격동 1307-53,D150*25분기점교체 및 폐쇄,북구,북구 산격로10길 39 (산격동) / 1307-53번지,520.0,490.0,,25.0,"5,256",,0.0
9910402,,35.8925856,128.5968797,지하누수,산격1동 1058-4,D15 지수전수선,북구,북구 연암로12길 17 (산격동) / 1058-4번지,520.0,461.0,,15.0,701,,0.0
