cluster_id,repair_count,avg_lat,avg_lon,nearest_d_final,nearest_pipe,nearest_type,nearest_dist,max_d_final,max_d_pipe,avg_d_final,pipe_count,d_final_quartile
0,1,35.8932559,128.6040557,0.0070897867039425,211474,SPLY_LS,4.621350598258002,0.0073472497503581,38040,0.007078815426020635,6,Q1
1,1,35.8948401,128.6108953,0.006869603374655,107356,SPLY_LS,6.737224928042945,0.0124682733736618,72211,0.007857401149621654,8,Q2
2,1,35.890437,128.6039201,0.0069635016621713,38892,SPLY_LS,4.883450653252777,0.0212820934514557,73313,0.009317638073852535,8,Q3
3,2,35.89857815,128.6041736,0.0068635454206217,143359,SPLY_LS,9.015220127333155,0.0461722419797946,308758,0.023678581714991813,7,Q4
4,1,35.8954174,128.6096018,0.0067649871684644,177229,SPLY_LS,8.558543630763705,0.012615583318517,211249,0.007388190120420054,7,Q1
5,1,35.8960453,128.6009302,0.0070853597375336,3984,SPLY_LS,15.12572257543169,0.0070853597375336,3984,0.007041709398461809,2,Q1
6,1,35.8979493,128.6042737,0.0072396045671509,106802,SPLY_LS,8.812847515462582,0.0072440315335598,177603,0.007209509862807474,9,Q1
7,5,35.8952774,128.6101531,0.0071142515183078,245302,SPLY_LS,12.372642558875777,0.0072943591516827,143027,0.007201275633240039,6,Q1
8,1,35.8938976,128.5983609,0.0481364669131537,142119,PIPE_LM,10.391209927451348,0.0481364669131537,142119,0.02392968943740557,6,Q4
9,5,35.893722159999996,128.59912624,0.0072293526449407,142115,SPLY_LS,6.912443816067607,0.0216692294342273,210459,0.010361907525214048,5,Q3
10,1,35.8966024,128.6001585,0.0077979053089096,244078,SPLY_LS,9.64138466572891,0.0366409244777962,324800,0.012640130146020358,6,Q3
11,2,35.89445215,128.60188240000002,0.006920396989242,211522,SPLY_LS,7.992494885631149,0.0072412355547752,143228,0.006957607878139624,7,Q1
12,1,35.8971662,128.6015565,0.0068586524577486,38056,SPLY_LS,3.9781801986054095,0.0287036873425774,211529,0.008583402244443167,10,Q2
13,3,35.89466906666667,128.60217573333333,0.006920396989242,72529,SPLY_LS,10.904233684497783,0.0175036538467823,408602,0.008418284033843183,8,Q2
14,1,35.8895649,128.6026112,0.0070287411671454,107443,SPLY_LS,8.893791381073694,0.0151386999822204,38876,0.008343284809610278,8,Q2
15,1,35.8936997,128.5981166,0.025675660663207,244038,PIPE_LM,7.263759318248757,0.0828468289495488,299675,0.017055439263662518,12,Q4
16,3,35.892494166666665,128.5967628,0.0094393525258494,105133,SPLY_LS,4.762925088329334,0.0094393525258494,105133,0.009382495548929809,3,Q3
17,1,35.8927783,128.5970696,0.0075607809801206,142086,SPLY_LS,4.745546376651379,0.070855627345236,302085,0.01501665437969325,6,Q4
18,1,35.8935219,128.6098311,0.0072615064009636,212288,SPLY_LS,7.1786927002714,0.0226167708260941,418135,0.010007723752407445,8,Q3
19,3,35.895821266666665,128.610742,0.0069003591412856,72332,SPLY_LS,10.176893448758728,0.012615583318517,3805,0.008598539133467416,7,Q2
20,1,35.8952791,128.6085304,0.0069003591412856,143067,SPLY_LS,6.407128733255246,0.0287036873425774,37990,0.010239600128596076,9,Q3
21,1,35.8955801,128.6084953,0.0079568063267966,37926,SPLY_LS,4.927084806530631,0.0464824560737003,143127,0.013187850794215375,13,Q4
22,1,35.8962089,128.5996874,0.0065422408586243,244045,SPLY_LS,2.762706080118107,0.1462461040307996,210515,0.016937494501680632,13,Q4
23,1,35.8981373,128.6052037,0.0068861462491306,106788,SPLY_LS,8.000108643089112,0.0432973627238964,211681,0.013756657763832374,7,Q4
24,1,35.8983117,128.6039873,0.0070042763527801,4145,SPLY_LS,7.9499858225108415,0.0216692294342273,308845,0.008633153792685665,8,Q2
25,1,35.8977199,128.6035563,0.0174687512227239,143369,PIPE_LM,7.330268152550381,0.0174687512227239,106307,0.009476950743556261,10,Q3
26,1,35.8902294,128.6026617,0.0076319780555378,37842,SPLY_LS,6.676451898200213,0.0162343340538362,73314,0.008452249940287586,10,Q2
27,2,35.8915451,128.5961415,0.0089980305745229,2812,SPLY_LS,7.789519719468544,0.0215768368900334,463668,0.011789824054780379,8,Q3
28,2,35.8898263,128.6010129,0.0316953962852238,47811,PIPE_LM,7.6536700432939,0.0316953962852238,47811,0.015623386862704427,8,Q4
29,1,35.8910713,128.6032933,0.0070490120133337,143987,SPLY_LS,7.611230693162219,0.0070555359638311,38873,0.006953033517746165,5,Q1
30,5,35.89588604000001,128.60974242000003,0.0070299061583056,3801,SPLY_LS,5.680350560471637,0.0182935788516018,245327,0.009034211975656606,8,Q2
31,2,35.89277855,128.5978581,0.0088477933144969,36445,SPLY_LS,8.575769226431696,0.0281699982644955,298006,0.01199141179895862,9,Q3
32,1,35.898353,128.604123,0.0072510214805213,4143,SPLY_LS,8.858141751117563,0.0461722419797946,308758,0.014712865330879779,9,Q4
33,3,35.8962819,128.61074166666666,0.0071601521700217,72325,SPLY_LS,7.275870478236643,0.0164284324186314,106429,0.008748601592330554,7,Q2
34,1,35.8931139,128.6092693,0.0069672296338841,178155,SPLY_LS,11.239487211148575,0.0078760046187214,107358,0.007027652677766388,5,Q1
35,1,35.8971656,128.6002114,0.0073938493967682,210471,SPLY_LS,8.353872122716698,0.0160397039126991,244089,0.009712792051824905,7,Q3
36,1,35.8955649,128.6090574,0.0071410463149936,72373,SPLY_LS,4.514895086383716,0.0124682733736618,72436,0.007573739978985871,9,Q1
37,3,35.897049833333334,128.60988883333334,0.0069308826846431,106441,SPLY_LS,16.59757601828213,0.008103479038668,143013,0.007493201447206954,2,Q1
38,1,35.897813,128.6048295,0.0073924514073759,38227,SPLY_LS,6.485340331841592,0.0073924514073759,38227,0.0070990816464585865,8,Q1
39,3,35.894520066666665,128.5982038666667,0.0046850119509514,465918,SPLY_LS,12.136334712241508,0.0069798115384148,2949,0.005690251790893502,2,Q1
40,2,35.89770705,128.60484,0.0073924514073759,38227,SPLY_LS,5.343417434158583,0.0081235442996474,72659,0.00716517044863743,7,Q1
41,3,35.893397,128.5981009333333,0.0073954803843925,175917,SPLY_LS,10.520053058125525,0.0170485906941094,418930,0.008332276905298266,8,Q2
42,1,35.8952087,128.601595,0.0074108582677078,42354,SPLY_LS,10.262140791480062,0.0572258164240383,211527,0.01249824744615492,8,Q3
43,1,35.8922299,128.6075294,0.0072994851127878,107386,SPLY_LS,8.489991730514662,0.0080429708070996,246254,0.007269220262917887,7,Q1
44,1,35.8926598,128.6054077,0.0069008251377497,38860,SPLY_LS,10.626085647367338,0.1595279725895665,439847,0.034382416421408456,7,Q4
45,1,35.8945985,128.6014333,0.006920396989242,177433,SPLY_LS,6.752859782670978,0.0437590243191238,413304,0.013417713356289265,13,Q4
46,1,35.8918995,128.6034968,0.0073153289925672,73348,SPLY_LS,5.189532014331414,0.0351061272044941,178217,0.010748845364286214,9,Q3
47,1,35.8981031,128.6047695,0.0074241391669347,143355,SPLY_LS,7.3852396890737175,0.016012490452254,434486,0.008392187487680862,9,Q2
48,2,35.8924787,128.605816,0.006990296458857,205355,SPLY_LS,6.153777543990094,0.0390515402931816,199089,0.011294598254928224,7,Q3
49,1,35.8964922,128.6065103,0.0070674188736657,37978,SPLY_LS,6.256293910710781,0.0071825200002985,211420,0.007038040554197571,8,Q1
50,1,35.8945889,128.5984789,0.0932408960502303,299653,PIPE_LM,5.502989195814382,0.0932408960502303,299653,0.027663234052105502,10,Q4
51,3,35.89056696666667,128.60295126666668,0.0072510214805213,212347,SPLY_LS,7.634605157556201,0.014461878683193,212342,0.00833414659947396,7,Q2
52,1,35.8973396,128.5996707,0.0151313769086036,308961,PIPE_LM,7.9646694687027555,0.0151313769086036,308961,0.009590410188504112,7,Q3
53,1,35.8956451,128.6015328,0.0072596424151072,106646,SPLY_LS,10.419776483115905,0.1250944139625557,4008,0.01870132980547597,11,Q4
54,1,35.8899291,128.6016472,0.0073351338422915,246339,SPLY_LS,6.182372180883197,0.0081025874922109,4784,0.007273526310174283,5,Q1
55,1,35.8906833,128.6034433,0.0071254354334462,178220,SPLY_LS,6.287972594862327,0.0532314538300115,4787,0.01073260427803858,14,Q3
56,1,35.8934782,128.6041763,0.0069744525790776,211472,SPLY_LS,11.836923883259495,0.0131031266278912,436993,0.007797995226570546,7,Q1
57,2,35.895324,128.6036788,0.0068675063905665,143155,SPLY_LS,7.906338767249576,0.0443595448583429,211478,0.011202548652980397,10,Q3
58,1,35.8887528,128.6024193,0.0072691953426213,178238,SPLY_LS,9.695228425407741,0.0133525366316834,116648,0.008686496318253311,7,Q2
59,1,35.8934943,128.6071291,0.0123209634288065,212291,PIPE_LM,8.520617949643464,0.0130579167419729,211234,0.008676651198875085,5,Q2
60,1,35.8973255,128.598688,0.03750403827788,308932,PIPE_LM,6.6926804314269654,0.0461722419797946,308930,0.02077588358931277,9,Q4
61,1,35.896862,128.6102019,0.0071457062796346,72321,SPLY_LS,9.201659810930845,0.0164284324186314,37892,0.008890481776549556,12,Q2
62,1,35.8972847,128.6067763,0.0083320363325835,245409,SPLY_LS,8.336304367115167,0.0559181350971663,37987,0.010957217634158405,9,Q3
63,2,35.8933459,128.6080879,0.0072778162772071,107329,SPLY_LS,8.048803202343422,0.0081765113056098,42475,0.007721020734112764,3,Q1
64,3,35.8948698,128.6010136,0.0071452402831705,107614,SPLY_LS,9.721408102192813,0.0150429157723756,37774,0.008294775087616694,7,Q2
65,1,35.8952936,128.6095987,0.0060826931311393,177228,SPLY_LS,7.664555978494862,0.012615583318517,211249,0.0075219627389564005,9,Q1
66,1,35.8933378,128.6098866,0.0128402832045764,143920,SPLY_LS,5.780904819271921,0.0226364347334925,418134,0.013813119530232894,6,Q4
67,1,35.8974779,128.6038346,0.0069744525790776,4146,SPLY_LS,6.601492939036523,0.0160397039126991,211679,0.007817036240067146,9,Q1
68,3,35.8951696,128.6090785,0.0076717303470403,3841,SPLY_LS,6.532143975649282,0.0172752730079525,110993,0.0085090271795587,9,Q2
69,1,35.8937156,128.6060161,0.0063842807773331,246324,SPLY_LS,7.670225134383818,0.0539575075537303,246291,0.013857962845385938,7,Q4
70,1,35.8946232,128.6089947,0.0092277085817665,215085,SPLY_LS,8.689152450464588,0.012615583318517,443322,0.008663223331830143,7,Q2
71,1,35.8946812,128.60549,0.0071636471435025,143970,SPLY_LS,3.3961801468403148,0.0149619280483941,73276,0.008702838557917921,5,Q2
72,2,35.8958128,128.6122184,0.0071468712707948,143003,SPLY_LS,5.8612702130287495,0.0709752717733486,37855,0.017531094379031487,12,Q4
73,2,35.8941917,128.6098301,0.0070667198789695,178144,SPLY_LS,4.7323804751743825,0.0079681563995028,212285,0.0065262929216154475,9,Q1
74,1,35.8958898,128.6102138,0.0058264702897658,106452,SPLY_LS,8.969727894881665,0.0546122426640383,37858,0.01903750676472918,7,Q4
75,3,35.8974475,128.6082208,0.0065855785297857,177244,SPLY_LS,8.133403815071064,0.0104043197901278,245223,0.007236835361841159,7,Q1
76,2,35.8976809,128.6005573,0.0280477722627098,210516,PIPE_LM,4.944639563561652,0.0280477722627098,210516,0.01144120657294442,11,Q3
77,3,35.8970081,128.6100978,0.0069199309927779,72322,SPLY_LS,8.926291457542606,0.0164284324186314,37892,0.00936144392390249,5,Q3
78,2,35.8945281,128.6102834,0.0070653218895772,107355,SPLY_LS,4.256010817464279,0.0287036873425774,4693,0.010438016023584152,11,Q3
79,1,35.8954018,128.6109694,0.0066237902398419,245334,SPLY_LS,6.205340360812504,0.0072943591516827,106460,0.006659888929708522,6,Q1
80,2,35.897172,128.6035242,0.0533045613371663,143187,PIPE_LM,9.061385970021849,0.0533045613371663,143187,0.016602504615900734,6,Q4
81,1,35.8958181,128.5988243,0.0068302266734385,142153,SPLY_LS,6.141061440203729,0.0263295954033706,299650,0.009405555635494384,8,Q3
82,1,35.8963146,128.608057,0.007295757141075,3823,SPLY_LS,6.716936443517385,0.0148699521170537,37758,0.007689551300130894,11,Q1
83,2,35.8898124,128.6029721,0.0192476446952389,4789,PIPE_LM,5.617155530065516,0.0192476446952389,4789,0.009717426214345038,7,Q3
84,2,35.88985515,128.6014137,0.0070478470221735,245194,SPLY_LS,6.203849249389336,0.0123209634288065,72286,0.007713627455921024,6,Q1
86,1,35.896079,128.6124025,0.0079995042193581,106431,SPLY_LS,6.954533393362059,0.0709752717733486,37855,0.01599766581482046,6,Q4
87,1,35.8953808,128.6108597,0.0072943591516827,106460,SPLY_LS,5.240738920364394,0.0072943591516827,106460,0.006659801269245125,6,Q1
88,1,35.8950228,128.6085868,0.0069756175702379,72378,SPLY_LS,4.110540632102869,0.096712976983588,3773,0.020017933000823954,11,Q4
89,1,35.8947785,128.6051035,0.0068686713817268,3935,SPLY_LS,3.55847185082414,0.0072475265070406,72470,0.00702113708380602,3,Q1
90,3,35.8976226,128.6048668,0.0068635454206217,38228,SPLY_LS,6.664178444348936,0.0081235442996474,72659,0.007179625834582003,8,Q1
91,2,35.8929263,128.6060014,0.0064210333937151,421834,SPLY_LS,7.347278538444051,0.0064564348109654,420740,0.006225684319926635,5,Q1
92,2,35.8961776,128.6111316,0.0074332260979847,143021,SPLY_LS,6.474758348069341,0.0084904089762665,106436,0.00753127938229403,4,Q1
93,2,35.89331525,128.6063746,0.0069665306391879,38857,SPLY_LS,7.890934012273522,0.0121732498950612,73278,0.008031412742486421,4,Q2
94,1,35.8968082,128.5991048,0.0082795675980129,105169,SPLY_LS,6.826391415269603,0.0370027348081344,319483,0.01151223012450066,9,Q3
95,1,35.8915979,128.5958797,0.0153199687198807,105130,SPLY_LS,9.970507087771368,0.1316274416573431,324891,0.054802122330445194,8,Q4
96,1,35.8942939,128.6108759,0.0122925246826068,107316,SPLY_LS,10.65892507031955,0.0134681043691259,4689,0.012787578561417077,2,Q4
97,2,35.8980429,128.6054633,0.0074122562571001,177579,SPLY_LS,5.844528496747425,0.0074122562571001,177579,0.007062780941302808,7,Q1
98,2,35.8903448,128.603526,0.0179139184029323,455022,PIPE_LM,12.210402343259622,0.0179139184029323,455022,0.00883150279658309,9,Q2
100,1,35.8963925,128.6093905,0.0124682733736618,211441,PIPE_LM,8.32036984817156,0.081557734424185,37857,0.013926616289584085,9,Q4
101,1,35.8948143,128.610655,0.0064589234348181,178152,SPLY_LS,9.445346679536843,0.0164284324186314,72210,0.009194582583678489,8,Q3
102,2,35.8951751,128.6108261,0.0214767589913084,211327,PIPE_LM,5.161181191635645,0.0214767589913084,211327,0.0097154126819083,11,Q3
103,3,35.896388566666666,128.59876443333334,0.0070243142007364,142147,SPLY_LS,6.050487648244403,0.0149572818042988,243991,0.008266579582922123,11,Q2
104,3,35.8967871,128.6097942,0.0176827320666301,211326,PIPE_LM,3.7890456531726846,0.0176827320666301,211326,0.008977187846067077,12,Q2
105,1,35.894826,128.6093499,0.0087857037936415,143903,SPLY_LS,9.061325589192798,0.0978692813090219,107322,0.026481170587459364,8,Q4
106,2,35.8958578,128.6049185,0.0069635016621713,38020,SPLY_LS,8.559068871379221,0.0160397039126991,245473,0.008517376277405777,5,Q2
107,1,35.8957134,128.611724,0.0519568352686757,142917,PIPE_LM,10.688902628207549,0.0519568352686757,142917,0.0519568352686757,1,Q4
108,1,35.8899151,128.601287,0.0074211101899181,106318,SPLY_LS,6.336623017450321,0.0221838477670655,177107,0.009872409823709957,6,Q3
109,1,35.8950204,128.6087327,0.0069756175702379,72378,SPLY_LS,9.609121282521311,0.096712976983588,3773,0.018303593274927348,9,Q4
110,1,35.8953002,128.6077841,0.0070236152060402,106502,SPLY_LS,6.915946044661139,0.0960376731537763,316654,0.01556380630371586,11,Q4
111,1,35.8964062,128.6085155,0.0127628932633723,245224,PIPE_LM,8.169453087619683,0.0459506384797093,211434,0.011153809255990722,11,Q3
112,2,35.8940844,128.6087432,0.0073664147943011,107342,SPLY_LS,6.748684496346703,0.0557789472884404,18681,0.013185762451005618,13,Q4
113,2,35.8976136,128.6049804,0.0072156057492497,106799,SPLY_LS,4.612098897983755,0.0072156057492497,106799,0.00712620860062812,2,Q1
114,1,35.8912066,128.6040328,0.0063394209661609,73352,SPLY_LS,3.636674101997017,0.0125810591760285,107418,0.007874235026217648,10,Q2
115,1,35.895108,128.6111366,0.008899460672454,177234,SPLY_LS,4.473815883248754,0.0154927281565411,245222,0.009107520158429309,8,Q2
116,1,35.8955536,128.6113662,0.0084571368287297,3784,SPLY_LS,6.500342329858956,0.065534691196846,177202,0.023826428507257563,5,Q4
117,1,35.8929963,128.6041747,0.007114950513004,38038,SPLY_LS,12.921331454486227,0.0073383958175402,3953,0.00712676469129709,4,Q1
118,2,35.8951425,128.6102863,0.0057270575196779,143028,SPLY_LS,5.630520135534468,0.0214767589913084,245307,0.008569899727928399,11,Q2
119,1,35.8929568,128.5974565,0.0113190897101259,175879,SPLY_LS,9.527260192158991,0.0113190897101259,175879,0.009937955590669983,4,Q3
120,1,35.8948223,128.6031508,0.0061953831387225,430987,SPLY_LS,8.756428279979028,0.0162219752006073,430998,0.008225714666327886,4,Q2
121,1,35.8950854,128.6088372,0.0100301509693544,211388,SPLY_LS,11.818405183350176,0.0146078998740734,37938,0.00832534845042396,9,Q2
122,1,35.8966487,128.6079187,0.0073120670173185,37913,SPLY_LS,5.099784624513448,0.0127628932633723,142919,0.008137624467429038,8,Q2
124,1,35.8921902,128.5974082,0.0094269337200811,175904,SPLY_LS,3.6498719348578623,0.082664898569442,71431,0.013774799262209998,7,Q4
125,1,35.8954748,128.604678,0.0079351657482354,72458,SPLY_LS,7.993040433212565,0.0764571397296536,245472,0.021036353853392507,8,Q4
126,1,35.8935192,128.5982447,0.0068591184542127,36423,SPLY_LS,6.555873246450146,0.0170485906941094,418930,0.008077907491451061,9,Q2
127,1,35.8971881,128.5999924,0.0072666323620687,36474,SPLY_LS,6.418041838593027,0.0299653696434191,308923,0.011297311306051876,11,Q3
128,2,35.8926483,128.6068128,0.0249711413695159,99395,PIPE_LM,8.483864268728974,0.0249711413695159,99395,0.010162933151570122,9,Q3
129,4,35.89237925,128.598050425,0.0089077670594266,142102,SPLY_LS,8.875481394884464,0.0452652652655311,277675,0.011631548265805957,10,Q3
130,1,35.893374,128.5992472,0.0069770155596302,142063,SPLY_LS,7.605189740107397,0.0121732498950612,175863,0.007962725627120434,5,Q2
131,1,35.8963622,128.6108785,0.0071375513415128,37874,SPLY_LS,6.411250990056992,0.0082235330353927,143015,0.00704961785361227,6,Q1
132,1,35.897053,128.6060654,0.006953016741729,3867,SPLY_LS,7.991618437899772,0.0072435655370957,72403,0.007087955032617288,5,Q1
133,3,35.895344,128.6100321,0.0072880681994173,106458,SPLY_LS,7.632236919367613,0.096712976983588,142997,0.01657321674722408,7,Q4
134,2,35.8956355,128.6073607,0.0064871958399614,177280,SPLY_LS,10.879604946777786,0.0130382109657319,143035,0.008237252969334346,10,Q2
135,1,35.8929585,128.6094276,0.0104980605817356,212239,SPLY_LS,8.857296461988525,0.0204206292213957,72213,0.011174646354255937,5,Q3
136,1,35.8960729,128.6121391,0.0070170912555428,37859,SPLY_LS,5.752249145481764,0.0079995042193581,211329,0.00719029150322423,6,Q1
137,2,35.89471045,128.60908725000002,0.0068721663552075,143900,SPLY_LS,4.381943491383195,0.0166225307834266,245203,0.009606845509397622,6,Q3
138,2,35.8975146,128.6045759,0.0070960776562079,143361,SPLY_LS,6.689120946529779,0.0178972991594237,177622,0.008005686959525873,9,Q2
139,3,35.8948747,128.6014267,0.006920396989242,38087,SPLY_LS,4.893178600382336,0.0437590243191238,413297,0.012423967136197093,13,Q3
140,3,35.8965185,128.6077883,0.0073120670173185,143051,SPLY_LS,7.448500422373984,0.0124682733736618,37757,0.0077131022950814665,9,Q1
141,2,35.8938663,128.6102529,0.0075015674600096,143921,SPLY_LS,8.592600532798313,0.0075015674600096,143921,0.00703470614348308,3,Q1
142,1,35.8912764,128.5969392,0.0090673941482043,175895,SPLY_LS,6.083313220220448,0.0226922575400644,2835,0.011720483558342583,9,Q3
143,2,35.901451,128.6043367,0.1572096137773609,59818,PIPE_LM,15.429626487671072,0.1572096137773609,59818,0.1572096137773609,1,Q4
144,3,35.8968513,128.6079403,0.0073183579695839,245352,SPLY_LS,7.834342176831515,0.0127628932633723,142919,0.007983434323652576,5,Q2
145,1,35.8948146,128.609921,0.0055184466269953,73264,SPLY_LS,9.199269083748913,0.0162343340538362,3672,0.008613940500982088,8,Q2
146,2,35.895701200000005,128.60878885,0.006860283445373,72370,SPLY_LS,5.837301900564606,0.0129737896179194,439878,0.008428164917342855,8,Q2
147,1,35.890979,128.6032946,0.0070490120133337,143987,SPLY_LS,8.680370236980284,0.0072566134380905,406714,0.007067426123568268,9,Q1
148,2,35.8952327,128.6046783,0.0058670417497212,245452,SPLY_LS,9.418546372830946,0.00829163347163,211462,0.0072226450615750296,5,Q1
149,1,35.8943617,128.5993061,0.0070867577269259,243987,SPLY_LS,6.557049048836279,0.0777007467085252,210521,0.021788111267273858,7,Q4
150,1,35.8960952,128.6100066,0.0128859660722632,177221,PIPE_LM,7.021650116281242,0.0128859660722632,177221,0.008176380269672181,5,Q2
151,2,35.8932193,128.6093998,0.0069672296338841,178155,SPLY_LS,12.518902124489072,0.0204206292213957,72213,0.008851857803545603,9,Q2
152,2,35.8966337,128.6042461,0.0074064313012989,72230,SPLY_LS,10.269851522651399,0.0074292651280398,211448,0.007184691330306401,8,Q1
153,3,35.897518033333334,128.60666433333333,0.0067377263753145,245417,SPLY_LS,8.46468199155672,0.0072435655370957,177324,0.007035785182891353,8,Q1
154,2,35.89027725,128.60406135,0.0064455465923234,4800,SPLY_LS,4.864727823833232,0.0070441190504607,246364,0.006754003570932387,6,Q1
155,1,35.8975568,128.6076141,0.0071391823291372,177240,SPLY_LS,5.689780919994512,0.0438277272643519,37985,0.01462745388076553,7,Q4
156,1,35.8955517,128.6118181,0.0073358328369876,3775,SPLY_LS,6.330153698597641,0.0692757803582343,245304,0.015410067505598138,5,Q4
157,1,35.8956685,128.6028173,0.0451096390958521,324843,PIPE_LM,9.857055860740036,0.0451096390958521,324844,0.02587591104252768,5,Q4
158,1,35.8941155,128.607839,0.0060932532654634,212263,SPLY_LS,6.842289068051871,0.0071266004246065,107335,0.006519999142181944,3,Q1
159,1,35.8963045,128.6079341,0.0071303283963193,106483,SPLY_LS,8.266018298618148,0.0124682733736618,37757,0.007513261083731956,7,Q1
160,1,35.8949517,128.5991657,0.0290311962401857,142070,PIPE_LM,8.835481297824526,0.0290311962401857,142070,0.01185684485604043,6,Q3
161,2,35.89690885,128.60017655000001,0.0069821415207353,71441,SPLY_LS,7.18014653641965,0.1443072101443862,142052,0.03079967909917215,6,Q4
162,1,35.8941678,128.6048861,0.0069010581359818,3933,SPLY_LS,7.0171013698777545,0.0120259399502059,106612,0.007865939101430436,9,Q2
163,2,35.897077,128.6077305,0.0073181249713518,3821,SPLY_LS,7.508188843289647,0.0539575075537303,3696,0.01669963424942033,10,Q4
164,3,35.8982751,128.60522816666665,0.0069385708513419,245658,SPLY_LS,7.964547948419918,0.0160397039126991,38252,0.008333828403782495,9,Q2
165,2,35.8930297,128.5985357,0.0073153289925672,210453,SPLY_LS,9.62434180910064,0.0073153289925672,210453,0.007106655383223118,4,Q1
166,3,35.892076833333334,128.6057973,0.0071354543574244,107376,SPLY_LS,6.976080519353077,0.0390515402931816,42328,0.017526592533489673,5,Q4
167,1,35.8930283,128.605446,0.0073763745293644,107397,SPLY_LS,6.2657220362744885,0.0154927281565411,177117,0.00865350276518795,9,Q2
168,4,35.8920942,128.59696839999998,0.0059705680463773,470703,SPLY_LS,10.039393882979661,0.070855627345236,324893,0.02216554697922886,4,Q4
169,1,35.8964225,128.6083507,0.0127628932633723,245224,PIPE_LM,6.814629555094971,0.0148699521170537,37758,0.009152632650029201,7,Q3
170,1,35.8943311,128.6089668,0.0089218285027308,73259,SPLY_LS,6.4428945066670895,0.0557789472884404,18681,0.018860893497233702,10,Q4
171,1,35.8958428,128.6037225,0.0071815880073703,38009,SPLY_LS,8.2023614391013,0.0639654736045996,245474,0.01306726250299519,9,Q4
172,1,35.8963248,128.6004439,0.0070450510433889,244082,SPLY_LS,8.184644773090296,0.0074416140343385,2874,0.007119204100385641,6,Q1
173,3,35.8938019,128.6078556,0.0071249694369821,212265,SPLY_LS,5.817449925914846,0.0129106067971176,38782,0.00805529439429504,8,Q2
174,3,35.8954002,128.6107026,0.0072943591516827,72341,SPLY_LS,7.313970986712995,0.0072943591516827,106460,0.0066105310380861785,7,Q1
175,1,35.8974345,128.5983333,0.0073153289925672,244058,SPLY_LS,14.799765475437257,0.0127628932633723,175868,0.009960732086328628,4,Q3
176,1,35.8917529,128.6062886,0.006735163394762,107379,SPLY_LS,6.762453282671117,0.0124682733736618,211230,0.008382347546753596,7,Q2
177,2,35.89648125,128.59851279999998,0.0070243142007364,244062,SPLY_LS,7.490306517124135,0.0127337211787944,210423,0.008172565227988739,10,Q2
178,1,35.8927563,128.6086165,0.006925289952115,178129,SPLY_LS,8.223560944481806,0.0557789472884404,212251,0.014443095374219624,11,Q4
179,2,35.8926445,128.6060532,0.007298144395324,421939,SPLY_LS,11.124307752385993,0.0249711413695159,411544,0.008887521337463745,7,Q2
180,1,35.8948437,128.6038297,0.0074234401722386,3956,SPLY_LS,9.753343727204145,0.0096141827492683,143157,0.008447091321950859,4,Q2
181,1,35.8967631,128.6092371,0.0072510214805213,143046,SPLY_LS,7.715741530336739,0.036581349282841,325181,0.010630350774329427,9,Q3
183,1,35.8961747,128.6118559,0.0067377263753145,3781,SPLY_LS,9.155753858832702,0.0082727166837863,143007,0.00726345626985021,6,Q1
184,1,35.8929279,128.6061233,0.0064564348109654,420740,SPLY_LS,10.863327771364254,0.0064564348109654,420740,0.006391203692156831,3,Q1
185,1,35.8903724,128.6026803,0.0065802195704485,212350,SPLY_LS,5.084805279835573,0.0639654736045996,38877,0.012362003013847433,9,Q3
186,1,35.8984009,128.6055977,0.0074138872447245,245657,SPLY_LS,8.573749766593478,0.0080513965613435,245237,0.007518892932537507,4,Q1
187,1,35.8968395,128.6064995,0.0072396045671509,106537,SPLY_LS,8.332607240279042,0.0438277272643519,142921,0.012388001305181317,10,Q3
188,2,35.8956008,128.6100887,0.0099460602733954,106345,PIPE_LM,6.715133986183753,0.0099460602733954,106345,0.007630941522791989,7,Q1
189,2,35.89825955,128.6056315,0.0074122562571001,4123,SPLY_LS,6.678754745441977,0.0080513965613435,245237,0.007416435038279032,7,Q1
190,2,35.894937150000004,128.59817745,0.0283752811603181,105105,PIPE_LM,7.98373741901273,0.0354465144716198,414353,0.012678248096321718,13,Q3
191,1,35.8966371,128.5993274,0.0064036997649587,416515,SPLY_LS,10.936903392105133,0.006883350270346,210487,0.00660430740449086,2,Q1
192,1,35.8950317,128.6061481,0.0087191200408471,72392,SPLY_LS,6.932586115886097,0.0087191200408471,72392,0.00800906362066008,6,Q2
193,3,35.8952274,128.598819,0.0088619945567403,210524,SPLY_LS,3.0069319986840792,0.1462461040307996,175848,0.020800973923107296,10,Q4
194,2,35.895777949999996,128.61020805,0.0072636033850521,143022,SPLY_LS,5.980456883159832,0.0129632553818131,439879,0.007940904624362135,5,Q2
195,3,35.8940868,128.6042889,0.0432973627238964,211476,PIPE_LM,11.605320504772262,0.0432973627238964,211476,0.01453357157133113,7,Q4
196,1,35.8913008,128.6057162,0.006363472310705,211229,SPLY_LS,10.193558444651762,0.0346707670947637,193308,0.013167812647012531,5,Q4
197,1,35.8938755,128.6048677,0.0055988610166736,177356,SPLY_LS,5.994290824668724,0.0123209634288065,3960,0.007419998100273394,8,Q1
198,1,35.8930714,128.6079041,0.0063886046145545,212258,SPLY_LS,8.319685955896999,0.0127337211787944,106332,0.00808041160697122,5,Q2
199,1,35.8923093,128.6083009,0.0084994478980842,4699,SPLY_LS,6.608979630247797,0.0701243636229631,38784,0.01865989844618973,8,Q4
200,1,35.8921406,128.6034955,0.008019190279409,38913,SPLY_LS,5.6124600453497395,0.0086164617428888,38912,0.007836973659404228,6,Q1
201,2,35.894309199999995,128.6105751,0.0069655986462597,38823,SPLY_LS,11.768972934914302,0.0070578659461516,178153,0.006328084313448988,5,Q1
202,1,35.894986,128.6116735,0.0691929789033484,245336,PIPE_LM,10.226406680947962,0.0691929789033484,245336,0.034774617035882534,5,Q4
203,2,35.8959027,128.6082557,0.0071543272142205,37933,SPLY_LS,7.538951437472747,0.0129737896179194,439876,0.008491480216308706,9,Q2
204,1,35.8970059,128.6089159,0.0073530747061594,106476,SPLY_LS,9.524198852899554,0.0128859660722632,3694,0.007549408397226908,9,Q1
205,1,35.8947789,128.6033482,0.0062026796140336,106603,SPLY_LS,8.534471653449199,0.0162219752006073,430998,0.00791341600129523,6,Q2
206,2,35.8924255,128.6048535,0.0129752900554134,4828,SPLY_LS,4.811261414374602,0.0559332615739099,419200,0.0203705784036187,4,Q4
207,1,35.8950531,128.6048475,0.1164735557738267,407187,PIPE_LM,8.683326002720962,0.1164735557738267,407188,0.07051564023519499,4,Q4
208,2,35.894484,128.6087472,0.0073714879735418,212274,SPLY_LS,8.674401200427003,0.0340503373923817,246252,0.011491884877213872,7,Q3
209,1,35.8917042,128.5975066,0.0093539353739797,142098,SPLY_LS,7.359632690007844,0.0162087553857603,71373,0.010345129269111155,7,Q3
210,1,35.895589,128.6002707,0.0070790687852682,105178,SPLY_LS,6.450407161489087,0.0290311962401857,243996,0.010954188037196562,10,Q3
211,3,35.8939193,128.5991765,0.0080867101700026,2832,SPLY_LS,12.277399869208956,0.0216692294342273,210459,0.013494612081680105,4,Q4
212,1,35.8901454,128.6032536,0.0773712644328432,48168,PIPE_LM,8.113823174693827,0.0773712644328432,48168,0.017585361828952727,12,Q4
213,1,35.8912155,128.6042629,0.008513240166017,246398,SPLY_LS,10.153643643653762,0.008513240166017,246398,0.0072807281750222755,4,Q1
214,2,35.8971507,128.6089729,0.007147337267259,245342,SPLY_LS,6.843544766082053,0.0128859660722632,3694,0.008237514509055854,9,Q2
215,1,35.8929917,128.6067571,0.0056322033406331,38852,SPLY_LS,7.894814887827313,0.0464824560737003,215096,0.01755961014721906,10,Q4
216,3,35.8944692,128.5984373,0.0064683571192412,2950,SPLY_LS,9.643485888212927,0.0932408960502303,299653,0.0212323727012265,8,Q4
217,1,35.8965336,128.5996083,0.0201880778787596,406711,SPLY_LS,17.98058691619945,0.0201880778787596,406711,0.013696108539967323,2,Q4
218,1,35.8951476,128.6104596,0.0072943591516827,143029,SPLY_LS,8.732620026154226,0.0214767589913084,245307,0.008817685970586858,9,Q2
219,1,35.8944829,128.6086036,0.0061923172965976,212275,SPLY_LS,8.064856382011786,0.0340503373923817,246252,0.01092041318128852,8,Q3
220,3,35.89503233333334,128.5979482,0.0072980871233955,176442,SPLY_LS,1.6020657831650116,0.0127628932633723,142071,0.00788796993226618,7,Q2
221,1,35.8919762,128.6057557,0.0216692294342273,42329,PIPE_LM,1.432714766786579,0.0390515402931816,24850,0.019244747778227322,8,Q4
222,2,35.8924384,128.6066901,0.0063796867002853,143925,SPLY_LS,8.136965323358567,0.0249711413695159,99395,0.008989088165912248,6,Q2
223,1,35.8926632,128.6087565,0.008717261198113,212253,SPLY_LS,3.585762671077106,0.0557789472884404,212251,0.016002588151120253,4,Q4
224,3,35.8968874,128.6031159,0.00707813679234,245479,SPLY_LS,8.048429811574191,0.0219413295028088,143233,0.008324845559763244,11,Q2
225,3,35.89471476666666,128.61126833333333,0.0073933834003041,212281,SPLY_LS,10.146418112211856,0.065534691196846,38779,0.02429239868323224,7,Q4
226,1,35.8955456,128.6022247,0.0069110770599599,177419,SPLY_LS,6.022023082785662,0.0360113034367638,38097,0.00973923740993356,8,Q3
227,1,35.8905587,128.6027877,0.0068943011872523,212348,SPLY_LS,9.00141542489264,0.0639654736045996,38877,0.0193457738788084,6,Q4
228,1,35.8948435,128.6078796,0.0062899670779409,107333,SPLY_LS,6.716738123672888,0.0674682454176989,316639,0.015418271868503645,7,Q4
229,2,35.8921334,128.6036122,0.0073766075275964,107449,SPLY_LS,13.21160637023416,0.008019190279409,38913,0.007466271244574877,4,Q1
230,2,35.8902334,128.60391405000001,0.0064334306842568,38889,SPLY_LS,6.125458419849796,0.0124682733736618,177125,0.007341476653624197,7,Q1
231,3,35.8950004,128.6102705,0.0097459831450357,211358,SPLY_LS,5.596745107437098,0.0149619280483941,3778,0.008667115902273889,8,Q2
232,1,35.8918433,128.6064363,0.0073227849359928,212301,SPLY_LS,8.125999505379134,0.0124682733736618,211230,0.007619497578406657,5,Q1
233,3,35.89425706666666,128.60623416666667,0.0068700693711191,38865,SPLY_LS,8.737851875856595,0.0124682733736618,3680,0.008113742318373937,5,Q2
234,1,35.8963222,128.6016409,0.0069012911342138,72517,SPLY_LS,8.682242170346564,0.0120259399502059,142932,0.007855828452456293,7,Q1
235,2,35.8950986,128.6053886,0.0091784910043272,72394,SPLY_LS,10.829254436987522,0.0150972710112342,72434,0.010985892486703387,3,Q3
236,1,35.8892791,128.6026847,0.0069481237788559,178202,SPLY_LS,4.464413448414848,0.0176827320666301,215055,0.007658932355636419,6,Q1
237,1,35.8978484,128.6039147,0.0070042763527801,106804,SPLY_LS,7.956458402750436,0.0074129552517963,38240,0.007047950515063918,6,Q1
238,1,35.8959807,128.6123805,0.0709752717733486,37855,PIPE_LM,6.5810757701253975,0.0709752717733486,37855,0.018862816309109253,8,Q4
239,1,35.8906001,128.6050173,0.0074320611068244,107413,SPLY_LS,10.184302766134271,0.0287036873425774,211242,0.011999541916547805,4,Q3
240,2,35.8947208,128.6107649,0.0073220859412967,73265,SPLY_LS,4.602987258486429,0.0124682733736618,72211,0.008601160919878469,7,Q2
241,2,35.89030775,128.60371045,0.0070292071636094,212354,SPLY_LS,6.850892073025038,0.0149619280483941,211244,0.008833674125467528,8,Q2
242,2,35.8937121,128.6087386,0.0086894826657303,143897,SPLY_LS,10.745279176362954,0.065534691196846,250048,0.018280853242240755,5,Q4
243,1,35.8944942,128.6004553,0.007407130295995,142171,SPLY_LS,6.387625692801477,0.0120259399502059,36928,0.0074735275500274045,9,Q1
244,1,35.8943564,128.6046949,0.0070452840416209,3941,SPLY_LS,6.370072580637698,0.0073749765399721,38029,0.00707900750591004,4,Q1
245,1,35.888788,128.6021374,0.0073302408794184,144001,SPLY_LS,4.811512820828187,0.0709752717733486,42425,0.016557314040941528,11,Q4
246,1,35.8921106,128.6071623,0.0062526739819062,244344,SPLY_LS,6.368981031822089,0.0084648572003129,199257,0.006799030308374868,4,Q1
247,2,35.892426549999996,128.6063828,0.0073053100685891,246309,SPLY_LS,11.126525363840551,0.0399538261912255,199088,0.01215269114529665,8,Q3
248,1,35.8931034,128.5975124,0.0113190897101259,175879,SPLY_LS,15.662115279953735,0.0113190897101259,175879,0.0113190897101259,1,Q3
249,1,35.8933408,128.6062061,0.0070243142007364,107395,SPLY_LS,10.021888908533542,0.0124682733736618,178160,0.008145157133290505,8,Q2
250,1,35.8935898,128.6044517,0.005215781923562,3947,SPLY_LS,8.778476451185929,0.0131031266278912,436993,0.007365963404893042,9,Q1
251,3,35.89484863333333,128.60849043333334,0.0133431178619665,106330,PIPE_LM,6.707091705524145,0.096712976983588,3773,0.017362751571064282,7,Q4
252,1,35.8899469,128.6035962,0.0059416279417907,246360,SPLY_LS,9.143159711587503,0.0181112800033299,178213,0.008479545412918548,9,Q2
253,1,35.892658,128.597828,0.0088477933144969,36445,SPLY_LS,5.463367075811456,0.0452652652655311,277675,0.01247939676036363,9,Q3
254,3,35.89413726666667,128.59786540000002,0.0072652343726764,142234,SPLY_LS,8.704036637846086,0.0072652343726764,71532,0.007015299210256922,5,Q1
255,1,35.8963482,128.6060171,0.0067449493205081,142922,SPLY_LS,6.266041461402327,0.0070671858754337,3884,0.006906120999016403,5,Q1
256,5,35.89055166,128.60331316000003,0.0073335028546671,3686,SPLY_LS,5.45575735384323,0.0073852284621823,73325,0.00708928511297544,9,Q1
257,1,35.8919494,128.6032447,0.0123209634288065,142915,PIPE_LM,6.978163143740451,0.0127337211787944,106339,0.009151036180632732,6,Q3
258,1,35.8939062,128.6061585,0.0068178777671398,73301,SPLY_LS,4.4450781211621,0.012615583318517,211236,0.007836523416922175,13,Q1
259,1,35.8967216,128.6108766,0.0071249694369821,37870,SPLY_LS,8.471295020947135,0.0074194792022937,72323,0.007181746768179038,3,Q1
260,1,35.894585,128.6053741,0.006953016741729,212324,SPLY_LS,5.861715248041633,0.0149619280483941,142911,0.009198755919995283,7,Q3
261,3,35.8938053,128.609037,0.0081699898075509,38813,SPLY_LS,10.329910585484104,0.0100091846520632,246270,0.008449335581222784,4,Q2
262,3,35.8948166,128.6104906,0.0080897391782245,38821,SPLY_LS,10.141827883677575,0.0164284324186314,72210,0.01022601858128042,4,Q3
263,1,35.8961785,128.600401,0.0071575891894692,175962,SPLY_LS,7.116554813112522,0.0074416140343385,2874,0.007110382398366798,6,Q1
264,2,35.8917379,128.6067056,0.0070555359638311,143938,SPLY_LS,8.17545384923788,0.0127628932633723,177115,0.007989738943496607,9,Q2
265,2,35.8980051,128.6067201,0.0067295714371928,245420,SPLY_LS,7.137503887419465,0.0078453281991819,211433,0.006909990389445309,4,Q1
266,1,35.8964534,128.607266,0.0071326583786398,72413,SPLY_LS,6.486592413723197,0.1058149350026461,106548,0.012744485911911846,14,Q3
267,3,35.88994066666667,128.60259390000002,0.0071492012531154,38901,SPLY_LS,7.552238159345834,0.0197141189023577,212340,0.008909614522082153,14,Q2
268,2,35.894287,128.60983435,0.0070606619249362,143906,SPLY_LS,5.542938376232039,0.0162343340538362,73234,0.0073044683645797975,12,Q1
269,2,35.8961893,128.6011194,0.0070007813792993,106633,SPLY_LS,5.072337916024094,0.0121732498950612,72237,0.007644717502953841,7,Q1
270,1,35.894859,128.6107751,0.0082792024396184,107353,SPLY_LS,7.612742976842776,0.0124682733736618,72211,0.008161285508717309,7,Q2
271,1,35.8952507,128.598274,0.00726337038682,176443,SPLY_LS,9.166354504761111,0.0112889866370395,71383,0.007807263879221616,5,Q1
272,1,35.8944278,128.6099339,0.0070606619249362,143907,SPLY_LS,7.195332729227575,0.0162343340538362,73234,0.008372029801221759,8,Q2
273,1,35.8935602,128.5984186,0.0069770155596302,36450,SPLY_LS,5.871533685060096,0.0454202739392538,71429,0.010184951829265444,12,Q3
274,2,35.8940889,128.6099565,0.0060932532654634,73270,SPLY_LS,8.966260835083663,0.0162343340538362,107320,0.007518493177194926,11,Q1
275,2,35.89770685,128.6018282,0.0072102467899125,38053,SPLY_LS,8.589116626041443,0.0074155182323488,72508,0.00716805851187247,6,Q1
276,1,35.8950436,128.6055463,0.007411557262404,106515,SPLY_LS,7.493817422354003,0.06210336280168,212290,0.01514835346169754,8,Q4
277,2,35.8913711,128.59684415,0.0094466220706893,244019,SPLY_LS,13.359345900522847,0.0094466220706893,210442,0.009332251017022475,6,Q3
278,1,35.8965721,128.6112018,0.0073247988708425,37871,SPLY_LS,8.707332819287446,0.0091248165624931,177215,0.0072940250198136325,5,Q1
279,1,35.8922664,128.6035592,0.0083167657754794,107448,SPLY_LS,11.046191106758666,0.0086164617428888,38912,0.007789313914857068,6,Q1
280,1,35.8909028,128.6040928,0.008120221385185,143986,SPLY_LS,10.083823254605345,0.0087750396165391,73320,0.007838316675733467,9,Q1
281,3,35.89185536666667,128.60505253333332,0.0070490120133337,107415,SPLY_LS,5.942158336118091,0.0124682733736618,73316,0.008260053533779831,7,Q2
282,2,35.8963635,128.6005926,0.0074416140343385,2874,SPLY_LS,11.227748869058722,0.0219413295028088,71261,0.010770452063606701,4,Q3
283,1,35.8970288,128.6009761,0.0070243142007364,177397,SPLY_LS,3.8277330131921468,0.0160397039126991,143236,0.008417194100691793,12,Q2
284,1,35.8947855,128.6115404,0.0113555882357891,4734,SPLY_LS,4.574133398232233,0.0691328720735496,418133,0.02564914444057254,7,Q4
285,1,35.8935864,128.6046368,0.0070650888913452,143172,SPLY_LS,7.765166252897871,0.0519568352686757,245471,0.01333340273856413,5,Q4
286,3,35.89703136666667,128.60700156666667,0.0073227849359928,177316,SPLY_LS,10.20396302765589,0.0127628932633723,106347,0.007558462797517704,9,Q1
287,1,35.8968985,128.5996514,0.0072880681994173,36475,SPLY_LS,8.851762948074844,0.0344210568161073,308962,0.013637597539209165,8,Q4
288,1,35.8958679,128.6034297,0.0071729670727845,406871,SPLY_LS,7.870833890303466,0.0129106067971176,37767,0.00811498793103874,6,Q2
289,1,35.8968767,128.6080844,0.0073092710385339,106482,SPLY_LS,8.528246679362901,0.0131904558592006,211251,0.008171005360836581,5,Q2
290,1,35.8964105,128.5988983,0.0080184210072018,36483,SPLY_LS,11.306259558383863,0.0123209634288065,210425,0.008013767393802553,7,Q2
291,1,35.8927626,128.6040563,0.0068239357211731,3954,SPLY_LS,5.470702718671084,0.1350025042639417,324943,0.02018801926090421,6,Q4
292,1,35.8919607,128.5968657,0.0092118763518987,175900,SPLY_LS,4.499547766254393,0.070855627345236,324893,0.01554834109853575,5,Q4
293,1,35.8964988,128.6085216,0.0083062264222522,42492,SPLY_LS,8.415904722497455,0.0539575075537303,106550,0.01639001706140908,13,Q4
294,1,35.8957541,128.612599,0.0142610961155335,177205,SPLY_LS,6.629507506086181,0.0142610961155335,177205,0.009334292599572578,6,Q3
295,2,35.8959285,128.612761,0.0081173287836417,3779,SPLY_LS,6.398264136008693,1.101002040881094,417714,0.19738715810449597,5,Q4
296,1,35.8945009,128.6106126,0.0061545769249454,212283,SPLY_LS,4.546524410560148,0.0123209634288065,450436,0.007315074443022692,8,Q1
297,1,35.8930396,128.6087085,0.0086194343809785,38791,SPLY_LS,5.300248903016066,0.0344210568161073,38783,0.0131641990590662,4,Q4
298,1,35.8959559,128.6044328,0.0070760398082516,245444,SPLY_LS,9.055791887844093,0.0533045613371663,245475,0.011998526291369063,8,Q3
299,2,35.8966439,128.6027469,0.007087456721622,245481,SPLY_LS,6.630073656677762,0.0451096390958521,324780,0.009743680166379132,16,Q3
300,1,35.8940245,128.6093829,0.0061656567578252,4719,SPLY_LS,6.343196892866708,0.007926710449501,143910,0.0067033315357939265,9,Q1
301,1,35.89267,128.6042972,0.0107956468845258,211469,SPLY_LS,8.730095270128379,0.0107956468845258,211469,0.009365088814200007,4,Q3
302,2,35.8950104,128.610865,0.006628916200947,106463,SPLY_LS,7.90566818937998,0.0128859660722632,3693,0.0077294121878020315,5,Q1
303,1,35.8974142,128.606475,0.0070366631070351,72420,SPLY_LS,7.271772027012159,0.093595030734312,177198,0.0176772138202397,11,Q4
304,1,35.8952943,128.6093955,0.0065531917755307,3842,SPLY_LS,7.002256470665875,0.007443944016659,72379,0.006738296214379469,8,Q1
305,1,35.8942994,128.6059823,0.0078537834979163,38864,SPLY_LS,5.404800221158129,0.0539575075537303,107368,0.012716036206298263,11,Q3
306,1,35.8917172,128.6032125,0.0070240812025043,4819,SPLY_LS,12.86477356978835,0.0709752717733486,107417,0.01593968315346343,8,Q4
307,1,35.8980531,128.6052826,0.0068861462491306,106789,SPLY_LS,8.351476943931752,0.0432973627238964,211681,0.01162259549943753,8,Q3
308,2,35.8980324,128.6046759,0.0071620161558781,177599,SPLY_LS,2.5349503967349722,0.016012490452254,434486,0.008772164704545782,11,Q2
310,1,35.8980786,128.6072778,0.0070366631070351,211430,SPLY_LS,7.133562405572021,0.0085978151948714,245423,0.007162776729901624,8,Q1
311,1,35.8981994,128.60719,0.0072396045671509,245422,SPLY_LS,4.807481222219716,0.0085978151948714,245423,0.0073902469814493615,6,Q1
312,3,35.8954183,128.6116362,0.0174250970661498,411762,PIPE_LM,7.48569029235383,0.0174250970661498,411762,0.009256820879751113,9,Q3
313,2,35.8965019,128.6100277,0.0070487790151017,211341,SPLY_LS,7.554813542231045,0.0438277272643519,245305,0.01032202832039617,13,Q3
314,1,35.8896873,128.6025124,0.0073360658352197,107442,SPLY_LS,7.019851200520803,0.0151386999822204,38876,0.00872702585421742,9,Q2
315,1,35.897229,128.6064352,0.0080084221336272,72402,SPLY_LS,6.897635401509447,0.0559181350971663,37987,0.01661831934022263,6,Q4
316,1,35.8966676,128.6094023,0.0070972426473681,3816,SPLY_LS,7.270566514339511,0.036581349282841,325181,0.010561662370110171,7,Q3
317,1,35.8929835,128.5978688,0.0095895897858754,2823,SPLY_LS,7.547683706481327,0.0593676698493339,298005,0.022658892563446945,8,Q4
318,2,35.8896752,128.6029024,0.0069499877647123,107437,SPLY_LS,9.964890181737893,0.0121732498950612,211282,0.007537584269934806,6,Q1
319,1,35.8969769,128.6102656,0.0069199309927779,72322,SPLY_LS,8.383363740890415,0.0164284324186314,37892,0.009871535112771609,5,Q3
320,2,35.895536,128.60483725,0.0069194649963138,38022,SPLY_LS,11.540430378086668,0.0158456055479039,142929,0.008857808906843649,8,Q2
321,1,35.8924459,128.6078682,0.0067792000606195,246255,SPLY_LS,7.9987476944222475,0.0427669981834409,178123,0.012846549233629632,7,Q4
322,1,35.8931545,128.605574,0.006925056953883,4760,SPLY_LS,7.906025892370286,0.0154927281565411,177117,0.009116986753088292,7,Q2
323,1,35.8930412,128.6055699,0.0073693845824029,143954,SPLY_LS,6.243226726720229,0.0154927281565411,177117,0.008085218624854595,10,Q2
324,2,35.8966832,128.60572915,0.0069504537611764,106526,SPLY_LS,6.83581206487968,0.0459506384797093,3904,0.010095370645073555,10,Q3
325,1,35.8915586,128.6029318,0.0080936595867312,38908,SPLY_LS,5.521165285494758,0.0095484918799475,178242,0.007747329239052931,7,Q1
326,1,35.8902302,128.6035788,0.0065806855669126,246362,SPLY_LS,5.800493705058292,0.0181112800033299,178213,0.008828673977044304,11,Q2
327,1,35.8901375,128.6034434,0.0130382109657319,106340,PIPE_LM,2.0228840592384754,0.0773712644328432,48168,0.011858908532363623,13,Q3
328,1,35.8919728,128.6056276,0.0071913739331165,246299,SPLY_LS,8.399704185609096,0.0390515402931816,42328,0.013597339952646134,8,Q4
329,1,35.8967756,128.6080835,0.0073183579695839,245352,SPLY_LS,7.828557331669665,0.0131904558592006,211251,0.008857839432746883,7,Q2
330,1,35.8965674,128.6053964,0.0083469752646163,177304,SPLY_LS,7.394498491705265,0.0087082157235871,143098,0.008489203235968218,3,Q2
331,1,35.8979908,128.6069095,0.0071303283963193,245413,SPLY_LS,7.717000352134993,0.016826222442118,72433,0.008851633075574848,10,Q2
332,1,35.8913697,128.6059763,0.0346707670947637,209453,PIPE_LM,4.449248348482165,0.0346707670947637,193308,0.016747164505545968,7,Q4
333,1,35.8957862,128.5993193,0.0071380173379769,105176,SPLY_LS,7.024423469007634,0.0148406614635289,210519,0.009985072262946051,6,Q3
334,1,35.8978547,128.6071543,0.0072202657138907,211428,SPLY_LS,6.1167587867725866,0.009553819952913,134769,0.007373559078891878,9,Q1
335,2,35.8968908,128.6068308,0.0438277272643519,245425,PIPE_LM,7.373486298426729,0.0438277272643519,245425,0.01346826192613204,9,Q4
336,1,35.8968636,128.6085935,0.0071638801417345,106477,SPLY_LS,8.385151828152319,0.0438277272643519,177326,0.012162738354683029,10,Q3
337,1,35.8976449,128.6077196,0.007147337267259,211359,SPLY_LS,7.9067773649800674,0.0438277272643519,37985,0.018399099268791845,7,Q4
338,1,35.8972341,128.6058311,0.0072472935088085,211406,SPLY_LS,8.498583586509541,0.0130382109657319,37894,0.0076559788599728775,8,Q1
339,3,35.892329,128.597797,0.0096313896687052,142104,SPLY_LS,9.220894354684454,0.0452652652655311,277675,0.012444704456044812,8,Q3
340,1,35.8969911,128.6067829,0.0069912284517853,245407,SPLY_LS,7.260846502526596,0.0438277272643519,245425,0.010505506447657896,7,Q3
341,2,35.8980616,128.6070068,0.0070217512201838,211431,SPLY_LS,7.888586730003059,0.0078453281991819,211433,0.0071718369168610446,7,Q1
342,1,35.8985563,128.6045313,0.0070047423492442,245673,SPLY_LS,5.746874682655117,0.0464824560737003,211678,0.01886904038386766,7,Q4
343,1,35.8982902,128.6070869,0.007411557262404,245421,SPLY_LS,8.23471587583359,0.0998344763775657,439844,0.03318203824609385,4,Q4
344,1,35.8922944,128.6080842,0.0056578761241353,38788,SPLY_LS,4.87603808906759,0.0701243636229631,38784,0.0182316207587649,7,Q4
345,1,35.8960033,128.6113524,0.0099363400787085,211332,SPLY_LS,6.140604109334555,0.0099363400787085,211332,0.008061040871010977,6,Q2
346,1,35.8975337,128.6080701,0.0071515312354359,37897,SPLY_LS,7.393785636669957,0.0072612734027315,211362,0.007180026242902818,4,Q1
347,1,35.8943345,128.6096066,0.0074227411775424,178148,SPLY_LS,8.27208558134919,0.0546122426640383,143878,0.018763460421603387,7,Q4
348,1,35.8964762,128.606353,0.0070671858754337,245405,SPLY_LS,3.9620274914528437,0.0070907186968707,3885,0.0067586114921272455,8,Q1
349,1,35.8962384,128.6117154,0.0073339688511312,37865,SPLY_LS,7.894402124102947,0.0080614667730812,143006,0.00735742485073642,5,Q1
350,1,35.8969784,128.6055193,0.0071531622230602,245397,SPLY_LS,7.017168664198891,0.0246614678249692,106552,0.010142942245169075,4,Q3
351,2,35.8966922,128.6062421,0.0070674188736657,3886,SPLY_LS,5.710390141792185,0.0559181350971663,106545,0.01631577028672923,9,Q4
352,1,35.8912052,128.6036036,0.0069635016621713,246392,SPLY_LS,8.733418192936012,0.0777007467085252,178218,0.02029915721996246,5,Q4
353,1,35.8974615,128.607512,0.0073451527662697,177318,SPLY_LS,6.5725276591922315,0.0073451527662697,177318,0.007031679454444055,8,Q1
354,1,35.8948172,128.6029839,0.0111059027736529,3957,SPLY_LS,9.147145302056298,0.0764571397296536,105678,0.036555268574592605,2,Q4
355,1,35.8901949,128.6037756,0.0124682733736618,177125,PIPE_LM,3.632185880366694,0.0181112800033299,178213,0.008691979328692808,10,Q2
356,1,35.89738,128.6030015,0.0395819048336371,142995,PIPE_LM,9.755268748043422,0.0395819048336371,142995,0.013033471908546123,8,Q4
357,2,35.8951727,128.60057295000001,0.0069923934429455,210503,SPLY_LS,8.442334697296694,0.0219413295028088,243882,0.009104292718821792,8,Q2
358,1,35.8981991,128.6053031,0.0069385708513419,177577,SPLY_LS,8.03501597192881,0.0160397039126991,38252,0.007769931117982125,11,Q1
359,1,35.8921385,128.6031806,0.0078469135676946,178208,SPLY_LS,14.672647094796638,0.0123209634288065,142915,0.00939493812724069,3,Q3
360,1,35.8919042,128.6053562,0.008786503129556,143934,SPLY_LS,7.421986416193425,0.0217335360039959,244346,0.009827591632685047,5,Q3
361,1,35.8985775,128.6043622,0.0074218091846142,211660,SPLY_LS,5.949783885337678,0.0461722419797946,308847,0.01626916028791817,9,Q4
362,2,35.8937944,128.5979538,0.0786643336463868,105242,PIPE_LM,4.735634324564292,0.0828468289495488,299675,0.026215790567496247,13,Q4
363,1,35.8961165,128.609198,0.0068526232821408,72364,SPLY_LS,11.380385316444348,0.0124682733736618,72226,0.008008707496346157,6,Q2
364,1,35.8935454,128.6092832,0.006113577327133,38790,SPLY_LS,6.115798963677459,0.0209779907722291,107346,0.008841725015181885,7,Q2
365,1,35.8935032,128.6074268,0.0130579167419729,211234,PIPE_LM,8.518612557491734,0.0130579167419729,211234,0.009450905393205965,5,Q3
366,1,35.8926596,128.6056473,0.0059310885885635,212316,SPLY_LS,9.618038181316614,0.0399538261912255,411543,0.01457274262162188,4,Q4
367,2,35.8959188,128.6064294,0.065534691196846,72429,PIPE_LM,9.372692466228454,0.0909251194423064,106547,0.027583319812380547,8,Q4
368,4,35.892459099999996,128.606015325,0.0059289266699527,246310,SPLY_LS,8.04926981878624,0.0390515402931816,199089,0.009975437358839916,7,Q3
369,1,35.8937242,128.5986387,0.012615583318517,210461,PIPE_LM,8.1809641671206,0.0454202739392538,71429,0.011626507838256002,9,Q3
370,2,35.8972472,128.6082531,0.0104043197901278,245223,PIPE_LM,7.282003488806618,0.0475431851546113,106551,0.012502841320400304,9,Q3
371,1,35.8961666,128.6033412,0.0070769718011798,143146,SPLY_LS,6.340190243209879,0.0123209634288065,211252,0.007812438823689122,8,Q1
372,3,35.89254056666667,128.5980703,0.0092027894208487,278246,SPLY_LS,5.231160567772753,0.0452652652655311,277675,0.0117894583073749,9,Q3
373,1,35.8969782,128.6081873,0.0459506384797093,60219,PIPE_LM,13.515681318612858,0.0459506384797093,60219,0.017112855595702893,6,Q4
374,3,35.88932763333333,128.6025250666667,0.0069481237788559,246372,SPLY_LS,7.090213945880797,0.157573858653995,439264,0.01845728301838783,11,Q4
375,1,35.8951438,128.6105719,0.0073602976513529,177233,SPLY_LS,7.070269936815413,0.0128859660722632,3693,0.007810637773626042,7,Q1
376,1,35.8947971,128.6062486,0.0068178777671398,107409,SPLY_LS,7.502699915469,0.0123209634288065,143927,0.007929401172748159,5,Q2
377,1,35.8922573,128.6037306,0.0068376826168641,73350,SPLY_LS,5.193307745125922,0.0127337211787944,177124,0.007709398061554412,5,Q1
378,1,35.8947494,128.6108966,0.0057240848815882,212280,SPLY_LS,3.7956909467275386,0.0144625864019375,4692,0.008376412537505427,9,Q2
379,1,35.897636,128.606506,0.0072435655370957,177324,SPLY_LS,7.61136297260801,0.0072435655370957,177324,0.007095718885155662,8,Q1
380,1,35.8938858,128.6098006,0.096712976983588,107315,PIPE_LM,3.820600639281546,0.096712976983588,107315,0.025983232848341056,11,Q4
381,1,35.8973992,128.6061994,0.0073796365046131,72423,SPLY_LS,7.810098370902775,0.093595030734312,177198,0.025203033390869926,9,Q4
382,2,35.8969841,128.60109,0.0069635016621713,177398,SPLY_LS,4.486046931081648,0.0160397039126991,3702,0.008161300816522204,14,Q2
383,2,35.8972954,128.6046739,0.0451096390958521,324770,PIPE_LM,7.365319010573097,0.0533045613371663,324767,0.02337326739582242,6,Q4
384,1,35.8912517,128.5982398,0.0095317363248573,36424,SPLY_LS,5.599310424384213,0.0368878655084135,175927,0.01493229741369726,5,Q4
385,1,35.8961586,128.6031679,0.0070769718011798,3921,SPLY_LS,7.266041546358409,0.0123209634288065,211252,0.007760166777560301,9,Q1
386,2,35.896678800000004,128.61059035,0.0069471917859277,72324,SPLY_LS,7.62099409420231,0.0074194792022937,72323,0.0071200389492247305,5,Q1
387,1,35.8913032,128.603715,0.0072545164540021,4822,SPLY_LS,13.060241984224998,0.0777007467085252,178218,0.019980200245776167,6,Q4
388,1,35.8945367,128.6084726,0.0059181170768992,38808,SPLY_LS,6.0201458710304525,0.0340503373923817,246252,0.009318518094597444,8,Q3
389,1,35.8931563,128.6090031,0.006925056953883,4701,SPLY_LS,7.28731853944505,0.0093464605857769,4702,0.007693547570726248,5,Q1
390,2,35.8960005,128.6017319,0.0069010581359818,72522,SPLY_LS,11.988080605143143,0.0074262361510232,177415,0.007096007492066093,4,Q1
391,4,35.895926675,128.5997454,0.0070301391565377,244046,SPLY_LS,3.724880615953077,0.0123209634288065,36409,0.007784038012607145,7,Q1
392,3,35.8913465,128.5973101,0.010664240541614,175893,SPLY_LS,2.9258692940300044,0.0958259395194962,105152,0.019633599077974368,4,Q4
393,3,35.89680346666666,128.5994598,0.0072887671941135,210475,SPLY_LS,6.960534706725389,0.0481364669131537,71476,0.012545599637354722,7,Q3
394,1,35.8964398,128.6101538,0.0074031693260502,72327,SPLY_LS,4.867590599380561,0.0438277272643519,245305,0.010407286702267144,12,Q3
395,2,35.895280299999996,128.60903935,0.0076717303470403,3841,SPLY_LS,7.777971338417902,0.0172752730079525,110993,0.008134271686518594,10,Q2
396,1,35.8937019,128.6078629,0.006869836372887,38795,SPLY_LS,5.459400452012742,0.0526516151206023,178122,0.012303275234001945,9,Q3
397,1,35.8977553,128.6038483,0.0070042763527801,177607,SPLY_LS,6.24503795342176,0.0074129552517963,38240,0.007059702537563137,7,Q1
398,1,35.8961129,128.6042063,0.0069844715030558,72446,SPLY_LS,5.954112610774563,0.0125810591760285,72231,0.008087406411642916,7,Q2
399,1,35.8940716,128.6047604,0.0067475123010606,143170,SPLY_LS,12.933509286743154,0.0070648558931131,177360,0.00688895387762784,5,Q1
400,1,35.8939066,128.6059705,0.0064588274915503,143963,SPLY_LS,3.697143401568087,0.0124682733736618,72214,0.007562292662469516,11,Q1
401,1,35.8971208,128.5994089,0.0072887671941135,71443,SPLY_LS,5.910165382074971,0.0344210568161073,308962,0.010082086945181758,9,Q3
402,3,35.896921,128.60182953333333,0.0070301391565377,72507,SPLY_LS,7.201707186182488,0.0287036873425774,143232,0.008759142145976553,10,Q2
403,1,35.8923369,128.5972486,0.082664898569442,71431,PIPE_LM,3.494846567324572,0.082664898569442,71431,0.030328587287038716,9,Q4
404,1,35.893004,128.6040576,0.007114950513004,38038,SPLY_LS,6.608741733086756,0.0073472497503581,38040,0.007142170651709102,6,Q1
405,1,35.8938931,128.6055682,0.0057455076040992,178194,SPLY_LS,9.663217233161388,0.0069511527558726,143973,0.006539255925205527,4,Q1
406,3,35.895897600000005,128.6120887666667,0.0072391385706868,211331,SPLY_LS,8.776648664184703,0.0692757803582343,3776,0.01207766310488694,10,Q3
407,2,35.892493,128.6053595,0.0073859274568785,4741,SPLY_LS,9.031601503740658,0.0083988860382027,4752,0.007925410607571981,5,Q2
408,1,35.8968703,128.6082485,0.007304844072125,37754,SPLY_LS,7.294301528114698,0.0459506384797093,60219,0.01322523214909829,9,Q4
409,1,35.891653,128.6026597,0.0095484918799475,178242,SPLY_LS,14.294149477653328,0.0095484918799475,178242,0.0095484918799475,1,Q3
410,1,35.8929457,128.6086222,0.0086194343809785,38791,SPLY_LS,9.649245975697095,0.0344210568161073,38783,0.011712870709007095,5,Q3
411,2,35.8938925,128.6104273,0.0075015674600096,143921,SPLY_LS,7.78900464242779,0.0126777069250512,178159,0.008883967096190033,5,Q2
412,1,35.8945878,128.6061176,0.0072083828040561,246321,SPLY_LS,3.343097859983472,0.0130382109657319,106337,0.008278513255533438,10,Q2
413,1,35.8945027,128.6100288,0.0070667198789695,143905,SPLY_LS,11.269941131457747,0.0287036873425774,177112,0.009461686521809662,9,Q3
414,1,35.897163,128.6040123,0.0533045613371663,324769,PIPE_LM,8.443913728074907,0.0533045613371663,324769,0.01513395657599632,9,Q4
415,1,35.8929347,128.6089261,0.0074283331351116,143882,SPLY_LS,4.606205391071486,0.0344210568161073,38783,0.010901003796041099,7,Q3
416,3,35.8917089,128.5961338333333,0.0094248134361694,142095,SPLY_LS,11.327747913291763,0.0094248134361694,142095,0.008915190615337545,3,Q2
417,1,35.8965494,128.6049679,0.0074292651280398,38000,SPLY_LS,6.479889932212219,0.0348194348196393,106609,0.009530932695937525,10,Q3
418,1,35.8925429,128.5976192,0.0091385751080956,142103,SPLY_LS,5.504287107308291,0.070855627345236,308430,0.014283242752683814,14,Q4
419,1,35.8979762,128.603352,0.0068943011872523,72668,SPLY_LS,8.750850198110484,0.0178972991594237,72676,0.010451062450453174,4,Q3
420,1,35.8917564,128.6040532,0.0069553467240495,107456,SPLY_LS,7.7214814260351385,0.0443595448583429,212344,0.016178421318179124,9,Q4
421,2,35.89721955,128.5994722,0.0072887671941135,244052,SPLY_LS,8.990562088631782,0.0133431178619665,142068,0.007685825391661687,7,Q1
422,1,35.895795,128.6089641,0.0074166832235091,106490,SPLY_LS,7.892784953851822,0.0129106067971176,72227,0.008055839109366646,6,Q2
423,1,35.8964338,128.601439,0.0070301391565377,3986,SPLY_LS,6.067911262095002,0.0984836616587468,38096,0.031975347339306896,10,Q4
424,4,35.8944865,128.6061309,0.0067249114725518,246322,SPLY_LS,4.6380668257541355,0.0130382109657319,106337,0.008814299339854625,7,Q2
425,1,35.8924486,128.6086639,0.0111840350185209,48075,SPLY_LS,10.192578913153893,0.0631819381447228,4697,0.022919263864265654,4,Q4
426,1,35.893,128.6091518,0.0073957133826246,212286,SPLY_LS,9.283168629815044,0.0080786415986355,178127,0.007550974567606892,5,Q1
427,1,35.8964003,128.6048753,0.0348194348196393,106609,PIPE_LM,4.554055823241618,0.0348194348196393,106609,0.01281283636328956,11,Q4
428,2,35.8974151,128.6010253,0.0074145862394206,106361,SPLY_LS,8.42170641820509,0.1113208508350285,329428,0.03533724118555791,10,Q4
429,1,35.8964629,128.6030102,0.0451096390958521,324779,PIPE_LM,5.524996579416495,0.0843765651649635,324778,0.027609031420749483,10,Q4
430,2,35.897908099999995,128.60765985,0.0070897867039425,72419,SPLY_LS,10.614542892209197,0.0072232946909074,245410,0.006860704317907367,4,Q1
431,2,35.8984449,128.5990145,0.0068099085038161,325304,SPLY_LS,14.64827120749047,0.0068099085038161,325304,0.0068099085038161,1,Q1
432,2,35.8984207,128.6057237,0.0074122562571001,38214,SPLY_LS,6.389366256565004,0.016826222442118,38253,0.008048476332617276,10,Q2
433,1,35.8957186,128.6026908,0.0115969367875757,87245,SPLY_LS,6.5982658834597,0.037089918020264,72239,0.01569380702481698,5,Q4
434,1,35.8948091,128.6090867,0.0166225307834266,245203,PIPE_LM,5.249683720604823,0.0166225307834266,245203,0.009890796553415224,8,Q3
435,2,35.89138395,128.5980204,0.0092433777128719,175891,SPLY_LS,19.380417393160332,0.0092433777128719,175891,0.0092433777128719,1,Q3
436,1,35.8968332,128.6027983,0.00707813679234,245288,SPLY_LS,6.487837476683312,0.0162343340538362,72532,0.008076006331469565,12,Q2
437,1,35.8940179,128.6089717,0.0147318832669093,177111,PIPE_LM,5.720640262586845,0.0147851561145678,37742,0.009056846331691548,12,Q2
438,1,35.891814,128.5974542,0.0108739776921638,244026,SPLY_LS,7.54596187886609,0.0289264325432401,71430,0.012875647061196337,8,Q4
439,1,35.8913034,128.6038482,0.0074281001368796,178251,SPLY_LS,6.115638576214354,0.0777007467085252,178218,0.013482039910148031,8,Q4
440,1,35.8946636,128.6006998,0.0119716624928565,2840,PIPE_LM,7.305897944754101,0.014938173398199,71260,0.009448301525990757,6,Q3
441,2,35.895592449999995,128.6009682,0.0067563662338785,39069,SPLY_LS,6.666530508779903,0.007434857085609,73509,0.007036837465955375,6,Q1
442,1,35.8943127,128.5986161,0.0084037336339438,71366,SPLY_LS,7.343881397323318,0.0481364669131537,244094,0.014551293683948597,11,Q4
443,1,35.8975656,128.6026257,0.0067687151401772,106620,SPLY_LS,6.176711483633658,0.0073011161004122,211489,0.006903916534517153,5,Q1
444,2,35.8941485,128.59769285,0.0069467257894636,176437,SPLY_LS,9.840416177675225,0.0160397039126991,244002,0.00921407247072779,7,Q3
445,1,35.8963696,128.6051019,0.0055301617144562,177339,SPLY_LS,5.263833761619292,0.0348194348196393,106609,0.008747709652310327,8,Q2
446,1,35.8953074,128.6074242,0.0072512544787534,3859,SPLY_LS,4.89958897935349,0.012615583318517,211403,0.007951441666463733,8,Q2
447,3,35.8961547,128.5988809,0.0068302266734385,175952,SPLY_LS,6.643717868696018,0.0513203978201291,210412,0.011216487978092424,11,Q3
448,1,35.89779,128.6006515,0.0070860587322297,105161,SPLY_LS,3.7200367616151024,0.0280477722627098,210516,0.009401418903023437,7,Q3
449,1,35.8972359,128.5996551,0.0069590746957623,210477,SPLY_LS,5.952599860704446,0.0151313769086036,308961,0.008395501541201568,7,Q2
450,1,35.8932312,128.5987044,0.0073873254462708,71422,SPLY_LS,7.070285488576322,0.0283752811603181,175926,0.009918358144956478,7,Q3
451,1,35.8949448,128.6021882,0.0082524486968109,106654,SPLY_LS,10.808675720058632,0.0082524486968109,106654,0.007876978346020014,4,Q2
452,1,35.8976764,128.6042341,0.007004043354548,72666,SPLY_LS,7.756877961415807,0.0213963838860058,211680,0.008778330007727729,10,Q2
453,1,35.8976775,128.6007088,0.0071293964033911,71436,SPLY_LS,5.66052851095582,0.0340503373923817,308755,0.012608051237074118,8,Q3
454,1,35.8945891,128.599929,0.0070494780097978,36929,SPLY_LS,6.684059350251906,0.0932408960502303,324619,0.015658016482223567,8,Q4
455,2,35.89733965,128.5991037,0.0249711413695159,308936,PIPE_LM,8.012014397869654,0.0681387963278821,308957,0.027881599167922495,8,Q4
456,1,35.8979954,128.6018406,0.0073286098917941,177133,SPLY_LS,7.430961247458804,0.0074246051633988,211495,0.0073578842479103635,4,Q1
457,1,35.8975971,128.5998212,0.0072666323620687,142136,SPLY_LS,7.598759267791718,0.0340237672770658,210518,0.011244607189539515,8,Q3
458,1,35.8974838,128.601452,0.007749413404163,106623,SPLY_LS,9.781284418996,0.1412209607910354,38094,0.0340603086179902,8,Q4
459,1,35.8949693,128.6009156,0.0074411480378744,246548,SPLY_LS,7.868059395868834,0.0355438690584979,413292,0.010916494841124946,10,Q3
460,1,35.8900323,128.6015069,0.0081025874922109,4784,SPLY_LS,5.821067494390727,0.0093532748030047,144008,0.007943758944427488,4,Q2
461,2,35.8978824,128.6045353,0.0070960776562079,38232,SPLY_LS,6.867110681544395,0.0073924514073759,211299,0.007046970108327859,10,Q1
462,1,35.8960685,128.6103505,0.0443595448583429,3777,PIPE_LM,6.692756342627544,0.0546122426640383,37858,0.017125999175851413,11,Q4
463,1,35.8920758,128.6077697,0.0071100575501309,178124,SPLY_LS,8.470304726960507,0.0101678564480894,212252,0.007687866461644384,5,Q1
464,1,35.8954407,128.6032973,0.0070762728064836,245448,SPLY_LS,6.914306259268611,0.0070762728064836,245448,0.006901523201872069,4,Q1
465,2,35.8968842,128.5999283,0.0072412355547752,142130,SPLY_LS,6.663203602051948,0.0340237672770658,176381,0.010285915044658533,7,Q3
466,1,35.8957652,128.6007278,0.0068223047335488,105185,SPLY_LS,5.5839162461226355,0.0572258164240383,71262,0.013333131069822987,9,Q4
467,2,35.89546115,128.60031755,0.0070497110080299,142163,SPLY_LS,7.084533694863689,0.0074791267496986,105179,0.007086910193583071,9,Q1
468,1,35.894752,128.6016487,0.006920396989242,38089,SPLY_LS,8.617224700017848,0.0126320121798038,4009,0.007919284577378664,8,Q2
469,2,35.89624685,128.6020952,0.0045822597306172,38071,SPLY_LS,11.19248746346493,0.0139926611556315,470705,0.011066045326642307,9,Q3
470,2,35.8968068,128.6061739,0.0559181350971663,106545,PIPE_LM,8.500836102369249,0.0559181350971663,106545,0.015755700871403,8,Q4
471,1,35.8977913,128.6005239,0.007235643597206,210467,SPLY_LS,4.549131480521356,0.0280477722627098,210516,0.009593724010442993,6,Q3
472,2,35.8946727,128.6005333,0.0119716624928565,2840,PIPE_LM,8.018402406839423,0.0219413295028088,2882,0.010485492897662483,10,Q3
473,1,35.89646,128.6070414,0.0069732875879174,143111,SPLY_LS,6.789222058037779,0.012615583318517,3695,0.0075867939972217935,9,Q1
474,1,35.8960789,128.5986907,0.0070243142007364,210488,SPLY_LS,9.236577604644525,0.0513203978201291,210412,0.011646770474252,8,Q3
475,1,35.8901195,128.603841,0.0069194649963138,178224,SPLY_LS,6.8582220749543605,0.0124682733736618,177125,0.007598575072922971,10,Q1
476,2,35.8951971,128.6068576,0.007425537156327,143082,SPLY_LS,6.932807965048649,0.0154927281565411,3905,0.008327121522279676,11,Q2
477,1,35.8959048,128.6015921,0.0072999511092519,143219,SPLY_LS,6.547421116832323,0.0162343340538362,37772,0.009111505094823984,11,Q2
478,2,35.89641495,128.60241515,0.00707813679234,106639,SPLY_LS,6.203900197457864,0.0072929611622904,106638,0.007081090793297369,7,Q1
479,1,35.8967037,128.6010457,0.0069646666533315,177132,SPLY_LS,9.171032058603327,0.0160397039126991,141956,0.008661373150555828,6,Q2
480,1,35.889404,128.603045,0.0111304187443356,212361,SPLY_LS,11.394826399248029,0.012893898786122,4804,0.00956055843616996,4,Q3
481,1,35.8973372,128.5989698,0.03750403827788,308927,PIPE_LM,7.034162330719435,0.03750403827788,308927,0.018330728980555374,8,Q4
482,2,35.8907982,128.6036585,0.0088088709598329,73321,SPLY_LS,17.529610903070605,0.0088088709598329,73321,0.0074931523176586115,4,Q1
483,2,35.896101,128.60819795,0.0071564241983089,106488,SPLY_LS,7.412386300122565,0.0124682733736618,106487,0.007976918925746845,8,Q2
484,2,35.897032249999995,128.6038321,0.0164284324186314,3699,PIPE_LM,6.678230964804447,0.0164284324186314,3699,0.00925654001601802,7,Q3
485,1,35.8941394,128.6100548,0.0062491608641638,73269,SPLY_LS,9.110210102994008,0.0162343340538362,107320,0.007092262689800953,10,Q1
486,2,35.8955524,128.6011078,0.0069192319980817,177404,SPLY_LS,5.727448838777244,0.0120259399502059,72240,0.007707458959076103,9,Q1
487,2,35.89592225,128.60743305,0.0074101592730117,37942,SPLY_LS,7.231024932944203,0.0127628932633723,3812,0.007657790897750797,7,Q1
488,2,35.8967442,128.6020986,0.0071326583786398,211493,SPLY_LS,4.382640314829462,0.0526516151206023,4007,0.014795647972327694,10,Q4
489,1,35.8968028,128.6106865,0.0074194792022937,72323,SPLY_LS,8.330118768336208,0.0074194792022937,72323,0.0072284503543354,3,Q1
490,1,35.8977587,128.5998382,0.0072666323620687,142135,SPLY_LS,5.480531260967604,0.0267368393876256,2879,0.009911127834393133,6,Q3
491,2,35.89685555,128.60293009999998,0.00707813679234,3961,SPLY_LS,5.57743638441426,0.0219413295028088,143233,0.008628301130155247,12,Q2
492,1,35.8916538,128.5978121,0.0106076875071299,244024,SPLY_LS,5.725540469617392,0.0299396178338072,243989,0.01359573573385112,9,Q4
493,1,35.894179,128.6107778,0.0106569663368094,4733,SPLY_LS,8.61330458406564,0.1021117037998264,417712,0.02802722349034692,5,Q4
494,1,35.8961235,128.6038212,0.0070445850469248,143144,SPLY_LS,8.994395539383708,0.0639654736045996,245474,0.01572360840045968,6,Q4
495,1,35.8974632,128.6090917,0.0083998192636453,177241,SPLY_LS,6.619967501017728,0.0146078998740734,72347,0.008636359658422922,6,Q2
496,1,35.8958464,128.6083828,0.0071543272142205,37931,SPLY_LS,6.888181774331669,0.0129737896179194,439877,0.008213179433296202,6,Q2
497,1,35.8941094,128.6089934,0.0147851561145678,37742,PIPE_LM,4.883330828231143,0.0557789472884404,18681,0.01296003254080736,11,Q4
498,1,35.8967557,128.6055623,0.0070671858754337,143096,SPLY_LS,7.646389990673735,0.0084051316233361,72404,0.0072847644596862405,8,Q1
499,1,35.8964393,128.5999479,0.0055784256151918,105155,SPLY_LS,3.5241774386209377,0.0366409244777962,324800,0.015586114871088134,6,Q4
500,1,35.8954636,128.6044445,0.0764571397296536,245472,PIPE_LM,8.111907629599383,0.0764571397296536,245472,0.028206551431683383,6,Q4
501,1,35.8965219,128.6082196,0.007295757141075,37915,SPLY_LS,8.190462457587248,0.0148699521170537,37758,0.008196514929081158,8,Q2
502,1,35.8923365,128.6053714,0.0082804309695428,4742,SPLY_LS,5.971614863164262,0.0096772341332152,37841,0.008187955261723289,7,Q2
503,1,35.8901372,128.6023267,0.006573229623487,246380,SPLY_LS,15.632064071233351,0.0071492012531154,38902,0.006838622931226893,2,Q1
504,2,35.8917425,128.5959329,0.0109481044765284,2815,SPLY_LS,9.5852369660315,0.1316274416573431,324891,0.046822208048390906,4,Q4
505,1,35.8918381,128.5971107,0.0088847468341,142097,SPLY_LS,1.9954474731148937,0.0250219381038106,244041,0.013481912906458475,7,Q4
506,1,35.893978,128.6084855,0.0071766950444973,246265,SPLY_LS,7.86961782329964,0.0129106067971176,211225,0.008455497575053553,8,Q2
507,3,35.8919995,128.597909,0.009614427397412,2817,SPLY_LS,8.156809996391994,0.0167837888362529,244040,0.010746729605028467,4,Q3
508,1,35.8911814,128.6047287,0.0056051793579993,212380,SPLY_LS,6.974502835161238,0.0086172724623678,4827,0.0065893014577783635,6,Q1
510,1,35.8958443,128.5989974,0.0828468289495488,299651,PIPE_LM,11.146656439934224,0.0828468289495488,299654,0.03741940071399379,6,Q4
511,1,35.8964077,128.5995189,0.0201880778787596,406711,SPLY_LS,12.710164325390444,0.0201880778787596,406711,0.012007168040970146,3,Q3
512,1,35.8952046,128.6036947,0.0074875146860524,162065,SPLY_LS,8.8979773308827,0.0224555854777788,10937,0.01029983766118217,12,Q3
513,1,35.8969594,128.6005758,0.0073150959943352,36469,SPLY_LS,3.875394431298697,0.0777007467085252,324798,0.01248532142921121,10,Q3
514,2,35.89526155,128.60087735000002,0.0073358328369876,38065,SPLY_LS,8.036336036466292,0.0356140138977223,246553,0.009921380458193182,10,Q3
515,1,35.8897958,128.6022121,0.0070096353121172,212367,SPLY_LS,6.6343590651214575,0.0121732498950612,212338,0.00803847490025272,7,Q2
516,1,35.8955381,128.6017356,0.0067792000606195,245498,SPLY_LS,4.361150907129308,0.0572258164240383,211527,0.013854364621416614,9,Q4
517,1,35.8961698,128.6018101,0.0072188677244984,38070,SPLY_LS,7.6693808117835145,0.0139926611556315,470705,0.010283029148981625,9,Q3
518,1,35.8948004,128.6008315,0.0070101013085813,71257,SPLY_LS,5.799874498395053,0.0150429157723756,37774,0.00828303097897698,7,Q2
519,3,35.8950599,128.6068585,0.0073735785505798,245389,SPLY_LS,4.577644039177841,0.0474982858003645,37847,0.01218039269298435,12,Q3
520,1,35.8953951,128.6115114,0.0069756175702379,211335,SPLY_LS,7.636660823022771,0.0174250970661498,411762,0.008719829776163611,9,Q2
521,1,35.8939019,128.6063404,0.0074054993083707,143964,SPLY_LS,8.08623722927354,0.012615583318517,211236,0.008056254295347561,6,Q2
522,1,35.8964574,128.6067985,0.007226090669692,106532,SPLY_LS,6.094958055070312,0.0539575075537303,37984,0.01395083991205902,9,Q4
523,1,35.8929896,128.6046873,0.0052395108204596,469696,SPLY_LS,12.093015962310728,0.0073104360296942,177365,0.006712218656399355,6,Q1
524,1,35.8957823,128.5984428,0.0083724186715562,142152,SPLY_LS,8.485652752677666,0.0192476446952389,2767,0.011323577704459766,3,Q3
525,2,35.8915603,128.596439,0.0088444614397785,71407,SPLY_LS,12.529387524052945,0.0215768368900334,463668,0.011312802282492809,5,Q3
526,2,35.8937502,128.6103499,0.0123588987776722,212243,SPLY_LS,6.281655364078767,0.0130693202834296,178157,0.010937227603848541,4,Q3
527,1,35.8980362,128.6037608,0.0154574088183135,4156,PIPE_LM,6.6825630192529095,0.0154574088183135,4156,0.008371625153525918,10,Q2
528,1,35.8902971,128.6031375,0.009765394427732,212346,SPLY_LS,7.723004695673751,0.0773712644328432,48168,0.022427493244217726,5,Q4
529,1,35.8956519,128.6018395,0.0069110770599599,3996,SPLY_LS,6.3136171620608215,0.0283752811603181,211526,0.010346977789073952,8,Q3
530,2,35.89425665,128.61044405,0.0070578659461516,178153,SPLY_LS,7.493768798479616,0.0124682733736618,107319,0.008336087489859208,7,Q2
531,1,35.8951362,128.6118528,0.0111609881123806,245317,SPLY_LS,9.33541994113586,0.0197135414860904,245303,0.010712507400872961,8,Q3
532,1,35.8941277,128.5986262,0.0164284324186314,175859,PIPE_LM,7.85074326839763,0.0197141189023577,459332,0.011287352568120761,16,Q3
533,1,35.8945825,128.6015796,0.006920396989242,177435,SPLY_LS,7.818809785244313,0.0126320121798038,4009,0.007744598236974898,8,Q1
534,1,35.8912521,128.6046144,0.0086172724623678,4827,SPLY_LS,5.030469326197945,0.0086172724623678,4827,0.006683799640156026,5,Q1
535,1,35.8937074,128.6092431,0.0071326583786398,4717,SPLY_LS,8.31565393563868,0.0209779907722291,107346,0.009858579210744525,5,Q3
536,1,35.8926588,128.5981486,0.0089077670594266,71415,SPLY_LS,2.108648985369736,0.0092027894208487,278246,0.00877999294836437,6,Q2
537,1,35.893689,128.5984427,0.0069830735136635,244035,SPLY_LS,5.705469676923074,0.0454202739392538,71429,0.014029208817351336,10,Q4
538,1,35.8947758,128.6046433,0.0048324998318392,458969,SPLY_LS,10.965712389120364,0.007064389896649,3937,0.006231746182828109,3,Q1
539,1,35.8909603,128.6027368,0.0123209634288065,72215,PIPE_LM,4.72082171317444,0.0123209634288065,72215,0.00807076102437723,8,Q2
540,1,35.891356,128.6032407,0.0069194649963138,246387,SPLY_LS,5.161485954049429,0.0127337211787944,211241,0.00796218611020826,9,Q2
541,1,35.8944037,128.6041922,0.0070292071636094,72480,SPLY_LS,12.907515501619482,0.0072510214805213,38036,0.007163849240531789,4,Q1
542,1,35.8978486,128.6067485,0.0067377263753145,177321,SPLY_LS,7.886354354456238,0.016826222442118,72433,0.00888605708050211,10,Q2
543,1,35.8972211,128.6096754,0.0070168582573108,143043,SPLY_LS,7.363053895632645,0.0070168582573108,143043,0.006859420071967433,3,Q1
544,1,35.8963747,128.6116947,0.0080614667730812,143006,SPLY_LS,4.26734957894898,0.130492375078696,211328,0.02931209394438113,4,Q4
545,1,35.896141,128.6122561,0.0079995042193581,211329,SPLY_LS,3.952036120847053,0.0079995042193581,211329,0.007589172631512288,4,Q1
546,1,35.8950417,128.611353,0.0084904089762665,143010,SPLY_LS,8.053548036009357,0.008899460672454,177234,0.008281906227840141,5,Q2
547,1,35.8972868,128.6080448,0.0070161592626146,245348,SPLY_LS,8.590476154720616,0.0124682733736618,3902,0.008063931788961561,7,Q2
548,1,35.8958057,128.6091948,0.0071468712707948,72375,SPLY_LS,5.166124299669432,0.0124682733736618,143131,0.007928541147654337,10,Q2
549,1,35.8967956,128.6094113,0.036581349282841,325181,PIPE_LM,5.693885614764233,0.036581349282841,325181,0.015108069412277339,7,Q4
550,2,35.8963254,128.6083443,0.0072424005459355,211375,SPLY_LS,6.6432022911918684,0.0127628932633723,245224,0.00799729461289887,7,Q2
551,2,35.896972399999996,128.60845705,0.0073432887804133,177254,SPLY_LS,7.323432227125921,0.0459506384797093,60219,0.013525053120471683,9,Q4
552,1,35.894353,128.6110253,0.0134681043691259,4689,SPLY_LS,5.159828050364522,0.0134681043691259,4689,0.013099877325471184,2,Q4
553,1,35.8892473,128.6028408,0.0117350957561526,4805,SPLY_LS,10.88678589978028,0.0117350957561526,4805,0.008812960854858585,5,Q2
554,2,35.8916107,128.60670195,0.0070494780097978,38839,SPLY_LS,6.398106930429986,0.0709752717733486,110958,0.012850541630255202,9,Q4
555,2,35.891742050000005,128.60655585,0.0070490120133337,38841,SPLY_LS,6.193627567197869,0.0124682733736618,245208,0.008259944984849499,7,Q2
556,3,35.8916117,128.6065452,0.0124682733736618,245208,PIPE_LM,6.362990426055178,0.0709752717733486,110958,0.01604406128227008,12,Q4
557,1,35.8914202,128.6062172,0.0060910705657558,178172,SPLY_LS,8.745888219063934,0.0072971551304673,37744,0.006313539870168804,5,Q1
558,1,35.8944754,128.6077617,0.0127337211787944,72209,PIPE_LM,6.064965021869137,0.0151386999822204,245200,0.00908889721226731,7,Q2
559,1,35.8945804,128.6077641,0.0151386999822204,245200,PIPE_LM,7.956797345102574,0.0151386999822204,245200,0.009434184251310372,8,Q3
560,3,35.8947414,128.6077693,0.0080543629041048,73245,SPLY_LS,8.320613350841558,0.0674682454176989,316639,0.015218830736781958,6,Q4
561,2,35.89694275,128.60730075,0.0072987861180916,3893,SPLY_LS,7.871217156910616,0.1058149350026461,106346,0.021662095641650964,9,Q4
562,1,35.8944544,128.6081149,0.0073120670173185,212270,SPLY_LS,6.174712815010605,0.0215435876855875,442730,0.008056143570004372,8,Q2
563,1,35.8945457,128.6090655,0.0092277085817665,215085,SPLY_LS,15.657439504978358,0.0092277085817665,215085,0.007498668302429223,5,Q1
564,2,35.8948454,128.60876145,0.0097832762410704,178141,SPLY_LS,7.110141071548397,0.096712976983588,3773,0.015921394113982846,10,Q4
565,2,35.89443095,128.6104922,0.0069655986462597,38823,SPLY_LS,8.076884168094027,0.0123209634288065,450436,0.007323574037937535,10,Q1
566,1,35.8941673,128.6102928,0.0070499440062619,143916,SPLY_LS,8.020942339644215,0.0124682733736618,107319,0.008353187940290075,7,Q2
567,1,35.893442,128.6092004,0.0070883887145502,143881,SPLY_LS,3.3190139308610367,0.0083075776213839,73273,0.007075725446272275,5,Q1
568,1,35.8927815,128.6090508,0.0072053538270395,4729,SPLY_LS,12.829673892292499,0.0123469333776129,107360,0.009553940452044888,2,Q3
569,1,35.8926556,128.6089682,0.0072053538270395,4729,SPLY_LS,6.201735586093327,0.0123469333776129,107360,0.009368539577900738,4,Q3
570,1,35.8954131,128.6085243,0.0067649871684644,72380,SPLY_LS,3.5254616463883224,0.0464824560737003,143127,0.012476703230659887,13,Q3
571,1,35.8954293,128.6069041,0.0130382109657319,245383,PIPE_LM,7.244306953466602,0.0448899093987984,211438,0.014078107369497654,13,Q4
572,1,35.8956913,128.6069351,0.0072552154486982,37949,SPLY_LS,6.168604694192213,0.0448899093987984,211439,0.010679687611832708,10,Q3
573,2,35.89559415,128.6061987,0.0077733134847128,177284,SPLY_LS,7.037232279791938,0.0152627786771764,245429,0.00817330510846034,6,Q2
574,1,35.8921316,128.6063854,0.0072983201216275,107385,SPLY_LS,7.030770187841236,0.0133431178619665,244343,0.008988573765417862,8,Q2
575,2,35.8916059,128.6059874,0.0063080491980253,93215,SPLY_LS,7.858086272711064,0.0117313200604953,142910,0.007152335967226554,8,Q1
576,1,35.8913476,128.5984065,0.0091437672040317,142091,SPLY_LS,15.115728240593482,0.0368878655084135,175927,0.016208317075094847,4,Q4
578,1,35.8914089,128.5976348,0.0083643685826389,244017,SPLY_LS,7.7387984680292,0.0267541087843397,193326,0.011920000469958092,7,Q3
579,1,35.8912787,128.5975226,0.0092094531702853,36427,SPLY_LS,11.133483520773778,0.0092094531702853,36427,0.0092094531702853,1,Q3
580,1,35.891462,128.5969987,0.0092433777128719,210440,SPLY_LS,12.863981679429996,0.0192207029489381,2777,0.012274556131796692,4,Q3
581,1,35.8916066,128.5975266,0.0083649743780422,244023,SPLY_LS,7.745077037013567,0.0267541087843397,193326,0.011649098066779124,11,Q3
582,1,35.8917158,128.5970603,0.0122777141484946,36429,SPLY_LS,9.323836451252136,0.0250219381038106,244041,0.013619544616601658,5,Q4
583,1,35.8919186,128.5967396,0.0158252248635795,142123,PIPE_LM,11.172758777981967,0.0158252248635795,142123,0.010306265064525082,6,Q3
584,1,35.8921997,128.5965135,0.0105816871496803,146567,SPLY_LS,8.10563122872362,0.0243721704193527,215002,0.013857266883787803,4,Q4
585,2,35.8921578,128.5971933,0.0106493379746921,2818,SPLY_LS,8.437125628601937,0.082664898569442,71431,0.01601092992247613,8,Q4
586,1,35.8923038,128.5969296,0.0094820611017842,36434,SPLY_LS,13.204450757594826,0.0094820611017842,36434,0.009456538406681184,2,Q3
587,1,35.8928402,128.5971616,0.010206259216696,2775,SPLY_LS,5.6337994693655284,0.0160172524574484,243988,0.010382846675006208,6,Q3
588,1,35.8919287,128.5977446,0.0095296160409457,175903,SPLY_LS,12.82007559718853,0.0117648644146376,244027,0.010616873710472654,2,Q3
589,1,35.892603,128.5979688,0.009598070921522,175864,SPLY_LS,6.667503048246156,0.0452652652655311,277675,0.011988602196559625,16,Q3
590,1,35.8930076,128.5976732,0.0113190897101259,175879,SPLY_LS,10.987858571184232,0.0281699982644955,298006,0.012513222873492413,5,Q3
591,2,35.8934978,128.5981341,0.0071254354334462,71426,SPLY_LS,6.63852584827044,0.0170485906941094,418930,0.00860887869253784,10,Q2
592,1,35.8932436,128.5984591,0.0072109457846087,175915,SPLY_LS,9.584487493642195,0.0283752811603181,175926,0.009364173900297689,10,Q3
593,1,35.8935842,128.5987172,0.012615583318517,142120,PIPE_LM,8.642389983757035,0.0216692294342273,2836,0.008999262843706484,14,Q2
594,2,35.8949938,128.6000525,0.0072444975300239,2876,SPLY_LS,9.45172158079181,0.0074262361510232,210502,0.007191873285038455,7,Q1
595,1,35.8943094,128.5979899,0.0072652343726764,71533,SPLY_LS,7.868913999903,0.0379999280609524,414361,0.011164476379416992,9,Q3
596,1,35.8946261,128.5980171,0.0073337358528992,244096,SPLY_LS,9.587013550772793,0.0172644449111626,414354,0.008407432158311894,8,Q2
597,1,35.8951113,128.5981282,0.0072978541251634,210576,SPLY_LS,7.728243810451222,0.0283752811603181,105105,0.009937413639235289,10,Q3
598,1,35.8946786,128.5982036,0.0069798115384148,2949,SPLY_LS,9.935255350050246,0.0074287991315757,105245,0.006851882093331323,8,Q1
599,3,35.894912,128.5983583,0.0069798115384148,176444,SPLY_LS,3.6914517081038105,0.0545043287271046,105268,0.015450302777149148,11,Q4
600,1,35.8962323,128.600836,0.0067659191613926,175754,SPLY_LS,1.3867520987715816,0.0117313200604953,456171,0.00806227377370838,4,Q2
601,2,35.89624,128.59858005,0.0069798115384148,244065,SPLY_LS,8.993388374796531,0.0149572818042988,243991,0.008481951127872282,7,Q2
602,1,35.8968155,128.5987169,0.0069837725083596,142146,SPLY_LS,4.585565544751374,0.0186869595874805,199209,0.009302875627356507,9,Q3
603,3,35.89691286666667,128.59875443333337,0.0069837725083596,105168,SPLY_LS,7.723374740142416,0.0186869595874805,199209,0.008871798147155663,4,Q2
604,1,35.8977634,128.5994017,0.0777007467085252,308937,PIPE_LM,15.056757074318782,0.0777007467085252,308937,0.04470998393409891,4,Q4
605,1,35.8970363,128.5984409,0.0068521285072512,71452,SPLY_LS,7.342958541893218,0.0283752811603181,2880,0.010088934741022246,5,Q3
606,2,35.897481049999996,128.5989662,0.0070569339532234,244056,SPLY_LS,7.998310320171297,0.03750403827788,308927,0.015363278991543978,9,Q4
607,1,35.8977155,128.5989664,0.0069842385048237,175946,SPLY_LS,9.220424257630587,0.0283752811603181,176380,0.009989792837290309,5,Q3
608,2,35.8977425,128.5987645,0.0049093892484158,455268,SPLY_LS,6.539178095019707,0.0283752811603181,176380,0.009142948789838958,5,Q2
609,2,35.89680355,128.5993074,0.0065420078603923,36476,SPLY_LS,5.396032769166626,0.0083207418964351,105164,0.007126009351620786,6,Q1
610,1,35.8971737,128.5986068,0.0283752811603181,2880,PIPE_LM,7.190152104743692,0.0283752811603181,2880,0.012050198421112443,6,Q3
611,1,35.8970342,128.5985975,0.0068069268502335,142144,SPLY_LS,5.355808851768761,0.0283752811603181,2880,0.010809959206313178,6,Q3
612,2,35.897853,128.5987658,0.0069842385048237,175946,SPLY_LS,14.568539018802948,0.0069842385048237,175946,0.005947870449852891,2,Q1
613,1,35.8976595,128.601949,0.0068635454206217,3763,SPLY_LS,5.763288860984208,0.0074155182323488,72508,0.007014569328619902,7,Q1
614,1,35.8969686,128.6024191,0.006786190007581,3963,SPLY_LS,4.854531369662644,0.0464824560737003,4011,0.014004738806371568,11,Q4
615,1,35.8970001,128.6016457,0.0070089363174211,72504,SPLY_LS,10.721896115604574,0.0287036873425774,211529,0.009585562152038906,10,Q3
616,2,35.8969893,128.60281125,0.00708722372339,143191,SPLY_LS,10.964755418349657,0.0219413295028088,245520,0.008902208662047321,9,Q2
617,1,35.8968503,128.6010226,0.0069646666533315,3757,SPLY_LS,6.670504103925563,0.0160397039126991,141956,0.008258054602100162,9,Q2
618,2,35.896116750000004,128.6025382,0.0070601959284721,3988,SPLY_LS,7.397980591577065,0.0448899093987984,72531,0.011328610210046733,13,Q3
619,1,35.8967492,128.6028856,0.00707813679234,38048,SPLY_LS,6.723658710513668,0.0219413295028088,143233,0.00876224578348987,12,Q2
620,1,35.8975523,128.6040497,0.007230983632565,72301,SPLY_LS,2.0887564726122427,0.0533045613371663,324768,0.009346668955334182,9,Q3
621,1,35.8971634,128.6038306,0.0074157512305809,72439,SPLY_LS,8.640711761581656,0.0533045613371663,143187,0.015765009436396426,9,Q4
622,1,35.898519,128.6055705,0.0074138872447245,245657,SPLY_LS,8.664761184265174,0.0074138872447245,245657,0.00730316873573923,2,Q1
623,1,35.8984275,128.6050715,0.0069385708513419,106786,SPLY_LS,9.08665000051515,0.0074089942818514,38216,0.006893083790621937,8,Q1
624,1,35.8965447,128.6043002,0.0070837287499092,177336,SPLY_LS,6.228570680073631,0.0074292651280398,211448,0.007233736227664623,6,Q1
625,1,35.8964067,128.6044953,0.0070299061583056,72445,SPLY_LS,4.136188895715504,0.0074292651280398,211448,0.0071798915103608,4,Q1
626,2,35.896826649999994,128.60513165,0.0082874209165043,143139,SPLY_LS,6.2691574996368065,0.0798847891022044,324772,0.021570681557457744,5,Q4
627,1,35.8972172,128.6062283,0.0070704478506824,106520,SPLY_LS,5.972009388386265,0.0162343340538362,177128,0.008589127994206145,9,Q2
628,1,35.897132,128.6059369,0.007226090669692,106521,SPLY_LS,6.152156135797343,0.0130382109657319,37894,0.0077045483640704885,7,Q1
629,1,35.8980463,128.6073842,0.0060845848099237,211429,SPLY_LS,7.984669722131844,0.0072963401912254,245197,0.006782893008528249,9,Q1
630,3,35.89692600000001,128.60746816666665,0.0072987861180916,72417,SPLY_LS,4.464490871276173,0.1058149350026461,106346,0.026502266916787788,9,Q4
631,1,35.8968784,128.6066871,0.0069732875879174,106538,SPLY_LS,7.147043058164895,0.0438277272643519,245425,0.015314525924004107,10,Q4
632,1,35.8963247,128.6066462,0.0071699380957678,3883,SPLY_LS,6.757333389297057,0.0539575075537303,37984,0.011494588015134106,7,Q3
633,1,35.896407,128.6087045,0.007161550159414,143052,SPLY_LS,7.762320423075444,0.0164284324186314,255745,0.008908861304021617,7,Q2
634,2,35.8968971,128.6089178,0.0073530747061594,106476,SPLY_LS,8.925469439897967,0.0152627786771764,72430,0.008278419183568765,6,Q2
635,1,35.8967539,128.6090943,0.0071540942159884,211370,SPLY_LS,7.341568306304347,0.0152627786771764,72430,0.008252144077532586,10,Q2
636,1,35.8971951,128.6088573,0.0070166252590787,143041,SPLY_LS,6.645009705459852,0.0128859660722632,3694,0.008239301449400452,8,Q2
637,2,35.8970928,128.6092451,0.0128859660722632,72225,PIPE_LM,7.551712591220798,0.0128859660722632,72225,0.00876738805057047,7,Q2
638,1,35.8963962,128.6105147,0.0068122858095706,143014,SPLY_LS,12.162511719628933,0.0519568352686757,37856,0.012785113601820833,11,Q4
639,1,35.8966144,128.6107966,0.0073498127309107,143011,SPLY_LS,7.454474747341126,0.0519568352686757,211325,0.011117472659551385,8,Q3
640,1,35.8951658,128.6115137,0.0084904089762665,143010,SPLY_LS,14.36518427094491,0.0084904089762665,143010,0.0072313090391553664,3,Q1
641,1,35.8961338,128.6104798,0.0069823745189673,72270,SPLY_LS,5.91268892821074,0.0443595448583429,3777,0.011080090014955211,7,Q3
642,2,35.89579845,128.6104701,0.0074257701545591,211350,SPLY_LS,4.763000944599608,0.0133431178619665,177126,0.0082961099720856,8,Q2
643,1,35.8951477,128.6098643,0.0067393573629389,143032,SPLY_LS,8.422840705376883,0.096712976983588,142997,0.019081583339161694,9,Q4
644,1,35.8950253,128.6107087,0.0128859660722632,3693,PIPE_LM,8.298066073466588,0.0128859660722632,3693,0.008297722370881425,7,Q2
645,1,35.8954119,128.6098672,0.0058681227090266,245332,SPLY_LS,7.316676710445437,0.096712976983588,142997,0.013737325049978415,10,Q4
646,1,35.8950258,128.6105732,0.0096204837696841,211357,SPLY_LS,7.44943371567206,0.0128859660722632,3693,0.008521274195270167,7,Q2
647,1,35.8939763,128.6096061,0.0060278344463926,143909,SPLY_LS,7.86074190174736,0.0081785198149362,211226,0.006576340135751627,9,Q1
648,1,35.8961794,128.6087292,0.0068707683658152,245360,SPLY_LS,9.109983347034225,0.0124682733736618,245430,0.008165233563911934,7,Q2
649,1,35.8955785,128.6080436,0.0067449493205081,245370,SPLY_LS,5.0854694419893836,0.0287036873425774,245226,0.00930843392968831,9,Q3
650,1,35.895638,128.6083125,0.0124682733736618,37760,PIPE_LM,8.85303881132099,0.0124682733736618,37760,0.007606486126869562,7,Q1
651,1,35.8956941,128.6084596,0.0071410463149936,143060,SPLY_LS,5.029139558881084,0.0464824560737003,143127,0.010296769139751076,10,Q3
652,1,35.8954103,128.6093837,0.007443944016659,72379,SPLY_LS,7.534450718637446,0.007443944016659,72379,0.00678567111691401,6,Q1
653,2,35.89540925,128.60924185,0.0059870282326155,3843,SPLY_LS,7.340013521987728,0.007443944016659,72379,0.006929542394607475,8,Q1
654,1,35.8954223,128.6087186,0.0125810591760285,143068,PIPE_LM,8.148970240844045,0.0287036873425774,143129,0.010555381004369637,12,Q3
655,1,35.895288,128.6092459,0.0071424443043859,211392,SPLY_LS,7.765147439504148,0.0172752730079525,110993,0.008096728682516,9,Q2
656,1,35.8954175,128.6090856,0.0071424443043859,211393,SPLY_LS,6.543647003999913,0.0073125330137826,72374,0.006964912870543656,6,Q1
657,1,35.894499,128.6093913,0.0071426773026179,4720,SPLY_LS,8.112246183576607,0.0112889866370395,4695,0.00754071425044997,7,Q1
658,1,35.8937085,128.6093782,0.0068083248396258,246271,SPLY_LS,6.063549476353427,0.0209779907722291,107346,0.009921908466170248,6,Q3
659,1,35.894758,128.6085124,0.0072428665423996,73251,SPLY_LS,5.645200289031934,0.0133431178619665,106330,0.008406411554258489,7,Q2
660,1,35.8937338,128.60859,0.0082165686592412,4713,SPLY_LS,10.844762507228035,0.0082165686592412,4713,0.008206389842709504,2,Q2
661,2,35.894854300000006,128.6083456,0.0080538224244521,143895,SPLY_LS,10.327095774111186,0.0219413295028088,442731,0.010350346461583837,8,Q3
662,1,35.8936404,128.6103236,0.0130693202834296,178157,SPLY_LS,6.706410197173192,0.0130693202834296,178157,0.012741998523384554,2,Q3
663,2,35.89485865,128.60813375,0.0070494780097978,73232,SPLY_LS,5.715128546949767,0.0219413295028088,442731,0.009377619942652043,10,Q3
664,1,35.8935752,128.6095498,0.0062853255826765,246286,SPLY_LS,6.7744658799940956,0.0863320120859685,75978,0.01562691072470348,9,Q4
665,1,35.8936902,128.6096401,0.0863320120859685,75978,PIPE_LM,4.782615535252862,0.0863320120859685,75978,0.025139192599673427,10,Q4
666,1,35.88871,128.6020298,0.0071834519932267,73333,SPLY_LS,4.865164479031554,0.0709752717733486,42425,0.016050729583739785,4,Q4
667,1,35.8891053,128.6025241,0.0176827320666301,215055,PIPE_LM,7.987305203517553,0.0176827320666301,215055,0.009093446726490175,7,Q2
668,1,35.8924506,128.6083,0.0080252675253743,246258,SPLY_LS,8.055884669783556,0.0631819381447228,4697,0.018614026559325533,8,Q4
669,2,35.892445,128.6080946,0.0074001122845394,38786,SPLY_LS,8.16807851613333,0.0427669981834409,178123,0.01090391221843025,9,Q3
670,1,35.8906662,128.6032595,0.0072291196467086,246354,SPLY_LS,5.524476101345855,0.0532314538300115,4787,0.009580494116934932,15,Q3
671,1,35.8905487,128.6031583,0.0070767388029477,246334,SPLY_LS,4.38538352579056,0.014461878683193,212342,0.007656426294198315,11,Q1
672,3,35.890905000000004,128.60299369999998,0.0070483130186376,246356,SPLY_LS,6.280762892909144,0.0082471371730005,461919,0.007320308748590612,6,Q1
673,1,35.8903619,128.6032938,0.0073220859412967,143983,SPLY_LS,2.891297367472808,0.0773712644328432,48168,0.016412124472164568,5,Q4
674,1,35.8911832,128.6026666,0.006744716322276,144009,SPLY_LS,11.960580437806515,0.130492375078696,107416,0.02277149891732065,8,Q4
675,2,35.89096465,128.6021705,0.0075237626191875,4781,SPLY_LS,10.218085224677424,0.0101577729038442,4813,0.008531225499156733,3,Q2
676,1,35.8913343,128.6028039,0.0070296731600735,212371,SPLY_LS,8.854177803858839,0.0127337211787944,211240,0.007937682991722659,8,Q2
677,1,35.8959178,128.6070107,0.0068083248396258,72381,SPLY_LS,6.873623655475798,0.0123209634288065,245227,0.008052578716998188,5,Q2
678,1,35.8955879,128.6064074,0.0066801933871737,37954,SPLY_LS,7.931413420531401,0.0152627786771764,245429,0.00903606856636697,9,Q2
679,1,35.8953065,128.6067474,0.007189043950796,72387,SPLY_LS,9.004980886665441,0.0130382109657319,245383,0.007935342708198179,9,Q2
680,1,35.8950278,128.6062918,0.0087191200408471,72392,SPLY_LS,6.027853456498334,0.0773712644328432,110836,0.015270408088383787,10,Q4
681,1,35.8951585,128.6060191,0.0067393573629389,245392,SPLY_LS,6.616349741599784,0.0078252468646876,72385,0.007124743912889404,6,Q1
682,2,35.8959163,128.6058311,0.0071107565448271,37966,SPLY_LS,7.353246110860361,0.0075655106566888,72399,0.007043315553482615,7,Q1
683,1,35.8945458,128.6062248,0.0072083828040561,143962,SPLY_LS,4.9363596838562955,0.0130382109657319,106337,0.008293600342660872,8,Q2
684,1,35.8944989,128.6060147,0.0070301391565377,107401,SPLY_LS,5.85502503029266,0.0130382109657319,106337,0.008841909588290956,11,Q2
685,1,35.8937395,128.6055498,0.0070569077050895,178198,SPLY_LS,9.250764488221442,0.0539575075537303,238579,0.015305936643106845,6,Q4
686,1,35.8939504,128.6058123,0.0074096932765476,177119,SPLY_LS,6.189407419441545,0.0133431178619665,177120,0.00782745071466325,10,Q1
687,1,35.8931406,128.6061747,0.0062480799048585,4756,SPLY_LS,8.8968894485612,0.0121732498950612,73278,0.007321838513040765,8,Q1
688,1,35.8935497,128.6061279,0.0070511089974222,73298,SPLY_LS,4.9595371974848526,0.0124682733736618,178160,0.007775952444241372,11,Q1
689,1,35.8926412,128.6075201,0.007054836969135,73292,SPLY_LS,9.332701116551828,0.1289506359781174,181569,0.026609275278103528,5,Q4
690,1,35.8932908,128.6053603,0.0083729778673131,37745,SPLY_LS,8.225717408328013,0.0154927281565411,245212,0.009629825871359448,8,Q3
691,2,35.89319595,128.6057878,0.0067920149633822,178186,SPLY_LS,4.498095823744023,0.0539575075537303,411542,0.013175717998065778,7,Q4
692,1,35.8935606,128.6053668,0.0064576625003901,212318,SPLY_LS,7.848779756384939,0.0647490090644763,30854,0.032655820765371255,10,Q4
693,1,35.8931473,128.6053519,0.0069255229503471,107396,SPLY_LS,6.125796590235226,0.0154927281565411,177117,0.009665441547634157,9,Q3
694,2,35.89241115,128.60716565,0.0046994578413385,4749,SPLY_LS,10.652905842197292,0.0154574088183135,267500,0.008058684688350854,5,Q2
695,3,35.89246533333333,128.60753536666667,0.0070706808489144,143943,SPLY_LS,9.192073282191222,0.0080429708070996,246254,0.006896824144535362,5,Q1
696,1,35.892233,128.6062489,0.007411557262404,178176,SPLY_LS,7.252037122235644,0.0133431178619665,244343,0.008363747089041848,6,Q2
697,1,35.89152,128.6055689,0.0070170912555428,212297,SPLY_LS,6.2866221210870386,0.0192476446952389,246292,0.00960177202684862,6,Q3
698,2,35.89571085,128.60505675000002,0.0158456055479039,142929,PIPE_LM,8.305147521725344,0.0158456055479039,142929,0.008335198158898527,7,Q2
699,1,35.8953882,128.6029958,0.0777007467085252,407421,PIPE_LM,10.530947663398686,0.0777007467085252,407421,0.021397710097047544,6,Q4
700,1,35.8940489,128.6048683,0.0069010581359818,72467,SPLY_LS,8.291545736921377,0.0120259399502059,142930,0.00830910427379306,7,Q2
701,3,35.8933403,128.6041584,0.0070897867039425,211474,SPLY_LS,11.931821391202293,0.0073472497503581,38040,0.007111126103961472,7,Q1
702,1,35.8919931,128.6048395,0.0069341438849329,73356,SPLY_LS,6.745466435556521,0.0124682733736618,143984,0.008291331081110145,4,Q2
703,1,35.8960865,128.6010963,0.0070853597375336,3984,SPLY_LS,7.619112683370366,0.0121732498950612,72237,0.0076647417762206495,7,Q1
704,1,35.8953934,128.6011361,0.0069192319980817,245490,SPLY_LS,5.9374597670276845,0.0356140138977223,246553,0.00973153437796445,11,Q3
705,1,35.8962904,128.6010969,0.0072468275123444,106634,SPLY_LS,11.159381200430616,0.0121732498950612,72237,0.007646648857741003,8,Q1
706,1,35.8957377,128.6011203,0.0069108440617279,106632,SPLY_LS,4.946959260143706,0.0572258164240383,71262,0.011707386287145126,10,Q3
707,1,35.8944666,128.6007764,0.0068628464259255,105186,SPLY_LS,8.047444718904469,0.0120259399502059,36928,0.007720064364044902,7,Q1
708,3,35.89528953333333,128.60121883333335,0.006990296458857,143209,SPLY_LS,8.623978361400964,0.0121732498950612,72241,0.007435377208340868,8,Q1
709,1,35.8949974,128.6011109,0.006990296458857,177424,SPLY_LS,5.073199663886806,0.0437590243191238,413297,0.013261536339531407,6,Q4
710,1,35.8944816,128.6011167,0.0068628464259255,143229,SPLY_LS,7.672739470004083,0.0451096390958521,324845,0.01480242748986546,11,Q4
711,1,35.8954243,128.6020765,0.0068635454206217,245499,SPLY_LS,5.4124297462932995,0.0475431851546113,220414,0.012765852828669577,10,Q3
712,1,35.8951768,128.6018861,0.0064464785852516,245503,SPLY_LS,7.539636707401108,0.0475431851546113,220414,0.02117801959117845,7,Q4
713,1,35.895618,128.6016666,0.0069110770599599,37828,SPLY_LS,3.5338214863299,0.0283752811603181,211526,0.009180732684389454,8,Q3
714,3,35.8956574,128.60234176666665,0.0069110770599599,245501,SPLY_LS,6.594126609488704,0.0126577625347303,448649,0.00780019136066752,9,Q1
715,1,35.8895971,128.601464,0.0072945921499147,238402,SPLY_LS,9.266577254493772,0.0316953962852238,186992,0.012614192661579638,10,Q3
716,1,35.8916045,128.603594,0.0069355418743252,107450,SPLY_LS,9.468733788978605,0.0073220859412967,4823,0.007005218380231921,4,Q1
717,1,35.8920443,128.6037541,0.0072510214805213,144017,SPLY_LS,14.498205255295266,0.0127337211787944,177124,0.007975099487051636,5,Q2
718,1,35.8913073,128.6035472,0.0066943571087606,246391,SPLY_LS,10.888061151445156,0.0073798695028452,178250,0.0070403190381176555,5,Q1
720,1,35.8906313,128.6041447,0.0068355002153704,73329,SPLY_LS,13.616454554840756,0.0084562980350943,143994,0.007384536223779618,4,Q1
721,1,35.8916774,128.6029474,0.0307680307287902,4814,SPLY_LS,7.559233641297846,0.0307680307287902,4814,0.013602585731907715,5,Q4
722,1,35.8896577,128.6031403,0.0070047423492442,107425,SPLY_LS,6.030706890237928,0.0121732498950612,211282,0.007409143155101975,9,Q1
723,1,35.8910342,128.604078,0.0071261344281424,73323,SPLY_LS,5.4975563146407245,0.008513240166017,246398,0.007466660021315983,7,Q1
724,1,35.8908316,128.6034761,0.0068591184542127,143979,SPLY_LS,7.066366825591066,0.0532314538300115,4787,0.013407085503177674,10,Q4
725,1,35.8906845,128.6035591,0.0069383378531098,211239,SPLY_LS,5.595065033522564,0.0532314538300115,4787,0.013548643828993774,10,Q4
726,1,35.8897404,128.6027238,0.0083478140582517,246378,SPLY_LS,9.032024624525729,0.0151386999822204,38876,0.008768641016094524,9,Q2
727,2,35.8941229,128.5974802,0.0069467257894636,36991,SPLY_LS,5.576533121691185,0.0160397039126991,244002,0.008537279001943902,6,Q2
728,1,35.8937662,128.5975818,0.0069467257894636,71530,SPLY_LS,13.494248041636256,0.0069467257894636,71530,0.0069467257894636,2,Q1
729,1,35.8913639,128.5966834,0.0094466220706893,244019,SPLY_LS,4.606076459581514,0.0223682272298727,463697,0.011229407665449801,8,Q3
730,1,35.8920735,128.6055943,0.0071697050975358,178162,SPLY_LS,7.02981567719812,0.0216692294342273,42329,0.010165226685463049,6,Q3
731,1,35.8946962,128.6053718,0.0071853159790832,143969,SPLY_LS,5.315650193368927,0.0149619280483941,73276,0.008773464499694439,5,Q2
732,1,35.8959196,128.6054125,0.0145453902724933,412753,PIPE_LM,9.556223098804427,0.0145453902724933,412753,0.009520638777590972,6,Q3
733,1,35.8962961,128.6053979,0.0080754857246313,143100,SPLY_LS,6.3891228851951745,0.0458583123564315,439842,0.016219344755860385,5,Q4
734,1,35.8983695,128.6072313,0.0085978151948714,245423,SPLY_LS,14.832539244347663,0.0085978151948714,245423,0.008022130754217212,2,Q2
735,3,35.89502943333333,128.60703119999997,0.0087716844419976,245387,SPLY_LS,8.024461779328648,0.0474982858003645,37847,0.011645711994846465,11,Q3
736,2,35.8950275,128.6071764,0.0083457084608803,245386,SPLY_LS,7.757853845945533,0.0154927281565411,177330,0.009819833333332181,7,Q3
737,1,35.8951854,128.6092512,0.0074900776666049,211390,SPLY_LS,6.177236898693357,0.0172752730079525,110993,0.008320997059236194,12,Q2
738,1,35.8948463,128.6092167,0.0059208194751626,443630,SPLY_LS,5.555818140172992,0.0166225307834266,245203,0.00914600619982864,7,Q2
739,1,35.8950196,128.6097072,0.0147851561145678,72312,PIPE_LM,6.927816759744899,0.0147851561145678,72312,0.008464188709328984,6,Q2
740,1,35.8954473,128.6010038,0.0069192319980817,3982,SPLY_LS,5.092915822979515,0.0356140138977223,246553,0.010997763056081047,8,Q3
741,1,35.8954767,128.6006315,0.007170637090464,105183,SPLY_LS,3.917224973498906,0.0216692294342273,71478,0.008879682112793772,10,Q2
742,1,35.8957562,128.6004581,0.0068521285072512,175958,SPLY_LS,7.4619674343629745,0.0290311962401857,243996,0.011466069610520947,11,Q3
743,1,35.8962062,128.6043354,0.0069844715030558,177341,SPLY_LS,6.891402076148565,0.0470128206141558,38044,0.012272842795086695,7,Q3
744,1,35.8972922,128.6038361,0.0070867577269259,37992,SPLY_LS,9.018861324755681,0.0533045613371663,324769,0.013430045862585794,6,Q4
745,2,35.8970944,128.6024783,0.006786190007581,3962,SPLY_LS,6.4578521187495594,0.0118786300053506,143188,0.007795555770558906,8,Q1
746,2,35.8971252,128.6023369,0.0067694141348734,245482,SPLY_LS,3.8179617711774028,0.0464824560737003,4012,0.010234831638652787,10,Q3
747,1,35.8970346,128.6017844,0.0070091693156531,177386,SPLY_LS,5.4133191659164694,0.0287036873425774,211529,0.009210686064669895,10,Q3
748,3,35.895782,128.6105861,0.0069003591412856,72332,SPLY_LS,4.574058244063539,0.0133431178619665,177126,0.008519735857804595,6,Q2
749,2,35.890868499999996,128.60322585,0.0072566134380905,406715,SPLY_LS,1.1552836078829234,0.0532314538300115,4787,0.00889152316214281,11,Q2
750,1,35.8937504,128.6065046,0.012615583318517,106335,PIPE_LM,9.106761334853791,0.0539575075537303,278189,0.01405139808277275,7,Q4
751,1,35.8937026,128.608004,0.0070236152060402,38796,SPLY_LS,6.352800539259912,0.0526516151206023,178122,0.011033946387774007,10,Q3
752,1,35.8951417,128.602664,0.0069194649963138,261499,SPLY_LS,4.9344609247975,0.099704982868479,143235,0.02347665969562472,8,Q4
753,1,35.895978,128.6022858,0.0098214528926569,211508,SPLY_LS,13.376011343802586,0.0193608801584325,470708,0.011060825266133192,6,Q3
754,1,35.8953107,128.6014414,0.006920396989242,177420,SPLY_LS,7.526755095317239,0.0069905294570891,245489,0.006794842202787305,8,Q1
755,1,35.8947713,128.6010511,0.0072615064009636,245504,SPLY_LS,10.372563262959748,0.0150429157723756,37774,0.008481707280177168,7,Q2
756,1,35.8952061,128.5998821,0.0070296731600735,244075,SPLY_LS,10.03685140432852,0.0073171929784236,142160,0.007190568584297931,7,Q1
757,1,35.8947912,128.6023991,0.0069355418743252,245509,SPLY_LS,8.32242006139244,0.0175036538467823,408602,0.008284372677907244,7,Q2
758,1,35.8947381,128.6019531,0.0125810591760285,177138,PIPE_LM,4.6443922953899355,0.0344210568161073,106661,0.010803093308115774,10,Q3
759,2,35.8956655,128.6021624,0.0069110770599599,177419,SPLY_LS,9.010909673630886,0.0149442770051371,316859,0.008484567392396555,11,Q2
760,2,35.89294015,128.5973276,0.00927942253937,105136,SPLY_LS,7.466479963081359,0.0110698811436843,175865,0.009812152032875658,3,Q3
761,1,35.8963338,128.5998717,0.0070450510433889,2781,SPLY_LS,10.420232406167635,0.0162343340538362,243994,0.007698449117774805,9,Q1
762,1,35.8962166,128.6000401,0.0072211977068189,105158,SPLY_LS,6.425560925903495,0.0216692294342273,105191,0.00921529952532305,13,Q3
763,1,35.8963653,128.6000976,0.0070499440062619,36461,SPLY_LS,6.283852467625606,0.0366409244777962,324799,0.009982431246806858,11,Q3
764,1,35.896816,128.6006497,0.0069108440617279,36468,SPLY_LS,5.584064400770792,0.0073150959943352,36469,0.0069788585828608,6,Q1
765,1,35.8920784,128.5963469,0.0105816871496803,157769,SPLY_LS,12.315825825383914,0.0202226023150344,214951,0.011479239601943898,6,Q3
766,1,35.897234,128.6011778,0.0984836616587468,324795,PIPE_LM,3.7255240915659535,0.0984836616587468,324795,0.02876265311509574,10,Q4
767,1,35.8945447,128.60202,0.0067414543470273,4001,SPLY_LS,7.488104177123399,0.0344210568161073,106661,0.009146120161370778,9,Q3
768,1,35.8946495,128.6017077,0.006920396989242,38090,SPLY_LS,7.411810803014369,0.0344210568161073,106661,0.009530597727960388,11,Q3
769,1,35.8946636,128.602393,0.0069355418743252,143225,SPLY_LS,5.00994791751831,0.1087810453919353,324620,0.016687815272334722,10,Q4
770,3,35.8962741,128.598792,0.0149572818042988,243991,PIPE_LM,5.107029970856144,0.0149572818042988,243991,0.009249632311858574,9,Q3
771,1,35.8955177,128.5998111,0.0070243142007364,142159,SPLY_LS,11.554952562873337,0.0073171929784236,142160,0.007098906513951006,6,Q1
772,3,35.8971117,128.5998117,0.0072666323620687,142132,SPLY_LS,8.393932700477446,0.0299653696434191,308923,0.01023232669844465,8,Q3
773,1,35.8969617,128.6013846,0.0074201781969899,37770,SPLY_LS,3.8746764578610207,0.1070396022978844,245517,0.019242044672390605,12,Q4
774,1,35.8971366,128.6013529,0.0073971113720169,38059,SPLY_LS,2.8153583924760692,0.0984836616587468,324795,0.012075582231244802,12,Q3
775,2,35.8965898,128.6016523,0.0078654095336762,143198,SPLY_LS,13.0173603669307,0.0078654095336762,143198,0.0073973090907344715,3,Q1
776,2,35.8968833,128.6021024,0.0070091693156531,245486,SPLY_LS,8.584386095431483,0.0526516151206023,4007,0.01921939964592583,12,Q4
777,2,35.8962259,128.6025329,0.0070869907251579,143215,SPLY_LS,10.002596575413866,0.0448899093987984,72531,0.011817972420735056,9,Q3
778,1,35.8961417,128.602339,0.00707813679234,38072,SPLY_LS,6.338887519116571,0.0448899093987984,72531,0.012121953273451141,12,Q3
779,1,35.8965775,128.6025858,0.0070010143775314,72298,SPLY_LS,5.783877156018005,0.012615583318517,106362,0.007617611562832805,11,Q1
780,1,35.8960892,128.604461,0.0072442645317919,3917,SPLY_LS,4.31826483777686,0.0533045613371663,245475,0.01248193070843711,9,Q3
781,1,35.8957266,128.6037964,0.0076930522562903,3924,SPLY_LS,8.173337631189714,0.0152627786771764,3700,0.008689663102972804,8,Q2
782,1,35.8956114,128.6038041,0.0073288428900261,177347,SPLY_LS,5.72740045166302,0.0443595448583429,211479,0.015359634146782377,8,Q4
783,1,35.8973991,128.5999957,0.0069821415207353,105101,SPLY_LS,5.223399120699719,0.0340237672770658,210518,0.009121951394509982,10,Q2
784,1,35.8977546,128.6028124,0.0078669949021889,405349,SPLY_LS,9.50935565730683,0.0078669949021889,405349,0.0075927413279935855,2,Q1
785,1,35.8976002,128.603555,0.0068940681890203,38241,SPLY_LS,9.596424502390775,0.0174687512227239,38251,0.009957472114200184,9,Q3
786,1,35.898456,128.6049009,0.0074089942818514,38216,SPLY_LS,7.940517695593499,0.0464824560737003,211678,0.011248700996012608,7,Q3
787,1,35.8983877,128.6047369,0.0080151781292857,4140,SPLY_LS,8.04327866928561,0.0464824560737003,211678,0.010529538948726307,9,Q3
788,1,35.898598,128.6061009,0.0070466820310132,72641,SPLY_LS,5.545823724119147,0.0366409244777962,324766,0.015302775282338227,4,Q4
789,1,35.8981948,128.6044607,0.0073295418847223,143356,SPLY_LS,13.617939557150285,0.0073295418847223,143356,0.007067782008847704,6,Q1
790,1,35.8982006,128.6047688,0.0073416577927889,38231,SPLY_LS,7.700605330592152,0.016012490452254,434486,0.00799551886344646,9,Q2
791,2,35.8976825,128.6045625,0.0070960776562079,143357,SPLY_LS,5.996033031232822,0.0178972991594237,177622,0.008927665290948086,9,Q2
792,1,35.897478,128.6044319,0.0070960776562079,38237,SPLY_LS,7.290993877339951,0.0072379735795265,245679,0.007081558698853332,6,Q1
793,2,35.8976416,128.6036774,0.0069744525790776,211666,SPLY_LS,7.572264211792159,0.0174687512227239,143369,0.00901426386389732,9,Q2
794,1,35.89345,128.5989036,0.0071142515183078,105145,SPLY_LS,5.233416519083013,0.012615583318517,142120,0.0077853595487916314,10,Q1
795,1,35.8934617,128.5984185,0.0069770155596302,36450,SPLY_LS,7.470025530906995,0.0216692294342273,2836,0.009036999967534506,10,Q2
796,1,35.8937043,128.5989861,0.0073302408794184,175922,SPLY_LS,7.638729334740281,0.0216692294342273,210459,0.010005164303507072,7,Q3
797,1,35.8899651,128.6009332,0.0069357748725573,178418,SPLY_LS,3.7785074974257977,0.1310330430280368,71258,0.040392583347391285,7,Q4
798,1,35.8911309,128.5975278,0.0092094531702853,36427,SPLY_LS,5.689556651043137,0.0231753725454059,2778,0.012778474907107052,7,Q4
799,1,35.8915342,128.5965834,0.0088477933144969,71406,SPLY_LS,6.088971372300232,0.0223682272298727,463697,0.010337514998622415,7,Q3
800,1,35.8918673,128.5973152,0.0289264325432401,71430,PIPE_LM,7.893198233848657,0.0289264325432401,71430,0.014901889192315524,9,Q4
801,1,35.8925856,128.5968797,0.0090686057390109,175901,SPLY_LS,8.436425625508633,0.2247392122626154,299696,0.06667652914793001,5,Q4
802,1,35.8917733,128.5973032,0.0106460666795141,244025,SPLY_LS,2.385951421903017,0.0289264325432401,71430,0.01193640247821477,9,Q3
803,1,35.8891615,128.6026163,0.0064819112782524,212362,SPLY_LS,9.8422962224522,0.0203739538860711,37805,0.009545790391803501,9,Q3
804,1,35.8889189,128.6020764,0.0066747885906469,107439,SPLY_LS,8.358548617276583,0.0709752717733486,42425,0.015210674086397341,13,Q4
805,1,35.8906725,128.6043161,0.0067458813134363,246368,SPLY_LS,3.978042529616454,0.0178972991594237,143982,0.009134698661475848,5,Q2
806,2,35.8907824,128.6046677,0.0080239182227352,73330,SPLY_LS,11.699664578589946,0.0219413295028088,143976,0.013512228022728227,4,Q4
807,1,35.8907876,128.6044362,0.0069635016621713,178227,SPLY_LS,6.573393653743591,0.0178972991594237,143982,0.009414193824249469,8,Q3
808,1,35.8898477,128.6024933,0.0071492012531154,38900,SPLY_LS,6.015297121566654,0.0197141189023577,212340,0.008602471694513994,13,Q2
809,1,35.8899212,128.6024098,0.0070096353121172,4783,SPLY_LS,3.8569710322235125,0.0197141189023577,212340,0.008791336464223174,11,Q2
810,1,35.8894594,128.6016559,0.0072945921499147,106412,SPLY_LS,7.196088487004441,0.0316953962852238,186992,0.010857479912534745,9,Q3
811,1,35.8899459,128.6034124,0.0160397039126991,4788,PIPE_LM,1.8600392204169185,0.0160397039126991,4788,0.010040774649387295,9,Q3
812,3,35.89062653333333,128.60371696666667,0.0345933966229472,37748,SPLY_LS,6.589223019797234,0.0345933966229472,37748,0.014146207223132734,10,Q4
813,1,35.8893451,128.6020508,0.006594554386207,178236,SPLY_LS,7.685968872132745,0.0086989889935979,246332,0.007642956864406243,4,Q1
815,1,35.8945089,128.5990098,0.0083110907391263,176378,SPLY_LS,3.4587767028323366,0.0777007467085252,142177,0.017314028294931994,6,Q4
816,1,35.8945176,128.5979996,0.0058984667434693,2947,SPLY_LS,6.709161372102678,0.0379999280609524,414361,0.011127075498359491,7,Q3
817,1,35.8908545,128.6028273,0.0071673751152153,37747,SPLY_LS,4.568751573044465,0.0123209634288065,72215,0.007510009247669888,14,Q1
818,1,35.8908965,128.6026341,0.006897563162501,73309,SPLY_LS,1.6204150334266463,0.0123209634288065,72215,0.007273593282071088,10,Q1
819,1,35.8950289,128.6090777,0.0055962614437301,177271,SPLY_LS,7.050374597601119,0.0172752730079525,110993,0.007550032209528403,9,Q1
820,1,35.8968314,128.6046401,0.0078376655847038,211445,SPLY_LS,7.403561985700235,0.0080159888487647,3910,0.007553347605215312,4,Q1
821,1,35.8981896,128.6074701,0.0072963401912254,245197,SPLY_LS,9.042337618998273,0.0085978151948714,245423,0.007182762698301229,5,Q1
822,1,35.8958307,128.6044147,0.0065741268800749,143149,SPLY_LS,9.231819938915962,0.0127628932633723,72487,0.007557559259784207,8,Q1
823,1,35.8958978,128.608558,0.0055045315901674,143062,SPLY_LS,7.769436229865058,0.0546122426640383,164021,0.011384934379278436,11,Q3
824,1,35.8935601,128.6062494,0.006256457339475,178184,SPLY_LS,6.683334960964361,0.0124682733736618,178160,0.007735563021741582,9,Q1
825,2,35.893182800000005,128.6065629,0.0081492847433041,261516,SPLY_LS,11.772007520505042,0.0464824560737003,215096,0.013928467931601267,5,Q4
826,1,35.895388,128.5999986,0.0070604289267042,2869,SPLY_LS,5.5059772920922905,0.0216692294342273,2881,0.008788316341594847,9,Q2
827,1,35.8976253,128.6072523,0.0070930486791912,37981,SPLY_LS,12.70310627305998,0.0454202739392538,116631,0.016218239469185488,4,Q4
828,1,35.8937032,128.6074447,0.0086959122518323,107408,SPLY_LS,5.760697344549714,0.0100725697225359,38828,0.0077056024781930925,8,Q1
829,1,35.8964057,128.6088621,0.007161550159414,72362,SPLY_LS,7.960092225841016,0.012941016438922,440580,0.008133238128794658,7,Q2
830,1,35.8926899,128.6072286,0.0070702148524503,4754,SPLY_LS,12.576316324763926,0.0127337211787944,107367,0.008265557422710458,4,Q2
831,1,35.8975081,128.602293,0.0513439337937303,245521,PIPE_LM,4.813671669974477,0.0513439337937303,245521,0.018290116650314273,9,Q4
832,2,35.89491415,128.61135389999998,0.0071296294016231,72319,SPLY_LS,9.061181077271783,0.065534691196846,38779,0.029479001848758738,5,Q4
833,1,35.8974173,128.6079726,0.0071540942159884,37907,SPLY_LS,7.5951669565904245,0.0124682733736618,3902,0.007871440956840248,8,Q2
835,1,35.8977752,128.6025297,0.0068181872749107,72234,SPLY_LS,9.341300475099928,0.0078669949021889,405349,0.007146552189801923,4,Q1
836,1,35.8931251,128.6073457,0.0054584391322975,73296,SPLY_LS,7.223637163464364,0.0083087141314063,212308,0.006964823606754468,7,Q1
837,1,35.8946784,128.6104871,0.0164284324186314,72210,PIPE_LM,4.483673110215563,0.0164284324186314,72210,0.010630362352952541,5,Q3
838,1,35.8977299,128.6050038,0.0072156057492497,106799,SPLY_LS,14.48655553685056,0.0073924514073759,38227,0.007302029030613757,2,Q1
839,2,35.8961898,128.6085322,0.0069504537611764,37925,SPLY_LS,6.354235054849129,0.0459506384797093,106549,0.010725673253597445,12,Q3
840,2,35.89453675,128.6096333,0.0072861608308579,4723,SPLY_LS,10.210317527619734,0.0072861608308579,4723,0.006895324563764777,6,Q1
841,2,35.8938377,128.5989477,0.0216692294342273,210459,PIPE_LM,7.829967108304462,0.0216692294342273,210459,0.013416890121128344,6,Q4
842,1,35.8922475,128.6063896,0.0072983201216275,246306,SPLY_LS,7.352266087387747,0.0131904558592006,146526,0.008319132638352886,5,Q2
843,1,35.8930049,128.5984109,0.0073153289925672,210453,SPLY_LS,6.678936142738604,0.0216692294342273,298009,0.008984090811287197,8,Q2
844,2,35.89145155,128.59612399999997,0.0089980305745229,2812,SPLY_LS,6.492899793667302,0.0215768368900334,463668,0.011865601135645066,6,Q3
845,1,35.8946381,128.6083309,0.0062903459163001,143896,SPLY_LS,8.923843612250057,0.0215435876855875,442730,0.008654055127468224,10,Q2
846,2,35.8972017,128.6020827,0.0071906749384203,38055,SPLY_LS,8.716239369344775,0.0071906749384203,72501,0.006836672248837824,4,Q1
847,1,35.8970184,128.5987428,0.0069837725083596,142145,SPLY_LS,5.7701147452971036,0.0344210568161073,220500,0.012778469042036382,8,Q3
848,2,35.8980579,128.6015417,0.0863641399555962,308751,PIPE_LM,4.473416264526104,0.1625045355802691,2652,0.059267222962077114,12,Q4
849,1,35.8924787,128.6055683,0.0083988860382027,4752,SPLY_LS,11.308146627124891,0.0399538261912255,411543,0.012313862272929327,7,Q3
851,1,35.8941995,128.6043022,0.0071086595607386,106591,SPLY_LS,15.504188990403112,0.0073064750597493,211465,0.007082374282019244,3,Q1
852,1,35.8926771,128.606472,0.0169346479762551,420515,PIPE_LM,8.026452980978439,0.0399538261912255,199088,0.012825781768019033,11,Q4
853,1,35.8971064,128.6012248,0.0073952473861605,72511,SPLY_LS,3.713063579615095,0.0984836616587468,324795,0.012689555802504447,15,Q3
854,1,35.895689,128.6104822,0.0072943591516827,177226,SPLY_LS,6.483289377969825,0.0120665004926198,408628,0.007957968305197531,6,Q2
855,1,35.8938686,128.6070015,0.0059237921132523,246288,SPLY_LS,8.453887924715223,0.0127337211787944,73275,0.008393678187768473,5,Q2
856,1,35.8927745,128.6092027,0.0233629147929964,107361,SPLY_LS,10.110697373222793,0.0233629147929964,107361,0.01663407469824724,3,Q4
857,1,35.891192,128.6050644,0.0071999948677023,246400,SPLY_LS,7.4855885708661845,0.0124682733736618,246347,0.007967663237870133,7,Q2
858,1,35.8980021,128.6077981,0.0073999073508015,3813,SPLY_LS,7.760057227894738,0.0073999073508015,3813,0.007122290535557719,3,Q1
859,1,35.897901,128.6010927,0.0066536140135444,211496,SPLY_LS,5.75092561213944,0.1036539708932476,324782,0.02390431223656378,6,Q4
860,1,35.8913008,128.6053531,0.0073676830891113,107371,SPLY_LS,8.465804678832269,0.0121732498950612,212292,0.008208904192791076,6,Q2
861,1,35.897379,128.6022512,0.0070869907251579,38054,SPLY_LS,10.662689873141497,0.0513439337937303,245521,0.015700355886690845,5,Q4
862,1,35.8934052,128.6077535,0.0056376081371599,143889,SPLY_LS,6.115510890298909,0.171263363676615,143880,0.03322848471974267,6,Q4
863,1,35.8913156,128.606595,0.0080306335649616,178170,SPLY_LS,6.9878260557847085,0.0127628932633723,245206,0.009120630262870388,3,Q2
864,1,35.8965918,128.6013299,0.0070625259107926,143204,SPLY_LS,7.9576129580532085,0.0984836616587468,38096,0.03774078901128882,8,Q4
865,1,35.8904244,128.6012719,0.1166082752880062,246554,PIPE_LM,3.877697415412045,0.1166082752880062,246554,0.03613422586988776,8,Q4
866,1,35.8933795,128.6078768,0.0070035773580839,246263,SPLY_LS,12.294558587962499,0.171263363676615,143880,0.05233556861901872,3,Q4
867,1,35.8908911,128.5987649,0.01333651903366,412768,SPLY_LS,13.894089612919847,0.0807343716421841,175889,0.03346776476490021,3,Q4
868,1,35.8911947,128.6034905,0.0073798695028452,178250,SPLY_LS,8.610754751726242,0.0073798695028452,178250,0.007120208622833237,4,Q1
869,1,35.8927036,128.6079642,0.006925289952115,211228,SPLY_LS,6.869274208065157,0.0182977142780403,211227,0.008597637584466794,7,Q2
870,1,35.8939851,128.6100777,0.0068700693711191,246251,SPLY_LS,5.088830668749968,0.0162343340538362,107320,0.00791501917870217,7,Q2
871,1,35.8913997,128.6043448,0.0067428890268842,107458,SPLY_LS,8.207830751147725,0.0406440869680835,73315,0.014942133881520556,3,Q4
872,1,35.8943401,128.5988184,0.0071373183432808,175924,SPLY_LS,9.276303816715929,0.0124682733736618,175860,0.008063963010623275,6,Q2
873,1,35.8957469,128.6019636,0.0069837725083596,245497,SPLY_LS,7.535271517001042,0.0149442770051371,316859,0.008305254392572101,7,Q2
874,1,35.8932952,128.6055758,0.006925056953883,4760,SPLY_LS,10.582721501508837,0.0154927281565411,245212,0.008558934905018396,9,Q2
875,1,35.8973096,128.6094513,0.005839044346349,106474,SPLY_LS,4.480311660417913,0.0070166252590787,177246,0.006144727310201791,4,Q1
876,1,35.8924229,128.6061559,0.0051211846413495,146527,SPLY_LS,10.251253504512869,0.0074010723419617,107388,0.006266028565526242,6,Q1
877,1,35.8937318,128.6044382,0.0073957133826246,38031,SPLY_LS,5.951748877181423,0.0075449008660236,245457,0.006964594713683166,8,Q1
878,1,35.8972616,128.6015956,0.0068227707300129,3968,SPLY_LS,11.409627634437449,0.0069753845720058,3969,0.006862822365835977,4,Q1
879,1,35.8948476,128.6077659,0.0674682454176989,316639,PIPE_LM,8.24018379391017,0.1026210963870588,316656,0.04569331068333651,8,Q4
880,1,35.8963146,128.6087015,0.007161550159414,177262,SPLY_LS,6.558335519752995,0.0164284324186314,255745,0.0082196181495894,8,Q2
881,1,35.8975072,128.6089707,0.0070024123669237,245340,SPLY_LS,6.984753281728488,0.0147851561145678,211250,0.008982292099667687,9,Q2
882,1,35.8961112,128.6001309,0.0068784573074729,105157,SPLY_LS,9.17572819474,0.0162343340538362,243994,0.00810454046707351,8,Q2
883,1,35.8978985,128.6080259,0.0068460705532179,245339,SPLY_LS,6.708283303139419,0.0072286536502445,72350,0.006666935562134369,5,Q1
884,1,35.8952784,128.6102857,0.0072943591516827,143027,SPLY_LS,6.602872289562621,0.0214767589913084,245307,0.009436529900608465,6,Q3
885,1,35.8964916,128.6090544,0.007161550159414,245355,SPLY_LS,8.11000250120607,0.012941016438922,440580,0.008203500216748188,6,Q2
886,1,35.8889357,128.6022712,0.007508950523401,81505,SPLY_LS,5.843864880014704,0.0709752717733486,42425,0.013013504321120702,9,Q4
887,1,35.8916085,128.5981186,0.0092433777128719,175891,SPLY_LS,13.968163688767264,0.0299396178338072,243989,0.018454572981598437,2,Q4
888,1,35.8947804,128.6002504,0.0072396045671509,176374,SPLY_LS,8.675095628922607,0.0170988387249644,418147,0.008301132715695348,7,Q2
889,1,35.8952121,128.6038735,0.0117313200604953,37769,PIPE_LM,5.513160905411297,0.0224555854777788,10937,0.009777375561218497,12,Q3
890,1,35.8934871,128.5985558,0.0071142515183078,244033,SPLY_LS,2.726155398265887,0.0283752811603181,175926,0.00985363518336491,10,Q3
891,1,35.8914337,128.5963278,0.0089980305745229,2813,SPLY_LS,9.149458122851762,0.0215768368900334,463668,0.011935679168040721,4,Q3
892,1,35.8946882,128.6050909,0.0068686713817268,3935,SPLY_LS,10.200086863784463,0.0160397039126991,177131,0.009230584998143986,4,Q3
893,1,35.8973449,128.6011675,0.0071578221877012,245231,SPLY_LS,5.387578623060139,0.1412209607910354,38094,0.028267043102116245,8,Q4
894,1,35.898052,128.6017082,0.0073316388688107,177392,SPLY_LS,7.623460218047898,0.0984836616587468,143234,0.025268006482124947,7,Q4
