wkt_geom,FTR_CDE,FTR_IDN,HJD_CDE,SHT_NUM,MNG_CDE,IST_YMD,SAA_CDE,MOP_CDE,STD_DIP,BYC_LEN,JHT_CDE,LOW_DEP,HGH_DEP,CNT_NUM,SYS_CHK,PIP_LBL,IQT_CDE,GIS_IDN,FTC_CDE,CLS_YMD,GU_CDE,SMZ_NUM,MDZ_NUM,LGZ_NUM,AVG_DEP,FNS_YMD,WTP_CDE,RMK_TXT,BEG_YMD,PIP_TYPE,PIP_TYPE_VALID
"MultiLineString ((1098931.4493154298979789 1767772.13867405010387301, 1099009.5533414299134165 1767792.49678353010676801, 1099011.10278875008225441 1767792.91678386996500194, 1099012.19098833994939923 1767793.21179087995551527, 1099069.66577740991488099 1767808.23584394995123148, 1099102.47193053993396461 1767814.20656770002096891, 1099102.62020011991262436 1767814.58074226998724043, 1099102.90279330988414586 1767814.86604714998975396, 1099103.2764648599550128 1767815.01566445990465581, 1099103.67752760997973382 1767815.00680275005288422, 1099104.04399470007047057 1767814.83940863003954291, 1099104.31348763010464609 1767814.54259174992330372, 1099104.99250473990105093 1767814.66587543999776244, 1099139.47430900996550918 1767818.47260218998417258, 1099236.60382725996896625 1767828.71667010989040136, 1099338.46540315006859601 1767837.99432022008113563))",SA001,71585,2723061000,35803034,54000,1986-01-01,SA003,12,700,414.06,,0,0,20119006912.0,1,700-ST-86,IQT903,71585,SA003,,B,230,519,S0,1.2,1986-01-01,SS00201,,1986-01-01,ST,True
"MultiLineString ((1099742.57263068994507194 1767808.17632136004976928, 1099740.98865819000639021 1767807.99520661006681621, 1099735.05106394994072616 1767807.31782330991700292))",SA001,261304,2723061000,35803035,54000,2002-10-14,SA005,4,250,8.0,,0,0,2002200000000.0,1,250-DTC-02,IQT903,261304,SA005,,B,240,520,P0,1.2,2002-10-14,SS00201,,2002-10-14,DTC,True
"MultiLineString ((1099734.15310453996062279 1767771.09456140990369022, 1099736.87110461993142962 1767771.390954369911924, 1099737.08164634997956455 1767771.02621858008205891, 1099737.37023654999211431 1767770.78567416989244521, 1099737.69835610990412533 1767770.70963383000344038, 1099737.83484111004509032 1767770.74513770011253655, 1099737.86168427998200059 1767770.75217535998672247, 1099737.90229510003700852 1767770.71276508993469179, 1099738.22729804995469749 1767770.83970945002511144, 1099738.38873909995891154 1767771.00515889003872871, 1099738.34261229005642235 1767771.01436084997840226, 1099738.50946327997371554 1767771.0889329700730741, 1099738.50883367005735636 1767771.12993970001116395, 1099738.66553234006278217 1767771.54026365000754595, 1099740.62385962996631861 1767771.69307203008793294, 1099740.33024542010389268 1767774.62504016002640128, 1099739.45280572003684938 1767783.39311912003904581, 1099739.57371577993035316 1767783.39896211004815996, 1099739.99349780008196831 1767783.67031550011597574, 1099740.0969998799264431 1767783.8298781500197947, 1099740.17248742002993822 1767784.15560291009023786, 1099740.19552142010070384 1767784.25531114009208977, 1099740.08973462996073067 1767784.30671904003247619, 1099740.14032976003363729 1767784.46544129005633295, 1099739.97658722009509802 1767784.78083934006281197, 1099739.4461940499022603 1767784.87875998998060822, 1099739.37415714003145695 1767784.87866460997611284, 1099739.28250024002045393 1767786.62998527009040117, 1099747.41609741002321243 1767790.97818143991753459, 1099750.72335118008777499 1767792.74620322999544442))",SA001,53635,2723061000,35803035,54000,1994-01-01,SA005,4,400,36.0,,0,0,20119006912.0,1,400-DTC-94,IQT903,53635,SA005,,B,240,520,P0,1.2,1994-01-01,SS00201,,1994-01-01,DTC,True
"MultiLineString ((1099742.26629038993269205 1767809.51440642005763948, 1099740.36325472011230886 1767819.25264774006791413, 1099741.58140921988524497 1767821.72371630999259651, 1099741.23916491004638374 1767824.23913087998516858, 1099740.17026067990809679 1767824.96368097001686692, 1099738.90330439992249012 1767824.78240834991447628))",SA001,192893,2723061000,35803035,54000,2002-10-14,SA005,4,150,18.0,,0,0,2002200000000.0,1,150-DTC-02,IQT903,192893,SA005,,B,240,520,P0,1.2,2002-10-14,SS00201,,2002-10-14,DTC,True
"MultiLineString ((1099745.23087440989911556 1767815.98860608995892107, 1099738.03707958990707994 1767840.00393348000943661, 1099737.0228461199440062 1767843.17975069000385702))",SA001,39095,2723061000,35803035,54000,1994-01-01,SA005,4,400,28.41,,0,0,20119006912.0,1,400-DTC-94,IQT903,39095,SA005,,B,240,520,P0,1.2,1994-01-01,SS00201,,1994-01-01,DTC,True
"MultiLineString ((1099750.72335118008777499 1767792.74620322999544442, 1099752.10736509994603693 1767793.51518143992871046, 1099750.75931101990863681 1767798.1257426799274981, 1099749.6278313600923866 1767802.02985741989687085))",SA001,146477,2723061000,35803035,54000,1994-01-01,SA005,4,400,10.45,,0,0,20119006912.0,1,400-DTC-94,IQT903,146477,SA005,,B,240,520,P0,1.2,1994-01-01,SS00201,,1994-01-01,DTC,True
"MultiLineString ((1099737.0228461199440062 1767843.17975069000385702, 1099683.57041110005229712 1767852.91936323000118136, 1099635.62813982996158302 1767853.55475616990588605, 1099634.53899013996124268 1767860.27502275002188981))",SA001,212550,2723061000,35803035,54000,1994-01-01,SA005,4,400,109.12,,0,0,20119006912.0,1,400-DTC-94,IQT903,212550,SA005,,B,240,520,P0,1.2,1994-01-01,SS00201,,1994-01-01,DTC,True
"MultiLineString ((1099634.53899013996124268 1767860.27502275002188981, 1099634.3278508901130408 1767861.59654539008624852, 1099633.84395529003813863 1767864.61770218005403876, 1099633.65833664010278881 1767866.10553506994619966))",SA001,246575,2723061000,35803035,54000,1994-01-01,SA005,4,400,6.0,,0,0,20119006912.0,1,400-DTC-94,IQT903,246575,SA005,,B,240,520,P0,1.2,1994-01-01,SS00201,,1994-01-01,DTC,True
"MultiLineString ((1099729.01756480010226369 1767778.47505129990167916, 1099732.27202283986844122 1767778.9187611355446279))",SA001,245698,2723061000,35803035,54000,1994-01-01,SA005,12,400,3.0,,0,0,20119006912.0,1,400-ST-94,IQT903,245698,SA005,,B,240,520,P0,1.2,1994-01-01,SS00201,,1994-01-01,ST,True
"MultiLineString ((1099749.6278313600923866 1767802.02985741989687085, 1099745.23087440989911556 1767815.98860608995892107))",SA001,144225,2723061000,35803035,54000,1994-01-01,SA005,4,400,14.64,,0,0,20119006912.0,1,400-DTC-94,IQT903,144225,SA005,,B,240,520,P0,1.2,1994-01-01,SS00201,,1994-01-01,DTC,True
"MultiLineString ((1099807.90568128996528685 1767826.11955997999757528, 1099779.76826052996329963 1767840.19131032004952431, 1099747.58240014989860356 1767853.22467351006343961, 1099715.7640431800391525 1767862.01728689996525645, 1099684.81177056999877095 1767866.99078917992301285, 1099660.05614795000292361 1767867.64549974002875388, 1099641.38003603997640312 1767866.56213715998455882, 1099639.88258798001334071 1767866.47432168992236257, 1099639.88258840003982186 1767866.4742936200927943, 1099639.15054644993506372 1767866.43090873002074659, 1099638.56374009000137448 1767866.39615473989397287, 1099637.69352997001260519 1767866.34461243008263409, 1099636.99301441991701722 1767866.30311530991457403, 1099636.30868307990022004 1767866.26256854995153844, 1099633.65833664010278881 1767866.10553506994619966, 1099621.89000956993550062 1767865.41041003004647791, 1099600.12219497002661228 1767863.28353314008563757, 1099599.09795655007474124 1767863.18349998001940548, 1099598.90428297990001738 1767863.16455206996761262, 1099598.73256863001734018 1767863.38844607002101839, 1099598.65948794991709292 1767863.4837587799411267, 1099598.30854505999013782 1767863.68042019009590149, 1099597.90896807005628943 1767863.72229182999581099, 1099597.52485659997910261 1767863.60347974998876452, 1099597.423154880059883 1767863.51682536001317203, 1099597.21889211004599929 1767863.3428015299141407, 1099597.04040263989008963 1767862.9821994099766016, 1099595.39113217010162771 1767862.82108132005669177, 1099577.39615736994892359 1767861.06319569004699588, 1099553.39810177008621395 1767858.71897599007934332, 1099508.13355034007690847 1767854.29608929995447397))",SA001,198939,2723061000,35803035,54000,1986-01-01,SA003,12,700,309.0,,0,0,20119006912.0,1,700-ST-86,IQT903,198939,SA003,,B,240,520,P0,1.2,1986-01-01,SS00201,,1986-01-01,ST,True
"MultiLineString ((1099879.4466552899684757 1767786.48469440010376275, 1099872.21003636997193098 1767790.61071092006750405, 1099872.19496904988773167 1767791.01241796999238431, 1099872.02244919002987444 1767791.37470567994751036, 1099871.81217215000651777 1767791.5594619601033628, 1099871.72050807997584343 1767791.6400312299374491, 1099871.3376473099924624 1767791.76520318002440035, 1099870.93822777993045747 1767791.72914338996633887, 1099870.58425872004590929 1767791.53777309996075928, 1099870.09807551000267267 1767791.81531756999902427, 1099868.88983112992718816 1767792.50378694990649819, 1099867.47475220006890595 1767793.31005232990719378, 1099812.37092670006677508 1767823.88597937999293208, 1099807.90568128996528685 1767826.11955997999757528))",SA001,4149,2723063100,35803035,54000,1986-01-01,SA003,12,700,83.0,,0,0,20119006912.0,1,700-ST-86,IQT903,4149,SA003,,B,210,521,P0,1.2,1986-01-01,SS00201,,1986-01-01,ST,True
"MultiLineString ((1099595.17654818994924426 1767874.59153558989055455, 1099598.73256863001734018 1767863.38844607002101839, 1099600.73577335011214018 1767857.20652826991863549))",SA001,175747,2723061000,35803035,54000,1979-01-01,SA002,12,800,18.26,,0,0,20119006912.0,1,800-ST-79,IQT903,175747,SA002,,B,60,515,P0,1.2,1979-01-01,SS00201,,1979-01-01,ST,True
"MultiLineString ((1099736.62334166001528502 1767783.88906507007777691, 1099736.66139389993622899 1767782.77476702001877129, 1099736.69568541995249689 1767781.7700970999430865, 1099736.98323371005244553 1767781.46027768007479608, 1099739.6326796798966825 1767781.5955671900883317))",SA001,427780,2723061000,35803035,54000,1994-01-01,SA003,4,400,5.2,,0,0,20129000952.0,1,400-DTC-94,IQT903,427780,SA003,,B,240,520,P0,1.2,1994-01-01,SS00201,,1994-01-01,DTC,True
"MultiLineString ((1099735.16836211993359029 1767783.77977958996780217, 1099735.08880450995638967 1767784.89666890003718436, 1099734.99746144004166126 1767786.1795764600392431, 1099733.85755879990756512 1767786.0684470001142472, 1099731.40014103008434176 1767785.82889050990343094))",SA001,427781,2723061000,35803035,54000,2011-12-26,SA003,4,500,6.02,,0,0,20129000952.0,1,500-DTC-11,IQT903,427781,SA003,,B,240,520,P0,2.0,2011-12-26,SS00201,,2011-12-26,DTC,True
"MultiLineString ((1099597.12296359008178115 1767856.84448639000765979, 1099595.39113217010162771 1767862.82108132005669177))",SA001,415362,2723061000,35803035,54000,1986-01-01,SA003,12,700,6.22,,0,0,20119006912.0,1,700-ST-86,IQT903,415362,SA003,,B,240,520,P0,1.2,1986-01-01,SS00201,,1986-01-01,ST,True
"MultiLineString ((1099600.25761902006343007 1767854.39772040001116693, 1099598.76626666006632149 1767854.242031010100618, 1099597.90277009992860258 1767854.15184946008957922, 1099597.12296359008178115 1767856.84448639000765979))",SA001,415363,2723061000,35803035,54000,1979-01-01,SA003,12,500,5.17,,0,0,20119006912.0,1,500-ST-79,IQT903,415363,SA003,,B,240,520,P0,1.2,1979-01-01,SS00201,,1979-01-01,ST,True
"MultiLineString ((1099732.97663618996739388 1767772.97731727990321815, 1099732.44852677988819778 1767777.52143885008990765, 1099732.02718122000806034 1767780.85708970995619893, 1099731.79244093992747366 1767782.71559047000482678, 1099732.1046057699713856 1767782.96923307003453374, 1099732.29111438989639282 1767783.3250173800624907, 1099732.31019559991545975 1767783.56514817010611296, 1099732.32299156999215484 1767783.72643435001373291, 1099732.19323780992999673 1767784.10641956003382802, 1099731.9237133099231869 1767784.40525796008296311, 1099731.55820020008832216 1767784.57263904996216297, 1099731.34322522999718785 1767786.28113406989723444, 1099729.48014459991827607 1767786.08503774995915592, 1099691.08389809005893767 1767782.04543781001120806, 1099687.06559111992828548 1767781.62256646994501352, 1099659.31125785992480814 1767778.70228893007151783, 1099627.21864164993166924 1767775.32556405011564493, 1099625.35399462003260851 1767775.12913499004207551, 1099625.11598314996808767 1767776.27183362003415823, 1099624.87027063989080489 1767777.45166844991035759, 1099623.80079742008820176 1767782.58700043009594083, 1099623.36693000001832843 1767784.67020896007306874, 1099619.64554525003768504 1767808.62926926999352872, 1099617.99526678002439439 1767811.3788670499343425, 1099609.95113988011144102 1767824.78166538989171386, 1099602.82507654000073671 1767846.5489149100612849, 1099601.85360126011073589 1767849.51623453991487622, 1099600.72226632991805673 1767852.9720889599993825, 1099600.25761902006343007 1767854.39772040001116693, 1099599.79297041008248925 1767855.82343604997731745, 1099599.40698811993934214 1767857.07528896001167595))",SA001,415364,2723061000,35803035,54000,1986-01-01,SA003,12,500,207.38,,0,0,20119006912.0,1,500-ST-86,IQT903,415364,SA003,,B,240,520,P0,1.2,1986-01-01,SS00201,,1986-01-01,ST,True
"MultiLineString ((1099641.38003603997640312 1767866.56213715998455882, 1099641.17935974011197686 1767868.0487843700684607, 1099640.19505188008770347 1767879.25149690988473594, 1099638.05877293995581567 1767880.23166853003203869, 1099637.86742553999647498 1767886.22666734992526472, 1099639.83686439995653927 1767887.22453959006816149, 1099639.75653535011224449 1767889.74285181006416678, 1099639.61599646997638047 1767894.15297288005240262, 1099639.56207639002241194 1767895.84541123989038169, 1099628.17366442992351949 1767904.30782435997389257, 1099618.77207972994074225 1767931.03674873011186719, 1099617.58277900004759431 1767934.41709184995852411))",SA001,418174,2723062000,35803035,54000,1996-01-01,SA003,4,500,78.06,,0,0,20119006912.0,1,500-DTC-96,IQT903,418174,SA003,,B,240,520,P0,1.2,1996-01-01,SS00201,,1996-01-01,DTC,True
"MultiLineString ((1099496.49915827997028828 1767554.57516411994583905, 1099500.37870893999934196 1767555.8710017700213939, 1099500.37873701006174088 1767555.87100220005959272, 1099501.79497182997874916 1767556.36253909999504685, 1099504.18223876995034516 1767560.54574614996090531, 1099508.18035232997499406 1767567.55178136005997658, 1099517.74048737995326519 1767570.97784823994152248, 1099519.69646547990851104 1767571.67854274995625019, 1099520.68585095996968448 1767572.03357088007032871))",SA001,210305,2723063100,35803045,54000,1989-01-01,SA005,12,400,31.0,,0,0,20119006912.0,1,400-ST-89,IQT903,210305,SA005,,B,243,520,P0,1.2,1989-01-01,SS00201,,1989-01-01,ST,True
"MultiLineString ((1099491.73452308005653322 1767544.69727682997472584, 1099490.4218837299849838 1767544.22939682006835938, 1099489.46520608011633158 1767543.88890806003473699))",SA001,308843,2723063100,35803045,54000,2004-12-01,SA005,4,200,2.0,,0,0,2004540000000.0,1,200-DTC-04,IQT903,308843,SA005,,B,243,520,P0,1.3,2004-12-01,SS00201,,2004-12-01,DTC,True
"MultiLineString ((1099503.3833574999589473 1767592.5472984800580889, 1099503.91964209009893239 1767591.14769684989005327, 1099504.63704161997884512 1767589.27395194000564516))",SA001,210308,2723061000,35803045,54000,1989-01-01,SA005,12,400,4.0,,0,0,20119006912.0,1,400-ST-89,IQT903,210308,SA005,,B,240,520,P0,1.2,1989-01-01,SS00201,,1989-01-01,ST,True
"MultiLineString ((1099490.96993004996329546 1767560.29988499009050429, 1099493.69487449992448092 1767557.64786481996998191, 1099490.60489382990635931 1767554.46234930003993213, 1099489.5890790200792253 1767553.41505568008869886, 1099488.51610993989743292 1767552.30893947998993099))",SA001,310731,2723063100,35803045,54000,2004-12-01,SA005,4,200,11.24,,0,0,20119006912.0,1,200-DTC-04,IQT903,310731,SA005,,B,240,520,P0,1.2,2004-12-01,SS00201,,2004-12-01,DTC,True
"MultiLineString ((1099492.74824718991294503 1767571.67796725011430681, 1099492.36696514999493957 1767573.08090317994356155, 1099491.98227899009361863 1767573.19700731988996267, 1099491.67435423005372286 1767573.45530656003393233, 1099491.49297099001705647 1767573.8134432400111109, 1099491.49103616992942989 1767573.84437934006564319, 1099491.46782814990729094 1767574.21496701007708907, 1099491.60305303009226918 1767574.59402309008873999, 1099491.87753815995529294 1767574.88815926993265748, 1099489.32251772005110979 1767584.30453579011373222))",SA001,210307,2723061000,35803045,54000,1989-01-01,SA005,12,300,14.0,,0,0,20119006912.0,1,300-ST-89,IQT903,210307,SA005,,B,240,520,P0,1.2,1989-01-01,SS00201,,1989-01-01,ST,True
"MultiLineString ((1099489.5890790200792253 1767553.41505568008869886, 1099491.27370699006132782 1767551.71205667988397181))",SA001,310736,2723063100,35803045,54000,2004-12-01,SA005,4,150,2.4,,0,0,20119006912.0,1,150-DTC-04,IQT903,310736,SA005,,B,243,520,P0,1.1,2004-12-01,SS00201,,2004-12-01,DTC,True
"MultiLineString ((1099490.60489382990635931 1767554.46234930003993213, 1099492.27382507990114391 1767552.74310702993534505))",SA001,310737,2723063100,35803045,54000,2004-12-01,SA005,4,150,2.4,,0,0,20119006912.0,1,150-DTC-04,IQT903,310737,SA005,,B,243,520,P0,1.1,2004-12-01,SS00201,,2004-12-01,DTC,True
"MultiLineString ((1099469.25774442008696496 1767581.30739119998179376, 1099469.88579442002810538 1767581.55588885000906885, 1099469.34285840997472405 1767583.13638236001133919, 1099468.85634343000128865 1767584.55465929000638425))",SA001,36299,2723061000,35803045,54000,2001-01-01,SA004,4,400,4.0,,0,0,20119006912.0,1,400-DTC-01,IQT903,36299,SA004,,B,240,520,P0,1.2,2001-01-01,SS00201,,2001-01-01,DTC,True
"MultiLineString ((1099489.19492898997850716 1767559.85997080011293292, 1099489.50161795993335545 1767559.54867662000469863, 1099490.25559178995899856 1767559.54410990001633763, 1099490.96993004996329546 1767560.29988499009050429, 1099493.63272703997790813 1767563.30666304007172585, 1099494.93797817989252508 1767564.7805517700035125, 1099497.56139413989149034 1767567.7429857300594449, 1099498.13212018995545805 1767567.75172015000134706, 1099500.89592906995676458 1767565.63117923005484045, 1099499.93086520000360906 1767558.29779143002815545, 1099496.49915827997028828 1767554.57516411994583905, 1099490.17104479996487498 1767547.71255385992117226, 1099488.55287056998349726 1767545.95761104999110103, 1099489.03856284008361399 1767544.85622254991903901))",SA001,310733,2723063100,35803045,54000,2001-01-01,SA004,4,400,35.0,,0,0,20119006912.0,1,400-DTC-01,IQT903,310733,SA004,,B,240,520,P0,1.2,2001-01-01,SS00201,,2001-01-01,DTC,True
"MultiLineString ((1099489.19492898997850716 1767559.85997080011293292, 1099481.5330584601033479 1767568.14572078990750015, 1099480.28265410009771585 1767569.49943401990458369, 1099471.6967438398860395 1767578.78399662999436259, 1099469.89721359009854496 1767579.95637009991332889, 1099469.25774442008696496 1767581.30739119998179376, 1099467.54694300005212426 1767580.65942235989496112, 1099466.97098744008690119 1767582.23837016010656953, 1099466.45755280996672809 1767583.64727811003103852))",SA001,310734,2723061000,35803045,54000,2001-01-01,SA004,4,400,34.0,,0,0,20119006912.0,1,400-DTC-01,IQT903,310734,SA004,,B,240,520,P0,1.2,2001-01-01,SS00201,,2001-01-01,DTC,True
"MultiLineString ((1099763.94587272009812295 1767745.36702790996059775, 1099761.34557583997957408 1767744.82454722002148628, 1099752.70756128989160061 1767742.89225247991271317, 1099752.18932569003663957 1767742.77980342996306717, 1099748.35370088997296989 1767741.94707486010156572, 1099742.6576286400668323 1767740.71017669001594186, 1099740.30230830004438758 1767740.19871745002456009, 1099691.11222268990240991 1767729.51713090995326638, 1099617.18739243992604315 1767695.38292722008191049, 1099581.73816478997468948 1767681.37231087009422481, 1099564.18550409004092216 1767675.71386360004544258, 1099537.9954036099370569 1767645.30649616988375783, 1099534.84766093990765512 1767641.65195558988489211, 1099549.99629172007553279 1767607.30285674007609487, 1099534.87397458008490503 1767600.8715919500682503, 1099533.50140624004416168 1767600.26778281992301345))",SA001,209417,2723063100,35803035,54000,1989-01-01,SA003,12,800,313.0,,0,0,20119006912.0,1,800-ST-89,IQT903,209417,SA003,,B,240,520,P0,1.2,1989-01-01,SS00201,,1989-01-01,ST,True
"MultiLineString ((1099508.13355034007690847 1767854.29608929995447397, 1099474.34286481002345681 1767850.99381881998851895, 1099434.45711333001963794 1767847.17777823004871607, 1099339.1363722300156951 1767838.05852475995197892, 1099338.46540315006859601 1767837.99432022008113563))",SA001,175753,2723061000,35803035,54000,1986-01-01,SA003,12,700,171.0,,0,0,20119006912.0,1,700-ST-86,IQT903,175753,SA003,,B,240,520,P0,1.2,1986-01-01,SS00201,,1986-01-01,ST,True
"MultiLineString ((1099531.65019602002575994 1767604.83176169008947909, 1099532.16262042010203004 1767603.42283796006813645, 1099532.79182087001390755 1767601.69473511003889143, 1099506.72071386990137398 1767590.19322737003676593, 1099504.63704161997884512 1767589.27395194000564516, 1099498.03565642004832625 1767586.36088650999590755, 1099494.19861366995610297 1767575.70633474993519485, 1099494.44741648994386196 1767575.39120406005531549, 1099494.55231213988736272 1767575.00286435009911656, 1099494.53562132990919054 1767574.88862696988508105, 1099494.49435531999915838 1767574.60500578000210226, 1099494.28564125997945666 1767574.26193544990383089, 1099493.95721309003420174 1767574.0289588300511241, 1099493.56456501991488039 1767573.94502457999624312, 1099492.74824718991294503 1767571.67796725011430681, 1099494.02571571990847588 1767564.8056528999004513, 1099493.54981586011126637 1767564.34946842002682388, 1099493.40067125996574759 1767564.09625165001489222, 1099493.4056668400298804 1767563.76539004989899695, 1099493.45661381003446877 1767563.50623352010734379, 1099493.63272703997790813 1767563.30666304007172585, 1099493.76384224998764694 1767563.15797395003028214, 1099494.37645022990182042 1767562.91833350993692875, 1099495.38715910003520548 1767557.47769261989742517))",SA001,71253,2723061000,35803045,54000,1989-01-01,SA005,12,400,73.0,,0,0,20119006912.0,1,400-ST-89,IQT903,71253,SA005,,B,240,520,P0,1.2,1989-01-01,SS00201,,1989-01-01,ST,True
"MultiLineString ((1099600.73577335011214018 1767857.20652826991863549, 1099602.91955593996681273 1767850.49953230004757643, 1099603.58243138995021582 1767848.46343943011015654, 1099603.03874647989869118 1767847.79425347992219031, 1099603.17052070004865527 1767847.41432755999267101, 1099603.14066447992809117 1767847.01294178003445268, 1099602.95607882994227111 1767846.65626065991818905, 1099602.82507654000073671 1767846.5489149100612849, 1099602.64502563001587987 1767846.40154028008691967, 1099602.25879939994774759 1767846.29064073995687068, 1099601.86010957998223603 1767846.34055523993447423, 1099597.69609230989590287 1767841.20805179001763463, 1099593.74686412001028657 1767840.96156364004127681, 1099579.42767913010902703 1767840.06789626996032894, 1099545.36179401003755629 1767818.07579263998195529, 1099546.04342115996405482 1767810.08452926995232701, 1099546.55346138007007539 1767804.10256699007004499, 1099547.57484678993932903 1767792.12310931994579732, 1099547.66733806999400258 1767791.03968719998374581, 1099547.70255588996224105 1767790.62927816994488239, 1099548.54320208006538451 1767779.42124686995521188, 1099548.59584261011332273 1767778.71902164001949131, 1099550.0103401099331677 1767777.91395532991737127, 1099551.1744050900451839 1767777.20467913988977671, 1099556.17681938991881907 1767774.26702141994610429, 1099557.47066154005005956 1767773.50718292989768088, 1099557.64326235000044107 1767771.94744904991239309, 1099557.99244193988852203 1767768.79196703992784023, 1099558.15712549001909792 1767767.30173554993234575))",SA001,144224,2723061000,35803035,54000,1979-01-01,SA002,12,800,134.0,,0,0,20119006912.0,1,800-ST-79,IQT903,144224,SA002,,B,240,520,P0,1.2,1979-01-01,SS00201,,1979-01-01,ST,True
"MultiLineString ((1099493.09284035000018775 1767553.58740684995427728, 1099492.78062766999937594 1767553.26557180006057024, 1099492.27382507990114391 1767552.74310702993534505, 1099491.27370699006132782 1767551.71205667988397181, 1099490.59467207989655435 1767551.012045529903844, 1099488.26450943993404508 1767548.60975808999501169, 1099489.19815362989902496 1767547.70216490002349019, 1099489.42973390989936888 1767547.85965106007643044, 1099489.60676173004321754 1767547.92233542003668845, 1099489.76536169997416437 1767547.94369241991080344, 1099490.00379848992452025 1767547.84841981995850801, 1099490.15352444001473486 1767547.73463189997710288, 1099490.17104479996487498 1767547.71255385992117226, 1099490.32581083988770843 1767547.51734401006251574, 1099490.35031221993267536 1767547.21976903988979757, 1099490.31405804003588855 1767547.04125027009285986, 1099490.15902682999148965 1767546.78196332999505103, 1099491.0593672099057585 1767545.89682348002679646))",SA001,324622,2723063100,35803045,54000,2004-12-01,SA005,4,200,12.0,,0,0,2004540000000.0,1,200-DTC-04,IQT903,324622,SA005,,B,243,520,P0,1.3,2004-12-01,SS00201,,2004-12-01,DTC,True
"MultiLineString ((1099476.63811684004031122 1767607.91008456004783511, 1099462.59535875008441508 1767602.41010857000946999, 1099459.12470629997551441 1767601.05044722999446094, 1099459.71532203000970185 1767599.56074776989407837, 1099459.71532247005961835 1767599.56071970006451011, 1099460.26846715994179249 1767598.16741309990175068))",SA001,408308,2723061000,35803045,54000,1989-01-01,SA003,12,400,21.92,,0,0,20119006912.0,1,400-ST-89,IQT903,408308,SA003,,B,240,520,P0,1.2,1989-01-01,SS00201,,1989-01-01,ST,True
"MultiLineString ((1099462.59535875008441508 1767602.41010857000946999, 1099463.22514267009682953 1767600.91095989989116788, 1099463.8061181700322777 1767599.52801883011125028))",SA001,408309,2723061000,35803045,54000,1989-01-01,SA003,12,400,3.13,,0,0,20119006912.0,1,400-ST-89,IQT903,408309,SA003,,B,240,520,P0,1.2,1989-01-01,SS00201,,1989-01-01,ST,True
"MultiLineString ((1099511.1247311900369823 1767580.61935944994911551, 1099510.69365492998622358 1767580.43084846995770931, 1099505.1516370999161154 1767578.5296983600128442, 1099494.53562132990919054 1767574.88862696988508105, 1099491.49103616992942989 1767573.84437934006564319, 1099488.41011785995215178 1767572.78767046006396413, 1099481.67287587001919746 1767570.06151498993858695, 1099480.28265410009771585 1767569.49943401990458369))",SA001,415692,2723061000,35803045,54000,1989-01-01,SA004,4,400,32.81,,0,0,20119006912.0,1,400-DTC-89,IQT903,415692,SA004,,B,240,520,P0,1.2,1989-01-01,SS00201,,1989-01-01,DTC,True
"MultiLineString ((1099509.89076458988711238 1767589.88788289995864034, 1099510.4236614101100713 1767588.57728048996068537, 1099512.80239187995903194 1767582.72555345995351672, 1099511.61839156993664801 1767580.83485607011243701, 1099511.1247311900369823 1767580.61935944994911551))",SA001,415693,2723063100,35803045,54000,2001-01-01,SA004,4,400,10.5,,0,0,20119006912.0,1,400-DTC-01,IQT903,415693,SA004,,B,240,520,P0,1.2,2001-01-01,SS00201,,2001-01-01,DTC,True
"MultiLineString ((1099533.50140624004416168 1767600.26778281992301345, 1099509.89076458988711238 1767589.88788289995864034, 1099506.73546460992656648 1767588.50105865998193622, 1099506.45716669992543757 1767589.17570350994355977, 1099506.69126063003204763 1767589.50226288009434938, 1099506.77822052990086377 1767589.89447467005811632, 1099506.72071386990137398 1767590.19322737003676593, 1099506.70219834009185433 1767590.28926556999795139, 1099506.47714466997422278 1767590.62278451002202928, 1099506.13891945988871157 1767590.83957408997230232, 1099505.74295935011468828 1767590.90553310001268983, 1099505.38172211009077728 1767591.78185273008421063, 1099504.8097390600014478 1767593.16787985991686583))",SA001,415694,2723061000,35803045,54000,1989-01-01,SA003,12,700,34.84,,0,0,20119006912.0,1,700-ST-89,IQT903,415694,SA003,,B,240,520,P0,1.2,1989-01-01,SS00201,,1989-01-01,ST,True
"MultiLineString ((1099694.15575281530618668 1767777.62811860558576882, 1099691.01871480001136661 1767777.2673333000857383, 1099684.6607578000985086 1767776.48447880009189248, 1099685.42564189992845058 1767768.47559599997475743, 1099685.78534590010531247 1767768.29709260002709925, 1099685.80664839991368353 1767768.2718720999546349, 1099686.04491639998741448 1767767.99012829991988838, 1099686.16378460009582341 1767767.60601749992929399, 1099686.11989230010658503 1767767.20638140011578798, 1099685.92324330005794764 1767766.85644929995760322, 1099685.85056650009937584 1767766.80112219997681677, 1099685.60298239998519421 1767766.61264880001544952, 1099687.22437530010938644 1767749.63733180006965995, 1099686.90512520004995167 1767749.39351879991590977, 1099686.70749379997141659 1767749.04357159999199212, 1099686.66458310000598431 1767748.64400670002214611, 1099686.6851800000295043 1767748.57697289995849133, 1099686.78244070010259748 1767748.25988040002994239, 1099687.04302260000258684 1767747.95287550007924438, 1099687.40266999998129904 1767747.774399199988693, 1099687.4324052999727428 1767747.46690999995917082, 1099631.06532540009357035 1767742.61498089996166527, 1099622.48346689995378256 1767736.20630689989775419, 1099621.52164399996399879 1767735.48780380003154278, 1099620.56113100005313754 1767734.74433479993604124))",SA001,59818,2723061000,35803035,54000,1989-01-01,SA005,4,400,109.0,,0,0,20119006912.0,1,400-DTC-89,IQT903,59818,SA005,,B,240,520,P0,1.2,1989-01-01,SS00201,,1989-01-01,DTC,True
"MultiLineString ((1099621.94435916002839804 1767737.4679090001154691, 1099619.23183731990866363 1767737.99049632996320724, 1099619.16642817994579673 1767738.47846004995517433, 1099618.94436228997074068 1767740.12769328011199832, 1099618.78426963998936117 1767741.31709650997072458))",SA001,267360,2723061000,35803035,54000,1989-01-01,SA005,4,400,6.0,,0,0,20119006912.0,1,400-DTC-89,IQT903,267360,SA005,,B,240,520,P0,1.2,1989-01-01,SS00201,,1989-01-01,DTC,True
"MultiLineString ((1099631.33456380991265178 1767761.4277217099443078, 1099628.24475001008249819 1767761.06368849007412791, 1099628.36350417998619378 1767759.69779384997673333, 1099629.20762732997536659 1767749.96738509996794164, 1099629.67848956002853811 1767749.36751047009602189, 1099629.77146465005353093 1767749.24908930994570255, 1099629.3095858299639076 1767748.46117047988809645, 1099629.53259486006572843 1767744.25829603988677263, 1099630.09294204995967448 1767743.50401169992983341, 1099630.06705425004474819 1767743.4475500900298357, 1099629.70106939994730055 1767742.64914399990811944, 1099628.76422982010990381 1767742.57993105007335544, 1099621.94435916002839804 1767737.4679090001154691, 1099621.65764424996450543 1767737.2535400299821049, 1099622.06750474008731544 1767736.73389125009998679, 1099622.48346686991862953 1767736.20630692993290722))",SA001,7162,2723061000,35803035,54000,2000-01-01,SA005,4,250,33.33,,0,0,20119006912.0,1,250-DTC-00,IQT903,7162,SA005,,B,240,520,P0,1.4,2000-01-01,SS00201,,2000-01-01,DTC,True
"MultiLineString ((1099632.40678218007087708 1767750.57694935007020831, 1099629.67848956002853811 1767749.36751047009602189, 1099624.10133360000327229 1767746.89509697002358735, 1099623.22160490998066962 1767746.82170752994716167, 1099621.72674279008060694 1767746.69895193004049361, 1099619.17739044991321862 1767746.4881640300154686))",SA001,141947,2723061000,35803035,54000,1982-01-01,SA005,12,800,14.0,,0,0,20119006912.0,1,800-ST-82,IQT903,141947,SA005,,B,240,520,P0,1.2,1982-01-01,SS00201,,1982-01-01,ST,True
"MultiLineString ((1099772.15531413001008332 1767755.67328278999775648, 1099771.11653466010466218 1767754.85269899992272258, 1099761.55087416991591454 1767747.29718966991640627, 1099753.32674369006417692 1767745.41333277989178896, 1099742.13740265998058021 1767742.85022991010919213, 1099739.74275809992104769 1767742.30169849004596472, 1099690.29813920008018613 1767730.9754944599699229, 1099618.49466980993747711 1767697.9133638700004667, 1099581.03176717995665967 1767683.04324866994284093, 1099561.85911751003004611 1767676.83238681009970605, 1099561.45690597989596426 1767676.70209547993727028, 1099542.95951169007457793 1767655.4160572299733758, 1099516.45740411011502147 1767643.71935282996855676, 1099488.41199439996853471 1767631.341318029910326, 1099487.0394858499057591 1767630.73546035005711019))",SA001,408303,2723063100,35803035,54000,1989-01-01,SA003,12,600,315.96,,0,0,20119006912.0,1,600-ST-89,IQT903,408303,SA003,,B,210,521,P0,2.0,1989-01-01,SS00201,,1989-01-01,ST,True
"MultiLineString ((1099488.41199439996853471 1767631.341318029910326, 1099489.50960288010537624 1767628.79648647992871702, 1099490.10251391003839672 1767627.41878194990567863))",SA001,408306,2723061000,35803035,54000,1989-01-01,SA003,12,600,4.27,,0,0,20119006912.0,1,600-ST-89,IQT903,408306,SA003,,B,240,520,P0,1.2,1989-01-01,SS00201,,1989-01-01,ST,True
"MultiLineString ((1099516.45740411011502147 1767643.71935282996855676, 1099517.69480864005163312 1767640.92672310001216829, 1099518.30156248994171619 1767639.55619337991811335))",SA001,408305,2723061000,35803035,54000,1989-01-01,SA003,12,600,4.55,,0,0,20119006912.0,1,600-ST-89,IQT903,408305,SA003,,B,240,520,P0,1.2,1989-01-01,SS00201,,1989-01-01,ST,True
"MultiLineString ((1099487.0394858499057591 1767630.73546035005711019, 1099474.04322191001847386 1767624.99950052006170154, 1099472.74173251003958285 1767621.23633337998762727, 1099478.03449174994602799 1767608.45721241994760931, 1099476.63811684004031122 1767607.91008456004783511))",SA001,408307,2723061000,35803035,54000,1989-01-01,SA003,12,500,33.53,,0,0,20119006912.0,1,500-ST-89,IQT903,408307,SA003,,B,240,520,P0,1.2,1989-01-01,SS00201,,1989-01-01,ST,True
"MultiLineString ((1099628.36350417998619378 1767759.69779384997673333, 1099627.70776849007233977 1767759.62876998004503548, 1099626.88615735992789268 1767759.54231994994916022, 1099626.80134646990336478 1767760.64481036993674934, 1099626.5657125199213624 1767763.71163762011565268, 1099631.24494673009030521 1767764.29687468009069562))",SA001,105328,2723061000,35803035,54000,2000-01-01,SA005,10,50,10.39,,0,0,20119006912.0,1,50-PFP-00,IQT903,105328,SA005,,B,240,520,P0,0.8,2000-01-01,SS00201,,2000-01-01,PFP,True
"MultiLineString ((1099533.03974564000964165 1767605.43580348999239504, 1099533.59886592999100685 1767604.04460963001474738, 1099534.87397458008490503 1767600.8715919500682503))",SA001,415695,2723063100,35803035,54000,1989-01-01,SA003,12,700,4.92,,0,0,20119006912.0,1,700-ST-89,IQT903,415695,SA003,,B,240,520,P0,1.2,1989-01-01,SS00201,,1989-01-01,ST,True
"MultiLineString ((1099803.68179728998802602 1767722.52453149994835258, 1099800.62860611011274159 1767719.22657722001895308, 1099799.35677471989765763 1767717.85246981005184352, 1099790.4582386699039489 1767708.23996035009622574, 1099790.19767960999161005 1767707.95853058993816376, 1099740.71331664989702404 1767654.50412129005417228, 1099680.68886900995858014 1767589.66308635007590055, 1099775.76576055004261434 1767500.02187320007942617, 1099776.85824811994098127 1767498.99366850010119379, 1099779.48737868992611766 1767496.50064627989195287, 1099779.99765861011110246 1767496.0195123499725014, 1099798.49977350002154708 1767478.68373213009908795, 1099807.97547308006323874 1767470.37200032011605799, 1099816.59224456991069019 1767462.86106425989419222, 1099826.82386070000939071 1767453.63016491010785103))",SA001,324765,2723063100,35803045,54000,1996-01-01,SA005,4,150,380.83,,0,0,20119006912.0,1,150-DTC-96,IQT903,324765,SA005,,B,210,521,P0,1.1,1996-01-01,SS00201,,1996-01-01,DTC,True
"MultiLineString ((1099748.35370088997296989 1767741.94707486010156572, 1099748.58590660989284515 1767740.8168076800648123, 1099748.73693041992373765 1767740.08824292989447713, 1099748.81450532004237175 1767739.92146611004136503, 1099748.9102101200260222 1767739.80993691994808614, 1099748.96700809989124537 1767739.7548290400300175, 1099749.00394503003917634 1767739.75539617007598281, 1099749.07980133011005819 1767739.70055284001864493, 1099749.30429286998696625 1767739.6669697801116854, 1099750.59046102990396321 1767739.96650478010997176, 1099751.30223560007289052 1767742.07595109008252621, 1099751.61759060993790627 1767742.04685129993595183, 1099751.84574398002587259 1767742.10024217003956437, 1099751.9338584600482136 1767742.15760307991877198, 1099752.03737311996519566 1767742.31817657989449799, 1099752.05147149995900691 1767742.31235708994790912, 1099752.14354852004908025 1767742.50475956010632217, 1099752.18988462002016604 1767742.74339979002252221, 1099752.18932569003663957 1767742.77980342996306717, 1099752.18828630005009472 1767742.84932724991813302, 1099752.18584543000906706 1767743.00830199988558888, 1099752.02452951995655894 1767743.16382674989290535, 1099751.72503387997858226 1767743.33022825000807643, 1099752.31723771011456847 1767744.7560007800348103, 1099752.54928858997300267 1767744.68353874003514647, 1099752.75917835999280214 1767744.68673328007571399, 1099752.83457465004175901 1767744.7258472100365907, 1099752.95190347009338439 1767744.76563304010778666, 1099753.17340688011609018 1767744.99797900998964906, 1099753.26417441992089152 1767745.14036123990081251, 1099753.28444633004255593 1767745.18957773991860449, 1099753.31983706005848944 1767745.36215977999381721, 1099753.32674369006417692 1767745.41333277989178896, 1099753.3620511400513351 1767745.67179249995388091, 1099753.25291404989548028 1767745.88106630998663604, 1099752.93058538995683193 1767746.165056929923594, 1099753.94451157003641129 1767749.70691171009093523, 1099762.90095811989158392 1767751.21405531000345945, 1099766.40362073993310332 1767754.73480118997395039, 1099750.55606793006882071 1767783.90121846995316446, 1099750.33691324992105365 1767784.305799680063501, 1099750.76589652011170983 1767784.69829412992112339, 1099750.80503960000351071 1767784.9537807300221175, 1099750.80498002003878355 1767784.95400440995581448, 1099750.75945788994431496 1767785.12312626000493765, 1099750.62925413995981216 1767785.33311534998938441, 1099750.32749970001168549 1767785.58446270995773375, 1099749.81897131004370749 1767785.4907196699641645, 1099747.22350181010551751 1767790.15032032993622124, 1099747.5848259199410677 1767790.7147129699587822, 1099747.41609741002321243 1767790.97818143991753459, 1099747.22326692007482052 1767791.27915194001980126, 1099746.55980002996511757 1767791.18704458000138402, 1099746.25586904003284872 1767792.43221301003359258, 1099745.46892936993390322 1767795.65161027992144227, 1099745.17676540999673307 1767796.84898056997917593, 1099745.57256537000648677 1767797.05494593991898, 1099745.66948792990297079 1767797.25539588998071849, 1099745.7179136099293828 1767797.35611162008717656, 1099745.71549991006031632 1767797.51514293998479843, 1099745.7133805500343442 1767797.65500409994274378, 1099745.55888244998641312 1767797.95159400999546051, 1099745.40842084004543722 1767798.04928409005515277, 1099744.9161822700407356 1767798.20377049990929663, 1099744.26543806004337966 1767800.9728713498916477, 1099742.57263068994507194 1767808.17632136004976928, 1099742.26629038993269205 1767809.51440642005763948))",SA001,7238,2723061000,35803035,54000,2002-10-14,SA005,4,300,92.75,,0,0,2002200000000.0,1,300-DTC-02,IQT903,7238,SA005,,B,240,520,P0,1.2,2002-10-14,SS00201,,2002-10-14,DTC,True
"MultiLineString ((1099744.9140820000320673 1767730.01784140011295676, 1099742.26471907994709909 1767739.78569682990200818, 1099742.53819385007955134 1767740.0798178999684751, 1099742.67337843007408082 1767740.45783501002006233, 1099742.6576286400668323 1767740.71017669001594186, 1099742.6482634199783206 1767740.85935953003354371, 1099742.46784624992869794 1767741.21855000010691583, 1099742.15895423991605639 1767741.47582376003265381, 1099741.77429576008580625 1767741.59192821988835931, 1099741.67255941010080278 1767741.96830095001496375, 1099741.94606224005110562 1767742.26242244988679886, 1099742.11292490991763771 1767742.65987601992674172, 1099742.13740265998058021 1767742.85022991010919213, 1099742.1433487799949944 1767742.89630673010833561, 1099742.17372951004654169 1767743.13371937000192702, 1099742.10959439002908766 1767743.2077488899230957, 1099742.06764410994946957 1767743.40205197990871966, 1099742.0001534300390631 1767743.43498552008531988, 1099741.79470178997144103 1767743.59985509002581239, 1099741.48821987002156675 1767743.76415605004876852, 1099740.33734245994128287 1767750.66143991006538272, 1099737.83484111004509032 1767770.74513770011253655, 1099736.60002982011064887 1767780.65517789009027183, 1099733.94399157003499568 1767781.73548387992195785, 1099733.0800403100438416 1767781.61637910990975797, 1099732.91657570004463196 1767781.2499435399658978, 1099732.62085699010640383 1767780.9765365500934422, 1099732.24191705998964608 1767780.84270000993274152, 1099732.02718122000806034 1767780.85708970995619893, 1099731.84057550993748009 1767780.86966538010165095, 1099731.48288809997029603 1767781.05213016993366182, 1099731.22623354010283947 1767781.36116059008054435, 1099728.70595669001340866 1767781.01378863002173603))",SA001,226116,2723063100,35803035,54000,1982-01-01,SA005,12,400,62.0,,0,0,20119006912.0,1,400-ST-82,IQT903,226116,SA005,,B,210,521,P0,1.2,1982-01-01,SS00201,,1982-01-01,ST,True
"MultiLineString ((1099742.45053163007833064 1767729.36036300007253885, 1099739.8966996599920094 1767739.28765859990380704, 1099740.17424928001128137 1767739.57785569992847741, 1099740.31452961009927094 1767739.95494037005119026, 1099740.30230830004438758 1767740.19871745002456009, 1099740.29435362992808223 1767740.35659687011502683, 1099740.1178784801159054 1767740.71685852995142341, 1099739.8139623599126935 1767740.97917782003059983, 1099739.43023760989308357 1767741.10029382002539933, 1099739.33245669002644718 1767741.47869247989729047, 1099739.60990616003982723 1767741.76992677990347147, 1099739.75020285998471081 1767742.14594489010050893, 1099739.74275809992104769 1767742.30169849004596472, 1099739.7310653799213469 1767742.54761732998304069, 1099739.55457513988949358 1767742.90886136004701257, 1099739.24964859010651708 1767743.17116513010114431, 1099738.86593892006203532 1767743.29129876010119915, 1099736.79996776999905705 1767751.32141921995207667, 1099690.10909080994315445 1767746.86479973001405597, 1099689.96419176994822919 1767747.84539612010121346, 1099689.59482850995846093 1767748.0057276498991996, 1099689.31936091999523342 1767748.29852306004613638, 1099689.18169555999338627 1767748.67633733991533518, 1099689.18891887995414436 1767748.80379276000894606, 1099689.20453415997326374 1767749.07767162006348372, 1099689.38301085005514324 1767749.43729099002666771, 1099689.69003083999268711 1767749.69689047988504171, 1099687.14315177989192307 1767766.91307981009595096, 1099685.85056651988998055 1767766.80112216994166374, 1099681.99316370999440551 1767766.4671338798943907, 1099679.99687934992834926 1767766.29428736004047096))",SA001,243877,2723061000,35803035,54000,1982-01-01,SA005,12,500,99.0,,0,0,20119006912.0,1,500-ST-82,IQT903,243877,SA005,,B,210,521,P0,1.2,1982-01-01,SS00201,,1982-01-01,ST,True
"MultiLineString ((1099413.0746913100592792 1767399.46786232991144061, 1099414.64269030001014471 1767398.92287209001369774, 1099421.47830391000024974 1767396.44297292991541326, 1099503.36378510994836688 1767363.96172096999362111, 1099512.87982873991131783 1767363.4555133399553597, 1099516.97617898997850716 1767363.79799350001849234, 1099523.0999237799551338 1767365.66253437008708715, 1099549.86579519999213517 1767378.49507399997673929))",SA001,308757,2723063100,35803045,54000,2004-12-01,SA005,4,100,144.0,,0,0,2004540000000.0,1,100-DTC-04,IQT903,308757,SA005,,B,243,520,P0,1.0,2004-12-01,SS00201,,2004-12-01,DTC,True
"MultiLineString ((1099532.51247390010394156 1767366.54325833008624613, 1099531.06782764010131359 1767366.14131996990181506, 1099529.23790386994369328 1767365.63251188001595438, 1099516.83222246007062495 1767362.56315886997617781, 1099513.17275826004333794 1767361.65773306996561587, 1099504.39584608003497124 1767361.84061614004895091, 1099492.44740720000118017 1767365.93233939004130661, 1099491.1587374301161617 1767366.37364513007923961, 1099481.00018727988936007 1767370.76946220989339054, 1099443.5559959199745208 1767385.01396518992260098, 1099419.44407456996850669 1767393.59056958998553455, 1099413.230458710109815 1767395.80070830998010933, 1099411.47744585992768407 1767396.41186438989825547))",SA001,310508,2723063100,35803045,54000,1988-01-01,SA005,9,50,127.93,,0,0,20119006912.0,1,50-PE-88,IQT903,310508,SA005,,B,243,520,P0,0.8,1988-01-01,SS00201,,1988-01-01,PE,True
"MultiLineString ((1099530.15044923010282218 1767313.20576601009815931, 1099528.81818934995681047 1767313.89334321999922395, 1099526.68381520011462271 1767314.99465967994183302, 1099523.40765516995452344 1767316.68541052006185055, 1099517.12035054992884398 1767319.9300764799118042, 1099502.75695441011339426 1767327.34191945008933544, 1099498.49720900994725525 1767329.53966488991864026, 1099486.47084944997914135 1767335.74631150998175144, 1099480.41226093005388975 1767338.87242154008708894, 1099477.06149943009950221 1767340.60214452003128827, 1099469.97807865007780492 1767344.25758053991012275, 1099467.25821445998735726 1767345.66085728001780808, 1099460.25036332011222839 1767349.27646495006047189, 1099457.26039687008596957 1767350.82059791008941829, 1099449.18834883999079466 1767354.98595465999096632, 1099445.81242520990781486 1767356.72716634999960661, 1099434.65067583997733891 1767362.48706152010709047, 1099430.05332231009379029 1767364.85963432001881301, 1099426.52019347995519638 1767366.68248631991446018, 1099421.4381675599142909 1767369.30559148988686502, 1099419.2704831101000309 1767370.42433513002470136, 1099417.59127728990279138 1767371.31161091011017561))",SA001,106662,2723063100,35803045,54000,1997-01-01,SA005,10,80,126.71,,0,0,20119006912.0,1,80-PFP-97,IQT903,106662,SA005,,B,243,520,P0,1.0,1997-01-01,SS00201,,1997-01-01,PFP,True
"MultiLineString ((1099421.47830391000024974 1767396.44297292991541326, 1099421.01305267005227506 1767395.11946072010323405))",SA001,310513,2723063100,35803045,54000,1989-01-01,SA005,13,25,1.4,,0,0,20119006912.0,1,25-STS-89,IQT903,310513,SA005,,B,243,520,P0,0.8,1989-01-01,SS00201,,1989-01-01,STS,True
"MultiLineString ((1099644.65906968992203474 1767370.64304949995130301, 1099644.52793457009829581 1767369.67025908990763128, 1099645.37308740988373756 1767367.48454861994832754, 1099644.61384011991322041 1767361.92793239001184702, 1099644.28097547008655965 1767359.49331040005199611, 1099644.0893833099398762 1767358.09165705996565521, 1099643.83847031998448074 1767356.25113574997521937, 1099643.37062656995840371 1767352.8326031300239265, 1099643.93109147995710373 1767350.7978564000222832, 1099642.89504279009997845 1767346.88999848999083042, 1099642.03156793001107872 1767343.00578952999785542, 1099641.37522410997189581 1767340.15294942003674805, 1099641.14306675991974771 1767339.60696395998820662, 1099639.46771192993037403 1767336.39403738011606038, 1099638.42951598996296525 1767335.33059462998062372))",SA001,211680,2723063100,35803045,54000,1997-01-01,SA005,10,80,36.89,,0,0,20119006912.0,1,80-PFP-97,IQT903,211680,SA005,,B,243,520,P0,1.0,1997-01-01,SS00201,,1997-01-01,PFP,True
"MultiLineString ((1099586.79681440000422299 1767393.14972419990226626, 1099587.89796190010383725 1767391.13469270011410117, 1099588.92415870004333556 1767389.59856320009566844, 1099589.1502708001062274 1767389.26009109988808632, 1099588.78472370002418756 1767388.0527639000210911, 1099595.57002030010335147 1767378.30486489995382726, 1099606.98180470010265708 1767361.90964660001918674, 1099613.22304120007902384 1767362.84345169994048774, 1099614.07932969997636974 1767362.97158979997038841, 1099614.71030679997056723 1767368.02528050006367266, 1099615.17000599997118115 1767371.71463169995695353, 1099616.2839285999070853 1767380.34056819998659194, 1099616.5012733000330627 1767382.37801970005966723, 1099617.4911823000293225 1767391.09601669991388917, 1099617.79962370009161532 1767392.77897040010429919, 1099619.05908189993351698 1767402.60450519993901253, 1099619.09975500009022653 1767403.19190809992142022, 1099620.45195359992794693 1767413.47748659993521869, 1099621.70558650000020862 1767423.67325869994238019, 1099622.22659209999255836 1767428.23713560006581247, 1099621.96512509998865426 1767428.99497039988636971, 1099621.30502859991975129 1767430.91058450005948544, 1099620.52244250010699034 1767432.91202070005238056))",SA001,4156,2723063100,35803045,54000,1996-01-01,SA005,10,40,115.0,,0,0,20119006912.0,1,40-PFP-96,IQT903,4156,SA005,,B,243,520,P0,0.8,1996-01-01,SS00201,,1996-01-01,PFP,True
"MultiLineString ((1099549.86579519999213517 1767378.49507399997673929, 1099583.0974938899744302 1767393.91108319000340998, 1099584.16550099011510611 1767395.01313643995672464, 1099585.6849129400216043 1767395.03629503003321588, 1099586.96532485005445778 1767396.50253089005127549, 1099586.58034732006490231 1767398.01638794993050396, 1099640.58799813990481198 1767460.75007632002234459, 1099641.72959981998428702 1767462.07625314011238515, 1099649.28704625996761024 1767461.36749040009453893, 1099652.51004855008795857 1767461.06565247010439634, 1099653.34034356009215117 1767459.46556613990105689, 1099653.97473409003578126 1767459.29928074008785188, 1099657.27138674003072083 1767458.43164345994591713, 1099658.98448231001384556 1767459.3215905399993062, 1099662.19330871989950538 1767458.44364920002408326, 1099678.75645720004104078 1767453.91075919009745121, 1099684.03928680997341871 1767451.75864848005585372, 1099685.87434068997390568 1767451.01174966990947723))",SA001,308758,2723063100,35803045,54000,2004-12-01,SA005,4,100,174.0,,0,0,2004540000000.0,1,100-DTC-04,IQT903,308758,SA005,,B,243,520,P0,1.0,2004-12-01,SS00201,,2004-12-01,DTC,True
"MultiLineString ((1099651.50013113999739289 1767456.74499940988607705, 1099653.51820655004121363 1767456.12387553998269141, 1099655.08828760008327663 1767455.64084874000400305))",SA001,308847,2723063100,35803045,54000,2004-12-01,SA005,4,100,4.0,,0,0,2004540000000.0,1,100-DTC-04,IQT903,308847,SA005,,B,243,520,P0,1.0,2004-12-01,SS00201,,2004-12-01,DTC,True
"MultiLineString ((1099580.61610281001776457 1767338.58398500992916524, 1099580.59045345010235906 1767341.05928438995033503, 1099580.58982115006074309 1767344.80712108011357486, 1099580.58862490998581052 1767352.12278387998230755, 1099580.51750023011118174 1767357.39374151010997593, 1099580.43840719992294908 1767363.25503287999890745, 1099580.37992099998518825 1767368.94623037008568645, 1099580.32637984002940357 1767374.1544033600948751, 1099579.73948232992552221 1767387.7524970299564302))",SA001,106307,2723063100,35803045,54000,1994-01-01,SA005,10,50,49.2,,0,0,20119006912.0,1,50-PFP-94,IQT903,106307,SA005,,B,243,520,P0,0.8,1994-01-01,SS00201,,1994-01-01,PFP,True
"MultiLineString ((1099584.33968369988724589 1767388.82989039993844926, 1099585.16736730001866817 1767391.02741959993727505, 1099586.79681440000422299 1767393.14972419990226626, 1099591.3273120999801904 1767398.46746259997598827, 1099614.1469937777146697 1767425.37565268599428236, 1099614.3839797000400722 1767425.65509840007871389, 1099620.52244250010699034 1767432.91202070005238056, 1099624.67177610006183386 1767437.89519160008057952, 1099640.40934629994444549 1767455.47926940000616014, 1099641.63589109992608428 1767456.93771629990078509, 1099643.53617320000194013 1767459.19623390003107488, 1099651.50013109995052218 1767456.74499940010719001))",SA001,308845,2723063100,35803045,54000,1996-01-01,SA005,10,80,100.0,,0,0,20119006912.0,1,80-PFP-96,IQT903,308845,SA005,,B,243,520,P0,1.0,1996-01-01,SS00201,,1996-01-01,PFP,True
"MultiLineString ((1099751.01855491008609533 1767768.44199385005049407, 1099746.11858838004991412 1767774.92817625007592142, 1099744.84427964990027249 1767775.22576475003734231, 1099741.68363317009061575 1767774.71364724007435143, 1099740.33024542010389268 1767774.62504016002640128))",SA001,214924,2723061000,35803035,54000,1982-01-01,SA005,12,100,14.0,,0,0,20119006912.0,1,100-ST-82,IQT903,214924,SA005,,B,240,520,P0,1.0,1982-01-01,SS00201,,1982-01-01,ST,True
"MultiLineString ((1099610.79714453988708556 1767314.12524444004520774, 1099610.74928581994026899 1767315.62423233990557492, 1099610.689338109921664 1767317.52297939988784492, 1099610.51832548994570971 1767322.28378412988968194, 1099610.34769721003249288 1767327.0341792399995029, 1099610.26898582000285387 1767330.26849189004860818, 1099609.99502369994297624 1767338.30447812005877495, 1099609.89336537988856435 1767343.19071621005423367, 1099609.65979125001467764 1767349.93453461001627147, 1099609.37870914000086486 1767351.19103066995739937, 1099608.38408727990463376 1767355.63708464009687304, 1099606.98180472990497947 1767361.9096465699840337))",SA001,211679,2723063100,35803045,54000,1993-01-01,SA005,10,40,48.11,,0,0,20119006912.0,1,40-PFP-93,IQT903,211679,SA005,,B,243,520,P0,0.8,1993-01-01,SS00201,,1993-01-01,PFP,True
"MultiLineString ((1099679.81908834003843367 1767767.59231885010376573, 1099681.95812255004420877 1767767.83512824005447328, 1099685.80664837011136115 1767768.27187214000150561, 1099688.51953015010803938 1767768.57978108990937471, 1099690.59258874994702637 1767750.43553952011279762, 1099690.76326321996748447 1767748.9464100101031363))",SA001,175745,2723061000,35803035,54000,1982-01-01,SA005,12,600,29.0,,0,0,20119006912.0,1,600-ST-82,IQT903,175745,SA005,,B,240,520,P0,1.2,1982-01-01,SS00201,,1982-01-01,ST,True
"MultiLineString ((1099656.02649385994300246 1767455.35224824002943933, 1099655.8271972700022161 1767453.86546785989776254, 1099655.64037231006659567 1767452.47882305993698537, 1099654.97328301006928086 1767447.50259515992365777, 1099653.46837884001433849 1767436.29063711990602314, 1099652.93950005993247032 1767432.34929620008915663, 1099651.9572369500529021 1767425.02962207002565265, 1099651.69321619998663664 1767423.060937280068174, 1099650.83064243011176586 1767416.74456304009072483, 1099650.35621441993862391 1767413.10029692994430661, 1099649.45746939000673592 1767406.3988353400491178, 1099648.98152450006455183 1767402.85519192996434867, 1099648.22915019001811743 1767397.24775446997955441, 1099647.63468476990237832 1767392.81848813989199698, 1099646.91927235992625356 1767387.76953643001616001, 1099646.39375856006518006 1767383.57423215010203421, 1099645.64369413000531495 1767378.17106994008645415, 1099645.0819431699346751 1767373.79794896999374032, 1099644.76772568002343178 1767371.45255224988795817, 1099644.65906968992203474 1767370.64304949995130301))",SA001,37782,2723063100,35803045,54000,1990-01-01,SA005,4,80,85.49,,0,0,20119006912.0,1,80-DTC-90,IQT903,37782,SA005,,B,243,520,P0,1.0,1990-01-01,SS00201,,1990-01-01,DTC,True
"MultiLineString ((1099550.15971000003628433 1767374.1937380600720644, 1099548.93110659997910261 1767373.66117457998916507, 1099535.63134754006750882 1767367.894512590020895, 1099533.88814067002385855 1767367.13911280990578234, 1099532.51247390010394156 1767366.54325833008624613))",SA001,3661,2723063100,35803045,54000,1992-01-01,SA005,10,50,19.24,,0,0,20119006912.0,1,50-PFP-92,IQT903,3661,SA005,,B,243,520,P0,0.8,1992-01-01,SS00201,,1992-01-01,PFP,True
"MultiLineString ((1099722.77052848995663226 1767754.07014236995019019, 1099722.85831749998033047 1767752.96567599009722471, 1099722.94714501011185348 1767751.86122555006295443, 1099700.59297599992714822 1767749.83602200006134808, 1099690.76326321996748447 1767748.9464100101031363, 1099689.18891887995414436 1767748.80379276000894606, 1099686.68518001004122198 1767748.57697292999364436, 1099630.06705425004474819 1767743.4475500900298357, 1099624.44257889990694821 1767742.93803068995475769, 1099622.05628242995589972 1767742.72168907010927796, 1099621.85048031993210316 1767745.20413296995684505, 1099621.72674279008060694 1767746.69895193004049361))",SA001,175746,2723061000,35803035,54000,1982-01-01,SA005,12,800,108.0,,0,0,20119006912.0,1,800-ST-82,IQT903,175746,SA005,,B,240,520,P0,1.2,1982-01-01,SS00201,,1982-01-01,ST,True
"MultiLineString ((1099653.97473409003578126 1767459.29928074008785188, 1099653.71994576998986304 1767458.36951051000505686, 1099653.48507598997093737 1767457.51014732010662556, 1099653.7640473700594157 1767456.98545657005161047, 1099653.51820655004121363 1767456.12387553998269141))",SA001,308844,2723063100,35803045,54000,2004-12-01,SA005,4,100,3.0,,0,0,2004540000000.0,1,100-DTC-04,IQT903,308844,SA005,,B,243,520,P0,1.0,2004-12-01,SS00201,,2004-12-01,DTC,True
"MultiLineString ((1099580.62436911999247968 1767337.71639528009109199, 1099564.06818577996455133 1767337.61763544008135796, 1099562.83202391001395881 1767337.6103080699685961, 1099551.06699079996906221 1767337.54010136006399989, 1099550.49317792011424899 1767347.24866173998452723, 1099550.09477715007960796 1767353.9743951999116689, 1099549.74600764992646873 1767359.8720006300136447, 1099549.43072461988776922 1767365.21225827001035213, 1099548.93110659997910261 1767373.66117457998916507))",SA001,72675,2723063100,35803045,54000,1994-01-01,SA005,10,40,65.76,,0,0,20119006912.0,1,40-PFP-94,IQT903,72675,SA005,,B,243,520,P0,0.8,1994-01-01,SS00201,,1994-01-01,PFP,True
"MultiLineString ((1099677.32373038004152477 1767314.26171708991751075, 1099677.29290824010968208 1767315.76099495007656515, 1099677.15453390008769929 1767322.54872460011392832, 1099677.14142929995432496 1767322.9085748300421983, 1099677.13374209008179605 1767323.11853595008142292, 1099676.83235047990456223 1767331.37403602991253138, 1099676.76496206992305815 1767332.08788249990902841, 1099676.65179856005124748 1767333.82486367993988097, 1099675.59416344994679093 1767341.2854837600607425, 1099675.33183238003402948 1767342.30624830001033843, 1099674.47371713002212346 1767346.29266287991777062, 1099673.1845919699408114 1767355.90127828996628523, 1099673.15033490001223981 1767356.4813826500903815, 1099672.77428170992061496 1767362.84682097006589174, 1099672.77676154999062419 1767364.05859702010639012, 1099672.77915977011434734 1767365.67433125991374254, 1099673.08358360989950597 1767375.19865228002890944, 1099672.61613238998688757 1767385.08341476996429265, 1099672.61750252009369433 1767385.71830542990937829))",SA001,177622,2723063100,35803045,54000,1992-01-01,SA005,10,50,71.81,,0,0,20119006912.0,1,50-PFP-92,IQT903,177622,SA005,,B,243,520,P0,0.8,1992-01-01,SS00201,,1992-01-01,PFP,True
"MultiLineString ((1099581.06040075002238154 1767314.14805252989754081, 1099581.04459433001466095 1767315.64758851006627083, 1099581.02568226004950702 1767317.54690923006273806, 1099581.00517128990031779 1767318.57753423997201025, 1099580.84655385999940336 1767326.55032686004415154, 1099580.77057302999310195 1767330.3693258399143815, 1099580.62436911999247968 1767337.71639528009109199, 1099580.61610281001776457 1767338.58398500992916524))",SA001,38251,2723063100,35803045,54000,1994-01-01,SA005,10,50,24.45,,0,0,20119006912.0,1,50-PFP-94,IQT903,38251,SA005,,B,243,520,P0,0.8,1994-01-01,SS00201,,1994-01-01,PFP,True
"MultiLineString ((1099585.13179226010106504 1767314.1450330400839448, 1099585.1069476599805057 1767315.64445835002698004, 1099585.07604987011291087 1767317.54365123994648457, 1099584.69422687008045614 1767326.52506321994587779, 1099584.53462641010992229 1767330.27919046999886632, 1099584.2494655700866133 1767344.7353436800185591, 1099584.11754151992499828 1767357.24892665003426373, 1099583.8583379399497062 1767368.89879062003456056, 1099583.29097040998749435 1767386.78930479008704424, 1099583.8091006800532341 1767388.21789703005924821, 1099584.33968368009664118 1767388.82989035011269152))",SA001,143369,2723063100,35803045,54000,1994-01-01,SA005,10,50,75.02,,0,0,20119006912.0,1,50-PFP-94,IQT903,143369,SA005,,B,243,520,P0,0.8,1994-01-01,SS00201,,1994-01-01,PFP,True
"MultiLineString ((1099655.08828760008327663 1767455.64084874000400305, 1099656.02649385994300246 1767455.35224824002943933, 1099660.17425865004770458 1767454.99562972993589938, 1099669.36168358009308577 1767452.16811877000145614, 1099672.24294603010639548 1767451.28615895006805658, 1099673.70325588993728161 1767450.83246877999044955, 1099680.93692155997268856 1767448.60609755991026759, 1099682.64887130004353821 1767449.63286064006388187, 1099684.41017282009124756 1767450.38550705998204648))",SA001,308849,2723063100,35803045,54000,1996-01-01,SA005,10,80,30.79,,0,0,20119006912.0,1,80-PFP-96,IQT903,308849,SA005,,B,243,520,P0,1.0,1996-01-01,SS00201,,1996-01-01,PFP,True
"MultiLineString ((1099579.73948229989036918 1767387.75249699992127717, 1099562.85487783211283386 1767380.45566763775423169, 1099548.93110659997910261 1767373.66117460001260042))",SA001,72676,2723063100,35803045,54000,1992-01-01,SA005,10,50,33.0,,0,0,20119006912.0,1,50-PFP-92,IQT903,72676,SA005,,B,243,520,P0,0.8,1992-01-01,SS00201,,1992-01-01,PFP,True
"MultiLineString ((1099489.03856284008361399 1767544.85622254991903901, 1099490.02755782008171082 1767542.61269955988973379, 1099453.79522990994155407 1767477.15930911991745234, 1099424.65795273007825017 1767431.16295782988891006, 1099415.9822920800652355 1767411.61429004999808967, 1099411.66025483002886176 1767401.68624035990796983))",SA001,5002,2723063100,35803045,54000,2001-01-01,SA004,4,400,163.98,,0,0,20119006912.0,1,400-DTC-01,IQT903,5002,SA004,,B,243,520,P0,1.2,2001-01-01,SS00201,,2001-01-01,DTC,True
"MultiLineString ((1099772.75866822991520166 1767748.10080141993239522, 1099765.1635391500312835 1767745.63552794000133872, 1099763.94587272009812295 1767745.36702790996059775))",SA001,210306,2723063100,35803035,54000,1989-01-01,SA003,12,800,9.0,,0,0,20119006912.0,1,800-ST-89,IQT903,210306,SA003,,B,210,521,P0,1.2,1989-01-01,SS00201,,1989-01-01,ST,True
"MultiLineString ((1099766.18521228991448879 1767763.48896814999170601, 1099751.28536438010632992 1767784.99012819002382457, 1099750.80498002003878355 1767784.95400440995581448, 1099741.90564265009015799 1767784.28575133997946978, 1099740.17248742002993822 1767784.15560291009023786, 1099736.62334166001528502 1767783.88906507007777691, 1099735.65382237010635436 1767783.81626205006614327, 1099735.16836211993359029 1767783.77977958996780217, 1099733.74417234002612531 1767783.67281975992955267, 1099732.31019559991545975 1767783.56514817010611296, 1099730.79242965998128057 1767783.45119288004934788, 1099729.29474255000241101 1767783.38440169999375939, 1099727.54736738000065088 1767783.26433817995712161, 1099724.37658736994490027 1767783.04653520998544991))",SA001,199046,2723061000,35803035,54000,1978-01-01,SA003,3,600,53.15,,0,0,20119006912.0,1,600-DT-78,IQT903,199046,SA003,,B,210,521,P0,1.2,1978-01-01,SS00201,,1978-01-01,DT,True
"MultiLineString ((1099491.0593672099057585 1767545.89682348002679646, 1099491.73452308005653322 1767544.69727682997472584, 1099492.63248984003439546 1767542.85131825995631516, 1099493.55936378007754683 1767540.94378764997236431, 1099469.53083562990650535 1767500.36896197008900344, 1099467.7713541800621897 1767497.3986530399415642, 1099430.64888173993676901 1767434.72226283000782132, 1099413.95223801000975072 1767401.20657644001767039))",SA001,324623,2723063100,35803045,54000,2004-12-01,SA005,4,200,166.5,,0,0,2004540000000.0,1,200-DTC-04,IQT903,324623,SA005,,B,243,520,P0,1.3,2004-12-01,SS00201,,2004-12-01,DTC,True
"MultiLineString ((1099412.31802214006893337 1767370.60035978001542389, 1099415.06124424003064632 1767369.37442166008986533, 1099416.386617680080235 1767368.67273022001609206))",SA001,143234,2723063100,35803045,54000,1995-01-01,SA005,4,200,4.51,,0,0,20119006912.0,1,200-DTC-95,IQT903,143234,SA005,,B,243,520,P0,1.3,1995-01-01,SS00201,,1995-01-01,DTC,True
"MultiLineString ((1099700.59297599992714822 1767749.83602200006134808, 1099700.48992606997489929 1767750.95620013005100191, 1099700.48992563993670046 1767750.95622819010168314, 1099700.38587951008230448 1767752.07546457997523248))",SA001,141944,2723061000,35803035,54000,1982-01-01,SA005,12,600,2.0,,0,0,20119006912.0,1,600-ST-82,IQT903,141944,SA005,,B,240,520,P0,1.2,1982-01-01,SS00201,,1982-01-01,ST,True
"MultiLineString ((1099941.1057048300281167 1767419.52606337005272508, 1099940.07853691000491381 1767418.43364755995571613, 1099938.77784847002476454 1767417.05005788989365101, 1099933.66365907993167639 1767411.58033831999637187, 1099926.83448470011353493 1767404.31960065010935068, 1099918.23136653006076813 1767395.17112269997596741, 1099909.47578267008066177 1767385.86137642990797758, 1099901.66956983995623887 1767377.56197005999274552, 1099893.740453050006181 1767369.13058136007748544, 1099885.94606996001675725 1767360.84328900999389589, 1099878.20976321003399789 1767352.61693942989222705, 1099870.0306952300015837 1767343.92082110000774264, 1099863.10609671007841825 1767336.55766670010052621, 1099855.55965886008925736 1767328.53409356996417046, 1099849.11518506007269025 1767321.68114798003807664, 1099847.81351421005092561 1767320.29754407005384564, 1099846.78634668001905084 1767319.2051008699927479))",SA001,72433,2723063000,35803045,54000,1997-01-01,SA005,10,50,137.74,,0,0,20119006912.0,1,50-PFP-97,IQT903,72433,SA005,,B,480,520,P0,0.8,1997-01-01,SS00201,,1997-01-01,PFP,True
"MultiLineString ((1099876.23774911998771131 1767311.9440600099042058, 1099877.25786380004137754 1767313.04240289004519582, 1099877.63943541003391147 1767313.4528663600794971, 1099877.7542703200597316 1767313.57647138996981084, 1099878.39160858001559973 1767314.26236712001264095, 1099878.96672233007848263 1767314.881389319896698, 1099879.53186700004152954 1767315.48961836006492376, 1099880.07657387992367148 1767316.07588840997777879, 1099880.65626972005702555 1767316.70000625005923212, 1099881.35102113010361791 1767317.44798518996685743, 1099881.68158224993385375 1767317.80356653989292681, 1099882.37208924000151455 1767318.54639888997189701, 1099883.3931301599368453 1767319.64475604007020593, 1099920.86514988006092608 1767359.97542298003099859, 1099922.93387176003307104 1767362.20154748996719718, 1099931.91793620004318655 1767371.87078221002593637, 1099933.67287677992135286 1767373.76016814005561173, 1099936.32002576999366283 1767376.60893158009275794, 1099943.07755914004519582 1767383.88224109006114304, 1099945.04444659990258515 1767385.99925020011141896, 1099947.20660216989926994 1767388.32577111991122365, 1099953.97147349989973009 1767395.60753184999339283, 1099959.18795638997107744 1767401.2497658699285239, 1099960.20908146002329886 1767402.34812487009912729))",SA001,116631,2723063000,35803045,54000,1990-01-01,SA005,4,80,123.42,,0,0,20119006912.0,1,80-DTC-90,IQT903,116631,SA005,,B,480,520,P0,1.0,1990-01-01,SS00201,,1990-01-01,DTC,True
"MultiLineString ((1099844.93893857998773456 1767320.95964698004536331, 1099845.96305633010342717 1767322.0550753700081259, 1099847.25972608011215925 1767323.4425890299025923, 1099852.78766221995465457 1767329.35372345009818673, 1099859.74707389995455742 1767336.79543012008070946, 1099867.32826115004718304 1767344.90353506989777088, 1099874.68603229988366365 1767352.77219059993512928, 1099881.83924768003635108 1767360.42187157995067537, 1099888.23856937000527978 1767367.26623670989647508, 1099888.86155401007272303 1767367.93251293990761042, 1099897.42456603003665805 1767377.08935722010210156, 1099904.02387596992775798 1767384.14664810011163354, 1099912.31727798003703356 1767393.01543963002040982, 1099923.53358539007604122 1767405.0101662699598819, 1099930.92189236008562148 1767412.9123088400810957, 1099936.63475256995297968 1767419.0520584499463439, 1099937.93237699009478092 1767420.43955954001285136, 1099938.95649426989257336 1767421.53501666989177465))",SA001,3903,2723063000,35803045,54000,1997-01-01,SA005,10,50,137.72,,0,0,20119006912.0,1,50-PFP-97,IQT903,3903,SA005,,B,480,520,P0,0.8,1997-01-01,SS00201,,1997-01-01,PFP,True
"MultiLineString ((1099826.82386070000939071 1767453.63016491010785103, 1099827.65669212001375854 1767452.8450263598933816, 1099827.61830453993752599 1767449.91444508009590209, 1099827.29078139993362129 1767449.55848916992545128))",SA001,324766,2723063100,35803045,54000,2006-07-18,SA005,4,80,4.0,,0,0,2006540000000.0,1,80-DTC-06,IQT903,324766,SA005,,B,243,520,P0,1.0,2006-07-18,SS00201,,2006-07-18,DTC,True
"MultiLineString ((1099771.70891780010424554 1767389.32634710008278489, 1099770.79690760001540184 1767390.51625100011005998, 1099769.6401619000826031 1767392.02334180008620024, 1099766.05770880007185042 1767396.69294769992120564, 1099763.93182220007292926 1767399.46306869992986321, 1099763.3065291999373585 1767400.27840090007521212, 1099761.17358710011467338 1767403.05641459999606013, 1099757.91140610002912581 1767407.30898219998925924, 1099751.18089880002662539 1767416.0808574000839144, 1099747.69128699996508658 1767420.62794049992226064, 1099744.75039279996417463 1767424.46137970010749996, 1099739.48281989991664886 1767431.32493979996070266, 1099737.92817030008882284 1767433.35189129994250834, 1099733.5561132999137044 1767439.05028029996901751, 1099731.34769099997356534 1767441.92811760003678501, 1099724.85289620002731681 1767450.39266039989888668, 1099722.43426169990561903 1767453.5443061999976635, 1099721.27751590008847415 1767455.05139650008641183, 1099720.31178570003248751 1767456.66555309994146228))",SA001,38252,2723063100,35803045,54000,1993-01-01,SA005,10,40,84.0,,0,0,20119006912.0,1,40-PFP-93,IQT903,38252,SA005,,B,243,520,P0,0.8,1993-01-01,SS00201,,1993-01-01,PFP,True
"MultiLineString ((1099687.41004295996390283 1767451.66898955008946359, 1099688.19877965003252029 1767452.0059453200083226, 1099688.76677001011557877 1767451.27676367992535233, 1099691.1276284100022167 1767448.24026177008636296, 1099692.40135294990614057 1767446.60192403011023998, 1099693.00458777998574078 1767445.82628728006966412, 1099700.3544752299785614 1767436.37548843002878129, 1099701.29396852990612388 1767435.16739370999857783, 1099701.97519599995575845 1767434.29101694002747536, 1099702.21590822003781796 1767433.9817134200129658))",SA001,211678,2723063100,35803045,54000,1988-01-01,SA005,4,80,23.7,,0,0,20119006912.0,1,80-DTC-88,IQT903,211678,SA005,,B,243,520,P0,1.0,1988-01-01,SS00201,,1988-01-01,DTC,True
"MultiLineString ((1099684.41017282009124756 1767450.38550705998204648, 1099685.87434068997390568 1767451.01174966990947723, 1099687.41004295996390283 1767451.66898955008946359))",SA001,308850,2723063100,35803045,54000,2004-12-01,SA005,4,100,3.0,,0,0,2004540000000.0,1,100-DTC-04,IQT903,308850,SA005,,B,243,520,P0,1.0,2004-12-01,SS00201,,2004-12-01,DTC,True
"MultiLineString ((1099702.21590822003781796 1767433.9817134200129658, 1099708.53356731007806957 1767425.85642307996749878, 1099715.57420413009822369 1767416.8032908400055021, 1099722.52415522001683712 1767407.86575104994699359, 1099724.043722840026021 1767405.91122577991336584, 1099728.09840783989056945 1767400.69693211000412703, 1099729.58730015996843576 1767398.78199768997728825, 1099736.17154022003524005 1767390.30450903996825218, 1099743.50144101004116237 1767380.89009359991177917, 1099745.31055716006085277 1767378.56308928993530571, 1099749.0256613299716264 1767373.78552536992356181, 1099749.16296963999047875 1767370.48318868991918862, 1099749.96065069991163909 1767369.60851528006605804, 1099750.73491732007823884 1767368.75947909010574222, 1099751.74466637009754777 1767367.65103104989975691))",SA001,211681,2723063100,35803045,54000,1994-01-01,SA005,4,80,83.42,,0,0,20119006912.0,1,80-DTC-94,IQT903,211681,SA005,,B,243,520,P0,1.0,1994-01-01,SS00201,,1994-01-01,DTC,True
"MultiLineString ((1099774.01239090994931757 1767391.82701888005249202, 1099772.72488490003161132 1767390.42965151998214424, 1099771.70891778008081019 1767389.32634713989682496, 1099766.91897501004859805 1767384.12626450997777283, 1099751.74466637009754777 1767367.65103104989975691, 1099749.8877390599809587 1767365.63509421003982425, 1099725.2820395699236542 1767338.91992525989189744, 1099706.99373801006004214 1767318.80591963999904692, 1099703.85666479007340968 1767315.36670491006225348))",SA001,106812,2723063100,35803045,54000,1994-01-01,SA005,4,150,103.8,,0,0,20119006912.0,1,150-DTC-94,IQT903,106812,SA005,,B,243,520,P0,1.1,1994-01-01,SS00201,,1994-01-01,DTC,True
"MultiLineString ((1099811.13733621989376843 1767432.29833785002119839, 1099810.02226171991787851 1767433.30011521000415087, 1099808.60912855993956327 1767434.57036618003621697, 1099800.40029159002006054 1767441.94497693004086614, 1099797.43111830996349454 1767444.61225751996971667, 1099792.62417209008708596 1767448.93128293007612228, 1099786.1740268599241972 1767454.72704985993914306, 1099783.62457610992714763 1767457.01677530002780259, 1099781.99253428005613387 1767458.48360957996919751, 1099780.90279157995246351 1767459.46286712004803121))",SA001,38253,2723063100,35803045,54000,1997-01-01,SA005,10,50,40.66,,0,0,20119006912.0,1,50-PFP-97,IQT903,38253,SA005,,B,243,520,P0,0.8,1997-01-01,SS00201,,1997-01-01,PFP,True
"MultiLineString ((1099787.49105996009893715 1767406.46175877004861832, 1099787.11112578003667295 1767407.74950047000311315, 1099786.05625685001723468 1767411.32503374991938472, 1099785.45417896006256342 1767413.36750857997685671, 1099782.43696634005755186 1767423.59274813998490572, 1099781.94677730998955667 1767425.25400869990698993, 1099778.85145086003467441 1767435.74694340000860393))",SA001,245237,2723063100,35803045,54000,2020-12-18,SA005,13,25,30.54,,0,0,20209010421.0,1,25-STS-20,IQT903,245237,SA005,,B,243,520,P0,0.8,2020-12-18,SS00201,,2020-12-18,STS,True
"MultiLineString ((1099776.85824811994098127 1767498.99366850010119379, 1099775.88779017003253102 1767497.85010217991657555, 1099760.82409664988517761 1767472.34183599008247256, 1099690.20612959004938602 1767451.69759964011609554, 1099688.76677001011557877 1767451.27676367992535233))",SA001,245687,2723063100,35803045,54000,1996-01-01,SA005,4,150,106.23,,0,0,20119006912.0,1,150-DTC-96,IQT903,245687,SA005,,B,243,520,P0,1.1,1996-01-01,SS00201,,1996-01-01,DTC,True
"MultiLineString ((1099827.29078139993362129 1767449.55848916992545128, 1099824.13839369989000261 1767446.2500307799782604, 1099821.51423544995486736 1767443.40150844003073871, 1099814.25661573000252247 1767435.52141934004612267, 1099811.13733621989376843 1767432.29833785002119839, 1099802.01822521002031863 1767422.23329116008244455, 1099791.64999429997988045 1767410.97694191988557577, 1099787.49105996009893715 1767406.46175877004861832, 1099774.01239090994931757 1767391.82701888005249202))",SA001,38247,2723063100,35803045,54000,1987-01-01,SA005,4,80,78.58,,0,0,20119006912.0,1,80-DTC-87,IQT903,38247,SA005,,B,243,520,P0,1.0,1987-01-01,SS00201,,1987-01-01,DTC,True
"MultiLineString ((1099827.26311699999496341 1767337.69700597994960845, 1099827.78694472997449338 1767337.20201452006585896, 1099836.64648192003369331 1767328.83090194989927113, 1099844.93893857998773456 1767320.95964698004536331, 1099846.78634668001905084 1767319.2051008699927479, 1099849.85533393989317119 1767316.29207343002781272, 1099854.21543064992874861 1767312.15352402999997139, 1099860.09748942009173334 1767306.57011560001410544, 1099866.29594703996554017 1767306.66451862989924848, 1099867.31199812004342675 1767307.76788050006143749, 1099869.60954672005027533 1767310.26138671999797225, 1099875.53258022991940379 1767316.68948138994164765, 1099879.3065305498894304 1767320.7862317799590528, 1099891.71121272002346814 1767334.24987726006656885, 1099894.90977101004682481 1767337.7219586200080812, 1099900.87407387001439929 1767344.1957470600027591, 1099901.07689854991622269 1767344.41593069001100957, 1099903.27696631988510489 1767346.80384173989295959, 1099911.06378156994469464 1767355.25497138011269271, 1099922.16223206999711692 1767367.30291257007047534, 1099927.02795488992705941 1767372.58313373988494277, 1099934.21880255988799036 1767380.38929035002365708, 1099942.0534337901044637 1767388.76507471990771592, 1099945.7044124798849225 1767392.77813074993900955, 1099951.99416634999215603 1767399.69164708000607789, 1099955.75290602003224194 1767403.7880256799980998, 1099956.76894578989595175 1767404.89029313996434212))",SA001,211440,2723063000,35803045,54000,1993-01-01,SA005,4,100,185.04,,0,0,20119006912.0,1,100-DTC-93,IQT903,211440,SA005,,B,480,520,P0,1.0,1993-01-01,SS00201,,1993-01-01,DTC,True
"MultiLineString ((1099691.12762839999049902 1767448.24026179988868535, 1099692.36551750008948147 1767449.0859956000931561, 1099696.08723920001648366 1767451.62520159990526736, 1099697.57599829998798668 1767450.64380470011383295, 1099720.31178570003248751 1767456.66555309994146228, 1099734.85395155986770988 1767461.07224225252866745, 1099748.61970979999750853 1767465.15559490001760423, 1099761.46742859994992614 1767469.37326569994911551, 1099764.40657499991357327 1767470.49217190011404455, 1099767.30689299991354346 1767471.68617010000161827, 1099779.03231439995579422 1767494.87200989993289113, 1099779.99765860009938478 1767496.01951229991391301))",SA001,177614,2723063100,35803045,54000,1994-01-01,SA005,4,100,108.0,,0,0,20119006912.0,1,100-DTC-94,IQT903,177614,SA005,,B,240,520,P0,1.0,1994-01-01,SS00201,,1994-01-01,DTC,True
"MultiLineString ((1099682.64887130004353821 1767449.63286060001701117, 1099684.89391530002467334 1767447.93360710004344583, 1099688.13117450010031462 1767446.14910929999314249, 1099696.21116920001804829 1767437.56075729988515377, 1099695.77620279998518527 1767436.02558019990101457, 1099688.47870200010947883 1767433.46794450003653765, 1099688.60740390000864863 1767432.37590850004926324, 1099689.50211209990084171 1767424.78430849988944829, 1099689.61226369999349117 1767423.84970550006255507, 1099689.73247319995425642 1767422.82976399990729988, 1099690.75489059998653829 1767414.15486270003020763, 1099691.03274639998562634 1767411.7974157000426203, 1099692.33219139999710023 1767401.30355229997076094, 1099692.47818659991025925 1767400.12454649992287159, 1099692.5468985999468714 1767399.56953600002452731, 1099693.79873479995876551 1767389.99664189992472529, 1099693.96530840010382235 1767388.72284010006114841, 1099695.03801449993625283 1767380.52019770001061261, 1099695.03801449993625283 1767380.52019770001061261, 1099695.29771369998343289 1767378.53429619991220534, 1099695.40413059992715716 1767377.72053340007551014, 1099695.95202549989335239 1767373.09965200000442564, 1099696.54600559989921749 1767368.09008900006301701, 1099696.68564800010062754 1767366.91235899995081127, 1099697.87132039992138743 1767357.55608569993637502, 1099698.04052289994433522 1767356.22091659996658564, 1099698.15396169992163777 1767355.32577569992281497, 1099699.96656300011090934 1767347.11801300011575222, 1099702.16714369994588196 1767337.15341420006006956, 1099702.60953500005416572 1767335.15019210008904338, 1099703.98099959990940988 1767324.32698019989766181, 1099704.08342200005427003 1767323.51869109994731843, 1099706.02013109996914864 1767321.62713919999077916, 1099707.89439349994063377 1767319.79656019993126392))",SA001,434486,2723063100,35803045,54000,2013-08-21,SA005,13,50,142.0,,0,0,20139010124.0,1,50-STS-13,IQT903,434486,SA005,,B,243,520,P0,0.8,2013-08-21,SS00201,,2013-08-21,STS,True
"MultiLineString ((1099843.41008779988624156 1767361.39000410004518926, 1099851.56500370008870959 1767370.05548739992082119, 1099853.28084150003269315 1767371.87871919991448522, 1099860.65457613649778068 1767379.71408712561242282, 1099863.56274419999681413 1767382.80432130000554025))",SA001,439845,2723063000,35803045,54000,2014-11-14,SA005,18,200,29.41,,0,0,20149015602.0,1,200-DTEP-14,IQT903,439845,SA005,,B,480,520,P0,1.3,2014-11-14,SS00201,,2014-11-14,DTEP,True
"MultiLineString ((1099863.56274422002024949 1767382.80432126997038722, 1099868.06585277011618018 1767387.58941664011217654, 1099881.6391853999812156 1767402.01250290009193122, 1099883.15571841993369162 1767403.62399967992678285, 1099897.86675386992283165 1767419.25607971008867025, 1099905.19158230000175536 1767427.03947609011083841, 1099914.51400629989802837 1767436.94565957994200289, 1099914.59514394006691873 1767438.43576473998837173, 1099916.32127601001411676 1767440.23397282999940217, 1099916.92502120998688042 1767440.25896358001045883, 1099917.73655064008198678 1767439.48074085009284317, 1099918.34127409011125565 1767438.90074742003343999))",SA001,439844,2723063000,35803045,54000,2007-07-06,SA005,4,200,80.92,,0,0,20079004593.0,1,200-DTC-07,IQT903,439844,SA005,,B,480,520,P0,1.3,2007-07-06,SS00201,,2007-07-06,DTC,True
"MultiLineString ((1099394.55810393998399377 1767163.57376004010438919, 1099397.38819316006265581 1767163.60187879996374249, 1099405.96335363993421197 1767163.68647153000347316, 1099409.81811457010917366 1767163.72420078003779054, 1099414.73750025988556445 1767163.7731364700011909))",SA001,177136,2723063100,35803045,54000,1994-01-01,SA005,13,20,20.19,,0,0,20119006912.0,1,20-STS-94,IQT903,177136,SA005,,B,243,520,P0,0.8,1994-01-01,SS00201,,1994-01-01,STS,True
"MultiLineString ((1099390.10949365003034472 1767206.01471005007624626, 1099390.07808993989601731 1767207.55190574005246162, 1099385.8250699199270457 1767211.68903385009616613, 1099382.92367495992220938 1767211.65892158006317914, 1099381.51586665003560483 1767211.66451266990043223))",SA001,324802,2723063100,35803045,54000,2006-07-18,SA005,4,80,6.0,,0,0,2006540000000.0,1,80-DTC-06,IQT903,324802,SA005,,B,243,520,P0,1.0,2006-07-18,SS00201,,2006-07-18,DTC,True
"MultiLineString ((1099400.72138966992497444 1767220.13556290999986231, 1099400.75363302999176085 1767219.20017774007283151, 1099395.91538986004889011 1767215.92308827000670135, 1099393.88588958000764251 1767215.91520471009425819, 1099390.84260127996094525 1767215.9038012099917978))",SA001,38096,2723063100,35803045,54000,1995-01-01,SA005,4,200,11.86,,0,0,20119006912.0,1,200-DTC-95,IQT903,38096,SA005,,B,243,520,P0,1.3,1995-01-01,SS00201,,1995-01-01,DTC,True
"MultiLineString ((1099394.14255087007768452 1767205.88984834006987512, 1099394.06732311006635427 1767209.64709335006773472, 1099393.98425917001441121 1767212.52496348996646702, 1099393.92973540001548827 1767214.41607205988839269, 1099393.88588958000764251 1767215.91520471009425819))",SA001,106660,2723063100,35803045,54000,1995-01-01,SA005,4,200,10.03,,0,0,20119006912.0,1,200-DTC-95,IQT903,106660,SA005,,B,243,520,P0,1.3,1995-01-01,SS00201,,1995-01-01,DTC,True
"MultiLineString ((1099922.61964333988726139 1767293.16603498999029398, 1099917.91100661992095411 1767283.7449229599442333, 1099917.44040039996616542 1767282.80487636988982558, 1099913.79519620002247393 1767275.5116922699380666, 1099912.50083395000547171 1767272.92235713009722531))",SA001,106347,2723063000,35803045,54000,1989-01-01,SA005,13,25,22.64,,0,0,20119006912.0,1,25-STS-89,IQT903,106347,SA005,,B,480,520,P0,0.8,1989-01-01,SS00201,,1989-01-01,STS,True
"MultiLineString ((1099841.93984370003454387 1767318.71486029005609453, 1099841.09859675006009638 1767317.81356511008925736, 1099840.25149512989446521 1767316.90594758000224829, 1099839.86197572993114591 1767316.48286912008188665, 1099838.96499848994426429 1767315.50862382003106177, 1099833.61163826007395983 1767309.69006367004476488, 1099825.15417926991358399 1767300.49885261990129948, 1099823.94833603990264237 1767299.18771974998526275, 1099816.98682645009830594 1767291.62298957002349198, 1099816.0219703100156039 1767290.57347413990646601, 1099814.84763122000731528 1767289.2967667100019753))",SA001,177128,2723063000,35803045,54000,1992-01-01,SA005,10,40,40.0,,0,0,20119006912.0,1,40-PFP-92,IQT903,177128,SA005,,B,480,520,P0,0.8,1992-01-01,SS00201,,1992-01-01,PFP,True
"MultiLineString ((1099963.03514416003599763 1767206.80796601995825768, 1099964.53447251999750733 1767206.83376310998573899, 1099966.5636324998922646 1767206.86772228009067476, 1099966.5775834599044174 1767208.18267987994477153, 1099966.68216539989225566 1767218.4504352998919785, 1099966.74131939001381397 1767224.21436158008873463, 1099971.12406799010932446 1767227.91385952988639474, 1099971.11003918992355466 1767231.33662060997448862, 1099967.02925834991037846 1767235.6997030999045819, 1099966.91878371988423169 1767244.66041863011196256, 1099966.78691059001721442 1767255.22159723006188869, 1099966.75653308001346886 1767257.68124601989984512, 1099966.66251695994287729 1767265.29190075001679361, 1099966.63456587004475296 1767267.5166898500174284, 1099966.62946809991262853 1767267.92189092002809048, 1099966.53810462006367743 1767275.30122679006308317, 1099965.57661611004732549 1767275.80246977997012436, 1099963.27267344994470477 1767277.00418918998911977, 1099955.17273248010315001 1767281.23007610999047756, 1099939.44852927001193166 1767289.43204838992096484, 1099936.17211588006466627 1767291.1408497600350529, 1099935.08128957008011639 1767296.26129033998586237, 1099930.44920307002030313 1767298.68128576991148293, 1099924.0863986499607563 1767297.10560702998191118, 1099883.70634098001755774 1767317.86084469989873469, 1099882.37208924000151455 1767318.54639888997189701))",SA001,106544,2723063000,35803045,54000,1993-01-01,SA005,4,100,173.83,,0,0,20119006912.0,1,100-DTC-93,IQT903,106544,SA005,,B,480,520,P0,1.0,1993-01-01,SS00201,,1993-01-01,DTC,True
"MultiLineString ((1099866.29594703996554017 1767306.66451862989924848, 1099861.78080369997769594 1767301.86961031006649137, 1099860.75258289999328554 1767300.77810547989793122))",SA001,37987,2723063000,35803045,54000,1990-01-01,SA005,4,100,8.09,,0,0,20119006912.0,1,100-DTC-90,IQT903,37987,SA005,,B,480,520,P0,1.0,1990-01-01,SS00201,,1990-01-01,DTC,True
"MultiLineString ((1099854.78742312989197671 1767207.64971620007418096, 1099854.25916241994127631 1767209.0534017700701952, 1099851.0059921198990196 1767217.70233447989448905, 1099849.8108352399431169 1767220.87759518995881081, 1099847.58506620000116527 1767226.79459415003657341, 1099846.71180494991131127 1767229.11788771999999881, 1099843.54198278998956084 1767237.54213033989071846, 1099842.7249968599062413 1767239.71634348994120955, 1099840.37321234005503356 1767245.96734345005825162, 1099838.63410295988433063 1767250.59004074009135365, 1099837.23994749994017184 1767254.2961612599901855, 1099834.32949260994791985 1767262.03345108008943498, 1099832.6864407800603658 1767263.3671582299284637, 1099831.52230798010714352 1767264.31127671990543604))",SA001,3698,2723063000,35803045,54000,1993-01-01,SA005,4,80,61.74,,0,0,20119006912.0,1,80-DTC-93,IQT903,3698,SA005,,B,480,520,P0,1.0,1993-01-01,SS00201,,1993-01-01,DTC,True
"MultiLineString ((1099783.68701340002007782 1767271.77815673989243805, 1099794.33775927009992301 1767283.35638525011017919, 1099799.72260750993154943 1767289.21040803007781506))",SA001,37894,2723063000,35803045,54000,1990-01-01,SA005,13,20,23.69,,0,0,20119006912.0,1,20-STS-90,IQT903,37894,SA005,,B,480,520,P0,0.8,1990-01-01,SS00201,,1990-01-01,STS,True
"MultiLineString ((1099871.25527972006238997 1767306.58610766008496284, 1099872.30735832010395825 1767305.5183145699556917, 1099880.04267182992771268 1767297.66057087993249297, 1099883.18574298010207713 1767294.4680224300827831, 1099888.28815619996748865 1767282.6358748700004071, 1099889.79300830001011491 1767279.14740006998181343, 1099892.54161537997424603 1767272.77436076989397407, 1099893.28358567995019257 1767271.05376973003149033, 1099893.9075989699922502 1767269.60677573992870748, 1099897.56828049011528492 1767261.11797324009239674, 1099897.99012434994801879 1767260.13957826001569629, 1099901.62801390001550317 1767251.70351395010948181, 1099903.60342860990203917 1767247.12442115996964276, 1099897.69840696989558637 1767242.33728850004263222, 1099894.08071167999878526 1767239.40571516007184982, 1099891.97608118993230164 1767237.69900281005539, 1099879.69786810991354287 1767227.74466942995786667, 1099877.37482029991224408 1767225.87154909991659224, 1099876.64098122995346785 1767225.27954014996066689, 1099866.29696930991485715 1767216.93441257998347282, 1099855.95491973008029163 1767208.59130897000432014, 1099854.78742312989197671 1767207.64971620007418096))",SA001,245425,2723063000,35803045,54000,1993-01-01,SA005,4,80,131.38,,0,0,20119006912.0,1,80-DTC-93,IQT903,245425,SA005,,B,480,520,P0,1.0,1993-01-01,SS00201,,1993-01-01,DTC,True
"MultiLineString ((1099879.69786810991354287 1767227.74466942995786667, 1099879.14571972005069256 1767229.1389765499625355, 1099877.09732264000922441 1767234.30990389990620315, 1099876.39758020988665521 1767236.07594965002499521, 1099873.34883000003173947 1767243.77313313004560769, 1099871.88890807004645467 1767247.46022082003764808, 1099869.01586959999985993 1767254.71515359007753432, 1099868.30154086998663843 1767256.51696644001640379, 1099865.28191905003041029 1767264.14362511993385851, 1099864.98873350000940263 1767264.88101295009255409, 1099861.88383922004140913 1767272.72233717003837228, 1099860.76009452994912863 1767273.6360537800937891, 1099859.10287832003086805 1767274.98352447990328074, 1099854.0045874600764364 1767279.13014079001732171, 1099850.19712874991819263 1767282.2265540799126029, 1099849.03386296005919576 1767283.17270721006207168))",SA001,142921,2723063000,35803045,54000,1993-01-01,SA005,4,80,64.96,,0,0,20119006912.0,1,80-DTC-93,IQT903,142921,SA005,,B,480,520,P0,1.0,1993-01-01,SS00201,,1993-01-01,DTC,True
"MultiLineString ((1099743.99515858991071582 1767256.64764623995870352, 1099744.62839469010941684 1767258.59187613008543849, 1099745.13275713007897139 1767260.1383094999473542, 1099744.3685617099981755 1767261.23472188995219767, 1099743.68747090990655124 1767262.21194377006031573, 1099742.09189438004978001 1767262.19966038991697133))",SA001,324772,2723063100,35803045,54000,2006-07-18,SA005,4,150,8.0,,0,0,2006540000000.0,1,150-DTC-06,IQT903,324772,SA005,,B,470,520,P0,1.1,2006-07-18,SS00201,,2006-07-18,DTC,True
"MultiLineString ((1099824.23295600991696119 1767335.58860401995480061, 1099825.03529416001401842 1767334.83300832007080317, 1099830.33519533998332918 1767329.78061443008482456, 1099830.85968745988793671 1767329.28074823995120823, 1099838.16705439006909728 1767322.31245242990553379, 1099838.78237987007014453 1767321.72577158990316093, 1099841.93984370003454387 1767318.71486029005609453, 1099842.39487890992313623 1767318.28091277997009456, 1099847.12511954992078245 1767313.77025158004835248, 1099848.53226954001002014 1767312.42888029990717769, 1099849.97904369002208114 1767311.05018908996134996, 1099851.17012017010711133 1767309.91456911992281675, 1099859.49966549989767373 1767301.97181617002934217))",SA001,177198,2723063000,35803045,54000,1999-01-01,SA005,4,200,48.74,,0,0,20119006912.0,1,200-DTC-99,IQT903,177198,SA005,,B,480,520,P0,1.3,1999-01-01,SS00201,,1999-01-01,DTC,True
"MultiLineString ((1099816.14878823002800345 1767253.82593059004284441, 1099814.83598446007817984 1767254.55179184000007808, 1099806.72203545994125307 1767259.03939439007081091, 1099801.4001338800881058 1767261.98279841989278793, 1099791.39262248994782567 1767267.51732985000126064, 1099790.33791055995970964 1767268.10018484992906451, 1099786.94086396996863186 1767269.97905994998291135, 1099783.68701340002007782 1767271.77815673989243805, 1099779.94821279007010162 1767273.84583388990722597, 1099777.56554277008399367 1767275.1633290599565953, 1099770.50998572004027665 1767279.06613880000077188, 1099769.65250502992421389 1767279.82206706004217267, 1099768.7251821500249207 1767280.63975312002003193))",SA001,106552,2723063000,35803045,54000,1996-01-01,SA005,10,100,54.55,,0,0,20119006912.0,1,100-PFP-96,IQT903,106552,SA005,,B,480,520,P0,1.0,1996-01-01,SS00201,,1996-01-01,PFP,True
"MultiLineString ((1099819.218974269926548 1767335.17990228999406099, 1099820.06083613005466759 1767336.04479465004988015, 1099821.16310282004997134 1767337.17741390992887318, 1099825.1681045601144433 1767341.29233771003782749, 1099832.23481224989518523 1767348.5531808699015528, 1099838.60346204997040331 1767355.09673594008199871, 1099839.14633223996497691 1767355.65451054996810853, 1099839.04498563008382916 1767356.75161038991063833, 1099843.41008775006048381 1767361.39000409003347158))",SA001,407191,2723063000,35803045,54000,2007-07-06,SA005,4,200,36.05,,0,0,20079004593.0,1,200-DTC-07,IQT903,407191,SA005,,B,480,520,P0,1.3,2007-07-06,SS00201,,2007-07-06,DTC,True
"MultiLineString ((1099827.26311699999496341 1767337.69700597994960845, 1099826.65066046011634171 1767338.3107662599068135, 1099826.65813909005373716 1767339.90097564994357526, 1099826.10127749992534518 1767340.42095132009126246, 1099825.1681045601144433 1767341.29233771003782749))",SA001,407192,2723063000,35803045,54000,2007-07-06,SA005,4,100,4.5,,0,0,20079004593.0,1,100-DTC-07,IQT903,407192,SA005,,B,480,520,P0,1.0,2007-07-06,SS00201,,2007-07-06,DTC,True
"MultiLineString ((1099385.60604109009727836 1767203.85820307000540197, 1099389.12217046995647252 1767203.94901611004024744, 1099389.2303817099891603 1767203.66103627998381853, 1099389.44420296000316739 1767203.40263965004123747, 1099389.79675747989676893 1767203.17775976005941629, 1099390.17008597007952631 1767203.07546174991875887, 1099390.51860915008001029 1767203.18266532989218831, 1099390.76458061998710036 1767203.38658216991461813, 1099390.76545896008610725 1767203.38788706995546818, 1099390.94305641995742917 1767203.638396070105955, 1099391.0536634000018239 1767203.96241352008655667, 1099392.78001584997400641 1767203.90649081999436021, 1099394.16160314995795488 1767203.91551681002601981))",SA001,329431,2723063100,35803045,54000,2006-07-18,SA005,13,50,9.0,,0,0,2006540000000.0,1,50-STS-06,IQT903,329431,SA005,,B,243,520,P0,0.8,2006-07-18,SS00201,,2006-07-18,STS,True
"MultiLineString ((1099401.83509019995108247 1767219.54864499997347593, 1099401.76872489997185767 1767221.61127340001985431, 1099401.05732519994489849 1767243.96144789992831647, 1099399.83666240004822612 1767290.49362260010093451, 1099390.64653220004402101 1767318.11164300004020333, 1099391.17977200006134808 1767320.38836190011352301, 1099393.65921530011110008 1767330.98419200000353158, 1099394.45726398937404156 1767335.7312174818944186, 1099391.45945897605270147 1767337.56104651605710387, 1099390.31994062243029475 1767338.97311889077536762, 1099381.70879138447344303 1767343.26200522459112108, 1099381.82354509993456304 1767345.78324889997020364, 1099378.1736312999855727 1767347.84546489990316331, 1099376.6528006000444293 1767348.64258360001258552))",SA001,38094,2723063100,35803045,54000,1988-01-01,SA004,4,300,141.0,,0,0,20119006912.0,1,300-DTC-88,IQT903,38094,SA004,,B,243,520,P0,1.5,1988-01-01,SS00201,,1988-01-01,DTC,True
"MultiLineString ((1099821.16310282004997134 1767337.17741390992887318, 1099822.28470807010307908 1767335.95869479002431035, 1099823.82893902994692326 1767335.96903922990895808, 1099824.23295600991696119 1767335.58860401995480061))",SA001,407206,2723063000,35803045,54000,2007-07-06,SA005,4,200,3.76,,0,0,20079004593.0,1,200-DTC-07,IQT903,407206,SA005,,B,480,520,P0,1.3,2007-07-06,SS00201,,2007-07-06,DTC,True
"MultiLineString ((1099535.79745119996368885 1767210.74203070998191833, 1099535.94916899991221726 1767201.0295172999612987, 1099536.18067889008671045 1767189.12768544000573456, 1099536.38304558000527322 1767177.6758281800430268, 1099536.50802632002159953 1767170.65395403001457453, 1099536.62305192998610437 1767164.21104107005521655, 1099536.70398057997226715 1767157.7434889399446547, 1099536.87461043009534478 1767149.99920913996174932, 1099537.10833307006396353 1767136.82113128993660212, 1099537.1464094698894769 1767134.6481011500582099, 1099540.79710653005167842 1767134.361781399929896, 1099543.4488106700591743 1767134.15420185006223619, 1099546.76014302996918559 1767136.19428843003697693, 1099562.36399489990435541 1767145.80227194004692137, 1099566.30143149010837078 1767148.22678893990814686, 1099569.51466117007657886 1767150.2054594699293375, 1099570.100923279998824 1767150.56642562011256814, 1099570.32474746997468174 1767150.70430895988829434, 1099579.39222197001799941 1767156.28782414994202554, 1099583.8536052699200809 1767159.03431043005548418, 1099594.01945957005955279 1767165.29409462003968656, 1099595.97077659005299211 1767165.31282138009555638, 1099608.69164584996178746 1767165.43652180000208318, 1099622.03430105000734329 1767165.56580934999510646, 1099627.78643656009808183 1767165.62140917009674013, 1099636.42164223990403116 1767165.70495850988663733, 1099639.71259401994757354 1767165.73709230008535087, 1099653.33716550003737211 1767165.86860223999246955, 1099658.29353569005616009 1767165.91709504998289049, 1099667.69446037989109755 1767166.00830080010928214, 1099675.83685300010256469 1767166.08636201010085642, 1099680.3963451599702239 1767166.13078332995064557, 1099681.89586823992431164 1767166.14563428005203605, 1099685.9715274500194937 1767166.18473339010961354, 1099692.62437484995462 1767166.24905134993605316, 1099697.13991257990710437 1767166.29285402991808951, 1099714.47432312997989357 1767166.46087906998582184, 1099725.47965099010616541 1767166.56739484006538987, 1099727.97392521006986499 1767166.59150923998095095, 1099738.23259184998460114 1767166.69074539002031088, 1099739.31375113991089165 1767166.75147587992250919, 1099740.54660550993867218 1767166.8206834199372679))",SA001,245474,2723063100,35803045,54000,1994-01-01,SA005,4,100,288.44,,0,0,20119006912.0,1,100-DTC-94,IQT903,245474,SA005,,B,470,520,P0,1.0,1994-01-01,SS00201,,1994-01-01,DTC,True
"MultiLineString ((1099417.59127728990279138 1767371.31161091011017561, 1099416.30430726008489728 1767371.97686210996471345, 1099413.64290583995170891 1767373.35009816009551287, 1099403.99199233995750546 1767378.69149660994298756, 1099400.94148517004214227 1767380.22551925992593169, 1099399.49004715005867183 1767380.95539875002577901, 1099399.20476704998873174 1767381.11752678989432752, 1099398.57660499005578458 1767381.47062906995415688))",SA001,72533,2723063100,35803045,54000,1995-01-01,SA005,4,200,21.57,,0,0,20119006912.0,1,200-DTC-95,IQT903,72533,SA005,,B,243,520,P0,1.3,1995-01-01,SS00201,,1995-01-01,DTC,True
"MultiLineString ((1099376.38658271008171141 1767353.1916194399818778, 1099377.68934200005605817 1767352.33725045993924141, 1099378.73338250000961125 1767351.6685784999281168))",SA001,324782,2723063100,35803045,54000,1986-01-01,SA005,4,150,2.8,,0,0,20119006912.0,1,150-DTC-86,IQT903,324782,SA005,,B,243,520,P0,1.1,1986-01-01,SS00201,,1986-01-01,DTC,True
"MultiLineString ((1099407.57184966001659632 1767395.08267023996450007, 1099407.17643923009745777 1767395.33227100991643965, 1099406.97006961004808545 1767395.45821575005538762, 1099407.08299158001318574 1767395.72286392003297806, 1099407.10987424990162253 1767395.92664585006423295, 1099407.10619401000440121 1767396.10418648994527757, 1099406.98522870009765029 1767396.36527192988432944, 1099406.65132409008219838 1767396.62614826997742057, 1099406.60772511991672218 1767396.64807860995642841, 1099406.54146306007169187 1767396.68145214999094605, 1099406.21729477006010711 1767396.76347712008282542, 1099405.83790095988661051 1767396.72870795009657741, 1099405.57712706993333995 1767396.51979107991792262, 1099405.3490026299841702 1767396.13537856005132198, 1099401.286362319951877 1767398.3937565500382334, 1099400.76209713006392121 1767398.67773509002290666))",SA001,324624,2723063100,35803045,54000,2004-12-01,SA005,4,150,16.0,,0,0,2004540000000.0,1,150-DTC-04,IQT903,324624,SA005,,B,243,520,P0,1.1,2004-12-01,SS00201,,2004-12-01,DTC,True
"MultiLineString ((1099379.02437759004533291 1767363.61643830989487469, 1099378.53997962991707027 1767364.62991829006932676, 1099375.22381848003715277 1767371.57410404994152486, 1099373.62100233999080956 1767374.93004627991467714, 1099369.6117563599254936 1767383.32549669011496007))",SA001,143189,2723063100,35803045,54000,1994-01-01,SA005,13,25,21.85,,0,0,20119006912.0,1,25-STS-94,IQT903,143189,SA005,,B,243,520,P0,0.8,1994-01-01,SS00201,,1994-01-01,STS,True
"MultiLineString ((1099400.04363128007389605 1767242.34804469998925924, 1099399.15094976010732353 1767242.32841645996086299, 1099394.34523598989471793 1767242.2228303300216794, 1099390.8171186400577426 1767242.07717240997590125, 1099388.93061850010417402 1767242.00042833993211389, 1099378.08606225997209549 1767241.75084143993444741, 1099369.49000733997672796 1767241.39795787003822625, 1099359.84231548989191651 1767241.25585281988605857, 1099345.41993834008462727 1767240.66950222989544272, 1099345.25604152004234493 1767240.66401019995100796))",SA001,141956,2723063100,35803045,54000,1993-01-01,SA005,10,40,54.83,,0,0,20119006912.0,1,40-PFP-93,IQT903,141956,SA005,,B,243,520,P0,0.8,1993-01-01,SS00201,,1993-01-01,PFP,True
"MultiLineString ((1099398.68329133000224829 1767288.69424526998773217, 1099397.25554857007227838 1767288.233639300102368, 1099395.78103707008995116 1767287.75822209008038044, 1099395.30941083002835512 1767289.31678967992775142, 1099391.6819011599291116 1767291.16317937010899186, 1099389.94978134008124471 1767292.04461787990294397, 1099373.82754786009900272 1767300.2646066399756819, 1099370.39252813998609781 1767302.00589380995370448, 1099367.88523865002207458 1767303.23753197002224624, 1099366.34888045000843704 1767304.06591164995916188, 1099358.74969322001561522 1767307.9694651800673455, 1099357.12939125997945666 1767308.80163750005885959))",SA001,324795,2723063100,35803045,54000,1995-01-01,SA005,4,200,47.56,,0,0,20119006912.0,1,200-DTC-95,IQT903,324795,SA005,,B,243,520,P0,1.3,1995-01-01,SS00201,,1995-01-01,DTC,True
"MultiLineString ((1099400.76209713006392121 1767398.67773509002290666, 1099395.16546905995346606 1767401.6758985600899905, 1099389.47882910002954304 1767404.35445940005593002, 1099387.57987272995524108 1767405.36334729008376598, 1099378.16515941009856761 1767408.01041594007983804, 1099376.42102000000886619 1767408.50076464004814625, 1099373.53236965998075902 1767407.13401091005653143, 1099372.51406790991313756 1767404.47494266997091472, 1099347.25819036993198097 1767394.64992919005453587))",SA001,324625,2723061000,35803045,54000,2004-12-01,SA005,4,150,56.0,,0,0,2004540000000.0,1,150-DTC-04,IQT903,324625,SA005,,B,243,520,P0,1.1,2004-12-01,SS00201,,2004-12-01,DTC,True
"MultiLineString ((1099360.50286799995228648 1767333.53760172007605433, 1099361.55440489994361997 1767334.57134933001361787, 1099362.94236124004237354 1767336.0325532800052315, 1099364.11761435004882514 1767335.08265557000413537, 1099365.47492590988986194 1767333.98296987009234726))",SA001,324787,2723063100,35803045,54000,2006-07-18,SA005,4,150,8.0,,0,0,2006540000000.0,1,150-DTC-06,IQT903,324787,SA005,,B,243,520,P0,1.1,2006-07-18,SS00201,,2006-07-18,DTC,True
"MultiLineString ((1099366.64229080989025533 1767275.90409255004487932, 1099364.60446291998960078 1767270.63630338991060853, 1099361.69995939009822905 1767262.36755722993984818, 1099361.15946414996869862 1767260.82857223995961249, 1099352.32249029004015028 1767257.58554527000524104, 1099346.59053346002474427 1767255.48260883009061217, 1099343.9374678700696677 1767253.68148859008215368, 1099342.69647381990216672 1767252.83874091994948685))",SA001,141955,2723063100,35803045,54000,1993-01-01,SA005,13,25,36.28,,0,0,20119006912.0,1,25-STS-93,IQT903,141955,SA005,,B,243,520,P0,0.8,1993-01-01,SS00201,,1993-01-01,STS,True
"MultiLineString ((1099358.04309853003360331 1767330.47072102990932763, 1099357.16449536988511682 1767331.17621142999269068, 1099356.29298832989297807 1767331.87482030992396176))",SA001,308754,2723063100,35803045,54000,1989-01-01,SA005,13,40,2.24,,0,0,20119006912.0,1,40-STS-89,IQT903,308754,SA005,,B,243,520,P0,0.8,1989-01-01,SS00201,,1989-01-01,STS,True
"MultiLineString ((1099356.91793483006767929 1767334.92944995989091694, 1099352.59956888994202018 1767348.15960556990467012, 1099351.87992990994825959 1767350.65844289003871381, 1099349.51324445009231567 1767358.19280943996272981, 1099348.4781951499171555 1767361.55640131002292037, 1099345.34248815011233091 1767371.74684811010956764))",SA001,308755,2723061000,35803045,54000,1989-01-01,SA005,5,40,38.61,,0,0,20119006912.0,1,40-EPS-89,IQT903,308755,SA005,,B,243,520,P0,0.8,1989-01-01,SS00201,,1989-01-01,EPS,True
"MultiLineString ((1099398.25690399995073676 1767291.21942690992727876, 1099398.60270679998211563 1767290.24388080998323858, 1099398.68329133000224829 1767288.69424526998773217, 1099399.07740796008147299 1767275.42837748001329601, 1099399.49170419992879033 1767261.48440740001387894, 1099399.97735256003215909 1767245.15477998997084796, 1099400.04363128007389605 1767242.34804469998925924, 1099400.67656318005174398 1767221.63456824002787471, 1099400.72138966992497444 1767220.13556290999986231))",SA001,245517,2723063100,35803045,54000,1988-01-01,SA005,4,200,71.2,,0,0,20119006912.0,1,200-DTC-88,IQT903,245517,SA005,,B,243,520,P0,1.3,1988-01-01,SS00201,,1988-01-01,DTC,True
"MultiLineString ((1099413.64290583995170891 1767373.35009816009551287, 1099412.93345141992904246 1767371.8775530899874866, 1099412.31802214006893337 1767370.60035978001542389, 1099402.10399019997566938 1767349.39051101007498801, 1099396.58364452002570033 1767337.92752770008519292, 1099395.01163578010164201 1767334.6631582600530237, 1099394.51568393991328776 1767332.30197514011524618, 1099394.41085055004805326 1767332.22546382993459702, 1099394.43799926992505789 1767331.82492548995651305, 1099394.30574800004251301 1767331.44599952991120517, 1099394.03333011991344392 1767331.14886339008808136, 1099393.66684925998561084 1767330.98433727002702653, 1099393.65921531990170479 1767330.98419200000353158, 1099393.26507703005336225 1767330.97721455991268158, 1099392.89286201004870236 1767331.12950150994583964, 1099392.26090344996191561 1767330.67294300999492407, 1099388.24860152998007834 1767321.76374524994753301, 1099387.62554077990353107 1767320.38017429993487895, 1099390.00654796999879181 1767313.65560089005157351, 1099398.25690399995073676 1767291.21942690992727876))",SA001,245518,2723063100,35803045,54000,1995-01-01,SA005,4,200,91.03,,0,0,20119006912.0,1,200-DTC-95,IQT903,245518,SA005,,B,243,520,P0,1.3,1995-01-01,SS00201,,1995-01-01,DTC,True
"MultiLineString ((1099381.66582409990951419 1767266.85499366000294685, 1099384.99019477004185319 1767265.5714408999774605, 1099388.52272344008088112 1767264.31792269996367395, 1099391.91088795010000467 1767263.02644974994473159, 1099390.60778370010666549 1767258.75559549010358751, 1099390.82738479995168746 1767257.27221558010205626))",SA001,3702,2723063100,35803045,54000,1993-01-01,SA005,10,40,16.91,,0,0,20119006912.0,1,40-PFP-93,IQT903,3702,SA005,,B,243,520,P0,0.8,1993-01-01,SS00201,,1993-01-01,PFP,True
"MultiLineString ((1099351.28565054992213845 1767322.04425403010100126, 1099354.74142968002706766 1767326.35312596010044217, 1099358.04309853003360331 1767330.47072102990932763, 1099358.64943063003011048 1767331.22683032997883856, 1099360.50286799995228648 1767333.53760172007605433))",SA001,324786,2723063100,35803045,54000,1986-01-01,SA005,4,150,14.74,,0,0,20119006912.0,1,150-DTC-86,IQT903,324786,SA005,,B,461,520,P0,1.1,1986-01-01,SS00201,,1986-01-01,DTC,True
"MultiLineString ((1099557.18305990006774664 1767273.34899639990180731, 1099557.81664420990273356 1767281.23195703001692891, 1099557.98402837989851832 1767283.30710266996175051, 1099558.20841586007736623 1767286.10008168988861144, 1099561.33295124000869691 1767292.59051207010634243, 1099561.03653576993383467 1767296.55924316006712615, 1099560.22915195999667048 1767307.36101989005692303))",SA001,211482,2723063100,35803045,54000,1995-01-01,SA005,13,25,34.82,,0,0,20119006912.0,1,25-STS-95,IQT903,211482,SA005,,B,243,520,P0,0.8,1995-01-01,SS00201,,1995-01-01,STS,True
"MultiLineString ((1099562.84681054996326566 1767215.78518131002783775, 1099563.38008717005141079 1767202.30173411010764539, 1099563.41566849988885224 1767201.41041998006403446, 1099563.51770846010185778 1767198.8453893200494349, 1099563.54198563005775213 1767198.23688932997174561))",SA001,37766,2723063100,35803045,54000,1989-01-01,SA005,13,25,17.57,,0,0,20119006912.0,1,25-STS-89,IQT903,37766,SA005,,B,470,520,P0,0.8,1989-01-01,SS00201,,1989-01-01,STS,True
"MultiLineString ((1099577.31309048994444311 1767268.88306985003873706, 1099576.16420530993491411 1767269.1979704899713397, 1099573.96792978001758456 1767269.79990820004604757, 1099572.52489532995969057 1767269.0570622100494802, 1099565.75405454006977379 1767270.95126588991843164, 1099557.18305990006774664 1767273.34899639990180731, 1099550.98915122007019818 1767275.08178722998127341, 1099528.8320410898886621 1767281.2803524499759078, 1099527.53735946002416313 1767285.67182680009864271, 1099526.08570094988681376 1767290.59087534993886948, 1099527.50514356000348926 1767298.48803361994214356, 1099528.49227736005559564 1767303.9801504600327462, 1099529.10437213000841439 1767307.38186199008487165, 1099530.15044923010282218 1767313.20576601009815931, 1099530.41591726010665298 1767314.68157386989332736, 1099532.05556838004849851 1767323.80788760003633797, 1099532.75613171001896262 1767327.70287307002581656, 1099533.57547491998411715 1767332.26360821002162993, 1099535.2650224301032722 1767341.66362527990713716, 1099535.74797363998368382 1767344.35046684998087585, 1099532.72900414001196623 1767365.05879189004190266, 1099532.51247390010394156 1767366.54325833008624613))",SA001,142995,2723063100,35803045,54000,2001-01-01,SA005,4,80,137.26,,0,0,20119006912.0,1,80-DTC-01,IQT903,142995,SA005,,B,243,520,P0,1.0,2001-01-01,SS00201,,2001-01-01,DTC,True
"MultiLineString ((1099367.16429856000468135 1767336.24981313990429044, 1099366.11199900996871293 1767334.83783876011148095, 1099365.47492590988986194 1767333.98296987009234726, 1099363.85223203990608454 1767331.8055558199994266, 1099362.86135811009444296 1767330.47591147990897298, 1099362.40115820011124015 1767329.85837376001290977))",SA001,329428,2723063100,35803045,54000,2006-07-18,SA004,4,300,7.97,,0,0,2006540000000.0,1,300-DTC-06,IQT903,329428,SA004,,B,243,520,P0,1.5,2006-07-18,SS00201,,2006-07-18,DTC,True
"MultiLineString ((1099374.73374541010707617 1767345.85143835004419088, 1099373.15552297001704574 1767343.84579082997515798, 1099372.10603745002299547 1767342.51201805006712675))",SA001,329429,2723063100,35803045,54000,2006-07-18,SA004,4,300,4.25,,0,0,2006540000000.0,1,300-DTC-06,IQT903,329429,SA004,,B,243,520,P0,1.5,2006-07-18,SS00201,,2006-07-18,DTC,True
"MultiLineString ((1099411.66025483002886176 1767401.68624035990796983, 1099411.34738380997441709 1767400.96658459003083408, 1099408.90542286005802453 1767400.44453390990383923, 1099408.45721934991888702 1767399.67282843007706106, 1099406.60772511991672218 1767396.64807860995642841, 1099404.60084151988849044 1767393.36585872992873192, 1099398.57660499005578458 1767381.47062906995415688, 1099397.52395049994811416 1767379.15101136011071503, 1099396.26370073994621634 1767377.15420368011109531, 1099395.78916069003753364 1767376.47412102995440364, 1099378.73338250000961125 1767351.6685784999281168, 1099376.65280064009130001 1767348.64258359000086784, 1099375.81625729007646441 1767347.42586453002877533, 1099374.73374541010707617 1767345.85143835004419088))",SA001,2652,2723063100,35803045,54000,2001-01-01,SA004,4,400,67.82,,0,0,20119006912.0,1,400-DTC-01,IQT903,2652,SA004,,B,243,520,P0,1.2,2001-01-01,SS00201,,2001-01-01,DTC,True
"MultiLineString ((1099566.79747271002270281 1767165.2064779601059854, 1099566.75550933997146785 1767166.25566749996505678, 1099566.48033158993348479 1767174.1004769098944962, 1099566.45479875989258289 1767174.82734641991555691, 1099566.41803397005423903 1767175.73357786005362868, 1099566.1466892899479717 1767181.545707399956882, 1099566.12454839004203677 1767182.07723273010924459))",SA001,211252,2723063100,35803045,54000,1992-01-01,SA005,13,25,16.89,,0,0,20119006912.0,1,25-STS-92,IQT903,211252,SA005,,B,470,520,P0,0.8,1992-01-01,SS00201,,1992-01-01,STS,True
"MultiLineString ((1099413.95223801000975072 1767401.20657644001767039, 1099413.0746913100592792 1767399.46786232991144061, 1099411.47744585992768407 1767396.41186438989825547, 1099407.57184966001659632 1767395.08267023996450007, 1099402.12554897996596992 1767384.45459709991700947, 1099400.69081159005872905 1767383.87541033001616597, 1099400.09721266990527511 1767382.41609824006445706, 1099399.49004715005867183 1767380.95539875002577901))",SA001,308751,2723063100,35803045,54000,2004-12-01,SA005,4,200,26.18,,0,0,2004540000000.0,1,200-DTC-04,IQT903,308751,SA005,,B,243,520,P0,1.3,2004-12-01,SS00201,,2004-12-01,DTC,True
"MultiLineString ((1099373.82754786009900272 1767300.2646066399756819, 1099373.39947257004678249 1767298.82731949002481997, 1099372.10999977006576955 1767294.93036971008405089, 1099371.56219526007771492 1767293.09031742997467518, 1099369.84664006996899843 1767285.97132474998943508, 1099368.13052873010747135 1767280.20701397000811994, 1099367.55893521010875702 1767278.46819689008407295, 1099366.70449372008442879 1767276.12048858008347452, 1099366.64229080989025533 1767275.90409255004487932, 1099367.43289917008951306 1767275.5064878799021244, 1099371.10121010011062026 1767272.99564776988700032, 1099378.49953156989067793 1767268.19389303005300462, 1099381.66582409990951419 1767266.85499366000294685, 1099382.07178230001591146 1767267.86403494002297521, 1099382.64674415998160839 1767269.50048926007002592, 1099384.60701996996067464 1767275.87902130000293255, 1099386.25543948006816208 1767281.16090557002462447, 1099387.82532408996485174 1767285.99733871989883482, 1099389.45341368997469544 1767290.63031370006501675, 1099389.94978134008124471 1767292.04461787990294397))",SA001,143236,2723063100,35803045,54000,1993-01-01,SA005,10,40,69.55,,0,0,20119006912.0,1,40-PFP-93,IQT903,143236,SA005,,B,243,520,P0,0.8,1993-01-01,SS00201,,1993-01-01,PFP,True
"MultiLineString ((1099401.286362319951877 1767398.3937565500382334, 1099400.32684081001207232 1767396.92739476007409394, 1099393.77453167992644012 1767386.68144391989335418, 1099379.02437759004533291 1767363.61643830989487469, 1099371.74224218004383147 1767352.01245465991087258, 1099359.47334697004407644 1767334.96666052006185055, 1099358.9618315699044615 1767334.21902542002499104, 1099357.07467562006786466 1767334.42090668994933367, 1099356.91793483006767929 1767334.92944995989091694))",SA001,308756,2723063100,35803045,54000,2004-12-01,SA005,4,80,79.0,,0,0,2004540000000.0,1,80-DTC-04,IQT903,308756,SA005,,B,243,520,P0,1.0,2004-12-01,SS00201,,2004-12-01,DTC,True
"MultiLineString ((1099582.23154059005901217 1767314.12992894998751581, 1099581.06040075002238154 1767314.14805252989754081, 1099580.19767377991229296 1767314.14488622988574207, 1099580.20303091988898814 1767312.52685717004351318, 1099579.92864170996472239 1767301.56723078992217779, 1099579.76189978001639247 1767272.58173367008566856, 1099577.35501467995345592 1767270.26858451007865369, 1099577.31309048994444311 1767268.88306985003873706, 1099577.16701691993512213 1767264.06293374998494983, 1099579.52324144006706774 1767258.84109463007189333, 1099579.58919179998338223 1767252.23931356007233262, 1099579.65104946005158126 1767242.67283667996525764, 1099579.68530292995274067 1767233.44877785001881421, 1099579.67926661996170878 1767229.84446630999445915, 1099579.64909253991208971 1767225.8392780099529773, 1099579.66440959996543825 1767224.54897136008366942))",SA001,3660,2723063100,35803045,54000,1994-01-01,SA005,4,100,93.2,,0,0,20119006912.0,1,100-DTC-94,IQT903,3660,SA005,,B,243,520,P0,1.0,1994-01-01,SS00201,,1994-01-01,DTC,True
"MultiLineString ((1099582.68950890004634857 1767215.96546739991754293, 1099562.84681049990467727 1767215.78518130001612008, 1099549.46500237472355366 1767215.71993829146958888, 1099541.07728682551532984 1767215.61376467696391046))",SA001,324777,2723063100,35803045,54000,1987-01-01,SA005,4,100,41.0,,0,0,20119006912.0,1,100-DTC-87,IQT903,324777,SA005,,B,470,520,P0,1.0,1987-01-01,SS00201,,1987-01-01,DTC,True
"MultiLineString ((1099372.10603745002299547 1767342.51201805006712675, 1099371.19578899000771344 1767341.35632365988567472, 1099369.53228397993370891 1767339.24234819994308054, 1099367.95006834995001554 1767337.24261923995800316, 1099367.16429856000468135 1767336.24981313990429044))",SA001,329430,2723063100,35803045,54000,2006-07-18,SA004,4,100,8.0,,0,0,2006540000000.0,1,100-DTC-06,IQT903,329430,SA004,,B,243,520,P0,1.0,2006-07-18,SS00201,,2006-07-18,DTC,True
"MultiLineString ((1099373.15552297001704574 1767343.84579082997515798, 1099374.94491940992884338 1767342.35324345994740725, 1099371.30354946991428733 1767337.75861849007196724, 1099368.16724339011125267 1767333.40473503991961479, 1099366.11199900996871293 1767334.83783876011148095))",SA001,324783,2723063100,35803045,54000,2006-07-18,SA004,4,300,16.07,,0,0,2006540000000.0,1,300-DTC-06,IQT903,324783,SA004,,B,243,520,P0,1.5,2006-07-18,SS00201,,2006-07-18,DTC,True
"MultiLineString ((1099574.49617610010318458 1767219.80548999994061887, 1099574.52403389988467097 1767218.80833679996430874, 1099574.56563280010595918 1767216.96730950009077787, 1099574.71999630006030202 1767216.94825870008207858, 1099574.86483939993195236 1767216.89284610003232956, 1099575.00445830007083714 1767216.8028500999789685, 1099575.15617229999043047 1767216.67842429992742836, 1099575.30251839989796281 1767216.52511200006119907, 1099575.4031585999764502 1767216.34810529998503625, 1099575.4752668000292033 1767216.15336690004914999, 1099575.5013162000104785 1767215.95792130008339882, 1099575.49032910005189478 1767215.90006019989959896, 1099575.46401709993369877 1767215.76150329993106425, 1099575.39780430006794631 1767215.57039649994112551, 1099575.30780870001763105 1767215.4307496000546962, 1099575.20029029995203018 1767215.30237210006453097, 1099575.05859889998100698 1767215.15614830004051328, 1099574.91033290000632405 1767215.05597739992663264, 1099574.74392120004631579 1767215.01313619990833104, 1099574.57042500004172325 1767214.99104540003463626, 1099574.57492709998041391 1767214.46188819990493357, 1099647.49291509995236993 1767215.11861160001717508, 1099650.81792220007628202 1767214.62583229993470013))",SA001,407424,2723063100,35803045,54000,2007-07-31,SA005,4,80,82.0,,0,0,20119006912.0,1,80-DTC-07,IQT903,407424,SA005,,B,470,520,P0,1.0,2007-07-31,SS00201,,2007-07-31,DTC,True
"MultiLineString ((1099403.26186243002302945 1767393.91144533990882337, 1099404.60084151988849044 1767393.36585872992873192))",SA001,437122,2723063100,35803045,54000,1988-01-01,SA005,4,80,1.45,,0,0,20119006912.0,1,80-DTC-88,IQT903,437122,SA005,,B,243,520,P0,1.0,1988-01-01,SS00201,,1988-01-01,DTC,True
"MultiLineString ((1099493.02063170005567372 1767162.17790219001471996, 1099492.77903677010908723 1767163.3420505600515753, 1099492.46431799000129104 1767164.85853009996935725, 1099491.2176921300124377 1767170.86534366011619568, 1099489.62466533994302154 1767178.54135103989392519, 1099489.37570355995558202 1767179.74098432995378971, 1099488.93817139999009669 1767181.84923476004041731, 1099487.72847111010923982 1767187.6781195099465549, 1099487.09321258007548749 1767190.73911945009604096, 1099485.28599755000323057 1767199.44715753989294171, 1099482.77133912011049688 1767211.56402101996354759, 1099482.39928253996185958 1767213.01715520001016557))",SA001,72531,2723063100,35803045,54000,1991-01-01,SA005,4,80,51.95,,0,0,20119006912.0,1,80-DTC-91,IQT903,72531,SA005,,B,243,520,P0,1.0,1991-01-01,SS00201,,1991-01-01,DTC,True
"MultiLineString ((1099698.2085294199641794 1767261.88030547997914255, 1099698.31128508993424475 1767260.38418126991018653, 1099698.01454975991509855 1767250.52522107004188001, 1099698.26988725992850959 1767246.82379753002896905, 1099702.24908341001719236 1767239.41471051005646586, 1099703.5502148699015379 1767236.92005261010490358, 1099706.60174230998381972 1767231.30941781005822122, 1099706.90224391990341246 1767230.75013301009312272, 1099707.90960321994498372 1767228.87381895002909005, 1099709.99747613002546132 1767224.98632250004447997, 1099713.29446465009823442 1767218.84663578006438911, 1099714.44796671997755766 1767216.69858922995626926, 1099715.25988569995388389 1767215.18721497990190983, 1099720.61891756998375058 1767205.20764164999127388, 1099721.24564195005223155 1767204.03935438999906182, 1099723.3705279000569135 1767200.08344753994606435, 1099723.91947678988799453 1767193.38399662007577717, 1099724.21542507992126048 1767189.77112454990856349, 1099726.04191117989830673 1767167.4659222699701786, 1099725.7196242599748075 1767167.22604973008856177, 1099725.51697807991877198 1767166.87902990006841719, 1099725.47965099010616541 1767166.56739484006538987, 1099725.46904245996847749 1767166.47938784002326429, 1099725.5819184600841254 1767166.0942022199742496, 1099725.83760551991872489 1767165.78414576989598572, 1099726.19532443000935018 1767165.59960323991253972, 1099726.3267261500004679 1767163.99487848998978734, 1099728.01112045999616385 1767164.02054061996750534, 1099727.99576455005444586 1767165.09212130005471408, 1099727.97392521006986499 1767166.59150923998095095))",SA001,106609,2723063100,35803045,54000,1988-01-01,SA005,5,50,109.16,,0,0,20119006912.0,1,50-EPS-88,IQT903,106609,SA005,,B,470,520,P0,0.8,1988-01-01,SS00201,,1988-01-01,EPS,True
"MultiLineString ((1099533.39607855002395809 1767114.99391286005266011, 1099533.744335169903934 1767116.37848710990510881, 1099533.6222961600869894 1767121.43678649002686143, 1099533.52582326997071505 1767125.40760422009043396, 1099533.35692199994809926 1767133.41055780998431146, 1099533.29812770988792181 1767135.9602498400490731, 1099533.25538706011138856 1767137.84825550997629762, 1099532.85177373001351953 1767168.23541006003506482, 1099532.80573537992313504 1767171.70242494996637106, 1099532.61495194002054632 1767182.37966891005635262, 1099532.33865321008488536 1767192.19566009007394314, 1099532.27635003998875618 1767194.90621938998810947, 1099532.16103321011178195 1767199.98556528007611632, 1099531.93636880000121891 1767210.2692787500564009))",SA001,106659,2723063100,35803045,54000,1994-01-01,SA005,4,200,95.37,,0,0,20119006912.0,1,200-DTC-94,IQT903,106659,SA005,,B,243,520,P0,1.3,1994-01-01,SS00201,,1994-01-01,DTC,True
"MultiLineString ((1099627.78643656009808183 1767165.62140917009674013, 1099627.46201018989086151 1767180.94970371993258595, 1099627.43858779990114272 1767182.09319854993373156))",SA001,211480,2723063100,35803045,54000,1998-01-01,SA005,13,25,16.48,,0,0,20119006912.0,1,25-STS-98,IQT903,211480,SA005,,B,470,520,P0,0.8,1998-01-01,SS00201,,1998-01-01,STS,True
"MultiLineString ((1099595.97077659005299211 1767165.31282138009555638, 1099595.98328596004284918 1767171.38489652005955577, 1099596.00189094990491867 1767180.46861034003086388, 1099596.00322400010190904 1767181.3034445398952812))",SA001,72488,2723063100,35803045,54000,1994-01-01,SA005,13,25,16.0,,0,0,20119006912.0,1,25-STS-94,IQT903,72488,SA005,,B,470,520,P0,0.8,1994-01-01,SS00201,,1994-01-01,STS,True
"MultiLineString ((1099685.9715274500194937 1767166.18473339010961354, 1099685.94873295002616942 1767167.68416260997764766, 1099685.92585638002492487 1767169.18345019989646971))",SA001,245475,2723063100,35803045,54000,1994-01-01,SA005,4,100,3.0,,0,0,20119006912.0,1,100-DTC-94,IQT903,245475,SA005,,B,470,520,P0,1.0,1994-01-01,SS00201,,1994-01-01,DTC,True
"MultiLineString ((1099578.31877980008721352 1767219.70546730002388358, 1099579.25725800008513033 1767220.4406965000089258, 1099579.25725800008513033 1767220.4406965000089258, 1099579.94502700003795326 1767220.99091170006431639, 1099579.66440959996543825 1767224.54897139989770949))",SA001,324775,2723063100,35803045,54000,2006-07-18,SA005,4,100,5.0,,0,0,2006540000000.0,1,100-DTC-06,IQT903,324775,SA005,,B,243,520,P0,1.0,2006-07-18,SS00201,,2006-07-18,DTC,True
"MultiLineString ((1099640.96126502007246017 1767261.44609960005618632, 1099640.91238464997150004 1767251.66107570007443428, 1099640.90470322989858687 1767250.2632565600797534, 1099640.81677114008925855 1767240.68122711009345949, 1099640.81218216009438038 1767239.66532045998610556))",SA001,106357,2723063100,35803045,54000,1992-01-01,SA005,13,25,21.79,,0,0,20119006912.0,1,25-STS-92,IQT903,106357,SA005,,B,470,520,P0,0.8,1992-01-01,SS00201,,1992-01-01,STS,True
"MultiLineString ((1099699.48734690994024277 1767313.20652625989168882, 1099698.68294905009679496 1767314.09813758009113371, 1099684.7968124900944531 1767314.13458773004822433, 1099677.32373038004152477 1767314.26171708991751075, 1099669.43260116991586983 1767314.1324839498847723, 1099663.62259999010711908 1767314.13200090988539159, 1099652.66556955990381539 1767314.13105017994530499, 1099639.6179451800417155 1767314.02366336993873119, 1099635.99755736999213696 1767314.02350016008131206, 1099634.49790372001007199 1767314.02265548007562757, 1099633.6034157199319452 1767314.03104540007188916, 1099623.34085199004039168 1767314.12736522988416255, 1099616.56309117004275322 1767314.12606181995943189, 1099610.79714453988708556 1767314.12524444004520774, 1099598.99317257991060615 1767314.12440172000788152, 1099594.48604115005582571 1767314.1237916499376297, 1099585.13179226010106504 1767314.1450330400839448, 1099583.61652890988625586 1767314.11497614998370409, 1099582.23154059005901217 1767314.12992894998751581))",SA001,324768,2723063100,35803045,54000,1994-01-01,SA005,4,100,117.69,,0,0,20119006912.0,1,100-DTC-94,IQT903,324768,SA005,,B,243,520,P0,1.0,1994-01-01,SS00201,,1994-01-01,DTC,True
"MultiLineString ((1099593.21754695009440184 1767218.07047334010712802, 1099589.98756888997741044 1767218.0422509100753814, 1099588.53561890008859336 1767216.01852431008592248, 1099586.58625156991183758 1767216.00080975005403161, 1099584.28303356003016233 1767215.97968418011441827, 1099582.68950890004634857 1767215.96546735009178519))",SA001,324776,2723063100,35803045,54000,2006-07-18,SA005,4,100,11.57,,0,0,2006540000000.0,1,100-DTC-06,IQT903,324776,SA005,,B,470,520,P0,1.0,2006-07-18,SS00201,,2006-07-18,DTC,True
"MultiLineString ((1099715.25988569995388389 1767215.18721497990190983, 1099703.58513318002223969 1767208.67453087004832923, 1099702.71367882005870342 1767208.18832680000923574, 1099693.45002893009223044 1767203.02111215004697442, 1099680.00666150008328259 1767195.52262797998264432))",SA001,143186,2723063100,35803045,54000,1993-01-01,SA005,10,40,40.38,,0,0,20119006912.0,1,40-PFP-93,IQT903,143186,SA005,,B,470,520,P0,0.8,1993-01-01,SS00201,,1993-01-01,PFP,True
"MultiLineString ((1099614.19004318001680076 1767261.57541745994240046, 1099614.35505295009352267 1767250.74667966994456947, 1099614.36983119999058545 1767249.70908835995942354, 1099614.39102371991612017 1767248.31769241997972131, 1099614.48027932993136346 1767242.45810049003921449, 1099614.50703329988755286 1767240.70078685996122658, 1099614.52277289004996419 1767239.66823558998294175))",SA001,72229,2723063100,35803045,54000,1992-01-01,SA005,13,25,21.92,,0,0,20119006912.0,1,25-STS-92,IQT903,72229,SA005,,B,470,520,P0,0.8,1992-01-01,SS00201,,1992-01-01,STS,True
"MultiLineString ((1099742.09189438004978001 1767262.19966038991697133, 1099727.12623892002739012 1767262.0866928999312222, 1099725.08185604005120695 1767262.07156202988699079, 1099716.78428051993250847 1767262.00913945003412664, 1099714.46595566999167204 1767261.99179622996598482, 1099698.47447809996083379 1767261.87835243996232748, 1099698.2085294199641794 1767261.88030547997914255, 1099697.49945465009659529 1767261.87514674011617899, 1099696.70891701988875866 1767261.86943922005593777, 1099683.92276044003665447 1767261.76657414995133877, 1099671.84530757996253669 1767261.67661060998216271, 1099663.75668445997871459 1767261.61635716003365815, 1099640.96126502007246017 1767261.44609960005618632, 1099633.55841092998161912 1767261.3913208800368011, 1099614.19004318001680076 1767261.57541745994240046, 1099602.02561133005656302 1767261.48414663993753493, 1099597.57186760008335114 1767261.45122945006005466, 1099586.50312249991111457 1767261.36863834992982447, 1099586.21920360997319221 1767261.36529022990725935, 1099583.68426423007622361 1767257.58422592002898455, 1099583.78144761989824474 1767248.58227336010895669, 1099583.92840649001300335 1767230.56124510010704398, 1099584.06782669993117452 1767223.21516633010469377, 1099584.16797349997796118 1767219.85729170008562505, 1099584.22945011011324823 1767217.78759653004817665, 1099584.28303356003016233 1767215.97968418011441827))",SA001,245431,2723063100,35803045,54000,1994-01-01,SA005,4,150,202.1,,0,0,20119006912.0,1,150-DTC-94,IQT903,245431,SA005,,B,470,520,P0,1.1,1994-01-01,SS00201,,1994-01-01,DTC,True
"MultiLineString ((1099698.74504946009255946 1767308.98703412991017103, 1099700.03426960995420814 1767307.81869903998449445, 1099700.05030978005379438 1767304.28875660011544824))",SA001,324770,2723063100,35803045,54000,2006-07-18,SA005,4,100,5.0,,0,0,2006540000000.0,1,100-DTC-06,IQT903,324770,SA005,,B,470,520,P0,1.0,2006-07-18,SS00201,,2006-07-18,DTC,True
"MultiLineString ((1099703.85666479007340968 1767315.36670491006225348, 1099702.41606621001847088 1767313.78307386999949813, 1099701.45039663999341428 1767312.72256926004774868, 1099699.9449898200109601 1767312.69962610001675785, 1099699.48734690994024277 1767313.20652625989168882))",SA001,324767,2723063100,35803045,54000,1994-01-01,SA005,4,100,6.0,,0,0,20119006912.0,1,100-DTC-94,IQT903,324767,SA005,,B,243,520,P0,1.0,1994-01-01,SS00201,,1994-01-01,DTC,True
"MultiLineString ((1099650.66577687999233603 1767310.80005991994403303, 1099650.67040214990265667 1767297.85363729996606708, 1099650.67918009008280933 1767297.01488740998320282, 1099650.70665107993409038 1767283.6866697499062866, 1099650.71398884989321232 1767282.93989684991538525, 1099650.7114696700591594 1767269.9851388200186193, 1099650.74168874998576939 1767267.08413597010076046, 1099651.22815829003229737 1767267.04755597002804279, 1099651.57226524990983307 1767266.96881275996565819, 1099651.91977419005706906 1767266.73613487998954952, 1099652.13809248991310596 1767266.31649283994920552, 1099652.22439476009458303 1767265.84089355007745326, 1099652.21724515990354121 1767265.79639850999228656, 1099652.13766135997138917 1767265.29674767004325986, 1099651.96476260991767049 1767265.02910108002834022, 1099651.71129659004509449 1767264.80131820007227361, 1099651.35238336003385484 1767264.66683527990244329, 1099650.78001843998208642 1767264.56916533992625773, 1099650.80956815998069942 1767262.62792429002001882, 1099648.42749747005291283 1767262.59163493989035487, 1099648.41739384992979467 1767263.25341290002688766, 1099648.40028578997589648 1767264.31292256992310286, 1099648.39354614005424082 1767264.75375221995636821, 1099648.37783619994297624 1767265.78436693991534412))",SA001,142928,2723063100,35803045,54000,1991-01-01,SA005,10,40,55.64,,0,0,20119006912.0,1,40-PFP-91,IQT903,142928,SA005,,B,470,520,P0,0.8,1991-01-01,SS00201,,1991-01-01,PFP,True
"MultiLineString ((1099697.49991586990654469 1767261.86339074000716209, 1099697.49945465009659529 1767261.87514674011617899, 1099697.43646865990012884 1767263.57499824999831617, 1099697.29631794989109039 1767267.35331666003912687, 1099697.25381764001213014 1767268.50145992008037865, 1099700.6405776001047343 1767271.56250186008401215, 1099700.76575498003512621 1767273.06967732007615268, 1099700.5416833299677819 1767281.62675892002880573, 1099700.33398716989904642 1767290.11196933011524379, 1099700.05030978005379438 1767304.28875660011544824))",SA001,106610,2723063100,35803045,54000,1994-01-01,SA005,4,150,43.96,,0,0,20119006912.0,1,150-DTC-94,IQT903,106610,SA005,,B,470,520,P0,1.1,1994-01-01,SS00201,,1994-01-01,DTC,True
"MultiLineString ((1099597.57186760008335114 1767261.4512294998858124, 1099597.57504780008457601 1767262.62289789994247258, 1099597.57329469989053905 1767265.62638689996674657, 1099597.56548859993927181 1767276.78867250005714595, 1099597.56103179999627173 1767283.17208250006660819, 1099597.56054752762429416 1767283.7180855602491647, 1099597.55991979991085827 1767284.42583020008169115, 1099597.55059259990230203 1767296.59050900000147521, 1099597.54971459996886551 1767297.69734800001606345, 1099597.5455827999394387 1767304.5990124000236392, 1099597.54203039989806712 1767306.11594610009342432, 1099597.53557400009594858 1767308.86254030000418425, 1099597.53472810005769134 1767310.36227790010161698))",SA001,143187,2723063100,35803045,54000,1994-01-01,SA005,4,100,48.93,,0,0,20119006912.0,1,100-DTC-94,IQT903,143187,SA005,,B,470,520,P0,1.0,1994-01-01,SS00201,,1994-01-01,DTC,True
"MultiLineString ((1099586.50312249991111457 1767261.36863834992982447, 1099586.43426864990033209 1767262.86735995998606086, 1099586.23045044997707009 1767267.12631203001365066, 1099583.03168404009193182 1767271.02286083996295929, 1099583.02948042005300522 1767274.27696095011197031, 1099583.00689139007590711 1767307.30551779991947114, 1099586.43051998992450535 1767310.31111708004027605, 1099597.5347280700225383 1767310.36227793991565704, 1099624.12814041995443404 1767310.48441830999217927, 1099638.30668173008598387 1767310.5493973100092262, 1099650.66577687999233603 1767310.80005991994403303, 1099678.4956971500068903 1767310.7336030900478363, 1099681.16502017993479967 1767310.74631285993382335, 1099684.03535444010049105 1767310.75902049010619521, 1099689.70476742996834219 1767310.77550908992998302, 1099696.54324925993569195 1767310.79543133010156453, 1099698.74504946009255946 1767308.98703412991017103))",SA001,324769,2723063100,35803045,54000,1994-01-01,SA005,4,100,164.66,,0,0,20119006912.0,1,100-DTC-94,IQT903,324769,SA005,,B,470,520,P0,1.0,1994-01-01,SS00201,,1994-01-01,DTC,True
"MultiLineString ((1099597.57329473993740976 1767265.6263869300018996, 1099599.40992823010310531 1767265.63234862009994686, 1099605.66646749991923571 1767265.65167378005571663, 1099617.88971528992988169 1767265.68988914997316897, 1099621.75784602994099259 1767265.70177210005931556, 1099625.7384625100530684 1767265.71414669998921454, 1099648.37783619994297624 1767265.78436693991534412, 1099652.21724515990354121 1767265.79639850999228656, 1099659.36840654001571238 1767265.81878991005942225, 1099667.30762739991769195 1767265.84373457008041441, 1099681.20247184997424483 1767265.88737117010168731, 1099692.59097835002467036 1767265.92287806002423167, 1099693.61485650995746255 1767267.29721907991915941, 1099695.7089534099213779 1767267.32914357003755867, 1099697.29631794989109039 1767267.35331666003912687))",SA001,38045,2723063100,35803045,54000,2006-12-08,SA005,4,80,100.0,,0,0,2007540000000.0,1,80-DTC-06,IQT903,38045,SA005,,B,470,520,P0,1.0,2006-12-08,SS00201,,2006-12-08,DTC,True
"MultiLineString ((1099621.75784602994099259 1767265.70177210005931556, 1099621.7831445001065731 1767264.30443128990009427, 1099621.80594159010797739 1767263.07002269010990858, 1099621.81872787000611424 1767262.36333920992910862, 1099624.24573452002368867 1767262.40031842002645135, 1099624.21344121010042727 1767264.51844066008925438, 1099625.09543649991974235 1767264.57586121000349522, 1099625.44492754992097616 1767264.80107558006420732, 1099625.70374885993078351 1767265.20302865002304316, 1099625.7384625100530684 1767265.71414669998921454, 1099625.73972485004924238 1767265.73249852005392313, 1099625.59801603993400931 1767266.30424344004131854, 1099625.1937949201092124 1767266.78394566010683775, 1099624.70695690996944904 1767266.90853255009278655, 1099624.22113499999977648 1767266.90110217011533678, 1099624.12283687992021441 1767279.26539917988702655, 1099624.12427408993244171 1767283.23873191000893712, 1099624.12551412009634078 1767284.14360984996892512, 1099624.12926365993916988 1767296.17151656001806259, 1099624.12971043004654348 1767296.99639898003078997, 1099624.12814041995443404 1767310.48441830999217927))",SA001,3699,2723063100,35803045,54000,1991-01-01,SA005,10,40,56.0,,0,0,20119006912.0,1,40-PFP-91,IQT903,3699,SA005,,B,470,520,P0,0.8,1991-01-01,SS00201,,1991-01-01,PFP,True
"MultiLineString ((1099658.29353569005616009 1767165.91709504998289049, 1099658.1762369500938803 1767178.01613758993335068, 1099658.17120853997766972 1767178.47900366992689669))",SA001,72231,2723063100,35803045,54000,1993-01-01,SA005,13,20,12.57,,0,0,20119006912.0,1,20-STS-93,IQT903,72231,SA005,,B,470,520,P0,0.8,1993-01-01,SS00201,,1993-01-01,STS,True
"MultiLineString ((1099663.75668445997871459 1767261.61635716003365815, 1099663.80831991997547448 1767258.22371097002178431, 1099664.02938290010206401 1767243.64871443994343281, 1099664.03752325009554625 1767243.11298747011460364))",SA001,37765,2723063100,35803045,54000,1991-01-01,SA005,13,25,18.51,,0,0,20119006912.0,1,25-STS-91,IQT903,37765,SA005,,B,470,520,P0,0.8,1991-01-01,SS00201,,1991-01-01,STS,True
"MultiLineString ((1099625.80579299991950393 1767162.20786729990504682, 1099625.81427740002982318 1767161.26568769989535213, 1099625.9166429559700191 1767149.87669389578513801, 1099625.92403330001980066 1767149.05445849988609552, 1099625.92912389989942312 1767148.48878580005839467))",SA001,440012,2723063100,35803045,54000,2015-01-16,SA005,13,40,13.72,,0,0,20159000424.0,1,40-STS-15,IQT903,440012,SA005,,B,470,520,P0,0.8,2015-01-16,SS00201,,2015-01-16,STS,True
"MultiLineString ((1099444.44233112991787493 1767178.06020748009905219, 1099444.66286983992904425 1767178.08658592007122934))",SA001,470705,2723063100,35803045,54000,2021-06-14,SA005,13,50,0.22,,0,0,20219006333.0,1,50-STS-21,IQT001,470705,SA005,,B,243,520,P0,0.5,2021-06-14,SS00201,,2021-06-14,STS,True
"MultiLineString ((1099444.66286983992904425 1767178.08658592007122934, 1099444.91866729990579188 1767178.16249506990425289, 1099444.83328828006051481 1767178.44813036010600626, 1099444.2672257199883461 1767178.32947368989698589))",SA001,470707,2723063100,35803045,54000,2021-06-14,SA005,13,50,1.14,,0,0,20219006333.0,1,50-STS-21,IQT001,470707,SA005,,B,243,520,P0,0.3,2021-06-14,SS00201,,2021-06-14,STS,True
"MultiLineString ((1099489.26764820003882051 1767164.23890383006073534, 1099489.73579229996539652 1767164.02812290005385876, 1099492.46538129006512463 1767162.46132131991907954, 1099493.02063170005567372 1767162.17790219001471996))",SA001,470708,2723063100,35803045,54000,2021-06-14,SA005,18,80,4.29,,0,0,20219006333.0,1,80-DTEP-21,IQT001,470708,SA005,,B,243,520,P0,0.7,2021-06-14,SS00201,,2021-06-14,DTEP,True
"MultiLineString ((1099443.15326202008873224 1767184.07035496993921697, 1099443.48993785004131496 1767182.50064726988784969, 1099444.3382211800199002 1767178.54552748007699847, 1099444.32480488996952772 1767178.54532150994054973, 1099444.23597977007739246 1767178.49218912003561854, 1099444.18562712008133531 1767178.40177530003711581, 1099444.18721581995487213 1767178.29829024989157915, 1099444.24032014003023505 1767178.20946469996124506, 1099444.33073396002873778 1767178.15911204996518791, 1099444.42080271989107132 1767178.16049477993510664, 1099444.44233112991787493 1767178.06020748009905219))",SA001,470709,2723063100,35803045,54000,2021-06-14,SA005,13,50,6.38,,0,0,20219006333.0,1,50-STS-21,IQT001,470709,SA005,,B,243,520,P0,0.5,2021-06-14,SS00201,,2021-06-14,STS,True
"MultiLineString ((1099444.44233112991787493 1767178.06020748009905219, 1099444.92357961996458471 1767175.90408825990743935, 1099445.93150951992720366 1767171.38827966991811991, 1099446.34163834992796183 1767169.55086141009815037, 1099450.73838077997788787 1767170.60292076994664967, 1099455.08069930993951857 1767171.53168514999561012, 1099459.1413202800322324 1767172.7458222599234432))",SA001,470710,2723063100,35803045,54000,2021-06-14,SA005,13,50,21.92,,0,0,20219006333.0,1,50-STS-21,IQT001,470710,SA005,,B,243,520,P0,0.6,2021-06-14,SS00201,,2021-06-14,STS,True
"MultiLineString ((1099459.1413202800322324 1767172.7458222599234432, 1099459.3986653599422425 1767171.28904614993371069, 1099459.491603699978441 1767170.90052277990616858, 1099457.95143674011342227 1767163.0876451600342989, 1099457.6847275800537318 1767161.7346993600949645))",SA001,470711,2723063100,35803045,54000,2021-06-14,SA005,13,50,11.22,,0,0,20219006333.0,1,50-STS-21,IQT001,470711,SA005,,B,243,520,P0,0.5,2021-06-14,SS00201,,2021-06-14,STS,True
"MultiLineString ((1099459.1413202800322324 1767172.7458222599234432, 1099468.32518061995506287 1767174.73448538989759982, 1099469.76592835993506014 1767174.00969048007391393, 1099480.53533435007557273 1767168.59205255005508661, 1099489.26764820003882051 1767164.23890383006073534))",SA001,470712,2723063100,35803045,54000,2021-06-14,SA005,13,50,32.83,,0,0,20219006333.0,1,50-STS-21,IQT001,470712,SA005,,B,243,520,P0,0.6,2021-06-14,SS00201,,2021-06-14,STS,True
"MultiLineString ((1099157.02925459994003177 1767123.42437930009327829, 1099157.06956669990904629 1767124.06093350006267428, 1099157.27467019995674491 1767125.14027619990520179, 1099158.37284169998019934 1767130.91749870008789003, 1099158.93698280001990497 1767133.52764909993857145, 1099160.52662819996476173 1767140.88251890009269118, 1099161.15055599994957447 1767143.76952790003269911, 1099161.57648709998466074 1767145.7396841999143362, 1099163.34264830010943115 1767153.9110769999679178, 1099163.57709880010224879 1767154.99345310009084642, 1099164.81281889998354018 1767160.7112489000428468, 1099165.86289640003815293 1767162.59713519993238151, 1099166.72727730008773506 1767163.68297749990597367, 1099167.6504895999096334 1767164.80068879993632436, 1099167.81780770001932979 1767164.7826509999576956, 1099175.03328710002824664 1767164.00512859993614256, 1099175.03328710002824664 1767164.00512859993614256, 1099176.57132490002550185 1767165.65852830000221729, 1099182.52799819991923869 1767173.15890830010175705, 1099187.13171290000900626 1767179.08540050010196865, 1099194.15395199996419251 1767187.79742410010658205, 1099196.07354589994065464 1767188.71748959994874895, 1099197.42543870001100004 1767189.365981699898839))",SA001,210412,2723061000,35803044,54000,1995-01-01,SA005,4,80,84.7,,0,0,20119006912.0,1,80-DTC-95,IQT903,210412,SA005,,B,461,520,P0,1.0,1995-01-01,SS00201,,1995-01-01,DTC,True
"MultiLineString ((1099167.81780770001932979 1767164.7826509999576956, 1099165.62239310005679727 1767164.95565710007213056, 1099163.15782260010018945 1767168.4885986999142915, 1099162.43412290001288056 1767169.73790500010363758, 1099161.57263460010290146 1767171.22498949989676476, 1099160.97488539991900325 1767172.36758240009658039, 1099160.73996339994482696 1767172.77888350002467632, 1099160.40905410004779696 1767173.35832319990731776, 1099157.41864460008218884 1767178.5946875000372529, 1099156.85019079991616309 1767179.59006020007655025, 1099156.56916700000874698 1767180.08209670009091496, 1099156.00036829989403486 1767181.07799750007688999, 1099155.22866989998146892 1767182.42917779996059835, 1099154.66297017899341881 1767183.4199928711168468, 1099154.43974129995331168 1767183.81097509991377592, 1099155.16244210000149906 1767189.14787400001659989, 1099155.40195959992706776 1767193.5630646999925375, 1099155.58739120000973344 1767198.131018599960953, 1099155.84553380007855594 1767204.48383529996499419, 1099155.92865279992111027 1767206.5087512000463903, 1099155.95279269991442561 1767207.09601159999147058, 1099156.76917880005203187 1767214.07309240009635687, 1099154.04411159991286695 1767218.35189460008405149, 1099150.88973170006647706 1767223.04600390000268817))",SA001,243991,2723061000,35803044,54000,2017-09-20,SA005,13,50,65.26,,0,0,20179010401.0,1,50-STS-17,IQT903,243991,SA005,,B,461,520,P0,0.8,2017-09-20,SS00201,,2017-09-20,STS,True
"MultiLineString ((1099283.68619295000098646 1767099.1409080799203366, 1099279.80242365994490683 1767097.92791544995270669, 1099275.63595416001044214 1767096.62672545993700624, 1099273.29552568006329238 1767095.89517473010346293, 1099272.12824345007538795 1767095.53042697999626398))",SA001,243997,2723063100,35803045,54000,1991-01-01,SA005,13,25,12.11,,0,0,20119006912.0,1,25-STS-91,IQT903,243997,SA005,,B,461,520,P0,0.8,1991-01-01,SS00201,,1991-01-01,STS,True
"MultiLineString ((1099324.35455547994934022 1767141.39123034989461303, 1099323.0506492699496448 1767141.40234723989851773, 1099321.20963666005991399 1767139.25869701011106372, 1099306.50685577001422644 1767139.28868190990760922, 1099296.86639276007190347 1767138.87333312002010643, 1099295.89271177002228796 1767138.53954722988419235, 1099287.60667514009401202 1767136.03836341993883252, 1099277.10733483009971678 1767132.44505885988473892, 1099269.06870478997007012 1767129.69407972996123135, 1099263.49902446009218693 1767127.96556383999995887))",SA001,36934,2723063100,35803045,54000,1996-01-01,SA005,10,80,63.61,,0,0,20119006912.0,1,80-PFP-96,IQT903,36934,SA005,,B,461,520,P0,1.0,1996-01-01,SS00201,,1996-01-01,PFP,True
"MultiLineString ((1099244.49774400005117059 1767132.07633532001636922, 1099248.32475856994278729 1767133.2794170998968184, 1099246.10759796993806958 1767144.97439235006459057, 1099244.48329751007258892 1767151.60260748001746833))",SA001,36409,2723063100,35803044,54000,1992-01-01,SA005,13,25,22.75,,0,0,20119006912.0,1,25-STS-92,IQT903,36409,SA005,,B,461,520,P0,0.8,1992-01-01,SS00201,,1992-01-01,STS,True
"MultiLineString ((1099390.13796068006195128 1767138.9396384300198406, 1099388.94500763993710279 1767138.96144240000285208, 1099384.83137152995914221 1767138.92395037994720042, 1099373.36631889990530908 1767139.06032211007550359, 1099364.20336952991783619 1767139.16965451999567449, 1099352.83328907005488873 1767139.30442412011325359, 1099345.77330873999744654 1767139.38882579002529383, 1099336.49425310990773141 1767139.49949195003136992, 1099327.80023179994896054 1767139.60305294999852777, 1099326.35655768006108701 1767141.37070135003887117, 1099325.53953448007814586 1767141.38227424002252519, 1099324.35455547994934022 1767141.39123034989461303))",SA001,141957,2723063100,35803045,54000,1994-01-01,SA005,4,80,66.65,,0,0,20119006912.0,1,80-DTC-94,IQT903,141957,SA005,,B,461,520,P0,1.0,1994-01-01,SS00201,,1994-01-01,DTC,True
"MultiLineString ((1099390.06339885992929339 1767133.41669991007074714, 1099388.5649220400955528 1767133.46180350007489324, 1099387.12355177011340857 1767133.50483599002473056, 1099385.73535422002896667 1767135.17541376990266144, 1099384.14227443002164364 1767135.19812169997021556, 1099371.63132577994838357 1767135.43281129002571106, 1099369.35570664005354047 1767135.40983601007610559, 1099351.09148622001521289 1767135.30123297008685768, 1099343.6542716899421066 1767135.10230240994133055, 1099339.39954133005812764 1767135.04248715005815029, 1099325.72616881993599236 1767134.85026289010420442, 1099324.8915360199753195 1767132.72818258008919656, 1099324.55060714995488524 1767132.72794591006822884, 1099323.10686515993438661 1767132.72798852995038033))",SA001,71262,2723063100,35803045,54000,1988-01-01,SA005,4,100,69.22,,0,0,20119006912.0,1,100-DTC-88,IQT903,71262,SA005,,B,461,520,P0,1.0,1988-01-01,SS00201,,1988-01-01,DTC,True
"MultiLineString ((1099365.98507315991446376 1767055.40775187010876834, 1099365.71065558004193008 1767056.88125039008446038, 1099365.3622507699765265 1767058.74870068999007344, 1099363.89686217997223139 1767066.60695705004036427, 1099363.18470231001265347 1767070.42738848994486034, 1099363.04349381988868117 1767071.56823187996633351, 1099362.56868205009959638 1767075.40451922989450395, 1099362.02127929008565843 1767079.21097232005558908, 1099360.18843936990015209 1767086.49789328989572823, 1099359.40343696996569633 1767090.7071844800375402, 1099359.14864880009554327 1767092.07607116992585361, 1099357.07351400004699826 1767103.20245571993291378, 1099356.81439984007738531 1767104.5952793899923563, 1099354.83181360992603004 1767115.22316808998584747, 1099354.3603274601045996 1767117.75652865995652974, 1099351.86925417999736965 1767131.11518864007666707, 1099351.09148622001521289 1767135.30123297008685768))",SA001,246553,2723063100,35803045,54000,1986-01-01,SA005,5,50,81.32,,0,0,20119006912.0,1,50-EPS-86,IQT903,246553,SA005,,B,461,520,P0,0.8,1986-01-01,SS00201,,1986-01-01,EPS,True
"MultiLineString ((1099296.38638058002106845 1767134.36556561989709735, 1099296.77238019998185337 1767132.9166890000924468, 1099297.26024057995527983 1767131.08144751004874706, 1099299.70178008009679615 1767122.04109709989279509, 1099299.87254852009937167 1767121.39781672996468842, 1099301.46126375999301672 1767115.42708391998894513, 1099303.06797990994527936 1767109.38467335002496839, 1099303.47736620996147394 1767107.84612187999300659, 1099303.63961356994695961 1767107.23670848994515836))",SA001,243996,2723063100,35803045,54000,1987-01-01,SA005,5,40,28.09,,0,0,20119006912.0,1,40-EPS-87,IQT903,243996,SA005,,B,461,520,P0,0.8,1987-01-01,SS00201,,1987-01-01,EPS,True
"MultiLineString ((1099295.89271177002228796 1767138.53954722988419235, 1099296.61888926010578871 1767151.87378828995861113, 1099296.67372979992069304 1767153.52435143990442157))",SA001,2782,2723063100,35803045,54000,1990-01-01,SA005,13,20,15.01,,0,0,20119006912.0,1,20-STS-90,IQT903,2782,SA005,,B,461,520,P0,0.8,1990-01-01,SS00201,,1990-01-01,STS,True
"MultiLineString ((1099289.84834753000177443 1767079.32161554996855557, 1099283.68619295000098646 1767099.1409080799203366, 1099283.18657135008834302 1767100.65235827001743019, 1099280.04510693997144699 1767111.44156665005721152, 1099279.3387763500213623 1767113.70638558990322053, 1099277.95638935989700258 1767118.51697701006196439, 1099276.07075014989823103 1767124.5561438100412488, 1099275.5042020499240607 1767126.36917772004380822, 1099275.05751261999830604 1767127.80117643997073174))",SA001,71374,2723063100,35803045,54000,1987-01-01,SA005,5,40,50.7,,0,0,20119006912.0,1,40-EPS-87,IQT903,71374,SA005,,B,461,520,P0,0.8,1987-01-01,SS00201,,1987-01-01,EPS,True
"MultiLineString ((1099320.18527496000751853 1767101.15485403011552989, 1099332.27420924999751151 1767107.25498983007855713, 1099334.18780080997385085 1767103.04334484995342791, 1099334.90419851988554001 1767100.47387893008999527, 1099336.77902635000646114 1767093.61927142995409667, 1099337.66587918996810913 1767090.88776733004488051, 1099339.09251538990065455 1767086.25609691999852657))",SA001,36486,2723063100,35803045,54000,1991-01-01,SA005,13,25,35.67,,0,0,20119006912.0,1,25-STS-91,IQT903,36486,SA005,,B,461,520,P0,0.8,1991-01-01,SS00201,,1991-01-01,STS,True
"MultiLineString ((1099532.61495194002054632 1767182.37966891005635262, 1099529.58065693988464773 1767182.33280579000711441, 1099521.06436094990931451 1767182.23564064991660416, 1099520.42919990001246333 1767182.25098799006082118))",SA001,3989,2723063100,35803045,54000,1992-01-01,SA005,13,25,12.19,,0,0,20119006912.0,1,25-STS-92,IQT903,3989,SA005,,B,243,520,P0,0.8,1992-01-01,SS00201,,1992-01-01,STS,True
"MultiLineString ((1099578.31877980008721352 1767219.70546730002388358, 1099576.36163030005991459 1767219.77295519993640482, 1099574.49617610010318458 1767219.80548999994061887, 1099574.49617610010318458 1767219.80548999994061887, 1099572.2835661000572145 1767219.69679700001142919, 1099564.42354719992727041 1767219.39457189990207553, 1099553.01497259992174804 1767218.64587110001593828, 1099532.26040320005267859 1767217.28398100007325411, 1099526.79682900011539459 1767216.92579100001603365, 1099525.23952080006711185 1767216.83107999991625547, 1099521.51203069998882711 1767216.77427639998495579, 1099511.34922680002637208 1767216.61951959994621575, 1099507.28587969997897744 1767216.55761609994806349, 1099498.52050619991496205 1767216.42414429993368685, 1099494.52814160007983446 1767216.36335849994793534, 1099467.45525439991615713 1767215.95096200006082654, 1099461.30875810002908111 1767215.85735860001295805, 1099457.6992367000784725 1767215.80236599990166724, 1099442.84729419997893274 1767215.57612659991718829, 1099437.24564770003780723 1767215.4907472999766469, 1099434.43759349989704788 1767215.58899129997007549, 1099409.34972580010071397 1767216.46566169988363981, 1099408.71188400010578334 1767216.93543229997158051, 1099406.94518880010582507 1767218.2366947999689728, 1099404.66904649999924004 1767219.91371360002085567, 1099404.18224220001138747 1767234.08773340005427599, 1099403.29422629997134209 1767260.28548340010456741, 1099403.14057629997842014 1767264.46948700002394617, 1099402.53048190008848906 1767282.26702670007944107, 1099402.47970389993861318 1767283.76599680003710091, 1099402.22615820006467402 1767291.15978570003062487, 1099401.62940869992598891 1767292.8534623000305146, 1099398.71569929993711412 1767301.13757509994320571, 1099391.17977200006134808 1767320.38836190011352301, 1099398.86028010002337396 1767334.31480420008301735, 1099399.92143619991838932 1767336.97854489996097982, 1099402.77784009999595582 1767343.08995370008051395, 1099414.42604979989118874 1767368.01500450004823506, 1099415.06124419998377562 1767369.37442169990390539))",SA001,4007,2723063100,35803045,54000,1995-01-01,SA005,4,100,331.0,,0,0,20119006912.0,1,100-DTC-95,IQT903,4007,SA005,,B,243,520,P0,1.0,1995-01-01,SS00201,,1995-01-01,DTC,True
"MultiLineString ((1099467.94698916003108025 1767246.4505361900664866, 1099468.83617465989664197 1767246.44737070007249713, 1099469.8346305200830102 1767246.44383332994766533, 1099470.35989886010065675 1767246.44195909006521106, 1099470.36270436993800104 1767247.73495786008425057, 1099468.78312926995567977 1767247.7685407199896872, 1099468.75364689994603395 1767248.00107560004107654, 1099468.68029917008243501 1767248.20340304006822407, 1099468.58925067004747689 1767248.34995610010810196, 1099468.48007457004860044 1767248.47402419010177255, 1099468.32677925005555153 1767248.58259180001914501, 1099468.15541178989224136 1767248.66140409000217915, 1099467.94023843994364142 1767248.7061356098856777, 1099467.77758729993365705 1767248.69996083993464708, 1099467.57876663003116846 1767248.64140588999725878, 1099467.41750606009736657 1767248.54648195998743176, 1099467.27183283003978431 1767248.39629469998180866, 1099467.16363443993031979 1767248.21712067001499236, 1099467.09610635996796191 1767248.03854295006021857, 1099467.05485471989959478 1767247.83442808990366757, 1099466.4202807298861444 1767247.85360239003784955, 1099464.99356520990841091 1767247.89660665998235345, 1099463.94759927992708981 1767247.9281345100607723, 1099461.33352669002488256 1767248.00695302989333868, 1099460.22472971002571285 1767248.0403798499610275, 1099455.09980569989420474 1767248.19485701993107796, 1099451.78653870988637209 1767249.17203895002603531, 1099450.12178320996463299 1767249.6630178599152714, 1099448.53132758010178804 1767250.04508670000359416, 1099442.90179956005886197 1767251.39729354996234179, 1099440.36935218004509807 1767252.00555245997384191, 1099432.55323410010896623 1767253.88297837995924056, 1099418.63986108009703457 1767257.2249418799765408, 1099406.15751138003543019 1767260.22320853010751307, 1099404.56066051009111106 1767260.606751220067963, 1099403.27103445003740489 1767260.91654322994872928))",SA001,143232,2723063100,35803045,54000,1988-01-01,SA005,5,40,73.4,,0,0,20119006912.0,1,40-EPS-88,IQT903,143232,SA005,,B,243,520,P0,0.8,1988-01-01,SS00201,,1988-01-01,EPS,True
"MultiLineString ((1099478.18996919994242489 1767297.10406178003177047, 1099458.31155157997272909 1767307.23110071988776326, 1099441.15312191005796194 1767315.97243777010589838, 1099432.47028265008702874 1767320.39632982993498445, 1099428.34602405992336571 1767322.49716539005748928, 1099421.88605572003871202 1767325.78816875000484288, 1099413.47525285999290645 1767330.07325495989061892, 1099406.51342653995379806 1767333.62056264001876116, 1099401.25761659001000226 1767336.29706426011398435, 1099399.92143621994182467 1767336.97854494000785053))",SA001,177437,2723063100,35803045,54000,1992-01-01,SA005,4,80,87.87,,0,0,20119006912.0,1,80-DTC-92,IQT903,177437,SA005,,B,243,520,P0,1.0,1992-01-01,SS00201,,1992-01-01,DTC,True
"MultiLineString ((1099233.05897519993595779 1767239.82790010003373027, 1099233.40179289993830025 1767238.86390329990535975, 1099234.46224040002562106 1767238.73571390006691217, 1099236.02271250006742775 1767238.91865439992398024, 1099237.27685649995692074 1767240.9218518000561744, 1099246.2324061612598598 1767249.94361184351146221, 1099246.20426620007492602 1767249.91526079992763698, 1099257.42024079989641905 1767261.21536820009350777, 1099259.59336830000393093 1767263.40479689999483526, 1099261.93701709993183613 1767265.37486120010726154, 1099262.0045702001079917 1767265.79684210009872913, 1099262.3019044001121074 1767267.67299790005199611, 1099262.53629319998435676 1767269.15436320006847382))",SA001,176381,2723061000,35803044,54000,1990-01-01,SA005,5,50,44.61,,0,0,20119006912.0,1,50-EPS-90,IQT903,176381,SA005,,B,461,520,P0,0.8,1990-01-01,SS00201,,1990-01-01,EPS,True
"MultiLineString ((1099525.33320524008013308 1767213.37114145001396537, 1099525.29492428991943598 1767214.76929316995665431, 1099525.23952084011398256 1767216.83108002995140851))",SA001,324780,2723063100,35803045,54000,2006-07-18,SA005,4,100,3.0,,0,0,2006540000000.0,1,100-DTC-06,IQT903,324780,SA005,,B,243,520,P0,1.0,2006-07-18,SS00201,,2006-07-18,DTC,True
"MultiLineString ((1099526.7968290199059993 1767216.92579100001603365, 1099526.7339822999201715 1767218.42457646992988884, 1099526.65314040007069707 1767220.32199156004935503, 1099526.58845973992720246 1767221.80673985998146236, 1099526.36938147991895676 1767226.80554812005721033, 1099526.25106813991442323 1767229.51623009005561471, 1099525.89890323998406529 1767237.54247898003086448, 1099525.6949080100748688 1767242.20249508996494114, 1099523.16571891005150974 1767243.06661612004972994, 1099522.89351763995364308 1767243.60935017000883818, 1099522.56869054003618658 1767244.25728434999473393, 1099520.97348434990271926 1767247.43942624004557729, 1099516.44808589993044734 1767255.56126442993991077, 1099514.94636509008705616 1767259.28479192010127008, 1099514.26749855000525713 1767261.36614814004860818, 1099512.5247262199409306 1767261.33950500003993511, 1099508.89224493992514908 1767261.28415944008156657, 1099508.47641810006462038 1767261.99866409995593131, 1099507.51955126994289458 1767263.6417818299960345, 1099507.07395938993431628 1767264.40790710994042456, 1099506.81422084011137486 1767264.85386425000615418, 1099506.55342617002315819 1767265.30278104008175433))",SA001,72532,2723063100,35803045,54000,1992-01-01,SA005,10,40,58.41,,0,0,20119006912.0,1,40-PFP-92,IQT903,72532,SA005,,B,243,520,P0,0.8,1992-01-01,SS00201,,1992-01-01,PFP,True
"MultiLineString ((1099471.89332421007566154 1767246.54708402999676764, 1099485.64070529001764953 1767247.01737312995828688, 1099489.10933048999868333 1767247.13586843991652131, 1099489.31281820009462535 1767247.14278243994340301, 1099490.26358466991223395 1767247.17526201996952295, 1099493.15149319008924067 1767247.27380893006920815, 1099493.84599410998634994 1767247.29744128999300301))",SA001,177436,2723063100,35803045,54000,1991-01-01,SA005,13,25,21.97,,0,0,20119006912.0,1,25-STS-91,IQT903,177436,SA005,,B,243,520,P0,0.8,1991-01-01,SS00201,,1991-01-01,STS,True
"MultiLineString ((1099527.98647767002694309 1767213.39056636998429894, 1099529.35510300006717443 1767213.39543494000099599, 1099530.38991627003997564 1767213.39913726993836462, 1099531.89658949989825487 1767212.09236623998731375, 1099531.93636880000121891 1767210.2692787500564009))",SA001,324778,2723063100,35803045,54000,2006-07-18,SA005,4,200,6.0,,0,0,2006540000000.0,1,200-DTC-06,IQT903,324778,SA005,,B,243,520,P0,1.3,2006-07-18,SS00201,,2006-07-18,DTC,True
"MultiLineString ((1099564.42354717990383506 1767219.39457188011147082, 1099563.44046037993393838 1767220.52740437001921237, 1099562.3464478999376297 1767221.78854540991596878, 1099554.61504082009196281 1767230.69816949008964002, 1099553.79273273004218936 1767231.64644006011076272, 1099553.70636795996688306 1767231.87010059994645417, 1099550.24117285991087556 1767240.78674121992662549, 1099549.31186635000631213 1767243.18017161008901894, 1099547.45927512994967401 1767247.9496626399923116, 1099546.31903478992171586 1767250.8851954999845475, 1099545.31481693009845912 1767253.4694188900757581, 1099543.28453953005373478 1767258.69454894005320966, 1099542.06525494996458292 1767260.63262812001630664, 1099541.3920373700093478 1767261.70415904000401497, 1099537.59987396001815796 1767267.73435854003764689, 1099533.31283514993265271 1767274.54983116989023983, 1099532.51462233997881413 1767275.8194434700999409))",SA001,143233,2723063100,35803045,54000,1995-01-01,SA005,10,80,65.49,,0,0,20119006912.0,1,80-PFP-95,IQT903,143233,SA005,,B,243,520,P0,1.0,1995-01-01,SS00201,,1995-01-01,PFP,True
"MultiLineString ((1099511.34922683006152511 1767216.61951960995793343, 1099511.15115205990150571 1767227.59055936010554433, 1099511.05467681004665792 1767236.87741727009415627, 1099509.26829033996909857 1767236.85723554994910955, 1099509.00543726002797484 1767236.85322826006449759))",SA001,106362,2723063100,35803045,54000,1990-01-01,SA005,13,25,22.32,,0,0,20119006912.0,1,25-STS-90,IQT903,106362,SA005,,B,243,520,P0,0.8,1990-01-01,SS00201,,1990-01-01,STS,True
"MultiLineString ((1099493.87794053996913135 1767327.96526377997361124, 1099493.04056148999370635 1767326.30007473006844521, 1099480.73332877992652357 1767302.10488043003715575, 1099478.18996919994242489 1767297.10406178003177047, 1099476.74362864997237921 1767293.93053187010809779, 1099470.00362450000829995 1767281.01016161008737981, 1099468.45433142990805209 1767277.96309756999835372, 1099467.970366430003196 1767247.90305936988443136, 1099467.95821206993423402 1767247.14953062008135021, 1099467.94698916003108025 1767246.4505361900664866, 1099467.55159984994679689 1767221.89635959989391267, 1099467.52744973008520901 1767220.39724952005781233, 1099467.47936188010498881 1767217.45102598005905747, 1099467.45525444997474551 1767215.95096203009597957))",SA001,4011,2723063100,35803045,54000,1988-01-01,SA005,4,80,118.15,,0,0,20119006912.0,1,80-DTC-88,IQT903,4011,SA005,,B,243,520,P0,1.0,1988-01-01,SS00201,,1988-01-01,DTC,True
"MultiLineString ((1099488.05794549989514053 1767289.24874960002489388, 1099488.77970580011606216 1767272.84371350007131696, 1099491.6832177999895066 1767272.97189379995688796, 1099494.38396440003998578 1767273.08999889995902777))",SA001,143188,2723063100,35803045,54000,1995-01-01,SA005,13,25,22.0,,0,0,20119006912.0,1,25-STS-95,IQT903,143188,SA005,,B,243,520,P0,0.8,1995-01-01,SS00201,,1995-01-01,STS,True
"MultiLineString ((1099479.62059290008619428 1767291.79780100006610155, 1099481.05592299997806549 1767291.36374379997141659, 1099485.35317913419567049 1767290.26201078877784312, 1099489.83495556167326868 1767288.90142490551806986, 1099495.54577099997550249 1767286.98697409988380969, 1099500.99313710001297295 1767285.34151570009998977, 1099530.83081379998475313 1767276.32806929992511868, 1099532.51462229993194342 1767275.81944349990226328, 1099557.40601760009303689 1767269.06307859998196363, 1099566.66531600011512637 1767266.6885202000848949, 1099575.92255749995820224 1767264.31446360005065799, 1099577.16701689991168678 1767264.06293369992636144))",SA001,245520,2723063100,35803045,54000,1995-01-01,SA005,10,80,101.0,,0,0,20119006912.0,1,80-PFP-95,IQT903,245520,SA005,,B,243,520,P0,1.0,1995-01-01,SS00201,,1995-01-01,PFP,True
"MultiLineString ((1099390.39894620003178716 1767116.24282462010160089, 1099381.60011446010321379 1767116.07077355007641017, 1099380.68336156010627747 1767111.60262246010825038, 1099380.01696143997833133 1767108.35504872002638876, 1099378.01676847995258868 1767098.60930838994681835))",SA001,72240,2723063100,35803045,54000,1994-01-01,SA005,13,25,26.63,,0,0,20119006912.0,1,25-STS-94,IQT903,72240,SA005,,B,461,520,P0,0.8,1994-01-01,SS00201,,1994-01-01,STS,True
"MultiLineString ((1099497.5836415400262922 1767326.47341578989289701, 1099496.90106553002260625 1767325.13724626996554434, 1099493.39838290004990995 1767318.69185376004315913, 1099489.45366794988512993 1767310.97218263009563088, 1099481.60421072994358838 1767295.60627905000001192, 1099479.62059293990023434 1767291.79780103010125458, 1099477.0891068100463599 1767286.93607575003989041, 1099471.65796857001259923 1767276.50318200001493096, 1099471.73382522002793849 1767266.86609234008938074, 1099471.80102539993822575 1767258.31767016998492181, 1099471.86588397994637489 1767250.04610754991881549, 1099471.89332421007566154 1767246.54708402999676764, 1099471.98995858989655972 1767234.35873664007522166, 1099472.04404185991734266 1767227.4637937699444592, 1099472.06107062008231878 1767225.36343380995094776, 1099472.09970094007439911 1767220.45888051996007562, 1099469.02692353003658354 1767220.41706912009976804, 1099467.52744973008520901 1767220.39724952005781233))",SA001,4012,2723063100,35803045,54000,1988-01-01,SA005,4,80,116.95,,0,0,20119006912.0,1,80-DTC-88,IQT903,4012,SA005,,B,243,520,P0,1.0,1988-01-01,SS00201,,1988-01-01,DTC,True
"MultiLineString ((1099398.86028011003509164 1767334.31480419007129967, 1099400.1915470699314028 1767333.62420819001272321, 1099411.22071742010302842 1767327.90525878011249006, 1099419.4451762200333178 1767323.64131511002779007, 1099423.03290519001893699 1767321.78030588990077376, 1099435.06884956010617316 1767315.53980942000634968, 1099445.08824124000966549 1767310.34438008000142872, 1099466.81196779990568757 1767299.08025690005160868, 1099475.41232081991620362 1767294.62011692998930812, 1099476.74362864997237921 1767293.93053187010809779))",SA001,143230,2723063100,35803045,54000,1988-01-01,SA005,4,80,87.76,,0,0,20119006912.0,1,80-DTC-88,IQT903,143230,SA005,,B,243,520,P0,1.0,1988-01-01,SS00201,,1988-01-01,DTC,True
"MultiLineString ((1099402.45834310003556311 1767284.38890999997965991, 1099403.93688030005432665 1767284.1394579999614507, 1099405.8093427000567317 1767283.82308900007046759, 1099405.8093427000567317 1767283.82308900007046759, 1099411.54308689991012216 1767282.85454409988597035, 1099413.86963770003058016 1767282.46210299991071224, 1099424.9531644000671804 1767280.59031450003385544, 1099426.43675639992579818 1767280.33894690009765327, 1099434.70049210009165108 1767278.94408220006152987, 1099436.60006169998086989 1767278.62304780003614724, 1099439.71251360001042485 1767278.09758480009622872, 1099443.90253180009312928 1767277.38953469996340573, 1099449.49798059999011457 1767276.44494730001315475))",SA001,211529,2723063100,35803045,54000,1988-01-01,SA005,5,40,47.0,,0,0,20119006912.0,1,40-EPS-88,IQT903,211529,SA005,,B,243,520,P0,0.8,1988-01-01,SS00201,,1988-01-01,EPS,True
"MultiLineString ((1099416.386617680080235 1767368.67273022001609206, 1099418.06590768997557461 1767367.78545572003349662, 1099422.14302722993306816 1767365.62993860989809036, 1099423.95125427003949881 1767364.67367211007513106, 1099430.62177685997448862 1767361.14693482988514006, 1099432.71429385989904404 1767360.04000731999985874, 1099435.04465504991821945 1767358.80874121002852917, 1099451.21400178992189467 1767350.25960570992901921, 1099453.70763861993327737 1767348.94081228994764388, 1099461.51311327004805207 1767344.81445658998563886, 1099469.64517807005904615 1767340.51416989997960627, 1099476.9597795601002872 1767336.64726294996216893, 1099484.3611178700812161 1767332.73362445994280279, 1099488.34443794004619122 1767330.62776130996644497, 1099488.63966266997158527 1767331.13816217007115483, 1099491.55804459005594254 1767329.82232387992553413, 1099491.36238777008838952 1767329.27973456005565822, 1099492.0043960299808532 1767328.94455944001674652, 1099493.87794053996913135 1767327.96526377997361124, 1099497.5836415400262922 1767326.47341578989289701, 1099526.43111916002817452 1767311.39956027991138399, 1099525.20902253990061581 1767303.98985151993110776, 1099523.8659467299003154 1767295.42491435003466904, 1099523.48001518007367849 1767293.19551506009884179, 1099523.83579089003615081 1767288.35924938996322453, 1099524.16019775997847319 1767283.94970677001401782, 1099523.20579875004477799 1767283.59426218993030488, 1099522.25233896006830037 1767283.2398146300110966, 1099504.72524788998998702 1767288.57178290002048016, 1099493.09839042997919023 1767292.11002280004322529, 1099484.85567611991427839 1767294.61700327997095883, 1099483.03856053994968534 1767295.17024156008847058, 1099481.60421072994358838 1767295.60627905000001192))",SA001,245521,2723063100,35803045,54000,1997-01-01,SA005,4,100,197.44,,0,0,20119006912.0,1,100-DTC-97,IQT903,245521,SA005,,B,243,520,P0,1.0,1997-01-01,SS00201,,1997-01-01,DTC,True
"MultiLineString ((1099323.10686515993438661 1767132.72798852995038033, 1099321.6071409999858588 1767132.72818239009939134, 1099320.17589451000094414 1767132.70977559988386929, 1099318.39043712988495827 1767134.88761828001588583, 1099315.7110621000174433 1767134.77829291997477412, 1099296.38638058002106845 1767134.36556561989709735, 1099295.03661437006667256 1767134.29902725992724299, 1099275.05751261999830604 1767127.80117643997073174, 1099270.26956236991100013 1767126.40695270011201501, 1099269.06870478997007012 1767129.69407972996123135))",SA001,36935,2723063100,35803045,54000,1996-01-01,SA005,10,100,58.62,,0,0,20119006912.0,1,100-PFP-96,IQT903,36935,SA005,,B,461,520,P0,1.0,1996-01-01,SS00201,,1996-01-01,PFP,True
"MultiLineString ((1099919.63438829011283815 1767111.91548257996328175, 1099919.55805384996347129 1767126.44479067996144295, 1099921.65651723998598754 1767126.45572554995305836, 1099922.49829168990254402 1767126.45955224009230733))",SA001,143035,2723063000,35803045,54000,1990-01-01,SA005,13,20,17.47,,0,0,20119006912.0,1,20-STS-90,IQT903,143035,SA005,,B,480,520,P0,0.8,1990-01-01,SS00201,,1990-01-01,STS,True
"MultiLineString ((1099963.76981219998560846 1767137.89525766996666789, 1099948.14833187009207904 1767137.84631626005284488, 1099946.14275487000122666 1767137.8397550699301064, 1099940.12311745993793011 1767137.82103756000287831, 1099934.46937481011264026 1767137.8039225700777024, 1099926.2622227999381721 1767137.77792827994562685))",SA001,3812,2723063000,35803045,54000,1989-01-01,SA005,13,25,37.52,,0,0,20119006912.0,1,25-STS-89,IQT903,3812,SA005,,B,480,520,P0,0.8,1989-01-01,SS00201,,1989-01-01,STS,True
"MultiLineString ((1099834.75892987009137869 1767107.61128209996968508, 1099834.77789771999232471 1767098.15921484003774822, 1099834.79983412008732557 1767087.07453808002173901, 1099834.80167124001309276 1767086.29469309002161026))",SA001,72431,2723063000,35803045,54000,1990-01-01,SA005,13,25,21.32,,0,0,20119006912.0,1,25-STS-90,IQT903,72431,SA005,,B,480,520,P0,0.8,1990-01-01,SS00201,,1990-01-01,STS,True
"MultiLineString ((1099903.79846167005598545 1767107.76402322994545102, 1099903.80084411008283496 1767106.91574150999076664, 1099903.82233244995586574 1767099.43179683992639184, 1099903.83644885011017323 1767094.24398447992280126, 1099903.84414571989327669 1767091.46217339998111129, 1099903.84494957001879811 1767091.16841725003905594, 1099903.84661410003900528 1767090.54977152007631958))",SA001,245384,2723063000,35803045,54000,1991-01-01,SA005,13,25,17.22,,0,0,20119006912.0,1,25-STS-91,IQT903,245384,SA005,,B,480,520,P0,0.8,1991-01-01,SS00201,,1991-01-01,STS,True
"MultiLineString ((1099872.41207202989608049 1767107.6938967399764806, 1099872.4385499800555408 1767095.77941485005430877, 1099872.44085780996829271 1767094.90856041992083192, 1099872.44339894992299378 1767093.68784884992055595))",SA001,177129,2723063000,35803045,54000,2016-03-22,SA005,13,32,14.01,,0,0,20169002793.0,1,32-STS-16,IQT903,177129,SA005,,B,480,520,P0,0.8,2016-03-22,SS00201,,2016-03-22,STS,True
"MultiLineString ((1099905.62703347997739911 1767111.84115348989143968, 1099905.24909005011431873 1767127.06771391001529992, 1099905.14031408005394042 1767131.452245709951967))",SA001,106507,2723063000,35803045,54000,1990-01-01,SA005,13,20,19.62,,0,0,20119006912.0,1,20-STS-90,IQT903,106507,SA005,,B,480,520,P0,0.8,1990-01-01,SS00201,,1990-01-01,STS,True
"MultiLineString ((1099926.83558537997305393 1767107.81400372995994985, 1099926.84948503994382918 1767101.45529663003981113, 1099926.86607480002567172 1767093.9978343800175935))",SA001,106355,2723063000,35803045,54000,1988-01-01,SA005,13,20,13.82,,0,0,20119006912.0,1,20-STS-88,IQT903,106355,SA005,,B,480,520,P0,0.8,1988-01-01,SS00201,,1988-01-01,STS,True
"MultiLineString ((1099840.4179273599293083 1767163.40767399989999831, 1099840.5405999799259007 1767150.95671227993443608, 1099840.65986030991189182 1767138.85965769994072616, 1099840.78482546005398035 1767126.12579939002171159, 1099840.91588881006464362 1767112.79717045999132097, 1099840.92865309002809227 1767111.49755902006290853))",SA001,245429,2723063000,35803045,54000,1997-01-01,SA005,10,40,51.93,,0,0,20119006912.0,1,40-PFP-97,IQT903,245429,SA005,,B,480,520,P0,0.8,1997-01-01,SS00201,,1997-01-01,PFP,True
"MultiLineString ((1099959.56271263002417982 1767107.88649257994256914, 1099958.06305988994427025 1767107.88365570991300046, 1099937.87131254002451897 1767107.83906340994872153, 1099926.83558537997305393 1767107.81400372995994985, 1099903.79846167005598545 1767107.76402322994545102, 1099890.73510931991040707 1767107.73498376994393766, 1099872.41207202989608049 1767107.6938967399764806, 1099848.40708019002340734 1767107.6411858000792563, 1099834.75892987009137869 1767107.61128209996968508, 1099815.01908778003416955 1767107.5675631701014936, 1099813.519436189904809 1767107.56469823000952601))",SA001,211438,2723063000,35803045,54000,1991-01-01,SA005,4,80,146.09,,0,0,20119006912.0,1,80-DTC-91,IQT903,211438,SA005,,B,480,520,P0,1.0,1991-01-01,SS00201,,1991-01-01,DTC,True
"MultiLineString ((1099937.87131254002451897 1767107.83906340994872153, 1099937.89558693999424577 1767096.39546187990345061, 1099937.89820704003795981 1767095.50060859997756779, 1099937.91033041011542082 1767090.04577931994572282, 1099937.91418628999963403 1767088.15422635991126299))",SA001,211403,2723063000,35803045,54000,1990-01-01,SA005,13,25,19.69,,0,0,20119006912.0,1,25-STS-90,IQT903,211403,SA005,,B,480,520,P0,0.8,1990-01-01,SS00201,,1990-01-01,STS,True
"MultiLineString ((1099890.73510931991040707 1767107.73498376994393766, 1099890.76331306993961334 1767094.79371359990909696, 1099890.76660287007689476 1767093.33404581993818283, 1099890.76864426000975072 1767092.34521944005973637))",SA001,245383,2723063000,35803045,54000,1990-01-01,SA005,13,20,15.39,,0,0,20119006912.0,1,20-STS-90,IQT903,245383,SA005,,B,480,520,P0,0.8,1990-01-01,SS00201,,1990-01-01,STS,True
"MultiLineString ((1099848.40708019002340734 1767107.6411858000792563, 1099848.44995053997263312 1767094.78509514010511339, 1099848.45352111989632249 1767093.89233421999961138, 1099848.48541404004208744 1767084.18350180005654693, 1099848.4880816200748086 1767083.55072217993438244))",SA001,211437,2723063000,35803045,54000,1992-01-01,SA005,13,25,24.1,,0,0,20119006912.0,1,25-STS-92,IQT903,211437,SA005,,B,480,520,P0,0.8,1992-01-01,SS00201,,1992-01-01,STS,True
"MultiLineString ((1099874.47215043008327484 1767066.98651250009424984, 1099875.97165939002297819 1767067.00234533008188009, 1099879.14460006006993353 1767067.03564221994020045, 1099881.32282989006489515 1767067.05886246007867157))",SA001,37761,2723063000,35803045,54000,1992-01-01,SA005,13,20,6.85,,0,0,20119006912.0,1,20-STS-92,IQT903,37761,SA005,,B,480,520,P0,0.8,1992-01-01,SS00201,,1992-01-01,STS,True
"MultiLineString ((1099869.06546511990018189 1767111.64719334989786148, 1099868.99163325992412865 1767125.55264440993778408, 1099868.98875230993144214 1767126.13348350999876857))",SA001,143072,2723063000,35803045,54000,1990-01-01,SA005,13,20,14.49,,0,0,20119006912.0,1,20-STS-90,IQT903,143072,SA005,,B,480,520,P0,0.8,1990-01-01,SS00201,,1990-01-01,STS,True
"MultiLineString ((1099991.923754459945485 1767112.56564595992676914, 1099991.81069752993062139 1767126.74941786006093025, 1099996.57473255996592343 1767126.82196467998437583, 1100009.55647019995376468 1767127.01974133006297052))",SA001,72228,2723063000,35803045,54000,1992-01-01,SA005,13,25,31.94,,0,0,20119006912.0,1,25-STS-92,IQT903,72228,SA005,,B,480,520,P0,0.8,1992-01-01,SS00201,,1992-01-01,STS,True
"MultiLineString ((1099995.05932965991087258 1767096.72001496003940701, 1099995.12383346003480256 1767088.87541323993355036, 1099995.18134002992883325 1767081.94743949989788234, 1099995.19208191009238362 1767080.72286678990349174))",SA001,142926,2723063000,35803045,54000,1989-01-01,SA005,13,25,16.0,,0,0,20119006912.0,1,25-STS-89,IQT903,142926,SA005,,B,480,520,P0,0.8,1989-01-01,SS00201,,1989-01-01,STS,True
"MultiLineString ((1099843.43200888996943831 1767111.51170566002838314, 1099843.41158776008524001 1767123.25654276995919645, 1099843.40598386991769075 1767126.48170512006618083, 1099843.384445880074054 1767138.79118149005807936, 1099843.36371445003896952 1767150.78475127997808158, 1099843.34139898000285029 1767163.40814144001342356))",SA001,245428,2723063000,35803045,54000,1997-01-01,SA005,10,40,51.91,,0,0,20119006912.0,1,40-PFP-97,IQT903,245428,SA005,,B,480,520,P0,0.8,1997-01-01,SS00201,,1997-01-01,PFP,True
"MultiLineString ((1099949.53210165002383292 1767048.75423241010867059, 1099949.43753824010491371 1767052.77811715006828308, 1099949.07676159008406103 1767070.4581801500171423))",SA001,245426,2723063000,35803045,54000,1988-01-01,SA005,13,25,21.72,,0,0,20119006912.0,1,25-STS-88,IQT903,245426,SA005,,B,480,520,P0,0.8,1988-01-01,SS00201,,1988-01-01,STS,True
"MultiLineString ((1099898.44218771997839212 1767048.4703197400085628, 1099898.38669476006180048 1767056.21264255000278354, 1099898.35284632002003491 1767061.32524991990067065, 1099898.32149387989193201 1767065.94791649002581835, 1099898.29745120997540653 1767069.49093324993737042, 1099898.29239057004451752 1767070.14975716988556087))",SA001,3905,2723063000,35803045,54000,1988-01-01,SA005,13,25,21.69,,0,0,20119006912.0,1,25-STS-88,IQT903,3905,SA005,,B,480,520,P0,0.8,1988-01-01,SS00201,,1988-01-01,STS,True
"MultiLineString ((1099934.20985841006040573 1767048.66915370989590883, 1099934.06703298003412783 1767057.26143098995089531, 1099934.0255005001090467 1767061.69503047992475331, 1099934.01935531990602612 1767062.29283256991766393, 1099933.96343686990439892 1767068.52486963011324406))",SA001,177330,2723063000,35803045,54000,1988-01-01,SA005,13,25,19.86,,0,0,20119006912.0,1,25-STS-88,IQT903,177330,SA005,,B,480,520,P0,0.8,1988-01-01,SS00201,,1988-01-01,STS,True
"MultiLineString ((1099994.95933683007024229 1767108.79833724000491202, 1099995.05932965991087258 1767096.72001496003940701))",SA001,245226,2723063000,35803045,54000,1988-01-01,SA005,5,40,12.08,,0,0,20119006912.0,1,40-EPS-88,IQT903,245226,SA005,,B,480,520,P0,0.8,1988-01-01,SS00201,,1988-01-01,EPS,True
"MultiLineString ((1099233.44584730011411011 1767308.48988769995048642, 1099233.68880819994956255 1767305.79215519991703331, 1099233.62935560010373592 1767299.60527330008335412, 1099233.61689456389285624 1767298.30884255049750209, 1099233.61340119992382824 1767297.94539729994721711, 1099233.60618059989064932 1767297.17041200003586709, 1099233.51742810010910034 1767287.8339474000968039, 1099233.49555639992468059 1767285.53233420010656118, 1099233.49131350009702146 1767285.08584590000100434, 1099233.48382989992387593 1767284.39381560008041561, 1099233.39429500000551343 1767274.98942769994027913, 1099233.38347080000676215 1767273.85119189997203648, 1099233.38166290009394288 1767273.6653976000379771, 1099233.37131719989702106 1767272.61119499988853931, 1099233.28798860008828342 1767263.854011399904266, 1099233.27716689999215305 1767262.71560720005072653, 1099233.15728250006213784 1767250.12571380008012056, 1099233.14447730011306703 1767248.7800358000677079, 1099233.13153150002472103 1767247.43070599995553493, 1099233.12051640008576214 1767246.28112530009821057, 1099233.11110479990020394 1767245.32516849995590746, 1099233.10002560005523264 1767244.15781589993275702, 1099233.05897519993595779 1767239.82790010003373027, 1099233.04973619990050793 1767238.85338889993727207))",SA001,308962,2723061000,35803044,54000,1989-01-01,SA005,5,50,69.67,,0,0,20119006912.0,1,50-EPS-89,IQT903,308962,SA005,,B,461,520,P0,0.8,1989-01-01,SS00201,,1989-01-01,EPS,True
"MultiLineString ((1099164.68963779998011887 1767240.29540969990193844, 1099145.86392419994808733 1767240.07674810010939837, 1099144.61880549998022616 1767240.06229309993796051, 1099144.47778610000386834 1767240.06066159997135401, 1099144.47778610000386834 1767240.06066159997135401))",SA001,465916,2723061000,35803044,54000,2020-09-25,SA005,13,40,20.22,,0,0,20209008134.0,1,40-STS-20,IQT903,465916,SA005,,B,461,520,P0,0.8,2020-09-25,SS00201,,2020-09-25,STS,True
"MultiLineString ((1099813.46176920994184911 1767111.35217325994744897, 1099814.96131647005677223 1767111.36000575008802116, 1099822.21849434007890522 1767111.39856337988749146, 1099834.31007085996679962 1767111.46316202008165419, 1099836.97967989998869598 1767111.47744655003771186, 1099840.92865309002809227 1767111.49755902006290853, 1099843.43200888996943831 1767111.51170566002838314, 1099856.9445505200419575 1767111.58253737003542483, 1099866.2921206399332732 1767111.63297269004397094, 1099869.06546511990018189 1767111.64719334989786148, 1099877.4402702699881047 1767111.69176301010884345, 1099888.01355870999395847 1767111.74782033008523285, 1099892.44541245000436902 1767111.77135931001976132, 1099893.6773767399135977 1767111.77789134997874498, 1099905.62703347997739911 1767111.84115348989143968, 1099915.99430426000617445 1767111.8960413399618119, 1099919.63438829011283815 1767111.91548257996328175, 1099922.51330237998627126 1767111.93087472999468446, 1099923.06951898010447621 1767111.93385492009110749, 1099937.62914276006631553 1767112.01051403000019491, 1099939.42136819008737803 1767112.01991991000249982, 1099940.84955489006824791 1767112.02752719004638493, 1099949.37873463006690145 1767112.07258577994070947, 1099950.00600027991458774 1767112.07601097994484007, 1099956.25171584007330239 1767112.10959680005908012, 1099958.01350706000812352 1767112.11912501999177039, 1099959.51311074988916516 1767112.1269864400383085))",SA001,211439,2723063000,35803045,54000,1991-01-01,SA005,4,80,146.1,,0,0,20119006912.0,1,80-DTC-91,IQT903,211439,SA005,,B,480,520,P0,1.0,1991-01-01,SS00201,,1991-01-01,DTC,True
"MultiLineString ((1099964.45208987011574209 1767055.5916374099906534, 1099964.45887364004738629 1767057.60393261001445353, 1099964.43842046009376645 1767058.94539749994874001, 1099964.39251502999104559 1767061.17125851009041071, 1099964.42623149999417365 1767062.50263411994092166, 1099963.68278132006525993 1767063.00116097996942699, 1099964.45090166991576552 1767063.51073667989112437, 1099964.34452187991701066 1767068.27506599994376302, 1099964.32176469010300934 1767069.29479311988689005, 1099964.26492137997411191 1767071.84544522990472615, 1099964.05041831010021269 1767081.46753614000044763, 1099964.0291527200024575 1767082.40107025997713208, 1099963.15580089995637536 1767083.09358894010074437, 1099964.08903332008048892 1767083.65569959999993443, 1099963.90187410009093583 1767090.75961659010499716, 1099963.66561826993711293 1767099.77238773996941745, 1099963.53067414998076856 1767104.89046278991736472, 1099959.56271263002417982 1767107.88649257994256914, 1099959.51311074988916516 1767112.1269864400383085, 1099959.50645368988625705 1767112.76178254000842571, 1099963.44663088000379503 1767115.13432275992818177))",SA001,316654,2723063000,35803045,54000,1997-01-01,SA005,4,200,65.54,,0,0,20119006912.0,1,200-DTC-97,IQT903,316654,SA005,,B,480,520,P0,1.3,1997-01-01,SS00201,,1997-01-01,DTC,True
"MultiLineString ((1099874.71634517004713416 1767048.3365252900402993, 1099874.53825787990354002 1767060.7436280099209398, 1099874.52682165009900928 1767061.88725163997150958, 1099874.47215043008327484 1767066.98651250009424984, 1099874.47303382004611194 1767068.48706415994092822, 1099874.43814772996120155 1767070.2054278498981148))",SA001,37762,2723063000,35803045,54000,1988-01-01,SA005,13,25,21.88,,0,0,20119006912.0,1,25-STS-88,IQT903,37762,SA005,,B,480,520,P0,0.8,1988-01-01,SS00201,,1988-01-01,STS,True
"MultiLineString ((1099848.52827860997058451 1767048.19398877001367509, 1099848.28967880993150175 1767062.11246249009855092, 1099848.26432575006037951 1767063.77676109992899001, 1099848.15316229010932148 1767071.00879354006610811, 1099848.12886715005151927 1767071.26187445991672575))",SA001,37763,2723063000,35803045,54000,1992-01-01,SA005,13,25,23.08,,0,0,20119006912.0,1,25-STS-92,IQT903,37763,SA005,,B,480,520,P0,0.8,1992-01-01,SS00201,,1992-01-01,STS,True
"MultiLineString ((1099347.258190399967134 1767394.64992920006625354, 1099344.3748286000918597 1767393.59518889989703894, 1099263.63315550005063415 1767384.74070099997334182, 1099261.94221969996578991 1767384.72437010006979108, 1099235.67129689990542829 1767384.47070530010387301, 1099231.56757589988410473 1767384.43120050011202693, 1099208.86583983944728971 1767384.2155291207600385, 1099208.54673959990032017 1767384.21249759988859296, 1099205.98649900010786951 1767384.18815469997934997, 1099204.45116619998589158 1767384.17078769998624921, 1099202.42178680002689362 1767384.14780090004205704, 1099201.67503089993260801 1767384.13942439993843436, 1099200.49047320010140538 1767384.1264601000584662, 1099199.27787759993225336 1767384.1129530998878181, 1099172.97095460002310574 1767383.78161590010859072, 1099170.45485100010409951 1767383.75334640010260046))",SA001,308892,2723061000,35803044,54000,2004-12-01,SA005,4,150,178.0,,0,0,2004540000000.0,1,150-DTC-04,IQT903,308892,SA005,,B,243,520,P0,1.1,2004-12-01,SS00201,,2004-12-01,DTC,True
"MultiLineString ((1099118.62137320009060204 1767296.22230720007792115, 1099113.15758259990252554 1767291.63805749989114702))",SA001,144226,2723061000,35803044,54000,1989-01-01,SA005,13,25,7.0,,0,0,20119006912.0,1,25-STS-89,IQT903,144226,SA005,,B,461,520,P0,0.8,1989-01-01,SS00201,,1989-01-01,STS,True
"MultiLineString ((1099892.44541245000436902 1767111.77135931001976132, 1099892.40025842003524303 1767114.0762602100148797, 1099892.13072412996552885 1767127.63771867007017136, 1099892.04230979993008077 1767132.06562869995832443))",SA001,106354,2723063000,35803045,54000,1991-01-01,SA005,13,25,20.3,,0,0,20119006912.0,1,25-STS-91,IQT903,106354,SA005,,B,480,520,P0,0.8,1991-01-01,SS00201,,1991-01-01,STS,True
"MultiLineString ((1099915.38077691989019513 1767048.56432180991396308, 1099915.19673858000896871 1767063.69439258007332683, 1099915.16770028998143971 1767068.36016076989471912, 1099915.16278625000268221 1767069.14293459989130497))",SA001,245228,2723063000,35803045,54000,1989-01-01,SA005,13,25,20.59,,0,0,20119006912.0,1,25-STS-89,IQT903,245228,SA005,,B,480,520,P0,0.8,1989-01-01,SS00201,,1989-01-01,STS,True
"MultiLineString ((1099967.49644900998100638 1767059.1728882200550288, 1099967.49448921997100115 1767061.07261197990737855, 1099967.49233045009896159 1767064.09900697995908558, 1099967.49008486000820994 1767067.66139349993318319, 1099967.48896150989457965 1767069.64195577008649707, 1099967.48012852994725108 1767080.98683385993354023, 1099967.47391033009625971 1767089.14027567999437451, 1099967.46703013009391725 1767097.79766751988790929, 1099967.46269956999458373 1767104.38341816002503037, 1099971.33926668995991349 1767108.1728418399579823, 1099971.32979336008429527 1767108.79358568997122347, 1099971.27478399011306465 1767112.40611695009283721, 1099967.48649780009873211 1767116.07874227990396321, 1099967.37638726993463933 1767127.64202707004733384, 1099967.27336300001479685 1767138.54253235994838178, 1099967.17921486007981002 1767148.52834762004204094, 1099967.10123386001214385 1767156.80269829998724163, 1099967.06999329989776015 1767160.03364474000409245, 1099970.91761939995922148 1767163.5576323599088937, 1099972.41720806993544102 1767163.56647641002200544))",SA001,177327,2723063000,35803045,54000,1993-01-01,SA005,4,100,110.85,,0,0,20119006912.0,1,100-DTC-93,IQT903,177327,SA005,,B,480,520,P0,1.0,1993-01-01,SS00201,,1993-01-01,DTC,True
"MultiLineString ((1099390.10949370008893311 1767206.014710099902004, 1099390.17008600011467934 1767203.07546170009300113, 1099390.27811369998380542 1767197.83269899990409613, 1099390.09137009992264211 1767188.29750430001877248, 1099390.11525440006516874 1767184.6496902999933809, 1099389.95033010002225637 1767174.07356010004878044, 1099390.05440880008973181 1767165.28794639999978244, 1099389.9531058999709785 1767162.7705536000430584, 1099390.13120599999092519 1767154.16479639988392591, 1099390.17538070003502071 1767151.9858810999430716, 1099390.15005000005476177 1767143.15369899990037084, 1099390.13796070008538663 1767138.93963839998468757, 1099390.06303100008517504 1767135.99721470009535551, 1099390.0633988999761641 1767133.41669990005902946, 1099390.34554570005275309 1767118.96053789998404682, 1099390.39894620003178716 1767116.24282460007816553, 1099390.72532740002498031 1767099.47577159991487861, 1099390.96140770008787513 1767087.38751900009810925, 1099391.22189010004512966 1767074.02788170007988811, 1099391.2626394999679178 1767071.96233349991962314, 1099391.26756460010074079 1767071.71282980008982122, 1099391.27880649990402162 1767071.14329349994659424, 1099391.27880649990402162 1767071.14329349994659424, 1099391.52137720002792776 1767058.69618440000340343, 1099391.60869990009814501 1767054.21130249998532236, 1099391.63752750004641712 1767052.71202349988743663, 1099391.66397699993103743 1767051.35484750010073185))",SA001,211524,2723063100,35803045,54000,1995-01-01,SA005,10,100,154.73,,0,0,20119006912.0,1,100-PFP-95,IQT903,211524,SA005,,B,243,520,P0,1.0,1995-01-01,SS00201,,1995-01-01,PFP,True
"MultiLineString ((1099452.60742036998271942 1767088.76743625989183784, 1099455.35159829002805054 1767088.85622317995876074, 1099463.57712034997530282 1767089.11848977999761701, 1099471.92452283995226026 1767089.38557525002397597, 1099479.7333620700519532 1767089.63546529994346201, 1099482.73135048989206553 1767089.73210710007697344, 1099484.70702741993591189 1767089.79522764007560909, 1099496.77998609002679586 1767090.1811013100668788, 1099507.79264445998705924 1767090.53376890998333693))",SA001,38097,2723063100,35803045,54000,1985-01-01,SA005,5,50,55.23,,0,0,20119006912.0,1,50-EPS-85,IQT903,38097,SA005,,B,243,520,P0,0.8,1985-01-01,SS00201,,1985-01-01,EPS,True
"MultiLineString ((1099476.98047560011036694 1767136.92209319001995027, 1099462.92516197008080781 1767135.46530021005310118, 1099460.60447625000961125 1767133.9743087999522686, 1099459.79975482006557286 1767132.19336672010831535, 1099458.14562318008393049 1767126.64331414992921054, 1099454.35171829001046717 1767113.70444796001538634, 1099454.33955804002471268 1767112.53250182000920177))",SA001,316859,2723063100,35803045,54000,2005-09-02,SA005,13,40,42.0,,0,0,20119006912.0,1,40-STS-05,IQT903,316859,SA005,,B,243,520,P0,0.5,2005-09-02,SS00201,,2005-09-02,STS,True
"MultiLineString ((1099395.60929300007410347 1767057.66963479993864894, 1099396.7600420000962913 1767057.67216859990730882, 1099398.97512129996903241 1767057.70690339989960194, 1099400.43255920009687543 1767057.72910890006460249, 1099401.32887819991447031 1767058.41336399991996586, 1099401.35460039996542037 1767058.43307380005717278, 1099402.52109810011461377 1767058.45578210009261966, 1099402.52109810011461377 1767058.45578210009261966, 1099419.3110603999812156 1767058.78950270009227097, 1099431.4361455999314785 1767059.03120040008798242, 1099438.95385630009695888 1767059.18041020003147423, 1099442.2429770000744611 1767059.24572640005499125, 1099450.09361650003120303 1767059.24333729990758002, 1099450.9517858000472188 1767058.51560620008967817, 1099451.03862820006906986 1767058.44186910009011626, 1099452.10319639998488128 1767058.48785819998010993, 1099452.84611440007574856 1767058.51950459997169673, 1099453.13688539993017912 1767058.5318571999669075, 1099453.99064409988932312 1767059.32767140003852546, 1099465.59977929992601275 1767059.24962870008312166, 1099478.43426889996044338 1767059.13312570005655289, 1099482.14263650006614625 1767059.13163259997963905, 1099482.52225799998268485 1767059.14060469996184111, 1099494.02261430001817644 1767058.99258759990334511, 1099498.68240729998797178 1767058.94958000001497567, 1099510.8489359999075532 1767058.83997610001824796, 1099525.48517729993909597 1767058.72676429990679026))",SA001,99466,2723063100,35803045,54000,2002-12-21,SA005,4,80,130.77,,0,0,2003540000000.0,1,80-DTC-02,IQT903,99466,SA005,,B,243,520,P0,1.0,2002-12-21,SS00201,,2002-12-21,DTC,True
"MultiLineString ((1099240.23266429989598691 1767122.81200041994452477, 1099240.25201145000755787 1767106.2452958500944078, 1099240.26274095010012388 1767097.07203749008476734, 1099240.26628756010904908 1767094.21860785991884768, 1099240.26768477004952729 1767092.74689845996908844, 1099240.28670758008956909 1767076.13720743008889258, 1099240.28951670997776091 1767073.98466557008214295, 1099240.30533738993108273 1767059.88040236989036202, 1099240.33160394011065364 1767037.01986176008358598, 1099240.33357261004857719 1767035.37923901993781328, 1099240.35524238995276392 1767032.81005759001709521, 1099240.33788906992413104 1767031.68194052996113896, 1099240.33972898009233177 1767030.18320253002457321, 1099240.77346501010470092 1766986.15070949005894363, 1099240.20774845988489687 1766985.10611717007122934, 1099240.1941938700620085 1766984.68698670994490385, 1099240.13108841003850102 1766982.78837429010309279, 1099240.08090472989715636 1766981.28976410999894142))",SA001,142174,2723063100,35803044,54000,1997-01-01,SA005,10,80,141.71,,0,0,20119006912.0,1,80-PFP-97,IQT903,142174,SA005,,B,461,520,P0,1.0,1997-01-01,SS00201,,1997-01-01,PFP,True
"MultiLineString ((1099244.22845239005982876 1767040.33064199006184936, 1099245.3979855899233371 1767041.26928763999603689, 1099249.91590520995669067 1767044.89547016005963087, 1099257.52349922992289066 1767051.00128759001381695, 1099259.99490881990641356 1767052.98454121011309326, 1099261.84000538010150194 1767054.4653383600525558, 1099268.67777121998369694 1767059.78160012001171708, 1099272.09207077999599278 1767062.43471968010999262, 1099272.58090635994449258 1767062.8145434099715203, 1099277.18352845008485019 1767066.39300945005379617, 1099283.54803021997213364 1767071.34105707006528974, 1099286.44757798011414707 1767075.01359194004908204, 1099288.86154036992229521 1767078.07081089005805552, 1099289.84834753000177443 1767079.32161554996855557, 1099294.27255183993838727 1767083.7655080200638622, 1099296.3210948200430721 1767085.40403311001136899, 1099302.08305429993197322 1767088.90835467004217207, 1099314.8657574700191617 1767095.93376790010370314, 1099316.70905366004444659 1767096.94665414001792669, 1099318.14372641989029944 1767105.68620809004642069, 1099320.54430144000798464 1767124.70977817010134459, 1099320.91260696994140744 1767127.46012981003150344, 1099321.41886144992895424 1767131.24053429998457432, 1099321.6071409999858588 1767132.72818239009939134))",SA001,2881,2723063100,35803045,54000,1996-01-01,SA005,10,80,128.73,,0,0,20119006912.0,1,80-PFP-96,IQT903,2881,SA005,,B,461,520,P0,1.0,1996-01-01,SS00201,,1996-01-01,PFP,True
"MultiLineString ((1099170.91435290011577308 1766962.42475389991886914, 1099170.02923800004646182 1766961.06554479990154505, 1099169.21152039989829063 1766959.80930759990587831, 1099166.49765980010852218 1766955.6755884001031518, 1099163.35468170000240207 1766950.81063219998031855, 1099163.35468170000240207 1766950.81063219998031855, 1099161.61568480008281767 1766948.19550110003910959))",SA001,175860,2723061000,35803044,54000,1991-01-01,SA005,13,25,16.0,,0,0,20119006912.0,1,25-STS-91,IQT903,175860,SA005,,B,461,520,P0,0.8,1991-01-01,SS00201,,1991-01-01,STS,True
"MultiLineString ((1099395.31152092991396785 1767087.59270605002529919, 1099396.80946590006351471 1767087.64259700989350677, 1099405.92130190995521843 1767087.94233297999016941, 1099412.05912223993800581 1767088.14383000996895134, 1099415.38689439999870956 1767088.25345141999423504, 1099422.12628787010908127 1767088.47507636994123459, 1099423.8683434899430722 1767088.54654193995520473, 1099437.32595675997436047 1767088.97557010990567505, 1099439.13369184010662138 1767089.03515793010592461, 1099441.64899680996313691 1767089.11742734001018107, 1099451.12055374006740749 1767089.42962000006809831, 1099452.61958193010650575 1767089.47846078989095986))",SA001,211527,2723063100,35803045,54000,1988-01-01,SA005,4,100,57.36,,0,0,20119006912.0,1,100-DTC-88,IQT903,211527,SA005,,B,243,520,P0,1.0,1988-01-01,SS00201,,1988-01-01,DTC,True
"MultiLineString ((1099394.83043028996326029 1767135.91582661005668342, 1099396.32970379991456866 1767135.94866912998259068, 1099406.91727336007170379 1767136.17791167995892465, 1099415.88869642000645399 1767136.37251751008443534, 1099424.86216867994517088 1767136.56715481006540358))",SA001,37772,2723063100,35803045,54000,1992-01-01,SA005,10,40,30.05,,0,0,20119006912.0,1,40-PFP-92,IQT903,37772,SA005,,B,243,520,P0,0.8,1992-01-01,SS00201,,1992-01-01,PFP,True
"MultiLineString ((1099453.010058110114187 1767112.67826267005875707, 1099452.114586410112679 1767112.6556722701061517, 1099436.78026966005563736 1767112.26512615010142326, 1099434.10379322990775108 1767112.19733908004127443, 1099425.80138958990573883 1767111.97996129002422094, 1099422.77219799999147654 1767111.90979145001620054, 1099419.82584177004173398 1767111.83488540002144873, 1099416.78353641997091472 1767111.75760798994451761))",SA001,211526,2723063100,35803045,54000,1989-01-01,SA005,5,40,36.25,,0,0,20119006912.0,1,40-EPS-89,IQT903,211526,SA005,,B,243,520,P0,0.8,1989-01-01,SS00201,,1989-01-01,EPS,True
"MultiLineString ((1099391.52137724007479846 1767058.69618437997996807, 1099390.02231327001936734 1767058.65335106989368796, 1099388.31236697011627257 1767058.60433260002173483, 1099386.71814596001058817 1767056.86531387991271913, 1099372.92838275991380215 1767055.89542096992954612, 1099365.98507315991446376 1767055.40775187010876834, 1099355.26300359005108476 1767054.65353819006122649, 1099350.1288716800045222 1767054.29240767005831003, 1099345.94536143005825579 1767054.30965554993599653, 1099343.00968355010263622 1767054.32191579998470843, 1099318.85043482994660735 1767054.42489779996685684, 1099317.35069605009630322 1767054.42604635003954172, 1099301.44430818990804255 1767054.4367159700486809, 1099291.14309193007647991 1767054.44382089003920555, 1099272.00730617996305227 1767054.4582832099404186, 1099263.33977110008709133 1767054.46424637991003692, 1099261.84000538010150194 1767054.4653383600525558))",SA001,243882,2723063100,35803045,54000,1995-01-01,SA005,10,80,130.58,,0,0,20119006912.0,1,80-PFP-95,IQT903,243882,SA005,,B,461,520,P0,1.0,1995-01-01,SS00201,,1995-01-01,PFP,True
"MultiLineString ((1099249.91590520995669067 1767044.89547016005963087, 1099254.04096842999570072 1767037.8865820299834013, 1099256.24355593998916447 1767034.1447874300647527, 1099256.24975510011427104 1767028.15593746001832187, 1099256.50790936988778412 1767026.95911314990371466, 1099258.11821295996196568 1767019.50698682991787791, 1099258.33867756999097764 1767018.48847237997688353))",SA001,210427,2723063100,35803044,54000,1992-01-01,SA005,10,40,28.36,,0,0,20119006912.0,1,40-PFP-92,IQT903,210427,SA005,,B,461,520,P0,0.8,1992-01-01,SS00201,,1992-01-01,PFP,True
"MultiLineString ((1099320.65658503002487123 1767050.84605104988440871, 1099320.58143283007666469 1767049.34815204003825784, 1099320.17124563991092145 1767041.16236681002192199, 1099320.08064535004086792 1767039.36136670992709696, 1099319.52237699995748699 1767028.22877895995043218, 1099319.45111507992260158 1767026.80297796009108424, 1099316.14197553996928036 1767016.01948610995896161, 1099315.64757571998052299 1767014.4092554000671953, 1099313.07569398009218276 1767006.02857828000560403, 1099312.00029820995405316 1767002.52382819005288184, 1099310.20761652011424303 1766996.67951256991364062, 1099308.54731997009366751 1766991.271255660103634, 1099307.7729207999072969 1766988.74583279993385077, 1099306.85279435990378261 1766985.74638674990274012, 1099305.59064279007725418 1766981.6348949100356549, 1099304.8962283399887383 1766979.37271600007079542))",SA001,2882,2723063100,35803045,54000,1995-01-01,SA005,10,80,73.71,,0,0,20119006912.0,1,80-PFP-95,IQT903,2882,SA005,,B,461,520,P0,1.0,1995-01-01,SS00201,,1995-01-01,PFP,True
"MultiLineString ((1099394.79982380010187626 1767138.97381170000880957, 1099396.29925070004537702 1767138.99666219996288419, 1099409.97163809998892248 1767139.20389120001345873, 1099413.27631739992648363 1767139.25420289998874068, 1099423.244215999962762 1767139.40602110000327229, 1099438.87283109989948571 1767139.64311329997144639, 1099440.93770112283527851 1767139.67454330809414387))",SA001,37773,2723063100,35803045,54000,1992-01-01,SA005,10,40,46.0,,0,0,20119006912.0,1,40-PFP-92,IQT903,37773,SA005,,B,243,520,P0,0.8,1992-01-01,SS00201,,1992-01-01,PFP,True
"MultiLineString ((1099453.010058110114187 1767112.67826267005875707, 1099453.00677797989919782 1767112.50423672003671527, 1099452.83777978993020952 1767102.45847511989995837, 1099452.61958193010650575 1767089.47846078989095986, 1099452.60742036998271942 1767088.76743625989183784, 1099452.43729907996021211 1767078.6685972900595516, 1099452.25740035995841026 1767068.03075274010188878, 1099452.11645370000042021 1767059.62310012988746166, 1099452.1034922800026834 1767058.51795821008272469, 1099452.10319635993801057 1767058.4878581699449569))",SA001,220414,2723063100,35803045,54000,1986-01-01,SA005,4,80,54.21,,0,0,20119006912.0,1,80-DTC-86,IQT903,220414,SA005,,B,243,520,P0,1.0,1986-01-01,SS00201,,1986-01-01,DTC,True
"MultiLineString ((1099967.27336300001479685 1767138.54253235994838178, 1099976.68635642994195223 1767138.63091849000193179, 1099984.87073444994166493 1767138.70858467998914421))",SA001,177269,2723063000,35803045,54000,1988-01-01,SA005,13,20,17.6,,0,0,20119006912.0,1,20-STS-88,IQT903,177269,SA005,,B,480,520,P0,0.8,1988-01-01,SS00201,,1988-01-01,STS,True
"MultiLineString ((1099871.31335663003847003 1767163.41532798996195197, 1099871.31621314003132284 1767151.61143272998742759, 1099871.31619340996257961 1767150.82454057992435992, 1099871.31665810011327267 1767148.82291317009367049, 1099871.31681903009302914 1767147.96207635011523962))",SA001,72382,2723063000,35803045,54000,1991-01-01,SA005,13,25,15.46,,0,0,20119006912.0,1,25-STS-91,IQT903,72382,SA005,,B,480,520,P0,0.8,1991-01-01,SS00201,,1991-01-01,STS,True
"MultiLineString ((1099896.79982540011405945 1767163.42054518009535968, 1099896.8023185299243778 1767152.03166432003490627, 1099896.8019311900716275 1767151.33272295002825558, 1099896.80278239003382623 1767149.24008473008871078, 1099896.8030045700725168 1767148.31125305010937154))",SA001,245227,2723063000,35803045,54000,1992-01-01,SA005,13,25,15.11,,0,0,20119006912.0,1,25-STS-92,IQT903,245227,SA005,,B,480,520,P0,0.8,1992-01-01,SS00201,,1992-01-01,STS,True
"MultiLineString ((1099533.25538706011138856 1767137.84825550997629762, 1099531.7560181301087141 1767137.82341266004368663, 1099529.86580762988887727 1767137.79262583004310727, 1099527.48880809010006487 1767137.75341138010844588, 1099520.91971385991200805 1767137.64492770005017519, 1099519.71715293009765446 1767137.62506249989382923, 1099508.01185687002725899 1767137.43275968008674681, 1099495.57549821003340185 1767137.22841958003118634, 1099494.6828519799746573 1767137.21378939994610846, 1099482.55905627994798124 1767137.01410735002718866, 1099478.3628587001003325 1767136.9451401000842452, 1099476.98047560011036694 1767136.92209319001995027))",SA001,72239,2723063100,35803045,54000,2005-09-12,SA005,4,80,56.3,,0,0,20119006912.0,1,80-DTC-05,IQT903,72239,SA005,,B,243,520,P0,1.0,2005-09-12,SS00201,,2005-09-12,DTC,True
"MultiLineString ((1099527.98647770006209612 1767213.39056640001945198, 1099526.70482619991526008 1767213.38203580002300441, 1099525.33320520003326237 1767213.37114150007255375, 1099518.09843260003253818 1767213.31097120000049472, 1099510.89363719988614321 1767213.25120500009506941, 1099501.51008350006304681 1767213.12053949991241097, 1099482.39928249991498888 1767213.01715520001016557, 1099479.37321690004318953 1767212.99203519988805056, 1099469.64818009990267456 1767212.91191049991175532, 1099458.40154349990189075 1767212.81954360008239746, 1099446.66311559989117086 1767212.72277089999988675, 1099435.90939250006340444 1767212.63493909989483654, 1099427.80218170001171529 1767212.94832130009308457, 1099408.82907549990341067 1767213.31488010007888079, 1099406.85945379990153015 1767213.40720609994605184, 1099406.85945379990153015 1767213.40720609994605184, 1099404.82828129990957677 1767213.43798150005750358, 1099399.62724890001118183 1767213.49953219993039966, 1099396.37813619989901781 1767209.69823449989780784, 1099395.74531810008920729 1767209.69264629995450377, 1099395.26262010005302727 1767209.67925609997473657, 1099394.0673231000546366 1767209.64709339989349246))",SA001,245516,2723063100,35803045,54000,1995-01-01,SA005,4,200,135.0,,0,0,20119006912.0,1,200-DTC-95,IQT903,245516,SA005,,B,243,520,P0,1.3,1995-01-01,SS00201,,1995-01-01,DTC,True
"MultiLineString ((1099541.07728679990395904 1767215.61376470001414418, 1099540.51811931910924613 1767215.16136770183220506, 1099537.60354840010404587 1767212.74617969989776611, 1099535.78628159989602864 1767211.33975489996373653, 1099535.79745119996368885 1767210.74203069997020066))",SA001,324779,2723063100,35803045,54000,2006-07-18,SA005,4,100,7.0,,0,0,2006540000000.0,1,100-DTC-06,IQT903,324779,SA005,,B,470,520,P0,1.0,2006-07-18,SS00201,,2006-07-18,DTC,True
"MultiLineString ((1099395.22478205990046263 1766978.60886718006804585, 1099395.20524599007330835 1766979.56143228011205792, 1099394.80285056005232036 1766979.65525514003820717, 1099394.54973639990203083 1766979.80139780999161303, 1099394.2936692601069808 1766980.19842198002152145, 1099394.20304826996289194 1766980.49635751009918749, 1099394.18746473011560738 1766980.54771858011372387, 1099394.22969417995773256 1766981.05024859006516635, 1099394.47378154005855322 1766981.5049227699637413, 1099394.67244385997764766 1766981.65791658009402454, 1099395.1216881200671196 1766981.76571157993748784, 1099395.01627743011340499 1766992.82017418998293579, 1099394.65052996994927526 1767017.8211387200281024, 1099394.62059877999126911 1767019.85133926011621952, 1099394.59239268000237644 1767021.76550769992172718, 1099391.93818457005545497 1767202.92079740995541215, 1099391.5213530499022454 1767202.91442626994103193, 1099391.15266522997990251 1767203.03080453001894057, 1099390.93932938994839787 1767203.11860195989720523, 1099390.81516203004866838 1767203.32859947998076677, 1099390.76545896008610725 1767203.38788706995546818, 1099390.67774961004033685 1767203.49249241990037262, 1099390.65718881995417178 1767203.56449580006301403, 1099390.59638381004333496 1767203.77821733988821507, 1099390.56419320008717477 1767204.11767313000746071, 1099390.62894544005393982 1767204.39660137007012963, 1099390.90153061994351447 1767204.74868108006194234, 1099391.31564317992888391 1767204.99799231998622417, 1099391.80083725997246802 1767205.11029802006669343, 1099391.79878260008990765 1767209.84146402007900178, 1099392.32927482994273305 1767210.25090019009076059, 1099393.37394428998231888 1767211.05722558009438217, 1099393.19068844988942146 1767211.53737197001464665, 1099393.22931217006407678 1767211.88889190996997058, 1099393.4439193899743259 1767212.24311354989185929, 1099393.87768247001804411 1767212.51263106008991599, 1099393.98425917001441121 1767212.52496348996646702, 1099394.31584373000077903 1767212.56332187005318701, 1099394.84867807989940047 1767212.17649857001379132, 1099401.88358082994818687 1767217.02279931004159153, 1099401.86217855010181665 1767218.69119876995682716, 1099401.83509017992764711 1767219.54864499997347593))",SA001,4008,2723063100,35803045,54000,1998-01-01,SA004,4,300,250.01,,0,0,20119006912.0,1,300-DTC-98,IQT903,4008,SA004,,B,243,520,P0,1.5,1998-01-01,SS00201,,1998-01-01,DTC,True
"MultiLineString ((1099257.52349922992289066 1767051.00128759001381695, 1099259.02339652995578945 1767050.99710944993421435, 1099260.44015485001727939 1767050.99367634998634458, 1099287.47724703000858426 1767050.9275742000900209, 1099319.15782606997527182 1767050.84920792002230883, 1099319.1578537099994719 1767050.84923641989007592, 1099320.65658503002487123 1767050.84605104988440871, 1099329.12637349008582532 1767050.82506435993127525, 1099344.73776128003373742 1767051.47446526004932821, 1099345.35401658993214369 1767051.50009644008241594, 1099346.50942820007912815 1767051.54818193009123206))",SA001,141958,2723063100,35803045,54000,1995-01-01,SA005,10,80,89.03,,0,0,20119006912.0,1,80-PFP-95,IQT903,141958,SA005,,B,461,520,P0,1.0,1995-01-01,SS00201,,1995-01-01,PFP,True
"MultiLineString ((1099399.91401380999013782 1766981.02984584006480873, 1099424.70324173010885715 1766981.18546235002577305, 1099448.14737301995046437 1766981.29962691990658641, 1099452.0903061400167644 1766981.31967309000901878, 1099469.85372361005283892 1766981.41325133992359042, 1099475.48227786994539201 1766981.44297517999075353, 1099479.34216599003411829 1766981.46315020998008549, 1099479.64329358004033566 1766981.46471282001584768, 1099481.29201340000145137 1766981.4733186699450016, 1099482.07656770991161466 1766981.47738953004591167, 1099484.41197640006430447 1766981.48999567003920674, 1099487.72614393988624215 1766981.50749224005267024, 1099504.33584362990222871 1766981.5945329200476408, 1099505.61553365993313491 1766981.60098296008072793, 1099519.81348295998759568 1766981.67598616005852818, 1099522.93226850009523332 1766984.19801210006698966, 1099523.03499293001368642 1766991.9355109001044184, 1099523.15870835003443062 1767001.27372810989618301, 1099523.29437804990448058 1767011.53397229989059269, 1099523.38321794010698795 1767021.52550156996585429, 1099523.58975123008713126 1767033.8244850100018084, 1099523.74056972004473209 1767045.25579508999362588, 1099523.82401095004752278 1767051.5939497200306505, 1099528.01353550003841519 1767054.87185950996354222, 1099527.99041128996759653 1767055.69421810004860163, 1099527.942492859903723 1767057.39834264991804957, 1099527.90480148000642657 1767058.73984976997599006))",SA001,324620,2723063100,35803045,54000,1995-01-01,SA005,4,150,200.56,,0,0,20119006912.0,1,150-DTC-95,IQT903,324620,SA005,,B,243,520,P0,1.1,1995-01-01,SS00201,,1995-01-01,DTC,True
"MultiLineString ((1099395.73979592998512089 1767051.94105678005144, 1099395.74055649992078543 1767053.10763395996764302, 1099395.60929303010925651 1767057.66963480995036662, 1099395.59457797999493778 1767059.16216806997545063, 1099395.42240978009067476 1767076.43947837990708649, 1099395.34465551003813744 1767084.2328502400778234, 1099395.33502982999198139 1767085.19452314008958638, 1099395.32323766988702118 1767086.36315355007536709, 1099395.31152092991396785 1767087.59270605002529919, 1099395.18885452998802066 1767099.84774784999899566, 1099395.1656837600748986 1767102.22389774001203477, 1099395.02355603990145028 1767116.47625753004103899, 1099394.99027570988982916 1767119.84009762993082404, 1099394.83043028996326029 1767135.91582661005668342, 1099394.79982382990419865 1767138.9738117300439626, 1099394.69438082003034651 1767149.70631943992339075, 1099394.6605883298907429 1767153.10715341009199619, 1099394.55810393998399377 1767163.57376004010438919, 1099394.44629537989385426 1767174.98601384996436536, 1099394.37634073989465833 1767182.07366494997404516, 1099394.16160314995795488 1767203.91551681002601981, 1099394.14255087007768452 1767205.88984834006987512))",SA001,413298,2723063100,35803045,54000,1995-01-01,SA005,10,100,154.0,,0,0,20119006912.0,1,100-PFP-95,IQT903,413298,SA005,,B,243,520,P0,1.0,1995-01-01,SS00201,,1995-01-01,PFP,True
"MultiLineString ((1099114.89626739989034832 1766851.62428879993967712, 1099115.32987129990942776 1766851.8127250000834465, 1099116.63721000007353723 1766852.38080090004950762, 1099118.02204940002411604 1766852.98257629992440343, 1099118.30129160010255873 1766854.2086209999397397, 1099119.00142679992131889 1766857.27776469988748431, 1099119.80934610008262098 1766860.81641829991713166, 1099120.29767789994366467 1766862.95547119993716478, 1099122.10000140010379255 1766870.85650089988484979, 1099122.83046867954544723 1766874.51920202537439764, 1099123.17518729995936155 1766876.24768640007823706, 1099123.21856410009786487 1766876.46516879997216165, 1099123.33705270010977983 1766877.8668482000939548, 1099123.50115270004607737 1766879.80861610011197627, 1099123.66256579989567399 1766881.71875929995439947, 1099123.99180330010131001 1766881.7051721999887377, 1099124.51765460008755326 1766881.68357020011171699))",SA001,418930,2723061000,35803044,54000,2009-08-18,SA005,13,50,33.6,,0,0,20099008650.0,1,50-STS-09,IQT903,418930,SA005,,B,461,520,P0,0.8,2009-08-18,SS00201,,2009-08-18,STS,True
"MultiLineString ((1099453.01005810010246933 1767112.6782627000939101, 1099454.3414336999412626 1767112.71206489996984601, 1099456.32457770011387765 1767112.76241419999860227, 1099460.80967080011032522 1767112.87627099989913404, 1099466.23726839991286397 1767113.01408310001716018, 1099473.29017339996062219 1767113.1931632999330759, 1099479.29634566488675773 1767113.34563437220640481, 1099486.38436409994028509 1767113.52556889993138611, 1099496.84184550005011261 1767113.79110680008307099, 1099497.88544180011376739 1767113.81760430010035634, 1099501.77774660009890795 1767113.91643229988403618, 1099503.2455661001149565 1767113.95367680001072586, 1099507.34442569990642369 1767114.05773000000044703))",SA001,448649,2723063100,35803045,54000,2016-05-14,SA005,13,40,54.37,,0,0,20169007672.0,1,40-STS-16,IQT903,448649,SA005,,B,243,520,P0,0.8,2016-05-14,SS00201,,2016-05-14,STS,True
"MultiLineString ((1099154.38581030000932515 1766937.02877900004386902, 1099153.6799214999191463 1766935.94382639997638762))",SA001,459335,2723061000,35803044,54000,1991-01-01,SA005,10,40,1.0,,0,0,20119006912.0,1,40-PFP-91,IQT903,459335,SA005,,B,461,520,P0,0.8,1991-01-01,SS00201,,1991-01-01,PFP,True
"MultiLineString ((1099517.96383023005910218 1767150.09002853999845684, 1099518.14030533004552126 1767150.18872334994375706, 1099517.5128488598857075 1767150.29105052002705634, 1099517.30979130999185145 1767149.90500152995809913))",SA001,470706,2723063100,35803045,54000,2021-06-14,SA005,13,80,1.27,,0,0,20219006333.0,1,80-STS-21,IQT001,470706,SA005,,B,243,520,P0,0.4,2021-06-14,SS00201,,2021-06-14,STS,True
"MultiLineString ((1099493.02063170005567372 1767162.17790219001471996, 1099493.41741413995623589 1767162.00167991011403501, 1099500.9544726200401783 1767158.65418667998164892, 1099503.78025847999379039 1767157.39913750998675823, 1099504.42036266997456551 1767157.1148312499281019, 1099506.31660894001834095 1767156.1069104599300772, 1099515.02403397997841239 1767151.47864506999030709, 1099515.31511791003867984 1767151.30054742004722357, 1099517.21465732995420694 1767150.13846569997258484, 1099517.1856143600307405 1767150.08636337006464601, 1099517.18720304989255965 1767149.98287828988395631, 1099517.24033545004203916 1767149.8940531499683857, 1099517.33074928005225956 1767149.84370046993717551, 1099517.43423434998840094 1767149.8452891600318253, 1099517.52305992995388806 1767149.89839348988607526, 1099517.54439770011231303 1767149.93670542002655566, 1099517.81878868001513183 1767149.76885123993270099))",SA001,470713,2723063100,35803045,54000,2021-06-14,SA005,18,80,28.0,,0,0,20219006333.0,1,80-DTEP-21,IQT001,470713,SA005,,B,243,520,P0,0.7,2021-06-14,SS00201,,2021-06-14,DTEP,True
"MultiLineString ((1099517.81878868001513183 1767149.76885123993270099, 1099517.96383023005910218 1767150.09002853999845684))",SA001,470714,2723063100,35803045,54000,2021-06-14,SA005,18,80,0.35,,0,0,20219006333.0,1,80-DTEP-21,IQT001,470714,SA005,,B,243,520,P0,0.8,2021-06-14,SS00201,,2021-06-14,DTEP,True
"MultiLineString ((1099517.81878868001513183 1767149.76885123993270099, 1099529.09789065993390977 1767144.35799756995402277, 1099530.78064250992611051 1767143.18304245010949671, 1099530.89896439993754029 1767140.23036118992604315, 1099530.58354376000352204 1767139.93458627001382411, 1099530.59591942001134157 1767139.05347188003361225, 1099530.61343235010281205 1767137.80480506992898881))",SA001,470715,2723063100,35803045,54000,2021-06-14,SA005,18,80,20.09,,0,0,20219006333.0,1,80-DTEP-21,IQT001,470715,SA005,,B,243,520,P0,0.8,2021-06-14,SS00201,,2021-06-14,DTEP,True
"MultiLineString ((1099396.33700015000067651 1766984.55579296010546386, 1099396.30608632997609675 1766987.69973644008859992, 1099396.1889769199769944 1766999.39189244993031025, 1099396.10631211008876562 1767007.77410054998472333, 1099395.89491308992728591 1767029.00612066010944545, 1099395.80507343006320298 1767037.98914596997201443, 1099395.73545151995494962 1767044.98584191990084946, 1099395.73833996988832951 1767049.59451204002834857))",SA001,36731,2723063100,35803045,54000,1995-01-01,SA005,10,100,65.06,,0,0,20119006912.0,1,100-PFP-95,IQT903,36731,SA005,,B,243,520,P0,1.0,1995-01-01,SS00201,,1995-01-01,PFP,True
"MultiLineString ((1099525.58201287989504635 1767055.68321408005431294, 1099525.3549084400292486 1767055.68219820992089808, 1099523.85750129004009068 1767055.69781268993392587, 1099520.91499626007862389 1767055.72858134005218744, 1099484.12348780990578234 1767056.11273804004304111, 1099483.67139333998784423 1767056.11744847008958459, 1099481.38548015989363194 1767056.1413680799305439, 1099480.30075893993489444 1767055.32336693000979722, 1099479.42087381007149816 1767055.31687787990085781))",SA001,211525,2723063100,35803045,54000,2007-07-31,SA005,4,80,46.45,,0,0,20119006912.0,1,80-DTC-07,IQT903,211525,SA005,,B,243,520,P0,1.0,2007-07-31,SS00201,,2007-07-31,DTC,True
"MultiLineString ((1099358.21213950007222593 1767018.37447699997574091, 1099350.69737110007554293 1767017.40464970003813505, 1099350.69737110007554293 1767017.40464970003813505, 1099343.1139958999119699 1767016.73798079998232424, 1099335.96061390009708703 1767016.73821699991822243, 1099331.5923758998978883 1767016.76826680009253323, 1099330.55329780001193285 1767016.77542049996554852, 1099321.25099770002998412 1767016.91349900001659989, 1099320.54633480007760227 1767016.89715080009773374, 1099319.43973729992285371 1767016.87146000005304813, 1099319.0621698999311775 1767016.89328869991004467, 1099318.25859170011244714 1767016.93976800004020333, 1099317.94244719995185733 1767016.97278680000454187, 1099316.68624860001727939 1767017.10397979989647865))",SA001,71260,2723063100,35803045,54000,2017-10-17,SA005,13,50,41.64,,0,0,20179011341.0,1,50-STS-17,IQT903,71260,SA005,,B,461,520,P0,0.8,2017-10-17,SS00201,,2017-10-17,STS,True
"MultiLineString ((1099332.8386349999345839 1766979.87331317993812263, 1099333.09188277996145189 1766981.56187459989450872, 1099334.4558112199883908 1766990.88852396002039313, 1099334.57381726009771228 1766991.67422199994325638, 1099334.68275290005840361 1766992.39973018993623555))",SA001,36928,2723063100,35803045,54000,1994-01-01,SA005,13,25,12.67,,0,0,20119006912.0,1,25-STS-94,IQT903,36928,SA005,,B,461,520,P0,0.8,1994-01-01,SS00201,,1994-01-01,STS,True
"MultiLineString ((1099324.55060714995488524 1767132.72794591006822884, 1099324.36333717009983957 1767131.24036946007981896, 1099323.22285209991969168 1767122.60701606003567576, 1099322.93552660010755062 1767120.33303453004918993, 1099320.18527496000751853 1767101.15485403011552989, 1099318.24279757007025182 1767085.78607544000260532, 1099318.11254060990177095 1767084.75420361990109086, 1099316.86782318004406989 1767074.90602602995932102, 1099316.70179671002551913 1767073.5927232198882848, 1099317.41571443993598223 1767067.22371984994970262, 1099318.36570085003040731 1767058.74477799003943801, 1099318.48252492002211511 1767057.70372899994254112, 1099318.68373452988453209 1767055.91506940010003746, 1099318.85043482994660735 1767054.42489779996685684))",SA001,71478,2723063100,35803045,54000,1996-01-01,SA005,10,80,78.97,,0,0,20119006912.0,1,80-PFP-96,IQT903,71478,SA005,,B,461,520,P0,1.0,1996-01-01,SS00201,,1996-01-01,PFP,True
"MultiLineString ((1099396.33700015000067651 1766984.55579296010546386, 1099396.35112331993877888 1766983.49315021000802517, 1099397.42942315991967916 1766982.15085809002630413, 1099398.34771403996273875 1766981.00700829993002117, 1099399.91401380999013782 1766981.02984584006480873))",SA001,324846,2723063100,35803045,54000,2006-07-18,SA005,4,100,6.0,,0,0,2006540000000.0,1,100-DTC-06,IQT903,324846,SA005,,B,243,520,P0,1.0,2006-07-18,SS00201,,2006-07-18,DTC,True
"MultiLineString ((1099448.14737301995046437 1766981.29962691990658641, 1099448.06457485002465546 1766982.79605631995946169, 1099447.4994624899700284 1766992.98467519995756447, 1099447.23736737994477153 1766997.72086185007356107, 1099447.05944393994286656 1767000.93149919994175434, 1099444.79382036998867989 1767011.81703480007126927, 1099444.58259249990805984 1767014.39728893991559744, 1099442.33980617998167872 1767023.48061716998927295, 1099442.14677541004493833 1767024.40550495008938015, 1099442.14153337990865111 1767025.8021702200639993, 1099442.13881810009479523 1767026.43806446995586157, 1099442.0921469999011606 1767039.93692148011177778, 1099442.03948656003922224 1767055.01640228996984661))",SA001,106661,2723063100,35803045,54000,1989-01-01,SA005,5,50,74.3,,0,0,20119006912.0,1,50-EPS-89,IQT903,106661,SA005,,B,243,520,P0,0.8,1989-01-01,SS00201,,1989-01-01,EPS,True
"MultiLineString ((1099442.33980617998167872 1767023.48061716998927295, 1099454.18349104002118111 1767023.75797108002007008, 1099454.49128982005640864 1767023.76570017007179558))",SA001,177138,2723063100,35803045,54000,1993-01-01,SA005,13,20,12.16,,0,0,20119006912.0,1,20-STS-93,IQT903,177138,SA005,,B,243,520,P0,0.8,1993-01-01,SS00201,,1993-01-01,STS,True
"MultiLineString ((1099348.3419323000125587 1767052.05711159994825721, 1099351.1264255999121815 1767040.52404180006124079, 1099351.1264255999121815 1767040.52404180006124079, 1099353.20610100007615983 1767034.0229156999848783, 1099354.32622079993598163 1767030.52154930005781353, 1099356.20514099998399615 1767024.64818680007010698, 1099358.10420909989625216 1767018.71184360003098845, 1099358.21213950007222593 1767018.37447699997574091, 1099358.61366640008054674 1767017.11926930001936853, 1099359.60883200005628169 1767014.00899460003711283, 1099361.01881389995105565 1767009.59528829995542765, 1099363.75797859998419881 1767001.01851639989763498, 1099364.15486270003020763 1766999.77679709997028112))",SA001,37774,2723063100,35803045,54000,2017-05-22,SA005,13,50,54.0,,0,0,20179005392.0,1,50-STS-17,IQT903,37774,SA005,,B,461,520,P0,0.8,2017-05-22,SS00201,,2017-05-22,STS,True
"MultiLineString ((1099363.04349380009807646 1767071.56823189998976886, 1099371.51057970011606812 1767072.05829389998689294, 1099371.51057970011606812 1767072.05829389998689294, 1099371.83802239992655814 1767072.0772458000574261, 1099374.53198290010914207 1767072.23317310004495084, 1099376.53093930007889867 1767072.34889680007472634, 1099391.23821879993192852 1767073.20014120009727776))",SA001,72241,2723063100,35803045,54000,1993-01-01,SA005,13,25,28.25,,0,0,20119006912.0,1,25-STS-93,IQT903,72241,SA005,,B,461,520,P0,0.8,1993-01-01,SS00201,,1993-01-01,STS,True
"MultiLineString ((1099426.32726183999329805 1767054.74852501996792853, 1099426.53007117006927729 1767046.95061509008519351, 1099426.56761246011592448 1767045.53841538005508482, 1099426.58712893002666533 1767044.782818190054968, 1099426.70349331991747022 1767040.35742161003872752))",SA001,37775,2723063100,35803045,54000,1993-01-01,SA005,13,25,14.4,,0,0,20119006912.0,1,25-STS-93,IQT903,37775,SA005,,B,243,520,P0,0.8,1993-01-01,SS00201,,1993-01-01,STS,True
"MultiLineString ((1099331.5923758998978883 1767016.76826680009253323, 1099328.54568540002219379 1767006.31297670002095401, 1099328.54568540002219379 1767006.31297670002095401))",SA001,2840,2723063100,35803045,54000,1997-01-01,SA005,13,20,10.0,,0,0,20119006912.0,1,20-STS-97,IQT903,2840,SA005,,B,461,520,P0,0.8,1997-01-01,SS00201,,1997-01-01,STS,True
"MultiLineString ((1099796.2186408000998199 1766719.0639680998865515, 1099794.04028349998407066 1766722.39412690000608563, 1099791.00821770005859435 1766727.03013450000435114, 1099790.37351540010422468 1766728.00133199989795685, 1099787.91415690002031624 1766732.28293489990755916, 1099785.83633140008896589 1766735.90034779999405146, 1099775.25591520010493696 1766751.86897199996747077, 1099774.27029867982491851 1766753.66918918490409851, 1099772.01194970007054508 1766757.7940374999307096, 1099768.41620439989492297 1766764.36168329999782145, 1099768.37235819990746677 1766767.21800859994255006))",SA001,4736,2723063000,35803045,54000,1991-01-01,SA005,10,50,56.06,,0,0,20119006912.0,1,50-PFP-91,IQT903,4736,SA005,,B,490,520,P0,0.8,1991-01-01,SS00201,,1991-01-01,PFP,True
"MultiLineString ((1099447.23736737994477153 1766997.72086185007356107, 1099445.83085751999169588 1766997.70951709989458323, 1099443.33949961001053452 1766997.68943538004532456, 1099440.26744373003020883 1766997.6646502900402993, 1099438.04808928002603352 1766997.64686323003843427, 1099430.61330479010939598 1766997.58758618007414043, 1099427.5311110399197787 1767000.32811879995279014, 1099425.74015357997268438 1767001.92061657994054258, 1099413.76814826996996999 1767012.56433169008232653, 1099409.05723862000741065 1767016.75282785994932055, 1099404.76792797003872693 1767020.56581902992911637, 1099401.45012388005852699 1767025.11944112996570766, 1099400.41058702999725938 1767026.54632606008090079, 1099400.01029404997825623 1767027.0957124400883913, 1099399.06978528993204236 1767028.38658228004351258, 1099398.54184095002710819 1767029.11140962992794812, 1099397.39276253990828991 1767029.06589196994900703, 1099397.39273447007872164 1767029.06589153991080821, 1099395.89491308992728591 1767029.00612066010944545))",SA001,4009,2723063100,35803045,54000,2016-06-27,SA005,13,40,64.45,,0,0,20169008427.0,1,40-STS-16,IQT903,4009,SA005,,B,243,520,P0,0.8,2016-06-27,SS00201,,2016-06-27,STS,True
"MultiLineString ((1099345.94536143005825579 1767054.30965554993599653, 1099344.06790025997906923 1767066.43988995999097824, 1099342.97548628994263709 1767073.50201750011183321))",SA001,243995,2723063100,35803045,54000,1994-01-01,SA005,13,20,19.43,,0,0,20119006912.0,1,20-STS-94,IQT903,243995,SA005,,B,461,520,P0,0.8,1994-01-01,SS00201,,1994-01-01,STS,True
"MultiLineString ((1099479.42087380005978048 1767055.31687789992429316, 1099447.51352096954360604 1767055.0808174186386168, 1099446.40564380004070699 1767055.07262099999934435, 1099440.93158080009743571 1767055.00823760009370744, 1099426.32726179994642735 1767054.74852499994449317, 1099425.21941230003722012 1767054.74036119994707406, 1099420.25604899995960295 1767054.57707990007475019, 1099419.14817150007002056 1767054.5689155999571085))",SA001,407422,2723063100,35803045,54000,1989-01-01,SA005,4,80,60.3,,0,0,20119006912.0,1,80-DTC-89,IQT903,407422,SA005,,B,243,520,P0,1.0,1989-01-01,SS00201,,1989-01-01,DTC,True
"MultiLineString ((1099484.12348780990578234 1767056.11273804004304111, 1099484.10213172994554043 1767054.89424402010627091, 1099484.07299808994866908 1767053.23691560002043843, 1099484.05097837001085281 1767051.98118504998274148, 1099483.79257621988654137 1767037.25835367990657687, 1099483.729917410062626 1767033.68843525997363031, 1099483.51575477002188563 1767021.48776435991749167, 1099483.47248388989828527 1767019.02131795999594033, 1099483.42462026001885533 1767016.29444123990833759, 1099483.39355725003406405 1767014.52503920998424292, 1099483.33152590994723141 1767010.99103730008937418, 1099483.22636468010023236 1767005.00151200010441244, 1099483.18846814008429646 1767002.83966859988868237, 1099483.16936154989525676 1767001.75077140005305409, 1099483.00678599998354912 1766992.48972432990558445, 1099482.86392671009525657 1766984.34916726010851562, 1099482.84535265993326902 1766983.29141249996609986, 1099482.83641280001029372 1766982.7819817999843508, 1099482.83015395002439618 1766982.42525958991609514, 1099482.8244207298848778 1766982.09830405004322529, 1099482.8136218199506402 1766981.48137690988369286))",SA001,408602,2723063100,35803045,54000,2007-11-14,SA005,13,50,74.66,,0,0,20079008326.0,1,50-STS-07,IQT903,408602,SA005,,B,243,520,P0,0.8,2007-11-14,SS00201,,2007-11-14,STS,True
"MultiLineString ((1099920.46273509995080531 1766840.18213890003971756, 1099920.42912800004705787 1766842.32020379998721182, 1099920.25488719996064901 1766853.69454540009610355, 1099920.24247820000164211 1766854.51021949993446469, 1099920.10460110008716583 1766863.43157400004565716, 1099920.10460110008716583 1766863.43157400004565716, 1099920.09534420003183186 1766864.03825580002740026))",SA001,143928,2723063000,35803045,54000,1993-01-01,SA005,13,25,23.87,,0,0,20119006912.0,1,25-STS-93,IQT903,143928,SA005,,B,490,520,P0,0.8,1993-01-01,SS00201,,1993-01-01,STS,True
"MultiLineString ((1099350.98137200996279716 1767051.72663112008012831, 1099352.04307051002979279 1767051.76202024007216096, 1099360.99092909996397793 1767052.12726147007197142, 1099368.59280791995115578 1767052.43899310007691383, 1099369.94525793008506298 1767052.52457850007340312, 1099377.66037775995209813 1767053.01803198992274702, 1099387.06725639989599586 1767053.61508163996040821, 1099388.30478054005652666 1767052.68873841990716755, 1099390.13790860003791749 1767052.7071660899091512, 1099391.63752748002298176 1767052.71202354994602501))",SA001,413291,2723063100,35803045,54000,1995-01-01,SA005,10,80,41.03,,0,0,20119006912.0,1,80-PFP-95,IQT903,413291,SA005,,B,461,520,P0,1.0,1995-01-01,SS00201,,1995-01-01,PFP,True
"MultiLineString ((1099346.59087594994343817 1767051.55153783992864192, 1099346.98315859003923833 1767051.56783512001857162, 1099347.35206985007971525 1767052.0092935599386692, 1099348.5416157899890095 1767052.0667745100799948, 1099350.08491371991112828 1767052.14139300002716482, 1099350.58250181004405022 1767051.71334894001483917, 1099350.98137200996279716 1767051.72663112008012831))",SA001,413292,2723063100,35803045,54000,2008-08-11,SA005,4,80,4.76,,0,0,20089008360.0,1,80-DTC-08,IQT903,413292,SA005,,B,461,520,P0,1.0,2008-08-11,SS00201,,2008-08-11,DTC,True
"MultiLineString ((1099391.70826896000653505 1767049.08595639001578093, 1099392.04387420997954905 1767031.87690498004667461, 1099392.09646252007223666 1767029.21021808008663356, 1099392.25093946000561118 1767021.29997228994034231, 1099392.45327812992036343 1767010.90289429994300008, 1099392.74921174999326468 1766995.74211396998725832, 1099392.75950392009690404 1766995.21065970999188721))",SA001,413296,2723063100,35803045,54000,1995-01-01,SA005,10,100,53.9,,0,0,20119006912.0,1,100-PFP-95,IQT903,413296,SA005,,B,461,520,P0,1.0,1995-01-01,SS00201,,1995-01-01,PFP,True
"MultiLineString ((1099391.66397702996619046 1767051.35484752990305424, 1099391.68431055010296404 1767050.31377686001360416, 1099391.70826896000653505 1767049.08595639001578093))",SA001,413297,2723063100,35803045,54000,2008-08-11,SA005,4,100,2.27,,0,0,20089008360.0,1,100-DTC-08,IQT903,413297,SA005,,B,461,520,P0,1.0,2008-08-11,SS00201,,2008-08-11,DTC,True
"MultiLineString ((1099395.73833996988832951 1767049.59451204002834857, 1099395.73979592998512089 1767051.94105678005144))",SA001,413300,2723063100,35803045,54000,2008-08-11,SA005,4,100,2.35,,0,0,20089008360.0,1,100-DTC-08,IQT903,413300,SA005,,B,243,520,P0,1.0,2008-08-11,SS00201,,2008-08-11,DTC,True
"MultiLineString ((1099392.79900907003320754 1766993.16943265008740127, 1099392.81008966988883913 1766992.59759177989326417, 1099392.95696684997528791 1766985.12016089004464447, 1099391.93269772990606725 1766983.9687811799813062))",SA001,413303,2723063100,35803045,54000,1995-01-01,SA005,10,100,9.59,,0,0,20119006912.0,1,100-PFP-95,IQT903,413303,SA005,,B,461,520,P0,1.0,1995-01-01,SS00201,,1995-01-01,PFP,True
"MultiLineString ((1099392.75950392009690404 1766995.21065970999188721, 1099392.78022054000757635 1766994.13913445989601314, 1099392.79900907003320754 1766993.16943265008740127))",SA001,413304,2723063100,35803045,54000,2008-08-11,SA005,4,100,2.04,,0,0,20089008360.0,1,100-DTC-08,IQT903,413304,SA005,,B,461,520,P0,1.0,2008-08-11,SS00201,,2008-08-11,DTC,True
"MultiLineString ((1099852.93295440007932484 1766783.8524225999135524, 1099852.67435640003532171 1766800.78406030009500682, 1099852.67435640003532171 1766800.78406030009500682, 1099852.65274720010347664 1766802.1917620999738574))",SA001,420515,2723063000,35803045,54000,2010-01-26,SA005,13,50,18.0,,0,0,20109001284.0,1,50-STS-10,IQT903,420515,SA005,,B,490,520,P0,0.8,2010-01-26,SS00201,,2010-01-26,STS,True
"MultiLineString ((1099849.76948320609517395 1766783.8974490468390286, 1099849.73234040010720491 1766785.6398072000592947, 1099849.71528890007175505 1766786.75060999998822808, 1099849.70798119995743036 1766787.22666439996100962, 1099849.70067350007593632 1766787.70271870004944503))",SA001,420516,2723063000,35803045,54000,2010-01-26,SA005,13,50,3.0,,0,0,20109001284.0,1,50-STS-10,IQT903,420516,SA005,,B,490,520,P0,0.8,2010-01-26,SS00201,,2010-01-26,STS,True
"MultiLineString ((1099849.70067350007593632 1766787.70271870004944503, 1099849.60643430007621646 1766797.23069450003094971, 1099849.60643430007621646 1766797.23069450003094971, 1099849.55569609999656677 1766802.35567510011605918, 1099852.65274720010347664 1766802.1917620999738574))",SA001,420752,2723063000,35803045,54000,2010-03-17,SA005,13,50,17.0,,0,0,20109002933.0,1,50-STS-10,IQT903,420752,SA005,,B,490,520,P0,0.8,2010-03-17,SS00201,,2010-03-17,STS,True
"MultiLineString ((1099566.22442759992554784 1767036.17059920006431639, 1099566.22443079994991422 1767034.99083820008672774, 1099566.22440170007757843 1767020.74530060007236898, 1099566.22440019994974136 1767019.99148020008578897, 1099566.22439681063406169 1767014.37543889996595681, 1099566.22439410001970828 1767009.8842720000538975, 1099566.22438289993442595 1767007.58365730009973049, 1099566.22435600007884204 1767002.04862889996729791, 1099566.2243675000499934 1766997.39547510002739727, 1099566.22436080011539161 1766995.87071039993315935))",SA001,430998,2723063100,35803045,54000,2012-10-29,SA005,13,50,40.31,,0,0,20129011748.0,1,50-STS-12,IQT903,430998,SA005,,B,470,520,P0,0.8,2012-10-29,SS00201,,2012-10-29,STS,True
"MultiLineString ((1099669.54475550004281104 1766898.73392109991982579, 1099669.55513529991731048 1766897.84561680001206696, 1099669.59270350006408989 1766894.63388919993303716, 1099669.62981140008196235 1766891.45946520008146763, 1099669.67528630001470447 1766887.57186240004375577, 1099669.80310730007477105 1766876.64457120001316071, 1099669.91731900000013411 1766866.87824909994378686, 1099669.91731900000013411 1766866.87824909994378686, 1099670.0811101000290364 1766852.87264410010538995, 1099681.64937640004791319 1766852.79466759995557368, 1099682.68623479991219938 1766852.7877038000151515))",SA001,436993,2723063100,35803045,54000,2014-04-14,SA005,13,40,58.49,,0,0,20149005417.0,1,40-STS-14,IQT903,436993,SA005,,B,470,520,P0,0.8,2014-04-14,SS00201,,2014-04-14,STS,True
"MultiLineString ((1099634.95187809993512928 1766785.36306839995086193, 1099637.50356109999120235 1766782.50503899995237589, 1099656.71086649992503226 1766782.76178649999201298, 1099669.55635219998657703 1766782.9335094999987632, 1099707.03715130011551082 1766783.4483258998952806, 1099715.19674029992893338 1766783.56040169997140765, 1099726.00473310006782413 1766783.70885460008867085, 1099730.34720179997384548 1766783.76850040000863373, 1099730.34720179997384548 1766783.76850040000863373, 1099732.35643639997579157 1766783.79609819990582764, 1099733.32923860009759665 1766783.79404640011489391))",SA001,437818,2723063100,35803045,54000,2014-06-30,SA005,18,200,99.7,,0,0,20149008255.0,1,200-DTEP-14,IQT903,437818,SA005,,B,470,520,P0,1.3,2014-06-30,SS00201,,2014-06-30,DTEP,True
"MultiLineString ((1099589.43034769990481436 1766786.23723950004205108, 1099589.43957989988848567 1766785.44405389996245503, 1099589.45731709990650415 1766783.92015650006942451, 1099594.05344070005230606 1766783.97620679996907711, 1099594.00214414647780359 1766785.39065698976628482, 1099593.96877099992707372 1766786.31088749994523823))",SA001,472853,2723063100,35803045,54000,2021-06-25,SA005,18,200,9.0,,0,0,20219009083.0,1,200-DTEP-21,IQT903,472853,SA005,,B,470,520,P0,0.0,2021-06-25,SS00201,,2021-06-25,DTEP,True
"MultiLineString ((1099790.33791055995970964 1767268.10018484992906451, 1099789.60999840009026229 1767266.78931487002409995, 1099785.49646597006358206 1767259.38796130008995533, 1099783.53263665991835296 1767255.85569668002426624, 1099781.99411602993495762 1767250.45918141002766788, 1099781.70751268998719752 1767249.45300991996191442, 1099781.6279644500464201 1767247.45518001005984843, 1099781.36555781005881727 1767240.85528783011250198, 1099781.10820217011496425 1767234.38354770001024008, 1099780.96785161993466318 1767230.26950606005266309, 1099780.74946386995725334 1767225.37767801992595196, 1099780.66403996990993619 1767223.23773055989295244, 1099780.68957592989318073 1767219.78774790000170469, 1099780.76927668997086585 1767209.24180528009310365, 1099780.84756274009123445 1767198.98183276993222535, 1099780.91835864004679024 1767189.60655967006459832, 1099780.99372903001494706 1767179.53646433004178107, 1099781.06898364005610347 1767169.60738390008918941, 1099781.08035820000804961 1767168.13680760003626347, 1099781.09226077003404498 1767166.63732298999093473))",SA001,3904,2723063000,35803045,54000,1989-01-01,SA005,4,80,103.53,,0,0,20119006912.0,1,80-DTC-89,IQT903,3904,SA005,,B,480,520,P0,1.0,1989-01-01,SS00201,,1989-01-01,DTC,True
"MultiLineString ((1099963.44663088000379503 1767115.13432275992818177, 1099963.4807965001091361 1767117.74945475999265909, 1099963.60865105991251767 1767127.47068160003982484, 1099963.76981219998560846 1767137.89525766996666789, 1099963.76257666992023587 1767140.33976474008522928, 1099963.73173754010349512 1767150.17551253992132843, 1099963.70021943002939224 1767160.12130083004012704, 1099959.65745860990136862 1767163.43611530005000532, 1099959.59593577007763088 1767165.50884437002241611, 1099959.53943980997428298 1767167.37665271991863847, 1099959.50226939003914595 1767168.63481743005104363, 1099963.30764700006693602 1767172.24819047003984451, 1099963.30291558988392353 1767172.88006834010593593, 1099963.22925360989756882 1767182.24822844006121159, 1099963.17918559000827372 1767188.61836878000758588, 1099963.12853277008980513 1767195.02842165995389223, 1099963.03629760001786053 1767206.73100423999130726, 1099963.03514416003599763 1767206.80796601995825768, 1099963.2225091599393636 1767209.71391249005682766, 1099963.22624950995668769 1767234.17404819000512362, 1099963.23065039003267884 1767234.62251706002280116, 1099963.33577065006829798 1767245.29951843991875648, 1099963.16812509996816516 1767248.63962883991189301, 1099963.04322926001623273 1767259.11570919002406299, 1099963.11544245993718505 1767268.98647551005706191, 1099960.28236592002213001 1767274.26006867992691696, 1099958.4622773400042206 1767275.24815999995917082, 1099945.45654922001995146 1767281.74991890997625887, 1099922.61964333988726139 1767293.16603498999029398, 1099901.07642462989315391 1767303.93491117004305124, 1099895.83944854000583291 1767306.55261083994992077, 1099883.2846530401147902 1767313.5625548199750483, 1099877.7123475200496614 1767312.21647481992840767, 1099876.23774911998771131 1767311.9440600099042058, 1099873.16268560010939837 1767308.636789679992944, 1099871.25527972006238997 1767306.58610766008496284, 1099864.4775050301104784 1767299.29814498010091484, 1099863.45637989998795092 1767298.19978668005205691, 1099863.20680896006524563 1767298.43694413988851011, 1099860.75258289999328554 1767300.77810547989793122, 1099860.58522671996615827 1767300.93758046999573708, 1099859.49966549989767373 1767301.97181617002934217))",SA001,106548,2723063000,35803045,54000,1989-01-01,SA005,4,200,281.41,,0,0,20119006912.0,1,200-DTC-89,IQT903,106548,SA005,,B,480,520,P0,1.3,1989-01-01,SS00201,,1989-01-01,DTC,True
"MultiLineString ((1099860.58522671996615827 1767300.93758046999573708, 1099859.55602354998700321 1767299.84606057009659708, 1099856.37353511992841959 1767296.47198110003955662, 1099852.17065229010768235 1767292.01595001993700862, 1099843.79925419995561242 1767283.14197913999669254, 1099835.44077923009172082 1767274.2802229099906981, 1099826.80871159001253545 1767265.12833119998686016, 1099816.14878823002800345 1767253.82593059004284441, 1099815.46494633005931973 1767253.10063495999202132, 1099810.68107707006856799 1767246.52091251988895237, 1099809.41284484998323023 1767244.77690058993175626, 1099806.84267911990173161 1767240.06811439990997314, 1099806.13582211011089385 1767238.66034671990200877, 1099804.8335843700915575 1767233.94705066992901266, 1099804.8921649600379169 1767232.43539648992009461, 1099804.70044263009913266 1767223.75485917995683849, 1099806.04443167010322213 1767171.45453739003278315, 1099806.16872653993777931 1767168.15303899999707937, 1099806.22552259010262787 1767166.65519798011519015))",SA001,106545,2723063000,35803045,54000,1990-01-01,SA005,4,100,155.24,,0,0,20119006912.0,1,100-DTC-90,IQT903,106545,SA005,,B,480,520,P0,1.0,1990-01-01,SS00201,,1990-01-01,DTC,True
"MultiLineString ((1099751.2998545600567013 1767166.6164222399238497, 1099752.79957748996093869 1767166.6182778999209404, 1099764.38537270994856954 1767166.62578774988651276, 1099781.09226077003404498 1767166.63732298999093473, 1099806.22552259010262787 1767166.65519798011519015, 1099809.90853151003830135 1767166.67824667994864285, 1099824.7584576599765569 1767166.77550787990912795, 1099826.26603279006667435 1767166.7852606400847435, 1099826.42275565001182258 1767166.78626292990520597, 1099834.67569569009356201 1767166.83957533002831042, 1099841.9606918899808079 1767166.88751702988520265, 1099842.61548947007395327 1767166.89150538993999362, 1099843.59725721995346248 1767165.78063351009041071, 1099844.54814430000260472 1767166.75991711998358369, 1099847.32380743999965489 1767166.74927207990549505, 1099852.91620136005803943 1767166.72647882997989655, 1099853.4111918699927628 1767165.93006081995554268, 1099855.34148615994490683 1767165.95955413999035954, 1099855.65105646988376975 1767166.76809910009615123, 1099856.93879527994431555 1767166.77703169989399612, 1099863.60278998990543187 1767166.82318832003511488, 1099869.16025804006494582 1767166.86086413008160889, 1099885.14575329003855586 1767166.97140347003005445, 1099887.8690047999843955 1767166.98985284008085728, 1099899.07785648992285132 1767167.06661815010011196, 1099912.32209898997098207 1767167.15733687998726964, 1099915.40031113009899855 1767167.17825970007106662, 1099916.15401667007245123 1767166.26590835000388324, 1099918.18720932002179325 1767166.29684097995050251, 1099918.91564796003513038 1767167.04679667996242642, 1099939.11558763007633388 1767167.21052532992325723, 1099940.48015044000931084 1767167.22229370009154081, 1099954.00710068992339075 1767167.33138961996883154, 1099958.03991240006871521 1767167.36382304993458092, 1099959.53943980997428298 1767167.37665271991863847))",SA001,106547,2723063000,35803045,54000,1997-01-01,SA005,4,150,210.97,,0,0,20119006912.0,1,150-DTC-97,IQT903,106547,SA005,,B,480,520,P0,1.1,1997-01-01,SS00201,,1997-01-01,DTC,True
"MultiLineString ((1099912.32209898997098207 1767167.15733687998726964, 1099912.22127560991793871 1767181.85524735995568335, 1099912.21305753011256456 1767183.04889263003133237, 1099912.14539159997366369 1767192.80914333998225629))",SA001,72409,2723063000,35803045,54000,1993-01-01,SA005,13,25,25.66,,0,0,20119006912.0,1,25-STS-93,IQT903,72409,SA005,,B,480,520,P0,0.8,1993-01-01,SS00201,,1993-01-01,STS,True
"MultiLineString ((1099885.14575329003855586 1767166.97140347003005445, 1099884.88125436007976532 1767178.82220918009988964, 1099884.805022609885782 1767182.25353148998692632, 1099884.77490041009150445 1767183.57376385992392898, 1099884.59090630989521742 1767191.84654089994728565))",SA001,3874,2723063000,35803045,54000,1993-01-01,SA005,13,25,24.89,,0,0,20119006912.0,1,25-STS-93,IQT903,3874,SA005,,B,480,520,P0,0.8,1993-01-01,SS00201,,1993-01-01,STS,True
"MultiLineString ((1099959.65745860990136862 1767163.43611530005000532, 1099958.15777527005411685 1767163.43527094996534288, 1099949.76585496007464826 1767163.43378371000289917, 1099948.12655015010386705 1767163.43349101999774575, 1099935.82672987994737923 1767163.43006756994873285, 1099923.40500788995996118 1767163.42690633004531264, 1099899.0740241298917681 1767163.42109560989774764, 1099896.79982540011405945 1767163.42054518009535968, 1099885.35790999000892043 1767163.41822024993598461, 1099871.31335663003847003 1767163.41532798996195197, 1099859.66446841997094452 1767163.41187503002583981, 1099843.34139898000285029 1767163.40814144001342356, 1099840.4179273599293083 1767163.40767399989999831, 1099827.32540223002433777 1767163.40648300992324948, 1099811.36117243999615312 1767163.40500164008699358, 1099806.01918512000702322 1767163.39957842999137938, 1099792.65858852001838386 1767163.39606874994933605, 1099781.59857301996089518 1767163.39357067993842065, 1099771.96832311991602182 1767163.39089973992668092, 1099768.77486597001552582 1767163.39021789003163576, 1099752.78576964000239968 1767163.3866421899292618, 1099751.28604418993927538 1767163.38677977002225816))",SA001,72429,2723063000,35803045,54000,1992-01-01,SA005,4,100,208.43,,0,0,20119006912.0,1,100-DTC-92,IQT903,72429,SA005,,B,480,520,P0,1.0,1992-01-01,SS00201,,1992-01-01,DTC,True
"MultiLineString ((1099750.9578186001162976 1767098.46964089991524816, 1099761.66680680005811155 1767098.42544279992580414, 1099768.28801689995452762 1767098.39828510000370443, 1099768.28801689995452762 1767098.39828510000370443))",SA001,143088,2723063000,35803045,54000,1992-01-01,SA005,13,20,17.0,,0,0,20119006912.0,1,20-STS-92,IQT903,143088,SA005,,B,480,520,P0,0.8,1992-01-01,SS00201,,1992-01-01,STS,True
"MultiLineString ((1099750.9873176000546664 1767116.933930299943313, 1099766.53892860002815723 1767116.87462910008616745, 1099772.5502849998883903 1767116.84917080006562173, 1099772.44159719999879599 1767114.79266769997775555, 1099772.45026830001734197 1767113.83100700005888939, 1099772.45026830001734197 1767113.83100700005888939))",SA001,72395,2723063000,35803045,54000,1993-01-01,SA005,13,25,24.0,,0,0,20119006912.0,1,25-STS-93,IQT903,72395,SA005,,B,480,520,P0,0.8,1993-01-01,SS00201,,1993-01-01,STS,True
"MultiLineString ((1099750.94010160001926124 1767087.38005540007725358, 1099758.95915240002796054 1767087.34215550008229911, 1099758.95915240002796054 1767087.34215550008229911, 1099767.71414729999378324 1767087.30547489994205534))",SA001,37764,2723063000,35803045,54000,1993-01-01,SA005,13,20,16.0,,0,0,20119006912.0,1,20-STS-93,IQT903,37764,SA005,,B,480,520,P0,0.8,1993-01-01,SS00201,,1993-01-01,STS,True
"MultiLineString ((1099809.42801249003969133 1767208.66349637997336686, 1099810.92723453999496996 1767208.63033603993244469, 1099821.78901702002622187 1767208.38793326006270945, 1099832.25960602005943656 1767208.15336540993303061, 1099832.89682792988605797 1767208.13914462993852794, 1099835.81429389002732933 1767208.07363015995360911, 1099843.86763248988427222 1767207.89431667001917958, 1099852.36404217989183962 1767207.70378158008679748, 1099854.78742312989197671 1767207.64971620007418096, 1099863.88470377004705369 1767207.44647973007522523, 1099866.54938198998570442 1767207.38696655002422631, 1099871.95619202009402215 1767207.26632185000926256, 1099875.80489049991592765 1767207.2439920399338007, 1099878.00370127009227872 1767207.23047130997292697, 1099878.90959546994417906 1767207.22526010009460151, 1099887.94284056988544762 1767207.17191128991544247, 1099897.4299938699696213 1767207.11646291008219123, 1099900.46376929990947247 1767207.0986633999273181, 1099909.72295296005904675 1767207.04370174999348819, 1099916.92632019007578492 1767207.00145215005613863, 1099919.4771064599044621 1767206.98735515004955232, 1099921.63691615010611713 1767206.97424633009359241, 1099925.63256844994612038 1767206.9510843800380826, 1099931.76400385005399585 1767206.91450090007856488, 1099934.45378688001073897 1767206.89849508996121585, 1099941.92415422992780805 1767206.85534724988974631, 1099946.92468514991924167 1767206.82551781996153295, 1099951.56038215011358261 1767206.79814474005252123, 1099961.53646084992215037 1767206.74015173991210759, 1099963.03629760001786053 1767206.73100423999130726))",SA001,37984,2723063000,35803045,54000,1993-01-01,SA005,4,100,153.67,,0,0,20119006912.0,1,100-DTC-93,IQT903,37984,SA005,,B,480,520,P0,1.0,1993-01-01,SS00201,,1993-01-01,DTC,True
"MultiLineString ((1099809.26347177010029554 1767223.00944002997130156, 1099814.73859457997605205 1767223.07288817991502583, 1099821.46818108996376395 1767223.14939056010916829))",SA001,106348,2723063000,35803045,54000,1996-01-01,SA005,13,25,12.21,,0,0,20119006912.0,1,25-STS-96,IQT903,106348,SA005,,B,480,520,P0,0.8,1996-01-01,SS00201,,1996-01-01,STS,True
"MultiLineString ((1099919.4771064599044621 1767206.98735515004955232, 1099919.45549558009952307 1767221.00753543991595507, 1099919.45468520000576973 1767221.91431991010904312, 1099919.44022789993323386 1767231.0705008499789983, 1099919.43268420989625156 1767235.96352295996621251, 1099919.42409345996566117 1767241.57941175997257233))",SA001,3695,2723063000,35803045,54000,1990-01-01,SA005,13,25,34.6,,0,0,20119006912.0,1,25-STS-90,IQT903,3695,SA005,,B,480,520,P0,0.8,1990-01-01,SS00201,,1990-01-01,STS,True
"MultiLineString ((1099809.90853151003830135 1767166.67824667994864285, 1099809.89168733009137213 1767168.17776786000467837, 1099809.74300777004100382 1767181.15418684994801879, 1099809.71144016995094717 1767183.88523741997778416, 1099809.59440182009711862 1767194.12760302005335689, 1099809.58188013010658324 1767195.21023259009234607, 1099809.42801249003969133 1767208.66349637997336686, 1099809.39260831009596586 1767211.70844180998392403, 1099809.26347177010029554 1767223.00944002997130156, 1099809.22926447005011141 1767225.97641371004283428, 1099809.59507744992151856 1767231.76197358011268079, 1099810.67967612994834781 1767237.16154306009411812, 1099810.96590180997736752 1767238.58365614991635084, 1099813.95052842004224658 1767244.8759856300894171, 1099816.98543876991607249 1767248.65552000002935529, 1099831.52230798010714352 1767264.31127671990543604, 1099849.03386296005919576 1767283.17270721006207168, 1099862.18675040989182889 1767297.33860221994109452, 1099863.20680896006524563 1767298.43694413988851011))",SA001,37988,2723063000,35803045,54000,1990-01-01,SA005,4,100,151.84,,0,0,20119006912.0,1,100-DTC-90,IQT903,37988,SA005,,B,480,520,P0,1.0,1990-01-01,SS00201,,1990-01-01,DTC,True
"MultiLineString ((1099739.67066469741985202 1767003.29103669035248458, 1099738.81174549995921552 1767003.32660029991529882, 1099738.71104520000517368 1767000.36934749991632998, 1099735.60891909990459681 1767000.35776649997569621, 1099719.04381619999185205 1767000.29592470009811223))",SA001,177131,2723063100,35803045,54000,1993-01-01,SA005,10,40,23.0,,0,0,20119006912.0,1,40-PFP-93,IQT903,177131,SA005,,B,470,520,P0,0.8,1993-01-01,SS00201,,1993-01-01,PFP,True
"MultiLineString ((1099751.22976415976881981 1767162.56622426770627499, 1099768.78653790010139346 1767162.60249479999765754, 1099768.78653790010139346 1767162.60249479999765754, 1099769.34811679995618761 1767162.60362030006945133))",SA001,412753,2723063000,35803045,54000,2007-08-01,SA005,13,32,18.0,,0,0,20119006912.0,1,32-STS-07,IQT903,412753,SA005,,B,480,520,P0,0.8,2007-08-01,SS00201,,2007-08-01,STS,True
"MultiLineString ((1099750.84125460009090602 1767056.36267610010690987, 1099750.8424927000887692 1767056.9019722999073565, 1099750.84383810008876026 1767057.49828880000859499, 1099750.85135790007188916 1767060.72264089994132519, 1099750.87559930002316833 1767071.16759500000625849, 1099750.92110699997283518 1767075.49079270008951426, 1099750.92569490009918809 1767078.36247809999622405, 1099750.9578186001162976 1767098.46964089991524816, 1099750.9748883000575006 1767109.15406630001962185, 1099750.9873176000546664 1767116.933930299943313, 1099750.99958930001594126 1767124.61517970007844269, 1099751.06422709999606013 1767135.27260769996792078, 1099751.07436049333773553 1767136.94339658063836396, 1099751.08960609999485314 1767139.45708469999954104, 1099751.24471389991231263 1767165.03112450009211898, 1099751.29985460010357201 1767166.61642220010980964, 1099751.39743999997153878 1767190.20675490004941821, 1099751.39194269990548491 1767198.64477430004626513, 1099751.39028030005283654 1767201.19647349999286234, 1099751.38405469991266727 1767210.75232420000247657, 1099751.37806300004012883 1767219.94925269996747375, 1099751.37679779995232821 1767221.89122379990294576, 1099751.56737449998036027 1767231.23704420006833971, 1099752.48627700004726648 1767243.3480118999723345, 1099754.19615609990432858 1767251.50075839995406568, 1099754.36333810002543032 1767252.29804920009337366, 1099754.92799749993719161 1767254.6714633998926729, 1099768.72518220008350909 1767280.63975309999659657, 1099770.14437590003944933 1767283.47684919997118413, 1099779.33002300001680851 1767293.15448520006611943, 1099787.19883810007013381 1767301.44475880009122193, 1099795.08578679990023375 1767309.7541372999548912, 1099803.24448459991253912 1767318.34981979988515377, 1099818.72795350011438131 1767334.66259260009974241, 1099819.21897429996170104 1767335.17990230000577867))",SA001,439842,2723063000,35803045,54000,2014-11-14,SA005,18,150,302.56,,0,0,20149015602.0,1,150-DTEP-14,IQT903,439842,SA005,,B,480,520,P0,1.1,2014-11-14,SS00201,,2014-11-14,DTEP,True
"MultiLineString ((1099731.77822030009701848 1767038.65749019989743829, 1099731.82039589993655682 1767045.94821870001032948, 1099731.83008529990911484 1767047.63043250003829598, 1099731.83489830000326037 1767048.45622449996881187, 1099739.73958560009486973 1767058.02571769990026951, 1099739.69790109992027283 1767070.48645299999043345, 1099739.65231009991839528 1767084.11417250009253621, 1099739.60874560009688139 1767097.14534660009667277, 1099739.56963029992766678 1767108.83879760000854731, 1099739.53663789993152022 1767118.71246120007708669, 1099739.4793618000112474 1767123.17852260009385645, 1099739.44118049996905029 1767126.15206010011024773, 1099739.30500960000790656 1767136.76852699997834861, 1099739.27349049993790686 1767139.22762289992533624, 1099739.13080119993537664 1767150.35277829994447529, 1099739.00798010011203587 1767159.92770110000856221, 1099740.55155199998989701 1767161.09645990002900362, 1099740.548487399937585 1767164.61702869995497167, 1099740.545353899942711 1767168.27923070010729134, 1099738.76173410005867481 1767169.18876869999803603, 1099738.70025709993205965 1767181.78637069999240339, 1099738.66468499996699393 1767189.07023490010760725, 1099738.59289689990691841 1767195.9719026000238955, 1099738.49124079989269376 1767205.74625249998643994, 1099738.4590620999224484 1767208.84076959989033639, 1099738.44601229997351766 1767210.09495220007374883, 1099738.60761309997178614 1767219.36786779994145036, 1099738.66738380002789199 1767222.79844089993275702, 1099738.75163939991034567 1767226.9364382999483496, 1099738.8149486999027431 1767230.04873250005766749, 1099738.96409670007415116 1767237.37692619999870658, 1099739.12058850005269051 1767237.97632630006410182, 1099741.93247819994576275 1767248.74681179993785918, 1099742.56206032331101596 1767251.15835866681300104, 1099743.52982009993866086 1767254.86525880009867251, 1099743.9951585999224335 1767256.64764619991183281))",SA001,439856,2723063100,35803045,54000,2014-11-14,SA005,18,150,223.41,,0,0,20149015603.0,1,150-DTEP-14,IQT903,439856,SA005,,B,470,520,P0,1.1,2014-11-14,SS00201,,2014-11-14,DTEP,True
"MultiLineString ((1100006.51588223990984261 1767379.39075394999235868, 1100005.49680837988853455 1767378.29043307993561029, 1099996.12924825004301965 1767367.69773054006509483, 1099988.76080201007425785 1767359.73791909008286893, 1099985.45966504001989961 1767356.17223430005833507, 1099984.24463591002859175 1767354.85961191006936133, 1099978.24468983989208937 1767348.3776942400727421, 1099976.31480337004177272 1767346.29362277989275753, 1099968.90211367001757026 1767338.28616496990434825, 1099967.17582699004560709 1767336.42116624000482261, 1099960.29919660999439657 1767328.9927155498880893, 1099958.15094187995418906 1767326.67137752007693052, 1099950.46871709008701146 1767318.37280808994546533, 1099948.51223110989667475 1767316.26033866009674966, 1099947.93490144005045295 1767315.63569552008993924, 1099949.66404811991378665 1767313.96431379998102784, 1099950.74170559993945062 1767312.92192726000212133))",SA001,37985,2723063000,35803045,54000,1993-01-01,SA005,4,80,90.52,,0,0,20119006912.0,1,80-DTC-93,IQT903,37985,SA005,,B,480,520,P0,1.0,1993-01-01,SS00201,,1993-01-01,DTC,True
"MultiLineString ((1100150.04088304005563259 1767300.77004699991084635, 1100150.5697052099276334 1767301.77659756992943585, 1100149.00507671991363168 1767307.19645068002864718, 1100147.83579132007434964 1767307.78669948992319405, 1100146.49419742007739842 1767308.46400010003708303, 1100145.60982850007712841 1767308.91036303993314505, 1100144.26950970990583301 1767309.58689713990315795, 1100141.08148555993102491 1767311.1960454098880291, 1100132.24913101992569864 1767315.65468281996436417, 1100130.98494978994131088 1767316.29280109005048871, 1100130.36942527000792325 1767316.60348173999227583, 1100122.76733365003019571 1767320.44077357999049127, 1100120.88372273999266326 1767321.39158998010680079, 1100118.13925461005419493 1767322.77691787993535399, 1100108.83624223992228508 1767327.47288343007676303, 1100099.87473630998283625 1767332.3436599699780345, 1100097.74024116992950439 1767333.50379210989922285, 1100088.95628177002072334 1767337.93720252998173237, 1100067.47589563997462392 1767348.7800112699624151, 1100054.82150441990233958 1767354.86520786001347005, 1100052.19277266995050013 1767356.19293500995263457, 1100041.0308848898857832 1767361.82689922000281513, 1100025.92735380004160106 1767369.71708924998529255, 1100010.48677568999119103 1767377.38160903006792068, 1100008.50183395994827151 1767378.38620327995158732, 1100006.51588223990984261 1767379.39075394999235868, 1099992.89795217011123896 1767385.93530051992274821, 1099981.1648096099961549 1767391.85650669992901385, 1099960.20908146002329886 1767402.34812487009912729, 1099958.06792557006701827 1767403.63128718989901245, 1099956.76894578989595175 1767404.89029313996434212, 1099945.09999259002506733 1767415.79377473006024957, 1099941.1057048300281167 1767419.52606337005272508, 1099938.95649426989257336 1767421.53501666989177465, 1099921.11049307999201119 1767438.16701087006367743, 1099919.18448782991617918 1767438.09218565002083778, 1099918.34127409011125565 1767438.90074742003343999))",SA001,106546,2723063000,35803045,54000,2000-01-01,SA005,4,100,274.46,,0,0,20119006912.0,1,100-DTC-00,IQT903,106546,SA005,,B,480,520,P0,1.0,2000-01-01,SS00201,,2000-01-01,DTC,True
"MultiLineString ((1100067.47589563997462392 1767348.7800112699624151, 1100061.19884724006988108 1767336.18362384010106325, 1100060.67376504000276327 1767335.14377874997444451, 1100059.83141197008080781 1767333.47331645991653204, 1100059.38590603996999562 1767332.59165604994632304))",SA001,211250,2723063000,35803045,54000,1992-01-01,SA005,13,25,18.1,,0,0,20119006912.0,1,25-STS-92,IQT903,211250,SA005,,B,480,520,P0,0.8,1992-01-01,SS00201,,1992-01-01,STS,True
"MultiLineString ((1100120.3886372500564903 1767261.47153980005532503, 1100084.81829680991359055 1767279.17050095996819437, 1100054.82722776988521218 1767294.0939285100903362, 1100026.35642875009216368 1767308.26076293992809951, 1100023.52989513007923961 1767309.77262445003725588, 1100020.08796920999884605 1767311.59022742998786271, 1100016.15984238008968532 1767313.66460054996423423, 1100010.96842109994031489 1767316.2480480601079762, 1099985.64181841001845896 1767328.84997695009224117, 1099976.60696347011253238 1767333.34553640009835362, 1099975.26502841990441084 1767334.0140159500297159))",SA001,106551,2723063000,35803045,54000,1986-01-01,SA005,4,80,162.3,,0,0,20119006912.0,1,80-DTC-86,IQT903,106551,SA005,,B,480,520,P0,1.0,1986-01-01,SS00201,,1986-01-01,DTC,True
"MultiLineString ((1099985.64181841001845896 1767328.84997695009224117, 1099981.32423118990845978 1767320.93543265992775559, 1099981.06871805991977453 1767320.44964409992098808, 1099977.05463676992803812 1767312.8188172800000757, 1099976.22972138994373381 1767311.25053261988796294))",SA001,3902,2723063000,35803045,54000,1991-01-01,SA005,13,25,19.96,,0,0,20119006912.0,1,25-STS-91,IQT903,3902,SA005,,B,480,520,P0,0.8,1991-01-01,SS00201,,1991-01-01,STS,True
"MultiLineString ((1100056.23866334999911487 1767232.14731374010443687, 1100056.20486642001196742 1767233.64654782996512949, 1100056.17836639005690813 1767234.79300099005922675, 1100056.16674676002003253 1767235.29568804008886218, 1100055.94648082996718585 1767244.96365091996267438, 1100055.93762778001837432 1767245.34647545008920133, 1100055.69627518998458982 1767255.93991816998459399, 1100055.67961050989106297 1767256.70356186991557479, 1100055.44207108998671174 1767267.11808995995670557, 1100055.42165950010530651 1767267.99961594003252685, 1100055.18507608002983034 1767278.41219349997118115, 1100055.17019522003829479 1767279.05781249003484845, 1100054.94745464995503426 1767288.82469896995462477, 1100054.86105307005345821 1767292.59469487005844712, 1100054.82722776988521218 1767294.0939285100903362))",SA001,177326,2723063000,35803045,54000,1993-01-01,SA005,4,80,61.98,,0,0,20119006912.0,1,80-DTC-93,IQT903,177326,SA005,,B,480,520,P0,1.0,1993-01-01,SS00201,,1993-01-01,DTC,True
"MultiLineString ((1100060.98138015996664762 1767295.32446050993166864, 1100066.79026033007539809 1767307.07993939006701112, 1100067.11903361999429762 1767307.74582595005631447))",SA001,72346,2723063000,35803045,54000,1998-01-01,SA005,13,25,13.86,,0,0,20119006912.0,1,25-STS-98,IQT903,72346,SA005,,B,480,520,P0,0.8,1998-01-01,SS00201,,1998-01-01,STS,True
"MultiLineString ((1100018.11520795989781618 1767316.50473693991079926, 1100019.79001194005832076 1767319.8506184599827975, 1100024.04953112988732755 1767328.36202850006520748, 1100027.59015763993375003 1767335.43769159005023539, 1100029.47734057996422052 1767339.20980003988370299, 1100035.31365256989374757 1767350.87165108998306096, 1100040.35947120003402233 1767360.48590136994607747, 1100041.0308848898857832 1767361.82689922000281513))",SA001,211435,2723063000,35803045,54000,1990-01-01,SA005,13,25,50.8,,0,0,20119006912.0,1,25-STS-90,IQT903,211435,SA005,,B,480,520,P0,0.8,1990-01-01,SS00201,,1990-01-01,STS,True
"MultiLineString ((1100023.54715491994284093 1767235.33149030990898609, 1100023.54681227006949484 1767236.69423564011231065, 1100023.54456696007400751 1767246.17042874009348452, 1100023.54210986010730267 1767257.04836429003626108, 1100023.53950906009413302 1767267.9685493300203234, 1100023.53730552992783487 1767277.49864558991976082, 1100023.53683048998937011 1767279.86113986000418663, 1100023.5364077698905021 1767281.59847825998440385, 1100023.53461375995539129 1767289.23480638000182807, 1100023.5324235400184989 1767298.83713781996630132, 1100023.53027971996925771 1767308.1602999500464648, 1100023.52989513007923961 1767309.77262445003725588))",SA001,60219,2723063000,35803045,54000,1989-01-01,SA005,4,80,74.46,,0,0,20119006912.0,1,80-DTC-89,IQT903,60219,SA005,,B,480,520,P0,1.0,1989-01-01,SS00201,,1989-01-01,DTC,True
"MultiLineString ((1100088.95628177002072334 1767337.93720252998173237, 1100083.13638382009230554 1767326.24660099996253848, 1100082.03775983001105487 1767324.0702090400736779, 1100081.37002676003612578 1767322.74729125993326306, 1100081.05653659999370575 1767322.12459284998476505))",SA001,72347,2723063000,35803045,54000,1993-01-01,SA005,13,25,17.68,,0,0,20119006912.0,1,25-STS-93,IQT903,72347,SA005,,B,480,520,P0,0.8,1993-01-01,SS00201,,1993-01-01,STS,True
"MultiLineString ((1100016.15984238008968532 1767313.66460054996423423, 1100012.13620845996774733 1767310.06822809996083379, 1100005.89083332009613514 1767304.66356860008090734, 1100003.73997693997807801 1767302.77315775002352893))",SA001,245223,2723063000,35803045,54000,2005-01-01,SA005,13,25,16.52,,0,0,20119006912.0,1,25-STS-05,IQT903,245223,SA005,,B,480,520,P0,0.8,2005-01-01,SS00201,,2005-01-01,STS,True
"MultiLineString ((1099945.45654922001995146 1767281.74991890997625887, 1099940.82652033003978431 1767272.48602153989486396, 1099940.34520493005402386 1767271.52486713998951018, 1099935.47062745993025601 1767261.77231797995045781, 1099935.14952906989492476 1767261.1295142900198698, 1099934.466429159976542 1767259.76337977009825408))",SA001,106346,2723063000,35803045,54000,1989-01-01,SA005,4,200,24.59,,0,0,20119006912.0,1,200-DTC-89,IQT903,106346,SA005,,B,480,520,P0,1.3,1989-01-01,SS00201,,1989-01-01,DTC,True
"MultiLineString ((1099963.33577065006829798 1767245.29951843991875648, 1099945.44867373001761734 1767245.17923669004812837, 1099942.25363264000043273 1767245.15359978005290031, 1099940.70105545991100371 1767245.14192048995755613))",SA001,3697,2723063000,35803045,54000,1991-01-01,SA005,13,25,22.64,,0,0,20119006912.0,1,25-STS-91,IQT903,3697,SA005,,B,480,520,P0,0.8,1991-01-01,SS00201,,1991-01-01,STS,True
"MultiLineString ((1099935.08128957008011639 1767296.26129033998586237, 1099936.10842855996452272 1767297.35378947993740439, 1099943.71387901995331049 1767305.4451707499101758, 1099945.89020898006856441 1767307.76095973001793027, 1099948.08378552994690835 1767310.09444759995676577, 1099950.74170559993945062 1767312.92192726000212133, 1099953.64809620007872581 1767316.01366605004295707, 1099959.49036233010701835 1767322.2296010700520128, 1099969.2534200600348413 1767332.61646858998574317, 1099974.9186897398903966 1767333.64379018009640276, 1099975.26502841990441084 1767334.0140159500297159, 1099977.56310902000404894 1767336.54239960992708802, 1099978.39052441995590925 1767337.42484161001630127, 1099978.11347714997828007 1767342.22574256989173591, 1099986.46077502006664872 1767351.16832738998346031, 1099995.25862228008918464 1767360.59273320995271206, 1100002.93102821009233594 1767368.81220952002331614, 1100009.46371072996407747 1767376.28524148999713361, 1100010.48677568999119103 1767377.38160903006792068))",SA001,245424,2723063000,35803045,54000,1993-01-01,SA005,4,80,113.42,,0,0,20119006912.0,1,80-DTC-93,IQT903,245424,SA005,,B,480,520,P0,1.0,1993-01-01,SS00201,,1993-01-01,DTC,True
"MultiLineString ((1099965.57661611004732549 1767275.80246977997012436, 1099967.76930255000479519 1767278.94737287005409598, 1099978.85175804002210498 1767279.11616625008173287, 1099980.04325737990438938 1767279.1343461899086833))",SA001,3696,2723063000,35803045,54000,1993-01-01,SA005,4,100,16.11,,0,0,20119006912.0,1,100-DTC-93,IQT903,3696,SA005,,B,480,520,P0,1.0,1993-01-01,SS00201,,1993-01-01,DTC,True
"MultiLineString ((1100027.44395589991472661 1767235.39083730010315776, 1100027.44072040007449687 1767236.84143860009498894, 1100027.42126847291365266 1767245.55655639455653727, 1100027.39600350009277463 1767256.87611429998651147, 1100027.39441350009292364 1767257.59229120006784797, 1100027.37011340004391968 1767268.47028460004366934, 1100027.34426719998009503 1767280.03778519993647933, 1100027.31800010008737445 1767291.79542590002529323, 1100027.28565649990923703 1767306.28220849996432662, 1100027.2822302000131458 1767307.80007270001806319))",SA001,211436,2723063000,35803045,54000,1995-01-01,SA005,10,80,72.43,,0,0,20119006912.0,1,80-PFP-95,IQT903,211436,SA005,,B,480,520,P0,1.0,1995-01-01,SS00201,,1995-01-01,PFP,True
"MultiLineString ((1099943.71387901995331049 1767305.4451707499101758, 1099959.01118896994739771 1767297.23571890988387167, 1099963.52837097994051874 1767294.81188167002983391))",SA001,142920,2723063000,35803045,54000,1993-01-01,SA005,4,80,22.49,,0,0,20119006912.0,1,80-DTC-93,IQT903,142920,SA005,,B,480,520,P0,1.0,1993-01-01,SS00201,,1993-01-01,DTC,True
"MultiLineString ((1100126.57258768007159233 1767262.91538764000870287, 1100125.22769666998647153 1767263.57888140995055437, 1100121.9979533099103719 1767265.17531765997409821, 1100109.18572073010727763 1767271.50604723999276757, 1100105.61753561999648809 1767273.26935438998043537, 1100096.37159295007586479 1767277.8377297599799931, 1100094.30379168991930783 1767278.85958188003860414, 1100093.7065398299600929 1767279.05347356991842389, 1100093.10957820992916822 1767279.44972871989011765, 1100083.25008886004798114 1767284.32067319005727768, 1100080.58451748010702431 1767285.6378411001060158, 1100070.60716287000104785 1767290.56795286992564797, 1100069.626728710019961 1767291.05242556007578969, 1100060.98138015996664762 1767295.32446050993166864, 1100057.59546178998425603 1767296.99761156993918121, 1100037.66503462009131908 1767306.84526380989700556, 1100034.48458347003906965 1767308.41654337011277676, 1100033.03900384996086359 1767309.13037207000888884, 1100022.40687597007490695 1767314.38412006990984082, 1100020.88332545990124345 1767315.13692588009871542, 1100018.11520795989781618 1767316.50473693991079926, 1100014.30024351994507015 1767318.38924076990224421, 1100002.32413238007575274 1767324.3077585999853909, 1099997.38488138001412153 1767326.74808065011166036, 1099988.31613901001401246 1767331.22911104001104832, 1099978.90700333006680012 1767335.87796473992057145, 1099977.56310902000404894 1767336.54239960992708802))",SA001,255636,2723063000,35803045,54000,1986-01-01,SA005,4,80,166.26,,0,0,20119006912.0,1,80-DTC-86,IQT903,255636,SA005,,B,480,520,P0,1.0,1986-01-01,SS00201,,1986-01-01,DTC,True
"MultiLineString ((1100032.22166914003901184 1767228.1555959798861295, 1100032.25181604991666973 1767218.04142322996631265, 1100032.27743969997391105 1767207.16670663002878428, 1100032.30542254005558789 1767195.0922745200805366))",SA001,245224,2723063000,35803045,54000,1989-01-01,SA005,13,25,33.07,,0,0,20119006912.0,1,25-STS-89,IQT903,245224,SA005,,B,480,520,P0,0.8,1989-01-01,SS00201,,1989-01-01,STS,True
"MultiLineString ((1100005.99189030006527901 1767228.05198820005171001, 1100005.99924844992347062 1767226.64737970009446144, 1100006.03439103998243809 1767221.19646795000880957, 1100006.05443238001316786 1767217.64538731006905437, 1100006.05789616005495191 1767216.96259133005514741, 1100006.11272871005348861 1767207.05814788001589477, 1100006.11997050000354648 1767205.79643535008653998, 1100006.17339707002975047 1767196.18105051992461085, 1100006.17816288000904024 1767195.21228248998522758))",SA001,37758,2723063000,35803045,54000,2006-01-07,SA005,13,40,32.0,,0,0,20119006912.0,1,40-STS-06,IQT903,37758,SA005,,B,480,520,P0,0.8,2006-01-07,SS00201,,2006-01-07,STS,True
"MultiLineString ((1100123.84877483011223376 1767168.67151306988671422, 1100122.63687259005382657 1767168.66015119990333915, 1100120.44711870001628995 1767168.63953266991302371, 1100118.02067631995305419 1767168.61674036993645132, 1100113.84299758006818593 1767168.57711383001878858, 1100096.05369095993228257 1767168.40819748002104461, 1100094.56015763990581036 1767168.39439301006495953, 1100091.83601662004366517 1767168.36792884999886155, 1100080.9415143399965018 1767168.26493935007601976, 1100074.24165893997997046 1767168.20082620996981859, 1100065.70045075006783009 1767168.11978679010644555, 1100062.2045416699256748 1767168.08652787003666162, 1100050.80921042989939451 1767167.97896592994220555, 1100035.57109546009451151 1767167.83385863993316889, 1100031.85824884008616209 1767167.79931872989982367, 1100019.53302369988523424 1767167.68214147002436221, 1100018.07169335009530187 1767167.66824182006530464, 1100004.48207499994896352 1767167.5392618200276047, 1099996.84851393010467291 1767167.46699084993451834, 1099985.63009863998740911 1767167.36009549000300467, 1099971.50762800988741219 1767167.22596721001900733, 1099967.07089945999905467 1767171.52659542998299003, 1099966.92766158003360033 1767181.5206969699356705, 1099966.88717135996557772 1767184.3135998600628227, 1099966.73826938006095588 1767194.74245591997168958, 1099966.61235636007040739 1767203.46902008005417883, 1099966.58544484991580248 1767205.36827656999230385, 1099966.57965627009980381 1767205.74716149992309511, 1099966.5636324998922646 1767206.86772228009067476))",SA001,106549,2723063000,35803045,54000,1989-01-01,SA005,4,80,193.93,,0,0,20119006912.0,1,80-DTC-89,IQT903,106549,SA005,,B,480,520,P0,1.0,1989-01-01,SS00201,,1989-01-01,DTC,True
"MultiLineString ((1100004.48207499994896352 1767167.5392618200276047, 1100004.23985803010873497 1767179.30652856989763677, 1100004.22704098001122475 1767179.95122460997663438, 1100004.08484446001239121 1767186.85280007007531822, 1100004.06996784009970725 1767187.56947486009448767))",SA001,106487,2723063000,35803045,54000,1991-01-01,SA005,13,25,20.04,,0,0,20119006912.0,1,25-STS-91,IQT903,106487,SA005,,B,480,520,P0,0.8,1991-01-01,SS00201,,1991-01-01,STS,True
"MultiLineString ((1099972.41720806993544102 1767163.56647641002200544, 1099983.35024724993854761 1767163.63504883996210992, 1099995.56697106990031898 1767163.71153709990903735, 1100005.7571845599450171 1767163.77533125993795693, 1100008.26052664988674223 1767163.7904607099480927, 1100036.92873052996583283 1767163.97018356993794441, 1100047.2474626200273633 1767164.03440665011294186, 1100061.89993574004620314 1767164.12557619996368885, 1100071.48476358992047608 1767164.18541063996963203, 1100074.24660927010700107 1767164.20265570003539324, 1100084.03299137996509671 1767164.26373148011043668, 1100085.93444346007890999 1767164.27568478998728096, 1100098.7129436400718987 1767164.35537903010845184, 1100099.46374894003383815 1767164.35980252991430461, 1100113.45296172006055713 1767164.44792061997577548, 1100122.52071558008901775 1767164.50439308001659811, 1100123.67417533998377621 1767164.51157303992658854))",SA001,164021,2723063000,35803045,54000,1992-01-01,SA005,4,100,151.3,,0,0,20119006912.0,1,100-DTC-92,IQT903,164021,SA005,,B,480,520,P0,1.0,1992-01-01,SS00201,,1992-01-01,DTC,True
"MultiLineString ((1100035.57109546009451151 1767167.83385863993316889, 1100035.67929959995672107 1767179.43845397001132369, 1100035.7360336200799793 1767185.62522637005895376))",SA001,142923,2723063000,35803045,54000,1991-01-01,SA005,13,25,17.8,,0,0,20119006912.0,1,25-STS-91,IQT903,142923,SA005,,B,480,520,P0,0.8,1991-01-01,SS00201,,1991-01-01,STS,True
"MultiLineString ((1100050.80921042989939451 1767167.97896592994220555, 1100050.80709747993387282 1767177.6332085900940001, 1100050.80665151006542146 1767179.96277244994416833, 1100050.80548919993452728 1767182.39934424008242786))",SA001,245430,2723063000,35803045,54000,1991-01-01,SA005,13,25,14.42,,0,0,20119006912.0,1,25-STS-91,IQT903,245430,SA005,,B,480,520,P0,0.8,1991-01-01,SS00201,,1991-01-01,STS,True
"MultiLineString ((1099940.48015044000931084 1767167.22229370009154081, 1099940.38706927001476288 1767178.65088618011213839, 1099940.36677813995629549 1767181.16310414997860789, 1099940.36000586999580264 1767182.002896310063079, 1099940.3498389299493283 1767183.25948223005980253, 1099940.27998286997899413 1767191.85487319994717836))",SA001,106350,2723063000,35803045,54000,1992-01-01,SA005,13,25,24.64,,0,0,20119006912.0,1,25-STS-92,IQT903,106350,SA005,,B,480,520,P0,0.8,1992-01-01,SS00201,,1992-01-01,STS,True
"MultiLineString ((1099993.88971854001283646 1767231.61761130997911096, 1099993.72205320000648499 1767245.25267671002075076, 1099993.62932291999459267 1767252.8509149900637567))",SA001,142919,2723063000,35803045,54000,1989-01-01,SA005,13,25,21.24,,0,0,20119006912.0,1,25-STS-89,IQT903,142919,SA005,,B,480,520,P0,0.8,1989-01-01,SS00201,,1989-01-01,STS,True
"MultiLineString ((1100085.63949014991521835 1767232.21226520999334753, 1100085.61369248991832137 1767233.71162225003354251, 1100085.58074624999426305 1767235.61078686011023819, 1100085.56732836994342506 1767236.36044336995109916, 1100085.46928471000865102 1767241.94396805996075273, 1100085.42810759996064007 1767244.3189205399248749, 1100085.38464628998190165 1767246.77682536002248526, 1100085.23940448998473585 1767255.06713161990046501, 1100085.16599968005903065 1767259.29625675990246236, 1100085.06499147997237742 1767265.07468333002179861, 1100084.9509788800496608 1767271.5758215100504458, 1100084.87704120995476842 1767275.77197932009585202, 1100084.84409427992068231 1767277.67117198999039829, 1100084.81829680991359055 1767279.17050095996819437))",SA001,72430,2723063000,35803045,54000,1997-01-01,SA005,10,40,46.98,,0,0,20119006912.0,1,40-PFP-97,IQT903,72430,SA005,,B,480,520,P0,0.8,1997-01-01,SS00201,,1997-01-01,PFP,True
"MultiLineString ((1099966.57965627009980381 1767205.74716149992309511, 1099981.14298486011102796 1767205.55703661008737981, 1099982.12903841002844274 1767205.54404418007470667))",SA001,37757,2723063000,35803045,54000,1991-01-01,SA005,13,25,15.56,,0,0,20119006912.0,1,25-STS-91,IQT903,37757,SA005,,B,480,520,P0,0.8,1991-01-01,SS00201,,1991-01-01,STS,True
"MultiLineString ((1100008.81831491994671524 1767231.80100787989795208, 1100008.64069291995838284 1767246.22177455993369222, 1100008.51218185992911458 1767256.69196155993267894))",SA001,211251,2723063000,35803045,54000,1989-01-01,SA005,13,20,24.9,,0,0,20119006912.0,1,20-STS-89,IQT903,211251,SA005,,B,480,520,P0,0.8,1989-01-01,SS00201,,1989-01-01,STS,True
"MultiLineString ((1100120.3886372500564903 1767261.47153980005532503, 1100121.3951345500536263 1767260.96994872996583581, 1100123.51781993010081351 1767259.91342510003596544, 1100124.84163792990148067 1767259.25471729994751513))",SA001,325181,2723063000,35803045,54000,2006-08-28,SA005,4,80,4.98,,0,0,20119006912.0,1,80-DTC-06,IQT903,325181,SA005,,B,480,520,P0,1.0,2006-08-28,SS00201,,2006-08-28,DTC,True
"MultiLineString ((1100132.04789833002723753 1767233.81597719993442297, 1100133.23847290989942849 1767233.83408659999258816, 1100134.17412401991896331 1767233.84732787008397281, 1100136.55290253995917737 1767231.79599489993415773, 1100141.58506068005226552 1767231.85862251999787986, 1100149.61210559005849063 1767231.95886188000440598, 1100157.35429120995104313 1767232.05481225997209549, 1100165.74725701007992029 1767232.15864794002845883, 1100173.74929390009492636 1767232.25853145006112754, 1100180.38988973991945386 1767232.34074249002151191, 1100193.57210251991637051 1767232.50448727002367377, 1100202.59381588990800083 1767232.61589806992560625, 1100211.94136653002351522 1767232.73231117008253932, 1100214.89335313998162746 1767232.76830976991914213, 1100228.70024576992727816 1767232.94678231002762914, 1100233.64370955992490053 1767235.61224260996095836, 1100234.57451655995100737 1767237.91418978990986943, 1100240.57756644999608397 1767248.99471848993562162, 1100245.09383809007704258 1767257.33003532001748681, 1100245.80762284994125366 1767258.64869152009487152))",SA001,245305,2723063000,35803045,54000,1993-01-01,SA005,4,80,129.14,,0,0,20119006912.0,1,80-DTC-93,IQT903,245305,SA005,,B,490,520,P0,1.0,1993-01-01,SS00201,,1993-01-01,DTC,True
"MultiLineString ((1100217.42864361009560525 1767272.95782481995411217, 1100211.64839366008527577 1767261.94669139990583062, 1100211.23547470988705754 1767261.16056222002953291, 1100210.73313200008124113 1767260.20301455003209412, 1100210.41346236993558705 1767259.59330365993082523))",SA001,245337,2723063000,35803045,54000,1992-01-01,SA005,13,25,15.1,,0,0,20119006912.0,1,25-STS-92,IQT903,245337,SA005,,B,490,520,P0,0.8,1992-01-01,SS00201,,1992-01-01,STS,True
"MultiLineString ((1100112.28438026993535459 1767232.23914636997506022, 1100112.01758624007925391 1767245.55775865004397929, 1100111.96342051005922258 1767248.25940822996199131, 1100111.7796546199824661 1767257.43702734005637467))",SA001,143126,2723063000,35803045,54000,1991-01-01,SA005,13,25,25.21,,0,0,20119006912.0,1,25-STS-91,IQT903,143126,SA005,,B,480,520,P0,0.8,1991-01-01,SS00201,,1991-01-01,STS,True
"MultiLineString ((1100124.46755901002325118 1767232.2608829599339515, 1100122.96784806996583939 1767232.25995362992398441, 1100120.7597926699090749 1767232.24829008989036083, 1100112.28438026993535459 1767232.23914636997506022, 1100109.22901632008142769 1767232.23665347998030484, 1100085.63949014991521835 1767232.21226520999334753, 1100056.23866334999911487 1767232.14731374010443687, 1100033.9711102400906384 1767232.11312493006698787, 1100031.78658025991171598 1767232.10886917007155716, 1100027.81335364002734423 1767235.39650828996673226, 1100027.44395591993816197 1767235.39083725004456937, 1100023.54715491994284093 1767235.33149030990898609, 1100022.82340242993086576 1767235.3204633800778538, 1100019.66573506989516318 1767231.97708401991985738, 1100011.60027899011038244 1767231.83537888992577791, 1100008.81831491994671524 1767231.80100787989795208, 1100004.36692211008630693 1767231.74622940993867815, 1099993.88971854001283646 1767231.61761130997911096, 1099991.77433673990890384 1767231.59134011995047331, 1099988.91355817997828126 1767231.55581528996117413, 1099982.33159202989190817 1767231.47500966000370681, 1099976.3931063199415803 1767231.40208955993875861, 1099972.60947402007877827 1767231.35548513010144234, 1099971.11003918992355466 1767231.33662060997448862))",SA001,106550,2723063000,35803045,54000,1993-01-01,SA005,4,100,156.03,,0,0,20119006912.0,1,100-DTC-93,IQT903,106550,SA005,,B,480,520,P0,1.0,1993-01-01,SS00201,,1993-01-01,DTC,True
"MultiLineString ((1099946.92468514991924167 1767206.82551781996153295, 1099946.99834732990711927 1767219.31944772996939719, 1099947.01206313003785908 1767221.63721243990585208))",SA001,106349,2723063000,35803045,54000,1991-01-01,SA005,13,25,14.82,,0,0,20119006912.0,1,25-STS-91,IQT903,106349,SA005,,B,480,520,P0,0.8,1991-01-01,SS00201,,1991-01-01,STS,True
"MultiLineString ((1100049.53858726006001234 1767228.22445039008744061, 1100049.47894999990239739 1767218.28784376010298729, 1100049.47310552000999451 1767217.42685808008536696, 1100049.46811235998757184 1767216.77192216995172203, 1100049.39583237003535032 1767206.61462654010392725, 1100049.38943726010620594 1767205.65966799994930625, 1100049.36817334010265768 1767202.71988649992272258, 1100049.36377691989764571 1767202.09191099996678531))",SA001,255745,2723063000,35803045,54000,1991-01-01,SA005,10,40,26.14,,0,0,20119006912.0,1,40-PFP-91,IQT903,255745,SA005,,B,480,520,P0,0.8,1991-01-01,SS00201,,1991-01-01,PFP,True
"MultiLineString ((1100105.61753561999648809 1767273.26935438998043537, 1100111.10340709006413817 1767284.37307353992946446, 1100111.44385689008049667 1767285.06106540001928806))",SA001,72225,2723063000,35803045,54000,1991-01-01,SA005,13,20,13.16,,0,0,20119006912.0,1,20-STS-91,IQT903,72225,SA005,,B,480,520,P0,0.8,1991-01-01,SS00201,,1991-01-01,STS,True
"MultiLineString ((1100132.83166469004936516 1767258.63549232995137572, 1100134.33086902997456491 1767258.60542005999013782, 1100136.23011369002051651 1767258.56733988993801177, 1100139.92561663989908993 1767258.49366923002526164, 1100140.78368449001573026 1767258.47674688999541104, 1100145.49127121991477907 1767258.38245434011332691, 1100148.98674050997942686 1767258.31275935005396605, 1100152.11612177011556923 1767258.2503863200545311, 1100159.8771473600063473 1767258.09567107004113495, 1100165.07081873994320631 1767257.99177185003645718, 1100167.38312517991289496 1767257.94602402998134494, 1100171.40964635997079313 1767257.8653913598973304, 1100173.70593922003172338 1767257.82038029003888369, 1100174.30597103992477059 1767257.8074976799543947, 1100176.43123905989341438 1767257.76592504000291228))",SA001,211326,2723063000,35803045,54000,1993-01-01,SA005,10,50,43.62,,0,0,20119006912.0,1,50-PFP-93,IQT903,211326,SA005,,B,490,520,P0,0.8,1993-01-01,SS00201,,1993-01-01,PFP,True
"MultiLineString ((1100124.36739143007434905 1767228.52844883990474045, 1100122.86873912997543812 1767228.52256665006279945, 1100110.79610938997939229 1767228.46656428999267519, 1100080.06534070009365678 1767228.34540117997676134, 1100049.53858726006001234 1767228.22445039008744061, 1100032.22166914003901184 1767228.1555959798861295, 1100005.99189030006527901 1767228.05198820005171001, 1099991.89118100004270673 1767227.99618131993338466, 1099972.62375845992937684 1767227.9197295899502933, 1099971.12406799010932446 1767227.91385952988639474))",SA001,211434,2723063000,35803045,54000,1989-01-01,SA005,4,80,153.29,,0,0,20119006912.0,1,80-DTC-89,IQT903,211434,SA005,,B,480,520,P0,1.0,1989-01-01,SS00201,,1989-01-01,DTC,True
"MultiLineString ((1100176.43123905989341438 1767257.76592504000291228, 1100176.45408932003192604 1767256.26655037002637982, 1100176.46770902001298964 1767255.37391465995460749, 1100176.55765772005543113 1767249.46735419007018209, 1100176.62908446998335421 1767244.7782291800249368))",SA001,3797,2723063000,35803045,54000,1993-01-01,SA005,13,25,12.99,,0,0,20119006912.0,1,25-STS-93,IQT903,3797,SA005,,B,490,520,P0,0.8,1993-01-01,SS00201,,1993-01-01,STS,True
"MultiLineString ((1100083.25008886004798114 1767284.32067319005727768, 1100088.89022214990109205 1767295.73560454999096692, 1100089.25975742004811764 1767296.48207232006825507))",SA001,3694,2723063000,35803045,54000,1991-01-01,SA005,13,20,13.57,,0,0,20119006912.0,1,20-STS-91,IQT903,3694,SA005,,B,480,520,P0,0.8,1991-01-01,SS00201,,1991-01-01,STS,True
"MultiLineString ((1100193.50305594992823899 1767285.02122226008214056, 1100187.77235759003087878 1767274.76169556006789207, 1100187.16014131996780634 1767273.66458856989629567, 1100185.16852453001774848 1767270.09884920995682478, 1100183.38084882008843124 1767266.89820193010382354, 1100181.42165799997746944 1767263.39096183003857732, 1100179.84498164989054203 1767260.5674465699121356))",SA001,37892,2723063000,35803045,54000,1991-01-01,SA005,10,40,28.02,,0,0,20119006912.0,1,40-PFP-91,IQT903,37892,SA005,,B,490,520,P0,0.8,1991-01-01,SS00201,,1991-01-01,PFP,True
"MultiLineString ((1100080.06534070009365678 1767228.3454012000001967, 1100080.06293749995529652 1767227.329751200042665, 1100080.04088980006054044 1767217.84860730008222163, 1100080.04088980006054044 1767217.84860730008222163, 1100080.03831210010685027 1767216.74073319998569787, 1100080.01482290006242692 1767206.64510420011356473, 1100080.01284260000102222 1767205.79318160004913807, 1100080.00668230000883341 1767203.14308489998802543, 1100080.00451159989461303 1767202.2146932000759989))",SA001,440580,2723063000,35803045,54000,2015-01-16,SA005,13,40,26.14,,0,0,20159003781.0,1,40-STS-15,IQT903,440580,SA005,,B,480,520,P0,0.8,2015-01-16,SS00201,,2015-01-16,STS,True
"MultiLineString ((1100158.15233789989724755 1767302.9080326200928539, 1100162.71395117999054492 1767300.54540395992808044, 1100181.57335057994350791 1767291.03630295000039041, 1100193.50305594992823899 1767285.02122226008214056, 1100217.42864361009560525 1767272.95782481995411217, 1100233.14460853999480605 1767265.03370841010473669, 1100245.80762284994125366 1767258.64869152009487152, 1100251.17994369007647038 1767255.93999958992935717, 1100269.98511068988591433 1767246.45813453989103436, 1100275.43804114009253681 1767243.70868062996305525, 1100283.1448966299649328 1767239.82279642997309566, 1100291.6738966500852257 1767235.52244025003165007, 1100292.21189216990023851 1767235.2512205399107188, 1100298.90414627990685403 1767231.87727464991621673, 1100299.39971754001453519 1767227.50457080989144742, 1100300.74099625996313989 1767226.81308714998885989, 1100305.02790840994566679 1767224.60381966992281377, 1100305.97694324003532529 1767224.12933600996620953, 1100311.04995356011204422 1767225.77735367999412119, 1100312.38805427006445825 1767225.10086897993460298, 1100314.28029306000098586 1767224.14586038002744317, 1100320.96749309008009732 1767220.76832711999304593, 1100326.68803793005645275 1767217.87924056011252105, 1100331.91180370002985001 1767215.2410349699202925, 1100333.2606745099183172 1767214.55974637996405363, 1100333.89408415998332202 1767214.23982271994464099, 1100346.33123234007507563 1767207.95798804005607963, 1100359.26650906004942954 1767201.42518011992797256, 1100362.95521325990557671 1767199.56169895990751684, 1100381.39361037011258304 1767190.26720656990073621, 1100399.49040245008654892 1767181.14450494991615415, 1100408.21897455002181232 1767176.74423282989300787, 1100418.02446575998328626 1767171.80145059991627932, 1100418.81950485007837415 1767171.40068369009532034, 1100422.04572720010764897 1767169.77409513993188739, 1100435.5159025399480015 1767162.99640617007389665, 1100436.06351511995308101 1767162.72600761009380221, 1100436.37398253008723259 1767162.57277195993810892, 1100437.4005497801117599 1767162.06595749990083277))",SA001,211328,2723063000,35803045,54000,1991-01-01,SA005,4,150,316.38,,0,0,20119006912.0,1,150-DTC-91,IQT903,211328,SA005,,B,490,520,P0,1.1,1991-01-01,SS00201,,1991-01-01,DTC,True
"MultiLineString ((1100158.15233789989724755 1767302.9080326200928539, 1100157.44344116002321243 1767303.27522504003718495, 1100156.30484557989984751 1767303.03129818011075258, 1100132.83166469004936516 1767258.63549232995137572, 1100132.02912622992880642 1767257.03961670002900064, 1100132.04789833002723753 1767233.81597719993442297, 1100132.05126814008690417 1767227.62215243000537157, 1100132.05214173998683691 1767226.12241251999512315, 1100132.06033902009949088 1767212.32495379005558789, 1100132.06901791994459927 1767199.0154325501061976, 1100132.06990640005096793 1767196.46686780010350049, 1100131.88668372994288802 1767195.10332522005774081, 1100131.55700144008733332 1767192.65878199995495379, 1100131.53792325989343226 1767189.83994895010255277, 1100131.50405707000754774 1767184.9103245900478214, 1100131.47666362999007106 1767180.86659763008356094, 1100131.41086365003138781 1767171.13929938990622759, 1100131.3755390599835664 1767165.90965145011432469, 1100131.36536583001725376 1767164.41078070993535221, 1100133.37276795995421708 1767164.42837517010048032, 1100134.87235196004621685 1767164.44123375997878611, 1100136.77071230998262763 1767164.4570980800781399))",SA001,37857,2723063000,35803045,54000,1991-01-01,SA005,4,150,152.08,,0,0,20119006912.0,1,150-DTC-91,IQT903,37857,SA005,,B,490,520,P0,1.1,1991-01-01,SS00201,,1991-01-01,DTC,True
"MultiLineString ((1100232.90451099001802504 1767230.11911877989768982, 1100232.92733303993009031 1767228.61974339000880718, 1100232.95629364997148514 1767226.72051666001789272, 1100233.10152661008760333 1767217.18539448990486562, 1100233.12830810993909836 1767215.42810573009774089, 1100233.26857864996418357 1767206.21985993999987841, 1100233.2851216399576515 1767205.13131077005527914, 1100233.36049162992276251 1767200.18345709005370736, 1100233.41772939008660614 1767196.42584114009514451, 1100233.43202916998416185 1767195.48523684008978307))",SA001,106429,2723063000,35803045,54000,1991-01-01,SA005,10,40,34.65,,0,0,20119006912.0,1,40-PFP-91,IQT903,106429,SA005,,B,490,520,P0,0.8,1991-01-01,SS00201,,1991-01-01,PFP,True
"MultiLineString ((1100128.42562190000899136 1767055.65817150007933378, 1100128.23266869992949069 1767069.4633776000700891, 1100128.12591039994731545 1767081.35704139992594719, 1100128.08336049993522465 1767083.49598119989968836, 1100128.12571829999797046 1767096.85535939992405474, 1100127.95599159994162619 1767105.24130479991436005, 1100124.73657720000483096 1767108.98122820002026856, 1100124.51998690003529191 1767113.61509170010685921, 1100127.62419770006090403 1767115.69335549999959767, 1100127.5934341000393033 1767118.36841319990344346, 1100127.45931240008212626 1767129.8023626001086086, 1100127.34766569989733398 1767139.29498729994520545, 1100127.18368669995106757 1767153.27904989989474416, 1100127.09737109998241067 1767160.65344189992174506, 1100123.6741752999369055 1767164.51157300011254847, 1100123.84877480007708073 1767168.67151309992186725, 1100128.3018845000769943 1767173.3216748998966068, 1100128.30528540001250803 1767175.39335240004584193, 1100128.31500139995478094 1767182.50321549992077053, 1100128.18754140008240938 1767195.38297750009223819, 1100128.20194400008767843 1767205.53040349995717406, 1100128.07138910004869103 1767217.11033749999478459, 1100128.06274749990552664 1767218.2200070999097079, 1100128.01589439995586872 1767224.24536460009403527, 1100124.36739140003919601 1767228.52844880009070039, 1100124.4675590000115335 1767232.26088299998082221, 1100128.17477690009400249 1767236.29757099994458258, 1100127.96242760005407035 1767253.19432209990918636, 1100124.84163790009915829 1767259.25471729994751513, 1100126.57258770009502769 1767262.91538759996183217, 1100130.93299710005521774 1767264.39814099995419383, 1100135.33214864088222384 1767272.77191345067694783, 1100145.32939160009846091 1767291.80163699993863702, 1100146.88130369991995394 1767294.75573000009171665, 1100150.04088300000876188 1767300.77004699991084635))",SA001,316652,2723063000,35803045,54000,1993-01-01,SA005,4,150,262.92,,0,0,20119006912.0,1,150-DTC-93,IQT903,316652,SA005,,B,480,520,P0,1.1,1993-01-01,SS00201,,1993-01-01,DTC,True
"MultiLineString ((1100284.69962462992407382 1767171.09450246999040246, 1100284.57838638010434806 1767185.4891686700284481, 1100284.4961057601030916 1767195.15720784990116954, 1100286.08314768993295729 1767198.2492164799477905, 1100287.04500686004757881 1767200.12314347992651165, 1100288.47622557007707655 1767202.91048459010198712, 1100289.65895553003065288 1767205.21711377007886767, 1100296.57635422004386783 1767218.69712131004780531, 1100300.05642177001573145 1767225.47893306007608771, 1100300.74099625996313989 1767226.81308714998885989))",SA001,72345,2723063000,35803045,54000,1992-01-01,SA005,4,80,59.66,,0,0,20119006912.0,1,80-DTC-92,IQT903,72345,SA005,,B,490,520,P0,1.0,1992-01-01,SS00201,,1992-01-01,DTC,True
"MultiLineString ((1100128.31500142998993397 1767182.50321545009501278, 1100124.49371938011609018 1767182.45297356997616589, 1100113.90734971989877522 1767182.46760046994313598, 1100106.66650477005168796 1767182.47836571000516415))",SA001,72226,2723063000,35803045,54000,1991-01-01,SA005,13,25,21.66,,0,0,20119006912.0,1,25-STS-91,IQT903,72226,SA005,,B,480,520,P0,0.8,1991-01-01,SS00201,,1991-01-01,STS,True
"MultiLineString ((1100259.46203415002673864 1767165.5150353501085192, 1100259.60482720006257296 1767156.07288483995944262, 1100259.65207791002467275 1767152.9730912100058049, 1100255.69372157007455826 1767152.91280036000534892, 1100254.17632665997371078 1767152.88970205001533031))",SA001,3805,2723063000,35803045,54000,1990-01-01,SA005,13,25,18.03,,0,0,20119006912.0,1,25-STS-90,IQT903,3805,SA005,,B,490,520,P0,0.8,1990-01-01,SS00201,,1990-01-01,STS,True
"MultiLineString ((1100244.69292095000855625 1767169.17338299006223679, 1100244.45152097009122372 1767182.09803217998705804, 1100244.43970041000284255 1767182.87166094011627138, 1100248.16922082006931305 1767182.92846718011423945, 1100254.29167893994599581 1767183.02172895008698106))",SA001,143020,2723063000,35803045,54000,1990-01-01,SA005,13,25,23.56,,0,0,20119006912.0,1,25-STS-90,IQT903,143020,SA005,,B,490,520,P0,0.8,1990-01-01,SS00201,,1990-01-01,STS,True
"MultiLineString ((1100136.77071230998262763 1767164.4570980800781399, 1100138.02804609993472695 1767164.46797826001420617, 1100138.36267458996735513 1767164.47086950996890664, 1100138.5682071999181062 1767164.47262111003510654, 1100152.44618489989079535 1767164.592271399917081, 1100156.0988330899272114 1767164.62372537003830075, 1100158.55803450988605618 1767164.64494305010885, 1100173.74137767008505762 1767164.77576172002591193, 1100186.50445316010154784 1767164.88573581003583968, 1100202.88738593994639814 1767165.02725004008971155, 1100209.9572036499157548 1767165.08789049996994436, 1100222.13051017001271248 1767165.19335854006931186, 1100223.9106874200515449 1767165.20864379010163248, 1100233.24709039996378124 1767165.28866787999868393, 1100238.62447474990040064 1767165.33511744998395443, 1100259.46203415002673864 1767165.5150353501085192, 1100280.79467672994360328 1767165.69910057005472481, 1100283.24478397006168962 1767165.72026285994797945, 1100284.74428408010862768 1767165.73314823000691831))",SA001,37858,2723063000,35803045,54000,1992-01-01,SA005,4,100,148.02,,0,0,20119006912.0,1,100-DTC-92,IQT903,37858,SA005,,B,490,520,P0,1.0,1992-01-01,SS00201,,1992-01-01,DTC,True
"MultiLineString ((1100158.55803450010716915 1767164.64494309993460774, 1100158.5739249000325799 1767163.75616040010936558, 1100158.70678339991718531 1767156.32170139998197556, 1100158.71620810008607805 1767155.83397209993563592, 1100158.85529430001042783 1767148.08343670004978776, 1100158.86944789998233318 1767147.28584049991331995, 1100158.99084409209899604 1767140.53383205365389585, 1100159.00008159992285073 1767140.02004550001583993))",SA001,245327,2723063000,35803045,54000,1990-01-01,SA005,13,40,24.64,,0,0,20119006912.0,1,40-STS-90,IQT903,245327,SA005,,B,490,520,P0,0.8,1990-01-01,SS00201,,1990-01-01,STS,True
"MultiLineString ((1100080.9415143399965018 1767168.26493935007601976, 1100080.83409258001483977 1767179.6492966499645263, 1100080.81731853005476296 1767181.34174633002839983))",SA001,142924,2723063000,35803045,54000,1988-01-01,SA005,13,25,13.08,,0,0,20119006912.0,1,25-STS-88,IQT903,142924,SA005,,B,480,520,P0,0.8,1988-01-01,SS00201,,1988-01-01,STS,True
"MultiLineString ((1100181.17820704006589949 1767168.50493774004280567, 1100181.13440473005175591 1767171.38375506992451847, 1100180.93136999988928437 1767184.64933441998437047))",SA001,177221,2723063000,35803045,54000,1991-01-01,SA005,13,20,16.15,,0,0,20119006912.0,1,20-STS-91,IQT903,177221,SA005,,B,490,520,P0,0.8,1991-01-01,SS00201,,1991-01-01,STS,True
"MultiLineString ((1100197.53276460990309715 1767168.67701050010509789, 1100197.37797754001803696 1767178.84188644005917013, 1100197.36551151005551219 1767179.6575603699311614, 1100197.29672331991605461 1767184.17670865007676184, 1100197.25743029010482132 1767186.75264630001038313, 1100197.24597134999930859 1767187.50637585995718837))",SA001,211345,2723063000,35803045,54000,1991-01-01,SA005,13,25,18.84,,0,0,20119006912.0,1,25-STS-91,IQT903,211345,SA005,,B,490,520,P0,0.8,1991-01-01,SS00201,,1991-01-01,STS,True
"MultiLineString ((1100289.88368795998394489 1767178.64615969988517463, 1100291.38349028001539409 1767178.64301938004791737, 1100293.28217053995467722 1767178.63993857009336352, 1100302.74376134993508458 1767178.62104223994538188, 1100309.6438649098854512 1767178.60720748989842832, 1100320.96911994996480644 1767178.58575959992595017, 1100324.07270336011424661 1767178.58003647997975349, 1100325.24052856001071632 1767178.57685302989557385, 1100332.23650083993561566 1767178.56336706993170083, 1100335.21908228006213903 1767178.55777959991246462, 1100346.31649397988803685 1767178.5359220199752599))",SA001,177201,2723063000,35803045,54000,1991-01-01,SA005,10,40,56.45,,0,0,20119006912.0,1,40-PFP-91,IQT903,177201,SA005,,B,490,520,P0,0.8,1991-01-01,SS00201,,1991-01-01,PFP,True
"MultiLineString ((1100420.80151395010761917 1767145.47893337998539209, 1100419.65527950995601714 1767146.02877342002466321, 1100413.50801308010704815 1767148.97767885006032884, 1100411.07867830991744995 1767150.143450089963153, 1100404.24597516003996134 1767153.42178374994546175, 1100399.86060956004075706 1767155.52656518993899226, 1100393.45596352010034025 1767158.5995094699319452, 1100390.60660305991768837 1767159.96689066011458635, 1100381.86626118002459407 1767164.16100151999853551, 1100381.09475608007051051 1767164.53018118999898434, 1100372.06230676011182368 1767168.864782809978351, 1100365.90153949009254575 1767171.82086355006322265, 1100362.01056300010532141 1767173.68783725006505847, 1100360.72641828004270792 1767174.30414527002722025, 1100356.51981731993146241 1767176.32197325001470745, 1100353.04361164011061192 1767177.98950205999426544))",SA001,37855,2723063000,35803045,54000,1992-01-01,SA005,4,80,75.18,,0,0,20119006912.0,1,80-DTC-92,IQT903,37855,SA005,,B,490,520,P0,1.0,1992-01-01,SS00201,,1992-01-01,DTC,True
"MultiLineString ((1100110.79610938997939229 1767228.46656428999267519, 1100110.91324915993027389 1767217.69282905990257859, 1100111.03761495999060571 1767206.11372716003097594, 1100111.06970518990419805 1767203.15480337990447879, 1100111.08047005999833345 1767202.11712065991014242))",SA001,211441,2723063000,35803045,54000,1991-01-01,SA005,13,25,26.36,,0,0,20119006912.0,1,25-STS-91,IQT903,211441,SA005,,B,480,520,P0,0.8,1991-01-01,SS00201,,1991-01-01,STS,True
"MultiLineString ((1100251.17994369007647038 1767255.93999958992935717, 1100250.48736512009054422 1767254.60970931011252105, 1100250.22214422002434731 1767254.09973979997448623, 1100247.35895678005181253 1767253.16032767994329333, 1100243.55197775992564857 1767245.65359029010869563, 1100236.49333014991134405 1767231.73351404001004994, 1100244.47254216996952891 1767227.7537479898892343, 1100252.58981409994885325 1767223.70510148000903428, 1100268.06769038992933929 1767215.98524421988986433, 1100270.60577393998391926 1767214.71954292990267277, 1100278.79124486004002392 1767210.63757982989773154, 1100285.17162594990804791 1767207.45536537002772093, 1100286.61738633993081748 1767206.73348101996816695, 1100288.3169485901016742 1767205.88654803996905684, 1100289.65895553003065288 1767205.21711377007886767))",SA001,211325,2723063000,35803045,54000,1994-01-01,SA005,4,80,88.55,,0,0,20119006912.0,1,80-DTC-94,IQT903,211325,SA005,,B,490,520,P0,1.0,1994-01-01,SS00201,,1994-01-01,DTC,True
"MultiLineString ((1100207.98943942994810641 1767228.63978753006085753, 1100208.01223342004232109 1767227.14041184005327523, 1100208.1492506000213325 1767218.1441054199822247, 1100208.17292971001006663 1767216.59072848991490901, 1100208.18256258009932935 1767215.95594947994686663, 1100208.23769264994189143 1767212.33746547996997833, 1100208.3261907200794667 1767206.53082639002241194, 1100208.34538889001123607 1767205.26932463003322482, 1100208.35898246010765433 1767204.37472323002293706))",SA001,177203,2723063000,35803045,54000,1992-01-01,SA005,10,40,24.27,,0,0,20119006912.0,1,40-PFP-92,IQT903,177203,SA005,,B,490,520,P0,0.8,1992-01-01,SS00201,,1992-01-01,PFP,True
"MultiLineString ((1100193.23306411993689835 1767228.44205022999085486, 1100193.28567833011038601 1767224.98745323996990919, 1100193.45514733996242285 1767213.85901439003646374, 1100193.60214736009947956 1767204.2069352800026536))",SA001,106342,2723063000,35803045,54000,1988-01-01,SA005,13,20,24.24,,0,0,20119006912.0,1,20-STS-88,IQT903,106342,SA005,,B,490,520,P0,0.8,1988-01-01,SS00201,,1988-01-01,STS,True
"MultiLineString ((1100131.41086370008997619 1767171.13929939991794527, 1100132.91026620008051395 1767171.16214970010332763, 1100133.34904800006188452 1767171.16882960009388626, 1100136.15238250000402331 1767168.03007359988987446, 1100137.89753099996596575 1767168.04847069992683828, 1100143.3383631999604404 1767168.10577649995684624, 1100155.31797270011156797 1767168.23202189989387989, 1100168.45963410008698702 1767168.37088520010001957, 1100169.03845910006202757 1767168.37699189991690218, 1100169.88905450003221631 1767168.38597940001636744, 1100181.17820700001902878 1767168.50493769999593496, 1100194.8936294000595808 1767168.64884739997796714, 1100197.53276459989137948 1767168.67701050010509789, 1100204.31847360008396208 1767168.74844949995167553, 1100214.40411569993011653 1767168.85443420009687543, 1100220.19717020005919039 1767168.91529439995065331, 1100221.52668779995292425 1767168.92952869995497167, 1100231.15245679998770356 1767169.03117670002393425, 1100241.22411309997551143 1767169.13753619999624789, 1100244.69292100006714463 1767169.17338300007395446, 1100253.15002930001355708 1767169.26320989988744259, 1100257.35347310011275113 1767169.30707819992676377, 1100259.19804819999262691 1767169.32632800005376339, 1100269.69751419988460839 1767169.4372900000307709, 1100279.30140019999817014 1767169.53806859999895096, 1100283.2130003001075238 1767169.57908480009064078, 1100284.7124824000056833 1767169.59497389988973737))",SA001,3777,2723063000,35803045,54000,1992-01-01,SA005,4,80,154.76,,0,0,20119006912.0,1,80-DTC-92,IQT903,3777,SA005,,B,490,520,P0,1.0,1992-01-01,SS00201,,1992-01-01,DTC,True
"MultiLineString ((1100132.05126814008690417 1767227.62215243000537157, 1100133.55071677011437714 1767227.64199972990900278, 1100142.0871154700871557 1767227.75665608001872897, 1100153.73122438997961581 1767227.91304250992834568, 1100154.68369840993545949 1767227.92586823995225132, 1100169.65895860991440713 1767228.12595519004389644, 1100193.23306411993689835 1767228.44205022999085486, 1100207.98943942994810641 1767228.63978753006085753, 1100230.24298931006342173 1767228.93777099996805191, 1100230.83137599006295204 1767230.08757251990027726, 1100232.90451099001802504 1767230.11911877989768982, 1100234.57484627002850175 1767230.14456543000414968, 1100235.30764125008136034 1767228.83697192999534309, 1100236.94359951000660658 1767229.14678818010725081, 1100247.21938436990603805 1767223.91515964991413057, 1100256.73569368990138173 1767219.07013238989748061, 1100258.80430062999948859 1767218.01780304010026157, 1100261.64788589999079704 1767216.5693682599812746, 1100287.139157610014081 1767203.59102788008749485, 1100288.47622557007707655 1767202.91048459010198712))",SA001,37856,2723063000,35803045,54000,1994-01-01,SA005,4,80,164.27,,0,0,20119006912.0,1,80-DTC-94,IQT903,37856,SA005,,B,490,520,P0,1.0,1994-01-01,SS00201,,1994-01-01,DTC,True
"MultiLineString ((1100169.65895859990268946 1767228.12595520005561411, 1100169.66603900003246963 1767226.99728329991921782, 1100169.72302570007741451 1767217.92372759990394115, 1100169.72724499995820224 1767217.25191659992560744, 1100169.7879296001046896 1767207.5935160000808537, 1100169.79695351887494326 1767206.15595157421194017, 1100169.80066880001686513 1767205.56408499996177852))",SA001,440581,2723063000,35803045,54000,2015-01-16,SA005,13,40,22.57,,0,0,20159003782.0,1,40-STS-15,IQT903,440581,SA005,,B,490,520,P0,0.8,2015-01-16,SS00201,,2015-01-16,STS,True
"MultiLineString ((1100330.04993849992752075 1767097.55626150011084974, 1100330.08409440005198121 1767096.17440999997779727, 1100330.32313487725332379 1767086.50070390175096691, 1100330.42188749997876585 1767082.50429349998012185))",SA001,447922,2723063000,35803045,54000,2016-03-24,SA005,13,40,15.06,,0,0,20169003110.0,1,40-STS-16,IQT903,447922,SA005,,B,490,520,P0,0.8,2016-03-24,SS00201,,2016-03-24,STS,True
"MultiLineString ((1100085.93444346007890999 1767164.27568478998728096, 1100085.95156257995404303 1767161.5714173000305891, 1100086.00117399008013308 1767153.59062109002843499, 1100086.01315363007597625 1767151.69110651989467442))",SA001,72227,2723063000,35803045,54000,1988-01-01,SA005,13,25,12.59,,0,0,20119006912.0,1,25-STS-88,IQT903,72227,SA005,,B,480,520,P0,0.8,1988-01-01,SS00201,,1988-01-01,STS,True
"MultiLineString ((1100045.88729995000176132 1767126.21428406005725265, 1100049.15360223990865052 1767126.09311868995428085, 1100055.14140826999209821 1767125.88307578000240028, 1100060.67618889990262687 1767125.68895860994234681, 1100061.93804546003229916 1767125.68317583994939923, 1100067.39672466996125877 1767125.67508927988819778, 1100074.62393755000084639 1767125.64519139006733894, 1100079.42936928011476994 1767125.6253918600268662))",SA001,3906,2723063000,35803045,54000,1993-01-01,SA005,13,25,33.56,,0,0,20119006912.0,1,25-STS-93,IQT903,3906,SA005,,B,480,520,P0,0.8,1993-01-01,SS00201,,1993-01-01,STS,True
"MultiLineString ((1100124.51998690003529191 1767113.61509170010685921, 1100123.02047080011107028 1767113.60330120008438826, 1100113.92790680006146431 1767113.50610670004971325, 1100100.2533485998865217 1767113.44368069991469383, 1100097.13988439994864166 1767113.37631589989177883, 1100093.0450379999820143 1767113.34498029993847013, 1100083.21791950007900596 1767113.269299800042063, 1100074.77344290004111826 1767113.20367179997265339, 1100066.78273930004797876 1767113.14293240010738373, 1100060.86943580000661314 1767113.06809920002706349, 1100057.48245700006373227 1767113.0712691000662744, 1100048.98197069996967912 1767113.00579180009663105, 1100042.00060219992883503 1767112.95170419989153743, 1100034.14940149988979101 1767112.89088859991170466, 1100031.86202059988863766 1767112.87298280000686646, 1100028.85789479990489781 1767112.85025010001845658, 1100027.20073130005039275 1767112.8373589999973774, 1100025.8012123960070312 1767112.82648655353114009, 1100022.28785190009512007 1767112.79919230006635189, 1100013.41741709993220866 1767112.73106770007871091, 1100000.62592560006305575 1767112.63287180010229349, 1099995.94726329995319247 1767112.59695319994352758, 1099995.1528006000444293 1767112.59084900002926588, 1099991.9237544999923557 1767112.56564599997363985, 1099985.44759840006008744 1767112.51602949993684888, 1099978.93750920007005334 1767112.46586399991065264, 1099972.7743555000051856 1767112.4179082999471575, 1099971.27478399989195168 1767112.40611699991859496))",SA001,143127,2723063000,35803045,54000,1988-01-01,SA005,4,80,153.3,,0,0,20119006912.0,1,80-DTC-88,IQT903,143127,SA005,,B,480,520,P0,1.0,1988-01-01,SS00201,,1988-01-01,DTC,True
"MultiLineString ((1100053.4700505300424993 1767051.11404550005681813, 1100053.45333647006191313 1767059.29837860004045069, 1100053.4416843899525702 1767065.77408007998019457, 1100053.43624716997146606 1767068.49649409996345639, 1100053.43429240002296865 1767069.21634324989281595))",SA001,37938,2723063000,35803045,54000,1993-01-01,SA005,13,25,18.11,,0,0,20119006912.0,1,25-STS-93,IQT903,37938,SA005,,B,480,520,P0,0.8,1993-01-01,SS00201,,1993-01-01,STS,True
"MultiLineString ((1100031.86202060990035534 1767112.87298281001858413, 1100031.64338209992274642 1767127.2301223399117589, 1100031.63056289008818567 1767128.06881125993095338))",SA001,37760,2723063000,35803045,54000,1991-01-01,SA005,13,25,15.2,,0,0,20119006912.0,1,25-STS-91,IQT903,37760,SA005,,B,480,520,P0,0.8,1991-01-01,SS00201,,1991-01-01,STS,True
"MultiLineString ((1100067.84253027988597751 1767108.88085914007388055, 1100067.85273666004650295 1767097.77392733003944159, 1100067.85351380007341504 1767096.07926695002242923))",SA001,143068,2723063000,35803045,54000,1993-01-01,SA005,13,20,12.81,,0,0,20119006912.0,1,20-STS-93,IQT903,143068,SA005,,B,480,520,P0,0.8,1993-01-01,SS00201,,1993-01-01,STS,True
"MultiLineString ((1100100.53425023006275296 1767108.91083332011476159, 1100100.53012677002698183 1767107.41104493988677859, 1100100.50680567999370396 1767097.52249582996591926, 1100100.50300597003661096 1767095.79862395999953151, 1100100.50051845004782081 1767094.97679706988856196, 1100100.47290443000383675 1767083.14044850994832814, 1100100.47214509011246264 1767082.53156306990422308, 1100100.46734284004196525 1767080.68280165991745889, 1100100.46193243004381657 1767078.3451463698875159, 1100100.45345188002102077 1767074.70058880001306534, 1100100.44246345991268754 1767069.77833476010710001, 1100100.34932312997989357 1767068.18484371993690729, 1100100.25404370995238423 1767066.55513214995153248, 1100100.42372877988964319 1767063.78610927006229758, 1100100.42109727999195457 1767062.93525141989812255, 1100100.41541918995790184 1767061.11244522989727557, 1100100.3865760900080204 1767052.70453021000139415, 1100100.38652080995962024 1767052.70447321003302932, 1100100.38235348998568952 1767051.2056948400568217))",SA001,110993,2723063000,35803045,54000,2019-11-22,SA005,13,50,55.0,,0,0,20199011015.0,1,50-STS-19,IQT903,110993,SA005,,B,480,520,P0,0.8,2019-11-22,SS00201,,2019-11-22,STS,True
"MultiLineString ((1100047.09245026996359229 1767108.86273215990513563, 1100047.08928068005479872 1767107.36298676999285817, 1100047.07279170001856983 1767101.0288527999073267, 1100047.05334791005589068 1767093.7698244599159807, 1100052.63585429009981453 1767094.00181996007449925, 1100055.12983160000294447 1767094.10580032994039357, 1100062.37187033006921411 1767094.4030535900965333, 1100062.47402467997744679 1767091.37516070995479822, 1100062.68646984989754856 1767085.04355834005400538, 1100062.85496169002726674 1767080.21080958005040884, 1100070.25508417002856731 1767080.32351504010148346, 1100076.30955893010832369 1767080.41573107009753585, 1100076.12202657992020249 1767066.2445221000816673, 1100085.66649062000215054 1767066.36793949990533292, 1100096.85531985992565751 1767066.51137867989018559, 1100098.75465136999264359 1767066.53528651990927756, 1100100.25404370995238423 1767066.55513214995153248))",SA001,143129,2723063000,35803045,54000,1988-01-01,SA005,5,40,96.42,,0,0,20119006912.0,1,40-EPS-88,IQT903,143129,SA005,,B,480,520,P0,0.8,1988-01-01,SS00201,,1988-01-01,EPS,True
"MultiLineString ((1100061.89993574004620314 1767164.12557619996368885, 1100061.93454660009592772 1767158.57207209011539817, 1100061.97854157001711428 1767151.54596647992730141))",SA001,106352,2723063000,35803045,54000,1993-01-01,SA005,13,20,12.58,,0,0,20119006912.0,1,20-STS-93,IQT903,106352,SA005,,B,480,520,P0,0.8,1993-01-01,SS00201,,1993-01-01,STS,True
"MultiLineString ((1100127.34766566008329391 1767139.29498725989833474, 1100117.54106967989355326 1767139.11863805004395545, 1100110.13745116000063717 1767138.98487796005792916, 1100103.73128367005847394 1767138.86929411999881268, 1100101.93216740991920233 1767138.83687373995780945, 1100099.41426856000907719 1767138.79153777007013559, 1100098.75656106998212636 1767138.77955979993566871))",SA001,143131,2723063000,35803045,54000,1991-01-01,SA005,13,25,28.6,,0,0,20119006912.0,1,25-STS-91,IQT903,143131,SA005,,B,480,520,P0,0.8,1991-01-01,SS00201,,1991-01-01,STS,True
"MultiLineString ((1100047.05334791005589068 1767093.7698244599159807, 1100044.56690766010433435 1767093.69790826993994415, 1100037.35133395995944738 1767093.48904592008329928, 1100030.1763686400372535 1767093.30677562998607755))",SA001,37990,2723063000,35803045,54000,1988-01-01,SA005,5,40,16.89,,0,0,20119006912.0,1,40-EPS-88,IQT903,37990,SA005,,B,480,520,P0,0.8,1988-01-01,SS00201,,1988-01-01,EPS,True
"MultiLineString ((1100097.13988440996035933 1767113.37631588010117412, 1100097.05828504008240998 1767125.3610163601115346, 1100097.05442502000369132 1767125.89773626998066902, 1100097.04849118995480239 1767126.72864221991039813, 1100097.04305555997416377 1767127.60938756004907191))",SA001,72436,2723063000,35803045,54000,1991-01-01,SA005,13,25,14.24,,0,0,20119006912.0,1,25-STS-91,IQT903,72436,SA005,,B,480,520,P0,0.8,1991-01-01,SS00201,,1991-01-01,STS,True
"MultiLineString ((1099971.32979336008429527 1767108.79358568997122347, 1099972.82961710006929934 1767108.79443191993050277, 1099979.3685132700484246 1767108.80051389010623097, 1099993.71562275011092424 1767108.79639743990264833, 1099994.95933683007024229 1767108.79833724000491202, 1099997.47090437007136643 1767108.80067836004309356, 1100021.65024324995465577 1767108.83913694997318089, 1100030.47459796001203358 1767108.84759813011623919, 1100037.48826253996230662 1767108.85341662005521357, 1100047.09245026996359229 1767108.86273215990513563, 1100050.17574472003616393 1767108.86539991991594434, 1100067.84253027988597751 1767108.88085914007388055, 1100100.53425023006275296 1767108.91083332011476159, 1100118.08746589999645948 1767108.96185963996686041, 1100121.25381633988581598 1767108.97108039003796875, 1100123.47598828002810478 1767108.97756948997266591, 1100124.73657720000483096 1767108.98122819000855088))",SA001,143128,2723063000,35803045,54000,1995-01-01,SA005,10,80,153.45,,0,0,20119006912.0,1,80-PFP-95,IQT903,143128,SA005,,B,480,520,P0,1.0,1995-01-01,SS00201,,1995-01-01,PFP,True
"MultiLineString ((1099971.39119070000015199 1766697.66099860006943345, 1099971.79372379998676479 1766697.91122670006006956, 1099981.95840759994462132 1766704.27800390007905662, 1099985.2840674000326544 1766706.33938440005294979, 1099994.92593530006706715 1766712.31581000005826354, 1100008.25336820003576577 1766720.5767002000939101, 1100009.77950390009209514 1766720.23513410007581115, 1100031.63798919995315373 1766734.87089119991287589, 1100034.43166080000810325 1766736.74143510009162128, 1100043.76349009992554784 1766742.98973069991916418, 1100050.67607069993391633 1766747.61823390005156398, 1100055.75468280003406107 1766750.94954610010609031, 1100057.27264359989203513 1766751.94525430002249777, 1100060.10713950009085238 1766753.80454970011487603, 1100074.88047720002941787 1766763.49517629994079471, 1100076.28807880007661879 1766764.42318810010328889, 1100077.4315206001047045 1766764.46115060010924935, 1100080.45003039995208383 1766766.90651290002278984, 1100081.34244429995305836 1766767.62953520007431507, 1100083.99348430009558797 1766769.77720059989951551, 1100095.5747420999687165 1766779.15961909992620349, 1100099.77788840001448989 1766783.76806170004419982, 1100107.47784830792807043 1766792.21050475048832595, 1100116.3384908998850733 1766801.92555149993859231, 1100116.25602600001730025 1766802.44565210002474487, 1100116.53467549988999963 1766802.73743769992142916, 1100117.05011590011417866 1766803.27710400009527802, 1100117.89544210000894964 1766803.20321869989857078, 1100123.58473709993995726 1766809.56783790001645684, 1100134.40396320004947484 1766821.52771260007284582, 1100144.35930170002393425 1766832.53262190008535981, 1100145.75865789991803467 1766834.11115600005723536, 1100145.76824539992958307 1766835.05574829992838204, 1100151.86897230008617043 1766841.99434549990110099, 1100158.75591899990104139 1766849.82718860008753836, 1100162.25146750011481345 1766853.71724790008738637, 1100162.45587909989990294 1766854.03526640008203685, 1100174.18369499989785254 1766867.09297630004584789, 1100178.830678999889642 1766872.26694360002875328, 1100202.64832490007393062 1766898.37341020000167191, 1100202.06342629995197058 1766899.66089949989691377, 1100203.1387678999453783 1766901.07365110004320741, 1100204.47747800010256469 1766900.74327369988895953, 1100204.64323909999802709 1766900.70233129989355803, 1100205.04084499995224178 1766900.60419530002400279, 1100206.42819130001589656 1766902.00494810007512569, 1100206.33900030003860593 1766902.81688950001262128, 1100213.10174819990061224 1766911.38213460007682443, 1100217.98557540006004274 1766917.56766419997438788, 1100218.65887079993262887 1766918.42047980008646846, 1100219.5518451000098139 1766919.55140209989622235, 1100223.5943724000826478 1766924.49795509991236031, 1100224.26261450001038611 1766925.2538370001129806, 1100228.84549440001137555 1766930.43763060006313026, 1100230.74947130004875362 1766932.59129239991307259, 1100231.56593720009550452 1766932.67836320004425943, 1100232.75647110003046691 1766934.0232031000778079, 1100232.65598740009590983 1766934.74780069990083575, 1100233.26487160008400679 1766935.43660039990209043, 1100233.80573590006679296 1766936.04833090002648532, 1100234.34140820009633899 1766935.97963070007972419, 1100235.30615040007978678 1766937.00382170011289418, 1100235.27804260002449155 1766937.71375259989872575, 1100240.52049949998036027 1766943.6436379998922348, 1100246.01614139997400343 1766949.85989330010488629, 1100253.07934809988364577 1766957.84932209993712604, 1100266.14660739991813898 1766972.63013639999553561, 1100272.36838439991697669 1766979.66784660005941987, 1100302.19951570010744035 1767012.8179681000765413, 1100305.56908420007675886 1767016.56241329992190003, 1100316.18585609993897378 1767028.36040130001492798, 1100331.75753959990106523 1767045.66454800008796155, 1100333.85012779990211129 1767047.79387470008805394, 1100339.73951900005340576 1767053.78647499997168779, 1100341.72048770007677376 1767055.80218430003151298, 1100341.75152019993402064 1767056.45802600006572902, 1100345.45285680005326867 1767060.31489309994503856, 1100348.71232599997892976 1767063.7113532000221312, 1100353.78405559994280338 1767068.99617099994793534, 1100353.83939450001344085 1767069.6871418000664562, 1100353.61804650002159178 1767070.14868129999376833, 1100354.76221409998834133 1767071.4360162999946624, 1100355.2552666999399662 1767071.34375340002588928, 1100355.97834959998726845 1767071.58132879994809628, 1100358.40795130003243685 1767074.02453400008380413, 1100361.48746219999156892 1767077.12123430008068681, 1100363.54862909996882081 1767079.33326309989206493, 1100375.41922560008242726 1767092.07299569994211197, 1100378.96669210004620254 1767095.88016829988919199, 1100380.46395709994249046 1767097.68637409992516041, 1100380.15010629990138113 1767098.80247660004533827, 1100381.82181009999476373 1767100.66632970003411174, 1100383.33793959999457002 1767100.68960479996167123, 1100402.1402271999977529 1767123.59411159995943308, 1100403.49165289988741279 1767123.47058480000123382, 1100404.77089740009978414 1767124.99306629993952811, 1100404.87870349991135299 1767125.1265018000267446, 1100406.17006619996391237 1767126.72460489999502897, 1100406.57644230010919273 1767127.22742090001702309, 1100413.60221390007063746 1767135.78998079989105463, 1100414.00349309993907809 1767136.41815440007485449, 1100415.41726720007136464 1767138.16754800011403859, 1100420.45611170004121959 1767144.01991780009120703, 1100420.15896010003052652 1767144.75595490005798638, 1100420.80151399993337691 1767145.47893340000882745, 1100421.4558812000323087 1767146.21509160008281469, 1100422.33254659990780056 1767146.19924050010740757, 1100431.17566610011272132 1767157.1581294999923557, 1100432.05716309999115765 1767157.10186950000934303, 1100432.76839029998518527 1767157.9068966000340879, 1100433.24580810009501874 1767158.4472155999392271, 1100432.99080040003173053 1767159.20307429996319115, 1100433.73337460006587207 1767160.02716780011542141, 1100434.29044670006260276 1767160.67671129992231727, 1100435.06248429999686778 1767160.39903370011597872, 1100435.81027100002393126 1767160.13016410009004176, 1100436.29890020005404949 1767160.76127899996936321))",SA001,417712,2723063000,35803045,54000,2009-05-25,SA005,4,150,670.12,,0,0,20099005354.0,1,150-DTC-09,IQT903,417712,SA005,,B,490,520,P0,1.1,2009-05-25,SS00201,,2009-05-25,DTC,True
"MultiLineString ((1100436.29890021006576717 1767160.76127896993421018, 1100437.95051824999973178 1767162.71738523989915848))",SA001,417714,2723063000,35803045,54000,1980-01-01,SA005,2,200,2.56,,0,0,20119006912.0,1,200-CI-80-EL-93,IQT903,417714,SA005,,B,490,520,P0,1.3,1993-01-01,SS00201,,1993-01-01,CI,True
"MultiLineString ((1100014.36107622995041311 1767051.03828631993383169, 1100014.23333660000935197 1767063.03322409000247717, 1100014.13559359009377658 1767072.20915685989893973, 1100014.05966285010799766 1767079.36074006999842823))",SA001,435127,2723063000,35803045,54000,2013-10-16,SA005,13,32,28.33,,0,0,20139009185.0,1,32-STS-13,IQT903,435127,SA005,,B,480,520,P0,0.8,2013-10-16,SS00201,,2013-10-16,STS,True
"MultiLineString ((1100008.26052660006098449 1767163.79046069993637502, 1100008.26910279993899167 1767162.41804399993270636, 1100008.31172779994085431 1767155.60371039994060993, 1100008.38135454733856022 1767144.46374685666523874, 1100008.38514130003750324 1767143.85788360005244613))",SA001,439876,2723063000,35803045,54000,2014-11-21,SA005,13,40,19.94,,0,0,20149015616.0,1,40-STS-14,IQT903,439876,SA005,,B,480,520,P0,0.8,2014-11-21,SS00201,,2014-11-21,STS,True
"MultiLineString ((1100036.90223130001686513 1767163.97000130009837449, 1100036.91008360008709133 1767162.93550270004197955, 1100036.96259979996830225 1767155.98524469998665154, 1100037.03330389992333949 1767146.62683480000123382, 1100037.04901519999839365 1767144.54458660003729165, 1100037.05828869994729757 1767143.31875590002164245))",SA001,439877,2723063000,35803045,54000,2014-11-21,SA005,13,40,20.0,,0,0,20149015616.0,1,40-STS-14,IQT903,439877,SA005,,B,480,520,P0,0.8,2014-11-21,SS00201,,2014-11-21,STS,True
"MultiLineString ((1100060.86943577998317778 1767113.06809919001534581, 1100060.67618889990262687 1767125.68895860994234681))",SA001,439878,2723063000,35803045,54000,2014-11-21,SA005,13,40,12.63,,0,0,20149015616.0,1,40-STS-14,IQT903,439878,SA005,,B,480,520,P0,0.8,2014-11-21,SS00201,,2014-11-21,STS,True
"MultiLineString ((1099273.99026298988610506 1767191.43000709009356797, 1099273.10693478002212942 1767190.21779244998469949, 1099271.98954961006529629 1767188.6820796700194478, 1099270.18166828993707895 1767186.19991472992114723, 1099269.23563742008991539 1767184.90077447006478906, 1099267.3709651599638164 1767182.3397758100181818, 1099266.14774003997445107 1767180.66144988010637462, 1099263.92170947999693453 1767177.60408342001028359, 1099269.81787255988456309 1767172.86573545006103814, 1099273.18973970995284617 1767170.18526797997765243, 1099266.66948099993169308 1767161.92199370008893311, 1099265.34394054999575019 1767160.33412417001090944, 1099263.44585218001157045 1767158.06256249011494219))",SA001,243994,2723063100,35803044,54000,1992-01-01,SA005,10,40,44.54,,0,0,20119006912.0,1,40-PFP-92,IQT903,243994,SA005,,B,461,520,P0,0.8,1992-01-01,SS00201,,1992-01-01,PFP,True
"MultiLineString ((1099201.47878491994924843 1767302.85340773989446461, 1099201.49003025004640222 1767297.71752864005975425, 1099201.51319499011151493 1767287.46767859999090433, 1099201.54299171990714967 1767274.41952810995280743, 1099201.57379664992913604 1767261.10634514992125332, 1099201.5959654098842293 1767251.31445330008864403, 1099201.60672403010539711 1767246.6033846300560981, 1099201.61461582989431918 1767242.93121166992932558, 1099204.13630272005684674 1767239.86194919003173709, 1099204.11631686007604003 1767238.79563916008919477, 1099204.13744329009205103 1767236.75387855991721153, 1099204.11952444002963603 1767235.5529286100063473, 1099200.28965202998369932 1767233.11883498006500304, 1099200.09720410988666117 1767206.22068548994138837, 1099199.64021384995430708 1767193.16012092004530132, 1099199.58798377006314695 1767191.66686970996670425, 1099199.56518962001428008 1767190.83650781004689634, 1099200.34348226990550756 1767189.36667495011352003, 1099205.48689053999260068 1767180.04023780999705195, 1099208.27761667990125716 1767174.77069541998207569, 1099211.81481597991660237 1767168.08874841989018023, 1099212.80762438010424376 1767168.19517474994063377, 1099217.67116454010829329 1767168.9300590199418366, 1099231.90372733003459871 1767184.87195746996439993, 1099233.35438592010177672 1767186.49692463991232216, 1099237.74271260993555188 1767191.41238998994231224, 1099239.71309865009970963 1767193.61948040989227593, 1099241.66060063010081649 1767195.80120548000559211, 1099242.50884270993992686 1767196.75148300989530981, 1099269.88972738990560174 1767227.42212116997689009, 1099275.15495525998994708 1767233.3192431500647217, 1099280.20584315992891788 1767238.97823449992574751, 1099281.20462626009248197 1767240.09626437001861632, 1099302.09438638994470239 1767263.43128520995378494, 1099307.92511994997039437 1767269.94596241996623576, 1099315.75449463003315032 1767278.69068068009801209, 1099321.25586847006343305 1767284.83738749008625746, 1099323.09522387990728021 1767286.89507822995074093, 1099329.61809984990395606 1767295.02796449000015855, 1099332.99732207995839417 1767299.24166820989921689, 1099345.55006382009014487 1767314.8929942799732089, 1099350.90398685005493462 1767321.56851742998696864, 1099351.28565054992213845 1767322.04425403010100126))",SA001,308958,2723061000,35803044,54000,1995-01-01,SA005,4,150,350.16,,0,0,20119006912.0,1,150-DTC-95,IQT903,308958,SA005,,B,461,520,P0,1.1,1995-01-01,SS00201,,1995-01-01,DTC,True
"MultiLineString ((1099263.92170947999693453 1767177.60408342001028359, 1099262.93312733992934227 1767176.4762441199272871, 1099260.69433564995415509 1767173.92460600007325411, 1099258.37988752010278404 1767171.28679794003255665, 1099255.67930834996514022 1767168.20822161994874477))",SA001,175866,2723063100,35803044,54000,1992-01-01,SA005,13,20,12.5,,0,0,20119006912.0,1,20-STS-92,IQT903,175866,SA005,,B,461,520,P0,0.8,1992-01-01,SS00201,,1992-01-01,STS,True
"MultiLineString ((1100013.63720980007201433 1766778.0203857000451535, 1100015.13655610010027885 1766778.04320499999448657, 1100015.16363899991847575 1766765.95677240006625652, 1100015.18031520000658929 1766758.75832209992222488, 1100015.20056680007837713 1766749.70472640008665621, 1100015.20234810002148151 1766748.90834440011531115, 1100015.23651050007902086 1766733.7325371999759227, 1100015.28428240003995597 1766726.69200449995696545, 1100015.88015599991194904 1766725.75754899997264147, 1100016.52257440006360412 1766724.75008499994874001))",SA001,38784,2723063000,35803045,54000,1993-01-01,SA005,4,80,55.17,,0,0,20119006912.0,1,80-DTC-93,IQT903,38784,SA005,,B,490,520,P0,1.0,1993-01-01,SS00201,,1993-01-01,DTC,True
"MultiLineString ((1100289.77549819997511804 1767036.73737340001389384, 1100288.80753290001302958 1767036.35474109998904169, 1100279.15393009991385043 1767032.49931250000372529, 1100262.96299659996293485 1767026.11780019989237189, 1100261.71965639991685748 1767025.62692550010979176, 1100261.00222250004298985 1767025.34507969999685884, 1100260.46626019990071654 1767025.13457700004801154, 1100256.82386379991658032 1767023.70372519991360605, 1100251.12597270007245243 1767021.46529050008393824, 1100234.78959809988737106 1767015.04653799999505281, 1100224.7842592999804765 1767011.11583440005779266, 1100221.33961550006642938 1767009.42364359996281564, 1100214.98913419991731644 1767006.3040758001152426, 1100214.98913419991731644 1767006.3040758001152426, 1100212.65214310004375875 1767005.15609510010108352, 1100206.84845639998093247 1767001.7242858000099659, 1100200.3174703000113368 1766997.86143329995684326, 1100199.20379239995963871 1766996.93066089996136725, 1100190.86044510011561215 1766989.96077660005539656, 1100177.79533650004304945 1766977.25297140004113317, 1100176.53526320005767047 1766976.02699719998054206, 1100172.0012153999414295 1766970.36893739993683994, 1100169.65209500002674758 1766967.43797309999354184, 1100167.95880459994077682 1766965.32527759997174144, 1100159.89552400005050004 1766955.26119760004803538, 1100159.18612420000135899 1766954.37554250005632639, 1100158.13557399995625019 1766952.6518002999946475, 1100154.05526160006411374 1766945.95682250009849668, 1100151.05357520002871752 1766941.03118940000422299, 1100147.77727769990451634 1766935.65496059996075928, 1100138.61492000008001924 1766920.62008800008334219, 1100133.43981439992785454 1766913.13755499990656972, 1100129.51246090000495315 1766907.36174639989621937, 1100126.58502219989895821 1766903.22487629996612668, 1100123.10715899989008904 1766898.33278240007348359, 1100122.55641290009953082 1766897.53083790000528097, 1100121.49520500004291534 1766895.98562499997206032, 1100116.81536639994010329 1766888.76945580006577075, 1100116.49257269990630448 1766888.27176990010775626, 1100110.00823520007543266 1766877.99779290007427335, 1100108.74394530011340976 1766875.99491279991343617, 1100107.21313979988917708 1766873.57002860005013645, 1100105.19235350005328655 1766870.10280669992789626, 1100098.25977270002476871 1766858.20728869992308319, 1100097.53658999991603196 1766856.32664049998857081, 1100092.67584999999962747 1766843.69282349990680814, 1100092.20271790004335344 1766842.46183330006897449, 1100091.19326329999603331 1766839.48198010004125535, 1100087.27048550010658801 1766827.89224039996042848, 1100082.42158959992229939 1766813.56688160006888211, 1100079.62587359989993274 1766805.30781970010139048, 1100075.65833029989153147 1766806.17718250001780689, 1100076.1097728000022471 1766814.54360509989783168, 1100076.19098940002731979 1766816.04157279990613461))",SA001,107315,2723063000,35803045,54000,1992-01-01,SA005,4,150,341.78,,0,0,20119006912.0,1,150-DTC-92,IQT903,107315,SA005,,B,490,520,P0,1.1,1992-01-01,SS00201,,1992-01-01,DTC,True
"MultiLineString ((1100209.48395790997892618 1767051.61464680009521544, 1100209.44519346999004483 1767053.11383347003720701, 1100209.11456365999765694 1767065.88949700002558529, 1100209.06386763998307288 1767067.84038337995298207, 1100209.02986631006933749 1767069.15365136996842921, 1100208.99708853010088205 1767070.42196321999654174, 1100208.72081476007588208 1767081.10886781010776758, 1100208.68862772011198103 1767082.36612747004255652, 1100208.65298218000680208 1767083.72431707009673119, 1100208.35398153006099164 1767095.2808090599719435, 1100208.31953584006987512 1767096.62301475997082889, 1100208.27761911996640265 1767098.25803233007900417, 1100208.03163472004234791 1767107.77100049005821347, 1100207.99547655996866524 1767109.16988985007628798))",SA001,245307,2723063000,35803045,54000,1992-01-01,SA005,10,50,57.59,,0,0,20119006912.0,1,50-PFP-92,IQT903,245307,SA005,,B,490,520,P0,0.8,1992-01-01,SS00201,,1992-01-01,PFP,True
"MultiLineString ((1100183.64851255994290113 1767051.48608630010858178, 1100183.57696597999893129 1767056.24721997999586165, 1100183.47301596007309854 1767063.07338978000916541, 1100183.44396331999450922 1767064.97867880994454026, 1100183.39494318002834916 1767068.26328523992560804, 1100183.3527273500803858 1767071.03516411990858614))",SA001,3778,2723063000,35803045,54000,1991-01-01,SA005,13,25,19.56,,0,0,20119006912.0,1,25-STS-91,IQT903,3778,SA005,,B,490,520,P0,0.8,1991-01-01,SS00201,,1991-01-01,STS,True
"MultiLineString ((1100170.19266401999630034 1767108.9350055200047791, 1100170.25478034000843763 1767104.85769978002645075, 1100170.37431833008304238 1767097.00888496008701622, 1100170.44889067998155951 1767092.11287319008260965, 1100170.45643970998935401 1767091.61930373008362949, 1100170.49483450991101563 1767089.10548078990541399))",SA001,72224,2723063000,35803045,54000,1989-01-01,SA005,13,25,19.84,,0,0,20119006912.0,1,25-STS-89,IQT903,72224,SA005,,B,490,520,P0,0.8,1989-01-01,SS00201,,1989-01-01,STS,True
"MultiLineString ((1100190.20187148009426892 1767109.0593335700687021, 1100190.01442050002515316 1767120.66992384009063244, 1100189.93443315988406539 1767127.6284947800450027, 1100189.92613655002787709 1767128.3042545800562948))",SA001,106345,2723063000,35803045,54000,2019-10-14,SA005,13,32,19.25,,0,0,20209000644.0,1,32-STS-19,IQT903,106345,SA005,,B,490,520,P0,0.8,2019-10-14,SS00201,,2019-10-14,STS,True
"MultiLineString ((1100233.24709039996378124 1767165.28866787999868393, 1100233.3399005199316889 1767153.68018844001926482, 1100233.34977438999339938 1767152.44451209995895624, 1100233.41149261989630759 1767144.71378660993650556))",SA001,3803,2723063000,35803045,54000,1990-01-01,SA005,13,25,20.58,,0,0,20119006912.0,1,25-STS-90,IQT903,3803,SA005,,B,490,520,P0,0.8,1990-01-01,SS00201,,1990-01-01,STS,True
"MultiLineString ((1100155.67247238010168076 1767051.34793794993311167, 1100155.64527694997377694 1767053.06824613991193473, 1100155.5266314500477165 1767060.46215944993309677, 1100155.49679221003316343 1767062.35834018001332879, 1100155.47727491008117795 1767063.57483382010832429, 1100155.45425658999010921 1767065.00292533007450402, 1100155.38634351990185678 1767069.21647034003399312, 1100155.37769884988665581 1767069.78324054996483028))",SA001,72312,2723063000,35803045,54000,1992-01-01,SA005,13,25,18.44,,0,0,20119006912.0,1,25-STS-92,IQT903,72312,SA005,,B,490,520,P0,0.8,1992-01-01,SS00201,,1992-01-01,STS,True
"MultiLineString ((1100135.4350928699132055 1767108.71860006009228528, 1100136.70083864009939134 1767108.72649290994741023, 1100139.09034437988884747 1767108.7413903099950403, 1100156.23641208000481129 1767108.84843481006100774, 1100170.19266401999630034 1767108.9350055200047791, 1100171.93203354999423027 1767108.94581780000589788, 1100190.20187148009426892 1767109.0593335700687021, 1100193.86217755009420216 1767109.08208911004476249, 1100197.28909717011265457 1767109.10336734005250037, 1100207.99547655996866524 1767109.16988985007628798, 1100211.78940023994073272 1767109.19368598004803061, 1100230.38142267009243369 1767109.30889121000654995, 1100246.2271173601038754 1767109.40728664002381265, 1100265.32953642006032169 1767109.6172732301056385, 1100283.71609883010387421 1767109.89628179999999702, 1100285.2154744800645858 1767109.91910325991921127))",SA001,245306,2723063000,35803045,54000,1992-01-01,SA005,4,80,149.83,,0,0,20119006912.0,1,80-DTC-92,IQT903,245306,SA005,,B,490,520,P0,1.0,1992-01-01,SS00201,,1992-01-01,DTC,True
"MultiLineString ((1100135.46352218999527395 1767113.08626339002512395, 1100136.96317120990715921 1767113.09305867995135486, 1100139.51626300998032093 1767113.10445956001058221, 1100145.30912536010146141 1767113.13019488006830215, 1100146.02238492993637919 1767113.13348038005642593, 1100159.4086650600656867 1767113.19499011989682913, 1100162.44492709008045495 1767113.2092323899269104, 1100165.09431386995129287 1767113.22062362008728087, 1100175.58769898000173271 1767113.26846372010186315, 1100177.72218999010510743 1767113.27896896004676819, 1100190.10014961007982492 1767113.33549900003708899, 1100196.8294679899699986 1767113.36600913992151618, 1100204.20273822988383472 1767113.3993303501047194, 1100213.36547383992001414 1767113.44092015991918743, 1100222.73417330998927355 1767113.48362243990413845, 1100232.52061544009484351 1767113.5283020599745214, 1100232.89639067999087274 1767113.53002816997468472, 1100233.30978386010974646 1767113.53185451007448137, 1100235.8539173100143671 1767113.54348282003775239, 1100238.71501445001922548 1767113.55658007995225489, 1100259.96827536006458104 1767113.65379654010757804, 1100260.52287112991325557 1767113.65633073006756604, 1100270.87532993010245264 1767113.70397253008559346, 1100283.68319772998802364 1767113.76210513990372419, 1100285.18287470005452633 1767113.76895699999295175))",SA001,106430,2723063000,35803045,54000,1994-01-01,SA005,4,80,149.76,,0,0,20119006912.0,1,80-DTC-94,IQT903,106430,SA005,,B,490,520,P0,1.0,1994-01-01,SS00201,,1994-01-01,DTC,True
"MultiLineString ((1100132.19438729993999004 1767083.00369968009181321, 1100143.71925804996863008 1767083.20622884994372725, 1100147.45060321991331875 1767083.27210176992230117, 1100156.47061243001371622 1767083.43042202992364764))",SA001,211249,2723063000,35803045,54000,1990-01-01,SA005,13,25,24.29,,0,0,20119006912.0,1,25-STS-90,IQT903,211249,SA005,,B,490,520,P0,0.8,1990-01-01,SS00201,,1990-01-01,STS,True
"MultiLineString ((1100222.13051017001271248 1767165.19335854006931186, 1100222.30777769000269473 1767153.55313274008221924, 1100222.33655678993090987 1767151.6638696501031518))",SA001,177126,2723063000,35803045,54000,1988-01-01,SA005,13,20,13.54,,0,0,20119006912.0,1,20-STS-88,IQT903,177126,SA005,,B,490,520,P0,0.8,1988-01-01,SS00201,,1988-01-01,STS,True
"MultiLineString ((1099281.20462626009248197 1767240.09626437001861632, 1099280.5955555799882859 1767241.46973405010066926, 1099279.54332630010321736 1767244.93025447009131312, 1099276.08600813988596201 1767245.16712691006250679, 1099276.13318899995647371 1767246.66557893995195627, 1099276.22966919001191854 1767249.71650211000815034, 1099276.10374117991887033 1767266.15908504999242723, 1099274.6261413199827075 1767266.41152721992693841, 1099273.24422997003421187 1767266.71257491991855204, 1099262.75064324005506933 1767268.99867004994302988, 1099262.94195945002138615 1767270.35430378001183271, 1099263.02431082003749907 1767271.82207725010812283, 1099263.16050341003574431 1767274.2502235600259155, 1099263.16191019001416862 1767275.21007214998826385, 1099263.17398304003290832 1767283.66574122989550233, 1099263.17632798990234733 1767285.29045615997165442, 1099263.17765466007404029 1767285.99036499997600913, 1099263.18119508004747331 1767288.31804683990776539, 1099263.19486838998273015 1767297.66057470999658108, 1099263.19562280992977321 1767298.46541592990979552, 1099263.46921015996485949 1767308.52086245990358293, 1099263.4497751600574702 1767310.12326095998287201, 1099263.44029364991001785 1767310.87800111994147301, 1099263.0994285698980093 1767310.8717854400165379, 1099252.88599352003075182 1767310.70018967008218169, 1099243.47618918004445732 1767310.54087542998604476, 1099235.29626846988685429 1767310.40277300006709993))",SA001,308923,2723061000,35803044,54000,1995-01-01,SA005,10,100,113.32,,0,0,20119006912.0,1,100-PFP-95,IQT903,308923,SA005,,B,461,520,P0,1.0,1995-01-01,SS00201,,1995-01-01,PFP,True
"MultiLineString ((1099276.96718203998170793 1767225.42218200000934303, 1099275.32607062999159098 1767223.61054524988867342, 1099273.03199825994670391 1767221.01704165991395712, 1099272.3332004901021719 1767220.28949644998647273, 1099274.01218386995606124 1767218.35050315991975367, 1099275.02760690008290112 1767216.60533763002604246, 1099275.37766311992891133 1767216.00372057990171015, 1099277.14175093988887966 1767215.4537669699639082, 1099278.11847523995675147 1767215.45764434989541769))",SA001,324800,2723063100,35803045,54000,2006-07-18,SA005,4,80,14.0,,0,0,2006540000000.0,1,80-DTC-06,IQT903,324800,SA005,,B,243,520,P0,1.0,2006-07-18,SS00201,,2006-07-18,DTC,True
"MultiLineString ((1099262.64344212994910777 1767353.47768974001519382, 1099262.57108912989497185 1767360.2622966798953712, 1099262.51860413001850247 1767365.22064851992763579, 1099262.47537448001094162 1767381.01784053002484143))",SA001,2879,2723061000,35803044,54000,1994-01-01,SA005,5,40,27.55,,0,0,20119006912.0,1,40-EPS-94,IQT903,2879,SA005,,B,461,520,P0,0.8,1994-01-01,SS00201,,1994-01-01,EPS,True
"MultiLineString ((1099264.6348332199268043 1767210.35156352003104985, 1099266.13234259001910686 1767212.07011952996253967, 1099267.32926178001798689 1767213.44307228992693126, 1099270.32261056010611355 1767213.90213746996596456, 1099274.13151703006587923 1767212.61639381991699338))",SA001,324799,2723063100,35803044,54000,2006-07-18,SA005,4,80,11.0,,0,0,2006540000000.0,1,80-DTC-06,IQT903,324799,SA005,,B,461,520,P0,1.0,2006-07-18,SS00201,,2006-07-18,DTC,True
"MultiLineString ((1099263.0994285698980093 1767310.8717854400165379, 1099263.08359453990124166 1767312.37129133008420467, 1099263.06268926989287138 1767314.27060750010423362, 1099263.41764290002174675 1767325.73359338007867336, 1099263.42176818009465933 1767326.61327586998231709, 1099263.32927999994717538 1767331.25697616999968886, 1099263.39553602994419634 1767337.67543445993214846, 1099262.80829901993274689 1767338.12593654007650912, 1099262.6535655299667269 1767352.61897278996184468, 1099262.64344212994910777 1767353.47768974001519382))",SA001,210518,2723061000,35803044,54000,1990-01-01,SA005,5,50,42.92,,0,0,20119006912.0,1,50-EPS-90,IQT903,210518,SA005,,B,461,520,P0,0.8,1990-01-01,SS00201,,1990-01-01,EPS,True
"MultiLineString ((1099291.79164824006147683 1767247.52017667004838586, 1099291.00170355010777712 1767246.67129927990026772, 1099216.80962505005300045 1767167.00627507991157472, 1099215.78851464996114373 1767165.90890238992869854, 1099214.39553294004872441 1767164.41295124008320272, 1099211.82207990996539593 1767160.20749391010031104, 1099206.61761964997276664 1767151.69979463005438447, 1099206.97576642991043627 1767146.76011712988838553))",SA001,210515,2723061000,35803044,54000,2000-01-01,SA004,4,300,133.46,,0,0,20119006912.0,1,300-DTC-00,IQT903,210515,SA004,,B,461,520,P0,1.5,2000-01-01,SS00201,,2000-01-01,DTC,True
"MultiLineString ((1100207.21352480002678931 1766979.16864919988438487, 1100207.58540480001829565 1766978.57738759997300804, 1100207.68571950006298721 1766976.92746070004068315, 1100207.68571950006298721 1766976.92746070004068315, 1100208.08424449991434813 1766973.43008249998092651, 1100211.07328159990720451 1766969.55478350003249943, 1100212.15904549998231232 1766968.14707689988426864, 1100213.45127220009453595 1766966.47204459994100034))",SA001,107319,2723063000,35803045,54000,1991-01-01,SA005,13,25,14.66,,0,0,20119006912.0,1,25-STS-91,IQT903,107319,SA005,,B,490,520,P0,0.8,1991-01-01,SS00201,,1991-01-01,STS,True
"MultiLineString ((1100133.37276795995421708 1767164.42837517010048032, 1100133.39457924989983439 1767162.9289847700856626, 1100133.40646267007105052 1767162.15125841996632516, 1100131.74489067005924881 1767159.84334353008307517, 1100131.85524371010251343 1767152.20340133993886411, 1100132.03458589990623295 1767139.83732366003096104, 1100132.1564689299557358 1767131.3786332500167191, 1100132.2681595201138407 1767123.64968821010552347, 1100132.35869853990152478 1767117.37716206000186503, 1100135.47056622011587024 1767114.20013229991309345, 1100135.46352218999527395 1767113.08626339002512395, 1100135.4350928699132055 1767108.71860006009228528, 1100135.43209346011281013 1767108.19162883004173636, 1100132.19101427006535232 1767104.88486930006183684, 1100132.19195850007236004 1767096.35629842011258006, 1100132.19244157988578081 1767093.74447622988373041, 1100132.19422493991442025 1767083.97253877995535731, 1100132.19438729993999004 1767083.00369968009181321, 1100132.19463685993105173 1767080.81672118999995291, 1100132.1957606200594455 1767071.95272220997139812, 1100132.19722681003622711 1767062.40439112996682525, 1100132.19724147999659181 1767060.62771387002430856, 1100132.1980434600263834 1767058.4760612400714308, 1100132.19786132988519967 1767056.97737195994704962, 1100132.19855105993337929 1767055.88456515991128981, 1100136.61929382011294365 1767051.25373104005120695, 1100138.11892731999978423 1767051.26153645990416408, 1100144.59895205008797348 1767051.29343999992124736, 1100155.67247238010168076 1767051.34793794993311167, 1100183.64851255994290113 1767051.48608630010858178, 1100204.77015389990992844 1767051.59085118002258241, 1100209.48395790997892618 1767051.61464680009521544, 1100230.44874412007629871 1767051.71798629011027515, 1100234.72364834998734295 1767051.73914295993745327, 1100247.10456450004130602 1767051.8007410999853164, 1100254.0275123598985374 1767051.83489613002166152, 1100268.41567792999558151 1767051.90585985989309847, 1100269.052100749919191 1767051.90900439000688493, 1100270.87167982989922166 1767051.91793143004179001, 1100284.93904196005314589 1767051.98705850006081164, 1100286.43870427994988859 1767051.99486435996368527))",SA001,142997,2723063000,35803045,54000,1992-01-01,SA005,4,150,267.98,,0,0,20119006912.0,1,150-DTC-92,IQT903,142997,SA005,,B,490,520,P0,1.1,1992-01-01,SS00201,,1992-01-01,DTC,True
"MultiLineString ((1100199.2292134000454098 1766992.63577760010957718, 1100204.31931410008110106 1766984.05032110004685819, 1100207.58540480001829565 1766978.57738759997300804, 1100216.89647849998436868 1766984.99087330000475049))",SA001,178121,2723063000,35803045,54000,2021-11-12,SA005,13,40,27.0,,0,0,20219009339.0,1,40-STS-21,IQT903,178121,SA005,,B,490,520,P0,0.8,2021-11-12,SS00201,,2021-11-12,STS,True
"MultiLineString ((1100071.50734440004453063 1767045.76675230008549988, 1100071.5091705999802798 1767044.26708339992910624, 1100071.51291729998774827 1767042.20340489991940558, 1100071.52858719998039305 1767033.60425870004110038, 1100071.54928339994512498 1767021.61267259996384382, 1100071.55863096308894455 1767016.33792304433882236, 1100071.57061020005494356 1767009.57814259990118444, 1100071.57377510005608201 1767007.46456729993224144, 1100071.57520830002613366 1767006.77867990010417998, 1100072.53165760007686913 1767006.21433190000243485, 1100072.56209499994292855 1767004.2151564999949187, 1100071.62281200010329485 1767003.65396369993686676, 1100071.62668280000798404 1767002.87513189995661378, 1100071.63698099995963275 1767001.08325630007311702, 1100071.68791879992932081 1766992.24037769995629787, 1100071.77443280001170933 1766977.22491690004244447, 1100071.79571309988386929 1766973.52893540007062256, 1100071.80089049995876849 1766972.66314970003440976, 1100072.75795669993385673 1766972.05678400001488626, 1100072.78839339991100132 1766970.05763670010492206, 1100071.84503130009397864 1766969.63231669995002449, 1100071.8642021999694407 1766964.69848240003921092, 1100071.87486000009812415 1766961.96511509991250932, 1100071.90170640009455383 1766955.13773619988933206, 1100071.9137899000197649 1766952.05545639991760254, 1100071.9350938000716269 1766946.91864999989047647, 1100072.89992900006473064 1766946.26156109990552068, 1100072.9273443000856787 1766944.45922380010597408, 1100072.02220589993521571 1766943.49161950009875, 1100072.01254809997044504 1766936.58973270002752542, 1100072.00870919995941222 1766933.81313319993205369, 1100072.00504529988393188 1766931.55548850004561245, 1100071.9943361000623554 1766923.59369940008036792, 1100071.99028329993598163 1766920.77616450004279613, 1100072.91194869996979833 1766920.19533600006252527, 1100072.94339430006220937 1766918.1341041000559926, 1100072.08221299992874265 1766917.3681298999581486, 1100072.00839619990438223 1766904.61826810007914901, 1100072.0002299000043422 1766903.1184179000556469))",SA001,212248,2723063000,35803045,54000,1994-01-01,SA005,4,80,146.67,,0,0,20119006912.0,1,80-DTC-94,IQT903,212248,SA005,,B,490,520,P0,1.0,1994-01-01,SS00201,,1994-01-01,DTC,True
"MultiLineString ((1100126.25185539992526174 1767051.20378390001133084, 1100100.3823534999974072 1767051.205694800009951, 1100095.69735809997655451 1767051.19635049998760223, 1100085.69973070849664509 1767051.1764446513261646, 1100085.43045109999366105 1767051.17590850009582937, 1100075.65448300004936755 1767051.15699540008790791, 1100072.67007980006746948 1767051.15157909994013608, 1100071.59595240000635386 1767051.09721749997697771, 1100053.47005050000734627 1767051.11404550005681813, 1100042.32431420008651912 1767051.09330710000358522, 1100031.32555909990333021 1767051.07176490011624992, 1100028.19419270008802414 1767051.06602960010059178, 1100014.36107619991526008 1767051.03828629991039634, 1100012.9883880999404937 1767051.03641619998961687, 1099993.08945209998637438 1767050.99724940001033247, 1099984.76714959996752441 1767050.98147749993950129, 1099972.41071219998411834 1767050.95728489989414811))",SA001,3773,2723063000,35803045,54000,1992-01-01,SA005,4,150,153.89,,0,0,20119006912.0,1,150-DTC-92,IQT903,3773,SA005,,B,480,520,P0,1.1,1992-01-01,SS00201,,1992-01-01,DTC,True
"MultiLineString ((1099204.13744329009205103 1767236.75387855991721153, 1099205.82876749010756612 1767236.75769353006035089, 1099208.49128235992975533 1767236.75825437996536493, 1099209.25158298993483186 1767236.0160236400552094, 1099217.10205797990784049 1767236.0806496599689126, 1099218.5484887498896569 1767236.14681958011351526, 1099219.51395520009100437 1767236.19092289009131491, 1099220.3062124599236995 1767236.22717336006462574, 1099234.41140099009498954 1767236.87210164009593427, 1099271.1551265399903059 1767237.14619084005244076, 1099273.99107932997867465 1767234.32540776999667287, 1099275.15495525998994708 1767233.3192431500647217))",SA001,71476,2723061000,35803044,54000,2000-01-01,SA005,4,80,72.9,,0,0,20119006912.0,1,80-DTC-00,IQT903,71476,SA005,,B,461,520,P0,1.0,2000-01-01,SS00201,,2000-01-01,DTC,True
"MultiLineString ((1100213.36547383992001414 1767113.44092015991918743, 1100213.13810879993252456 1767128.29883491992950439, 1100213.12847316008992493 1767128.93563525006175041))",SA001,408628,2723063000,35803045,54000,2007-11-21,SA005,13,32,15.5,,0,0,20079007377.0,1,32-STS-07,IQT903,408628,SA005,,B,490,520,P0,0.8,2007-11-21,SS00201,,2007-11-21,STS,True
"MultiLineString ((1100175.78999600000679493 1766874.18846650002524257, 1100166.17130800010636449 1766883.12276809988543391, 1100165.84166790009476244 1766883.4313531001098454, 1100167.26891899993643165 1766885.03984980005770922, 1100168.77230229997076094 1766886.71268230001442134, 1100172.824991500005126 1766891.17831000010482967, 1100172.824991500005126 1766891.17831000010482967))",SA001,418135,2723063000,35803045,54000,2009-06-15,SA005,13,40,24.02,,0,0,20099006235.0,1,40-STS-09,IQT903,418135,SA005,,B,490,520,P0,0.8,2009-06-15,SS00201,,2009-06-15,STS,True
"MultiLineString ((1100203.8459179000928998 1766943.17182589997537434, 1100203.05303879990242422 1766944.69747660006396472, 1100203.05303879990242422 1766944.69747660006396472, 1100202.60797100001946092 1766945.55381470010615885))",SA001,435273,2723063000,35803045,54000,2013-11-22,SA005,13,25,2.69,,0,0,20139011694.0,1,25-STS-13,IQT903,435273,SA005,,B,490,520,P0,0.8,2013-11-22,SS00201,,2013-11-22,STS,True
"MultiLineString ((1100186.5044531999155879 1767164.885735800024122, 1100186.53101500007323921 1767148.76535769994370639, 1100186.54424330010078847 1767140.74056939990259707, 1100186.54424330010078847 1767140.74056939990259707))",SA001,439879,2723063000,35803045,54000,2014-12-09,SA005,13,40,24.15,,0,0,20149015617.0,1,40-STS-14,IQT903,439879,SA005,,B,490,520,P0,0.8,2014-12-09,SS00201,,2014-12-09,STS,True
"MultiLineString ((1100235.66949105379171669 1767010.72566525638103485, 1100240.5003963999915868 1766998.36305029992945492, 1100240.75948329991661012 1766997.6998713999055326))",SA001,450436,2723063000,35803045,54000,1992-01-01,SA005,13,25,13.0,,0,0,20169014515.0,1,25-STS-92,IQT903,450436,SA005,,B,490,520,P0,0.8,1992-01-01,SS00201,,1992-01-01,STS,True
"MultiLineString ((1099681.89586820011027157 1767166.1456343000754714, 1099681.90601289994083345 1767167.64453039993532002, 1099681.93650939990766346 1767172.00365630001761019, 1099681.97836560010910034 1767177.99283139989711344, 1099681.50305050006136298 1767179.98918900010176003, 1099680.9252621999476105 1767182.4099711999297142, 1099680.57811030000448227 1767183.86840160004794598, 1099684.22669319994747639 1767185.36574329994618893, 1099683.95473779994063079 1767186.02046940010040998, 1099680.00666150008328259 1767195.52262800000607967, 1099674.37791620008647442 1767201.80678139999508858, 1099668.61491880007088184 1767208.24280430004000664, 1099658.1601778999902308 1767214.31948779989033937, 1099657.25733479997143149 1767214.84467969997785985, 1099656.53001109999604523 1767215.26748450007289648, 1099650.4988951999694109 1767216.85631330008618534, 1099644.62829879997298121 1767218.21164290001615882, 1099637.09162160009145737 1767218.34478879999369383, 1099631.79353830008767545 1767218.34714130009524524, 1099612.17513399990275502 1767218.20626150001771748, 1099600.25457999994978309 1767218.12064559990540147, 1099598.43208800000138581 1767218.10788269992917776, 1099593.21754699992015958 1767218.07047330006025732))",SA001,38044,2723063100,35803045,54000,1987-01-01,SA005,4,80,127.6,,0,0,20119006912.0,1,80-DTC-87,IQT903,38044,SA005,,B,470,520,P0,1.0,1987-01-01,SS00201,,1987-01-01,DTC,True
"MultiLineString ((1099424.56561659998260438 1766402.01263180002570152, 1099425.72492079995572567 1766402.96307799988426268, 1099441.68847250007092953 1766415.86893759993836284, 1099442.26559740002267063 1766416.35334439994767308, 1099451.63458029995672405 1766424.21692980010993779, 1099459.40212809992954135 1766430.588105000089854, 1099462.03187830001115799 1766432.77642440004274249, 1099471.2707434999756515 1766440.32321799988858402, 1099474.05050459993071854 1766442.6041268000844866, 1099475.20978030003607273 1766443.55460099992342293, 1099477.03863160009495914 1766445.05516289989463985, 1099490.97108429996296763 1766456.48439590004272759, 1099496.85659789992496371 1766461.31180229992605746, 1099502.159274100093171 1766465.66117130010388792, 1099504.05921579990535975 1766467.21984330005943775, 1099515.0527254999615252 1766476.1524461000226438, 1099517.54433789988979697 1766478.28126240009441972, 1099525.11043279990553856 1766484.48738830001093447, 1099536.14263259992003441 1766493.53681330010294914, 1099536.98660789988934994 1766494.24948860006406903, 1099539.83648680010810494 1766496.65553439990617335, 1099540.98148029996082187 1766497.62381340004503727, 1099547.39688819996081293 1766503.04054669989272952, 1099554.52885399991646409 1766509.06314269988797605, 1099556.39847010001540184 1766510.64229310001246631, 1099567.50464710011146963 1766520.02084610005840659, 1099583.37406360008753836 1766533.42095780000090599, 1099583.72091490007005632 1766533.71383849997073412, 1099586.40325119998306036 1766535.97879539988934994, 1099588.77426690002903342 1766537.98260010010562837, 1099597.4313850998878479 1766545.2931538000702858, 1099604.94144729990512133 1766551.63444230007007718, 1099611.7754814000800252 1766557.26257329992949963, 1099617.53140629990957677 1766562.1923460999969393, 1099623.58140720007941127 1766567.37458440009504557, 1099630.03320570010691881 1766572.82385560008697212, 1099635.5690735001116991 1766577.49834159994497895, 1099639.82160999998450279 1766581.08855580003000796, 1099642.64378909999504685 1766583.47205560002475977, 1099658.89648130000568926 1766597.21920759999193251, 1099661.73544809990562499 1766599.62104519992135465, 1099668.41514849988743663 1766605.27179530006833375, 1099670.46637240005657077 1766607.00668270001187921, 1099669.69096300005912781 1766608.29062830004841089, 1099668.70836840011179447 1766609.91642530006356537))",SA001,178215,2723063100,35803045,54000,1995-01-01,SA005,10,100,323.65,,0,0,20119006912.0,1,100-PFP-95,IQT903,178215,SA005,,B,470,520,P0,1.0,1995-01-01,SS00201,,1995-01-01,PFP,True
"MultiLineString ((1099323.0506492699496448 1767141.40234723989851773, 1099323.27604293008334935 1767142.8845011000521481, 1099323.55065047997049987 1767144.67937046010047197, 1099324.4670591598842293 1767150.68224520003423095, 1099326.08063150988891721 1767161.25700216996483505, 1099327.66063433000817895 1767171.60816668998450041, 1099329.18616500007919967 1767181.59959510993212461, 1099329.41258058999665082 1767183.08283152990043163))",SA001,210520,2723063100,35803045,54000,1996-01-01,SA005,10,80,42.18,,0,0,20119006912.0,1,80-PFP-96,IQT903,210520,SA005,,B,461,520,P0,1.0,1996-01-01,SS00201,,1996-01-01,PFP,True
"MultiLineString ((1099374.43923450005240738 1766492.76191050000488758, 1099370.97394410008564591 1766493.87295469990931451, 1099368.69307157071307302 1766486.54447750584222376, 1099368.39238779991865158 1766485.57837609993293881))",SA001,72202,2723063100,35803045,54000,1994-01-01,SA005,13,25,12.33,,0,0,20119006912.0,1,25-STS-94,IQT903,72202,SA005,,B,470,520,P0,0.8,1994-01-01,SS00201,,1994-01-01,STS,True
"MultiLineString ((1099139.28295330004766583 1766942.53966541006229818, 1099144.97445982997305691 1766951.61353914998471737, 1099147.80186324007809162 1766955.82334135007113218, 1099148.481098199961707 1766956.83222504006698728, 1099149.63336434005759656 1766958.48784300009720027, 1099154.04012370994314551 1766964.81973018008284271))",SA001,175859,2723061000,35803044,54000,1991-01-01,SA005,10,40,26.74,,0,0,20119006912.0,1,40-PFP-91,IQT903,175859,SA005,,B,461,520,P0,0.8,1991-01-01,SS00201,,1991-01-01,PFP,True
"MultiLineString ((1099602.70238970010541379 1766508.72892399993725121, 1099590.36226389999501407 1766498.24585739988833666, 1099588.04070400004275143 1766496.27383400010876358, 1099578.45924019999802113 1766488.16967030009254813, 1099582.10930479993112385 1766483.855053799925372, 1099582.10930479993112385 1766483.855053799925372, 1099587.32323589990846813 1766477.69352270010858774, 1099588.39409879990853369 1766476.3253417001105845, 1099590.8148441999219358 1766473.12321659992448986))",SA001,4788,2723063100,35803045,54000,1993-01-01,SA005,10,40,51.28,,0,0,20119006912.0,1,40-PFP-93,IQT903,4788,SA005,,B,470,520,P0,0.8,1993-01-01,SS00201,,1993-01-01,PFP,True
"MultiLineString ((1099570.10092330002225935 1767150.56642560008913279, 1099570.08574140002019703 1767149.06647010007873178, 1099570.10790679999627173 1767147.87500549992546439, 1099567.49142419989220798 1767147.80718460003845394, 1099567.48053300008177757 1767148.06493490003049374, 1099567.13152560009621084 1767148.26356390002183616, 1099566.88870820007286966 1767148.58384030009619892, 1099566.8877208000048995 1767148.58781159995123744, 1099566.79178180010057986 1767148.97429580008611083, 1099566.85673179989680648 1767149.37018430000171065, 1099567.07353359996341169 1767149.70947619993239641, 1099567.40607140003703535 1767149.93445819988846779, 1099566.93329089996404946 1767161.80720830010250211, 1099566.79747270001098514 1767165.20647799992002547))",SA001,106358,2723063100,35803045,54000,2022-05-20,SA005,13,40,18.0,,0,0,20229005380.0,1,40-STS-22,IQT999,106358,SA005,,B,470,520,P0,0.8,2022-05-20,SS00201,,2022-05-20,STS,True
"MultiLineString ((1099366.70449372008442879 1767276.12048858008347452, 1099359.13609888008795679 1767281.91522570000961423, 1099358.14986368990503252 1767282.55095594003796577, 1099345.7728218799456954 1767282.4533319401089102, 1099337.94456933997571468 1767288.35803205007687211, 1099336.43617111002095044 1767289.5138767899479717, 1099334.77297723991796374 1767290.8632184099406004))",SA001,36302,2723063100,35803045,54000,1995-01-01,SA005,10,40,36.94,,0,0,20119006912.0,1,40-PFP-95,IQT903,36302,SA005,,B,243,520,P0,0.8,1995-01-01,SS00201,,1995-01-01,PFP,True
"MultiLineString ((1099274.13151703006587923 1767212.61639381991699338, 1099275.00889584003016353 1767212.31978444010019302, 1099291.52636004006490111 1767212.02647720999084413, 1099313.73274536989629269 1767211.93782850005663931, 1099318.62717002001591027 1767211.91737553011626005, 1099347.67276417999528348 1767211.8009039000608027, 1099365.84769091010093689 1767211.72779238992370665, 1099367.48954644007608294 1767211.72082527005113661, 1099381.51586665003560483 1767211.66451266990043223))",SA001,71261,2723063100,35803045,54000,1995-01-01,SA005,10,80,107.47,,0,0,20119006912.0,1,80-PFP-95,IQT903,71261,SA005,,B,461,520,P0,1.0,1995-01-01,SS00201,,1995-01-01,PFP,True
"MultiLineString ((1099276.96718203998170793 1767225.42218200000934303, 1099285.23520127008669078 1767234.78227984998375177, 1099288.37364138010889292 1767238.33521028002724051, 1099301.93857343005947769 1767253.6918795199599117, 1099303.58947315998375416 1767255.56082584010437131, 1099309.09028290002606809 1767261.788180350093171, 1099317.68074258998967707 1767271.51342175994068384, 1099318.57880838005803525 1767272.5300458800047636, 1099323.73123638005927205 1767278.36302902991883457, 1099328.18303793994709849 1767283.40288566006347537, 1099328.46833878010511398 1767283.72582309995777905, 1099334.77297723991796374 1767290.8632184099406004, 1099335.86208739993162453 1767292.40102447988465428, 1099338.57089722994714975 1767296.00407007988542318, 1099341.40940010990016162 1767299.77962924004532397, 1099350.79831589991226792 1767311.24944672989659011, 1099354.04997146991081536 1767309.57109436998143792, 1099355.6860818900167942 1767308.79177572997286916, 1099356.08234776998870075 1767309.33859566994942725, 1099357.12939125997945666 1767308.80163750005885959))",SA001,324798,2723063100,35803045,54000,1995-01-01,SA005,4,150,120.61,,0,0,20119006912.0,1,150-DTC-95,IQT903,324798,SA005,,B,243,520,P0,1.1,1995-01-01,SS00201,,1995-01-01,DTC,True
"MultiLineString ((1099304.6623290900606662 1767324.12255256995558739, 1099304.71463898988440633 1767340.04951240005902946, 1099304.716522780014202 1767340.5814622500911355))",SA001,243992,2723061000,35803045,54000,1991-01-01,SA005,13,25,16.46,,0,0,20119006912.0,1,25-STS-91,IQT903,243992,SA005,,B,461,520,P0,0.8,1991-01-01,SS00201,,1991-01-01,STS,True
"MultiLineString ((1099352.5516179499682039 1767311.08023807010613382, 1099351.29922834993340075 1767311.90506035997532308, 1099350.80500860000029206 1767312.21791130001656711, 1099349.62483898992650211 1767312.96506624994799495))",SA001,324796,2723063100,35803045,54000,1995-01-01,SA005,4,80,3.48,,0,0,20119006912.0,1,80-DTC-95,IQT903,324796,SA005,,B,243,520,P0,1.0,1995-01-01,SS00201,,1995-01-01,DTC,True
"MultiLineString ((1099279.54332630010321736 1767244.93025447009131312, 1099279.58148154988884926 1767246.42960669007152319, 1099279.62952650990337133 1767248.32894276990555227, 1099279.76627463009208441 1767253.72908317996188998, 1099279.57358937989920378 1767269.3192928999196738, 1099279.32871695002540946 1767289.12799319997429848, 1099279.59126062993891537 1767299.4621031500864774, 1099279.65223429002799094 1767301.89260409004054964, 1099279.61172727006487548 1767325.50568156992085278, 1099281.10869494988583028 1767325.42352598998695612))",SA001,244089,2723061000,35803045,54000,1993-01-01,SA005,10,40,82.11,,0,0,20119006912.0,1,40-PFP-93,IQT903,244089,SA005,,B,461,520,P0,0.8,1993-01-01,SS00201,,1993-01-01,PFP,True
"MultiLineString ((1099326.7079623700119555 1767322.90567068010568619, 1099326.72206378006376326 1767324.40462579997256398, 1099326.74112660996615887 1767326.30455600004643202, 1099326.86068973992951214 1767338.87311219004914165, 1099326.87475971993990242 1767340.31010717991739511, 1099326.95912249991670251 1767350.45355493994429708, 1099326.76597165991552174 1767350.4645705099683255, 1099322.55202989000827074 1767350.63903957000002265, 1099322.73221873003058136 1767353.25340392999351025, 1099323.04392465995624661 1767358.91310974000953138, 1099323.08622754993848503 1767359.67962206993252039))",SA001,210516,2723061000,35803045,54000,1990-01-01,SA005,5,40,41.03,,0,0,20119006912.0,1,40-EPS-90,IQT903,210516,SA005,,B,461,520,P0,0.8,1990-01-01,SS00201,,1990-01-01,EPS,True
"MultiLineString ((1099321.25586847006343305 1767284.83738749008625746, 1099319.97813107003457844 1767285.62178691010922194, 1099317.64469838002696633 1767287.05502754007466137, 1099312.78060397994704545 1767287.11687702010385692, 1099301.9234944200143218 1767287.25541742006316781, 1099301.95119987009093165 1767290.09739594999700785, 1099302.05717417993582785 1767300.99106322997249663, 1099302.07222075993195176 1767302.4979496500454843, 1099302.16131152003072202 1767311.68068747990764678, 1099302.16902116988785565 1767312.48965018009766936, 1099302.21006654994562268 1767316.72290765005163848, 1099302.268563810037449 1767322.7543858599383384, 1099302.28371628001332283 1767324.25436767004430294))",SA001,142069,2723061000,35803045,54000,1995-01-01,SA005,10,80,56.98,,0,0,20119006912.0,1,80-PFP-95,IQT903,142069,SA005,,B,461,520,P0,1.0,1995-01-01,SS00201,,1995-01-01,PFP,True
"MultiLineString ((1099276.10374117991887033 1767266.15908504999242723, 1099276.34262504009529948 1767273.71141350991092622, 1099276.07874879008159041 1767280.77418687008321285, 1099276.41934700007550418 1767339.39321112004108727))",SA001,36931,2723061000,35803045,54000,1993-01-01,SA005,10,40,73.27,,0,0,20119006912.0,1,40-PFP-93,IQT903,36931,SA005,,B,461,520,P0,0.8,1993-01-01,SS00201,,1993-01-01,PFP,True
"MultiLineString ((1099281.10869494988583028 1767325.42352598998695612, 1099283.00598676991648972 1767325.31845963001251221, 1099287.12972070998512208 1767325.09128580009564757, 1099287.93327206000685692 1767325.04654752998612821, 1099299.19867718010209501 1767324.42435486009344459, 1099302.28371628001332283 1767324.25436767004430294, 1099304.6623290900606662 1767324.12255256995558739, 1099312.62357934005558491 1767323.68298533000051975, 1099317.49677348998375237 1767323.41425734991207719, 1099321.46747064008377492 1767323.19472837005741894, 1099325.21091025997884572 1767322.98782498994842172, 1099326.7079623700119555 1767322.90567068010568619, 1099328.20590052008628845 1767322.82249122997745872, 1099332.40472289989702404 1767322.59051839006133378, 1099335.52377017005346715 1767322.41804932989180088, 1099350.90398685005493462 1767321.56851742998696864))",SA001,141950,2723061000,35803045,54000,1995-01-01,SA005,10,80,69.92,,0,0,20119006912.0,1,80-PFP-95,IQT903,141950,SA005,,B,461,520,P0,1.0,1995-01-01,SS00201,,1995-01-01,PFP,True
"MultiLineString ((1099315.01994243008084595 1767273.47847056994214654, 1099311.51295180991292 1767272.99908232991583645, 1099291.99091504001989961 1767249.92876932001672685, 1099292.02376821008510888 1767247.7686871699988842, 1099291.79164824006147683 1767247.52017667004838586))",SA001,142052,2723063100,35803045,54000,2001-01-01,SA004,4,300,36.27,,0,0,20119006912.0,1,300-DTC-01,IQT903,142052,SA004,,B,461,520,P0,1.5,2001-01-01,SS00201,,2001-01-01,DTC,True
"MultiLineString ((1099208.71743212989531457 1767007.40253480989485979, 1099211.03301044995896518 1766996.17785296007059515, 1099211.47022522008046508 1766996.1585119899827987, 1099214.05552253010682762 1766996.04292171006090939, 1099219.49729996011592448 1766995.7998176699038595))",SA001,71377,2723061000,35803044,54000,1992-01-01,SA005,13,20,19.94,,0,0,20119006912.0,1,20-STS-92,IQT903,71377,SA005,,B,461,520,P0,0.8,1992-01-01,SS00201,,1992-01-01,STS,True
"MultiLineString ((1099218.07285970007069409 1766981.92765700002200902, 1099218.05483376001939178 1766980.74458861001767218, 1099218.02259887009859085 1766978.52848249999806285, 1099218.035568319959566 1766977.39103315002284944, 1099218.11745593999512494 1766970.2023902500513941, 1099218.11903525004163384 1766969.83250960009172559))",SA001,210521,2723063100,35803044,54000,1995-01-01,SA005,4,150,12.1,,0,0,20119006912.0,1,150-DTC-95,IQT903,210521,SA005,,B,461,520,P0,1.1,1995-01-01,SS00201,,1995-01-01,DTC,True
"MultiLineString ((1099189.81108840997330844 1766982.76598176988773048, 1099189.77791386004537344 1766981.66263609007000923, 1099189.70993821998126805 1766979.36804771004244685, 1099189.66573205008171499 1766977.8695857001002878))",SA001,142177,2723061000,35803044,54000,1995-01-01,SA005,4,150,4.9,,0,0,20119006912.0,1,150-DTC-95,IQT903,142177,SA005,,B,461,520,P0,1.1,1995-01-01,SS00201,,1995-01-01,DTC,True
"MultiLineString ((1099144.34427608991973102 1766984.21003550989553332, 1099145.03278235998004675 1766984.17057687998749316, 1099145.68018059991300106 1766984.13343495992012322))",SA001,244094,2723061000,35803044,54000,2000-01-01,SA005,4,80,1.34,,0,0,20119006912.0,1,80-DTC-00,IQT903,244094,SA005,,B,461,520,P0,1.0,2000-01-01,SS00201,,2000-01-01,DTC,True
"MultiLineString ((1099362.40115820011124015 1767329.85837376001290977, 1099349.62483898992650211 1767312.96506624994799495, 1099318.93348889006301761 1767274.00814873003400862, 1099315.01994243008084595 1767273.47847056994214654))",SA001,324785,2723063100,35803045,54000,2001-01-01,SA004,4,300,74.75,,0,0,20119006912.0,1,300-DTC-01,IQT903,324785,SA004,,B,243,520,P0,1.5,2001-01-01,SS00201,,2001-01-01,DTC,True
"MultiLineString ((1099390.84260127996094525 1767215.9038012099917978, 1099387.85034190001897514 1767215.89121590997092426, 1099385.79681586008518934 1767215.88296349998563528, 1099380.43109611002728343 1767215.86221134010702372, 1099370.87941164011135697 1767215.82472547003999352, 1099367.95504826004616916 1767215.81315444991923869, 1099358.58632688992656767 1767215.77544544008560479, 1099355.88894878001883626 1767215.76533776009455323, 1099341.57136074989102781 1767215.70825085998512805, 1099331.55376388994045556 1767215.66860945988446474, 1099318.1279384798835963 1767215.61608884995803237, 1099299.00853512994945049 1767215.5398321698885411, 1099292.86698996997438371 1767215.51528289006091654, 1099289.66285504004918039 1767215.50275761005468667, 1099278.11847523995675147 1767215.45764434989541769))",SA001,104990,2723063100,35803045,54000,1995-01-01,SA005,10,80,112.76,,0,0,20119006912.0,1,80-PFP-95,IQT903,104990,SA005,,B,243,520,P0,1.0,1995-01-01,SS00201,,1995-01-01,PFP,True
"MultiLineString ((1099276.41934700007550418 1767339.39321112004108727, 1099276.42947920993901789 1767341.13606940000317991, 1099276.43845331994816661 1767342.27410853002220392, 1099280.20994104002602398 1767342.28647402999922633, 1099280.60634222999215126 1767342.26490674004890025, 1099280.57665622001513839 1767340.0438700900413096))",SA001,416929,2723061000,35803045,54000,2009-03-06,SA005,13,40,9.27,,0,0,20099004890.0,1,40-STS-09,IQT903,416929,SA005,,B,461,520,P0,0.8,2009-03-06,SS00201,,2009-03-06,STS,True
"MultiLineString ((1099280.57665622001513839 1767340.0438700900413096, 1099280.38223931007087231 1767325.48994200001470745))",SA001,416928,2723061000,35803045,54000,1993-01-01,SA005,10,40,14.56,,0,0,20119006912.0,1,40-PFP-93,IQT903,416928,SA005,,B,461,520,P0,0.8,1993-01-01,SS00201,,1993-01-01,PFP,True
"MultiLineString ((1099154.23591001005843282 1766935.68908217991702259, 1099150.1506904698908329 1766937.56070538004860282))",SA001,418929,2723061000,35803044,54000,1991-01-01,SA005,10,40,4.49,,0,0,20119006912.0,1,40-PFP-91,IQT903,418929,SA005,,B,461,520,P0,0.8,1991-01-01,SS00201,,1991-01-01,PFP,True
"MultiLineString ((1099583.37406360008753836 1766533.42095780000090599, 1099586.92237209994345903 1766528.97012889990583062, 1099586.60840140003710985 1766527.94885600009001791))",SA001,455022,2723063100,35803045,54000,2017-10-31,SA005,13,50,6.0,,0,0,20179011267.0,1,50-STS-17,IQT903,455022,SA005,,B,470,520,P0,0.8,2017-10-31,SS00201,,2017-10-31,STS,True
"MultiLineString ((1099150.1506904698908329 1766937.56070538004860282, 1099147.03384899999946356 1766938.98865941003896296))",SA001,459333,2723061000,35803044,54000,2019-01-24,SA005,10,40,3.43,,0,0,20199001623.0,1,40-PFP-19,IQT903,459333,SA005,,B,461,520,P0,0.8,2019-01-24,SS00201,,2019-01-24,PFP,True
"MultiLineString ((1099155.38179509993642569 1766938.55956649989821017, 1099154.38581030000932515 1766937.02877900004386902))",SA001,459336,2723061000,35803044,54000,2019-01-24,SA005,10,40,1.0,,0,0,20199001623.0,1,40-PFP-19,IQT903,459336,SA005,,B,461,520,P0,0.8,2019-01-24,SS00201,,2019-01-24,PFP,True
"MultiLineString ((1099180.24073605006560683 1766924.67384680989198387, 1099176.10587373003363609 1766926.42525280988775194, 1099174.67989351996220648 1766927.02944376994855702, 1099168.09753001993522048 1766929.81764695001766086, 1099167.41987771005369723 1766930.10468971007503569, 1099160.88637141999788582 1766932.87225028011016548, 1099155.72979140002280474 1766935.0562873799353838, 1099155.05072669009678066 1766935.34389798995107412, 1099154.23591001005843282 1766935.68908217991702259))",SA001,459327,2723061000,35803044,54000,1996-01-01,SA005,10,80,28.25,,0,0,20119006912.0,1,80-PFP-96,IQT903,459327,SA005,,B,461,520,P0,1.0,1996-01-01,SS00201,,1996-01-01,PFP,True
"MultiLineString ((1099147.03384899999946356 1766938.98865941003896296, 1099145.26356480992399156 1766939.79969294997863472, 1099143.48940695007331669 1766940.61251990008167922, 1099139.28295330004766583 1766942.53966541006229818, 1099131.67030212003737688 1766946.03350086999125779, 1099131.19862104998901486 1766945.24029656010679901, 1099130.32921671005897224 1766945.66670341999270022, 1099129.86732769990339875 1766945.90531768999062479, 1099128.75329801999032497 1766946.48086096998304129))",SA001,459332,2723061000,35803044,54000,1991-01-01,SA005,10,40,20.57,,0,0,20119006912.0,1,40-PFP-91,IQT903,459332,SA005,,B,461,520,P0,0.8,1991-01-01,SS00201,,1991-01-01,PFP,True
"MultiLineString ((1099156.2814223999157548 1767111.04896500008180737, 1099156.28148972010239959 1767110.41732604010030627, 1099156.36515987990424037 1767104.09114942001178861, 1099155.68035191996023059 1767097.6994414699729532, 1099154.86096923006698489 1767088.08466583001427352, 1099154.69130777008831501 1767086.09744441998191178, 1099154.56917323009110987 1767084.66084073996171355, 1099152.59249155991710722 1767079.54466921999119222, 1099150.69659628998488188 1767074.63768309005536139, 1099150.34449863992631435 1767073.72643777006305754, 1099147.91573148989118636 1767067.43853029003366828, 1099147.50505837006494403 1767066.37450469005852938, 1099147.10580808995291591 1767065.3436134799849242, 1099144.65744954999536276 1767061.19504751008935273, 1099144.29980069003067911 1767060.58871440007351339, 1099141.20609995000995696 1767055.34851703001186252, 1099139.97706168005242944 1767053.26614435994997621, 1099135.47311279992572963 1767045.63394239009357989, 1099131.40083650988526642 1767038.73475760989822447, 1099130.70019385009072721 1767037.54766743001528084, 1099130.70539825991727412 1767037.37323850998654962, 1099130.57934336992911994 1767034.45833127992227674, 1099130.49087151000276208 1767032.41078986995853484, 1099132.00996253010816872 1767027.3414903599768877, 1099130.0158178498968482 1767012.52372588007710874, 1099129.51763569004833698 1767010.15956340008415282, 1099129.16135980002582073 1767007.09370471001602709, 1099128.87146173999644816 1767004.59773118002340198, 1099128.08561105001717806 1766997.83490504999645054, 1099126.64224544004537165 1766990.32531997002661228, 1099126.04847512999549508 1766987.23484410997480154, 1099125.86545235989615321 1766986.2825392100494355, 1099125.07015569997020066 1766982.14483652007766068, 1099124.30585309001617134 1766978.16987813008017838, 1099124.10640234011225402 1766977.13191955001093447, 1099121.44053344009444118 1766963.26094736997038126, 1099121.80071030999533832 1766962.19935067999176681, 1099124.84971964010037482 1766954.80437785992398858, 1099125.41080173989757895 1766953.41315872990526259))",SA001,105268,2723061000,35803044,54000,1990-01-01,SA005,4,80,165.54,,0,0,20119006912.0,1,80-DTC-90,IQT903,105268,SA005,,B,461,520,P0,1.0,1990-01-01,SS00201,,1990-01-01,DTC,True
"MultiLineString ((1099184.75477676000446081 1767082.73633728991262615, 1099186.00511776003986597 1767081.9095459699165076, 1099187.58981542009860277 1767080.8618907299824059, 1099192.35982590005733073 1767078.47057368000969291, 1099196.23627464007586241 1767075.73297267011366785, 1099207.52986422996036708 1767067.59084308007732034))",SA001,244090,2723061000,35803044,54000,1996-01-01,SA005,10,50,27.41,,0,0,20119006912.0,1,50-PFP-96,IQT903,244090,SA005,,B,461,520,P0,0.8,1996-01-01,SS00201,,1996-01-01,PFP,True
"MultiLineString ((1099174.07884772005490959 1766983.23224849998950958, 1099174.74828134011477232 1766984.57419381989166141, 1099175.5157124400138855 1766986.11059709009714425, 1099176.74247607006691396 1766986.37524667009711266, 1099176.85522735002450645 1766986.58885307004675269, 1099180.61165454005822539 1766993.73784996010363102, 1099181.41324428003281355 1766995.26377260009758174, 1099182.08854812989011407 1766996.54884566995315254, 1099185.18336104997433722 1766997.87078074994497001, 1099203.40632631001062691 1767005.23804113990627229, 1099208.71743212989531457 1767007.40253480989485979, 1099212.15264840004965663 1767010.82728329999372363, 1099220.73676075995899737 1767019.38444830011576414, 1099221.86032393993809819 1767020.31842964002862573, 1099229.42075084010139108 1767026.60361741995438933, 1099232.72474153991788626 1767029.35035456996411085, 1099238.90484265005216002 1767031.24315243004821241, 1099240.33788906992413104 1767031.68194052996113896))",SA001,244092,2723061000,35803044,54000,1997-01-01,SA005,10,80,85.27,,0,0,20119006912.0,1,80-PFP-97,IQT903,244092,SA005,,B,461,520,P0,1.0,1997-01-01,SS00201,,1997-01-01,PFP,True
"MultiLineString ((1099240.28951670997776091 1767073.98466557008214295, 1099238.84168468997813761 1767073.5946396600920707, 1099237.00760562997311354 1767073.09874029993079603, 1099226.87600982002913952 1767070.36493096989579499, 1099225.19526722002774477 1767069.91139126010239124, 1099207.52986422996036708 1767067.59084308007732034, 1099203.28173473989591002 1767066.98413354996591806))",SA001,105103,2723061000,35803044,54000,1996-01-01,SA005,5,50,37.75,,0,0,20119006912.0,1,50-EPS-96,IQT903,105103,SA005,,B,461,520,P0,0.8,1996-01-01,SS00201,,1996-01-01,EPS,True
"MultiLineString ((1099189.41088384995236993 1767116.96034342003986239, 1099189.84488209011033177 1767118.07220069994218647, 1099187.1406165799126029 1767121.07653305004350841, 1099186.97152626002207398 1767125.81108321994543076))",SA001,299654,2723061000,35803044,54000,2003-12-26,SA005,4,150,10.0,,0,0,2004540000000.0,1,150-DTC-03,IQT903,299654,SA005,,B,461,520,P0,1.3,2003-12-26,SS00201,,2003-12-26,DTC,True
"MultiLineString ((1099122.42667323001660407 1767081.06203655991703272, 1099126.47014135005883873 1767082.76414511003531516, 1099128.58719673007726669 1767083.5222213501110673, 1099132.34567091008648276 1767087.45078166993334889, 1099151.75104932999238372 1767107.95616840990260243, 1099155.21567126992158592 1767105.05444120010361075, 1099156.36515987990424037 1767104.09114942001178861))",SA001,210428,2723061000,35803044,54000,1990-01-01,SA005,13,25,46.34,,0,0,20119006912.0,1,25-STS-90,IQT903,210428,SA005,,B,461,520,P0,0.8,1990-01-01,SS00201,,1990-01-01,STS,True
"MultiLineString ((1099203.28173473989591002 1767066.98413354996591806, 1099201.34044255991466343 1767061.71142978989519179, 1099198.78750474005937576 1767054.77784703997895122, 1099198.30642938008531928 1767053.4737453400157392, 1099196.23744598007760942 1767047.85421878006309271, 1099193.17372089996933937 1767039.53300711000338197, 1099191.31209241994656622 1767034.47859591990709305, 1099190.04186064004898071 1767031.02885730005800724))",SA001,142070,2723061000,35803044,54000,1987-01-01,SA005,5,40,38.33,,0,0,20119006912.0,1,40-EPS-87,IQT903,142070,SA005,,B,461,520,P0,0.8,1987-01-01,SS00201,,1987-01-01,EPS,True
"MultiLineString ((1099183.1945410599000752 1767127.16635193000547588, 1099161.89991210005246103 1767124.63739036000333726, 1099161.36208364996127784 1767124.43519759993068874, 1099160.86896078009158373 1767124.24871081998571754, 1099160.67247760994359851 1767124.03059041989035904, 1099160.45802409993484616 1767123.79254224989563227, 1099158.35683169006370008 1767123.56654560007154942, 1099157.02925464999862015 1767123.42437933990731835))",SA001,299650,2723061000,35803044,54000,1995-01-01,SA005,10,80,26.62,,0,0,20119006912.0,1,80-PFP-95,IQT903,299650,SA005,,B,461,520,P0,1.0,1995-01-01,SS00201,,1995-01-01,PFP,True
"MultiLineString ((1099186.97152626002207398 1767125.81108321994543076, 1099186.84723474993370473 1767127.60187734989449382, 1099186.67168736993335187 1767129.67380510992370546, 1099187.38391869002953172 1767130.50649725995026529, 1099188.05609166994690895 1767130.55078603001311421))",SA001,299651,2723061000,35803044,54000,2003-12-26,SA005,4,150,6.0,,0,0,2004540000000.0,1,150-DTC-03,IQT903,299651,SA005,,B,461,520,P0,1.3,2003-12-26,SS00201,,2003-12-26,DTC,True
"MultiLineString ((1099212.22358567011542618 1767149.56143012992106378, 1099213.50616655009798706 1767148.78516207006759942, 1099240.39750888990238309 1767132.86858391994610429, 1099240.22895380994305015 1767125.81141307996585965, 1099240.23080842010676861 1767124.31174884992651641, 1099240.23266429989598691 1767122.81200041994452477))",SA001,244091,2723061000,35803044,54000,1996-01-01,SA005,10,80,42.82,,0,0,20119006912.0,1,80-PFP-96,IQT903,244091,SA005,,B,461,520,P0,1.0,1996-01-01,SS00201,,1996-01-01,PFP,True
"MultiLineString ((1099186.84723474993370473 1767127.60187734989449382, 1099185.80334939993917942 1767127.47599773993715644, 1099183.1945410599000752 1767127.16635193000547588))",SA001,299649,2723061000,35803044,54000,2003-12-26,SA005,10,80,3.68,,0,0,2004540000000.0,1,80-PFP-03,IQT903,299649,SA005,,B,461,520,P0,1.0,2003-12-26,SS00201,,2003-12-26,PFP,True
"MultiLineString ((1099185.18336104997433722 1766997.87078074994497001, 1099192.37882695998996496 1767020.50127672008238733, 1099193.85890947002917528 1767020.74176919995807111, 1099194.72757296008057892 1767020.88301019999198616))",SA001,71479,2723061000,35803044,54000,1998-01-01,SA005,10,40,26.13,,0,0,20119006912.0,1,40-PFP-98,IQT903,71479,SA005,,B,461,520,P0,0.8,1998-01-01,SS00201,,1998-01-01,PFP,True
"MultiLineString ((1099601.49667269992642105 1766510.16931920009665191, 1099611.37235180009156466 1766518.01940910005941987, 1099611.37235180009156466 1766518.01940910005941987, 1099612.04223380004987121 1766517.29670289997011423, 1099619.99782110005617142 1766523.46874850010499358, 1099620.80221000011079013 1766524.09193359990604222, 1099625.37743119988590479 1766518.60684360004961491, 1099627.05611549993045628 1766516.50975390011444688))",SA001,177125,2723063100,35803045,54000,1991-01-01,SA005,13,25,34.53,,0,0,20119006912.0,1,25-STS-91,IQT903,177125,SA005,,B,470,520,P0,0.8,1991-01-01,SS00201,,1991-01-01,STS,True
"MultiLineString ((1099587.8977725999429822 1766526.40831289999186993, 1099591.00163440010510385 1766522.70224269991740584, 1099594.03330689994618297 1766519.08099929988384247, 1099594.63705049990676343 1766518.35983270010910928, 1099595.51190760009922087 1766517.31486509996466339, 1099596.7013030000962317 1766515.89527500001713634, 1099599.65550919994711876 1766512.36792959994636476, 1099600.77058900007978082 1766511.03633429994806647, 1099601.49667269992642105 1766510.16931920009665191, 1099602.70238970010541379 1766508.72892399993725121, 1099605.67090580007061362 1766505.1838026000186801, 1099606.06882190005853772 1766504.70874710008502007, 1099608.59247389994561672 1766501.69590559997595847, 1099610.78875009994953871 1766499.07281789998523891, 1099610.78875009994953871 1766499.07281789998523891, 1099612.41128510003909469 1766497.13488909997977316, 1099613.06909659993834794 1766496.34807269996963441, 1099614.09946439997293055 1766495.1178723000921309, 1099615.76877529988996685 1766493.12479380005970597, 1099586.60840140003710985 1766527.94885600009001791))",SA001,178213,2723063100,35803045,54000,1991-01-01,SA005,10,50,88.0,,0,0,20119006912.0,1,50-PFP-91,IQT903,178213,SA005,,B,470,520,P0,0.8,1991-01-01,SS00201,,1991-01-01,PFP,True
"MultiLineString ((1099636.14033570000901818 1766634.21296790009364486, 1099637.49822669988498092 1766634.20205980003811419, 1099638.07425675913691521 1766634.19745122012682259, 1099638.63318059989251196 1766634.19297949993051589))",SA001,107418,2723063100,35803045,54000,1993-01-01,SA005,13,20,2.49,,0,0,20119006912.0,1,20-STS-93,IQT903,107418,SA005,,B,470,520,P0,0.8,1993-01-01,SS00201,,1993-01-01,STS,True
"MultiLineString ((1099615.76877529988996685 1766493.12479380005970597, 1099616.92151420004665852 1766491.74854879989288747, 1099628.10454829991795123 1766500.83347570011392236, 1099635.31371370004490018 1766506.69004849996417761, 1099635.31371370004490018 1766506.69004849996417761))",SA001,246345,2723063100,35803045,54000,1999-01-01,SA005,13,25,25.5,,0,0,20119006912.0,1,25-STS-99,IQT903,246345,SA005,,B,470,520,P0,0.8,1999-01-01,SS00201,,1999-01-01,STS,True
"MultiLineString ((1099595.51190760009922087 1766517.31486509996466339, 1099587.42868530005216599 1766510.52895630011335015, 1099585.48687619995325804 1766508.89768690010532737))",SA001,106340,2723063100,35803045,54000,1990-01-01,SA005,13,20,13.0,,0,0,20119006912.0,1,20-STS-90,IQT903,106340,SA005,,B,470,520,P0,0.8,1990-01-01,SS00201,,1990-01-01,STS,True
"MultiLineString ((1099206.97576642991043627 1767146.76011712988838553, 1099207.18077745009213686 1767143.93569310009479523, 1099144.34427608991973102 1766984.21003550989553332, 1099143.52152572991326451 1766982.16792601998895407))",SA001,175848,2723061000,35803044,54000,2000-01-01,SA004,4,300,176.73,,0,0,20119006912.0,1,300-DTC-00,IQT903,175848,SA004,,B,461,520,P0,1.5,2000-01-01,SS00201,,2000-01-01,DTC,True
"MultiLineString ((1099246.62265440006740391 1766981.0796603299677372, 1099246.60581116005778313 1766982.57917871000245214, 1099246.58285905001685023 1766984.4784633400849998, 1099246.5798263200558722 1766984.81134805991314352, 1099244.07295701000839472 1766986.99782449007034302, 1099244.0887699699960649 1766992.42516426998190582, 1099244.22845239005982876 1767040.33064199006184936, 1099244.31517428997904062 1767069.88868509000167251, 1099244.32681012991815805 1767073.65321343997493386, 1099244.35304976999759674 1767082.69697194010950625, 1099244.35932991001754999 1767084.8426348299253732, 1099244.372320800088346 1767089.24306334997527301, 1099244.39547659992240369 1767097.37397179007530212, 1099244.40496868989430368 1767100.6033178900834173, 1099244.47010089992545545 1767122.7345762699842453, 1099244.47422425006516278 1767124.23436037008650601, 1099244.47938610007986426 1767125.73416041000746191, 1099244.48669189005158842 1767128.27383160009048879, 1099244.49451503995805979 1767131.03947951993905008, 1099244.49774400005117059 1767132.07633532001636922, 1099244.5048451900947839 1767134.63298823009245098, 1099239.27897486998699605 1767137.83381495997309685, 1099216.1963226399384439 1767152.28847989998757839, 1099214.91761917993426323 1767153.07185409008525312))",SA001,36933,2723063100,35803044,54000,1997-01-01,SA005,10,80,189.61,,0,0,20119006912.0,1,80-PFP-97,IQT903,36933,SA005,,B,461,520,P0,1.0,1997-01-01,SS00201,,1997-01-01,PFP,True
"MultiLineString ((1099208.3190533600281924 1767142.12096506007947028, 1099209.77057312009856105 1767141.74409040994942188, 1099211.54093376989476383 1767141.05066161998547614, 1099213.26541037997230887 1767140.60299131995998323, 1099224.54000730998814106 1767137.67930252989754081, 1099223.51904500997625291 1767131.45185991004109383))",SA001,210519,2723061000,35803044,54000,1999-01-01,SA005,10,32,23.15,,0,0,20119006912.0,1,32-PFP-99,IQT903,210519,SA005,,B,461,520,P0,0.8,1999-01-01,SS00201,,1999-01-01,PFP,True
"MultiLineString ((1099145.65705798007547855 1766984.07606142992153764, 1099145.68018059991300106 1766984.13343495992012322, 1099146.2328382299747318 1766985.52760213008150458, 1099151.24155176989734173 1766998.15666300989687443, 1099153.11428085993975401 1767002.87935126991942525, 1099156.04327302007004619 1767010.26460696989670396, 1099163.06045249011367559 1767027.95836266991682351, 1099166.7962895599193871 1767037.37753950990736485, 1099172.16898997989483178 1767050.92597502004355192, 1099177.40489246998913586 1767064.12643756996840239, 1099179.37780025997199118 1767069.10260188998654485, 1099184.75477676000446081 1767082.73633728991262615, 1099189.53192502004094422 1767094.7056416398845613, 1099191.82347514992579818 1767100.48453704011626542, 1099195.87610478000715375 1767110.70248764008283615, 1099200.18770472006872296 1767121.57416206994093955, 1099201.81970265996642411 1767125.6893095700070262, 1099208.3190533600281924 1767142.12096506007947028, 1099210.02451353007927537 1767146.78521973011083901, 1099212.22358567011542618 1767149.56143012992106378, 1099214.91761917993426323 1767153.07185409008525312, 1099219.13928205007687211 1767158.1438000500202179, 1099222.35747320996597409 1767161.83621837990358472, 1099228.1924191399011761 1767168.53189437999390066, 1099230.3312378900591284 1767170.98665761994197965, 1099234.36538401991128922 1767175.61667381995357573, 1099240.10598018998280168 1767182.20396749000065029, 1099246.35170044004917145 1767189.37186900991946459, 1099257.56861018994823098 1767202.24240006995387375, 1099263.86148376995697618 1767209.46405838988721371, 1099264.6348332199268043 1767210.35156352003104985))",SA001,324797,2723061000,35803044,54000,1995-01-01,SA005,4,150,258.87,,0,0,20119006912.0,1,150-DTC-95,IQT903,324797,SA005,,B,461,520,P0,1.1,1995-01-01,SS00201,,1995-01-01,DTC,True
"MultiLineString ((1099687.47323199990205467 1766623.41609410010278225, 1099687.4138525000307709 1766624.88671909994445741, 1099687.37425399990752339 1766626.87749750004149973, 1099687.34416899993084371 1766628.39116070000454783, 1099687.29649269999936223 1766630.7874588998965919, 1099687.11112500005401671 1766640.1163884000852704, 1099687.09317449992522597 1766643.39453190006315708, 1099687.00527636194601655 1766659.69425766728818417, 1099686.87943989993073046 1766683.02922099991701543, 1099686.80108079989440739 1766697.75944150006398559, 1099686.77235110010951757 1766703.06204560003243387, 1099686.76099719991907477 1766705.11850189999677241, 1099686.69866809993982315 1766716.7615098999813199, 1099686.64555369992740452 1766726.68491899990476668, 1099686.51864610007032752 1766750.28375929989852011))",SA001,419203,2723063100,35803045,54000,2009-09-18,SA005,4,80,126.91,,0,0,20099009661.0,1,80-DTC-09,IQT903,419203,SA005,,B,470,520,P0,1.0,2009-09-18,SS00201,,2009-09-18,DTC,True
"MultiLineString ((1099740.98969050007872283 1766566.84820539993233979, 1099740.989029600052163 1766570.16507659992203116, 1099740.989029600052163 1766570.16507659992203116, 1099740.98853889992460608 1766572.7100223999004811, 1099740.98619999992661178 1766585.22422509989701211, 1099740.98378019989468157 1766597.7381740000564605, 1099740.98060950008220971 1766614.65203869994729757, 1099740.98007860011421144 1766617.28188030002638698, 1099740.97955300007015467 1766620.05767969996668398, 1099740.97630969993770123 1766637.08044310007244349, 1099740.97359440010040998 1766651.28147789998911321, 1099740.97115690005011857 1766664.1877913000062108, 1099740.96978559996932745 1766671.26721070008352399, 1099740.90408629993908107 1766677.86627590004354715, 1099740.77193189994432032 1766691.13738749991171062, 1099740.76573390001431108 1766691.76062360010109842, 1099740.70000470010563731 1766698.35794769995845854, 1099740.66464209998957813 1766701.90895839990116656, 1099740.5799902998842299 1766710.4083553000818938, 1099740.51543910009786487 1766716.892333900090307, 1099740.39428650005720556 1766729.05707020009867847, 1099740.3048310000449419 1766743.25357290008105338, 1099740.28455960005521774 1766746.47800359991379082, 1099740.21244470006786287 1766757.92077880003489554, 1099740.17741620005108416 1766763.48367529991082847, 1099733.57455269992351532 1766769.90552400005981326, 1099733.48578099999576807 1766771.8204212998971343, 1099733.40481159999035299 1766773.56904259999282658))",SA001,439266,2723063000,35803045,54000,2014-09-30,SA005,18,150,209.58,,0,0,20149013579.0,1,150-DTEP-14,IQT903,439266,SA005,,B,470,520,P0,1.1,2014-09-30,SS00201,,2014-09-30,DTEP,True
"MultiLineString ((1099753.24453800008632243 1766579.55114479991607368, 1099753.19690286996774375 1766583.16566841816529632, 1099752.92246800009161234 1766603.98961320007219911))",SA001,439848,2723063000,35803045,54000,2014-11-14,SA005,18,200,24.45,,0,0,20149015602.0,1,200-DTEP-14,IQT903,439848,SA005,,B,490,520,P0,1.3,2014-11-14,SS00201,,2014-11-14,DTEP,True
"MultiLineString ((1099188.05609166994690895 1767130.55078603001311421, 1099189.26667712000198662 1767130.63121802010573447, 1099197.09770760009996593 1767136.51042709988541901, 1099198.06694619008339942 1767137.27620569989085197, 1099198.74163798009976745 1767137.80927585996687412, 1099205.08516053995117545 1767154.30597329000011086, 1099206.72980446997098625 1767158.5811974098905921, 1099207.35298169008456171 1767160.2004233100451529, 1099207.89052984002046287 1767161.60039508994668722, 1099208.20314081991091371 1767162.41198893007822335, 1099209.28120850003324449 1767165.21588043007068336, 1099208.61986964009702206 1767166.56156825996004045, 1099207.78299837000668049 1767168.26652123010717332, 1099207.19795193988829851 1767169.4594497699290514, 1099203.93630447005853057 1767176.10455443989485502, 1099197.42543870001100004 1767189.36598165007308125, 1099195.60730556002818048 1767193.07063888991251588, 1099195.95554466010071337 1767204.40988035988993943, 1099196.65508134989067912 1767227.14141432009637356, 1099196.77303941990248859 1767232.18736214004456997, 1099194.17302526999264956 1767235.40112689998932183, 1099194.02839994011446834 1767236.77364107989706099, 1099194.14141008001752198 1767240.0992419000249356, 1099194.1175968199968338 1767241.15297604002989829, 1099197.26705234008841217 1767244.27176764002069831, 1099197.33715023007243872 1767251.02161445003002882, 1099197.68580638989806175 1767284.64690116001293063, 1099197.83122417004778981 1767298.66761876991949975, 1099197.82991887000389397 1767303.54371195007115602))",SA001,308925,2723061000,35803044,54000,1995-01-01,SA005,4,150,186.29,,0,0,20119006912.0,1,150-DTC-95,IQT903,308925,SA005,,B,461,520,P0,1.1,1995-01-01,SS00201,,1995-01-01,DTC,True
"MultiLineString ((1099187.13171288999728858 1767179.08540048007853329, 1099179.90529756993055344 1767184.32042254996486008, 1099172.59714093990623951 1767189.02078084996901453, 1099171.91067123995162547 1767189.51824370003305376))",SA001,210425,2723061000,35803044,54000,1992-01-01,SA005,13,25,18.47,,0,0,20119006912.0,1,25-STS-92,IQT903,210425,SA005,,B,461,520,P0,0.8,1992-01-01,SS00201,,1992-01-01,STS,True
"MultiLineString ((1099228.1924191399011761 1767168.53189437999390066, 1099232.02483773999847472 1767166.03275380004197359, 1099232.63575907004997134 1767165.63410300994291902))",SA001,36408,2723061000,35803044,54000,1989-01-01,SA005,13,20,5.31,,0,0,20119006912.0,1,20-STS-89,IQT903,36408,SA005,,B,461,520,P0,0.8,1989-01-01,SS00201,,1989-01-01,STS,True
"MultiLineString ((1099207.89052984002046287 1767161.60039508994668722, 1099209.30392729002051055 1767161.09901602007448673, 1099211.82207990996539593 1767160.20749391010031104))",SA001,142178,2723061000,35803044,54000,1995-01-01,SA005,4,150,4.17,,0,0,20119006912.0,1,150-DTC-95,IQT903,142178,SA005,,B,461,520,P0,1.1,1995-01-01,SS00201,,1995-01-01,DTC,True
"MultiLineString ((1099215.78851464996114373 1767165.90890238992869854, 1099214.6015742199961096 1767166.77164715994149446, 1099214.14557781000621617 1767167.10369815002195537, 1099212.80762438010424376 1767168.19517474994063377))",SA001,210523,2723061000,35803044,54000,1995-01-01,SA005,4,150,3.76,,0,0,20119006912.0,1,150-DTC-95,IQT903,210523,SA005,,B,461,520,P0,1.1,1995-01-01,SS00201,,1995-01-01,DTC,True
"MultiLineString ((1099157.27467022999189794 1767125.14027618011459708, 1099154.53387370007112622 1767124.75460073002614081, 1099139.70419442001730204 1767122.66767312004230917, 1099140.29405903001315892 1767125.07616872992366552, 1099143.35804793005809188 1767137.58057039999403059, 1099146.15933135990053415 1767149.01617157994769514, 1099145.72081805998459458 1767151.35113127995282412, 1099141.66360217006877065 1767172.93523871991783381))",SA001,2767,2723061000,35803044,54000,1993-01-01,SA005,10,40,69.23,,0,0,20119006912.0,1,40-PFP-93,IQT903,2767,SA005,,B,461,520,P0,0.8,1993-01-01,SS00201,,1993-01-01,PFP,True
"MultiLineString ((1099199.58798377006314695 1767191.66686970996670425, 1099200.70786152989603579 1767192.51536543993279338, 1099201.91106327995657921 1767193.40958173992112279))",SA001,2886,2723061000,35803044,54000,2000-01-01,SA005,4,80,2.9,,0,0,20119006912.0,1,80-DTC-00,IQT903,2886,SA005,,B,461,520,P0,1.0,2000-01-01,SS00201,,2000-01-01,DTC,True
"MultiLineString ((1099141.26104969996958971 1767311.21587490011006594, 1099141.27203023992478848 1767310.49515583994798362, 1099136.20111596002243459 1767310.48389700008556247, 1099135.78396883001551032 1767310.17260769009590149, 1099118.62137317005544901 1767296.22230716003105044))",SA001,175868,2723061000,35803044,54000,1989-01-01,SA005,13,25,28.44,,0,0,20119006912.0,1,25-STS-89,IQT903,175868,SA005,,B,243,520,P0,0.8,1989-01-01,SS00201,,1989-01-01,STS,True
"MultiLineString ((1099140.16924649011343718 1767311.21222372003830969, 1099140.14702218002639711 1767312.67263592011295259, 1099137.51527735008858144 1767312.68852096004411578, 1099137.37944508995860815 1767323.2532311100512743, 1099137.45598826999776065 1767339.63150892010889947))",SA001,142175,2723061000,35803044,54000,1996-01-01,SA005,13,25,31.05,,0,0,20119006912.0,1,25-STS-96,IQT903,142175,SA005,,B,243,520,P0,0.8,1996-01-01,SS00201,,1996-01-01,STS,True
"MultiLineString ((1099167.51657364005222917 1767309.76379307010211051, 1099167.52447591000236571 1767308.52309365989640355, 1099167.53544523008167744 1767306.62362553994171321, 1099167.58446345990523696 1767298.80974537995643914, 1099167.59208827000111341 1767297.52311241999268532, 1099167.65801070001907647 1767286.9550258400849998, 1099167.6604919598903507 1767286.53007763996720314, 1099167.72765569994226098 1767275.6891014298889786, 1099167.73599179997108877 1767274.28847031993791461, 1099167.75467592990025878 1767271.26472336007282138, 1099167.78245308995246887 1767266.77457920997403562, 1099167.85750132007524371 1767254.7598320699762553, 1099167.86573516996577382 1767253.29819427989423275, 1099167.89437662996351719 1767248.79745137994177639, 1099167.90932606998831034 1767246.36806080001406372, 1099167.91242393990978599 1767245.77128027006983757))",SA001,220500,2723061000,35803044,54000,1989-01-01,SA005,5,50,64.01,,0,0,20119006912.0,1,50-EPS-89,IQT903,220500,SA005,,B,461,520,P0,0.8,1989-01-01,SS00201,,1989-01-01,EPS,True
"MultiLineString ((1099194.02839994011446834 1767236.77364107989706099, 1099192.1272753500379622 1767236.77912628999911249, 1099178.84968313993886113 1767236.37579190009273589, 1099174.36050482001155615 1767236.32166844001039863))",SA001,176383,2723061000,35803044,54000,1998-01-01,SA005,10,50,19.68,,0,0,20119006912.0,1,50-PFP-98,IQT903,176383,SA005,,B,461,520,P0,0.8,1998-01-01,SS00201,,1998-01-01,PFP,True
"MultiLineString ((1099167.91242393990978599 1767245.77128027006983757, 1099167.98639381001703441 1767243.25172328995540738, 1099168.01831313990987837 1767241.45785481994971633, 1099168.01775012002326548 1767240.31503226002678275))",SA001,199209,2723061000,35803044,54000,2003-04-17,SA005,13,50,5.46,,0,0,2003540000000.0,1,50-STS-03,IQT903,199209,SA005,,B,461,520,P0,0.8,2003-04-17,SS00201,,2003-04-17,STS,True
"MultiLineString ((1099167.72765569994226098 1767275.6891014298889786, 1099161.25229127006605268 1767275.81217737006954849, 1099149.50567712006159127 1767276.03543385001830757, 1099139.85460238996893167 1767276.21837419993244112, 1099139.25551439006812871 1767276.2302604999858886, 1099137.35234997002407908 1767276.26623073010705411, 1099136.36123904003761709 1767276.2851530599873513, 1099136.30668851989321411 1767288.9890125400852412, 1099136.28258871007710695 1767294.5086911900434643))",SA001,2880,2723061000,35803044,54000,1989-01-01,SA005,5,40,49.61,,0,0,20119006912.0,1,40-EPS-89,IQT903,2880,SA005,,B,461,520,P0,0.8,1989-01-01,SS00201,,1989-01-01,EPS,True
"MultiLineString ((1099155.9286527899093926 1767206.5087512000463903, 1099154.56444756989367306 1767205.88508422998711467, 1099146.03932902007363737 1767201.99089644988998771, 1099145.71960166003555059 1767201.84401708003133535))",SA001,210423,2723061000,35803044,54000,1992-01-01,SA005,13,20,11.23,,0,0,20119006912.0,1,20-STS-92,IQT903,210423,SA005,,B,461,520,P0,0.8,1992-01-01,SS00201,,1992-01-01,STS,True
"MultiLineString ((1099233.38166286004707217 1767273.66539757000282407, 1099224.76075937994755805 1767273.83231748989783227, 1099223.77180733997374773 1767273.84226118004880846))",SA001,142068,2723061000,35803044,54000,1988-01-01,SA005,13,20,9.61,,0,0,20119006912.0,1,20-STS-88,IQT903,142068,SA005,,B,461,520,P0,0.8,1988-01-01,SS00201,,1988-01-01,STS,True
"MultiLineString ((1099164.68963779998011887 1767240.29540966008789837, 1099166.52613622997887433 1767240.30633827997371554, 1099168.01775012002326548 1767240.31503226002678275, 1099174.32804880989715457 1767240.3522233699914068, 1099183.94131661998108029 1767240.41564152995124459, 1099189.72294018999673426 1767240.54134750994853675, 1099191.14393101003952324 1767240.02630102005787194, 1099192.45143072004429996 1767240.04623358999378979, 1099194.14141008001752198 1767240.0992419000249356))",SA001,319483,2723061000,35803044,54000,2005-11-11,SA005,4,80,27.0,,0,0,20119006912.0,1,80-DTC-05,IQT903,319483,SA005,,B,461,520,P0,1.0,2005-11-11,SS00201,,2005-11-11,DTC,True
"MultiLineString ((1099138.60980304004624486 1767309.68774809991009533, 1099139.66877534007653594 1767309.67391038010828197, 1099165.74145755008794367 1767309.32415979006327689, 1099166.49881028011441231 1767309.53283932991325855))",SA001,308932,2723061000,35803044,54000,2004-12-01,SA005,4,80,28.0,,0,0,2004540000000.0,1,80-DTC-04,IQT903,308932,SA005,,B,461,520,P0,1.0,2004-12-01,SS00201,,2004-12-01,DTC,True
"MultiLineString ((1099174.36050482001155615 1767236.32166844001039863, 1099150.43065604008734226 1767235.62049241992644966))",SA001,142176,2723061000,35803044,54000,1998-01-01,SA005,10,32,23.95,,0,0,20119006912.0,1,32-PFP-98,IQT903,142176,SA005,,B,461,520,P0,0.8,1998-01-01,SS00201,,1998-01-01,PFP,True
"MultiLineString ((1099150.88973166001960635 1767223.0460039300378412, 1099149.79952731006778777 1767222.01654869993217289, 1099142.87954338011331856 1767216.08549087005667388, 1099139.02339703007601202 1767214.7155096500646323, 1099132.88576066005043685 1767213.14551117992959917))",SA001,243990,2723061000,35803044,54000,1993-01-01,SA005,13,20,21.05,,0,0,20119006912.0,1,20-STS-93,IQT903,243990,SA005,,B,461,520,P0,0.8,1993-01-01,SS00201,,1993-01-01,STS,True
"MultiLineString ((1099142.74471032992005348 1767311.2214432000182569, 1099141.26104969996958971 1767311.21587490011006594, 1099140.16924649011343718 1767311.21222372003830969, 1099138.45266355993226171 1767311.20608343998901546))",SA001,308930,2723061000,35803044,54000,2004-12-01,SA005,4,100,4.0,,0,0,2004540000000.0,1,100-DTC-04,IQT903,308930,SA005,,B,243,520,P0,1.0,2004-12-01,SS00201,,2004-12-01,DTC,True
"MultiLineString ((1099113.15758257010020316 1767291.63805749011225998, 1099097.39989904989488423 1767278.21637456002645195))",SA001,71379,2723061000,35803044,54000,1989-01-01,SA005,13,20,20.71,,0,0,20119006912.0,1,20-STS-89,IQT903,71379,SA005,,B,461,520,P0,0.8,1989-01-01,SS00201,,1989-01-01,STS,True
"MultiLineString ((1099164.01931281993165612 1767311.12857560999691486, 1099159.44974965997971594 1767311.14999970002099872, 1099145.83426287001930177 1767311.21452372008934617, 1099144.46039181994274259 1767311.21864207996986806, 1099142.74471032992005348 1767311.2214432000182569))",SA001,308929,2723061000,35803044,54000,1995-01-01,SA005,10,100,21.28,,0,0,20119006912.0,1,100-PFP-95,IQT903,308929,SA005,,B,243,520,P0,1.0,1995-01-01,SS00201,,1995-01-01,PFP,True
"MultiLineString ((1099230.58178796991705894 1767310.32346012000925839, 1099212.4547178999055177 1767310.01737282006070018, 1099203.2512565900105983 1767309.89118156000040472))",SA001,308955,2723061000,35803044,54000,1995-01-01,SA005,10,100,27.34,,0,0,20119006912.0,1,100-PFP-95,IQT903,308955,SA005,,B,243,520,P0,1.0,1995-01-01,SS00201,,1995-01-01,PFP,True
"MultiLineString ((1099202.42178678000345826 1767384.14780092006549239, 1099202.42299823998473585 1767382.81811590003781021, 1099201.84959124005399644 1767358.19337244005873799, 1099201.69607468997128308 1767351.60162167996168137, 1099201.39688918995670974 1767338.751761439954862, 1099201.42268228996545076 1767327.40916580008342862, 1099201.41922300006262958 1767326.25203697988763452, 1099201.4561737400945276 1767312.54234494990669191))",SA001,308937,2723061000,35803044,54000,1995-01-01,SA005,4,150,71.64,,0,0,20119006912.0,1,150-DTC-95,IQT903,308937,SA005,,B,243,520,P0,1.1,1995-01-01,SS00201,,1995-01-01,DTC,True
"MultiLineString ((1099197.97142011998221278 1767312.24027717998251319, 1099198.00447826995514333 1767315.45224176999181509, 1099198.13703759992495179 1767328.2129630499985069, 1099198.22200354002416134 1767336.42084408993832767, 1099199.00801078998483717 1767352.57399801001884043, 1099199.54769737995229661 1767360.22934259008616209, 1099199.34674949990585446 1767378.00314029003493488, 1099199.29441775009036064 1767382.63148190989159048, 1099199.27787764999084175 1767384.11295305006206036))",SA001,308926,2723061000,35803044,54000,1995-01-01,SA005,4,150,71.93,,0,0,20119006912.0,1,150-DTC-95,IQT903,308926,SA005,,B,243,520,P0,1.1,1995-01-01,SS00201,,1995-01-01,DTC,True
"MultiLineString ((1099230.58178796991705894 1767310.32346012000925839, 1099231.17354994989000261 1767310.33344346005469561, 1099232.43017392000183463 1767311.45641444995999336, 1099232.42149078007787466 1767312.2231544500682503))",SA001,308959,2723061000,35803044,54000,2004-12-01,SA005,10,40,3.04,,0,0,2004540000000.0,1,40-PFP-04,IQT903,308959,SA005,,B,243,520,P0,0.8,2004-12-01,SS00201,,2004-12-01,PFP,True
"MultiLineString ((1099197.97142011998221278 1767312.24027717998251319, 1099197.96331322006881237 1767311.39135915995575488, 1099196.94462226005271077 1767310.66491065011359751, 1099167.99793183989822865 1767311.50655780988745391, 1099165.81685205991379917 1767311.57604893995448947, 1099164.93818461010232568 1767311.12457467010244727, 1099164.01931281993165612 1767311.12857560999691486))",SA001,308927,2723061000,35803044,54000,2004-12-01,SA005,4,80,35.0,,0,0,2004540000000.0,1,80-DTC-04,IQT903,308927,SA005,,B,243,520,P0,1.0,2004-12-01,SS00201,,2004-12-01,DTC,True
"MultiLineString ((1099196.04418078996241093 1767309.51596500002779067, 1099196.75024766009300947 1767309.50667565991170704, 1099197.82448771991766989 1767308.55870878999121487, 1099197.82599704992026091 1767307.23702951008453965, 1099197.82788327010348439 1767305.77925257990136743, 1099197.82936226995661855 1767304.10661799996159971, 1099197.82991887000389397 1767303.54371195007115602))",SA001,308936,2723061000,35803044,54000,1995-01-01,SA005,10,100,7.16,,0,0,20119006912.0,1,100-PFP-95,IQT903,308936,SA005,,B,461,520,P0,1.0,1995-01-01,SS00201,,1995-01-01,PFP,True
"MultiLineString ((1099167.99793183989822865 1767311.50655780988745391, 1099167.96768795000389218 1767312.57684110989794135, 1099167.98632200993597507 1767313.9122208699118346, 1099167.97356224991381168 1767314.74883079994469881, 1099167.96202641003765166 1767325.02381613990291953, 1099167.95968583994545043 1767327.34138450003229082, 1099167.95439702994190156 1767331.42361980001442134, 1099167.95207564998418093 1767333.22425934998318553, 1099167.94860446988604963 1767336.21160312998108566, 1099167.94777772994711995 1767336.92924961005337536, 1099167.93448583991266787 1767348.41574741993099451, 1099167.93228641990572214 1767350.31998241995461285, 1099167.92905334988608956 1767353.11625727009959519, 1099168.01347079989500344 1767362.33996366988867521, 1099167.90339849004521966 1767373.31130317994393408))",SA001,176380,2723061000,35803044,54000,1989-01-01,SA005,5,40,61.82,,0,0,20119006912.0,1,40-EPS-89,IQT903,176380,SA005,,B,243,520,P0,0.8,1989-01-01,SS00201,,1989-01-01,EPS,True
"MultiLineString ((1099170.45485095004551113 1767383.75334643991664052, 1099169.12730397004634142 1767383.73905718000605702, 1099168.83903994993306696 1767383.44456957001239061, 1099167.81299348990432918 1767382.39630641997791827, 1099167.90339849004521966 1767373.31130317994393408))",SA001,308893,2723061000,35803044,54000,2004-12-01,SA005,4,80,12.0,,0,0,2004540000000.0,1,80-DTC-04,IQT903,308893,SA005,,B,243,520,P0,1.0,2004-12-01,SS00201,,2004-12-01,DTC,True
"MultiLineString ((1099197.82936226995661855 1767304.10661799996159971, 1099198.84698061994276941 1767304.12210047990083694, 1099199.67261708993464708 1767304.13463559001684189, 1099200.34256106009706855 1767303.80294972006231546, 1099200.98730190005153418 1767303.81273572007194161, 1099201.47752427007071674 1767303.39634227007627487, 1099201.47878491994924843 1767302.85340773989446461))",SA001,308957,2723061000,35803044,54000,2004-12-01,SA005,4,150,4.0,,0,0,2004540000000.0,1,150-DTC-04,IQT903,308957,SA005,,B,461,520,P0,1.1,2004-12-01,SS00201,,2004-12-01,DTC,True
"MultiLineString ((1099203.2512565900105983 1767309.89118156000040472, 1099202.59951269999146461 1767309.88221447006799281, 1099201.57151349005289376 1767310.87937529990449548, 1099201.4561737400945276 1767312.54234494990669191))",SA001,308956,2723061000,35803044,54000,2004-12-01,SA005,4,100,4.0,,0,0,2004540000000.0,1,100-DTC-04,IQT903,308956,SA005,,B,243,520,P0,1.0,2004-12-01,SS00201,,2004-12-01,DTC,True
"MultiLineString ((1099235.29626846988685429 1767310.40277300006709993, 1099234.70456391992047429 1767310.39270631992258132, 1099233.45209324010647833 1767309.19486918998882174, 1099233.44584730989299715 1767308.48988769995048642))",SA001,308961,2723061000,35803044,54000,2004-12-01,SA005,10,50,3.03,,0,0,2004540000000.0,1,50-PFP-04,IQT903,308961,SA005,,B,461,520,P0,0.8,2004-12-01,SS00201,,2004-12-01,PFP,True
"MultiLineString ((1099166.49881028011441231 1767309.53283932991325855, 1099166.85515823005698621 1767309.75574432010762393, 1099167.51657364005222917 1767309.76379307010211051, 1099196.04418078996241093 1767309.51596500002779067))",SA001,308935,2723061000,35803044,54000,1995-01-01,SA005,10,100,29.62,,0,0,20119006912.0,1,100-PFP-95,IQT903,308935,SA005,,B,461,520,P0,1.0,1995-01-01,SS00201,,1995-01-01,PFP,True
"MultiLineString ((1099231.56757585005834699 1767384.43120045005343854, 1099231.60456166998483241 1767381.41135537996888161, 1099231.93135951994918287 1767354.57712623011320829))",SA001,308891,2723061000,35803044,54000,2004-12-01,SA005,4,80,30.0,,0,0,2004540000000.0,1,80-DTC-04,IQT903,308891,SA005,,B,243,520,P0,1.0,2004-12-01,SS00201,,2004-12-01,DTC,True
"MultiLineString ((1099232.42149078007787466 1767312.2231544500682503, 1099232.4032443598844111 1767313.75361701007932425, 1099232.38866420998238027 1767315.03612886997871101, 1099232.31434020004235208 1767321.55784665001556277, 1099232.24733663001097739 1767326.86212928011082113, 1099232.2349809599108994 1767327.87173845991492271, 1099232.1199356100987643 1767338.38991534989327192, 1099231.98698866995982826 1767349.93878417997621, 1099231.93135951994918287 1767354.57712623011320829))",SA001,308960,2723061000,35803044,54000,1989-01-01,SA005,5,40,42.37,,0,0,20119006912.0,1,40-EPS-89,IQT903,308960,SA005,,B,243,520,P0,0.8,1989-01-01,SS00201,,1989-01-01,EPS,True
"MultiLineString ((1099204.45116619998589158 1767384.17078766995109618, 1099204.35033232998102903 1767386.32435104995965958, 1099214.78931232006289065 1767405.13143418007530272, 1099212.84569841995835304 1767408.27383212000131607, 1099212.04571709991432726 1767409.56722241989336908))",SA001,452817,2723061000,35803044,54000,2016-12-26,SA005,13,40,28.89,,0,0,20179008368.0,1,40-STS-16,IQT903,452817,SA005,,B,243,520,P0,0.8,2016-12-26,SS00201,,2016-12-26,STS,True
"MultiLineString ((1099168.83903994993306696 1767383.44456957001239061, 1099168.07295852992683649 1767384.06776097998954356, 1099167.28726058988831937 1767384.70693420991301537, 1099141.74076271988451481 1767384.34226870001293719, 1099141.89299248997122049 1767374.42671567993238568))",SA001,461744,2723061000,35803044,54000,2019-09-11,SA005,13,50,37.48,,0,0,20119006912.0,1,50-STS-19,IQT903,461744,SA005,,B,243,520,P0,0.8,2019-09-11,SS00201,,2019-09-11,STS,True
"MultiLineString ((1099098.48409612011164427 1767037.32954849000088871, 1099097.87195909000001848 1767038.46577233006246388, 1099097.09359249006956816 1767039.81064597005024552, 1099096.16950553003698587 1767041.40524789993651211, 1099093.17321362998336554 1767047.26980924000963569, 1099090.73309856001287699 1767046.09731270000338554, 1099088.70921609993092716 1767045.06161031010560691, 1099082.05557834007777274 1767041.70486121997237206))",SA001,142071,2723061000,35803044,54000,1989-01-01,SA005,13,25,23.71,,0,0,20119006912.0,1,25-STS-89,IQT903,142071,SA005,,B,461,520,P0,0.8,1989-01-01,SS00201,,1989-01-01,STS,True
"MultiLineString ((1099124.63105902005918324 1767038.41165669006295502, 1099124.01557788997888565 1767039.96138933999463916, 1099123.76671503996476531 1767040.71938859997317195, 1099123.30503733991645277 1767042.12560915993526578, 1099120.26140235993079841 1767049.3916348700877279, 1099117.4075863400939852 1767048.08931724005378783, 1099112.43026930000633001 1767045.81787571008317173, 1099110.42415228998288512 1767044.94345112005248666, 1099098.48409612011164427 1767037.32954849000088871, 1099088.74451878992840648 1767032.63067496009171009))",SA001,105105,2723061000,35803044,54000,1989-01-01,SA005,5,40,47.61,,0,0,20119006912.0,1,40-EPS-89,IQT903,105105,SA005,,B,461,520,P0,0.8,1989-01-01,SS00201,,1989-01-01,EPS,True
"MultiLineString ((1099061.46529888990335166 1766938.15489836991764605, 1099061.3621159999165684 1766927.16816119011491537, 1099061.54408744000829756 1766923.62061633006669581))",SA001,105107,2723061000,35803044,54000,1993-01-01,SA005,13,20,14.54,,0,0,20119006912.0,1,20-STS-93,IQT903,105107,SA005,,B,461,520,P0,0.8,1993-01-01,SS00201,,1993-01-01,STS,True
"MultiLineString ((1099120.26140235993079841 1767049.3916348700877279, 1099120.95034689991734922 1767050.09718638006597757, 1099122.31518572010099888 1767053.61839354992844164, 1099122.81432616990059614 1767054.71679232991300523, 1099124.49567989003844559 1767058.41674973000772297))",SA001,71383,2723061000,35803044,54000,1999-01-01,SA005,13,25,10.04,,0,0,20119006912.0,1,25-STS-99,IQT903,71383,SA005,,B,461,520,P0,0.8,1999-01-01,SS00201,,1999-01-01,STS,True
"MultiLineString ((1099072.89142866991460323 1766937.97463150997646153, 1099072.30593447992578149 1766937.9843127999920398, 1099068.21068179002031684 1766938.05168183008208871, 1099061.88323554000817239 1766938.15325689991004765, 1099061.46529888990335166 1766938.15489836991764605, 1099056.89241054002195597 1766938.19736073003150523, 1099055.66291898000054061 1766945.75114533002488315))",SA001,244002,2723061000,35803044,54000,1993-01-01,SA005,10,40,23.66,,0,0,20119006912.0,1,40-PFP-93,IQT903,244002,SA005,,B,461,520,P0,0.8,1993-01-01,SS00201,,1993-01-01,PFP,True
"MultiLineString ((1099068.05715489992871881 1766955.78114052000455558, 1099064.13050886010751128 1766956.37745942990295589, 1099062.40274880989454687 1766960.76250454992987216, 1099060.87096845009364188 1766960.70763103989884257, 1099052.18510594009421766 1766960.62771744001656771))",SA001,244001,2723061000,35803044,54000,1993-01-01,SA005,13,25,18.91,,0,0,20119006912.0,1,25-STS-93,IQT903,244001,SA005,,B,461,520,P0,0.8,1993-01-01,SS00201,,1993-01-01,STS,True
"MultiLineString ((1099128.47785529005341232 1766944.55928159994073212, 1099128.75551506993360817 1766945.1678397199138999, 1099128.47642815997824073 1766945.77329751010984182, 1099128.8860725499689579 1766946.82023801002651453, 1099129.62871785997413099 1766947.04881997988559306, 1099131.47689918009564281 1766951.02977709006518126, 1099134.04886189009994268 1766956.85766891995444894, 1099136.03554080007597804 1766961.35930957994423807, 1099136.43454582011327147 1766962.26355442008934915, 1099138.42084507993422449 1766966.76431903010234237, 1099139.28014618996530771 1766968.71145325992256403, 1099139.98185721994377673 1766970.30628037010319531, 1099141.95900095999240875 1766974.79994215001352131, 1099142.39548504003323615 1766975.79196064011193812, 1099144.85721029993146658 1766981.38694203994236887, 1099145.50531734991818666 1766982.85991871007718146, 1099146.03550043003633618 1766984.06488615996204317))",SA001,418928,2723061000,35803044,54000,2009-08-18,SA005,4,80,43.74,,0,0,20099008650.0,1,80-DTC-09,IQT903,418928,SA005,,B,461,520,P0,1.0,2009-08-18,SS00201,,2009-08-18,DTC,True
"MultiLineString ((1099123.43739655008539557 1766910.94415261992253363, 1099123.63511163997463882 1766909.69030883000232279, 1099124.90227503003552556 1766901.65574160008691251, 1099125.78312726994045079 1766896.07066386006772518, 1099125.94050062005408108 1766895.07279834011569619, 1099124.94443600997328758 1766885.69975356990471482, 1099124.51765456004068255 1766881.68357019009999931, 1099124.42097847000695765 1766880.7739160000346601, 1099125.36182946991175413 1766879.85568011994473636, 1099125.40779402991756797 1766879.85338178998790681, 1099126.85866089002229273 1766879.78051074990071356, 1099136.37428314005956054 1766878.97720167995430529, 1099141.87053007003851235 1766878.48307871003635228, 1099145.4634722201153636 1766878.09808751009404659, 1099153.0585815398953855 1766877.41116984002292156, 1099161.78075602999888361 1766877.31308690994046628, 1099167.30693150009028614 1766877.09870480000972748, 1099169.15043477993458509 1766876.95690313004888594, 1099173.40735803009010851 1766876.57926912000402808, 1099184.7405454299878329 1766875.79687068006023765, 1099185.19679541001096368 1766875.77380714006721973, 1099189.97161142993718386 1766875.53458375995978713, 1099190.87928533996455371 1766875.32917416002601385))",SA001,2836,2723061000,35803044,54000,1996-01-01,SA005,10,80,97.5,,0,0,20119006912.0,1,80-PFP-96,IQT903,2836,SA005,,B,461,520,P0,1.0,1996-01-01,SS00201,,1996-01-01,PFP,True
"MultiLineString ((1099161.61568480008281767 1766948.19550110003910959, 1099160.79795429995283484 1766946.93828119989484549, 1099155.83697369997389615 1766939.2591709999833256, 1099155.83697369997389615 1766939.2591709999833256, 1099155.38179509993642569 1766938.55956649989821017))",SA001,175861,2723061000,35803044,54000,1991-01-01,SA005,10,40,11.0,,0,0,20119006912.0,1,40-PFP-91,IQT903,175861,SA005,,B,461,520,P0,0.8,1991-01-01,SS00201,,1991-01-01,PFP,True
"MultiLineString ((1099106.56248941994272172 1766906.32246911991387606, 1099106.37312706001102924 1766907.71251638000831008, 1099106.12353153992444277 1766909.54422765993513167, 1099113.99374015000648797 1766919.21737933997064829, 1099114.93987814011052251 1766920.38156736991368234, 1099117.76991597004234791 1766924.08326748991385102, 1099121.60586765990592539 1766929.10055074002593756, 1099127.11625566007569432 1766941.49632253008894622, 1099128.47785529005341232 1766944.55928159994073212))",SA001,142119,2723061000,35803044,54000,2000-01-01,SA005,4,80,45.13,,0,0,20119006912.0,1,80-DTC-00,IQT903,142119,SA005,,B,461,520,P0,1.0,2000-01-01,SS00201,,2000-01-01,DTC,True
"MultiLineString ((1099164.39506775001063943 1766901.66612315992824733, 1099169.44810009002685547 1766902.54052064009010792, 1099177.78552845004014671 1766904.04386079008691013, 1099193.05544573999941349 1766911.67911832011304796, 1099198.37593418988399208 1766914.34069462004117668, 1099197.57474051997996867 1766916.20515166991390288, 1099196.981832480058074 1766917.58291238988749683, 1099187.85151587007567286 1766921.45011085993610322, 1099184.20927271991968155 1766922.99288025009445846))",SA001,210459,2723061000,35803044,54000,1996-01-01,SA005,10,80,54.04,,0,0,20119006912.0,1,80-PFP-96,IQT903,210459,SA005,,B,461,520,P0,1.0,1996-01-01,SS00201,,1996-01-01,PFP,True
"MultiLineString ((1099085.21822309005074203 1766897.9051397000439465, 1099086.18441348010674119 1766898.93167910003103316, 1099085.26782112009823322 1766902.6807489600032568, 1099085.20760939992032945 1766903.1557653599884361, 1099085.19327207002788782 1766907.92839988996274769, 1099083.81628866004757583 1766914.22155447001568973, 1099078.78628973010927439 1766928.00245837005786598, 1099078.29355048993602395 1766928.71086877002380788, 1099072.89142866991460323 1766937.97463150997646153, 1099072.83843403006903827 1766939.20846199011430144, 1099072.6070144500117749 1766954.28349552000872791, 1099069.53088930994272232 1766955.55730136996135116, 1099068.05715489992871881 1766955.78114052000455558))",SA001,2970,2723061000,35803044,54000,1993-01-01,SA005,10,50,64.37,,0,0,20119006912.0,1,50-PFP-93,IQT903,2970,SA005,,B,461,520,P0,0.8,1993-01-01,SS00201,,1993-01-01,PFP,True
"MultiLineString ((1099085.26782112009823322 1766902.6807489600032568, 1099077.14539389009587467 1766896.60676045995205641, 1099076.58532527997158468 1766897.56439012009650469, 1099072.84413195005618036 1766903.19940955005586147))",SA001,71529,2723061000,35803044,54000,1993-01-01,SA005,13,25,18.02,,0,0,20119006912.0,1,25-STS-93,IQT903,71529,SA005,,B,461,520,P0,0.8,1993-01-01,SS00201,,1993-01-01,STS,True
"MultiLineString ((1099162.01755644008517265 1766901.30747519992291927, 1099160.14031126000918448 1766905.51268647005781531, 1099157.76300079002976418 1766911.07361348997801542, 1099157.28822164004668593 1766912.24518617009744048))",SA001,210461,2723061000,35803044,54000,1990-01-01,SA005,13,25,11.92,,0,0,20119006912.0,1,25-STS-90,IQT903,210461,SA005,,B,461,520,P0,0.8,1990-01-01,SS00201,,1990-01-01,STS,True
"MultiLineString ((1099064.58809981006197631 1766888.27033468009904027, 1099066.52503974991850555 1766888.31281426991336048, 1099073.28382207010872662 1766887.83417046000249684, 1099080.92912103002890944 1766894.28544981009326875, 1099082.14032413996756077 1766895.30769310006871819, 1099083.72960635996423662 1766896.64966520993039012, 1099085.21822309005074203 1766897.9051397000439465))",SA001,299677,2723061000,35803044,54000,1994-01-01,SA005,4,150,24.34,,0,0,20119006912.0,1,150-DTC-94,IQT903,299677,SA005,,B,461,520,P0,0.8,1994-01-01,SS00201,,1994-01-01,DTC,True
"MultiLineString ((1099102.63997605000622571 1766916.70981760998256505, 1099097.48313893005251884 1766911.18031486007384956, 1099096.48165624006651342 1766910.10825884994119406, 1099096.40455364994704723 1766909.19823143002577126, 1099096.80439769010990858 1766908.87739006010815501, 1099097.18194640008732677 1766908.57512839999981225, 1099097.13929875008761883 1766907.75967822992242873, 1099094.8814916699193418 1766905.345735999988392, 1099091.71955822990275919 1766901.96611730009317398, 1099085.85073343990370631 1766894.51633566990494728, 1099084.4483089700806886 1766894.49500356009230018, 1099082.86330984998494387 1766893.26904335990548134, 1099081.97299623000435531 1766893.23055863007903099, 1099080.92912103002890944 1766894.28544981009326875))",SA001,299675,2723061000,35803044,54000,2003-12-26,SA005,4,150,35.0,,0,0,2004540000000.0,1,150-DTC-03,IQT903,299675,SA005,,B,461,520,P0,1.3,2003-12-26,SS00201,,2003-12-26,DTC,True
"MultiLineString ((1099085.19327207002788782 1766907.92839988996274769, 1099090.43805085006169975 1766917.11096669989638031, 1099090.94886984000913799 1766918.03750615008175373))",SA001,105242,2723061000,35803044,54000,1994-01-01,SA005,4,150,11.64,,0,0,20119006912.0,1,150-DTC-94,IQT903,105242,SA005,,B,461,520,P0,1.1,1994-01-01,SS00201,,1994-01-01,DTC,True
"MultiLineString ((1099121.94499009009450674 1766911.27056902996264398, 1099122.72060502995736897 1766911.09429462999105453, 1099122.7206054599955678 1766911.09426655992865562, 1099123.12617606995627284 1766911.00206459010951221, 1099123.43739655008539557 1766910.94415261992253363, 1099125.50157327996566892 1766910.56023046001791954, 1099129.13296642992645502 1766907.40710275992751122, 1099130.26777640008367598 1766906.42154680006206036, 1099138.68021037988364697 1766899.71766680991277099, 1099143.83957603992894292 1766895.23802193999290466, 1099144.37557076988741755 1766894.77328504994511604, 1099151.32032882003113627 1766891.95487800007686019, 1099155.70775639009661973 1766897.85269397008232772, 1099162.01755644008517265 1766901.30747519992291927, 1099163.23943346994929016 1766901.46067929989658296, 1099164.39506775001063943 1766901.66612315992824733))",SA001,71429,2723061000,35803044,54000,1990-01-01,SA005,4,80,52.7,,0,0,20119006912.0,1,80-DTC-90,IQT903,71429,SA005,,B,461,520,P0,1.0,1990-01-01,SS00201,,1990-01-01,DTC,True
"MultiLineString ((1099097.11286764009855688 1766900.13989739003591239, 1099097.29338700999505818 1766898.45538524002768099, 1099098.01412405003793538 1766891.72966868989169598, 1099098.32890496007166803 1766885.89850681996904314, 1099098.41534372000023723 1766884.291073780041188, 1099099.03195382002741098 1766877.61471326998434961))",SA001,36404,2723061000,35803044,54000,1991-01-01,SA005,13,25,22.62,,0,0,20119006912.0,1,25-STS-91,IQT903,36404,SA005,,B,461,520,P0,0.8,1991-01-01,SS00201,,1991-01-01,STS,True
"MultiLineString ((1099112.40192969003692269 1766920.5309283600654453, 1099113.09002070990391076 1766919.93146850005723536, 1099113.83902784995734692 1766919.33597577991895378, 1099113.99374015000648797 1766919.21737933997064829))",SA001,210596,2723061000,35803044,54000,2000-01-01,SA005,4,80,2.07,,0,0,20119006912.0,1,80-DTC-00,IQT903,210596,SA005,,B,461,520,P0,1.0,2000-01-01,SS00201,,2000-01-01,DTC,True
"MultiLineString ((1099167.30693150009028614 1766877.09870480000972748, 1099167.35444523999467492 1766878.16959220007993281, 1099167.42973109008744359 1766879.59848620998673141, 1099168.09051144006662071 1766885.60436707991175354, 1099168.78201084001921117 1766893.09850843995809555, 1099168.95454937010072172 1766895.81645953003317118, 1099169.44810009002685547 1766902.54052064009010792))",SA001,142120,2723061000,35803044,54000,1990-01-01,SA005,13,25,25.54,,0,0,20119006912.0,1,25-STS-90,IQT903,142120,SA005,,B,461,520,P0,0.8,1990-01-01,SS00201,,1990-01-01,STS,True
"MultiLineString ((1099098.41477589006535709 1766901.6761948699131608, 1099099.14543100004084408 1766902.54319490003399551, 1099100.11181374010629952 1766903.69070873991586268, 1099106.56248941994272172 1766906.32246911991387606, 1099113.99787632003426552 1766909.36316989990882576, 1099119.73712951992638409 1766911.71121307997964323, 1099121.94499009009450674 1766911.27056902996264398))",SA001,244038,2723061000,35803044,54000,1997-01-01,SA005,10,80,26.09,,0,0,20119006912.0,1,80-PFP-97,IQT903,244038,SA005,,B,461,520,P0,1.0,1997-01-01,SS00201,,1997-01-01,PFP,True
"MultiLineString ((1099184.20927271991968155 1766922.99288025009445846, 1099180.24073605006560683 1766924.67384680989198387))",SA001,459328,2723061000,35803044,54000,2019-01-24,SA005,18,80,4.31,,0,0,20199001623.0,1,80-DTEP-19,IQT903,459328,SA005,,B,461,520,P0,1.0,2019-01-24,SS00201,,2019-01-24,DTEP,True
"MultiLineString ((1099190.87928533996455371 1766875.32917416002601385, 1099192.59845705004408956 1766874.63633370003663003, 1099196.58458308991976082 1766873.7188319000415504, 1099197.21219584997743368 1766873.76720866002142429, 1099198.40563741000369191 1766875.23510923003777862, 1099200.50440936000086367 1766877.85362942004576325, 1099203.77918864996172488 1766882.76302872993983328))",SA001,175863,2723063100,35803044,54000,1993-01-01,SA005,13,25,17.73,,0,0,20119006912.0,1,25-STS-93,IQT903,175863,SA005,,B,461,520,P0,0.8,1993-01-01,SS00201,,1993-01-01,STS,True
"MultiLineString ((1099190.87928533996455371 1766875.32917416002601385, 1099190.84577449993230402 1766878.07543350011110306, 1099190.76132362009957433 1766878.9590058799367398, 1099190.47221043007448316 1766886.69528160989284515, 1099190.53822680003941059 1766891.05792132997885346, 1099190.42008972004987299 1766892.68746794993057847, 1099190.27822250011377037 1766895.85553421010263264))",SA001,175862,2723063100,35803044,54000,1993-01-01,SA005,13,25,20.55,,0,0,20119006912.0,1,25-STS-93,IQT903,175862,SA005,,B,461,520,P0,0.8,1993-01-01,SS00201,,1993-01-01,STS,True
"MultiLineString ((1099004.6928224500734359 1766790.91436684993095696, 1099011.74502881988883018 1766791.01580088003538549, 1099017.74611323000863194 1766791.33113884995691478, 1099022.23353277007117867 1766799.72402928001247346))",SA001,243988,2723061000,35803044,54000,1992-01-01,SA005,13,25,22.59,,0,0,20119006912.0,1,25-STS-92,IQT903,243988,SA005,,B,461,520,P0,0.8,1992-01-01,SS00201,,1992-01-01,STS,True
"MultiLineString ((1099001.60875954991206527 1766778.69998109992593527, 1099005.42060595005750656 1766781.00627791997976601))",SA001,302085,2723061000,35803044,54000,1990-01-01,SA005,4,80,4.46,,0,0,20119006912.0,1,80-DTC-90,IQT903,302085,SA005,,B,461,520,P0,1.0,1990-01-01,SS00201,,1990-01-01,DTC,True
"MultiLineString ((1098890.10798035003244877 1766660.04347790009342134, 1098888.14099805988371372 1766661.44427781994454563, 1098886.46187887992709875 1766662.71945721004158258, 1098884.60877480008639395 1766664.1269461999181658, 1098884.04839839995838702 1766664.55237001995556056, 1098884.03897592006251216 1766666.61286505009047687, 1098885.37971643009223044 1766668.06101423990912735, 1098891.55700451997108757 1766674.73093424993567169, 1099033.94130016001872718 1766829.01013323990628123, 1099067.7231614300981164 1766868.40048518008552492, 1099101.45496338000521064 1766907.73244136990979314, 1099111.3671269400510937 1766919.29036516998894513, 1099112.40192969003692269 1766920.5309283600654453, 1099120.69761004997417331 1766930.50345328007824719, 1099130.58702579000964761 1766952.0233040798921138, 1099143.52152572991326451 1766982.16792601998895407))",SA001,299696,2723061000,35803044,54000,1999-01-01,SA004,4,300,420.75,,0,0,20119006912.0,1,300-DTC-99,IQT903,299696,SA004,,B,461,520,P0,1.5,1999-01-01,SS00201,,1999-01-01,DTC,True
"MultiLineString ((1099150.61825729999691248 1766602.64145909994840622, 1099150.29699065419845283 1766600.42046720045618713, 1099150.29878959991037846 1766600.43290419992990792, 1099148.15100009995512664 1766585.58417599997483194, 1099147.74737449991516769 1766582.79383499990217388, 1099147.35297710006125271 1766580.06729050003923476))",SA001,175889,2723061000,35803044,54000,1992-01-01,SA005,4,80,22.82,,0,0,20119006912.0,1,80-DTC-92,IQT903,175889,SA005,,B,461,520,P0,1.0,1992-01-01,SS00201,,1992-01-01,DTC,True
"MultiLineString ((1099102.63997610006481409 1766916.70981759997084737, 1099103.53199220006354153 1766917.68530269991606474, 1099104.66687200008891523 1766918.92633530008606613, 1099107.01039969990961254 1766921.48957239999435842, 1099111.93846930004656315 1766926.87769160000607371, 1099115.72861619992181659 1766931.02366470010019839, 1099117.33461680007167161 1766932.77984689990989864, 1099120.11618179990909994 1766939.88602690002880991, 1099120.21009631897322834 1766940.12595339538529515, 1099120.35474839992821217 1766940.49550079996697605, 1099121.42560909991152585 1766943.23131259996443987, 1099125.41080170008353889 1766953.4131587001029402, 1099132.83263309998437762 1766972.37682410003617406, 1099133.91331070009618998 1766975.13881150004453957, 1099137.20367540000006557 1766983.54440969997085631, 1099141.0656810998916626 1766993.41147969989106059, 1099146.70615840004757047 1767007.82281169993802905, 1099150.32082880008965731 1767017.05722469999454916, 1099153.51877660001628101 1767025.22847409988753498, 1099155.43002570001408458 1767030.11374159995466471, 1099155.97661849996075034 1767031.50978099997155368, 1099157.54526720009744167 1767035.5180031000636518, 1099162.49765769997611642 1767048.17113050003536046, 1099166.51943830004893243 1767058.44556819996796548, 1099170.99155019992031157 1767069.8706598998978734, 1099172.66027630004100502 1767074.13533190009184182, 1099174.18083649990148842 1767078.02083409996703267, 1099179.37278330000117421 1767091.2865124000236392, 1099180.09459350001998246 1767093.13013279996812344, 1099184.60430109989829361 1767104.65178809990175068, 1099189.41088379989378154 1767116.96034340001642704))",SA001,299653,2723061000,35803044,54000,1995-01-01,SA005,4,150,219.62,,0,0,20119006912.0,1,150-DTC-95,IQT903,299653,SA005,,B,461,520,P0,1.1,1995-01-01,SS00201,,1995-01-01,DTC,True
"MultiLineString ((1099029.82547425990924239 1766701.94918978004716337, 1099030.98131366004236042 1766701.74986320990137756, 1099032.71256787003949285 1766701.45128409005701542, 1099033.74410871998406947 1766701.27301413007080555, 1099034.40307343006134033 1766701.66198977991007268, 1099048.26978831994347274 1766699.3516869000159204, 1099052.70021529006771743 1766698.61326626990921795, 1099057.72709437995217741 1766697.77496146992780268, 1099059.22463022009469569 1766697.52585473004728556))",SA001,71430,2723061000,35803044,54000,2003-11-07,SA005,13,50,29.91,,0,0,20119006912.0,1,50-STS-03,IQT903,71430,SA005,,B,461,520,P0,0.8,2003-11-07,SS00201,,2003-11-07,STS,True
"MultiLineString ((1099028.21526945009827614 1766598.31487099989317358, 1099028.47873309999704361 1766599.79159944993443787, 1099028.61419105995446444 1766600.55058518005535007, 1099029.42908684001304209 1766600.94091539992950857, 1099047.53080170997418463 1766597.47163955005817115, 1099053.69808020000346005 1766596.29859215999022126, 1099052.46618339000269771 1766596.53296728990972042))",SA001,210463,2723061000,35803044,54000,1997-01-01,SA005,10,50,29.15,,0,0,20119006912.0,1,50-PFP-97,IQT903,210463,SA005,,B,461,520,P0,0.8,1997-01-01,SS00201,,1997-01-01,PFP,True
"MultiLineString ((1098990.3646512299310416 1766606.62322448007762432, 1098992.09286447009071708 1766612.04060128005221486, 1098993.59293593000620604 1766616.74361135996878147, 1098994.50808570999652147 1766619.61203900002874434, 1098996.28101165988482535 1766625.30800801003351808, 1098996.39638004009611905 1766625.67667961004190147))",SA001,2835,2723061000,35803044,54000,1991-01-01,SA005,13,25,19.99,,0,0,20119006912.0,1,25-STS-91,IQT903,2835,SA005,,B,461,520,P0,0.8,1991-01-01,SS00201,,1991-01-01,STS,True
"MultiLineString ((1098959.72087199008092284 1766744.43869803007692099, 1098961.14415233000181615 1766744.00846858997829258, 1098962.87585492990911007 1766743.48496684990823269, 1098967.24320275010541081 1766742.16466917004436255, 1098968.02446474996395409 1766740.4298903199378401, 1098969.84163734992034733 1766736.3923156401142478))",SA001,215002,2723061000,35803044,54000,2003-01-21,SA005,13,50,14.0,,0,0,20119006912.0,1,50-STS-03,IQT903,215002,SA005,,B,461,520,P0,0.8,2003-01-21,SS00201,,2003-01-21,STS,True
"MultiLineString ((1099024.30017175991088152 1766636.01216739998199046, 1099010.292430330067873 1766636.8875454100780189, 1099009.02821035007946193 1766636.59767336002551019))",SA001,2777,2723061000,35803044,54000,1992-01-01,SA005,13,25,15.34,,0,0,20119006912.0,1,25-STS-92,IQT903,2777,SA005,,B,461,520,P0,0.8,1992-01-01,SS00201,,1992-01-01,STS,True
"MultiLineString ((1099086.44438000000081956 1767001.62196350004523993, 1099084.9565115999430418 1767001.43331689992919564, 1099063.88197200000286102 1766998.7647059999871999, 1099061.33337330003269017 1766998.44293119991198182, 1099062.33942419989034534 1766981.94826199999079108, 1099062.33942419989034534 1766981.94826199999079108, 1099062.41271540010347962 1766980.74559659999795258))",SA001,2789,2723061000,35803044,54000,1989-01-01,SA005,13,25,43.0,,0,0,20119006912.0,1,25-STS-89,IQT903,2789,SA005,,B,461,520,P0,0.8,1989-01-01,SS00201,,1989-01-01,STS,True
"MultiLineString ((1099147.35297713009640574 1766580.06729051005095243, 1099147.13765958999283612 1766578.58329940005205572, 1099142.88794642989523709 1766579.20638812007382512, 1099133.3773370198905468 1766580.60130564006976783))",SA001,36459,2723061000,35803044,54000,1985-01-01,SA005,4,80,15.41,,0,0,20119006912.0,1,80-DTC-85,IQT903,36459,SA005,,B,461,520,P0,1.0,1985-01-01,SS00201,,1985-01-01,DTC,True
"MultiLineString ((1099025.73376645008102059 1766661.94131096010096371, 1099025.75236293999478221 1766655.99662011000327766, 1099024.30017175991088152 1766636.01216739998199046, 1099024.16039063991047442 1766634.75204835995100439, 1099023.54183329991064966 1766627.14193384000100195, 1099022.95703587005846202 1766618.7462340600322932, 1099021.36993897007778287 1766605.20373275992460549, 1099017.6843554899096489 1766603.13604108011350036, 1099017.30142990010790527 1766601.95236949995160103, 1099016.83930497989058495 1766600.52559559000656009))",SA001,105152,2723061000,35803044,54000,1995-01-01,SA005,4,100,63.92,,0,0,20119006912.0,1,100-DTC-95,IQT903,105152,SA005,,B,461,520,P0,1.0,1995-01-01,SS00201,,1995-01-01,DTC,True
"MultiLineString ((1099121.80071029998362064 1766962.19935070001520216, 1099109.09951312793418765 1766963.23457604949362576, 1099102.61301749991253018 1766961.21953450003638864, 1099099.39160524611361325 1766960.77568280720151961, 1099097.45992283779196441 1766959.35191330523230135, 1099090.41674775863066316 1766956.14958930853754282, 1099089.17237145313993096 1766955.50808920455165207))",SA001,71554,2723061000,35803044,54000,1990-01-01,SA005,13,25,34.0,,0,0,20119006912.0,1,25-STS-90,IQT903,71554,SA005,,B,461,520,P0,0.8,1990-01-01,SS00201,,1990-01-01,STS,True
"MultiLineString ((1098897.10432451008819044 1766677.40190929989330471, 1098899.66339677991345525 1766680.08459396008402109, 1098900.20617752010002732 1766680.65365003002807498, 1098908.07927161990664899 1766689.09098281990736723, 1098913.38271564990282059 1766694.77573261992074549, 1098918.57593675004318357 1766700.32906018989160657, 1098927.59360624011605978 1766709.97203211998566985, 1098933.93354435008950531 1766716.80180608993396163, 1098948.54141239007003605 1766732.45653161988593638, 1098959.72087199008092284 1766744.43869803007692099, 1098964.91613939008675516 1766750.00685378001071513, 1098976.29332863003946841 1766762.20092820003628731, 1098978.79989618994295597 1766764.88766514998860657, 1098996.11373194004409015 1766782.94813958997838199, 1098999.02663369011133909 1766781.01587489992380142, 1099000.92500728997401893 1766780.05745277996174991, 1099001.60875954991206527 1766778.69998109992593527, 1099002.35493555990979075 1766776.9464996000751853, 1099004.40339946001768112 1766772.05197522998787463, 1099010.28447130997665226 1766758.50606266991235316, 1099014.99869985994882882 1766747.95571422995999455, 1099015.86251384997740388 1766746.02251109993085265, 1099019.33948636008426547 1766737.32122191996313632, 1099020.17438110010698438 1766734.78833265998400748, 1099023.42436654004268348 1766719.82544383010827005, 1099023.84425407997332513 1766718.05620099999941885, 1099024.4670606900472194 1766709.65180628001689911, 1099024.48091527004726231 1766703.69786240998655558, 1099024.74554872000589967 1766697.70049127005040646, 1099024.82687999005429447 1766695.36496201995760202, 1099024.72135821008123457 1766693.16971446992829442, 1099025.1774819300044328 1766676.26682955003343523, 1099025.33861764008179307 1766674.6635193401016295, 1099025.39553802995942533 1766670.96456053992733359, 1099025.39480159990489483 1766668.14298757002688944, 1099025.39423605008050799 1766665.97234383993782103, 1099025.73376645008102059 1766661.94131096010096371))",SA001,324893,2723061000,35803044,54000,1990-01-01,SA005,4,80,272.94,,0,0,20119006912.0,1,80-DTC-90,IQT903,324893,SA005,,B,461,520,P0,1.0,1990-01-01,SS00201,,1990-01-01,DTC,True
"MultiLineString ((1099045.59406552999280393 1766657.19229526002891362, 1099045.30509650008752942 1766665.42250571004115045, 1099045.36333849001675844 1766672.04024640005081892, 1099045.37914726999588311 1766673.75921506993472576))",SA001,71373,2723061000,35803044,54000,1991-01-01,SA005,13,25,16.58,,0,0,20119006912.0,1,25-STS-91,IQT903,71373,SA005,,B,461,520,P0,0.8,1991-01-01,SS00201,,1991-01-01,STS,True
"MultiLineString ((1099023.04629335994832218 1766599.32056389003992081, 1099016.83930497989058495 1766600.52559559000656009, 1098995.35838492005132139 1766604.67767158010974526, 1098990.3646512299310416 1766606.62322448007762432, 1098974.68345202994532883 1766612.73229331988841295, 1098963.78771328995935619 1766616.97756428993307054, 1098959.85714016994461417 1766618.50838638003915548, 1098953.16158063989132643 1766621.11793354991823435, 1098931.54305552993901074 1766633.15747894998639822, 1098921.50287105003371835 1766639.39297277992591262, 1098913.43605232005938888 1766644.79761239001527429, 1098907.99778232001699507 1766648.44116888009011745, 1098906.05309080006554723 1766650.39612912992015481, 1098902.0716887500602752 1766653.55385108990594745))",SA001,299727,2723061000,35803044,54000,1991-01-01,SA005,4,100,134.19,,0,0,20119006912.0,1,100-DTC-91,IQT903,299727,SA005,,B,461,520,P0,1.0,1991-01-01,SS00201,,1991-01-01,DTC,True
"MultiLineString ((1099024.48533265991136432 1766599.04153012996539474, 1099024.67865381995216012 1766600.52827116008847952, 1099025.06876253988593817 1766603.53563575004227459, 1099027.61600192007608712 1766607.10269873007200658, 1099027.90653060004115105 1766608.5738347799051553))",SA001,210462,2723061000,35803044,54000,1995-01-01,SA005,10,100,10.42,,0,0,20119006912.0,1,100-PFP-95,IQT903,210462,SA005,,B,461,520,P0,1.0,1995-01-01,SS00201,,1995-01-01,PFP,True
"MultiLineString ((1099024.82688000006601214 1766695.36496199993416667, 1099023.94836260005831718 1766695.50172919989563525, 1099022.84716230002231896 1766695.67317470000125468, 1099017.44852089998312294 1766696.51366150006651878, 1099015.05689639993943274 1766697.17506849998608232, 1099006.05725017539225519 1766698.21902720700018108, 1099002.55405799997970462 1766698.6253973999992013))",SA001,244041,2723061000,35803044,54000,1993-01-01,SA005,10,40,22.54,,0,0,20119006912.0,1,40-PFP-93,IQT903,244041,SA005,,B,461,520,P0,0.8,1993-01-01,SS00201,,1993-01-01,PFP,True
"MultiLineString ((1099133.3773370198905468 1766580.60130564006976783, 1099129.60964514990337193 1766581.15383145003579557, 1099127.87308639008551836 1766581.40839391993358731, 1099112.8652054900303483 1766583.60935558006167412, 1099088.92104666004888713 1766587.12000173004344106, 1099080.66010389989241958 1766588.33193929004482925, 1099079.17703638994134963 1766588.54929224005900323, 1099076.30010505998507142 1766588.97040389990434051, 1099075.04154059989377856 1766589.1552119399420917, 1099074.33285714988596737 1766590.5201343500521034, 1099071.13867999007925391 1766591.15942519996315241, 1099069.94962920993566513 1766590.19552438007667661, 1099028.21526945009827614 1766598.31487099989317358, 1099026.09827168006449938 1766598.71255482989363372, 1099024.48533265991136432 1766599.04153012996539474, 1099023.04629335994832218 1766599.32056389003992081))",SA001,105151,2723061000,35803044,54000,1997-01-01,SA005,10,100,113.1,,0,0,20119006912.0,1,100-PFP-97,IQT903,105151,SA005,,B,461,520,P0,1.0,1997-01-01,SS00201,,1997-01-01,PFP,True
"MultiLineString ((1098992.36184252006933093 1766717.86465098010376096, 1098995.4312918100040406 1766712.39854448009282351, 1098996.14631769992411137 1766711.12524170009419322, 1098998.7979435499291867 1766706.67209264007396996, 1099000.59624956990592182 1766702.85584484995342791, 1099002.55405799997970462 1766698.6253973999992013, 1098999.52244255994446576 1766697.91235332004725933, 1098993.80655919993296266 1766691.09740759991109371, 1098978.37441611988469958 1766687.86001346004195511, 1098975.21368538006208837 1766687.35197806009091437))",SA001,142123,2723061000,35803044,54000,1993-01-01,SA005,13,25,52.79,,0,0,20119006912.0,1,25-STS-93,IQT903,142123,SA005,,B,461,520,P0,0.8,1993-01-01,SS00201,,1993-01-01,STS,True
"MultiLineString ((1099146.77926806011237204 1766575.26541522005572915, 1099195.83699993998743594 1766567.48306810995563865, 1099197.50369526003487408 1766567.21853358997032046, 1099202.20021771010942757 1766566.4741726799402386))",SA001,2838,2723061000,35803044,54000,1972-01-01,SA004,2,500,56.0,,0,0,20119006912.0,1,500-CI-72-PL-00,IQT903,2838,SA004,,B,461,520,P0,1.2,2000-01-01,SS00201,,2000-01-01,CI,True
"MultiLineString ((1099132.64163966989144683 1766577.50769751006737351, 1099146.77926806011237204 1766575.26541522005572915))",SA001,36458,2723061000,35803044,54000,2000-01-01,SA004,4,500,14.0,,0,0,20119006912.0,1,500-DTC-00,IQT903,36458,SA004,,B,461,520,P0,1.2,2000-01-01,SS00201,,2000-01-01,DTC,True
"MultiLineString ((1098883.75907708005979657 1766658.86196711007505655, 1098925.79203215008601546 1766630.14244553004391491, 1098988.28275587991811335 1766599.61678570997901261, 1099132.64163966989144683 1766577.50769751006737351))",SA001,299700,2723061000,35803044,54000,1991-01-01,SA004,4,500,267.0,,0,0,20119006912.0,1,500-DTC-91,IQT903,299700,SA004,,B,461,520,P0,1.2,1991-01-01,SS00201,,1991-01-01,DTC,True
"MultiLineString ((1098941.41557749011553824 1766677.58485097996890545, 1098940.29174744989722967 1766665.37296225992031395, 1098940.21500852005556226 1766664.53613018989562988, 1098940.11172333988361061 1766663.40955879003740847, 1098939.72475151997059584 1766659.208447519922629, 1098937.22352931997738779 1766651.24270924995653331, 1098935.62155873002484441 1766646.142234540078789, 1098931.54305552993901074 1766633.15747894998639822))",SA001,463668,2723061000,35803044,54000,2020-02-14,SA005,13,40,45.77,,0,0,20209002204.0,1,40-STS-20,IQT903,463668,SA005,,B,461,520,P0,0.8,2020-02-14,SS00201,,2020-02-14,STS,True
"MultiLineString ((1098927.59360624011605978 1766709.97203211998566985, 1098928.99449986009858549 1766709.96136344992555678, 1098929.67819782998412848 1766709.97174618998542428, 1098930.35387201001867652 1766710.51398215000517666, 1098931.34142916998825967 1766710.52900117007084191, 1098931.50146611011587083 1766709.99950948008336127, 1098932.86786544998176396 1766710.08337026997469366, 1098934.68891928996890783 1766710.19504117011092603, 1098936.07347415992990136 1766710.20812506997026503, 1098939.47636610991321504 1766710.20261234999634326, 1098941.85409805993549526 1766709.50797728006727993, 1098945.57288125995546579 1766708.00818390003405511, 1098956.23433126998133957 1766706.05522132990881801, 1098958.87790461000986397 1766705.57042215997353196, 1098960.99541318998672068 1766705.44669425999745727))",SA001,214951,2723061000,35803044,54000,2002-10-23,SA005,13,40,35.0,,0,0,2003540000000.0,1,40-STS-02,IQT903,214951,SA005,,B,461,520,P0,0.8,2002-10-23,SS00201,,2002-10-23,STS,True
"MultiLineString ((1099130.70539829996414483 1767037.37323849997483194, 1099129.63833849993534386 1767037.5371777000837028, 1099128.45309010008350015 1767037.71917900000698864, 1099128.13714629993773997 1767038.15060089994221926, 1099127.79052089992910624 1767038.62385939992964268, 1099127.10906739998608828 1767038.648294199956581, 1099126.60892149992287159 1767038.2389877000823617, 1099124.63105900003574789 1767038.4116567000746727, 1099123.90583089995197952 1767038.47494790004566312, 1099123.16203229990787804 1767038.38916109991259873, 1099122.5331917000003159 1767035.8385737999342382, 1099120.94560980005189776 1767029.39884170005097985, 1099120.48762040003202856 1767028.8549212000798434, 1099119.38506460003554821 1767028.42238290002569556, 1099118.24605869990773499 1767027.97554500005207956, 1099111.8615474000107497 1767025.47086820006370544, 1099104.56611549993976951 1767022.62922500004060566, 1099103.83559529995545745 1767022.34414730011485517, 1099092.10025407676585019 1767017.7714104896876961, 1099085.6747161999810487 1767015.26766619994305074, 1099084.56514619989320636 1767014.83531649992801249))",SA001,414353,2723061000,35803044,54000,2008-10-17,SA005,4,80,56.74,,0,0,20089010469.0,1,80-DTC-08,IQT903,414353,SA005,,B,461,520,P0,1.0,2008-10-17,SS00201,,2008-10-17,DTC,True
"MultiLineString ((1099084.68712870008312166 1767014.88283760007470846, 1099083.71261160005815327 1767014.5029698999132961, 1099085.73505449993535876 1767005.722362200031057, 1099086.46205019997432828 1767002.56302689993754029, 1099086.44438000000081956 1767001.62196350004523993, 1099086.35024189995601773 1766996.64440699992701411, 1099086.25131399999372661 1766991.45582800009287894, 1099086.20424089999869466 1766988.96456509991548955, 1099085.73659830004908144 1766984.81218479992821813, 1099085.36947280005551875 1766981.54416669998317957, 1099085.36947280005551875 1766981.54416669998317957, 1099085.32924719993025064 1766980.66056169988587499))",SA001,414354,2723061000,35803044,54000,2008-10-17,SA005,13,50,35.0,,0,0,20089010469.0,1,50-STS-08,IQT903,414354,SA005,,B,461,520,P0,1.0,2008-10-17,SS00201,,2008-10-17,STS,True
"MultiLineString ((1099085.32924719993025064 1766980.66056169988587499, 1099085.07306269998662174 1766975.03759189997799695, 1099084.39769389992579818 1766969.0293548998888582))",SA001,414361,2723061000,35803044,54000,1980-01-01,SA005,5,50,11.0,,0,0,20119006912.0,1,50-EPS-80,IQT903,414361,SA005,,B,461,520,P0,0.8,1980-01-01,SS00201,,1980-01-01,EPS,True
"MultiLineString ((1098959.85714016994461417 1766618.50838638003915548, 1098963.1689947301056236 1766625.10666924994438887, 1098965.44548191991634667 1766629.6415296399500221, 1098968.72928630001842976 1766636.18337431992404163, 1098970.50799338007345796 1766639.7268206300213933, 1098974.15857457998208702 1766646.99914128007367253, 1098975.02990622003562748 1766648.73508812999352813, 1098975.26965529005974531 1766649.21268752007745206, 1098978.44471283000893891 1766655.53789981990121305, 1098978.95121120009571314 1766656.54842604999430478))",SA001,463697,2723061000,35803044,54000,2018-02-01,SA005,13,40,42.58,,0,0,20099002317.0,1,40-STS-18,IQT903,463697,SA005,,B,461,520,P0,0.8,2018-02-01,SS00201,,2018-02-01,STS,True
"MultiLineString ((1099034.31161099998280406 1766651.03235640004277229, 1099035.3774643000215292 1766651.12255239998921752, 1099048.15979559998959303 1766652.20436200010590255, 1099053.59172630007378757 1766652.94268439989537001, 1099057.37014429992996156 1766653.45624279999174178, 1099062.92681450000964105 1766654.49777160002849996, 1099065.72613839991390705 1766655.10702500003390014, 1099069.83008860005065799 1766656.00017350004054606, 1099071.10095890006050467 1766656.42378060007467866, 1099071.62427869997918606 1766656.59818090009503067, 1099075.27625890006311238 1766657.8153574001044035, 1099079.21547170006670058 1766659.55154190002940595, 1099081.89107830007560551 1766661.12245650007389486, 1099082.53699790011160076 1766661.50168669992126524, 1099083.54494330007582903 1766662.5057612000964582, 1099084.56099090003408492 1766663.51787710003554821, 1099086.65845289989374578 1766665.9218601998873055, 1099087.40787500003352761 1766667.06601479998789728, 1099088.90238630003295839 1766669.34763190010562539, 1099089.42503400007262826 1766670.1455763999838382, 1099091.01111930003389716 1766673.47357450006529689, 1099092.03601679997518659 1766676.1824862000066787, 1099092.55346459988504648 1766678.52442810009233654, 1099088.50867879996076226 1766680.02632110007107258, 1099087.34572510002180934 1766677.26905209990218282, 1099086.39086319995112717 1766675.00517969997599721, 1099083.13955179997719824 1766669.55442650010809302, 1099080.087487299926579 1766666.31815900001674891, 1099077.88384929997846484 1766664.9639502998907119, 1099076.3821525655221194 1766664.04114723484963179, 1099075.87208390003070235 1766663.7277065000962466, 1099069.52526309993118048 1766661.30195349990390241, 1099061.90116619993932545 1766659.45333790010772645, 1099055.15211530006490648 1766658.34886780008673668, 1099052.48489569989033043 1766657.91236090008169413, 1099045.5940654999576509 1766657.19229530007578433, 1099035.77643069997429848 1766656.16635360009968281, 1099034.3267902999650687 1766656.01487610000185668))",SA001,193326,2723061000,35803044,54000,2000-01-01,SA005,10,80,137.87,,0,0,20119006912.0,1,80-PFP-00,IQT903,193326,SA005,,B,461,520,P0,1.0,2000-01-01,SS00201,,2000-01-01,PFP,True
"MultiLineString ((1099151.17062877002172172 1766838.73662482993677258, 1099159.21406480995938182 1766838.34527467004954815, 1099172.80592642002739012 1766838.0988391200080514, 1099181.51859156996943057 1766840.5131040399428457, 1099183.02595009002834558 1766840.92995494999922812, 1099185.3943044301122427 1766845.99817934003658593, 1099192.7546325100120157 1766848.12388584995642304, 1099195.57269981992430985 1766848.938679079990834))",SA001,36455,2723061000,35803044,54000,1993-01-01,SA005,10,40,48.46,,0,0,20119006912.0,1,40-PFP-93,IQT903,36455,SA005,,B,461,520,P0,0.8,1993-01-01,SS00201,,1993-01-01,PFP,True
"MultiLineString ((1099127.68644216004759073 1766620.64126281999051571, 1099134.49423343990929425 1766623.14071120996959507, 1099138.15745567996054888 1766624.65525290998630226))",SA001,175927,2723061000,35803044,54000,1989-01-01,SA005,5,40,11.22,,0,0,20119006912.0,1,40-EPS-89,IQT903,175927,SA005,,B,461,520,P0,0.8,1989-01-01,SS00201,,1989-01-01,EPS,True
"MultiLineString ((1099064.04981609992682934 1766860.53929209988564253, 1099064.94884556997567415 1766859.74116116994991899, 1099066.42626518988981843 1766858.57681063003838062, 1099067.27047677990049124 1766857.83283541002310812, 1099068.44151529995724559 1766857.75168213993310928, 1099096.39466141001321375 1766831.41721416008658707, 1099096.95538053009659052 1766830.86709030997008085, 1099105.76172861992381513 1766822.22773320996202528, 1099109.826310999924317 1766818.3993338099680841, 1099119.62328414991497993 1766807.25620319996960461, 1099128.42098983004689217 1766798.96769489999860525))",SA001,298004,2723061000,35803044,54000,2003-11-17,SA005,13,50,89.0,,0,0,2004540000000.0,1,50-STS-03,IQT903,298004,SA005,,B,461,520,P0,0.8,2003-11-17,SS00201,,2003-11-17,STS,True
"MultiLineString ((1099076.38215259998105466 1766664.04114719992503524, 1099075.83707190002314746 1766667.95819279993884265, 1099075.05473050009459257 1766674.68304789997637272, 1099067.2331834000069648 1766676.90953280008397996, 1099067.2331834000069648 1766676.90953280008397996))",SA001,36405,2723061000,35803044,54000,1992-01-01,SA005,13,25,18.0,,0,0,20119006912.0,1,25-STS-92,IQT903,36405,SA005,,B,461,520,P0,0.8,1992-01-01,SS00201,,1992-01-01,STS,True
"MultiLineString ((1099153.0585815398953855 1766877.41116984002292156, 1099153.11036788998171687 1766875.91221642005257308, 1099153.17731366003863513 1766874.01461840001866221, 1099153.28629133990034461 1766870.92979277996346354, 1099153.44294688990339637 1766866.48196985991671681, 1099153.6040145899169147 1766861.88022803002968431, 1099153.27240654989145696 1766855.53029872011393309, 1099152.68705881992354989 1766849.48065756005235016, 1099152.0142847599927336 1766844.89430200005881488, 1099151.12855730997398496 1766840.46228564996272326, 1099151.17062877002172172 1766838.73662482993677258))",SA001,175926,2723061000,35803044,54000,1989-01-01,SA005,5,40,38.87,,0,0,20119006912.0,1,40-EPS-89,IQT903,175926,SA005,,B,461,520,P0,0.8,1989-01-01,SS00201,,1989-01-01,EPS,True
"MultiLineString ((1099079.17703638994134963 1766588.54929224005900323, 1099079.26118793990463018 1766590.04631735989823937, 1099079.34313670010305941 1766591.48932211007922888, 1099080.93404609011486173 1766592.0724457900505513, 1099084.29337700991891325 1766595.55598949990235269, 1099091.74146980000659823 1766604.02770530991256237, 1099094.59863588004373014 1766605.39719524001702666, 1099114.60645014001056552 1766614.22913832007907331))",SA001,71432,2723061000,35803044,54000,1996-01-01,SA005,10,80,45.81,,0,0,20119006912.0,1,80-PFP-96,IQT903,71432,SA005,,B,461,520,P0,1.0,1996-01-01,SS00201,,1996-01-01,PFP,True
"MultiLineString ((1099071.10095894988626242 1766656.42378058005124331, 1099072.82212054007686675 1766647.86311125010251999, 1099076.74856232991442084 1766645.95227026008069515))",SA001,142067,2723061000,35803044,54000,1992-01-01,SA005,13,25,13.1,,0,0,20119006912.0,1,25-STS-92,IQT903,142067,SA005,,B,461,520,P0,0.8,1992-01-01,SS00201,,1992-01-01,STS,True
"MultiLineString ((1099028.29592390009202063 1766724.71984950010664761, 1099029.44303740002214909 1766725.68518440006300807, 1099030.49335330002941191 1766726.56992059992626309, 1099033.61377739999443293 1766729.19898359989747405, 1099038.62531929998658597 1766732.62251710006967187, 1099039.14112999988719821 1766733.14525830000638962, 1099043.28594140009954572 1766737.34594230004586279, 1099043.83772940002381802 1766738.4840871999040246, 1099044.49809039989486337 1766739.54108020011335611, 1099046.43166069989092648 1766746.97407669993117452, 1099048.38525049993768334 1766752.95476919994689524, 1099049.10836059995926917 1766755.16738609992899001, 1099050.84505439992062747 1766760.48388430010527372, 1099052.41083889990113676 1766765.27692790003493428, 1099053.03846880001947284 1766767.1950976001098752, 1099055.76864670007489622 1766775.5531812000554055, 1099056.58732179994694889 1766778.06019060011021793, 1099056.86818229989148676 1766778.91930299997329712, 1099058.13259249995462596 1766783.0136158000677824, 1099058.32061360008083284 1766787.03104600007645786, 1099058.45278639998286963 1766792.70051110000349581, 1099058.34827370010316372 1766794.8983179999049753, 1099058.34742969996295869 1766795.47817620006389916, 1099057.98446680000051856 1766802.32308429991826415, 1099057.23276780010201037 1766811.10248059988953173, 1099057.07592909992672503 1766812.93423989997245371, 1099057.40767250000499189 1766813.40115180006250739, 1099057.6315552000887692 1766813.71626750007271767, 1099058.56149129988625646 1766815.02515299990773201, 1099059.72725829994305968 1766814.96003319998271763, 1099060.04815130005590618 1766814.58657609997317195))",SA001,308430,2723061000,35803044,54000,1990-01-01,SA005,4,80,101.97,,0,0,20119006912.0,1,80-DTC-90,IQT903,308430,SA005,,B,461,520,P0,1.0,1990-01-01,SS00201,,1990-01-01,DTC,True
"MultiLineString ((1098898.34576929989270866 1766656.48059859010390937, 1098897.46638829004950821 1766657.17111438000574708, 1098889.29512929008342326 1766663.58745682006701827, 1098887.39983086008578539 1766665.07534807990305126, 1098887.30020251008681953 1766666.82151633989997208, 1098888.88281807000748813 1766668.6672862300183624))",SA001,299726,2723061000,35803044,54000,1991-01-01,SA005,4,100,18.1,,0,0,20119006912.0,1,100-DTC-91,IQT903,299726,SA005,,B,461,520,P0,1.0,1991-01-01,SS00201,,1991-01-01,DTC,True
"MultiLineString ((1099092.55346458009444177 1766678.52442808006890118, 1099094.7384095499292016 1766681.00678971991874278, 1099092.79454749007709324 1766687.84930122992955148, 1099095.21066762995906174 1766695.1591050298884511, 1099096.2056866199709475 1766705.03592233988456428, 1099097.32764580007642508 1766716.8648577299900353))",SA001,244040,2723061000,35803044,54000,1988-01-01,SA005,13,25,39.94,,0,0,20199000159.0,1,25-STS-88,IQT903,244040,SA005,,B,461,520,P0,0.8,1988-01-01,SS00201,,1988-01-01,STS,True
"MultiLineString ((1099114.60645014001056552 1766614.22913832007907331, 1099123.52016334002837539 1766618.29432162991724908, 1099126.31582655990496278 1766619.46764023997820914, 1099126.78573693009093404 1766619.66480298992246389, 1099127.01972191990353167 1766620.36612109001725912, 1099127.68644216004759073 1766620.64126281999051571))",SA001,308699,2723061000,35803044,54000,2004-09-10,SA005,13,40,15.0,,0,0,2004540000000.0,1,40-STS-04,IQT903,308699,SA005,,B,461,520,P0,0.8,2004-09-10,SS00201,,2004-09-10,STS,True
"MultiLineString ((1099060.04815131006762385 1766814.58657605992630124, 1099069.45009736996144056 1766803.72654677997343242, 1099071.82300228998064995 1766804.88450587005354464, 1099076.55592548009008169 1766807.19315160997211933, 1099085.21702211000956595 1766811.4193978700786829, 1099092.85886143008247018 1766815.14807750005275011, 1099093.05876710009761155 1766815.28407720988616347, 1099093.42260510008782148 1766815.48359848000109196))",SA001,298006,2723061000,35803044,54000,1996-01-01,SA005,10,80,41.08,,0,0,20119006912.0,1,80-PFP-96,IQT903,298006,SA005,,B,461,520,P0,1.0,1996-01-01,SS00201,,1996-01-01,PFP,True
"MultiLineString ((1099047.53080170997418463 1766597.47163955005817115, 1099048.35528283007442951 1766600.64664902002550662, 1099051.00708238990046084 1766610.87023252993822098, 1099052.79385957005433738 1766617.75616855011321604))",SA001,2778,2723061000,35803044,54000,1992-01-01,SA005,13,20,20.96,,0,0,20119006912.0,1,20-STS-92,IQT903,2778,SA005,,B,461,520,P0,0.8,1992-01-01,SS00201,,1992-01-01,STS,True
"MultiLineString ((1099118.3012916399165988 1766854.20862103998661041, 1099119.71158015006221831 1766853.1873161899857223, 1099126.18081760010682046 1766848.50166939990594983, 1099128.5970302599016577 1766842.68151357001625001, 1099129.29242426995187998 1766841.00644905003719032))",SA001,210422,2723061000,35803044,54000,1990-11-07,SA005,13,25,17.85,,0,0,20119006912.0,1,25-STS-90,IQT903,210422,SA005,,B,461,520,P0,0.8,1990-11-07,SS00201,,1990-11-07,STS,True
"MultiLineString ((1099052.46618339000269771 1766596.53296728990972042, 1099057.01980500994250178 1766602.57768514007329941, 1099062.70138822006992996 1766603.82882285001687706, 1099063.51188221992924809 1766604.05600295006297529, 1099070.68808700004592538 1766606.06725364993326366, 1099076.20995712000876665 1766611.81203950010240078, 1099076.70321987010538578 1766612.35520932008512318))",SA001,2779,2723061000,35803044,54000,1992-01-01,SA005,13,25,30.39,,0,0,20119006912.0,1,25-STS-92,IQT903,2779,SA005,,B,461,520,P0,0.8,1992-01-01,SS00201,,1992-01-01,STS,True
"MultiLineString ((1099083.33592590992338955 1766773.53764047008007765, 1099080.93924914998933673 1766767.24559731991030276, 1099078.0908015500754118 1766759.75759578007273376, 1099077.61109888995997608 1766758.49750833003781736))",SA001,2774,2723061000,35803044,54000,1988-01-01,SA005,13,25,16.1,,0,0,20119006912.0,1,25-STS-88,IQT903,2774,SA005,,B,461,520,P0,0.8,1988-01-01,SS00201,,1988-01-01,STS,True
"MultiLineString ((1099111.67399351997300982 1766824.43741414998658001, 1099114.44360931008122861 1766825.67799347010441124, 1099122.92504798993468285 1766829.81543567008338869, 1099124.3839652300812304 1766830.52758456999436021, 1099125.04491272009909153 1766830.84957811003550887, 1099127.63021518010646105 1766832.11071393010206521))",SA001,298009,2723061000,35803044,54000,1996-01-01,SA005,10,80,17.71,,0,0,20119006912.0,1,80-PFP-96,IQT903,298009,SA005,,B,461,520,P0,1.0,1996-01-01,SS00201,,1996-01-01,PFP,True
"MultiLineString ((1099093.42260510008782148 1766815.48359848000109196, 1099093.7498691501095891 1766815.66256953007541597, 1099094.00157197006046772 1766816.46424397989176214, 1099094.97375143994577229 1766816.96897700009867549, 1099098.49495375994592905 1766818.25618625991046429, 1099100.45589628000743687 1766819.36677726008929312))",SA001,298007,2723061000,35803044,54000,2003-11-17,SA005,4,80,7.0,,0,0,2004540000000.0,1,80-DTC-03,IQT903,298007,SA005,,B,461,520,P0,1.0,2003-11-17,SS00201,,2003-11-17,DTC,True
"MultiLineString ((1099181.51859156996943057 1766840.5131040399428457, 1099181.19438052992336452 1766841.97688180999830365, 1099180.30557497008703649 1766845.98061897000297904, 1099178.73817577003501356 1766853.04853445990011096, 1099178.58574000000953674 1766853.73207370005548))",SA001,142121,2723063100,35803044,54000,1993-01-01,SA005,13,25,13.54,,0,0,20119006912.0,1,25-STS-93,IQT903,142121,SA005,,B,461,520,P0,0.8,1993-01-01,SS00201,,1993-01-01,STS,True
"MultiLineString ((1099083.54494325001724064 1766662.50576121988706291, 1099089.13949938002042472 1766663.08004458993673325, 1099094.37402947992086411 1766663.29060367005877197, 1099095.66481073992326856 1766663.3425342699047178))",SA001,243989,2723061000,35803044,54000,1991-01-01,SA005,10,80,12.16,,0,0,20199000159.0,1,80-PFP-91,IQT903,243989,SA005,,B,461,520,P0,0.8,1991-01-01,SS00201,,1991-01-01,PFP,True
"MultiLineString ((1099105.76172861992381513 1766822.22773320996202528, 1099108.39297241996973753 1766823.49356063990853727, 1099109.22170695010572672 1766823.24025188991799951, 1099109.55219472991302609 1766823.40124884992837906, 1099110.46519990009255707 1766823.84707239991985261, 1099111.67399351997300982 1766824.43741414998658001))",SA001,298008,2723061000,35803044,54000,2003-11-17,SA005,13,50,6.52,,0,0,2004540000000.0,1,50-DTC-03,IQT903,298008,SA005,,B,461,520,P0,0.8,2003-11-17,SS00201,,2003-11-17,DTC,True
"MultiLineString ((1099044.49809044995345175 1766739.54108015005476773, 1099061.29170543001964688 1766733.47040076996199787, 1099063.90970151009969413 1766732.26154226996004581, 1099065.00130013003945351 1766731.75727110006846488, 1099071.03148552007041872 1766728.97167769004590809, 1099072.63246284006163478 1766728.23319863993674517))",SA001,105150,2723061000,35803044,54000,1988-01-01,SA005,13,25,30.36,,0,0,20119006912.0,1,25-STS-88,IQT903,105150,SA005,,B,461,520,P0,0.8,1988-01-01,SS00201,,1988-01-01,STS,True
"MultiLineString ((1098902.0716887500602752 1766653.55385108990594745, 1098898.34576929989270866 1766656.48059859010390937))",SA001,299728,2723061000,35803044,54000,2006-07-18,SA005,4,100,5.0,,0,0,2006540000000.0,1,100-DTC-06,IQT903,299728,SA005,,B,461,520,P0,1.0,2006-07-18,SS00201,,2006-07-18,DTC,True
"MultiLineString ((1098888.88281807000748813 1766668.6672862300183624, 1098890.05215597990900278 1766670.01184987998567522, 1098891.64834421989507973 1766671.68486355990171432, 1098893.11566612008027732 1766673.22294013993814588, 1098894.52296416996978223 1766674.69709704001434147, 1098896.06309270998463035 1766676.31130527006462216, 1098897.10432451008819044 1766677.40190929989330471))",SA001,324892,2723061000,35803044,54000,2006-07-18,SA005,4,100,12.0,,0,0,20119006912.0,1,100-DTC-06,IQT903,324892,SA005,,B,461,520,P0,1.0,2006-07-18,SS00201,,2006-07-18,DTC,True
"MultiLineString ((1099058.13259249995462596 1766783.0136158000677824, 1099059.54404480010271072 1766782.50718010007403791, 1099068.48713862663134933 1766779.68907090369611979, 1099078.72745170537382364 1766775.81561824190430343, 1099079.39694261876866221 1766775.59968699840828776, 1099083.44127538031898439 1766773.99928251397795975, 1099089.73912380007095635 1766771.18975030002184212, 1099091.59297670004889369 1766770.44501850008964539, 1099092.06362170004285872 1766770.25597689999267459, 1099092.22665069997310638 1766769.53158410009928048, 1099092.21833360008895397 1766768.85720010008662939, 1099091.871526800096035 1766766.34662529989145696, 1099091.76133899996057153 1766764.53218730003573, 1099091.43733950005844235 1766762.35191789991222322, 1099090.48912449995987117 1766749.18480110005475581, 1099090.98757210001349449 1766747.281502699945122, 1099094.84241389995440841 1766743.79311720002442598, 1099100.11030979990027845 1766742.16659760009497404, 1099101.44234480010345578 1766741.75498420000076294))",SA001,277675,2723061000,35803044,54000,1988-01-01,SA005,5,50,71.0,,0,0,20119006912.0,1,50-EPS-88,IQT903,277675,SA005,,B,461,520,P0,0.8,1988-01-01,SS00201,,1988-01-01,EPS,True
"MultiLineString ((1098884.60877480008639395 1766664.1269461999181658, 1098883.68886969005689025 1766662.94918165006674826, 1098882.8278375999070704 1766661.8462961099576205))",SA001,299697,2723061000,35803044,54000,1991-01-01,SA004,4,300,2.89,,0,0,20119006912.0,1,300-DTC-91,IQT903,299697,SA004,,B,461,520,P0,1.5,1991-01-01,SS00201,,1991-01-01,DTC,True
"MultiLineString ((1099059.16510225995443761 1766855.02800541999749839, 1099060.17560773994773626 1766854.25954758003354073, 1099061.10743936989456415 1766853.54844464990310371, 1099064.21947409003041685 1766852.84135995991528034, 1099077.58102146000601351 1766840.51665097009390593, 1099087.170429150108248 1766831.6714039200451225, 1099088.38144658994860947 1766831.65234660007990897, 1099089.67026223009452224 1766830.40216962993144989, 1099089.7361341998912394 1766829.33347226004116237, 1099098.93547889008186758 1766820.64374720002524555, 1099100.45589628000743687 1766819.36677726008929312, 1099104.71228679991327226 1766815.17223170003853738, 1099126.09981781989336014 1766793.03141401009634137, 1099126.47922511002980173 1766792.67025310010649264, 1099126.80009384988807142 1766792.67512250994332135, 1099127.85366603010334074 1766792.69118323992006481, 1099130.09707515989430249 1766795.85476394998840988, 1099130.10853281989693642 1766796.91344695002771914, 1099130.11237610992975533 1766797.27574649010784924, 1099129.3389171299058944 1766798.1107857299502939, 1099128.42098983004689217 1766798.96769489999860525))",SA001,298005,2723061000,35803044,54000,2003-11-17,SA005,4,80,102.0,,0,0,2004540000000.0,1,80-DTC-03,IQT903,298005,SA005,,B,461,520,P0,1.0,2003-11-17,SS00201,,2003-11-17,DTC,True
"MultiLineString ((1099027.90653060004115105 1766608.5738347799051553, 1099029.47306912997737527 1766618.76627257000654936, 1099030.31128531997092068 1766630.79096180992200971, 1099030.76473801000975072 1766635.65957448002882302, 1099031.02706668991595507 1766639.81826274003833532, 1099031.07462842995300889 1766646.67275668005459011, 1099034.30586158996447921 1766649.94377819006331265, 1099034.30850773002021015 1766650.44626140990294516, 1099034.31161099998280406 1766651.03235638001933694, 1099034.31369602004997432 1766651.42873886995948851, 1099034.32003997010178864 1766652.62855585990473628, 1099034.30084505002014339 1766654.54291645996272564, 1099034.34267424000427127 1766656.91509208991192281, 1099030.73867377010174096 1766659.84767081006430089, 1099030.47786851995624602 1766671.85054893000051379, 1099030.16684445994906127 1766686.23424020991660655, 1099029.82547425990924239 1766701.94918978004716337, 1099029.77441678009927273 1766704.31699175992980599, 1099029.63358164997771382 1766710.80871155997738242, 1099029.52804570994339883 1766716.65417348011396825, 1099028.29592389008030295 1766724.71984945004805923, 1099027.47659324994310737 1766728.09879491990432143, 1099023.31663401005789638 1766741.7032736400142312, 1099018.95249818009324372 1766751.56542536988854408, 1099014.04569196002557874 1766762.65091441990807652, 1099009.4095206200145185 1766773.22244961000978947, 1099008.81476619001477957 1766774.32918187999166548, 1099005.42060595005750656 1766781.00627791997976601, 1099003.17060440010391176 1766785.43218344007618725, 1099004.35255794995464385 1766789.68943528993986547, 1099004.6928224500734359 1766790.91436684993095696, 1099006.06338871992193162 1766795.84941595001146197, 1099013.35150086996145546 1766803.96494493004865944, 1099022.3139419499784708 1766813.94665982993319631, 1099022.75720573007129133 1766814.44035378005355597, 1099029.04511477006599307 1766821.44252271996811032, 1099030.06490749004296958 1766822.57822255999781191, 1099030.40560314990580082 1766822.95756826992146671, 1099031.48967889999039471 1766824.16502978000789881, 1099032.18561405991204083 1766824.94008710002526641, 1099033.19628797005861998 1766826.06629829993471503, 1099055.53037138003855944 1766850.93703073007054627, 1099057.38753177993930876 1766853.02733166003599763, 1099059.16510225995443761 1766855.02800541999749839, 1099064.04981609992682934 1766860.53929209988564253, 1099083.58750642999075353 1766884.07948238006792963, 1099097.11286764009855688 1766900.13989739003591239, 1099098.41477589006535709 1766901.6761948699131608))",SA001,71431,2723061000,35803044,54000,1990-01-01,SA005,4,80,336.73,,0,0,20119006912.0,1,80-DTC-90,IQT903,71431,SA005,,B,461,520,P0,1.0,1990-01-01,SS00201,,1990-01-01,DTC,True
"MultiLineString ((1098882.8278375999070704 1766661.8462961099576205, 1098882.11192771000787616 1766660.92949558002874255, 1098882.29726404999382794 1766659.92052155011333525, 1098883.75907708005979657 1766658.86196711007505655))",SA001,299699,2723061000,35803044,54000,2003-12-26,SA004,4,300,4.0,,0,0,2004540000000.0,1,300-DTC-03,IQT903,299699,SA004,,B,461,520,P0,1.8,2003-12-26,SS00201,,2003-12-26,DTC,True
"MultiLineString ((1099058.34827370010316372 1766794.8983179999049753, 1099060.07525109988637269 1766794.31487799994647503, 1099082.19291460001841187 1766786.84267230005934834, 1099085.94937220006249845 1766785.58815159997902811, 1099098.40487440000288188 1766781.14709410001523793, 1099099.99246950005181134 1766784.62823019991628826, 1099101.38367070001550019 1766788.86466410011053085, 1099102.14241240010596812 1766791.17384200007654727, 1099102.63546980009414256 1766792.67405609996058047))",SA001,471694,2723061000,35803044,54000,2021-10-07,SA005,13,40,60.0,,0,0,20219009549.0,1,40-STS-21,IQT903,471694,SA005,,B,461,520,P0,0.8,2021-10-07,SS00201,,2021-10-07,STS,True
"MultiLineString ((1099433.89192710001952946 1766420.34725139988586307, 1099433.20216959551908076 1766420.68106612004339695, 1099431.27786660008132458 1766421.61235089995898306, 1099429.36363740009255707 1766423.29088820004835725, 1099417.30945420009084046 1766435.00807170011103153, 1099414.63133260002359748 1766437.43431759998202324, 1099409.72466080007143319 1766440.13461060007102787, 1099403.45914710010401905 1766443.58274449990130961, 1099399.69103359989821911 1766446.26404529996216297, 1099390.51282990002073348 1766453.14678500010631979, 1099384.83311340003274381 1766457.26056459988467395, 1099383.61899650003761053 1766458.13990850001573563))",SA001,186992,2723063100,35803045,54000,1988-01-01,SA005,13,50,63.25,,0,0,20119006912.0,1,50-STS-88,IQT903,186992,SA005,,B,470,520,P0,0.8,1988-01-01,SS00201,,1988-01-01,STS,True
"MultiLineString ((1098891.55700451997108757 1766674.73093424993567169, 1098893.11566612008027732 1766673.22294013993814588))",SA001,324891,2723061000,35803044,54000,2006-07-18,SA005,4,200,2.0,,0,0,2006540000000.0,1,200-DTC-06,IQT903,324891,SA005,,B,461,520,P0,1.3,2006-07-18,SS00201,,2006-07-18,DTC,True
"MultiLineString ((1100305.02790840994566679 1767224.60381966992281377, 1100304.35646544001065195 1767223.26282052998431027, 1100300.50210596993565559 1767215.55790856992825866, 1100300.26257172995246947 1767215.07910272991284728, 1100298.15732349990867078 1767210.87054262007586658, 1100291.33914629998616874 1767197.2400925699621439, 1100289.79740276001393795 1767194.15809996007010341, 1100289.85637853993102908 1767183.52288206992670894, 1100289.88368795998394489 1767178.64615969988517463, 1100289.9542974301148206 1767165.8724246199708432, 1100290.00266293995082378 1767157.1187760999891907, 1100290.00718437996692955 1767154.84923953004181385, 1100290.0364230100531131 1767149.7462403099052608, 1100290.0409681499004364 1767148.95276354998350143, 1100290.05090154008939862 1767147.25419978005811572, 1100290.06542457989417017 1767144.59284418006427586, 1100290.14376929006539285 1767130.93660176009871066, 1100290.15099144005216658 1767129.67797590000554919, 1100290.15909993997775018 1767128.27017712011002004, 1100290.2251165600027889 1767116.84517044993117452, 1100290.24422527989372611 1767113.42607722990214825, 1100290.24116414994932711 1767111.12742357002571225, 1100290.24908170010894537 1767109.62781908991746604, 1100290.31428741989657283 1767099.03828943008556962, 1100290.33388169994577765 1767095.8545500400941819, 1100290.40818329993635416 1767085.1955078300088644, 1100290.49363654991611838 1767072.89199154009111226, 1100290.51143830991350114 1767070.27669997001066804, 1100290.52745100995525718 1767067.98642449988983572, 1100290.59462839993648231 1767058.38207836006768048, 1100290.68982284003868699 1767044.78193429997190833, 1100293.55464662006124854 1767035.11222569993697107, 1100293.9109418299049139 1767033.84090687008574605))",SA001,106428,2723063000,35803045,54000,1992-01-01,SA005,4,80,194.88,,0,0,20119006912.0,1,80-DTC-92,IQT903,106428,SA005,,B,490,520,P0,1.0,1992-01-01,SS00201,,1992-01-01,DTC,True
"MultiLineString ((1099406.85945379990153015 1767213.40720609994605184, 1099409.67746179993264377 1767199.21572469989769161, 1099410.39577420009300113 1767196.43017289997078478, 1099412.25788790010847151 1767189.21708659990690649, 1099412.19149190001189709 1767189.14214799995534122, 1099412.81406809994950891 1767187.06267950008623302, 1099413.13283349992707372 1767185.82574069988913834, 1099413.36656460002996027 1767184.92146679991856217))",SA001,142932,2723063100,35803045,54000,1994-01-01,SA005,13,25,29.0,,0,0,20119006912.0,1,25-STS-94,IQT903,142932,SA005,,B,243,520,P0,0.8,1994-01-01,SS00201,,1994-01-01,STS,True
"MultiLineString ((1099257.56861019995994866 1767202.24240009998902678, 1099258.82779049989767373 1767201.42871499992907047, 1099268.2124636999797076 1767195.16233809990808368, 1099270.0038185000885278 1767194.00480120000429451, 1099271.74665799993090332 1767192.87855200003832579, 1099273.99026299989782274 1767191.43000710010528564, 1099275.24445690005086362 1767190.6192773999646306, 1099276.77439359994605184 1767190.40663330000825226, 1099287.05934590008109808 1767188.97553099994547665, 1099287.81983579997904599 1767188.87016490008682013, 1099292.0019569001160562 1767188.35999980010092258, 1099294.06499189999885857 1767188.07249650009907782, 1099305.82280529988929629 1767186.36484719999134541, 1099307.75146710011176765 1767186.09630850004032254, 1099323.9229226999450475 1767183.84605700010433793, 1099329.41258060000836849 1767183.08283150009810925, 1099331.45555799989961088 1767182.79799610003829002, 1099331.45555799989961088 1767182.79799610003829002, 1099332.34806777630001307 1767182.67384120286442339))",SA001,105191,2723063100,35803045,54000,1996-01-01,SA005,10,80,78.0,,0,0,20119006912.0,1,80-PFP-96,IQT903,105191,SA005,,B,461,520,P0,1.0,1996-01-01,SS00201,,1996-01-01,PFP,True
"MultiLineString ((1099223.51904499996453524 1767131.45185990002937615, 1099223.29738568072207272 1767129.68323490442708135, 1099225.93012299994006753 1767129.18696300010196865, 1099228.03324189991690218 1767128.56515019992366433, 1099228.52680579992011189 1767122.93866789992898703, 1099228.62957750004716218 1767121.77244549989700317))",SA001,71477,2723061000,35803044,54000,1993-01-01,SA005,13,20,13.0,,0,0,20119006912.0,1,20-STS-93,IQT903,71477,SA005,,B,461,520,P0,0.8,1993-01-01,SS00201,,1993-01-01,STS,True
"MultiLineString ((1099332.36225109989754856 1767182.67186819994822145, 1099332.36225109989754856 1767182.67186819994822145, 1099332.24739030003547668 1767181.99198619998060167, 1099327.60212050005793571 1767154.4957799999974668, 1099325.73487049993127584 1767142.87115269992500544, 1099325.9574684000108391 1767141.32414779998362064))",SA001,176382,2723063100,35803045,54000,1996-01-01,SA005,10,80,41.0,,0,0,20119006912.0,1,80-PFP-96,IQT903,176382,SA005,,B,461,520,P0,1.0,1996-01-01,SS00201,,1996-01-01,PFP,True
"MultiLineString ((1099420.25604899995960295 1767054.57707990007475019, 1099405.91340279998257756 1767054.54084459994919598, 1099404.29003569763153791 1767054.52471055253408849, 1099400.25046020001173019 1767054.48456269991584122, 1099398.91958860005252063 1767053.26499979989603162, 1099397.23808829998597503 1767053.18444150011055171, 1099395.74055649992078543 1767053.10763400001451373))",SA001,220520,2723063100,35803045,54000,1986-01-01,SA005,4,80,24.0,,0,0,20119006912.0,1,80-DTC-86,IQT903,220520,SA005,,B,243,520,P0,1.0,1986-01-01,SS00201,,1986-01-01,DTC,True
"MultiLineString ((1100246.2271173601038754 1767109.40728664002381265, 1100246.36815290991216898 1767100.14899583999067545, 1100246.41255009011365473 1767097.23321324004791677, 1100246.45446059992536902 1767094.47940890002064407, 1100246.49910252005793154 1767091.54950871993787587, 1100246.50995072000660002 1767090.83737568999640644, 1100246.60556747997179627 1767084.56138774007558823, 1100246.64488020003773272 1767081.98045275011099875, 1100246.67912916000932455 1767079.72936846991069615, 1100246.70509369997307658 1767078.02341486001387239, 1100246.82687810994684696 1767070.03005020995624363, 1100246.838974520098418 1767069.23660527006722987, 1100246.85293608997017145 1767068.3180059299338609, 1100246.88148619001731277 1767064.1540240200702101, 1100247.08171482989564538 1767053.30014419998042285, 1100247.10456450004130602 1767051.8007410999853164))",SA001,211327,2723063000,35803045,54000,1992-01-01,SA005,10,50,57.63,,0,0,20119006912.0,1,50-PFP-92,IQT903,211327,SA005,,B,490,520,P0,0.8,1992-01-01,SS00201,,1992-01-01,PFP,True
"MultiLineString ((1100246.85293608997017145 1767068.3180059299338609, 1100241.68841832992620766 1767068.21435403008945286, 1100234.32297466997988522 1767068.06616201996803284))",SA001,3693,2723063000,35803045,54000,1991-01-01,SA005,13,20,12.54,,0,0,20119006912.0,1,20-STS-91,IQT903,3693,SA005,,B,490,520,P0,0.8,1991-01-01,SS00201,,1991-01-01,STS,True
"MultiLineString ((1100263.38784708990715444 1767021.72306752996519208, 1100263.80548131000250578 1767020.78113098000176251, 1100266.16585324006155133 1767015.45743213989771903, 1100267.73852173006162047 1767011.91106485994532704, 1100268.02952307998202741 1767011.25559096992947161, 1100268.56275478005409241 1767010.05293484008871019))",SA001,4692,2723063000,35803045,54000,2019-08-20,SA005,13,50,12.77,,0,0,20199008494.0,1,50-STS-19,IQT903,4692,SA005,,B,490,520,P0,0.8,2019-08-20,SS00201,,2019-08-20,STS,True
"MultiLineString ((1100287.04117932007648051 1767048.54570354009047151, 1100286.69615978002548218 1767050.51809693989343941, 1100286.43870427994988859 1767051.99486435996368527, 1100285.66650657006539404 1767056.41233924007974565, 1100285.59730235999450088 1767064.56684409989975393, 1100285.56696902005933225 1767068.13377234991639853, 1100285.46913677011616528 1767079.80627018003724515, 1100285.36342129996046424 1767092.35433872998692095, 1100285.32429090002551675 1767096.99901437992230058, 1100285.2154744800645858 1767109.91910325991921127, 1100285.18287470005452633 1767113.76895699999295175, 1100284.96301090996712446 1767139.82198749994859099, 1100284.76990927010774612 1767162.69425227004103363, 1100284.74428408010862768 1767165.73314823000691831, 1100284.70459234993904829 1767168.53805403993465006, 1100284.71248238999396563 1767169.5949738600756973, 1100284.69962462992407382 1767171.09450246999040246))",SA001,177202,2723063000,35803045,54000,1992-01-01,SA005,4,100,122.71,,0,0,20119006912.0,1,100-DTC-92,IQT903,177202,SA005,,B,490,520,P0,1.0,1992-01-01,SS00201,,1992-01-01,DTC,True
"MultiLineString ((1100290.33388169994577765 1767095.8545500400941819, 1100298.36657079006545246 1767095.97691065003164113, 1100303.36155159003101289 1767096.05297428998164833, 1100304.7059935899451375 1767096.07344526005908847))",SA001,37854,2723063000,35803045,54000,1993-01-01,SA005,13,25,14.38,,0,0,20119006912.0,1,25-STS-93,IQT903,37854,SA005,,B,490,520,P0,0.8,1993-01-01,SS00201,,1993-01-01,STS,True
"MultiLineString ((1100285.46913677011616528 1767079.80627018003724515, 1100279.36869851988740265 1767079.71233788994140923, 1100269.71963549009524286 1767079.56437767995521426, 1100269.418750120094046 1767079.55978667992167175))",SA001,245222,2723063000,35803045,54000,1988-01-01,SA005,13,25,16.06,,0,0,20119006912.0,1,25-STS-88,IQT903,245222,SA005,,B,490,520,P0,0.8,1988-01-01,SS00201,,1988-01-01,STS,True
"MultiLineString ((1100290.24422527989372611 1767113.42607722990214825, 1100291.74460094003006816 1767113.44593818997964263, 1100299.67223288002423942 1767113.55205978988669813, 1100314.48197479010559618 1767113.75030185002833605, 1100320.48074117000214756 1767113.83063013991340995, 1100329.4463247200474143 1767113.95021555991843343, 1100337.30033195996657014 1767114.0554876399692148, 1100338.75983619992621243 1767114.07505804998800159, 1100344.3826768898870796 1767114.15068206004798412, 1100345.26330268010497093 1767114.16212368989363313, 1100349.57206539995968342 1767118.20105744991451502, 1100349.22825104999355972 1767155.50637062010355294, 1100349.15178050007671118 1767155.54270384996198118, 1100349.22245255997404456 1767156.13461135001853108, 1100349.17690544994547963 1767161.07284611999057233, 1100349.15692710992880166 1767163.24284723005257547, 1100349.16557857999578118 1767175.02678068005479872, 1100349.16935941996052861 1767180.17885626992210746, 1100354.44537606998346746 1767191.57750941999256611, 1100357.77230320009402931 1767198.37190662999637425, 1100358.60711488989181817 1767200.07835788000375032, 1100359.26650906004942954 1767201.42518011992797256))",SA001,142917,2723063000,35803045,54000,1994-01-01,SA005,4,80,146.53,,0,0,20119006912.0,1,80-DTC-94,IQT903,142917,SA005,,B,490,520,P0,1.0,1994-01-01,SS00201,,1994-01-01,DTC,True
"MultiLineString ((1100290.24908170010894537 1767109.62781908991746604, 1100291.74838026007637382 1767109.6556646500248462, 1100329.90214830008335412 1767110.3487742398865521, 1100351.09351836005225778 1767110.73451381991617382, 1100354.79051471990533173 1767107.14947754004970193, 1100371.17327276989817619 1767091.32159444992430508, 1100371.71297165006399155 1767091.34722959995269775, 1100372.4899245600681752 1767090.60488624009303749, 1100373.12119642994366586 1767090.00177256995812058))",SA001,245304,2723063000,35803045,54000,1994-01-01,SA005,4,80,91.3,,0,0,20119006912.0,1,80-DTC-94,IQT903,245304,SA005,,B,490,520,P0,1.0,1994-01-01,SS00201,,1994-01-01,DTC,True
"MultiLineString ((1099389.95033010002225637 1767174.07356010004878044, 1099379.91652989992871881 1767174.02314359997399151, 1099378.96879120008088648 1767174.01839180011302233, 1099376.29718340002000332 1767174.0266756999772042, 1099368.3981840000487864 1767174.05035759997554123))",SA001,72237,2723063100,35803045,54000,1993-01-01,SA005,13,25,21.56,,0,0,20119006912.0,1,25-STS-93,IQT903,72237,SA005,,B,461,520,P0,0.8,1993-01-01,SS00201,,1993-01-01,STS,True
"MultiLineString ((1100287.04117932007648051 1767048.54570354009047151, 1100287.26355476002208889 1767047.26926879002712667, 1100289.77549824002198875 1767036.73737336997874081, 1100290.60510644991882145 1767034.1304453699849546, 1100291.05183583009056747 1767032.69956521992571652))",SA001,38779,2723063000,35803045,54000,1992-01-01,SA005,4,100,16.36,,0,0,20119006912.0,1,100-DTC-92,IQT903,38779,SA005,,B,490,520,P0,1.0,1992-01-01,SS00201,,1992-01-01,DTC,True
"MultiLineString ((1100251.12597273988649249 1767021.46529050008393824, 1100251.04525575996376574 1767025.91126344003714621, 1100250.89438825007528067 1767034.1075795900542289))",SA001,72211,2723063000,35803045,54000,1991-01-01,SA005,13,25,12.65,,0,0,20119006912.0,1,25-STS-91,IQT903,72211,SA005,,B,490,520,P0,0.8,1991-01-01,SS00201,,1991-01-01,STS,True
"MultiLineString ((1100329.90214830008335412 1767110.3487742398865521, 1100330.03592082997784019 1767098.74184637004509568, 1100330.04993846989236772 1767097.55626154993660748))",SA001,411762,2723063000,35803045,54000,2008-03-04,SA005,13,50,12.8,,0,0,20089002054.0,1,50-STS-08,IQT903,411762,SA005,,B,490,520,P0,0.8,2008-03-04,SS00201,,2008-03-04,STS,True
"MultiLineString ((1100319.3880135000217706 1767043.36849933001212776, 1100316.88252805010415614 1767042.41933596995659173, 1100308.5614678799174726 1767039.31190738989971578, 1100306.98629598994739354 1767038.72371462010778487, 1100304.35507395002059639 1767037.74112179991789162, 1100293.9109418299049139 1767033.84090687008574605, 1100291.05183583009056747 1767032.69956521992571652))",SA001,418132,2723063000,35803045,54000,1993-01-01,SA005,4,100,30.29,,0,0,20119006912.0,1,100-DTC-93,IQT903,418132,SA005,,B,490,520,P0,1.0,1993-01-01,SS00201,,1993-01-01,DTC,True
"MultiLineString ((1100330.41263332008384168 1767047.47198426001705229, 1100320.115869150031358 1767044.15651542996056378, 1100319.84780057007446885 1767043.54490159009583294, 1100319.3880135000217706 1767043.36849933001212776))",SA001,418133,2723063000,35803045,54000,2009-06-15,SA005,4,100,11.98,,0,0,20099006235.0,1,100-DTC-09,IQT903,418133,SA005,,B,490,520,P0,1.0,2009-06-15,SS00201,,2009-06-15,DTC,True
"MultiLineString ((1099287.47724699997343123 1767050.9275742000900209, 1099287.45100650005042553 1767049.80597410001792014, 1099287.41250639990903437 1767048.18272539996542037, 1099287.21829749993048608 1767039.99851600010879338, 1099287.19665040005929768 1767039.09341010008938611, 1099286.93849679990671575 1767028.20939509989693761, 1099286.91377090010792017 1767027.14823379996232688, 1099286.6864183999132365 1767017.5824921999592334, 1099286.65162759996019304 1767016.08518490009009838, 1099286.36751629994250834 1767003.50844000000506639, 1099286.36018160008825362 1767003.18375599989667535, 1099285.65036839991807938 1767002.51353799994103611, 1099280.90251769684255123 1767001.8031102167442441, 1099279.69203809997998178 1767001.62198440008796751, 1099278.95287939999252558 1767000.74746949994005263, 1099279.03265709988772869 1766999.8885304001159966, 1099279.25197710003703833 1766995.9142958999145776, 1099279.30428029992617667 1766994.96692260005511343, 1099280.08065659995190799 1766980.89906649990007281, 1099279.58536139992065728 1766980.5175715999212116, 1099279.49489769991487265 1766980.10484039993025362, 1099279.71714020008221269 1766979.65081189991906285, 1099280.16656000004149973 1766979.34299989999271929, 1099280.18300709989853203 1766978.88791780010797083, 1099280.54480049991980195 1766978.4891198999248445, 1099281.19606880005449057 1766978.48884249990805984, 1099281.53811340010724962 1766978.96868679998442531, 1099281.52223760006017983 1766979.20367640000768006, 1099281.46539320005103946 1766980.04637570003978908))",SA001,418147,2723063100,35803045,54000,2009-06-08,SA005,13,50,81.22,,0,0,20099006238.0,1,50-STS-09,IQT903,418147,SA005,,B,461,520,P0,0.8,2009-06-08,SS00201,,2009-06-08,STS,True
"MultiLineString ((1099332.24739033682271838 1767181.99198622489348054, 1099347.07701750006526709 1767179.95319660007953644, 1099347.49332799995318055 1767182.94502139999531209, 1099347.54739789990708232 1767183.33276950009167194, 1099347.54739789990708232 1767183.33276950009167194))",SA001,456171,2723063100,35803045,54000,1996-01-01,SA005,13,25,18.0,,0,0,20119006912.0,1,25-STS-96,IQT903,456171,SA005,,B,461,520,P0,0.8,1996-01-01,SS00201,,1996-01-01,STS,True
"MultiLineString ((1100076.39974229992367327 1766941.76658951002173126, 1100078.95764490007422864 1766941.80655812006443739, 1100090.39499106002040207 1766941.98081506998278201))",SA001,177111,2723063000,35803045,54000,1995-01-01,SA005,13,20,14.0,,0,0,20119006912.0,1,20-STS-95,IQT903,177111,SA005,,B,490,520,P0,0.8,1995-01-01,SS00201,,1995-01-01,STS,True
"MultiLineString ((1100218.65887077990919352 1766918.42047977005131543, 1100218.04784052004106343 1766919.03277566004544497, 1100217.69604906998574734 1766919.38529371004551649, 1100216.95235645002685487 1766919.43872871994972229, 1100210.26173275988548994 1766931.55460111005231738, 1100207.90826551010832191 1766935.81599232996813953, 1100204.56877904990687966 1766941.86202995991334319, 1100203.84591793990693986 1766943.1718259199988097))",SA001,38780,2723063000,35803045,54000,1997-01-01,SA005,10,40,29.23,,0,0,20119006912.0,1,40-PFP-97,IQT903,38780,SA005,,B,490,520,P0,0.8,1997-01-01,SS00201,,1997-01-01,PFP,True
"MultiLineString ((1100014.94373940001241863 1766869.02131172991357744, 1100003.99119606008753181 1766868.85343289002776146, 1100002.00202875002287328 1766868.82213936001062393))",SA001,4696,2723063000,35803045,54000,1990-01-01,SA005,13,20,12.95,,0,0,20119006912.0,1,20-STS-90,IQT903,4696,SA005,,B,490,520,P0,0.8,1990-01-01,SS00201,,1990-01-01,STS,True
"MultiLineString ((1100018.06632164004258811 1766819.18360958993434906, 1100018.06327544990926981 1766817.41786307003349066, 1100018.04778992990031838 1766807.79734940989874303, 1100018.03385988995432854 1766798.79971420997753739, 1100018.02128842007368803 1766790.43595952005125582, 1100018.01911259000189602 1766788.93721215007826686))",SA001,107324,2723063000,35803045,54000,1995-01-01,SA005,4,80,30.26,,0,0,20119006912.0,1,80-DTC-95,IQT903,107324,SA005,,B,490,520,P0,1.0,1995-01-01,SS00201,,1995-01-01,DTC,True
"MultiLineString ((1100015.11789208999834955 1766805.98602795996703207, 1100013.9885657699778676 1766805.95577787002548575, 1100012.16363252000883222 1766805.90802769991569221, 1100002.19538386003114283 1766805.64422726002521813, 1100000.85616930993273854 1766805.60884619993157685))",SA001,211227,2723063000,35803045,54000,2004-10-18,SA005,13,50,14.27,,0,0,20119006912.0,1,50-STS-04,IQT903,211227,SA005,,B,490,520,P0,0.8,2004-10-18,SS00201,,2004-10-18,STS,True
"MultiLineString ((1100072.02220589993521571 1766943.49161951988935471, 1100062.69639979000203311 1766943.67077772994525731, 1100061.77405829005874693 1766943.68848295998759568, 1100058.58865597005933523 1766943.74994309991598129, 1100057.26154420990496874 1766943.77471374999731779))",SA001,177110,2723063000,35803045,54000,2015-10-06,SA005,13,25,14.77,,0,0,20159006586.0,1,25-STS-15,IQT903,177110,SA005,,B,490,520,P0,0.8,2015-10-06,SS00201,,2015-10-06,STS,True
"MultiLineString ((1100134.50207469007000327 1766908.31759887002408504, 1100145.27673423010855913 1766901.63173830998130143, 1100147.33511943998746574 1766900.35451608011499047, 1100148.12645899993367493 1766899.86365799000486732))",SA001,48166,2723063000,35803045,54000,2003-07-02,SA005,13,32,16.0,,0,0,20119006912.0,1,32-STS-03,IQT903,48166,SA005,,B,490,520,P0,0.8,2003-07-02,SS00201,,2003-07-02,STS,True
"MultiLineString ((1100376.3026313700247556 1767139.78148044995032251, 1100375.0044284900650382 1767137.37810298008844256, 1100372.5072651500813663 1767132.75788095011375844, 1100370.87361614010296762 1767129.73553845006972551))",SA001,72309,2723063000,35803045,54000,1991-01-01,SA005,13,20,11.42,,0,0,20119006912.0,1,20-STS-91,IQT903,72309,SA005,,B,490,520,P0,0.8,1991-01-01,SS00201,,1991-01-01,STS,True
"MultiLineString ((1100362.95521325990557671 1767199.56169895990751684, 1100362.32910029008053243 1767198.19938531005755067, 1100358.4968558200635016 1767189.85848079994320869, 1100353.04361164011061192 1767177.98950205999426544, 1100352.48229189007543027 1767176.76813333993777633, 1100352.55678833997808397 1767165.64123451989144087, 1100352.56622615992091596 1767164.2346349700819701, 1100352.57622967008501291 1767162.72352368989959359, 1100352.62380292010493577 1767155.53199657006189227, 1100352.64756039995700121 1767152.00396169000305235, 1100352.71572929993271828 1767141.68783425004221499, 1100352.72661604988388717 1767140.0277464899700135, 1100352.74296471010893583 1767137.56383648002520204, 1100352.76103927008807659 1767134.83571812999434769, 1100352.88100678008049726 1767116.7857339798938483, 1100354.88728491007350385 1767111.36117393989115953, 1100355.66081231995485723 1767110.65909270010888577, 1100373.01004577009007335 1767094.93237506994046271, 1100373.24430249002762139 1767094.3175797900184989, 1100373.11533689009957016 1767091.99641422997228801, 1100373.6059723999351263 1767091.51480863988399506, 1100374.28139828005805612 1767090.85178856994025409))",SA001,3776,2723063000,35803045,54000,1994-01-01,SA005,4,80,119.96,,0,0,20119006912.0,1,80-DTC-94,IQT903,3776,SA005,,B,490,520,P0,1.0,1994-01-01,SS00201,,1994-01-01,DTC,True
"MultiLineString ((1100126.5850221801083535 1766903.22487634001299739, 1100125.08534010988660157 1766903.22206813003867865, 1100120.10635955003090203 1766903.2121715999674052, 1100112.66988378996029496 1766903.19795833993703127, 1100102.85891490010544658 1766903.17848464008420706, 1100100.16243577003479004 1766903.17339090001769364, 1100098.44481929996982217 1766903.17021303996443748, 1100089.54202019004151225 1766902.99553347006440163, 1100079.01680398010648787 1766903.13227731990627944, 1100076.19039629003964365 1766903.12726653995923698, 1100072.00022994005121291 1766903.11841786000877619, 1100054.52080467995256186 1766903.08512816997244954, 1100044.1340189699549228 1766903.06490043993107975, 1100040.57375763007439673 1766903.0576641398947686, 1100037.70030899997800589 1766903.05193122010678053, 1100034.36362078995443881 1766903.04534765006974339, 1100029.26005014008842409 1766903.03533525997772813))",SA001,250048,2723063000,35803045,54000,1992-01-01,SA005,4,100,97.36,,0,0,20119006912.0,1,100-DTC-92,IQT903,250048,SA005,,B,490,520,P0,1.0,1992-01-01,SS00201,,1992-01-01,DTC,True
"MultiLineString ((1100015.91970012988895178 1766788.92222239007242024, 1100018.01911259000189602 1766788.93721215007826686, 1100019.04677904001437128 1766788.94389145006425679, 1100022.45898295007646084 1766784.55961828003637493, 1100029.51241061999462545 1766784.58305253996513784, 1100032.13875653990544379 1766784.59200969990342855, 1100044.98886394989676774 1766784.63379190000705421, 1100066.78598594991490245 1766784.70584130007773638, 1100071.92561276000924408 1766788.41144993994385004, 1100071.88472854997962713 1766795.88653829996474087, 1100071.84440958988852799 1766803.45647005992941558, 1100071.82818933995440602 1766806.49376759002916515, 1100071.80107311997562647 1766811.4771713400259614, 1100071.78432708000764251 1766814.5596883799880743, 1100074.6109635098837316 1766814.54979442991316319, 1100076.10977276996709406 1766814.54360505007207394))",SA001,212251,2723063000,35803045,54000,1988-01-01,SA005,4,80,89.85,,0,0,20119006912.0,1,80-DTC-88,IQT903,212251,SA005,,B,490,520,P0,1.0,1988-01-01,SS00201,,1988-01-01,DTC,True
"MultiLineString ((1100144.35930171003565192 1766832.53262191009707749, 1100133.63074411009438336 1766841.91403767000883818, 1100132.07111594011075795 1766843.28701349999755621, 1100133.27970453002490103 1766844.67921018996275961, 1100138.52470781002193689 1766850.72302817995660007))",SA001,72213,2723063000,35803045,54000,1989-01-01,SA005,13,25,26.18,,0,0,20119006912.0,1,25-STS-89,IQT903,72213,SA005,,B,490,520,P0,0.8,1989-01-01,SS00201,,1989-01-01,STS,True
"MultiLineString ((1100332.69150022999383509 1767046.78279311000369489, 1100332.30917636002413929 1767047.19483709009364247, 1100331.72901969007216394 1767047.70704498002305627, 1100331.21474880003370345 1767047.7714974801056087, 1100330.41263332008384168 1767047.47198426001705229))",SA001,245336,2723063000,35803045,54000,2009-05-25,SA005,4,100,2.71,,0,0,20099005354.0,1,100-DTC-09,IQT903,245336,SA005,,B,490,520,P0,1.0,2009-05-25,SS00201,,2009-05-25,DTC,True
"MultiLineString ((1100018.45264448993839324 1766773.66554172988981009, 1100018.5056316799018532 1766766.37859737989492714, 1100018.56012739008292556 1766758.92570141004398465, 1100018.77529950998723507 1766728.79964319989085197, 1100019.30770601006224751 1766728.00910441996529698, 1100019.38447084999643266 1766727.8950662100687623, 1100019.95488411001861095 1766727.04820440988987684))",SA001,142909,2723063000,35803045,54000,1989-01-01,SA005,10,50,46.99,,0,0,20119006912.0,1,50-PFP-89,IQT903,142909,SA005,,B,490,520,P0,0.8,1989-01-01,SS00201,,1989-01-01,PFP,True
"MultiLineString ((1100075.31780254002660513 1766778.6428506700322032, 1100073.88438692991621792 1766779.08190980996005237, 1100069.17524404008872807 1766780.52495574997738004, 1100063.16884671989828348 1766780.48850926989689469, 1100035.4573065999429673 1766780.31736025004647672, 1100032.20220484002493322 1766780.29779682005755603, 1100022.20396717009134591 1766780.23550278996117413, 1100018.44082809006795287 1766775.1650288300588727, 1100018.45264448993839324 1766773.66554172988981009))",SA001,4697,2723063000,35803045,54000,1995-01-01,SA005,4,100,61.23,,0,0,20119006912.0,1,100-DTC-95,IQT903,4697,SA005,,B,490,520,P0,1.0,1995-01-01,SS00201,,1995-01-01,DTC,True
"MultiLineString ((1100016.94593176990747452 1766953.9937894600443542, 1100034.83362927008420229 1766954.26723593007773161, 1100039.83217027992941439 1766954.34335187007673085, 1100041.15906886011362076 1766954.36355290003120899, 1100043.66203029989264905 1766954.40166752994991839))",SA001,211225,2723063000,35803045,54000,1988-01-01,SA005,13,25,26.73,,0,0,20119006912.0,1,25-STS-88,IQT903,211225,SA005,,B,490,520,P0,0.8,1988-01-01,SS00201,,1988-01-01,STS,True
"MultiLineString ((1100017.24363404000177979 1766936.21946356003172696, 1100030.88807900995016098 1766936.42726488993503153, 1100032.54560800991021097 1766936.44378223991952837, 1100033.17996078007854521 1766936.45006714994087815))",SA001,212249,2723063000,35803045,54000,1991-01-01,SA005,13,25,15.94,,0,0,20129000005.0,1,25-STS-91,IQT903,212249,SA005,,B,490,520,P0,0.8,1991-01-01,SS00201,,1991-01-01,STS,True
"MultiLineString ((1100076.19098939001560211 1766816.04157277010381222, 1100076.29324087011627853 1766817.92678232002072036, 1100076.24449633993208408 1766857.9570108400657773, 1100076.22536134999245405 1766873.65495168999768794, 1100076.22041814005933702 1766877.8906582600902766, 1100076.21168473991565406 1766885.38168113003484905, 1100076.20579757005907595 1766889.83980527007952332, 1100076.19222257006913424 1766901.62754155998118222, 1100076.19039629003964365 1766903.12726653995923698))",SA001,81504,2723063000,35803045,54000,1995-01-01,SA005,4,80,87.11,,0,0,20119006912.0,1,80-DTC-95,IQT903,81504,SA005,,B,490,520,P0,1.0,1995-01-01,SS00201,,1995-01-01,DTC,True
"MultiLineString ((1100018.10271780006587505 1766842.46403846004977822, 1100018.08885085000656545 1766833.52637072000652552, 1100018.08343380992300808 1766830.20693259011022747, 1100018.06810918007977307 1766820.25042917998507619, 1100018.06632164004258811 1766819.18360958993434906))",SA001,107323,2723063000,35803045,54000,1995-01-01,SA005,13,25,23.29,,0,0,20119006912.0,1,25-STS-95,IQT903,107323,SA005,,B,490,520,P0,0.8,1995-01-01,SS00201,,1995-01-01,STS,True
"MultiLineString ((1100162.78865495999343693 1766952.79066490009427071, 1100168.30691060004755855 1766948.766460350016132, 1100173.08012737007811666 1766945.28573369001969695, 1100175.83833506004884839 1766943.27413654001429677, 1100176.08800365007482469 1766943.09096678998321295, 1100176.29225437995046377 1766942.94213645998388529, 1100176.51771852001547813 1766942.77754524000920355))",SA001,107320,2723063000,35803045,54000,1992-01-01,SA005,10,40,17.0,,0,0,20119006912.0,1,40-PFP-92,IQT903,107320,SA005,,B,490,520,P0,0.8,1992-01-01,SS00201,,1992-01-01,PFP,True
"MultiLineString ((1100148.64585523004643619 1766930.55513499001972377, 1100151.54106271010823548 1766928.86554680997505784, 1100155.76589756994508207 1766926.40029700007289648, 1100160.82700409996323287 1766923.44698439002968371, 1100162.34216460003517568 1766922.56221085996367037, 1100163.00900021009147167 1766922.17342848004773259))",SA001,245204,2723063000,35803045,54000,1990-01-01,SA005,13,25,16.63,,0,0,20119006912.0,1,25-STS-90,IQT903,245204,SA005,,B,490,520,P0,0.8,1990-01-01,SS00201,,1990-01-01,STS,True
"MultiLineString ((1100071.78432708000764251 1766814.5596883799880743, 1100071.75881810998544097 1766819.2554963999427855, 1100071.70952915004454553 1766828.39913131995126605, 1100071.72499976004473865 1766830.20409205998294055, 1100071.68822597991675138 1766832.42408617003820837, 1100071.64811012009158731 1766839.71920250006951392, 1100071.63132669008336961 1766841.93360789003781974, 1100071.41962145990692079 1766863.45155084994621575))",SA001,38783,2723063000,35803045,54000,1989-01-01,SA005,5,50,48.91,,0,0,20119006912.0,1,50-EPS-89,IQT903,38783,SA005,,B,490,520,P0,0.8,1989-01-01,SS00201,,1989-01-01,EPS,True
"MultiLineString ((1100029.26005014008842409 1766903.03533525997772813, 1100023.25927703990601003 1766903.02393062994815409, 1100022.71841760003007948 1766903.02273065992631018, 1100017.74658705992624164 1766906.21944051003083587, 1100017.72070726007223129 1766907.71876786998473108, 1100017.62238261010497808 1766913.58617344009689987, 1100017.47735474002547562 1766915.83721180004067719, 1100017.46481022005900741 1766916.59586529992520809, 1100017.44253090000711381 1766924.34560727002099156, 1100017.40434911008924246 1766926.58961089001968503, 1100017.24363404000177979 1766936.21946356003172696, 1100017.16136167990043759 1766941.10333884996362031, 1100016.94593176990747452 1766953.9937894600443542, 1100016.81454849010333419 1766961.83539984002709389, 1100016.77544817002490163 1766964.13739068992435932, 1100016.6641803199891001 1766970.78385358001105487, 1100016.62063706992194057 1766973.38440166995860636, 1100016.4152689001057297 1766985.62115821009501815, 1100016.40621235989965498 1766988.07829920994117856, 1100016.36990528996102512 1766997.9212640100158751, 1100016.36380162998102605 1766999.50391041999682784, 1100016.33902210998348892 1767006.34288642997853458))",SA001,107321,2723063000,35803045,54000,1995-01-01,SA005,10,80,112.62,,0,0,20119006912.0,1,80-PFP-95,IQT903,107321,SA005,,B,490,520,P0,1.0,1995-01-01,SS00201,,1995-01-01,PFP,True
"MultiLineString ((1100361.48746222001500428 1767077.12123433989472687, 1100355.29138898989185691 1767082.88560338993556798, 1100352.07397431996650994 1767085.87884173006750643, 1100351.32753021991811693 1767086.57232696004211903))",SA001,245303,2723063000,35803045,54000,1992-01-01,SA005,13,25,13.88,,0,0,20119006912.0,1,25-STS-92,IQT903,245303,SA005,,B,490,520,P0,0.8,1992-01-01,SS00201,,1992-01-01,STS,True
"MultiLineString ((1100404.87870346009731293 1767125.12650184007361531, 1100405.47664678003638983 1767124.69741414999589324, 1100406.07314184005372226 1767124.26939913001842797, 1100405.45202220999635756 1767123.52176366001367569, 1100404.88533011008985341 1767123.89386311010457575, 1100404.39529629005119205 1767123.67426731996238232, 1100403.86549314996227622 1767123.87267620000056922, 1100403.43781515001319349 1767124.22894223011098802, 1100403.48204351007007062 1767124.81522206007502973, 1100402.46995632001198828 1767125.47972736996598542, 1100402.30753716989420354 1767126.42580680991522968, 1100399.4084136700257659 1767127.84357566991820931, 1100388.81388866994529963 1767133.31723002996295691, 1100387.32543132989667356 1767134.08638226008042693, 1100376.3026313700247556 1767139.78148044995032251, 1100374.12040774989873171 1767140.90876539004966617, 1100372.38651923998259008 1767141.80449847993440926, 1100371.91381023009307683 1767142.04920792998746037, 1100358.17404287005774677 1767149.14864348992705345, 1100355.66677333996631205 1767150.44432480004616082, 1100353.9797829301096499 1767151.31537054991349578, 1100352.64756039995700121 1767152.00396169000305235))",SA001,265864,2723063000,35803045,54000,1997-01-01,SA005,10,50,63.42,,0,0,20119006912.0,1,50-PFP-97,IQT903,265864,SA005,,B,490,520,P0,0.8,1997-01-01,SS00201,,1997-01-01,PFP,True
"MultiLineString ((1100148.12645899993367493 1766899.86365799000486732, 1100154.74772804998792708 1766895.69824289996176958))",SA001,250103,2723063000,35803045,54000,2002-01-01,SA005,13,25,7.82,,0,0,20119006912.0,1,25-STS-02,IQT903,250103,SA005,,B,490,520,P0,0.8,2002-01-01,SS00201,,2002-01-01,STS,True
"MultiLineString ((1100119.92541275010444224 1766885.22260223003104329, 1100137.29155693994835019 1766872.47639171010814607, 1100139.16211619996465743 1766871.35338940005749464))",SA001,465919,2723063000,35803045,54000,2020-07-24,SA005,13,40,22.0,,0,0,20209008136.0,1,40-STS-20,IQT903,465919,SA005,,B,490,520,P0,0.8,2020-07-24,SS00201,,2020-07-24,STS,True
"MultiLineString ((1100291.05183583009056747 1767032.69956521992571652, 1100289.65849625994451344 1767032.14642120990902185, 1100288.26420196006074548 1767031.59329063002951443, 1100280.21223239996470511 1767028.39819079008884728, 1100263.38784708990715444 1767021.72306752996519208, 1100246.68970457999967039 1767015.09783379989676178, 1100235.40493230009451509 1767010.62070397008210421, 1100231.97228895989246666 1767009.25868191011250019, 1100211.91002479009330273 1767001.29945890000090003, 1100203.04882459994405508 1766995.245491289999336, 1100199.22921342006884515 1766992.63577764993533492, 1100193.4355942199472338 1766988.67618728009983897, 1100189.05698250001296401 1766984.03929893998429179, 1100179.93777768989093602 1766974.37913883989676833, 1100178.09510555001907051 1766972.42728937999345362, 1100176.89250446995720267 1766971.15348868002183735, 1100173.85532621992751956 1766967.93635704996995628, 1100171.54858217993751168 1766965.49287849990651011, 1100169.46261405991390347 1766963.28347514010965824, 1100162.78865495999343693 1766952.79066490009427071, 1100157.47281063999980688 1766944.4341531100217253, 1100156.66829513991251588 1766943.16812006989493966, 1100154.56061750999651849 1766939.85464537004008889, 1100150.98737645009532571 1766934.23716428992338479, 1100148.64585523004643619 1766930.55513499001972377, 1100142.41121196001768112 1766920.75290224002674222, 1100136.30646574008278549 1766911.15564063005149364, 1100134.50207469007000327 1766908.31759887002408504, 1100133.48952281009405851 1766906.7264452800154686, 1100128.37883064989000559 1766898.62502255011349916, 1100127.12413007998839021 1766896.63573699002154171, 1100121.81939387996681035 1766888.22490565991029143, 1100119.92541275010444224 1766885.22260223003104329, 1100113.45678230002522469 1766874.9678445199970156, 1100106.19249897007830441 1766863.45126146008260548, 1100104.8482008499559015 1766861.32014546007849276, 1100104.44679481000639498 1766860.43321087001822889, 1100098.01805498008616269 1766846.24477292993105948, 1100096.89209948992356658 1766843.76007312000729144, 1100095.91937317000702024 1766840.99372668005526066, 1100092.19642842002213001 1766830.39883248996920884, 1100090.62668774998746812 1766825.93269177991896868, 1100090.14376376010477543 1766824.55865342007018626, 1100082.04523326992057264 1766801.51428703009150922, 1100078.52928770007565618 1766791.50951918005011976, 1100075.31780254002660513 1766778.6428506700322032, 1100072.75283589004538953 1766768.03864201996475458, 1100072.42296112002804875 1766766.8518781301099807, 1100073.08950338000431657 1766766.17858685995452106, 1100072.99906220007687807 1766764.9468457899056375, 1100073.69501292007043958 1766764.13725641998462379, 1100074.30040903994813561 1766763.11468157009221613))",SA001,75978,2723063000,35803045,54000,1993-01-01,SA005,4,100,367.76,,0,0,20119006912.0,1,100-DTC-93,IQT903,75978,SA005,,B,490,520,P0,1.0,1993-01-01,SS00201,,1993-01-01,DTC,True
"MultiLineString ((1100079.01680398010648787 1766903.13227731990627944, 1100079.0169985699467361 1766904.63203333993442357, 1100079.01774054998531938 1766906.02480688993819058, 1100076.54566747997887433 1766907.76384396990761161, 1100076.53488656994886696 1766910.37724817008711398, 1100076.50708873011171818 1766916.88627900998108089, 1100076.49938075011596084 1766918.68319163005799055, 1100076.45833813003264368 1766928.26785899000242352, 1100076.44606584007851779 1766931.04423922998830676, 1100076.43598766997456551 1766933.28266683011315763, 1100076.40511926007457078 1766940.50375317991711199, 1100076.39974229992367327 1766941.76658951002173126, 1100076.35515513992868364 1766952.24413116998039186, 1100076.31621003011241555 1766961.36291094007901847, 1100076.25860145990736783 1766974.59972415002994239, 1100076.24907319992780685 1766976.93215269991196692, 1100076.20653030998073518 1766986.81376616004854441, 1100076.19820828991942108 1766988.74025997007265687, 1100076.17157931998372078 1766994.9096949000377208, 1100076.15425877994857728 1766998.9128130900207907, 1100076.15330111002549529 1766999.14893065998330712, 1100076.13625015993602574 1767003.31370436004363, 1100076.10442529991269112 1767010.58601149008609354, 1100076.09723288007080555 1767012.24323471006937325, 1100076.06831779005005956 1767018.93096890999004245, 1100076.03109585004858673 1767027.67585460003465414, 1100075.9923446299508214 1767036.65566997998394072, 1100075.9737553799059242 1767041.09069059998728335, 1100075.95322424010373652 1767045.78752967994660139))",SA001,18681,2723063000,35803045,54000,1988-01-01,SA005,4,80,143.98,,0,0,20119006912.0,1,80-DTC-88,IQT903,18681,SA005,,B,490,520,P0,1.0,1988-01-01,SS00201,,1988-01-01,DTC,True
"MultiLineString ((1100032.20220484002493322 1766780.29779682005755603, 1100032.18701919005252421 1766781.35837609996087849, 1100032.15389271988533437 1766783.53648302005603909, 1100032.13875653990544379 1766784.59200969990342855))",SA001,143884,2723063000,35803045,54000,1995-01-01,SA005,4,100,4.3,,0,0,20119006912.0,1,100-DTC-95,IQT903,143884,SA005,,B,490,520,P0,1.0,1995-01-01,SS00201,,1995-01-01,DTC,True
"MultiLineString ((1100178.83067903993651271 1766872.26694362005218863, 1100178.51844414998777211 1766872.54631790006533265, 1100177.97091526002623141 1766873.03625851008109748, 1100177.19438582006841898 1766873.73096646997146308, 1100176.356146439909935 1766873.71809872006997466, 1100175.78999598999507725 1766874.18846646999008954))",SA001,418134,2723063000,35803045,54000,2009-05-25,SA005,13,40,3.77,,0,0,20099005354.0,1,40-STS-09,IQT903,418134,SA005,,B,490,520,P0,0.8,2009-05-25,SS00201,,2009-05-25,STS,True
"MultiLineString ((1100044.71543287998065352 1766817.75181060004979372, 1100044.77221901994198561 1766810.93985547008924186, 1100044.78030866989865899 1766809.95016691996715963, 1100044.83491284004412591 1766803.28217095998115838, 1100044.86001910991035402 1766800.31707661994732916, 1100044.87963443994522095 1766797.91085570002906024, 1100044.89306198991835117 1766796.30824850988574326, 1100044.9242519699037075 1766792.49144768994301558, 1100044.98886394989676774 1766784.63379190000705421))",SA001,443336,2723063000,35803045,54000,1990-01-01,SA005,5,40,33.13,,0,0,20119006912.0,1,40-EPS-90,IQT903,443336,SA005,,B,490,520,P0,0.8,1990-01-01,SS00201,,1990-01-01,EPS,True
"MultiLineString ((1099844.09431882994249463 1766840.04581574001349509, 1099844.00643436005339026 1766844.6296853800304234, 1099843.95482999994419515 1766847.2963914000429213, 1099843.84355948003940284 1766853.09461652999743819, 1099843.71628187992610037 1766859.74355301004834473, 1099843.70188259007409215 1766860.4931938499212265, 1099843.68761114007793367 1766861.23084896989166737))",SA001,73278,2723063000,35803045,54000,1993-01-01,SA005,13,25,21.2,,0,0,20119006912.0,1,25-STS-93,IQT903,73278,SA005,,B,490,520,P0,0.8,1993-01-01,SS00201,,1993-01-01,STS,True
"MultiLineString ((1099973.22840432007797062 1767045.32270982000045478, 1099984.23070423002354801 1767045.3728857699315995, 1099988.78657701006159186 1767045.39369537006132305, 1100001.20153656997717917 1767045.44983620010316372, 1100013.42852540011517704 1767045.50508465990424156, 1100016.19384642993099988 1767045.5171882500872016, 1100046.63937202002853155 1767045.65495331003330648, 1100047.98591574002057314 1767045.66097003989852965, 1100048.19325753999873996 1767045.66190710989758372, 1100058.61745579005219042 1767045.7084300999995321, 1100071.50734444009140134 1767045.76675227005034685, 1100075.95322424010373652 1767045.78752967994660139, 1100093.46993639995343983 1767045.86634689988568425, 1100099.04363568010739982 1767045.89121506991796196, 1100109.49980039009824395 1767045.93850952992215753, 1100112.03570940997451544 1767045.94998293998651206, 1100126.49085539998486638 1767046.01532113994471729, 1100129.05421210988424718 1767046.02738436008803546, 1100132.15246263006702065 1767046.04156689997762442, 1100133.65209821006283164 1767046.04740712000057101, 1100139.48071040003560483 1767046.0742233800701797, 1100147.13139644009061158 1767046.13577709998935461, 1100150.69631813000887632 1767046.16504065995104611, 1100160.35543272993527353 1767046.24319313000887632, 1100164.97102189995348454 1767046.28047257009893656, 1100171.16017330996692181 1767046.3304542601108551, 1100176.42860361002385616 1767046.37303931009955704, 1100188.76294452999718487 1767046.47288928995840251, 1100195.00810210988856852 1767046.52302889991551638, 1100207.77125086006708443 1767046.62645777990110219, 1100212.15595357003621757 1767046.66221410990692675, 1100238.66992915002629161 1767046.87662607990205288, 1100238.89098624000325799 1767046.87841940997168422, 1100260.32453482993878424 1767047.05094267008826137, 1100270.34657160006463528 1767047.13256096001714468, 1100285.7639816899318248 1767047.25747778988443315, 1100287.26355476002208889 1767047.26926879002712667))",SA001,107322,2723063000,35803045,54000,1991-01-01,SA005,4,150,314.13,,0,0,20119006912.0,1,150-DTC-91,IQT903,107322,SA005,,B,490,520,P0,1.1,1991-01-01,SS00201,,1991-01-01,DTC,True
"MultiLineString ((1099968.25790679990313947 1766845.26023384998552501, 1099980.39991268003359437 1766845.38320408994331956, 1099981.0486739301122725 1766845.38906428008340299))",SA001,106332,2723063000,35803045,54000,1992-01-01,SA005,13,20,12.8,,0,0,20119006912.0,1,20-STS-92,IQT903,106332,SA005,,B,490,520,P0,0.8,1992-01-01,SS00201,,1992-01-01,STS,True
"MultiLineString ((1100199.20379237993620336 1766996.93066092999652028, 1100198.98444047989323735 1766997.61514038010500371, 1100197.5518416000995785 1766998.06128591997548938, 1100195.73860894003883004 1766998.62651855009607971, 1100195.1358633900526911 1766998.81434671999886632, 1100195.13249316997826099 1767000.15309901000000536, 1100195.10449225991033018 1767010.58881619991734624, 1100195.07980670989491045 1767019.75882939994335175, 1100195.06699430011212826 1767024.60576138994656503, 1100195.05650296993553638 1767028.37796313990838826, 1100195.03057262999936938 1767038.15388341993093491, 1100195.01786588993854821 1767043.12375409994274378, 1100195.01295996992848814 1767045.02337794005870819, 1100195.00810210988856852 1767046.52302889991551638))",SA001,4693,2723063000,35803045,54000,1988-01-01,SA005,5,40,52.47,,0,0,20119006912.0,1,40-EPS-88,IQT903,4693,SA005,,B,490,520,P0,0.8,1988-01-01,SS00201,,1988-01-01,EPS,True
"MultiLineString ((1100129.51246086996980011 1766907.3617463898845017, 1100129.48666439997032285 1766908.86113175004720688, 1100129.31717140995897353 1766918.74279138003475964, 1100129.28201218997128308 1766920.78990153991617262, 1100129.26234461995773017 1766921.95038468996062875, 1100129.24345577997155488 1766931.13250058004632592, 1100129.23901864001527429 1766933.39299730001948774, 1100129.23089200002141297 1766937.5982794500887394, 1100129.22403393988497555 1766941.13204557006247342, 1100129.21880135009996593 1766943.84486202010884881, 1100129.21450876002199948 1766945.89842583006247878, 1100129.1960120799485594 1766955.23416992998681962, 1100129.19324279995635152 1766956.61425640992820263, 1100129.19062915001995862 1766958.23292007995769382, 1100129.16917668003588915 1766968.89869146002456546, 1100129.16409168997779489 1766971.2672078600153327, 1100129.14406007993966341 1766981.57704794011078775, 1100129.14055691007524729 1766983.26462016999721527, 1100129.13773377006873488 1766984.61345921992324293, 1100129.11858273996040225 1766994.66839883988723159, 1100129.0940930899232626 1767006.91082835989072919, 1100129.08927374007180333 1767009.58937253011390567, 1100129.06953640002757311 1767019.6202716298867017, 1100129.05369513994082808 1767027.48263686988502741, 1100129.03640337008982897 1767036.30082305008545518, 1100129.05166744999587536 1767044.61858057999052107, 1100129.05421210988424718 1767046.02738436008803546))",SA001,143878,2723063000,35803045,54000,1992-01-01,SA005,4,100,138.71,,0,0,20119006912.0,1,100-DTC-92,IQT903,143878,SA005,,B,490,520,P0,1.0,1992-01-01,SS00201,,1992-01-01,DTC,True
"MultiLineString ((1100071.5737750600092113 1767007.46456725988537073, 1100057.07553329993970692 1767007.38672198005951941, 1100056.53271245001815259 1767007.38344228989444673, 1100051.65268888999707997 1767007.35746060009114444, 1100049.57547780009917915 1767007.34645977988839149, 1100045.47952522989362478 1767007.325046919984743))",SA001,246252,2723063000,35803045,54000,1989-01-01,SA005,5,40,26.1,,0,0,20119006912.0,1,40-EPS-89,IQT903,246252,SA005,,B,490,520,P0,0.8,1989-01-01,SS00201,,1989-01-01,EPS,True
"MultiLineString ((1100001.20153656997717917 1767045.44983620010316372, 1100001.25420201011002064 1767036.47621646989136934, 1100001.31742899003438652 1767025.69904670002870262, 1100001.37206670991145074 1767016.33356928988359869, 1100001.38404481997713447 1767014.16709754010662436))",SA001,246253,2723063000,35803045,54000,1995-01-01,SA005,13,25,31.29,,0,0,20119006912.0,1,25-STS-95,IQT903,246253,SA005,,B,490,520,P0,0.8,1995-01-01,SS00201,,1995-01-01,STS,True
"MultiLineString ((1100172.00121536990627646 1766970.36893738992512226, 1100170.03080750000663102 1766975.08107247995212674, 1100168.95167957991361618 1766977.66218700003810227, 1100166.38151125004515052 1766983.80695122992619872, 1100165.28369870991446078 1766986.43477512011304498, 1100163.74906459008343518 1766990.10412882990203798, 1100163.20322774001397192 1766991.40920238010585308, 1100162.35968598001636565 1766993.42604781989939511, 1100158.90645448002032936 1767001.6859279100317508, 1100158.10750071005895734 1767003.59447361994534731))",SA001,73234,2723063000,35803045,54000,1992-01-01,SA005,10,40,36.02,,0,0,20119006912.0,1,40-PFP-92,IQT903,73234,SA005,,B,490,520,P0,0.8,1992-01-01,SS00201,,1992-01-01,PFP,True
"MultiLineString ((1100129.0940930899232626 1767006.91082835989072919, 1100117.030103649944067 1767006.92108237999491394, 1100113.72959916992112994 1767006.92384037002921104, 1100112.21891004010103643 1767006.92482113000005484))",SA001,4695,2723063000,35803045,54000,1999-01-01,SA005,13,25,16.88,,0,0,20119006912.0,1,25-STS-99,IQT903,4695,SA005,,B,490,520,P0,0.8,1999-01-01,SS00201,,1999-01-01,STS,True
"MultiLineString ((1100071.79571309010498226 1766973.52893539005890489, 1100057.17066790000535548 1766973.30610700999386609))",SA001,245201,2723063000,35803045,54000,1990-01-01,SA005,13,25,14.63,,0,0,20119006912.0,1,25-STS-90,IQT903,245201,SA005,,B,490,520,P0,0.8,1990-01-01,SS00201,,1990-01-01,STS,True
"MultiLineString ((1100224.78425926994532347 1767011.11583438003435731, 1100224.84476129990071058 1767025.91413153009489179, 1100224.84548316989094019 1767026.26212277007289231))",SA001,72210,2723063000,35803045,54000,1991-01-01,SA005,10,40,15.15,,0,0,20119006912.0,1,40-PFP-91,IQT903,72210,SA005,,B,490,520,P0,0.8,1991-01-01,SS00201,,1991-01-01,PFP,True
"MultiLineString ((1100246.01614141999743879 1766949.85989330010488629, 1100238.11840725992806256 1766963.81923131993971765, 1100237.5517691399436444 1766963.52948153996840119, 1100236.5727015701122582 1766963.02882350003346801, 1100234.66093536000698805 1766962.05191391007974744))",SA001,3675,2723063000,35803045,54000,1988-01-01,SA005,13,25,19.93,,0,0,20119006912.0,1,25-STS-88,IQT903,3675,SA005,,B,490,520,P0,0.8,1988-01-01,SS00201,,1988-01-01,STS,True
"MultiLineString ((1100126.25185536011122167 1767051.20378387998789549, 1100126.98152741999365389 1767051.2169225700199604, 1100128.47200717008672655 1767052.81036018999293447, 1100128.44681053003296256 1767054.39863774995319545, 1100128.42562186997383833 1767055.65817149006761611))",SA001,316651,2723063000,35803045,54000,2005-08-11,SA005,4,150,5.76,,0,0,2005540000000.0,1,150-DTC-05,IQT903,316651,SA005,,B,480,520,P0,1.1,2005-08-11,SS00201,,2005-08-11,DTC,True
"MultiLineString ((1100188.76294452999718487 1767046.47288928995840251, 1100188.79751507006585598 1767045.51754852989688516, 1100188.85989386006258428 1767043.84985795989632607, 1100188.86582987010478973 1767043.32602775003761053, 1100191.39298463007435203 1767040.99092234997078776, 1100191.5808109799399972 1767026.56131983990781009, 1100191.69991257996298373 1767017.49174589989706874, 1100191.7228460400365293 1767015.72535841003991663, 1100191.7501621600240469 1767013.60215853992849588, 1100191.92671601008623838 1767000.1042790599167347, 1100191.93496709992177784 1766999.43146636011078954, 1100191.95766738010570407 1766997.74609751999378204))",SA001,4694,2723063000,35803045,54000,1988-01-01,SA005,5,40,49.85,,0,0,20119006912.0,1,40-EPS-88,IQT903,4694,SA005,,B,490,520,P0,0.8,1988-01-01,SS00201,,1988-01-01,EPS,True
"MultiLineString ((1100132.15246263006702065 1767046.04156689997762442, 1100132.15027552004903555 1767044.54180808993987739, 1100132.13410135009326041 1767035.89014972001314163, 1100132.11351187992841005 1767025.03164891991764307, 1100132.10252415994182229 1767018.9846004699356854, 1100132.09959177998825908 1767017.34684540005400777, 1100132.08607471990399063 1767009.63394577009603381, 1100132.07036398001946509 1767001.18428859999403358, 1100132.06723529007285833 1766999.51542426995001733, 1100132.05009910999797285 1766990.33382203988730907, 1100132.03379485988989472 1766981.3631823300383985, 1100132.00000723008997738 1766963.22982904990203679, 1100131.99196965992450714 1766959.81966963992454112, 1100131.9632010399363935 1766947.62841593008488417, 1100131.96503696008585393 1766943.93168600997887552, 1100131.94501792010851204 1766932.96631545992568135, 1100131.91072236001491547 1766914.60799566004425287, 1100132.35920004989020526 1766914.17692232993431389, 1100133.43981436011381447 1766913.13755498989485204))",SA001,143877,2723063000,35803045,54000,1993-01-01,SA005,4,80,133.59,,0,0,20119006912.0,1,80-DTC-93,IQT903,143877,SA005,,B,490,520,P0,1.0,1993-01-01,SS00201,,1993-01-01,DTC,True
"MultiLineString ((1099964.83255232009105384 1766840.29988661990500987, 1099963.20518534001894295 1766840.2772353698965162, 1099961.72329616011120379 1766840.25659273006021976, 1099947.79100713995285332 1766840.23182861995883286, 1099947.15623845998197794 1766840.23070318996906281, 1099946.37307560001499951 1766840.22918074997141957, 1099941.13845847989432514 1766840.21901063993573189, 1099925.11370938993059099 1766840.19098584004677832, 1099920.46273509995080531 1766840.18213893007487059, 1099899.24904704000800848 1766840.14397140010260046, 1099896.15863267006352544 1766840.13886692002415657, 1099860.36394239007495344 1766840.07465183991007507, 1099855.08902780991047621 1766840.06529488996602595, 1099844.09431882994249463 1766840.04581574001349509, 1099825.69898520992137492 1766840.01259089005179703, 1099822.18216387997381389 1766840.00675206002779305, 1099821.203943399945274 1766840.00512696988880634, 1099814.28533169999718666 1766839.99274460994638503, 1099811.59806763008236885 1766838.33411034010350704, 1099810.90659889997914433 1766838.30858833994716406, 1099809.40871422993950546 1766838.25280394009314477))",SA001,116528,2723063000,35803045,54000,1993-01-01,SA005,4,80,155.94,,0,0,20119006912.0,1,80-DTC-93,IQT903,116528,SA005,,B,490,520,P0,1.0,1993-01-01,SS00201,,1993-01-01,DTC,True
"MultiLineString ((1100160.47887030988931656 1767034.66011665994301438, 1100160.53229201002977788 1767029.67147229006513953, 1100160.54037978989072144 1767028.91603470011614263, 1100160.54537611990235746 1767028.3912355899810791, 1100160.55638239998370409 1767027.35973275010474026, 1100160.62266195006668568 1767021.14764237008057535, 1100160.63122069998644292 1767020.38895540009252727))",SA001,3673,2723063000,35803045,54000,1989-01-01,SA005,13,25,14.28,,0,0,20119006912.0,1,25-STS-89,IQT903,3673,SA005,,B,490,520,P0,0.8,1989-01-01,SS00201,,1989-01-01,STS,True
"MultiLineString ((1099809.40457008010707796 1766834.12440160010010004, 1099810.90452041989192367 1766834.11328881001099944, 1099812.48844023002311587 1766834.10037684999406338, 1099814.19347057002596557 1766835.71706599998287857, 1099824.82863842998631299 1766835.77271594991907477, 1099830.29037260008044541 1766835.80125178000889719, 1099831.2590964799746871 1766835.80702642002142966, 1099847.35037471004761755 1766835.89185579004697502, 1099850.7400873398873955 1766835.90978043992072344, 1099864.43116417992860079 1766835.98171208007261157, 1099869.38600205001421273 1766836.00771650997921824, 1099877.89909789990633726 1766836.05246421997435391, 1099893.35513932001776993 1766836.1339150199200958, 1099902.1639200400095433 1766836.18005740991793573, 1099912.3182946399319917 1766836.23371701990254223, 1099923.51322212000377476 1766836.2922044899314642, 1099925.97297105006873608 1766836.30506177991628647, 1099927.10749951004981995 1766836.31096728006377816, 1099951.11551715992391109 1766836.43762222002260387, 1099963.36117007001303136 1766836.50221665995195508, 1099963.63562961993739009 1766836.50365048996172845, 1099964.86082949000410736 1766836.51010562991723418))",SA001,215096,2723063000,35803045,54000,1988-01-01,SA005,4,80,156.15,,0,0,20119006912.0,1,80-DTC-88,IQT903,215096,SA005,,B,490,520,P0,1.0,1988-01-01,SS00201,,1988-01-01,DTC,True
"MultiLineString ((1100076.31621003011241555 1766961.36291094007901847, 1100080.38557228003628552 1766961.42484720004722476, 1100091.77300215000286698 1766961.59729988011531532, 1100095.32450250000692904 1766961.65041602007113397))",SA001,37742,2723063000,35803045,54000,1992-01-01,SA005,13,25,19.02,,0,0,20119006912.0,1,25-STS-92,IQT903,37742,SA005,,B,490,520,P0,0.8,1992-01-01,SS00201,,1992-01-01,STS,True
"MultiLineString ((1100046.63937202002853155 1767045.65495331003330648, 1100046.67911397991701961 1767043.04603663994930685, 1100046.83100538002327085 1767032.9451305998954922, 1100046.83486501011066139 1767032.68822652008384466))",SA001,106330,2723063000,35803045,54000,1988-01-01,SA005,13,20,12.97,,0,0,20119006912.0,1,20-STS-88,IQT903,106330,SA005,,B,490,520,P0,0.8,1988-01-01,SS00201,,1988-01-01,STS,True
"MultiLineString ((1100003.28554358007386327 1766900.61508809006772935, 1100011.52847083006054163 1766900.71562867006286979, 1100014.71352964011020958 1766896.15201305993832648, 1100014.75433974992483854 1766891.3684562100097537, 1100014.77667450997978449 1766888.65528569999150932, 1100014.83433525008149445 1766881.91630954993888736, 1100014.84815299999900162 1766880.21881765988655388, 1100014.94373940001241863 1766869.02131172991357744, 1100014.96602663001976907 1766866.37706269999034703, 1100014.99653568002395332 1766862.66319995000958443, 1100015.08913536998443305 1766851.79554828000254929, 1100015.0929906100500375 1766845.17273143003694713, 1100015.09524608007632196 1766841.08647966990247369, 1100015.09698105999268591 1766838.60693539003841579, 1100015.09752617008052766 1766837.81977080996148288, 1100015.09892398002557456 1766835.7517332099378109, 1100015.09915138990618289 1766835.44064631010405719, 1100015.1050344998948276 1766826.78918967000208795, 1100015.11476209992542863 1766810.59015135001391172, 1100015.11789208999834955 1766805.98602795996703207, 1100015.12258271011523902 1766798.85334003996104002, 1100015.12379042990505695 1766795.95090575003996491, 1100015.12903612991794944 1766788.84422307997010648, 1100009.66148247988894582 1766784.14873776002787054, 1100001.8649929400999099 1766784.14503133995458484, 1099997.31077484996058047 1766784.14261165005154908, 1099985.40194437000900507 1766784.13723267009481788, 1099972.79330610996112227 1766784.13017916004173458, 1099971.29357957001775503 1766784.13031864003278315))",SA001,157968,2723063000,35803045,54000,1995-01-01,SA005,4,80,166.74,,0,0,20119006912.0,1,80-DTC-95,IQT903,157968,SA005,,B,490,520,P0,1.0,1995-01-01,SS00201,,1995-01-01,DTC,True
"MultiLineString ((1100099.04363568010739982 1767045.89121506991796196, 1100099.10881636990234256 1767037.27275503007695079, 1100099.16297948989085853 1767030.23880353011190891, 1100099.1754879099316895 1767028.63031441997736692))",SA001,245203,2723063000,35803045,54000,1990-01-01,SA005,10,40,17.27,,0,0,20119006912.0,1,40-PFP-90,IQT903,245203,SA005,,B,490,520,P0,0.8,1990-01-01,SS00201,,1990-01-01,PFP,True
"MultiLineString ((1099877.89909789990633726 1766836.05246421997435391, 1099878.14734863000921905 1766826.97286659991368651, 1099878.18641818989999592 1766825.52871170011349022, 1099878.29763313010334969 1766821.45867685996927321, 1099878.30568331992253661 1766821.16469507990404963, 1099878.32121047005057335 1766820.59578511002473533))",SA001,143929,2723063000,35803045,54000,1992-01-01,SA005,10,40,15.47,,0,0,20119006912.0,1,40-PFP-92,IQT903,143929,SA005,,B,490,520,P0,0.8,1992-01-01,SS00201,,1992-01-01,PFP,True
"MultiLineString ((1099970.29066959000192583 1766696.97411417006514966, 1099970.26609173999167979 1766697.91500905994325876, 1099970.25286208000034094 1766698.4220508299767971, 1099970.19675573008134961 1766700.57375169009901583, 1099969.12888588011264801 1766701.28591338009573519, 1099969.01102003990672529 1766710.00858645001426339, 1099968.94774974999018013 1766714.75580663001164794, 1099968.77451020991429687 1766727.6399123000446707, 1099968.60544627998024225 1766740.18612469988875091, 1099968.44893091008998454 1766751.84167884988710284, 1099968.33636250998824835 1766760.15148964989930391, 1099968.27627523010596633 1766764.62180658988654613, 1099968.13937388989143074 1766774.8569101900793612, 1099968.12373016006313264 1766776.02048649010248482, 1099971.31825856002978981 1766779.36052391002885997, 1099971.30083066993393004 1766780.04411611007526517, 1099971.29357957001775503 1766784.13031864003278315, 1099971.27830463997088373 1766785.13087367010302842, 1099968.78404711000621319 1766789.05222821002826095, 1099968.70201138989068568 1766797.84740551002323627, 1099968.59342775004915893 1766809.44370086002163589, 1099968.50186335993930697 1766819.26557425991632044, 1099968.38810312002897263 1766831.39472290989942849, 1099968.32140534999780357 1766838.53044440993107855, 1099968.25790679990313947 1766845.26023384998552501, 1099968.23805005010217428 1766847.42063265992328525, 1099968.21473248000256717 1766849.86682997993193567, 1099968.15464512002654374 1766856.3707305199932307, 1099968.14927595993503928 1766856.94543951004743576, 1099968.14038038998842239 1766857.8961765100248158, 1099968.04318504990078509 1766868.28593284008093178, 1099968.01275645010173321 1766871.53185529005713761, 1099967.94344835006631911 1766878.91254036989994347, 1099967.86006679991260171 1766887.78972984990105033, 1099967.8565380999352783 1766896.16516758990474045, 1099970.88632275001145899 1766899.15975081990472972, 1099970.89622825011610985 1766900.2207712100353092, 1099970.92515281005762517 1766903.44261877005919814, 1099970.93309112009592354 1766904.36660680989734828, 1099967.48431841004639864 1766908.26539064990356565, 1099967.47630807990208268 1766909.24806160992011428, 1099967.4097070898860693 1766917.56059940997511148, 1099967.33390395995229483 1766926.87673322996124625, 1099967.32489819009788334 1766927.98642472992651165, 1099967.23792706988751888 1766938.81825418001972139, 1099967.22354673990048468 1766940.61820803000591695, 1099967.2115298300050199 1766942.12521569989621639, 1099967.12928581004962325 1766952.31623961008153856, 1099967.10859464993700385 1766954.79246050002984703, 1099967.03921030997298658 1766963.48190801008604467, 1099967.02485310006886721 1766965.28034621011465788, 1099966.93638534005731344 1766976.14008653000928462, 1099966.91333387000486255 1766979.03522265003994107, 1099966.84271960007026792 1766987.80657184007577598, 1099966.84798452001996338 1766990.02024811995215714, 1099966.86857922002673149 1766998.77904459997080266, 1099966.87761010997928679 1767002.5194824100472033, 1099966.90621677995659411 1767015.07774115004576743, 1099966.91764699993655086 1767019.84508624998852611, 1099966.94322822010144591 1767030.50461153010837734, 1099966.95197175000794232 1767038.10780383995734155, 1099966.96512221009470522 1767039.96323386998847127, 1099968.39872762002050877 1767042.01172267994843423))",SA001,143880,2723063000,35803045,54000,1988-01-01,SA005,4,200,350.76,,0,0,20119006912.0,1,200-DTC-88,IQT903,143880,SA005,,B,490,520,P0,1.3,1988-01-01,SS00201,,1988-01-01,DTC,True
"MultiLineString ((1100160.35543272993527353 1767046.24319313000887632, 1100160.40274050994776189 1767041.82472673989832401, 1100160.4630380601156503 1767036.15959898009896278, 1100160.47887030988931656 1767034.66011665994301438))",SA001,3672,2723063000,35803045,54000,1992-01-01,SA005,10,40,11.59,,0,0,20119006912.0,1,40-PFP-92,IQT903,3672,SA005,,B,490,520,P0,0.8,1992-01-01,SS00201,,1992-01-01,PFP,True
"MultiLineString ((1100195.13249316997826099 1767000.15309901000000536, 1100193.63306225999258459 1767000.13024917989969254, 1100191.92671601008623838 1767000.1042790599167347))",SA001,177112,2723063000,35803045,54000,1988-01-01,SA005,5,40,3.21,,0,0,20119006912.0,1,40-EPS-88,IQT903,177112,SA005,,B,490,520,P0,0.8,1988-01-01,SS00201,,1988-01-01,EPS,True
"MultiLineString ((1099912.3182946399319917 1766836.23371701990254223, 1099912.3835548700299114 1766829.18798069003969431))",SA001,193331,2723063000,35803045,54000,1994-01-01,SA005,13,25,7.05,,0,0,20119006912.0,1,25-STS-94,IQT903,193331,SA005,,B,490,520,P0,0.8,1994-01-01,SS00201,,1994-01-01,STS,True
"MultiLineString ((1100016.4152689001057297 1766985.62115820008330047, 1100017.69419390009716153 1766985.63003890006802976, 1100021.36980852345004678 1766985.65559106227010489, 1100032.3170545999892056 1766985.73169420007616282, 1100035.03274590009823442 1766985.75060259993188083, 1100035.71061219996772707 1766985.75532240001484752))",SA001,440291,2723063000,35803045,54000,2015-02-13,SA005,13,40,19.3,,0,0,20159001153.0,1,40-STS-15,IQT903,440291,SA005,,B,490,520,P0,0.8,2015-02-13,SS00201,,2015-02-13,STS,True
"MultiLineString ((1100016.31197095010429621 1767013.60597282997332513, 1100016.27474096999503672 1767023.73028327990323305, 1100016.23771791998296976 1767033.90692724008113146, 1100016.19971472001634538 1767044.01755368011072278, 1100016.19384642993099988 1767045.5171882500872016))",SA001,442731,2723063000,35803045,54000,1995-01-01,SA005,10,80,31.92,,0,0,20119006912.0,1,80-PFP-95,IQT903,442731,SA005,,B,490,520,P0,1.0,1995-01-01,SS00201,,1995-01-01,PFP,True
"MultiLineString ((1100016.33902210998348892 1767006.34288642997853458, 1100015.79111213004216552 1767007.43372121010906994, 1100015.78708171006292105 1767007.69626556010916829, 1100015.72755053010769188 1767011.57416963996365666, 1100015.71872789994813502 1767012.14888186007738113, 1100016.31197095010429621 1767013.60597282997332513))",SA001,442730,2723063000,35803045,54000,2015-05-08,SA005,18,80,3.0,,0,0,20159006774.0,1,80-DTEP-15,IQT903,442730,SA005,,B,490,520,P0,1.0,2015-05-08,SS00201,,2015-05-08,DTEP,True
"MultiLineString ((1100099.1754879099316895 1767028.63031441997736692, 1100099.23292844998650253 1767021.05550715001299977))",SA001,443322,2723063000,35803045,54000,1990-01-01,SA005,13,25,7.58,,0,0,20119006912.0,1,25-STS-90,IQT903,443322,SA005,,B,490,520,P0,0.8,1990-01-01,SS00201,,1990-01-01,STS,True
"MultiLineString ((1100045.47952522989362478 1767007.325046919984743, 1100045.21534123993478715 1767011.01039292989298701, 1100045.12024352001026273 1767012.33692784002050757, 1100045.07959845010191202 1767012.90343118994496763))",SA001,443629,2723063000,35803045,54000,2015-07-23,SA005,13,25,5.59,,0,0,20159007679.0,1,25-STS-15,IQT903,443629,SA005,,B,490,520,P0,0.8,2015-07-23,SS00201,,2015-07-23,STS,True
"MultiLineString ((1099733.40481156995519996 1766773.56904259999282658, 1099733.37565098004415631 1766775.4193017000798136, 1099733.30045445007272065 1766778.87127270991913974, 1099733.27581411995925009 1766780.00093674007803202, 1099733.30218354007229209 1766781.87318812008015811, 1099733.16685360996052623 1766784.73799082008190453))",SA001,324771,2723063100,35803045,54000,1994-01-01,SA005,4,200,11.18,,0,0,20119006912.0,1,200-DTC-94,IQT903,324771,SA005,,B,470,520,P0,1.3,1994-01-01,SS00201,,1994-01-01,DTC,True
"MultiLineString ((1100013.42852540011517704 1767045.50508465990424156, 1100013.51436772011220455 1767035.07621345994994044, 1100013.59780338988639414 1767025.06926079001277685, 1100013.69399891002103686 1767013.48313282011076808, 1100013.77622936991974711 1767003.57475830009207129, 1100013.79081505001522601 1767001.75779433990828693, 1100013.79468780988827348 1767001.27326474990695715, 1100013.80290686991065741 1767000.24775558011606336, 1100013.87680644006468356 1766991.390436050016433, 1100013.90067900996655226 1766988.51131437998265028, 1100013.98311819997616112 1766978.50333574996329844, 1100014.00479025999084115 1766976.02906664996407926, 1100014.08442573994398117 1766966.99190752999857068, 1100014.10294176009483635 1766964.85855133994482458, 1100014.18207277008332312 1766955.72438804991543293, 1100014.20118420990183949 1766953.61807646998204291, 1100014.28325454005971551 1766944.22292424994520843, 1100014.30114258010871708 1766942.06462851003743708, 1100014.30673226993530989 1766941.429843989899382, 1100014.38503518002107739 1766932.552575150039047, 1100014.39404790010303259 1766931.52107028011232615, 1100014.40251784003339708 1766930.55418392992578447, 1100014.46210827003233135 1766923.68224983010441065, 1100014.50155496993102133 1766919.12469755997881293, 1100014.59250919008627534 1766908.75390618992969394, 1100014.60539369005709887 1766907.25437934999354184, 1100013.94547202996909618 1766906.5984296000096947, 1100011.30888494988903403 1766903.97571694990620017, 1099994.05841781990602612 1766903.74796254001557827, 1099990.42279163002967834 1766903.6995916198939085, 1099986.65520418994128704 1766903.65020562009885907, 1099986.5588984799105674 1766903.65641956008039415, 1099983.46911195991560817 1766903.61401345999911427, 1099979.38806518004275858 1766903.55801879009231925, 1099972.4245164399035275 1766903.46246316004544497, 1099970.92515281005762517 1766903.44261877005919814))",SA001,143879,2723063000,35803045,54000,1988-01-01,SA005,4,80,183.35,,0,0,20119006912.0,1,80-DTC-88,IQT903,143879,SA005,,B,490,520,P0,1.0,1988-01-01,SS00201,,1988-01-01,DTC,True
"MultiLineString ((1099910.79578411998227239 1766900.61521372990682721, 1099910.9589088000357151 1766889.8425847499165684, 1099910.97517487988807261 1766888.77199999010190368, 1099910.99751953990198672 1766887.30361282010562718, 1099911.02878474001772702 1766885.25228938995860517))",SA001,212291,2723063000,35803045,54000,1992-01-01,SA005,13,25,15.37,,0,0,20119006912.0,1,25-STS-92,IQT903,212291,SA005,,B,490,520,P0,0.8,1992-01-01,SS00201,,1992-01-01,STS,True
"MultiLineString ((1099970.89622825011610985 1766900.2207712100353092, 1099972.39563546003773808 1766900.23960556997917593, 1099974.69684101990424097 1766900.2676601898856461, 1099987.04331696010194719 1766900.41771879000589252, 1100001.18625611998140812 1766900.59013311006128788, 1100003.28554358007386327 1766900.61508809006772935))",SA001,178122,2723063000,35803045,54000,1995-01-01,SA005,4,100,32.4,,0,0,20119006912.0,1,100-DTC-95,IQT903,178122,SA005,,B,490,520,P0,1.0,1995-01-01,SS00201,,1995-01-01,DTC,True
"MultiLineString ((1099990.42279163002967834 1766903.6995916198939085, 1099990.34252030006609857 1766918.09282299992628396, 1099990.30690533993765712 1766924.37222526990808547))",SA001,38782,2723063000,35803045,54000,1988-01-01,SA005,13,25,20.68,,0,0,20119006912.0,1,25-STS-88,IQT903,38782,SA005,,B,490,520,P0,0.8,1988-01-01,SS00201,,1988-01-01,STS,True
"MultiLineString ((1099839.22520102001726627 1766903.58746001007966697, 1099839.0267092299181968 1766916.68405916006304324, 1099839.01657621003687382 1766917.34780227998271585, 1099838.87672665994614363 1766926.53102827002294362, 1099838.86591549008153379 1766927.24077459005638957))",SA001,211236,2723063000,35803045,54000,1990-01-01,SA005,13,25,23.66,,0,0,20119006912.0,1,25-STS-90,IQT903,211236,SA005,,B,490,520,P0,0.8,1990-01-01,SS00201,,1990-01-01,STS,True
"MultiLineString ((1099810.22131858998909593 1766783.78979762992821634, 1099809.36391201009973884 1766784.40563828009180725, 1099809.36492917989380658 1766785.51899231993593276, 1099809.3660986099857837 1766786.83091747993603349, 1099809.36822257004678249 1766789.1798058298882097, 1099809.37067248998209834 1766792.34141911007463932, 1099809.37150909006595612 1766793.42812796006910503, 1099809.37695054989308119 1766799.9117507201153785, 1099809.38568179006688297 1766810.35632818005979061, 1099809.39870708994567394 1766826.22532749990932643, 1099809.40479506994597614 1766833.58852478000335395, 1099809.40457008010707796 1766834.12440160010010004, 1099809.4075223000254482 1766836.75398848997429013, 1099809.40871422993950546 1766838.25280394009314477, 1099809.41540990001522005 1766850.09179553994908929, 1099809.42251424002461135 1766861.04092560010030866, 1099809.42412969004362822 1766863.50154145993292332, 1099809.42894301004707813 1766870.93125503999181092, 1099809.43052098993211985 1766874.96161097008734941, 1099809.43438598001375794 1766881.0759777300991118, 1099809.4377659501042217 1766886.36970018991269171, 1099809.44285865989513695 1766893.58549269009381533, 1099809.44625134998932481 1766899.21304561989381909, 1099809.44698821008205414 1766900.40132539998739958, 1099809.44412343995645642 1766901.9010330899618566, 1099809.4368974999524653 1766906.05315204989165068, 1099809.41114311991259456 1766920.67517412011511624, 1099809.38922700006514788 1766933.34267337992787361, 1099809.38548981002531946 1766935.35823105997405946, 1099809.36896482994779944 1766945.3062094699125737, 1099809.36441941000521183 1766947.63775789993815124, 1099809.34367760992608964 1766959.57032079994678497, 1099809.33139842003583908 1766966.61187084997072816, 1099809.31055903993546963 1766978.69704360002651811, 1099809.30360530992038548 1766982.74357969989068806, 1099809.28688274999149144 1766992.31662419997155666, 1099809.28079300001263618 1766995.60095911007374525, 1099809.26693990989588201 1767003.73434668988920748, 1099809.26080625993199646 1767007.41654845001176, 1099809.24636459001339972 1767015.32491231011226773, 1099809.21793396002613008 1767032.09049870003946126, 1099809.2130982899107039 1767034.37507456005550921, 1099809.19919202988967299 1767042.77336946991272271, 1099809.19637012993916869 1767044.27206716011278331))",SA001,246291,2723063000,35803045,54000,1993-01-01,SA005,4,100,261.0,,0,0,20119006912.0,1,100-DTC-93,IQT903,246291,SA005,,B,490,520,P0,1.0,1993-01-01,SS00201,,1993-01-01,DTC,True
"MultiLineString ((1099968.39872762002050877 1767042.01172267994843423, 1099970.7070104400627315 1767045.31126270000822842, 1099972.20662926998920739 1767045.31814142991788685, 1099973.22840432007797062 1767045.32270982000045478))",SA001,316639,2723063000,35803045,54000,2005-08-12,SA005,4,150,6.55,,0,0,2005540000000.0,1,150-DTC-05,IQT903,316639,SA005,,B,490,520,P0,1.1,2005-08-12,SS00201,,2005-08-12,DTC,True
"MultiLineString ((1099966.90621677995659411 1767015.07774115004576743, 1099980.23181106010451913 1767015.28067935002036393, 1099981.14050086005590856 1767015.29454478994011879))",SA001,245200,2723063000,35803045,54000,1990-01-01,SA005,13,25,14.24,,0,0,20119006912.0,1,25-STS-90,IQT903,245200,SA005,,B,490,520,P0,0.8,1990-01-01,SS00201,,1990-01-01,STS,True
"MultiLineString ((1099870.13638427993282676 1766903.67525632004253566, 1099870.06675510993227363 1766911.98572358000092208, 1099870.02400167006999254 1766917.15919897006824613, 1099869.99591359007172287 1766920.51414034003391862, 1099869.94444639002904296 1766926.65025867009535432, 1099869.94153903005644679 1766927.03716078004799783))",SA001,106335,2723063000,35803045,54000,1990-01-01,SA005,13,25,23.37,,0,0,20119006912.0,1,25-STS-90,IQT903,106335,SA005,,B,490,520,P0,0.8,1990-01-01,SS00201,,1990-01-01,STS,True
"MultiLineString ((1099963.75774503010325134 1766957.44394988007843494, 1099962.25839991006068885 1766957.42107350006699562, 1099960.35914595006033778 1766957.39217033004388213, 1099958.85974385007284582 1766957.36934922006912529))",SA001,178191,2723063000,35803045,54000,1997-01-01,SA005,4,150,4.9,,0,0,20119006912.0,1,150-DTC-97,IQT903,178191,SA005,,B,490,520,P0,1.1,1997-01-01,SS00201,,1997-01-01,DTC,True
"MultiLineString ((1099809.4368974999524653 1766906.05315204989165068, 1099810.9366814699023962 1766906.05104887997731566, 1099812.04752537002786994 1766906.04895488009788096, 1099814.26869647996500134 1766903.51625636010430753, 1099822.41791644995100796 1766903.53936170996166766, 1099824.08213952998630702 1766903.54402203997597098, 1099830.63409290998242795 1766903.56251229997724295, 1099836.66331985010765493 1766903.58002479001879692, 1099839.22520102001726627 1766903.58746001007966697, 1099842.51645308989100158 1766903.596518520032987, 1099858.74851974006742239 1766903.64322628988884389, 1099865.17849134001880884 1766903.66172495996579528, 1099866.69429460004903376 1766903.66584749007597566, 1099870.13638427993282676 1766903.67525632004253566, 1099873.24369001993909478 1766903.68460728996433318, 1099883.79461017996072769 1766903.71459792996756732, 1099898.42815613001585007 1766903.75619407999329269, 1099900.30471780011430383 1766903.76184001006186008, 1099909.73867357010021806 1766903.78849658998660743, 1099912.1131939000915736 1766903.79555421997793019, 1099913.32187375007197261 1766903.79914514999836683, 1099914.82069075992330909 1766903.80337187997065485, 1099915.69350788998417556 1766903.80584965995512903, 1099916.32922090007923543 1766903.80763543001376092, 1099917.36070665996521711 1766903.8105556599330157, 1099930.9950811299495399 1766903.84927842998877168, 1099936.23482078011147678 1766903.86407632008194923, 1099941.76988419005647302 1766903.87998267007060349, 1099948.278183399932459 1766903.89856076007708907, 1099952.7422048500739038 1766903.9115292199421674, 1099962.845921800006181 1766903.94046614994294941, 1099964.3456993899308145 1766903.94431458995677531))",SA001,278257,2723063000,35803045,54000,1988-01-01,SA005,4,80,156.1,,0,0,20119006912.0,1,80-DTC-88,IQT903,278257,SA005,,B,490,520,P0,1.0,1988-01-01,SS00201,,1988-01-01,DTC,True
"MultiLineString ((1099898.42815613001585007 1766903.75619407999329269, 1099898.42670606006868184 1766906.01780171995051205, 1099898.4225680900271982 1766917.31875689001753926, 1099898.42210837989114225 1766920.89110824000090361))",SA001,73275,2723063000,35803045,54000,1992-01-01,SA005,13,20,17.14,,0,0,20119006912.0,1,20-STS-92,IQT903,73275,SA005,,B,490,520,P0,0.8,1992-01-01,SS00201,,1992-01-01,STS,True
"MultiLineString ((1099751.08639312000013888 1766799.49817067990079522, 1099757.9121700800023973 1766799.43321445002220571))",SA001,177116,2723063000,35803045,54000,1994-01-01,SA005,13,20,6.83,,0,0,20119006912.0,1,20-STS-94,IQT903,177116,SA005,,B,490,520,P0,0.8,1994-01-01,SS00201,,1994-01-01,STS,True
"MultiLineString ((1099964.17536531994119287 1766920.3108741301111877, 1099950.10370215005241334 1766920.0565656500402838, 1099940.69004649994894862 1766919.8851888501085341))",SA001,38828,2723063000,35803045,54000,2007-04-03,SA005,13,25,23.5,,0,0,20119006912.0,1,25-STS-07,IQT903,38828,SA005,,B,490,520,P0,0.8,2007-04-03,SS00201,,2007-04-03,STS,True
"MultiLineString ((1099966.95197175000794232 1767038.10780383995734155, 1099966.22128670010715723 1767038.09667096007615328, 1099963.81034700991585851 1767038.05895763006992638, 1099963.49337962991558015 1767038.05409170989878476, 1099962.84139441000297666 1767037.21036292007192969, 1099963.75774503010325134 1766957.44394988007843494, 1099964.13322989991866052 1766924.06150343990884721, 1099964.14752470003440976 1766922.79198245005682111, 1099964.17536531994119287 1766920.3108741301111877, 1099964.30679382989183068 1766907.05661399010568857, 1099964.34088470996357501 1766904.65114931995049119))",SA001,143924,2723063000,35803045,54000,1997-01-01,SA005,4,150,137.13,,0,0,20119006912.0,1,150-DTC-97,IQT903,143924,SA005,,B,490,520,P0,1.1,1997-01-01,SS00201,,1997-01-01,DTC,True
"MultiLineString ((1099964.53395438008010387 1767049.78349751001223922, 1099964.50982496002689004 1767051.07732017990201712, 1099964.48134903004392982 1767053.07854626001790166, 1099964.45208987011574209 1767055.5916374099906534))",SA001,316656,2723063000,35803045,54000,2005-08-11,SA005,4,200,5.81,,0,0,2005540000000.0,1,200-DTC-05,IQT903,316656,SA005,,B,480,520,P0,1.3,2005-08-11,SS00201,,2005-08-11,DTC,True
"MultiLineString ((1099893.42555143008939922 1767048.44291391992010176, 1099893.45552503992803395 1767046.66964577999897301, 1099893.50933421007357538 1767041.65394827001728117))",SA001,37847,2723063000,35803045,54000,2001-01-01,SA005,4,80,6.79,,0,0,20119006912.0,1,80-DTC-01,IQT903,37847,SA005,,B,480,520,P0,1.0,2001-01-01,SS00201,,2001-01-01,DTC,True
"MultiLineString ((1099971.21000290010124445 1767050.60089478990994394, 1099969.16847352008335292 1767051.77500474010594189, 1099967.50267354003153741 1767052.82762229000218213, 1099967.49354140996001661 1767055.2878218200057745, 1099967.48721782001666725 1767056.99267163989134133, 1099967.49644900998100638 1767059.1728882200550288))",SA001,177329,2723063000,35803045,54000,1993-01-01,SA005,4,150,10.67,,0,0,20119006912.0,1,150-DTC-93,IQT903,177329,SA005,,B,480,520,P0,1.1,1993-01-01,SS00201,,1993-01-01,DTC,True
"MultiLineString ((1099749.89390963991172612 1767052.38391670002602041, 1099750.92664253991097212 1767051.34912216989323497, 1099752.25468432996422052 1767050.01829878007993102, 1099754.38949543004855514 1767047.87908341991715133, 1099764.98108185990713537 1767047.86029290989972651, 1099767.17353533999994397 1767047.86582003999501467, 1099779.45866591995581985 1767047.89666645997203887, 1099782.74532545008696616 1767047.90492613008245826, 1099807.65892301010899246 1767047.96745393006131053, 1099812.34765389002859592 1767047.9928579400293529, 1099833.06827405001968145 1767048.10749702993780375, 1099835.45367470989003778 1767048.12081494997255504, 1099845.48499283008277416 1767048.17663535010069609, 1099848.52827860997058451 1767048.19398877001367509, 1099857.32697879010811448 1767048.24200400989502668, 1099859.29938639001920819 1767048.25308069004677236, 1099862.83547765994444489 1767048.27286183997057378, 1099873.61119452002458274 1767048.32800989993847907, 1099874.71634517004713416 1767048.3365252900402993, 1099888.32589129009284079 1767048.41423354996368289, 1099893.42555143008939922 1767048.44291391992010176, 1099898.44218771997839212 1767048.4703197400085628, 1099913.07738912990316749 1767048.55226292996667325, 1099915.38077691989019513 1767048.56432180991396308, 1099926.3159296300727874 1767048.6249213800765574, 1099934.20985841006040573 1767048.66915370989590883, 1099948.46913336007855833 1767048.74838592996820807, 1099949.53210165002383292 1767048.75423241010867059, 1099959.08539327001199126 1767048.80709393997676671))",SA001,110836,2723063000,35803045,54000,1991-01-01,SA005,4,100,211.12,,0,0,20119006912.0,1,100-DTC-91,IQT903,110836,SA005,,B,480,520,P0,1.0,1991-01-01,SS00201,,1991-01-01,DTC,True
"MultiLineString ((1099959.08539327001199126 1767048.80709393997676671, 1099960.41804751008749008 1767048.81444153003394604, 1099960.95971186994574964 1767049.79827959998510778, 1099962.73759650997817516 1767049.79090117011219263, 1099964.53395438008010387 1767049.78349751001223922, 1099967.69304079003632069 1767049.85066362004727125, 1099970.17737525003030896 1767049.88049195008352399, 1099970.73807704006321728 1767050.27161072008311749, 1099971.21000290010124445 1767050.60089478990994394, 1099971.73426834004931152 1767050.9698089798912406, 1099972.41071223001927137 1767050.95728486008010805))",SA001,238401,2723063000,35803045,54000,2006-08-29,SA005,4,150,13.0,,0,0,2007540000000.0,1,150-DTC-06,IQT903,238401,SA005,,B,480,520,P0,1.2,2006-08-29,SS00201,,2006-08-29,DTC,True
"MultiLineString ((1099740.56621290999464691 1766899.12004383001476526, 1099739.06630310998298228 1766899.13219565991312265, 1099723.69810686004348099 1766899.25602091988548636, 1099720.74732444994151592 1766899.27905599004589021, 1099690.31628917995840311 1766898.98226290009915829, 1099688.65722578996792436 1766897.23334841011092067, 1099686.69500915007665753 1766895.16675306996330619, 1099686.6548403101041913 1766888.2863888400606811, 1099686.64438538998365402 1766886.34857614990323782, 1099686.58041304000653327 1766875.25253566005267203, 1099686.56745732994750142 1766873.08077045995742083, 1099686.50626009004190564 1766862.32879366003908217, 1099686.478945940034464 1766860.50714580994099379, 1099686.46106350002810359 1766854.46645765006542206, 1099686.05225803004577756 1766854.4602663500700146, 1099686.06471061008051038 1766853.64358294010162354, 1099686.54592684004455805 1766853.68586623994633555, 1099686.58194075990468264 1766849.0866884000133723, 1099686.60140979010611773 1766846.82535897009074688, 1099686.65143678011372685 1766841.37367094005458057, 1099686.20468438998796046 1766841.36686907010152936, 1099686.2199653999414295 1766840.36227240995503962, 1099686.66677392995916307 1766840.36907513998448849, 1099686.69509323011152446 1766835.42438248009420931, 1099686.70786251011304557 1766833.27395553002133965, 1099686.76711504999548197 1766822.6857315800152719, 1099686.77086439006961882 1766822.03365389001555741, 1099686.79994549998082221 1766816.98627756000496447, 1099686.274154830025509 1766816.97826243005692959, 1099686.29018551995977759 1766815.92665301007218659, 1099686.81592005002312362 1766815.93466727994382381, 1099686.8106243300717324 1766812.14827676001004875, 1099686.79906974988989532 1766809.94921689992770553, 1099686.79265363002195954 1766798.42842727992683649, 1099686.78821825003251433 1766795.56990179000422359, 1099686.78186844009906054 1766790.4037050399929285, 1099686.92732281005010009 1766784.50732694007456303, 1099686.96046043001115322 1766783.16611416009254754))",SA001,211477,2723063100,35803045,54000,1994-01-01,SA005,4,80,170.44,,0,0,20119006912.0,1,80-DTC-94,IQT903,211477,SA005,,B,470,520,P0,1.0,1994-01-01,SS00201,,1994-01-01,DTC,True
"MultiLineString ((1099912.1131939000915736 1766903.79555421997793019, 1099912.11706455005332828 1766909.05363178998231888, 1099912.1709738599602133 1766919.58714368008077145))",SA001,37746,2723063000,35803045,54000,1992-01-01,SA005,13,20,15.8,,0,0,20119006912.0,1,20-STS-92,IQT903,37746,SA005,,B,490,520,P0,0.8,1992-01-01,SS00201,,1992-01-01,STS,True
"MultiLineString ((1099759.04731487995013595 1766900.1806165399029851, 1099763.89007236994802952 1766900.20338551001623273, 1099778.92230505007319152 1766900.27535792998969555, 1099803.33524989988654852 1766900.39124932000413537, 1099804.03265127004124224 1766900.39240991999395192, 1099808.24785743001848459 1766900.39934091991744936, 1099809.44698821008205414 1766900.40132539998739958, 1099810.94668083009310067 1766900.40517253009602427, 1099833.42642222996801138 1766900.42156671010889113, 1099841.95307030994445086 1766900.44297005003318191, 1099846.07170609990134835 1766900.45327544002793729, 1099859.89474395988509059 1766900.48781957989558578, 1099872.89697167999111116 1766900.52088083000853658, 1099878.92767184996046126 1766900.53574882005341351, 1099895.8689937200397253 1766900.57784720999188721, 1099910.79578411998227239 1766900.61521372990682721, 1099912.92333304998464882 1766900.62061371002346277, 1099936.21468865009956062 1766900.67846753005869687, 1099936.4813272301107645 1766900.67913564993068576, 1099937.79102281993255019 1766900.68242435995489359, 1099959.69722561002708972 1766900.73670140001922846, 1099962.88164640008471906 1766900.74459715001285076, 1099964.38131216005422175 1766900.74841578002087772))",SA001,278189,2723063000,35803045,54000,1993-01-01,SA005,4,100,205.4,,0,0,20119006912.0,1,100-DTC-93,IQT903,278189,SA005,,B,490,520,P0,1.0,1993-01-01,SS00201,,1993-01-01,DTC,True
"MultiLineString ((1099966.84798452001996338 1766990.02024811995215714, 1099980.04101028991863132 1766990.12822445994243026))",SA001,72209,2723063000,35803045,54000,1992-01-01,SA005,13,20,13.2,,0,0,20119006912.0,1,20-STS-92,IQT903,72209,SA005,,B,490,520,P0,0.8,1992-01-01,SS00201,,1992-01-01,STS,True
"MultiLineString ((1099804.03265127004124224 1766900.39240991999395192, 1099804.00504882005043328 1766899.16014660010114312, 1099803.97464787005446851 1766897.80111339990980923, 1099806.83554193004965782 1766894.61759328003972769, 1099806.81793382996693254 1766883.76024504005908966, 1099806.81703338003717363 1766883.19161642994731665, 1099806.81530952989123762 1766882.1115194798912853, 1099806.81488748989067972 1766881.85005800006911159, 1099806.80034547997638583 1766872.76990963006392121, 1099806.79330850997939706 1766868.52091231988742948, 1099806.77657350990921259 1766858.44606150989420712, 1099806.77424001996405423 1766856.50039964006282389, 1099806.76684432988986373 1766851.92910503991879523, 1099806.76057381997816265 1766848.00872797006741166, 1099806.75008338992483914 1766841.40967087005265057, 1099806.72896035993471742 1766828.61764775007031858, 1099806.72602010006085038 1766826.79014086001552641, 1099806.71313742990605533 1766818.89112753001973033, 1099806.70729025010950863 1766815.20467117009684443, 1099806.68883877992630005 1766812.36673236009664834, 1099806.64394194004125893 1766805.46321586007252336, 1099806.68419944006018341 1766800.63692493992857635, 1099806.66325746988877654 1766788.02685350994579494, 1099803.85306870006024837 1766784.91346506006084383, 1099802.82998332008719444 1766783.77992977993562818))",SA001,411542,2723063000,35803045,54000,1993-01-01,SA005,4,100,119.22,,0,0,20119006912.0,1,100-DTC-93,IQT903,411542,SA005,,B,490,520,P0,1.0,1993-01-01,SS00201,,1993-01-01,DTC,True
"MultiLineString ((1099802.82998332008719444 1766783.77992977993562818, 1099793.83590112999081612 1766783.75486361002549529, 1099789.63157746009528637 1766783.74313216004520655, 1099783.05253048008307815 1766783.75592435989528894, 1099779.79836378991603851 1766783.75060883001424372, 1099752.40372011996805668 1766783.70585689996369183, 1099751.1627240099478513 1766783.71712694992311299))",SA001,411543,2723063000,35803045,54000,1995-01-01,SA005,10,100,51.68,,0,0,20119006912.0,1,100-PFP-95,IQT903,411543,SA005,,B,490,520,P0,1.0,1995-01-01,SS00201,,1995-01-01,PFP,True
"MultiLineString ((1099809.3660986099857837 1766786.83091747993603349, 1099808.10823800996877253 1766786.83067089994437993, 1099805.58319580997340381 1766786.83020309009589255))",SA001,411544,2723063000,35803045,54000,1995-01-01,SA005,10,100,3.78,,0,0,20119006912.0,1,100-PFP-95,IQT903,411544,SA005,,B,490,520,P0,1.0,1995-01-01,SS00201,,1995-01-01,PFP,True
"MultiLineString ((1099937.79102281993255019 1766900.68242435995489359, 1099937.88099866011179984 1766890.11563456989824772, 1099937.88426390010863543 1766889.63774935994297266, 1099937.91052771010436118 1766886.57901827991008759))",SA001,211234,2723063000,35803045,54000,1987-01-01,SA005,13,25,14.11,,0,0,20119006912.0,1,25-STS-87,IQT903,211234,SA005,,B,490,520,P0,0.8,1987-01-01,SS00201,,1987-01-01,STS,True
"MultiLineString ((1099686.45585645991377532 1766761.94568226998671889, 1099686.44225181988440454 1766764.51816369011066854, 1099690.42920074006542563 1766769.84608282009139657, 1099691.57938768994063139 1766771.383141869911924, 1099700.70340609992854297 1766771.54459344991482794, 1099707.37935102009214461 1766771.60027346992865205, 1099716.92244259989820421 1766771.68065083003602922, 1099732.36267965007573366 1766771.81084528006613255, 1099733.48578097997233272 1766771.82042128988541663))",SA001,419200,2723063100,35803045,54000,2009-09-18,SA005,4,80,53.07,,0,0,20099009661.0,1,80-DTC-09,IQT903,419200,SA005,,B,470,520,P0,1.0,2009-09-18,SS00201,,2009-09-18,DTC,True
"MultiLineString ((1099733.16685360996052623 1766784.73799082008190453, 1099736.64644966996274889 1766788.74340853001922369, 1099740.50210830010473728 1766793.18169181002303958, 1099740.38389324001036584 1766814.83863771008327603, 1099740.36441120994277298 1766818.404799560084939, 1099740.31674480997025967 1766827.13365310989320278, 1099740.27852799999527633 1766834.12949157995171845, 1099740.22471447009593248 1766843.98663670988753438, 1099740.21011186996474862 1766846.66797499009408057, 1099740.1542816199362278 1766856.89055896992795169, 1099740.14253472001291811 1766859.04204074991866946, 1099740.12841405998915434 1766861.62613743008114398, 1099740.07491428009234369 1766871.42803738010115921, 1099740.04780320008285344 1766876.39091346994973719, 1099739.9301125300116837 1766897.94929897994734347, 1099740.73237061989493668 1766898.19187896000221372, 1099740.79391979007050395 1766900.94356105988845229, 1099740.86892569996416569 1766904.29632165003567934, 1099739.82055365992709994 1766905.0862099900841713, 1099739.80632345005869865 1766914.4165891099255532, 1099739.78698852006345987 1766927.07140743010677397, 1099739.76588502991944551 1766940.9203904599417001, 1099739.74697501002810895 1766953.2987406998872757, 1099739.73043113993480802 1766964.13487161998637021, 1099739.71565589006058872 1766973.81518718996085227, 1099739.69096246990375221 1766990.00280751008540392, 1099739.68736755009740591 1766992.36019826005212963, 1099739.67513974010944366 1767000.37308640009723604, 1099739.67036299989558756 1767003.48776030004955828, 1099739.66802531993016601 1767005.02442137990146875, 1099739.64146224991418421 1767026.01536667998880148, 1099739.63699921988882124 1767029.54849120997823775, 1099734.48889477993361652 1767034.41298834001645446, 1099731.76868833997286856 1767036.98330796998925507, 1099731.77515679993666708 1767038.11639735009521246, 1099731.77822027006186545 1767038.6574901700951159))",SA001,439267,2723063100,35803045,54000,2014-09-30,SA005,18,150,261.25,,0,0,20149013579.0,1,150-DTEP-14,IQT903,439267,SA005,,B,470,520,P0,1.1,2014-09-30,SS00201,,2014-09-30,DTEP,True
"MultiLineString ((1099752.9224680399056524 1766603.98961320007219911, 1099752.81511432002298534 1766612.13371994998306036, 1099752.77481028996407986 1766615.17454684991389513, 1099752.71759254997596145 1766619.52390483999624848, 1099752.69772023009136319 1766621.02335116011090577, 1099752.55334895011037588 1766631.97585287992842495, 1099752.45985737000592053 1766639.07053454988636076, 1099752.3605190699454397 1766646.60827758000232279, 1099752.30542896990664303 1766650.78607876994647086, 1099752.17990159010514617 1766660.34448080998845398, 1099751.95058007002808154 1766677.69791358010843396, 1099751.72656685998663306 1766694.70546957990154624, 1099751.61981325992383063 1766702.83043892006389797, 1099751.51219733990728855 1766710.94938714988529682, 1099751.48899082001298666 1766712.73367918003350496, 1099751.40276581002399325 1766731.4620803298894316, 1099751.35553189995698631 1766741.78148411004804075, 1099751.33473798003979027 1766746.23238408006727695, 1099751.31168693001382053 1766751.29119602008722723, 1099751.29163508000783622 1766755.62607674999162555, 1099751.25605671992525458 1766763.4761413000524044, 1099751.20645803003571928 1766774.15252828993834555, 1099751.18200220004655421 1766779.43815813004039228, 1099751.16684233001433313 1766782.80691259005106986, 1099751.1627240099478513 1766783.71712694992311299, 1099751.1549475600477308 1766785.21678702998906374, 1099751.09864281001500785 1766796.91887394990772009, 1099751.08639312000013888 1766799.49817067990079522, 1099751.01828264002688229 1766813.75058859004639089, 1099750.96465972997248173 1766824.7548484499566257, 1099750.89900596998631954 1766838.58745454996824265, 1099750.82922058994881809 1766852.94885885994881392, 1099750.81192909996025264 1766856.51494216988794506, 1099750.80381708010099828 1766858.29247545008547604, 1099750.74392909999005497 1766870.75632865005172789, 1099750.60918600996956229 1766898.64136523008346558, 1099750.60236415010876954 1766900.14098381996154785, 1099750.6075417899992317 1766901.63983208988793194, 1099750.61305344011634588 1766903.24859593994915485, 1099750.52713510999456048 1766921.75507543003186584, 1099750.35370790003798902 1766953.13815204007551074, 1099750.27436874993145466 1766976.75342128006741405, 1099750.26174863008782268 1766979.4847621601074934, 1099750.22248109988868237 1766988.03561424999497831, 1099750.16159193008206785 1767001.29035827005282044, 1099750.11288006999529898 1767011.77675282000564039, 1099750.11012866999953985 1767012.45523571991361678, 1099749.98474978003650904 1767043.37231659004464746))",SA001,439847,2723063000,35803045,54000,1994-01-01,SA005,4,200,439.52,,0,0,20119006912.0,1,200-DTC-94,IQT903,439847,SA005,,B,490,520,P0,1.3,1994-01-01,SS00201,,1994-01-01,DTC,True
"MultiLineString ((1099750.61305344011634588 1766903.24859593994915485, 1099752.11190590006299317 1766903.23948799003846943, 1099753.30381675995886326 1766903.23263056995347142))",SA001,30854,2723063000,35803045,54000,1993-01-01,SA005,4,100,2.69,,0,0,20119006912.0,1,100-DTC-93,IQT903,30854,SA005,,B,490,520,P0,1.0,1993-01-01,SS00201,,1993-01-01,DTC,True
"MultiLineString ((1099750.96465972997248173 1766824.7548484499566257, 1099761.11895587993785739 1766825.14247713005170226, 1099768.46740251989103854 1766825.42237901990301907, 1099772.40646445006132126 1766825.57234716997481883))",SA001,3678,2723063000,35803045,54000,2016-03-16,SA005,13,32,21.46,,0,0,20169000798.0,1,32-STS-16,IQT903,3678,SA005,,B,490,520,P0,0.8,2016-03-16,SS00201,,2016-03-16,STS,True
"MultiLineString ((1099770.53573105996474624 1766615.30206265999004245, 1099770.47198191005736589 1766605.56983895995654166, 1099770.46652121003717184 1766604.68190879002213478, 1099770.40041637001559138 1766594.38069734000600874))",SA001,245205,2723063000,35803045,54000,1995-01-01,SA005,13,25,20.93,,0,0,20119006912.0,1,25-STS-95,IQT903,245205,SA005,,B,490,520,P0,0.8,1995-01-01,SS00201,,1995-01-01,STS,True
"MultiLineString ((1099753.34970356989651918 1766900.15384881990030408, 1099754.0351656898856163 1766900.17927874997258186, 1099754.84373034001328051 1766899.08382728998549283, 1099756.9528732099570334 1766899.11589595000259578, 1099757.62360649998299778 1766900.17394931009039283, 1099759.04731487995013595 1766900.1806165399029851))",SA001,170309,2723063000,35803045,54000,2002-01-01,SA005,4,100,6.84,,0,0,20119006912.0,1,100-DTC-02,IQT903,170309,SA005,,B,490,520,P0,1.0,2002-01-01,SS00201,,2002-01-01,DTC,True
"MultiLineString ((1099750.89900596998631954 1766838.58745454996824265, 1099760.13819660991430283 1766838.72813258995302022, 1099767.01139815989881754 1766838.83279958995990455, 1099770.89281528000719845 1766838.8918771599419415))",SA001,177117,2723063000,35803045,54000,1988-01-01,SA005,13,25,20.0,,0,0,20119006912.0,1,25-STS-88,IQT903,177117,SA005,,B,490,520,P0,0.8,1988-01-01,SS00201,,1988-01-01,STS,True
"MultiLineString ((1099753.30381675995886326 1766903.23263056995347142, 1099753.83073117001913488 1766903.22962993988767266, 1099754.42007401003502309 1766902.61270670988596976, 1099756.84708218998275697 1766902.64965496002696455, 1099757.36841834988445044 1766903.20754719991236925, 1099757.94741364009678364 1766903.20433539990335703))",SA001,110975,2723063000,35803045,54000,2002-01-01,SA005,4,100,5.15,,0,0,20119006912.0,1,100-DTC-02,IQT903,110975,SA005,,B,490,520,P0,1.0,2002-01-01,SS00201,,2002-01-01,DTC,True
"MultiLineString ((1099809.36441941000521183 1766947.63775789993815124, 1099814.71100762998685241 1766947.66716711991466582, 1099823.67974277003668249 1766947.71579639008268714, 1099826.86193775990977883 1766947.73325986997224391, 1099827.98360485001467168 1766947.73936139000579715))",SA001,72214,2723063000,35803045,54000,1991-01-01,SA005,13,25,18.62,,0,0,20119006912.0,1,25-STS-91,IQT903,72214,SA005,,B,490,520,P0,0.8,1991-01-01,SS00201,,1991-01-01,STS,True
"MultiLineString ((1099768.58427182002924383 1766965.97826665989123285, 1099768.59403994004242122 1766965.33647210989147425, 1099768.63030058005824685 1766962.95428774994798005, 1099768.73905108007602394 1766955.81343325995840132, 1099768.74015461001545191 1766953.41714936005882919, 1099768.85968516999855638 1766947.89662203006446362, 1099768.93221311992965639 1766943.13362905010581017, 1099769.06501555000431836 1766934.41315625002607703, 1099769.09618584997951984 1766932.36803672998212278, 1099769.25031815003603697 1766922.24710142007097602))",SA001,178165,2723063000,35803045,54000,1991-01-01,SA005,10,40,43.75,,0,0,20119006912.0,1,40-PFP-91,IQT903,178165,SA005,,B,490,520,P0,0.8,1991-01-01,SS00201,,1991-01-01,PFP,True
"MultiLineString ((1099750.60236415010876954 1766900.14098381996154785, 1099752.10203757998533547 1766900.147890750085935, 1099753.34970356989651918 1766900.15384881990030408))",SA001,110974,2723063000,35803045,54000,1993-01-01,SA005,4,100,2.75,,0,0,20119006912.0,1,100-DTC-93,IQT903,110974,SA005,,B,490,520,P0,1.0,1993-01-01,SS00201,,1993-01-01,DTC,True
"MultiLineString ((1099769.72486688010394573 1766566.32471452001482248, 1099766.72043106006458402 1766564.48426280007697642, 1099765.00277276011183858 1766563.43229053006507456, 1099753.42546505993232131 1766572.49214002001099288, 1099753.26384910009801388 1766578.07361583993770182, 1099753.2445380100980401 1766579.55114482995122671))",SA001,107365,2723063000,35803045,54000,1994-01-01,SA005,4,200,27.31,,0,0,20119006912.0,1,200-DTC-94,IQT903,107365,SA005,,B,490,520,P0,1.3,1994-01-01,SS00201,,1994-01-01,DTC,True
"MultiLineString ((1099750.74392909999005497 1766870.75632865005172789, 1099758.88667566003277898 1766870.87731269001960754, 1099763.42184481001459062 1766870.94446116988547146, 1099764.24553319998085499 1766870.95598258008249104, 1099765.99479235010221601 1766870.98261071997694671))",SA001,107364,2723063000,35803045,54000,1990-01-01,SA005,13,25,15.26,,0,0,20119006912.0,1,25-STS-90,IQT903,107364,SA005,,B,490,520,P0,0.8,1990-01-01,SS00201,,1990-01-01,STS,True
"MultiLineString ((1099752.77481028996407986 1766615.17454684991389513, 1099754.27442297991365194 1766615.18540988001041114, 1099770.53573105996474624 1766615.30206265999004245, 1099793.66207526996731758 1766615.46833884995430708, 1099802.71851675002835691 1766615.53321187989786267, 1099804.21804507006891072 1766615.54410168994218111))",SA001,38829,2723063000,35803045,54000,1996-01-01,SA005,10,80,51.46,,0,0,20119006912.0,1,80-PFP-96,IQT903,38829,SA005,,B,490,520,P0,1.0,1996-01-01,SS00201,,1996-01-01,PFP,True
"MultiLineString ((1099750.35370790003798902 1766953.13815204007551074, 1099764.95770337991416454 1766953.3596176200080663, 1099768.74015461001545191 1766953.41714936005882919))",SA001,246290,2723063000,35803045,54000,1991-01-01,SA005,10,40,18.39,,0,0,20119006912.0,1,40-PFP-91,IQT903,246290,SA005,,B,490,520,P0,0.8,1991-01-01,SS00201,,1991-01-01,PFP,True
"MultiLineString ((1099809.38548981002531946 1766935.35823105997405946, 1099816.33269413001835346 1766935.46302561997435987, 1099827.45015951991081238 1766935.63136116997338831, 1099828.70559709006920457 1766935.65046512009575963))",SA001,3679,2723063000,35803045,54000,1995-01-01,SA005,13,25,19.33,,0,0,20119006912.0,1,25-STS-95,IQT903,3679,SA005,,B,490,520,P0,0.8,1995-01-01,SS00201,,1995-01-01,STS,True
"MultiLineString ((1099833.42642222996801138 1766900.42156671010889113, 1099833.35943419998511672 1766891.56113525992259383, 1099833.32964714011177421 1766887.60541638010181487, 1099833.29593358002603054 1766883.05873147002421319, 1099833.29423458990640938 1766882.78169726999476552, 1099833.29326442000456154 1766882.64372576004825532, 1099833.28477492998354137 1766881.56178424996323884))",SA001,178160,2723063000,35803045,54000,1991-01-01,SA005,13,25,18.87,,0,0,20119006912.0,1,25-STS-91,IQT903,178160,SA005,,B,490,520,P0,0.8,1991-01-01,SS00201,,1991-01-01,STS,True
"MultiLineString ((1099750.82922058994881809 1766852.94885885994881392, 1099762.40159711008891463 1766853.18307428993284702, 1099766.29873355990275741 1766853.26241025002673268, 1099772.57862785994075239 1766853.39003054006025195))",SA001,245212,2723063000,35803045,54000,1988-01-01,SA005,13,25,21.76,,0,0,20119006912.0,1,25-STS-88,IQT903,245212,SA005,,B,490,520,P0,0.8,1988-01-01,SS00201,,1988-01-01,STS,True
"MultiLineString ((1099809.69544637994840741 1766591.42872815998271108, 1099807.38928110990673304 1766596.19379151007160544, 1099807.08894271007739007 1766596.7461733699310571, 1099807.03714599995873868 1766605.39885623008012772, 1099807.00094301998615265 1766611.25426901993341744, 1099804.241715979995206 1766613.99471327010542154, 1099804.21804507006891072 1766615.54410168994218111, 1099804.15503778005950153 1766619.68536983989179134, 1099804.13272963999770582 1766621.14780531008727849, 1099806.73922831006348133 1766624.10295560001395643, 1099806.77462214999832213 1766636.65353490994311869, 1099806.77641832991503179 1766637.28820776008069515, 1099806.78126294002868235 1766639.12158328993245959, 1099806.78443144005723298 1766640.30880546988919377, 1099806.78836011001840234 1766641.67694943002425134, 1099806.81054553994908929 1766649.36161861009895802, 1099806.83259307988919318 1766657.2985042599029839, 1099806.84364121011458337 1766661.23700631991960108, 1099806.85721953003667295 1766665.98731262004002929, 1099806.88132379995658994 1766674.51625850005075336, 1099806.891462940024212 1766678.12074791011400521, 1099806.89481025002896786 1766684.06974956998601556))",SA001,193308,2723063000,35803045,54000,1996-01-01,SA005,10,80,95.41,,0,0,20119006912.0,1,80-PFP-96,IQT903,193308,SA005,,B,490,520,P0,1.0,1996-01-01,SS00201,,1996-01-01,PFP,True
"MultiLineString ((1099804.15503778005950153 1766619.68536983989179134, 1099802.65538791008293629 1766619.68057023989968002, 1099800.19190805009566247 1766619.67307576001621783, 1099793.21550452010706067 1766619.65074339997954667, 1099786.25413631997071207 1766619.62923139007762074, 1099780.78124713990837336 1766619.61234749993309379, 1099775.48432399006560445 1766619.59566609002649784, 1099754.21724173007532954 1766619.52873250003904104, 1099752.71759254997596145 1766619.52390483999624848))",SA001,4738,2723063000,35803045,54000,1996-01-01,SA005,10,80,51.45,,0,0,20119006912.0,1,80-PFP-96,IQT903,4738,SA005,,B,490,520,P0,1.0,1996-01-01,SS00201,,1996-01-01,PFP,True
"MultiLineString ((1099806.62700545997358859 1766943.29875497007742524, 1099793.18385684001259506 1766943.20106224995106459, 1099792.34619865007698536 1766943.19429532997310162))",SA001,177120,2723063000,35803045,54000,1988-01-01,SA005,13,20,14.29,,0,0,20119006912.0,1,20-STS-88,IQT903,177120,SA005,,B,490,520,P0,0.8,1988-01-01,SS00201,,1988-01-01,STS,True
"MultiLineString ((1099757.94741364009678364 1766903.20433539990335703, 1099765.3566548100207001 1766903.15962411998771131, 1099767.58558729011565447 1766903.14617054001428187, 1099770.22337214997969568 1766903.13037449005059898, 1099778.00367023004218936 1766903.08383541996590793, 1099787.99582700990140438 1766903.02417022990994155, 1099799.76783368992619216 1766902.9534220399800688, 1099801.85961923003196716 1766902.94027749006636441, 1099803.35850044991821051 1766902.93114189989864826))",SA001,238579,2723063000,35803045,54000,1993-01-01,SA005,4,100,45.43,,0,0,20119006912.0,1,100-DTC-93,IQT903,238579,SA005,,B,490,520,P0,1.0,1993-01-01,SS00201,,1993-01-01,DTC,True
"MultiLineString ((1099849.64423628989607096 1766620.65014111995697021, 1099848.14489042991772294 1766620.62735063000582159, 1099835.95579904993064702 1766620.44471086002886295, 1099826.9899856299161911 1766620.30997653002850711, 1099825.64113524998538196 1766620.28969267988577485, 1099816.35874657006934285 1766620.15018312004394829, 1099810.12245222995989025 1766625.0373726999387145, 1099810.05780476005747914 1766631.84414842003025115, 1099809.99226959003135562 1766638.770927709992975, 1099809.96966590988449752 1766641.15792618994601071, 1099809.96443411009386182 1766641.70908273011445999, 1099809.89523060992360115 1766649.01564957993105054, 1099809.83654005010612309 1766655.16364341997541487, 1099809.76960941008292139 1766661.45704742008820176, 1099809.77554786996915936 1766661.66457881010137498, 1099809.80926041002385318 1766668.70983866997994483, 1099809.80779232992790639 1766671.13733577006496489, 1099809.80302091990597546 1766679.42586024990305305, 1099809.8336268300190568 1766682.86569989006966352, 1099809.84538694005459547 1766684.1936776100192219))",SA001,209453,2723063000,35803045,54000,1996-01-01,SA005,10,80,100.4,,0,0,20119006912.0,1,80-PFP-96,IQT903,209453,SA005,,B,490,520,P0,1.0,1996-01-01,SS00201,,1996-01-01,PFP,True
"MultiLineString ((1099778.92230505007319152 1766900.27535792998969555, 1099778.95462560001760721 1766896.62823019991628826, 1099778.98907891009002924 1766892.73975328006781638, 1099779.02386306994594634 1766888.81691861990839243, 1099779.03290369990281761 1766887.78541499003767967, 1099779.07775140996091068 1766882.65287742996588349, 1099779.09426563000306487 1766880.84739878005348146))",SA001,177118,2723063000,35803045,54000,1991-01-01,SA005,13,32,19.43,,0,0,20119009277.0,1,32-STS-91,IQT903,177118,SA005,,B,490,520,P0,0.8,1991-01-01,SS00201,,1991-01-01,STS,True
"MultiLineString ((1099740.97630968992598355 1766637.08044314989820123, 1099732.5196857200935483 1766636.92160407989285886, 1099731.46516215009614825 1766636.90154275996610522, 1099727.7989154199603945 1766636.83271620003506541, 1099726.09471379010938108 1766636.80071703996509314))",SA001,246347,2723063000,35803045,54000,1991-01-01,SA005,13,25,14.89,,0,0,20119006912.0,1,25-STS-91,IQT903,246347,SA005,,B,470,520,P0,0.8,1991-01-01,SS00201,,1991-01-01,STS,True
"MultiLineString ((1099739.76588502991944551 1766940.9203904599417001, 1099730.18838275992311537 1766940.85222515999339521, 1099726.46750205010175705 1766940.8255658398848027, 1099724.23509240010753274 1766940.80951592000201344))",SA001,142930,2723063100,35803045,54000,1994-01-01,SA005,13,25,15.54,,0,0,20119006912.0,1,25-STS-94,IQT903,142930,SA005,,B,470,520,P0,0.8,1994-01-01,SS00201,,1994-01-01,STS,True
"MultiLineString ((1099683.06278463010676205 1766606.43768367008306086, 1099684.67752343998290598 1766603.74575918004848063, 1099684.61192148993723094 1766595.91011753003112972, 1099684.55267731007188559 1766588.89846658008173108, 1099684.45821560989134014 1766577.70299693988636136, 1099684.36288997996598482 1766566.37357210996560752, 1099684.30025759991258383 1766563.8276016500312835, 1099684.27515649003908038 1766562.80540026002563536, 1099684.25947570009157062 1766562.16810016008093953, 1099684.26305444003082812 1766554.54416106990538538, 1099684.18283726996742189 1766544.97566875000484288, 1099688.01124202995561063 1766546.21672228001989424))",SA001,143982,2723063100,35803045,54000,1992-01-01,SA005,10,50,65.96,,0,0,20119006912.0,1,50-PFP-92,IQT903,143982,SA005,,B,470,520,P0,0.8,1992-01-01,SS00201,,1992-01-01,PFP,True
"MultiLineString ((1099740.55023630009964108 1766903.38499805005267262, 1099739.05044844001531601 1766903.38920672005042434, 1099722.70466145989485085 1766903.43016943009570241, 1099708.37402221001684666 1766902.92368229990825057, 1099704.73652781988494098 1766902.93322781007736921, 1099693.64401395991444588 1766902.96129045006819069, 1099692.99713927996344864 1766902.96242149011231959, 1099692.63428802997805178 1766902.69491918990388513, 1099691.68871996994130313 1766902.67855085991322994, 1099690.18937873002141714 1766902.65368152991868556))",SA001,245471,2723063100,35803045,54000,1994-01-01,SA005,4,80,50.47,,0,0,20119006912.0,1,80-DTC-94,IQT903,245471,SA005,,B,470,520,P0,1.0,1994-01-01,SS00201,,1994-01-01,DTC,True
"MultiLineString ((1099688.01124202995561063 1766546.21672228001989424, 1099693.27587842009961605 1766548.01662826002575457, 1099701.08089863997884095 1766550.68301543989218771, 1099702.84966502990573645 1766551.1378759799990803))",SA001,72217,2723063100,35803045,54000,1992-01-01,SA005,13,20,15.64,,0,0,20119006912.0,1,20-STS-92,IQT903,72217,SA005,,B,470,520,P0,0.8,1992-01-01,SS00201,,1992-01-01,STS,True
"MultiLineString ((1099688.01800024998374283 1766545.7069426600355655, 1099688.01124202995561063 1766546.21672228001989424, 1099687.77759089996106923 1766561.95236606989055872, 1099687.73642084002494812 1766564.72226312989369035, 1099687.54352109995670617 1766577.71706021996214986, 1099687.47741068992763758 1766582.15013834997080266, 1099687.35609131003729999 1766590.28597164992243052, 1099687.06004725000821054 1766610.18490153993479908, 1099690.25451523996889591 1766614.2475626899395138, 1099705.47231174004264176 1766614.21728755999356508, 1099715.4428152299951762 1766614.19821258005686104, 1099724.76543473009951413 1766614.18019761005416512, 1099735.02292359992861748 1766614.16044643009081483, 1099736.5227235599886626 1766614.15727523993700743, 1099737.91712771006859839 1766614.64277385990135372, 1099739.68024532007984817 1766614.64810839993879199, 1099740.78645799006335437 1766614.65141671011224389))",SA001,143976,2723063100,35803045,54000,1995-01-01,SA005,10,80,120.3,,0,0,20119006912.0,1,80-PFP-95,IQT903,143976,SA005,,B,470,520,P0,1.0,1995-01-01,SS00201,,1995-01-01,PFP,True
"MultiLineString ((1099740.98853886011056602 1766572.71002242993563414, 1099724.35956550994887948 1766572.61945214006118476, 1099724.19881163001991808 1766579.56402671989053488, 1099724.0010360199958086 1766588.35346171003766358))",SA001,211242,2723063000,35803045,54000,1988-01-01,SA005,5,40,32.38,,0,0,20119006912.0,1,40-EPS-88,IQT903,211242,SA005,,B,470,520,P0,0.8,1988-01-01,SS00201,,1988-01-01,EPS,True
"MultiLineString ((1099739.74697501002810895 1766953.2987406998872757, 1099728.49172363011166453 1766953.45417449995875359, 1099721.8935307499486953 1766953.54564173007383943))",SA001,106612,2723063100,35803045,54000,1994-01-01,SA005,13,25,17.86,,0,0,20119006912.0,1,25-STS-94,IQT903,106612,SA005,,B,470,520,P0,0.8,1994-01-01,SS00201,,1994-01-01,STS,True
"MultiLineString ((1099739.80632345005869865 1766914.4165891099255532, 1099730.48715603002347052 1766914.21151407994329929, 1099727.09742589993402362 1766914.30088781006634235, 1099724.50476156990043819 1766914.36939787003211677))",SA001,3960,2723063100,35803045,54000,1992-01-01,SA005,13,25,15.31,,0,0,20119006912.0,1,25-STS-92,IQT903,3960,SA005,,B,470,520,P0,0.8,1992-01-01,SS00201,,1992-01-01,STS,True
"MultiLineString ((1099739.78698852006345987 1766927.07140743010677397, 1099731.73416124004870653 1766926.85368293989449739, 1099726.25099165993742645 1766926.74575944989919662, 1099720.03740579006262124 1766926.85612975992262363))",SA001,452801,2723063100,35803045,54000,2017-07-21,SA005,13,32,19.76,,0,0,20179008251.0,1,32-STS-17,IQT903,452801,SA005,,B,470,520,P0,0.8,2017-07-21,SS00201,,2017-07-21,STS,True
"MultiLineString ((1099752.17990159010514617 1766660.34448080998845398, 1099763.8582669401075691 1766660.57630114001221955, 1099769.94236601004377007 1766660.69698149990290403, 1099771.74372660997323692 1766660.78058465011417866, 1099773.86074355989694595 1766660.82276692008599639, 1099775.32396976999007165 1766660.85207785991951823))",SA001,246292,2723063000,35803045,54000,1993-01-01,SA005,10,40,23.16,,0,0,20119006912.0,1,40-PFP-93,IQT903,246292,SA005,,B,490,520,P0,0.8,1993-01-01,SS00201,,1993-01-01,PFP,True
"MultiLineString ((1099810.69615244003944099 1767044.27190178004093468, 1099829.63197343004867435 1767044.25734423007816076, 1099829.7228058900218457 1767034.42145504988729954, 1099829.79871847992762923 1767026.2871105601079762, 1099829.86633104993961751 1767019.02442674990743399, 1099829.87189576006494462 1767018.33458874002099037))",SA001,143927,2723063000,35803045,54000,1992-01-01,SA005,13,25,44.87,,0,0,20119006912.0,1,25-STS-92,IQT903,143927,SA005,,B,490,520,P0,0.8,1992-01-01,SS00201,,1992-01-01,STS,True
"MultiLineString ((1099813.1224009299185127 1766779.6067219499964267, 1099813.15487080998718739 1766778.1974464999511838, 1099813.18612781004048884 1766776.80317212990485132, 1099812.31153412000276148 1766775.73499901010654867, 1099811.23506573005579412 1766774.59688233002088964, 1099811.13865913008339703 1766764.64416645001620054, 1099811.02404048992320895 1766752.8364211400039494, 1099810.99024894996546209 1766749.35543193994089961, 1099810.82221981999464333 1766732.04906874010339379, 1099810.79429062991403043 1766729.22314055007882416, 1099812.57285305997356772 1766727.0006603600922972, 1099825.75146186002530158 1766726.87140150996856391))",SA001,199089,2723063000,35803045,54000,2002-01-01,SA005,4,80,67.17,,0,0,20119006912.0,1,80-DTC-02,IQT903,199089,SA005,,B,490,520,P0,1.0,2002-01-01,SS00201,,2002-01-01,DTC,True
"MultiLineString ((1099805.97146201995201409 1767044.23895533010363579, 1099805.98128783004358411 1767042.73938256991095841, 1099806.11665815999731421 1767022.49701695004478097, 1099806.13813426997512579 1767019.260139079997316, 1099806.19081401010043919 1767011.32611292996443808, 1099806.20412218989804387 1767009.33268428989686072, 1099806.26891177007928491 1766999.50338656990788877, 1099806.29066772991791368 1766996.30129692004993558, 1099806.34163288003765047 1766988.68740259995684028, 1099806.37234147009439766 1766984.04807958006858826, 1099806.38011262007057667 1766982.87801020010374486, 1099806.4513544999063015 1766972.16200381005182862, 1099806.46536863991059363 1766970.05856323009356856, 1099806.5435389201156795 1766958.29684322001412511, 1099806.55695111001841724 1766956.23443788010627031, 1099806.59995117993094027 1766949.86719636991620064, 1099806.61820714990608394 1766945.38430813001468778, 1099806.62700545997358859 1766943.29875497007742524, 1099806.66938825999386609 1766932.83129561995156109, 1099806.70430648000910878 1766924.43930319999344647, 1099806.7344365599565208 1766916.94808210991322994, 1099806.77539048995822668 1766906.97049556998535991, 1099803.36656366009265184 1766903.71714665996842086, 1099803.35850044991821051 1766902.93114189989864826, 1099803.34579076990485191 1766901.53523812000639737, 1099803.33524989988654852 1766900.39124932000413537))",SA001,107368,2723063000,35803045,54000,1993-01-01,SA005,4,100,145.35,,0,0,20119006912.0,1,100-DTC-93,IQT903,107368,SA005,,B,490,520,P0,1.0,1993-01-01,SS00201,,1993-01-01,DTC,True
"MultiLineString ((1099809.33139842003583908 1766966.61187084997072816, 1099819.84911412000656128 1766966.7710848799906671, 1099824.30165152996778488 1766966.83890343992970884, 1099826.57336189993657172 1766966.87349626002833247, 1099827.23909865994937718 1766966.88360384991392493))",SA001,3680,2723063000,35803045,54000,1991-01-01,SA005,13,25,17.92,,0,0,20119006912.0,1,25-STS-91,IQT903,3680,SA005,,B,490,520,P0,0.8,1991-01-01,SS00201,,1991-01-01,STS,True
"MultiLineString ((1099751.72656685998663306 1766694.70546957990154624, 1099753.22536862990818918 1766694.76733135990798473, 1099757.63977524009533226 1766694.95252831000834703, 1099759.91622726991772652 1766696.27298986003734171, 1099762.31161006004549563 1766697.66422726004384458, 1099767.98250336991623044 1766700.95502006006427109, 1099772.98041171999648213 1766703.85563858994282782, 1099775.69492777995765209 1766705.43069176003336906, 1099776.23512426996603608 1766705.74389780010096729, 1099782.44211977999657393 1766709.34578466997481883, 1099788.33594251004979014 1766712.76695146993733943, 1099789.65805778000503778 1766713.53396389004774392, 1099791.8617008700966835 1766714.81319004995748401, 1099793.17429243004880846 1766715.57514331000857055, 1099797.10587152000516653 1766717.92261509993113577))",SA001,244346,2723063000,35803045,54000,1991-01-01,SA005,10,50,51.6,,0,0,20119006912.0,1,50-PFP-91,IQT903,244346,SA005,,B,490,520,P0,0.8,1991-01-01,SS00201,,1991-01-01,PFP,True
"MultiLineString ((1099771.74372660997323692 1766660.78058465011417866, 1099771.89018685999326408 1766651.09849960007704794, 1099771.91074801003560424 1766649.74805348995141685))",SA001,212292,2723063000,35803045,54000,1993-01-01,SA005,13,25,11.04,,0,0,20119006912.0,1,25-STS-93,IQT903,212292,SA005,,B,490,520,P0,0.8,1993-01-01,SS00201,,1993-01-01,STS,True
"MultiLineString ((1099750.01791294990107417 1767046.08021652000024915, 1099751.33601623005233705 1767046.10634696995839477, 1099752.86107559991069138 1767046.13658095011487603, 1099753.5340577200986445 1767045.1096269900444895, 1099754.13088602991774678 1767044.19896636996418238, 1099777.48664783011190593 1767044.29600120009854436, 1099789.15970204002223909 1767044.28682222007773817, 1099791.04835602990351617 1767044.28560804994776845, 1099794.20984781999140978 1767044.2837485100608319, 1099805.97146201995201409 1767044.23895533010363579, 1099809.19637012993916869 1767044.27206716011278331, 1099810.69615244003944099 1767044.27190178004093468))",SA001,212290,2723063000,35803045,54000,1992-01-01,SA005,4,80,61.74,,0,0,20119006912.0,1,80-DTC-92,IQT903,212290,SA005,,B,490,520,P0,1.0,1992-01-01,SS00201,,1992-01-01,DTC,True
"MultiLineString ((1099829.38647937006317079 1766723.21739179990254343, 1099812.38165065995417535 1766722.87946522003039718, 1099811.40969144995324314 1766721.96883797994814813, 1099810.43675326998345554 1766721.05614630994386971, 1099810.3102690801024437 1766709.66829313989728689, 1099810.22556785005144775 1766706.76044327998533845, 1099810.05962582002393901 1766697.30292769009247422, 1099810.02057103998959064 1766695.07739194994792342, 1099809.84538694005459547 1766684.1936776100192219))",SA001,24850,2723063000,35803045,54000,2002-01-01,SA005,4,80,56.56,,0,0,20119006912.0,1,80-DTC-02,IQT903,24850,SA005,,B,490,520,P0,1.0,2002-01-01,SS00201,,2002-01-01,DTC,True
"MultiLineString ((1099809.28688274999149144 1766992.31662419997155666, 1099824.068147880025208 1766990.48213201994076371, 1099826.97532912995666265 1766989.45163157000206411, 1099827.85900497995316982 1766989.13810466998256743, 1099828.52243765001185238 1766988.90328568988479674))",SA001,246289,2723063000,35803045,54000,1992-01-01,SA005,13,25,19.63,,0,0,20119006912.0,1,25-STS-92,IQT903,246289,SA005,,B,490,520,P0,0.8,1992-01-01,SS00201,,1992-01-01,STS,True
"MultiLineString ((1099809.26693990989588201 1767003.73434668988920748, 1099822.55887720989994705 1767002.32724586990661919, 1099825.17773977993056178 1767002.04998592007905245, 1099829.03928144997917116 1767001.64087588991969824))",SA001,106337,2723063000,35803045,54000,1990-01-01,SA005,13,20,19.89,,0,0,20119006912.0,1,20-STS-90,IQT903,106337,SA005,,B,490,520,P0,0.8,1990-01-01,SS00201,,1990-01-01,STS,True
"MultiLineString ((1099750.22248109988868237 1766988.03561424999497831, 1099767.26013337005861104 1766988.19011764996685088, 1099769.67040296993218362 1766988.21285676001571119))",SA001,142911,2723063000,35803045,54000,1991-01-01,SA005,13,25,19.45,,0,0,20119006912.0,1,25-STS-91,IQT903,142911,SA005,,B,490,520,P0,0.8,1991-01-01,SS00201,,1991-01-01,STS,True
"MultiLineString ((1099750.11288006999529898 1767011.77675282000564039, 1099760.9520067700650543 1767011.70791481994092464, 1099769.13635344989597797 1767011.6555655300617218, 1099770.02324511995539069 1767011.65009010001085699, 1099772.81001862999983132 1767011.6325395000167191))",SA001,73276,2723063000,35803045,54000,1991-01-01,SA005,13,25,22.7,,0,0,20119006912.0,1,25-STS-91,IQT903,73276,SA005,,B,490,520,P0,0.8,1991-01-01,SS00201,,1991-01-01,STS,True
"MultiLineString ((1099825.75146186002530158 1766726.87140150996856391, 1099827.21946132997982204 1766726.85679378011263907, 1099828.54391939006745815 1766727.33585718995891511, 1099829.5074817300774157 1766727.35050791990943253))",SA001,146525,2723063000,35803045,54000,2002-01-01,SA005,10,50,3.84,,0,0,20119006912.0,1,50-PFP-02,IQT903,146525,SA005,,B,490,520,P0,0.8,2002-01-01,SS00201,,2002-01-01,PFP,True
"MultiLineString ((1099799.08330509997904301 1766718.32865840010344982, 1099799.96246103011071682 1766718.96795569988898933, 1099801.16838821000419557 1766719.80923763988539577, 1099804.50328535004518926 1766723.1273958298843354, 1099805.67267360002733767 1766723.54714433988556266, 1099806.87285192008130252 1766723.97834250004962087))",SA001,42328,2723063000,35803045,54000,2002-01-01,SA005,4,80,9.78,,0,0,20119006912.0,1,80-DTC-02,IQT903,42328,SA005,,B,490,520,P0,1.0,2002-01-01,SS00201,,2002-01-01,DTC,True
"MultiLineString ((1099740.76573394006118178 1766691.76062360010109842, 1099728.01907189004123211 1766691.56476171989925206, 1099724.35658411006443202 1766691.50893440004438162, 1099724.35101118008606136 1766691.8738132999278605, 1099724.34207598003558815 1766692.45955639006569982))",SA001,73316,2723063100,35803045,54000,1991-01-01,SA005,13,25,17.37,,0,0,20119006912.0,1,25-STS-91,IQT903,73316,SA005,,B,470,520,P0,0.8,1991-01-01,SS00201,,1991-01-01,STS,True
"MultiLineString ((1099740.97359438007697463 1766651.2814778599422425, 1099727.00325421011075377 1766651.06604792992584407, 1099725.43090520007535815 1766651.0421366801019758, 1099723.51968337991274893 1766651.01204106002114713))",SA001,178219,2723063100,35803045,54000,1991-01-01,SA005,13,25,17.46,,0,0,20119006912.0,1,25-STS-91,IQT903,178219,SA005,,B,470,520,P0,0.8,1991-01-01,SS00201,,1991-01-01,STS,True
"MultiLineString ((1099740.57999028009362519 1766710.40835527004674077, 1099724.7017930899746716 1766710.4685219400562346, 1099721.52619951008819044 1766710.48013486992567778, 1099711.06340878992341459 1766710.51972404005937278, 1099710.4534982000477612 1766710.52147904993034899))",SA001,143984,2723063100,35803045,54000,1991-01-01,SA005,13,25,30.14,,0,0,20119006912.0,1,25-STS-91,IQT903,143984,SA005,,B,470,520,P0,0.8,1991-01-01,SS00201,,1991-01-01,STS,True
"MultiLineString ((1099739.71565589006058872 1766973.81518718996085227, 1099731.55143949994817376 1766973.78522416995838284, 1099726.73559471010230482 1766973.76682562008500099, 1099724.4721024299506098 1766973.75838366989046335))",SA001,106359,2723063100,35803045,54000,1988-01-01,SA005,13,25,15.25,,0,0,20119006912.0,1,25-STS-88,IQT903,106359,SA005,,B,470,520,P0,0.8,1988-01-01,SS00201,,1988-01-01,STS,True
"MultiLineString ((1099690.31628917995840311 1766898.98226290009915829, 1099690.26449009007774293 1766900.48020814009942114, 1099690.18937873002141714 1766902.65368152991868556, 1099690.16615615994669497 1766903.32519645988941193, 1099686.43927103001624346 1766906.44390523992478848, 1099686.40788235003128648 1766915.26986308000050485, 1099686.36836913996376097 1766926.33132780995219946, 1099686.35801257006824017 1766929.24260223004966974, 1099686.31549068004824221 1766941.22788608004339039, 1099686.30586747010238469 1766943.95421901997178793, 1099686.26431371993385255 1766955.47955028992146254, 1099686.19590041995979846 1766974.61212431988678873, 1099686.18923840997740626 1766976.24212156003341079, 1099686.15595045010559261 1766984.38517377991229296, 1099686.12015541992150247 1766986.29627979989163578, 1099686.10675505991093814 1766999.56831375998444855, 1099686.09693889995105565 1767002.31266738008707762, 1099686.04951712000183761 1767015.53864274988882244, 1099685.98807393992319703 1767032.73746163002215326, 1099685.97906579007394612 1767035.25908706989139318, 1099685.97319797007367015 1767036.75869190995581448))",SA001,106606,2723063100,35803045,54000,1988-01-01,SA005,4,80,139.56,,0,0,20119006912.0,1,80-DTC-88,IQT903,106606,SA005,,B,470,520,P0,1.0,1988-01-01,SS00201,,1988-01-01,DTC,True
"MultiLineString ((1099740.90408630995079875 1766677.86627590004354715, 1099733.60296112997457385 1766677.92186067998409271, 1099729.28049310995265841 1766677.9546114900149405, 1099725.09754248009994626 1766677.98627540003508329, 1099725.10778663004748523 1766678.3613915101159364, 1099725.14167696004733443 1766679.55169584997929633))",SA001,246349,2723063000,35803045,54000,1991-01-01,SA005,13,25,17.38,,0,0,20119006912.0,1,25-STS-91,IQT903,246349,SA005,,B,470,520,P0,0.8,1991-01-01,SS00201,,1991-01-01,STS,True
"MultiLineString ((1099740.97115688002668321 1766664.18779134005308151, 1099728.06818966008722782 1766664.05699358996935189, 1099724.6443088399246335 1766664.02282482990995049))",SA001,246348,2723063100,35803045,54000,1991-01-01,SA005,13,25,16.33,,0,0,20119006912.0,1,25-STS-91,IQT903,246348,SA005,,B,470,520,P0,0.8,1991-01-01,SS00201,,1991-01-01,STS,True
"MultiLineString ((1099740.2845596200786531 1766746.47800362994894385, 1099725.89145014993846416 1766746.25526540004648268))",SA001,38878,2723063100,35803045,54000,1991-01-01,SA005,13,25,14.4,,0,0,20119006912.0,1,25-STS-91,IQT903,38878,SA005,,B,470,520,P0,0.8,1991-01-01,SS00201,,1991-01-01,STS,True
"MultiLineString ((1099750.27436874993145466 1766976.75342128006741405, 1099761.22160867997445166 1766976.84006019006483257))",SA001,178164,2723063000,35803045,54000,1998-01-01,SA005,13,25,10.95,,0,0,20119006912.0,1,25-STS-98,IQT903,178164,SA005,,B,490,520,P0,0.8,1998-01-01,SS00201,,1998-01-01,STS,True
"MultiLineString ((1099739.73043113993480802 1766964.13487161998637021, 1099730.2072268701158464 1766964.29331174003891647, 1099727.75805546995252371 1766964.3340128599666059))",SA001,72232,2723063100,35803045,54000,1999-01-01,SA005,13,25,11.98,,0,0,20119006912.0,1,25-STS-99,IQT903,72232,SA005,,B,470,520,P0,0.8,1999-01-01,SS00201,,1999-01-01,STS,True
"MultiLineString ((1099665.24350402993150055 1767046.42347184009850025, 1099665.29669241001829505 1767044.60830979002639651, 1099666.59166675992310047 1767044.64694314007647336, 1099668.63792697992175817 1767044.70800264994613826, 1099669.79144321009516716 1767044.71321784006431699, 1099671.29841768997721374 1767044.71998490998521447, 1099673.43985288008116186 1767044.72961372998543084, 1099675.56211578007787466 1767044.73908860003575683, 1099677.23042045999318361 1767044.7466478799469769, 1099678.51913101994432509 1767044.74526358000002801, 1099730.69289839989505708 1767044.98694333992898464, 1099730.84274878003634512 1767045.49048035009764135, 1099731.22431979002431035 1767045.85161691997200251, 1099731.73530629999004304 1767045.97361097997054458, 1099731.82022623997181654 1767045.94830029993318021, 1099732.23887137998826802 1767045.82376104011200368, 1099732.59997988003306091 1767045.44218959007412195, 1099732.72200243989937007 1767044.93117544008418918, 1099737.33333847997710109 1767045.02928256010636687, 1099741.16685097990557551 1767048.98241603001952171, 1099748.71729110996238887 1767048.78316584997810423, 1099750.03110926994122565 1767047.1572608700953424, 1099750.01791294990107417 1767046.08021652000024915, 1099750.00979384011588991 1767045.42040451988577843, 1099749.99959197989664972 1767044.58720241999253631, 1099749.98474978003650904 1767043.37231659004464746))",SA001,407188,2723063100,35803045,54000,2007-07-06,SA004,4,200,93.94,,0,0,20079004593.0,1,200-DTC-07,IQT903,407188,SA004,,B,470,520,P0,1.3,2007-07-06,SS00201,,2007-07-06,DTC,True
"MultiLineString ((1099666.5162818799726665 1767046.42852461989969015, 1099679.30403775000013411 1767046.39240976003929973, 1099680.53833933011628687 1767046.39659112994559109, 1099682.07169990008696914 1767046.40177000989206135, 1099684.37203590990975499 1767046.40951477992348373, 1099686.67180972010828555 1767046.41730706999078393, 1099686.95514827989973128 1767046.41823170008137822, 1099688.08558049006387591 1767046.42208185000345111, 1099689.17805887991562486 1767046.42577046994119883, 1099691.91588098998181522 1767046.43495336989872158, 1099730.75243100989609957 1767046.56599168991670012, 1099730.86151499999687076 1767046.90694288001395762, 1099730.98548498004674911 1767047.21637067990377545, 1099731.23230388993397355 1767047.44191775005310774, 1099731.4871023700106889 1767047.56828890996985137, 1099731.7871533299330622 1767047.63634281000122428, 1099732.0666915699839592 1767047.59770871000364423, 1099732.33301193988882005 1767047.48742288001812994, 1099732.55762559990398586 1767047.29774867999367416, 1099732.77749625011347234 1767046.95070198993198574, 1099732.8762470199726522 1767046.57307601999491453, 1099736.24781095003709197 1767046.58443584991618991, 1099741.15376932988874614 1767051.39631488011218607, 1099748.93018587003462017 1767051.24048341996967793, 1099749.89390963991172612 1767052.38391670002602041, 1099750.82829734007827938 1767053.4925087399315089, 1099750.83555564004927874 1767055.09899735008366406, 1099750.84125456004403532 1767056.36267612990923226))",SA001,407187,2723063100,35803045,54000,2007-07-06,SA004,4,200,91.38,,0,0,20079004593.0,1,200-DTC-07,IQT903,407187,SA004,,B,470,520,P0,1.3,2007-07-06,SS00201,,2007-07-06,DTC,True
"MultiLineString ((1099679.30403775000013411 1767046.39240976003929973, 1099679.31044240994378924 1767047.92100709001533687, 1099683.62190193007700145 1767047.9871945099439472, 1099689.12426855997182429 1767048.07166415988467634, 1099689.17805887991562486 1767046.42577046994119883, 1099689.59075651993043721 1767046.42713687010109425))",SA001,407189,2723063100,35803045,54000,2007-07-06,SA004,4,200,13.41,,0,0,20079004593.0,1,200-DTC-07,IQT903,407189,SA004,,B,470,520,P0,1.3,2007-07-06,SS00201,,2007-07-06,DTC,True
"MultiLineString ((1099805.00168766989372671 1766779.61398467002436519, 1099805.02163334004580975 1766778.30549988988786936, 1099805.04540355992503464 1766776.68020036001689732, 1099805.95965447998605669 1766775.86722498992457986, 1099806.84550668997690082 1766775.08087720000185072, 1099806.84901846991851926 1766767.69025850994512439, 1099806.85290825995616615 1766760.56396418996155262, 1099806.85333696007728577 1766759.77522621001116931, 1099806.85589215997606516 1766755.05304521997459233, 1099806.87285192008130252 1766723.97834250004962087, 1099806.88603931991383433 1766699.81185556994751096, 1099806.88939227000810206 1766694.40484489011578262, 1099806.89481025002896786 1766684.06974956998601556))",SA001,42449,2723063000,35803045,54000,2002-01-01,SA005,4,80,96.38,,0,0,20119006912.0,1,80-DTC-02,IQT903,42449,SA005,,B,490,520,P0,1.0,2002-01-01,SS00201,,2002-01-01,DTC,True
"MultiLineString ((1099799.08330509997904301 1766718.32865840010344982, 1099798.07327123009599745 1766717.62143385992385447, 1099797.34859347995370626 1766717.61036590998992324, 1099797.10587152000516653 1766717.92261509993113577, 1099796.21864078007638454 1766719.06396814994513988))",SA001,42329,2723063000,35803045,54000,1996-01-01,SA005,10,80,3.8,,0,0,20119006912.0,1,80-PFP-96,IQT903,42329,SA005,,B,490,520,P0,1.0,1996-01-01,SS00201,,1996-01-01,PFP,True
"MultiLineString ((1099806.38011262007057667 1766982.87801020010374486, 1099802.75533960992470384 1766982.82871002005413175))",SA001,411654,2723063000,35803045,54000,1992-01-01,SA005,13,20,3.63,,0,0,20119006912.0,1,20-STS-92,IQT903,411654,SA005,,B,490,520,P0,0.8,1992-01-01,SS00201,,1992-01-01,STS,True
"MultiLineString ((1099686.51864612009376287 1766750.28375929989852011, 1099686.51239170995540917 1766751.44652411993592978, 1099686.49055821006186306 1766755.50243145995773375, 1099686.45585645991377532 1766761.94568226998671889))",SA001,419196,2723063100,35803045,54000,1992-01-01,SA005,4,80,11.67,,0,0,20119006912.0,1,80-DTC-92,IQT903,419196,SA005,,B,470,520,P0,1.0,1992-01-01,SS00201,,1992-01-01,DTC,True
"MultiLineString ((1099806.0624666300136596 1767098.26279965997673571, 1099791.18524315999820828 1767098.25215278007090092, 1099790.20741793001070619 1767098.25221737008541822))",SA001,143086,2723063000,35803045,54000,1993-01-01,SA005,13,20,15.86,,0,0,20119006912.0,1,20-STS-93,IQT903,143086,SA005,,B,480,520,P0,0.8,1993-01-01,SS00201,,1993-01-01,STS,True
"MultiLineString ((1099812.34765389002859592 1767047.9928579400293529, 1099812.2533255300950259 1767049.52712461003102362, 1099812.19234235002659261 1767050.51504588010720909, 1099812.17492791009135544 1767050.86671667988412082, 1099810.26521590002812445 1767052.77729866001754999, 1099810.19127105991356075 1767062.122063779970631, 1099810.16293059010058641 1767065.03615150996483862, 1099810.0380154000595212 1767077.83093027002178133, 1099809.94429029989987612 1767087.52780713001266122, 1099809.84735017991624773 1767097.5035798700992018, 1099809.77662204997614026 1767103.03793971007689834, 1099813.519436189904809 1767107.56469823000952601, 1099813.46176920994184911 1767111.35217325994744897, 1099809.70486701000481844 1767114.83676019008271396, 1099809.69800416007637978 1767126.60912033007480204, 1099809.68089513992890716 1767138.49477099999785423, 1099809.66235693008638918 1767150.80631338991224766, 1099809.63897867989726365 1767158.93994787009432912, 1099811.32654185988940299 1767160.52941949991509318, 1099811.34500868991017342 1767161.90500179002992809, 1099811.36117243999615312 1767163.40500164008699358))",SA001,245427,2723063000,35803045,54000,1991-01-01,SA005,4,80,119.96,,0,0,20119006912.0,1,80-DTC-91,IQT903,245427,SA005,,B,480,520,P0,1.0,1991-01-01,SS00201,,1991-01-01,DTC,True
"MultiLineString ((1099806.01918512000702322 1767163.39957842999137938, 1099806.02005711011588573 1767161.89992434997111559, 1099806.02929969993419945 1767148.49138051993213594, 1099806.02016693004406989 1767145.84213100001215935, 1099806.0369407800026238 1767137.22248704009689391, 1099806.04377185995690525 1767127.58634835993871093, 1099806.04930990003049374 1767117.83508561993949115, 1099806.05596703989431262 1767108.99476355011574924, 1099806.06167171010747552 1767100.15246166009455919, 1099806.0624666300136596 1767098.26279965997673571, 1099806.06889655999839306 1767088.78255085996352136, 1099806.0756678800098598 1767079.10997098009102046, 1099806.07846673997119069 1767075.08911516005173326, 1099806.08821836998686194 1767059.94093352998606861, 1099806.0899777899030596 1767058.05426219990476966, 1099806.08258584002032876 1767052.47162273991852999, 1099807.67657508002594113 1767051.40411894000135362, 1099807.68955507990904152 1767050.48544972995296121, 1099807.6791021500248462 1767049.65945868007838726, 1099807.65892301010899246 1767047.96745393006131053))",SA001,72432,2723063000,35803045,54000,1993-01-01,SA005,4,80,116.32,,0,0,20119006912.0,1,80-DTC-93,IQT903,72432,SA005,,B,480,520,P0,1.0,1993-01-01,SS00201,,1993-01-01,DTC,True
"MultiLineString ((1099782.74532545008696616 1767047.90492613008245826, 1099782.69353833002969623 1767055.40036221989430487, 1099782.65221815998665988 1767061.3306822800077498, 1099782.63005722989328206 1767064.35977228009141982, 1099782.60902094002813101 1767065.25277021992951632))",SA001,106356,2723063000,35803045,54000,1994-01-01,SA005,10,40,17.35,,0,0,20119006912.0,1,40-PFP-94,IQT903,106356,SA005,,B,480,520,P0,0.8,1994-01-01,SS00201,,1994-01-01,PFP,True
"MultiLineString ((1099636.16521817003376782 1766623.83325863000936806, 1099636.16134521993808448 1766625.33289381000213325, 1099636.14033570000901818 1766634.21296792989596725, 1099636.10173355997540057 1766645.19746523001231253, 1099636.09291455009952188 1766648.33978515001945198, 1099636.06084306002594531 1766658.84942372003570199, 1099636.06557860993780196 1766661.09408327005803585, 1099636.02227026992477477 1766673.65619305009022355, 1099635.9930236900690943 1766682.40523084998130798, 1099635.98161605000495911 1766685.64849385991692543, 1099636.01475777011364698 1766697.91581917996518314, 1099636.01648570992983878 1766698.71770043997094035, 1099636.03463472006842494 1766705.73065662011504173, 1099635.99089129990898073 1766715.38562222011387348, 1099636.00450125988572836 1766716.74304932006634772, 1099636.08202200010418892 1766724.48238178994506598, 1099636.10223237005993724 1766731.2951726398896426, 1099636.1415387000888586 1766745.7852254998870194, 1099636.1484908799175173 1766748.39569758996367455, 1099636.17924498999491334 1766759.98625819990411401, 1099636.1831111500505358 1766761.43707889993675053))",SA001,246346,2723063100,35803045,54000,1993-01-01,SA005,4,80,137.65,,0,0,20119006912.0,1,80-DTC-93,IQT903,246346,SA005,,B,470,520,P0,1.0,1993-01-01,SS00201,,1993-01-01,DTC,True
"MultiLineString ((1099536.59188557998277247 1766661.90863845008425415, 1099536.60113856010138988 1766663.59746994008310139, 1099536.61465754010714591 1766666.68549938010983169, 1099536.64245558995753527 1766673.03150287992320955, 1099536.65297758998349309 1766674.83335239998996258, 1099536.72794006997719407 1766688.1620981500018388, 1099536.74988044006749988 1766691.97075239010155201, 1099536.79274167004041374 1766699.46609103004448116, 1099536.81114106997847557 1766702.65680648991838098, 1099536.81456708000041544 1766703.35172289004549384, 1099536.87843477004207671 1766714.58666705992072821, 1099539.44876977009698749 1766719.32503715995699167, 1099557.89544199011288583 1766753.36023551994003356, 1099580.67833331995643675 1766765.67969843000173569, 1099583.90060720010660589 1766767.52840801002457738, 1099585.20102365990169346 1766768.27507018996402621))",SA001,246350,2723063100,35803045,54000,1992-01-01,SA005,4,80,127.93,,0,0,20119006912.0,1,80-DTC-92,IQT903,246350,SA005,,B,470,520,P0,1.0,1992-01-01,SS00201,,1992-01-01,DTC,True
"MultiLineString ((1099580.8896117799449712 1766698.83091882010921836, 1099571.20357600995339453 1766698.74837755993939936, 1099567.38471846003085375 1766698.71623072004877031))",SA001,106339,2723063100,35803045,54000,1992-01-01,SA005,13,20,13.51,,0,0,20119006912.0,1,20-STS-92,IQT903,106339,SA005,,B,470,520,P0,0.8,1992-01-01,SS00201,,1992-01-01,STS,True
"MultiLineString ((1099581.17064178991131485 1766619.78124715993180871, 1099581.1658132600132376 1766621.28095162007957697, 1099581.10540509992279112 1766638.04802728001959622, 1099581.07277568988502026 1766647.21686081006191671, 1099581.06504329992458224 1766649.56231137993745506, 1099581.02374143991619349 1766661.13963564997538924, 1099581.00632189004682004 1766666.08954718988388777, 1099580.97538983006961644 1766674.55152713996358216, 1099580.9672161100897938 1766676.85255758999846876, 1099580.9525767199229449 1766680.97207770007662475, 1099580.91840018006041646 1766690.57081543002277613, 1099580.8896117799449712 1766698.83091882010921836, 1099580.85300286998972297 1766708.91361798997968435, 1099580.75794292008504272 1766715.93294851994141936, 1099580.77928521996363997 1766729.77173895994201303, 1099580.73950056009925902 1766740.78914713999256492, 1099580.71446131006814539 1766747.87951336009427905, 1099580.68418556009419262 1766764.18102033995091915, 1099580.67833331995643675 1766765.67969843000173569))",SA001,107417,2723063100,35803045,54000,1992-01-01,SA005,4,80,145.94,,0,0,20119006912.0,1,80-DTC-92,IQT903,107417,SA005,,B,470,520,P0,1.0,1992-01-01,SS00201,,1992-01-01,DTC,True
"MultiLineString ((1099638.80186046008020639 1766768.53010192001238465, 1099641.44226837996393442 1766771.49997798004187644, 1099678.06978535000234842 1766771.43589692004024982, 1099683.32185089006088674 1766764.3835706899408251, 1099683.32373218005523086 1766762.88387661008164287, 1099683.33323511993512511 1766754.44455753988586366))",SA001,143985,2723063100,35803045,54000,1992-01-01,SA005,4,80,59.35,,0,0,20119006912.0,1,80-DTC-92,IQT903,143985,SA005,,B,470,520,P0,1.0,1992-01-01,SS00201,,1992-01-01,DTC,True
"MultiLineString ((1099632.15281121991574764 1766761.50466160010546446, 1099632.15419757994823158 1766757.27744128997437656, 1099632.15866528009064496 1766748.5790620599873364, 1099632.21322703990153968 1766739.84894190006889403, 1099632.20106862997636199 1766736.95214558998122811, 1099632.16649001999758184 1766728.69965875009074807, 1099632.17013862007297575 1766719.59736372996121645, 1099632.17154421005398035 1766717.60375355998985469, 1099632.17470916989259422 1766709.97411030996590853, 1099632.17591083003208041 1766707.60056913993321359, 1099632.17756242002360523 1766702.23856648011133075, 1099632.17993481992743909 1766697.81537547009065747, 1099632.18290273007005453 1766691.0526318100746721, 1099632.18836179003119469 1766678.0300299699883908, 1099632.18921391991898417 1766675.28054209006950259, 1099632.19254188006743789 1766666.65808606008067727, 1099632.19589145993813872 1766660.20329395006410778, 1099632.20051996991969645 1766648.60639854008331895, 1099632.20285078999586403 1766643.35004947008565068, 1099632.20558762992732227 1766637.16009977995418012, 1099632.20594761008396745 1766636.36667282995767891, 1099632.20615660003386438 1766635.65258120000362396, 1099632.2065616799518466 1766634.16305565997026861, 1099632.20702758990228176 1766633.21092700003646314, 1099632.20730945002287626 1766632.65669085993431509, 1099632.20945252990350127 1766628.32518662000074983, 1099632.21091210003942251 1766625.27273152000270784, 1099632.21077139000408351 1766623.77303475001826882))",SA001,212344,2723063100,35803045,54000,1992-01-01,SA005,4,80,137.77,,0,0,20119006912.0,1,80-DTC-92,IQT903,212344,SA005,,B,470,520,P0,1.0,1992-01-01,SS00201,,1992-01-01,DTC,True
"MultiLineString ((1099585.20102365990169346 1766768.27507018996402621, 1099585.21387852006591856 1766766.77560120006091893, 1099585.31962015992030501 1766751.23109344998374581, 1099585.41502159996889532 1766739.97034965991042554, 1099585.43301086989231408 1766737.93704482004977763, 1099585.43853187002241611 1766737.30122141004540026, 1099585.44428810011595488 1766736.63727129995822906, 1099585.52703066007234156 1766727.09913305006921291, 1099585.55774764996021986 1766724.30251830001361668, 1099585.6550059299916029 1766713.38894019997678697, 1099585.67576804989948869 1766710.97563781007193029, 1099585.78287442005239427 1766698.88643632992170751, 1099585.86876826989464462 1766689.24351749010384083, 1099585.926650479901582 1766682.68552057002671063, 1099586.03537250007502735 1766670.42332275002263486, 1099586.05298791988752782 1766668.48201123997569084, 1099586.13400417007505894 1766659.28480736003257334, 1099586.22771054995246232 1766648.67013664008118212, 1099586.27833346999250352 1766643.01113184005953372, 1099586.32732081995345652 1766637.53365761996246874, 1099586.47105497005395591 1766621.26575624011456966, 1099586.48396653006784618 1766619.7662039001006633))",SA001,178217,2723063100,35803045,54000,1995-01-01,SA005,10,80,148.56,,0,0,20119006912.0,1,80-PFP-95,IQT903,178217,SA005,,B,470,520,P0,1.0,1995-01-01,SS00201,,1995-01-01,PFP,True
"MultiLineString ((1099585.78287442005239427 1766698.88643632992170751, 1099590.36942155007272959 1766698.99533111997880042, 1099597.41260235011577606 1766699.16257060994394124))",SA001,106338,2723063100,35803045,54000,1989-01-01,SA005,13,20,11.64,,0,0,20119006912.0,1,20-STS-89,IQT903,106338,SA005,,B,470,520,P0,0.8,1989-01-01,SS00201,,1989-01-01,STS,True
"MultiLineString ((1099685.965812630020082 1767052.27582665998488665, 1099685.96999205998145044 1767053.77564189000986516, 1099685.97603503009304404 1767055.54541902989149094, 1099686.02362580993212759 1767071.26137691992335021, 1099686.04696670989505947 1767078.8865156399551779, 1099686.06444553006440401 1767084.59659608011133969, 1099686.08768470003269613 1767096.85139107005670667, 1099686.1628366899676621 1767099.81594353006221354, 1099686.146613729884848 1767111.23613288998603821, 1099686.17742295004427433 1767121.43418890004977584, 1099686.18413631990551949 1767123.6704850799869746, 1099686.18752507003955543 1767124.75911366008222103, 1099686.19074145006015897 1767125.79313530004583299, 1099686.22411759989336133 1767136.54081098991446197, 1099686.19664946990087628 1767140.09842739999294281, 1099686.23643059004098177 1767145.33770925994031131, 1099686.25964143010787666 1767148.3902630100492388, 1099686.28935711993835866 1767158.11999676004052162, 1099686.29453389998525381 1767159.6188166500069201))",SA001,143184,2723063100,35803045,54000,1995-01-01,SA005,10,100,107.38,,0,0,20119006912.0,1,100-PFP-95,IQT903,143184,SA005,,B,470,520,P0,1.0,1995-01-01,SS00201,,1995-01-01,PFP,True
"MultiLineString ((1099739.69790112995542586 1767070.48645302001386881, 1099738.78177242004312575 1767070.48538733995519578, 1099729.16994978999719024 1767070.47480460000224411, 1099726.02056424994952977 1767070.47081375005654991, 1099724.50081418990157545 1767070.46963371010497212, 1099715.91555608995258808 1767070.45883614011108875, 1099710.1036258100066334 1767070.45229227002710104))",SA001,38043,2723063100,35803045,54000,1995-01-01,SA005,10,50,29.6,,0,0,20119006912.0,1,50-PFP-95,IQT903,38043,SA005,,B,470,520,P0,0.8,1995-01-01,SS00201,,1995-01-01,PFP,True
"MultiLineString ((1099686.08768470003269613 1767096.85139107005670667, 1099687.58719566999934614 1767096.86520274006761611, 1099689.48663188004866242 1767096.88212192989885807, 1099705.1917486300226301 1767097.02139670005999506, 1099711.47170829004608095 1767097.07701279991306365, 1099722.18139272998087108 1767097.17216538009233773, 1099738.66714283009059727 1767097.14680944010615349, 1099739.60874557006172836 1767097.14534655003808439))",SA001,106608,2723063100,35803045,54000,1995-01-01,SA005,10,40,53.54,,0,0,20119006912.0,1,40-PFP-95,IQT903,106608,SA005,,B,470,520,P0,0.8,1995-01-01,SS00201,,1995-01-01,PFP,True
"MultiLineString ((1099536.81114106997847557 1766702.65680648991838098, 1099534.40226092003285885 1766700.11856105993501842, 1099533.36996337003074586 1766699.03103961003944278))",SA001,38906,2723063100,35803045,54000,1992-01-01,SA005,4,80,5.0,,0,0,20119006912.0,1,80-DTC-92,IQT903,38906,SA005,,B,470,520,P0,1.0,1992-01-01,SS00201,,1992-01-01,DTC,True
"MultiLineString ((1099739.3050095799844712 1767136.7685269599314779, 1099738.71099799009971321 1767136.76603331998921931, 1099724.7071609899867326 1767136.70632746000774205, 1099718.89618422999046743 1767136.68154873000457883, 1099718.35034611006267369 1767136.67917699995450675, 1099704.57366037997417152 1767136.61933674989268184, 1099689.62229909002780914 1767136.55558439996093512, 1099687.72372201993130147 1767136.54670737008564174, 1099686.22411759989336133 1767136.54081098991446197))",SA001,245473,2723063100,35803045,54000,1993-01-01,SA005,10,40,53.1,,0,0,20119006912.0,1,40-PFP-93,IQT903,245473,SA005,,B,470,520,P0,0.8,1993-01-01,SS00201,,1993-01-01,PFP,True
"MultiLineString ((1099683.33323511993512511 1766754.44455753988586366, 1099683.3577651500236243 1766734.05849978001788259, 1099683.36283362004905939 1766729.65539435995742679, 1099683.37501958990469575 1766719.46838619001209736, 1099683.39458829001523554 1766702.8875957599375397, 1099683.42284620995633304 1766679.17126704007387161, 1099683.44176466995850205 1766663.15941810002550483, 1099683.45905467006377876 1766648.56127590010873973, 1099683.46089019998908043 1766646.5396258900873363, 1099683.47320912010036409 1766636.93451343011111021, 1099683.47354402998462319 1766636.45363586000166833, 1099684.45799568993970752 1766635.29577982006594539, 1099684.47518495004624128 1766630.58213538001291454, 1099684.48097341996617615 1766628.99429220007732511, 1099684.49530744994990528 1766625.23113968991674483, 1099684.4960467501077801 1766625.00739977997727692, 1099684.50012005004100502 1766623.73247320996597409))",SA001,73315,2723063100,35803045,54000,1999-01-01,SA005,4,80,131.11,,0,0,20119006912.0,1,80-DTC-99,IQT903,73315,SA005,,B,470,520,P0,1.0,1999-01-01,SS00201,,1999-01-01,DTC,True
"MultiLineString ((1099636.1831111500505358 1766761.43707889993675053, 1099636.18669772008433938 1766762.84393113991245627, 1099636.18848707992583513 1766763.57778961001895368, 1099636.19085139990784228 1766764.3436895499471575, 1099636.19328622007742524 1766765.43053460004739463, 1099638.80186046008020639 1766768.53010192001238465))",SA001,73317,2723063100,35803045,54000,1999-01-01,SA005,4,80,8.05,,0,0,20119006912.0,1,80-DTC-99,IQT903,73317,SA005,,B,470,520,P0,1.0,1999-01-01,SS00201,,1999-01-01,DTC,True
"MultiLineString ((1099739.47936181002296507 1767123.17852261010557413, 1099738.6419291200581938 1767123.16987767000682652, 1099726.68134842999279499 1767123.04690193990245461, 1099725.59770535002462566 1767123.0364143499173224, 1099719.48100118990987539 1767122.973197259940207, 1099714.57536570006050169 1767122.92250817990861833, 1099710.39776675007306039 1767122.87987950001843274))",SA001,142929,2723063100,35803045,54000,1994-01-01,SA005,10,40,29.09,,0,0,20119006912.0,1,40-PFP-94,IQT903,142929,SA005,,B,470,520,P0,0.8,1994-01-01,SS00201,,1994-01-01,PFP,True
"MultiLineString ((1099750.92110696993768215 1767075.49079270008951426, 1099771.72924715001136065 1767075.50374503992497921))",SA001,72434,2723063000,35803045,54000,1993-01-01,SA005,13,20,20.81,,0,0,20119006912.0,1,20-STS-93,IQT903,72434,SA005,,B,480,520,P0,0.8,1993-01-01,SS00201,,1993-01-01,STS,True
"MultiLineString ((1099546.23910654010251164 1766785.52968513988889754, 1099546.34459319990128279 1766782.4088669300545007, 1099554.05567032005637884 1766782.51126260007731616, 1099561.65378697006963193 1766782.61301913997158408, 1099561.60547738010063767 1766785.78569791000336409))",SA001,324942,2723063100,35803045,54000,2006-07-18,SA004,4,200,22.0,,0,0,2006540000000.0,1,200-DTC-06,IQT903,324942,SA004,,B,470,520,P0,1.3,2006-07-18,SS00201,,2006-07-18,DTC,True
"MultiLineString ((1099523.82948282989673316 1766782.91481967992149293, 1099525.94878372992388904 1766782.93612261000089347, 1099529.82944963988848031 1766782.97626594989560544, 1099531.57877861009910703 1766784.64057332999072969))",SA001,324940,2723063100,35803045,54000,2006-07-18,SA004,4,200,8.0,,0,0,2006540000000.0,1,200-DTC-06,IQT903,324940,SA004,,B,580,520,P0,1.3,2006-07-18,SS00201,,2006-07-18,DTC,True
"MultiLineString ((1099580.75794292008504272 1766715.93294851994141936, 1099575.36854375991970301 1766715.89087047008797526, 1099570.04312618006952107 1766715.84876389009878039))",SA001,142915,2723063100,35803045,54000,1992-01-01,SA005,13,25,10.72,,0,0,20119006912.0,1,25-STS-92,IQT903,142915,SA005,,B,470,520,P0,0.8,1992-01-01,SS00201,,1992-01-01,STS,True
"MultiLineString ((1099632.21322703990153968 1766739.84894190006889403, 1099624.23046070011332631 1766739.72730095009319484, 1099619.12155191996134818 1766739.64851176994852722))",SA001,177124,2723063100,35803045,54000,1992-01-01,SA005,13,20,13.1,,0,0,20119006912.0,1,20-STS-92,IQT903,177124,SA005,,B,470,520,P0,0.8,1992-01-01,SS00201,,1992-01-01,STS,True
"MultiLineString ((1099632.15147217991761863 1766764.28216006001457572, 1099634.69145090994425118 1766764.3208694199565798, 1099636.19085139990784228 1766764.3436895499471575))",SA001,107420,2723063100,35803045,54000,1999-01-01,SA005,4,80,4.04,,0,0,20119006912.0,1,80-DTC-99,IQT903,107420,SA005,,B,470,520,P0,1.0,1999-01-01,SS00201,,1999-01-01,DTC,True
"MultiLineString ((1099636.06084306002594531 1766658.84942372003570199, 1099648.08158015995286405 1766658.91954231006093323, 1099648.65441244002431631 1766658.92825119011104107))",SA001,245215,2723063100,35803045,54000,1989-01-01,SA005,13,20,12.6,,0,0,20119006912.0,1,20-STS-89,IQT903,245215,SA005,,B,470,520,P0,0.8,1989-01-01,SS00201,,1989-01-01,STS,True
"MultiLineString ((1099585.20102365990169346 1766768.27507018996402621, 1099592.14112489996477962 1766771.67150519997812808, 1099594.03077507996931672 1766771.66932203993201256, 1099599.54326891992241144 1766771.66090425010770559, 1099600.17023617005906999 1766771.659944609971717))",SA001,73318,2723063100,35803045,54000,1999-01-01,SA005,4,80,15.76,,0,0,20119006912.0,1,80-DTC-99,IQT903,73318,SA005,,B,470,520,P0,1.0,1999-01-01,SS00201,,1999-01-01,DTC,True
"MultiLineString ((1099601.73655404010787606 1766786.43694059993140399, 1099601.74419368989765644 1766785.3339111499954015, 1099601.76936921989545226 1766781.70590670988894999))",SA001,436646,2723063100,35803045,54000,2014-03-21,SA005,18,150,4.73,,0,0,20149004283.0,1,150-DTEP-14,IQT903,436646,SA005,,B,470,520,P0,1.1,2014-03-21,SS00201,,2014-03-21,DTEP,True
"MultiLineString ((1099603.69842771999537945 1766771.61073531000874937, 1099604.16840743995271623 1766771.61870778002776206, 1099604.44264827994629741 1766771.62339479988440871, 1099606.06510943989269435 1766771.65093950997106731, 1099607.93264763010665774 1766771.64808001997880638, 1099618.1350279098842293 1766771.63349624001421034, 1099626.27682327991351485 1766771.62052107998169959, 1099632.15125797991640866 1766765.67691011005081236, 1099632.15147217991761863 1766764.28216006001457572, 1099632.15229945001192391 1766762.78346071997657418, 1099632.15281121991574764 1766761.50466160010546446))",SA001,437815,2723063100,35803045,54000,1999-01-01,SA005,4,80,35.12,,0,0,20119006912.0,1,80-DTC-99,IQT903,437815,SA005,,B,470,520,P0,1.0,1999-01-01,SS00201,,1999-01-01,DTC,True
"MultiLineString ((1099600.17023617005906999 1766771.659944609971717, 1099600.95448758988641202 1766771.64901864994317293, 1099602.91049771988764405 1766771.62171709001995623, 1099603.69842771999537945 1766771.61073531000874937))",SA001,437817,2723063100,35803045,54000,2014-06-30,SA005,18,150,3.53,,0,0,20149008255.0,1,150-DTEP-14,IQT903,437817,SA005,,B,470,520,P0,1.1,2014-06-30,SS00201,,2014-06-30,DTEP,True
"MultiLineString ((1099601.76936921989545226 1766781.70590670988894999, 1099601.89423707989044487 1766771.70058649010024965))",SA001,437816,2723063100,35803045,54000,2014-06-30,SA005,18,150,10.01,,0,0,20149008255.0,1,150-DTEP-14,IQT903,437816,SA005,,B,470,520,P0,1.1,2014-06-30,SS00201,,2014-06-30,DTEP,True
"MultiLineString ((1099635.20153735997155309 1766896.91704624006524682, 1099636.70092442003078759 1766896.93891230993904173, 1099638.41921173990704119 1766896.9640544899739325, 1099639.88269932009279728 1766898.68806854006834328, 1099640.88553632004186511 1766898.66800541011616588, 1099648.9939113799482584 1766898.50589593988843262, 1099656.20577831007540226 1766898.66483685001730919, 1099656.31815161998383701 1766899.12436759006232023, 1099657.91330360993742943 1766899.22462701005861163, 1099658.14902706001885235 1766898.71173678990453482, 1099669.54475552006624639 1766898.7339211399666965, 1099677.62722026999108493 1766898.86798957991413772, 1099679.12657442991621792 1766898.89384167990647256, 1099682.76891247997991741 1766895.82369475997984409, 1099682.68878631992265582 1766878.29277513991110027, 1099682.69526060996577144 1766865.65811562002636492, 1099682.70125786005519331 1766854.69313286989927292, 1099682.68623484997078776 1766852.78770384006202221, 1099682.70762172993272543 1766841.01767742005176842, 1099682.71188866999000311 1766833.78097603004425764, 1099682.7164050699211657 1766824.61869820998981595, 1099682.71801589010283351 1766822.54409682005643845, 1099682.72202373994514346 1766814.79753618990071118, 1099682.72270749998278916 1766813.04484724998474121, 1099682.75033752992749214 1766811.60155643010511994, 1099682.72903025010600686 1766800.28820311999879777, 1099682.73146199993789196 1766796.38795008999295533, 1099682.73420852003619075 1766790.49202037998475134, 1099682.87981511000543833 1766784.60218597995117307, 1099682.91667073010466993 1766783.11204059002920985))",SA001,143182,2723063100,35803045,54000,1988-01-01,SA005,4,80,162.95,,0,0,20119006912.0,1,80-DTC-88,IQT903,143182,SA005,,B,470,520,P0,1.0,1988-01-01,SS00201,,1988-01-01,DTC,True
"MultiLineString ((1099536.21163308992981911 1767110.42418513004668057, 1099537.77973690000362694 1767110.46305332006886601, 1099539.21216726000420749 1767110.48487514001317322, 1099540.90269080991856754 1767108.91888166009448469, 1099589.85093188006430864 1767109.64544753008522093, 1099606.41626460989937186 1767109.89077012008056045, 1099607.54296135995537043 1767109.90750536997802556, 1099622.19990019011311233 1767110.12515914998948574, 1099642.34075592993758619 1767110.42394040990620852, 1099644.95872623007744551 1767110.46255860989913344, 1099646.56704012001864612 1767110.48632255010306835, 1099658.68618214991874993 1767110.66588709992356598, 1099662.99147678003646433 1767110.72948217997327447, 1099678.30627422011457384 1767110.95670184004120529, 1099679.54113766993395984 1767112.52625252003781497, 1099680.34702058997936547 1767112.52354836999438703, 1099681.8468353699427098 1767112.51939730998128653))",SA001,211479,2723063100,35803045,54000,1992-01-01,SA005,4,80,147.07,,0,0,20119006912.0,1,80-DTC-92,IQT903,211479,SA005,,B,470,520,P0,1.0,1992-01-01,SS00201,,1992-01-01,DTC,True
"MultiLineString ((1099568.68925678008235991 1767047.7740153600461781, 1099568.6053341799415648 1767051.77408298989757895, 1099568.57704816991463304 1767053.10641406010836363, 1099568.39553012000396848 1767060.64025195990689099, 1099568.27467033988796175 1767065.65654299990274012, 1099568.25384777993895113 1767066.62705638003535569, 1099568.04431000002659857 1767078.49876634008251131))",SA001,211481,2723063100,35803045,54000,1991-01-01,SA005,13,25,30.74,,0,0,20119006912.0,1,25-STS-91,IQT903,211481,SA005,,B,470,520,P0,0.8,1991-01-01,SS00201,,1991-01-01,STS,True
"MultiLineString ((1099635.21496978006325662 1766791.52394320000894368, 1099634.47175444010645151 1766790.82581182988360524, 1099634.59274133993312716 1766789.4458578999619931, 1099634.64346631988883018 1766788.87375483009964228, 1099634.81033851997926831 1766786.97361692995764315, 1099634.95187812997028232 1766785.36306835990399122))",SA001,324943,2723063100,35803045,54000,2006-07-18,SA005,4,200,6.51,,0,0,2006540000000.0,1,200-DTC-06,IQT903,324943,SA005,,B,470,520,P0,1.3,2006-07-18,SS00201,,2006-07-18,DTC,True
"MultiLineString ((1099682.71244182996451855 1767036.72000453993678093, 1099682.71221898007206619 1767035.22030620998702943, 1099682.7433235899079591 1767019.27540445001795888, 1099682.71115480992011726 1767016.91053081001155078, 1099682.73158661997877061 1767007.01545215002261102, 1099682.71012831991538405 1767004.70268017007037997, 1099682.66311982995830476 1766996.00033671990968287, 1099682.76354090007953346 1766992.66832149005495012, 1099682.70796589995734394 1766983.70835012011229992, 1099682.70668559009209275 1766968.82496960996650159, 1099682.70648495992645621 1766966.40940747992135584, 1099682.70509291999042034 1766954.68243399006314576, 1099682.70912300003692508 1766952.23998560011386871, 1099682.70427598990499973 1766939.63710064999759197, 1099682.68789258995093405 1766934.53579777991399169, 1099682.65231256000697613 1766922.58887164993211627, 1099682.651734400074929 1766920.00036675995215774, 1099682.70112282992340624 1766906.89289485989138484, 1099682.70095675997436047 1766905.39311319007538259, 1099680.63273949990980327 1766903.8691929099150002, 1099678.97942712996155024 1766902.6509126799646765, 1099674.60599623993039131 1766902.66229952010326087, 1099665.88021380989812315 1766902.68536870996467769, 1099657.84725364996120334 1766902.70613123010843992, 1099655.94456296996213496 1766902.71103311004117131, 1099648.36360122007317841 1766902.7315472699701786, 1099645.40100778988562524 1766902.73946551000699401, 1099643.05737896007485688 1766902.74470129003748298, 1099641.28931475011631846 1766901.64796146005392075, 1099636.67478972999379039 1766901.60772464005276561, 1099636.31790552008897066 1766901.60440780990757048, 1099635.17528029996901751 1766901.59382974007166922))",SA001,211476,2723063100,35803045,54000,1994-01-01,SA005,4,80,180.12,,0,0,20119006912.0,1,80-DTC-94,IQT903,211476,SA005,,B,470,520,P0,1.0,1994-01-01,SS00201,,1994-01-01,DTC,True
"MultiLineString ((1099596.88295124005526304 1767047.98754382994957268, 1099596.82110982993617654 1767066.48132908996194601, 1099596.81098401010967791 1767076.08349681994877756))",SA001,38046,2723063100,35803045,54000,1994-01-01,SA005,13,25,28.1,,0,0,20119006912.0,1,25-STS-94,IQT903,38046,SA005,,B,470,520,P0,0.8,1994-01-01,SS00201,,1994-01-01,STS,True
"MultiLineString ((1099651.73285148991271853 1767162.49376845010556281, 1099651.84765231003984809 1767150.29771960992366076, 1099651.85789191001094878 1767149.16805940004996955, 1099651.95643095998093486 1767138.69141688989475369, 1099651.97303806990385056 1767136.87998867989517748))",SA001,72487,2723063100,35803045,54000,1989-01-01,SA005,13,25,25.62,,0,0,20119006912.0,1,25-STS-89,IQT903,72487,SA005,,B,470,520,P0,0.8,1989-01-01,SS00201,,1989-01-01,STS,True
"MultiLineString ((1099682.68789258995093405 1766934.53579777991399169, 1099681.93581592990085483 1766934.53562258998863399, 1099668.18452020990662277 1766934.53188055008649826, 1099667.60367811005562544 1766934.5310493300203234))",SA001,106360,2723063100,35803045,54000,1989-01-01,SA005,13,25,15.09,,0,0,20119006912.0,1,25-STS-89,IQT903,106360,SA005,,B,470,520,P0,0.8,1989-01-01,SS00201,,1989-01-01,STS,True
"MultiLineString ((1099615.97512187995016575 1767079.17029188992455602, 1099617.47471924009732902 1767079.18211153009906411, 1099620.64467659988440573 1767079.20840038009919226, 1099629.14813553006388247 1767079.27695442992262542, 1099630.64673464000225067 1767079.28979750000871718))",SA001,37769,2723063100,35803045,54000,1996-01-01,SA005,13,25,14.68,,0,0,20119006912.0,1,25-STS-96,IQT903,37769,SA005,,B,470,520,P0,0.8,1996-01-01,SS00201,,1996-01-01,STS,True
"MultiLineString ((1099539.49939511995762587 1767126.94336032005958259, 1099542.24905871995724738 1767128.6389166999142617, 1099544.44703970989212394 1767129.99413900007493794, 1099547.38804106996394694 1767131.80776500003412366, 1099551.24429909000173211 1767134.18577989004552364, 1099553.52707261010073125 1767135.59348321007564664, 1099561.56742288009263575 1767140.66510259988717735, 1099582.06969242007471621 1767153.59907967993058264, 1099585.72323024994693696 1767155.90374138997867703, 1099589.61397183989174664 1767158.35803040000610054, 1099595.1804044300224632 1767161.86934941005893052, 1099600.17864203010685742 1767161.92452084994874895, 1099625.80579298990778625 1767162.20786728011444211, 1099651.73285148991271853 1767162.49376845010556281, 1099676.83116897009313107 1767162.77009120001457632, 1099679.32076623989269137 1767161.12930651009082794, 1099681.5265043000690639 1767159.67512463009916246, 1099686.29453389998525381 1767159.6188166500069201, 1099689.72720418008975685 1767162.22764118993654847, 1099699.11339508998207748 1767162.35332031990401447, 1099699.74799379007890821 1767162.36182734998874366, 1099710.22116215992718935 1767162.50208807992748916, 1099713.31672951998189092 1767162.49326600995846093, 1099737.21968473005108535 1767162.42007447988726199, 1099738.07649273006245494 1767162.41747847991064191, 1099739.36886849999427795 1767162.38218118995428085, 1099740.55050100991502404 1767162.34992830990813673))",SA001,72486,2723063100,35803045,54000,1994-01-01,SA005,4,200,212.98,,0,0,20119006912.0,1,200-DTC-94,IQT903,72486,SA005,,B,470,520,P0,1.3,1994-01-01,SS00201,,1994-01-01,DTC,True
"MultiLineString ((1099536.30852529010735452 1767119.7519966799300164, 1099536.21163308992981911 1767110.42418513004668057, 1099536.13856166996993124 1767103.40331324003636837, 1099535.92777255992405117 1767083.04268121998757124, 1099535.85008285008370876 1767075.47589233005419374, 1099535.62273828010074794 1767053.49066275008954108, 1099535.56136723002418876 1767047.55641289008781314, 1099535.44139586994424462 1767036.0066537200473249, 1099535.29537886008620262 1767021.8979551000520587, 1099535.25158102996647358 1767009.80444566998630762, 1099535.24198935995809734 1767007.15575301996432245, 1099535.21120084007270634 1766998.53982247994281352, 1099535.19388077990151942 1766993.70442626997828484, 1099535.14595783990807831 1766990.94116405001841486, 1099535.03554349998012185 1766989.45976368989795446))",SA001,105678,2723063100,35803045,54000,1992-01-01,SA005,4,100,130.34,,0,0,20119006912.0,1,100-DTC-92,IQT903,105678,SA005,,B,470,520,P0,1.0,1992-01-01,SS00201,,1992-01-01,DTC,True
"MultiLineString ((1099731.83489834005013108 1767048.45622447994537652, 1099730.33495964994654059 1767048.46843125997111201, 1099730.03822567989118397 1767048.55188852990977466, 1099728.02011060994118452 1767048.48617964005097747, 1099724.37213143007829785 1767048.51484939991496503, 1099690.40126703004352748 1767048.7820052900351584, 1099686.57819786993786693 1767052.24819785007275641, 1099685.965812630020082 1767052.27582665998488665, 1099682.29431485990062356 1767052.21991274994798005, 1099682.03443723008967936 1767052.21592322993092239, 1099678.89098728005774319 1767048.60670877993106842, 1099667.50731805991381407 1767048.52131234994158149, 1099658.00805911002680659 1767048.44960018992424011, 1099653.48943654005415738 1767048.41476375004276633, 1099625.43461463996209204 1767048.20339527004398406, 1099616.84213213995099068 1767048.13852881011553109, 1099615.34253479004837573 1767048.12670931988395751, 1099613.44310951000079513 1767048.11276647006161511))",SA001,3958,2723063100,35803045,54000,1995-01-01,SA005,10,100,121.42,,0,0,20119006912.0,1,100-PFP-95,IQT903,3958,SA005,,B,470,520,P0,1.0,1995-01-01,SS00201,,1995-01-01,PFP,True
"MultiLineString ((1099540.79710653005167842 1767134.361781399929896, 1099540.55952369002625346 1767132.04055501008406281, 1099541.49920434993691742 1767130.14717233995907009, 1099542.24905871995724738 1767128.6389166999142617))",SA001,324844,2723063100,35803045,54000,2006-07-18,SA005,4,100,6.0,,0,0,2006540000000.0,1,100-DTC-06,IQT903,324844,SA005,,B,470,520,P0,1.0,2006-07-18,SS00201,,2006-07-18,DTC,True
"MultiLineString ((1099525.4851772899273783 1767058.72676434996537864, 1099526.50690768007189035 1767058.73231472005136311, 1099529.10212158993817866 1767058.7463270400185138, 1099532.4165376101154834 1767061.66818551998585463, 1099532.54607783001847565 1767063.36304668989032507))",SA001,105522,2723063100,35803045,54000,1985-01-01,SA005,4,80,9.74,,0,0,20119006912.0,1,80-DTC-85,IQT903,105522,SA005,,B,243,520,P0,1.0,1985-01-01,SS00201,,1985-01-01,DTC,True
"MultiLineString ((1099635.21496978006325662 1766791.52394320000894368, 1099635.21980735007673502 1766793.69971028994768858, 1099635.21639956999570131 1766795.30432199011556804, 1099635.24172368994913995 1766805.06301512010395527, 1099635.24869067990221083 1766807.69260595995001495, 1099635.25371548999100924 1766809.79032971011474729, 1099635.26392970001325011 1766813.517839299980551, 1099634.70013605989515781 1766813.50921272998675704, 1099634.68514596996828914 1766814.49486361001618207, 1099635.24780977005138993 1766814.57343370001763105, 1099635.33058706996962428 1766821.09049710002727807, 1099635.35662521002814174 1766823.18548332992941141, 1099635.38144960999488831 1766835.4584082099609077, 1099635.39210765995085239 1766836.33142615994438529, 1099634.75041354005225003 1766836.38463025004602969, 1099634.73415104998275638 1766837.45316465990617871, 1099635.37493488006293774 1766837.46291699004359543, 1099635.37576469010673463 1766837.93190890992991626, 1099635.36318225995637476 1766848.82480662991292775, 1099635.36446973006241024 1766850.84044026001356542, 1099635.50167593010701239 1766861.25697260000742972, 1099635.5023966699372977 1766863.17967199999839067, 1099634.88909830991178751 1766863.27227889001369476, 1099634.86891967011615634 1766864.59774422994814813, 1099635.37871217005886137 1766864.60548577993176877, 1099635.3763832300901413 1766865.02237969008274376, 1099635.31591234006918967 1766875.35336750000715256, 1099635.30225423001684248 1766877.89269205997698009, 1099635.24740387010388076 1766888.587214499944821, 1099635.20153735997155309 1766896.91704624006524682, 1099635.18735146010294557 1766899.35540796001441777, 1099635.18100229999981821 1766900.52979383990168571, 1099635.17528029996901751 1766901.59382974007166922, 1099635.08262174995616078 1766918.50940325995907187, 1099634.96793780010193586 1766929.89012277009896934, 1099634.95355371991172433 1766932.67239014990627766, 1099634.93548874999396503 1766945.1054375299718231, 1099634.92220054008066654 1766947.61879917001351714, 1099634.79584165010601282 1766960.96879937988705933, 1099634.7798641799017787 1766963.99200300010852516, 1099634.8253339200746268 1766965.26917786011472344, 1099633.9672524300403893 1766965.35109249991364777, 1099634.04196135001257062 1766966.68405043007805943, 1099634.70621196995489299 1766966.78911015996709466, 1099634.62270968989469111 1766975.48928023991174996, 1099634.59741831989958882 1766978.06947068008594215, 1099634.47039697994478047 1766991.19919069996103644, 1099634.44768550992012024 1766993.54547859006561339, 1099634.34454065002501011 1767004.12496968009509146, 1099634.31660563009791076 1767007.07303166994825006, 1099634.1117745500523597 1767017.01435161009430885, 1099634.08668108005076647 1767019.58345578005537391, 1099634.10986308008432388 1767028.39309654990211129, 1099634.04515376989729702 1767035.0039657698944211, 1099634.03131390991620719 1767036.50350412004627287))",SA001,72485,2723063100,35803045,54000,1994-01-01,SA005,4,100,249.73,,0,0,20119006912.0,1,100-DTC-94,IQT903,72485,SA005,,B,470,520,P0,1.0,1994-01-01,SS00201,,1994-01-01,DTC,True
"MultiLineString ((1099600.17864203010685742 1767161.92452084994874895, 1099600.17737203999422491 1767149.80058343010023236, 1099600.17732617002911866 1767148.29488034988753498, 1099600.23341122991405427 1767139.16638369997963309, 1099600.23909840011037886 1767138.2655987199395895))",SA001,37767,2723063100,35803045,54000,1988-01-01,SA005,13,25,23.67,,0,0,20119006912.0,1,25-STS-88,IQT903,37767,SA005,,B,470,520,P0,0.8,1988-01-01,SS00201,,1988-01-01,STS,True
"MultiLineString ((1099616.84213213995099068 1767048.13852881011553109, 1099616.81933821993879974 1767049.63795769005082548, 1099616.79040727997198701 1767051.53715289011597633, 1099616.57084107003174722 1767066.01525798998773098, 1099616.54087854991666973 1767067.98347176006063819, 1099616.52889900002628565 1767068.77113353996537626, 1099615.97512187995016575 1767079.17029188992455602, 1099615.19899723003618419 1767081.55588394007645547, 1099615.18534388998523355 1767085.40599184995517135, 1099614.67954517994076014 1767092.83892321004532278, 1099614.67231850000098348 1767095.05611092993058264, 1099614.6593816599342972 1767099.0204636799171567, 1099614.63627944001927972 1767105.98593048006296158))",SA001,10937,2723063100,35803045,54000,1993-01-01,SA005,10,40,58.02,,0,0,20119006912.0,1,40-PFP-93,IQT903,10937,SA005,,B,470,520,P0,0.8,1993-01-01,SS00201,,1993-01-01,PFP,True
"MultiLineString ((1099527.99041128996759653 1767055.69421810004860163, 1099526.65445482009090483 1767055.68813923001289368, 1099525.58201287989504635 1767055.68321408005431294))",SA001,143235,2723063100,35803045,54000,1994-01-01,SA005,4,200,2.41,,0,0,20119006912.0,1,200-DTC-94,IQT903,143235,SA005,,B,243,520,P0,1.3,1994-01-01,SS00201,,1994-01-01,DTC,True
"MultiLineString ((1099539.49939511995762587 1767126.94336032005958259, 1099536.36251579993404448 1767125.00384669005870819, 1099536.33413268998265266 1767122.20590396993793547, 1099536.30852529010735452 1767119.7519966799300164))",SA001,324843,2723063100,35803045,54000,2006-07-18,SA005,4,100,9.0,,0,0,2006540000000.0,1,100-DTC-06,IQT903,324843,SA005,,B,470,520,P0,1.0,2006-07-18,SS00201,,2006-07-18,DTC,True
"MultiLineString ((1099535.14595783990807831 1766990.94116405001841486, 1099536.21734482003375888 1766990.94348994991742074, 1099547.77431030990555882 1766990.96857420005835593, 1099575.64442300004884601 1766991.03010547999292612))",SA001,244567,2723063100,35803045,54000,1995-01-01,SA005,10,40,40.51,,0,0,20119006912.0,1,40-PFP-95,IQT903,244567,SA005,,B,470,520,P0,0.8,1995-01-01,SS00201,,1995-01-01,PFP,True
"MultiLineString ((1099535.44139586994424462 1767036.0066537200473249, 1099537.43069752003066242 1767036.02899477002210915, 1099550.32744738995097578 1767036.09244744991883636, 1099565.5465997199062258 1767036.16726826992817223, 1099566.22442759992554784 1767036.1705992401111871, 1099567.82009979011490941 1767036.178419099887833, 1099595.44806465995498002 1767036.31375003000721335, 1099609.78544901008717716 1767036.38415848999284208, 1099634.03131390991620719 1767036.50350412004627287, 1099639.6143032000400126 1767036.52798145008273423, 1099640.85869170003570616 1767036.53344059991650283, 1099660.66273890994489193 1767036.62216101004742086, 1099682.71244182996451855 1767036.72000453993678093, 1099685.97319797007367015 1767036.75869190995581448, 1099698.98892872990109026 1767036.82239891006611288, 1099719.14889230998232961 1767036.92104691988788545, 1099724.62699547992087901 1767036.81218997994437814, 1099724.62699590995907784 1767036.81216191011480987, 1099730.38634804007597268 1767036.6977123599499464, 1099730.93941492005251348 1767036.92961715999990702, 1099731.7703394100535661 1767037.27808423992246389))",SA001,106607,2723063100,35803045,54000,1988-01-01,SA005,4,100,196.51,,0,0,20119006912.0,1,100-DTC-88,IQT903,106607,SA005,,B,470,520,P0,1.0,1988-01-01,SS00201,,1988-01-01,DTC,True
"MultiLineString ((1099621.97363308002240956 1767066.09752556006424129, 1099626.33985977992415428 1767066.16402060003019869))",SA001,211253,2723063100,35803045,54000,1996-01-01,SA005,13,20,4.37,,0,0,20119006912.0,1,20-STS-96,IQT903,211253,SA005,,B,470,520,P0,0.8,1996-01-01,SS00201,,1996-01-01,STS,True
"MultiLineString ((1099531.57877861009910703 1766784.64057332999072969, 1099531.86508964002132416 1766785.30375688010826707, 1099546.23910654010251164 1766785.52968513988889754, 1099548.4190631399396807 1766785.57193607999943197, 1099550.45415981998667121 1766785.60486056003719568, 1099554.00869258004240692 1766785.66301840008236468, 1099557.67108987993560731 1766785.72277588001452386, 1099559.53336081001907587 1766785.75212093000300229, 1099561.60547738010063767 1766785.78569791000336409, 1099563.16410399996675551 1766785.81099946005269885))",SA001,324941,2723063100,35803045,54000,2006-07-18,SA004,4,200,32.03,,0,0,2006540000000.0,1,200-DTC-06,IQT903,324941,SA004,,B,470,520,P0,1.3,2006-07-18,SS00201,,2006-07-18,DTC,True
"MultiLineString ((1099681.9021660799626261 1767107.04622976994141936, 1099680.40280643990263343 1767107.02439115010201931, 1099667.57691324991174042 1767106.84004094009287655, 1099663.1196301500312984 1767106.77610590006224811, 1099653.22153039998374879 1767106.6343160099349916, 1099649.48203448997810483 1767106.58041764004155993, 1099638.04659989988431334 1767106.41623422992415726, 1099614.63627944001927972 1767105.98593048006296158, 1099596.63096060999669135 1767105.82139372010715306, 1099585.95727039990015328 1767105.66780951991677284, 1099575.40337249008007348 1767105.51609241007827222, 1099565.08950957003980875 1767105.36800409993156791, 1099553.10848850989714265 1767105.19625920010730624, 1099540.50225359993055463 1767105.01553383003920317, 1099539.04542697011493146 1767103.44659100007265806, 1099537.85467912000603974 1767103.44540817011147738, 1099536.13856166996993124 1767103.40331324003636837))",SA001,211478,2723063100,35803045,54000,1992-01-01,SA005,4,80,146.51,,0,0,20119006912.0,1,80-DTC-92,IQT903,211478,SA005,,B,470,520,P0,1.0,1992-01-01,SS00201,,1992-01-01,DTC,True
"MultiLineString ((1099622.19990019011311233 1767110.12515914998948574, 1099622.18495767004787922 1767112.21951624006032944, 1099622.11350104003213346 1767122.22866110992617905, 1099622.09674747008830309 1767124.31114309001713991, 1099622.08901585009880364 1767125.4127675099298358))",SA001,3700,2723063100,35803045,54000,1997-01-01,SA005,10,40,15.29,,0,0,20119006912.0,1,40-PFP-97,IQT903,3700,SA005,,B,470,520,P0,0.8,1997-01-01,SS00201,,1997-01-01,PFP,True
"MultiLineString ((1099520.81827981001697481 1766977.54331208998337388, 1099520.80155961005948484 1766978.75684215989895165, 1099520.77806650009006262 1766980.46277341991662979, 1099524.58556268992833793 1766983.37647882010787725, 1099525.65840313001535833 1767044.952052460052073, 1099526.61572033003903925 1767045.91293250001035631, 1099528.01499302010051906 1767045.92391370004042983, 1099529.94963306002318859 1767045.93901477009057999))",SA001,407185,2723063100,35803045,54000,2007-07-06,SA004,4,300,74.01,,0,0,20079004593.0,1,300-DTC-07,IQT903,407185,SA004,,B,580,520,P0,1.5,2007-07-06,SS00201,,2007-07-06,DTC,True
"MultiLineString ((1099529.94963306002318859 1767045.93901477009057999, 1099534.45499248988926411 1767046.01292336010374129, 1099534.61672045988962054 1767046.51448067999444902, 1099535.00758909992873669 1767046.86795512004755437, 1099535.52282000007107854 1767046.97861616010777652, 1099535.55529381008818746 1767046.96816575992852449, 1099536.02440582006238401 1767046.81686056009493768, 1099536.3778517700266093 1767046.42601956008002162, 1099536.48854086990468204 1767045.91078907996416092, 1099665.24350402993150055 1767046.42347184009850025, 1099666.5162818799726665 1767046.42852461989969015))",SA001,407186,2723063100,35803045,54000,2007-07-06,SA004,4,300,137.74,,0,0,20079004593.0,1,300-DTC-07,IQT903,407186,SA004,,B,470,520,P0,1.5,2007-07-06,SS00201,,2007-07-06,DTC,True
"MultiLineString ((1099532.54605364007875323 1767063.36279365001246333, 1099532.79126192000694573 1767067.95971700991503894, 1099532.80557712004519999 1767070.03551640990190208, 1099532.82311594998463988 1767072.62734048999845982, 1099532.85286479000933468 1767085.6852065899875015, 1099532.94452298991382122 1767094.84379077004268765, 1099532.92975171003490686 1767096.45701470994390547, 1099532.9450790099799633 1767098.89114030008204281, 1099532.96425406006164849 1767109.07899000006727874, 1099532.99197569000534713 1767113.16173700010403991, 1099532.99446101998910308 1767113.52468997007235885, 1099533.39607855002395809 1767114.99391286005266011))",SA001,407421,2723063100,35803045,54000,1995-01-01,SA005,4,150,51.71,,0,0,20119006912.0,1,150-DTC-95,IQT903,407421,SA005,,B,243,520,P0,1.1,1995-01-01,SS00201,,1995-01-01,DTC,True
"MultiLineString ((1099563.16410399996675551 1766785.81099950009956956, 1099589.43034769990481436 1766786.23723950004205108, 1099591.60568920010700822 1766786.27254020003601909, 1099601.73655400006100535 1766786.43694059993140399, 1099603.9694393000099808 1766786.47315389988943934, 1099634.81033849995583296 1766786.97361689992249012))",SA001,412000,2723063100,35803045,54000,2006-07-18,SA005,4,200,71.68,,0,0,2006540000000.0,1,200-DTC-06,IQT903,412000,SA005,,B,470,520,P0,1.3,2006-07-18,SS00201,,2006-07-18,DTC,True
"MultiLineString ((1099613.44310951000079513 1767048.11276647006161511, 1099610.33405630989000201 1767048.08940618997439742, 1099596.88295124005526304 1767047.98754382994957268, 1099568.68925678008235991 1767047.7740153600461781, 1099549.92073311004787683 1767047.63215657998807728, 1099546.67169129010289907 1767047.60771408001892269, 1099537.32339351996779442 1767047.54132333002053201, 1099535.56136723002418876 1767047.55641289008781314))",SA001,439268,2723063100,35803045,54000,1995-01-01,SA005,4,80,77.91,,0,0,20119006912.0,1,80-DTC-95,IQT903,439268,SA005,,B,470,520,P0,1.0,1995-01-01,SS00201,,1995-01-01,DTC,True
"MultiLineString ((1099625.92912392993457615 1767148.48878579004667699, 1099626.01221389998681843 1767139.26901266002096236, 1099626.02256033010780811 1767138.13239178992807865))",SA001,440011,2723063100,35803045,54000,1990-01-01,SA005,13,25,10.36,,0,0,20119006912.0,1,25-STS-90,IQT903,440011,SA005,,B,470,520,P0,0.8,1990-01-01,SS00201,,1990-01-01,STS,True
"MultiLineString ((1099621.97363308002240956 1767066.09752556006424129, 1099616.57084107003174722 1767066.01525798998773098))",SA001,448269,2723063100,35803045,54000,2016-05-03,SA005,13,25,5.41,,0,0,20169004796.0,1,25-STS-16,IQT903,448269,SA005,,B,470,520,P0,0.8,2016-05-03,SS00201,,2016-05-03,STS,True
"MultiLineString ((1099902.36017147009260952 1766783.90328452992253006, 1099902.09710660995915532 1766797.76484373002313077, 1099902.06992817996069789 1766799.2171262800693512, 1099902.03034319006837904 1766801.28558756993152201, 1099902.00123781990259886 1766802.80853139003738761, 1099901.99447914003394544 1766803.19029298005625606))",SA001,3677,2723063000,35803045,54000,1989-01-01,SA005,13,25,19.3,,0,0,20119006912.0,1,25-STS-89,IQT903,3677,SA005,,B,490,520,P0,0.8,1989-01-01,SS00201,,1989-01-01,STS,True
"MultiLineString ((1099971.30083066993393004 1766780.04411611007526517, 1099972.80042143003083766 1766780.05099307000637054, 1099978.7819310799241066 1766780.07908444991335273, 1099989.17638141009956598 1766780.1283982100430876, 1099998.29011445003561676 1766780.17222963995300233, 1100010.9719700999557972 1766780.23240035003982484, 1100011.85092761996202171 1766777.99321782006882131, 1100013.63720982009544969 1766778.02038565999828279))",SA001,178123,2723063000,35803045,54000,1995-01-01,SA005,4,80,43.88,,0,0,20119006912.0,1,80-DTC-95,IQT903,178123,SA005,,B,490,520,P0,1.0,1995-01-01,SS00201,,1995-01-01,DTC,True
"MultiLineString ((1099751.18200220004655421 1766779.43815813004039228, 1099752.6815943899564445 1766779.44304185989312828, 1099768.27341443998739123 1766779.49403611989691854, 1099769.06686341995373368 1766779.49664276000112295, 1099794.64908652007579803 1766779.58033293997868896, 1099799.21602950990200043 1766779.59487949009053409, 1099805.00168766989372671 1766779.61398467002436519, 1099813.1224009299185127 1766779.6067219499964267, 1099814.88953641010448337 1766779.64662232995033264, 1099820.90416061994619668 1766779.6662102600093931, 1099823.20708378008566797 1766779.67374001001007855, 1099827.24670358002185822 1766779.68684540991671383, 1099828.96085461997427046 1766779.69255221006460488, 1099831.02479238994419575 1766779.69941733009181917, 1099834.70103782997466624 1766779.7113523599691689, 1099836.15466828993521631 1766779.71654120995663106, 1099838.83505769004113972 1766779.72534536011517048, 1099842.37628091010265052 1766779.73633067007176578, 1099849.05875763995572925 1766779.75808518007397652, 1099851.66713786008767784 1766779.76682267989963293, 1099854.6175271300598979 1766779.77679562009871006, 1099856.45643782010301948 1766779.78264889004640281, 1099857.24901865003630519 1766779.78512989007867873, 1099858.84549243003129959 1766779.79020940000191331, 1099868.63534478005021811 1766779.82226918009109795, 1099876.6668258800636977 1766779.84884172002784908, 1099885.07554884999990463 1766779.8766852100379765, 1099895.71943975007161498 1766779.91107450006529689, 1099896.99088554992340505 1766779.91517923003993928, 1099908.97815995989367366 1766779.9547775499522686, 1099912.78867692011408508 1766779.96725769992917776, 1099932.39884310006164014 1766780.03156406991183758, 1099948.30854178010486066 1766780.08353552990593016, 1099950.87689415994100273 1766780.09193932008929551, 1099953.46405574004165828 1766780.10037915990687907, 1099960.67584082996472716 1766780.1243071099743247, 1099963.7827679798938334 1766780.13460549991577864, 1099965.28140779002569616 1766780.13941844995133579))",SA001,199088,2723063000,35803045,54000,1995-01-01,SA005,10,100,214.16,,0,0,20119006912.0,1,100-PFP-95,IQT903,199088,SA005,,B,490,520,P0,1.0,1995-01-01,SS00201,,1995-01-01,PFP,True
"MultiLineString ((1099861.26314770989120007 1766668.83964397991076112, 1099861.17908033006824553 1766681.25512361992150545, 1099861.15455813007429242 1766684.8351624000351876, 1099861.14569295011460781 1766686.20277333003468812))",SA001,212293,2723063000,35803045,54000,1993-01-01,SA005,13,25,17.37,,0,0,20119006912.0,1,25-STS-93,IQT903,212293,SA005,,B,490,520,P0,0.8,1993-01-01,SS00201,,1993-01-01,STS,True
"MultiLineString ((1099940.47625891002826393 1766723.71752588008530438, 1099940.64514216990210116 1766712.56202397006563842, 1099940.65605630003847182 1766711.84736600005999207, 1099940.71187470993027091 1766708.18181536998599768, 1099940.82067034998908639 1766700.97178264008834958))",SA001,211232,2723063000,35803045,54000,1989-01-01,SA005,13,25,22.76,,0,0,20119006912.0,1,25-STS-89,IQT903,211232,SA005,,B,490,520,P0,0.8,1989-01-01,SS00201,,1989-01-01,STS,True
"MultiLineString ((1099809.77554786996915936 1766661.66457881010137498, 1099810.97602567006833851 1766661.68488738010637462, 1099811.37583373999223113 1766661.6919790399260819, 1099813.93057040008716285 1766665.22825715993531048, 1099828.85935156000778079 1766665.19966820999979973, 1099831.98584892996586859 1766665.19325287011452019, 1099832.81712179002352059 1766665.19169525988399982, 1099835.81342844991013408 1766665.18597659002989531, 1099845.28692310000769794 1766665.16792087000794709, 1099853.88321751006878912 1766665.15130730997771025, 1099859.64250123989768326 1766665.14021868002600968, 1099868.01256754994392395 1766665.12403477006591856, 1099870.70518429996445775 1766665.11907269991934299, 1099888.19957430008798838 1766665.08755855006165802, 1099899.3400162800680846 1766665.06325467000715435, 1099905.64738074992783368 1766665.05117432004772127, 1099910.18439032998867333 1766665.04246335988864303, 1099915.63259660010226071 1766665.03243903000839055, 1099917.13236895995214581 1766665.02929571992717683, 1099918.21596743003465235 1766663.59606487001292408))",SA001,246293,2723063000,35803045,54000,1995-01-01,SA005,10,80,110.99,,0,0,20119006912.0,1,80-PFP-95,IQT903,246293,SA005,,B,490,520,P0,1.0,1995-01-01,SS00201,,1995-01-01,PFP,True
"MultiLineString ((1099963.62110783997923136 1766692.1439527899492532, 1099962.39315563999116421 1766691.36942979996092618, 1099938.97128575993701816 1766676.59592412994243205, 1099928.93879282008856535 1766670.31220014998689294, 1099927.78403232991695404 1766669.58874485990963876, 1099926.8797851400449872 1766669.02211136999540031, 1099918.21596743003465235 1766663.59606487001292408, 1099895.90995467989705503 1766649.62613481003791094, 1099856.93441381002776325 1766625.21635480993427336, 1099853.25815252005122602 1766622.91379128000698984, 1099849.64423628989607096 1766620.65014111995697021, 1099837.59732916997745633 1766613.10497925011441112, 1099825.55732236010953784 1766605.56388236000202596, 1099809.69544637994840741 1766591.42872815998271108, 1099799.96517094993032515 1766584.91480807005427778, 1099789.4709204500541091 1766578.31807757006026804, 1099786.04750933009199798 1766576.22130596009083092, 1099777.64051025989465415 1766571.1358725200407207, 1099777.28474424011074007 1766570.92069731000810862, 1099772.77684067003428936 1766568.19388595991767943, 1099769.72486688010394573 1766566.32471452001482248))",SA001,106306,2723063000,35803045,54000,1996-01-01,SA005,4,200,231.49,,0,0,20119006912.0,1,200-DTC-96,IQT903,106306,SA005,,B,490,520,P0,1.3,1996-01-01,SS00201,,1996-01-01,DTC,True
"MultiLineString ((1099892.1678889999166131 1766711.8947745799086988, 1099892.16760522010736167 1766711.71574102994054556, 1099892.14543266990222037 1766700.56640418991446495, 1099892.14162007998675108 1766698.78470051009207964))",SA001,177115,2723063000,35803045,54000,1989-01-01,SA005,13,25,13.11,,0,0,20119006912.0,1,25-STS-89,IQT903,177115,SA005,,B,490,520,P0,0.8,1989-01-01,SS00201,,1989-01-01,STS,True
"MultiLineString ((1099964.34088470996357501 1766904.65114931995049119, 1099964.3456993899308145 1766903.94431458995677531, 1099964.38131216005422175 1766900.74841578002087772, 1099964.46844585007056594 1766889.05184708000160754, 1099964.56767930998466909 1766875.84465043991804123, 1099964.64902849006466568 1766864.8558561101090163, 1099964.73343034996651113 1766853.54015639005228877, 1099964.74880489008501172 1766851.54372641001828015, 1099964.75352385989390314 1766850.90895670000463724, 1099964.82440059003420174 1766841.3978561800904572, 1099964.83255232009105384 1766840.29988661990500987, 1099964.86082949000410736 1766836.51010562991723418, 1099965.03739769989624619 1766812.90088830003514886, 1099965.07172639993950725 1766808.28525690990500152, 1099965.16102229990065098 1766796.31774913007393479, 1099965.25289344997145236 1766783.98127344995737076, 1099965.28140779002569616 1766780.13941844995133579, 1099965.29128681006841362 1766778.83381045004352927, 1099965.32327699009329081 1766774.63201320008374751, 1099965.36791148991324008 1766766.90709652006626129, 1099965.38346164999529719 1766764.25176750007085502, 1099965.44174083997495472 1766753.98648451990447938, 1099965.50687811989337206 1766742.5574903900269419, 1099965.58310480997897685 1766729.41296721994876862, 1099965.61489044991321862 1766723.8454687399789691, 1099965.67384923994541168 1766713.40414283005520701, 1099965.69063347997143865 1766710.53487918991595507, 1099965.80430121999233961 1766694.17387881991453469))",SA001,181569,2723063000,35803045,54000,1992-01-01,SA005,4,150,210.54,,0,0,20119006912.0,1,150-DTC-92,IQT903,181569,SA005,,B,490,520,P0,1.1,1992-01-01,SS00201,,1992-01-01,DTC,True
"MultiLineString ((1099965.25289344997145236 1766783.98127344995737076, 1099963.75316859991289675 1766783.97947583999484777, 1099948.24617736996151507 1766783.95965463994070888, 1099946.48556572990491986 1766783.9574176799505949, 1099933.91852410999126732 1766783.94193470990285277, 1099914.98471055994741619 1766783.9185833299998194, 1099902.36017147009260952 1766783.90328452992253006, 1099885.41748845996335149 1766783.88217135006561875, 1099878.77558316988870502 1766783.87106205988675356, 1099856.10900003998540342 1766783.83302689995616674, 1099853.503700080094859 1766783.84309021010994911, 1099850.0765521100256592 1766783.89912848989479244, 1099835.8651815599296242 1766783.82140218000859022, 1099822.14288552990183234 1766783.80446828994899988, 1099810.22131858998909593 1766783.78979762992821634))",SA001,99395,2723063000,35803045,54000,1995-01-01,SA005,10,100,155.08,,0,0,20119006912.0,1,100-PFP-95,IQT903,99395,SA005,,B,490,520,P0,1.0,1995-01-01,SS00201,,1995-01-01,PFP,True
"MultiLineString ((1099829.5074817300774157 1766727.35050791990943253, 1099831.4132161398883909 1766727.3485713500995189, 1099832.58341788011603057 1766727.34772474993951619, 1099834.10073515004478395 1766727.34647939004935324, 1099837.15127492998726666 1766727.34299755003303289, 1099850.46619527996517718 1766727.33012119005434215, 1099857.22218408994376659 1766727.32355312001891434, 1099860.73145533003844321 1766727.32015061005949974, 1099863.42197741009294987 1766727.3181328100617975, 1099883.7207434899173677 1766727.29836795991286635, 1099886.73528690007515252 1766727.29526000004261732, 1099900.85995256993919611 1766727.28246089001186192, 1099914.1718211299739778 1766727.26922880997881293, 1099925.37894968991167843 1766727.25894924998283386, 1099930.24355227989144623 1766727.36397124989889562, 1099943.31882913992740214 1766727.25822441000491381, 1099945.63970178994350135 1766727.23955529998056591, 1099953.17248936998657882 1766727.23224992002360523, 1099954.08429971011355519 1766727.23119883006438613, 1099959.89841191004961729 1766727.22575369011610746, 1099961.30913605005480349 1766727.22424770006909966, 1099963.96301429998129606 1766728.58343505999073386, 1099965.58310480997897685 1766729.41296721994876862))",SA001,42327,2723063000,35803045,54000,1991-01-01,SA005,10,50,136.65,,0,0,20119006912.0,1,50-PFP-91,IQT903,42327,SA005,,B,490,520,P0,0.8,1991-01-01,SS00201,,1991-01-01,PFP,True
"MultiLineString ((1099914.98471055994741619 1766783.9185833299998194, 1099914.79097387008368969 1766796.5064137598965317, 1099914.74693417991511524 1766799.33325951988808811))",SA001,107367,2723063000,35803045,54000,1992-01-01,SA005,13,20,15.42,,0,0,20119006912.0,1,20-STS-92,IQT903,107367,SA005,,B,490,520,P0,0.8,1992-01-01,SS00201,,1992-01-01,STS,True
"MultiLineString ((1099886.73528690007515252 1766727.29526000004261732, 1099886.71854261006228626 1766729.83453930006362498, 1099886.70740457996726036 1766730.56926677003502846, 1099886.54295290005393326 1766741.29886480001732707, 1099886.5351218800060451 1766741.81267097010277212))",SA001,59978,2723063000,35803045,54000,1989-01-01,SA005,13,25,14.52,,0,0,20119006912.0,1,25-STS-89,IQT903,59978,SA005,,B,490,520,P0,0.8,1989-01-01,SS00201,,1989-01-01,STS,True
"MultiLineString ((1099965.61489044991321862 1766723.8454687399789691, 1099964.11525865993462503 1766723.83760883007198572, 1099940.47625891002826393 1766723.71752588008530438, 1099937.80593778006732464 1766723.70385152008384466, 1099920.01947208005003631 1766723.61392168002203107, 1099917.64003405999392271 1766723.60168047994375229, 1099897.3642026400193572 1766723.49888880993239582, 1099892.19147788011468947 1766723.47305087000131607, 1099888.54444639990106225 1766723.45449030003510416, 1099878.02410595002584159 1766723.40027012000791728, 1099873.29127731989137828 1766723.37618755991570652, 1099850.20815706998109818 1766723.25955610000528395, 1099836.43069242988713086 1766723.18972856993786991, 1099830.08225576998665929 1766723.21468087006360292, 1099829.38647937006317079 1766723.21739179990254343))",SA001,128730,2723063000,35803045,54000,1991-01-01,SA005,4,80,136.27,,0,0,20119006912.0,1,80-DTC-91,IQT903,128730,SA005,,B,490,520,P0,1.0,1991-01-01,SS00201,,1991-01-01,DTC,True
"MultiLineString ((1099917.67499234993010759 1766698.9185603701043874, 1099917.6730899300891906 1766700.35929944994859397, 1099917.65860301000066102 1766710.63224348006770015, 1099917.64003405999392271 1766723.60168047994375229))",SA001,10918,2723063000,35803045,54000,1989-01-01,SA005,13,25,24.69,,0,0,20119006912.0,1,25-STS-89,IQT903,10918,SA005,,B,490,520,P0,0.8,1989-01-01,SS00201,,1989-01-01,STS,True
"MultiLineString ((1099932.39884310006164014 1766780.03156406991183758, 1099932.17040305002592504 1766766.2784893000498414, 1099932.15454339003190398 1766765.32184179010801017, 1099932.01708236010745168 1766757.04682402010075748, 1099931.94797521992586553 1766752.85245908005163074, 1099929.97675570007413626 1766752.82248057005926967, 1099930.02126149996183813 1766748.58261078991927207, 1099930.09868529997766018 1766741.20339882001280785, 1099930.13754229992628098 1766737.49061981006525457, 1099930.24355227989144623 1766727.36397124989889562))",SA001,267500,2723063000,35803045,54000,1996-01-01,SA005,10,40,54.63,,0,0,20119006912.0,1,40-PFP-96,IQT903,267500,SA005,,B,490,520,P0,0.8,1996-01-01,SS00201,,1996-01-01,PFP,True
"MultiLineString ((1099878.02410595002584159 1766723.40027012000791728, 1099877.95108570996671915 1766712.76705550006590784, 1099877.93310319003649056 1766710.00823634001426399))",SA001,177114,2723063000,35803045,54000,1989-01-01,SA005,13,25,13.4,,0,0,20119006912.0,1,25-STS-89,IQT903,177114,SA005,,B,490,520,P0,0.8,1989-01-01,SS00201,,1989-01-01,STS,True
"MultiLineString ((1099874.88922799006104469 1766668.87716195988468826, 1099874.89404007000848651 1766670.78762917011044919, 1099874.89649891993030906 1766671.74673783010803163, 1099874.91534407995641232 1766678.45285923010669649, 1099874.9170430600643158 1766679.12677846988663077, 1099874.93536827992647886 1766685.67289701988920569, 1099874.93642720999196172 1766686.19281944003887475))",SA001,245208,2723063000,35803045,54000,1991-01-01,SA005,13,25,17.32,,0,0,20119006912.0,1,25-STS-91,IQT903,245208,SA005,,B,490,520,P0,0.8,1991-01-01,SS00201,,1991-01-01,STS,True
"MultiLineString ((1099902.52516362001188099 1766668.95410239999182522, 1099902.31267734011635184 1766686.97565957996994257, 1099902.29850044008344412 1766688.16623744997195899))",SA001,245207,2723063000,35803045,54000,1995-01-01,SA005,13,25,19.22,,0,0,20119006912.0,1,25-STS-95,IQT903,245207,SA005,,B,490,520,P0,0.8,1995-01-01,SS00201,,1995-01-01,STS,True
"MultiLineString ((1099860.73145533003844321 1766727.32015061005949974, 1099860.67490075994282961 1766729.91985190007835627, 1099860.66222280007787049 1766731.14445047010667622, 1099860.5564998600166291 1766741.17009011004120111, 1099860.46016889996826649 1766742.29539754008874297))",SA001,146526,2723063000,35803045,54000,1989-01-01,SA005,13,20,14.98,,0,0,20119006912.0,1,20-STS-89,IQT903,146526,SA005,,B,490,520,P0,0.8,1989-01-01,SS00201,,1989-01-01,STS,True
"MultiLineString ((1099926.8797851400449872 1766669.02211136999540031, 1099925.3801770000718534 1766669.01821056008338928, 1099913.18180760997347534 1766668.9843881600536406, 1099902.52516362001188099 1766668.95410239999182522, 1099901.59734359011054039 1766668.95198819995857775, 1099878.86132605001330376 1766668.88869595993310213, 1099874.88922799006104469 1766668.87716195988468826, 1099866.96317753009498119 1766668.85529894009232521, 1099864.15138373989611864 1766668.84759494010359049, 1099863.83612397010438144 1766668.84671409009024501, 1099863.10499038989655674 1766668.84469934995286167, 1099861.26314770989120007 1766668.83964397991076112, 1099859.32659034989774227 1766668.83408924005925655, 1099840.68266588007099926 1766668.78212350001558661, 1099837.67931026010774076 1766668.77335994993336499, 1099827.94611802999861538 1766668.74644079990684986, 1099811.20812090998515487 1766668.70020532002672553, 1099809.80926041002385318 1766668.70983866997994483))",SA001,110958,2723063000,35803045,54000,1992-01-01,SA005,4,80,117.11,,0,0,20119006912.0,1,80-DTC-92,IQT903,110958,SA005,,B,490,520,P0,1.0,1992-01-01,SS00201,,1992-01-01,DTC,True
"MultiLineString ((1099682.29431485990062356 1767052.21991274994798005, 1099682.28347856993786991 1767053.71946938009932637, 1099682.20421575009822845 1767064.89924607006832957, 1099682.18328578001819551 1767067.71647808002308011, 1099682.0960672099608928 1767079.94296285999007523, 1099682.07493332005105913 1767082.90513876010663807, 1099681.98606813000515103 1767095.43451872002333403, 1099681.9021660799626261 1767107.04622976994141936, 1099681.8468353699427098 1767112.51939730998128653, 1099681.80751197994686663 1767118.38175035989843309, 1099681.75851962994784117 1767125.47374465991742909, 1099681.6655216699000448 1767139.25789306010119617, 1099681.58636415004730225 1767150.88960961997509003, 1099681.53635789011605084 1767158.17560906009748578, 1099681.5265043000690639 1767159.67512463009916246))",SA001,245472,2723063100,35803045,54000,1992-01-01,SA005,4,100,107.49,,0,0,20119006912.0,1,100-DTC-92,IQT903,245472,SA005,,B,470,520,P0,1.0,1992-01-01,SS00201,,1992-01-01,DTC,True
"MultiLineString ((1099892.19147788011468947 1766723.47305087000131607, 1099892.1678889999166131 1766711.8947745799086988))",SA001,211231,2723063000,35803045,54000,1995-01-01,SA005,13,25,11.58,,0,0,20119006912.0,1,25-STS-95,IQT903,211231,SA005,,B,490,520,P0,0.8,1995-01-01,SS00201,,1995-01-01,STS,True
"MultiLineString ((1099837.67931026010774076 1766668.77335994993336499, 1099837.69579480006359518 1766672.8149220400955528, 1099837.69883791008032858 1766673.59880039002746344, 1099837.73187736002728343 1766681.79986536991782486, 1099837.73419230990111828 1766682.30380470003001392, 1099837.75961719988845289 1766688.64711110992357135, 1099837.7620688199531287 1766689.20798702002502978))",SA001,142910,2723063000,35803045,54000,1996-01-01,SA005,13,25,20.44,,0,0,20119006912.0,1,25-STS-96,IQT903,142910,SA005,,B,490,520,P0,0.8,1996-01-01,SS00201,,1996-01-01,STS,True
"MultiLineString ((1099653.48943654005415738 1767048.41476375004276633, 1099653.52954923990182579 1767058.38365149009041488, 1099653.53693909989669919 1767060.26136627001687884, 1099653.54329775995574892 1767061.81124298996292055))",SA001,3959,2723063100,35803045,54000,1994-01-01,SA005,13,25,13.4,,0,0,20119006912.0,1,25-STS-94,IQT903,3959,SA005,,B,470,520,P0,0.8,1994-01-01,SS00201,,1994-01-01,STS,True
"MultiLineString ((1099850.20815706998109818 1766723.25955610000528395, 1099850.12386734993197024 1766715.33569478010758758, 1099850.07686010003089905 1766711.00376978004351258, 1099849.96221618005074561 1766700.34790704003535211, 1099849.94227010989561677 1766698.50890918006189167))",SA001,211230,2723063000,35803045,54000,1991-01-01,SA005,13,25,24.76,,0,0,20119006912.0,1,25-STS-91,IQT903,211230,SA005,,B,490,520,P0,0.8,1991-01-01,SS00201,,1991-01-01,STS,True
"MultiLineString ((1099668.63792697992175817 1767044.70800264994613826, 1099668.66316302004270256 1767043.07326535996980965, 1099672.73784260009415448 1767043.09569976991042495, 1099678.54348673997446895 1767043.1276379800401628, 1099678.51913101994432509 1767044.74526358000002801))",SA001,407190,2723063100,35803045,54000,2007-07-06,SA004,4,200,13.14,,0,0,20079004593.0,1,200-DTC-07,IQT903,407190,SA004,,B,470,520,P0,1.3,2007-07-06,SS00201,,2007-07-06,DTC,True
"MultiLineString ((1099971.39119067997671664 1766697.66099860006943345, 1099970.29066959000192583 1766696.97411417006514966, 1099969.52334201009944081 1766696.49515247996896505, 1099968.93184217996895313 1766696.1259929200168699, 1099966.85524094011634588 1766694.82982236007228494, 1099965.80430121999233961 1766694.17387881991453469, 1099964.72513613989576697 1766693.5003486699424684, 1099964.55017576995305717 1766692.69392638001590967, 1099963.62110783997923136 1766692.1439527899492532))",SA001,407211,2723063000,35803045,54000,2007-07-06,SA005,4,200,9.77,,0,0,20079004593.0,1,200-DTC-07,IQT903,407211,SA005,,B,490,520,P0,1.3,2007-07-06,SS00201,,2007-07-06,DTC,True
"MultiLineString ((1099834.10073515004478395 1766727.34647939004935324, 1099834.04629366006702185 1766729.94020500010810792, 1099833.87689054990187287 1766741.12769955000840127, 1099833.86740334006026387 1766741.7493974301032722))",SA001,244343,2723063000,35803045,54000,1988-01-01,SA005,13,20,14.41,,0,0,20119006912.0,1,20-STS-88,IQT903,244343,SA005,,B,490,520,P0,0.8,1988-01-01,SS00201,,1988-01-01,STS,True
"MultiLineString ((1099868.01256754994392395 1766665.12403477006591856, 1099867.96320211002603173 1766655.50101270992308855, 1099867.95858515007421374 1766654.55812591011635959, 1099867.9383068298920989 1766650.73991967993788421, 1099867.93454079004004598 1766650.03056716010905802))",SA001,245206,2723063000,35803045,54000,1989-01-01,SA005,13,25,15.1,,0,0,20119006912.0,1,25-STS-89,IQT903,245206,SA005,,B,490,520,P0,0.8,1989-01-01,SS00201,,1989-01-01,STS,True
"MultiLineString ((1099469.29626424005255103 1766278.87084666010923684, 1099459.16690832003951073 1766309.18934228993020952, 1099456.26881864992901683 1766318.4201416599098593, 1099440.10578202991746366 1766368.06823282991535962, 1099434.47422563005238771 1766378.76566743990406394, 1099420.63373948005028069 1766405.05655209999531507, 1099403.50989181990735233 1766428.46511200000531971, 1099379.00967540009878576 1766452.93237303011119366, 1099360.22513706004247069 1766469.36458426993340254, 1099349.19156455993652344 1766476.82010734989307821, 1099330.79988784994930029 1766487.91409413004294038))",SA001,415766,2723063100,35803045,54000,1972-01-01,SA004,2,400,259.11,,0,0,20119006912.0,1,400-CI-72-EL-99,IQT903,415766,SA004,,B,700,529,P0,1.2,1999-01-01,SS00201,,1999-01-01,CI,True
"MultiLineString ((1099427.08559141005389392 1766397.18886720994487405, 1099428.23980531003326178 1766398.14720838004723191, 1099445.68406170001253486 1766412.63040245999582112, 1099457.18625974003225565 1766422.18035580008290708, 1099459.1999876000918448 1766423.85231250990182161, 1099460.72222431004047394 1766425.11619104002602398, 1099468.15882532997056842 1766431.29039965989068151, 1099481.32000554003752768 1766442.21789885009638965, 1099487.34182726009748876 1766447.2167123700492084, 1099489.31255232007242739 1766448.85347810992971063, 1099498.43814108008518815 1766456.46961793000809848, 1099511.59323150990530849 1766467.32383648003451526, 1099513.40461524995043874 1766468.85585438995622098, 1099516.45812384993769228 1766471.39124685991555452, 1099519.71565788006410003 1766474.09605439007282257, 1099526.17536732996813953 1766479.4816587099339813, 1099539.98839789000339806 1766491.09715900989249349, 1099543.50459153996780515 1766493.84689751989208162, 1099553.96152511006221175 1766502.52862109011039138, 1099561.52526088990271091 1766508.95430828002281487, 1099576.22893826989457011 1766521.0165266499388963, 1099585.71542634000070393 1766529.01460103993304074, 1099604.2382789000403136 1766544.6310169599018991, 1099609.06345696002244949 1766548.69776409002952278, 1099613.08016496989876032 1766552.08531165006570518, 1099621.67427129996940494 1766559.33091803989373147, 1099624.89040586003102362 1766562.04241936001926661, 1099635.7638390299398452 1766571.20945831993594766, 1099639.79138535005040467 1766574.60421946994028986, 1099643.50906291999854147 1766577.73835615999996662, 1099644.93050880008377135 1766578.93670805008150637, 1099653.51906263991259038 1766586.17827227991074324, 1099654.58184136007912457 1766587.0742903898935765, 1099662.0733303299639374 1766593.38924317993223667, 1099666.60731184994801879 1766597.21165618998929858, 1099671.62594484002329409 1766601.44330644002184272, 1099673.52227006992325187 1766603.04190230998210609, 1099677.03255701996386051 1766606.00090186996385455, 1099680.13405487989075482 1766608.42774094990454614, 1099681.31469676992855966 1766609.35251964000053704, 1099682.08617936004884541 1766608.06652045994997025, 1099683.06278463010676205 1766606.43768367008306086))",SA001,48168,2723063100,35803045,54000,1991-01-01,SA005,4,100,334.63,,0,0,20119006912.0,1,100-DTC-91,IQT903,48168,SA005,,B,470,520,P0,1.0,1991-01-01,SS00201,,1991-01-01,DTC,True
"MultiLineString ((1099507.0584666000213474 1766598.28294103988446295, 1099523.3587975800037384 1766604.24217409989796579, 1099526.61704551009461284 1766605.43359983991831541, 1099526.06693366006948054 1766606.82897639996372163, 1099525.51874800003133714 1766608.22140665003098547))",SA001,72215,2723063100,35803045,54000,1992-01-01,SA005,13,25,23.83,,0,0,20119006912.0,1,25-STS-92,IQT903,72215,SA005,,B,470,520,P0,0.8,1992-01-01,SS00201,,1992-01-01,STS,True
"MultiLineString ((1099668.70836841990239918 1766609.91642530006356537, 1099666.15342352003790438 1766614.14476332999765873, 1099658.76288885995745659 1766614.07017282000742853, 1099656.47861839993856847 1766614.04734945995733142, 1099651.79314631992019713 1766614.00002015009522438, 1099630.24273286992684007 1766613.95237612002529204, 1099620.29167410009540617 1766614.18814529990777373, 1099607.67285165004432201 1766614.06095328996889293, 1099588.31683202995918691 1766614.13396707992069423, 1099587.30364978010766208 1766614.12386106001213193, 1099586.41739939991384745 1766614.11502967006526887, 1099584.91787679004482925 1766614.10018147993832827))",SA001,178214,2723063100,35803045,54000,2016-06-27,SA005,13,50,86.21,,0,0,20169008427.0,1,50-STS-16,IQT903,178214,SA005,,B,470,520,P0,0.8,2016-06-27,SS00201,,2016-06-27,STS,True
"MultiLineString ((1099613.08016496989876032 1766552.08531165006570518, 1099618.78883569990284741 1766545.0815137499012053, 1099620.76129623991437256 1766542.66200979007408023, 1099621.04962664004415274 1766542.30846175993792713))",SA001,211244,2723063100,35803045,54000,1991-01-01,SA005,13,25,12.62,,0,0,20119006912.0,1,25-STS-91,IQT903,211244,SA005,,B,470,520,P0,0.8,1991-01-01,SS00201,,1991-01-01,STS,True
"MultiLineString ((1099568.64314017002470791 1766457.75686229998245835, 1099563.53792346990667284 1766464.00001726998016238, 1099562.54767687991261482 1766465.21174299996346235, 1099558.8396216300316155 1766469.74517778004519641, 1099557.3936164400074631 1766471.51307566999457777, 1099553.90322301001287997 1766475.78112534992396832, 1099550.6216962500475347 1766479.79345286008901894, 1099549.25750187993980944 1766481.46240970003418624, 1099543.41017681010998785 1766489.09529851004481316, 1099541.93955043004825711 1766490.9162434299942106, 1099540.82453426998108625 1766490.05808230000548065, 1099540.5640844099689275 1766490.43156979000195861, 1099539.98839789000339806 1766491.09715900989249349))",SA001,4789,2723063100,35803045,54000,1993-01-01,SA005,10,40,45.33,,0,0,20119006912.0,1,40-PFP-93,IQT903,4789,SA005,,B,470,520,P0,0.8,1993-01-01,SS00201,,1993-01-01,PFP,True
"MultiLineString ((1099581.06504329992458224 1766649.56231137993745506, 1099575.85951085994020104 1766649.46112528000958264, 1099568.76387846004217863 1766649.32194206002168357))",SA001,211241,2723063100,35803045,54000,1992-01-01,SA005,13,20,12.31,,0,0,20119006912.0,1,20-STS-92,IQT903,211241,SA005,,B,470,520,P0,0.8,1992-01-01,SS00201,,1992-01-01,STS,True
"MultiLineString ((1099529.07095651002600789 1766532.33218685002066195, 1099525.75463932007551193 1766530.29104802990332246, 1099516.75764048006385565 1766524.75200935010798275))",SA001,178216,2723063100,35803045,54000,1992-01-01,SA005,13,25,14.46,,0,0,20119006912.0,1,25-STS-92,IQT903,178216,SA005,,B,470,520,P0,0.8,1992-01-01,SS00201,,1992-01-01,STS,True
"MultiLineString ((1099611.77548142010346055 1766557.26257326989434659, 1099611.02423228998668492 1766558.14492351002991199, 1099610.80326159996911883 1766558.40455859992653131, 1099606.06535597005859017 1766563.97339440998621285, 1099604.24301770003512502 1766566.11426417995244265, 1099603.6321835198905319 1766566.83279519993811846))",SA001,211238,2723063100,35803045,54000,1990-01-01,SA005,13,20,12.57,,0,0,20119006912.0,1,20-STS-90,IQT903,211238,SA005,,B,470,520,P0,0.8,1990-01-01,SS00201,,1990-01-01,STS,True
"MultiLineString ((1099684.25947570009157062 1766562.16810016008093953, 1099671.99364530993625522 1766551.95671987999230623, 1099667.94569279998540878 1766548.78663195995613933, 1099665.88068926008418202 1766547.16846240009181201, 1099660.07996693998575211 1766542.62393720005638897, 1099659.81410991004668176 1766542.41690807999111712))",SA001,245216,2723063100,35803045,54000,1992-01-01,SA005,13,25,31.44,,0,0,20119006912.0,1,25-STS-92,IQT903,245216,SA005,,B,470,520,P0,0.8,1992-01-01,SS00201,,1992-01-01,STS,True
"MultiLineString ((1099684.45821560989134014 1766577.70299693988636136, 1099683.82231641001999378 1766577.17383543006144464, 1099669.86778933997265995 1766565.56193698011338711))",SA001,211243,2723063100,35803045,54000,1992-01-01,SA005,13,25,18.99,,0,0,20119006912.0,1,25-STS-92,IQT903,211243,SA005,,B,470,520,P0,0.8,1992-01-01,SS00201,,1992-01-01,STS,True
"MultiLineString ((1099584.6771639899816364 1766547.88548112008720636, 1099583.33452835003845394 1766547.21714451001025736, 1099581.63377962005324662 1766546.37132852990180254, 1099578.87157433992251754 1766544.99694989994168282, 1099577.11087446007877588 1766544.12087619001977146, 1099574.3570139401126653 1766542.90883826999925077, 1099574.06474010995589197 1766543.45527952001430094, 1099569.3957050300668925 1766552.29586941003799438, 1099565.52282502991147339 1766550.23226214991882443, 1099559.49089039000682533 1766547.01891971006989479, 1099557.0876337899826467 1766552.3774369100574404, 1099553.81820506998337805 1766559.66730016004294157, 1099553.61536589008755982 1766560.12109376001171768, 1099553.35830094991251826 1766561.04404472000896931, 1099552.83251145994290709 1766562.94173294003121555, 1099550.7749185599386692 1766570.35502652009017766, 1099550.33700695005245507 1766571.93410230008885264, 1099547.68011279008351266 1766577.73255040007643402, 1099543.75425855000503361 1766586.33524814993143082, 1099538.43726176000200212 1766585.38246280001476407, 1099532.06652171001769602 1766582.67986638005822897, 1099526.21412194008007646 1766595.22834976995363832, 1099524.13274508994072676 1766594.42270459001883864, 1099517.7954363499302417 1766591.24310773005709052, 1099511.49614426004700363 1766588.22967600007541478, 1099510.48799204011447728 1766587.74741168995387852))",SA001,212342,2723063100,35803045,54000,2019-08-21,SA005,13,50,122.0,,0,0,20199008599.0,1,50-STS-19,IQT903,212342,SA005,,B,470,520,P0,0.8,2019-08-21,SS00201,,2019-08-21,STS,True
"MultiLineString ((1099668.41514849988743663 1766605.27179528004489839, 1099669.3795060699339956 1766604.12261449010111392, 1099671.62594484002329409 1766601.44330644002184272))",SA001,178212,2723063100,35803045,54000,1999-01-01,SA005,4,100,5.0,,0,0,20119006912.0,1,100-DTC-99,IQT903,178212,SA005,,B,470,520,P0,1.0,1999-01-01,SS00201,,1999-01-01,DTC,True
"MultiLineString ((1099561.52526088990271091 1766508.95430828002281487, 1099569.03959466004744172 1766500.37822385993786156, 1099570.21079196990467608 1766499.04131366009823978, 1099571.17429558001458645 1766497.94223220995627344, 1099571.41747775999829173 1766497.6639879799913615))",SA001,212341,2723063100,35803045,54000,1999-01-01,SA005,10,40,15.02,,0,0,20119006912.0,1,40-PFP-99,IQT903,212341,SA005,,B,470,520,P0,0.8,1999-01-01,SS00201,,1999-01-01,PFP,True
"MultiLineString ((1099536.24931935989297926 1766660.37269196007400751, 1099536.24681592010892928 1766660.07672368991188705, 1099536.2371378499083221 1766658.87281082989647985, 1099536.18449133005924523 1766653.86390748992562294, 1099536.16626229998655617 1766649.81710089999251068, 1099536.06247510993853211 1766638.79951190995052457, 1099535.97933664009906352 1766629.58611765992827713, 1099535.96087433001957834 1766627.38524037995375693, 1099535.94096053997054696 1766625.01738373003900051, 1099537.96716992999427021 1766622.41768374992534518, 1099539.38563723000697792 1766620.59661261993460357, 1099539.9291497899685055 1766619.90001313993707299, 1099541.46597196999937296 1766619.89544510003179312, 1099547.5001594100613147 1766619.87838459992781281, 1099555.65402236999943852 1766619.85458551999181509, 1099566.16564765991643071 1766619.82472666003741324, 1099573.22773896995931864 1766619.80429796990938485, 1099581.17064178991131485 1766619.78124715993180871, 1099583.30634395009838045 1766619.77475459990091622, 1099584.8061858699657023 1766619.77062956988811493, 1099586.48396653006784618 1766619.7662039001006633, 1099599.03927420009858906 1766619.72945061000064015, 1099607.45414430997334421 1766619.70564337004907429, 1099617.42780200997367501 1766619.67656650999560952, 1099626.69552924996241927 1766619.64967995998449624, 1099629.42871241993270814 1766619.57512670010328293, 1099632.21077139000408351 1766623.77303475001826882, 1099634.66581767005845904 1766623.81043919990770519, 1099636.16521817003376782 1766623.83325863000936806, 1099638.65425955993123353 1766619.81977186002768576, 1099641.0896061600651592 1766619.93893471988849342, 1099651.62436056998558342 1766619.96440007002092898, 1099659.75601257989183068 1766619.98312927992083132, 1099662.53208563989028335 1766619.98955461010336876, 1099669.9264584700576961 1766620.00614676997065544, 1099680.20527530997060239 1766620.03071545995771885, 1099683.0281930600758642 1766623.74511208990588784, 1099684.50012005004100502 1766623.73247320996597409, 1099685.9997039099689573 1766623.74336390988901258, 1099687.04389499011449516 1766623.75068935006856918, 1099687.47323199990205467 1766623.41609413991682231, 1099691.72104705008678138 1766620.10610764008015394, 1099695.63545384001918137 1766620.10277451993897557, 1099704.09208612004294991 1766620.0945718300063163, 1099708.77190311998128891 1766620.08970873011276126, 1099721.66823972994461656 1766620.07629801006987691, 1099739.46035055001266301 1766620.0592335700057447, 1099740.69010222004726529 1766620.05806537996977568))",SA001,178218,2723063100,35803045,54000,1995-01-01,SA005,4,150,250.27,,0,0,20119006912.0,1,150-DTC-95,IQT903,178218,SA005,,B,470,520,P0,1.1,1995-01-01,SS00201,,1995-01-01,DTC,True
"MultiLineString ((1099536.98660792992450297 1766494.24948862008750439, 1099533.17807957995682955 1766496.89695788989774883, 1099529.16211156989447773 1766499.79680213006213307, 1099524.88992948993109167 1766502.41924300999380648, 1099524.42161318007856607 1766502.70711401989683509))",SA001,4793,2723063100,35803045,54000,1994-01-01,SA005,13,25,15.16,,0,0,20119006912.0,1,25-STS-94,IQT903,4793,SA005,,B,470,520,P0,0.8,1994-01-01,SS00201,,1994-01-01,STS,True
"MultiLineString ((1099536.06247510993853211 1766638.79951190995052457, 1099539.6782659599557519 1766638.83752461988478899, 1099551.58823965000919998 1766638.96296087000519037))",SA001,211240,2723063100,35803045,54000,1992-01-01,SA005,13,20,15.53,,0,0,20119006912.0,1,20-STS-92,IQT903,211240,SA005,,B,470,520,P0,0.8,1992-01-01,SS00201,,1992-01-01,STS,True
"MultiLineString ((1099621.67427129996940494 1766559.33091803989373147, 1099620.828150549903512 1766560.33090270007960498, 1099619.82733425009064376 1766561.51239866996183991, 1099619.37122201989404857 1766562.05135595006868243, 1099621.33938423008657992 1766563.79108798992820084, 1099622.99610639992170036 1766561.95059627993032336, 1099623.30791048007085919 1766562.22231173003092408, 1099623.71403805003501475 1766562.47245421004481614, 1099624.10275076003745198 1766562.48541137995198369, 1099624.44601090997457504 1766562.39963581995107234, 1099624.74422162002883852 1766562.18520665005780756, 1099624.89040586003102362 1766562.04241936001926661, 1099625.12715864996425807 1766561.59411534992977977, 1099625.19941013003699481 1766561.18334811995737255, 1099625.10739300004206598 1766560.8589703100733459, 1099624.84867470990866423 1766560.51608752994798124, 1099624.32010984001681209 1766560.1620721600484103, 1099629.89268343010917306 1766553.62609068001620471, 1099631.06857502995990217 1766552.24127370002679527, 1099637.73509211000055075 1766544.38628622004762292, 1099638.69812420988455415 1766543.25210469006560743, 1099644.36073583993129432 1766536.58050266001373529, 1099645.27927518007345498 1766535.55574507010169327, 1099646.89186573005281389 1766533.65665860008448362))",SA001,73313,2723063100,35803045,54000,2006-12-22,SA005,13,50,36.0,,0,0,2007540000000.0,1,50-STS-06,IQT903,73313,SA005,,B,470,520,P0,0.8,2006-12-22,SS00201,,2006-12-22,STS,True
"MultiLineString ((1099584.8061858699657023 1766619.77062956988811493, 1099584.82799439993686974 1766618.27124188002198935, 1099584.8960959198884666 1766615.59959766990505159, 1099584.91787679004482925 1766614.10018147993832827, 1099584.92764714988879859 1766609.75826719007454813, 1099585.714930480113253 1766604.29529825993813574, 1099585.73498338996432722 1766601.81474733003415167, 1099585.74610965000465512 1766600.43698144005611539, 1099585.75103424000553787 1766599.83267617993988097, 1099585.75575703009963036 1766599.24883390008471906, 1099585.65057260007597506 1766594.42531123990193009, 1099585.54088311991654336 1766593.54583226004615426, 1099585.48010263009928167 1766592.71000137994997203, 1099585.30924754007719457 1766589.97362784994766116, 1099585.32397085009142756 1766588.15119416010566056, 1099585.33618195005692542 1766586.62959285010583699, 1099585.58418383006937802 1766581.02241074992343783, 1099585.590396239887923 1766580.28665390005335212, 1099585.65975603996776044 1766577.23855430004186928, 1099586.01273009995929897 1766573.29185846005566418, 1099586.07651951001025736 1766571.76254239003174007, 1099585.07422160007990897 1766565.01148875011131167, 1099584.9788561100140214 1766560.90167816006578505, 1099584.95537744998000562 1766559.88351660990156233, 1099584.85623357002623379 1766555.62479875003919005, 1099584.83238568995147943 1766554.59411045000888407, 1099584.6771639899816364 1766547.88548112008720636, 1099584.59470448992215097 1766544.36876715999096632, 1099586.97988439002074301 1766540.7237880399916321, 1099587.95332746999338269 1766539.23690219991840422, 1099588.77426693006418645 1766537.98260013991966844))",SA001,4787,2723063100,35803045,54000,1992-01-01,SA005,4,80,83.23,,0,0,20119006912.0,1,80-DTC-92,IQT903,4787,SA005,,B,470,520,P0,1.0,1992-01-01,SS00201,,1992-01-01,DTC,True
"MultiLineString ((1099628.17482308996841311 1766481.15882204007357359, 1099629.39633473008871078 1766482.02732104994356632, 1099632.41136719007045031 1766484.09185343002900481, 1099635.84062128001824021 1766486.39865134004503489, 1099642.05217707995325327 1766491.08246862003579736, 1099648.34693359001539648 1766495.68654110003262758, 1099654.48223873996175826 1766500.12718889000825584, 1099660.69626550003886223 1766504.65003923000767827, 1099669.42371899005956948 1766510.81888556992635131, 1099670.69973779004067183 1766511.72115249000489712, 1099671.93758372007869184 1766512.56985750002786517, 1099688.2274423900526017 1766523.74603822990320623, 1099707.92511629988439381 1766535.0940412599593401, 1099719.91971900011412799 1766542.0044787700753659, 1099722.53971755993552506 1766543.74910732009448111, 1099725.01950854994356632 1766543.53891163994558156, 1099726.02447746996767819 1766541.88754508993588388, 1099726.63975020009092987 1766540.87803674000315368))",SA001,246344,2723063100,35803045,54000,1999-01-01,SA005,4,80,118.99,,0,0,20119006912.0,1,80-DTC-99,IQT903,246344,SA005,,B,470,520,P0,1.0,1999-01-01,SS00201,,1999-01-01,DTC,True
"MultiLineString ((1099532.06652171001769602 1766582.67986638005822897, 1099532.72696004994213581 1766581.33419009996578097, 1099532.87038019997999072 1766581.04043368995189667, 1099533.59772249008528888 1766579.10928687010891736, 1099534.38426140998490155 1766576.9795536499004811, 1099534.86230837996117771 1766575.70112270000390708))",SA001,142914,2723063100,35803045,54000,2019-08-21,SA005,13,20,6.0,,0,0,20199008599.0,1,20-STS-19,IQT903,142914,SA005,,B,470,520,P0,0.8,2019-08-21,SS00201,,2019-08-21,STS,True
"MultiLineString ((1099499.59049674007110298 1766620.15254239994101226, 1099500.07204349990934134 1766618.73208203003741801, 1099500.91059408988803625 1766616.25732994009740651, 1099502.38670851988717914 1766611.9006428299471736, 1099504.22609684010967612 1766606.47257881006225944, 1099506.72944064997136593 1766599.30327140004374087, 1099507.0584666000213474 1766598.28294103988446295, 1099510.48799204011447728 1766587.74741168995387852, 1099511.90386668010614812 1766583.8145337300375104, 1099513.97244574991054833 1766577.71017143991775811, 1099515.46943978988565505 1766573.29176055989228189, 1099516.51320368004962802 1766570.21218402008526027, 1099517.39465443999506533 1766567.61102649010717869, 1099519.90405049989931285 1766560.20466884993948042, 1099520.67345368000678718 1766557.93477907008491457, 1099521.14456350007094443 1766556.54313083994202316, 1099523.89785855007357895 1766548.41858956008218229, 1099525.25034345989115536 1766544.42887062998488545, 1099527.29603218007832766 1766538.38912008004263043, 1099527.52907133009284735 1766537.59381861006841063, 1099527.60822708997875452 1766537.3240056000649929, 1099529.07095651002600789 1766532.33218685002066195, 1099531.34686599997803569 1766524.56323218997567892, 1099531.54308609990403056 1766523.89136915002018213, 1099533.69028780004009604 1766516.56238232995383441, 1099534.19661267008632421 1766514.8353670600336045, 1099536.6455123599153012 1766506.47215447993949056, 1099537.29306351998820901 1766504.26142729003913701, 1099537.59995468007400632 1766503.21627628989517689, 1099537.41642006998881698 1766499.4421715100761503, 1099538.85242085997015238 1766497.78832602989859879, 1099539.83648677007295191 1766496.6555344199296087))",SA001,38877,2723063100,35803045,54000,1994-01-01,SA005,4,100,130.49,,0,0,20119006912.0,1,100-DTC-94,IQT903,38877,SA005,,B,470,520,P0,1.0,1994-01-01,SS00201,,1994-01-01,DTC,True
"MultiLineString ((1099585.07422160007990897 1766565.01148875011131167, 1099580.31487404997460544 1766568.79119263007305562, 1099578.18239863007329404 1766574.20782507001422346, 1099576.99004929000511765 1766576.54227878991514444, 1099575.52855689008720219 1766579.40320305991917849, 1099573.90153460996225476 1766582.5881452199537307, 1099572.94104647007770836 1766586.6182445699814707, 1099571.09834705991670489 1766589.91548547009006143, 1099570.72376785008236766 1766590.58576179994270205, 1099569.90977609995752573 1766592.04219204001128674, 1099569.46435791999101639 1766592.83917462988756597))",SA001,3683,2723063100,35803045,54000,2019-08-26,SA005,13,40,36.0,,0,0,20139002336.0,1,40-STS-19,IQT903,3683,SA005,,B,470,520,P0,0.8,2019-08-26,SS00201,,2019-08-26,STS,True
"MultiLineString ((1099740.98969051009044051 1766566.84820538992062211, 1099733.09375225007534027 1766551.96525792009197176, 1099729.57628073007799685 1766545.33530762000009418, 1099726.63975020009092987 1766540.87803674000315368, 1099723.0272509700153023 1766538.97937471000477672, 1099691.58622425002977252 1766521.68751089996658266, 1099665.14598455000668764 1766503.69601971004158258, 1099611.12960202991962433 1766459.96895178989507258, 1099582.28333975002169609 1766431.04273447999730706, 1099575.06583908991888165 1766423.80506800999864936, 1099537.87540397001430392 1766380.27935938001610339, 1099504.81111992010846734 1766340.05088587990030646, 1099503.858823660062626 1766338.89261158998124301, 1099502.41096021002158523 1766337.13088463991880417, 1099496.126572489971295 1766329.48455136991105974, 1099493.17185585992410779 1766325.89014720008708537, 1099479.06278239004313946 1766308.7232750600669533, 1099475.88920280011370778 1766304.86161482008174062, 1099462.77918162988498807 1766307.87982142996042967, 1099460.06764503009617329 1766308.50493522989563644, 1099454.50403971993364394 1766329.80652054003439844, 1099451.26855052006430924 1766339.65942986006848514, 1099441.32094048010185361 1766369.95053166011348367, 1099431.76921444991603494 1766388.22781233000569046, 1099427.08559141005389392 1766397.18886720994487405, 1099425.25971481995657086 1766400.6834183600731194, 1099424.56561662000603974 1766402.01263176999054849, 1099421.8684270700905472 1766407.17362610995769501, 1099416.21134129003621638 1766414.7970804600045085, 1099404.61844968004152179 1766430.42073258990421891, 1099380.43068792996928096 1766454.31802739994600415, 1099374.33744397992268205 1766459.26734718005172908, 1099369.24059783993288875 1766463.40708622010424733, 1099365.20481998007744551 1766466.68500865995883942, 1099362.83140377001836896 1766468.61270171008072793, 1099360.64348359010182321 1766470.38976061996072531, 1099356.67730458010919392 1766473.07489860989153385, 1099354.31371094007045031 1766474.67542578000575304, 1099353.54959153011441231 1766475.19283849000930786))",SA001,439264,2723063100,35803045,54000,1995-01-01,SA005,4,200,596.77,,0,0,20119006912.0,1,200-DTC-95,IQT903,439264,SA005,,B,470,520,P0,1.3,1995-01-01,SS00201,,1995-01-01,DTC,True
"MultiLineString ((1099543.75425855000503361 1766586.33524814993143082, 1099547.02170751988887787 1766587.74481095001101494, 1099547.80071678990498185 1766588.06258068000897765))",SA001,461919,2723063100,35803045,54000,2019-08-21,SA005,13,25,6.0,,0,0,20199008599.0,1,25-STS-19,IQT903,461919,SA005,,B,470,520,P0,0.8,2019-08-21,SS00201,,2019-08-21,STS,True
"MultiLineString ((1099313.42316482006572187 1766498.67048596008680761, 1099313.74007267993874848 1766498.47433948004618287, 1099315.01483786990866065 1766497.6859046199824661, 1099330.79988784994930029 1766487.91409413004294038))",SA001,415765,2723063100,35803045,54000,1972-01-01,SA004,2,400,20.44,,0,0,20119006912.0,1,400-CI-72-EL-99,IQT903,415765,SA004,,B,580,520,P0,1.2,1999-01-01,SS00201,,1999-01-01,CI,True
"MultiLineString ((1099478.10192645993083715 1766353.00183865008875728, 1099483.63784852996468544 1766361.38758332002907991, 1099485.34982215007767081 1766363.9932309000287205, 1099490.14285965007729828 1766371.28795311995781958, 1099491.83531052991747856 1766373.8632337199524045))",SA001,116648,2723063100,35803045,54000,1985-01-01,SA005,13,25,24.98,,0,0,20119006912.0,1,25-STS-85,IQT903,116648,SA005,,B,470,520,P0,0.8,1985-01-01,SS00201,,1985-01-01,STS,True
"MultiLineString ((1099487.36368031008169055 1766386.82583920005708933, 1099481.60198998008854687 1766396.39533523004502058, 1099477.4559844599571079 1766403.46896366006694734))",SA001,7360,2723063100,35803045,54000,1993-01-01,SA005,13,25,19.37,,0,0,20119006912.0,1,25-STS-93,IQT903,7360,SA005,,B,470,520,P0,0.8,1993-01-01,SS00201,,1993-01-01,STS,True
"MultiLineString ((1099473.76752356998622417 1766371.10951251001097262, 1099475.18386505008675158 1766371.13512652995996177, 1099483.68009804002940655 1766381.26373030990362167))",SA001,164023,2723063100,35803045,54000,2003-03-26,SA005,13,25,14.64,,0,0,20119006912.0,1,25-STS-03,IQT903,164023,SA005,,B,470,520,P0,0.8,2003-03-26,SS00201,,2003-03-26,STS,True
"MultiLineString ((1099445.68406170001253486 1766412.63040245999582112, 1099446.19746313989162445 1766411.22146412008441985, 1099447.69257353991270065 1766407.12495097005739808, 1099448.91440280992537737 1766403.77514269994571805, 1099451.12421055999584496 1766397.71887762006372213, 1099452.82803976000286639 1766393.05069339997135103, 1099453.82967098010703921 1766390.30342978006228805, 1099455.02225579996593297 1766387.037170389899984, 1099456.4314833099488169 1766380.43880114005878568, 1099457.14421038003638387 1766377.10029682004824281, 1099458.087302670115605 1766372.68340632994659245, 1099458.5706761300098151 1766370.42321945005096495, 1099458.67318525002337992 1766369.98357934993691742, 1099460.78393016988411546 1766360.93061695992946625, 1099461.22748780995607376 1766358.85376082011498511, 1099462.28725175000727177 1766358.12996434001252055, 1099463.54449856001883745 1766357.3122870500665158, 1099465.6886385700199753 1766356.28960935003124177, 1099467.47958715003915131 1766355.82964728004299104, 1099470.34243153990246356 1766355.21263961005024612, 1099477.0864934700075537 1766353.40360309998504817, 1099478.10192645993083715 1766353.00183865008875728, 1099483.23758773994632065 1766350.62970805005170405, 1099485.5659606799017638 1766349.48748276010155678, 1099489.62719837995246053 1766347.60169692011550069, 1099490.65627607004716992 1766347.13770491001196206, 1099491.72974310000427067 1766346.6094306199811399, 1099492.72883791988715529 1766346.13810022990219295, 1099495.47079592989757657 1766344.24986346997320652, 1099500.28674494009464979 1766341.17380659002810717, 1099501.55080010998062789 1766340.36617187992669642, 1099502.59478398994542658 1766339.69923588004894555, 1099503.858823660062626 1766338.89261158998124301))",SA001,42425,2723063100,35803045,54000,1992-01-01,SA005,4,80,103.58,,0,0,20119006912.0,1,80-DTC-92,IQT903,42425,SA005,,B,470,520,P0,1.0,1992-01-01,SS00201,,1992-01-01,DTC,True
"MultiLineString ((1099463.54449856001883745 1766357.3122870500665158, 1099464.46026726998388767 1766358.50001185992732644, 1099465.62010823003947735 1766360.00445377989672124, 1099473.52655259007588029 1766370.2560368999838829, 1099473.76752356998622417 1766371.10951251001097262, 1099474.37563830008730292 1766373.26042811991646886, 1099479.77224468998610973 1766379.2655071800108999, 1099484.50321531994268298 1766384.52965502999722958, 1099487.36368031008169055 1766386.82583920005708933, 1099491.01116810995154083 1766389.70785539993084967, 1099494.69013994000852108 1766393.41026097000576556, 1099502.30234587006270885 1766400.91785236005671322, 1099505.2465568499173969 1766403.85597475990653038, 1099508.52177305007353425 1766407.12444526003673673, 1099512.81522559002041817 1766411.40891196997836232, 1099513.46966098994016647 1766412.06196791003458202, 1099514.64921317994594574 1766413.2388065499253571, 1099517.316485800081864 1766415.89988166000694036, 1099518.19598849001340568 1766416.77812204998917878, 1099521.58952772989869118 1766418.73947895993478596, 1099530.95334380003623664 1766424.15609866008162498, 1099540.35788224008865654 1766429.67236135993152857, 1099541.7215692400932312 1766430.38304750993847847, 1099545.88411779003217816 1766433.97577948006801307, 1099552.52168430993333459 1766439.7048496101051569, 1099559.70568852010183036 1766445.84348747995682061, 1099558.78155910992063582 1766446.97823805990628898))",SA001,215055,2723063100,35803045,54000,1993-01-01,SA005,10,50,133.7,,0,0,20119006912.0,1,50-PFP-93,IQT903,215055,SA005,,B,470,520,P0,0.8,1993-01-01,SS00201,,1993-01-01,PFP,True
"MultiLineString ((1099459.10934180999174714 1766460.97324692993424833, 1099466.70633359998464584 1766467.45081724994815886, 1099468.4928424300160259 1766468.97375013004057109, 1099474.87182877003215253 1766474.41297129006125033, 1099478.92747267009690404 1766477.87014838005416095, 1099479.72397070005536079 1766478.55014641000889242, 1099479.96283253002911806 1766478.75271831010468304))",SA001,212338,2723063100,35803045,54000,1993-01-01,SA005,13,25,27.41,,0,0,20119006912.0,1,25-STS-93,IQT903,212338,SA005,,B,470,520,P0,0.8,1993-01-01,SS00201,,1993-01-01,STS,True
"MultiLineString ((1099399.69103364995680749 1766446.26404525991529226, 1099401.00458621000871062 1766452.31678268988616765, 1099401.19987357989884913 1766453.21458789007738233, 1099400.78700428991578519 1766454.38949881005100906, 1099401.95093767996877432 1766464.38264639000408351, 1099398.9127676400821656 1766465.32357644010335207, 1099394.01398137002252042 1766466.55175299989059567, 1099387.25277996994554996 1766468.08927084994502366))",SA001,177181,2723063100,35803045,54000,1994-01-01,SA005,10,40,33.59,,0,0,20119006912.0,1,40-PFP-94,IQT903,177181,SA005,,B,470,520,P0,0.8,1994-01-01,SS00201,,1994-01-01,PFP,True
"MultiLineString ((1099414.08068019989877939 1766454.67479716008529067, 1099414.03926367009989917 1766457.36936494009569287, 1099413.8748315901029855 1766467.11615421995520592, 1099414.08110417006537318 1766470.44414307991974056, 1099413.74541441001929343 1766474.76283199992030859))",SA001,72286,2723063100,35803045,54000,1992-01-01,SA005,13,25,20.12,,0,0,20119006912.0,1,25-STS-92,IQT903,72286,SA005,,B,470,520,P0,0.8,1992-01-01,SS00201,,1992-01-01,STS,True
"MultiLineString ((1099417.2892297999933362 1766506.48367286007851362, 1099421.37226677988655865 1766501.53713008994236588, 1099422.79888253007084131 1766499.80880084005184472, 1099435.59389576991088688 1766484.0363647099584341, 1099442.79960654000751674 1766475.30664075003005564, 1099448.97217071009799838 1766467.34073364990763366, 1099452.84938014997169375 1766462.64395058993250132, 1099453.35831017000600696 1766462.02747728000395, 1099459.39159324998036027 1766454.71667597000487149, 1099463.59134577005170286 1766449.62854856997728348, 1099470.3162309299223125 1766441.48038237006403506, 1099471.27074345992878079 1766440.32321801991201937))",SA001,212339,2723063100,35803045,54000,1989-01-01,SA005,4,80,85.42,,0,0,20119006912.0,1,80-DTC-89,IQT903,212339,SA005,,B,470,520,P0,1.0,1989-01-01,SS00201,,1989-01-01,DTC,True
"MultiLineString ((1099145.65705798007547855 1766984.07606142992153764, 1099147.1554627800360322 1766984.03191057010553777, 1099149.05499198008328676 1766983.97488322993740439, 1099157.18820386007428169 1766983.73384842998348176, 1099174.07884772005490959 1766983.23224849998950958, 1099177.79282668000087142 1766983.12283942010253668, 1099189.81108840997330844 1766982.76598176988773048, 1099201.02418517996557057 1766982.43283900991082191, 1099203.75794556993059814 1766982.35153223993256688, 1099208.98137690988369286 1766982.19707503006793559, 1099218.07285970007069409 1766981.92765700002200902, 1099220.23142592003569007 1766981.86354496004059911, 1099230.50922882999293506 1766981.55815535993315279, 1099231.54951738007366657 1766981.52698864997364581, 1099237.43117487989366055 1766981.36343331006355584, 1099240.08090472989715636 1766981.28976410999894142, 1099246.62265440006740391 1766981.0796603299677372, 1099274.76180030009709299 1766980.24517981009557843, 1099292.40224924008361995 1766979.72201848006807268, 1099303.46712544001638889 1766979.39389932993799448, 1099304.8962283399887383 1766979.37271600007079542, 1099318.81991928000934422 1766979.62279054010286927, 1099321.20689162006601691 1766979.66513269999995828, 1099332.8386349999345839 1766979.87331317993812263, 1099340.29824462998658419 1766980.0069182300940156, 1099348.56551006995141506 1766980.15578539995476604, 1099352.22747967997565866 1766980.22129389992915094, 1099356.99004678009077907 1766980.30650541000068188, 1099361.72056167991831899 1766980.39116873010061681, 1099365.72979175997897983 1766980.46327147004194558, 1099373.04244054993614554 1766980.59462048998102546, 1099382.83503503003157675 1766980.770721540087834, 1099387.88875506003387272 1766980.8617221200838685))",SA001,324619,2723063100,35803045,54000,1995-01-01,SA005,4,150,242.39,,0,0,20119006912.0,1,150-DTC-95,IQT903,324619,SA005,,B,461,520,P0,1.1,1995-01-01,SS00201,,1995-01-01,DTC,True
"MultiLineString ((1099401.00458621000871062 1766452.31678268988616765, 1099407.72057309001684189 1766453.36097185988910496, 1099414.08068019989877939 1766454.67479716008529067, 1099429.84092073002830148 1766455.47976488992571831, 1099430.36405293992720544 1766451.15979789989069104, 1099430.21958914003334939 1766448.16352736996486783, 1099431.06968447007238865 1766441.84554387000389397, 1099419.22869944991543889 1766440.3425085199996829))",SA001,245240,2723063100,35803045,54000,1994-01-01,SA005,10,40,54.75,,0,0,20119006912.0,1,40-PFP-94,IQT903,245240,SA005,,B,470,520,P0,0.8,1994-01-01,SS00201,,1994-01-01,PFP,True
"MultiLineString ((1099353.54959153011441231 1766475.19283849000930786, 1099353.00378790008835495 1766482.93216896988451481, 1099355.61510540009476244 1766486.69802881008945405, 1099361.1420821500942111 1766494.89798095007427037, 1099359.99711618991568685 1766495.76241179998032749))",SA001,71258,2723063100,35803045,54000,1999-01-01,SA005,4,200,23.67,,0,0,20119006912.0,1,200-DTC-99,IQT903,71258,SA005,,B,470,520,P0,1.3,1999-01-01,SS00201,,1999-01-01,DTC,True
"MultiLineString ((1099349.19156455993652344 1766476.82010734989307821, 1099349.73617870011366904 1766478.21721109002828598, 1099350.43574462994001806 1766480.01051751989871264))",SA001,71255,2723063100,35803045,54000,1999-01-01,SA005,4,200,3.43,,0,0,20119006912.0,1,200-DTC-99,IQT903,71255,SA005,,B,470,520,P0,1.3,1999-01-01,SS00201,,1999-01-01,DTC,True
"MultiLineString ((1099535.03444843995384872 1766384.9042907499242574, 1099529.91916224989108741 1766390.1044485499151051, 1099525.93620872008614242 1766394.15303445002064109))",SA001,37805,2723063100,35803045,54000,1992-01-01,SA005,13,20,12.98,,0,0,20119006912.0,1,20-STS-92,IQT903,37805,SA005,,B,470,520,P0,0.8,1992-01-01,SS00201,,1992-01-01,STS,True
"MultiLineString ((1099508.52177305007353425 1766407.12444526003673673, 1099499.05489229992963374 1766419.11116123991087079, 1099498.68782625999301672 1766419.57548854988999665))",SA001,37804,2723063100,35803045,54000,1993-01-01,SA005,13,25,15.87,,0,0,20119006912.0,1,25-STS-93,IQT903,37804,SA005,,B,470,520,P0,0.8,1993-01-01,SS00201,,1993-01-01,STS,True
"MultiLineString ((1099501.55080010998062789 1766340.36617187992669642, 1099502.28579322993755341 1766341.67318850988522172, 1099509.02122863009572029 1766353.64464546996168792, 1099512.82384297996759415 1766358.21380144008435309, 1099517.1293648099526763 1766363.38739322009496391, 1099527.84928751992993057 1766376.26936617004685104, 1099531.25730809988453984 1766380.3655363901052624, 1099535.03444843995384872 1766384.9042907499242574, 1099547.40780660999007523 1766399.77209185995161533, 1099551.18792997999116778 1766404.31586162000894547, 1099554.61363543011248112 1766408.43226468004286289, 1099561.07527176989242435 1766416.19636973994784057, 1099562.13589956006035209 1766417.25630711996927857))",SA001,4786,2723063100,35803045,54000,1999-01-01,SA005,4,80,98.14,,0,0,20119006912.0,1,80-DTC-99,IQT903,4786,SA005,,B,470,520,P0,1.0,1999-01-01,SS00201,,1999-01-01,DTC,True
"MultiLineString ((1099540.35788224008865654 1766429.67236135993152857, 1099532.4988090000115335 1766438.69599147001281381, 1099531.87845598999410868 1766439.44941301993094385))",SA001,211283,2723063100,35803045,54000,1993-01-01,SA005,13,25,12.95,,0,0,20119006912.0,1,25-STS-93,IQT903,211283,SA005,,B,470,520,P0,0.8,1993-01-01,SS00201,,1993-01-01,STS,True
"MultiLineString ((1099558.78155910992063582 1766446.97823805990628898, 1099558.19366611004807055 1766447.70015335991047323, 1099552.74680167995393276 1766454.3849768799263984, 1099552.33720458997413516 1766454.88761835009790957))",SA001,211282,2723063100,35803045,54000,1993-01-01,SA005,13,25,10.21,,0,0,20119006912.0,1,25-STS-93,IQT903,211282,SA005,,B,470,520,P0,0.8,1993-01-01,SS00201,,1993-01-01,STS,True
"MultiLineString ((1099511.59323150990530849 1766467.32383648003451526, 1099513.84196438989602029 1766464.56258750008419156, 1099519.91649289010092616 1766457.10342821991071105, 1099525.33644312992691994 1766450.54418924008496106, 1099525.56667942996136844 1766450.26069295010529459, 1099526.19842841010540724 1766449.48546428000554442))",SA001,38876,2723063100,35803045,54000,1990-01-01,SA005,13,25,23.06,,0,0,20119006912.0,1,25-STS-90,IQT903,38876,SA005,,B,470,520,P0,0.8,1990-01-01,SS00201,,1990-01-01,STS,True
"MultiLineString ((1099590.35820563999004662 1766445.46418312005698681, 1099593.98343448992818594 1766449.08673684997484088, 1099597.8065633699297905 1766452.90831417008303106, 1099600.26764422003179789 1766455.36737602995708585, 1099600.9954116300214082 1766456.09528065007179976, 1099601.92412292002700269 1766457.02326616994105279, 1099606.42676416994072497 1766461.52307435008697212, 1099611.87981242011301219 1766466.97318334993906319, 1099617.33283390011638403 1766472.42320792004466057, 1099619.1961141899228096 1766474.28530502994544804, 1099621.2001949199475348 1766476.2895131700206548, 1099623.08279975992627442 1766477.54193925997242332, 1099627.32218871009536088 1766480.55300428997725248, 1099628.17482308996841311 1766481.15882204007357359))",SA001,178211,2723063100,35803045,54000,1993-01-01,SA005,10,40,52.13,,0,0,20119006912.0,1,40-PFP-93,IQT903,178211,SA005,,B,470,520,P0,0.8,1993-01-01,SS00201,,1993-01-01,PFP,True
"MultiLineString ((1099590.35820563999004662 1766445.46418312005698681, 1099585.37203639000654221 1766440.48011363996192813, 1099579.13794195000082254 1766434.18831280991435051, 1099576.75768682989291847 1766431.78593842010013759))",SA001,313835,2723063100,35803045,54000,1993-01-01,SA005,13,25,19.29,,0,0,20119006912.0,1,25-STS-93,IQT903,313835,SA005,,B,470,520,P0,0.8,1993-01-01,SS00201,,1993-01-01,STS,True
"MultiLineString ((1099306.24673412996344268 1766503.11333937989547849, 1099313.42316482006572187 1766498.67048596008680761))",SA001,175888,2723063100,35803045,54000,2000-01-01,SA004,4,400,8.0,,0,0,20119006912.0,1,400-DTC-00,IQT903,175888,SA004,,B,580,520,P0,1.2,2000-01-01,SS00201,,2000-01-01,DTC,True
"MultiLineString ((1099313.74007267993874848 1766498.47433948004618287, 1099314.33142327005043626 1766499.12566885002888739, 1099314.74796390999108553 1766499.58444947004318237, 1099314.74796346994116902 1766499.58447754010558128, 1099315.88294411008246243 1766500.83373668999411166, 1099428.95583056006580591 1766625.29267262993380427, 1099440.28289097989909351 1766637.75999509007669985, 1099472.54517110995948315 1766673.27112110005691648, 1099490.94931866996921599 1766693.52882037009112537, 1099523.40536647010594606 1766729.25388213992118835, 1099523.23093500011600554 1766773.37040821998380125, 1099523.17722556996159256 1766777.16004587011411786, 1099523.15536140999756753 1766778.659348180051893, 1099523.82948282989673316 1766782.91481967992149293, 1099524.77541660005226731 1766788.88221545005217195, 1099524.30402269004844129 1766977.56723253009840846, 1099522.49999831989407539 1766977.55483886995352805, 1099520.81827981001697481 1766977.54331208998337388, 1099412.98793695005588233 1766976.28887766995467246, 1099408.83642496005631983 1766976.24064360000193119, 1099401.2140869100112468 1766976.15150862000882626))",SA001,175756,2723063100,35803045,54000,1998-01-01,SA004,4,300,683.54,,0,0,20119006912.0,1,300-DTC-98,IQT903,175756,SA004,,B,580,520,P0,1.5,1998-01-01,SS00201,,1998-01-01,DTC,True
"MultiLineString ((1099442.2655973699875176 1766416.35334436991252005, 1099441.34951005992479622 1766417.04832399007864296, 1099438.77426300989463925 1766419.00197671004571021, 1099434.71762978006154299 1766421.30111165996640921, 1099434.0931125299539417 1766420.25907034007832408, 1099433.96698366990312934 1766420.1286669799592346))",SA001,463596,2723063100,35803045,54000,2020-02-05,SA005,13,50,10.44,,0,0,20209001720.0,1,50-STS-20,IQT903,463596,SA005,,B,470,520,P0,0.0,2020-02-05,SS00201,,2020-02-05,STS,True
"MultiLineString ((1099202.20021771010942757 1766566.4741726799402386, 1099226.85944739007391036 1766552.25231113005429506, 1099306.24673412996344268 1766503.11333937989547849))",SA001,142051,2723063100,35803044,54000,1972-01-01,SA004,2,500,122.0,,0,0,20119006912.0,1,500-CI-72-PL-00,IQT903,142051,SA004,,B,461,520,P0,1.2,2000-01-01,SS00201,,2000-01-01,CI,True
"MultiLineString ((1099359.42763585993088782 1766499.28110370994545519, 1099358.50940641993656754 1766497.86234694998711348, 1099358.7014139499515295 1766496.74246841995045543, 1099359.99711618991568685 1766495.76241179998032749))",SA001,324939,2723063100,35803045,54000,2006-07-18,SA005,4,150,4.0,,0,0,2006540000000.0,1,150-DTC-06,IQT903,324939,SA005,,B,470,520,P0,1.1,2006-07-18,SS00201,,2006-07-18,DTC,True
"MultiLineString ((1099383.61899649002589285 1766458.13990845996886492, 1099382.07686918997205794 1766459.25649742991663516, 1099378.24502862989902496 1766462.03100842004641891, 1099365.26390163996256888 1766471.43033536011353135, 1099365.97224358003586531 1766475.9952851899433881, 1099366.4114831299521029 1766478.34060443006455898))",SA001,47811,2723063100,35803045,54000,1988-01-01,SA005,13,50,29.68,,0,0,20119006912.0,1,50-STS-88,IQT903,47811,SA005,,B,470,520,P0,0.8,1988-01-01,SS00201,,1988-01-01,STS,True
"MultiLineString ((1099365.20481998007744551 1766466.68500865995883942, 1099364.78777038003318012 1766466.93610326992347836, 1099364.30102278990671039 1766466.9451114300172776, 1099363.87502073007635772 1766466.70948737999424338, 1099363.66293663997203112 1766466.35727024008519948, 1099363.62389762001112103 1766466.2924654099624604, 1099363.61491752997972071 1766465.80571825010702014, 1099363.85051350994035602 1766465.37971577001735568, 1099345.82934046001173556 1766445.10411082999780774))",SA001,426855,2723063100,35803045,54000,2011-10-26,SA005,13,25,30.06,,0,0,20119010328.0,1,25-STS-11,IQT903,426855,SA005,,B,470,520,P0,0.8,2011-10-26,SS00201,,2011-10-26,STS,True
"MultiLineString ((1099434.47422563005238771 1766378.76566743990406394, 1099433.35925721004605293 1766378.26654821005649865, 1099433.61797333997674286 1766376.92138745007105172, 1099434.26855300995521247 1766375.89967604004777968, 1099435.89510613004676998 1766376.06661346997134387, 1099436.81515316991135478 1766376.58601428009569645, 1099437.61674292990937829 1766377.03854901995509863))",SA001,436645,2723063100,35803045,54000,2014-03-21,SA005,18,150,7.42,,0,0,20149004283.0,1,150-DTEP-14,IQT903,436645,SA005,,B,470,520,P0,1.1,2014-03-21,SS00201,,2014-03-21,DTEP,True
"MultiLineString ((1099446.28280155989341438 1766873.10748578002676368, 1099446.35899360990151763 1766874.60537325008772314, 1099446.72661192994564772 1766881.90869868011213839, 1099488.06613281997852027 1766879.94975237990729511, 1099488.92431787005625665 1766895.15913600008934736))",SA001,211323,2723063100,35803045,54000,1995-01-01,SA005,10,80,65.45,,0,0,20119006912.0,1,80-PFP-95,IQT903,211323,SA005,,B,580,520,P0,1.0,1995-01-01,SS00201,,1995-01-01,PFP,True
"MultiLineString ((1099445.13271134998649359 1766606.6603853499982506, 1099445.44227184006012976 1766607.01606415002606809, 1099464.4383742599748075 1766608.42612984008155763, 1099473.59936569002456963 1766609.10658962000161409, 1099479.07763629010878503 1766610.20457982993684709, 1099486.36443745996803045 1766613.2892622200306505, 1099493.98576784995384514 1766617.24469059007242322, 1099499.59049674007110298 1766620.15254239994101226, 1099500.92176395002752542 1766620.84268673998303711, 1099501.17075600009411573 1766620.97239334997721016, 1099512.49517973000183702 1766631.51207763003185391, 1099520.70138324005529284 1766639.15071968990378082, 1099521.61030110996216536 1766639.99642512993887067, 1099532.57461369992233813 1766660.59172011003829539, 1099532.92790690995752811 1766660.57109039998613298, 1099533.69613081007264555 1766660.52521846001036465, 1099536.24931935989297926 1766660.37269196007400751, 1099536.59740618010982871 1766660.36203289008699358, 1099536.59188557998277247 1766661.90863845008425415))",SA001,107416,2723063100,35803045,54000,1991-01-01,SA005,4,150,115.75,,0,0,20119006912.0,1,150-DTC-91,IQT903,107416,SA005,,B,470,520,P0,1.1,1991-01-01,SS00201,,1991-01-01,DTC,True
"MultiLineString ((1099425.3418109801132232 1766503.22538006003014743, 1099429.65079305996187031 1766505.60359721002168953, 1099443.28674985002726316 1766513.12799297994934022, 1099444.56076923990622163 1766513.83123891009017825, 1099449.12556263990700245 1766516.35032875998876989, 1099451.251410529948771 1766517.52347282995469868, 1099455.10827490990050137 1766519.65188089990988374, 1099455.58319624001160264 1766519.91402807994745672, 1099455.87469828990288079 1766520.07445453992113471))",SA001,246342,2723063100,35803045,54000,1993-01-01,SA005,10,40,34.88,,0,0,20119006912.0,1,40-PFP-93,IQT903,246342,SA005,,B,470,520,P0,0.8,1993-01-01,SS00201,,1993-01-01,PFP,True
"MultiLineString ((1099391.93269772990606725 1766983.9687811799813062, 1099390.91730083990842104 1766982.82649334007874131, 1099389.19014695007354021 1766980.88456373009830713, 1099387.88875506003387272 1766980.8617221200838685))",SA001,324845,2723063100,35803045,54000,2006-07-18,SA005,4,100,5.0,,0,0,2006540000000.0,1,100-DTC-06,IQT903,324845,SA005,,B,461,520,P0,1.0,2006-07-18,SS00201,,2006-07-18,DTC,True
"MultiLineString ((1099391.66718449001200497 1766978.0317653298843652, 1099390.99963848991319537 1766964.76018383004702628, 1099388.47546335007064044 1766914.57245458988472819, 1099387.62429298995994031 1766897.45961543009616435, 1099387.68034157995134592 1766893.78104867995716631, 1099388.18447925988584757 1766890.87623422988690436, 1099388.82755195000208914 1766888.89340233011171222, 1099389.92813677992671728 1766887.07048554997891188, 1099391.8070571799762547 1766884.49359777988865972, 1099393.68599352007731795 1766881.91567147988826036, 1099397.56071658991277218 1766878.34137351997196674, 1099402.20553989009931684 1766876.06750112003646791, 1099446.28280155989341438 1766873.10748578002676368, 1099447.33454136992804706 1766873.04547249991446733, 1099447.10788047011010349 1766867.25110737001523376, 1099446.79839860997162759 1766859.34274975000880659, 1099446.24942466011270881 1766845.36391722992993891, 1099446.18030424998141825 1766843.59920919011346996, 1099422.30152965988963842 1766833.49223588989116251, 1099418.13411951996386051 1766831.72907426999881864, 1099392.98475990002043545 1766821.08485475997440517, 1099384.44332018005661666 1766817.47038000007160008, 1099383.28170918999239802 1766817.32868523010984063, 1099376.23323652008548379 1766816.98345582000911236, 1099375.00233173999004066 1766816.92267387011088431))",SA001,210313,2723063100,35803045,54000,1995-01-01,SA005,10,100,259.61,,0,0,20119006912.0,1,100-PFP-95,IQT903,210313,SA005,,B,580,520,P0,1.0,1995-01-01,SS00201,,1995-01-01,PFP,True
"MultiLineString ((1099472.54517110995948315 1766673.27112110005691648, 1099471.31880660005845129 1766674.36119752004742622, 1099471.31877809995785356 1766674.36122516007162631, 1099469.84514007996767759 1766675.67052702000364661, 1099443.55195834999904037 1766699.03385963989421725, 1099442.0458221600856632 1766700.37166300998069346, 1099441.93241862999275327 1766712.93875270988792181, 1099441.91038627992384136 1766715.36896317009814084, 1099441.9061261999886483 1766716.37072426010854542))",SA001,37749,2723063100,35803045,54000,1993-01-01,SA005,10,50,56.82,,0,0,20119006912.0,1,50-PFP-93,IQT903,37749,SA005,,B,580,520,P0,0.8,1993-01-01,SS00201,,1993-01-01,PFP,True
"MultiLineString ((1099359.42763585993088782 1766499.28110370994545519, 1099361.40282395994290709 1766502.33163973991759121, 1099369.07884542993269861 1766515.14995938003994524, 1099370.74381248001009226 1766515.79550583008676767, 1099374.12231382005847991 1766520.82873079995624721, 1099376.25395634002052248 1766524.24157934007234871, 1099377.04841531999409199 1766525.51346146990545094, 1099381.69847320998087525 1766531.98647634009830654, 1099385.60657343990169466 1766538.24091523000970483, 1099388.40500715002417564 1766541.45793483988381922, 1099395.22347097005695105 1766549.2944165701046586, 1099400.87351801991462708 1766555.78834059997461736, 1099410.06398570002056658 1766566.35242188000120223, 1099442.3764132100623101 1766603.49300070991739631, 1099444.45765039999969304 1766605.88424422009848058, 1099445.13271134998649359 1766606.6603853499982506))",SA001,246554,2723063100,35803045,54000,2000-01-01,SA005,4,150,138.02,,0,0,20119006912.0,1,150-DTC-00,IQT903,246554,SA005,,B,470,520,P0,1.1,2000-01-01,SS00201,,2000-01-01,DTC,True
"MultiLineString ((1099374.12231382005847991 1766520.82873079995624721, 1099375.45356413000263274 1766520.13908555009402335, 1099376.57521293009631336 1766519.55734046990983188, 1099390.99285602010786533 1766518.93238033005036414, 1099399.59651498007588089 1766517.19874810008332133, 1099407.0625922700855881 1766513.62811182998120785, 1099413.19015965005382895 1766510.69698117999359965, 1099417.2892297999933362 1766506.48367286007851362))",SA001,178209,2723063100,35803045,54000,1996-01-01,SA005,10,80,46.93,,0,0,20119006912.0,1,80-PFP-96,IQT903,178209,SA005,,B,470,520,P0,1.0,1996-01-01,SS00201,,1996-01-01,PFP,True
"MultiLineString ((1099418.13411951996386051 1766831.72907426999881864, 1099419.42175844009034336 1766830.23193751997314394, 1099426.63211794989183545 1766821.84926207992248237, 1099427.22734981006942689 1766800.16619699005968869, 1099437.44636590988375247 1766789.21178988995961845, 1099440.18745765998028219 1766725.88983783009462059, 1099440.31226603989489377 1766722.81426404998637736, 1099440.42975799995474517 1766719.23868943005800247, 1099440.43561193998903036 1766718.32695857994258404, 1099441.89607258001342416 1766717.36035258998163044, 1099441.9061261999886483 1766716.37072426010854542))",SA001,324849,2723063100,35803045,54000,2006-07-18,SA005,4,80,122.0,,0,0,2006540000000.0,1,80-DTC-06,IQT903,324849,SA005,,B,580,520,P0,1.0,2006-07-18,SS00201,,2006-07-18,DTC,True
"MultiLineString ((1099409.61761778010986745 1766516.8784250000026077, 1099411.81821093009784818 1766519.63649185001850128, 1099417.36346574011258781 1766526.58167139999568462, 1099421.45855477009899914 1766531.71219670004211366, 1099422.23654856998473406 1766532.68685784004628658))",SA001,211245,2723063100,35803045,54000,1992-01-01,SA005,13,25,20.23,,0,0,20119006912.0,1,25-STS-92,IQT903,211245,SA005,,B,470,520,P0,0.8,1992-01-01,SS00201,,1992-01-01,STS,True
"MultiLineString ((1099377.04841531999409199 1766525.51346146990545094, 1099378.37678478006273508 1766524.81579894991591573, 1099381.0819704900495708 1766523.39729836001060903, 1099389.69188367994502187 1766523.1308897000271827, 1099396.11895044008269906 1766522.33386573009192944, 1099400.22544639999978244 1766520.6746902500744909, 1099409.61761778010986745 1766516.8784250000026077, 1099410.86008033994585276 1766516.37646815995685756, 1099417.6851865800563246 1766511.49329584999941289, 1099419.94440373010002077 1766509.87797161005437374, 1099420.67503402009606361 1766508.97627106006257236))",SA001,246343,2723063100,35803045,54000,1996-01-01,SA005,10,80,47.89,,0,0,20119006912.0,1,80-PFP-96,IQT903,246343,SA005,,B,470,520,P0,1.0,1996-01-01,SS00201,,1996-01-01,PFP,True
"MultiLineString ((1099410.06398570002056658 1766566.35242188000120223, 1099411.22422127006575465 1766565.40223437990061939, 1099414.46009867009706795 1766562.74701568996533751, 1099417.14816752006299794 1766560.54338324000127614))",SA001,72305,2723063100,35803045,54000,1996-01-01,SA005,10,80,9.16,,0,0,20119006912.0,1,80-PFP-96,IQT903,72305,SA005,,B,470,520,P0,1.0,1996-01-01,SS00201,,1996-01-01,PFP,True
"MultiLineString ((1099374.43923451006412506 1766492.76191047998145223, 1099380.3430135000962764 1766490.87018725997768342, 1099391.73748316010460258 1766488.08023288007825613, 1099391.24024377996101975 1766485.87565726996399462, 1099390.45715099992230535 1766482.40374989993870258, 1099389.98716759006492794 1766480.31831828993745148, 1099389.75710982992313802 1766479.29709880007430911, 1099387.42418890004046261 1766468.85638926993124187, 1099387.25277996994554996 1766468.08927084994502366, 1099384.83311339002102613 1766457.26056463993154466))",SA001,177107,2723063100,35803045,54000,1994-01-01,SA005,10,40,49.53,,0,0,20119006912.0,1,40-PFP-94,IQT903,177107,SA005,,B,470,520,P0,0.8,1994-01-01,SS00201,,1994-01-01,PFP,True
"MultiLineString ((1099515.05272552999667823 1766476.15244609001092613, 1099514.12100723991170526 1766477.32801206992007792, 1099512.94151486991904676 1766478.81577764009125531, 1099511.91295572998933494 1766480.112906209891662, 1099505.88623686996288598 1766487.71474169008433819, 1099505.5111454299185425 1766488.18795753992162645, 1099501.73631063988432288 1766492.94762650993652642, 1099500.54254937008954585 1766494.45415107998996973, 1099498.76167208002880216 1766496.69964363006874919, 1099495.09286879003047943 1766501.32792454003356397, 1099488.69971395004540682 1766496.97453407989814878, 1099485.65222496003843844 1766494.87553458008915186))",SA001,212340,2723063100,35803045,54000,1991-01-01,SA005,10,40,43.58,,0,0,20119006912.0,1,40-PFP-91,IQT903,212340,SA005,,B,470,520,P0,0.8,1991-01-01,SS00201,,1991-01-01,PFP,True
"MultiLineString ((1099488.92431787005625665 1766895.15913600008934736, 1099489.83919461001642048 1766911.38281127996742725, 1099489.87566567002795637 1766911.51430907007306814, 1099491.00693956995382905 1766931.88738364004530013, 1099491.74643367994576693 1766945.20518914004787803, 1099492.0810332999099046 1766951.13521019998006523, 1099506.6379881699103862 1766950.70404333993792534, 1099507.15850301994942129 1766961.10309786000289023))",SA001,37852,2723063100,35803045,54000,1995-01-01,SA005,10,50,81.07,,0,0,20119006912.0,1,50-PFP-95,IQT903,37852,SA005,,B,580,520,P0,0.8,1995-01-01,SS00201,,1995-01-01,PFP,True
"MultiLineString ((1099408.83642496005631983 1766976.24064360000193119, 1099408.81781624001450837 1766977.46015209006145597, 1099408.80158958001993597 1766978.78966363007202744, 1099408.79885360994376242 1766979.09956035995855927, 1099408.09332831995561719 1766979.60571527993306518, 1099402.53692700993269682 1766979.5631181700155139, 1099397.78029256011359394 1766979.52665025996975601, 1099396.87199169001542032 1766980.54460043995641172, 1099395.13782299007289112 1766980.50618757004849613, 1099394.20304826996289194 1766980.49635751009918749, 1099392.56875145994126797 1766980.4791016299277544, 1099391.80191332008689642 1766979.68858061009086668, 1099391.66718449001200497 1766978.0317653298843652))",SA001,324848,2723063100,35803045,54000,2006-07-18,SA004,4,100,21.0,,0,0,2006540000000.0,1,100-DTC-06,IQT903,324848,SA004,,B,580,520,P0,1.0,2006-07-18,SS00201,,2006-07-18,DTC,True
"MultiLineString ((1099401.2140869100112468 1766976.15150862000882626, 1099395.26364956004545093 1766976.05687713995575905, 1099395.22478205990046263 1766978.60886718006804585))",SA001,177096,2723063100,35803045,54000,1998-01-01,SA004,4,300,8.51,,0,0,20119006912.0,1,300-DTC-98,IQT903,177096,SA004,,B,580,520,P0,1.5,1998-01-01,SS00201,,1998-01-01,DTC,True
"MultiLineString ((1099525.25034345989115536 1766544.42887062998488545, 1099523.95620176009833813 1766543.67029014998115599, 1099522.31805465999059379 1766542.70951703004539013, 1099494.65506286988966167 1766526.49199695000424981, 1099484.2686395701020956 1766520.40288276993669569, 1099475.72545451996847987 1766515.39464690000750124))",SA001,73314,2723063100,35803045,54000,1992-01-01,SA005,10,40,57.43,,0,0,20119006912.0,1,40-PFP-92,IQT903,73314,SA005,,B,470,520,P0,0.8,1992-01-01,SS00201,,1992-01-01,PFP,True
"MultiLineString ((1099395.22347097005695105 1766549.2944165701046586, 1099403.39683407009579241 1766542.27716489997692406, 1099403.93179859011434019 1766541.81735221995040774))",SA001,106341,2723063100,35803045,54000,1993-01-01,SA005,13,25,11.48,,0,0,20119006912.0,1,25-STS-93,IQT903,106341,SA005,,B,470,520,P0,0.8,1993-01-01,SS00201,,1993-01-01,STS,True
"MultiLineString ((1099493.98576784995384514 1766617.24469059007242322, 1099490.04043118003755808 1766626.77089576004073024, 1099500.44011442991904914 1766632.90319887991063297, 1099501.47907660994678736 1766634.07779605011455715, 1099506.86231677001342177 1766640.1687225999776274, 1099513.75930264010094106 1766647.97238909988664091, 1099518.37857160996645689 1766654.393616640008986, 1099521.83086981996893883 1766659.19336262997239828, 1099523.12421012995764613 1766660.99174240999855101))",SA001,212343,2723063100,35803045,54000,1993-01-01,SA005,10,40,58.55,,0,0,20119006912.0,1,40-PFP-93,IQT903,212343,SA005,,B,470,520,P0,0.8,1993-01-01,SS00201,,1993-01-01,PFP,True
"MultiLineString ((1099420.67503402009606361 1766508.97627106006257236, 1099425.3418109801132232 1766503.22538006003014743, 1099427.22073783003725111 1766500.90941100008785725, 1099442.25744319008663297 1766482.37533769011497498, 1099442.75870211003348231 1766481.75748335011303425, 1099443.64363467996008694 1766480.63221028004772961, 1099446.27210406004451215 1766477.29079885990358889, 1099451.68593636993318796 1766470.40945732011459768, 1099459.10934180999174714 1766460.97324692993424833, 1099465.99028202006593347 1766452.22761580999940634, 1099471.69913770002312958 1766445.41079632006585598, 1099473.08713232004083693 1766443.75321014993824065, 1099474.05050455988384783 1766442.60412678006105125))",SA001,178210,2723063100,35803045,54000,1989-01-01,SA005,4,80,85.2,,0,0,20119006912.0,1,80-DTC-89,IQT903,178210,SA005,,B,470,520,P0,1.0,1989-01-01,SS00201,,1989-01-01,DTC,True
"MultiLineString ((1099366.19492521998472512 1766983.08568790997378528, 1099365.98821465997025371 1766981.94090717006474733, 1099365.72979175997897983 1766980.46327147004194558))",SA001,420931,2723063100,35803045,54000,1993-01-01,SA005,10,40,2.66,,0,0,20119006912.0,1,40-PFP-93,IQT903,420931,SA005,,B,461,520,P0,0.8,1993-01-01,SS00201,,1993-01-01,PFP,True
