지시번호,접수번호,공사일자,위치,유형,공사개요,계,도급액,관급자재,도로복구비,건강보험,연금보험,산재보험,고용보험,요양보험,퇴직공제,보험료 (원),"산업안전
보건관리비",관경,관종,부위,원인,누수량,중구역,소구역,살수량,계.1,사용료,물이용부담금,GIS 등록,비고,작업일시,위도,경도
2,20220102-0002,01-02,동구 신평동 322-1 101동,지상공도,D80x32 분기점 수선,"1,746,230 ","1,514,230 ",0 ,"232,000 ","16,200 ","21,260 ","19,750 ","4,640 ","1,860 ","10,860 ",0,0,32.0,부분기대,부분기대,노후,3.3,226.0,224-1,0.102,130 ,114 ,0 ,미등록,폐아 0.3,2022-01-02,35.878947,128.6825921
4,20220102-0011,01-02,동구 효목동 189-23,지상공도,D40x13 분기점 수선,"363,840 ","363,840 ",0 ,0 ,"4,420 ","5,800 ","5,390 ","1,260 ",500 ,"2,960 ",0,0,15.0,부분기대,부분기대,노후,2,213.0,38,0.0,0 ,0 ,0 ,미등록,,2022-01-02,35.8795166,128.6458885
5,20220103-0086,01-03,동구 신암동 27-12,지하공도,D50x13 분기점 수선,"584,160 ","584,160 ",0 ,0 ,"6,790 ","8,910 ","8,280 ","1,940 ",780 ,"4,550 ",0,0,15.0,부분기대,부분기대,노후,8.64,209.0,12,,0 ,0 ,0 ,미등록,폐아 0.1,2022-01-03,35.888625,128.6361371
6,20220103-0119,01-03,동구 신암동 193-1 73-3-7,기타,D13 계량기 철거 및 설치 외 8개소(N=9),"907,730 ","907,730 ",0 ,0 ,"11,630 ","15,250 ","14,170 ","3,330 ","1,330 ","7,790 ",0,0,,,,,,217.0,17,,0 ,0 ,0 ,미등록,,2022-01-03,35.8774377,128.6175951
9,20220103-0550,01-03,동구 신암동 1298-145,지상사유지,D13 보호통 수선,"605,240 ","605,240 ",0 ,0 ,"6,790 ","8,910 ","8,280 ","1,940 ",780 ,"4,550 ",,0,15.0,계량기보호통(실),계량기보호통,노후,,216.0,14,,,,,미등록,폐콘 0.23,2022-01-03,35.8769201,128.6088859
10,20220103-0555,01-03,동구 신기동 74,지상공도,D50x25 분기점 수선,"530,330 ","530,330 ",0 ,0 ,"6,370 ","8,360 ","7,770 ","1,820 ",730 ,"4,270 ",0,0,25.0,부분기대,부분기대,노후,4,233.0,255,0.0,0 ,0 ,0 ,미등록,,2022-01-03,35.871094,128.7069279
11,20220104-0037,01-04,동구 도동 978-274,지상공도,D13 인입선 수선,"2,262,400 ","2,024,400 ",0 ,"238,000 ","24,720 ","32,430 ","30,130 ","7,080 ","2,840 ","16,570 ",0,0,15.0,스텐레스관,이형관,부식,2,206.0,86,0.0,0 ,0 ,0 ,미등록,"폐콘 0.3, 폐아 0.4",2022-01-04,35.9097058,128.6517108
12,20220104-0534,01-04,동구 신암동 27-12,지상사유지,D13 보호통 수선,"608,990 ","608,990 ",0 ,0 ,"7,040 ","9,240 ","8,580 ","2,010 ",810 ,"4,720 ",,0,15.0,계량기보호통(실),계량기보호통,노후,,209.0,12,,,,,미등록,페콘 0.23,2022-01-04,35.888625,128.6361371
13,20220104-0668,01-04,동구 신천동 53-1,지상공도,DTC D80x80 불용관 수선,"1,323,500 ","1,323,500 ",0 ,0 ,"14,170 ","18,590 ","17,280 ","4,060 ","1,630 ","9,500 ",,0,80.0,닥타일관,직관,노후,3.44,219.0,30,0.0,0 ,0 ,0 ,미등록,폐아 2.1,2022-01-04,35.8771469,128.6232154
14,20220105-0433,01-05,동구 검사동 744-19,지상사유지,D13 보호통 수선,"624,800 ","624,800 ",0 ,0 ,"6,820 ","8,950 ","8,320 ","1,950 ",780 ,"4,570 ",,0,15.0,계량기보호통(실),계량기보호통,노후,,228.0,123-2,,,,,미등록,페콘 0.23,2022-01-05,35.8865092,128.6615511
15,20220105-0452,01-05,동구 신암동 193-1 3·5·6동,기타,D80 제수변 개폐 외 5개소(N=6),"187,510 ","187,510 ",0 ,0 ,810 ,"1,070 ",990 ,230 ,90 ,540 ,0,0,,,,,,217.0,17,,0 ,0 ,0 ,미등록,,2022-01-05,35.8774377,128.6175951
16,20220106-0079,01-06,동구 효목동 1172,지상공도,D13 보호통 수선 및 D25 불용관 수선,"842,610 ","760,710 ","81,900 ",0 ,"9,520 ","12,490 ","11,600 ","2,720 ","1,090 ","6,380 ",0,0,25.0,스텐레스관,직관,노후,2,214.0,136,0.0,0 ,0 ,0 ,미등록,,2022-01-06,35.8788228,128.6557464
17,20220106-0222,01-06,동구 도동 129-1,지상사유지,D13 보호통 수선,"593,490 ","593,490 ",0 ,0 ,"6,430 ","8,440 ","7,840 ","1,840 ",740 ,"4,310 ",,0,15.0,계량기보호통(실),계량기보호통,노후,,213.0,24,,,,,미등록,폐콘 0.23,2022-01-06,35.9111735,128.6510231
18,20220106-0224,01-06,동구 도동 3-18,시설물수선,제수변 철개입상,"542,810 ","542,810 ",0 ,0 ,"5,440 ","7,140 ","6,640 ","1,560 ",620 ,"3,650 ",0,0,,,,,,217.0,18,,0 ,0 ,0 ,미등록,,2022-01-06,35.9095483,128.6452707
19,20220106-0379,01-06,동구 신천동 807-19,지상사유지,D13 앵글밸브 수선 후 보호통 수선,"692,770 ","692,770 ",0 ,0 ,"8,420 ","11,050 ","10,260 ","2,410 ",960 ,"5,640 ",,0,15.0,계량기보호통(실),계량기보호통,노후,,220.0,48,,,,,미등록,폐콘 0.23,2022-01-06,35.8693031,128.6167261
21,20220107-0112,01-07,동구 신천동 541-8,지하공도,D80x13 분기점 수선,"799,360 ","799,360 ",0 ,0 ,"8,830 ","11,580 ","10,760 ","2,530 ","1,010 ","5,920 ",0,0,15.0,부분기대,부분기대,노후,20.16,219.0,29,,0 ,0 ,0 ,미등록,폐아 0.3,2022-01-07,35.8749742,128.615575
22,20220107-0113,01-07,동구 불로동 1146-6,지하사유지,D13 보호통 수선,"645,220 ","645,220 ",0 ,0 ,"7,310 ","9,600 ","8,920 ","2,090 ",840 ,"4,900 ",,0,15.0,계량기보호통(실),계량기보호통,노후,11.76,205.0,77,,,,,미등록,폐콘 0.23,2022-01-07,35.9140705,128.6425131
24,20220107-0130,01-07,동구 신천동 309-8,지하공도,D80*20mm 분기점 누수수선(불용관 폐쇄),"709,980 ","709,980 ",0 ,0 ,"9,200 ","12,070 ","11,210 ","2,630 ","1,050 ","6,170 ",0,0,80.0,닥타일관,이형관,노후,"1,008",222.0,43,,0 ,0 ,0 ,미등록,폐콘 0.1,2022-01-07,35.8693098,128.6276108
25,20220107-0307,01-07,동구 신암동 106-11 201,지상사유지,D13 보호통 수선,"601,060 ","601,060 ",0 ,0 ,"6,720 ","8,820 ","8,190 ","1,920 ",770 ,"4,510 ",,0,15.0,계량기보호통(실),계량기보호통,노후,,209.0,1,,,,,미등록,폐콘 0.23,2022-01-07,35.8863226,128.6334921
26,20220110-0010,01-10,동구 신암동 206-34,지상사유지,D13 보호통 수선,"618,610 ","618,610 ",0 ,0 ,"7,040 ","9,240 ","8,580 ","2,010 ",810 ,"4,720 ",,0,15.0,계량기보호통(실),계량기보호통,노후,,217.0,18,,,,,미등록,폐콘 0.23,2022-01-10,35.8782801,128.6223364
28,20220110-0421,01-10,동구 효목동 401-8,지하공도,D80 직관부 수선,"885,510 ","687,510 ","198,000 ",0 ,"9,270 ","12,160 ","11,300 ","2,650 ","1,060 ","6,210 ",,0,80.0,닥타일관,직관,노후,"1,440",606.0,36,,0 ,0 ,0 ,미등록,폐아 0.2,2022-01-10,35.8752758,128.6348494
29,20220110-0422,01-10,동구 둔산동 180-1,지상공도,D25 접합부 수선,"440,590 ","440,590 ",0 ,0 ,"5,140 ","6,750 ","6,270 ","1,470 ",590 ,"3,450 ",,0,25.0,스텐레스관,직관,침하,4.68,225.0,98,0.0,0 ,0 ,0 ,미등록,,2022-01-10,35.9024667,128.6888433
31,20220110-0500,01-10,동구 신서동 626-59,지상사유지,D13 보호통 수선,"669,190 ","669,190 ",0 ,0 ,"7,280 ","9,550 ","8,870 ","2,080 ",830 ,"4,880 ",,0,15.0,계량기보호통(실),계량기보호통,노후,,235.0,260-1,,,,,미등록,폐콘 0.23,2022-01-10,35.8695273,128.7241032
32,20220110-0507,01-10,동구 효목동 623-24,지상사유지,D20 보호통 수선,"715,030 ","715,030 ",0 ,0 ,"8,210 ","10,780 ","10,010 ","2,350 ",940 ,"5,510 ",0,0,20.0,계량기보호통(실),계량기보호통,노후,,224.0,47,0.0,0 ,0 ,0 ,미등록,폐콘 0.2,2022-01-10,35.8766078,128.641465
34,20220111-0264,01-11,동구 방촌동 111-2,지상사유지,D13 보호통 수선,"628,550 ","628,550 ",0 ,0 ,"7,070 ","9,280 ","8,620 ","2,020 ",810 ,"4,740 ",,0,15.0,계량기보호통(실),계량기보호통,노후,,226.0,116,,,,,미등록,폐콘 0.23,2022-01-11,35.8928543,128.676335
35,20220111-0265,01-11,동구 지저동 774-40,지상사유지,D13 보호통 수선,"638,170 ","638,170 ",0 ,0 ,"7,070 ","9,280 ","8,620 ","2,020 ",810 ,"4,740 ",,0,15.0,계량기보호통(실),계량기보호통,노후,,208.0,106-2,,,,,미등록,폐콘 0.23,2022-01-11,35.8944395,128.638442
37,20220112-0106,01-12,동구 신암동 620-60,미누수,굴착확인 - 미누수(하수도),"101,220 ","101,220 ",0 ,0 ,"1,470 ","1,930 ","1,800 ",420 ,160 ,990 ,0,0,,,,,,211.0,9,,0 ,0 ,0 ,미등록,,2022-01-12,35.8849571,128.6263919
38,20220112-0253,01-12,동구 부동 595-21,지상공도,D40×13 분기점수선,"474,370 ","474,370 ",0 ,0 ,"4,670 ","6,130 ","5,700 ","1,340 ",530 ,"3,130 ",0,0,15.0,부분기대,부분기대,노후,2,225.0,110,0.0,0 ,0 ,0 ,등록,,2022-01-12,35.894714,128.6828786
39,20220113-0003,01-13,동구 둔산동 211,지상사유지,D13 보호통 수선,"598,920 ","598,920 ",0 ,0 ,"6,360 ","8,350 ","7,760 ","1,820 ",730 ,"4,260 ",,0,15.0,계량기보호통(실),계량기보호통,노후,,225.0,98,,,,,미등록,폐콘 0.23,2022-01-13,35.9002504,128.6868711
40,20220113-0008,01-13,동구 신암동 603-275,지상공도,DTC D80mm 클램프 수선(보수형클램프),"378,330 ","180,330 ","198,000 ",0 ,"3,030 ","3,980 ","3,690 ",860 ,340 ,"2,030 ",,0,80.0,닥타일관,이형관,노후,0.86,211.0,8,,,,,미등록,,2022-01-13,35.8839303,128.6220277
41,20220113-0204,01-13,동구 신기동 66,미누수,확인결과 미누수,"285,060 ","285,060 ",0 ,0 ,"4,300 ","5,640 ","5,240 ","1,230 ",490 ,"2,880 ",0,0,,,,,,233.0,251,,0 ,0 ,0 ,미등록,,2022-01-13,35.8706256,128.7074467
42,20220113-0213,01-13,동구 불로동 1199,지하공도,STS D13mm 불용관 수선,"504,210 ","504,210 ",0 ,0 ,"5,770 ","7,580 ","7,040 ","1,650 ",660 ,"3,870 ",0,0,15.0,스텐레스관,이형관,부식,34.32,205.0,80,,0 ,0 ,0 ,미등록,,2022-01-13,35.9094695,128.6419531
44,20220114-0142,01-14,동구 신기동 283-11,지하공도,STS D13mm 불용관 수선,"1,414,540 ","1,414,540 ",0 ,0 ,"18,240 ","23,930 ","22,230 ","5,220 ","2,100 ","12,230 ",0,0,15.0,스텐레스관,이형관,노후,"2,251.2",233.0,255,,0 ,0 ,0 ,미등록,폐아 0.4,2022-01-14,35.8704409,128.7063461
45,20220114-0201,01-14,동구 매여동 214-1,지상공도,D25 접합부수선,"328,270 ","328,270 ",0 ,0 ,"5,150 ","6,760 ","6,280 ","1,470 ",590 ,"3,450 ",0,0,25.0,스텐레스관,직관,부식,2,230.0,201,0.0,0 ,0 ,0 ,미등록,,2022-01-14,35.9102724,128.7185291
46,20220114-0226,01-14,동구 방촌동 934-17,지상사유지,D13 앵글밸브 수선 후 보호통 수선,"702,740 ","702,740 ",0 ,0 ,"8,450 ","11,090 ","10,300 ","2,420 ",970 ,"5,660 ",,0,15.0,계량기보호통(실),계량기보호통,노후,,228.0,125,,,,,미등록,폐콘 0.23,2022-01-14,35.8843789,128.665817
47,20220114-0261,01-14,동구 불로동 1149-11,지상사유지,D13 앵글밸브수선 후 보호통수선,"611,030 ","611,030 ",0 ,0 ,"6,750 ","8,860 ","8,230 ","1,930 ",770 ,"4,530 ",0,0,15.0,계량기보호통(실),연결부,노후,,205.0,77,0.0,0 ,0 ,0 ,미등록,폐콘 0.23,2022-01-14,35.91395,128.6413497
48,20220114-0273,01-14,동구 신천동 807-24,지상사유지,D13 보호통 수선,"752,490 ","752,490 ",0 ,0 ,"9,200 ","12,070 ","11,210 ","2,630 ","1,050 ","6,170 ",0,0,15.0,계량기보호통(실),연결부,노후,,220.0,48,0.0,0 ,0 ,0 ,미등록,폐콘 0.5,2022-01-14,35.8690363,128.616647
51,20220115-0016,01-15,동구 도동 3-29,지상사유지,앵글밸브수선,"692,480 ","692,480 ",0 ,0 ,"7,950 ","10,430 ","9,690 ","2,270 ",910 ,"5,330 ",0,0,15.0,계량기보호통(실),앵글밸브,고무링-패킹손상,,205.0,80,0.0,0 ,0 ,0 ,미등록,폐콘 0.1,2022-01-15,35.9094895,128.6454822
52,20220117-0056,01-17,동구 검사동 1024-4,지상공도,D25 직관부 수선,"233,820 ","233,820 ",0 ,0 ,"1,410 ","1,850 ","1,720 ",400 ,160 ,940 ,0,0,25.0,스텐레스관,직관,부식,2,210.0,111-1,0.0,0 ,0 ,0 ,미등록,,2022-01-17,35.8877987,128.6476038
54,20220117-0156,01-17,동구 신천동 807-23,지상사유지,D13 보호통 수선,"649,240 ","649,240 ",0 ,0 ,"7,760 ","10,180 ","9,460 ","2,220 ",890 ,"5,200 ",,0,15.0,계량기보호통(실),계량기보호통,노후,,220.0,48,,,,,미등록,폐콘 0.1,2022-01-17,35.8691244,128.6166721
55,20220117-0225,01-17,동구 숙천동 118,지상공도,D13 접합부 수선,"712,720 ","712,720 ",0 ,0 ,"7,370 ","9,680 ","8,990 ","2,110 ",840 ,"4,940 ",0,0,15.0,스텐레스관,이형관,부식,4,236.0,223,1.0,"1,137 ",980 ,157 ,미등록,폐아 0.2,2022-01-17,35.8818309,128.7548788
56,20220117-0253,01-17,동구 신암동 115-1,지상공도,D200 직관부 수선,"1,173,330 ","866,430 ","306,900 ",0 ,"11,530 ","15,130 ","14,050 ","3,300 ","1,320 ","7,730 ",,0,200.0,닥타일관,직관,부식,499.5,212.0,5,0.297,380 ,333 ,0 ,미등록,,2022-01-17,35.8857771,128.6322759
57,20220118-0039,01-18,동구 부동 317-5,지상공도,D40 직관부 수선,"722,790 ","722,790 ",0 ,0 ,"8,250 ","10,820 ","10,060 ","2,360 ",950 ,"5,530 ",,0,40.0,PFP관,이형관,노후,1.29,226.0,119-1,0.0,0 ,0 ,0 ,미등록,폐콘 0.3,2022-01-18,35.8896871,128.6864966
58,20220118-0370,01-18,동구 검사동 1027-20,지하공도,D200 직관부수선,"1,186,640 ","879,740 ","306,900 ",0 ,"10,870 ","14,260 ","13,250 ","3,110 ","1,250 ","7,280 ",,0,200.0,닥타일관,직관,노후,"24,926.4",227.0,124-2,,0 ,0 ,0 ,미등록,폐콘 0.4,2022-01-18,35.8866575,128.6485955
59,20220119-0305,01-19,동구 미대동 746-1,지상공도,D25 접합부수선,"327,410 ","327,410 ",0 ,0 ,"5,030 ","6,600 ","6,130 ","1,440 ",570 ,"3,370 ",0,0,25.0,스텐레스관,직관,부식,2,201.0,301,0.0,0 ,0 ,0 ,미등록,,2022-01-19,35.9486169,128.6647221
61,20220120-0033,01-20,동구 신천동 807-13,지상사유지,D13 보호통수선,"634,510 ","634,510 ",0 ,0 ,"7,220 ","9,470 ","8,800 ","2,070 ",830 ,"4,840 ",,0,15.0,계량기보호통(실),계량기보호통,노후,,220.0,48,,,,,미등록,폐콘 0.23,2022-01-20,35.8691536,128.6165134
64,20220121-0119,01-21,동구 효목동 371-6 3층,지상사유지,D13 앵글밸브수선 후 보호통수선,"630,880 ","630,880 ",0 ,0 ,"7,170 ","9,410 ","8,750 ","2,050 ",820 ,"4,810 ",,0,15.0,계량기보호통(실),계량기보호통,노후,,223.0,37,,,,,미등록,폐콘 0.23,2022-01-21,35.8786911,128.6371499
65,20220121-0151,01-21,동구 신암동 628-3,지하사유지,D13 보호통 수선,"583,540 ","583,540 ",0 ,0 ,"6,400 ","8,400 ","7,800 ","1,830 ",730 ,"4,290 ",,0,15.0,계량기보호통(실),계량기보호통,노후,35.28,211.0,7,,0 ,0 ,0 ,미등록,폐콘 0.23,2022-01-21,35.886322,128.6216662
67,20220122-0004,01-22,동구 백안동 497,지상사유지,STS D13 접합부 수선,"716,380 ","716,380 ",0 ,0 ,"8,060 ","10,580 ","9,830 ","2,310 ",920 ,"5,400 ",0,0,15.0,스텐레스관,이형관,부식,,201.0,309,0.204,260 ,228 ,0 ,미등록,폐콘 1.6,2022-01-22,35.9551899,128.6926416
68,20220122-0024,01-22,동구 신천동 833-4,지상사유지,D13 보호통 수선,"613,980 ","613,980 ",0 ,0 ,"7,110 ","9,330 ","8,670 ","2,030 ",810 ,"4,760 ",,0,15.0,계량기보호통(실),계량기보호통,노후,,220.0,48,,,,,미등록,폐콘 0.23,2022-01-22,35.8688132,128.616664
69,20220123-0006,01-23,동구 지저동 771-9,지상공도,STS D13mm 불용관수선,"50,290 ","50,290 ",0 ,0 ,60 ,80 ,80 ,10 ,0 ,40 ,0,0,15.0,스텐레스관,이형관,부식,2,208.0,92,0.0,0 ,0 ,0 ,미등록,,2022-01-23,35.8957193,128.637579
70,20220123-0014,01-23,동구 방촌동 1113-212,지상공도,PFP D80*20mm 분기점 누수 수선,"669,210 ","669,210 ",0 ,0 ,"8,450 ","11,090 ","10,300 ","2,420 ",970 ,"5,670 ",0,0,80.0,부분기대,부분기대,노후,1.36,227.0,138,0.0,0 ,0 ,0 ,미등록,폐아 0.2,2022-01-23,35.8773919,128.6717455
71,20220124-0096,01-24,동구 신기동 122-9 스테이호텔,지상사유지,"D13, STS관 접합부 수선","309,130 ","309,130 ",0 ,0 ,"4,170 ","5,480 ","5,090 ","1,190 ",480 ,"2,800 ",0,0,15.0,스텐레스관,이형관,부식,,233.0,251,0.188,241 ,211 ,0 ,미등록,폐아 0.5,2022-01-24,35.872332,128.7045807
72,20220124-0101,01-24,동구 불로동 574-4,지상사유지,D13 보호통 수선,"677,330 ","677,330 ",0 ,0 ,"8,020 ","10,520 ","9,780 ","2,300 ",920 ,"5,380 ",,0,15.0,계량기보호통(실),계량기보호통,노후,,205.0,80,0.0,0 ,0 ,0 ,미등록,폐콘 0.1,2022-01-24,35.910586,128.6427186
73,20220124-0316,01-24,동구 도학동 487,,확인굴착(자연수),"407,200 ","407,200 ",0 ,0 ,"5,800 ","7,610 ","7,070 ","1,660 ",660 ,"3,890 ",,0,15.0,기타,기타,기타,0,201.0,311,,,,,미등록,폐콘 0.3,2022-01-24,35.9671771,128.7056977
74,20220125-0024,01-25,동구 신천동 833-17,지상사유지,D13 보호통 수선,"643,840 ","643,840 ",0 ,0 ,"7,830 ","10,280 ","9,550 ","2,240 ",900 ,"5,250 ",,0,15.0,계량기보호통(실),계량기보호통,노후,,220.0,48,,,,,미등록,폐콘 0.1,2022-01-25,35.8688188,128.6168154
75,20220125-0040,01-25,동구 신천동 262-6,지상사유지,D13mm 보호통 수선,"991,830 ","991,830 ",0 ,0 ,"11,720 ","15,380 ","14,290 ","3,360 ","1,350 ","7,860 ",0,0,15.0,계량기보호통(실),계량기보호통,노후,,221.0,41,0.0,0 ,0 ,0 ,미등록,폐콘 0.16,2022-01-25,35.872541,128.6213351
76,20220125-0042,01-25,동구 신천동 833-13,지상사유지,D13 보호통 수선,"618,750 ","618,750 ",0 ,0 ,"7,040 ","9,240 ","8,580 ","2,010 ",810 ,"4,270 ",,0,15.0,계량기보호통(실),계량기보호통,노후,,220.0,48,0.0,0 ,0 ,0 ,미등록,폐콘 0.23,2022-01-25,35.8689585,128.6170584
77,20220125-0163,01-25,동구 신평동 41-30 대아금속,지상사유지,D20 보호통수선,"968,510 ","968,510 ",0 ,0 ,"12,380 ","16,240 ","15,090 ","3,540 ","1,420 ","8,300 ",,0,20.0,계량기보호통(실),계량기보호통,노후,,230.0,201,0.0,0 ,0 ,0 ,미등록,,2022-01-25,35.8832052,128.6950162
78,20220125-0185,01-25,동구 신서동 543,지하공도,D150 제수변스핀들수선,"517,670 ","517,670 ",0 ,0 ,"6,940 ","9,100 ","8,460 ","1,980 ",790 ,"4,650 ",0,0,150.0,변류,본체,노후,766.08,237.0,261-2,,0 ,0 ,0 ,등록,폐아 0.2,2022-01-25,35.86859,128.7294427
79,20220125-0186,01-25,동구 율암동 323,기타,D13 보호통 수선,"575,330 ","575,330 ",0 ,0 ,"6,900 ","9,060 ","8,410 ","1,970 ",790 ,"4,630 ",0,0,,,,,,233.0,228,,0 ,0 ,0 ,미등록,,2022-01-25,35.8782659,128.7049917
80,20220125-0188,01-25,동구 율암동 320-1,기타,D13 보호통 수선,"637,520 ","637,520 ",0 ,0 ,"7,030 ","9,230 ","8,570 ","2,010 ",800 ,"4,710 ",0,0,,,,,,233.0,228,,0 ,0 ,0 ,미등록,,2022-01-25,35.8782388,128.7047018
81,20220126-0005,01-26,동구 지묘동 562-4,지상공도,PFP D50×25 분기점 수선,"1,137,560 ","1,137,560 ",0 ,0 ,"13,030 ","17,100 ","15,890 ","3,730 ","1,500 ","8,740 ",0,0,25.0,부분기대,부분기대,노후,2,201.0,57,0.0,0 ,0 ,0 ,미등록,폐아 0.3,2022-01-26,35.9416549,128.6400214
82,20220126-0449,01-26,동구 효목동 384-2,지상사유지,"D13 보호통수선
","601,060 ","601,060 ",0 ,0 ,"6,720 ","8,820 ","8,190 ","1,920 ",770 ,"4,510 ",,0,15.0,계량기보호통(실),계량기보호통,노후,,606.0,36,0.0,0 ,0 ,0 ,미등록,폐콘 0.23,2022-01-26,35.8782434,128.6360207
83,20220126-0450,01-26,동구 방촌동 114-3,지상사유지,D13 보호통수선,"671,520 ","671,520 ",0 ,0 ,"7,950 ","10,440 ","9,700 ","2,280 ",910 ,"5,330 ",,0,15.0,계량기보호통(실),계량기보호통,부식,,226.0,116,0.0,0 ,0 ,0 ,미등록,폐콘 0.1,2022-01-26,35.8926929,128.6770711
84,20220126-0451,01-26,동구 방촌동 128-21,지상사유지,D13 보호통수선,"642,750 ","642,750 ",0 ,0 ,"7,390 ","9,700 ","9,010 ","2,110 ",850 ,"4,950 ",,0,15.0,계량기보호통(실),계량기보호통,노후,,226.0,116,0.0,0 ,0 ,0 ,미등록,폐콘 0.1,2022-01-26,35.8904513,128.6771874
85,20220127-0028,01-27,동구 부동 631-1,지상공도,D13 접합부수선,"504,870 ","504,870 ",0 ,0 ,"6,460 ","8,480 ","7,880 ","1,850 ",740 ,"4,330 ",0,0,15.0,스텐레스관,이형관,부식,2,225.0,110,0.0,0 ,0 ,0 ,미등록,폐콘 0.3,2022-01-27,35.8947143,128.6817178
86,20220127-0199,01-27,동구 신천동 807-34,지상사유지,"D13 보호통수선
","594,480 ","594,480 ",0 ,0 ,"6,910 ","9,060 ","8,420 ","1,980 ",790 ,"4,630 ",,0,15.0,계량기보호통(실),계량기보호통,노후,,220.0,48,,,,,미등록,,2022-01-27,35.8692129,128.6171871
87,20220127-0202,01-27,동구 방촌동 862-15,지상사유지,D13 앵글밸브수선 후 보호통수선,"789,310 ","789,310 ",0 ,0 ,"9,780 ","12,830 ","11,920 ","2,800 ","1,120 ","6,550 ",,0,15.0,계량기보호통(실),계량기보호통,노후,,228.0,132,0.0,0 ,0 ,0 ,미등록,폐콘 0.1,2022-01-27,35.8815803,128.6696631
90,20220128-0031,01-28,동구 방촌동 1015-114,지하미누수,굴착확인 결과 미누수,"661,520 ","661,520 ",0 ,0 ,"8,080 ","10,610 ","9,860 ","2,310 ",930 ,"5,420 ",0,0,,,,,,227.0,124-2,,0 ,0 ,0 ,미등록,폐아 0.6,2022-01-28,35.8824447,128.6566618
91,20220128-0034,01-28,동구 방촌동 1015-78,지하공도,DTC D80x15㎜ 분기점 누수 수선,"455,570 ","455,570 ",0 ,0 ,"5,680 ","7,450 ","6,930 ","1,620 ",650 ,"3,810 ",0,0,15.0,부분기대,부분기대,노후,47.04,227.0,124-2,,0 ,0 ,0 ,미등록,,2022-01-28,35.8826902,128.6565809
92,20220128-0037,01-28,동구 방촌동 1015-44,지하사유지,D13 보호통 수선,"731,290 ","731,290 ",0 ,0 ,"8,810 ","11,550 ","10,730 ","2,520 ","1,010 ","5,900 ",0,0,15.0,계량기보호통(실),계량기보호통,노후,142.56,227.0,124-2,,0 ,0 ,0 ,미등록,폐콘 0.1,2022-01-28,35.8831077,128.6573004
93,20220128-0145,01-28,동구 송정동 246,지상공도,PE D50 접합부 수선완료(마을상수도),"876,430 ","876,430 ",0 ,0 ,"11,550 ","15,160 ","14,080 ","3,310 ","1,330 ","7,740 ",0,0,50.0,PE관,이형관,부식,1.1,201.0,54,0.0,0 ,0 ,0 ,미등록,폐아 0.3,2022-01-28,35.9867531,128.6221237
95,20220128-0205,01-28,동구 율암동 324,기타,D13 보호통 수선,"673,510 ","673,510 ",0 ,0 ,"7,830 ","10,270 ","9,540 ","2,240 ",900 ,"5,250 ",0,0,,,,,,233.0,228,,0 ,0 ,0 ,미등록,,2022-01-28,35.8780983,128.7048973
97,20220128-0413,01-28,동구 신천동 59-6,지상공도,STS D13mm 불용관 수선,"339,750 ","339,750 ",0 ,0 ,"4,760 ","6,240 ","5,800 ","1,360 ",540 ,"3,190 ",0,0,15.0,스텐레스관,이형관,노후,2,219.0,32,0.0,0 ,0 ,0 ,미등록,폐아 0.1,2022-01-28,35.8771014,128.6240927
1389,20211231-0447,01-01,동구 신무동 156-8,지상공도,D40 PE 불용관 수선,"1,297,840 ","1,297,840 ",0 ,0 ,"16,660 ","21,860 ","20,310 ","4,770 ","1,910 ","11,170 ",,0,40.0,PE관,직관,노후,1.72,201.0,307,,,,,미등록,폐아 0.7,2021-01-01,35.984194,128.674335
1390,20211231-0448,01-01,동구 용계동 394-16,지상공도,D150x25mm 분기점 수선완료,"3,034,910 ","2,796,910 ",0 ,"238,000 ","34,580 ","45,360 ","42,150 ","9,910 ","3,980 ","23,180 ",0,0,25.0,부분기대,부분기대,노후,4.58,226.0,135,0.0,0 ,0 ,0 ,미등록,폐아 0.8,2021-01-01,35.8775168,128.6844894
99,20220202-0099,02-02,동구 효목동 174-40,지상사유지,D13 계량기 보호통 수선,"767,920 ","767,920 ",0 ,0 ,"9,910 ","13,000 ","12,080 ","2,840 ","1,140 ","6,640 ",0,0,15.0,계량기보호통(실),계량기보호통,노후,,213.0,38,0.0,0 ,0 ,0 ,미등록,폐콘 0.1,2022-02-02,35.8813337,128.6453244
100,20220202-0114,02-02,동구 둔산동 1016,기타,미누수 외 8개소 현장출동(N=9),"399,690 ","399,690 ",0 ,0 ,"2,750 ","3,610 ","3,350 ",780 ,310 ,"1,840 ",,0,,,,,,226.0,102,,,,,미등록,,2022-02-02,35.8988455,128.6717611
101,20220203-0007,02-03,동구 신천동 787-8,지상사유지,D13 보호통 수선,"620,610 ","620,610 ",0 ,0 ,"7,170 ","9,410 ","8,750 ","2,050 ",820 ,"4,810 ",,0,15.0,계량기보호통(실),계량기보호통,노후,,220.0,48,0.0,0 ,0 ,0 ,미등록,폐콘 0.1,2022-02-03,35.8690835,128.618452
102,20220204-0057,02-04,동구 지저동 832-5,기타,D13 앵글밸브수선 외 7개소수선(N=8),"618,240 ","618,240 ",0 ,0 ,"6,930 ","9,090 ","8,450 ","1,980 ",790 ,"4,640 ",,0,,,,,,208.0,106-2,,0 ,0 ,0 ,미등록,,2022-02-04,35.8926384,128.638429
103,20220204-0171,02-04,동구 신천동 497-25,지상사유지,D13 앵글밸브 수선 후 보호통 수선,"557,300 ","557,300 ",0 ,0 ,"6,400 ","8,400 ","7,800 ","1,830 ",730 ,"4,290 ",,0,15.0,계량기보호통(실),계량기보호통,노후,,606.0,44-2,0.0,0 ,0 ,0 ,미등록,,2022-02-04,35.8735393,128.6312019
104,20220204-0433,02-04,동구 신평동 424-3,지상사유지,D13 보호통 수선,"659,210 ","659,210 ",0 ,0 ,"7,790 ","10,220 ","9,500 ","2,230 ",890 ,"5,220 ",0,0,15.0,계량기보호통(실),계량기보호통,노후,,226.0,133,0.0,0 ,0 ,0 ,미등록,폐콘 0.1,2022-02-04,35.888574,128.6792344
106,20220207-0431,02-07,동구 지저동 720-13,지상사유지,D13 보호통 수선,"742,870 ","742,870 ",0 ,0 ,"9,030 ","11,850 ","11,010 ","2,580 ","1,040 ","6,050 ",,0,15.0,계량기보호통(실),계량기보호통,노후,,208.0,99,0.0,0 ,0 ,0 ,미등록,폐콘 0.1,2022-02-07,35.8949795,128.6363416
107,20220207-0494,02-07,동구 괴전동 145-1,지하공도,D25mm 불용관수선,"431,430 ","431,430 ",0 ,0 ,"6,930 ","9,090 ","8,440 ","1,980 ",790 ,"4,640 ",0,0,25.0,PFP관,이형관,노후,426.24,235.0,237-1,,0 ,0 ,0 ,등록,,2022-02-07,35.8717773,128.7341967
109,20220207-0511,02-07,동구 방촌동 1050-71,지상공도,D200 직관부 수선,"6,999,370 ","4,707,470 ","306,900 ","1,985,000 ","55,480 ","71,430 ","67,190 ","18,340 ","6,800 ","36,510 ",,0,200.0,닥타일관,직관,부식,2.89,227.0,124-2,0.0,0 ,0 ,0 ,등록,,2022-02-07,35.8816158,128.6607611
111,20220208-0361,02-08,동구 입석동 893-17,지상공도,D80×25 분기점수선,"1,515,950 ","1,515,950 ",0 ,0 ,"18,730 ","24,580 ","22,830 ","5,370 ","2,150 ","12,560 ",0,0,25.0,부분기대,부분기대,노후,3.5,210.0,108-1,0.775,882 ,760 ,122 ,미등록,"폐콘 0.7, 폐아 0.2",2022-02-08,35.8897553,128.6499382
112,20220209-0008,02-09,동구 동호동 90-28,지상사유지,D13 앵글밸브 수헌 후 보호통 수선,"688,630 ","688,630 ",0 ,0 ,"8,160 ","10,710 ","9,950 ","2,330 ",940 ,"5,470 ",,0,15.0,계량기보호통(실),계량기보호통,노후,,233.0,257,0.0,0 ,0 ,0 ,미등록,,2022-02-09,35.86967,128.712378
113,20220209-0289,02-09,동구 효목동 471-11,지하공도,PFP D50x13 분기점 수선,"676,210 ","676,210 ",0 ,0 ,"9,570 ","12,560 ","11,670 ","2,740 ","1,100 ","6,420 ",0,0,15.0,부분기대,부분기대,노후,9.6,606.0,36,0.11,140 ,123 ,17 ,미등록,폐콘 0.4,2022-02-09,35.874399,128.6380187
117,20220210-0203,02-10,동구 신암동 775-2,지상사유지,D13 보호통 수선,"672,470 ","672,470 ",0 ,0 ,"7,990 ","10,480 ","9,740 ","2,290 ",920 ,"5,350 ",,0,15.0,계량기보호통(실),계량기보호통,노후,,211.0,6,0.0,0 ,0 ,0 ,미등록,폐콘 0.1,2022-02-10,35.8831347,128.6163969
118,20220210-0261,02-10,동구 지저동 838-9,기타,"유량계실 내부청소(소구역유량계실 N=9개소, 중구역유량계실 N=3개소, 감압변실 N=3개소 내부 청소)","324,300 ","324,300 ",0 ,0 ,0 ,0 ,0 ,0 ,0 ,0 ,0,0,,,,,,208.0,99,,0 ,0 ,0 ,미등록,,2022-02-10,35.8922799,128.6378607
119,20220210-0377,02-10,동구 미대동 292-1,지상사유지,D13 보호통 수선,"705,200 ","705,200 ",0 ,0 ,"7,980 ","10,470 ","9,730 ","2,280 ",910 ,"5,350 ",,0,15.0,계량기보호통(실),계량기보호통,노후,,201.0,300,0.0,0 ,0 ,0 ,미등록,폐콘 0.1,2022-02-10,35.9584773,128.6681503
121,20220211-0246,02-11,동구 괴전동 145-1,지상사유지,D13 보호통 수선,"791,380 ","791,380 ",0 ,0 ,"9,610 ","12,610 ","11,710 ","2,750 ","1,100 ","6,440 ",,0,15.0,계량기보호통(실),계량기보호통,노후,,235.0,237-1,0.0,0 ,0 ,0 ,미등록,폐콘 0.1,2022-02-11,35.8717773,128.7341967
123,20220214-0345,02-14,동구 효목동 212-8,지상사유지,D32 앵글밸브수선,"622,770 ","622,770 ",0 ,0 ,"6,660 ","8,750 ","8,130 ","1,910 ",760 ,"4,470 ",,0,32.0,계량기보호통(실),계량기보호통,노후,,214.0,28,,,,,미등록,,2022-02-14,35.8839437,128.6458447
124,20220214-0364,02-14,동구 신암동 219-1,지하사유지,D20 보호통 수선,"574,830 ","574,830 ",0 ,0 ,"6,720 ","8,820 ","8,190 ","1,920 ",770 ,"4,510 ",0,0,15.0,계량기보호통(실),계량기보호통,노후,97.2,217.0,18,,0 ,0 ,0 ,미등록,,2022-02-14,35.882885,128.6235396
125,20220215-0076,02-15,동구 괴전동 6-1 산,지상사유지,D25 직관부 수선 및 D50 지수전밸브 설치,"841,400 ","841,400 ",0 ,0 ,"7,640 ","10,020 ","9,310 ","2,180 ",880 ,"5,120 ",,0,25.0,스텐레스관,직관,노후,,230.0,210,,,,,미등록,,2022-02-15,35.8779056,128.7436015
126,20220215-0130,02-15,동구 신천동 346-16,지하공도,D50x13 분기점수선 2개소 및 D13 보호통 하부 수선,"1,011,220 ","1,011,220 ",0 ,0 ,"14,790 ","19,410 ","18,030 ","4,240 ","1,700 ","9,920 ",0,0,15.0,부분기대,부분기대,노후,"1,104",606.0,44-2,0.212,241 ,208 ,33 ,미등록,폐콘 0.66,2022-02-15,35.8697627,128.6293211
128,20220215-0262,02-15,동구 방촌동 1113-68,지하공도,D50x15 분기점 누수 수선,"641,670 ","641,670 ",0 ,0 ,"7,470 ","9,800 ","9,110 ","2,140 ",860 ,"5,010 ",0,0,15.0,스텐레스관,이형관,노후,205.2,227.0,138,,0 ,0 ,0 ,미등록,폐콘 0.1,2022-02-15,35.8783455,128.6716121
130,20220215-0264,02-15,동구 방촌동 857-145,지하공도,이음부 수선,"179,410 ","179,410 ",0 ,0 ,"2,450 ","3,220 ","2,990 ",700 ,280 ,"1,640 ",0,0,50.0,PFP관,이형관,노후,"1,104",226.0,133,0.009,10 ,9 ,1 ,미등록,,2022-02-15,35.8801245,128.6723742
132,20220216-0061,02-16,동구 효목동 175-11,지상사유지,D13mm 계량기 보호통 수선,"661,350 ","661,350 ",0 ,0 ,"8,150 ","10,700 ","9,940 ","2,330 ",930 ,"5,460 ",,0,15.0,계량기보호통(실),계량기보호통,노후,,213.0,38,0.0,0 ,0 ,0 ,미등록,폐콘 0.1,2022-02-16,35.8811413,128.644839
133,20220216-0063,02-16,동구 효목동 175-21,지상사유지,D13mm 계량기 보호통 수선,"574,830 ","574,830 ",0 ,0 ,"6,720 ","8,820 ","8,190 ","1,920 ",770 ,"4,510 ",,0,15.0,계량기보호통(실),계량기보호통,노후,,213.0,38,0.0,0 ,0 ,0 ,미등록,,2022-02-16,35.8811863,128.6447086
134,20220216-0065,02-16,동구 효목동 175-9,지상사유지,D13 보호통 수선,"561,500 ","561,500 ",0 ,0 ,"6,470 ","8,490 ","7,890 ","1,850 ",740 ,"4,340 ",,0,15.0,계량기보호통(실),계량기보호통,노후,,213.0,38,0.188,241 ,211 ,30 ,미등록,,2022-02-16,35.8813031,128.6449829
135,20220216-0322,02-16,동구 신암동 695-5,지하사유지,D13 보호통 수선,"616,960 ","616,960 ",0 ,0 ,"7,480 ","9,810 ","9,110 ","2,140 ",860 ,"5,010 ",0,0,15.0,계량기보호통(실),계량기보호통,노후,11.28,211.0,2,,0 ,0 ,0 ,등록,,2022-02-16,35.8873712,128.6173325
136,20220216-0367,02-16,동구 용계동 369-2,지상공도,DTC D150mm 직관부 누수 수선(보수형 클램프),"3,944,190 ","2,931,790 ","257,400 ","755,000 ","42,020 ","55,130 ","51,220 ","12,040 ","4,840 ","28,180 ",,0,150.0,닥타일관,직관,노후,416,226.0,224-1,0.525,670 ,588 ,82 ,미등록,,2022-02-16,35.8767969,128.6846772
137,20220217-0050,02-17,동구 검사동 743-56 (74),지상사유지,D13 앵글밸브 수선후 보호통 수선,"598,560 ","598,560 ",0 ,0 ,"6,820 ","8,950 ","8,320 ","1,950 ",780 ,"4,570 ",,0,15.0,계량기보호통(실),계량기보호통,노후,,210.0,108-1,0.0,0 ,0 ,0 ,미등록,,2022-02-17,35.8875345,128.661378
139,20220217-0165,02-17,동구 신평동 424-1,지상공도,"PE D40mm 접합부 수선 및 교체(STS D40m, L=10m)","2,227,320 ","2,227,320 ",0 ,0 ,"28,580 ","37,490 ","34,840 ","8,190 ","3,290 ","19,160 ",,0,40.0,PE관,직관,노후,10,226.0,116,0.008,10 ,9 ,1 ,미등록,폐콘 1.7,2022-02-17,35.8886564,128.6794495
140,20220217-0191,02-17,동구 신암동 208-13,지상사유지,D13 앵글밸브 수선 후 보호통 수선,"627,300 ","627,300 ",0 ,0 ,"7,710 ","10,110 ","9,400 ","2,210 ",880 ,"5,170 ",,0,15.0,계량기보호통(실),계량기보호통,노후,,217.0,18,0.0,0 ,0 ,0 ,미등록,,2022-02-17,35.8794907,128.6221122
141,20220218-0397,02-18,동구 방촌동 112-9,지상사유지,D13 보호통 수선,"611,910 ","611,910 ",0 ,0 ,"7,070 ","9,280 ","8,620 ","2,020 ",810 ,"4,740 ",,0,15.0,계량기보호통(실),계량기보호통,노후,,226.0,116,0.0,0 ,0 ,0 ,미등록,,2022-02-18,35.8927055,128.6767482
142,20220218-0398,02-18,동구 신천동 807-3,지상사유지,D13 보호통 수선,"616,960 ","616,960 ",0 ,0 ,"7,480 ","9,810 ","9,110 ","2,140 ",860 ,"5,010 ",,0,15.0,계량기보호통(실),계량기보호통,노후,,220.0,48,0.0,0 ,0 ,0 ,미등록,,2022-02-18,35.8693604,128.6165557
143,20220218-0399,02-18,동구 신천동 833-11,지상사유지,D13 보호통 수선,"579,010 ","579,010 ",0 ,0 ,"6,790 ","8,910 ","8,280 ","1,940 ",780 ,"4,550 ",0,0,15.0,계량기보호통(실),계량기보호통,노후,,220.0,48,0.0,0 ,0 ,0 ,미등록,,2022-02-18,35.8690423,128.6169275
144,20220218-0400,02-18,동구 신천동 807-21,지상사유지,D13 보호통 수선,"639,650 ","639,650 ",0 ,0 ,"7,760 ","10,180 ","9,460 ","2,220 ",890 ,"5,200 ",,0,15.0,계량기보호통(실),계량기보호통,노후,,220.0,48,0.0,0 ,0 ,0 ,미등록,폐콘 0.1,2022-02-18,35.8692134,128.6167
146,20220220-0003,02-20,동구 도학동 527,지상사유지,D13 접합부 수선,"327,590 ","327,590 ",0 ,0 ,"3,230 ","4,230 ","3,930 ",920 ,370 ,"2,160 ",0,0,15.0,스텐레스관,이형관,부식,,201.0,311,0.0,0 ,0 ,0 ,미등록,,2022-02-20,35.965853,128.7054296
148,20220221-0005,02-21,동구 부동 595-7,지상공도,D50x13 분기점 수선,"570,920 ","570,920 ",0 ,0 ,"7,020 ","9,210 ","8,560 ","2,010 ",800 ,"4,710 ",0,0,15.0,부분기대,부분기대,노후,2,225.0,110,0.0,0 ,0 ,0 ,미등록,,2022-02-21,35.894176,128.6823939
150,20220221-0074,02-21,동구 지저동 768-12,지상사유지,D13 보호통 수선,"645,510 ","645,510 ",0 ,0 ,"8,050 ","10,560 ","9,810 ","2,300 ",920 ,"5,400 ",,0,15.0,계량기보호통(실),계량기보호통,노후,,208.0,92,0.0,0 ,0 ,0 ,미등록,폐콘 0.1,2022-02-21,35.8950708,128.6374301
151,20220221-0120,02-21,동구 도학동 547,지상사유지,D13 보호통 수선,"693,870 ","693,870 ",0 ,0 ,"7,990 ","10,480 ","9,740 ","2,290 ",920 ,"5,350 ",,0,15.0,계량기보호통(실),계량기보호통,노후,,201.0,311,0.0,0 ,0 ,0 ,미등록,폐콘 0.07,2022-02-21,35.9660196,128.7055976
152,20220221-0139,02-21,동구 신기동 280-8,지상사유지,D13 앵글밸브 수선 후 보호통 수선,"689,690 ","689,690 ",0 ,0 ,"8,480 ","11,130 ","10,340 ","2,430 ",970 ,"5,690 ",,0,15.0,계량기보호통(실),계량기보호통,노후,,233.0,251,0.0,0 ,0 ,0 ,미등록,폐콘 0.04,2022-02-21,35.8710803,128.7043856
153,20220221-0274,02-21,동구 불로동 574-3,지상공도,D40x13 분기점 수선,"655,020 ","655,020 ",0 ,0 ,"7,030 ","9,230 ","8,570 ","2,010 ",800 ,"4,710 ",0,0,15.0,부분기대,부분기대,노후,0.88,205.0,80,0.133,151 ,130 ,21 ,미등록,페아 0.1,2022-02-21,35.9106036,128.6428344
157,20220221-0532,02-21,동구 부동 595,지상공도,D80 제수변 스핀들 수선,"429,590 ","429,590 ",0 ,0 ,"4,910 ","6,440 ","5,980 ","1,400 ",560 ,"3,290 ",0,0,15.0,변류,본체,볼트이완,0.58,213.0,24,0.11,140 ,123 ,17 ,미등록,폐아 0.1,2022-02-21,35.895054,128.68236
158,20220221-0607,02-21,동구 용계동 18-4,지하공도,D80 제수변 스핀들 수선,"476,680 ","476,680 ",0 ,0 ,"4,940 ","6,480 ","6,020 ","1,410 ",560 ,"3,310 ",0,0,80.0,변류,본체,노후,249.6,230.0,201,0.11,140 ,123 ,17 ,미등록,폐아 0.1,2022-02-21,35.8768082,128.6994064
159,20220221-0622,02-21,동구 효목동 174-27,지상사유지,D20 굴착확인(미누수),"185,690 ","185,690 ",0 ,0 ,"3,040 ","3,990 ","3,710 ",870 ,350 ,"2,040 ",0,0,20.0,스텐레스관,이형관,부식,,213.0,38,0.0,0 ,0 ,0 ,미등록,,2022-02-21,35.8814658,128.6455656
160,20220222-0005,02-22,동구 효목동 68-17,지상사유지,PFP32mm 접합부 누수수선,"1,548,810 ","1,548,810 ",0 ,0 ,"17,820 ","23,380 ","21,720 ","5,100 ","2,050 ","11,950 ",0,0,32.0,PFP관,이형관,노후,,213.0,24,0.063,81 ,71 ,10 ,미등록,폐아 0.4,2022-02-22,35.8858768,128.6378889
163,20220223-0011,02-23,동구 지저동 768-14,지상사유지,D13 보호통 수선,"694,240 ","694,240 ",0 ,0 ,"8,430 ","11,060 ","10,280 ","2,410 ",970 ,"5,650 ",,0,15.0,계량기보호통(실),계량기보호통,노후,,208.0,92,0.0,0 ,0 ,0 ,미등록,폐콘 0.1,2022-02-23,35.8951679,128.6373008
164,20220224-0289,02-24,동구 방촌동 925-16,지상사유지,D13mm 접합부 누수수선,"382,420 ","382,420 ",0 ,0 ,"4,370 ","5,740 ","5,330 ","1,250 ",500 ,"2,930 ",0,0,15.0,스텐레스관,이형관,부식,,228.0,125,0.008,10 ,9 ,1 ,미등록,,2022-02-24,35.883844,128.6644895
167,20220224-0477,02-24,동구 효목동 75-48,지하사유지,D13 보호통 수선,"622,110 ","622,110 ",0 ,0 ,"7,440 ","9,760 ","9,070 ","2,130 ",850 ,"4,990 ",0,0,15.0,계량기보호통(실),계량기보호통,노후,246.24,213.0,24,,0 ,0 ,0 ,미등록,폐콘 0.1,2022-02-24,35.8855411,128.639779
168,20220224-0519,02-24,동구 율암동 362-2,지상사유지,D13 보호통 수선,"736,010 ","736,010 ",0 ,0 ,"8,850 ","11,610 ","10,790 ","2,530 ","1,010 ","5,930 ",0,0,15.0,계량기보호통(실),계량기보호통,노후,,230.0,201,0.0,0 ,0 ,0 ,미등록,폐콘 0.1,2022-02-24,35.8769462,128.7051978
169,20220224-0520,02-24,동구 효목동 472-9,지상사유지,D13 보호통 수선,"605,380 ","605,380 ",0 ,0 ,"7,160 ","9,390 ","8,720 ","2,050 ",820 ,"4,800 ",0,0,15.0,계량기보호통(실),계량기보호통,노후,,606.0,36,0.0,0 ,0 ,0 ,미등록,폐콘 0.1,2022-02-24,35.874484,128.6381998
170,20220225-0044,02-25,동구 방촌동 867-5,지상사유지,D13 보호통 수선,"598,360 ","598,360 ",0 ,0 ,"6,750 ","8,860 ","8,230 ","1,930 ",770 ,"4,530 ",0,0,15.0,계량기보호통(실),계량기보호통,노후,,228.0,132,0.0,0 ,0 ,0 ,미등록,폐콘 0.06,2022-02-25,35.8815573,128.6686937
172,20220226-0062,02-26,동구 진인동 805-1,지상사유지,D13 접합부 수선,"487,630 ","487,630 ",0 ,0 ,"4,620 ","6,070 ","5,640 ","1,320 ",530 ,"3,100 ",,0,15.0,스텐레스관,직관,부식,,201.0,313,0.0,0 ,0 ,0 ,미등록,폐콘 0.1,2022-02-26,35.9554619,128.7122573
175,20220228-0298,02-28,동구 지묘동 1386,시설물수선,제수변 입상 3개소,"1,060,410 ","1,060,410 ",0 ,0 ,"9,480 ","12,440 ","11,560 ","2,710 ","1,090 ","6,360 ",0,0,,,,,,201.0,57,,0 ,0 ,0 ,미등록,,2022-02-28,35.9400292,128.63336
176,20220228-0303,02-28,동구 효목동 174-9,시설물수선,제수변 철개입상,"437,090 ","437,090 ",0 ,0 ,"4,880 ","6,400 ","5,950 ","1,390 ",560 ,"3,270 ",0,0,,,,,,213.0,38,0.11,140 ,123 ,17 ,미등록,폐아 0.1,2022-02-28,35.8816971,128.6449585
180,20220303-0008,03-03,동구 방촌동 125-11,지하미누수,현장확인(미누수),"174,750 ","174,750 ",0 ,0 ,"2,150 ","2,770 ","2,600 ",710 ,260 ,"1,410 ",0,0,,,,,,226.0,116,,0 ,0 ,0 ,미등록,폐콘 0.1,2022-03-03,35.8911856,128.6773594
181,20220303-0132,03-03,동구 백안동 467-18,기타,"현장출동(D13 계량기 설치 및 철거, N=7)","707,940 ","707,940 ",0 ,0 ,"8,020 ","10,320 ","9,710 ","2,650 ",980 ,"5,270 ",0,0,,,,,,201.0,309,,0 ,0 ,0 ,미등록,,2022-03-03,35.9559873,128.6921837
182,20220303-0419,03-03,동구 미대동 746-1,시설물수선,D25 게이트밸브 교체,"1,297,650 ","1,297,650 ",0 ,0 ,"18,530 ","23,860 ","22,440 ","6,120 ","2,270 ","12,190 ",0,0,,,,,,201.0,301,0.2,255 ,224 ,31 ,미등록,폐아 0.3,2022-03-03,35.9486169,128.6647221
184,20220303-0562,03-03,동구 방촌동 988-58,지하공도,D80x13 분기점 수선,"512,230 ","512,230 ",0 ,0 ,"7,370 ","9,490 ","8,930 ","2,430 ",900 ,"4,850 ",0,0,15.0,부분기대,부분기대,노후,208.32,228.0,123-2,,0 ,0 ,0 ,미등록,,2022-03-03,35.8846338,128.6616757
185,20220303-0601,03-03,동구 둔산동 481,지하공도,D13 연결부 수선,"336,510 ","336,510 ",0 ,0 ,"5,280 ","6,800 ","6,390 ","1,740 ",640 ,"3,470 ",,0,15.0,스텐레스관,이형관,부식,431.52,225.0,97,,,,,미등록,,2022-03-03,35.8999029,128.6828258
186,20220303-0604,03-03,동구 불로동 1199,지하공도,D25x15 분기점 수선,"384,690 ","384,690 ",0 ,0 ,"5,050 ","6,500 ","6,120 ","1,670 ",610 ,"3,320 ",0,0,32.0,부분기대,부분기대,노후,29.76,205.0,80,,0 ,0 ,0 ,미등록,,2022-03-03,35.9094695,128.6419531
188,20220304-0227,03-04,동구 지묘동 1345,배수관망유지수선,수계전환 작업완료,"7,615,790 ","7,615,790 ",0 ,0 ,"80,790 ","104,030 ","97,850 ","26,710 ","9,910 ","53,170 ",,0,,,,,,201.0,54,0.116,148 ,130 ,18 ,미등록,폐콘 1.4,2022-03-04,35.9421458,128.6281659
189,20220304-0352,03-04,동구 입석동 967-22,지상사유지,D13 계량기 보호통 수선,"596,550 ","500,950 ","95,600 ",0 ,"7,280 ","9,370 ","8,820 ","2,400 ",890 ,"4,790 ",,0,15.0,계량기보호통(실),계량기보호통,노후,,210.0,108-1,,,,,미등록,폐콘 0.1,2022-03-04,35.8934065,128.645684
190,20220305-0011,03-05,동구 숙천동 388 1201동,지상공도,D25 이음부 누수,"106,880 ","106,880 ",0 ,0 ,530 ,690 ,650 ,170 ,60 ,350 ,,0,25.0,스텐레스관,이형관,부식,3.92,230.0,210,,,,,미등록,,2022-03-05,35.8789326,128.7529412
191,20220307-0092,03-07,동구 미대동 680-1,지상공도,D80 제수변 스핀들 누수수선,"1,131,430 ","1,131,430 ",0 ,0 ,"16,300 ","20,990 ","19,740 ","5,390 ","2,000 ","10,730 ",0,0,80.0,변류,본체,노후,4.76,201.0,302,0.259,331 ,290 ,0 ,미등록,폐아 0.5,2022-03-07,35.9513881,128.6691276
192,20220307-0093,03-07,동구 효목동 75-31,기타,제수변 철개입상(N=3),"1,545,490 ","1,545,490 ",0 ,0 ,"23,010 ","29,830 ","27,870 ","7,600 ","2,820 ","15,140 ",0,0,,,,,,213.0,24,,0 ,0 ,0 ,미등록,폐아 0.8,2022-03-07,35.8850023,128.640432
194,20220307-0428,03-07,동구 효목동 504-9,지상공도,D80x13 분기점 수선,"1,232,180 ","1,232,180 ",0 ,0 ,"18,540 ","23,880 ","22,460 ","6,130 ","2,270 ","12,200 ",0,0,15.0,부분기대,부분기대,노후,0.56,606.0,36,0.282,360 ,316 ,0 ,미등록,폐아 0.6,2022-03-07,35.874171,128.6351397
196,20220307-0682,03-08,동구 신암동 608-37,기타,현장출동(N=8),"344,880 ","344,880 ",0 ,0 ,0 ,0 ,0 ,0 ,0 ,0 ,0,0,,,,,,211.0,7,,0 ,0 ,0 ,미등록,,2022-03-08,35.8848015,128.6203381
197,20220307-0683,03-08,동구 신암동 708-101,지하공도,D13mm 접합부 누수 수선,"343,590 ","343,590 ",0 ,0 ,"5,540 ","7,140 ","6,710 ","1,830 ",670 ,"3,650 ",0,0,15.0,스텐레스관,이형관,부식,348.48,211.0,2,,0 ,0 ,0 ,미등록,,2022-03-08,35.8853135,128.6161204
198,20220307-0684,03-08,동구 신암동 657-109,지하공도,PFP D40x13 분기점 누수수선,"424,290 ","424,290 ",0 ,0 ,"6,330 ","8,150 ","7,670 ","2,090 ",770 ,"4,160 ",0,0,15.0,부분기대,부분기대,노후,348.48,211.0,3,,0 ,0 ,0 ,미등록,,2022-03-08,35.888617,128.6187077
199,20220308-0109,03-08,동구 신암동 708-162,지하미누수,터파기결과 미누수,"181,980 ","181,980 ",0 ,0 ,"2,770 ","3,570 ","3,360 ",910 ,330 ,"1,820 ",0,0,,,,,,211.0,2,,0 ,0 ,0 ,미등록,,2022-03-08,35.8846715,128.6159999
201,20220308-0113,03-08,동구 신천동 379-7,지하사유지,D13 계량기 보호통 교체,"609,270 ","513,670 ","95,600 ",0 ,"7,810 ","10,060 ","9,460 ","2,580 ",950 ,"5,140 ",0,0,15.0,계량기보호통(실),계량기보호통,노후,259.2,222.0,34,,0 ,0 ,0 ,미등록,폐콘 0.0828,2022-03-08,35.8755324,128.6294393
202,20220308-0117,03-08,동구 신천동 530-4,지하공도,제수변 스핀들 수선,"370,730 ","370,730 ",0 ,0 ,"5,790 ","7,460 ","7,020 ","1,910 ",710 ,"3,810 ",0,0,200.0,변류,본체,볼트이완,225.12,220.0,40,,0 ,0 ,0 ,미등록,,2022-03-08,35.8746585,128.6167808
204,20220308-0212,03-08,동구 신암동 126-40,지상사유지,D13 계량기 보호통 수선,"653,350 ","557,750 ","95,600 ",0 ,"8,560 ","11,030 ","10,370 ","2,830 ","1,050 ","5,630 ",,0,15.0,계량기보호통(실),계량기보호통,노후,,209.0,1,,,,,미등록,폐콘 0.1150,2022-03-08,35.8869708,128.6319145
205,20220308-0283,03-08,동구 동호동 98-4,지하공도,D40x13 분기점 수선,"1,090,860 ","1,090,860 ",0 ,0 ,"14,800 ","19,050 ","17,920 ","4,890 ","1,810 ","9,740 ",0,0,40.0,PFP관,이형관,노후,787.92,233.0,258,,0 ,0 ,0 ,미등록,폐아 0.5,2022-03-08,35.8714231,128.7146803
206,20220308-0289,03-08,동구 중대동 261,지상사유지,D13 계량기 보호통 수선,"602,380 ","506,780 ","95,600 ",0 ,"6,990 ","9,010 ","8,470 ","2,310 ",850 ,"4,600 ",,0,15.0,계량기보호통(실),계량기보호통,노후,,201.0,54,,,,,미등록,,2022-03-08,35.9772506,128.6380983
207,20220308-0360,03-08,동구 검사동 756-269,지하공도,D150x13 분기점 누수수선,"273,100 ","273,100 ",0 ,0 ,"3,890 ","5,010 ","4,710 ","1,280 ",470 ,"2,560 ",0,0,15.0,부분기대,부분기대,노후,353.76,210.0,108-1,,0 ,0 ,0 ,미등록,,2022-03-08,35.8866875,128.6596729
208,20220308-0362,03-08,동구 평광동 1176-2,지하공도,D80 제수변 스핀들 누수수선,"928,620 ","928,620 ",0 ,0 ,"13,640 ","17,560 ","16,520 ","4,510 ","1,670 ","8,970 ",0,0,80.0,변류,본체,노후,"1,093.44",206.0,72,0.22,280 ,246 ,34 ,미등록,폐아 0.4,2022-03-08,35.9336417,128.6870962
210,20220310-0035,03-10,동구 불로동 1066-35,지상사유지,D13 계량기 보호통 수선,"532,330 ","436,730 ","95,600 ",0 ,"7,000 ","9,010 ","8,480 ","2,310 ",850 ,"4,610 ",,0,15.0,스텐레스관,이형관,부식,,208.0,99,,,,,미등록,폐콘 0.1,2022-03-10,35.8962994,128.6340914
211,20220310-0104,03-10,동구 용계동 984-1,지하공도,D40 지수전 누수수선,"877,920 ","877,920 ",0 ,0 ,"12,440 ","16,010 ","15,060 ","4,110 ","1,520 ","8,180 ",0,0,40.0,변류,본체,노후,"2,053.44",227.0,138,0.212,270 ,237 ,33 ,미등록,폐아 0.4,2022-03-10,35.8755393,128.6828936
212,20220310-0111,03-10,동구 효목동 515-1,지하공도,D100x25 분기점 폐쇄,"1,531,210 ","1,531,210 ",0 ,0 ,"23,030 ","29,650 ","27,890 ","7,610 ","2,820 ","15,150 ",0,0,25.0,부분기대,부분기대,노후,927.36,606.0,36,0.313,400 ,351 ,49 ,미등록,폐아 0.7,2022-03-10,35.8728829,128.6359855
213,20220311-0005,03-11,동구 신평동 95,지하사유지,D13 연결부 수선,"184,570 ","184,570 ",0 ,0 ,"2,390 ","3,080 ","2,890 ",790 ,290 ,"1,570 ",,0,15.0,계량기보호통(실),계량기보호통,노후,369.6,230.0,201,,,,,미등록,폐콘 0.1,2022-03-11,35.8838628,128.693916
218,20220312-0010,03-12,동구 부동 45-1,지상공도,D13 연결부 누수수선,"719,260 ","719,260 ",0 ,0 ,"11,020 ","14,190 ","13,350 ","3,640 ","1,350 ","7,250 ",0,0,15.0,스텐레스관,이형관,부식,3,226.0,121,0.0,0 ,0 ,0 ,미등록,,2022-03-12,35.8911757,128.6988203
221,20220314-0044,03-14,동구 용계동 397-2,지하공도,D100x13 분기점 수선,"1,595,390 ","1,595,390 ",0 ,0 ,"23,180 ","29,850 ","28,080 ","7,660 ","2,840 ","15,250 ",0,0,15.0,부분기대,부분기대,노후,385.44,226.0,224-1,0.321,410 ,360 ,50 ,미등록,폐아 0.7,2022-03-14,35.8778437,128.6825481
223,20220314-0206,03-14,동구 율하동 1471,지하공도,D200x20 분기점 수선,"875,870 ","875,870 ",0 ,0 ,"12,610 ","16,230 ","15,270 ","4,160 ","1,540 ","8,290 ",0,0,20.0,부분기대,부분기대,노후,683.28,233.0,276,,0 ,0 ,0 ,미등록,,2022-03-14,35.8642715,128.7024277
226,20220315-0305,03-15,동구 효목동 464-1,지하공도,STS D50 직선화,"998,830 ","998,830 ",0 ,0 ,"17,270 ","22,240 ","20,920 ","5,710 ","2,110 ","11,370 ",,0,50.0,스텐레스관,이형관,부식,"2,823.84",223.0,46-2,,0 ,0 ,0 ,미등록,,2022-03-15,35.8746254,128.6390284
227,20220316-0007,03-16,동구 지저동 726-2,지하사유지,D13 계량기 보호통 수선,"663,500 ","567,900 ","95,600 ",0 ,"8,330 ","10,720 ","10,090 ","2,750 ","1,020 ","5,480 ",,0,15.0,계량기보호통(실),계량기보호통,노후,396,208.0,99,,,,,미등록,폐콘 0.1,2022-03-16,35.894476,128.6354191
228,20220316-0008,03-16,동구 지저동 783-9,지하사유지,D13 보호통 수선,"505,860 ","410,260 ","95,600 ",0 ,"6,500 ","8,370 ","7,880 ","2,150 ",790 ,"4,280 ",0,0,15.0,계량기보호통(실),계량기보호통,노후,162,208.0,106-2,,0 ,0 ,0 ,등록,폐콘 0.1,2022-03-16,35.894433,128.6397522
229,20220316-0009,03-16,동구 지저동 682-35,지하사유지,D13 보호통 수선,"653,520 ","557,920 ","95,600 ",0 ,"8,180 ","10,540 ","9,910 ","2,700 ","1,000 ","5,380 ",,0,15.0,계량기보호통(실),계량기보호통,노후,396,208.0,106-2,,,,,미등록,폐콘 0.1,2022-03-16,35.8954706,128.6399916
230,20220316-0010,03-16,동구 신천동 138-1,지하공도,D40x20 분기점 수선,"986,480 ","986,480 ",0 ,0 ,"14,220 ","18,310 ","17,220 ","4,700 ","1,740 ","9,350 ",0,0,25.0,스텐레스관,이형관,노후,"5,040",221.0,42,,0 ,0 ,0 ,미등록,폐아 0.5,2022-03-16,35.868378,128.6255552
231,20220316-0011,03-16,동구 신천동 144-11,지하미누수,굴착확인(미누수),"943,750 ","943,750 ",0 ,0 ,"13,880 ","17,870 ","16,810 ","4,590 ","1,700 ","9,130 ",0,0,,,,,,221.0,41,0.243,310 ,272 ,38 ,미등록,폐아0.5,2022-03-16,35.868208,128.6257899
233,20220316-0097,03-16,동구 신서동 626-57,지하사유지,D13 보호통 수선,"643,430 ","547,830 ","95,600 ",0 ,"7,680 ","9,890 ","9,300 ","2,540 ",940 ,"5,050 ",,0,15.0,계량기보호통(실),계량기보호통,노후,324,235.0,260-1,,0 ,0 ,0 ,미등록,폐콘 0.0736,2022-03-16,35.8694122,128.7246299
234,20220317-0005,03-17,동구 방촌동 114-5,지상사유지,D13 보호통 수선,"553,510 ","457,910 ","95,600 ",0 ,"6,570 ","8,460 ","7,960 ","2,170 ",800 ,"4,320 ",,0,15.0,계량기보호통(실),계량기보호통,부식,,226.0,116,,,,,미등록,,2022-03-17,35.89263,128.6768901
235,20220317-0095,03-17,동구 방촌동 1072-41,지하공도,D13mm 접합부 누수수선,"387,430 ","387,430 ",0 ,0 ,"4,690 ","6,040 ","5,680 ","1,550 ",570 ,"3,090 ",0,0,15.0,스텐레스관,이형관,노후,164.16,227.0,124-2,,0 ,0 ,0 ,미등록,,2022-03-17,35.8814413,128.6626106
236,20220318-0269,03-18,동구 불로동 1074-4,지하사유지,D13 계량기 보호통 수선,"676,670 ","581,070 ","95,600 ",0 ,"8,600 ","11,070 ","10,410 ","2,840 ","1,050 ","5,660 ",,0,15.0,계량기보호통(실),계량기보호통,노후,166.32,208.0,92,,,,,미등록,폐콘 0.115,2022-03-18,35.8967116,128.6349193
237,20220318-0271,03-18,동구 지저동 704-8,지하사유지,D13 보호통 교체,"632,660 ","537,060 ","95,600 ",0 ,"7,850 ","10,110 ","9,510 ","2,590 ",960 ,"5,160 ",,0,15.0,계량기보호통(실),계량기보호통,노후,166.32,208.0,92,,,,,미등록,폐콘 0.0828,2022-03-18,35.897363,128.6373038
239,20220321-0173,03-21,동구 신평동 777-5,지상사유지,D13 보호통 연결부 수선,"178,670 ","178,670 ",0 ,0 ,"2,360 ","3,040 ","2,860 ",780 ,280 ,"1,550 ",,0,15.0,스텐레스관,이형관,부식,,226.0,133,,,,,미등록,폐콘 0.07,2022-03-21,35.877863,128.6770393
240,20220321-0188,03-21,동구 신암동 144-7,지하공도,D50*13mm 분기점 누수수선,"709,870 ","709,870 ",0 ,0 ,"11,630 ","14,970 ","14,080 ","3,840 ","1,420 ","7,650 ",0,0,15.0,부분기대,부분기대,노후,"3,052.8",212.0,5,,0 ,0 ,0 ,미등록,,2022-03-21,35.886227,128.628971
241,20220321-0307,03-21,동구 효목동 1003,지상사유지,D13 계량기 보호통 수선,"603,950 ","508,350 ","95,600 ",0 ,"7,920 ","10,200 ","9,590 ","2,620 ",970 ,"5,210 ",0,0,15.0,계량기보호통(실),계량기보호통,노후,,214.0,128,0.0,0 ,0 ,0 ,미등록,,2022-03-21,35.8808754,128.6486756
242,20220321-0448,03-21,동구 대림동 641,지하공도,D25 연결부 누수수선,"385,160 ","385,160 ",0 ,0 ,"4,330 ","5,570 ","5,240 ","1,430 ",530 ,"2,850 ",,0,25.0,스텐레스관,이형관,부식,537.6,236.0,270,,,,,미등록,,2022-03-21,35.8662028,128.750342
244,20220322-0353,03-22,동구 지저동 724-7,지하사유지,D13 계량기 보호통 수선,"653,920 ","558,320 ","95,600 ",0 ,"9,140 ","11,780 ","11,080 ","3,020 ","1,120 ","6,020 ",,0,15.0,계량기보호통(실),계량기보호통,노후,422.4,208.0,99,,,,,미등록,폐콘 0.1,2022-03-22,35.8948442,128.6355545
248,20220323-0518,03-23,동구 불로동 1000-57,지하공도,D80 제수변 스핀들 누수수선,"676,820 ","676,820 ",0 ,0 ,"9,780 ","12,600 ","11,850 ","3,230 ","1,200 ","6,440 ",0,0,80.0,변류,본체,노후,"1,338.24",208.0,92,,0 ,0 ,0 ,미등록,폐아 0.3,2022-03-23,35.8985124,128.6333321
249,20220324-0009,03-24,동구 지묘동 269-1,지상공도,D150 DTC 플랜지조임,"239,740 ","239,740 ",0 ,0 ,"3,250 ","4,190 ","3,940 ","1,070 ",390 ,"2,140 ",,0,150.0,변류,본체,노후,199.5,201.0,58,,,,,미등록,,2022-03-24,35.9401185,128.6441649
250,20220324-0025,03-24,동구 평광동 182,지상공도,D25 이음부 누수수선,"302,250 ","302,250 ",0 ,0 ,"4,210 ","5,420 ","5,100 ","1,390 ",510 ,"2,770 ",0,0,25.0,HIVP,이형관,접합부이완,4.48,206.0,72,0.0,0 ,0 ,0 ,미등록,,2022-03-24,35.9344384,128.7143706
252,20220324-0185,03-24,동구 내곡동 87,지하공도,D13 이음부 누수수선,"293,760 ","293,760 ",0 ,0 ,740 ,950 ,900 ,240 ,90 ,480 ,,0,15.0,스텐레스관,이형관,노후,438.24,236.0,211,,0 ,0 ,0 ,미등록,,2022-03-24,35.8888846,128.7588298
255,20220324-0479,03-24,동구 방촌동 114-5,지상사유지,현장출동(미누수),"494,470 ","494,470 ",0 ,0 ,"8,370 ","10,780 ","10,140 ","2,770 ","1,020 ","5,510 ",0,0,15.0,기타,기타,기타,,226.0,116,0.0,0 ,0 ,0 ,미등록,미누수,2022-03-24,35.89263,128.6768901
257,20220325-0235,03-25,동구 방촌동 114-8,지하공도,D50x13 분기점 수선,"389,190 ","389,190 ",0 ,0 ,"4,740 ","6,110 ","5,740 ","1,560 ",580 ,"3,120 ",0,0,15.0,부분기대,부분기대,노후,181.44,226.0,116,0.116,148 ,130 ,18 ,미등록,폐콘 0.2,2022-03-25,35.8927241,128.6764016
260,20220328-0091,03-28,동구 신암동 695-5,지상사유지,D13 계량기 연결부 수선,"701,150 ","701,150 ",0 ,0 ,"12,420 ","15,990 ","15,040 ","4,100 ","1,520 ","8,170 ",,0,15.0,스텐레스관,이형관,부식,,211.0,2,,,,,미등록,,2022-03-28,35.8873712,128.6173325
262,20220328-0096,03-28,동구 부동 612,지하공도,D50 지수전 누수수선,"244,260 ","244,260 ",0 ,0 ,"3,510 ","4,520 ","4,250 ","1,160 ",430 ,"2,310 ",,0,50.0,스텐레스관,이형관,부식,250.56,225.0,110,,,,,등록,,2022-03-28,35.8939598,128.6823508
263,20220328-0101,03-28,동구 용계동 398-8,지하사유지,D13 계량기 보호통 수선,"755,210 ","659,610 ","95,600 ",0 ,"9,570 ","12,330 ","11,590 ","3,160 ","1,170 ","6,300 ",,0,15.0,계량기보호통(실),계량기보호통,노후,271.44,226.0,224-1,,,,,미등록,폐콘 0.1,2022-03-28,35.8776473,128.6819441
264,20220328-0103,03-28,동구 방촌동 857-55,지하공도,D200x25 분기점 누수수선,"417,620 ","417,620 ",0 ,0 ,"6,290 ","8,100 ","7,620 ","2,080 ",770 ,"4,140 ",0,0,25.0,부분기대,부분기대,노후,144.48,226.0,133,,0 ,0 ,0 ,등록,,2022-03-28,35.8795604,128.6713707
265,20220328-0106,03-28,동구 효목동 120-65,지하사유지,D13 보호통 수선,"577,830 ","482,230 ","95,600 ",0 ,"7,280 ","9,370 ","8,820 ","2,400 ",890 ,"4,790 ",,0,15.0,계량기보호통(실),계량기보호통,노후,187.92,213.0,24,,,,,미등록,폐콘 0.1,2022-03-28,35.8827863,128.6419837
266,20220328-0111,03-28,동구 효목동 74-3,지하사유지,D13 계량기 연결부 수선,"167,490 ","167,490 ",0 ,0 ,"2,240 ","2,890 ","2,710 ",740 ,270 ,"1,470 ",,0,15.0,스텐레스관,직관,부식,187.92,213.0,24,,,,,미등록,폐콘 0.1,2022-03-28,35.8848511,128.6398004
267,20220328-0115,03-28,동구 효목동 54-44,지하공도,D80x13 분기점 누수 수선,"644,090 ","644,090 ",0 ,0 ,"9,910 ","12,770 ","12,010 ","3,270 ","1,210 ","6,520 ",0,0,15.0,부분기대,부분기대,노후,459.36,213.0,24,,0 ,0 ,0 ,등록,,2022-03-28,35.8835588,128.6381595
268,20220328-0188,03-28,동구 방촌동 1119-119 건설관리본부,지상사유지,D13 계량기 보호통 수선,"471,980 ","376,380 ","95,600 ",0 ,"6,790 ","8,740 ","8,220 ","2,240 ",830 ,"4,460 ",,0,15.0,계량기보호통(실),계량기보호통,노후,,231.0,139,,,,,미등록,폐콘 0.1,2022-03-28,35.8753137,128.6735691
269,20220328-0268,03-28,동구 송정동 268-1,지상공도,D40 PE관 연결부 누수수선,"1,140,750 ","374,750 ",0 ,"766,000 ","5,020 ","6,470 ","6,090 ","1,660 ",610 ,"3,300 ",,0,40.0,PE관,이형관,노후,4.96,201.0,54,0.212,270 ,237 ,33 ,등록,폐아 0.4,2022-03-28,35.9874193,128.6238747
271,20220328-0495,03-28,동구 방촌동 1050-54,지하공도,D25x13 분기점 누수수선,"488,710 ","488,710 ",0 ,0 ,"6,250 ","8,040 ","7,570 ","2,060 ",760 ,"4,110 ",0,0,25.0,스텐레스관,이형관,노후,918.72,227.0,124-2,,0 ,0 ,0 ,등록,폐콘 0.04,2022-03-28,35.8829677,128.6579032
272,20220329-0042,03-29,동구 검사동 756-358,지상사유지,D13 계량기 보호통 수선,"464,880 ","369,280 ","95,600 ",0 ,"5,950 ","7,660 ","7,200 ","1,960 ",730 ,"3,910 ",,0,15.0,계량기보호통(실),계량기보호통,노후,,210.0,108-1,,,,,미등록,폐콘 0.05,2022-03-29,35.8858396,128.6587488
275,20220330-0507,03-30,동구 방촌동 1084-304,지하사유지,D13 보호통 누수수선,"640,350 ","544,750 ","95,600 ",0 ,"7,990 ","10,280 ","9,670 ","2,640 ",980 ,"5,250 ",,0,15.0,계량기보호통(실),계량기보호통,노후,469.92,227.0,124-2,,,,,미등록,폐콘 0.1,2022-03-30,35.878202,128.664487
276,20220330-0509,03-30,동구 방촌동 1084-329,지하사유지,D40 계량기 보호통 수선,"816,800 ","816,800 ",0 ,0 ,"12,970 ","16,700 ","15,710 ","4,280 ","1,590 ","8,530 ",,0,40.0,계량기보호통(실),계량기보호통,노후,"2,648.64",227.0,124-2,,,,,미등록,폐콘 0.1,2022-03-30,35.8785327,128.6658029
279,20220331-0322,03-31,동구 방촌동 1014-16,지상사유지,D13 보호통 수선,"753,510 ","657,910 ","95,600 ",0 ,"9,960 ","12,830 ","12,070 ","3,290 ","1,220 ","6,560 ",,0,15.0,계량기보호통(실),계량기보호통,노후,,227.0,124-2,,,,,미등록,폐콘 0.1,2022-03-31,35.8833074,128.658326
193,20220307-0095,03-07,동구 둔산동 1070-108,기타,현장출동(N=16),"967,040 ","967,040 ",0 ,0 ,"4,040 ","5,200 ","4,890 ","1,330 ",490 ,"2,650 ",,0,,,,,,225.0,105,,,,,미등록,,2022-03-07,35.8986316,128.6841919
261,20220328-0095,03-28,동구 용계동 361-4,지하공도,D150x13 분기점 누수 수선,"1,705,420 ","973,420 ",0 ,"732,000 ","13,040 ","16,780 ","15,790 ","4,310 ","1,600 ","8,580 ",0,0,15.0,부분기대,부분기대,노후,491.04,226.0,224-1,0.259,331 ,290 ,41 ,등록,"폐콘 1.14, 폐아 0.58",2022-03-28,35.8780363,128.6847523
277,20220330-0510,03-30,동구 방촌동 1084-146,지하사유지,D13 계량기보호통 수선,"609,590 ","513,990 ","95,600 ",0 ,"8,210 ","10,570 ","9,940 ","2,710 ","1,000 ","5,400 ",,0,15.0,계량기보호통(실),계량기보호통,노후,480.48,227.0,124-2,,,,,미등록,폐콘 0.1,2022-03-30,35.8789918,128.6657118
281,20220401-0176,04-01,동구 신암동 259-33,지상공도,현장확인(미누수),"137,620 ","137,620 ",0 ,0 ,"1,940 ","2,500 ","2,350 ",640 ,230 ,"1,280 ",0,0,100.0,기타,기타,기타,0,212.0,20,0.0,0 ,0 ,0 ,미등록,,2022-04-01,35.880836,128.6270408
282,20220401-0614,04-04,동구 방촌동 1050-71,지하공도,D200mm 직관부 수선(클램프),"6,999,370 ","4,707,470 ","306,900 ","1,985,000 ","55,480 ","71,430 ","67,190 ","18,340 ","6,800 ","36,510 ",,0,200.0,닥타일관,이형관,부식,"14,385.6",227.0,124-2,1.159,"1,480 ","1,298 ",182 ,등록,폐아 5.1,2022-04-04,35.8816158,128.6607611
283,20220402-0003,04-02,동구 효목동 959-5,지상사유지,D13 계량기 보호통 수선,"1,074,540 ","978,940 ","95,600 ",0 ,"14,510 ","18,690 ","17,580 ","4,800 ","1,780 ","9,550 ",,0,15.0,계량기보호통(실),계량기보호통,부식,,213.0,24,0.18,230 ,202 ,0 ,미등록,"폐아 0.47, 폐콘 0.04",2022-04-02,35.8849593,128.6351199
285,20220403-0003,04-03,동구 평광동 1112,지상공도,PE D40 직관부 누수수선,"1,902,410 ","1,902,410 ",0 ,0 ,"25,850 ","33,280 ","31,300 ","8,540 ","3,170 ","17,010 ",,0,40.0,PE관,직관,노후,50,206.0,72,0.376,480 ,421 ,59 ,등록,폐아 0.8,2022-04-03,35.9323349,128.6892218
286,20220404-0443,04-04,동구 효목동 438-8,기타,앵글밸브 및 접합부 누수수선(N=8),"1,031,340 ","1,031,340 ",0 ,0 ,"11,450 ","14,750 ","13,870 ","3,780 ","1,400 ","7,540 ",0,0,,,,,,223.0,46-2,,0 ,0 ,0 ,미등록,,2022-04-04,35.8757942,128.6381481
291,20220404-0554,04-04,동구 효목동 959-6,지하사유지,D13 계량기 보호통 수선,"685,050 ","589,450 ","95,600 ",0 ,"9,150 ","11,780 ","11,080 ","3,020 ","1,120 ","6,020 ",,0,15.0,계량기보호통(실),계량기보호통,노후,501.6,213.0,24,,,,,미등록,폐콘 0.1,2022-04-04,35.8848894,128.6352241
292,20220404-0555,04-04,동구 신암동 634-14,지하공도,D150x20 분기점 누수 수선,"516,950 ","516,950 ",0 ,0 ,"7,150 ","9,210 ","8,660 ","2,360 ",870 ,"4,700 ",0,0,20.0,부분기대,부분기대,노후,889.2,211.0,7,,0 ,0 ,0 ,등록,,2022-04-04,35.8856273,128.6199414
293,20220405-0038,04-05,동구 각산동 301-1,지상공도,D25 인입선 누수수선,"221,920 ","221,920 ",0 ,0 ,"1,440 ","1,860 ","1,750 ",470 ,170 ,950 ,,0,25.0,스텐레스관,이형관,타공사손괴,7,235.0,259-1,0.0,0 ,0 ,0 ,미등록,,2022-04-05,35.8679787,128.7188461
295,20220405-0126,04-05,동구 지저동 682-30,지상공도,PFP D50x15 분기점 누수 수선,"245,900 ","245,900 ",0 ,0 ,"2,370 ","3,050 ","2,870 ",780 ,290 ,"1,560 ",0,0,15.0,부분기대,부분기대,노후,0.88,208.0,106-2,0.0,0 ,0 ,0 ,등록,,2022-04-05,35.895723,128.6397757
296,20220405-0131,04-05,동구 신암동 213-12,지하공도,D150 분기점 누수수선,"2,004,350 ","2,004,350 ",0 ,0 ,"29,060 ","37,410 ","35,190 ","9,600 ","3,560 ","19,120 ",0,0,150.0,닥타일관,이형관,노후,"1,573.2",217.0,18,0.361,461 ,404 ,57 ,등록,폐아 0.9,2022-04-05,35.8811359,128.6199132
297,20220405-0233,04-05,동구 효목동 212-248,지상공도,D25 연결부 수선,"62,120 ","62,120 ",0 ,0 ,660 ,850 ,800 ,220 ,80 ,430 ,,0,25.0,스텐레스관,이형관,타공사손괴,9,214.0,28,0.0,0 ,0 ,0 ,등록,,2022-04-05,35.8829199,128.646892
298,20220405-0380,04-05,동구 방촌동 1119-108,기타,"PFP D40, L=500m 관폐쇄 및 신규 급수관 설치완료","7,154,540 ","7,128,620 ","25,920 ",0 ,"96,020 ","123,630 ","116,290 ","31,740 ","11,780 ","63,190 ",,0,,,,,,231.0,139,,0 ,0 ,0 ,미등록,"폐콘 5.39, 폐아 4.12",2022-04-05,35.8748964,128.6699659
300,20220406-0034,04-06,동구 효목동 413-3,지상사유지,D13 앵글밸브 누수수선,"616,530 ","520,930 ","95,600 ",0 ,"7,850 ","10,100 ","9,500 ","2,590 ",960 ,"5,160 ",,0,15.0,계량기보호통(실),계량기보호통,노후,,606.0,36,,,,,미등록,폐콘 0.1,2022-04-06,35.8768975,128.6351895
301,20220406-0195,04-06,동구 효목동 442-2,지상사유지,D13 계량기 보호통 수선,"518,290 ","422,690 ","95,600 ",0 ,"6,310 ","8,130 ","7,640 ","2,080 ",770 ,"4,150 ",,0,15.0,계량기보호통(실),계량기보호통,노후,,223.0,46-2,,,,,미등록,,2022-04-06,35.8761658,128.6385154
302,20220406-0401,04-06,동구 서호동 89-32,지상공도,D80x13 분기점 누수 수선,"711,090 ","711,090 ",0 ,0 ,"11,570 ","14,900 ","14,010 ","3,820 ","1,410 ","7,610 ",0,0,15.0,부분기대,부분기대,노후,4.84,233.0,257,0.0,0 ,0 ,0 ,등록,,2022-04-06,35.8698133,128.7093028
304,20220407-0234,04-07,동구 효목동 403-4,지상공도,D150x13 분기점 누수수선,"911,010 ","911,010 ",0 ,0 ,"12,380 ","15,950 ","15,000 ","4,090 ","1,510 ","8,150 ",0,0,15.0,부분기대,부분기대,부식,0.88,606.0,36,0.329,420 ,368 ,0 ,등록,폐아 0.5,2022-04-07,35.8763215,128.6345117
306,20220408-0112,04-08,동구 효목동 381-16,지상사유지,D13 계량기 보호통 수선,"655,160 ","559,560 ","95,600 ",0 ,"8,600 ","11,070 ","10,410 ","2,840 ","1,050 ","5,660 ",,0,15.0,계량기보호통(실),계량기보호통,노후,,223.0,37,,,,,미등록,폐콘 0.1,2022-04-08,35.8793255,128.6365291
311,20220411-0193,04-11,동구 신천동 187-3,지하공도,D150x25 분기점 누수수선,"258,690 ","258,690 ",0 ,0 ,"4,210 ","5,420 ","5,100 ","1,390 ",510 ,"2,770 ",0,0,25.0,부분기대,부분기대,노후,"1,357.44",221.0,41,,0 ,0 ,0 ,등록,,2022-04-11,35.8723747,128.622063
313,20220411-0215,04-11,동구 율하동 923-1,지상사유지,D20 보호통 수선,"822,090 ","694,090 ","128,000 ",0 ,"10,090 ","12,990 ","12,220 ","3,330 ","1,230 ","6,640 ",,0,20.0,계량기보호통(실),계량기보호통,노후,,233.0,255,0.0,0 ,0 ,0 ,미등록,폐콘 0.1,2022-04-11,35.8698217,128.6991253
314,20220411-0351,04-11,동구 신암동 607-11,기타,Φ648 배기변 철개 수선,"1,034,680 ","725,280 ","309,400 ",0 ,"9,660 ","12,440 ","11,700 ","3,190 ","1,180 ","6,350 ",0,0,,,,,,211.0,8,,0 ,0 ,0 ,미등록,폐아 0.45,2022-04-11,35.884249,128.619232
316,20220412-0313,04-12,동구 방촌동 1051-2,지하공도,D200 접합부 누수 수선,"8,387,140 ","4,103,140 ",0 ,"4,284,000 ","40,360 ","51,960 ","48,880 ","13,340 ","4,950 ","26,560 ",,0,200.0,닥타일관,직관,부식,"1,864.8",227.0,124-2,1.23,"1,571 ","1,378 ",193 ,등록,폐아 5.64,2022-04-12,35.8825198,128.6596844
317,20220414-0046,04-14,동구 신천동 72-5,지상공도,D80x40mm 분기점 누수수선,"371,180 ","371,180 ",0 ,0 ,"5,840 ","7,510 ","7,070 ","1,930 ",710 ,"3,840 ",0,0,40.0,부분기대,부분기대,노후,2,219.0,30,0.0,0 ,0 ,0 ,등록,,2022-04-14,35.8764402,128.6245095
319,20220414-0172,04-14,동구 용계동 88-1 102동,기타,D80 이토변 설치,"2,240,810 ","1,701,310 ","243,500 ","296,000 ","12,690 ","16,340 ","15,370 ","4,190 ","1,550 ","8,350 ",0,0,,,,,,232.0,225,0.399,510 ,447 ,63 ,미등록,"폐콘 1.93, 폐아 0.98",2022-04-14,35.8763662,128.6979732
320,20220414-0216,04-14,동구 신암동 803-17,지하사유지,D13 계량기 보호통 수선,"599,340 ","503,740 ","95,600 ",0 ,"7,630 ","9,820 ","9,240 ","2,520 ",930 ,"5,020 ",,0,15.0,계량기보호통(실),계량기보호통,노후,554.4,211.0,6,,,,,미등록,폐콘 0.1,2022-04-14,35.8819469,128.615409
321,20220414-0217,04-14,동구 신암동 777-4,지하사유지,D13 계량기 보호통 수선,"680,570 ","584,970 ","95,600 ",0 ,"9,010 ","11,600 ","10,910 ","2,980 ","1,100 ","5,930 ",,0,15.0,계량기보호통(실),계량기보호통,노후,554.4,211.0,6,,,,,미등록,폐콘 0.1,2022-04-14,35.8829873,128.6165533
322,20220414-0218,04-14,동구 둔산동 221-3,지하공도,미누수(터파기확인),"1,792,180 ","1,696,580 ","95,600 ",0 ,"24,680 ","31,770 ","29,890 ","8,150 ","3,020 ","16,240 ",0,0,15.0,기타,기타,기타,554.4,225.0,98,0.266,340 ,298 ,42 ,미등록,"폐콘 1.09, 폐아 0.26",2022-04-14,35.8997606,128.687124
323,20220414-0219,04-14,동구 신암동 657-138,지하사유지,D13 계량기 보호통 수선,"621,280 ","525,680 ","95,600 ",0 ,"8,040 ","10,350 ","9,740 ","2,650 ",980 ,"5,290 ",0,0,15.0,계량기보호통(실),계량기보호통,노후,549.12,211.0,3,,0 ,0 ,0 ,미등록,폐콘 0.1,2022-04-14,35.8876224,128.6187798
330,20220418-0004,04-18,동구 방촌동 1015-34,지상공도,D100x13 분기점 누수수선,"1,217,200 ","1,217,200 ",0 ,0 ,"17,580 ","22,640 ","21,290 ","5,810 ","2,150 ","11,570 ",0,0,15.0,부분기대,부분기대,노후,1.76,227.0,124-2,0.164,210 ,184 ,0 ,등록,폐아 0.4,2022-04-18,35.8833466,128.657692
334,20220419-0019,04-19,동구 신암동 694-25,지하공도,D13 폐쇄(캡설치),"177,980 ","177,980 ",0 ,0 ,"2,670 ","3,440 ","3,230 ",880 ,320 ,"1,750 ",,0,15.0,스텐레스관,이형관,부식,580.8,211.0,2,,,,,미등록,,2022-04-19,35.8877021,128.6176432
335,20220419-0020,04-19,동구 신암동 694-30,지하공도,D13 폐쇄(캡설치),"141,820 ","141,820 ",0 ,0 ,"1,980 ","2,550 ","2,400 ",650 ,240 ,"1,300 ",0,0,15.0,스텐레스관,이형관,부식,575.52,211.0,2,,0 ,0 ,0 ,미등록,,2022-04-19,35.8876367,128.6175011
336,20220419-0022,04-19,동구 신암동 694-29,지하공도,D13 폐쇄(캡설치),"177,980 ","177,980 ",0 ,0 ,"2,670 ","3,440 ","3,230 ",880 ,320 ,"1,750 ",0,0,15.0,스텐레스관,이형관,부식,580.8,211.0,2,,0 ,0 ,0 ,미등록,,2022-04-19,35.8875571,128.6175469
338,20220419-0027,04-19,동구 신암동 657-49,지하공도,D13 접합부 누수수선(관폐쇄),"119,740 ","119,740 ",0 ,0 ,"1,630 ","2,100 ","1,970 ",540 ,200 ,"1,070 ",,0,15.0,스텐레스관,이형관,부식,575.52,211.0,2,,,,,미등록,,2022-04-19,35.8880271,128.6177819
339,20220420-0016,04-20,동구 송정동 302,지상공도,D50 HIVP 누수수선,"1,429,470 ","1,429,470 ",0 ,0 ,"20,820 ","26,810 ","25,220 ","6,880 ","2,550 ","13,700 ",,0,50.0,스텐레스관,이형관,부식,7.95,201.0,54,0.0,0 ,0 ,0 ,등록,폐아 0.7,2022-04-20,35.9876554,128.6227384
340,20220420-0086,04-20,동구 효목동 89-16,지상사유지,D13 보호통 수선,"621,280 ","525,680 ","95,600 ",0 ,"8,040 ","10,350 ","9,740 ","2,650 ",980 ,"5,290 ",,0,15.0,계량기보호통(실),계량기보호통,노후,,213.0,26,,,,,미등록,폐콘 0.1,2022-04-20,35.8850458,128.6422184
343,20220421-0136,04-21,동구 부동 296-1,지하사유지,D13 계량기 보호통 수선,"657,400 ","561,800 ","95,600 ",0 ,"8,260 ","10,640 ","10,000 ","2,730 ","1,010 ","5,430 ",,0,15.0,계량기보호통(실),계량기보호통,노후,586.08,226.0,117,,0 ,0 ,0 ,미등록,폐콘 0.1,2022-04-21,35.8887219,128.6846085
344,20220421-0137,04-21,동구 부동 313,지하사유지,D13 계량기 보호통 수선,"711,940 ","616,340 ","95,600 ",0 ,"10,050 ","12,940 ","12,170 ","3,320 ","1,230 ","6,610 ",0,0,15.0,계량기보호통(실),계량기보호통,노후,586.08,226.0,118-1,,0 ,0 ,0 ,미등록,폐콘 0.2,2022-04-21,35.8904639,128.6855918
345,20220421-0139,04-21,동구 부동 294,지하사유지,D13 계량기 보호통 수선,"635,730 ","540,130 ","95,600 ",0 ,"7,970 ","10,260 ","9,650 ","2,630 ",970 ,"5,240 ",,0,15.0,계량기보호통(실),계량기보호통,노후,586.08,226.0,119-1,,,,,미등록,,2022-04-21,35.8889856,128.6852567
347,20220421-0202,04-21,동구 용계동 271,지상사유지,D13 계량기 보호통 수선,"620,260 ","524,660 ","95,600 ",0 ,"8,240 ","10,610 ","9,980 ","2,720 ","1,010 ","5,420 ",,0,15.0,계량기보호통(실),계량기보호통,노후,,232.0,225,0.0,0 ,0 ,0 ,미등록,,2022-04-21,35.8797081,128.6883309
348,20220421-0283,04-21,동구 방촌동 1113-68,지하사유지,D13 보호통 수선,"678,380 ","582,780 ","95,600 ",0 ,"8,770 ","11,290 ","10,620 ","2,900 ","1,070 ","5,770 ",,0,15.0,계량기보호통(실),계량기보호통,노후,586.08,227.0,138,,,,,미등록,페콘 0.04,2022-04-21,35.8783455,128.6716121
349,20220422-0010,04-22,동구 효목동 467-2,지하공도,D80x13 분기점 누수수선,"409,600 ","409,600 ",0 ,0 ,"6,660 ","8,580 ","8,070 ","2,200 ",810 ,"4,380 ",0,0,15.0,부분기대,부분기대,노후,"1,332",223.0,46-2,,0 ,0 ,0 ,등록,,2022-04-22,35.8740468,128.6390629
351,20220422-0136,04-22,동구 방촌동 1015-58,지상사유지,D13 계량기 보호통 수선,"557,560 ","461,960 ","95,600 ",0 ,"7,410 ","9,540 ","8,970 ","2,450 ",900 ,"4,870 ",,0,15.0,계량기보호통(실),계량기보호통,노후,,227.0,124-2,,,,,미등록,폐콘 0.1,2022-04-22,35.8828265,128.6573748
352,20220422-0214,04-22,동구 불로동 300-10,지상사유지,D13 계량기 보호통 수선,"619,780 ","524,180 ","95,600 ",0 ,"7,630 ","9,830 ","9,240 ","2,520 ",930 ,"5,020 ",,0,15.0,계량기보호통(실),계량기보호통,노후,,204.0,76,,,,,미등록,폐콘 0.1,2022-04-22,35.9113376,128.6368127
353,20220422-0304,04-22,동구 신암동 649-41,지하사유지,D13 보호통 수선,"554,870 ","459,270 ","95,600 ",0 ,"6,870 ","8,840 ","8,320 ","2,270 ",840 ,"4,520 ",,0,15.0,계량기보호통(실),계량기보호통,노후,591.36,211.0,3,,,,,미등록,폐콘 0.1,2022-04-22,35.8911362,128.6225565
354,20220422-0305,04-22,동구 신암동 651-31,지하사유지,D13 보호통 수선,"531,000 ","435,400 ","95,600 ",0 ,"7,330 ","9,450 ","8,880 ","2,420 ",890 ,"4,830 ",,0,15.0,계량기보호통(실),계량기보호통,노후,591.36,211.0,3,,,,,미등록,폐콘 0.1,2022-04-22,35.8913427,128.6209145
356,20220425-0032,04-25,동구 방촌동 931-5,지상사유지,D13 보호통 수선,"585,970 ","490,370 ","95,600 ",0 ,"7,910 ","10,190 ","9,580 ","2,610 ",970 ,"5,200 ",,0,15.0,계량기보호통(실),계량기보호통,노후,,228.0,125,,,,,미등록,폐콘 0.1,2022-04-25,35.8845327,128.6651203
359,20220425-0311,04-25,동구 백안동 130-1,지상사유지,D13 인입선 및 계량기 보호통 수선,"674,460 ","578,860 ","95,600 ",0 ,"8,260 ","10,640 ","10,010 ","2,730 ","1,010 ","5,440 ",,0,15.0,계량기보호통(실),계량기보호통,노후,,201.0,310,,,,,미등록,폐콘 0.04,2022-04-25,35.9510946,128.7007222
361,20220426-0364,04-26,동구 방촌동 1113-121,지하사유지,D13 접합부 누수수선,"195,950 ","195,950 ",0 ,0 ,"1,620 ","2,090 ","1,970 ",530 ,190 ,"1,070 ",,0,15.0,스텐레스관,이형관,부식,617.76,227.0,138,,,,,미등록,,2022-04-26,35.878801,128.6719421
363,20220427-0218,04-27,동구 송정동 259,지상공도,D25x13 분기점 누수수선,"271,570 ","271,570 ",0 ,0 ,"3,710 ","4,780 ","4,500 ","1,220 ",450 ,"2,440 ",0,0,15.0,부분기대,부분기대,노후,0.88,201.0,54,0.0,0 ,0 ,0 ,등록,,2022-04-27,35.9869382,128.6229964
367,20220429-0076,04-29,동구 신암동 648-25,지하사유지,D13 계량기보호통 수선,"536,440 ","440,840 ","95,600 ",0 ,"7,410 ","9,540 ","8,970 ","2,450 ",900 ,"4,870 ",,0,15.0,계량기보호통(실),계량기보호통,노후,628.32,211.0,3,,0 ,0 ,0 ,미등록,폐콘 0.1,2022-04-29,35.8915054,128.6233484
368,20220429-0078,04-29,동구 방촌동 1084-48,지하사유지,D13 계량기 보호통 수선,"505,650 ","410,050 ","95,600 ",0 ,"6,630 ","8,540 ","8,030 ","2,190 ",810 ,"4,360 ",,0,15.0,계량기보호통(실),계량기보호통,노후,628.32,227.0,124-2,,,,,미등록,,2022-04-29,35.8781482,128.6633568
369,20220429-0194,04-29,동구 용계동 732-7,지상사유지,D13 계량기 보호통 수선,"680,630 ","585,030 ","95,600 ",0 ,"8,250 ","10,630 ","10,000 ","2,730 ","1,010 ","5,430 ",,0,15.0,계량기보호통(실),계량기보호통,노후,,232.0,249,,,,,미등록,폐콘 0.1,2022-04-29,35.8734987,128.6935954
371,20220501-0001,05-01,동구 신암동 705-18,지상공도,D40 에폭시관 누수수선(D40 클램프 채우기),"2,835,020 ","2,637,020 ","198,000 ",0 ,"34,800 ","44,810 ","42,150 ","11,500 ","4,260 ","22,900 ","7,700",0,40.0,스텐레스관,직관,부식,8.68,211.0,6,,,,,등록,"폐콘 2.53, 폐아 1.29",2022-05-01,35.8847029,128.6146051
372,20220502-0059,05-02,동구 신암동 812-28,배수관망유지수선,D13 접합부 누수수선,"1,079,180 ","1,079,180 ",0 ,0 ,"10,660 ","13,720 ","12,910 ","3,520 ","1,300 ","7,010 ","3,430",0,,,,,,211.0,6,,0 ,0 ,0 ,등록,,2022-05-02,35.8819615,128.6134503
373,20220502-0237,05-02,동구 효목동 438-8,기타,현장출동(미누수) N=16,"710,960 ","710,960 ",0 ,0 ,0 ,0 ,0 ,0 ,0 ,0 ,"2,650",0,,,,,,223.0,46-2,,0 ,0 ,0 ,미등록,,2022-05-02,35.8757942,128.6381481
374,20220502-0490,05-02,동구 효목동 17-2,지상사유지,D13 보호통 수선,"486,930 ","391,330 ","95,600 ",0 ,"6,570 ","8,470 ","7,960 ","2,170 ",800 ,"4,320 ","1,080",0,15.0,계량기보호통(실),계량기보호통,노후,,214.0,27,,,,,미등록,폐콘 0.1,2022-05-02,35.8847815,128.6433939
375,20220502-0708,05-02,동구 효목동 185-18,지상사유지,D13 계량기 보호통 수선,"652,910 ","557,310 ","95,600 ",0 ,"8,600 ","11,080 ","10,420 ","2,840 ","1,050 ","5,660 ","1,590",0,15.0,계량기보호통(실),계량기보호통,노후,,213.0,38,,,,,미등록,폐콘 0.1,2022-05-02,35.8789092,128.6474594
376,20220502-0713,05-02,동구 신암동 648-1,지하사유지,D13 계량기 보호통 수선,"750,730 ","655,130 ","95,600 ",0 ,"10,220 ","13,160 ","12,380 ","3,380 ","1,250 ","6,730 ","1,860",0,15.0,계량기보호통(실),계량기보호통,노후,644.16,211.0,3,,0 ,0 ,0 ,미등록,폐콘 0.15,2022-05-02,35.891724,128.6231083
377,20220502-0714,05-02,동구 율하동 888-7,지하공도,D80 제수변 누수수선,"1,237,570 ","1,237,570 ",0 ,0 ,"14,770 ","19,020 ","17,890 ","4,880 ","1,810 ","9,720 ","3,750",0,80.0,변류,본체,노후,"2,928",233.0,255,,0 ,0 ,0 ,등록,폐아 0.6,2022-05-02,35.8690715,128.6948272
378,20220503-0233,05-03,동구 신평동 117,지하공도,D25mm 직관부 누수수선,"1,388,470 ","1,388,470 ",0 ,0 ,"17,890 ","23,040 ","21,670 ","5,910 ","2,190 ","11,770 ","4,140",0,25.0,스텐레스관,직관,부식,"2,952",230.0,201,0.243,310 ,272 ,38 ,등록,폐아 0.7,2022-05-03,35.8839739,128.6943616
383,20220504-0292,05-04,동구 신암동 177-25,지상사유지,D13 계량기 보호통 수선,"694,570 ","598,970 ","95,600 ",0 ,"9,080 ","11,690 ","11,000 ","3,000 ","1,110 ","5,970 ","1,720",0,15.0,계량기보호통(실),계량기보호통,노후,,217.0,17,,,,,미등록,폐콘 0.1,2022-05-04,35.8800176,128.6152766
384,20220504-0298,05-04,동구 신천동 497-32,지상사유지,D13 계량기 보호통 수선,"659,300 ","563,700 ","95,600 ",0 ,"8,670 ","11,170 ","10,500 ","2,860 ","1,060 ","5,710 ","1,610",0,15.0,계량기보호통(실),계량기보호통,노후,,606.0,44-2,,,,,미등록,폐콘 0.1,2022-05-04,35.8730947,128.6316618
385,20220504-0309,05-04,동구 율하동 977-8,지하사유지,D13 계량기 보호통 수선,"2,060,180 ","2,060,180 ",0 ,0 ,"26,070 ","33,570 ","31,580 ","8,620 ","3,190 ","17,160 ","6,180",0,15.0,스텐레스관,직관,부식,654.72,233.0,255,0.399,510 ,447 ,63 ,미등록," 폐콘 0.13, 폐아 0.94",2022-05-04,35.8681635,128.6975213
389,20220506-0580,05-06,동구 신천동 501-5,지하사유지,D25 계량기 보호통 수선,"916,350 ","758,350 ","158,000 ",0 ,"11,620 ","14,960 ","14,070 ","3,840 ","1,420 ","7,650 ","2,170",0,25.0,계량기보호통(실),계량기보호통,노후,"1,693.44",219.0,29,,0 ,0 ,0 ,미등록,폐콘 0.14,2022-05-06,35.8747973,128.6171976
390,20220506-0582,05-06,동구 신천동 537-10,지하공도,D80x20 분기점 누수수선,"1,333,440 ","1,333,440 ",0 ,0 ,"17,680 ","22,760 ","21,410 ","5,840 ","2,160 ","11,630 ","3,960",0,20.0,부분기대,부분기대,노후,"1,179.36",219.0,29,0.274,350 ,307 ,43 ,등록,폐아 0.6,2022-05-06,35.8747912,128.6156401
391,20220507-0063,05-07,동구 율하동 871-7,지상사유지,D13 계량기 보호통 수선,"667,230 ","571,630 ","95,600 ",0 ,"7,760 ","9,990 ","9,400 ","2,560 ",950 ,"5,100 ","1,690",0,15.0,계량기보호통(실),계량기보호통,노후,,233.0,250,,,,,미등록,폐콘 0.1,2022-05-07,35.8702374,128.6995666
395,20220509-0509,05-09,동구 신천동 45-14 파도,지상사유지,D13 계량기 보호통 수선,"641,320 ","545,720 ","95,600 ",0 ,"8,740 ","11,260 ","10,590 ","2,890 ","1,070 ","5,750 ","1,540",0,15.0,계량기보호통(실),계량기보호통,노후,,219.0,30,0.0,0 ,0 ,0 ,미등록,폐콘 0.07,2022-05-09,35.875852,128.6218749
396,20220509-0586,05-09,동구 검사동 1018-13,지하공도,D13 직관부 누수수선,"910,240 ","818,740 ","91,500 ",0 ,"11,090 ","14,280 ","13,430 ","3,660 ","1,360 ","7,300 ","2,420",0,15.0,스텐레스관,이형관,부식,681.12,210.0,111-1,,0 ,0 ,0 ,미등록,폐콘 0.3,2022-05-09,35.8884061,128.6492269
400,20220510-0135,05-10,동구 방촌동 723-2,지상사유지,D13 계량기 보호통 수선,"635,000 ","539,400 ","95,600 ",0 ,"8,000 ","10,300 ","9,690 ","2,640 ",980 ,"5,260 ","1,560",0,15.0,계량기보호통(실),계량기보호통,노후,,228.0,123-2,,,,,미등록,,2022-05-10,35.8869028,128.6642095
401,20220510-0210,05-10,동구 신천동 47-10,지상공도,D20mm 접합부 누수수선,"954,640 ","468,640 ",0 ,"486,000 ","4,520 ","5,820 ","5,470 ","1,490 ",550 ,"2,970 ","1,460",0,20.0,스텐레스관,이형관,노후,1.17,219.0,30,0.172,220 ,193 ,27 ,등록,폐아 0.51,2022-05-10,35.8764046,128.6229049
402,20220510-0224,05-10,동구 신천동 346-13 달구벌육개장,지상공도,D13mm 접합부 누수수선,"760,550 ","760,550 ",0 ,0 ,"10,790 ","13,900 ","13,070 ","3,570 ","1,320 ","7,100 ","2,190",0,15.0,스텐레스관,이형관,부식,6,606.0,44-2,0.0,0 ,0 ,0 ,미등록,폐콘 0.81,2022-05-10,35.86989,128.6294691
404,20220511-0004,05-11,동구 신암동 694-9,지상사유지,D25 계량기 보호통 수선,"986,460 ","828,460 ","158,000 ",0 ,"11,860 ","15,270 ","14,370 ","3,920 ","1,450 ","7,800 ","2,410",0,25.0,계량기보호통(실),계량기보호통,노후,,211.0,2,,,,,미등록,폐콘 0.3,2022-05-11,35.887076,128.6179712
405,20220511-0223,05-11,동구 신기동 541-13,지상사유지,D13 계량기 보호통 수선,"470,840 ","375,240 ","95,600 ",0 ,"6,370 ","8,200 ","7,720 ","2,100 ",780 ,"4,190 ","1,030",0,15.0,계량기보호통(실),계량기보호통,노후,,233.0,250,0.0,0 ,0 ,0 ,미등록,,2022-05-11,35.8708172,128.70209
406,20220512-0043,05-12,동구 신서동 900-3,지상공도,D50x40 분기점 누수수선,"470,370 ","470,370 ",0 ,0 ,"5,100 ","6,560 ","6,170 ","1,680 ",620 ,"3,350 ","1,480",0,40.0,부분기대,부분기대,노후,1,235.0,236,0.0,0 ,0 ,0 ,등록,,2022-05-12,35.8745944,128.7294253
407,20220512-0156,05-12,동구 신천동 32-2,지하공도,D40x13 분기점 누수수선,"318,470 ","318,470 ",0 ,0 ,"4,220 ","5,440 ","5,110 ","1,390 ",510 ,"2,780 ",950,0,15.0,부분기대,부분기대,노후,696.96,219.0,30,,0 ,0 ,0 ,등록,,2022-05-12,35.8768022,128.6210827
408,20220512-0157,05-12,동구 신천동 37-6,지하공도,D13 직관부 누수수선,"443,750 ","352,250 ","91,500 ",0 ,"4,360 ","5,620 ","5,290 ","1,440 ",530 ,"2,870 ","1,070",0,15.0,스텐레스관,직관,부식,696.96,219.0,30,,0 ,0 ,0 ,미등록,,2022-05-12,35.8769023,128.6216847
409,20220512-0158,05-12,동구 신천동 33-8,지하사유지,D13 계량기 보호통 수선,"639,810 ","544,210 ","95,600 ",0 ,"8,380 ","10,790 ","10,150 ","2,770 ","1,020 ","5,510 ","1,550",0,15.0,스텐레스관,이형관,부식,696.96,219.0,30,,0 ,0 ,0 ,미등록,폐콘 0.1,2022-05-12,35.8768428,128.620768
411,20220512-0313,05-12,동구 신기동 90,지상사유지,D13 계량기 보호통 수선,"503,760 ","408,160 ","95,600 ",0 ,"6,960 ","8,970 ","8,440 ","2,300 ",850 ,"4,580 ","1,120",0,15.0,계량기보호통(실),계량기보호통,노후,,233.0,251,0.0,0 ,0 ,0 ,미등록,,2022-05-12,35.8711137,128.7063892
414,20220513-0005,05-13,동구 효목동 540,지상공도,D150x25 분기점 누수수선,"298,890 ","298,890 ",0 ,0 ,"3,460 ","4,450 ","4,190 ","1,140 ",420 ,"2,270 ",930,0,25.0,부분기대,부분기대,노후,0.56,,47,0.0,0 ,0 ,0 ,등록,,2022-05-13,35.8746334,128.6401356
415,20220513-0095,05-13,동구 율하동 1003-1,지하사유지,D13 계량기 보호통 수선,"571,010 ","475,410 ","95,600 ",0 ,"7,280 ","9,370 ","8,810 ","2,400 ",890 ,"4,790 ","1,350",0,15.0,계량기보호통(실),계량기보호통,노후,702.24,233.0,255,,0 ,0 ,0 ,미등록,폐콘 0.1,2022-05-13,35.8689754,128.6950752
416,20220513-0096,05-13,동구 불로동 1064-51,지하공도,DTC D80mm 직관부 누수 수선80mm 클램프(관급자재) 사용,"1,771,290 ","1,573,290 ","198,000 ",0 ,"21,610 ","27,830 ","26,180 ","7,140 ","2,650 ","14,220 ","4,610",0,80.0,닥타일관,직관,부식,"3,192",208.0,99,0.329,420 ,368 ,52 ,등록,폐아 0.8,2022-05-13,35.8946035,128.6350821
417,20220513-0185,05-13,동구 신암동 831-9,지하공도,제수변 스핀들 누수수선,"971,990 ","971,990 ",0 ,0 ,"11,940 ","15,380 ","14,460 ","3,940 ","1,460 ","7,860 ","2,930",0,150.0,변류,본체,노후,"13,278.72",211.0,6,0.243,310 ,272 ,38 ,등록,폐아 0.47,2022-05-13,35.8844037,128.6139634
418,20220513-0186,05-13,동구 효목동 75-48,지하공도,D150*13 분기점 누수수선,"964,290 ","964,290 ",0 ,0 ,"11,580 ","14,910 ","14,020 ","3,820 ","1,420 ","7,620 ","2,930",0,15.0,부분기대,부분기대,노후,702.24,213.0,24,0.164,210 ,184 ,26 ,등록,폐아 0.4,2022-05-13,35.8855411,128.639779
419,20220516-0044,05-16,동구 신기동 541-18,지상공도,D13 접합부 누수수선,"245,770 ","245,770 ",0 ,0 ,"3,000 ","3,860 ","3,630 ",990 ,360 ,"1,970 ",750,0,15.0,스텐레스관,이형관,부식,1,233.0,250,0.0,0 ,0 ,0 ,미등록,,2022-05-16,35.8709989,128.7014243
420,20220516-0076,05-16,동구 괴전동 135-1,지상사유지,D13 계량기 보호통 수선,"589,250 ","493,650 ","95,600 ",0 ,"7,780 ","10,020 ","9,420 ","2,570 ",950 ,"5,120 ","1,390",0,15.0,계량기보호통(실),계량기보호통,노후,,235.0,237-1,,,,,미등록,,2022-05-16,35.8716786,128.7333814
421,20220516-0095,05-16,동구 효목동 48-4,지상사유지,D13 계량기 보호통 수선,"656,930 ","561,330 ","95,600 ",0 ,"8,670 ","11,170 ","10,500 ","2,860 ","1,060 ","5,710 ","1,600",0,15.0,계량기보호통(실),계량기보호통,노후,,213.0,24,,,,,미등록,폐콘 0.1,2022-05-16,35.8826852,128.6377546
423,20220516-0321,05-16,동구 미곡동 754,지상사유지,D13 계량기 보호통 수선,"584,050 ","488,450 ","95,600 ",0 ,"7,710 ","9,930 ","9,340 ","2,550 ",940 ,"5,070 ","1,380",0,15.0,계량기보호통(실),계량기보호통,노후,,201.0,304,,,,,미등록,,2022-05-16,35.9585358,128.6748039
424,20220517-0107,05-17,동구 용계동 787-2,지하사유지,D20 계량기 보호통 수선,"947,970 ","819,970 ","128,000 ",0 ,"9,500 ","12,240 ","11,510 ","3,140 ","1,160 ","6,250 ","2,520",0,20.0,계량기보호통(실),계량기보호통,노후,"1,282.32",231.0,246,0.18,230 ,202 ,28 ,미등록,폐아 0.3,2022-05-17,35.870722,128.6863849
426,20220518-0010,05-18,동구 지묘동 1320-24 6호,지상사유지,터파기 결과 미누수,"131,140 ","131,140 ",0 ,0 ,"1,170 ","1,510 ","1,420 ",380 ,140 ,770 ,420,0,15.0,기타,기타,부식,0.04,201.0,54,0.0,0 ,0 ,0 ,미등록,폐콘 0.04,2022-05-18,35.9478617,128.6301178
428,20220519-0095,05-19,동구 도동 95-14,지상사유지,D13 계량기 보호통 수선,"640,750 ","545,150 ","95,600 ",0 ,"7,910 ","10,190 ","9,580 ","2,610 ",970 ,"5,210 ","1,590",0,15.0,계량기보호통(실),계량기보호통,노후,,205.0,80,,,,,미등록,폐콘 0.1,2022-05-19,35.9108719,128.649384
429,20220519-0182,05-19,동구 방촌동 1063-5,지상공도,D40x13 분기점 누수수선,"2,439,340 ","1,016,340 ",0 ,"1,423,000 ","15,190 ","19,560 ","18,400 ","5,020 ","1,860 ","9,990 ","2,920",0,15.0,부분기대,부분기대,노후,4,227.0,124-2,0.0,0 ,0 ,0 ,등록,,2022-05-19,35.8821482,128.6630934
431,20220521-0021,05-21,동구 효목동 86-19,지상사유지,D13 계량기 보호통 수선,"668,390 ","572,790 ","95,600 ",0 ,"8,820 ","11,350 ","10,680 ","2,910 ","1,080 ","5,800 ","1,640",0,15.0,계량기보호통(실),계량기보호통,노후,,213.0,26,,,,,미등록,폐콘 0.07,2022-05-21,35.8863106,128.6410694
433,20220523-0159,05-23,동구 신서동 637-1,지하공도,제수변 누수수선,"1,908,720 ","707,720 ",0 ,"1,201,000 ","5,320 ","6,850 ","6,440 ","1,750 ",650 ,"3,500 ","2,290",0,100.0,변류,본체,노후,"5,491.2",235.0,260-1,0.133,170 ,149 ,21 ,등록,폐아 1.1,2022-05-23,35.8716906,128.7230071
438,20220525-0025,05-25,동구 효목동 436-3,지상사유지,D13 계량기 보호통 수선,"603,680 ","508,080 ","95,600 ",0 ,"7,700 ","9,920 ","9,330 ","2,540 ",940 ,"5,070 ","1,460",0,15.0,계량기보호통(실),계량기보호통,노후,0.22,223.0,46-2,0.0,0 ,0 ,0 ,미등록,폐콘 0.1,2022-05-25,35.8751964,128.6383845
439,20220525-0053,05-25,동구 방촌동 857-31,지하공도,D25 접합부 누수수선,"619,660 ","619,660 ",0 ,0 ,"10,250 ","13,200 ","12,410 ","3,380 ","1,250 ","6,740 ","1,720",0,25.0,스텐레스관,이형관,부식,"3,480",227.0,138,,0 ,0 ,0 ,등록,,2022-05-25,35.879553,128.6711342
440,20220525-0056,05-25,동구 방촌동 857-182,지하사유지,D25 계량기 보호통 수선,"1,490,440 ","1,332,440 ","158,000 ",0 ,"19,600 ","25,240 ","23,740 ","6,480 ","2,400 ","12,900 ","3,850",0,25.0,스텐레스관,이형관,부식,"1,948.8",226.0,133,0.157,201 ,176 ,25 ,미등록,폐아 0.4,2022-05-25,35.8796387,128.6738357
441,20220525-0177,05-25,동구 불로동 470-1,지하사유지,D13 계량기 보호통 수선,"565,080 ","469,480 ","95,600 ",0 ,"6,710 ","8,650 ","8,130 ","2,220 ",820 ,"4,420 ","1,370",0,15.0,계량기보호통(실),계량기보호통,노후,765.6,233.0,255,,0 ,0 ,0 ,미등록,,2022-05-25,35.9117619,128.6417631
442,20220526-0024,05-26,동구 봉무동 245 101동,지하공도,"D50mm 직관부 누수, 클램프 사용.","1,755,310 ","1,557,310 ","198,000 ",0 ,"22,090 ","28,440 ","26,750 ","7,300 ","2,710 ","14,530 ","4,530",0,50.0,스텐레스관,이형관,부식,"5,571.36",203.0,60,,0 ,0 ,0 ,등록,폐아 0.6,2022-05-26,35.9287624,128.6425949
443,20220526-0028,05-26,동구 율하동 867-7,지하공도,D100 접합부 누수수선,"1,143,370 ","1,143,370 ",0 ,0 ,"16,500 ","21,250 ","19,990 ","5,450 ","2,020 ","10,860 ","3,310",0,100.0,닥타일관,이형관,부식,"5,606.4",233.0,250,,,,,등록,폐아 0.5,2022-05-26,35.8706339,128.7000062
444,20220526-0233,05-26,동구 불로동 31-23,지하사유지,D13 계량기 보호통 수선,"605,100 ","509,500 ","95,600 ",0 ,"7,490 ","9,640 ","9,070 ","2,470 ",910 ,"4,930 ","1,480",0,15.0,계량기보호통(실),계량기보호통,노후,770.88,205.0,77,,0 ,0 ,0 ,미등록,,2022-05-26,35.9134658,128.6436716
445,20220526-0362,05-26,동구 신천동 149-1,지상공도,DTC 150x25 분기점 누수수선완료,"574,320 ","574,320 ",0 ,0 ,"7,140 ","9,190 ","8,640 ","2,360 ",870 ,"4,700 ","1,750",0,25.0,부분기대,부분기대,노후,3.92,,42,0.0,0 ,0 ,0 ,등록,,2022-05-26,35.8689774,128.6230032
447,20220527-0360,05-27,동구 미곡동 754,지하공도,"STS D13, L=20m 교체","3,174,350 ","3,174,350 ",0 ,0 ,"44,120 ","56,800 ","53,430 ","14,580 ","5,410 ","29,030 ","9,350",0,15.0,스텐레스관,직관,부식,776.16,201.0,304,0.094,120 ,105 ,15 ,미등록,폐아 0.7,2022-05-27,35.9585358,128.6748039
448,20220530-0001,05-30,동구 방촌동 728-2,지하공도,"D50, L=9m 직선부 수선 외 5개소","2,066,150 ","2,066,150 ",0 ,0 ,"27,230 ","35,070 ","32,980 ","9,000 ","3,340 ","17,920 ","6,130",0,50.0,스텐레스관,이형관,노후,"5,724",228.0,123-2,0.455,581 ,510 ,71 ,등록,"폐콘 0.6, 폐아 0.4",2022-05-30,35.8869906,128.6643425
450,20220530-0073,05-30,동구 율하동 135-7,지상사유지,D13 계량기 보호통 수선,"790,220 ","694,620 ","95,600 ",0 ,"8,370 ","10,770 ","10,130 ","2,760 ","1,020 ","5,500 ","2,110",0,15.0,계량기보호통(실),계량기보호통,노후,,233.0,250,,,,,미등록,폐콘 0.2,2022-05-30,35.8724055,128.6990325
451,20220530-0294,05-30,동구 지저동 673-7,지상공도,D80×13mm 분기점누수 수선,"313,550 ","313,550 ",0 ,0 ,"4,140 ","5,330 ","5,010 ","1,370 ",500 ,"2,720 ",940,0,15.0,부분기대,부분기대,노후,2,,106-2,0.0,0 ,0 ,0 ,등록,,2022-05-30,35.896559,128.6393856
452,20220530-0633,05-30,동구 신암동 342-8,지하사유지,D13mm 계량기보호통수선,"604,950 ","509,350 ","95,600 ",0 ,"8,630 ","11,110 ","10,450 ","2,850 ","1,050 ","5,670 ","1,400",0,15.0,계량기보호통(실),계량기보호통,노후,792,212.0,20,,0 ,0 ,0 ,미등록,폐콘 0.1,2022-05-30,35.8847457,128.6321639
453,20220531-0066,05-31,동구 둔산동 1067-4,지상사유지,D13mm 계량기보호통수선,"663,230 ","567,630 ","95,600 ",0 ,"8,380 ","10,790 ","10,150 ","2,770 ","1,020 ","5,510 ","1,640",0,15.0,스텐레스관,이형관,부식,1,226.0,102,0.0,0 ,0 ,0 ,미등록,폐콘 0.1,2022-05-31,35.8965983,128.6705062
455,20220531-0189,05-31,동구 미대동 695-1,지상사유지,현장출동(옥내누수-게이트밸브설치),"334,210 ","334,210 ",0 ,0 ,"3,970 ","5,110 ","4,810 ","1,310 ",480 ,"2,610 ","1,020",0,15.0,스텐레스관,기타,노후,,201.0,301,,,,,미등록,,2022-05-31,35.9517534,128.6687663
457,20220531-0306,05-31,동구 신암동 345-20,지상사유지,D13mm 계량기보호통수선,"672,630 ","577,030 ","95,600 ",0 ,"8,900 ","11,460 ","10,780 ","2,940 ","1,090 ","5,860 ","1,640",0,15.0,계량기보호통(실),계량기보호통,노후,,218.0,22,0.0,0 ,0 ,0 ,미등록,폐콘 0.12,2022-05-31,35.8836747,128.632138
458,20220531-0378,05-31,동구 신기동 265-5,지하공도,D100 제수변 누수수선,"901,720 ","901,720 ",0 ,0 ,"9,900 ","12,740 ","11,990 ","3,270 ","1,210 ","6,510 ","2,780",0,100.0,닥타일관,이형관,부식,"7,537.92",233.0,251,,0 ,0 ,0 ,등록,폐아 0.5,2022-05-31,35.8697047,128.7049646
459,20220531-0380,05-31,동구 신기동 123-7,지하사유지,D13mm 계량기보호통수선,"1,436,680 ","1,341,080 ","95,600 ",0 ,"19,990 ","25,740 ","24,210 ","6,610 ","2,450 ","13,160 ","3,820",0,15.0,계량기보호통(실),계량기보호통,노후,797.28,233.0,251,,,,,미등록,폐콘 1.2,2022-05-31,35.8723234,128.7056772
460,20220531-0381,05-31,동구 신기동 204-2,지하공도,D80 제수변 누수수선,"756,290 ","756,290 ",0 ,0 ,"7,580 ","9,760 ","9,180 ","2,500 ",930 ,"4,980 ","2,380",0,80.0,변류,본체,노후,"3,624",233.0,251,0.149,190 ,167 ,23 ,등록,폐아 0.4,2022-05-31,35.8703023,128.7024545
461,20220531-0387,05-31,동구 도동 3-22,지하공도,D80x13 분기점 수선 외 제수변 철개입상,"1,055,420 ","1,055,420 ",0 ,0 ,"11,800 ","15,200 ","14,290 ","3,900 ","1,440 ","7,770 ","3,250",0,15.0,부분기대,부분기대,노후,797.28,205.0,80,,0 ,0 ,0 ,등록,폐아 0.5,2022-05-31,35.9092999,128.6448972
434,20220523-0170,05-23,동구 불로동 538-20,기타,현장출동(N=18),"753,850 ","753,850 ",0 ,0 ,0 ,0 ,0 ,0 ,0 ,0 ,"2,810",0,,,,,,205.0,80,,0 ,0 ,0 ,미등록,,2022-05-23,35.9098226,128.6429838
464,20220603-0081,06-03,동구 괴전동 117-32,배수관망유지수선,D13mm 앵글밸브누수 수선 외 6개소 누수수선,"1,488,330 ","1,488,330 ",0 ,0 ,"16,910 ","21,770 ","20,480 ","5,590 ","2,070 ","11,130 ","4,620",0,,,,,,235.0,237-1,,0 ,0 ,0 ,미등록,,2022-06-03,35.872702,128.7338265
465,20220603-0201,06-03,동구 방촌동 1044-30,지상사유지,D13mm 계량기보호통수선,"696,520 ","600,920 ","95,600 ",0 ,"8,000 ","10,300 ","9,690 ","2,640 ",980 ,"5,260 ","1,760",0,15.0,계량기보호통(실),계량기보호통,노후,,227.0,124-2,0.0,0 ,0 ,0 ,미등록,폐콘 0.4,2022-06-03,35.8808996,128.6593554
468,20220603-0354,06-03,동구 효목동 514-3,지하공도,D100*25mm 분기점 누수수선,"991,840 ","991,840 ",0 ,0 ,"12,650 ","16,290 ","15,320 ","4,180 ","1,550 ","8,320 ","2,960",0,25.0,부분기대,부분기대,노후,"11,827.2",606.0,36,0.204,260 ,228 ,32 ,등록,폐아 0.5,2022-06-03,35.8727636,128.6361089
469,20220603-0366,06-03,동구 효목동 516-5,지하공도,D100*25mm 분기점 누수수선,"431,270 ","431,270 ",0 ,0 ,"5,380 ","6,930 ","6,520 ","1,780 ",660 ,"3,540 ","1,300",0,25.0,부분기대,부분기대,노후,"2,788.32",223.0,46-2,,0 ,0 ,0 ,등록,,2022-06-03,35.8730789,128.6363837
471,20220604-0005,06-04,동구 입석동 967-7,지상사유지,D13mm 계량기보호통수선,"638,630 ","543,030 ","95,600 ",0 ,"7,770 ","10,010 ","9,420 ","2,570 ",950 ,"5,110 ","1,580",0,15.0,계량기보호통(실),계량기보호통,노후,,210.0,108-1,,,,,미등록,폐콘 0.07,2022-06-04,35.893811,128.6453113
473,20220607-0065,06-07,동구 금강동 150-3,지상사유지,D13mm 계량기보호통수선,"617,790 ","522,190 ","95,600 ",0 ,"7,980 ","10,280 ","9,670 ","2,640 ",970 ,"5,250 ","1,480",0,15.0,계량기보호통(실),계량기보호통,노후,,236.0,298-1,,,,,미등록,,2022-06-07,35.8575485,128.7439113
474,20220607-0223,06-07,동구 신암동 170-16,지상사유지,D13mm 계량기보호통수선,"623,590 ","527,990 ","95,600 ",0 ,"8,820 ","11,360 ","10,690 ","2,910 ","1,080 ","5,800 ","1,460",0,15.0,계량기보호통(실),계량기보호통,노후,,217.0,17,0.0,0 ,0 ,0 ,미등록,폐콘 0.18,2022-06-07,35.8800684,128.6192404
475,20220607-0369,06-07,동구 신천동 300-12,기타,확인굴착(N=4),"1,417,210 ","1,417,210 ",0 ,0 ,"15,280 ","19,670 ","18,500 ","5,050 ","1,870 ","10,050 ","4,400",0,,,,,,222.0,43,,0 ,0 ,0 ,미등록,폐아 0.28,2022-06-07,35.8674827,128.6274669
476,20220607-0496,06-07,동구 지저동 775-18,지상사유지,현장출동(하수관 보수),"179,320 ","179,320 ",0 ,0 ,"2,310 ","2,980 ","2,800 ",760 ,280 ,"1,520 ",530,0,15.0,기타,기타,기타,0,208.0,106-2,0.0,0 ,0 ,0 ,미등록,"미누수, 폐콘 0.1",2022-06-07,35.8941035,128.639106
477,20220608-0624,06-08,동구 신서동 488-4,지하사유지,D25 계량기 보호통 교체,"1,090,720 ","932,720 ","158,000 ",0 ,"11,200 ","14,420 ","13,570 ","3,700 ","1,370 ","7,370 ","2,850",0,25.0,계량기보호통(실),계량기보호통,노후,"7,632",235.0,236,,0 ,0 ,0 ,미등록,폐콘 0.5,2022-06-08,35.8719139,128.7296681
479,20220609-0027,06-09,동구 서호동 197-7,지하공도,제수변 누수수선(볼트조임),"1,083,590 ","1,083,590 ",0 ,0 ,"13,720 ","17,670 ","16,620 ","4,530 ","1,680 ","9,030 ","3,240",0,80.0,닥타일관,이형관,부식,"7,632",233.0,257,0.251,320 ,281 ,39 ,등록,폐아 0.52,2022-06-09,35.8667796,128.7126915
480,20220609-0028,06-09,동구 서호동 96-8,지하사유지,D13mm 계량기보호통수선,"616,550 ","520,950 ","95,600 ",0 ,"8,040 ","10,350 ","9,740 ","2,650 ",980 ,"5,290 ","1,480",0,15.0,계량기보호통(실),계량기보호통,노후,"2,841.6",233.0,257,,,,,미등록,폐콘 0.1,2022-06-09,35.8686613,128.7097988
481,20220609-0030,06-09,동구 율하동 867-7,지하공도,D100 접합부 누수수선,"1,150,530 ","1,150,530 ",0 ,0 ,"15,600 ","20,090 ","18,890 ","5,150 ","1,910 ","10,260 ","3,380",0,100.0,닥타일관,직관,노후,"6,144",233.0,250,0.251,320 ,281 ,39 ,등록,폐아 0.6,2022-06-09,35.8706339,128.7000062
482,20220609-0032,06-09,동구 신기동 143-5,지하공도,D100x13 분기점 수선 및 D13 보호통 수선,"735,090 ","639,490 ","95,600 ",0 ,"9,200 ","11,850 ","11,140 ","3,040 ","1,120 ","6,050 ","1,860",0,15.0,부분기대,부분기대,노후,"2,841.6",233.0,251,,0 ,0 ,0 ,등록,폐콘 0.09,2022-06-09,35.8726449,128.7042509
484,20220609-0360,06-09,동구 신암동 651-31,지하사유지,D13 인입부 누수 수선,"691,160 ","691,160 ",0 ,0 ,"9,280 ","11,950 ","11,240 ","3,060 ","1,130 ","6,100 ","2,050",0,15.0,스텐레스관,직관,부식,"3,840",211.0,3,0.125,143 ,123 ,20 ,미등록,폐아 0.3,2022-06-09,35.8913427,128.6209145
485,20220609-0381,06-09,동구 동호동 77,지하사유지,D13mm 계량기보호통교체,"558,090 ","462,490 ","95,600 ",0 ,"7,050 ","9,080 ","8,540 ","2,330 ",860 ,"4,640 ","1,320",0,15.0,스텐레스관,직관,노후,"2,841.6",233.0,257,,,,,미등록,폐콘 0.1,2022-06-09,35.8710828,128.7127196
486,20220610-0194,06-10,동구 신평동 648-1,지상사유지,D13 계량기 보호통 교체,"599,450 ","503,850 ","95,600 ",0 ,"8,410 ","10,830 ","10,180 ","2,780 ","1,030 ","5,530 ","1,390",0,15.0,계량기보호통(실),계량기보호통,노후,,226.0,224-1,0.0,0 ,0 ,0 ,미등록,폐콘 0.22,2022-06-10,35.8780474,128.6802996
489,20220613-0274,06-13,동구 신기동 142-2,지하공도,D100x13 분기점 누수 수선,"1,190,130 ","1,190,130 ",0 ,0 ,"13,110 ","16,880 ","15,880 ","4,330 ","1,600 ","8,630 ","3,620",0,15.0,부분기대,부분기대,노후,"2,912.64",233.0,251,0.235,300 ,263 ,37 ,등록,"폐아 0.42, 폐콘 1.44",2022-06-13,35.8725805,128.7044011
491,20220613-0290,06-13,동구 신서동 823-79 202호,지하사유지,D25 계량기 보호통 수선,"1,632,580 ","1,474,580 ","158,000 ",0 ,"21,700 ","27,950 ","26,290 ","7,170 ","2,660 ","14,280 ","4,220",0,25.0,계량기보호통(실),계량기보호통,노후,"13,860",230.0,210,0.11,140 ,123 ,17 ,미등록,폐콘 1.3,2022-06-13,35.8725301,128.7261891
494,20220614-0275,06-14,동구 신천동 833-11,지상사유지,D13 계량기 보호통 수선,"559,540 ","463,940 ","95,600 ",0 ,"7,810 ","10,050 ","9,450 ","2,580 ",950 ,"5,140 ","1,280",0,15.0,계량기보호통(실),계량기보호통,노후,,220.0,48,0.0,0 ,0 ,0 ,미등록,폐콘 0.11,2022-06-14,35.8690423,128.6169275
495,20220615-0006,06-15,동구 신천동 327-3,지상공도,DTC직관 100mm 누수수선(직관처리),"2,650,520 ","1,580,520 ",0 ,"1,070,000 ","19,080 ","24,560 ","23,100 ","6,300 ","2,340 ","12,550 ","4,760",0,100.0,닥타일관,직관,부식,240,,33,0.329,420 ,368 ,52 ,등록,폐아 1.5,2022-06-15,35.8761552,128.6276929
496,20220615-0025,06-15,동구 방촌동 1015-105,지상사유지,D13 계량기 보호통 수선,"584,550 ","488,950 ","95,600 ",0 ,"7,910 ","10,190 ","9,580 ","2,610 ",970 ,"5,200 ","1,370",0,15.0,스텐레스관,직관,노후,,227.0,124-2,,,,,미등록,폐콘 0.1,2022-06-15,35.8830728,128.6571473
497,20220615-0107,06-15,동구 신암동 1186-2,기타,확인굴착(미누수),"306,610 ","306,610 ",0 ,0 ,"5,010 ","6,450 ","6,070 ","1,650 ",610 ,"3,290 ",850,0,,,,,,216.0,16-2,,0 ,0 ,0 ,미등록,,2022-06-15,35.8801302,128.6113159
502,20220616-0011,06-16,동구 서호동 89-32,지하공도,D80x13 분기점 누수수선,"485,330 ","485,330 ",0 ,0 ,"7,210 ","9,280 ","8,730 ","2,380 ",880 ,"4,740 ","1,400",0,15.0,부분기대,부분기대,노후,"1,202.4",233.0,257,,0 ,0 ,0 ,등록,,2022-06-16,35.8698133,128.7093028
503,20220616-0016,06-16,동구 서호동 56-1,지하공도,D80x13 분기점 누수수선,"601,190 ","601,190 ",0 ,0 ,"9,320 ","12,010 ","11,290 ","3,080 ","1,140 ","6,130 ","1,710",0,15.0,부분기대,부분기대,노후,"1,803.6",233.0,257,,0 ,0 ,0 ,등록,,2022-06-16,35.8699696,128.7098428
507,20220617-0196,06-17,동구 신평동 41-2,지상사유지,D20 계량기 보호통 교체,"681,630 ","553,630 ","128,000 ",0 ,"8,520 ","10,970 ","10,320 ","2,810 ","1,040 ","5,600 ","1,580",0,20.0,스텐레스관,직관,부식,,230.0,201,,,,,미등록,폐콘 0.1,2022-06-17,35.8832385,128.6917764
508,20220617-0343,06-17,동구 신천동 833-12,지하사유지,D13 계량기 보호통 교체,"646,880 ","551,280 ","95,600 ",0 ,"9,120 ","11,750 ","11,050 ","3,010 ","1,110 ","6,000 ","1,530",0,15.0,계량기보호통(실),계량기보호통,노후,"2,983.68",220.0,48,,0 ,0 ,0 ,미등록,폐콘 0.11,2022-06-17,35.8689512,128.6169197
510,20220618-0010,06-18,동구 효목동 556-4,지상공도,D40x25 분기점 누수 수선,"321,860 ","321,860 ",0 ,0 ,"4,990 ","6,430 ","6,050 ","1,650 ",610 ,"3,290 ",910,0,25.0,부분기대,부분기대,노후,14,224.0,47,0.0,0 ,0 ,0 ,등록,,2022-06-18,35.8761457,128.6399325
513,20220620-0423,06-20,동구 신암동 1196-73,지하공도,D150x15mm (구)분기점 폐쇄,"537,810 ","537,810 ",0 ,0 ,"8,920 ","11,490 ","10,810 ","2,950 ","1,090 ","5,870 ","1,500",0,15.0,부분기대,부분기대,노후,"3,019.2",216.0,16-2,,0 ,0 ,0 ,등록,,2022-06-20,35.8798596,128.6110739
515,20220621-0187,06-21,동구 검사동 756-230,기타,확인굴착(N=2),"2,296,060 ","2,296,060 ",0 ,0 ,"30,430 ","39,180 ","36,850 ","10,060 ","3,730 ","20,020 ","6,800",0,,,,,,210.0,108-1,,0 ,0 ,0 ,미등록,폐아 1.29,2022-06-21,35.8864032,128.6595908
517,20220622-0090,06-22,동구 지묘동 630-3,지상사유지,D13 계량기 보호통 수선,"559,700 ","464,100 ","95,600 ",0 ,"7,480 ","9,640 ","9,060 ","2,470 ",910 ,"4,920 ","1,300",0,15.0,계량기보호통(실),계량기보호통,노후,,201.0,54,,,,,미등록,폐콘 0.07,2022-06-22,35.9628857,128.6307605
520,20220624-0012,06-24,동구 지저동 794-10,지하사유지,D13 계량기 보호통 수선,"690,940 ","595,340 ","95,600 ",0 ,"8,860 ","11,410 ","10,730 ","2,930 ","1,080 ","5,830 ","1,710",0,15.0,계량기보호통(실),계량기보호통,노후,"3,090.24",208.0,106-2,,0 ,0 ,0 ,미등록,폐콘 0.13,2022-06-24,35.8931735,128.6403865
521,20220624-0064,06-24,동구 신암동 345-9,지상공도,D13 인입선 누수수선,"2,939,600 ","2,939,600 ",0 ,0 ,"42,010 ","54,090 ","50,870 ","13,880 ","5,150 ","27,640 ","8,560",0,15.0,스텐레스관,직관,부식,4,218.0,22,0.431,490 ,422 ,68 ,미등록,폐아 1.18,2022-06-24,35.8837669,128.6320259
525,20220627-0155,06-27,동구 효목동 133-13,지하사유지,D13 계량기 보호통 수선,"707,530 ","611,930 ","95,600 ",0 ,"9,470 ","12,200 ","11,470 ","3,130 ","1,160 ","6,230 ","1,740",0,15.0,계량기보호통(실),계량기보호통,노후,"3,143.52",213.0,26,,,,,미등록,폐콘 0.12,2022-06-27,35.8840167,128.6426088
531,20220627-0455,06-27,동구 각산동 902-3,지하사유지,D25 계량기 보호통 수선,"787,860 ","629,860 ","158,000 ",0 ,"9,910 ","12,760 ","12,000 ","3,270 ","1,210 ","6,520 ","1,780",0,25.0,계량기보호통(실),계량기보호통,노후,"14,952",230.0,233-1,,,,,미등록,폐콘 0.1,2022-06-27,35.8743343,128.712119
532,20220628-0069,06-28,동구 신서동 453-3 302호,지하공도,D150x25 분기점 누수수선 및 철개입상,"1,918,350 ","1,918,350 ",0 ,0 ,"24,430 ","31,460 ","29,590 ","8,070 ","2,990 ","16,080 ","5,760",0,25.0,부분기대,부분기대,노후,"6,014.4",235.0,236,0.22,280 ,246 ,34 ,등록,폐아 0.63,2022-06-28,35.8740895,128.7328478
537,20220628-0443,06-28,동구 검사동 756-241,지하공도,제수변 폐,"838,470 ","838,470 ",0 ,0 ,"11,550 ","14,870 ","13,980 ","3,810 ","1,410 ","7,600 ","2,400",0,50.0,PFP관,직관,노후,"46,525.68",210.0,108-1,0.2,255 ,224 ,31 ,미등록,,2022-06-28,35.8864726,128.659823
538,20220628-0444,06-28,동구 불로동 849-2,지하공도,D80x15mm 분기점 수선,"1,161,790 ","1,161,790 ",0 ,0 ,"14,800 ","19,050 ","17,920 ","4,890 ","1,810 ","9,740 ","3,490",0,15.0,부분기대,부분기대,노후,"3,179.04",207.0,90,0.22,280 ,246 ,34 ,등록,폐아 0.42,2022-06-28,35.9043471,128.634138
540,20220629-0091,06-29,동구 각산동 301-1,지상공도,D25 접합부 누수수선,"527,930 ","527,930 ",0 ,0 ,"7,850 ","10,100 ","9,500 ","2,590 ",960 ,"5,160 ","1,520",0,25.0,스텐레스관,직관,노후,2.24,235.0,259-1,0.0,0 ,0 ,0 ,미등록,,2022-06-29,35.8679787,128.7188461
543,20220629-0105,06-29,동구 효목동 289-2,기타,포장보수(유량계실 주변),"1,005,880 ","1,005,880 ",0 ,0 ,"12,810 ","16,500 ","15,520 ","4,230 ","1,570 ","8,430 ","3,000",0,,,,,,606.0,35,0.297,380 ,333 ,47 ,미등록,폐아 0.7,2022-06-29,35.8792773,128.6347486
548,20220629-0227,06-29,동구 신암동 137-4 201호,지상공도,D100x13 분기점 누수 수선,"967,860 ","967,860 ",0 ,0 ,"12,840 ","16,530 ","15,550 ","4,240 ","1,570 ","8,450 ","2,870",0,15.0,부분기대,부분기대,노후,4.44,212.0,20,0.164,210 ,184 ,0 ,등록,폐아 0.4,2022-06-29,35.8875407,128.6280471
551,20220629-0251,06-29,동구 검사동 764-13,지상공도,D80x13 분기점 누수수선,"933,030 ","933,030 ",0 ,0 ,"13,550 ","17,450 ","16,410 ","4,480 ","1,660 ","8,910 ","2,690",0,15.0,부분기대,부분기대,노후,1.2,,108-1,0.0,0 ,0 ,0 ,등록,폐콘 0.6,2022-06-29,35.8877844,128.6597834
552,20220629-0474,06-29,동구 효목동 556-6,지하사유지,D13 계량기 보호통 수선,"699,740 ","604,140 ","95,600 ",0 ,"9,350 ","12,040 ","11,320 ","3,090 ","1,140 ","6,150 ","1,720",0,15.0,계량기보호통(실),계량기보호통,노후,"3,196.8",224.0,47,,,,,미등록,폐콘 0.11,2022-06-29,35.8760691,128.6400585
394,20220509-0467,05-09,동구 신암동 676-1,기타,D32mm 배수펌프 배관작업(N=5),"18,168,530 ","3,616,530 ",0 ,"14,552,000 ","41,710 ","53,700 ","50,510 ","13,790 ","5,110 ","27,450 ",0,0,,,,,,216.0,14,1.1,"1,404 ","1,232 ",172 ,미등록,폐아 4.4,2022-05-09,35.8877153,128.622615
463,20220602-0021,06-01,동구 신암동 657-14,지상공도,"D100x20, D100x25 분기점 누수수선","1,741,650 ","1,741,650 ",0 ,0 ,"22,220 ","28,610 ","26,910 ","7,340 ","2,720 ","14,620 ","5,250",0,25.0,부분기대,부분기대,노후,2,211.0,2,0.18,204 ,176 ,28 ,등록,폐아 0.5,2022-06-01,35.8877236,128.6183768
467,20220603-0353,06-03,동구 신암동 345-20,지상사유지,분기점 누수 확인을 위한 굴착,"875,500 ","875,500 ",0 ,0 ,"10,620 ","13,680 ","12,870 ","3,510 ","1,300 ","6,990 ","2,630",0,100.0,기타,기타,기타,2,218.0,22,0.143,162 ,140 ,22 ,미등록,폐아 0.5,2022-06-03,35.8836747,128.632138
487,20220610-0279,06-10,동구 동내동 1115,지상공도,D200 직관부 누수 수선,"1,152,330 ","1,152,330 ",0 ,0 ,"12,140 ","15,630 ","14,700 ","4,010 ","1,480 ","7,990 ","3,660",0,200.0,닥타일관,직관,타공사손괴,133.19,230.0,206,0.0,0 ,0 ,0 ,등록,,2022-06-10,35.8828025,128.7378911
556,20220701-0055,07-01,동구 효목동 616-6,지하공도,D100x25 분기점 누수 수선,"415,670 ","415,670 ",0 ,0 ,"6,860 ","8,840 ","8,310 ","2,270 ",840 ,"4,510 ","1,160",0,25.0,부분기대,부분기대,노후,"6,814.08",224.0,47,,,,,등록,,2022-07-01,35.8778324,128.6417888
557,20220701-0343,07-01,동구 효목동 201-6,,"출장비(N=11)557,560,577,580,587,588,591,597,604,605,614","495,890 ","495,890 ",0 ,0 ,0 ,0 ,0 ,0 ,0 ,0 ,"1,840",0,15.0,기타,기타,기타,,213.0,38,0.0,0 ,0 ,0 ,미등록,,2022-07-01,35.8789195,128.6488723
558,20220701-0391,07-01,동구 지저동 775-3,지하사유지,D20mm 계량기보호통교체,"814,500 ","718,900 ","95,600 ",0 ,"10,780 ","13,880 ","13,060 ","3,560 ","1,320 ","7,090 ","2,070",0,20.0,계량기보호통(실),계량기보호통,노후,"1,092",208.0,106-2,,,,,미등록,,2022-07-01,35.8947031,128.6387817
561,20220704-0533,07-04,동구 신암동 1186-43,지하공도,D250mm 접합부누수 수선(KP볼트조움)D20mm 와사관 폐쇄,"1,363,060 ","1,363,060 ",0 ,0 ,"23,190 ","29,860 ","28,090 ","7,660 ","2,840 ","15,260 ","3,770",0,250.0,닥타일관,이형관,볼트이완,"4,440",216.0,16-2,,0 ,0 ,0 ,등록,,2022-07-04,35.8800914,128.6111881
563,20220704-0536,07-04,동구 효목동 616-13,지하사유지,D13mm 접합부누수 수선,"975,970 ","975,970 ",0 ,0 ,"13,810 ","17,790 ","16,730 ","4,560 ","1,690 ","9,090 ","2,840",0,15.0,스텐레스관,이형관,노후,621.6,224.0,47,0.1,16 ,0 ,16 ,미등록,폐아0.5톤,2022-07-04,35.8776861,128.6420612
564,20220704-0540,07-04,동구 용계동 332,지하사유지,D13mm 계량기보호통교체,"648,740 ","553,140 ","95,600 ",0 ,"7,990 ","10,290 ","9,680 ","2,640 ",980 ,"5,260 ","1,610",0,15.0,계량기보호통(실),계량기보호통,노후,621.6,226.0,135,,,,,미등록,,2022-07-04,35.881268,128.6865456
565,20220705-0150,07-05,동구 불로동 470-4,지하공도,D80mm 플랜지누수 수선(볼트조움),"1,188,090 ","1,188,090 ",0 ,0 ,"16,770 ","21,590 ","20,310 ","5,540 ","2,050 ","11,030 ","3,460",0,80.0,닥타일관,이형관,노후,"48,434.4",231.0,245,0.2,31 ,0 ,31 ,등록,폐아 0.6톤 ,2022-07-05,35.9116656,128.6415992
566,20220705-0207,07-05,동구 신암동 1513,지상사유지,D13mm 계량기 보호통 교체,"855,770 ","760,170 ","95,600 ",0 ,"11,830 ","15,240 ","14,330 ","3,910 ","1,450 ","7,790 ","2,150",0,15.0,계량기보호통(실),계량기보호통,노후,,209.0,12,0.0,0 ,0 ,0 ,미등록,폐콘크리트 0.31톤 ,2022-07-05,35.8868678,128.638492
567,20220705-0350,07-05,동구 검사동 984-17,지상사유지,D13mm 계량기보호통교체,"802,900 ","707,300 ","95,600 ",0 ,"10,630 ","13,690 ","12,870 ","3,510 ","1,300 ","6,990 ","2,020",0,15.0,계량기보호통(실),계량기보호통,노후,,227.0,124-2,,,,,미등록,폐콘 0.3톤,2022-07-05,35.8861297,128.6497821
568,20220705-0398,07-05,동구 괴전동 167-3,지하사유지,D13mm 계량기보호통교체,"981,700 ","886,100 ","95,600 ",0 ,"13,090 ","16,850 ","15,850 ","4,320 ","1,600 ","8,610 ","2,550",0,15.0,계량기보호통(실),계량기보호통,노후,624.96,236.0,237-2,,,,,미등록,폐콘0.41톤,2022-07-05,35.8701051,128.7328987
571,20220706-0255,07-06,동구 신평동 751-1 1동,지상사유지,D25mm 계량기보호통교체,"1,182,270 ","1,024,270 ","158,000 ",0 ,"16,180 ","20,830 ","19,590 ","5,340 ","1,980 ","10,640 ","2,880",0,25.0,계량기보호통(실),계량기보호통,노후,,226.0,133,0.0,0 ,0 ,0 ,미등록,폐콘 0.48톤 ,2022-07-06,35.8812483,128.6731997
572,20220706-0419,07-06,동구 방촌동 925-38,지상공도,D40×20mm 분기점누수 수선,"653,050 ","653,050 ",0 ,0 ,"9,220 ","11,880 ","11,170 ","3,050 ","1,130 ","6,070 ","1,920",0,20.0,스텐레스관,이형관,노후,1,228.0,125,0.1,124 ,108 ,16 ,등록,,2022-07-06,35.8842151,128.6647141
578,20220708-0095,07-08,동구 백안동 193-2,지상사유지,D13mm 계량기보호통교체,"970,640 ","812,640 ","158,000 ",0 ,"11,850 ","15,260 ","14,350 ","3,910 ","1,450 ","7,790 ","2,350",0,15.0,계량기보호통(실),계량기보호통,노후,,201.0,309,0.0,0 ,0 ,0 ,미등록,폐콘크리트 0.35톤 ,2022-07-08,35.9538953,128.6932981
579,20220708-0106,07-08,동구 불로동 205,지상사유지,D13mm 계량기보호통교체,"794,170 ","636,170 ","158,000 ",0 ,"9,380 ","12,080 ","11,360 ","3,100 ","1,150 ","6,170 ","1,840",0,15.0,계량기보호통(실),계량기보호통,노후,,204.0,76,0.0,0 ,0 ,0 ,미등록,폐콘크리트 0.1톤 ,2022-07-08,35.9107895,128.6389462
582,20220708-0278,07-08,동구 효목동 616-1,지하공도,1차 터파기결과-미누수2차 D25×13mm 누수수선(직선처리),"1,309,770 ","1,309,770 ",0 ,0 ,"17,590 ","22,650 ","21,300 ","5,810 ","2,150 ","11,570 ","3,880",0,15.0,부분기대,부분기대,노후,"1,043.28",224.0,47,0.2,31 ,0 ,31 ,등록,폐아 0.5톤 ,2022-07-08,35.8779569,128.6418682
584,20220711-0084,07-11,동구 신기동 187-4,지상사유지,D25mm 계량기보호통교체,"899,750 ","741,750 ","158,000 ",0 ,"10,660 ","13,730 ","12,910 ","3,520 ","1,300 ","7,010 ","2,150",0,25.0,계량기보호통(실),계량기보호통,노후,,233.0,251,0.0,0 ,0 ,0 ,미등록,폐콘0.39톤,2022-07-11,35.8717736,128.7031913
585,20220711-0377,07-11,동구 신암동 359-2,지하공도,D80×15mm 분기점누수 수선,"3,297,420 ","3,201,820 ","95,600 ",0 ,"49,070 ","63,190 ","59,430 ","16,220 ","6,020 ","32,290 ","9,190",0,15.0,부분기대,부분기대,노후,"1,059.84",218.0,22,0.3,47 ,0 ,47 ,등록,,2022-07-11,35.8820145,128.6325615
590,20220712-0341,07-12,동구 금강동 589-2,지하사유지,D13mm 직선부 누수수선(D40×13mm),"754,440 ","754,440 ",0 ,0 ,"10,060 ","12,950 ","12,180 ","3,320 ","1,230 ","6,620 ","2,200",0,15.0,스텐레스관,이형관,노후,648.48,236.0,285,,,,,미등록,폐콘 0.92톤 ,2022-07-12,35.8631186,128.7352058
592,20220714-0002,07-14,동구 방촌동 868-15,지상사유지,D13mm 계량기보호통교체,"793,800 ","698,200 ","95,600 ",0 ,"10,480 ","13,490 ","12,690 ","3,460 ","1,280 ","6,890 ","2,010",0,15.0,계량기보호통(실),계량기보호통,노후,,228.0,132,0.0,0 ,0 ,0 ,미등록,폐콘 0.1,2022-07-14,35.8815287,128.6685245
593,20220714-0004,07-14,동구 효목동 49-37,지상사유지,D13mm 계량기보호통교체,"764,930 ","669,330 ","95,600 ",0 ,"10,490 ","13,510 ","12,710 ","3,460 ","1,280 ","6,900 ","1,900",0,15.0,계량기보호통(실),계량기보호통,노후,,213.0,24,0.0,0 ,0 ,0 ,미등록,폐콘 0.1,2022-07-14,35.8822759,128.6399792
594,20220714-0203,07-14,동구 사복동 509-1,지하공도,D50mm 접합부누수 수선(PFP소켓 조움),"368,590 ","368,590 ",0 ,0 ,"5,160 ","6,650 ","6,250 ","1,700 ",630 ,"3,400 ","1,080",0,50.0,PFP관,이형관,노후,"4,773.6",236.0,244,,,,,등록,,2022-07-14,35.8714565,128.7550505
595,20220714-0210,07-14,동구 신암동 608-53,지하사유지,D13mm 계량기 보호통 교체,"743,780 ","648,180 ","95,600 ",0 ,"10,190 ","13,130 ","12,350 ","3,370 ","1,250 ","6,710 ","1,840",0,15.0,계량기보호통(실),계량기보호통,노후,"4,680",211.0,7,,0 ,0 ,0 ,미등록,폐콘 0.1톤,2022-07-14,35.8850811,128.6199423
598,20220715-0112,07-15,동구 용계동 755-11,기타,D100mm 제수변 스핀들 누수수선,"437,310 ","437,310 ",0 ,0 ,"5,080 ","6,540 ","6,150 ","1,680 ",620 ,"3,340 ","1,340",0,,,,,,232.0,249,,0 ,0 ,0 ,미등록,,2022-07-15,35.8737282,128.692037
599,20220715-0230,07-15,동구 신서동 1146,지하공도,D200×80mm 플랜지누수 수선(플랜지볼트 교체),"1,341,070 ","1,341,070 ",0 ,0 ,"18,970 ","24,430 ","22,980 ","6,270 ","2,320 ","12,480 ","3,930",0,80.0,닥타일관,이형관,부식,43.2,229.0,207,1.5,235 ,0 ,235 ,등록,,2022-07-15,35.8820499,128.7321459
603,20220718-0003,07-18,동구 신암동 285-23 B동,지상사유지,D25mm 보호통 교체,"923,480 ","765,480 ","158,000 ",0 ,"11,770 ","15,150 ","14,250 ","3,890 ","1,440 ","7,740 ","2,180",0,25.0,계량기보호통(실),계량기보호통,노후,,212.0,20,0.0,0 ,0 ,0 ,미등록,폐콘 0.3,2022-07-18,35.8844624,128.6298217
606,20220719-0146,07-19,동구 율암동 1147,지상공도,"D80×50mm 접합부누수수선, D80mm 플랜지볼트교체","1,658,050 ","674,050 ",0 ,"984,000 ","7,300 ","9,400 ","8,840 ","2,410 ",890 ,"4,800 ","2,040",0,80.0,부분기대,부분기대,노후,2,230.0,201,0.891,"1,102 ",962 ,140 ,등록,,2022-07-19,35.8869148,128.7047945
608,20220719-0335,07-19, 137-1,기타,"D13mm 접합부 누수 수선외 1건(608,609)","1,349,550 ","1,349,550 ",0 ,0 ,"24,270 ","31,250 ","29,390 ","8,020 ","2,970 ","15,970 ",0,0,,,,,,232.0,225,,0 ,0 ,0 ,등록,,2022-07-19,,
610,20220720-0308,07-20,동구 신천동 328-1,지상공도,D32mm 접합부 누수수선,"1,019,550 ","538,550 ",0 ,"481,000 ","6,230 ","8,030 ","7,550 ","2,060 ",760 ,"4,100 ","1,620",0,32.0,스텐레스관,이형관,부식,2,,33,0.0,0 ,0 ,0 ,등록,페아 0.8,2022-07-20,35.8765364,128.6275381
611,20220720-0340,07-20,동구 신천동 136-12,지상공도,D40mm 접합부 누수수선(플럭설치),"4,072,720 ","4,072,720 ",0 ,0 ,"58,470 ","75,280 ","70,810 ","19,330 ","7,170 ","38,480 ","11,800",0,40.0,스텐레스관,이형관,부식,2,,42,5.0,"6,184 ","5,400 ",784 ,등록,폐아 2.5,2022-07-20,35.8684557,128.6254855
615,20220721-0326,07-21,동구 검사동 990-91,지하사유지,D13mm 계량기 보호통 교체,"930,590 ","834,990 ","95,600 ",0 ,"12,780 ","16,460 ","15,480 ","4,220 ","1,560 ","8,410 ","2,370",0,15.0,계량기보호통(실),계량기보호통,노후,21.6,210.0,111-1,,,,,미등록,폐콘 0.4,2022-07-21,35.8875007,128.6504193
616,20220721-0327,07-21,동구 효목동 141-25,지하사유지,D13mm 계량기 보호통 교체,"773,130 ","677,530 ","95,600 ",0 ,"10,480 ","13,490 ","12,690 ","3,460 ","1,280 ","6,890 ","1,920",0,15.0,계량기보호통(실),계량기보호통,노후,"4,320",213.0,24,,0 ,0 ,0 ,미등록,폐콘 0.3,2022-07-21,35.8825985,128.6421365
617,20220721-0328,07-21,동구 불로동 135-8,지하공도,D80mm 접합부누수수선(KP볼트 조음),"310,940 ","310,940 ",0 ,0 ,"4,720 ","6,080 ","5,710 ","1,560 ",570 ,"3,100 ",890,0,80.0,닥타일관,이형관,노후,"4,848",204.0,76,,0 ,0 ,0 ,등록,,2022-07-21,35.9154564,128.6404451
619,20220721-0331,07-21,동구 불로동 218-2 502호,지하사유지,D25mm 계량기 보호통 교체,"1,000,710 ","842,710 ","158,000 ",0 ,"12,630 ","16,260 ","15,300 ","4,170 ","1,540 ","8,310 ","2,420",0,25.0,계량기보호통(실),계량기보호통,노후,"1,696.8",204.0,76,,,,,미등록,폐콘 0.3톤 ,2022-07-21,35.9113197,128.6390126
581,20220708-0266,07-08,동구 방촌동 941-48,지하사유지,D13mm 보호통 수선 및 급수관 교체,"2,426,360 ","2,330,760 ","95,600 ",0 ,"33,130 ","42,660 ","40,130 ","10,950 ","4,060 ","21,800 ","6,790",0,15.0,스텐레스관,이형관,부식,470.88,228.0,125,0.197,244 ,213 ,31 ,미등록,"폐콘 0.3, 폐아 0.4",2022-07-08,35.8846472,128.665284
601,20220715-0280,07-15,동구 평광동 182,지상사유지,D25mm 접합부누수 수선(매달린관),"506,820 ","506,820 ",0 ,0 ,"5,230 ","6,740 ","6,340 ","1,730 ",640 ,"3,440 ",0,0,25.0,PFP관,이형관,접합부이완,,206.0,72,0.0,0 ,0 ,0 ,미등록,,2022-07-15,35.9344384,128.7143706
612,20220720-0379,07-20,동구 신암동 129-134,지하사유지,D13mm 접합부 누수수선(PFP소켓 조음),"372,870 ","372,870 ",0 ,0 ,"6,230 ","8,020 ","7,540 ","2,060 ",760 ,"4,100 ","1,030",0,15.0,스텐레스관,이형관,노후,675.36,209.0,1,,0 ,0 ,0 ,미등록,,2022-07-20,35.8877546,128.6313933
613,20220721-0160,07-21,동구 효목동 125-35,지하사유지,D13mm 접합부 누수수선(접합부조음),"1,538,440 ","1,538,440 ",0 ,0 ,"19,530 ","25,150 ","23,650 ","6,450 ","2,390 ","12,850 ","4,600",0,15.0,스텐레스관,이형관,부식,498.96,213.0,24,0.348,431 ,376 ,55 ,미등록,폐아 0.8,2022-07-21,35.8837523,128.6400539
618,20220721-0329,07-21,동구 검사동 1025-27,지하공도,D150*20mm 분기점 누수수선,"1,367,260 ","1,367,260 ",0 ,0 ,"17,600 ","22,660 ","21,310 ","5,810 ","2,150 ","11,580 ","4,080",0,20.0,부분기대,부분기대,노후,867.6,210.0,111-1,0.33,408 ,356 ,52 ,등록,폐아 0.6,2022-07-21,35.8888216,128.6466597
620,20220721-0389,07-21,동구 도동 806-6,지상사유지,현장출동-이상없음,"624,560 ","624,560 ",0 ,0 ,0 ,0 ,0 ,0 ,0 ,0 ,"2,320",0,15.0,기타,기타,기타,,206.0,72,0.0,0 ,0 ,0 ,미등록,,2022-07-21,35.9118228,128.6554117
623,20220725-0215,07-25,동구 봉무동 165-7,지상공도,D80*13mm 구분기점 폐쇄,"1,366,490 ","1,366,490 ",0 ,0 ,"17,840 ","22,970 ","21,600 ","5,890 ","2,180 ","11,740 ","4,070",0,15.0,부분기대,부분기대,노후,1,203.0,59,0.3,371 ,324 ,47 ,등록,폐아스팔트 0.6톤,2022-07-25,35.9315873,128.643664
624,20220725-0414,07-25,동구 지저동 717-8,지상사유지,D13mm 계량기보호통교체,"793,740 ","698,140 ","95,600 ",0 ,"10,490 ","13,500 ","12,700 ","3,460 ","1,280 ","6,900 ","2,000",0,15.0,계량기보호통(실),계량기보호통,노후,,208.0,92,,,,,미등록,폐콘크리트 0.3톤 ,2022-07-25,35.8955834,128.6362492
625,20220726-0247,07-26,동구 효목동 389-2,지상사유지,D13mm 계량기 보호통 교체,"808,530 ","712,930 ","95,600 ",0 ,"11,140 ","14,340 ","13,490 ","3,680 ","1,360 ","7,330 ","2,020",0,15.0,계량기보호통(실),계량기보호통,노후,,606.0,36,,,,,미등록,폐콘크리트 0.3톤 ,2022-07-26,35.8780163,128.6338419
626,20220726-0327,07-26,동구 신천동 137-1,지하사유지,D=13mm 접합부 누수수선,"55,700 ","55,700 ",0 ,0 ,420 ,540 ,510 ,130 ,50 ,270 ,180,0,15.0,스텐레스관,이형관,노후,695.52,221.0,42,,0 ,0 ,0 ,미등록,,2022-07-26,35.8688034,128.625545
628,20220727-0202,07-27,동구 불로동 29-24,지상사유지,D13mm 계량기 보호통 교체,"776,790 ","681,190 ","95,600 ",0 ,"10,420 ","13,420 ","12,620 ","3,440 ","1,270 ","6,860 ","1,950",0,15.0,계량기보호통(실),계량기보호통,노후,,205.0,77,,,,,미등록,폐콘크리트 0.1톤,2022-07-27,35.9135052,128.6415802
629,20220727-0364,07-27,동구 방촌동 1086-19,지하사유지,D25mm 계량기 보호통 교체,"959,630 ","801,630 ","158,000 ",0 ,"12,010 ","15,460 ","14,540 ","3,970 ","1,470 ","7,900 ","2,300",0,25.0,계량기보호통(실),계량기보호통,노후,"1,747.2",227.0,124-2,,0 ,0 ,0 ,미등록,폐콘크리트 0.28톤 ,2022-07-27,35.8797859,128.6639805
631,20220728-0405,07-28,동구 신암동 603-266,지상사유지,터파기후 지수전 개방,"243,720 ","243,720 ",0 ,0 ,"2,910 ","3,740 ","3,520 ",960 ,350 ,"1,910 ",740,0,15.0,기타,기타,기타,,211.0,8,0.0,0 ,0 ,0 ,미등록,,2022-07-28,35.8838398,128.6222498
632,20220728-0415,07-28,동구 상매동 143,지상사유지,D32mm 직관부 누수 수선(마을상수도),"1,206,100 ","1,206,100 ",0 ,0 ,"16,740 ","21,560 ","20,280 ","5,530 ","2,050 ","11,020 ","3,530",0,32.0,PFP관,직관,부식,,230.0,201,0.0,0 ,0 ,0 ,미등록,폐아 0.51,2022-07-28,35.9098391,128.7173754
633,20220728-0419,07-28,동구 효목동 458-18,지상사유지,D20mm 계량기 보호통 교체,"840,240 ","712,240 ","128,000 ",0 ,"11,020 ","14,190 ","13,350 ","3,640 ","1,350 ","7,250 ","2,020",0,20.0,계량기보호통(실),계량기보호통,노후,,223.0,46-2,,,,,미등록,폐콘크리트 0.28톤 ,2022-07-28,35.8758328,128.6393201
634,20220728-0430,07-28,동구 효목동 54-29,지상사유지,D13mm 계량기 보호통 교체,"830,540 ","734,940 ","95,600 ",0 ,"11,490 ","14,800 ","13,920 ","3,800 ","1,400 ","7,560 ","2,080",0,15.0,계량기보호통(실),계량기보호통,노후,,213.0,24,,,,,미등록,폐콘크리트 0.2톤 ,2022-07-28,35.8836913,128.6395428
635,20220729-0282,07-29,동구 효목동 65-5,지상사유지,D13mm 계량기보호통교체,"858,640 ","763,040 ","95,600 ",0 ,"11,900 ","15,320 ","14,410 ","3,930 ","1,460 ","7,830 ","2,160",0,15.0,계량기보호통(실),계량기보호통,노후,,213.0,24,,,,,미등록,폐콘크리트 0.3톤,2022-07-29,35.8851912,128.6368769
636,20220729-0325,07-29,동구 괴전동 117-32,지상사유지,D13mm 계량기 보호통 교체,"849,390 ","753,790 ","95,600 ",0 ,"11,050 ","14,230 ","13,390 ","3,650 ","1,350 ","7,270 ","2,170",0,15.0,계량기보호통(실),계량기보호통,노후,,235.0,237-1,,,,,미등록,폐콘크리트 0.3톤 ,2022-07-29,35.872702,128.7338265
637,20220729-0347,07-29,동구 신천동 850-14,지상사유지,D13mm 보호통내 연결부 누수수선,"59,970 ","59,970 ",0 ,0 ,700 ,900 ,850 ,230 ,80 ,460 ,180,0,15.0,계량기보호통(실),계량기보호통,노후,,221.0,49,,,,,미등록,,2022-07-29,35.8678278,128.619466
638,20220730-0039,07-30,동구 방촌동 1044-64,지상사유지,D13mm 계량기 보호통 수선완료,"886,020 ","790,420 ","95,600 ",0 ,"12,240 ","15,760 ","14,820 ","4,040 ","1,500 ","8,050 ","2,250",0,15.0,계량기보호통(실),계량기보호통,노후,,227.0,124-2,0.0,0 ,0 ,0 ,미등록,폐콘 0.21,2022-07-30,35.8806438,128.659846
641,20220804-0338,08-04,동구 신천동 312-8,지하공도,D200*32mm 구분기점 폐쇄,"435,190 ","435,190 ",0 ,0 ,"7,280 ","9,370 ","8,820 ","2,400 ",890 ,"4,790 ","1,210",0,32.0,부분기대,부분기대,노후,"5,184",222.0,43,,0 ,0 ,0 ,등록,,2022-08-04,35.8685061,128.6290815
642,20220804-0342,08-04,동구 불로동 680-1,지하공도,PFP D40x13 분기점 분기 및 폐쇄,"4,555,670 ","4,460,070 ","95,600 ",0 ,"66,390 ","85,480 ","80,400 ","21,940 ","8,140 ","43,690 ","12,670",0,15.0,PFP관,이형관,노후,527.04,207.0,78,1.35,"1,670 ","1,458 ",212 ,미등록,폐콘 4.82,2022-08-04,35.9086211,128.6367061
643,20220804-0355,08-04,동구 불로동 135-4,지하공도,DTC D80x13 분기점 누수 수선,"360,080 ","360,080 ",0 ,0 ,"5,380 ","6,930 ","6,520 ","1,780 ",660 ,"3,540 ","1,030",0,15.0,부분기대,부분기대,노후,527.04,204.0,76,,0 ,0 ,0 ,등록,,2022-08-04,35.9154749,128.6402319
644,20220805-0155,08-05,동구 신천동 403-3,지상사유지,D13mm 계량기 보호통 교체,"946,360 ","850,760 ","95,600 ",0 ,"13,440 ","17,310 ","16,280 ","4,440 ","1,640 ","8,840 ","2,390",0,15.0,계량기보호통(실),계량기보호통,노후,,606.0,44-2,,,,,미등록,폐콘크리트 0.4톤 ,2022-08-05,35.8760945,128.6323711
650,20220808-0386,08-08,동구 방촌동 925-40,지하공도,D100*13mm 구분기점 폐쇄,"1,834,890 ","1,834,890 ",0 ,0 ,"22,130 ","28,490 ","26,800 ","7,310 ","2,710 ","14,560 ","5,480",0,15.0,부분기대,부분기대,노후,"1,214.4",228.0,125,0.5,618 ,540 ,78 ,등록,폐콘크리트 1.7톤 폐아스팔트 0.9톤 ,2022-08-08,35.8840438,128.6647465
652,20220809-0003,08-09,동구 신천동 73,기타,신천동 73번지 앞 배수펌프 교체공사,"13,985,140 ","2,162,340 ","80,800 ","11,742,000 ","22,000 ","28,330 ","26,650 ","7,270 ","2,690 ","14,480 ","6,560",0,,,,,,221.0,42,1.5,"1,855 ","1,620 ",235 ,미등록,폐아 4.9,2022-08-09,35.8759627,128.625184
653,20220809-0164,08-09,동구 율하동 67,지상사유지,D13mm 계량기보호통교체,"790,650 ","695,050 ","95,600 ",0 ,"10,550 ","13,590 ","12,780 ","3,480 ","1,290 ","6,940 ","2,000",0,15.0,계량기보호통(실),계량기보호통,노후,,233.0,250,,,,,미등록,,2022-08-09,35.8715794,128.6979525
654,20220809-0357,08-09,동구 용계동 702-2,기타,"(1)펌프설치 배관공사(D32mm L=9m), (2)펌프설치 전기공사(L=5m)","1,533,020 ","1,533,020 ",0 ,0 ,"22,150 ","28,520 ","26,820 ","7,320 ","2,710 ","14,570 ",0,0,,,,,,232.0,225,0.6,742 ,648 ,94 ,미등록,폐아스팔트 2.1톤,2022-08-09,35.8747127,128.6899382
655,20220809-0464,08-09,동구 효목동 508-9,지하사유지,D13mm 계량기보호통교체,"772,010 ","676,410 ","95,600 ",0 ,"10,620 ","13,680 ","12,870 ","3,510 ","1,300 ","6,990 ","1,920",0,15.0,계량기보호통(실),계량기보호통,노후,298.8,606.0,36,,0 ,0 ,0 ,미등록,폐콘 0.14,2022-08-09,35.8732024,128.6350317
657,20220810-0407,08-10,동구 효목동 388-130,지하사유지,D13mm 계량기보호통교체,"716,050 ","620,450 ","95,600 ",0 ,"9,660 ","12,440 ","11,700 ","3,190 ","1,180 ","6,360 ","1,770",0,15.0,계량기보호통(실),계량기보호통,노후,120,606.0,36,,0 ,0 ,0 ,미등록,폐콘 0.09,2022-08-10,35.8774035,128.6338245
658,20220811-0224,08-11,동구 신천동 277-7,지상사유지,D13mm 계량기보호통교체,"759,360 ","663,760 ","95,600 ",0 ,"10,480 ","13,490 ","12,690 ","3,460 ","1,280 ","6,890 ","1,880",0,15.0,계량기보호통(실),계량기보호통,노후,,221.0,41,,,,,미등록,폐콘크리트 0.1톤 ,2022-08-11,35.8741596,128.6194904
661,20220812-0222,08-12,동구 신암동 152-20,지상공도,D40mm 제수변 폐(N=2),"68,690 ","68,690 ",0 ,0 ,870 ,"1,120 ","1,060 ",280 ,100 ,570 ,200,0,40.0,기타,기타,기타,0.79,212.0,5,0.0,0 ,0 ,0 ,미등록,,2022-08-12,35.8858881,128.6304639
662,20220812-0274,08-12,동구 신암동 640-4,지상사유지,D13mm 계량기보호통교체,"521,340 ","425,740 ","95,600 ",0 ,"7,380 ","9,500 ","8,940 ","2,440 ",900 ,"4,850 ","1,160",0,15.0,계량기보호통(실),계량기보호통,노후,,211.0,7,0.0,0 ,0 ,0 ,미등록,,2022-08-12,35.8864123,128.6192701
663,20220812-0301,08-12,동구 신천동 265-31,지하공도,D32×20mm 분기점누수 수선,"480,080 ","480,080 ",0 ,0 ,"6,200 ","7,990 ","7,510 ","2,050 ",760 ,"4,080 ","1,450",0,20.0,스텐레스관,이형관,노후,111.36,221.0,41,0.125,155 ,135 ,20 ,등록,,2022-08-12,35.8738691,128.6204859
664,20220812-0306,08-12,동구 방촌동 1044-13,지상공도,D80×13mm 분기점누수 수선,"650,590 ","650,590 ",0 ,0 ,"10,260 ","13,220 ","12,430 ","3,390 ","1,250 ","6,750 ","1,840",0,15.0,부분기대,부분기대,노후,1,227.0,124-2,0.148,183 ,160 ,23 ,등록,,2022-08-12,35.8810504,128.6589127
668,20220816-0081,08-16,동구 방촌동 1113-231,지상사유지,D13mm 계량기보호통교체,"876,650 ","781,050 ","95,600 ",0 ,"12,100 ","15,580 ","14,650 ","4,000 ","1,480 ","7,960 ","2,220",0,15.0,계량기보호통(실),계량기보호통,노후,,227.0,138,0.0,0 ,0 ,0 ,미등록,폐콘 0.21,2022-08-16,35.8782395,128.6696299
669,20220817-0111,08-17,동구 금강동 390-1,지상공도,STS D25x13 분기점 누수 수선,"2,179,120 ","2,179,120 ",0 ,0 ,"32,360 ","41,670 ","39,200 ","10,700 ","3,970 ","21,300 ","6,190",0,15.0,스텐레스관,이형관,노후,1,236.0,289,0.02,25 ,22 ,3 ,등록,폐콘 2.4,2022-08-17,35.8582955,128.7379868
670,20220817-0150,08-17,동구 도동 456-1,지상사유지,D13mm 계량기보호통교체,"757,700 ","662,100 ","95,600 ",0 ,"10,000 ","12,880 ","12,110 ","3,300 ","1,220 ","6,580 ","1,900",0,15.0,계량기보호통(실),계량기보호통,노후,,205.0,80,0.0,0 ,0 ,0 ,미등록,폐콘 0.14,2022-08-17,35.9200811,128.6617598
671,20220818-0017,08-18,동구 신암동 703-30,지상공도,D80x13 분기점 수선 및 터파기,"683,340 ","683,340 ",0 ,0 ,"11,330 ","14,590 ","13,720 ","3,740 ","1,390 ","7,450 ","1,900",0,15.0,부분기대,부분기대,노후,1,211.0,2,0.0,0 ,0 ,0 ,등록,,2022-08-18,35.8871224,128.6165864
672,20220818-0061,08-18,동구 중대동 529,지상사유지,D13mm 계량기보호통교체,"762,180 ","666,580 ","95,600 ",0 ,"10,010 ","12,890 ","12,130 ","3,310 ","1,220 ","6,590 ","1,920",0,15.0,계량기보호통(실),계량기보호통,노후,,201.0,54,0.0,0 ,0 ,0 ,미등록,,2022-08-18,35.9812039,128.635055
674,20220819-0102,08-19,동구 불로동 1036-17,지상사유지,D13mm 계량기보호통교체,"841,830 ","746,230 ","95,600 ",0 ,"11,490 ","14,800 ","13,920 ","3,800 ","1,400 ","7,560 ","2,130",0,15.0,계량기보호통(실),계량기보호통,노후,,208.0,92,0.0,0 ,0 ,0 ,미등록,폐콘 0.17,2022-08-19,35.8976715,128.6317604
678,20220822-0229,08-22,동구 검사동 1018-13,지상사유지,D13mm 계량기보호통교체,"774,780 ","679,180 ","95,600 ",0 ,"11,250 ","14,480 ","13,620 ","3,720 ","1,380 ","7,400 ","1,880",0,15.0,계량기보호통(실),계량기보호통,노후,,210.0,111-1,0.0,0 ,0 ,0 ,미등록,폐콘 0.21,2022-08-22,35.8884061,128.6492269
679,20220822-0331,08-22,동구 불로동 1061-6,지상사유지,D13mm 계량기보호통교체,"869,690 ","774,090 ","95,600 ",0 ,"11,750 ","15,130 ","14,230 ","3,880 ","1,440 ","7,730 ","2,210",0,15.0,계량기보호통(실),계량기보호통,노후,,208.0,99,,,,,미등록,폐콘크리트 0.3톤 ,2022-08-22,35.8954454,128.6334022
680,20220822-0393,08-22,동구 불로동 382-5,지상사유지,D13mm 계량기보호통교체,"892,860 ","797,260 ","95,600 ",0 ,"12,800 ","16,480 ","15,500 ","4,230 ","1,570 ","8,420 ","2,250",0,15.0,계량기보호통(실),계량기보호통,노후,,205.0,77,,,,,미등록,,2022-08-22,35.9133977,128.6417169
681,20220822-0412,08-22,동구 신암동 183-26,지상사유지,D13mm 계량기보호통교체,"1,002,150 ","906,550 ","95,600 ",0 ,"14,210 ","18,300 ","17,210 ","4,690 ","1,740 ","9,350 ","2,560",0,15.0,계량기보호통(실),계량기보호통,노후,,217.0,17,0.0,0 ,0 ,0 ,미등록,폐콘크리트 0.4톤,2022-08-22,35.8791643,128.6187133
682,20220822-0571,08-22,동구 방촌동 860-14 8동,지하사유지,D32mm 계량기보호통교체,"1,502,010 ","1,276,010 ","226,000 ",0 ,"17,380 ","22,380 ","21,050 ","5,740 ","2,130 ","11,430 ","3,790",0,32.0,계량기보호통(실),계량기보호통,노후,251.52,226.0,133,0.163,202 ,176 ,26 ,미등록,,2022-08-22,35.8808948,128.6707937
685,20220823-0089,08-23,동구 진인동 694,지상사유지,D13mm 계량기보호통교체,"1,168,940 ","1,073,340 ","95,600 ",0 ,"17,150 ","22,090 ","20,770 ","5,670 ","2,100 ","11,290 ","3,000",0,15.0,계량기보호통(실),계량기보호통,노후,,201.0,313,,,,,미등록,폐콘크리트 0.6톤 ,2022-08-23,35.9519138,128.7072112
687,20220825-0007,08-25,동구 신암동 651-44,지상사유지,D20mm 계량기보호통교체,"1,084,370 ","956,370 ","128,000 ",0 ,"15,100 ","19,440 ","18,290 ","4,990 ","1,850 ","9,940 ","2,700",0,20.0,계량기보호통(실),계량기보호통,노후,,211.0,3,,,,,미등록,폐콘크리트 0.4톤 ,2022-08-25,35.8912579,128.6205819
693,20220829-0008,08-29,동구 상매동 505-8,지상공도,D80×32mm 분기점누수 수선,"2,409,270 ","2,409,270 ",0 ,0 ,"36,430 ","46,910 ","44,120 ","12,040 ","4,460 ","23,970 ","6,940",0,32.0,부분기대,부분기대,노후,54.4,230.0,201,0.234,290 ,253 ,37 ,등록,,2022-08-29,35.8874196,128.706241
696,20220829-0602,08-29,동구 입석동 932-137,기타,인도침하 보수,"78,950 ","78,950 ",0 ,0 ,620 ,800 ,750 ,200 ,70 ,410 ,0,0,,,,,,210.0,108-1,,0 ,0 ,0 ,미등록,,2022-08-29,35.8916209,128.6467205
699,20220831-0452,08-31,동구 방촌동 1084-294,지상사유지,D13mm 보호통 교체,"863,280 ","767,680 ","95,600 ",0 ,"11,850 ","15,250 ","14,350 ","3,910 ","1,450 ","7,790 ","2,180",0,15.0,계량기보호통(실),계량기보호통,노후,,227.0,124-2,,,,,미등록,폐콘크리트 0.2톤 ,2022-08-31,35.8782803,128.6634951
381,20220504-0001,05-04,동구 방촌동 858-9 외 6개소,시설물수선,변실정비(압력계N=9),"1,612,910 ","1,612,910 ",0 ,0 ,"12,940 ","16,660 ","15,670 ","4,270 ","1,580 ","8,510 ",0,0,,,,,,228.0,132,,0 ,0 ,0 ,미등록,,2022-05-04,35.8800417,128.6690738
688,20220825-0497,08-25,동구 불로동 659-5,지하공도,D80x25mm 분기점 수선 외,"6,858,060 ","6,858,060 ",0 ,0 ,"91,060 ","117,240 ","110,280 ","30,100 ","11,170 ","59,920 ","19,850",0,25.0,부분기대,부분기대,노후,"1,240.8",207.0,79,,0 ,0 ,0 ,등록,"폐콘 8, 폐아 3.6",2022-08-25,35.9091182,128.638007
692,20220828-0111,08-28,동구 신암동 220-19,지상사유지,"D13 계량기 보호통 수선
","958,710 ","863,110 ","95,600 ",0 ,"13,920 ","17,930 ","16,860 ","4,600 ","1,700 ","9,160 ","2,420",0,15.0,계량기보호통(실),계량기보호통,노후,,217.0,18,,,,,미등록,폐콘 0.26,2022-08-28,35.8823083,128.6226536
700,20220901-0035,09-01,동구 효목동 189-29,지상사유지,D13 계량기 보호통 수선,"787,330 ","691,730 ","95,600 ",0 ,"10,900 ","14,040 ","13,210 ","3,600 ","1,330 ","7,170 ","1,960",0,15.0,계량기보호통(실),계량기보호통,노후,,213.0,38,0.0,0 ,0 ,0 ,미등록,폐콘 0.12,2022-09-01,35.879635,128.6459938
702,20220901-0049,09-01,동구 신암동 1506,지하공도,D80x13 분기점 누수수선,"1,503,740 ","1,503,740 ",0 ,0 ,"19,250 ","24,780 ","23,310 ","6,360 ","22,360 ","12,660 ","4,490",0,15.0,부분기대,부분기대,노후,130.08,209.0,12,0.33,408 ,356 ,52 ,등록,폐아 0.81,2022-09-01,35.8874985,128.6382089
703,20220901-0344,09-01,동구 신암동 335-6,지하미누수,터파기결과-미누수(D32×13mm),"476,590 ","476,590 ",0 ,0 ,"7,320 ","9,430 ","8,870 ","2,420 ",890 ,"4,820 ",0,0,,,,,,212.0,20,,0 ,0 ,0 ,미등록,폐콘 0.46,2022-09-01,35.8841013,128.6316421
704,20220901-0345,09-01,동구 신암동 703-23,지하미누수,확인 터파기 결과 미누수,"185,860 ","185,860 ",0 ,0 ,"2,820 ","3,640 ","3,420 ",930 ,340 ,"1,860 ",530,0,,,,,,211.0,2,,0 ,0 ,0 ,미등록,,2022-09-01,35.8871165,128.6163365
705,20220901-0351,09-01,동구 신암동 702-5,지하공도,D80*13mm 구분기점 폐쇄,"225,840 ","225,840 ",0 ,0 ,"3,270 ","4,210 ","3,960 ","1,080 ",400 ,"2,150 ",650,0,15.0,부분기대,부분기대,노후,"5,856",211.0,2,,0 ,0 ,0 ,등록,,2022-09-01,35.8872428,128.6163869
708,20220901-0362,09-01,동구 불로동 675,지하사유지,D13mm 보호통 교체,"782,860 ","687,260 ","95,600 ",0 ,"10,700 ","13,780 ","12,960 ","3,530 ","1,310 ","7,040 ","1,960",0,15.0,계량기보호통(실),계량기보호통,노후,819.84,207.0,78,,0 ,0 ,0 ,미등록,,2022-09-01,35.9083734,128.6374506
709,20220901-0381,09-01,동구 신암동 213-2,지하공도,D80*20mm 구분기점 폐쇄,"1,167,930 ","1,167,930 ",0 ,0 ,"15,730 ","20,260 ","19,050 ","5,200 ","1,930 ","10,350 ","3,450",0,20.0,부분기대,부분기대,노후,"5,856",217.0,18,0.3,371 ,324 ,47 ,등록,폐아 0.6톤,2022-09-01,35.88109,128.6206262
710,20220901-0442,09-01,동구 신암동 329-18,지하사유지,D13mm 계량기 보호통 교체 ,"865,500 ","769,900 ","95,600 ",0 ,"12,250 ","15,770 ","14,840 ","4,050 ","1,500 ","8,060 ","2,170",0,15.0,계량기보호통(실),계량기보호통,노후,585.6,212.0,20,,0 ,0 ,0 ,미등록,폐콘 0.2톤 ,2022-09-01,35.8834534,128.6298367
710,20220905-0013,09-05,동구 중대동 1092-1,지하공도,D25*13mm 접합부 누수수선,"750,870 ","655,270 ","95,600 ",0 ,"9,810 ","12,630 ","11,880 ","3,240 ","1,200 ","6,460 ","1,890",0,15.0,스텐레스관,이형관,노후,"6,606.72",201.0,54,,0 ,0 ,0 ,등록,,2022-09-05,35.9795555,128.6307824
711,20220901-0596,09-01,동구 효목동 191-1,지하사유지,D13mm 계량기 보호통 교체,"815,320 ","719,720 ","95,600 ",0 ,"11,360 ","14,620 ","13,760 ","3,750 ","1,390 ","7,470 ","2,030",0,15.0,계량기보호통(실),계량기보호통,노후,585.6,213.0,38,,0 ,0 ,0 ,미등록,폐콘 0.2톤 ,2022-09-01,35.8791277,128.6450002
712,20220902-0012,09-02,동구 효목동 183-9,지상사유지,"현장출동(N=21)712,719,722,723,724,729,738,742,749,754,756,762,767,776,777,779,782,786,794,797","776,170 ","776,170 ",0 ,0 ,0 ,0 ,0 ,0 ,0 ,0 ,"2,890",0,15.0,기타,기타,기타,,213.0,38,0.0,0 ,0 ,0 ,미등록,,2022-09-02,35.8794174,128.6473918
713,20220902-0017,09-02,동구 신암동 626-2,지하공도,D100×20mm 분기점누수 수선,"1,193,480 ","1,193,480 ",0 ,0 ,"15,810 ","20,360 ","19,150 ","5,220 ","1,930 ","10,410 ","3,550",0,20.0,부분기대,부분기대,노후,"5,880",211.0,9,0.2,247 ,216 ,31 ,등록,폐아 0.5톤,2022-09-02,35.8868055,128.6227158
714,20220902-0158,09-02,동구 신암동 626-41,지하사유지,D13mm 계량기 보호통 교체,"729,370 ","633,770 ","95,600 ",0 ,"9,790 ","12,610 ","11,860 ","3,230 ","1,200 ","6,440 ","1,810",0,15.0,계량기보호통(실),계량기보호통,노후,588,211.0,7,,0 ,0 ,0 ,미등록,폐콘 0.1톤,2022-09-02,35.886202,128.6223071
717,20220905-0137,09-05,동구 신천동 284-11,지하공도,D40mm 구분기대 누수수선 및 맹판처리,"1,215,840 ","1,215,840 ",0 ,0 ,"16,430 ","21,150 ","19,900 ","5,430 ","2,010 ","10,810 ","3,640",0,40.0,스텐레스관,이형관,노후,"5,952",221.0,41,,0 ,0 ,0 ,등록,,2022-09-05,35.8746453,128.6230135
720,20220906-0111,09-06,동구 효목동 461-1,,확인터파기(N=1),"1,104,860 ","1,104,860 ",0 ,0 ,"15,080 ","19,420 ","18,270 ","4,980 ","1,850 ","9,930 ","3,250",0,15.0,기타,기타,기타,1,223.0,46-2,0.0,0 ,0 ,0 ,미등록,폐아 0.63,2022-09-06,35.8752621,128.6386596
721,20220906-0201,09-06,동구 신천동 534,지상공도,PFP 40x13 분기점 수선,"425,420 ","425,420 ",0 ,0 ,"6,920 ","8,910 ","8,380 ","2,290 ",840 ,"4,550 ","1,190",0,15.0,스텐레스관,이형관,노후,2,219.0,29,0.0,0 ,0 ,0 ,등록,,2022-09-06,35.8754688,128.6166269
728,20220907-0073,09-07,동구 미대동 279,지상사유지,D13mm 계량기보호통교체,"1,059,330 ","963,730 ","95,600 ",0 ,"14,840 ","19,110 ","17,980 ","4,900 ","1,820 ","9,770 ","2,740",0,15.0,계량기보호통(실),계량기보호통,노후,,201.0,300,,,,,미등록,폐콘 0.3톤,2022-09-07,35.9590917,128.6690276
730,20220907-0299,09-07,동구 효목동 48-57,지상사유지,D13mm 계량기보호통교체,"896,890 ","801,290 ","95,600 ",0 ,"12,680 ","16,330 ","15,360 ","4,190 ","1,550 ","8,350 ","2,260",0,15.0,계량기보호통(실),계량기보호통,노후,,213.0,24,,,,,미등록,폐콘 0.3톤,2022-09-07,35.8822491,128.638041
732,20220907-0320,09-07,동구 신암동 786-7,지상사유지,"D13mm 계량기보호통교체
","798,970 ","703,370 ","95,600 ",0 ,"11,460 ","14,760 ","13,880 ","3,780 ","1,400 ","7,540 ","1,980",0,15.0,계량기보호통(실),계량기보호통,노후,,211.0,6,,,,,미등록,,2022-09-07,35.8837417,128.615844
734,20220908-0154,09-08,동구 신암동 603-267,지하사유지,D13mm 계량기보호통교체,"768,830 ","673,230 ","95,600 ",0 ,"10,640 ","13,700 ","12,890 ","3,510 ","1,300 ","7,000 ","1,910",0,15.0,계량기보호통(실),계량기보호통,노후,602.4,211.0,8,,0 ,0 ,0 ,미등록,,2022-09-08,35.8838188,128.6221724
735,20220908-0155,09-08,동구 신암동 176-23,지하공도,D80×13mm 분기점누수 수선,"1,636,740 ","1,636,740 ",0 ,0 ,"21,420 ","27,580 ","25,950 ","7,080 ","2,620 ","14,100 ","4,880",0,15.0,부분기대,부분기대,노후,"6,024",217.0,17,0.3,371 ,324 ,47 ,등록,폐아 0.7톤,2022-09-08,35.8802421,128.6154405
737,20220908-0242,09-08,동구 지저동 193-9,지상사유지,D13mm 계량기보호통교체,"860,930 ","765,330 ","95,600 ",0 ,"11,520 ","14,840 ","13,950 ","3,810 ","1,410 ","7,580 ","2,200",0,15.0,계량기보호통(실),계량기보호통,노후,,206.0,85,0.0,0 ,0 ,0 ,미등록,폐콘 0.18,2022-09-08,35.9083242,128.6436829
739,20220912-0002,09-12,동구 방촌동 941-6,지상공도,D50x15번지 분기점 누수 수선 완료,"610,200 ","610,200 ",0 ,0 ,"8,810 ","11,350 ","10,670 ","2,910 ","1,080 ","5,800 ","1,780",0,20.0,스텐레스관,이형관,노후,2,228.0,125,0.0,0 ,0 ,0 ,등록,,2022-09-12,35.88531,128.6654722
740,20220913-0079,09-13,동구 효목동 401-7,지상공도,D13mm 접합부누수 수선,"335,960 ","335,960 ",0 ,0 ,"4,680 ","6,030 ","5,670 ","1,540 ",570 ,"3,080 ",990,0,15.0,스텐레스관,이형관,부식,2,606.0,36,0.0,0 ,0 ,0 ,등록,,2022-09-13,35.875341,128.6349529
741,20220913-0110,09-13,동구 방촌동 1113-68,지하사유지,"D13mm 계량기보호통교체
","781,780 ","686,180 ","95,600 ",0 ,"10,240 ","13,190 ","12,410 ","3,380 ","1,250 ","6,740 ","1,960",0,15.0,계량기보호통(실),계량기보호통,노후,611.28,227.0,138,,0 ,0 ,0 ,등록,폐콘 0.33,2022-09-13,35.8783455,128.6716121
744,20220913-0222,09-13,동구 송정동 646,지상사유지,"D13mm 계량기보호통교체
","701,830 ","606,230 ","95,600 ",0 ,"9,860 ","12,690 ","11,940 ","3,250 ","1,200 ","6,480 ","1,700",0,15.0,계량기보호통(실),계량기보호통,노후,,201.0,54,,,,,미등록,,2022-09-13,35.9933193,128.6191936
746,20220914-0005,09-14,동구 지저동 724-27,지상사유지,D13mm 계량기보호통교체,"827,530 ","731,930 ","95,600 ",0 ,"10,810 ","13,920 ","13,090 ","3,570 ","1,320 ","7,110 ","2,110",0,15.0,계량기보호통(실),계량기보호통,노후,,208.0,99,,,,,미등록,폐콘 0.2톤 ,2022-09-14,35.8945011,128.6359897
748,20220915-0212,09-15,동구 각산동 297-1,지상사유지,D25mm 계량기보호통교체,"665,310 ","507,310 ","158,000 ",0 ,"6,450 ","8,300 ","7,810 ","2,130 ",790 ,"4,240 ","1,530",0,25.0,계량기보호통(실),계량기보호통,노후,,235.0,259-2,0.0,0 ,0 ,0 ,미등록,페콘 0.1톤,2022-09-15,35.8678383,128.7221705
750,20220916-0032,09-16,동구 신기동 354-3,지상사유지,D13mm 계량기 보호통 교체,"888,370 ","792,770 ","95,600 ",0 ,"12,210 ","15,730 ","14,790 ","4,030 ","1,490 ","8,040 ","2,270",0,15.0,계량기보호통(실),계량기보호통,노후,,234.0,274,,,,,미등록,,2022-09-16,35.8646959,128.7051323
753,20220917-0017,09-17,동구 방촌동 890-25,지상사유지,D13mm 계량기보호통교체,"723,370 ","627,770 ","95,600 ",0 ,"9,510 ","12,250 ","11,520 ","3,140 ","1,160 ","6,260 ","1,800",0,15.0,계량기보호통(실),계량기보호통,노후,,228.0,125,,,,,미등록,폐콘 0.1톤,2022-09-17,35.8824502,128.6673599
755,20220919-0051,09-19,동구 용계동 107,지상사유지,D13mm 계량기보호통교체,"1,142,190 ","1,046,590 ","95,600 ",0 ,"15,430 ","19,870 ","18,690 ","5,100 ","1,890 ","10,160 ","3,020",0,15.0,계량기보호통(실),계량기보호통,노후,,232.0,225,0.2,247 ,216 ,31 ,미등록,폐콘 0.3톤 ,2022-09-19,35.8753696,128.6972734
758,20220919-0237,09-19,동구 신암동 625-141,지상사유지,D13mm 계량기보호통교체,"851,330 ","755,730 ","95,600 ",0 ,"12,040 ","15,500 ","14,580 ","3,980 ","1,470 ","7,920 ","2,130",0,15.0,계량기보호통(실),계량기보호통,노후,,211.0,9,0.0,0 ,0 ,0 ,미등록,폐콘 0.2톤,2022-09-19,35.8872764,128.6243095
759,20220920-0423,09-20,동구 검사동 1025-36,지하사유지,D13mm 계량기보호통교체,"836,590 ","740,990 ","95,600 ",0 ,"11,320 ","14,580 ","13,710 ","3,740 ","1,380 ","7,450 ","2,120",0,15.0,계량기보호통(실),계량기보호통,노후,561.6,210.0,111-1,,0 ,0 ,0 ,미등록,폐콘 0.15,2022-09-20,35.8886694,128.6468228
763,20220922-0132,09-22,동구 방촌동 1113-69,지하사유지,"D13mm 계량기보호통교체
","647,500 ","551,900 ","95,600 ",0 ,"9,080 ","11,690 ","10,990 ","3,000 ","1,110 ","5,970 ","1,530",0,15.0,계량기보호통(실),계량기보호통,노후,630.72,227.0,138,,0 ,0 ,0 ,미등록,폐콘 0.11,2022-09-22,35.8782713,128.6715783
764,20220922-0140,09-22,동구 효목동 452-7,지상사유지,D13mm 계량기보호통교체,"793,580 ","697,980 ","95,600 ",0 ,"10,950 ","14,100 ","13,270 ","3,620 ","1,340 ","7,210 ","1,980",0,15.0,계량기보호통(실),계량기보호통,노후,,223.0,46-2,,,,,미등록,폐콘 0.2톤,2022-09-22,35.8772293,128.6380049
766,20220922-0330,09-22,동구 불로동 1066-31,지상사유지,D13mm 계량기보호통교체,"795,110 ","699,510 ","95,600 ",0 ,"10,640 ","13,700 ","12,890 ","3,510 ","1,300 ","7,000 ","2,000",0,15.0,계량기보호통(실),계량기보호통,노후,,208.0,99,,,,,미등록,폐콘 0.1톤,2022-09-22,35.89538,128.6348296
768,20220923-0437,09-23,동구 신암동 612-81,지하사유지,"D13mm 계량기보호통교체
","737,250 ","641,650 ","95,600 ",0 ,"10,270 ","13,220 ","12,430 ","3,390 ","1,260 ","6,750 ","1,810",0,15.0,계량기보호통(실),계량기보호통,노후,632.88,211.0,8,,0 ,0 ,0 ,미등록,,2022-09-23,35.8841323,128.6219472
770,20220926-0036,09-26,동구 지저동 662-19,지상공도,D40×25mm 분기점누수 수선,"1,326,660 ","1,326,660 ",0 ,0 ,"19,560 ","25,190 ","23,690 ","6,460 ","2,400 ","12,870 ","3,830",0,25.0,스텐레스관,이형관,노후,2,208.0,101-2,0.0,0 ,0 ,0 ,등록,폐아 0.41,2022-09-26,35.8965167,128.6408442
770,20220926-0041,09-26,동구 신암동 657-184,지하사유지,D13mm 계량기보호통교체,"635,570 ","539,970 ","95,600 ",0 ,"8,340 ","10,740 ","10,100 ","2,750 ","1,020 ","5,490 ","1,540",0,15.0,계량기보호통(실),계량기보호통,노후,639.36,211.0,3,,0 ,0 ,0 ,미등록,폐콘 0.09,2022-09-26,35.8886382,128.6183481
771,20220926-0038,09-26,동구 둔산동 220-2,지하사유지,D13mm 계량기보호통교체,"737,470 ","641,870 ","95,600 ",0 ,"10,070 ","12,960 ","12,190 ","3,320 ","1,230 ","6,620 ","1,820",0,15.0,계량기보호통(실),계량기보호통,노후,639.36,225.0,98,,0 ,0 ,0 ,미등록,폐콘 0.11,2022-09-26,35.8998578,128.687125
780,20220926-0552,09-26,동구 불로동 866-2 동촌지구 파크골프장,배수관망유지수선,PE D40mm 직관부 밸브설치,"1,947,380 ","1,947,380 ",0 ,0 ,"20,940 ","26,960 ","25,360 ","6,920 ","2,560 ","13,780 ","6,020",0,,,,,,207.0,83,0.389,481 ,420 ,61 ,미등록,폐콘 2.02,2022-09-26,35.9061338,128.6310846
784,20220927-0588,09-27,동구 불로동 866-2 동촌빗물펌프장,지하공도,D40mm 직관부누수 수선,"1,825,120 ","1,825,120 ",0 ,0 ,"22,080 ","28,430 ","26,740 ","7,300 ","2,700 ","14,530 ","5,460",0,40.0,PE관,직관,노후,"35,640",207.0,83,0.385,476 ,416 ,60 ,미등록,폐콘 2.12,2022-09-27,35.9061338,128.6310846
785,20220928-0049,09-28,동구 지저동 710-15,지하공도,D50×20mm 분기점누수 수선,"1,286,320 ","1,286,320 ",0 ,0 ,"18,270 ","23,530 ","22,130 ","6,040 ","2,240 ","12,020 ","3,750",0,20.0,스텐레스관,이형관,노후,"1,072.8",208.0,92,0.23,284 ,248 ,36 ,등록,폐아 0.47,2022-09-28,35.8966808,128.6359496
793,20220929-0161,09-29,동구 효목동 369-8,지상공도,D40×13mm 분기점누수 수선,"1,192,410 ","1,192,410 ",0 ,0 ,"17,400 ","22,410 ","21,080 ","5,750 ","2,130 ","11,450 ","3,450",0,15.0,스텐레스관,이형관,노후,2,223.0,37,0.213,263 ,230 ,33 ,등록,폐아 0.47,2022-09-29,35.878399,128.6380746
802,20220930-0413,09-30,동구 신기동 160-82,지상공도,D100×13mm 분기점누수 수선(폐쇄),"1,805,200 ","1,805,200 ",0 ,0 ,"22,290 ","28,700 ","27,000 ","7,370 ","2,730 ","14,670 ","5,440",0,15.0,부분기대,부분기대,노후,2,233.0,250,0.0,0 ,0 ,0 ,등록,폐아 0.94,2022-09-30,35.8720456,128.7014645
804,20220930-0415,09-30,동구 용계동 966,지상공도,D25mm L=42m 누수수선,"3,186,070 ","3,186,070 ",0 ,0 ,"48,530 ","62,490 ","58,780 ","16,040 ","5,950 ","31,940 ","9,150",0,25.0,스텐레스관,직관,기타,2,231.0,246,0.0,0 ,0 ,0 ,미등록,,2022-09-30,35.8742254,128.6850368
659,20220812-0061,08-12,동구 신천동 75-10,,중구역(0221) 배수펌프 교체공사,"2,067,720 ","1,986,920 ","80,800 ",0 ,"22,000 ","28,330 ","26,650 ","7,270 ","2,690 ","14,480 ","5,910",0,15.0,기타,기타,기타,0,221.0,42,0.0,0 ,0 ,0 ,미등록,,2022-08-12,35.8760418,128.6247896
701,20220901-0048,09-01,동구 금강동 434-7,지하사유지,D25mm 직관부 누수 수선 외,"5,113,770 ","5,018,170 ","95,600 ",0 ,"67,210 ","86,540 ","81,400 ","22,220 ","8,240 ","44,230 ","14,720",0,25.0,PFP관,직관,노후,249.6,236.0,290,0.5,618 ,540 ,78 ,미등록,폐콘 4.97,2022-09-01,35.8604303,128.7408053
706,20220901-0353,09-01,동구 효목동 393-8,지상공도,D40×13mm 분기점 누수수선,"738,270 ","738,270 ",0 ,0 ,"11,650 ","15,000 ","14,110 ","3,850 ","1,420 ","7,670 ","2,100",0,15.0,스텐레스관,이형관,노후,1,606.0,36,0.2,247 ,216 ,31 ,등록,,2022-09-01,35.8773675,128.6329192
707,20220901-0358,09-01,동구 불로동 669,지하공도,D40×13mm 분기점누수 수선,"308,300 ","308,300 ",0 ,0 ,"3,700 ","4,770 ","4,480 ","1,220 ",450 ,"2,430 ",940,0,15.0,스텐레스관,이형관,노후,936.96,207.0,79,,0 ,0 ,0 ,등록,,2022-09-01,35.9089163,128.6369197
726,20220906-0326,09-06,동구 신천동 802,지하사유지,D25mm 계량기보호통교체,"813,930 ","655,930 ","158,000 ",0 ,"10,020 ","12,910 ","12,140 ","3,310 ","1,220 ","6,590 ","1,880",0,25.0,계량기보호통(실),계량기보호통,노후,"2,091.6",220.0,48,,0 ,0 ,0 ,미등록,폐콘 0.1톤,2022-09-06,35.869164,128.6177916
731,20220907-0318,09-07,동구 효목동 189-9 302호,지하사유지,D13mm 계량기보호통교체,"990,520 ","894,920 ","95,600 ",0 ,"14,050 ","18,090 ","17,020 ","4,640 ","1,720 ","9,240 ","2,520",0,15.0,계량기보호통(실),계량기보호통,노후,583.2,213.0,38,,0 ,0 ,0 ,미등록,폐콘 0.5,2022-09-07,35.8790213,128.646282
745,20220913-0302,09-13,동구 검사동 962-19,지하사유지,D13mm 계량기보호통교체,"1,232,180 ","1,136,580 ","95,600 ",0 ,"17,030 ","21,930 ","20,630 ","5,630 ","2,080 ","11,210 ","3,220",0,15.0,계량기보호통(실),계량기보호통,노후,"6,552",210.0,111-1,0.03,37 ,32 ,5 ,미등록,폐콘 1.1,2022-09-13,35.885603,128.6516448
757,20220919-0171,09-19,동구 신천동 819-5,지상사유지,"밸브수선(N=3 757,787,803)","257,140 ","257,140 ",0 ,0 ,"1,760 ","2,260 ","2,130 ",580 ,210 ,"1,150 ",850,0,15.0,계량기보호통(실),앵글밸브,노후,,220.0,48,0.0,0 ,0 ,0 ,미등록,,2022-09-19,35.8688108,128.6149174
760,20220921-0030,09-21,동구 신암동 335-6,지하사유지,D13mm 계량기보호통교체,"686,840 ","591,240 ","95,600 ",0 ,"9,230 ","11,880 ","11,180 ","3,050 ","1,130 ","6,070 ",0,0,15.0,계량기보호통(실),계량기보호통,노후,"6,264",212.0,20,,0 ,0 ,0 ,미등록,폐콘 0.14,2022-09-21,35.8841013,128.6316421
761,20220921-0033,09-21,동구 신암동 626-2,지하사유지,D13mm 계량기보호통교체,"862,410 ","766,810 ","95,600 ",0 ,"12,210 ","15,720 ","14,790 ","4,030 ","1,490 ","8,030 ","2,160",0,15.0,계량기보호통(실),계량기보호통,노후,633.6,211.0,9,,0 ,0 ,0 ,미등록,폐콘 0.2톤,2022-09-21,35.8868055,128.6227158
791,20220929-0102,09-29,동구 지저동 869-12,지상사유지,D13mm 계량기보호통교체,"797,200 ","701,600 ","95,600 ",0 ,"10,730 ","13,820 ","13,000 ","3,540 ","1,310 ","7,060 ","2,000",0,15.0,계량기보호통(실),계량기보호통,노후,,208.0,107-1,,,,,미등록,폐콘 0.14톤,2022-09-29,35.8918971,128.6419951
792,20220929-0146,09-29,동구 지저동 781-8,지상사유지,D13mm 계량기보호통교체,"725,040 ","629,440 ","95,600 ",0 ,"9,470 ","12,190 ","11,470 ","3,130 ","1,160 ","6,230 ","1,810",0,15.0,계량기보호통(실),계량기보호통,노후,,208.0,106-2,0.0,0 ,0 ,0 ,미등록,폐콘 0.1,2022-09-29,35.8939957,128.6387622
795,20220929-0349,09-29,동구 효목동 420-1,지상사유지,D13mm 계량기보호통교체,"695,340 ","599,740 ","95,600 ",0 ,"9,490 ","12,220 ","11,500 ","3,130 ","1,160 ","6,250 ","1,700",0,15.0,계량기보호통(실),계량기보호통,노후,,606.0,36,,,,,미등록,,2022-09-29,35.8773594,128.6355215
798,20220930-0217,09-30,동구 도동 262-3,지상사유지,D13mm 계량기보호통교체,"828,890 ","733,290 ","95,600 ",0 ,"11,270 ","14,520 ","13,660 ","3,720 ","1,380 ","7,420 ","2,090",0,15.0,계량기보호통(실),계량기보호통,노후,,206.0,72,,,,,미등록,폐콘 0.21톤,2022-09-30,35.9186776,128.6584877
799,20220930-0383,09-30,동구 효목동 199-20,지상사유지,D25mm 계량기보호통교체,"918,780 ","760,780 ","158,000 ",0 ,"11,500 ","14,800 ","13,920 ","3,800 ","1,410 ","7,560 ","2,180",0,25.0,계량기보호통(실),계량기보호통,노후,,213.0,38,0.0,0 ,0 ,0 ,미등록,폐콘 0.33,2022-09-30,35.8779028,128.6460001
800,20220930-0411,09-30,동구 효목동 381-2,지상사유지,D13mm 계량기보호통교체,"879,460 ","783,860 ","95,600 ",0 ,"12,460 ","16,040 ","15,090 ","4,120 ","1,520 ","8,200 ","2,210",0,15.0,계량기보호통(실),계량기보호통,노후,,223.0,37,,,,,미등록,폐콘 0.17,2022-09-30,35.8794458,128.6361096
805,20221002-0001,10-02,동구 둔산동 1051,지상공도,D25mm 직관부 누수 수선,"1,380,600 ","1,380,600 ",0 ,0 ,"20,480 ","26,370 ","24,810 ","6,770 ","2,510 ","13,480 ","3,970",0,25.0,스텐레스관,직관,노후,1.56,226.0,102,0.3,371 ,324 ,47 ,등록,폐아 0.6톤,2022-10-02,35.8975341,128.6712572
807,20221005-0075,10-05,동구 신천동 682-26,지상사유지,D13mm 계량기 보호통 교체,"738,160 ","642,560 ","95,600 ",0 ,"10,140 ","13,050 ","12,280 ","3,350 ","1,240 ","6,670 ","1,820",0,15.0,계량기보호통(실),계량기보호통,노후,,220.0,40,,,,,미등록,폐콘 0.1톤,2022-10-05,35.8714194,128.6185664
808,20221005-0111,10-05,동구 신암동 359-1 202호,,"현장출동 외 12개소(N=13 808,809,811,817,818,827,832,836,838,844,846,859,867)","559,940 ","559,940 ",0 ,0 ,0 ,0 ,0 ,0 ,0 ,0 ,"2,080",0,15.0,기타,기타,기타,,218.0,22,,,,,미등록,,2022-10-05,35.8821591,128.632456
810,20221005-0477,10-05,동구 신천동 396-3,지하공도,D40*20mm 분기점 누수수선,"503,450 ","503,450 ",0 ,0 ,"7,330 ","9,440 ","8,880 ","2,420 ",890 ,"4,820 ","1,470",0,20.0,스텐레스관,이형관,노후,"4,203.36",606.0,44-2,,0 ,0 ,0 ,등록,,2022-10-05,35.8766746,128.631869
812,20221007-0099,10-07,동구 지저동 644-4,지하사유지,D13mm 계량기 보호통 교체,"992,760 ","897,160 ","95,600 ",0 ,"13,950 ","17,970 ","16,900 ","4,610 ","1,710 ","9,180 ","2,540",0,15.0,계량기보호통(실),계량기보호통,노후,672,208.0,101-2,,0 ,0 ,0 ,미등록,폐콘 0.3톤,2022-10-07,35.8959278,128.6428554
813,20221007-0101,10-07,동구 지저동 643-4,지하공도,"배수관망 정비공사 외 누수수선 HIVP D80mm, L=102m","19,020,560 ","17,673,240 ","1,347,320 ",0 ,"235,990 ","303,860 ","285,810 ","78,020 ","28,950 ","155,300 ","52,860",0,80.0,닥타일관,이형관,노후,398.88,208.0,101-2,0.6,742 ,648 ,94 ,미등록,"폐콘 1.4, 폐아 0.8",2022-10-07,35.8960084,128.6436629
814,20221007-0103,10-07,동구 신암동 75,지하공도,D80 제수변 누수 수선,"1,220,670 ","1,220,670 ",0 ,0 ,"15,960 ","20,540 ","19,320 ","5,270 ","1,950 ","10,500 ","3,620",0,80.0,변류,본체,노후,"72,912",209.0,1,0.3,371 ,324 ,47 ,미등록,폐아 0.7톤,2022-10-07,35.8905681,128.6331651
816,20221007-0291,10-07,동구 지저동 819-30,지상사유지,D13mm 계량기 보호통 교체,"827,860 ","732,260 ","95,600 ",0 ,"11,270 ","14,520 ","13,660 ","3,720 ","1,380 ","7,420 ","2,080",0,15.0,계량기보호통(실),계량기보호통,노후,,208.0,107-1,,,,,미등록,폐콘 0.2톤,2022-10-07,35.8921971,128.6420949
819,20221011-0175,10-11,동구 율하동 999-11,지상사유지,D13mm 계량기보호통교체,"784,570 ","688,970 ","95,600 ",0 ,"10,060 ","12,960 ","12,190 ","3,320 ","1,230 ","6,620 ","1,990",0,15.0,계량기보호통(실),계량기보호통,노후,,233.0,255,,,,,미등록,페콘 0.2톤,2022-10-11,35.8692237,128.6960698
820,20221011-0242,10-11,동구 도동 453-3,지상사유지,D13mm 계량기 보호통 교체,"969,510 ","873,910 ","95,600 ",0 ,"13,630 ","17,550 ","16,510 ","4,500 ","1,670 ","8,970 ","2,470",0,15.0,계량기보호통(실),계량기보호통,노후,,206.0,72,,,,,미등록,페콘 0.3톤,2022-10-11,35.9202511,128.661724
821,20221011-0361,10-11,동구 효목동 436-8,,확인굴착(N=1),"84,840 ","84,840 ",0 ,0 ,940 ,"1,210 ","1,140 ",310 ,110 ,620 ,260,0,15.0,기타,기타,기타,0,223.0,46-2,0.0,0 ,0 ,0 ,미등록,,2022-10-11,35.8749952,128.6381079
822,20221011-0397,10-11,동구 신천동 497-36,지하사유지,D13 계량기 보호통 교체,"830,430 ","734,830 ","95,600 ",0 ,"11,410 ","14,700 ","13,820 ","3,770 ","1,400 ","7,510 ","2,080",0,15.0,계량기보호통(실),계량기보호통,노후,"7,680",606.0,44-2,,0 ,0 ,0 ,미등록,폐콘 0.3,2022-10-11,35.8733629,128.6311878
823,20221011-0398,10-11,동구 신천동 493-2,지하사유지,D13 계량기 보호통 교체,"722,580 ","626,980 ","95,600 ",0 ,"9,620 ","12,380 ","11,650 ","3,180 ","1,180 ","6,330 ","1,790",0,15.0,계량기보호통(실),계량기보호통,노후,"7,392",606.0,44-2,,0 ,0 ,0 ,미등록,폐콘 0.17,2022-10-11,35.87435,128.6313542
824,20221013-0054,10-13,동구 율하동 880-6,지상사유지,D13mm 계량기보호통교체,"826,250 ","730,650 ","95,600 ",0 ,"10,660 ","13,720 ","12,910 ","3,520 ","1,300 ","7,010 ",0,0,15.0,계량기보호통(실),계량기보호통,노후,,233.0,255,0.0,0 ,0 ,0 ,미등록,폐콘 0.16,2022-10-13,35.8699625,128.6945463
825,20221013-0110,10-13,동구 신천동 497-29,지하사유지,D13 계량기 보호통 교체,"665,560 ","569,960 ","95,600 ",0 ,"8,850 ","11,390 ","10,710 ","2,920 ","1,080 ","5,820 ","1,620",0,15.0,계량기보호통(실),계량기보호통,노후,"7,440",606.0,44-2,,0 ,0 ,0 ,미등록,폐콘 0.1,2022-10-13,35.8733502,128.6316773
826,20221013-0266,10-13,동구 신암동 575-23,지상사유지,D13 계량기 보호통 교체,"722,970 ","627,370 ","95,600 ",0 ,"9,740 ","12,540 ","11,800 ","3,220 ","1,190 ","6,410 ",0,0,15.0,계량기보호통(실),계량기보호통,노후,,211.0,9,0.0,0 ,0 ,0 ,미등록,폐콘 0.14,2022-10-13,35.8846591,128.6255049
828,20221014-0195,10-14,동구 지저동 819-41,지하공도,"배수관망 정비공사(D50, L=108m)","20,517,510 ","19,644,380 ","873,130 ",0 ,"214,910 ","276,710 ","260,280 ","71,040 ","26,360 ","141,430 ","59,790",0,50.0,PFP관,직관,노후,"1,113.6",208.0,107-1,9.4,"11,625 ","10,152 ","1,473 ",미등록,폐아 35.53,2022-10-14,35.8922715,128.6418926
830,20221017-0110,10-17,동구 지묘동 637,지상사유지,D13mm 계량기보호통교체,"702,360 ","606,760 ","95,600 ",0 ,"9,600 ","12,360 ","11,630 ","3,170 ","1,170 ","6,320 ","1,700",0,15.0,계량기보호통(실),계량기보호통,노후,,201.0,54,,,,,미등록,폐콘 0.2톤,2022-10-17,35.9621783,128.6306144
831,20221017-0114,10-17,동구 방촌동 1084-414,지상사유지,D13mm 계량기보호통교체,"986,850 ","891,250 ","95,600 ",0 ,"13,940 ","17,950 ","16,890 ","4,610 ","1,710 ","9,170 ","2,520",0,15.0,계량기보호통(실),계량기보호통,노후,,227.0,124-2,0.0,0 ,0 ,0 ,미등록,폐콘 0.3톤,2022-10-17,35.8788196,128.6631652
833,20221017-0344,10-17,동구 중대동 825-11,지상사유지,D13mm 계량기 보호통 교체,"680,720 ","585,120 ","95,600 ",0 ,"8,490 ","10,930 ","10,280 ","2,800 ","1,040 ","5,590 ","1,700",0,15.0,계량기보호통(실),계량기보호통,노후,,201.0,54,,,,,미등록,,2022-10-17,35.9898388,128.6360858
834,20221017-0366,10-17,동구 효목동 31-4,지상사유지,D13mm 접합부 누수수선,"301,080 ","301,080 ",0 ,0 ,"4,110 ","5,300 ","4,980 ","1,360 ",500 ,"2,700 ",890,0,15.0,스텐레스관,이형관,부식,,214.0,27,,,,,미등록,,2022-10-17,35.8842115,128.6439466
835,20221017-0490,10-17,동구 신암동 575-42,지하사유지,D13mm 계량기 보호통 교체,"933,550 ","837,950 ","95,600 ",0 ,"13,380 ","17,230 ","16,210 ","4,420 ","1,640 ","8,800 ","2,350",0,15.0,계량기보호통(실),계량기보호통,노후,974.4,211.0,9,,0 ,0 ,0 ,미등록,폐콘 0.3톤,2022-10-17,35.8848241,128.6253853
837,20221019-0005,10-19,동구 신암동 709-5,지상공도,D50mm 합플랜지 접합부속 교체,"647,620 ","647,620 ",0 ,0 ,"10,060 ","12,950 ","12,180 ","3,320 ","1,230 ","6,620 ","1,840",0,80.0,닥타일관,이형관,부식,27.2,211.0,2,0.0,0 ,0 ,0 ,등록,,2022-10-19,35.8865734,128.6175219
840,20221020-0180,10-20,동구 방촌동 1055-17,지상공도,D40x13 분기점 누수수선,"1,300,520 ","1,300,520 ",0 ,0 ,"16,580 ","21,350 ","20,080 ","5,480 ","2,030 ","10,910 ","3,920",0,40.0,스텐레스관,이형관,노후,2,227.0,124-2,0.29,358 ,313 ,45 ,등록,폐아 0.47,2022-10-20,35.8823478,128.6616742
842,20221021-0003,10-21,동구 신암동 327-5,지상사유지,D13mm 계량기보호통교체,"709,570 ","613,970 ","95,600 ",0 ,"9,400 ","12,100 ","11,390 ","3,100 ","1,150 ","6,180 ","1,750",0,15.0,계량기보호통(실),계량기보호통,노후,,212.0,20,0.0,0 ,0 ,0 ,미등록,폐콘 0.18,2022-10-21,35.8839523,128.629832
843,20221021-0005,10-21,동구 신천동 173-5,지상사유지,D13mm 계량기 보호통 교체,"860,760 ","765,160 ","95,600 ",0 ,"12,180 ","15,690 ","14,760 ","4,020 ","1,490 ","8,020 ","2,160",0,15.0,계량기보호통(실),계량기보호통,노후,,221.0,49,,,,,미등록,폐콘 0.2톤,2022-10-21,35.8698134,128.6209189
849,20221024-0422,10-24,동구 효목동 419-2,지상사유지,D13 계량기 보호통 교체,"710,640 ","615,040 ","95,600 ",0 ,"9,260 ","11,920 ","11,210 ","3,060 ","1,130 ","6,090 ","1,760",0,15.0,계량기보호통(실),계량기보호통,노후,,606.0,36,,,,,미등록,폐콘 0.18,2022-10-24,35.8769407,128.6357953
850,20221024-0458,10-24,동구 지저동 662-20,지상공도,D40x25mm 분기점 누수수선,"913,130 ","913,130 ",0 ,0 ,"12,340 ","15,890 ","14,940 ","4,070 ","1,510 ","8,120 ","2,700",0,25.0,스텐레스관,이형관,노후,2,208.0,101-2,0.0,0 ,0 ,0 ,등록,폐아 0.35,2022-10-24,35.8964947,128.641002
852,20221025-0019,10-25,동구 둔산동 600-2,지하사유지,D13 접합부 누수 수선,"360,360 ","360,360 ",0 ,0 ,"4,390 ","5,650 ","5,320 ","1,450 ",530 ,"2,890 ","1,100",0,15.0,스텐레스관,직관,부식,141.12,226.0,95,,0 ,0 ,0 ,미등록,,2022-10-25,35.9000184,128.6743645
853,20221025-0335,10-25,동구 송정동 288,지상사유지,D25 접합부 누수수선(PE 연결부 수선),"901,460 ","901,460 ",0 ,0 ,"12,880 ","16,590 ","15,600 ","4,260 ","1,580 ","8,480 ","2,610",0,25.0,PE관,이형관,노후,,201.0,54,0.0,0 ,0 ,0 ,미등록,폐아 0.39,2022-10-25,35.9873505,128.6226176
854,20221025-0559,10-25,동구 신암동 71-11,지상사유지,D13 계량기 보호통 교체,"626,810 ","531,210 ","95,600 ",0 ,"8,070 ","10,390 ","9,770 ","2,660 ",990 ,"5,310 ","1,520",0,15.0,계량기보호통(실),계량기보호통,노후,,209.0,1,,,,,미등록,폐콘 0.15,2022-10-25,35.88928,128.633291
855,20221025-0578,10-25,동구 둔산동 253-3,지상사유지,D13 인입선 누수수선 및 보호통 교체,"761,550 ","665,950 ","95,600 ",0 ,"9,850 ","12,690 ","11,930 ","3,250 ","1,200 ","6,480 ","1,930",0,15.0,계량기보호통(실),계량기보호통,노후,,225.0,105,,,,,미등록,,2022-10-25,35.8983759,128.6851224
857,20221026-0261,10-26,동구 신천동 544-26,지상사유지,D13mm 계량기 보호통 교체,"719,550 ","623,950 ","95,600 ",0 ,"9,920 ","12,780 ","12,020 ","3,280 ","1,210 ","6,530 ","1,770",0,15.0,계량기보호통(실),계량기보호통,노후,,219.0,29,,,,,미등록,,2022-10-26,35.8752509,128.6151632
861,20221027-0336,10-27,동구 신암동 636-20,지상사유지,D13mm 계량기 보호통 교체,"933,550 ","837,950 ","95,600 ",0 ,"13,380 ","17,230 ","16,210 ","4,420 ","1,640 ","8,800 ","2,350",0,15.0,계량기보호통(실),계량기보호통,노후,,211.0,7,0.0,0 ,0 ,0 ,미등록,폐콘 0.3톤,2022-10-27,35.8861506,128.619542
864,20221027-0646,10-27,동구 방촌동 861-64,,"STS D50mm, L=40m 배수관망 정비","16,275,070 ","15,664,700 ","610,370 ",0 ,"233,410 ","300,520 ","282,680 ","77,160 ","28,630 ","153,600 ",0,0,50.0,PFP관,이형관,노후,1,228.0,132,1.2,"1,484 ","1,296 ",188 ,미등록,폐콘0.5톤 폐아2톤,2022-10-27,35.8817195,128.6702965
868,20221028-0295,10-28,동구 지저동 774-37,지상사유지,D13mm 계량기 보호통 교체,"822,010 ","726,410 ","95,600 ",0 ,"11,090 ","14,280 ","13,430 ","3,660 ","1,360 ","7,300 ","2,070",0,15.0,계량기보호통(실),계량기보호통,노후,,208.0,106-2,,,,,미등록,폐콘 0.2톤,2022-10-28,35.8945648,128.6378444
869,20221028-0296,10-28,동구 신암동 603-266,지상사유지,D25mm 게이트 밸브 교체,"380,490 ","380,490 ",0 ,0 ,"5,120 ","6,590 ","6,200 ","1,690 ",620 ,"3,370 ","1,140",0,15.0,계량기보호통(실),변류,노후,,211.0,8,0.0,0 ,0 ,0 ,미등록,,2022-10-28,35.8838398,128.6222498
873,20221028-0339,10-28,동구 지저동 647-11,지하공도,D25*13mm 접합부 누수 수선,"375,140 ","375,140 ",0 ,0 ,"5,000 ","6,440 ","6,060 ","1,650 ",610 ,"3,290 ","1,120",0,25.0,스텐레스관,이형관,노후,"5,634.72",208.0,101-2,,0 ,0 ,0 ,미등록,,2022-10-28,35.8952684,128.643304
879,20221031-0347,10-31,동구 입석동 1033-144,지상사유지,D20mm 계량기 보호통 교체,"950,700 ","822,700 ","128,000 ",0 ,"12,670 ","16,310 ","15,340 ","4,180 ","1,550 ","8,330 ","2,340",0,20.0,계량기보호통(실),계량기보호통,노후,,210.0,108-1,,,,,미등록,폐콘 0.2톤,2022-10-31,35.8903545,128.6484073
880,20221031-0348,10-31,동구 불로동 1149-2,지상사유지,D13mm 계량기 보호통 교체,"754,350 ","658,750 ","95,600 ",0 ,"10,010 ","12,890 ","12,120 ","3,310 ","1,220 ","6,590 ","1,890",0,15.0,계량기보호통(실),계량기보호통,노후,,205.0,77,,,,,미등록,폐콘 0.1톤,2022-10-31,35.914534,128.6415175
882,20221031-0495,10-31,동구 용계동 1027-1,지상사유지,D13 계량기 보호통 교체,"811,370 ","715,770 ","95,600 ",0 ,"11,170 ","14,390 ","13,530 ","3,690 ","1,370 ","7,350 ","2,040",0,15.0,계량기보호통(실),계량기보호통,노후,,226.0,224-1,0.0,0 ,0 ,0 ,미등록,,2022-10-31,35.8772728,128.6793573
883,20221031-0628,10-31,동구 효목동 424-17,지상사유지,D13 계량기 보호통 교체,"719,340 ","623,740 ","95,600 ",0 ,"10,010 ","12,890 ","12,130 ","3,310 ","1,220 ","6,590 ","1,760",0,15.0,계량기보호통(실),계량기보호통,노후,,606.0,36,0.0,0 ,0 ,0 ,미등록,,2022-10-31,35.8770046,128.6364737
884,20221031-0636,10-31,동구 방촌동 115-29,지상사유지,D13 계량기 보호통 교체,"783,000 ","687,400 ","95,600 ",0 ,"10,480 ","13,490 ","12,690 ","3,460 ","1,280 ","6,890 ","1,970",0,15.0,계량기보호통(실),계량기보호통,노후,,226.0,116,0.0,0 ,0 ,0 ,미등록,폐콘 0.14,2022-10-31,35.8921121,128.6768995
885,20221031-0637,10-31,동구 지저동 815-23,지상사유지,D13 계량기 보호통 교체,"739,740 ","644,140 ","95,600 ",0 ,"9,780 ","12,590 ","11,850 ","3,230 ","1,200 ","6,430 ","1,840",0,15.0,계량기보호통(실),계량기보호통,노후,,208.0,107-1,0.0,0 ,0 ,0 ,미등록,폐콘 0.12,2022-10-31,35.8928654,128.6421277
886,20221031-0644,10-31,동구 평광동 49-1,지상공도,D50mm 접합부 누수 수선완료,"966,540 ","966,540 ",0 ,0 ,"14,160 ","18,240 ","17,150 ","4,680 ","1,730 ","9,320 ","2,800",0,50.0,스텐레스관,이형관,부식,0.71,206.0,72,,0 ,0 ,0 ,등록,,2022-10-31,35.9337295,128.7194958
305,20220408-0027,04-08,동구 지저동 838-9,기타,변실청소(N=15),"2,278,010 ","2,278,010 ",0 ,0 ,"31,860 ","41,020 ","38,590 ","10,530 ","3,900 ","20,970 ","6,690",0,,,,,,208.0,99,0.0,0 ,0 ,0 ,미등록,,2022-04-08,35.8922799,128.6378607
546,20220629-0219,06-29,동구 지저동 872-1,기타,유량계실 사다리 설치,"1,888,690 ","1,888,690 ",0 ,0 ,"19,270 ","24,820 ","23,340 ","6,370 ","2,360 ","12,680 ","5,980",0,,,,,,208.0,107-1,0.3,341 ,294 ,47 ,미등록,폐아 0.6톤,2022-06-29,35.890329,128.6419757
848,20221024-0191,10-24,동구 불로동 688-6,,"PE D40mm, L=80m 배수관망 정비","14,921,960 ","14,686,760 ","235,200 ",0 ,"156,690 ","201,750 ","189,770 ","51,800 ","19,220 ","103,120 ","45,730",0,40.0,스텐레스관,이형관,노후,1,207.0,78,0.0,0 ,0 ,0 ,미등록,폐아 15톤,2022-10-24,35.9090572,128.6358548
866,20221028-0235,10-28,동구 도동 289-4,지상사유지,"STS D40mm, L=62m 노후배수관 교체","15,643,480 ","15,325,420 ","318,060 ",0 ,"176,680 ","227,490 ","213,980 ","58,410 ","21,670 ","116,270 ","46,980",0,40.0,PFP관,이형관,노후,,206.0,72,7.6,"9,399 ","8,208 ","1,191 ",미등록,폐아스팔트 11.7톤,2022-10-28,35.9186353,128.6594983
870,20221028-0297,10-28,동구 도동 295-3,,"STS D40mm, L=43m 배수관망 정비","9,963,140 ","9,742,550 ","220,590 ",0 ,"118,480 ","152,550 ","143,490 ","39,170 ","14,530 ","77,970 ","29,490",0,40.0,PFP관,이형관,노후,1.39,206.0,72,5.0,"6,184 ","5,400 ",784 ,미등록,폐아 8.1톤,2022-10-28,35.9186947,128.6590128
876,20221031-0145,10-31,동구 입석동 930-134,지상사유지,D13mm 계량기 보호통 교체.,"840,750 ","745,150 ","95,600 ",0 ,"11,430 ","14,720 ","13,850 ","3,780 ","1,400 ","7,520 ","2,120",0,15.0,계량기보호통(실),계량기보호통,노후,,210.0,108-1,,,,,미등록,폐콘 0.2톤 ,2022-10-31,35.8909147,128.6481034
878,20221031-0343,10-31,동구 용계동 291,지상사유지,D13mm 계량기 보호통 교체.,"684,790 ","589,190 ","95,600 ",0 ,"9,930 ","12,790 ","12,030 ","3,280 ","1,210 ","6,530 ","1,630",0,15.0,계량기보호통(실),계량기보호통,노후,,230.0,201,,,,,미등록,,2022-10-31,35.8799239,128.6887471
889,20221101-0011,11-01,동구 신암동 648-16,지상사유지,"STS D20mm ,L=6m 인입부 수선 완료.","341,720 ","341,720 ",0 ,0 ,"5,290 ","6,810 ","6,410 ","1,740 ",640 ,"3,480 ",970,0,20.0,스텐레스관,직관,부식,,211.0,3,,,,,미등록,,2022-11-01,35.8908575,128.6241161
890,20221101-0017,11-01,동구 신암동 1313-25,지상사유지,D13mm 계량기 보호통 교체.,"700,130 ","604,530 ","95,600 ",0 ,"9,430 ","12,150 ","11,430 ","3,120 ","1,150 ","6,210 ","1,720",0,15.0,계량기보호통(실),계량기보호통,노후,,209.0,1,0.0,0 ,0 ,0 ,미등록,폐콘 0.12,2022-11-01,35.8894295,128.6331147
892,20221101-0168,11-01,동구 지저동 815-20,지상사유지,D13 계량기 보호통 교체,"777,500 ","681,900 ","95,600 ",0 ,"10,380 ","13,370 ","12,570 ","3,430 ","1,270 ","6,830 ","1,950",0,15.0,계량기보호통(실),계량기보호통,노후,,208.0,107-1,,,,,미등록,폐콘 0.2톤,2022-11-01,35.8928875,128.6419452
897,20221101-0198,11-01,동구 지저동 644-17,지상사유지,D13mm 계량기 보호통 교체,"860,760 ","765,160 ","95,600 ",0 ,"12,180 ","15,690 ","14,760 ","4,020 ","1,490 ","8,020 ","2,160",0,15.0,계량기보호통(실),계량기보호통,노후,,208.0,101-2,,,,,미등록,폐콘 0.2톤,2022-11-01,35.8960042,128.6432276
898,20221101-0199,11-01,동구 지저동 644-7,지상사유지,D13 계량기 보호통 교체,"885,210 ","789,610 ","95,600 ",0 ,"12,270 ","15,800 ","14,860 ","4,050 ","1,500 ","8,080 ","2,240",0,15.0,계량기보호통(실),계량기보호통,노후,,208.0,101-2,,,,,미등록,폐콘 0.21,2022-11-01,35.8956668,128.6426786
901,20221102-0046,11-02,동구 도동 978-60,지상사유지,D13 계량기 보호통 교체,"885,490 ","789,890 ","95,600 ",0 ,"12,000 ","15,460 ","14,540 ","3,970 ","1,470 ","7,900 ","2,250",0,15.0,계량기보호통(실),계량기보호통,노후,,205.0,80,,,,,미등록,폐콘 0.28,2022-11-02,35.909338,128.6443916
904,20221103-0059,11-03,동구 효목동 467-2,지상공도,D80x13 분기점 누수 수선,"585,660 ","585,660 ",0 ,0 ,"10,080 ","12,970 ","12,200 ","3,330 ","1,230 ","6,630 ","1,610",0,15.0,부분기대,부분기대,노후,2,223.0,46-2,0.0,0 ,0 ,0 ,등록,,2022-11-03,35.8740468,128.6390629
905,20221103-0065,11-03,동구 진인동 417,지상사유지,D13 계량기 보호통 교체,"748,620 ","653,020 ","95,600 ",0 ,"9,500 ","12,240 ","11,510 ","3,140 ","1,160 ","6,250 ","1,900",0,15.0,계량기보호통(실),계량기보호통,노후,,201.0,313,,,,,미등록,,2022-11-03,35.9586379,128.7221443
906,20221103-0069,11-03,동구 효목동 277-5,지상사유지,D13mm 계량기 보호통 교체,"868,600 ","773,000 ","95,600 ",0 ,"12,310 ","15,850 ","14,910 ","4,070 ","1,510 ","8,100 ","2,180",0,15.0,계량기보호통(실),계량기보호통,노후,,606.0,35,0.0,0 ,0 ,0 ,미등록,폐콘 0.21,2022-11-03,35.8783931,128.631656
907,20221103-0256,11-03,동구 방촌동 871-23,지상사유지,D13mm 계량기 보호통 교체.,"836,940 ","741,340 ","95,600 ",0 ,"11,410 ","14,700 ","13,820 ","3,770 ","1,400 ","7,510 ","2,110",0,15.0,계량기보호통(실),계량기보호통,노후,,228.0,132,0.0,0 ,0 ,0 ,미등록,폐콘 0.17,2022-11-03,35.8802443,128.6688583
909,20221103-0423,11-03,동구 신암동 703-32,지상공도,D13 접합부 누수 수선,"198,560 ","198,560 ",0 ,0 ,"2,020 ","2,600 ","2,450 ",660 ,240 ,"1,330 ",630,0,15.0,스텐레스관,이형관,부식,2,211.0,2,0.0,0 ,0 ,0 ,등록,,2022-11-03,35.8868769,128.6161919
910,20221103-0424,11-03,동구 효목동 481-4,지상공도,D150x13 접합부 누수 수선,"366,370 ","366,370 ",0 ,0 ,"3,490 ","4,490 ","4,230 ","1,150 ",420 ,"2,290 ","1,170",0,15.0,부분기대,부분기대,부식,1,606.0,36,0.0,0 ,0 ,0 ,등록,,2022-11-03,35.8732973,128.6364854
911,20221103-0464,11-03,동구 신암동 284-19,지하공도,"D40x13 분기점 누수수선(클램프 설치), 철개입상 N=1","2,033,910 ","1,862,710 ","171,200 ",0 ,"24,140 ","31,080 ","29,240 ","7,980 ","2,960 ","15,880 ","6,250",0,15.0,스텐레스관,이형관,노후,"1,694.64",212.0,20,0.4,495 ,432 ,63 ,등록,폐아 0.54톤,2022-11-03,35.8840533,128.6293304
912,20221104-0019,11-04,동구 미대동 265-1,지상사유지,D13mm 계량기 보호통 교체,"873,630 ","778,030 ","95,600 ",0 ,"11,630 ","14,970 ","14,080 ","3,840 ","1,420 ","7,650 ","2,240",0,15.0,계량기보호통(실),계량기보호통,노후,,201.0,300,0.0,0 ,0 ,0 ,미등록,폐콘 0.17,2022-11-04,35.9592717,128.6684789
921,20221107-0529,11-07,동구 용계동 332-3,지상공도,D50*13mm 분기점 누수수선,"1,249,300 ","1,104,680 ","144,620 ",0 ,"16,410 ","21,130 ","19,880 ","5,420 ","2,010 ","10,800 ","3,180",0,50.0,스텐레스관,이형관,노후,16,226.0,135,0.0,0 ,0 ,0 ,등록,폐아 0.4,2022-11-07,35.881284,128.6862598
922,20221107-0530,11-07,동구 신천동 29-7,지하공도,D80*13mm 분기점 누수수선,"968,550 ","968,550 ",0 ,0 ,"13,080 ","16,850 ","15,850 ","4,320 ","1,600 ","8,610 ","2,850",0,15.0,부분기대,부분기대,노후,727.92,219.0,30,,0 ,0 ,0 ,등록,폐아 0.4,2022-11-07,35.8767844,128.6205961
925,20221110-0007,11-10,동구 신천동 264-23,지상사유지,D13mm 계량기 보호통 교체.,"698,990 ","603,390 ","95,600 ",0 ,"9,320 ","12,000 ","11,290 ","3,080 ","1,140 ","6,130 ","1,720",0,15.0,계량기보호통(실),계량기보호통,노후,,221.0,41,0.0,0 ,0 ,0 ,미등록,폐콘 0.13,2022-11-10,35.8734194,128.6202462
926,20221110-0029,11-10,동구 검사동 908-52,지상사유지,D13mm 계량기 보호통 교체,"803,560 ","707,960 ","95,600 ",0 ,"11,680 ","15,040 ","14,140 ","3,860 ","1,430 ","7,680 ","1,960",0,15.0,계량기보호통(실),계량기보호통,노후,,210.0,108-1,0.0,0 ,0 ,0 ,미등록,폐콘 0.21,2022-11-10,35.8893549,128.6535909
927,20221110-0204,11-10,동구 효목동 383-35,지하사유지,D13mm 계량기 보호통 교체,"884,240 ","788,640 ","95,600 ",0 ,"12,530 ","16,130 ","15,170 ","4,140 ","1,530 ","8,240 ","2,220",0,15.0,계량기보호통(실),계량기보호통,노후,745.2,606.0,36,,0 ,0 ,0 ,미등록,폐콘 0.21,2022-11-10,35.8781853,128.6367682
928,20221110-0283,11-10,동구 백안동 563-1,지상사유지,계량기 인입선 수선,"150,860 ","150,860 ",0 ,0 ,"1,450 ","1,870 ","1,760 ",480 ,170 ,950 ,480,0,15.0,스텐레스관,이형관,부식,,201.0,308-1,0.0,0 ,0 ,0 ,미등록,,2022-11-10,35.9560105,128.6908366
929,20221110-0292,11-10,동구 미곡동 281,지상사유지,D13 접합부 누수 수선,"729,750 ","729,750 ",0 ,0 ,"10,060 ","12,950 ","12,180 ","3,320 ","1,230 ","6,620 ","2,150",0,15.0,스텐레스관,이형관,부식,,201.0,306,0.0,0 ,0 ,0 ,미등록,폐아 0.31,2022-11-10,35.9598162,128.6855103
932,20221112-0020,11-12,동구 신암동 641-6,지상사유지,D13mm 계량기 보호통 교체.,"759,690 ","664,090 ","95,600 ",0 ,"10,350 ","13,330 ","12,540 ","3,420 ","1,260 ","6,810 ","1,890",0,15.0,계량기보호통(실),계량기보호통,노후,,211.0,7,0.0,0 ,0 ,0 ,미등록,폐콘 0.12,2022-11-12,35.8866019,128.6196376
933,20221113-0010,11-13,동구 신암동 588-7,지상공도,D40x13 분기점 누수 수선,"93,300 ","93,300 ",0 ,0 ,"1,090 ","1,410 ","1,320 ",360 ,130 ,720 ,280,0,15.0,스텐레스관,이형관,노후,2,211.0,8,0.0,0 ,0 ,0 ,등록,,2022-11-13,35.8832523,128.6225291
935,20221114-0009,11-14,동구 도동 165,지상공도,D40x13 접합부 수선,"187,730 ","187,730 ",0 ,0 ,"1,920 ","2,470 ","2,330 ",630 ,230 ,"1,260 ",600,0,15.0,스텐레스관,이형관,노후,1,205.0,80,0.0,0 ,0 ,0 ,등록,,2022-11-14,35.9119251,128.6513666
939,20221116-0182,11-16,동구 신암동 92-1,지상공도,D80x13 분기점 누수수선,"215,900 ","215,900 ",0 ,0 ,"2,600 ","3,350 ","3,150 ",860 ,310 ,"1,710 ",660,0,15.0,부분기대,부분기대,노후,2,209.0,1,0.0,0 ,0 ,0 ,미등록,,2022-11-16,35.8887383,128.6325551
940,20221117-0016,11-17,동구 둔산동 1061-1,지상사유지,D13 계량기보호통 교체,"783,460 ","687,860 ","95,600 ",0 ,"10,510 ","13,540 ","12,730 ","3,470 ","1,280 ","6,920 ","1,970",0,15.0,계량기보호통(실),계량기보호통,노후,,226.0,102,0.0,0 ,0 ,0 ,미등록,폐콘 0.14,2022-11-17,35.8971799,128.6705531
941,20221117-0091,11-17,동구 신암동 282-10,지상공도,D=80mm 제수변 스핀들 누수수선,"642,970 ","642,970 ",0 ,0 ,"7,860 ","10,120 ","9,520 ","2,600 ",960 ,"5,170 ","1,870",0,80.0,변류,본체,노후,2,212.0,20,0.0,0 ,0 ,0 ,등록,폐아 0.3,2022-11-17,35.882424,128.6284728
839,20221019-0407,10-19,동구 신암동 356-10 37통2반,지하사유지,D13mm 계량기 보호통 교체,"914,460 ","818,860 ","95,600 ",0 ,"13,020 ","16,760 ","15,770 ","4,300 ","1,590 ","8,570 ","2,300",0,15.0,계량기보호통(실),계량기보호통,노후,911.04,218.0,22,,0 ,0 ,0 ,미등록,폐콘 0.3,2022-10-19,35.8832226,128.6330278
841,20221020-0278,10-20,동구 봉무동 1038,지상사유지,D13mm 계량기실 누수수선,"111,490 ","111,490 ",0 ,0 ,"1,120 ","1,440 ","1,360 ",370 ,130 ,730 ,350,0,15.0,계량기보호통(실),계량기보호통,노후,,202.0,62,0.0,0 ,0 ,0 ,미등록,,2022-10-20,35.9308224,128.6343017
847,20221024-0124,10-24,동구 신천동 327-3,지상사유지,D80 계량기실 양수작업,"42,600 ","42,600 ",0 ,0 ,0 ,0 ,0 ,0 ,0 ,0 ,150,0,80.0,기타,기타,기타,,222.0,33,0.0,0 ,0 ,0 ,미등록,,2022-10-24,35.8761552,128.6276929
851,20221024-0584,10-24,동구 신암동 1544-3,지하사유지,D13mm 계량기 보호통 교체 ,"733,280 ","637,680 ","95,600 ",0 ,"10,020 ","12,900 ","12,140 ","3,310 ","1,220 ","6,590 ","1,810",0,15.0,계량기보호통(실),계량기보호통,노후,926.64,209.0,12,,0 ,0 ,0 ,미등록,폐콘 0.1,2022-10-24,35.887546,128.6385281
865,20221028-0042,10-28,동구 방촌동 862-35,지상사유지,D13mm 계량기 보호통 교체.,"699,770 ","604,170 ","95,600 ",0 ,"9,040 ","11,640 ","10,950 ","2,990 ","1,100 ","5,950 ","1,740",0,15.0,계량기보호통(실),계량기보호통,노후,,228.0,132,,,,,미등록,폐콘 0.1,2022-10-28,35.8810794,128.6698579
881,20221031-0492,10-31,동구 평광동 295,지상사유지,D13 계량기 보호통 교체,"721,950 ","626,350 ","95,600 ",0 ,"9,560 ","12,320 ","11,580 ","3,160 ","1,170 ","6,290 ","1,800",0,15.0,계량기보호통(실),계량기보호통,노후,,206.0,72,,,,,미등록,,2022-10-31,35.934226,128.70514
891,20221101-0123,11-01,동구 검사동 908-52,,출장비(N=30),"1,098,740 ","1,098,740 ",0 ,0 ,0 ,0 ,0 ,0 ,0 ,0 ,"4,090",0,15.0,기타,기타,기타,,210.0,108-1,0.0,0 ,0 ,0 ,미등록,,2022-11-01,35.8893549,128.6535909
916,20221104-0279,11-04,동구 신암동 603-68,지상사유지,D13mm 계량기 보호통 교체,"762,810 ","667,210 ","95,600 ",0 ,"10,430 ","13,430 ","12,640 ","3,450 ","1,270 ","6,860 ","1,890",0,15.0,계량기보호통(실),계량기보호통,노후,,211.0,8,,,,,미등록,폐콘 0.2,2022-11-04,35.8841675,128.6216464
918,20221107-0022,11-07,동구 용계동 755-5,지상사유지,D40mm 계량기 보호통 교체,"1,308,960 ","990,960 ","318,000 ",0 ,"15,890 ","20,460 ","19,240 ","5,250 ","1,940 ","10,450 ","2,780",0,40.0,계량기보호통(실),계량기보호실,노후,,232.0,249,,,,,미등록,폐콘 0.3,2022-11-07,35.8736767,128.6900513
920,20221107-0522,11-07,동구 신암동 88-12,지상사유지,D13mm 계량기 이토작업,"115,690 ","115,690 ",0 ,0 ,"1,740 ","2,240 ","2,100 ",570 ,210 ,"1,140 ",330,0,15.0,기타,기타,기타,,209.0,1,0.0,0 ,0 ,0 ,미등록,,2022-11-07,35.8893742,128.632298
923,20221108-0235,11-08,동구 신천동 448-58,지하사유지,D13mm 계량기 보호통 교체,"796,040 ","700,440 ","95,600 ",0 ,"11,030 ","14,210 ","13,360 ","3,640 ","1,350 ","7,260 ","1,980",0,15.0,계량기보호통(실),계량기보호통,노후,973.44,222.0,34,,0 ,0 ,0 ,미등록,폐콘 0.2,2022-11-08,35.873923,128.630014
924,20221109-0122,11-09,동구 신천동 772-13,지상사유지,D13mm 계량기 보호통 교체,"712,250 ","616,650 ","95,600 ",0 ,"9,520 ","12,260 ","11,530 ","3,140 ","1,160 ","6,260 ","1,760",0,15.0,계량기보호통(실),계량기보호통,노후,,221.0,49,,,,,미등록,폐콘 0.07,2022-11-09,35.869518,128.621441
946,20221118-0274,11-18,동구 신천동 488-31,지상사유지,D13mm 계량기보호통 교체,"662,170 ","566,570 ","95,600 ",0 ,"8,630 ","11,110 ","10,450 ","2,850 ","1,050 ","5,680 ","1,620",0,15.0,계량기보호통(실),계량기보호통,노후,,606.0,44-2,0.0,0 ,0 ,0 ,미등록,폐콘 0.2톤,2022-11-18,35.873873,128.6333225
947,20221118-0277,11-18,동구 방촌동 980-29,지상사유지,D13mm 계량기 보호통 교체.,"637,390 ","541,790 ","95,600 ",0 ,"7,650 ","9,860 ","9,270 ","2,530 ",930 ,"5,040 ","1,580",0,15.0,계량기보호통(실),계량기보호통,노후,,228.0,123-2,,,,,미등록,폐콘 0.2톤,2022-11-18,35.8848435,128.6615593
950,20221121-0193,11-21,동구 신암동 1298-104,지상사유지,D13mm 계량기 보호통 교체,"672,840 ","577,240 ","95,600 ",0 ,"9,110 ","11,740 ","11,040 ","3,010 ","1,110 ","6,000 ","1,640",0,15.0,계량기보호통(실),계량기보호통,노후,,216.0,14,,,,,미등록,,2022-11-21,35.8771365,128.6081037
953,20221121-0534,11-21,동구 신암동 348-7,지하공도,D100*15mm 구분기점 폐쇄.,"386,560 ","386,560 ",0 ,0 ,"6,320 ","8,140 ","7,650 ","2,090 ",770 ,"4,160 ","1,080",0,15.0,부분기대,부분기대,노후,"1,248",218.0,22,,0 ,0 ,0 ,등록,,2022-11-21,35.8830898,128.6315695
954,20221122-0012,11-22,동구 효목동 183-9,지상사유지,D13mm 계량기보호통 교체,"756,340 ","660,740 ","95,600 ",0 ,"10,380 ","13,370 ","12,570 ","3,430 ","1,270 ","6,830 ","1,870",0,15.0,계량기보호통(실),계량기보호통,노후,,213.0,38,,,,,미등록,폐콘 0.2톤,2022-11-22,35.8794174,128.6473918
955,20221122-0031,11-22,동구 효목동 82-2,지상사유지,D13mm 계량기 보호통 교체,"795,770 ","700,170 ","95,600 ",0 ,"11,070 ","14,260 ","13,410 ","3,660 ","1,350 ","7,280 ","1,980",0,15.0,계량기보호통(실),계량기보호통,노후,,213.0,26,,,,,미등록,폐콘 0.2톤,2022-11-22,35.8863894,128.639881
956,20221122-0424,11-22,동구 용계동 732-9,지하사유지,D13 계량기 보호통 교체,"874,550 ","778,950 ","95,600 ",0 ,"11,580 ","14,910 ","14,020 ","3,820 ","1,420 ","7,620 ",0,0,15.0,계량기보호통(실),계량기보호통,노후,"1,564.8",232.0,249,,0 ,0 ,0 ,미등록,폐콘 0.2,2022-11-22,35.8733727,128.6936632
957,20221123-0151,11-23,동구 지저동 663-18 101동 101호,지상사유지,D25mm 계량기 보호통 교체.,"1,006,160 ","848,160 ","158,000 ",0 ,"12,910 ","16,630 ","15,640 ","4,270 ","1,580 ","8,500 ","2,430",0,25.0,계량기보호통(실),계량기보호통,노후,,208.0,101-2,0.0,0 ,0 ,0 ,미등록,폐콘 0.2톤,2022-11-23,,
962,20221125-0329,11-25,동구 괴전동 148,지상사유지,D25mm 계량기 보호통 교체,"939,470 ","781,470 ","158,000 ",0 ,"11,480 ","14,780 ","13,910 ","3,790 ","1,400 ","7,550 ","2,260",0,25.0,계량기보호통(실),계량기보호통,노후,,235.0,237-1,,,,,미등록,폐콘 0.2,2022-11-25,35.8716207,128.7343454
964,20221126-0009,11-26,동구 불로동 1152-3,지상사유지,D13mm 계량기 보호통 교체,"619,120 ","523,520 ","95,600 ",0 ,"7,840 ","10,100 ","9,500 ","2,590 ",960 ,"5,160 ","1,510",0,15.0,계량기보호통(실),계량기보호통,노후,,204.0,76,,,,,미등록,,2022-11-26,35.9142803,128.6404444
969,20221129-0283,11-29,동구 신천동 385-15,지상사유지,D13mm 계량기 보호통 교체,"676,370 ","580,770 ","95,600 ",0 ,"8,980 ","11,560 ","10,870 ","2,960 ","1,100 ","5,900 ","1,660",0,15.0,계량기보호통(실),계량기보호통,노후,,222.0,34,,,,,미등록,폐콘 0.1,2022-11-29,35.8765458,128.6296304
970,20221129-0305,11-29,동구 신암동 1194-3 대영정육점,지상사유지,D13mm 계량기 보호통 교체,"825,890 ","730,290 ","95,600 ",0 ,"10,750 ","13,840 ","13,020 ","3,550 ","1,310 ","7,070 ","2,080",0,15.0,계량기보호통(실),계량기보호통,노후,,216.0,14,,,,,미등록,폐콘 0.8,2022-11-29,35.878224,128.6102623
972,20221130-0022,11-30,동구 신천동 778-7,지상사유지,D13mm 계량기보호통교체,"734,290 ","638,690 ","95,600 ",0 ,"9,820 ","12,650 ","11,890 ","3,240 ","1,200 ","6,460 ","1,820",0,15.0,계량기보호통(실),계량기보호통,노후,,221.0,49,0.0,0 ,0 ,0 ,미등록,폐콘 0.2,2022-11-30,35.8690811,128.6201121
973,20221130-0137,11-30,동구 방촌동 87-6,지하사유지,D13 계량기 보호통 교체,"749,450 ","653,850 ","95,600 ",0 ,"9,860 ","12,700 ","11,940 ","3,260 ","1,200 ","6,490 ","1,870",0,15.0,계량기보호통(실),계량기보호통,노후,"1,042.08",226.0,102,,0 ,0 ,0 ,미등록,폐콘 0.2,2022-11-30,35.8950698,128.6724358
974,20221130-0329,11-30,동구 신평동 215,지하사유지,D13mm 계량기보호통교체,"677,660 ","582,060 ","95,600 ",0 ,"9,600 ","12,360 ","11,620 ","3,170 ","1,170 ","6,310 ","1,620",0,15.0,계량기보호통(실),계량기보호통,노후,"1,042.08",226.0,127,,0 ,0 ,0 ,미등록,폐콘 0.1,2022-11-30,35.8841959,128.6889668
976,20221130-0412,11-30,동구 부동 280-2,지상사유지,D13mm 계량기 보호통 교체,"729,660 ","634,060 ","95,600 ",0 ,"9,460 ","12,180 ","11,460 ","3,120 ","1,160 ","6,230 ","1,820",0,15.0,계량기보호통(실),계량기보호통,노후,,226.0,119-1,,,,,미등록,폐콘 0.2,2022-11-30,35.8882342,128.6851449
977,20221130-0533,11-30,동구 신암동 207-13,지상사유지,D13mm 계량기 보호통 교체,"732,760 ","637,160 ","95,600 ",0 ,"9,810 ","12,640 ","11,890 ","3,240 ","1,200 ","6,460 ","1,810",0,15.0,계량기보호통(실),계량기보호통,노후,,217.0,18,,,,,미등록,폐콘 0.2,2022-11-30,35.8792832,128.6250537
980,20221201-0006,12-01,동구 방촌동 806-76,지상사유지,D13 계량기 보호통 교체,"817,190 ","721,590 ","95,600 ",0 ,"11,030 ","14,210 ","13,360 ","3,640 ","1,350 ","7,260 ","2,060",0,15.0,계량기보호통(실),계량기보호통,노후,,228.0,132,,,,,미등록,폐콘 0.2,2022-12-01,35.8826625,128.6692006
985,20221201-0402,12-01,동구 송정동 570-3,지상사유지,D13 계량기 보호통 교체,"781,990 ","686,390 ","95,600 ",0 ,"10,010 ","12,890 ","12,120 ","3,310 ","1,220 ","6,580 ","1,990",0,15.0,계량기보호통(실),계량기보호통,노후,,201.0,54,,,,,미등록,페콘 0.2,2022-12-01,35.9967625,128.6201646
986,20221201-0638,12-01,동구 방촌동 90-51,지하사유지,D13 계량기 보호통 교체,"694,800 ","599,200 ","95,600 ",0 ,"8,930 ","11,500 ","10,820 ","2,950 ","1,090 ","5,880 ","1,730",0,15.0,계량기보호통(실),계량기보호통,노후,"1,045.2",226.0,103,,0 ,0 ,0 ,미등록,폐콘 0.1,2022-12-01,35.8937074,128.6739549
987,20221202-0182,12-02,동구 지저동 858-16,지상사유지,D13 계량기 보호통 교체,"745,010 ","649,410 ","95,600 ",0 ,"9,730 ","12,530 ","11,790 ","3,210 ","1,190 ","6,400 ","1,860",0,15.0,계량기보호통(실),계량기보호통,노후,,208.0,107-1,,,,,미등록,폐콘 0.2,2022-12-02,35.891766,128.6402358
989,20221202-0350,12-02,동구 방촌동 1084-517,지상공도,D50x13mm 분기점 누수수선,"798,140 ","798,140 ",0 ,0 ,"12,510 ","16,110 ","15,150 ","4,130 ","1,530 ","8,230 ","2,270",0,15.0,스텐레스관,이형관,노후,1,227.0,124-2,0.0,0 ,0 ,0 ,등록,,2022-12-02,35.878084,128.6653892
990,20221202-0429,12-02,동구 부동 410-6,지상사유지,D13 계량기 보호통 교체,"609,760 ","514,160 ","95,600 ",0 ,"8,530 ","10,990 ","10,330 ","2,820 ","1,040 ","5,610 ","1,430",0,15.0,계량기보호통(실),계량기보호통,노후,,225.0,105,,,,,미등록,,2022-12-02,35.8956841,128.6841182
991,20221203-0019,12-03,동구 방촌동 1084-183,지상사유지,D13 계량기 보호통 교체,"715,450 ","619,850 ","95,600 ",0 ,"9,550 ","12,300 ","11,570 ","3,150 ","1,170 ","6,280 ","1,770",0,15.0,계량기보호통(실),계량기보호통,노후,,227.0,124-2,,,,,미등록,,2022-12-03,35.879786,128.6646549
992,20221203-0059,12-03,동구 신암동 80-53,지상사유지,D13mm 인입선 폐쇄,"97,300 ","97,300 ",0 ,0 ,420 ,540 ,510 ,130 ,50 ,270 ,340,0,15.0,스텐레스관,이형관,부식,,209.0,1,,,,,미등록,,2022-12-03,35.889923,128.6317989
994,20221203-0143,12-03,동구 율하동 873-4,지상공도,D100x25mm 분기점 누수수선,"941,240 ","941,240 ",0 ,0 ,"13,000 ","16,740 ","15,740 ","4,290 ","1,590 ","8,550 ","2,780",0,25.0,부분기대,부분기대,노후,1,233.0,250,0.0,0 ,0 ,0 ,등록,,2022-12-03,35.8705341,128.6944476
996,20221203-0153,12-03,동구 신암동 340-5,,터파기 결과 미누수,"1,069,150 ","1,069,150 ",0 ,0 ,"18,180 ","23,400 ","22,010 ","6,010 ","2,230 ","11,960 ","2,950",0,15.0,기타,기타,기타,0,212.0,20,0.0,0 ,0 ,0 ,미등록,,2022-12-03,35.8853386,128.6319141
998,20221203-0170,12-03,동구 신천동 824-8,지상공도,D100*25mm 분기점 누수수선,"337,960 ","337,960 ",0 ,0 ,"5,480 ","7,060 ","6,640 ","1,810 ",670 ,"3,600 ",950,0,25.0,부분기대,부분기대,노후,1,220.0,48,0.0,0 ,0 ,0 ,등록,,2022-12-03,35.868396,128.6155554
1001,20221206-0207,12-06,동구 신천동 733-2,지상공도,D150x20 분기점 누수수선,"618,250 ","618,250 ",0 ,0 ,"9,090 ","11,700 ","11,010 ","3,000 ","1,110 ","5,980 ","1,800",0,20.0,부분기대,부분기대,노후,0.63,220.0,40,0.0,0 ,0 ,0 ,등록,,2022-12-06,35.872869,128.6182659
1002,20221206-0247,12-06,동구 중대동 450,지상사유지,D13mm 계량기 보호통 교체,"713,030 ","617,430 ","95,600 ",0 ,"9,100 ","11,720 ","11,020 ","3,000 ","1,110 ","5,990 ","1,790",0,15.0,계량기보호통(실),계량기보호통,노후,,201.0,54,,,,,미등록,,2022-12-06,35.9783659,128.6353585
1009,20221208-0074,12-08,동구 방촌동 1084-92,지상사유지,D13 계량기 보호통 교체,"658,080 ","562,480 ","95,600 ",0 ,"8,300 ","10,690 ","10,050 ","2,740 ","1,010 ","5,460 ","1,630",0,15.0,계량기보호통(실),계량기보호통,노후,,227.0,124-2,,,,,미등록,폐콘 0.1톤 ,2022-12-08,35.8804437,128.6652751
1011,20221209-0187,12-09,동구 신천동 276-17,지상공도,D50*20 분기점 누수수선,"500,950 ","500,950 ",0 ,0 ,"7,330 ","9,430 ","8,870 ","2,420 ",890 ,"4,820 ","1,460",0,20.0,스텐레스관,이형관,노후,0.63,221.0,41,0.0,0 ,0 ,0 ,등록,,2022-12-09,35.8740319,128.6194044
1012,20221209-0188,12-09,동구 신천동 149-31,지상사유지,D25 계량기 후크너트 누수수선,"75,480 ","75,480 ",0 ,0 ,990 ,"1,270 ","1,190 ",320 ,120 ,650 ,220,0,25.0,계량기보호통(실),연결부,노후,,221.0,41,,,,,미등록,,2022-12-09,35.8682766,128.6229198
1013,20221210-0041,12-10,동구 방촌동 931-3,지상사유지,D13 계량기 보호통 교체,"770,390 ","674,790 ","95,600 ",0 ,"10,020 ","12,900 ","12,140 ","3,310 ","1,220 ","6,590 ","1,940",0,15.0,계량기보호통(실),계량기보호통,노후,,228.0,125,,,,,미등록,폐콘 0.2,2022-12-10,35.884539,128.664883
1019,20221216-0095,12-16,동구 신평동 597 경노당,지상사유지,D13 계량기 보호통 교체,"671,490 ","575,890 ","95,600 ",0 ,"9,310 ","11,990 ","11,280 ","3,080 ","1,140 ","6,130 ","1,610",0,15.0,계량기보호통(실),계량기보호통,노후,,226.0,224-1,,,,,미등록,폐콘 0.2,2022-12-16,35.8781822,128.6839775
1022,20221218-0025,12-18,동구 신암동 73-8,지상사유지,D13mm 계량기 보호통 교체,"748,950 ","653,350 ","95,600 ",0 ,"10,160 ","13,080 ","12,300 ","3,350 ","1,240 ","6,680 ","1,850",0,15.0,계량기보호통(실),계량기보호통,노후,,209.0,1,0.0,0 ,0 ,0 ,미등록,폐콘 0.2톤,2022-12-18,35.8896737,128.6337025
1024,20221219-0437,12-19,동구 효목동 383-38,,터파기 결과 미누수,"210,590 ","210,590 ",0 ,0 ,"3,300 ","4,260 ","4,000 ","1,090 ",400 ,"2,170 ",590,0,15.0,기타,기타,기타,0,606.0,36,0.0,0 ,0 ,0 ,미등록,,2022-12-19,35.8783405,128.6370817
1026,20221220-0032,12-20,동구 신암동 657-44,지상공도,D40x13분기점 누수수선,"184,510 ","184,510 ",0 ,0 ,"2,020 ","2,600 ","2,440 ",660 ,240 ,"1,330 ",580,0,15.0,스텐레스관,이형관,노후,1,211.0,2,0.0,0 ,0 ,0 ,등록,,2022-12-20,35.8878398,128.6179316
1027,20221220-0077,12-20,동구 신암동 134-87,지상공도,D150mm 구분기점 누수수선,"433,250 ","433,250 ",0 ,0 ,"5,150 ","6,630 ","6,240 ","1,700 ",630 ,"3,390 ","1,330",0,15.0,부분기대,부분기대,노후,1,209.0,1,0.0,0 ,0 ,0 ,등록,,2022-12-20,35.8905641,128.6297058
1031,20221222-0006,12-22,동구 서호동 152-36,지상공도,D40x13 분기점 누수수선,"506,700 ","506,700 ",0 ,0 ,"6,660 ","8,580 ","8,070 ","2,200 ",810 ,"4,380 ","1,520",0,15.0,스텐레스관,이형관,노후,1,233.0,257,0.0,0 ,0 ,0 ,미등록,,2022-12-22,35.8674399,128.7114238
1034,20221223-0138,12-23,동구 신천동 425-9,지하공도,D40x15 분기점 누수수선,"452,070 ","452,070 ",0 ,0 ,"6,810 ","8,770 ","8,250 ","2,250 ",830 ,"4,480 ","1,300",0,15.0,스텐레스관,이형관,노후,"1,370.88",606.0,44-2,,0 ,0 ,0 ,등록,,2022-12-23,35.8761878,128.6312784
1035,20221224-0003,12-24,동구 율하동 150-1,지상공도,D40x25 분기점 누수수선,"502,560 ","502,560 ",0 ,0 ,"6,550 ","8,440 ","7,940 ","2,160 ",800 ,"4,310 ","1,510",0,25.0,스텐레스관,이형관,노후,1,233.0,250,0.0,0 ,0 ,0 ,등록,,2022-12-24,35.8717999,128.6987814
1038,20221225-0008,12-25,동구 신기동 195,지상사유지,D20mm 계량기 보호통 교체 ,"805,400 ","677,400 ","128,000 ",0 ,"9,890 ","12,740 ","11,980 ","3,270 ","1,210 ","6,510 ","1,960",0,20.0,계량기보호통(실),계량기보호통,노후,,233.0,250,,,,,미등록,폐콘 0.1톤,2022-12-25,35.8711857,128.7022569
1039,20221226-0006,12-26,동구 방촌동 993-36,지상사유지,D13mm 계량기보호통 교체,"824,480 ","728,880 ","95,600 ",0 ,"11,170 ","14,380 ","13,530 ","3,690 ","1,370 ","7,350 ","2,080",0,15.0,계량기보호통(실),계량기보호통,노후,,228.0,123-2,0.0,0 ,0 ,0 ,미등록,폐콘 0.2톤,2022-12-26,35.8842005,128.6627083
1049,20221228-0232,12-28,동구 방촌동 988-58,지상사유지,D13mm 계량기보호통교체,"861,890 ","766,290 ","95,600 ",0 ,"11,830 ","15,230 ","14,330 ","3,910 ","1,450 ","7,780 ","2,180",0,15.0,계량기보호통(실),계량기보호통,노후,,228.0,123-2,,,,,미등록,폐콘 0.2톤,2022-12-28,35.8846338,128.6616757
1054,20221229-0036,12-29,동구 효목동 190-4,지상사유지,D13mm 계량기보호통교체,"847,150 ","751,550 ","95,600 ",0 ,"11,890 ","15,310 ","14,400 ","3,930 ","1,450 ","7,820 ","2,120",0,15.0,계량기보호통(실),계량기보호통,노후,,213.0,38,0.0,0 ,0 ,0 ,미등록,폐콘 0.2톤,2022-12-29,35.879491,128.6451041
1,20230102-0013,01-02,동구 불로동 1185,지상사유지,D13mm 계량기 보호통 교체,"863,380 ","767,780 ","95,600 ",0 ,"10,520 ","13,550 ","12,740 ","3,480 ","1,290 ","6,920 ","2,260",0,15.0,계량기보호통(실),계량기보호통,노후,,205.0,80,,,,,미등록,폐콘 0.17,2023-01-02,35.9099373,128.6419097
3,20230102-0335,01-02,동구 신암동 209-11,미누수,출장비(N=35),"1,444,830 ","1,444,830 ",0 ,0 ,0 ,0 ,0 ,0 ,0 ,0 ,"5,380",0,,,,,,217.0,18,,0 ,0 ,0 ,미등록,,2023-01-02,35.8797559,128.6200298
5,20230102-0545,01-02,동구 검사동 991-28,지하공도,D100mm 접합부 누수수선,"3,612,410 ","1,482,410 ",0 ,"2,130,000 ","15,590 ","20,080 ","18,880 ","5,150 ","1,910 ","10,260 ","4,590",0,100.0,닥타일관,직관,노후,589.44,210.0,111-1,,0 ,0 ,0 ,등록,폐아 1.6톤,2023-01-02,35.8865286,128.6497076
6,20230103-0218,01-03,동구 신암동 68-11,지하공도,D80mm 접합부 누수수선,"1,098,000 ","1,098,000 ",0 ,0 ,"12,720 ","16,380 ","15,400 ","4,200 ","1,560 ","8,370 ","3,350",0,80.0,닥타일관,이형관,노후,781.2,209.0,1,0.2,267 ,236 ,31 ,등록,폐아 0.6톤,2023-01-03,35.8898715,128.6345169
8,20230104-0010,01-04,동구 신암동 208-10,지상사유지,D13mm 계량기보호통교체,"851,370 ","755,770 ","95,600 ",0 ,"11,130 ","14,330 ","13,480 ","3,680 ","1,360 ","7,320 ","2,180",0,15.0,계량기보호통(실),계량기보호통,노후,,217.0,18,0.0,0 ,0 ,0 ,미등록,폐콘 0.2톤,2023-01-04,35.8796334,128.6221142
9,20230104-0012,01-04,동구 신평동 624,지상공도,D80×20mm 분기점 누수수선,"439,840 ","439,840 ",0 ,0 ,"4,190 ","5,390 ","5,070 ","1,380 ",510 ,"2,750 ","1,410",0,20.0,부분기대,부분기대,노후,0.63,226.0,224-1,,0 ,0 ,0 ,등록,,2023-01-04,35.878334,128.6825742
10,20230104-0111,01-04,동구 신암동 676-1,지상공도,D100mm 직관부누수 수선,"593,720 ","593,720 ",0 ,0 ,"5,690 ","7,330 ","6,890 ","1,880 ",690 ,"3,740 ","1,920",0,100.0,닥타일관,직관,노후,25.57,211.0,3,0.0,0 ,0 ,0 ,등록,,2023-01-04,35.8877153,128.622615
17,20230105-0335,01-05,동구 신천동 30-9,지상사유지,D13 계량기 보호통 교체,"923,800 ","828,200 ","95,600 ",0 ,"12,330 ","15,870 ","14,930 ","4,070 ","1,510 ","8,110 ","2,380",0,15.0,계량기보호통(실),계량기보호통,노후,,219.0,30,,,,,미등록,폐콘 0.2톤,2023-01-05,35.8765338,128.6204611
18,20230105-0336,01-05,동구 신천동 26-9,지상사유지,D13 계량기 보호통교체,"873,420 ","777,820 ","95,600 ",0 ,"11,430 ","14,720 ","13,850 ","3,780 ","1,400 ","7,520 ","2,250",0,15.0,계량기보호통(실),계량기보호통,노후,,219.0,30,0.0,0 ,0 ,0 ,미등록,폐콘 0.2톤,2023-01-05,35.8761064,128.620385
23,20230107-0057,01-07,동구 효목동 380-7,지상공도,D40mm 접합부 누수수선,"438,750 ","438,750 ",0 ,0 ,"6,530 ","8,410 ","7,910 ","2,160 ",800 ,"4,300 ","1,260",0,40.0,PFP관,이형관,노후,0.61,,37,0.0,0 ,0 ,0 ,미등록,,2023-01-07,35.8790368,128.6368829
25,20230109-0110,01-09,동구 효목동 180-1,지상사유지,D13mm 계량기 보호통 교체,"770,750 ","675,150 ","95,600 ",0 ,"9,530 ","12,270 ","11,540 ","3,150 ","1,160 ","6,270 ","1,980",0,15.0,계량기보호통(실),계량기보호통,노후,,213.0,38,0.0,0 ,0 ,0 ,미등록,폐콘 0.1,2023-01-09,35.8808212,128.6454243
26,20230109-0239,01-09,동구 신기동 280-11,지상공도,D40×13mm 분기점 누수수선 & D13mm 계량기 보호통 교체,"1,561,780 ","1,466,180 ","95,600 ",0 ,"20,370 ","26,230 ","24,670 ","6,730 ","2,490 ","13,400 ","4,320",0,15.0,PFP관,이형관,노후,0.11,,251,0.0,0 ,0 ,0 ,등록,폐콘 0.16,2023-01-09,35.8709842,128.7048936
27,20230109-0328,01-09,동구 효목동 348-11,지하공도,D40x13 분기점 누수 수선(폐쇄),"669,130 ","669,130 ",0 ,0 ,"8,750 ","11,260 ","10,590 ","2,890 ","1,070 ","5,750 ","1,980",0,15.0,PFP관,이형관,노후,23.76,223.0,37,,0 ,0 ,0 ,등록,폐콘 0.5,2023-01-09,35.8794349,128.6408322
28,20230109-0391,01-09,동구 신평동 766-1 108동,노후관교체공사,"노후배수관 교체공사(HIVP D100mm ,L=108m)","52,773,750 ","13,860,800 ","2,200,950 ","36,712,000 ","134,410 ","173,060 ","162,780 ","44,430 ","16,490 ","88,450 ","43,300",0,,,,,,226.0,133,4.2,"5,614 ","4,956 ",658 ,미등록,폐아 22.60,2023-01-09,35.8788263,128.6762871
30,20230110-0178,01-10,동구 신기동 194-12,지상공도,D40x13mm 분기점 누수수선 & D13mm 계량기 보호통 교체,"2,663,790 ","2,568,190 ","95,600 ",0 ,"41,950 ","54,010 ","50,800 ","13,860 ","5,140 ","27,600 ","7,190",0,15.0,PFP관,이형관,노후,0,233.0,251,0.0,0 ,0 ,0 ,등록,폐콘 0.23,2023-01-10,35.871265,128.7030402
31,20230110-0286,01-10,동구 동호동 98-35,지하공도,D50x13 분기점 누수 수선,"1,599,010 ","1,599,010 ",0 ,0 ,"21,060 ","27,120 ","25,510 ","6,960 ","2,580 ","13,860 ","4,750",0,15.0,PFP관,이형관,노후,26.4,233.0,258,0.2,267 ,236 ,31 ,등록,폐아 0.7,2023-01-10,35.871019,128.7142848
35,20230111-0246,01-11,동구 용계동 732-6,지하공도,D25x13 분기점 누수수선,"909,860 ","909,860 ",0 ,0 ,"11,800 ","15,190 ","14,290 ","3,900 ","1,440 ","7,760 ","2,730",0,25.0,스텐레스관,이형관,노후,71.28,232.0,249,,0 ,0 ,0 ,등록,,2023-01-11,35.8734945,128.6937173
37,20230112-0193,01-12,동구 불로동 404-3,지하공도,D=100*13mm 분기점 누수수선,"1,594,590 ","1,594,590 ",0 ,0 ,"19,080 ","24,570 ","23,110 ","6,300 ","2,340 ","12,550 ","4,850",0,15.0,부분기대,부분기대,노후,51.84,204.0,76,0.3,401 ,354 ,47 ,등록,폐아 0.7,2023-01-12,35.9111094,128.6403533
40,20230113-0006,01-13,동구 서호동 38-2,지하공도,D100x20 분기점 누수 수선,"1,815,310 ","1,815,310 ",0 ,0 ,"20,200 ","26,000 ","24,460 ","6,670 ","2,470 ","13,290 ","5,600",0,20.0,스텐레스관,이형관,노후,121.68,233.0,257,0.4,535 ,472 ,63 ,등록,폐아 0.79,2023-01-13,35.8695606,128.710679
41,20230113-0017,01-13,동구 효목동 141-6,지상사유지,D13mm 계량기실 누수 수선,"113,770 ","113,770 ",0 ,0 ,700 ,900 ,850 ,230 ,80 ,460 ,380,0,15.0,계량기보호통(실),연결부,노후,,213.0,24,,,,,미등록,,2023-01-13,35.8823359,128.6423277
42,20230116-0033,01-16,동구 불로동 538-20,지상사유지,D13mm 인입선 누수 수선,"428,640 ","428,640 ",0 ,0 ,"4,500 ","5,790 ","5,450 ","1,480 ",550 ,"2,960 ","1,340",0,15.0,계량기보호통(실),접합부,노후,,205.0,80,0.0,0 ,0 ,0 ,미등록,폐콘 0.1,2023-01-16,35.9098226,128.6429838
43,20230116-0076,01-16,동구 신평동 702-25,지상사유지,D32mm 인입선 누수수선 수선,"626,650 ","626,650 ",0 ,0 ,"4,750 ","6,120 ","5,750 ","1,570 ",580 ,"3,120 ","2,080",0,32.0,스텐레스관,이형관,부식,0.33,226.0,133,0.0,0 ,0 ,0 ,미등록,,2023-01-16,35.8782177,128.6784133
44,20230117-0027,01-17,동구 신암동 27-1,지상공도,D80*15mm 분기점 누수수선(페관),"588,390 ","588,390 ",0 ,0 ,"6,040 ","7,780 ","7,320 ","1,990 ",740 ,"3,970 ","1,850",0,15.0,부분기대,부분기대,노후,0.18,,1,,0 ,0 ,0 ,등록,,2023-01-17,35.8888246,128.6371456
49,20230120-0001,01-20,동구 방촌동 1072-46,지상공도,D40x13mm 분기점 누수수선,"493,680 ","493,680 ",0 ,0 ,"5,660 ","7,290 ","6,860 ","1,870 ",690 ,"3,720 ","1,520",0,15.0,PFP관,이형관,노후,0.11,227.0,124-2,0.0,0 ,0 ,0 ,등록,,2023-01-20,35.881071,128.662098
50,20230120-0010,01-20,동구 효목동 383-37,지상사유지,D15mm 계량기보호통 교체,"906,010 ","810,410 ","95,600 ",0 ,"12,040 ","15,500 ","14,580 ","3,980 ","1,470 ","7,920 ","2,330",0,15.0,계량기보호통(실),계량기보호통,노후,,606.0,36,0.0,0 ,0 ,0 ,미등록,폐콘 0.2톤 ,2023-01-20,35.878226,128.6369989
51,20230120-0071,01-20,동구 신암동 289-8,배수관망유지수선,확인굴착(N=2개소),"602,110 ","602,110 ",0 ,0 ,"8,290 ","10,680 ","10,040 ","2,740 ","1,010 ","5,450 ","1,770",0,,,,,,212.0,20,,,,,미등록,,2023-01-20,35.8853505,128.6313166
52,20230120-0073,01-20,동구 신기동 576,배수관망유지수선,D200mm 시편채취(1개소),"1,605,180 ","1,605,180 ",0 ,0 ,"16,070 ","20,690 ","19,460 ","5,310 ","1,970 ","10,570 ","5,130",0,,,,,,233.0,251,,0 ,0 ,0 ,미등록,,2023-01-20,35.8672331,128.7053506
60,20230125-0721,01-25,동구 신천동 671-65,지상공도,D50*13mm 분기점 누수수선,"963,800 ","963,800 ",0 ,0 ,"15,210 ","19,580 ","18,420 ","5,020 ","1,860 ","10,000 ","2,730",0,15.0,부분기대,부분기대,노후,0.23,,48,,0 ,0 ,0 ,등록,,2023-01-25,35.8703785,128.6184427
63,20230125-0785,01-25,동구 지저동 644-20,지상사유지,D15mm 계량기 보호통 교체,"948,380 ","852,780 ","95,600 ",0 ,"11,900 ","15,320 ","14,410 ","3,930 ","1,460 ","7,830 ","2,500",0,15.0,계량기보호통(실),계량기보호통,노후,,208.0,101-2,0.0,0 ,0 ,0 ,미등록,폐콘 0.2톤,2023-01-25,35.895856,128.6436048
65,20230125-0788,01-25,동구 각산동 298-11,지상사유지,D25mm 계량기 보호통 교체,"1,096,750 ","938,750 ","158,000 ",0 ,"12,340 ","15,890 ","14,950 ","4,080 ","1,510 ","8,120 ","2,800",0,25.0,계량기보호통(실),계량기보호통,노후,,235.0,259-1,0.0,0 ,0 ,0 ,미등록,폐콘 0.2톤 ,2023-01-25,35.8671207,128.7206153
67,20230126-0049,01-26,동구 효목동 196-4,지상사유지,D13 계량기 보호통 교체,"860,030 ","764,430 ","95,600 ",0 ,"11,210 ","14,440 ","13,580 ","3,700 ","1,370 ","7,380 ","2,210",0,15.0,계량기보호통(실),계량기보호통,노후,,213.0,38,0.0,0 ,0 ,0 ,미등록,폐콘 0.2톤 ,2023-01-26,35.8776279,128.6452808
71,20230126-0364,01-26,동구 도동 532-3,지상사유지,D13mm 계량기실 누수 수선,"156,150 ","156,150 ",0 ,0 ,700 ,900 ,850 ,230 ,80 ,460 ,540,0,15.0,계량기보호통(실),연결부,노후,,206.0,72,,,,,미등록,,2023-01-26,35.9234894,128.6673488
73,20230126-0565,01-26,동구 검사동 960-121,지상사유지,D13 계량기 보호통 교체,"937,920 ","842,320 ","95,600 ",0 ,"11,900 ","15,320 ","14,410 ","3,930 ","1,460 ","7,830 ","2,460",0,15.0,계량기보호통(실),계량기보호통,노후,,210.0,111-1,,,,,미등록,폐콘 0.2톤,2023-01-26,35.8847711,128.6543497
74,20230126-0567,01-26,동구 율암동 362-4,지상사유지,D25 계량기 보호통  교체,"958,180 ","800,180 ","158,000 ",0 ,"10,360 ","13,340 ","12,540 ","3,420 ","1,270 ","6,810 ","2,400",0,25.0,계량기보호통(실),계량기보호통,노후,,230.0,201,,,,,미등록,,2023-01-26,35.8771161,128.7054989
75,20230126-0568,01-26,동구 신천동 425-5,지상공도,D40x13 분기점 누수 수선,"764,620 ","673,120 ","91,500 ",0 ,"8,650 ","11,140 ","10,480 ","2,860 ","1,060 ","5,690 ","2,030",0,15.0,부분기대,부분기대,노후,0.23,606.0,44-2,0.0,0 ,0 ,0 ,등록,,2023-01-26,35.8762076,128.6311281
76,20230126-0726,01-26,동구 효목동 405-3,지상사유지,D13mm 계량기실 누수 수선,"94,640 ","94,640 ",0 ,0 ,350 ,450 ,420 ,110 ,40 ,230 ,330,0,15.0,계량기보호통(실),앵글밸브,노후,,606.0,36,,,,,미등록,,2023-01-26,35.8768633,128.6342932
80,20230127-0062,01-27,동구 검사동 907-56,지상공도,D50x13 분기점 누수 수선,"1,000,670 ","1,000,670 ",0 ,0 ,"13,630 ","17,550 ","16,500 ","4,500 ","1,670 ","8,970 ","2,950",0,15.0,부분기대,부분기대,노후,0.23,,108-1,0.0,0 ,0 ,0 ,등록,폐아 0.3톤 ,2023-01-27,35.890103,128.6533213
82,20230127-0098,01-27,동구 효목동 371-7,지상사유지,D13mm 계량기실 누수 수선,"113,770 ","113,770 ",0 ,0 ,700 ,900 ,850 ,230 ,80 ,460 ,380,0,15.0,계량기보호통(실),앵글밸브,노후,,223.0,37,,,,,미등록,,2023-01-27,35.878642,128.6372711
84,20230127-0118,01-27,동구 도동 330,지하사유지,D13 계량기 보호통 교체,"1,536,070 ","1,440,470 ","95,600 ",0 ,"18,410 ","23,700 ","22,300 ","6,080 ","2,250 ","12,110 ","4,300",0,15.0,계량기보호통(실),계량기보호통,노후,142.56,206.0,72,0.2,267 ,236 ,31 ,미등록,"폐콘 0.13, 폐아 0.45",2023-01-27,35.9206588,128.6605191
85,20230127-0137,01-27,동구 도동 483-1,지하사유지,D13 계량기 보호통 교체,"760,840 ","665,240 ","95,600 ",0 ,"8,740 ","11,250 ","10,580 ","2,880 ","1,070 ","5,750 ","1,990",0,15.0,계량기보호통(실),계량기보호통,노후,71.28,206.0,72,,0 ,0 ,0 ,미등록,,2023-01-27,35.9204118,128.6626851
88,20230127-0301,01-27,동구 용계동 984-1,지하사유지,D25mm 앵글밸브 누수 수선,"266,010 ","266,010 ",0 ,0 ,740 ,950 ,890 ,240 ,90 ,480 ,950,0,25.0,계량기보호통(실),앵글밸브,노후,123.12,227.0,138,,0 ,0 ,0 ,미등록,,2023-01-27,35.8755393,128.6828936
91,20230127-0437,01-27,동구 지저동 819-34,지상사유지,D13mm 계량기 보호통 교체,"848,000 ","752,400 ","95,600 ",0 ,"10,300 ","13,270 ","12,480 ","3,400 ","1,260 ","6,780 ","2,210",0,15.0,계량기보호통(실),계량기보호통,노후,,208.0,107-1,0.0,0 ,0 ,0 ,미등록,폐콘 0.2톤,2023-01-27,35.8921276,128.6422667
92,20230127-0438,01-27,동구 방촌동 887-14,지상사유지,D13mm 인입선 누수수선,"231,440 ","231,440 ",0 ,0 ,"1,000 ","1,290 ","1,220 ",330 ,120 ,660 ,810,0,15.0,스텐레스관,이형관,노후,0.11,228.0,125,0.0,0 ,0 ,0 ,미등록,,2023-01-27,35.8815451,128.6660556
93,20230127-0532,01-27,동구 신암동 657-98,지상사유지,D13 계량기 보호통 교체,"635,400 ","539,800 ","95,600 ",0 ,"7,350 ","9,460 ","8,900 ","2,430 ",900 ,"4,840 ","1,590",0,15.0,계량기보호통(실),계량기보호통,노후,,211.0,3,0.0,0 ,0 ,0 ,미등록,폐콘 0.1톤 ,2023-01-27,35.8883367,128.6186221
94,20230127-0657,01-27,동구 도동 978-62,지상사유지,D13mm 계량기실 누수 수선,"137,010 ","137,010 ",0 ,0 ,350 ,450 ,420 ,110 ,40 ,230 ,490,0,15.0,계량기보호통(실),앵글밸브,노후,,205.0,80,,,,,미등록,,2023-01-27,35.9091817,128.6442209
96,20230130-0016,01-30,동구 신암동 635-52,지상공도,D80x13 분기점 누수 수선(N=2),"682,700 ","682,700 ",0 ,0 ,"6,930 ","8,920 ","8,390 ","2,290 ",850 ,"4,560 ","2,160",0,15.0,부분기대,부분기대,노후,0.23,211.0,7,,0 ,0 ,0 ,등록,,2023-01-30,35.8868175,128.6208951
99,20230130-0273,01-30,동구 율암동 524-76,지상사유지,D13mm 인입선 누수수선,"169,880 ","169,880 ",0 ,0 ,70 ,90 ,80 ,20 ,0 ,40 ,630,0,15.0,스텐레스관,이형관,노후,,230.0,201,0.0,0 ,0 ,0 ,미등록,,2023-01-30,35.8762178,128.7005966
106,20230130-0448,01-30,동구 검사동 960-144,지상사유지,D13mm 계량기 보호통 교체,"677,900 ","582,300 ","95,600 ",0 ,"7,350 ","9,460 ","8,900 ","2,430 ",900 ,"4,840 ","1,750",0,15.0,계량기보호통(실),계량기보호통,노후,,210.0,111-1,0.0,0 ,0 ,0 ,미등록,폐콘 0.1톤,2023-01-30,35.884809,128.6547668
107,20230130-0450,01-30,동구 신암동 652-17,지상공도,D80*20mm 분기점 누수수선,"25,080 ","25,080 ",0 ,0 ,390 ,500 ,470 ,120 ,40 ,250 ,70,0,20.0,부분기대,부분기대,노후,0.44,211.0,3,,0 ,0 ,0 ,등록,,2023-01-30,35.8899273,128.6210595
108,20230130-0464,01-30,동구 검사동 744-10,지상공도,D40x20mm 인입선 누수 수선,"291,880 ","291,880 ",0 ,0 ,"1,950 ","2,510 ","2,360 ",640 ,230 ,"1,280 ",980,0,20.0,부분기대,부분기대,노후,0.63,210.0,108-1,,0 ,0 ,0 ,등록,,2023-01-30,35.8864,128.6614512
111,20230130-0932,01-30,동구 신암동 700-9,지하공도,D80x20 분기점 누수 수선,"550,970 ","550,970 ",0 ,0 ,"5,880 ","7,570 ","7,120 ","1,940 ",720 ,"3,870 ","1,730",0,20.0,부분기대,부분기대,노후,453.6,211.0,2,,0 ,0 ,0 ,등록,,2023-01-30,35.8873895,128.6168318
112,20230130-0949,01-30,동구 동호동 72 산새물새,지상공도,D100*20mm 분기점 누수수선&D20mm 계량기실 누수수선,"2,429,050 ","2,429,050 ",0 ,0 ,"32,130 ","41,370 ","38,910 ","10,620 ","3,940 ","21,140 ","7,170",0,20.0,부분기대,부분기대,노후,0.49,,257,0.5,668 ,590 ,78 ,등록,"폐콘 0.74, 폐아 0.94",2023-01-30,35.8713173,128.7130944
113,20230131-0016,01-31,동구 신암동 457-7,지하공도,D200x13 분기점 누수 수선(폐쇄) - 캡처리,"97,350 ","97,350 ",0 ,0 ,350 ,450 ,420 ,110 ,40 ,230 ,340,0,15.0,부분기대,부분기대,노후,133.92,216.0,16-2,,0 ,0 ,0 ,등록,,2023-01-31,35.8775823,128.6148547
114,20230131-0019,01-31,동구 신암동 457-2,지하공도,D200x13 구분기점 폐쇄,"164,690 ","164,690 ",0 ,0 ,"1,050 ","1,360 ","1,270 ",340 ,120 ,690 ,550,0,15.0,부분기대,부분기대,노후,171.12,216.0,16-2,,0 ,0 ,0 ,등록,,2023-01-31,35.8779323,128.6147168
116,20230131-0032,01-31,동구 신평동 95,지상공도,D80*13mm 분기점 누수수선,"1,596,190 ","1,596,190 ",0 ,0 ,"19,310 ","24,860 ","23,390 ","6,380 ","2,360 ","12,700 ","4,840",0,15.0,부분기대,부분기대,노후,0.18,230.0,201,0.3,401 ,354 ,47 ,등록,폐아 0.7,2023-01-31,35.8838628,128.693916
117,20230131-0036,01-31,동구 도동 453-3,지상사유지,D13mm 계량기 보호통 교체,"878,380 ","782,780 ","95,600 ",0 ,"10,720 ","13,800 ","12,980 ","3,540 ","1,310 ","7,050 ","2,310",0,15.0,계량기보호통(실),계량기보호통,노후,,206.0,72,0.0,0 ,0 ,0 ,미등록,폐콘 0.2,2023-01-31,35.9202511,128.661724
118,20230131-0037,01-31,동구 검사동 960-146,지상사유지,D13mm 계량기 보호통 교체,"745,960 ","650,360 ","95,600 ",0 ,"8,470 ","10,910 ","10,260 ","2,800 ","1,030 ","5,570 ","1,940",0,15.0,계량기보호통(실),계량기보호통,노후,,210.0,111-1,0.0,0 ,0 ,0 ,미등록,폐콘 0.1톤 ,2023-01-31,35.8846691,128.6550551
120,20230131-0041,01-31,동구 미대동 253,지상사유지,D13mm 계량기 보호통 교체,"823,620 ","728,020 ","95,600 ",0 ,"9,350 ","12,040 ","11,320 ","3,090 ","1,140 ","6,150 ","2,190",0,15.0,계량기보호통(실),계량기보호통,노후,,201.0,300,,,,,미등록,,2023-01-31,35.9593742,128.6683015
121,20230131-0110,01-31,동구 동호동 21,지상사유지,D13mm 계량기실 누수 수선,"346,450 ","346,450 ",0 ,0 ,350 ,450 ,420 ,110 ,40 ,230 ,"1,270",0,15.0,계량기보호통(실),앵글밸브,노후,,233.0,257,,,,,미등록,,2023-01-31,35.8703874,128.7116197
122,20230131-0238,01-31,동구 불로동 1063-26,지상공도,D40x13mm 분기점 누수수선,"613,300 ","613,300 ",0 ,0 ,"7,620 ","9,810 ","9,230 ","2,520 ",930 ,"5,010 ","1,860",0,15.0,PFP관,이형관,노후,0,,99,0.0,0 ,0 ,0 ,등록,,2023-01-31,35.8955286,128.6334788
123,20230131-0240,01-31,동구 방촌동 931-8,지상사유지,D13mm 계량기보호통교체,"775,030 ","679,430 ","95,600 ",0 ,"9,110 ","11,730 ","11,030 ","3,010 ","1,110 ","5,990 ","2,020",0,15.0,계량기보호통(실),계량기보호통,노후,,228.0,125,0.0,0 ,0 ,0 ,미등록,폐콘 0.1,2023-01-31,35.8844343,128.6654038
124,20230131-0726,01-31,동구 신암동 349-9,지하공도,D100*25mm 분기점 누수수선,"1,376,450 ","1,376,450 ",0 ,0 ,"20,160 ","25,950 ","24,410 ","6,660 ","2,470 ","13,260 ","3,990",0,25.0,부분기대,부분기대,노후,639.84,218.0,22,,0 ,0 ,0 ,등록,,2023-01-31,35.8809099,128.6297902
856,20221026-0063,10-26,동구 신천동 423-30,지상사유지,D=13mm 계량기 보호통 교체,"919,780 ","824,180 ","95,600 ",0 ,"12,260 ","15,780 ","14,840 ","4,050 ","1,500 ","8,060 ","2,370",0,15.0,계량기보호통(실),계량기보호통,노후,,606.0,44-2,0.0,0 ,0 ,0 ,미등록,폐콘 0.2톤 ,2022-10-26,35.875755,128.6319769
862,20221027-0635,10-27,동구 검사동 960-133,노후관교체공사,"D50, L=130m 노후관 교체공사","14,783,710 ","14,020,740 ","762,970 ",0 ,"223,960 ","288,370 ","271,240 ","74,040 ","27,470 ","147,390 ","39,720",0,,,,,,210.0,111-1,0.2,247 ,216 ,31 ,미등록,폐아 0.56톤,2022-10-27,35.8852579,128.6549667
871,20221028-0336,10-28,동구 신천동 41-19,지하사유지,D13mm 접합부 누수 수선,"1,220,630 ","1,220,630 ",0 ,0 ,"16,620 ","21,400 ","20,130 ","5,490 ","2,030 ","10,940 ","3,600",0,15.0,스텐레스관,이형관,노후,"1,444.8",219.0,30,0.1,124 ,108 ,16 ,미등록,폐아 0.5톤,2022-10-28,35.8767509,128.6221889
872,20221028-0338,10-28,동구 신천동 30-6,지하공도,D80x25 분기점 누수 수선,"1,482,400 ","1,482,400 ",0 ,0 ,"20,450 ","26,330 ","24,760 ","6,760 ","2,500 ","13,450 ","4,360",0,25.0,부분기대,부분기대,노후,"5,634.72",219.0,30,0.1,124 ,108 ,16 ,등록,폐아 0.6톤,2022-10-28,35.8765937,128.6206615
874,20221028-0353,10-28,동구 검사동 960-153,노후관교체공사,검사동 960-153 노후배수관 교체공사,"10,487,310 ","10,023,660 ","463,650 ",0 ,"151,730 ","195,360 ","183,760 ","50,160 ","18,610 ","99,850 ","28,890",0,,,,,,210.0,111-1,1.6,"1,979 ","1,728 ",251 ,미등록,"폐아 0.61, STS D50mm, L=79m",2022-10-28,35.8851057,128.655248
875,20221028-0362,10-28,동구 지저동 660-9,지하공도,D80x13 분기점 누수 수선,"1,022,650 ","1,022,650 ",0 ,0 ,"13,710 ","17,660 ","16,610 ","4,530 ","1,680 ","9,020 ","3,010",0,15.0,부분기대,부분기대,노후,"1,661.52",208.0,101-2,0.1,124 ,108 ,16 ,등록,폐아 0.5톤,2022-10-28,35.895942,128.6425054
893,20221101-0170,11-01,동구 신암동 27-1,지상사유지,D13mm 구관폐쇄,"151,090 ","151,090 ",0 ,0 ,420 ,540 ,510 ,130 ,50 ,270 ,540,0,15.0,스텐레스관,이형관,노후,0.14,209.0,1,0.0,0 ,0 ,0 ,미등록,,2022-11-01,35.8888246,128.6371456
895,20221101-0189,11-01,동구 신암동 709-6,지상사유지,D13 접합부 누수수선,"97,300 ","97,300 ",0 ,0 ,420 ,540 ,510 ,130 ,50 ,270 ,340,0,15.0,스텐레스관,이형관,노후,0.14,211.0,2,0.0,0 ,0 ,0 ,미등록,,2022-11-01,35.8865128,128.6175861
902,20221102-0284,11-02,동구 신암동 209-7,지상사유지,D13mm 계량기 보호통 교체,"792,990 ","697,390 ","95,600 ",0 ,"10,920 ","14,060 ","13,230 ","3,610 ","1,330 ","7,190 ","1,980",0,15.0,계량기보호통(실),계량기보호통,노후,,217.0,18,0.0,0 ,0 ,0 ,미등록,폐콘 0.2,2022-11-02,35.8801811,128.6214236
919,20221107-0304,11-07,동구 율암동 359-2 A,지상사유지,D13mm 계량기 보호통 교체.,"1,093,480 ","997,880 ","95,600 ",0 ,"13,720 ","17,670 ","16,620 ","4,530 ","1,680 ","9,030 ","2,930",0,15.0,계량기보호통(실),계량기보호통,노후,,233.0,228,0.0,0 ,0 ,0 ,미등록,폐콘 0.3톤,2022-11-07,35.8763269,128.7052597
943,20221114-0042,11-14,동구 신암동 777-2,지상사유지,D13mm 계량기 보호통 교체.,"956,890 ","861,290 ","95,600 ",0 ,"11,860 ","15,280 ","14,370 ","3,920 ","1,450 ","7,800 ","2,530",0,15.0,계량기보호통(실),계량기보호통,노후,,233.0,228,0.0,0 ,0 ,0 ,미등록,폐콘 0.2톤,2022-11-14,35.8831012,128.6165468
968,20221129-0163,11-29,동구 율암동 370-2,지상공도,D50mm 접합부누수 수선,"1,034,790 ","1,034,790 ",0 ,0 ,"14,100 ","18,160 ","17,080 ","4,660 ","1,730 ","9,280 ","3,080",0,50.0,PFP관,이형관,노후,0.79,230.0,201,0.1,124 ,108 ,16 ,등록,,2022-11-29,35.8774336,128.7036941
971,20221130-0008,11-30,동구 검사동 960-116,지하공도,D80x15 분기점 누수 수선 및 배수관망정비 STS D50mm L=36m,"4,520,870 ","4,309,590 ","211,280 ",0 ,"65,100 ","83,820 ","78,840 ","21,520 ","7,980 ","42,840 ","12,420",0,50.0,기타,기타,기타,"79,358.4",210.0,111-1,,0 ,0 ,0 ,미등록,,2022-11-30,35.8852769,128.6543198
975,20221130-0332,11-30,동구 신천동 371-3,지하공도,D50×13mm 분기점누수 수선,"611,680 ","611,680 ",0 ,0 ,"8,820 ","11,350 ","10,680 ","2,910 ","1,080 ","5,800 ","1,780",0,15.0,PFP관,이형관,노후,881.76,222.0,34,,0 ,0 ,0 ,등록,폐콘 0.2,2022-11-30,35.8729942,128.629281
995,20221203-0147,12-03,동구 신기동 127-4,지상공도,D200x25 분기점 누수수선,"1,057,510 ","1,057,510 ",0 ,0 ,"13,790 ","17,760 ","16,710 ","4,560 ","1,690 ","9,080 ","3,180",0,25.0,부분기대,부분기대,노후,1.56,233.0,251,,0 ,0 ,0 ,등록,,2022-12-03,35.8723866,128.7060707
1006,20221207-0159,12-07,동구 내동 65,지하공도,D40x13mm 분기점 누수수선,"1,531,650 ","1,531,650 ",0 ,0 ,"19,210 ","24,740 ","23,270 ","6,350 ","2,350 ","12,640 ","4,610",0,15.0,스텐레스관,이형관,노후,900.24,201.0,298,0.2,267 ,236 ,31 ,등록,폐아 0.7,2022-12-07,35.9718297,128.6621616
1017,20221215-0017,12-15,동구 신평동 756-7,노후관교체공사,"HIVP D80mm, L=120m 노후관 교체","72,735,280 ","16,987,480 ","1,252,800 ","54,495,000 ","153,160 ","197,200 ","185,490 ","50,630 ","18,790 ","100,790 ",0,0,,,,,,226.0,133,9.0,"11,130 ","9,720 ","1,410 ",미등록,,2022-12-15,35.879726,128.674492
1018,20221215-0231,12-15,동구 방촌동 925-49,지상공도,D40x13mm 분기점 누수수선,"359,880 ","359,880 ",0 ,0 ,"5,370 ","6,920 ","6,510 ","1,770 ",650 ,"3,530 ","1,030",0,15.0,PFP관,이형관,노후,0.11,228.0,125,0.0,0 ,0 ,0 ,미등록,,2022-12-15,35.8832605,128.6650347
1023,20221219-0390,12-19,동구 지저동 775-29,지상공도,D40x13mm 분기점 누수수선,"454,280 ","454,280 ",0 ,0 ,"7,160 ","9,220 ","8,670 ","2,360 ",870 ,"4,710 ","1,280",0,15.0,PFP관,이형관,노후,0.11,,106-2,0.1,124 ,108 ,16 ,등록,,2022-12-19,35.8942832,128.6386801
1033,20221222-0269,12-22,동구 방촌동 1119-49,지상사유지,D13mm 계량기 보호통 교체,"896,400 ","800,800 ","95,600 ",0 ,"11,150 ","14,350 ","13,500 ","3,680 ","1,360 ","7,330 ","2,350",0,15.0,계량기보호통(실),계량기보호통,노후,,231.0,139,,,,,미등록,폐콘크리트 0.2톤,2022-12-22,35.8757567,128.668972
1047,20221228-0005,12-28,동구 서호동 201-14,지상사유지,D13mm 접합부누수 수선,"1,122,560 ","1,122,560 ",0 ,0 ,"14,070 ","18,120 ","17,040 ","4,650 ","1,720 ","9,260 ","3,380",0,15.0,스텐레스관,이형관,노후,,233.0,257,0.1,124 ,108 ,16 ,미등록,폐아 0.4톤,2022-12-28,35.8663793,128.7120665
1053,20221229-0003,12-29,동구 방촌동 1113-189,지상사유지,D13mm 계량기보호통교체,"859,590 ","763,990 ","95,600 ",0 ,"11,030 ","14,210 ","13,360 ","3,640 ","1,350 ","7,260 ","2,220",0,15.0,계량기보호통(실),계량기보호통,노후,,227.0,138,0.0,0 ,0 ,0 ,미등록,폐콘 0.2톤,2022-12-29,35.8776848,128.6717143
1059,20221230-0216,12-30,동구 지저동 869-25,지상사유지,D13mm 계량기보호통교체,"979,910 ","884,310 ","95,600 ",0 ,"12,400 ","15,960 ","15,010 ","4,090 ","1,520 ","8,160 ","2,590",0,15.0,계량기보호통(실),계량기보호통,노후,,208.0,107-1,,,,,미등록,폐콘 0.21,2022-12-30,35.8916633,128.6418075
13,20230104-0322,01-04,동구 신암동 252-17,지상공도,D80*20mm 분기점 누수수선,"194,110 ","194,110 ",0 ,0 ,"1,940 ","2,490 ","2,340 ",640 ,230 ,"1,270 ",610,0,20.0,부분기대,부분기대,노후,0.63,212.0,20,,0 ,0 ,0 ,등록,,2023-01-04,35.8838523,128.6272154
16,20230105-0242,01-05,동구 효목동 379-1,지하사유지,D13mm 인입선 누수수선,"1,404,960 ","1,404,960 ",0 ,0 ,"16,180 ","20,830 ","19,590 ","5,350 ","1,980 ","10,650 ","4,330",0,15.0,스텐레스관,이형관,노후,13.2,223.0,37,0.3,401 ,354 ,47 ,미등록,폐아 0.6,2023-01-05,35.8797175,128.6360681
20,20230106-0008,01-06,동구 신천동 156-4,지상사유지,D13mm 계량기실 누수 수선,"113,770 ","113,770 ",0 ,0 ,700 ,900 ,850 ,230 ,80 ,460 ,380,0,15.0,계량기보호통(실),연결부,노후,,221.0,49,,,,,미등록,,2023-01-06,35.8715576,128.6233327
38,20230113-0004,01-13,동구 효목동 49-8,지하공도,D50*13mm 분기점 누수수선,"1,371,460 ","1,371,460 ",0 ,0 ,"17,210 ","22,160 ","20,850 ","5,690 ","2,110 ","11,330 ","4,120",0,15.0,PFP관,이형관,노후,34.32,213.0,24,0.2,267 ,236 ,31 ,등록,폐아 0.71,2023-01-13,35.8828005,128.6393506
39,20230113-0005,01-13,동구 동호동 94-14,지하공도,"D80x13,25mm 분기점 누수수선","2,086,550 ","2,086,550 ",0 ,0 ,"24,630 ","31,710 ","29,830 ","8,140 ","3,020 ","16,210 ","6,390",0,25.0,부분기대,부분기대,노후,268.32,233.0,257,0.3,401 ,354 ,47 ,등록,폐아 0.7,2023-01-13,35.8699292,128.7130109
55,20230121-0006,01-21,동구 둔산동 979,지상공도,D25X13mm 분기점 누수수선,"1,251,190 ","1,251,190 ",0 ,0 ,"15,980 ","20,580 ","19,350 ","5,280 ","1,960 ","10,510 ","3,760",0,15.0,스텐레스관,이형관,노후,0.11,226.0,95,0.1,134 ,118 ,16 ,등록,폐콘 0.5,2023-01-21,35.8988737,128.6727215
62,20230125-0769,01-25,동구 신천동 387-6,지하공도,D25x13 분기점 누수 수선,"1,701,050 ","1,701,050 ",0 ,0 ,"23,880 ","30,740 ","28,920 ","7,890 ","2,930 ","15,710 ","4,970",0,15.0,부분기대,부분기대,노후,138,222.0,34,0.3,401 ,354 ,47 ,등록,폐아 0.8톤,2023-01-25,35.8769156,128.6303847
72,20230126-0397,01-26,동구 검사동 1056,지하사유지,D13mm 계량기 보호통 교체,"721,960 ","626,360 ","95,600 ",0 ,"8,120 ","10,450 ","9,830 ","2,680 ",990 ,"5,340 ","1,870",0,15.0,계량기보호통(실),계량기보호통,노후,68.64,226.0,102,,0 ,0 ,0 ,미등록,폐콘 0.1,2023-01-26,35.8933216,128.6670295
78,20230127-0036,01-27,동구 상매동 168-3,지상공도,D32 접합부 누수 수선(매달린 관),"315,570 ","315,570 ",0 ,0 ,900 ,"1,170 ","1,100 ",300 ,110 ,590 ,"1,120",0,32.0,스텐레스관,직관,접합부이완,2.64,230.0,201,0.0,0 ,0 ,0 ,등록,,2023-01-27,35.906066,128.7137533
79,20230127-0058,01-27,동구 신암동 134-7,기타,D100mm 유량계 이설,"26,966,000 ","11,221,000 ","15,745,000 ",0 ,"149,140 ","192,030 ","180,630 ","49,300 ","18,290 ","98,150 ","33,640",0,,,,,,209.0,1,0.9,"1,203 ","1,062 ",141 ,미등록,,2023-01-27,35.8884122,128.6297392
86,20230127-0139,01-27,동구 도동 453-3,지하미누수,터파기 결과 미누수,"1,333,670 ","1,333,670 ",0 ,0 ,"17,960 ","23,120 ","21,750 ","5,930 ","2,200 ","11,820 ","3,930",0,,,,,,206.0,72,0.1,134 ,118 ,16 ,미등록,폐아 0.6톤,2023-01-27,35.9202511,128.661724
105,20230130-0417,01-30,동구 방촌동 1113-204,지상공도,D80x13mm 분기점 누수수선&D13mm 계량기 보호통 교체,"2,325,530 ","2,229,930 ","95,600 ",0 ,"31,030 ","39,950 ","37,580 ","10,250 ","3,800 ","20,420 ","6,530",0,15.0,부분기대,부분기대,노후,0,227.0,138,0.2,267 ,236 ,31 ,등록,"폐콘 0.21, 폐아 0.71",2023-01-30,35.8776455,128.6707511
110,20230130-0680,01-30,동구 방촌동 1044-71,지상사유지,D13mm 계량기 보호통 교체,"665,970 ","570,370 ","95,600 ",0 ,"8,400 ","10,820 ","10,180 ","2,770 ","1,030 ","5,530 ","1,650",0,15.0,계량기보호통(실),계량기보호통,노후,,227.0,124-2,0.0,0 ,0 ,0 ,미등록,폐콘 0.1,2023-01-30,35.8804666,128.6594336
115,20230131-0020,01-31,동구 도동 90-12,지하미누수,터파기 결과 미누수,"1,096,320 ","1,096,320 ",0 ,0 ,"11,530 ","14,850 ","13,960 ","3,810 ","1,410 ","7,590 ","3,420",0,,,,,,205.0,80,0.2,267 ,236 ,31 ,미등록,폐아 0.5톤,2023-01-31,35.9102559,128.6491739
126,20230131-0777,01-31,동구 효목동 65-14,미누수,터파기 결과 미누수(하수도),"222,600 ","222,600 ",0 ,0 ,"2,310 ","2,980 ","2,800 ",760 ,280 ,"1,520 ",690,0,,,,,,213.0,24,,,,,미등록,,2023-01-31,35.884804,128.6367999
127,20230201-0032,02-01,동구 도동 3-12,지하미누수,D80*25mm 분기점 누수수선,"1,943,090 ","1,943,090 ",0 ,0 ,"23,990 ","30,880 ","29,050 ","7,930 ","2,940 ","15,780 ","5,880",0,,,,,,205.0,80,0.3,401 ,354 ,47 ,미등록,폐아 0.8,2023-02-01,35.9096412,128.6449857
128,20230201-0233,02-01,동구 효목동 54-7,지상사유지,D13mm 계량기 보호통 교체,"714,910 ","619,310 ","95,600 ",0 ,"8,620 ","11,100 ","10,440 ","2,850 ","1,050 ","5,670 ","1,820",0,15.0,계량기보호통(실),계량기보호통,노후,,213.0,24,0.0,0 ,0 ,0 ,미등록,폐콘 0.1,2023-02-01,35.8837338,128.6380478
129,20230201-0297,02-01,동구 도동 9-10,미누수,출장비 정산(N=20),"647,480 ","647,480 ",0 ,0 ,0 ,0 ,0 ,0 ,0 ,0 ,"2,410",0,,,,,,205.0,80,,,,,미등록,,2023-02-01,35.9095138,128.6463156
130,20230201-0603,02-01,동구 효목동 293-3,지상사유지,D13mm 계량기 보호통 교체,"606,220 ","510,620 ","95,600 ",0 ,"7,700 ","9,910 ","9,320 ","2,540 ",940 ,"5,060 ","1,460",0,15.0,계량기보호통(실),계량기보호통,노후,,606.0,35,0.0,0 ,0 ,0 ,미등록,폐콘 0.1,2023-02-01,35.88078,128.6361364
131,20230201-0612,02-01,동구 신무동 235-5,지하공도,D25mm 접합부 수선,"1,684,840 ","1,684,840 ",0 ,0 ,"24,280 ","31,270 ","29,410 ","8,020 ","2,970 ","15,980 ","4,930",0,25.0,스텐레스관,이형관,노후,192,201.0,307,,0 ,0 ,0 ,등록,,2023-02-01,35.9896996,128.6715106
134,20230202-0509,02-02,동구 신기동 160-45,지하공도,D100*13mm 분기점 누수수선,"1,333,300 ","1,333,300 ",0 ,0 ,"14,500 ","18,670 ","17,560 ","4,790 ","1,770 ","9,540 ","4,140",0,15.0,부분기대,부분기대,노후,0,233.0,250,0.1,134 ,118 ,16 ,등록,폐아 0.5,2023-02-02,35.8722387,128.701207
135,20230203-0019,02-03,동구 불로동 581-2 대구추어탕,지하사유지,D13mm 계량기 보호통 교체,"741,680 ","646,080 ","95,600 ",0 ,"8,400 ","10,820 ","10,180 ","2,770 ","1,030 ","5,530 ","1,930",0,15.0,계량기보호통(실),계량기보호통,노후,0,205.0,80,,0 ,0 ,0 ,미등록,폐콘 0.1,2023-02-03,35.9105798,128.6422054
136,20230203-0021,02-03,동구 불로동 543-13,지하공도,D40x13 분기점 누수수선,"1,049,720 ","1,049,720 ",0 ,0 ,"9,440 ","12,150 ","11,430 ","3,120 ","1,150 ","6,210 ","3,370",0,15.0,부분기대,부분기대,노후,187.68,205.0,80,0.2,267 ,236 ,31 ,등록,폐아 0.4톤,2023-02-03,35.9104296,128.6429592
137,20230203-0035,02-03,동구 상매동 57-2,지하공도,D25 접합부 누수 수선,"195,110 ","195,110 ",0 ,0 ,470 ,610 ,570 ,150 ,50 ,310 ,700,0,25.0,스텐레스관,이형관,접합부이완,456.96,230.0,201,,0 ,0 ,0 ,등록,,2023-02-03,35.906398,128.7132339
138,20230203-0037,02-03,동구 상매동 168-3,지하공도,D25mm 지수전 누수수선,"1,399,010 ","1,399,010 ",0 ,0 ,"15,260 ","19,650 ","18,480 ","5,040 ","1,870 ","10,040 ","4,330",0,25.0,스텐레스관,이형관,노후,285.6,230.0,201,0.3,401 ,354 ,47 ,등록,폐아 0.6톤,2023-02-03,35.906066,128.7137533
141,20230203-0314,02-03,동구 율암동 362-2,지상사유지,D13mm 계량기 보호통 교체,"786,760 ","691,160 ","95,600 ",0 ,"8,400 ","10,820 ","10,180 ","2,770 ","1,030 ","5,530 ","2,100",0,15.0,계량기보호통(실),계량기보호통,노후,,230.0,201,0.0,0 ,0 ,0 ,미등록,폐콘 0.1,2023-02-03,35.8769462,128.7051978
143,20230203-0332,02-03,동구 율하동 923-2,지상사유지,D13mm 계량기 보호통 교체,"767,720 ","672,120 ","95,600 ",0 ,"8,120 ","10,450 ","9,830 ","2,680 ",990 ,"5,340 ","2,040",0,15.0,계량기보호통(실),계량기보호통,노후,,233.0,255,0.0,0 ,0 ,0 ,미등록,폐콘 0.1,2023-02-03,35.8697051,128.699074
148,20230206-0010,02-06,동구 신평동 322-3,지하공도,D80*13mm 구분기점 폐쇄,"509,220 ","509,220 ",0 ,0 ,"3,530 ","4,540 ","4,270 ","1,160 ",430 ,"2,320 ","1,700",0,15.0,부분기대,부분기대,노후,142.08,226.0,224-1,,0 ,0 ,0 ,등록,,2023-02-06,35.8790018,128.6820675
150,20230206-0109,02-06,동구 괴전동 117-63,지상사유지,D13mm 계량기 보호통 교체,"727,890 ","632,290 ","95,600 ",0 ,"7,490 ","9,640 ","9,070 ","2,470 ",910 ,"4,930 ","1,940",0,15.0,계량기보호통(실),계량기보호통,노후,,235.0,237-1,0.0,0 ,0 ,0 ,미등록,,2023-02-06,35.8727462,128.7350587
152,20230206-0364,02-06,동구 지묘동 789-1,지상사유지,D13mm 계량기 보호통 교체,"767,720 ","672,120 ","95,600 ",0 ,"8,120 ","10,450 ","9,830 ","2,680 ",990 ,"5,340 ","2,040",0,15.0,계량기보호통(실),계량기보호통,노후,,201.0,57,0.0,0 ,0 ,0 ,미등록,폐콘 0.1,2023-02-06,35.9416441,128.6366465
153,20230206-0573,02-06,동구 율암동 156-3,지하공도,"D80×13mm, D80×25mm 분기점누수 수선(2개소)","2,056,410 ","2,056,410 ",0 ,0 ,"22,590 ","29,090 ","27,370 ","7,470 ","2,770 ","14,870 ","6,370",0,15.0,부분기대,부분기대,노후,204.24,230.0,201,0.2,267 ,236 ,31 ,등록,폐아 1톤,2023-02-06,35.8808544,128.7007988
154,20230206-0574,02-06,동구 신평동 117,지하공도,"D80×13mm 구분기점, 분기점 누수수선","3,185,210 ","3,185,210 ",0 ,0 ,"41,600 ","53,560 ","50,380 ","13,750 ","5,100 ","27,380 ","9,490",0,15.0,부분기대,부분기대,노후,159.84,230.0,201,0.7,936 ,826 ,110 ,등록,폐아 1.5,2023-02-06,35.8839739,128.6943616
155,20230206-0604,02-06,동구 신천동 44-17,지하공도,D25*13mm 분기점 누수수선&D13mm 계량기 보호통 교체,"1,143,760 ","1,048,160 ","95,600 ",0 ,"13,610 ","17,520 ","16,480 ","4,490 ","1,660 ","8,950 ","3,150",0,15.0,스텐레스관,이형관,노후,97.68,219.0,30,,0 ,0 ,0 ,등록,폐콘 0.16,2023-02-06,35.8759912,128.6207502
156,20230207-0009,02-07,동구 신암동 694-78,지하공도,D100*13mm 분기점 누수수선,"1,647,120 ","1,647,120 ",0 ,0 ,"20,770 ","26,740 ","25,150 ","6,860 ","2,540 ","13,670 ","4,950",0,15.0,부분기대,부분기대,노후,164.16,211.0,3,0.3,401 ,354 ,47 ,등록,폐아 0.7,2023-02-07,35.8873347,128.6182827
158,20230207-0407,02-07,동구 신암동 184-2,지하공도,D80×13mm 분기점 누수수선&D13mm 계량기 보호통 교체,"2,031,100 ","1,935,500 ","95,600 ",0 ,"25,890 ","33,330 ","31,350 ","8,550 ","3,170 ","17,030 ","5,750",0,15.0,부분기대,부분기대,노후,164.16,217.0,17,0.3,401 ,354 ,47 ,등록,폐아 0.56,2023-02-07,35.8797818,128.6190226
159,20230208-0031,02-08,동구 평광동 664-6,지상공도,D50mm 접합부누수 수선(매달린관),"454,230 ","454,230 ",0 ,0 ,"4,580 ","5,890 ","5,540 ","1,510 ",560 ,"3,010 ","1,440",0,50.0,HIVP,이형관,노후,0.71,,72,,0 ,0 ,0 ,등록,,2023-02-08,35.9245761,128.7043084
162,20230208-0271,02-08,동구 괴전동 186,지상사유지,D13mm 계량기 보호통 교체,"423,350 ","423,350 ",0 ,0 ,"3,580 ","4,600 ","4,330 ","1,180 ",430 ,"2,350 ","1,380",0,15.0,계량기보호통(실),접합부,노후,,236.0,237-2,0.0,0 ,0 ,0 ,미등록,,2023-02-08,35.8708445,128.7357229
163,20230208-0302,02-08,동구 용계동 64,지하공도,D80×40mm 접합부 누수수선,"2,164,000 ","2,164,000 ",0 ,0 ,"27,060 ","34,850 ","32,780 ","8,940 ","3,320 ","17,810 ","6,500",0,80.0,닥타일관,이형관,노후,570.96,232.0,225,0.4,535 ,472 ,63 ,등록,폐아 1.1,2023-02-08,35.8752367,128.6951877
165,20230209-0138,02-09,동구 방촌동 988-27,지하공도,D80mm 제수변 스핀들 누수수선,"1,717,180 ","1,717,180 ",0 ,0 ,"21,780 ","28,040 ","26,370 ","7,200 ","2,670 ","14,330 ","5,140",0,80.0,변류,접합부,볼트이완,"1,459.2",228.0,123-2,0.2,267 ,236 ,31 ,등록,폐아 0.9톤,2023-02-09,35.8848419,128.6628775
166,20230209-0143,02-09,동구 신천동 835-4,지상사유지,D13mm 계량기 보호통 교체,"645,490 ","549,890 ","95,600 ",0 ,"7,490 ","9,650 ","9,080 ","2,470 ",910 ,"4,930 ","1,620",0,15.0,계량기보호통(실),계량기보호통,노후,,220.0,48,0.0,0 ,0 ,0 ,미등록,폐콘 0.1,2023-02-09,35.8686923,128.6176217
167,20230209-0191,02-09,동구 신암동 714-15,지상공도,D80×13mm 구분기점 누수수선,"283,500 ","283,500 ",0 ,0 ,"2,610 ","3,360 ","3,160 ",860 ,320 ,"1,710 ",900,0,15.0,부분기대,부분기대,노후,0.18,211.0,7,,0 ,0 ,0 ,등록,,2023-02-09,35.8863118,128.6187917
168,20230209-0250,02-09,동구 율암동 359-12,지하사유지,D13mm 인입선 누수수선,"579,500 ","579,500 ",0 ,0 ,"5,860 ","7,550 ","7,100 ","1,930 ",710 ,"3,850 ","1,820",0,15.0,스텐레스관,이형관,노후,105.6,230.0,201,,0 ,0 ,0 ,미등록,폐콘 0.3,2023-02-09,35.8766886,128.7061839
169,20230210-0079,02-10,동구 율하동 939-8,지상사유지,D13mm 계량기 보호통 교체,"778,210 ","682,610 ","95,600 ",0 ,"8,260 ","10,640 ","10,000 ","2,730 ","1,010 ","5,430 ","2,080",0,15.0,계량기보호통(실),계량기보호통,노후,,233.0,255,0.0,0 ,0 ,0 ,미등록,폐콘 0.1,2023-02-10,35.8691356,128.7008986
170,20230210-0095,02-10,동구 신암동 130-80,기타,유량계설치관로공사,"20,343,650 ","15,266,000 ","5,077,650 ",0 ,"186,143 ","239,669 ","225,438 ","61,538 ","22,839 ","122,497 ","46,351",0,,,,,,209.0,1,1.7,"2,272 ","2,006 ",266 ,미등록,,2023-02-10,35.8885499,128.6295317
171,20230210-0101,02-10,동구 효목동 510-3,시설물수선,유량계실 맨홀 주변 포장 보수,"130,740 ","130,740 ",0 ,0 ,850 ,"1,090 ","1,030 ",280 ,100 ,560 ,440,0,,,,,,606.0,36,,0 ,0 ,0 ,미등록,,2023-02-10,35.8723438,128.6353392
172,20230210-0239,02-10,동구 신천동 345-15,지하공도,D50*13mm 구분기점 누수수선,"1,952,140 ","1,952,140 ",0 ,0 ,"22,470 ","28,940 ","27,220 ","7,430 ","2,750 ","14,790 ","6,010",0,15.0,PFP관,이형관,노후,108.24,606.0,44-2,0.3,401 ,354 ,47 ,등록,폐아 0.9,2023-02-10,35.8701049,128.6299042
173,20230211-0037,02-11,동구 효목동 468-2,지상사유지,D13mm 계량기실 누수 수선,"94,640 ","94,640 ",0 ,0 ,350 ,450 ,420 ,110 ,40 ,230 ,330,0,15.0,계량기보호통(실),앵글밸브,노후,,223.0,46-2,,,,,미등록,,2023-02-11,35.8741406,128.6385148
175,20230213-0279,02-13,동구 방촌동 857-25 102호,지하공도,D40*25mm 분기점 누수수선,"1,040,100 ","1,040,100 ",0 ,0 ,"11,080 ","14,270 ","13,420 ","3,660 ","1,350 ","7,290 ","3,240",0,25.0,부분기대,부분기대,노후,"1,172.16",226.0,133,0.1,134 ,118 ,16 ,등록,폐아 0.5톤,2023-02-13,35.8797124,128.671209
176,20230214-0031,02-14,동구 불로동 817-2,지하미누수,터파기 결과 미누수,"208,630 ","208,630 ",0 ,0 ,"2,320 ","2,990 ","2,820 ",770 ,280 ,"1,530 ",640,0,,,,,,207.0,90,,,,,미등록,,2023-02-14,35.9005585,128.6350813
177,20230214-0033,02-14,동구 율암동 362-9 둥지 비동(102호),지하미누수,터파기 결과 미누수,"1,212,410 ","1,212,410 ",0 ,0 ,"13,030 ","16,780 ","15,780 ","4,300 ","1,590 ","8,570 ","3,760",0,,,,,,230.0,201,0.2,267 ,236 ,31 ,미등록,폐아 0.6,2023-02-14,35.8771183,128.7053104
179,20230215-0073,02-15,동구 신평동 621,지상사유지,D13mm 계량기 보호통 교체,"888,470 ","792,870 ","95,600 ",0 ,"11,150 ","14,350 ","13,500 ","3,680 ","1,360 ","7,330 ","2,320",0,15.0,계량기보호통(실),계량기보호통,노후,,226.0,224-1,0.0,0 ,0 ,0 ,미등록,폐콘 0.1톤,2023-02-15,35.8782523,128.6821753
180,20230215-0181,02-15,동구 방촌동 964 B동201호,지하공도,D50x13 분기점 누수 수선,"2,164,210 ","2,164,210 ",0 ,0 ,"26,980 ","34,730 ","32,670 ","8,910 ","3,310 ","17,750 ","6,520",0,15.0,부분기대,부분기대,노후,253.92,228.0,123-2,0.3,401 ,354 ,47 ,등록,폐아 1.2톤,2023-02-15,35.8855909,128.6641671
181,20230215-0247,02-15,동구 각산동 1118,지상공도,D25 접합부 누수 수선(매달린관),"548,220 ","548,220 ",0 ,0 ,"5,390 ","6,940 ","6,530 ","1,780 ",660 ,"3,540 ","1,750",0,25.0,스텐레스관,이형관,노후,0.35,229.0,205,,0 ,0 ,0 ,등록,,2023-02-15,35.8863958,128.7132295
182,20230216-0006,02-16,동구 신암동 134-177,시설물수선,D600*200mm 마개플랜지 설치,"5,934,300 ","4,342,300 ",0 ,"1,592,000 ","56,870 ","73,220 ","68,870 ","18,800 ","6,970 ","37,420 ","12,860",0,,,,,,209.0,1,1.0,"1,337 ","1,180 ",157 ,미등록,폐콘 1톤 폐아 2.5톤,2023-02-16,35.8889659,128.6289857
185,20230217-0022,02-17,동구 상매동 515-9,지하공도,D200*20mm 분기점 누수수선,"1,329,850 ","954,850 ",0 ,"375,000 ","12,400 ","15,970 ","15,020 ","4,100 ","1,520 ","8,160 ","2,840",0,20.0,부분기대,부분기대,노후,725.76,230.0,201,0.1,134 ,118 ,16 ,등록,폐아 0.5톤,2023-02-17,35.8912174,128.7032473
186,20230217-0265,02-17,동구 신암동 229-14,지상사유지,D13mm 계량기 보호통 교체,"654,450 ","558,850 ","95,600 ",0 ,"8,670 ","11,160 ","10,500 ","2,860 ","1,060 ","5,700 ","1,580",0,15.0,계량기보호통(실),계량기보호통,노후,,217.0,18,,,,,미등록,폐콘 0.1톤,2023-02-17,35.8801397,128.6223631
190,20230220-0503,02-20,동구 숙천동 190,지하공도,D40x15 분기점 누수 수선,"418,180 ","418,180 ",0 ,0 ,"3,520 ","4,530 ","4,260 ","1,160 ",430 ,"2,310 ","1,360",0,15.0,부분기대,부분기대,노후,281.52,236.0,243,,0 ,0 ,0 ,등록,,2023-02-20,35.8765803,128.7556953
191,20230220-0505,02-20,동구 숙천동 223-1,지하미누수,터파기 결과 미누수,"1,677,300 ","1,677,300 ",0 ,0 ,"19,900 ","25,630 ","24,110 ","6,580 ","2,440 ","13,100 ","5,100",0,,,,,,236.0,243,0.4,535 ,472 ,63 ,미등록,폐아 0.9톤,2023-02-20,35.8755092,128.7575029
192,20230221-0034,02-21,동구 둔산동 600-2,지상사유지,D13mm 계량기실 누수수선,"385,310 ","385,310 ",0 ,0 ,"3,870 ","4,990 ","4,690 ","1,280 ",470 ,"2,550 ","1,220",0,15.0,계량기보호통(실),연결부,노후,,226.0,95,,,,,미등록,,2023-02-21,35.9000184,128.6743645
193,20230221-0110,02-21,동구 미대동 604,지상사유지,D13mm 계량기 보호통 교체,"767,720 ","672,120 ","95,600 ",0 ,"8,120 ","10,450 ","9,830 ","2,680 ",990 ,"5,340 ","2,040",0,15.0,계량기보호통(실),계량기보호통,노후,,201.0,303,0.0,0 ,0 ,0 ,미등록,폐콘 0.1,2023-02-21,35.9509532,128.6749024
194,20230221-0272,02-21,동구 신암동 455-3 102동,지상사유지,D25mm 인입선 누수수선,"229,680 ","229,680 ",0 ,0 ,"1,460 ","1,880 ","1,770 ",480 ,170 ,960 ,780,0,25.0,스텐레스관,직관,노후,,216.0,16-2,,,,,미등록,,2023-02-21,35.8774616,128.6138895
195,20230221-0428,02-21,동구 신암동 1298-146,지하공도,D40x13mm 분기점 누수 수선,"850,160 ","850,160 ",0 ,0 ,"9,660 ","12,440 ","11,700 ","3,190 ","1,180 ","6,350 ","2,610",0,15.0,PFP관,이형관,노후,137.28,216.0,14,0.1,134 ,118 ,16 ,등록,폐아 0.4,2023-02-21,35.8770078,128.6089643
196,20230221-0429,02-21,동구 불로동 866-2 불로 파크골프장,지하공도,D40mm PE직관부 누수수선,"1,285,060 ","1,285,060 ",0 ,0 ,"10,740 ","13,830 ","13,010 ","3,550 ","1,310 ","7,070 ","4,120",0,40.0,PE관,직관,노후,686.4,207.0,83,0.2,267 ,236 ,31 ,미등록,폐콘 1.84톤,2023-02-21,35.9061338,128.6310846
197,20230222-0023,02-22,동구 방촌동 1050-61,지상사유지,D13mm 계량기 보호통 교체,"721,960 ","626,360 ","95,600 ",0 ,"8,120 ","10,450 ","9,830 ","2,680 ",990 ,"5,340 ","1,870",0,15.0,계량기보호통(실),계량기보호통,노후,,227.0,124-2,0.0,0 ,0 ,0 ,미등록,폐콘 0.1,2023-02-22,35.8827139,128.6578898
198,20230222-0300,02-22,동구 미곡동 284-6 (A동),지상사유지,D13mm 계량기실 누수 수선,"408,450 ","408,450 ",0 ,0 ,"4,430 ","5,710 ","5,370 ","1,460 ",540 ,"2,920 ","1,270",0,15.0,계량기보호통(실),접합부,노후,,201.0,306,,,,,미등록,,2023-02-22,35.9599921,128.6854138
201,20230223-0089,02-23,동구 서호동 139-1,기타,유량계실 양수 및 세척작업,"286,040 ","286,040 ",0 ,0 ,"1,110 ","1,430 ","1,340 ",360 ,130 ,730 ,"1,000",0,,,,,,234.0,280,,,,,미등록,,2023-02-23,35.8657482,128.7114427
202,20230223-0212,02-23,동구 미대동 267-4,지상사유지,D13mm 계량기 보호통 교체,"761,760 ","666,160 ","95,600 ",0 ,"7,920 ","10,200 ","9,600 ","2,620 ",970 ,"5,210 ","2,030",0,15.0,계량기보호통(실),계량기보호통,노후,,201.0,300,0.0,0 ,0 ,0 ,미등록,폐콘 0.1,2023-02-23,35.9594796,128.6686662
203,20230223-0246,02-23,동구 신천동 148-4,지하공도,D200mm 접합부 누수수선,"2,092,060 ","2,092,060 ",0 ,0 ,"27,890 ","35,910 ","33,780 ","9,220 ","3,420 ","18,350 ","6,190",0,200.0,닥타일관,직관,노후,"14,955.84",221.0,42,0.5,668 ,590 ,78 ,등록,폐아 1.1,2023-02-23,35.8676399,128.6245082
205,20230224-0030,02-24,동구 송정동 260,지하공도,D50x13 분기점 누수수선,"522,960 ","522,960 ",0 ,0 ,"6,000 ","7,730 ","7,270 ","1,980 ",730 ,"3,950 ","1,610",0,15.0,부분기대,부분기대,노후,303.6,201.0,54,,0 ,0 ,0 ,등록,,2023-02-24,35.9871228,128.6232903
206,20230224-0032,02-24,동구 숙천동 188-2,미누수,확인 터파기 결과 미누수,"1,226,120 ","1,226,120 ",0 ,0 ,"13,390 ","17,250 ","16,220 ","4,420 ","1,640 ","8,810 ","3,790",0,,,,,,236.0,223,0.2,267 ,236 ,31 ,미등록,폐아 0.6,2023-02-24,35.8767005,128.755361
207,20230224-0034,02-24,동구 진인동 417,지상사유지,D13mm 계량기실 누수 수선,"367,480 ","367,480 ",0 ,0 ,"3,650 ","4,700 ","4,420 ","1,200 ",440 ,"2,400 ","1,160",0,15.0,계량기보호통(실),접합부,노후,,201.0,313,,,,,미등록,,2023-02-24,35.9586379,128.7221443
208,20230224-0062,02-24,동구 신암동 125-11,지상사유지,D13mm 계량기 보호통 교체,"679,600 ","584,000 ","95,600 ",0 ,"8,120 ","10,450 ","9,830 ","2,680 ",990 ,"5,340 ","1,720",0,15.0,계량기보호통(실),계량기보호통,노후,,209.0,1,0.0,0 ,0 ,0 ,미등록,폐콘 0.1,2023-02-24,35.8867442,128.6318871
210,20230224-0112,02-24,동구 용수동 327,지하공도,D50mm 접합부 누수수선,"1,596,250 ","1,596,250 ",0 ,0 ,"17,160 ","22,100 ","20,780 ","5,670 ","2,100 ","11,290 ","4,960",0,50.0,PFP관,이형관,노후,"1,346.4",201.0,307,0.2,267 ,236 ,31 ,등록,폐아 0.7톤,2023-02-24,35.9718477,128.6812652
215,20230227-0259,02-27,동구 신기동 206-1,지상공도,D40mm 지수밸브 설치,"911,830 ","911,830 ",0 ,0 ,"9,300 ","11,980 ","11,270 ","3,070 ","1,140 ","6,120 ","2,900",0,40.0,PFP관,이형관,노후,0.55,233.0,251,0.0,0 ,0 ,0 ,등록,,2023-02-27,35.8701608,128.7028754
218,20230227-0546,02-27,동구 지저동 669-8,지상공도,D80*13mm 분기점 누수수선,"3,550,160 ","3,550,160 ",0 ,0 ,"46,280 ","59,580 ","56,050 ","15,300 ","5,670 ","30,450 ","10,570",0,15.0,부분기대,부분기대,노후,0.33,208.0,92,0.8,"1,069 ",944 ,125 ,등록,폐아 1.9톤,2023-02-27,35.8972233,128.6366473
222,20230228-0031,02-28,동구 검사동 950-53,지상공도,D80mm 제수변 누수수선,"1,108,740 ","1,108,740 ",0 ,0 ,"11,160 ","14,370 ","13,520 ","3,690 ","1,360 ","7,340 ","3,480",0,80.0,변류,접합부,볼트이완,7.6,210.0,108-1,0.1,134 ,118 ,16 ,등록,폐아 0.5톤 ,2023-02-28,35.8862732,128.6568682
225,20230228-0543,02-28,동구 신천동 396-3,배수관망유지수선,제수변 철개입상(N=3),"1,924,890 ","1,924,890 ",0 ,0 ,"24,780 ","31,910 ","30,020 ","8,190 ","3,040 ","16,310 ","5,740",0,,,,,,606.0,44-2,0.4,535 ,472 ,63 ,미등록,폐아 1.06톤,2023-02-28,35.8766746,128.631869
917,20221105-0023,11-05,동구 백안동 59,지하공도,D=50mm 접합부 누수수선,"1,135,560 ","1,135,560 ",0 ,0 ,"14,990 ","19,300 ","18,160 ","4,950 ","1,830 ","9,860 ","3,370",0,50.0,스텐레스관,이형관,노후,"7,564.32",201.0,313,,0 ,0 ,0 ,등록,,2022-11-05,35.9503364,128.7032997
999,20221205-0031,12-05,동구 신암동 85-27,지상공도,D80mm 제수변 누수수선,"500,950 ","500,950 ",0 ,0 ,"7,330 ","9,430 ","8,870 ","2,420 ",890 ,"4,820 ","1,460",0,20.0,부분기대,부분기대,노후,0.63,209.0,1,0.0,0 ,0 ,0 ,등록,,2022-12-05,35.8884736,128.6320562
1016,20221215-0006,12-15,동구 신평동 597 경노당,지하공도,D50x13mm 분기점 누수수선,"1,763,410 ","1,763,410 ",0 ,0 ,"21,540 ","27,740 ","26,090 ","7,120 ","2,640 ","14,180 ","5,360",0,15.0,PFP관,이형관,노후,921.36,226.0,224-1,0.3,371 ,324 ,47 ,등록,폐아 0.6,2022-12-15,35.8781822,128.6839775
1042,20221226-0453,12-26,동구 불로동 1160,지하공도,D80mm 부단수 제수변 설치 및 이토변 설치,"7,303,700 ","4,436,700 ","2,867,000 ",0 ,"57,700 ","74,290 ","69,880 ","19,070 ","7,070 ","37,970 ","13,260",0,80.0,닥타일관,직관,노후,"95,904",204.0,76,0.6,742 ,648 ,94 ,등록,폐아 2.1톤,2022-12-26,35.9124352,128.6393368
1060,20221230-0471,12-30,동구 상매동 174,지상공도,D32mm 접합부누수 수선,"227,230 ","227,230 ",0 ,0 ,900 ,"1,170 ","1,100 ",300 ,110 ,590 ,790,0,32.0,스텐레스관,직관,접합부이완,2.64,230.0,201,0.0,0 ,0 ,0 ,등록,,2022-12-30,35.9039697,128.7132149
226,20230302-0002,03-02,동구 신천동 436-12,지하사유지,D13mm 계량기 보호통 교체,"656,610 ","574,710 ","81,900 ",0 ,"8,260 ","10,480 ","9,810 ","2,670 ","1,050 ","5,360 ","1,710",0,15.0,계량기보호통(실),접합부,노후,0,222.0,34,,0 ,0 ,0 ,미등록,,2023-03-02,35.8748772,128.6312879
227,20230302-0063,03-02,동구 불로동 408-3,지상사유지,D13mm 계량기 보호통 교체,"614,680 ","532,780 ","81,900 ",0 ,"7,030 ","8,930 ","8,350 ","2,280 ",900 ,"4,560 ","1,620",0,15.0,계량기보호통(실),접합부,노후,,204.0,76,0.0,0 ,0 ,0 ,미등록,,2023-03-02,35.911509,128.6401926
228,20230302-0095,03-02,동구 신암동 208-14,지하공도,D100*13mm 구분기점 누수수선,"1,327,670 ","1,327,670 ",0 ,0 ,"17,260 ","21,920 ","20,510 ","5,590 ","2,210 ","11,200 ","3,910",0,15.0,부분기대,부분기대,노후,629.52,217.0,18,0.3,402 ,354 ,48 ,미등록,폐아 0.6,2023-03-02,35.8794246,128.6221372
229,20230302-0096,03-02,동구 신암동 209-10,지하공도,D50*13mm 분기점 누수수선,"413,650 ","413,650 ",0 ,0 ,"6,500 ","8,250 ","7,720 ","2,100 ",830 ,"4,210 ","1,200",0,15.0,PFP관,이형관,노후,219.6,217.0,18,0.1,134 ,118 ,16 ,등록,,2023-03-02,35.8801238,128.6203205
230,20230302-0311,03-02,동구 효목동 41-5,지상사유지,D13mm 계량기 보호통 교체,"711,760 ","629,860 ","81,900 ",0 ,"9,170 ","11,650 ","10,900 ","2,970 ","1,170 ","5,950 ","1,850",0,15.0,계량기보호통(실),접합부,노후,,214.0,27,0.0,0 ,0 ,0 ,미등록,폐콘 0.1,2023-03-02,35.8842028,128.6435013
232,20230302-0331,03-02,동구 신천동 548-5,지하공도,D50*25mm 분기점 누수수선,"1,123,070 ","1,123,070 ",0 ,0 ,"14,140 ","17,950 ","16,800 ","4,580 ","1,810 ","9,170 ","3,340",0,25.0,PFP관,이형관,노후,556.32,216.0,15,0.2,268 ,236 ,32 ,등록,폐아 0.5,2023-03-02,35.8759494,128.6137926
234,20230302-0335,03-02,동구 신암동 176-8,지하사유지,D13mm 계량기 보호통 교체,"726,630 ","644,730 ","81,900 ",0 ,"9,170 ","11,650 ","10,900 ","2,970 ","1,170 ","5,950 ","1,910",0,15.0,계량기보호통(실),접합부,노후,0,217.0,17,,0 ,0 ,0 ,미등록,폐콘 0.1,2023-03-02,35.8805437,128.6152911
236,20230302-0337,03-02,동구 신암동 170-2,지하공도,D25*13mm 분기점 누수수선,"384,020 ","384,020 ",0 ,0 ,"3,350 ","4,250 ","3,980 ","1,080 ",420 ,"2,170 ","1,270",0,15.0,스텐레스관,이형관,노후,278.16,217.0,17,0.1,134 ,118 ,16 ,등록,,2023-03-02,35.8804666,128.6190175
237,20230302-0339,03-02,동구 방촌동 867-3,지하사유지,D13mm 계량기 보호통 교체,"796,650 ","714,750 ","81,900 ",0 ,"10,060 ","12,770 ","11,950 ","3,260 ","1,280 ","6,520 ","2,120",0,15.0,계량기보호통(실),접합부,노후,0,228.0,132,,0 ,0 ,0 ,미등록,폐콘 0.1,2023-03-02,35.8816834,128.6686213
238,20230302-0464,03-02,동구 신서동 455,지상공도,D150mm 직관부 누수수선,"1,330,420 ","1,330,420 ",0 ,0 ,"11,850 ","15,040 ","14,070 ","3,840 ","1,510 ","7,690 ","4,400",0,150.0,닥타일관,이형관,노후,21,235.0,236,0.0,0 ,0 ,0 ,등록,,2023-03-02,35.8744124,128.73374
241,20230303-0024,03-03,동구 신암동 170-23,지상사유지,D13mm 계량기 보호통 교체,"731,990 ","650,090 ","81,900 ",0 ,"9,540 ","12,110 ","11,330 ","3,090 ","1,220 ","6,190 ","1,910",0,15.0,계량기보호통(실),계량기보호통,노후,,217.0,17,0.0,0 ,0 ,0 ,미등록,폐콘 0.1,2023-03-03,35.88014,128.6188284
242,20230303-0107,03-03,동구 신암동 217-30,지하공도,D100*13mm 분기점 누수수선,"1,172,300 ","1,172,300 ",0 ,0 ,"15,180 ","19,270 ","18,030 ","4,920 ","1,940 ","9,850 ","3,470",0,15.0,부분기대,부분기대,노후,952.32,217.0,18,0.3,402 ,354 ,48 ,등록,폐아 0.5,2023-03-03,35.8821959,128.6224085
243,20230303-0122,03-03,동구 방촌동 880-20,지상사유지,D13mm 계량기 보호통 교체,"745,880 ","663,980 ","81,900 ",0 ,"9,330 ","11,840 ","11,080 ","3,020 ","1,190 ","6,050 ","1,980",0,15.0,계량기보호통(실),접합부,노후,,228.0,132,0.0,0 ,0 ,0 ,미등록,폐콘 0.1,2023-03-03,35.8819236,128.6691983
245,20230303-0497,03-03,동구 숙천동 170,지하공도,D13mm 인입선 누수수선,"1,195,050 ","1,195,050 ",0 ,0 ,"15,830 ","20,090 ","18,800 ","5,130 ","2,020 ","10,270 ","3,520",0,15.0,스텐레스관,이형관,노후,580.32,236.0,223,0.2,268 ,236 ,32 ,미등록,폐아 0.5,2023-03-03,35.8796292,128.754595
246,20230303-0498,03-03,동구 신암동 209-17,지하사유지,D13mm 계량기 보호통 교체,"604,220 ","522,320 ","81,900 ",0 ,"8,780 ","11,150 ","10,430 ","2,840 ","1,120 ","5,700 ","1,460",0,15.0,계량기보호통(실),계량기보호통,노후,282.72,217.0,18,,0 ,0 ,0 ,미등록,폐콘 0.1,2023-03-03,35.8800343,128.6201826
247,20230306-0310,03-06,동구 송정동 22-2,미누수,출장비 정산(N=2),"127,180 ","127,180 ",0 ,0 ,0 ,0 ,0 ,0 ,0 ,0 ,480,0,,,,,,201.0,54,,0 ,0 ,0 ,미등록,,2023-03-06,35.9886653,128.6251947
248,20230306-0541,03-06,동구 용계동 615-1,지상공도,D13mm 접합부 누수수선,"129,770 ","129,770 ",0 ,0 ,500 ,640 ,590 ,160 ,60 ,320 ,460,0,15.0,스텐레스관,이형관,노후,0.14,231.0,246,0.0,0 ,0 ,0 ,미등록,,2023-03-06,35.8739666,128.6833718
254,20230307-0092,03-07,동구 효목동 1264-4 청사,지상공도,D80mm 계량기실 볼트 조임,"66,710 ","66,710 ",0 ,0 ,490 ,630 ,590 ,160 ,60 ,320 ,220,0,80.0,기타,기타,볼트이완,7.6,214.0,128,0.0,0 ,0 ,0 ,미등록,,2023-03-07,35.8782477,128.6526566
256,20230307-0419,03-07,동구 신암동 94-23,지상사유지,D13mm 계량기실 누수수선,"60,220 ","60,220 ",0 ,0 ,370 ,470 ,440 ,120 ,40 ,240 ,200,0,15.0,계량기보호통(실),연결부,노후,,209.0,1,0.0,0 ,0 ,0 ,미등록,,2023-03-07,35.8879067,128.6334337
259,20230308-0406,03-08,동구 신암동 652-33,지상공도,D100*25mm 구분기점 누수수선(N=2),"206,290 ","206,290 ",0 ,0 ,"2,260 ","2,870 ","2,680 ",730 ,280 ,"1,460 ",650,0,25.0,부분기대,부분기대,노후,0.86,211.0,3,0.0,0 ,0 ,0 ,미등록,,2023-03-08,35.8898439,128.6210935
260,20230308-0418,03-08,동구 신암동 634-8,지상사유지,D13mm 계량기 보호통 교체,"715,340 ","633,440 ","81,900 ",0 ,"9,170 ","11,640 ","10,890 ","2,970 ","1,170 ","5,950 ","1,860",0,15.0,계량기보호통(실),접합부,노후,,211.0,7,0.0,0 ,0 ,0 ,미등록,폐콘 0.1,2023-03-08,35.8857182,128.6201931
262,20230308-0543,03-08,동구 괴전동 98-3,지하공도,D80mm 접합부 누수수선,"1,454,270 ","1,454,270 ",0 ,0 ,"17,500 ","22,220 ","20,790 ","5,670 ","2,240 ","11,350 ","4,390",0,80.0,닥타일관,이형관,노후,948.72,235.0,237-1,0.3,402 ,354 ,48 ,등록,폐아 0.6,2023-03-08,35.8737187,128.7356903
263,20230308-0544,03-08,동구 신서동 467-6 102동 101호,지하공도,D80mm 제수변 누수수선,"1,826,170 ","1,826,170 ",0 ,0 ,"22,490 ","28,550 ","26,720 ","7,290 ","2,880 ","14,590 ","5,480",0,80.0,변류,접합부,노후,948.72,235.0,236,0.4,537 ,472 ,65 ,등록,폐아 0.7,2023-03-08,,
264,20230309-0140,03-09,동구 불로동 1143-8,지상사유지,D13mm 계량기실 누수 수선,"83,520 ","83,520 ",0 ,0 ,370 ,470 ,440 ,120 ,40 ,240 ,290,0,15.0,계량기보호통(실),연결부,노후,,205.0,77,0.0,0 ,0 ,0 ,미등록,,2023-03-09,35.9141314,128.6435224
267,20230310-0295,03-10,동구 신서동 518-13,지하공도,D100*13mm 분기점 누수수선,"1,699,880 ","1,699,880 ",0 ,0 ,"21,500 ","27,300 ","25,540 ","6,970 ","2,750 ","13,950 ","5,060",0,15.0,부분기대,부분기대,노후,264.96,235.0,260-1,0.3,402 ,354 ,48 ,미등록,폐아 0.7톤,2023-03-10,35.8703793,128.7282366
268,20230310-0296,03-10,동구 신서동 1035-2,지하공도,D25mm 접합부 누수수선,"573,890 ","573,890 ",0 ,0 ,"5,090 ","6,470 ","6,050 ","1,650 ",650 ,"3,300 ","1,890",0,25.0,스텐레스관,이형관,노후,579.6,235.0,235,0.1,134 ,118 ,16 ,등록,,2023-03-10,35.8721288,128.7235979
269,20230310-0297,03-10,동구 지묘동 632 고향식당,지하공도,D50*13mm 분기점 누수수선,"2,011,690 ","2,011,690 ",0 ,0 ,"23,760 ","30,170 ","28,230 ","7,700 ","3,040 ","15,420 ","6,070",0,15.0,부분기대,부분기대,노후,380.88,201.0,54,0.3,402 ,354 ,48 ,등록,폐아 0.9톤,2023-03-10,35.962682,128.6307323
271,20230313-0007,03-13,동구 중대동 353,지하공도,D25mm 접합부 누수수선,"1,482,060 ","1,482,060 ",0 ,0 ,"18,640 ","23,660 ","22,140 ","6,040 ","2,380 ","12,090 ","4,450",0,25.0,HIVP,이형관,부식,829.44,201.0,54,0.1,134 ,118 ,16 ,등록,폐아 0.5,2023-03-13,35.9699548,128.6278126
273,20230313-0292,03-13,동구 중대동 462-4,지상사유지,D13mm 계량기실 누수 수선,"106,640 ","106,640 ",0 ,0 ,370 ,470 ,440 ,120 ,40 ,240 ,380,0,15.0,계량기보호통(실),연결부,노후,,201.0,54,0.0,0 ,0 ,0 ,미등록,,2023-03-13,35.9782955,128.6364522
274,20230314-0255,03-14,동구 효목동 119-5,지상사유지,D13mm 계량기 보호통 교체,"672,120 ","590,220 ","81,900 ",0 ,"8,540 ","10,840 ","10,140 ","2,770 ","1,090 ","5,540 ","1,760",0,15.0,계량기보호통(실),접합부,노후,,213.0,26,0.0,0 ,0 ,0 ,미등록,,2023-03-14,35.8847523,128.6409315
275,20230314-0290,03-14,동구 중대동 708,지상공도,D100mm 직관부 누수수선,"1,407,840 ","1,407,840 ",0 ,0 ,"15,960 ","20,260 ","18,950 ","5,170 ","2,040 ","10,350 ","4,460",0,100.0,HIVP,직관,기타,13.8,201.0,54,0.3,402 ,354 ,48 ,등록,,2023-03-14,35.9840592,128.6355691
277,20230315-0012,03-15,동구 율하동 1127,지하공도,D80mm 접합부 누수수선,"2,062,890 ","2,062,890 ",0 ,0 ,"24,710 ","31,370 ","29,350 ","8,010 ","3,160 ","16,030 ","6,300",0,80.0,닥타일관,직관,노후,"2,095.68",234.0,273,0.2,268 ,236 ,32 ,등록,폐아 0.6,2023-03-15,35.8676474,128.6918761
278,20230315-0221,03-15,동구 지저동 660-10,지상사유지,D13mm 계량기 보호통 교체,"766,310 ","684,410 ","81,900 ",0 ,"9,690 ","12,300 ","11,510 ","3,140 ","1,240 ","6,290 ","2,030",0,15.0,계량기보호통(실),접합부,노후,,208.0,101-2,0.0,0 ,0 ,0 ,미등록,폐콘 0.1,2023-03-15,35.8959049,128.6426206
280,20230316-0008,03-16,동구 신천동 836-14,지하공도,D50*13mm 분기점 누수수선,"467,800 ","467,800 ",0 ,0 ,"6,190 ","7,850 ","7,350 ","2,000 ",790 ,"4,010 ","1,430",0,15.0,PFP관,이형관,노후,198,220.0,48,,0 ,0 ,0 ,등록,,2023-03-16,35.8686095,128.617744
285,20230316-0387,03-16,동구 신천동 682-63,지하공도,D80mm 제수변 스핀들 누수수선,"866,400 ","866,400 ",0 ,0 ,"10,470 ","13,290 ","12,440 ","3,390 ","1,340 ","6,790 ","2,510",0,80.0,변류,접합부,볼트이완,"13,680",220.0,48,0.1,134 ,118 ,16 ,등록,폐아 0.7톤,2023-03-16,35.8707614,128.618242
286,20230316-0388,03-16,동구 신천동 698-7,지하공도,D13mm 접합부 누수수선,"334,300 ","334,300 ",0 ,0 ,"3,380 ","4,290 ","4,010 ","1,090 ",430 ,"2,190 ","1,080",0,15.0,스텐레스관,이형관,노후,252,220.0,40,,0 ,0 ,0 ,등록,,2023-03-16,35.8725327,128.6173976
287,20230317-0158,03-17,동구 동호동 362,지상공도,D80mm 제수변 스핀들 누수수선,"126,590 ","126,590 ",0 ,0 ,750 ,950 ,890 ,240 ,90 ,480 ,430,0,80.0,변류,접합부,볼트이완,7.6,237.0,260-2,0.0,0 ,0 ,0 ,등록,,2023-03-17,35.865992,128.7217167
288,20230317-0191,03-17,동구 신암동 635-17,지상사유지,D13mm 계량기 보호통 교체,"774,390 ","692,490 ","81,900 ",0 ,"11,510 ","14,610 ","13,670 ","3,730 ","1,470 ","7,460 ","1,930",0,15.0,계량기보호통(실),계량기보호통,노후,,211.0,7,0.0,0 ,0 ,0 ,미등록,폐콘 0.2톤,2023-03-17,35.8864455,128.6209395
289,20230317-0304,03-17,동구 방촌동 1120-26,지상사유지,D13mm 계량기 보호통 교체,"879,510 ","797,610 ","81,900 ",0 ,"11,270 ","14,300 ","13,380 ","3,650 ","1,440 ","7,310 ","2,320",0,15.0,계량기보호통(실),계량기보호통,노후,,231.0,139,0.0,0 ,0 ,0 ,미등록,폐콘 0.3톤,2023-03-17,35.875305,128.6676202
291,20230317-0345,03-17,동구 신천동 702-43,지하공도,D50*13mm 분기점 누수수선,"391,170 ","391,170 ",0 ,0 ,"4,550 ","5,770 ","5,400 ","1,470 ",580 ,"2,950 ","1,230",0,15.0,부분기대,부분기대,노후,419.52,220.0,40,,0 ,0 ,0 ,등록,,2023-03-17,35.8731764,128.6170425
292,20230317-0346,03-17,동구 신천동 702-2,지하사유지,D13mm 계량기 보호통 교체,"760,510 ","678,610 ","81,900 ",0 ,"11,510 ","14,610 ","13,670 ","3,730 ","1,470 ","7,460 ","1,880",0,15.0,계량기보호통(실),계량기보호통,노후,255.36,220.0,40,,0 ,0 ,0 ,미등록,폐콘 0.2톤,2023-03-17,35.8731887,128.616956
293,20230317-0347,03-17,동구 신천동 807-5,지하공도,D80*13mm 분기점 누수수선,"307,410 ","307,410 ",0 ,0 ,"3,390 ","4,310 ","4,030 ","1,100 ",430 ,"2,200 ",970,0,15.0,부분기대,부분기대,노후,328.32,220.0,48,,0 ,0 ,0 ,등록,,2023-03-17,35.8691116,128.6174326
294,20230321-0004,03-21,동구 신천동 347-12,지하공도,D40*20mm 분기점 누수수선,"1,236,970 ","1,236,970 ",0 ,0 ,"15,150 ","19,230 ","18,000 ","4,910 ","1,940 ","9,830 ","3,720",0,20.0,PFP관,이형관,노후,883.2,606.0,44-2,0.2,268 ,236 ,32 ,등록,폐아 0.5,2023-03-21,35.8693943,128.6296853
295,20230321-0005,03-21,동구 신천동 344-21,지하공도,D100*13mm 분기점 누수수선,"1,228,300 ","1,228,300 ",0 ,0 ,"16,180 ","20,540 ","19,220 ","5,240 ","2,070 ","10,500 ","3,630",0,15.0,부분기대,부분기대,노후,825.6,606.0,44-2,0.2,268 ,236 ,32 ,등록,폐아 0.5,2023-03-21,35.870691,128.6293103
296,20230321-0006,03-21,동구 신천동 368-1,지하공도,D25*13mm 분기점 누수수선,"583,510 ","583,510 ",0 ,0 ,"5,630 ","7,150 ","6,690 ","1,820 ",720 ,"3,650 ","1,900",0,15.0,스텐레스관,이형관,노후,364.8,222.0,34,,0 ,0 ,0 ,등록,,2023-03-21,35.8723088,128.6293149
298,20230321-0177,03-21,동구 효목동 458-5,지상사유지,D13mm 계량기 보호통 교체,"692,800 ","610,900 ","81,900 ",0 ,"8,860 ","11,250 ","10,530 ","2,870 ","1,130 ","5,750 ","1,790",0,15.0,계량기보호통(실),접합부,노후,,223.0,46-2,0.0,0 ,0 ,0 ,미등록,폐콘 0.1,2023-03-21,35.8762098,128.6391971
299,20230321-0289,03-21,동구 서호동 114-22,지상사유지,D13mm 계량기 보호통 교체,"809,430 ","727,530 ","81,900 ",0 ,"10,060 ","12,770 ","11,950 ","3,260 ","1,280 ","6,520 ","2,170",0,15.0,계량기보호통(실),접합부,노후,,233.0,257,0.0,0 ,0 ,0 ,미등록,폐콘 0.1,2023-03-21,35.8678393,128.710259
300,20230322-0075,03-22,동구 방촌동 1044-6,미누수,확인 터파기 결과 미누수,"127,360 ","127,360 ",0 ,0 ,"1,160 ","1,480 ","1,380 ",370 ,140 ,750 ,410,0,,,,,,227.0,124-2,,0 ,0 ,0 ,미등록,,2023-03-22,35.8811478,128.6595947
302,20230323-0014,03-23,동구 신천동 342-1,지하공도,D100*25mm 분기점 누수수선,"317,150 ","317,150 ",0 ,0 ,"4,580 ","5,810 ","5,440 ","1,480 ",580 ,"2,970 ",940,0,25.0,부분기대,부분기대,노후,"1,535.04",222.0,43,,0 ,0 ,0 ,등록,,2023-03-23,35.8705558,128.6286934
303,20230323-0015,03-23,동구 신천동 348-30,지하공도,D40*13mm 분기점 누수수선,"787,880 ","787,880 ",0 ,0 ,"8,020 ","10,190 ","9,530 ","2,600 ","1,020 ","5,200 ","2,460",0,15.0,부분기대,부분기대,노후,452.64,606.0,44-2,,0 ,0 ,0 ,등록,폐아 0.3톤,2023-03-23,35.8690076,128.6297744
305,20230324-0525,03-24,동구 신암동 259-35 더칸,지상공도,확인 터파기 결과 하수도,"235,450 ","235,450 ",0 ,0 ,"3,560 ","4,520 ","4,230 ","1,150 ",450 ,"2,310 ",690,0,15.0,스텐레스관,이형관,노후,0.02,212.0,20,0.0,0 ,0 ,0 ,미등록,,2023-03-24,35.8809614,128.6269107
319,20230330-0209,03-30,동구 도동 264-1,지상사유지,D13mm 계량기 보호통 교체,"742,260 ","660,360 ","81,900 ",0 ,"9,390 ","11,920 ","11,150 ","3,040 ","1,200 ","6,090 ","1,970",0,15.0,계량기보호통(실),계량기보호통,노후,,206.0,72,0.0,0 ,0 ,0 ,미등록,,2023-03-30,35.9184467,128.6591489
320,20230330-0291,03-30,동구 신천동 459-5,지상사유지,D13mm 앵글밸브 교체,"77,610 ","77,610 ",0 ,0 ,370 ,470 ,440 ,120 ,40 ,240 ,270,0,15.0,계량기보호통(실),앵글밸브,볼트이완,,606.0,44-2,0.0,0 ,0 ,0 ,미등록,,2023-03-30,35.8724887,128.6302556
321,20230330-0333,03-30,동구 율하동 869-8,지상사유지,D13mm 계량기 보호통 교체,"716,000 ","634,100 ","81,900 ",0 ,"8,610 ","10,930 ","10,230 ","2,790 ","1,100 ","5,590 ","1,920",0,15.0,계량기보호통(실),계량기보호통,노후,,233.0,250,0.0,0 ,0 ,0 ,미등록,,2023-03-30,35.8705569,128.6994594
250,20230306-0549,03-06,동구 신서동 585,지하공도,D80mm 제수변 누수수선,"291,910 ","291,910 ",0 ,0 ,"2,090 ","2,650 ","2,480 ",670 ,260 ,"1,350 ",980,"2,240",80.0,변류,접합부,노후,920.4,237.0,284-1,,0 ,0 ,0 ,등록,,2023-03-06,35.8642087,128.7339645
255,20230307-0196,03-07,동구 신천동 478 아파트,지상공도,D100*25mm 구분기점 누수수선,"893,520 ","893,520 ",0 ,0 ,"9,940 ","12,630 ","11,810 ","3,220 ","1,270 ","6,450 ","2,690","12,860",25.0,부분기대,부분기대,노후,0.6,606.0,44-2,0.2,268 ,236 ,32 ,등록,폐아 0.4,2023-03-07,35.8708361,128.6329637
257,20230308-0015,03-08,동구 동호동 394-7,지하공도,D100*15mm 구분기점 누수수선,"1,955,240 ","1,955,240 ",0 ,0 ,"24,220 ","30,740 ","28,770 ","7,850 ","3,100 ","15,710 ","5,730","30,970",15.0,부분기대,부분기대,노후,289.44,237.0,283-2,0.4,537 ,472 ,65 ,등록,폐아 0.9,2023-03-08,35.8644688,128.7268316
261,20230308-0526,03-08,동구 검사동 907-33,지하공도,D80x15mm 분기점 누수수선,"856,470 ","856,470 ",0 ,0 ,"9,850 ","12,510 ","11,700 ","3,190 ","1,260 ","6,390 ","2,570","11,990",15.0,부분기대,부분기대,노후,289.44,210.0,108-1,0.2,268 ,236 ,32 ,등록,폐아 0.4,2023-03-08,35.8902805,128.6529959
270,20230313-0003,03-13,동구 백안동 392-3 도학1가압장,지상공도,D200mm 플랜지 접합부 누수수선,"556,680 ","556,680 ",0 ,0 ,"5,110 ","6,490 ","6,070 ","1,650 ",650 ,"3,320 ","1,810","5,610",200.0,HIVP,이형관,볼트이완,16.3,201.0,308-1,0.0,0 ,0 ,0 ,등록,,2023-03-13,35.9584256,128.6937739
281,20230316-0188,03-16,동구 신천동 371-1,지상사유지,D13mm 인입선 누수수선,"46,550 ","46,550 ",0 ,0 ,70 ,90 ,90 ,20 ,0 ,40 ,170,140,15.0,스텐레스관,이형관,노후,,222.0,34,,,,,미등록,,2023-03-16,35.8728353,128.628993
283,20230316-0222,03-16,동구 신암동 480,지상공도,D150mm 접합부 누수수선,"262,100 ","262,100 ",0 ,0 ,"2,330 ","2,960 ","2,770 ",750 ,290 ,"1,510 ",850,"3,560",150.0,닥타일관,이형관,노후,21,216.0,16-2,0.0,0 ,0 ,0 ,등록,,2023-03-16,35.8789894,128.6127513
290,20230317-0343,03-17,동구 신천동 702-21,지하사유지,D13mm 계량기 보호통 교체,"696,250 ","614,350 ","81,900 ",0 ,"8,720 ","11,070 ","10,360 ","2,820 ","1,110 ","5,650 ","1,780","11,430",15.0,계량기보호통(실),계량기보호통,노후,0,220.0,40,,0 ,0 ,0 ,미등록,폐콘 0.1,2023-03-17,35.8730237,128.6171467
297,20230321-0098,03-21,동구 불로동 972-15,지상사유지,D25mm 계량기 보호통 교체,"1,539,430 ","1,401,730 ","137,700 ",0 ,"20,350 ","25,840 ","24,180 ","6,600 ","2,600 ","13,200 ","3,980","25,890",25.0,계량기보호통(실),계량기보호통,노후,,208.0,92,0.0,0 ,0 ,0 ,미등록,"폐콘 0.3, 폐아 0.1",2023-03-21,35.8999037,128.6298764
304,20230324-0060,03-24,동구 율암동 1103,지상공도,D100mm 소화전 누수수선,"2,544,550 ","1,744,550 ","800,000 ",0 ,"21,800 ","27,670 ","25,890 ","7,060 ","2,790 ","14,140 ","5,290","31,530",100.0,기타,기타,타공사손괴,438,230.0,201,0.1,134 ,118 ,16 ,등록,,2023-03-24,35.8860698,128.7072935
306,20230325-0023,03-25,동구 효목동 407-6,지상사유지,D13mm 계량기 보호통 교체,"762,050 ","680,150 ","81,900 ",0 ,"10,000 ","12,690 ","11,870 ","3,240 ","1,280 ","6,480 ","1,940","12,610",15.0,계량기보호통(실),계량기보호통,노후,,606.0,36,0.0,0 ,0 ,0 ,미등록,폐콘 0.1,2023-03-25,35.8773511,128.6348644
307,20230327-0012,03-27,동구 입석동 932-72,지상사유지,D13mm 계량기 보호통 교체,"801,740 ","719,840 ","81,900 ",0 ,"9,980 ","12,670 ","11,860 ","3,230 ","1,270 ","6,470 ","2,100","12,810",15.0,계량기보호통(실),계량기보호통,노후,,210.0,108-1,0.0,0 ,0 ,0 ,미등록,폐콘 0.1,2023-03-27,35.8916068,128.647351
308,20230327-0287,03-27,동구 신암동 175-32,지하공도,D100mm 직관부 누수수선,"1,730,430 ","1,467,430 ","263,000 ",0 ,"18,950 ","24,060 ","22,510 ","6,140 ","2,420 ","12,300 ","4,270","23,440",100.0,닥타일관,직관,노후,"28,483.2",217.0,17,0.3,402 ,354 ,48 ,등록,폐아 0.6,2023-03-27,35.8795541,128.6161113
310,20230328-0004,03-28,동구 신천동 335-20,지하공도,D100*25mm 분기점 누수수선,"1,255,620 ","1,255,620 ",0 ,0 ,"15,050 ","19,110 ","17,880 ","4,880 ","1,920 ","9,760 ","3,760","20,990",25.0,부분기대,부분기대,노후,"1,795.68",222.0,33,0.2,268 ,236 ,32 ,등록,폐아 0.4,2023-03-28,35.8727811,128.6282039
311,20230328-0005,03-28,동구 신천동 335-15,지하공도,D100x20mm 분기점 누수수선,"1,364,670 ","1,364,670 ",0 ,0 ,"16,840 ","21,380 ","20,000 ","5,460 ","2,150 ","10,920 ","4,050","22,720",20.0,부분기대,부분기대,노후,"1,023.12",222.0,33,0.2,268 ,236 ,32 ,등록,폐아 0.4,2023-03-28,35.8733146,128.6281899
312,20230328-0134,03-28,동구 효목동 399-2,지상사유지,D13mm 계량기 보호통 교체,"691,610 ","609,710 ","81,900 ",0 ,"8,690 ","11,040 ","10,330 ","2,810 ","1,110 ","5,640 ","1,780","11,480",15.0,계량기보호통(실),계량기보호통,노후,,606.0,36,0.0,0 ,0 ,0 ,미등록,,2023-03-28,35.8755596,128.6344216
323,20230331-0020,03-31,동구 불로동 996-14 202동,지상사유지,D25mm 계량기 보호통 교체,"1,054,880 ","917,180 ","137,700 ",0 ,"12,800 ","16,250 ","15,200 ","4,150 ","1,630 ","8,300 ","2,670","16,830",25.0,계량기보호통(실),계량기보호통,노후,,208.0,92,0.0,0 ,0 ,0 ,미등록,폐콘 0.1,2023-03-31,35.8990996,128.6315608
331,20230404-0142,04-04,동구 신무동 291,지상사유지,D13mm 계량기실 누수 수선,"106,240 ","106,240 ",0 ,0 ,370 ,470 ,440 ,120 ,40 ,240 ,380,380,15.0,계량기보호통(실),연결부,노후,,201.0,307,,,,,미등록,,2023-04-04,35.9906764,128.6720456
332,20230404-0234,04-04,동구 방촌동 862-35,지상사유지,D13mm 계량기실 누수 수선,"83,330 ","83,330 ",0 ,0 ,370 ,470 ,440 ,120 ,40 ,240 ,290,380,15.0,계량기보호통(실),연결부,노후,,228.0,132,,,,,미등록,,2023-04-04,35.8810794,128.6698579
334,20230404-0313,04-04,동구 각산동 297-1,지상사유지,D25mm 계량기실 누수 수선,"114,450 ","114,450 ",0 ,0 ,520 ,670 ,620 ,170 ,60 ,340 ,400,530,25.0,계량기보호통(실),연결부,노후,,235.0,259-2,,,,,미등록,,2023-04-04,35.8678383,128.7221705
335,20230404-0326,04-04,동구 불로동 574-10,지하공도,D40*20mm 분기점 누수수선,"1,587,100 ","1,587,100 ",0 ,0 ,"20,520 ","26,050 ","24,370 ","6,650 ","2,620 ","13,310 ","4,710","26,810",20.0,PFP관,이형관,노후,428.64,205.0,80,0.1,134 ,118 ,16 ,등록,폐아 0.3,2023-04-04,35.9104398,128.6427532
338,20230410-0051,04-10,동구 방촌동 112-11,지하공도,D50*25mm 분기점 누수수선,"1,413,540 ","1,413,540 ",0 ,0 ,"16,550 ","21,010 ","19,650 ","5,360 ","2,120 ","10,730 ","4,240","22,730",25.0,PFP관,이형관,노후,648,226.0,116,0.2,268 ,236 ,32 ,등록,폐콘 0.5,2023-04-10,35.8928209,128.6764948
233,20230302-0333,03-02,동구 방촌동 1118-45,지하사유지,D13mm 계량기 보호통 교체,"615,080 ","533,180 ","81,900 ",0 ,"8,300 ","10,540 ","9,860 ","2,690 ","1,060 ","5,390 ","1,500","8,720",15.0,계량기보호통(실),계량기보호통,노후,0,227.0,138,,0 ,0 ,0 ,미등록,폐콘 0.1,2023-03-02,35.8773542,128.670646
235,20230302-0336,03-02,동구 신암동 168-15,지하공도,D80mm 제수변 누수수선,"310,250 ","310,250 ",0 ,0 ,"3,220 ","4,090 ","3,830 ","1,040 ",410 ,"2,090 ",970,"4,440",80.0,닥타일관,이형관,노후,"15,884.4",217.0,17,,0 ,0 ,0 ,등록,폐아 0.04톤,2023-03-02,35.8818001,128.6187289
244,20230303-0495,03-03,동구 내곡동 136,지하사유지,D13mm 인입선 누수수선,"366,280 ","366,280 ",0 ,0 ,"3,310 ","4,200 ","3,930 ","1,070 ",420 ,"2,140 ","1,180","6,030",15.0,스텐레스관,직관,부식,532.8,236.0,211,,0 ,0 ,0 ,미등록,,2023-03-03,35.8873501,128.7595404
249,20230306-0547,03-06,동구 입석동 883-8 110동,지하공도,D80*32mm 분기점 누수수선,"1,676,840 ","1,676,840 ",0 ,0 ,"20,230 ","25,680 ","24,030 ","6,560 ","2,590 ","13,120 ","5,010","27,840",32.0,부분기대,부분기대,노후,0,210.0,108-1,0.3,402 ,354 ,48 ,등록,폐아 0.5,2023-03-06,35.8919111,128.6508303
251,20230306-0551,03-06,동구 금강동 589-2,지하사유지,D13mm 인입선 누수수선,"519,240 ","519,240 ",0 ,0 ,"3,990 ","5,070 ","4,740 ","1,290 ",510 ,"2,590 ","1,680","7,220",15.0,스텐레스관,직관,부식,559.44,236.0,285,0.1,134 ,118 ,16 ,미등록,폐콘 0.2,2023-03-06,35.8631186,128.7352058
252,20230306-0552,03-06,동구 신서동 549-10,지하공도,D100*13mm 구분기점 누수수선,"1,154,410 ","1,154,410 ",0 ,0 ,"13,290 ","16,880 ","15,790 ","4,310 ","1,700 ","8,620 ","3,470","16,360",15.0,부분기대,부분기대,노후,272.16,237.0,261-2,0.2,268 ,236 ,32 ,등록,폐아 0.4,2023-03-06,35.8697829,128.7315159
253,20230306-0553,03-06,동구 금강동 577,지하사유지,D13mm 인입선 누수수선,"965,060 ","965,060 ",0 ,0 ,"8,650 ","10,980 ","10,280 ","2,800 ","1,100 ","5,610 ","3,060","13,250",15.0,스텐레스관,직관,부식,559.44,237.0,284-1,,0 ,0 ,0 ,미등록,폐아 0.3,2023-03-06,35.8635255,128.7340313
258,20230308-0300,03-08,동구 방촌동 980-5,지상사유지,D13mm 계량기 보호통 교체,"789,260 ","707,360 ","81,900 ",0 ,"9,880 ","12,540 ","11,730 ","3,200 ","1,260 ","6,410 ","2,060","12,790",15.0,계량기보호통(실),계량기보호통,노후,,228.0,123-2,,,,,미등록,폐콘 0.1톤,2023-03-08,35.8851704,128.6617859
265,20230309-0276,03-09,동구 방촌동 1118-46,지하사유지,D13mm 인입선 누수수선,"1,576,210 ","1,576,210 ",0 ,0 ,"19,470 ","24,710 ","23,120 ","6,310 ","2,490 ","12,630 ","4,650","26,040",15.0,스텐레스관,직관,노후,586.08,227.0,138,0.2,268 ,236 ,32 ,미등록,폐아 0.6,2023-03-09,35.8773106,128.6707896
276,20230315-0010,03-15,동구 율하동 1150,지하사유지,D20mm 인입선 누수수선,"1,050,370 ","1,050,370 ",0 ,0 ,"11,880 ","15,080 ","14,110 ","3,850 ","1,520 ","7,710 ","3,160","15,050",20.0,스텐레스관,직관,노후,"1,693.44",234.0,273,0.1,134 ,118 ,16 ,미등록,폐아 0.4,2023-03-15,35.8678424,128.6927289
279,20230316-0007,03-16,동구 신천동 805-2,지하사유지,D13mm 계량기 보호통 교체,"1,065,250 ","983,350 ","81,900 ",0 ,"15,260 ","19,380 ","18,130 ","4,950 ","1,950 ","9,900 ","2,780","18,250",15.0,계량기보호통(실),계량기보호통,노후,0,220.0,48,,0 ,0 ,0 ,미등록,폐콘 0.1,2023-03-16,35.8695644,128.6179132
301,20230322-0442,03-22,동구 율하동 694,지하미누수,확인 터파기 결과 미누수,"960,060 ","960,060 ",0 ,0 ,"9,870 ","12,540 ","11,730 ","3,200 ","1,260 ","6,410 ","2,960","12,200",,,,,,234.0,252,0.2,268 ,236 ,32 ,미등록,폐콘 0.4,2023-03-22,35.8651175,128.6883822
314,20230329-0173,03-29,동구 효목동 194-9,지상사유지,D13mm 계량기 보호통 교체,"721,080 ","639,180 ","81,900 ",0 ,"9,050 ","11,480 ","10,740 ","2,930 ","1,150 ","5,870 ","1,850","11,940",15.0,계량기보호통(실),계량기보호통,노후,,213.0,38,,,,,미등록,폐콘 0.1톤,2023-03-29,35.8786946,128.6447491
315,20230329-0225,03-29,동구 불로동 1142-11,지하사유지,D13mm 계량기 보호통 교체,"824,500 ","742,600 ","81,900 ",0 ,"10,500 ","13,340 ","12,480 ","3,400 ","1,340 ","6,810 ","2,150","13,440",15.0,계량기보호통(실),계량기보호통,노후,0,205.0,77,,0 ,0 ,0 ,미등록,폐콘 0.1,2023-03-29,35.9148835,128.6424991
317,20230330-0006,03-30,동구 율하동 150-4,지하공도,D40x13mm 분기점 누수수선,"831,400 ","831,400 ",0 ,0 ,"8,850 ","11,230 ","10,510 ","2,860 ","1,130 ","5,740 ","2,620","12,260",15.0,PFP관,이형관,노후,229.68,233.0,250,0.1,134 ,118 ,16 ,등록,,2023-03-30,35.871812,128.6989704
318,20230330-0130,03-30,동구 효목동 176-15,지상사유지,D13mm 계량기 보호통 교체,"699,440 ","617,540 ","81,900 ",0 ,"8,690 ","11,040 ","10,330 ","2,810 ","1,110 ","5,640 ","1,810","11,540",15.0,계량기보호통(실),계량기보호통,노후,,213.0,38,,,,,미등록,,2023-03-30,35.8805645,128.6444419
324,20230403-0023,04-03,동구 신암동 177-2,지상사유지,D13mm 계량기 보호통 교체,"864,330 ","782,430 ","81,900 ",0 ,"11,820 ","15,000 ","14,040 ","3,830 ","1,510 ","7,670 ","2,230","14,610",15.0,계량기보호통(실),계량기보호통,노후,,217.0,17,0.0,0 ,0 ,0 ,미등록,폐콘 0.1,2023-04-03,35.8803101,128.6151016
327,20230403-0267,04-03,동구 입석동 932-71,지상사유지,D13mm 계량기 보호통 교체,"749,330 ","667,430 ","81,900 ",0 ,"9,170 ","11,640 ","10,890 ","2,970 ","1,170 ","5,950 ","1,940","12,000",15.0,계량기보호통(실),계량기보호통,노후,,210.0,108-1,,,,,미등록,폐콘 0.1,2023-04-03,35.8915136,128.6473985
333,20230404-0273,04-04,동구 율하동 963-5,지상사유지,D13mm 계량기 보호통 교체,"762,270 ","680,370 ","81,900 ",0 ,"9,130 ","11,590 ","10,840 ","2,960 ","1,160 ","5,920 ","2,000","11,750",15.0,계량기보호통(실),계량기보호통,노후,,233.0,255,,,,,미등록,폐콘 0.1,2023-04-04,35.8675062,128.699563
336,20230405-0077,04-05,동구 지저동 786-1 102호,지하사유지,D32mm 계량기 보호통 교체,"964,130 ","766,130 ","198,000 ",0 ,"10,250 ","13,010 ","12,170 ","3,320 ","1,310 ","6,650 ","2,260","14,200",32.0,계량기보호통(실),계량기보호통,노후,0,208.0,106-2,,0 ,0 ,0 ,미등록,폐콘 0.1,2023-04-05,35.8945593,128.6396184
337,20230408-0014,04-08,동구 신암동 1195-20,지상사유지,D13mm 계량기 보호통 교체,"820,090 ","738,190 ","81,900 ",0 ,"10,870 ","13,800 ","12,910 ","3,520 ","1,390 ","7,050 ","2,110","13,780",15.0,계량기보호통(실),계량기보호통,노후,,216.0,14,,,,,미등록,폐콘 0.1,2023-04-08,35.8782711,128.6099953
339,20230410-0053,04-10,동구 방촌동 100-17,지하사유지,D13mm 계량기 보호통 교체,"966,360 ","884,460 ","81,900 ",0 ,"13,150 ","16,690 ","15,620 ","4,260 ","1,680 ","8,530 ","2,520","16,070",15.0,계량기보호통(실),계량기보호통,노후,0,226.0,103,,0 ,0 ,0 ,미등록,폐콘 0.1,2023-04-10,35.895373,128.6766773
340,20230410-0055,04-10,동구 용계동 352-4,지하공도,D80*13mm 구분기점 누수수선,"2,045,950 ","2,045,950 ",0 ,0 ,"25,940 ","32,930 ","30,810 ","8,410 ","3,320 ","16,830 ","5,970","31,810",15.0,부분기대,부분기대,노후,423.36,226.0,135,0.1,134 ,118 ,16 ,등록,폐아 0.9,2023-04-10,35.8787593,128.6850148
341,20230410-0264,04-10,동구 신암동 327-2,지상사유지,D50mm 계량기 보호통 교체,"1,717,650 ","1,409,850 ","307,800 ",0 ,"22,450 ","28,490 ","26,660 ","7,270 ","2,870 ","14,560 ","3,820","25,780",50.0,계량기보호통(실),계량기보호통,노후,,212.0,20,0.0,0 ,0 ,0 ,미등록,폐콘 0.7,2023-04-10,35.8836836,128.6301776
342,20230410-0309,04-10,동구 신천동 383-5,지상사유지,D13mm 계량기 보호통 교체,"677,980 ","596,080 ","81,900 ",0 ,"8,340 ","10,590 ","9,910 ","2,700 ","1,060 ","5,410 ","1,720","11,060",15.0,계량기보호통(실),계량기보호통,노후,,222.0,34,,,,,미등록,폐콘 0.1,2023-04-10,35.8763162,128.6294449
343,20230410-0373,04-10,동구 도동 313,지하공도,D25*13mm 분기점 누수수선,"1,917,280 ","1,917,280 ",0 ,0 ,"21,940 ","27,850 ","26,060 ","7,110 ","2,810 ","14,230 ","5,760","32,850",15.0,스텐레스관,이형관,노후,258.72,206.0,72,0.1,134 ,118 ,16 ,등록,폐콘 0.7,2023-04-10,35.920058,128.6600501
345,20230411-0118,04-11,동구 신암동 92-40,지하공도,D150*13mm 분기점 누수수선,"1,237,170 ","1,237,170 ",0 ,0 ,"15,420 ","19,580 ","18,320 ","5,000 ","1,970 ","10,000 ","3,640","20,160",15.0,부분기대,부분기대,노후,427.68,209.0,1,0.2,268 ,236 ,32 ,등록,폐아 0.5,2023-04-11,35.888509,128.6332695
347,20230412-0003,04-12,동구 도동 482-2,지하미누수,확인 터파기 결과 미누수,"1,170,220 ","1,170,220 ",0 ,0 ,"13,970 ","17,740 ","16,600 ","4,530 ","1,780 ","9,060 ","3,460","17,160",,,,,,206.0,72,0.2,268 ,236 ,32 ,미등록,폐아 0.5,2023-04-12,35.9202847,128.6624174
350,20230412-0052,04-12,동구 방촌동 1078-8,지상사유지,D13mm 계량기 보호통 교체,"819,760 ","737,860 ","81,900 ",0 ,"10,290 ","13,070 ","12,230 ","3,330 ","1,310 ","6,680 ","2,140","13,400",15.0,계량기보호통(실),계량기보호통,노후,,227.0,124-2,0.0,0 ,0 ,0 ,미등록,폐콘 0.1,2023-04-12,35.8784219,128.6614614
351,20230413-0003,04-13,동구 입석동 982-3,미누수,현장확인 결과 미누수,"88,080 ","88,080 ",0 ,0 ,470 ,590 ,560 ,150 ,60 ,300 ,300,460,,,,,,210.0,108-1,,0 ,0 ,0 ,미등록,,2023-04-13,35.8923442,128.6443458
352,20230413-0086,04-13,동구 신암동 489-1,지상사유지,D13mm 인입선 누수수선,"256,960 ","256,960 ",0 ,0 ,"2,050 ","2,610 ","2,440 ",660 ,260 ,"1,330 ",840,"4,870",15.0,스텐레스관,직관,부식,,216.0,16-2,,,,,미등록,,2023-04-13,35.8765781,128.6151604
353,20230414-0004,04-14,동구 둔산동 1061-1,지하공도,D40*13mm 분기점 누수수선,"1,079,640 ","1,079,640 ",0 ,0 ,"11,600 ","14,730 ","13,780 ","3,760 ","1,480 ","7,530 ","3,300","16,150",15.0,PFP관,이형관,노후,269.28,226.0,102,0.1,134 ,118 ,16 ,등록,폐아 0.4,2023-04-14,35.8971799,128.6705531
354,20230414-0016,04-14,동구 지저동 783-2,지상사유지,D13mm 계량기실 누수수선,"83,330 ","83,330 ",0 ,0 ,370 ,470 ,440 ,120 ,40 ,240 ,290,380,15.0,계량기보호통(실),앵글밸브,노후,,208.0,106-2,,,,,미등록,,2023-04-14,35.8943898,128.6396012
355,20230414-0108,04-14,동구 검사동 756-115,지상사유지,D13mm 계량기 보호통 교체,"811,700 ","729,800 ","81,900 ",0 ,"10,290 ","13,070 ","12,230 ","3,330 ","1,310 ","6,680 ","2,110","13,190",15.0,계량기보호통(실),계량기보호통,노후,,210.0,108-1,0.0,0 ,0 ,0 ,미등록,폐콘 0.1,2023-04-14,35.8871708,128.6586939
356,20230414-0153,04-14,동구 신암동 489-1,지상공도,D200*13mm 구분기점 누수수선,"133,900 ","133,900 ",0 ,0 ,"1,130 ","1,430 ","1,340 ",360 ,140 ,730 ,430,"2,010",15.0,부분기대,부분기대,노후,0.23,216.0,16-2,0.0,0 ,0 ,0 ,등록,,2023-04-14,35.8765781,128.6151604
357,20230416-0003,04-16,동구 용계동 755-95,지상사유지,D13mm 계량기 보호통 교체,"836,760 ","754,860 ","81,900 ",0 ,"11,950 ","15,170 ","14,200 ","3,870 ","1,530 ","7,750 ","2,110","12,580",15.0,계량기보호통(실),계량기보호통,노후,,232.0,249,,,,,미등록,폐콘 0.1,2023-04-16,35.8733663,128.6903707
360,20230417-0114,04-17,동구 괴전동 242-2,지상사유지,D20mm 계량기 보호통 교체,"871,810 ","760,210 ","111,600 ",0 ,"10,290 ","13,070 ","12,220 ","3,330 ","1,310 ","6,680 ","2,230","13,380",20.0,계량기보호통(실),계량기보호통,노후,,236.0,237-2,0.0,0 ,0 ,0 ,미등록,폐콘 0.1,2023-04-17,35.8716606,128.7366519
361,20230417-0266,04-17,동구 미대동 300,지상사유지,D13mm 계량기실 누수수선,"185,090 ","185,090 ",0 ,0 ,"1,500 ","1,910 ","1,790 ",480 ,190 ,970 ,610,"2,000",15.0,계량기보호통(실),연결부,노후,,201.0,300,,,,,미등록,,2023-04-17,35.9576922,128.6676086
362,20230418-0003,04-18,동구 방촌동 180,지하사유지,D13mm 계량기 보호통 교체,"853,810 ","771,910 ","81,900 ",0 ,"10,800 ","13,710 ","12,830 ","3,500 ","1,380 ","7,000 ","2,240","14,090",15.0,계량기보호통(실),계량기보호통,노후,0,226.0,102,,0 ,0 ,0 ,미등록,폐콘 0.1,2023-04-18,35.8953825,128.6721436
363,20230418-0004,04-18,동구 방촌동 87-8,지하공도,D50*15mm 구분기점 누수수선,"575,500 ","575,500 ",0 ,0 ,"3,220 ","4,090 ","3,820 ","1,040 ",410 ,"2,090 ","1,960","6,340",15.0,부분기대,부분기대,노후,596.16,226.0,102,0.1,134 ,118 ,16 ,등록,폐아 0.1톤,2023-04-18,35.8949233,128.6721244
364,20230418-0046,04-18,동구 지저동 795-27,지상사유지,D13mm 계량기실 누수 수선,"162,180 ","162,180 ",0 ,0 ,"1,500 ","1,910 ","1,790 ",480 ,190 ,970 ,520,"2,000",15.0,계량기보호통(실),앵글밸브,노후,,208.0,106-2,,,,,미등록,,2023-04-18,35.8935891,128.6416499
366,20230418-0281,04-18,동구 신평동 638,지하공도,D100*13mm 구분기점 누수수선,"965,570 ","965,570 ",0 ,0 ,"10,260 ","13,030 ","12,190 ","3,320 ","1,310 ","6,650 ","2,970","13,080",15.0,부분기대,부분기대,노후,596.16,226.0,224-1,0.2,268 ,236 ,32 ,등록,폐아 0.3톤,2023-04-18,35.8780543,128.6816456
367,20230419-0247,04-19,동구 효목동 468-2,지상공도,D80*13mm 구분기점 누수수선,"117,370 ","117,370 ",0 ,0 ,"1,130 ","1,430 ","1,340 ",360 ,140 ,730 ,370,"1,580",15.0,부분기대,부분기대,노후,0.23,223.0,46-2,0.0,0 ,0 ,0 ,등록,,2023-04-19,35.8741406,128.6385148
368,20230419-0292,04-19,동구 신평동 637 공가,지하공도,D100*25mm 분기점 누수수선,"1,932,160 ","1,932,160 ",0 ,0 ,"24,060 ","30,550 ","28,580 ","7,800 ","3,080 ","15,610 ","5,650","30,800",25.0,부분기대,부분기대,노후,"2,903.76",226.0,224-1,0.4,537 ,472 ,65 ,등록,폐아 0.9톤,2023-04-19,35.8779657,128.6818284
369,20230420-0006,04-20,동구 방촌동 90-43,지하공도,D=80mm 연결부 누수수선,"192,750 ","192,750 ",0 ,0 ,"2,360 ","3,000 ","2,800 ",760 ,300 ,"1,530 ",590,"2,430",80.0,닥타일관,이형관,노후,"28,644",226.0,103,,0 ,0 ,0 ,등록,,2023-04-20,35.8939445,128.6739476
370,20230420-0007,04-20,동구 둔산동 1060,지하사유지,D13mm 계량기 보호통 교체,"835,260 ","753,360 ","81,900 ",0 ,"10,500 ","13,340 ","12,480 ","3,400 ","1,340 ","6,810 ","2,190","13,440",15.0,계량기보호통(실),계량기보호통,노후,0,226.0,102,,0 ,0 ,0 ,미등록,폐콘 0.1,2023-04-20,35.897417,128.6703825
371,20230421-0010,04-21,동구 둔산동 984,지하공도,D25*15mm 분기점 누수수선,"907,400 ","907,400 ",0 ,0 ,"7,940 ","10,080 ","9,430 ","2,570 ","1,010 ","5,150 ","2,910","13,280",15.0,부분기대,부분기대,노후,612.72,226.0,102,0.1,134 ,118 ,16 ,등록,폐아 0.2톤,2023-04-21,35.8988082,128.6724052
373,20230424-0008,04-24,동구 신암동 92-15,지상사유지,D13mm 계량기 보호통 교체,"810,340 ","728,440 ","81,900 ",0 ,"10,500 ","13,340 ","12,480 ","3,400 ","1,340 ","6,810 ","2,090","13,400",15.0,계량기보호통(실),계량기보호통,노후,,209.0,1,0.0,0 ,0 ,0 ,미등록,폐콘 0.1,2023-04-24,35.888265,128.6330988
377,20230425-0009,04-25,동구 검사동 756-37,지상사유지,D13mm 계량기 보호통 교체,"763,400 ","681,500 ","81,900 ",0 ,"9,180 ","11,650 ","10,900 ","2,970 ","1,170 ","5,950 ","2,000","12,130",15.0,계량기보호통(실),계량기보호통,노후,,210.0,108-1,0.0,0 ,0 ,0 ,미등록,폐콘0.1,2023-04-25,35.8867734,128.6582667
378,20230426-0245,04-26,동구 효목동 119-19,지상사유지,D13mm 계량기 보호통 교체.,"902,080 ","820,180 ","81,900 ",0 ,"12,290 ","15,610 ","14,600 ","3,980 ","1,570 ","7,970 ","2,330","15,370",15.0,계량기보호통(실),계량기보호통,노후,,213.0,26,0.0,0 ,0 ,0 ,미등록,폐콘0.1,2023-04-26,35.8849275,128.6409496
379,20230426-0262,04-26,동구 율하동 1474,지상공도,D100mm 지상식 소화전 누수수선,"1,236,770 ","1,236,770 ",0 ,0 ,"13,910 ","17,660 ","16,520 ","4,510 ","1,780 ","9,020 ","3,840","23,270",100.0,닥타일관,이형관,노후,12.28,,276,,0 ,0 ,0 ,등록,,2023-04-26,35.8643531,128.7016713
384,20230428-0063,04-28,동구 불로동 460-18,지상사유지,D20mm 계량기실 누수 수선,"85,530 ","85,530 ",0 ,0 ,410 ,530 ,490 ,130 ,50 ,270 ,300,420,20.0,계량기보호통(실),연결부,노후,,205.0,80,,,,,미등록,,2023-04-28,35.9112257,128.6414706
385,20230428-0408,04-28,동구 각산동 1064,미누수,출장비 정산(N=2),"173,590 ","173,590 ",0 ,0 ,0 ,0 ,0 ,0 ,0 ,0 ,650,0,,,,,,230.0,206,,,,,미등록,,2023-04-28,35.8795556,128.7153829
386,20230428-0494,04-28,동구 신암동 630-21,지상사유지,D13mm 계량기 보호통 교체.,"703,700 ","621,800 ","81,900 ",0 ,"8,860 ","11,250 ","10,530 ","2,870 ","1,130 ","5,750 ","1,790","11,530",15.0,계량기보호통(실),계량기보호통,노후,,211.0,7,,,,,미등록,폐콘 0.1,2023-04-28,35.8856812,128.6214647
387,20230501-0005,05-01,동구 용계동 353-2,지하공도,D25*13mm 티이 누수수선,"1,215,650 ","1,215,650 ",0 ,0 ,"11,380 ","14,440 ","13,510 ","3,690 ","1,450 ","7,380 ","3,820","17,670",15.0,스텐레스관,이형관,노후,406.56,226.0,135,0.2,268 ,236 ,32 ,등록,폐아 0.4,2023-05-01,35.878334,128.6851735
388,20230501-0006,05-01,동구 방촌동 857-55,지하공도,D200*25mm 분기점 누수수선,"612,460 ","612,460 ",0 ,0 ,"6,740 ","8,550 ","8,000 ","2,180 ",860 ,"4,370 ","1,910",0,25.0,부분기대,부분기대,노후,"3,223.44",226.0,133,,0 ,0 ,0 ,등록,,2023-05-01,35.8795604,128.6713707
393,20230502-0366,05-02,동구 지저동 672-8,지상사유지,D13mm 계량기실 누수수선.,"121,600 ","121,600 ",0 ,0 ,750 ,950 ,890 ,240 ,90 ,480 ,410,"1,230",15.0,계량기보호통(실),앵글밸브,노후,,208.0,106-2,0.0,0 ,0 ,0 ,미등록,,2023-05-02,35.8968163,128.6393191
394,20230502-0394,05-02,동구 효목동 118-36,지상사유지,D13mm 계량기 보호통 교체,"761,380 ","679,480 ","81,900 ",0 ,"9,520 ","12,080 ","11,310 ","3,080 ","1,210 ","6,170 ","1,970","12,550",15.0,계량기보호통(실),계량기보호통,노후,,213.0,26,,,,,미등록,폐콘 0.1,2023-05-02,35.8849283,128.6412446
396,20230502-0482,05-02,동구 용계동 419-3,지상사유지,D13mm 계량기실 누수수선.,"126,520 ","126,520 ",0 ,0 ,750 ,950 ,890 ,240 ,90 ,480 ,430,760,15.0,계량기보호통(실),연결부,노후,,227.0,138,,,,,미등록,,2023-05-02,35.8774238,128.676795
397,20230502-0693,05-02,동구 대림동 820,지하공도,D40mm 지수전 누수수선,"395,940 ","395,940 ",0 ,0 ,"3,030 ","3,850 ","3,600 ",980 ,380 ,"1,960 ","1,290","3,530",40.0,변류,접합부,볼트이완,0,236.0,287,0.1,134 ,118 ,16 ,등록,폐아 0.1톤,2023-05-02,35.8635946,128.7446921
398,20230503-0198,05-03,동구 효목동 444-31,지하공도,D40*13mm 분기점 누수수선,"1,577,730 ","1,577,730 ",0 ,0 ,"21,890 ","27,790 ","26,000 ","7,090 ","2,800 ","14,200 ","4,570","27,830",15.0,PFP관,이형관,노후,319.44,223.0,46-2,0.1,134 ,118 ,16 ,등록,폐아 0.4,2023-05-03,35.8771528,128.6376215
399,20230503-0452,05-03,동구 효목동 118-18,지하공도,D25mm 직관부 누수수선,"416,050 ","416,050 ",0 ,0 ,"4,570 ","5,800 ","5,430 ","1,480 ",580 ,"2,960 ","1,290","7,990",25.0,스텐레스관,직관,노후,"5,023.92",213.0,26,,0 ,0 ,0 ,등록,,2023-05-03,35.8846029,128.6416416
400,20230504-0339,05-04,동구 둔산동 645-1,지하공도,D25*13mm 분기점 누수수선,"537,730 ","537,730 ",0 ,0 ,"4,960 ","6,300 ","5,900 ","1,610 ",630 ,"3,220 ","1,730","9,590",15.0,스텐레스관,이형관,노후,322.08,225.0,96,,0 ,0 ,0 ,등록,,2023-05-04,35.9022197,128.6755666
401,20230505-0003,05-05,동구 신암동 460-21,지하공도,D100*13mm 구분기점 누수수선,"1,170,680 ","1,170,680 ",0 ,0 ,"14,090 ","17,890 ","16,740 ","4,570 ","1,800 ","9,140 ","3,480","19,100",15.0,부분기대,부분기대,노후,531.36,216.0,15,0.1,134 ,118 ,16 ,등록,폐아 0.4,2023-05-05,35.8776652,128.6129843
402,20230505-0015,05-05,동구 용계동 398-9,지상사유지,D13mm 계량기 보호통 교체,"745,850 ","663,950 ","81,900 ",0 ,"8,720 ","11,070 ","10,360 ","2,820 ","1,110 ","5,660 ","1,960","11,520",15.0,계량기보호통(실),계량기보호통,노후,,226.0,224-1,,,,,미등록,폐콘 0.1,2023-05-05,35.8776634,128.6820949
405,20230509-0040,05-09,동구 지저동 642-14,지하사유지,D25mm 인입선 누수수선,"1,051,680 ","1,051,680 ",0 ,0 ,"12,170 ","15,450 ","14,460 ","3,940 ","1,550 ","7,900 ","3,150","14,910",25.0,스텐레스관,직관,부식,"5,273.04",208.0,101-2,0.2,268 ,236 ,32 ,미등록,폐아 0.4,2023-05-09,35.8962229,128.6427957
407,20230509-0063,05-09,동구 효목동 168-20,지상사유지,D13mm 계량기 보호통 교체,"785,750 ","703,850 ","81,900 ",0 ,"10,210 ","12,960 ","12,130 ","3,310 ","1,300 ","6,620 ","2,020","13,190",15.0,계량기보호통(실),계량기보호통,노후,,213.0,38,,,,,미등록,폐콘 0.1,2023-05-09,35.879035,128.6485364
408,20230509-0318,05-09,동구 지저동 857-13,지하미누수,확인 터파기 결과 미누수,"692,710 ","692,710 ",0 ,0 ,"7,190 ","9,130 ","8,550 ","2,330 ",920 ,"4,670 ","2,190","8,820",,,,,,208.0,107-1,,,,,미등록,,2023-05-09,35.8917232,128.6398824
409,20230509-0320,05-09,동구 지저동 682-37,지하공도,D=40*13mm 분기점 누수수선,"1,493,880 ","1,493,880 ",0 ,0 ,"18,420 ","23,380 ","21,880 ","5,970 ","2,350 ","11,950 ","4,420","24,420",15.0,PFP관,이형관,노후,335.28,208.0,106-2,0.2,268 ,236 ,32 ,등록,폐아 0.5,2023-05-09,35.8956598,128.6399189
410,20230510-0106,05-10,동구 신천동 387-2,지하사유지,D13mm 계량기 보호통 교체,"1,766,580 ","1,684,680 ","81,900 ",0 ,"22,570 ","28,650 ","26,810 ","7,310 ","2,890 ","14,640 ","4,850","27,950",15.0,계량기보호통(실),계량기보호통,노후,0,222.0,34,,0 ,0 ,0 ,미등록,"폐콘 0.3, 폐아 0.4",2023-05-10,35.8768306,128.6305249
412,20230512-0205,05-12,동구 지묘동 560-2 외 1필지 101호,지하공도,D50mm 직관부 누수수선,"1,821,440 ","1,821,440 ",0 ,0 ,"24,560 ","31,170 ","29,170 ","7,960 ","3,140 ","15,930 ","5,330","28,780",50.0,PFP관,직관,노후,"30,888",201.0,57,0.2,268 ,236 ,32 ,등록,폐콘 0.4,2023-05-12,35.9434663,128.638042
414,20230515-0137,05-15,동구 지묘동 360,미누수,현장 확인 결과 미누수(동구청 하천 유지 용수),"86,050 ","86,050 ",0 ,0 ,0 ,0 ,0 ,0 ,0 ,0 ,320,0,,,,,,201.0,58,,0 ,0 ,0 ,미등록,,2023-05-15,35.9391843,128.6394749
415,20230516-0003,05-16,동구 지저동 724-26,지하사유지,D13mm 계량기 보호통 교체.,"798,350 ","716,450 ","81,900 ",0 ,"10,060 ","12,770 ","11,950 ","3,260 ","1,280 ","6,520 ","2,080","12,970",15.0,계량기보호통(실),계량기보호통,노후,0,208.0,99,,0 ,0 ,0 ,미등록,폐콘 0.1,2023-05-16,35.8944032,128.6358871
416,20230516-0004,05-16,동구 지저동 717-10,지하사유지,D13mm 계량기 보호통 교체.,"809,090 ","727,190 ","81,900 ",0 ,"10,210 ","12,960 ","12,130 ","3,310 ","1,300 ","6,620 ","2,110","13,190",15.0,계량기보호통(실),계량기보호통,노후,0,208.0,92,,0 ,0 ,0 ,미등록,폐콘 0.1,2023-05-16,35.8955774,128.6364552
417,20230516-0005,05-16,동구 불로동 1026-4,지하공도,D50*13mm 분기점 누수수선,"1,779,270 ","1,779,270 ",0 ,0 ,"23,430 ","29,750 ","27,830 ","7,590 ","3,000 ","15,200 ","5,240","30,080",15.0,PFP관,이형관,노후,353.76,208.0,99,0.1,134 ,118 ,16 ,등록,폐아 0.4,2023-05-16,35.8960724,128.6333561
418,20230516-0195,05-16,동구 중대동 453 A동,미누수,확인터파기 결과 미누수,"141,850 ","141,850 ",0 ,0 ,"1,050 ","1,330 ","1,240 ",340 ,130 ,680 ,470,"1,040",,,,,,201.0,54,,,,,미등록,,2023-05-16,35.9776909,128.6353292
419,20230517-0008,05-17,동구 불로동 1024-3,지하공도,D50*13mm 분기점 누수수선,"1,263,000 ","1,263,000 ",0 ,0 ,"14,560 ","18,480 ","17,290 ","4,720 ","1,860 ","9,440 ","3,800","19,720",15.0,PFP관,이형관,노후,356.4,208.0,99,0.2,268 ,236 ,32 ,등록,폐아 0.4,2023-05-17,35.8961341,128.6336222
421,20230518-0007,05-18,동구 지저동 702-25,지하사유지,D13mm 계량기 보호통 교체.,"797,840 ","715,940 ","81,900 ",0 ,"9,900 ","12,570 ","11,760 ","3,210 ","1,260 ","6,420 ","2,090","12,740",15.0,계량기보호통(실),계량기보호통,노후,0,208.0,92,,0 ,0 ,0 ,미등록,폐콘 0.1,2023-05-18,35.8974722,128.6358901
422,20230518-0008,05-18,동구 지저동 710-4,지하공도,D20*13mm 분기점 누수수선,"463,850 ","463,850 ",0 ,0 ,"4,900 ","6,220 ","5,820 ","1,580 ",620 ,"3,180 ","1,460","8,350",15.0,스텐레스관,이형관,노후,359.04,208.0,92,,0 ,0 ,0 ,등록,,2023-05-18,35.8968649,128.6362645
425,20230520-0002,05-20,동구 신평동 90,지상사유지,D13mm 계량기실 누수수선,"126,850 ","126,850 ",0 ,0 ,750 ,950 ,890 ,240 ,90 ,480 ,430,"1,230",15.0,계량기보호통(실),앵글밸브,노후,,230.0,201,,,,,미등록,,2023-05-20,35.8841543,128.6933926
427,20230521-0013,05-21,동구 중대동 556,지상사유지,D13mm 계량기 보호통 교체.,"813,340 ","731,440 ","81,900 ",0 ,"9,850 ","12,500 ","11,700 ","3,190 ","1,260 ","6,390 ","2,150","12,850",15.0,계량기보호통(실),계량기보호통,노후,,201.0,54,,,,,미등록,폐콘 0.1,2023-05-21,35.9796701,128.6349116
430,20230523-0350,05-23,동구 신암동 58-20,지하사유지,D13mm 계량기 보호통 교체.,"721,810 ","639,910 ","81,900 ",0 ,"9,030 ","11,460 ","10,730 ","2,920 ","1,150 ","5,860 ","1,850","11,980",15.0,계량기보호통(실),계량기보호통,노후,0,209.0,12,,0 ,0 ,0 ,미등록,폐콘 0.1,2023-05-23,35.8897771,128.635231
432,20230524-0067,05-24,동구 신천동 448-2,지상사유지,D13mm 계량기 보호통 교체,"838,010 ","756,110 ","81,900 ",0 ,"12,850 ","16,310 ","15,260 ","4,160 ","1,640 ","8,330 ","2,060","13,460",15.0,계량기보호통(실),계량기보호통,노후,,222.0,34,,,,,미등록,폐콘 0.1,2023-05-24,35.8750611,128.630543
435,20230524-0215,05-24,동구 효목동 1193,지하공도,D50mm 직관부 누수수선,"811,230 ","811,230 ",0 ,0 ,"10,220 ","12,970 ","12,140 ","3,310 ","1,300 ","6,630 ","2,460","11,820",50.0,스텐레스관,직관,부식,"33,739.2",214.0,136,,0 ,0 ,0 ,등록,,2023-05-24,35.8773006,128.6553998
316,20230330-0005,03-30,동구 율암동 524-463 외 1필지,지하공도,D100*20mm 분기점 누수수선(개조 D20mm L30m),"4,796,440 ","4,677,340 ","119,100 ",0 ,"69,080 ","87,690 ","82,050 ","22,390 ","8,840 ","44,820 ","12,530","78,860",20.0,부분기대,부분기대,노후,"1,440.72",230.0,201,1.4,"1,878 ","1,652 ",226 ,등록,폐콘 4.2,2023-03-30,35.8795639,128.70274
344,20230411-0108,04-11,동구 중대동 514,지상공도,D100mm 접합부 누수수선,"543,510 ","543,510 ",0 ,0 ,"5,170 ","6,560 ","6,140 ","1,670 ",660 ,"3,350 ","1,740","9,950",100.0,닥타일관,직관,노후,25.57,201.0,54,0.0,0 ,0 ,0 ,등록,,2023-04-11,35.9824767,128.6362911
346,20230412-0002,04-12,동구 도동 343-1,지하사유지,D15mm 직관부 누수수선,"345,910 ","345,910 ",0 ,0 ,"3,390 ","4,310 ","4,030 ","1,100 ",430 ,"2,200 ","1,100","6,020",15.0,스텐레스관,직관,노후,"1,139.28",206.0,72,,0 ,0 ,0 ,미등록,,2023-04-12,35.9212285,128.6605658
348,20230412-0025,04-12,동구 방촌동 1084-521,노후관교체공사,"노후배수관 교체공사(STS D=25mm, L=24m)","4,136,100 ","4,014,900 ","121,200 ",0 ,"55,800 ","70,830 ","66,280 ","18,090 ","7,140 ","36,200 ","11,730","71,260",,,,,,227.0,124-2,0.2,268 ,236 ,32 ,미등록,폐아 0.5,2023-04-12,35.8781509,128.6656771
349,20230412-0026,04-12,동구 신천동 265-27,노후관교체공사,"노후배수관 교체공사(STS D=25mm L=33m, 24m, N=2개소)","8,208,970 ","7,921,120 ","287,850 ",0 ,"112,410 ","142,700 ","133,520 ","36,440 ","14,390 ","72,930 ","23,020","146,940",,,,,,221.0,41,0.9,"1,207 ","1,062 ",145 ,미등록,폐아 0.9,2023-04-12,35.8737681,128.6200796
372,20230421-0047,04-21,동구 평광동 182,지상사유지,D25mm 접합부 누수수선,"671,030 ","671,030 ",0 ,0 ,"8,500 ","10,790 ","10,090 ","2,750 ","1,080 ","5,510 ","2,020","12,510",25.0,스텐레스관,이형관,노후,,206.0,72,0.0,0 ,0 ,0 ,미등록,폐콘 0.03톤,2023-04-21,35.9344384,128.7143706
374,20230424-0376,04-24,동구 방촌동 1084-496,지상사유지,D13mm 계량기 보호통 교체.,"772,770 ","690,870 ","81,900 ",0 ,"9,610 ","12,200 ","11,410 ","3,110 ","1,230 ","6,230 ","2,020","12,520",15.0,계량기보호통(실),계량기보호통,노후,,227.0,124-2,,,,,미등록,폐콘 0.1,2023-04-24,35.8780484,128.6649189
376,20230424-0547,04-24,동구 방촌동 61,지하공도,"D50mm 직관부 누수수선(개조 D50->40mm, 76m)","5,018,560 ","4,418,990 ","599,570 ",0 ,"65,780 ","83,500 ","78,130 ","21,320 ","8,420 ","42,670 ","12,790","81,820",50.0,PFP관,직관,노후,"37,255.68",226.0,103,,0 ,0 ,0 ,등록,,2023-04-24,35.8967381,128.6754925
381,20230426-0284,04-26,동구 효목동 481-4,지하공도,D150*13mm 구분기점 폐쇄,"1,178,320 ","1,178,320 ",0 ,0 ,"13,740 ","17,450 ","16,320 ","4,450 ","1,760 ","8,910 ","3,520","17,150",15.0,부분기대,부분기대,노후,"1,126.08",606.0,36,0.2,268 ,236 ,32 ,등록,폐아 0.5톤,2023-04-26,35.8732973,128.6364854
382,20230427-0016,04-27,동구 부동 490,지하공도,D25*13mm 분기점 누수수선,"339,790 ","339,790 ",0 ,0 ,"2,990 ","3,800 ","3,550 ",970 ,380 ,"1,940 ","1,080","5,890",15.0,부분기대,부분기대,노후,640.32,226.0,118-1,0.1,134 ,118 ,16 ,등록,페콘 0.1톤,2023-04-27,35.8910748,128.6847042
426,20230521-0004,05-21,동구 봉무동 1542-1,지상공도,D150mm 접합부 누수수선,"1,519,140 ","1,519,140 ",0 ,0 ,"20,980 ","26,630 ","24,910 ","6,800 ","2,680 ","13,610 ","4,490","26,330",150.0,닥타일관,이형관,노후,21.28,202.0,67,,0 ,0 ,0 ,등록,,2023-05-21,35.9228211,128.6381835
431,20230523-0403,05-23,동구 입석동 1033-127 슈퍼,지하미누수,확인 터파기 결과 미누수,"710,200 ","710,200 ",0 ,0 ,"7,130 ","9,050 ","8,460 ","2,310 ",910 ,"4,620 ","2,190","8,810",,,,,,210.0,108-1,0.1,134 ,118 ,16 ,미등록,폐아 0.3,2023-05-23,35.8931976,128.6474667
439,20230526-0005,05-26,동구 검사동 907-17,지하공도,D100*13mm 분기점 누수수선,"916,510 ","916,510 ",0 ,0 ,"9,610 ","12,190 ","11,410 ","3,110 ","1,230 ","6,230 ","2,830","13,210",15.0,부분기대,부분기대,노후,864,210.0,108-1,,0 ,0 ,0 ,등록,폐콘 0.3,2023-05-26,35.8906948,128.6524178
441,20230530-0013,05-30,동구 신천동 70-4,기타,소구역 유량계 철거,"231,880 ","231,880 ",0 ,0 ,"3,590 ","4,560 ","4,270 ","1,160 ",450 ,"2,330 ",660,"3,600",,,,,,219.0,30,,0 ,0 ,0 ,미등록,,2023-05-30,35.8765927,128.6252736
443,20230530-0344,05-30,동구 불로동 1064-41,지상사유지,D13mm 계량기실 누수수선,"83,330 ","83,330 ",0 ,0 ,370 ,470 ,440 ,120 ,40 ,240 ,290,380,15.0,계량기보호통(실),연결부,노후,,208.0,99,,,,,미등록,,2023-05-30,35.895054,128.6348972
445,20230530-0518,05-30,동구 신용동 193,미누수,터파기 확인 결과 미누수,"304,670 ","304,670 ",0 ,0 ,"2,530 ","3,210 ","3,000 ",820 ,320 ,"1,640 ","1,000","2,510",,,,,,201.0,54,,,,,미등록,,2023-05-30,35.9843889,128.6422098
446,20230530-0632,05-30,동구 신암동 289-8,지하공도,D300*25mm 분기점 누수수선,"3,574,710 ","3,437,010 ","137,700 ",0 ,"49,110 ","62,340 ","58,330 ","15,920 ","6,290 ","31,860 ","10,040","62,250",25.0,부분기대,부분기대,노후,"4,297.92",212.0,20,1.1,"1,476 ","1,298 ",178 ,등록,폐콘 0.1,2023-05-30,35.8853505,128.6313166
447,20230530-0701,05-30,동구 중대동 579-6,지상사유지,D25mm 계량기 보호통 교체,"865,140 ","727,440 ","137,700 ",0 ,"9,490 ","12,050 ","11,270 ","3,070 ","1,210 ","6,160 ","2,160","12,920",25.0,계량기보호통(실),계량기보호통,노후,,201.0,54,0.0,0 ,0 ,0 ,미등록,폐콘 0.1,2023-05-30,35.979009,128.6330377
450,20230531-0325,05-31,동구 신암동 460-20,지상공도,D40mm 직관부 누수수선,"118,610 ","118,610 ",0 ,0 ,900 ,"1,140 ","1,070 ",290 ,110 ,580 ,390,"1,700",40.0,스텐레스관,직관,노후,7.99,216.0,15,,0 ,0 ,0 ,등록,,2023-05-31,35.8775772,128.6130558
451,20230601-0011,06-01,동구 입석동 539-11,지하공도,D50*13mm 분기점 누수수선,"1,332,470 ","1,332,470 ",0 ,0 ,"19,760 ","25,080 ","23,470 ","6,400 ","2,530 ","12,820 ","3,860","24,730",15.0,PFP관,이형관,노후,540,210.0,108-1,,0 ,0 ,0 ,등록,,2023-06-01,35.8916363,128.6523325
452,20230601-0012,06-01,동구 입석동 539-13,지하사유지,D13mm 계량기 보호통 교체.,"740,350 ","658,450 ","81,900 ",0 ,"9,030 ","11,460 ","10,720 ","2,920 ","1,150 ","5,850 ","1,940","11,990",15.0,계량기보호통(실),계량기보호통,노후,507.36,210.0,108-1,,0 ,0 ,0 ,미등록,폐콘 0.02톤,2023-06-01,35.8916776,128.6521587
454,20230601-0014,06-01,동구 신천동 356-6,지하미누수,확인 터파기 결과 미누수,"1,616,430 ","1,616,430 ",0 ,0 ,"22,480 ","28,540 ","26,700 ","7,290 ","2,870 ","14,580 ","4,600","26,950",,,,,,606.0,44-2,0.2,268 ,236 ,32 ,미등록,폐아 0.7,2023-06-01,35.870414,128.6324176
455,20230601-0028,06-01,동구 신암동 209-39,미누수,출장비 정산(N=3),"167,550 ","167,550 ",0 ,0 ,0 ,0 ,0 ,0 ,0 ,0 ,630,0,,,,,,217.0,18,,,,,미등록,,2023-06-01,35.8798564,128.6201636
457,20230601-0157,06-01,동구 도동 68-7,지상공도,D40*13mm 분기점 누수수선,"426,500 ","426,500 ",0 ,0 ,"4,730 ","6,010 ","5,620 ","1,530 ",600 ,"3,070 ","1,330","7,310",15.0,부분기대,부분기대,노후,0.23,205.0,80,0.0,0 ,0 ,0 ,등록,,2023-06-01,35.9106403,128.6486386
458,20230601-0529,06-01,동구 효목동 87-11,지하사유지,D25mm 계량기 보호통 교체.,"897,040 ","759,340 ","137,700 ",0 ,"10,120 ","12,840 ","12,020 ","3,280 ","1,290 ","6,560 ","2,120","13,880",25.0,계량기보호통(실),계량기보호통,노후,0,214.0,27,,0 ,0 ,0 ,미등록,폐콘 0.6,2023-06-01,35.8866265,128.6416893
460,20230605-0272,06-05,동구 동호동 378-1,지상사유지,D20mm 계량기실 누수수선,"108,440 ","108,440 ",0 ,0 ,410 ,530 ,490 ,130 ,50 ,270 ,380,420,20.0,계량기보호통(실),연결부,노후,,237.0,282,,,,,미등록,,2023-06-05,35.8643466,128.7212441
461,20230607-0002,06-07,동구 검사동 756-93,지하공도,D150*13mm 분기점 누수수선,"369,410 ","369,410 ",0 ,0 ,"5,150 ","6,540 ","6,120 ","1,670 ",650 ,"3,340 ","1,090","5,630",15.0,부분기대,부분기대,노후,936,210.0,108-1,,0 ,0 ,0 ,등록,,2023-06-07,35.886616,128.6597893
464,20230607-0477,06-07,동구 검사동 907-50,지하사유지,D13mm 계량기 보호통 교체.,"1,080,320 ","998,420 ","81,900 ",0 ,"15,090 ","19,160 ","17,930 ","4,890 ","1,930 ","9,790 ","2,850","18,380",15.0,계량기보호통(실),계량기보호통,노후,0,210.0,108-1,,0 ,0 ,0 ,미등록,폐콘 0.1,2023-06-07,35.8897294,128.6533408
466,20230608-0022,06-08,동구 검사동 1033-23,지하사유지,D13mm 계량기 보호통 교체,"599,110 ","517,210 ","81,900 ",0 ,"6,070 ","7,710 ","7,210 ","1,960 ",770 ,"3,940 ","1,530","9,110",15.0,계량기보호통(실),계량기보호통,노후,530.88,210.0,111-1,,0 ,0 ,0 ,미등록,폐콘 0.22톤,2023-06-08,35.8885512,128.6459456
469,20230608-0182,06-08,동구 효목동 276-3,지하사유지,D13mm 계량기 보호통 교체.,"608,600 ","526,700 ","81,900 ",0 ,"7,080 ","8,990 ","8,410 ","2,290 ",900 ,"4,590 ","1,560","9,800",15.0,계량기보호통(실),계량기보호통,노후,0,606.0,35,,0 ,0 ,0 ,미등록,,2023-06-08,35.8789518,128.6325844
470,20230609-0214,06-09,동구 신용동 563-2,지상사유지,D13mm 계량기실 누수수선,"173,980 ","173,980 ",0 ,0 ,"1,640 ","2,090 ","1,950 ",530 ,210 ,"1,060 ",560,"1,650",15.0,계량기보호통(실),접합부,노후,,201.0,54,,,,,미등록,,2023-06-09,35.9812889,128.6466244
473,20230612-0174,06-12,동구 신암동 98-12,지하공도,D40*13mm 분기점 누수수선,"479,300 ","479,300 ",0 ,0 ,"6,250 ","7,930 ","7,420 ","2,020 ",800 ,"4,050 ","1,430","8,970",15.0,PFP관,이형관,노후,425.04,209.0,1,,0 ,0 ,0 ,등록,,2023-06-12,35.8863127,128.634189
474,20230612-0175,06-12,동구 방촌동 934-6,지하공도,D40mm*15mm 분기점 누수수선,"444,200 ","444,200 ",0 ,0 ,"5,020 ","6,370 ","5,960 ","1,620 ",640 ,"3,250 ","1,380","7,670",15.0,부분기대,부분기대,노후,894.24,228.0,125,,0 ,0 ,0 ,등록,,2023-06-12,35.8840584,128.6650317
475,20230612-0208,06-12,동구 효목동 401-4,지상공도,D80mm*25mm 분기점 누수수선,"118,340 ","118,340 ",0 ,0 ,"1,010 ","1,290 ","1,200 ",320 ,120 ,660 ,380,"1,650",25.0,부분기대,부분기대,노후,1.11,606.0,36,,0 ,0 ,0 ,등록,,2023-06-12,35.8754082,128.6348023
476,20230613-0004,06-13,동구 신천동 116-9,기타,D80mm 제수변 잠금,"64,960 ","64,960 ",0 ,0 ,470 ,590 ,560 ,150 ,60 ,300 ,210,460,,,,,,221.0,42,,0 ,0 ,0 ,미등록,,2023-06-13,35.8692686,128.6243636
477,20230613-0196,06-13,동구 사복동 762,지하공도,D50mm 접합부 누수수선,"533,830 ","533,830 ",0 ,0 ,"7,900 ","10,030 ","9,380 ","2,560 ","1,010 ","5,120 ","1,550","7,840",50.0,PFP관,이형관,노후,"3,071.52",236.0,268,,0 ,0 ,0 ,등록,,2023-06-13,35.8690216,128.7543035
478,20230613-0207,06-13,동구 불로동 1063-31,지상공도,D25mm*13mm 분기점 누수 수선,"754,310 ","754,310 ",0 ,0 ,"9,320 ","11,830 ","11,070 ","3,020 ","1,190 ","6,040 ","2,290","14,290",15.0,부분기대,부분기대,노후,0.23,208.0,99,,0 ,0 ,0 ,등록,,2023-06-13,35.8952235,128.6340887
479,20230614-0057,06-14,동구 신암동 605-16,지상사유지,D13mm 인입선 누수 수선,"195,440 ","195,440 ",0 ,0 ,"1,140 ","1,450 ","1,360 ",370 ,140 ,740 ,660,"3,620",15.0,스텐레스관,직관,노후,,211.0,8,,,,,미등록,,2023-06-14,35.8844662,128.6200386
482,20230615-0037,06-15,동구 효목동 444-22,미누수,현장확인 결과 미누수,"40,020 ","40,020 ",0 ,0 ,0 ,0 ,0 ,0 ,0 ,0 ,150,0,,,,,,223.0,46-2,,,,,미등록,,2023-06-15,35.8770783,128.6378833
483,20230616-0003,06-16,동구 도동 342,지하사유지,D13mm 인입선 누수수선,"549,510 ","549,510 ",0 ,0 ,"7,150 ","9,080 ","8,490 ","2,310 ",910 ,"4,640 ","1,650","9,910",15.0,스텐레스관,이형관,노후,435.6,206.0,72,,0 ,0 ,0 ,미등록,,2023-06-16,35.9209286,128.660323
485,20230616-0084,06-16,동구 효목동 438-4,지상사유지,D13mm 계량기 보호통 교체,"842,520 ","760,620 ","81,900 ",0 ,"10,960 ","13,910 ","13,010 ","3,550 ","1,400 ","7,110 ","2,190","14,100",15.0,계량기보호통(실),계량기보호통,노후,,223.0,46-2,,,,,미등록,폐콘 0.1,2023-06-16,35.8758975,128.6381679
487,20230616-0167,06-16,동구 신암동 259-7 라임오피스텔,지상사유지,D40mm 계량기실 누수 수선,"76,670 ","76,670 ",0 ,0 ,680 ,860 ,810 ,220 ,80 ,440 ,250,690,40.0,계량기보호통(실),연결부,노후,,212.0,20,,,,,미등록,,2023-06-16,35.8808213,128.627412
490,20230619-0114,06-19,동구 서호동 67-8,지상공도,D100*13mm 분기점 누수수선,"251,830 ","251,830 ",0 ,0 ,"2,710 ","3,440 ","3,220 ",870 ,340 ,"1,750 ",790,"3,230",15.0,부분기대,부분기대,노후,0.23,233.0,257,0.0,0 ,0 ,0 ,등록,,2023-06-19,35.870769,128.7090632
491,20230620-0003,06-20,동구 불로동 866-2 불로 파크골프장,지상공도,D40mm 직관부 누수 수선,"951,170 ","951,170 ",0 ,0 ,"9,330 ","11,840 ","11,080 ","3,020 ","1,190 ","6,050 ","2,940","12,480",40.0,PE관,직관,노후,7.99,207.0,83,0.1,134 ,118 ,16 ,미등록,폐아스콘 0.4톤 ,2023-06-20,35.9061338,128.6310846
492,20230621-0005,06-21,동구 방촌동 964-36,지상사유지,D13mm 계량기 보호통 교체,"878,990 ","797,090 ","81,900 ",0 ,"11,220 ","14,250 ","13,330 ","3,640 ","1,430 ","7,280 ","2,320","14,660",15.0,계량기보호통(실),계량기보호통,노후,,228.0,125,,,,,미등록,폐콘 0.1,2023-06-21,35.8853574,128.6651131
493,20230623-0411,06-23,동구 동내동 1113-2,지하공도,D80mm 접합부 누수수선,"330,750 ","330,750 ",0 ,0 ,"4,500 ","5,710 ","5,340 ","1,450 ",570 ,"2,920 ",980,"4,550",80.0,변류,접합부,노후,"4,871.04",229.0,207,,0 ,0 ,0 ,등록,,2023-06-23,35.8827842,128.7368384
496,20230626-0013,06-26,동구 방촌동 862-56,지하공도,D25mm*13mm 분기점 누수수선,"774,690 ","774,690 ",0 ,0 ,"7,650 ","9,710 ","9,080 ","2,480 ",970 ,"4,960 ","2,460","15,280",15.0,스텐레스관,이형관,노후,630,228.0,132,,0 ,0 ,0 ,등록,,2023-06-26,35.880915,128.6699448
497,20230626-0063,06-26,동구 부동 630,지상사유지,D13mm 계량기실 누수 수선,"727,220 ","645,320 ","81,900 ",0 ,"8,850 ","11,230 ","10,510 ","2,860 ","1,130 ","5,740 ","1,910","11,750",15.0,계량기보호통(실),계량기보호통,노후,,225.0,110,,,,,미등록,,2023-06-26,35.8946193,128.681951
498,20230626-0384,06-26,동구 내동 23,지상사유지,D13mm 접합부 누수수선,"215,610 ","215,610 ",0 ,0 ,"2,130 ","2,700 ","2,530 ",690 ,270 ,"1,380 ",670,"2,280",15.0,스텐레스관,직관,노후,,201.0,298,0.0,0 ,0 ,0 ,미등록,폐콘 0.1,2023-06-26,35.9736272,128.6634288
499,20230627-0001,06-27,동구 입석동 932-70,지상사유지,D13mm 계량기 보호통 교체,"819,600 ","737,700 ","81,900 ",0 ,"10,210 ","12,960 ","12,130 ","3,310 ","1,300 ","6,620 ","2,150","13,190",15.0,계량기보호통(실),계량기보호통,노후,,210.0,108-1,,,,,미등록,폐콘 0.1,2023-06-27,35.8914827,128.647315
500,20230627-0064,06-27,동구 둔산동 1024,지상사유지,D13mm 계량기보호통 교체,"789,420 ","707,520 ","81,900 ",0 ,"9,690 ","12,300 ","11,510 ","3,140 ","1,240 ","6,280 ","2,080","12,650",15.0,계량기보호통(실),계량기보호통,노후,,226.0,102,,,,,미등록,폐콘 0.1,2023-06-27,35.8981797,128.6715571
501,20230627-0067,06-27,동구 신암동 809-3,지상사유지,D13mm 계량기 보호통 교체,"958,900 ","877,000 ","81,900 ",0 ,"13,050 ","16,560 ","15,500 ","4,230 ","1,670 ","8,460 ","2,510","16,600",15.0,계량기보호통(실),계량기보호통,노후,,211.0,6,,,,,미등록,폐콘 0.1,2023-06-27,35.881906,128.6135478
504,20230629-0002,06-29,동구 방촌동 1055-14,지상사유지,D13mm 계량기 보호통 교체,"707,860 ","625,960 ","81,900 ",0 ,"8,280 ","10,510 ","9,830 ","2,680 ","1,060 ","5,370 ","1,850","11,070",15.0,계량기보호통(실),계량기보호통,노후,,227.0,124-2,,,,,미등록,폐콘 0.1,2023-06-29,35.8827627,128.6619296
506,20230629-0240,06-29,동구 효목동 189-16,지상사유지,D13mm 계량기보호통 교체,"702,740 ","620,840 ","81,900 ",0 ,"8,760 ","11,130 ","10,410 ","2,840 ","1,120 ","5,680 ","1,800","11,620",15.0,계량기보호통(실),계량기보호통,노후,,213.0,38,,,,,미등록,폐콘 0.1,2023-06-29,35.8793314,128.6461355
507,20230630-0254,06-30,동구 신천동 824-7,지상사유지,D13mm 계량기보호통 교체,"824,130 ","742,230 ","81,900 ",0 ,"10,730 ","13,620 ","12,740 ","3,470 ","1,370 ","6,960 ","2,140","13,710",15.0,계량기보호통(실),계량기보호통,노후,,220.0,48,,,,,미등록,폐콘 0.1,2023-06-30,35.8681791,128.6154528
390,20230502-0004,05-02,동구 신평동 777-5,지하사유지,D13mm 캡 설치,"826,290 ","826,290 ",0 ,0 ,"8,160 ","10,360 ","9,690 ","2,640 ","1,040 ","5,290 ","2,570","10,200",15.0,스텐레스관,이형관,노후,406.56,226.0,133,0.2,268 ,236 ,32 ,미등록,폐아스팔트 0.3톤,2023-05-02,35.877863,128.6770393
453,20230601-0013,06-01,동구 입석동 911-10,지하미누수,터파기 결과 미누수,"1,043,230 ","1,043,230 ",0 ,0 ,"11,630 ","14,760 ","13,810 ","3,770 ","1,480 ","7,540 ","3,140","14,610",,,,,,210.0,108-1,0.1,134 ,118 ,16 ,미등록,폐아스팔트 0.5톤,2023-06-01,35.8914543,128.6519037
462,20230607-0003,06-07,동구 검사동 955-16,지하사유지,D13mm 인입선 누수수선,"1,374,020 ","1,374,020 ",0 ,0 ,"16,480 ","20,920 ","19,570 ","5,340 ","2,110 ","10,690 ","4,100","21,850",15.0,스텐레스관,이형관,노후,"2,957.76",210.0,108-1,0.2,268 ,236 ,32 ,미등록,폐아 0.5,2023-06-07,35.8848696,128.657568
480,20230614-0233,06-14,동구 방촌동 857-161,지상사유지,D20mm 계량기 보호통 교체,"807,320 ","695,720 ","111,600 ",0 ,"9,640 ","12,240 ","11,450 ","3,120 ","1,230 ","6,250 ","2,030","12,590",20.0,계량기보호통(실),계량기보호통,노후,,226.0,133,0.0,0 ,0 ,0 ,미등록,폐콘 0.1,2023-06-14,35.8801396,128.6733616
486,20230616-0099,06-16,동구 신암동 216-7 올포유,지상사유지,D13mm 앵글밸브 누수수선,"70,370 ","70,370 ",0 ,0 ,560 ,710 ,670 ,180 ,70 ,360 ,230,570,15.0,계량기보호통(실),앵글밸브,노후,,217.0,18,0.0,0 ,0 ,0 ,미등록,,2023-06-16,35.8823938,128.6209813
489,20230617-0007,06-17,동구 부동 595-29,지상사유지,D13mm 계량기 보호통 교체,"711,980 ","630,080 ","81,900 ",0 ,"8,570 ","10,880 ","10,180 ","2,780 ","1,090 ","5,560 ","1,840","11,300",15.0,계량기보호통(실),계량기보호통,노후,,225.0,110,,,,,미등록,페콘 0.1,2023-06-17,35.8941844,128.683109
494,20230626-0010,06-26,동구 신천동 41-19,지하공도,D50mm * 15mm 분기점 누수 수선,"1,168,870 ","1,168,870 ",0 ,0 ,"13,920 ","17,670 ","16,530 ","4,510 ","1,780 ","9,030 ","3,470","19,540",15.0,부분기대,부분기대,노후,"1,286.16",219.0,30,0.2,268 ,236 ,32 ,등록,폐아스팔트 0.5톤,2023-06-26,35.8767509,128.6221889
495,20230626-0011,06-26,동구 신천동 37,지하공도,D50mm * 15mm 분기점 누수 수선,"1,024,500 ","1,024,500 ",0 ,0 ,"10,950 ","13,900 ","13,000 ","3,550 ","1,400 ","7,100 ","3,130","15,710",15.0,부분기대,부분기대,노후,971.52,219.0,30,0.1,134 ,118 ,16 ,등록,폐아스팔트 0.35톤,2023-06-26,35.876885,128.621561
502,20230628-0012,06-28,동구 신천동 33-4,지하사유지,D13mm 계량기 보호통 교체,"774,750 ","692,850 ","81,900 ",0 ,"10,060 ","12,770 ","11,950 ","3,260 ","1,280 ","6,520 ","1,990","12,960",15.0,계량기보호통(실),계량기보호통,노후,0,219.0,30,,0 ,0 ,0 ,미등록,폐콘 0.1,2023-06-28,35.8768841,128.6210108
503,20230628-0430,06-28,동구 신암동 785-20,지하사유지,D13mm 계량기 보호통 교체,"704,450 ","622,550 ","81,900 ",0 ,"8,880 ","11,270 ","10,550 ","2,880 ","1,130 ","5,760 ","1,810","11,690",15.0,계량기보호통(실),계량기보호통,노후,598.08,211.0,6,,0 ,0 ,0 ,미등록,폐콘 0.03톤,2023-06-28,35.8837951,128.6154798
505,20230629-0190,06-29,동구 신암동 73-13,지상사유지,D13mm 계량기보호통 교체,"770,540 ","688,640 ","81,900 ",0 ,"9,900 ","12,570 ","11,760 ","3,210 ","1,260 ","6,420 ","1,990","12,910",15.0,계량기보호통(실),계량기보호통,노후,,209.0,1,,,,,미등록,폐콘 0.1,2023-06-29,35.8897056,128.6334144
508,20230703-0298,07-03,동구 방촌동 1084-511,지하공도,D50mm*15mm 분기점 누수수선,"1,004,860 ","1,004,860 ",0 ,0 ,"9,950 ","12,630 ","11,820 ","3,220 ","1,270 ","6,450 ","3,130","14,450",15.0,부분기대,부분기대,노후,999.12,227.0,124-2,0.2,268 ,236 ,32 ,등록,폐아스팔트 0.3톤,2023-07-03,35.8781882,128.665289
509,20230703-0093,07-03,동구 용계동 616,지상사유지,D13mm 인입선 누수수선,"146,750 ","146,750 ",0 ,0 ,810 ,"1,030 ",960 ,260 ,100 ,520 ,500,"1,270",15.0,스텐레스관,이형관,노후,,231.0,246,,,,,미등록,,2023-07-03,35.8737846,128.6830598
512,20230704-0396,07-04,동구 신천동 296-2,지하공도,D150mm 제수변 스핀들 누수수선,"80,490 ","80,490 ",0 ,0 ,750 ,950 ,890 ,240 ,90 ,480 ,260,760,150.0,변류,접합부,볼트이완,"93,972.48",222.0,43,,0 ,0 ,0 ,등록,,2023-07-04,35.8715429,128.6266807
514,20230705-0013,07-05,동구 신기동 268-6,지상사유지,D20mm 계량기실 누수수선,"930,630 ","819,030 ","111,600 ",0 ,"11,300 ","14,350 ","13,430 ","3,660 ","1,440 ","7,330 ","2,400","14,560",20.0,계량기보호통(실),계량기보호통,노후,,233.0,251,,,,,미등록,폐콘 0.1,2023-07-05,35.8697822,128.703969
517,20230705-0415,07-05,동구 신천동 149-41,미누수,출장비정산(N=1),"40,370 ","40,370 ",0 ,0 ,0 ,0 ,0 ,0 ,0 ,0 ,150,0,,,,,,221.0,49,,0 ,0 ,0 ,미등록,,2023-07-05,35.8680433,128.6228727
519,20230705-0498,07-05,동구 방촌동 728-3,지상사유지,D13mm 계량기 보호통 교체,"712,730 ","630,830 ","81,900 ",0 ,"8,550 ","10,850 ","10,150 ","2,770 ","1,090 ","5,540 ","1,870","11,490",15.0,계량기보호통(실),계량기보호통,노후,,228.0,123-2,,,,,미등록,,2023-07-05,35.8869042,128.664387
520,20230706-0003,07-06,동구 사복동 718,지하공도,D50mm*13mm 분기점 누수수선,"773,340 ","773,340 ",0 ,0 ,"6,830 ","8,670 ","8,110 ","2,210 ",870 ,"4,430 ","2,460","9,810",15.0,부분기대,부분기대,노후,"1,026.72",236.0,270,0.1,134 ,118 ,16 ,등록,폐아스팔트 0.2톤,2023-07-06,35.8676699,128.7519071
521,20230706-0004,07-06,동구 금강동 589-2,지하사유지,D13mm 직관부 누수수선,"504,950 ","504,950 ",0 ,0 ,"3,210 ","4,070 ","3,810 ","1,040 ",410 ,"2,080 ","1,710","6,090",15.0,스텐레스관,직관,노후,"2,098.08",236.0,285,,0 ,0 ,0 ,미등록,폐콘크리트 0.04톤,2023-07-06,35.8631186,128.7352058
523,20230708-0006,07-08,동구 효목동 286-8,지상사유지,D13mm 계량기실 누수수선,"60,210 ","60,210 ",0 ,0 ,370 ,470 ,440 ,120 ,40 ,240 ,200,380,15.0,계량기보호통(실),접합부,노후,,606.0,35,,,,,미등록,,2023-07-08,35.878678,128.6329098
526,20230710-0125,07-10,동구 율암동 359-6,지상사유지,D13mm 인입선 누수수선,"1,363,200 ","1,363,200 ",0 ,0 ,"14,270 ","18,120 ","16,960 ","4,620 ","1,820 ","9,260 ","4,180","19,660",15.0,스텐레스관,이형관,노후,,230.0,201,0.2,268 ,236 ,32 ,미등록,"폐콘 0.1, 폐아 0.4",2023-07-10,35.8763342,128.7059151
527,20230710-0347,07-10,동구 신평동 771-21 102동,노후관교체공사,"노후배수관 교체공사(HIVP D100mm, L=72m)","34,482,700 ","7,054,320 ","2,083,380 ","25,345,000 ","75,570 ","95,930 ","89,760 ","24,500 ","9,680 ","49,030 ","18,770","97,000",,,,,,226.0,133,3.1,"4,159 ","3,658 ",501 ,미등록,폐아 13.5,2023-07-10,35.8788691,128.6772285
528,20230710-0365,07-10,동구 율암동 297-1,지하사유지,D13mm 인입선 누수 수선,"422,620 ","422,620 ",0 ,0 ,"4,100 ","5,210 ","4,870 ","1,330 ",520 ,"2,660 ","1,350","6,920",15.0,스텐레스관,이형관,부식,0,230.0,201,,0 ,0 ,0 ,미등록,,2023-07-10,35.8786919,128.704887
529,20230710-0375,07-10,동구 신서동 550-5 뉴하모니,지하공도,D100*32mm 분기점 누수수선,"1,523,240 ","1,523,240 ",0 ,0 ,"16,620 ","21,090 ","19,740 ","5,380 ","2,120 ","10,780 ","4,660","23,420",32.0,부분기대,부분기대,노후,0,237.0,261-2,0.2,268 ,236 ,32 ,등록,폐아스팔트 0.5톤,2023-07-10,35.8699143,128.731866
532,20230713-0002,07-13,동구 효목동 191-29,지하사유지,D13mm 인입선 누수수선,"289,450 ","289,450 ",0 ,0 ,"4,380 ","5,560 ","5,210 ","1,420 ",560 ,"2,840 ",830,"4,730",15.0,스텐레스관,이형관,노후,694.8,213.0,38,,0 ,0 ,0 ,미등록,,2023-07-13,35.8792127,128.645293
533,20230713-0003,07-13,동구 효목동 170-5,지하공도,D80*13mm 구분기점 누수수선,"1,081,280 ","1,081,280 ",0 ,0 ,"13,600 ","17,260 ","16,150 ","4,410 ","1,740 ","8,820 ","3,160","16,850",15.0,부분기대,부분기대,노후,"1,474.56",213.0,38,0.2,268 ,236 ,32 ,등록,폐아 0.5,2023-07-13,35.879748,128.6478937
534,20230713-0006,07-13,동구 용계동 70,지상사유지,D13mm 계량기실 누수수선,"106,240 ","106,240 ",0 ,0 ,370 ,470 ,440 ,120 ,40 ,240 ,380,380,15.0,계량기보호통(실),접합부,노후,,232.0,225,,,,,미등록,,2023-07-13,35.8756302,128.6956627
535,20230713-0020,07-13,동구 신서동 585,지상공도,D100mm 소화전 누수수선,"3,674,420 ","2,874,420 ","800,000 ",0 ,"32,350 ","41,060 ","38,420 ","10,480 ","4,140 ","20,990 ","8,920","54,770",100.0,기타,기타,노후,12,237.0,284-1,0.0,0 ,0 ,0 ,등록,,2023-07-13,35.8642087,128.7339645
536,20230713-0050,07-13,동구 방촌동 1113-168,지상사유지,D13mm 계량기 보호통 교체,"830,620 ","748,720 ","81,900 ",0 ,"10,360 ","13,160 ","12,310 ","3,360 ","1,320 ","6,720 ","2,190","13,420",15.0,계량기보호통(실),계량기보호통,노후,,227.0,138,,,,,미등록,폐콘 0.1,2023-07-13,35.8786392,128.6704114
537,20230713-0126,07-13,동구 방촌동 1078-27,노후관교체공사,"노후배수관 교체공사(HIVP D80mm, L=123m)","17,390,770 ","15,386,270 ","2,004,500 ",0 ,"220,170 ","279,480 ","261,510 ","71,380 ","28,200 ","142,840 ","44,970","278,740",,,,,,227.0,124-2,1.9,"2,549 ","2,242 ",307 ,미등록,폐아 0.4,2023-07-13,35.8783255,128.6612305
539,20230717-0368,07-17,동구 신암동 603-132,지하사유지,D20mm 계량기 보호통 교체,"990,060 ","878,460 ","111,600 ",0 ,"12,870 ","16,340 ","15,290 ","4,170 ","1,640 ","8,350 ","2,520","16,670",20.0,계량기보호통(실),계량기보호통,노후,0,211.0,8,,0 ,0 ,0 ,미등록,폐콘 0.1,2023-07-17,35.8826572,128.6204664
541,20230718-0045,07-18,동구 효목동 171-16,지하사유지,D13mm 인입선 누수수선,"334,850 ","334,850 ",0 ,0 ,"3,550 ","4,500 ","4,210 ","1,150 ",450 ,"2,300 ","1,050","6,270",15.0,스텐레스관,이형관,노후,709.2,213.0,38,,0 ,0 ,0 ,미등록,,2023-07-18,35.8802625,128.6477327
542,20230718-0046,07-18,동구 효목동 202-22,지하미누수,확인 터파기 결과 미누수,"152,730 ","152,730 ",0 ,0 ,"1,900 ","2,420 ","2,260 ",610 ,240 ,"1,230 ",460,"1,990",,,,,,213.0,38,,,,,미등록,,2023-07-18,35.878186,128.6480464
548,20230720-0131,07-20,동구 지저동 716-10,지하사유지,D15mm 계량기 보호통 교체,"798,390 ","716,490 ","81,900 ",0 ,"9,900 ","12,570 ","11,760 ","3,210 ","1,260 ","6,420 ","2,090","12,760",15.0,계량기보호통(실),계량기보호통,노후,0,208.0,92,,0 ,0 ,0 ,미등록,폐콘 0.1,2023-07-20,35.8957632,128.6368475
549,20230720-0023,07-20,동구 효목동 119-43,지하공도,D80*13mm 분기점 누수수선,"1,326,750 ","1,326,750 ",0 ,0 ,"16,960 ","21,530 ","20,150 ","5,500 ","2,170 ","11,000 ","3,890","21,940",15.0,부분기대,부분기대,노후,"2,053.68",213.0,26,0.2,268 ,236 ,32 ,등록,폐아 0.5,2023-07-20,35.8843198,128.6414224
553,20230724-0024,07-24,동구 효목동 50-41,지하공도,D40*13mm 분기점 누수수선,"1,027,100 ","1,027,100 ",0 ,0 ,"13,030 ","16,540 ","15,470 ","4,220 ","1,660 ","8,450 ","3,000","15,860",15.0,PFP관,이형관,노후,"1,900.08",213.0,24,0.1,134 ,118 ,16 ,등록,폐아 0.4,2023-07-24,35.8831892,128.6387796
559,20230726-0001,07-26,동구 효목동 140-17,지하공도,D25mm 직관부 누수수선,"790,580 ","790,580 ",0 ,0 ,"10,590 ","13,440 ","12,570 ","3,430 ","1,350 ","6,870 ","2,350","14,390",25.0,PE관,직관,노후,"5,953.2",213.0,26,,0 ,0 ,0 ,등록,,2023-07-26,35.8821661,128.6429327
562,20230727-0004,07-27,동구 신암동 331-3,지상사유지,D = 20mm 계량기실 누수수선,"140,800 ","140,800 ",0 ,0 ,"1,880 ","2,390 ","2,240 ",610 ,240 ,"1,220 ",420,"1,890",20.0,계량기보호통(실),접합부,노후,,212.0,20,,,,,미등록,,2023-07-27,35.8830088,128.6306061
329,20230404-0002,04-04,동구 율하동 875-6,지하공도,D100*13mm 구분기점 폐쇄,"1,168,330 ","1,168,330 ",0 ,0 ,"12,190 ","15,470 ","14,470 ","3,950 ","1,560 ","7,900 ","3,610","16,360",15.0,부분기대,부분기대,노후,513.36,233.0,250,0.1,134 ,118 ,16 ,등록,폐아 0.34톤,2023-04-04,35.8699266,128.69349
375,20230424-0497,04-24,동구 방촌동 1084-664,지하공도,D50mm 직관부 누수수선,"1,665,660 ","1,665,660 ",0 ,0 ,"23,290 ","29,560 ","27,660 ","7,550 ","2,980 ","15,110 ","4,700","29,020",50.0,스텐레스관,직관,노후,"34,632.24",227.0,138,,0 ,0 ,0 ,등록,폐콘 0.83톤,2023-04-24,35.8772086,128.6673832
406,20230509-0041,05-09,동구 지저동 662-21,지하공도,D25mm 직관부 누수수선,"920,920 ","920,920 ",0 ,0 ,"8,730 ","11,090 ","10,370 ","2,830 ","1,110 ","5,660 ","2,880","11,240",25.0,스텐레스관,직관,노후,"6,850.56",208.0,101-2,0.2,268 ,236 ,32 ,등록,폐아 0.34톤,2023-05-09,35.8964747,128.6411456
433,20230524-0097,05-24,동구 신암동 459-1,지상공도,D40mm 직관부 누수수선,"357,450 ","357,450 ",0 ,0 ,"3,730 ","4,740 ","4,430 ","1,210 ",470 ,"2,420 ","1,130","5,480",40.0,스텐레스관,직관,노후,7.99,216.0,16-2,0.0,0 ,0 ,0 ,등록,,2023-05-24,35.8780743,128.6139752
437,20230525-0005,05-25,동구 입석동 866-2,지하미누수,터파기 확인 결과 미누수,"1,417,590 ","1,417,590 ",0 ,0 ,"17,570 ","22,300 ","20,870 ","5,690 ","2,250 ","11,400 ","4,140","22,240",,,,,,210.0,108-1,0.3,403 ,354 ,49 ,미등록,폐아 0.71톤,2023-05-25,35.8931454,128.6489659
484,20230616-0004,06-16,동구 도동 343-1,지하공도,D25mm 직관부 누수수선,"415,740 ","415,740 ",0 ,0 ,"4,040 ","5,130 ","4,800 ","1,310 ",510 ,"2,620 ","1,320","7,580",25.0,스텐레스관,직관,노후,"8,884.32",206.0,72,,0 ,0 ,0 ,등록,,2023-06-16,35.9212285,128.6605658
531,20230712-0225,07-12,동구 신평동 520,지하공도,D25mm 직관부 누수수선,"242,940 ","242,940 ",0 ,0 ,"3,050 ","3,870 ","3,620 ",980 ,390 ,"1,980 ",730,"3,500",25.0,스텐레스관,직관,노후,"10,275.84",226.0,117,,0 ,0 ,0 ,등록,,2023-07-12,35.8827019,128.6783138
540,20230718-0044,07-18,동구 효목동 194-74,지하사유지,D13mm 인입선 누수수선,"463,250 ","463,250 ",0 ,0 ,"5,790 ","7,340 ","6,870 ","1,870 ",740 ,"3,750 ","1,370","8,620",15.0,스텐레스관,기타,부식,0,213.0,38,,0 ,0 ,0 ,미등록,폐콘 0.1,2023-07-18,35.8793005,128.6443353
543,20230718-0228,07-18,동구 신암동 113-12,지상사유지,D13mm 계량기 보호통 교체,"749,120 ","667,220 ","81,900 ",0 ,"9,610 ","12,200 ","11,410 ","3,110 ","1,230 ","6,230 ","1,930","12,500",15.0,계량기보호통(실),계량기보호통,노후,,209.0,1,,,,,미등록,폐콘 0.1,2023-07-18,35.8865423,128.6326739
547,20230720-0024,07-20,동구 효목동 131-14,지하사유지,D13mm 계량기 보호통 교체,"748,870 ","666,970 ","81,900 ",0 ,"9,610 ","12,200 ","11,410 ","3,110 ","1,230 ","6,230 ","1,930","12,500",15.0,계량기보호통(실),계량기보호통,노후,0,213.0,26,,0 ,0 ,0 ,미등록,폐콘 0.1,2023-07-20,35.8841819,128.6418215
552,20230724-0022,07-24,동구 효목동 50-35,지하사유지,D13mm 계량기 보호통 교체,"1,071,550 ","989,650 ","81,900 ",0 ,"15,650 ","19,870 ","18,590 ","5,070 ","2,000 ","10,150 ","2,790","18,560",15.0,계량기보호통(실),계량기보호통,노후,0,213.0,24,,0 ,0 ,0 ,미등록,폐콘 0.1,2023-07-24,35.8829925,128.6384142
555,20230724-0244,07-24,동구 효목동 87-7,지상사유지,D13mm 계량기 보호통 교체,"846,250 ","764,350 ","81,900 ",0 ,"11,090 ","14,080 ","13,170 ","3,590 ","1,420 ","7,190 ","2,200","14,270",15.0,계량기보호통(실),계량기보호통,노후,,214.0,27,,,,,미등록,폐콘 0.1,2023-07-24,35.8869081,128.6414754
556,20230724-0419,07-24,동구 효목동 196-4,지하미누수,확인 터파기 결과 하수도,"104,760 ","104,760 ",0 ,0 ,"1,160 ","1,480 ","1,380 ",370 ,140 ,750 ,320,"1,210",,,,,,213.0,38,,,,,미등록,,2023-07-24,35.8776279,128.6452808
565,20230731-0003,07-31,동구 미대동 268,지하공도,D25*15mm 구분기점 누수수선,"986,620 ","986,620 ",0 ,0 ,"8,710 ","11,060 ","10,350 ","2,820 ","1,110 ","5,650 ","3,140","13,780",15.0,스텐레스관,이형관,노후,"1,965.6",201.0,300,0.1,134 ,118 ,16 ,등록,폐아 0.3,2023-07-31,35.9597582,128.6689745
566,20230731-0011,07-31,동구 효목동 86-2,지하공도,D80*13mm 구분기점 누수수선,"656,630 ","656,630 ",0 ,0 ,"7,200 ","9,140 ","8,550 ","2,330 ",920 ,"4,670 ","2,000","9,050",15.0,부분기대,부분기대,노후,"1,260",213.0,26,0.1,134 ,118 ,16 ,등록,폐아 0.2,2023-07-31,35.8862079,128.6411413
568,20230801-0131,08-01,동구 신암동 88-14,지상사유지,D13mm 인입선 누수수선,"106,780 ","106,780 ",0 ,0 ,890 ,"1,130 ","1,050 ",280 ,110 ,570 ,350,"1,390",15.0,스텐레스관,직관,노후,,209.0,1,,,,,미등록,,2023-08-01,35.8891907,128.6324032
571,20230801-0398,08-01,동구 신암동 620-26 고인돌,지하사유지,D13mm 계량기 보호통 교체,"1,293,710 ","1,211,810 ","81,900 ",0 ,"19,110 ","24,260 ","22,700 ","6,190 ","2,440 ","12,400 ","3,410","22,840",15.0,계량기보호통(실),계량기보호통,노후,0,211.0,9,,0 ,0 ,0 ,미등록,폐콘 0.1,2023-08-01,35.8858205,128.6259054
572,20230801-0401,08-01,동구 신암동 259-27,지하사유지,D13mm 계량기 보호통 교체,"680,800 ","598,900 ","81,900 ",0 ,"8,460 ","10,740 ","10,050 ","2,740 ","1,080 ","5,490 ","1,740","11,170",15.0,계량기보호통(실),계량기보호통,노후,0,212.0,20,,0 ,0 ,0 ,미등록,폐콘 0.1,2023-08-01,35.8813025,128.6268189
576,20230804-0384,08-04,동구 덕곡동 513,지하사유지,D13mm 계량기 보호통 교체,"847,260 ","765,360 ","81,900 ",0 ,"10,420 ","13,230 ","12,370 ","3,370 ","1,330 ","6,760 ","2,250","13,550",15.0,계량기보호통(실),계량기보호통,노후,0,201.0,54,,0 ,0 ,0 ,미등록,폐콘 0.1,2023-08-04,35.984336,128.6179696
577,20230805-0004,08-05,동구 방촌동 1044-41,지상사유지,D13mm 계량기 보호통 교체,"771,460 ","689,560 ","81,900 ",0 ,"9,610 ","12,200 ","11,410 ","3,110 ","1,230 ","6,230 ","2,010","12,480",15.0,계량기보호통(실),계량기보호통,노후,,227.0,124-2,,,,,미등록,폐콘 0.1,2023-08-05,35.8807898,128.659415
578,20230806-0019,08-06,동구 신서동 479 480-8,지상사유지,D20mm 계량기 보호통 교체,"971,040 ","859,440 ","111,600 ",0 ,"11,600 ","14,730 ","13,780 ","3,760 ","1,480 ","7,530 ","2,520","15,160",20.0,계량기보호통(실),계량기보호통,노후,,235.0,236,,,,,미등록,폐아 0.1,2023-08-06,35.8716792,128.7325664
581,20230807-0145,08-07,동구 동호동 366-4,지상공도,D100*20mm 분기점 누수수선,"435,850 ","435,850 ",0 ,0 ,"4,410 ","5,600 ","5,240 ","1,430 ",560 ,"2,860 ","1,380","7,140",20.0,부분기대,부분기대,노후,0.86,237.0,260-2,,0 ,0 ,0 ,등록,,2023-08-07,35.8674966,128.7236633
584,20230809-0099,08-09,동구 신천동 672-4,지하사유지,D13mm 계량기 보호통 교체,"795,700 ","713,800 ","81,900 ",0 ,"10,570 ","13,410 ","12,550 ","3,420 ","1,350 ","6,850 ","2,050","13,340",15.0,계량기보호통(실),계량기보호통,노후,0,220.0,48,,0 ,0 ,0 ,미등록,폐콘 0.1,2023-08-09,35.8700476,128.6193139
585,20230809-0233,08-09,동구 불로동 406,지상사유지,D13mm 계량기 보호통 교체,"674,340 ","592,440 ","81,900 ",0 ,"7,970 ","10,120 ","9,470 ","2,580 ","1,020 ","5,170 ","1,740","10,590",15.0,계량기보호통(실),계량기보호통,노후,,204.0,76,,,,,미등록,폐콘 0.1,2023-08-09,35.911324,128.6405216
588,20230811-0027,08-11,동구 신평동 289,지상사유지,D13mm 계량기실 누수수선,"177,350 ","177,350 ",0 ,0 ,"1,940 ","2,470 ","2,310 ",630 ,240 ,"1,260 ",540,"2,090",15.0,계량기보호통(실),계량기보호실,노후,,226.0,135,,,,,미등록,폐콘 0.1,2023-08-11,35.8802344,128.6847079
594,20230816-0002,08-16,동구 신천동 116-9,지상공도,D80mm 구분기점 누수수선,"635,420 ","635,420 ",0 ,0 ,"7,090 ","9,000 ","8,420 ","2,290 ",900 ,"4,600 ","1,920","8,890",15.0,부분기대,부분기대,노후,0.25,221.0,42,0.0,0 ,0 ,0 ,등록,폐아 0.2,2023-08-16,35.8692686,128.6243636
595,20230816-0004,08-16,동구 내동 99,지하공도,D50*13mm 분기점 누수수선,"1,036,060 ","1,036,060 ",0 ,0 ,"10,570 ","13,420 ","12,560 ","3,420 ","1,350 ","6,860 ","3,210","14,080",15.0,스텐레스관,이형관,노후,"2,115.36",201.0,298,,0 ,0 ,0 ,등록,폐아 0.3,2023-08-16,35.9702831,128.661242
600,20230818-0014,08-18,동구 불로동 190-4,지상사유지,D13mm 계량기 보호통 교체,"787,950 ","706,050 ","81,900 ",0 ,"9,520 ","12,080 ","11,300 ","3,080 ","1,210 ","6,170 ","2,070","12,600",15.0,계량기보호통(실),계량기보호통,노후,,204.0,76,,,,,미등록,폐콘 0.1,2023-08-18,35.9106045,128.6384527
601,20230819-0014,08-19,동구 둔산동 206-1,지상사유지,D13mm 계량기 보호통 교체,"614,860 ","532,960 ","81,900 ",0 ,"6,920 ","8,790 ","8,220 ","2,240 ",880 ,"4,490 ","1,600","9,570",15.0,계량기보호통(실),계량기보호실,노후,,225.0,98,,,,,미등록,,2023-08-19,35.9005649,128.686901
604,20230821-0053,08-21,동구 내곡동 277,미누수,출장비정산(N=1),"86,770 ","86,770 ",0 ,0 ,0 ,0 ,0 ,0 ,0 ,0 ,320,0,,,,,,236.0,211,,,,,미등록,,2023-08-21,35.8865484,128.759497
606,20230822-0009,08-22,동구 둔산동 508-1,지하공도,D100*13mm 분기점 누수수선,"1,201,550 ","1,201,550 ",0 ,0 ,"14,600 ","18,540 ","17,350 ","4,730 ","1,870 ","9,470 ","3,570","18,870",15.0,부분기대,부분기대,노후,"2,404.56",225.0,104,0.1,134 ,118 ,16 ,등록,폐아 0.4,2023-08-22,35.8986845,128.6810108
611,20230823-0210,08-23,동구 둔산동 163-1,지하공도,D25mm 직관부 누수수선,"577,730 ","577,730 ",0 ,0 ,"6,660 ","8,450 ","7,910 ","2,150 ",850 ,"4,320 ","1,710","10,330",25.0,스텐레스관,직관,노후,"6,766.32",225.0,98,,0 ,0 ,0 ,등록,폐콘 0.3,2023-08-23,35.9006097,128.6873252
612,20230823-0212,08-23,동구 둔산동 214-3,지하공도,D80*13mm 분기점 누수수선,"1,016,700 ","1,016,700 ",0 ,0 ,"10,950 ","13,910 ","13,010 ","3,550 ","1,400 ","7,100 ","3,110","14,520",15.0,부분기대,부분기대,노후,"1,789.44",225.0,98,0.1,134 ,118 ,16 ,등록,폐아 0.4,2023-08-23,35.9001247,128.6873908
613,20230825-0408,08-25,동구 신천동 805-1,지상공도,D40*13mm 분기점 누수수선,"450,800 ","450,800 ",0 ,0 ,"4,870 ","6,180 ","5,780 ","1,570 ",620 ,"3,150 ","1,410","7,470",15.0,PFP관,이형관,노후,0.19,220.0,48,,0 ,0 ,0 ,등록,,2023-08-25,35.8696975,128.6179899
614,20230825-0501,08-25,동구 봉무동 169,지상사유지,D13mm 계량기 보호통 교체,"658,130 ","576,230 ","81,900 ",0 ,"7,700 ","9,770 ","9,140 ","2,490 ",980 ,"4,990 ","1,720","10,390",15.0,계량기보호통(실),계량기보호실,노후,,203.0,59,,,,,미등록,,2023-08-25,35.93197,128.644063
616,20230826-0037,08-26,동구 신암동 642-23,지상공도,D25*13mm 분기점 누수수선(N=2),"524,020 ","524,020 ",0 ,0 ,"5,740 ","7,280 ","6,810 ","1,860 ",730 ,"3,720 ","1,630","10,350",15.0,스텐레스관,이형관,노후,0,211.0,3,0.0,0 ,0 ,0 ,등록,,2023-08-26,35.8868553,128.6189326
617,20230828-0001,08-28,동구 부동 524-2,지상공도,D40mm 직관부 누수수선,"804,680 ","804,680 ",0 ,0 ,"10,960 ","13,910 ","13,020 ","3,550 ","1,400 ","7,110 ","2,390","12,190",40.0,PE관,직관,노후,4.33,226.0,117,0.0,0 ,0 ,0 ,미등록,,2023-08-28,35.8886562,128.6796115
624,20230829-0242,08-29,동구 방촌동 862-7,지상사유지,D13mm 계량기 보호통 교체,"712,830 ","630,930 ","81,900 ",0 ,"8,500 ","10,790 ","10,100 ","2,750 ","1,080 ","5,510 ","1,850","11,350",15.0,계량기보호통(실),계량기보호통,노후,,228.0,132,,,,,미등록,폐콘 0.1,2023-08-29,35.8817395,128.6692345
627,20230831-0340,08-31,동구 방촌동 1072-4,지상사유지,D13mm 계량기실 누수수선,"310,750 ","310,750 ",0 ,0 ,"4,350 ","5,520 ","5,170 ","1,410 ",550 ,"2,820 ",910,"4,760",15.0,계량기보호통(실),계량기보호실,노후,,227.0,124-2,,,,,미등록,,2023-08-31,35.8815808,128.6622642
440,20230526-0006,05-26,동구 신천동 372-4,지하공도,D50*13mm 분기점 누수수선,"899,000 ","899,000 ",0 ,0 ,"11,060 ","14,030 ","13,130 ","3,580 ","1,410 ","7,170 ","2,640","14,720",15.0,PFP관,이형관,노후,898.56,222.0,34,0.1,134 ,118 ,16 ,등록,폐콘 0.35 폐아 0.05,2023-05-26,35.8731998,128.6292736
511,20230704-0043,07-04,동구 신암동 708-125,지하공도,D40*13mm 분기점 누수수선,"421,770 ","421,770 ",0 ,0 ,"4,310 ","5,480 ","5,120 ","1,390 ",550 ,"2,800 ","1,330","6,890",15.0,부분기대,부분기대,노후,"1,015.68",211.0,2,,0 ,0 ,0 ,등록,,2023-07-04,35.8855316,128.6158599
516,20230705-0309,07-05,동구 신천동 841-10,지상사유지,D32mm 계량기실 누수수선,"140,800 ","140,800 ",0 ,0 ,"1,880 ","2,390 ","2,240 ",610 ,240 ,"1,220 ",420,"1,890",32.0,계량기보호통(실),연결부,부식,,220.0,48,,,,,미등록,,2023-07-05,35.8682193,128.6178599
538,20230717-0228,07-17,동구 신암동 709-5,지상사유지,D13mm 계량기 보호통 교체,"742,570 ","660,670 ","81,900 ",0 ,"9,540 ","12,110 ","11,330 ","3,090 ","1,220 ","6,190 ","1,910","12,360",15.0,계량기보호통(실),계량기보호통,부식,,211.0,2,,,,,미등록,폐콘 0.07,2023-07-17,35.8865734,128.6175219
554,20230724-0185,07-24,동구 신천동 115-3,지하공도,D80*13mm 구분기점 누수수선,"914,310 ","914,310 ",0 ,0 ,"10,930 ","13,880 ","12,980 ","3,540 ","1,400 ","7,090 ","2,720","13,800",15.0,부분기대,부분기대,노후,"1,559.04",221.0,42,0.2,268 ,236 ,32 ,등록,폐아 0.35,2023-07-24,35.8691218,128.6247897
569,20230801-0223,08-01,동구 서호동 77-2,지상사유지,D13mm 계량기실 누수수선,"106,240 ","106,240 ",0 ,0 ,370 ,470 ,440 ,120 ,40 ,240 ,380,380,15.0,계량기보호통(실),연결부,노후,,233.0,251,,,,,미등록,,2023-08-01,35.870116,128.7082656
570,20230801-0369,08-01,동구 둔산동 193,지하사유지,D13mm 직관부 누수수선,"630,910 ","630,910 ",0 ,0 ,"4,740 ","6,020 ","5,630 ","1,530 ",600 ,"3,080 ","2,090","7,900",15.0,스텐레스관,직관,노후,"1,679.04",225.0,98,0.1,134 ,118 ,16 ,미등록,폐아스팔트 0.07톤,2023-08-01,35.901049,128.6875314
580,20230807-0109,08-07,동구 신서동 818-1,지상사유지,D50mm 계량기실 누수수선,"133,320 ","133,320 ",0 ,0 ,880 ,"1,110 ","1,040 ",280 ,110 ,570 ,450,890,50.0,계량기보호통(실),연결부,노후,,230.0,210,,,,,미등록,,2023-08-07,35.8723003,128.7252584
586,20230810-0140,08-10,동구 신천동 40-7,지상사유지,D13mm 계량기보호통 교체,"774,750 ","692,850 ","81,900 ",0 ,"10,060 ","12,770 ","11,950 ","3,260 ","1,280 ","6,520 ","1,990","12,960",15.0,계량기보호통(실),계량기보호통,부식,,219.0,30,,,,,미등록,폐콘 0.09,2023-08-10,35.8771711,128.6218305
587,20230811-0006,08-11,동구 신천동 342-5,지상사유지,D50mm 계량기실 누수수선,"87,270 ","87,270 ",0 ,0 ,880 ,"1,110 ","1,040 ",280 ,110 ,570 ,270,890,50.0,계량기보호통(실),연결부,노후,,222.0,43,,,,,미등록,,2023-08-11,35.870061,128.6287698
589,20230812-0004,08-12,동구 불로동 866-9,지상사유지,D40mm 계량기실 누수수선,"180,620 ","180,620 ",0 ,0 ,"2,200 ","2,790 ","2,610 ",710 ,280 ,"1,420 ",550,"2,200",40.0,계량기보호통(실),연결부,노후,,207.0,90,,,,,미등록,,2023-08-12,35.9034096,128.6313138
598,20230816-0054,08-16,동구 효목동 138-8,지상사유지,D13mm 보조계량기실 누수수선,"118,780 ","118,780 ",0 ,0 ,"1,130 ","1,430 ","1,340 ",360 ,140 ,730 ,380,"1,610",15.0,계량기보호통(실),연결부,부식,,213.0,26,,,,,미등록,,2023-08-16,35.8822132,128.644013
599,20230817-0008,08-17,동구 능성동 180,지하공도,D50mm 접합부 누수수선,"1,039,400 ","1,039,400 ",0 ,0 ,"11,470 ","14,570 ","13,630 ","3,720 ","1,460 ","7,440 ","3,160","13,480",50.0,HIVP,이형관,접합부이완,"4,303.92",201.0,313,0.1,134 ,118 ,16 ,등록,폐아 0.35,2023-08-17,35.9655328,128.7404217
602,20230821-0002,08-21,동구 신천동 480-30,지하사유지,D13mm 보호통 교체,"764,790 ","682,890 ","81,900 ",0 ,"9,810 ","12,450 ","11,650 ","3,180 ","1,250 ","6,360 ","1,980","12,850",15.0,계량기보호통(실),계량기보호통,노후,779.52,606.0,44-2,,0 ,0 ,0 ,미등록,폐콘크리트 0.06톤,2023-08-21,35.8714727,128.6330288
603,20230821-0025,08-21,동구 불로동 681,지상사유지,D13mm 계량기실 누수수선,"83,330 ","83,330 ",0 ,0 ,370 ,470 ,440 ,120 ,40 ,240 ,290,380,15.0,계량기보호통(실),연결부,부식,,207.0,78,,,,,미등록,,2023-08-21,35.9086587,128.6364097
607,20230822-0025,08-22,동구 신평동 169-3 구남창호,지상사유지,D13mm 계량기실 누수수선,"83,330 ","83,330 ",0 ,0 ,370 ,470 ,440 ,120 ,40 ,240 ,290,380,15.0,계량기보호통(실),연결부,부식,,230.0,201,,,,,미등록,,2023-08-22,35.8810472,128.6915869
608,20230822-0065,08-22,동구 신암동 129-175,지상사유지,D13mm 계량기실 누수수선,"60,210 ","60,210 ",0 ,0 ,370 ,470 ,440 ,120 ,40 ,240 ,200,380,15.0,계량기보호통(실),연결부,노후,,209.0,1,,,,,미등록,,2023-08-22,35.8879556,128.6326704
610,20230823-0061,08-23,동구 신암동 642-14,지상사유지,D13mm 계량기실 누수수선,"60,210 ","60,210 ",0 ,0 ,370 ,470 ,440 ,120 ,40 ,240 ,200,380,15.0,계량기보호통(실),연결부,부식,,211.0,3,,,,,미등록,,2023-08-23,35.8869919,128.6187493
622,20230829-0109,08-29,동구 용계동 742-2,미누수,출장비(N=1) 622,"86,050 ","86,050 ",0 ,0 ,0 ,0 ,0 ,0 ,0 ,0 ,320,0,,,,,,232.0,249,,0 ,0 ,0 ,미등록,,2023-08-29,35.8729433,128.6930331
626,20230831-0225,08-31,동구 효목동 120-31,지상사유지,D13mm 계량기실 누수수선,"60,210 ","60,210 ",0 ,0 ,370 ,470 ,440 ,120 ,40 ,240 ,200,380,15.0,계량기보호통(실),연결부,부식,,213.0,24,,,,,미등록,,2023-08-31,35.8834859,128.641608
628,20230831-0410,08-31,동구 방촌동 988-26,지하공도,D50*13mm 분기점 누수수선,"1,146,920 ","1,146,920 ",0 ,0 ,"13,550 ","17,200 ","16,100 ","4,390 ","1,730 ","8,790 ","3,440","18,230",15.0,PFP관,이형관,노후,"2,255.76",228.0,123-2,0.2,268 ,236 ,32 ,등록,폐콘 0.35,2023-08-31,35.8847539,128.6627974
629,20230901-0148,09-01,동구 신암동 209-40,지상사유지,D13mm 계량기 보호통 교체,"751,710 ","669,810 ","81,900 ",0 ,"9,750 ","12,380 ","11,580 ","3,160 ","1,240 ","6,320 ","1,920","12,480",15.0,계량기보호통(실),계량기보호통,부식,,217.0,18,,,,,미등록,폐콘 0.09,2023-09-01,35.8797632,128.6202634
630,20230901-0240,09-01,동구 신암동 708-135,지하공도,D40*13mm 분기점 누수수선,"411,440 ","411,440 ",0 ,0 ,"3,960 ","5,030 ","4,710 ","1,280 ",500 ,"2,570 ","1,320","6,610",15.0,PFP관,이형관,노후,871.2,211.0,2,,0 ,0 ,0 ,등록,,2023-09-01,35.8857262,128.616155
635,20230904-0050,09-04,동구 신암동 694-56,지하사유지,D13mm 인입선 누수수선,"525,410 ","525,410 ",0 ,0 ,"6,770 ","8,590 ","8,040 ","2,190 ",860 ,"4,390 ","1,580","9,490",15.0,스텐레스관,이형관,노후,"1,117.2",211.0,2,,0 ,0 ,0 ,미등록,,2023-09-04,35.8874325,128.6174754
637,20230904-0242,09-04,동구 신암동 657-172,지하미누수,확인 터파기 결과 미누수,"206,160 ","206,160 ",0 ,0 ,"2,790 ","3,540 ","3,310 ",900 ,350 ,"1,810 ",580,"2,890",,,,,,211.0,2,,,,,미등록,폐콘 0.12,2023-09-04,35.8882454,128.6180524
638,20230904-0250,09-04,동구 신천동 740-3,지하공도,D80*13mm 분기점 누수수선(N=2),"670,230 ","670,230 ",0 ,0 ,"6,930 ","8,800 ","8,240 ","2,240 ",880 ,"4,500 ","2,120","10,780",15.0,부분기대,부분기대,노후,"1,881.6",220.0,48,,0 ,0 ,0 ,등록,,2023-09-04,35.8703024,128.6196092
639,20230904-0284,09-04,동구 도동 791-1 . 793-1,지상사유지,D13mm 계량기 보호통 교체,"787,330 ","705,430 ","81,900 ",0 ,"9,900 ","12,570 ","11,760 ","3,210 ","1,260 ","6,420 ","2,050","12,740",15.0,계량기보호통(실),계량기보호통,부식,,206.0,72,,,,,미등록,폐콘 0.09,2023-09-04,35.9151588,128.6622976
640,20230904-0385,09-04,동구 둔산동 953,지하공도,D80mm 직관부 누수수선,"1,056,330 ","1,056,330 ",0 ,0 ,"12,040 ","15,290 ","14,310 ","3,900 ","1,540 ","7,810 ","3,190","15,120",80.0,닥타일관,직관,노후,"5,056.8",226.0,95,0.2,268 ,236 ,32 ,등록,폐콘 0.35,2023-09-04,35.8992238,128.6723196
641,20230905-0016,09-05,동구 진인동 559-1,지상사유지,D13mm 계량기실 누수수선,"173,980 ","173,980 ",0 ,0 ,"1,640 ","2,090 ","1,950 ",530 ,210 ,"1,060 ",560,"1,650",15.0,계량기보호통(실),연결부,부식,,201.0,313,,,,,미등록,,2023-09-05,35.9554512,128.7146363
643,20230905-0146,09-05,동구 덕곡동 217,지상사유지,D50mm 인입선 누수수선,"548,400 ","548,400 ",0 ,0 ,"8,290 ","10,520 ","9,840 ","2,680 ","1,060 ","5,370 ","1,580","8,830",50.0,스텐레스관,직관,타공사손괴,109.2,201.0,54,0.0,0 ,0 ,0 ,미등록,,2023-09-05,35.9920413,128.6142041
649,20230906-0432,09-06,동구 신암동 603-140,지하미누수,확인 터파기 결과 미누수,"228,950 ","228,950 ",0 ,0 ,"2,860 ","3,630 ","3,390 ",920 ,360 ,"1,850 ",690,"2,990",,,,,,211.0,8,,,,,미등록,,2023-09-06,35.8837226,128.6221451
650,20230907-0001,09-07,동구 신평동 649-5,지상사유지,D13mm 계량기 보호통 교체,"793,500 ","711,600 ","81,900 ",0 ,"9,760 ","12,390 ","11,600 ","3,160 ","1,250 ","6,330 ","2,090","12,730",15.0,계량기보호통(실),계량기보호통,부식,,226.0,224-1,0.0,0 ,0 ,0 ,미등록,폐콘 0.07,2023-09-07,35.8781126,128.6809829
651,20230907-0276,09-07,동구 효목동 64-22,지상사유지,D13mm 계량기실 누수수선,"100,790 ","100,790 ",0 ,0 ,"1,130 ","1,430 ","1,340 ",360 ,140 ,730 ,310,"1,140",15.0,계량기보호통(실),연결부,부식,,213.0,24,,,,,미등록,,2023-09-07,35.8850846,128.6365444
652,20230907-0324,09-07,동구 신암동 230-21,지상사유지,D13mm 계량기 보호통 교체,"720,200 ","638,300 ","81,900 ",0 ,"9,050 ","11,490 ","10,750 ","2,930 ","1,150 ","5,870 ","1,850","11,950",15.0,계량기보호통(실),계량기보호통,노후,,217.0,18,,,,,미등록,폐콘크리트 0.06톤,2023-09-07,35.8803533,128.6227911
654,20230908-0119,09-08,동구 신암동 708-142,지상사유지,D13mm 계량기 보호통 교체,"726,250 ","644,350 ","81,900 ",0 ,"9,210 ","11,690 ","10,940 ","2,980 ","1,170 ","5,970 ","1,880","12,190",15.0,계량기보호통(실),계량기보호통,노후,,211.0,2,,,,,미등록,,2023-09-08,35.8856151,128.61645
655,20230911-0203,09-11,동구 용계동 1021,지상사유지,D13mm 계량기실 누수수선,"116,410 ","116,410 ",0 ,0 ,560 ,710 ,670 ,180 ,70 ,360 ,410,570,15.0,계량기보호통(실),연결부,부식,,227.0,138,0.0,0 ,0 ,0 ,미등록,,2023-09-11,35.8760575,128.6794385
656,20230911-0330,09-11,동구 도동 825-2,지하공도,D80mm 직관부 누수수선,"1,607,760 ","1,364,760 ","243,000 ",0 ,"18,720 ","23,770 ","22,240 ","6,070 ","2,390 ","12,140 ","3,890","22,710",80.0,닥타일관,직관,노후,"96,241.2",206.0,72,0.1,134 ,118 ,16 ,등록,폐아스팔트 0.6톤,2023-09-11,35.9141851,128.6597927
657,20230911-0335,09-11,동구 신암동 771-5 771-3,지하사유지,D=13mm 계량기실 누수수선,"191,420 ","191,420 ",0 ,0 ,"2,640 ","3,350 ","3,140 ",850 ,330 ,"1,710 ",560,"2,890",15.0,계량기보호통(실),접합부,노후,0,211.0,6,,0 ,0 ,0 ,미등록,,2023-09-11,35.8825126,128.6167885
658,20230912-0001,09-12,동구 신암동 136-140,지상공도,D150*20mm 구분기점 누수수선,"236,680 ","236,680 ",0 ,0 ,"3,000 ","3,810 ","3,560 ",970 ,380 ,"1,940 ",710,"3,160",20.0,부분기대,부분기대,노후,0.69,212.0,20,0.0,0 ,0 ,0 ,등록,,2023-09-12,35.8857634,128.6276703
659,20230912-0002,09-12,동구 동호동 106-36 반월부동산,지하사유지,D13mm 계량기 보호통 교체,"847,390 ","765,490 ","81,900 ",0 ,"10,570 ","13,420 ","12,560 ","3,420 ","1,350 ","6,860 ","2,240","13,450",15.0,계량기보호통(실),계량기보호통,부식,0,233.0,258,,0 ,0 ,0 ,미등록,폐콘 0.09,2023-09-12,35.868836,128.7138194
661,20230912-0157,09-12,동구 신암동 228-19,지상사유지,D13mm 계량기 보호통 교체,"763,460 ","681,560 ","81,900 ",0 ,"9,900 ","12,570 ","11,760 ","3,210 ","1,260 ","6,420 ","1,960","12,720",15.0,계량기보호통(실),계량기보호통,부식,,217.0,18,,,,,미등록,폐콘 0.09,2023-09-12,35.8803098,128.6215133
664,20230914-0007,09-14,동구 효목동 1193,지하공도,D50mm 직관부 누수수선,"476,710 ","476,710 ",0 ,0 ,"6,870 ","8,720 ","8,160 ","2,220 ",880 ,"4,450 ","1,390","7,870",50.0,스텐레스관,직관,노후,"78,458.88",214.0,136,,0 ,0 ,0 ,등록,,2023-09-14,35.8773006,128.6553998
665,20230914-0034,09-14,동구 신천동 149-41,미누수,확인 터파기 결과 미누수,"355,160 ","355,160 ",0 ,0 ,"3,780 ","4,800 ","4,490 ","1,220 ",480 ,"2,450 ","1,120","4,320",,,,,,221.0,49,,0 ,0 ,0 ,미등록,,2023-09-14,35.8680433,128.6228727
666,20230917-0005,09-17,동구 방촌동 857-86,지상사유지,D13mm 계량기 보호통 교체,"787,650 ","705,750 ","81,900 ",0 ,"9,970 ","12,660 ","11,850 ","3,230 ","1,270 ","6,470 ","2,050","12,760",15.0,계량기보호통(실),계량기보호통,노후,,226.0,133,0.0,0 ,0 ,0 ,미등록,폐콘크리트 0.07톤,2023-09-17,35.8801804,128.6719527
668,20230918-0066,09-18,동구 효목동 87-8,지하공도,D150*25mm 분기점 누수수선,"1,147,310 ","1,147,310 ",0 ,0 ,"15,270 ","19,390 ","18,140 ","4,950 ","1,950 ","9,910 ","3,420","20,560",25.0,부분기대,부분기대,노후,"5,345.76",214.0,27,0.2,268 ,236 ,32 ,등록,,2023-09-18,35.886784,128.6414833
669,20230918-0130,09-18,동구 효목동 282-1,지상사유지,D40mm 계량기실 누수수선,"94,990 ","94,990 ",0 ,0 ,"1,020 ","1,300 ","1,210 ",330 ,130 ,660 ,300,"1,030",40.0,계량기보호통(실),연결부,부식,,606.0,35,,,,,미등록,,2023-09-18,35.8791348,128.6328367
670,20230918-0314,09-18,동구 방촌동 934-19,지상사유지,D13mm 계량기실 누수수선,"83,330 ","83,330 ",0 ,0 ,370 ,470 ,440 ,120 ,40 ,240 ,290,380,15.0,계량기보호통(실),연결부,부식,,228.0,125,0.0,0 ,0 ,0 ,미등록,,2023-09-18,35.8841845,128.6656616
671,20230918-0409,09-18,동구 신천동 371-4,지상사유지,D13mm 앵글밸브 교체,"176,370 ","176,370 ",0 ,0 ,"2,210 ","2,810 ","2,630 ",710 ,280 ,"1,430 ",530,"2,690",15.0,계량기보호통(실),앵글밸브,노후,,222.0,34,,,,,미등록,,2023-09-18,35.8728904,128.6292856
675,20230920-0039,09-20,동구 효목동 612,배수관망유지수선,"DTEP D=150mm, L=228m 배수관망 유지수선 공사(부설)","38,114,250 ","21,058,100 ","17,056,150 ",0 ,"281,390 ","357,200 ","334,230 ","91,230 ","36,040 ","182,570 ","62,830","390,350",,,,,,224.0,47,2.9,"3,891 ","3,422 ",469 ,미등록,,2023-09-20,35.8783317,128.6423467
284,20230316-0378,03-16,동구 신암동 95-54,지하사유지,D13mm 계량기 보호통 교체,"2,699,560 ","2,524,560 ","175,000 ",0 ,"32,160 ","40,830 ","38,200 ","10,420 ","4,110 ","20,860 ","7,420","40,650",15.0,계량기보호통(실),계량기보호통,노후,"1,422",209.0,1,0.3,403 ,354 ,49 ,미등록,"폐콘 0.05, 폐아 0.82",2023-03-16,35.8872453,128.6324594
328,20230404-0001,04-04,동구 율하동 232-4,지하사유지,D13mm 인입선 누수수선,"483,100 ","483,100 ",0 ,0 ,"7,010 ","8,900 ","8,330 ","2,270 ",890 ,"4,550 ","1,410","7,530",15.0,기타,기타,노후,338.4,233.0,250,,0 ,0 ,0 ,미등록,,2023-04-04,35.8705482,128.6975069
467,20230608-0023,06-08,동구 입석동 934-27,지하공도,D50*13mm 분기점 누수수선,"480,000 ","480,000 ",0 ,0 ,"5,830 ","7,400 ","6,930 ","1,890 ",740 ,"3,780 ","1,460","8,610",15.0,PFP관,이형관,노후,572.4,210.0,111-1,,0 ,0 ,0 ,등록,,2023-06-08,35.8890165,128.6460379
615,20230825-0544,08-25,동구 도동 145-1,지상공도,D40*13mm 분기점 누수수선,"1,254,930 ","1,254,930 ",0 ,0 ,"14,680 ","18,640 ","17,440 ","4,760 ","1,880 ","9,520 ","3,750","20,020",15.0,PFP관,이형관,노후,0.11,205.0,80,0.2,268 ,236 ,32 ,등록,폐아 0.47,2023-08-25,35.9119238,128.6520633
619,20230828-0505,08-28,동구 둔산동 360-2,지하공도,D25mm 직관부 누수수선,"1,137,020 ","1,137,020 ",0 ,0 ,"12,590 ","15,990 ","14,960 ","4,080 ","1,610 ","8,170 ","3,460","18,280",25.0,스텐레스관,직관,노후,"1,382.4",225.0,88,0.2,268 ,236 ,32 ,등록,폐콘 0.35,2023-08-28,35.9056309,128.6868529
620,20230828-0507,08-28,동구 방촌동 2-1,지하공도,D50mm 직관부 누수수선,"1,314,910 ","1,314,910 ",0 ,0 ,"17,650 ","22,400 ","20,960 ","5,720 ","2,260 ","11,450 ","3,870","20,840",50.0,PE관,직관,노후,"7,948.8",225.0,104,0.1,134 ,118 ,16 ,등록,폐콘 0.22,2023-08-28,35.8968784,128.678858
636,20230904-0240,09-04,동구 신암동 705-24,지하공도,D150*25mm 분기점 누수수선,"1,646,310 ","1,646,310 ",0 ,0 ,"20,880 ","26,510 ","24,800 ","6,770 ","2,670 ","13,550 ","4,840","28,090",25.0,부분기대,부분기대,노후,"5,098.08",211.0,2,0.2,268 ,236 ,32 ,등록,폐아 0.53,2023-09-04,35.8846767,128.6149026
648,20230906-0431,09-06,동구 신암동 603-7,지하공도,D150*20mm 분기점 누수수선,"1,347,220 ","1,347,220 ",0 ,0 ,"16,480 ","20,930 ","19,580 ","5,340 ","2,110 ","10,690 ","4,000","22,150",20.0,부분기대,부분기대,노후,905.52,211.0,8,0.1,134 ,118 ,16 ,등록,폐아 0.42,2023-09-06,35.8828142,128.6203591
663,20230914-0006,09-14,동구 사복동 797,지하공도,D50mm 직관부 누수수선,"599,170 ","599,170 ",0 ,0 ,"5,420 ","6,890 ","6,440 ","1,760 ",690 ,"3,520 ","1,940","10,410",50.0,스텐레스관,직관,부식,380.88,236.0,271,,0 ,0 ,0 ,등록,,2023-09-14,35.868542,128.7545448
678,20230921-0022,09-21,동구 신평동 52-2,지하미누수,확인 터파기 결과 미누수,"557,700 ","557,700 ",0 ,0 ,"6,740 ","8,550 ","8,000 ","2,180 ",860 ,"4,370 ","1,580","7,320",,,,,,230.0,201,,,,,미등록,폐콘 0.52,2023-09-21,35.8812742,128.6935528
679,20230921-0023,09-21,동구 율암동 362-9 둥지 비동(102호),지하사유지,D25mm 인입선 누수수선,"1,037,980 ","1,037,980 ",0 ,0 ,"11,860 ","15,060 ","14,090 ","3,840 ","1,510 ","7,690 ","3,170","17,110",25.0,스텐레스관,직관,노후,"1,800.48",230.0,201,,0 ,0 ,0 ,미등록,폐콘 0.17,2023-09-21,35.8771183,128.7053104
680,20230921-0024,09-21,동구 율암동 524-25,지하공도,D100*13mm 분기점 누수수선,"1,583,670 ","1,583,670 ",0 ,0 ,"17,770 ","22,550 ","21,100 ","5,760 ","2,270 ","11,520 ","4,800","24,240",15.0,부분기대,부분기대,노후,952.32,230.0,201,0.3,403 ,354 ,49 ,등록,폐아 0.53,2023-09-21,35.8775181,128.7023742
690,20231004-0034,10-04,동구 신암동 229-31,지하사유지,D13mm 계량기 보호통 교체,"1,029,430 ","947,530 ","81,900 ",0 ,"14,770 ","18,760 ","17,550 ","4,790 ","1,890 ","9,580 ","2,680","17,800",15.0,계량기보호통(실),계량기보호통,부식,"2,583.36",217.0,18,,0 ,0 ,0 ,미등록,폐콘 0.07,2023-10-04,35.8799848,128.6223712
692,20231004-0356,10-04,동구 불로동 574-3,지하공도,D40*13mm 분기점 누수수선,"1,805,770 ","1,805,770 ",0 ,0 ,"23,880 ","30,310 ","28,360 ","7,740 ","3,050 ","15,490 ","5,290","30,770",15.0,PFP관,이형관,노후,"5,232.96",205.0,80,0.2,268 ,236 ,32 ,등록,폐아 0.47,2023-10-04,35.9106036,128.6428344
693,20231004-0443,10-04,동구 신천동 264-51,지하공도,D25mm 직관부 누수수선,"578,730 ","578,730 ",0 ,0 ,"7,360 ","9,350 ","8,740 ","2,380 ",940 ,"4,770 ","1,740","11,090",25.0,스텐레스관,직관,노후,"8,015.04",221.0,41,,0 ,0 ,0 ,등록,,2023-10-04,35.8731353,128.6196251
695,20231005-0095,10-05,동구 불로동 482-2,지하사유지,확인 터파기 결과 미누수,"1,217,690 ","1,217,690 ",0 ,0 ,"14,740 ","18,720 ","17,510 ","4,780 ","1,880 ","9,560 ","3,600","17,930",15.0,계량기보호통(실),계량기보호통,부식,"2,592.72",205.0,77,,0 ,0 ,0 ,미등록,폐콘 0.12,2023-10-05,35.9117748,128.6426265
696,20231005-0109,10-05,동구 불로동 486-4,지하미누수,D13mm 계량기 보호통 교체,"836,340 ","754,440 ","81,900 ",0 ,"10,560 ","13,410 ","12,550 ","3,420 ","1,350 ","6,850 ","2,190","13,390",,,,,,205.0,77,0.2,268 ,236 ,32 ,미등록,폐아 0.53,2023-10-05,35.9126539,128.6429709
698,20231005-0310,10-05,동구 신천동 435-23,지상사유지,D13mm 계량기보호통 교체,"774,990 ","693,090 ","81,900 ",0 ,"10,060 ","12,770 ","11,950 ","3,260 ","1,280 ","6,520 ","1,990","12,960",15.0,계량기보호통(실),계량기보호통,부식,,606.0,44-2,0.0,0 ,0 ,0 ,미등록,폐콘 0.09,2023-10-05,35.8758442,128.6311356
705,20231006-0108,10-06,동구 불로동 543-14,지하사유지,D13mm 인입선 누수수선,"510,450 ","510,450 ",0 ,0 ,"4,590 ","5,830 ","5,450 ","1,480 ",580 ,"2,980 ","1,650","7,490",15.0,스텐레스관,직관,노후,"1,668",205.0,80,,0 ,0 ,0 ,미등록,,2023-10-06,35.9105777,128.643483
706,20231006-0111,10-06,동구 도동 978-66,지하사유지,D13mm 인입선 누수수선,"996,870 ","996,870 ",0 ,0 ,"11,180 ","14,190 ","13,270 ","3,620 ","1,430 ","7,250 ","3,000","13,820",15.0,스텐레스관,직관,노후,"3,402.72",205.0,80,0.1,134 ,118 ,16 ,미등록,폐아 0.42,2023-10-06,35.9093319,128.6439035
709,20231006-0449,10-06,동구 효목동 468-2,지상공도,D80*13mm 분기점 누수수선,"1,424,330 ","1,424,330 ",0 ,0 ,"17,450 ","22,160 ","20,730 ","5,660 ","2,230 ","11,320 ","4,200","22,610",15.0,부분기대,부분기대,노후,0.18,223.0,46-2,0.2,268 ,236 ,32 ,등록,폐아 0.59,2023-10-06,35.8741406,128.6385148
712,20231010-0038,10-10,동구 도동 978-63,지하미누수,확인 터파기 결과 미누수,"987,330 ","987,330 ",0 ,0 ,"11,160 ","14,170 ","13,260 ","3,620 ","1,420 ","7,240 ","2,970","13,720",,,,,,205.0,80,0.2,268 ,236 ,32 ,미등록,폐아 0.42,2023-10-10,35.9092507,128.6440916
715,20231010-0363,10-10,동구 입석동 931-13,지상사유지,D25mm 계량기실 누수수선,"91,530 ","91,530 ",0 ,0 ,520 ,670 ,620 ,170 ,60 ,340 ,310,530,25.0,계량기보호통(실),연결부,부식,,210.0,108-1,,,,,미등록,,2023-10-10,35.8929551,128.6468978
716,20231011-0018,10-11,동구 율하동 871-5,지상사유지,D13mm 계량기 보호통 교체,"1,027,650 ","945,750 ","81,900 ",0 ,"13,600 ","17,260 ","16,150 ","4,400 ","1,740 ","8,820 ","2,720","16,560",15.0,계량기보호통(실),계량기보호통,부식,,233.0,250,0.0,0 ,0 ,0 ,미등록,폐콘 0.17,2023-10-11,35.8703801,128.6994275
718,20231011-0165,10-11,동구 신암동 784-85,지상사유지,D13mm 계량기 보호통 교체,"899,630 ","817,730 ","81,900 ",0 ,"12,200 ","15,490 ","14,490 ","3,950 ","1,560 ","7,910 ","2,320","15,240",15.0,계량기보호통(실),계량기보호통,노후,,211.0,6,,,,,미등록,폐콘 0.17,2023-10-11,35.8843287,128.6145611
722,20231016-0185,10-16,동구 효목동 616-6,지상공도,STS D=25mm 직관부 누수수선,"263,640 ","263,640 ",0 ,0 ,"1,670 ","2,120 ","1,980 ",540 ,210 ,"1,080 ",890,"5,200",25.0,스텐레스관,직관,노후,2.23,,47,,0 ,0 ,0 ,등록,,2023-10-16,35.8778324,128.6417888
723,20231016-0193,10-16,동구 신기동 322-20,지상사유지,D20mm 계량기실 누수수선,"108,440 ","108,440 ",0 ,0 ,410 ,530 ,490 ,130 ,50 ,270 ,380,420,20.0,계량기보호통(실),연결부,부식,,233.0,257,,,,,미등록,,2023-10-16,35.866626,128.7081386
727,20231017-0065,10-17,동구 지저동 650-23,지상사유지,D13mm 계량기실 누수수선,"83,330 ","83,330 ",0 ,0 ,370 ,470 ,440 ,120 ,40 ,240 ,290,380,15.0,계량기보호통(실),연결부,부식,,208.0,101-2,0.0,0 ,0 ,0 ,미등록,,2023-10-17,35.8951699,128.642282
730,20231018-0003,10-18,동구 신암동 184-1,지상사유지,D13mm 계량기 보호통 교체,"1,199,100 ","1,117,200 ","81,900 ",0 ,"17,950 ","22,780 ","21,320 ","5,820 ","2,290 ","11,640 ","3,120","20,910",15.0,계량기보호통(실),계량기보호통,노후,,217.0,17,,,,,미등록,,2023-10-18,35.8797397,128.6189045
731,20231018-0107,10-18,동구 효목동 202-22,지하사유지,D15mm 직관부 누수수선 및 15mm 계량기 보호통 교체,"1,018,160 ","936,260 ","81,900 ",0 ,"14,070 ","17,860 ","16,710 ","4,560 ","1,800 ","9,130 ","2,670","17,370",15.0,계량기보호통(실),계량기보호통,부식,"2,714.4",213.0,38,,0 ,0 ,0 ,미등록,폐콘 0.12,2023-10-18,35.878186,128.6480464
732,20231019-0006,10-19,동구 불로동 326-5,지상공도,D80mm 합플랜지 접합부 누수수선,"153,810 ","153,810 ",0 ,0 ,"1,590 ","2,020 ","1,890 ",510 ,200 ,"1,030 ",480,"1,740",80.0,닥타일관,이형관,노후,10.85,,77,,0 ,0 ,0 ,등록,,2023-10-19,35.9149327,128.6438293
735,20231019-0343,10-19,동구 효목동 616-13,지상공도,D25mm 직관부 누수수선,"686,560 ","686,560 ",0 ,0 ,"6,450 ","8,190 ","7,660 ","2,090 ",820 ,"4,180 ","2,200","14,400",25.0,스텐레스관,직관,노후,2.23,,47,,0 ,0 ,0 ,등록,,2023-10-19,35.8776861,128.6420612
739,20231020-0204,10-20,동구 신암동 1642-3,지상공도,D150*20mm 구분기점 누수수선,"73,630 ","73,630 ",0 ,0 ,620 ,790 ,740 ,200 ,70 ,400 ,240,630,20.0,부분기대,부분기대,노후,0.63,212.0,5,,0 ,0 ,0 ,미등록,,2023-10-20,35.8879772,128.6249795
742,20231022-0001,10-22,동구 신천동 379-9,지상사유지,D13mm 접합부 누수수선,"335,830 ","335,830 ",0 ,0 ,"3,150 ","4,000 ","3,750 ","1,020 ",400 ,"2,040 ","1,070","6,190",15.0,스텐레스관,이형관,노후,,222.0,34,,,,,미등록,,2023-10-22,35.8753754,128.6294137
745,20231023-0307,10-23,동구 괴전동 165-4,지상사유지,D20mm 계량기실누수수,"108,440 ","108,440 ",0 ,0 ,410 ,530 ,490 ,130 ,50 ,270 ,380,420,20.0,계량기보호통(실),연결부,부식,,236.0,237-2,0.0,0 ,0 ,0 ,미등록,,2023-10-23,35.8706387,128.7328326
746,20231024-0148,10-24,동구 둔산동 151,미누수,확인 터파기 결과 미누수,"107,920 ","107,920 ",0 ,0 ,840 ,"1,070 ","1,000 ",270 ,100 ,540 ,360,830,,,,,,225.0,98,,0 ,0 ,0 ,미등록,,2023-10-24,35.900197,128.6879497
749,20231024-0175,10-24,동구 불로동 460-55,지상사유지,D13mm 계량기 보호통 교체,"746,360 ","664,460 ","81,900 ",0 ,"9,060 ","11,500 ","10,760 ","2,930 ","1,160 ","5,880 ","1,950","11,850",15.0,계량기보호통(실),계량기보호통,노후,,205.0,80,,,,,미등록,폐콘 0.09,2023-10-24,35.9113668,128.6417827
750,20231024-0184,10-24,동구 율하동 232-4,지하공도,D80*13mm 구분기점 누수수선,"460,430 ","460,430 ",0 ,0 ,"6,080 ","7,720 ","7,220 ","1,970 ",770 ,"3,940 ","1,380","6,700",15.0,부분기대,부분기대,노후,"1,633.92",233.0,251,,0 ,0 ,0 ,등록,,2023-10-24,35.8705482,128.6975069
753,20231025-0162,10-25,동구 효목동 285-3,지상사유지,D13mm 계량기실 누수수선,"70,370 ","70,370 ",0 ,0 ,560 ,710 ,670 ,180 ,70 ,360 ,230,570,15.0,계량기보호통(실),연결부,부식,,606.0,35,,,,,미등록,,2023-10-25,35.8789743,128.6330982
754,20231025-0205,10-25,동구 신기동 192-6,지상공도,D25*13mm 분기점 누수수선,"335,830 ","335,830 ",0 ,0 ,"3,150 ","4,000 ","3,750 ","1,020 ",400 ,"2,040 ","1,070","6,190",15.0,부분기대,부분기대,노후,0.23,233.0,251,0.0,0 ,0 ,0 ,등록,,2023-10-25,35.8712242,128.7041555
758,20231026-0042,10-26,동구 신암동 259-17,지상사유지,D13mm 계량기실 누수수선,"60,210 ","60,210 ",0 ,0 ,370 ,470 ,440 ,120 ,40 ,240 ,200,380,15.0,계량기보호통(실),연결부,부식,,212.0,20,,,,,미등록,,2023-10-26,35.8813167,128.6264848
762,20231027-0028,10-27,동구 신암동 91-13,지상공도,D150*15mm 분기점 누수수선,"141,530 ","141,530 ",0 ,0 ,960 ,"1,220 ","1,140 ",310 ,120 ,620 ,480,"1,530",15.0,부분기대,부분기대,노후,0.23,,1,,0 ,0 ,0 ,등록,,2023-10-27,35.8890128,128.6331261
763,20231027-0031,10-27,동구 신암동 277-4,지상사유지,D13mm 계량기실 누수수선,"88,380 ","88,380 ",0 ,0 ,560 ,710 ,670 ,180 ,70 ,360 ,300,"1,040",15.0,계량기보호통(실),연결부,부식,,212.0,20,,,,,미등록,,2023-10-27,35.8818266,128.6297689
764,20231027-0032,10-27,동구 신암동 625-117,지상사유지,D13mm 계량기실 누수수선,"60,210 ","60,210 ",0 ,0 ,370 ,470 ,440 ,120 ,40 ,240 ,200,380,15.0,계량기보호통(실),연결부,부식,,211.0,9,,,,,미등록,,2023-10-27,35.88728,128.6238217
765,20231027-0034,10-27,동구 신암동 784-17,지상공도,D150*15mm 구분기점 폐쇄,"132,240 ","132,240 ",0 ,0 ,"1,130 ","1,430 ","1,340 ",360 ,140 ,730 ,430,"1,690",15.0,부분기대,부분기대,노후,0.23,211.0,6,,0 ,0 ,0 ,등록,,2023-10-27,35.8844657,128.614523
766,20231027-0106,10-27,동구 검사동 764-3,지상사유지,D13mm 계량기 보호통 교체,"795,530 ","713,630 ","81,900 ",0 ,"10,260 ","13,020 ","12,190 ","3,320 ","1,310 ","6,650 ","2,070","12,860",15.0,계량기보호통(실),계량기보호통,노후,,210.0,108-1,0.0,0 ,0 ,0 ,미등록,폐콘 0.07,2023-10-27,35.8882595,128.6593703
768,20231027-0304,10-27,동구 신천동 277-20,지상사유지,D13mm 계량기실 누수수선,"60,210 ","60,210 ",0 ,0 ,370 ,470 ,440 ,120 ,40 ,240 ,200,380,15.0,계량기보호통(실),연결부,부식,,221.0,41,,,,,미등록,,2023-10-27,35.8741866,128.6196093
772,20231029-0016,10-29,동구 용계동 390-3,지상공도,D25mm 직관부 누수수선,"297,600 ","297,600 ",0 ,0 ,"1,540 ","1,960 ","1,830 ",500 ,190 ,"1,000 ","1,030","4,940",25.0,스텐레스관,직관,노후,2.23,,224-1,,0 ,0 ,0 ,등록,,2023-10-29,35.87764,128.6845718
773,20231030-0076,10-30,동구 신암동 1298-36,지상사유지,D13mm 계량기실 누수수선(세대별 계량기),"60,210 ","60,210 ",0 ,0 ,370 ,470 ,440 ,120 ,40 ,240 ,200,380,15.0,계량기보호통(실),연결부,부식,,216.0,14,,,,,미등록,,2023-10-30,35.8768412,128.6077455
774,20231030-0077,10-30,동구 신암동 1760,지상사유지,STS D=13mm 임시폐쇄,"44,060 ","44,060 ",0 ,0 ,70 ,90 ,90 ,20 ,0 ,40 ,160,70,15.0,스텐레스관,이형관,노후,,209.0,1,,,,,미등록,,2023-10-30,35.8892863,128.6281628
775,20231030-0084,10-30,동구 신천동 345-1,지상공도,D80mm 불용관 폐쇄,"1,058,070 ","1,058,070 ",0 ,0 ,"10,690 ","13,570 ","12,700 ","3,460 ","1,360 ","6,930 ","3,310","18,370",80.0,닥타일관,이형관,노후,7.6,222.0,34,,0 ,0 ,0 ,미등록,폐아 0.17톤,2023-10-30,35.8708118,128.6297891
776,20231030-0089,10-30,동구 용계동 352-11,지상사유지,D13mm 계량기실 누수수선,"116,410 ","116,410 ",0 ,0 ,560 ,710 ,670 ,180 ,70 ,360 ,410,570,15.0,계량기보호통(실),연결부,부식,,226.0,135,,,,,미등록,,2023-10-30,35.8794316,128.685114
777,20231030-0146,10-30,동구 진인동 750-2,지상공도,D50*13mm 분기점 누수수선,"217,070 ","217,070 ",0 ,0 ,"1,380 ","1,750 ","1,630 ",440 ,170 ,890 ,740,"2,890",15.0,부분기대,부분기대,노후,0.23,201.0,313,,0 ,0 ,0 ,등록,,2023-10-30,35.9527631,128.7071896
780,20231031-0053,10-31,동구 용계동 789-37,지상공도,D100*13mm 분기점 누수수선,"424,020 ","424,020 ",0 ,0 ,"4,620 ","5,870 ","5,490 ","1,500 ",590 ,"3,000 ","1,320","6,890",15.0,부분기대,부분기대,노후,0.23,,246,,0 ,0 ,0 ,미등록,,2023-10-31,35.8702024,128.6848399
781,20231031-0060,10-31,동구 용계동 732-9,지상사유지,D13mm 계량기실 누수수선,"106,240 ","106,240 ",0 ,0 ,370 ,470 ,440 ,120 ,40 ,240 ,380,380,15.0,계량기보호통(실),연결부,부식,,232.0,249,,,,,미등록,,2023-10-31,35.8733727,128.6936632
782,20231031-0069,10-31,동구 입석동 891-18,지상사유지,D13mm 인입선 누수수선,"516,600 ","516,600 ",0 ,0 ,"6,430 ","8,160 ","7,630 ","2,080 ",820 ,"4,170 ","1,570","9,100",15.0,스텐레스관,직관,노후,,210.0,108-1,,,,,미등록,,2023-10-31,35.891186,128.6497555
783,20231031-0071,10-31,동구 효목동 474-12,지상사유지,D13mm 계량기실 누수수선,"60,210 ","60,210 ",0 ,0 ,370 ,470 ,440 ,120 ,40 ,240 ,200,380,15.0,계량기보호통(실),연결부,노후,,606.0,36,,,,,미등록,,2023-10-31,35.8742902,128.6375388
481,20230614-0236,06-14,동구 사복동 657,지하공도,D50mm 접합부 누수수선,"949,160 ","949,160 ",0 ,0 ,"8,620 ","10,950 ","10,240 ","2,790 ","1,100 ","5,590 ","2,970","19,130",50.0,PFP관,이형관,노후,"4,014.72",236.0,269,0.2,268 ,236 ,32 ,등록,폐아스팔트 0.36톤,2023-06-14,35.8679596,128.7484639
633,20230903-0007,09-03,동구 신암동 609-13,지상공도,D150*13mm 구분기점 누수수선,"440,200 ","440,200 ",0 ,0 ,"5,340 ","6,780 ","6,340 ","1,730 ",680 ,"3,460 ","1,350","6,240",15.0,부분기대,부분기대,노후,0,211.0,7,,0 ,0 ,0 ,미등록,,2023-09-03,35.8849255,128.6209544
644,20230905-0211,09-05,동구 덕곡동 217,시설물수선,제수변 설치 및 입상,"1,798,040 ","1,798,040 ",0 ,0 ,"17,860 ","22,670 ","21,210 ","5,790 ","2,280 ","11,580 ","5,610","30,260",,,,,,201.0,54,0.2,268 ,236 ,32 ,미등록,폐아0.47,2023-09-05,35.9920413,128.6142041
672,20230918-0442,09-18,동구 지저동 827-17,지하공도,D200*13mm 구분기점 누수수선,"655,420 ","655,420 ",0 ,0 ,"7,660 ","9,730 ","9,100 ","2,480 ",980 ,"4,970 ","2,020","8,910",15.0,부분기대,부분기대,노후,"1,118.88",208.0,106-2,,0 ,0 ,0 ,등록,,2023-09-18,35.8933749,128.6397621
674,20230919-0370,09-19,동구 부동 524-1,지상사유지,D13mm 인입선 누수수선,"422,790 ","422,790 ",0 ,0 ,"4,660 ","5,920 ","5,540 ","1,510 ",590 ,"3,020 ","1,310","7,580",15.0,스텐레스관,직관,노후,,226.0,117,,,,,미등록,,2023-09-19,35.8887073,128.6795611
677,20230921-0010,09-21,동구 율하동 1289,지상사유지,D25mm 계량기실 누수수선,"114,450 ","114,450 ",0 ,0 ,520 ,670 ,620 ,170 ,60 ,340 ,400,530,25.0,계량기보호통(실),접합부,부식,,233.0,276,,,,,미등록,,2023-09-21,35.8650916,128.6911718
682,20230925-0203,09-25,동구 불로동 326-6,기타,D40*25mm 이토변 설치공사,"660,010 ","660,010 ",0 ,0 ,"7,970 ","10,120 ","9,470 ","2,580 ","1,020 ","5,170 ","1,940","13,660",,,,,,205.0,77,,0 ,0 ,0 ,미등록,폐콘 0.28,2023-09-25,35.9148156,128.643751
687,20230929-0002,09-29,동구 효목동 89-28,지상사유지,D13mm 계량기 보호통 교체,"899,390 ","817,490 ","81,900 ",0 ,"12,050 ","15,290 ","14,310 ","3,900 ","1,540 ","7,810 ","2,330","15,020",15.0,계량기보호통(실),연결부,노후,,213.0,26,0.0,0 ,0 ,0 ,미등록,폐콘 0.17,2023-09-29,35.8854447,128.6419167
688,20231003-0031,10-03,동구 방촌동 1084-94,지상사유지,D13mm 계량기 보호통 교체,"1,000,840 ","918,940 ","81,900 ",0 ,"12,580 ","15,970 ","14,940 ","4,080 ","1,610 ","8,160 ","2,690","15,580",15.0,계량기보호통(실),연결부,노후,,227.0,124-2,0.0,0 ,0 ,0 ,미등록,폐콘 0.12,2023-10-03,35.879503,128.6662571
689,20231004-0004,10-04,동구 효목동 535 B동상가,지상사유지,D25mm 인입선 누수수선,"663,160 ","663,160 ",0 ,0 ,"7,660 ","9,730 ","9,100 ","2,480 ",980 ,"4,970 ","2,050","11,320",25.0,스텐레스관,직관,노후,,224.0,47,,,,,미등록,,2023-10-04,35.8742983,128.6400874
694,20231004-0456,10-04,동구 효목동 535 B동상가,지하공도,D100mm 직관부 누수수선,"1,462,730 ","1,199,730 ","263,000 ",0 ,"18,970 ","24,080 ","22,530 ","6,150 ","2,430 ","12,300 ","3,300","19,600",100.0,닥타일관,직관,노후,"91,411.2",224.0,47,0.2,268 ,236 ,32 ,등록,폐콘 0.46,2023-10-04,35.8742983,128.6400874
701,20231005-0545,10-05,동구 검사동 764-3,지상공도,D80*13mm 분기점 누수수선,"212,530 ","212,530 ",0 ,0 ,"1,670 ","2,120 ","1,980 ",540 ,210 ,"1,080 ",700,"3,250",80.0,부분기대,부분기대,노후,0,,108-1,0.0,0 ,0 ,0 ,등록,,2023-10-05,35.8882595,128.6593703
702,20231005-0552,10-05,동구 도동 147,지상사유지,D13mm 계량기보호통 교체,"629,070 ","547,170 ","81,900 ",0 ,"7,210 ","9,150 ","8,560 ","2,330 ",920 ,"4,670 ","1,630","9,830",15.0,계량기보호통(실),연결부,노후,,205.0,80,,,,,미등록,,2023-10-05,35.9118411,128.6523692
711,20231010-0007,10-10,동구 불로동 1039-3,지상사유지,D13mm 계량기 보호통 교체,"1,091,460 ","1,009,560 ","81,900 ",0 ,"15,360 ","19,490 ","18,240 ","4,980 ","1,960 ","9,960 ","2,870","18,510",15.0,계량기보호통(실),연결부,노후,,208.0,92,0.0,0 ,0 ,0 ,미등록,폐콘 0.12,2023-10-10,35.896997,128.631703
714,20231010-0175,10-10,동구 신암동 136-176,지상공도,D150mm 직관부 누수수선,"2,173,320 ","2,173,320 ",0 ,0 ,"24,420 ","31,010 ","29,010 ","7,920 ","3,120 ","15,840 ","6,740","42,060",150.0,닥타일관,직관,노후,66.42,212.0,20,0.1,134 ,118 ,16 ,등록,,2023-10-10,35.8863388,128.6264141
717,20231011-0098,10-11,동구 신암동 613-13,지상공도,D80*13mm 구분기점 누수수선,"1,782,560 ","1,782,560 ",0 ,0 ,"23,800 ","30,210 ","28,270 ","7,710 ","3,040 ","15,440 ","5,080","29,930",80.0,부분기대,부분기대,노후,0,211.0,9,0.3,403 ,354 ,49 ,등록,폐아스팔트 0.94톤,2023-10-11,35.8853134,128.6242212
726,20231017-0035,10-17,동구 신암동 351-3,지상공도,D25*13mm 레듀샤 지점 누수수선,"222,860 ","222,860 ",0 ,0 ,"1,410 ","1,790 ","1,670 ",450 ,180 ,910 ,750,"4,240",25.0,부분기대,부분기대,노후,1.11,218.0,22,,0 ,0 ,0 ,미등록,,2023-10-17,35.8818405,128.6313008
747,20231024-0151,10-24,동구 미곡동 340-4,지상공도,D150mm 직관부 누수수선,"4,871,140 ","4,871,140 ",0 ,0 ,"60,000 ","76,170 ","71,270 ","19,450 ","7,680 ","38,930 ","14,240","85,630",150.0,닥타일관,이형관,노후,29.8,201.0,307,0.6,805 ,708 ,97 ,등록,폐아스팔트 2.35,2023-10-24,35.9634634,128.6841086
748,20231024-0174,10-24,동구 백안동 53,지상공도,D40mm 직관부 누수수선,"685,410 ","685,410 ",0 ,0 ,"5,530 ","7,020 ","6,570 ","1,790 ",700 ,"3,580 ","2,220","7,510",40.0,HIVP,직관,노후,5.59,201.0,313,,0 ,0 ,0 ,등록,폐아스팔트 0.18톤,2023-10-24,35.9521651,128.7022149
760,20231026-0046,10-26,동구 신암동 708-146,지상사유지,D13mm 계량기 보호통 교체,"889,160 ","807,260 ","81,900 ",0 ,"12,050 ","15,290 ","14,310 ","3,900 ","1,540 ","7,810 ","2,290","15,030",15.0,계량기보호통(실),연결부,노후,,211.0,2,0.0,0 ,0 ,0 ,미등록,폐콘 0.17,2023-10-26,35.8857264,128.6162929
761,20231026-0172,10-26,동구 효목동 75-2,지상사유지,D13mm 계량기실 누수수선,"60,210 ","60,210 ",0 ,0 ,370 ,470 ,440 ,120 ,40 ,240 ,200,380,15.0,계량기보호통(실),접합부,부식,,213.0,24,0.0,0 ,0 ,0 ,미등록,,2023-10-26,35.8851676,128.6402975
767,20231027-0123,10-27,동구 신암동 220-3,노후관교체공사,"HIVP D80mm, L=147m 노후배수관 교체","91,567,600 ","21,643,360 ","2,442,240 ","67,482,000 ","215,340 ","273,350 ","255,770 ","69,810 ","27,580 ","139,710 ","54,250","305,560",,,,,,217.0,18,9.5,"12,746 ","11,210 ","1,536 ",미등록,"폐콘44.10 , 폐아14.70",2023-10-27,35.8818124,128.6240279
779,20231030-0415,10-30,동구 신천동 42-3,지상사유지,D13mm 계량기실 누수수선,"60,210 ","60,210 ",0 ,0 ,370 ,470 ,440 ,120 ,40 ,240 ,200,380,15.0,계량기보호통(실),접합부,부식,,219.0,30,0.0,0 ,0 ,0 ,미등록,,2023-10-30,35.8768839,128.6223416
786,20231101-0124,11-01,동구 효목동 1068,지상사유지,D25mm 계량기실 누수수선,"68,420 ","68,420 ",0 ,0 ,520 ,670 ,620 ,170 ,60 ,340 ,220,530,25.0,계량기보호통(실),접합부,부식,,214.0,128,,,,,미등록,,2023-11-01,35.8804079,128.6505793
788,20231101-0170,11-01,동구 신서동 626-71 A동,지상공도,D50mm 직관부 누수수선,"1,847,570 ","1,847,570 ",0 ,0 ,"24,790 ","31,470 ","29,450 ","8,030 ","3,170 ","16,080 ","5,430","29,660",50.0,스텐레스관,이형관,노후,12.77,,260-1,0.2,268 ,236 ,32 ,등록,폐아스팔트 0.35톤,2023-11-01,35.8685752,128.7248989
789,20231101-0188,11-01,동구 불로동 1142,시설물수선,제수변 철개 입상(N=6),"3,427,830 ","3,427,830 ",0 ,0 ,"40,270 ","51,120 ","47,830 ","13,050 ","5,150 ","26,120 ","10,190","60,830",,,,,,205.0,77,0.7,939 ,826 ,113 ,미등록,폐아1.44,2023-11-01,35.9155983,128.6425136
790,20231101-0193,11-01,동구 효목동 644-4,시설물수선,D100mm 소화전 누수수선(폐쇄),"376,740 ","376,740 ",0 ,0 ,"3,810 ","4,840 ","4,530 ","1,230 ",480 ,"2,470 ","1,140","5,350",,,,,,224.0,47,0.1,134 ,118 ,16 ,미등록,폐콘0.23,2023-11-01,35.8769365,128.6440621
792,20231102-0022,10-31,동구 용계동 942-3 3M썬팅,지하공도,D200*25mm 분기점 누수수선,"320,910 ","320,910 ",0 ,0 ,"3,450 ","4,380 ","4,100 ","1,110 ",440 ,"2,240 ","1,010","4,560",200.0,부분기대,부분기대,노후,0,231.0,246,,0 ,0 ,0 ,등록,,2023-10-31,35.8737468,128.6871278
795,20231103-0257,11-03,동구 신천동 31-11,지상사유지,D13mm 계량기 보호통 교체,"957,110 ","875,210 ","81,900 ",0 ,"13,010 ","16,520 ","15,460 ","4,220 ","1,660 ","8,440 ","2,480","16,090",15.0,계량기보호통(실),연결부,노후,,219.0,30,0.0,0 ,0 ,0 ,미등록,폐콘 0.21,2023-11-03,35.8764723,128.621201
797,20231107-0104,11-07,동구 방촌동 852-37,지상사유지,D13mm 계량기보호통 교체,"797,860 ","715,960 ","81,900 ",0 ,"10,060 ","12,770 ","11,950 ","3,260 ","1,280 ","6,520 ","2,080","12,960",15.0,계량기보호통(실),연결부,노후,,228.0,132,0.0,0 ,0 ,0 ,미등록,폐콘 0.09,2023-11-07,35.8819061,128.6709795
801,20231108-0240,11-08,동구 방촌동 806-34,지상사유지,D13mm 계량기 보호통 교체,"1,204,930 ","1,123,030 ","81,900 ",0 ,"17,210 ","21,850 ","20,440 ","5,580 ","2,200 ","11,160 ","3,180","20,370",15.0,계량기보호통(실),연결부,노후,,228.0,132,0.0,0 ,0 ,0 ,미등록,폐콘 0.17,2023-11-08,35.8826234,128.6684953
807,20231110-0089,11-10,동구 신평동 756-3,지상사유지,D25mm 인입선 누수수선,"1,794,590 ","1,794,590 ",0 ,0 ,"24,260 ","30,800 ","28,820 ","7,860 ","3,100 ","15,740 ","5,160","30,600",25.0,스텐레스관,직관,노후,,226.0,133,0.1,134 ,118 ,16 ,미등록,"폐콘 0.25, 폐아 0.47",2023-11-10,35.8792943,128.6752325
808,20231111-0004,11-11,동구 봉무동 149-12,지상사유지,D13mm 계량기 보호통 교체,"1,050,510 ","968,610 ","81,900 ",0 ,"13,490 ","17,130 ","16,030 ","4,370 ","1,720 ","8,750 ","2,810","17,430",15.0,계량기보호통(실),연결부,노후,,202.0,61,0.0,0 ,0 ,0 ,미등록,폐아 0.19,2023-11-11,35.9299429,128.6412414
810,20231113-0097,11-13,"동구 방촌동 798-30 800-9,801-14",지상사유지,D13mm 계량기 보호통 교체,"1,028,160 ","946,260 ","81,900 ",0 ,"14,110 ","17,910 ","16,760 ","4,570 ","1,800 ","9,150 ","2,690","17,240",15.0,계량기보호통(실),연결부,노후,,228.0,132,0.0,0 ,0 ,0 ,미등록,폐콘 0.17,2023-11-13,35.8833902,128.6683759
812,20231115-0003,11-15,동구 부동 280-2,지상공도,D150*13mm 분기점 누수수선,"435,730 ","435,730 ",0 ,0 ,"5,650 ","7,180 ","6,710 ","1,830 ",720 ,"3,670 ","1,310","7,520",15.0,부분기대,부분기대,노후,0.18,,119-1,,0 ,0 ,0 ,등록,,2023-11-15,35.8882342,128.6851449
814,20231115-0116,11-15,동구 방촌동 863-10,지상사유지,D13mm 계량기보호통 교체,"797,600 ","715,700 ","81,900 ",0 ,"10,060 ","12,770 ","11,950 ","3,260 ","1,280 ","6,520 ","2,080","12,950",15.0,계량기보호통(실),연결부,노후,,226.0,133,0.0,0 ,0 ,0 ,미등록,폐콘 0.09,2023-11-15,35.8803826,128.6700784
817,20231117-0037,11-17,동구 검사동 1034-1,지상사유지,D13mm 계량기 보호통 교체,"982,700 ","900,800 ","81,900 ",0 ,"13,100 ","16,630 ","15,560 ","4,240 ","1,670 ","8,500 ","2,580","16,450",15.0,계량기보호통(실),연결부,노후,,210.0,111-1,0.0,0 ,0 ,0 ,미등록,폐콘 0.17,2023-11-17,35.8886899,128.6457214
818,20231117-0070,11-17,동구 도동 807-6,지상사유지,D13mm 계량기실 누수수선,"83,330 ","83,330 ",0 ,0 ,370 ,470 ,440 ,120 ,40 ,240 ,290,380,15.0,계량기보호통(실),접합부,부식,,206.0,72,0.0,0 ,0 ,0 ,미등록,,2023-11-17,35.9151145,128.6595415
820,20231117-0172,11-17,동구 효목동 286-8,지상사유지,D13mm 계량기보호통 교체,"774,990 ","693,090 ","81,900 ",0 ,"10,060 ","12,770 ","11,950 ","3,260 ","1,280 ","6,520 ","1,990","12,960",15.0,계량기보호통(실),연결부,노후,,606.0,35,0.0,0 ,0 ,0 ,미등록,폐콘 0.09,2023-11-17,35.878678,128.6329098
821,20231117-0216,11-17,동구 율암동 382,지상사유지,D13mm 인입선 누수수선,"265,120 ","265,120 ",0 ,0 ,"1,400 ","1,780 ","1,660 ",450 ,170 ,910 ,910,"4,140",15.0,스텐레스관,직관,노후,,230.0,201,0.0,0 ,0 ,0 ,미등록,,2023-11-17,35.8779457,128.7030864
823,20231118-0020,11-18,동구 불로동 328-1,지상공도,D40*13mm 구분기점 누수수선,"319,510 ","319,510 ",0 ,0 ,"4,570 ","5,810 ","5,430 ","1,480 ",580 ,"2,970 ",930,"4,620",15.0,PFP관,이형관,노후,0,,77,,0 ,0 ,0 ,등록,,2023-11-18,35.914589,128.6439775
824,20231118-0023,11-18,동구 용수동 578-1,지상사유지,D13mm 계량기보호통 교체,"905,690 ","823,790 ","81,900 ",0 ,"12,920 ","16,400 ","15,350 ","4,190 ","1,650 ","8,380 ","2,290","16,140",15.0,계량기보호통(실),연결부,노후,,201.0,307,0.0,0 ,0 ,0 ,미등록,폐콘 0.18,2023-11-18,35.9736626,128.6766997
827,20231102-0018,11-02,동구 신천동 815-39,지상사유지,D13mm 계량기 보호통 교체,"888,890 ","806,990 ","81,900 ",0 ,"12,050 ","15,290 ","14,310 ","3,900 ","1,540 ","7,810 ","2,290","15,020",15.0,계량기보호통(실),연결부,노후,,220.0,48,0.0,0 ,0 ,0 ,미등록,폐콘 0.17,2023-11-02,35.8691227,128.6150827
828,20231120-0017,11-20,동구 검사동 763-12,지상사유지,D13mm 계량기실 누수수선,"83,330 ","83,330 ",0 ,0 ,370 ,470 ,440 ,120 ,40 ,240 ,290,380,15.0,계량기보호통(실),접합부,부식,,210.0,108-1,,,,,미등록,,2023-11-20,35.887332,128.6600162
829,20231120-0025,11-20,동구 신천동 847-9,지상사유지,D13mm 계량기 보호통 교체,"1,257,650 ","1,175,750 ","81,900 ",0 ,"18,810 ","23,880 ","22,340 ","6,100 ","2,400 ","12,200 ","3,280","22,000",15.0,계량기보호통(실),연결부,노후,,221.0,49,0.0,0 ,0 ,0 ,미등록,폐콘 0.17,2023-11-20,35.8679175,128.61882
830,20231120-0036,11-20,동구 불로동 31-7,지상공도,D80mm 직관부 누수수선,"1,665,210 ","1,665,210 ",0 ,0 ,"15,930 ","20,220 ","18,920 ","5,160 ","2,040 ","10,330 ","5,200","26,750",80.0,닥타일관,직관,노후,8.6,,77,0.1,134 ,118 ,16 ,등록,폐아 0.56,2023-11-20,35.9129925,128.6432972
831,20231120-0072,11-20,동구 신암동 708-101,지상사유지,D13mm 계량기실 누수수선,"60,210 ","60,210 ",0 ,0 ,370 ,470 ,440 ,120 ,40 ,240 ,200,380,15.0,계량기보호통(실),접합부,부식,,211.0,2,,,,,미등록,,2023-11-20,35.8853135,128.6161204
833,20231121-0042,11-21,동구 신기동 324,기타,D257 유량계실 이설공사,"1,733,010 ","1,733,010 ",0 ,0 ,"22,680 ","28,800 ","26,940 ","7,350 ","2,900 ","14,720 ","5,090","26,240",,,,,,233.0,257,0.1,134 ,118 ,16 ,미등록,폐아0.47,2023-11-21,35.8663425,128.7081058
834,20231121-0182,11-21,동구 효목동 351-14,지하공도,D25mm 직관부 누수수선,"1,017,920 ","1,017,920 ",0 ,0 ,"13,470 ","17,090 ","15,990 ","4,360 ","1,720 ","8,730 ","2,920","19,540",25.0,스텐레스관,직관,노후,"13,452.48",223.0,37,0.1,134 ,118 ,16 ,등록,폐아 0.47,2023-11-21,35.878894,128.640402
835,20231121-0257,11-21,동구 신기동 13-3,지상사유지,D13mm 계량기 보호통 교체,"763,980 ","682,080 ","81,900 ",0 ,"9,050 ","11,490 ","10,750 ","2,930 ","1,150 ","5,870 ","2,040","11,750",15.0,계량기보호통(실),연결부,노후,,233.0,251,0.0,0 ,0 ,0 ,미등록,,2023-11-21,35.8717679,128.7072321
838,20231122-0002,11-22,동구 신천동 809-13,지상공도,D25*13mm 분기점 누수수선,"862,350 ","862,350 ",0 ,0 ,"12,690 ","16,100 ","15,070 ","4,110 ","1,620 ","8,230 ","2,500","16,370",15.0,스텐레스관,이형관,노후,0,220.0,48,0.0,0 ,0 ,0 ,미등록,,2023-11-22,35.8692961,128.6155479
840,20231122-0385,11-22,동구 방촌동 10-1,지상공도,D50mm 직관부 누수수선,"3,224,980 ","3,224,980 ",0 ,0 ,"46,530 ","59,070 ","55,270 ","15,080 ","5,960 ","30,190 ","9,160","54,750",50.0,PE관,직관,노후,6.93,,104,0.2,268 ,236 ,32 ,등록,폐아 1.08,2023-11-22,35.8967982,128.6784937
844,20231123-0310,11-23,동구 봉무동 149-12,지상사유지,D13mm 계량기실 누수수선,"83,330 ","83,330 ",0 ,0 ,370 ,470 ,440 ,120 ,40 ,240 ,290,380,15.0,계량기보호통(실),접합부,부식,,202.0,61,0.0,0 ,0 ,0 ,미등록,,2023-11-23,35.9299429,128.6412414
847,20231125-0002,11-25,동구 신암동 657-9,지상사유지,D13mm 계량기 보호통 교체,"965,770 ","883,870 ","81,900 ",0 ,"13,130 ","16,670 ","15,600 ","4,250 ","1,680 ","8,520 ","2,510","16,600",15.0,계량기보호통(실),연결부,노후,,211.0,3,0.0,0 ,0 ,0 ,미등록,폐콘 0.17,2023-11-25,35.8875227,128.6187979
848,20231125-0009,11-25,동구 숙천동 223-1,지상공도,D40*13mm 분기점 누수수선,"1,324,480 ","1,324,480 ",0 ,0 ,"17,080 ","21,680 ","20,280 ","5,530 ","2,180 ","11,080 ","3,870","22,100",15.0,PFP관,이형관,노후,0.11,236.0,243,0.1,134 ,118 ,16 ,등록,폐아 0.47,2023-11-25,35.8755092,128.7575029
849,20231125-0016,11-25,동구 효목동 66-6,지상사유지,D13mm 계량기보호통 교체,"854,780 ","772,880 ","81,900 ",0 ,"12,430 ","15,780 ","14,770 ","4,030 ","1,590 ","8,060 ","2,170","13,850",15.0,계량기보호통(실),연결부,노후,,213.0,24,0.0,0 ,0 ,0 ,미등록,폐아 0.19,2023-11-25,35.8858405,128.6376401
850,20231125-0039,11-25,동구 신암동 652-32,지상사유지,D13mm 계량기실 누수수선,"60,210 ","60,210 ",0 ,0 ,370 ,470 ,440 ,120 ,40 ,240 ,200,380,15.0,계량기보호통(실),접합부,부식,,211.0,3,,,,,미등록,,2023-11-25,35.8904146,128.6205568
855,20231128-0296,11-28,동구 방촌동 862-13,지상사유지,D13mm 계량기보호통 교체,"830,620 ","748,720 ","81,900 ",0 ,"10,360 ","13,160 ","12,310 ","3,360 ","1,320 ","6,720 ","2,190","13,420",15.0,계량기보호통(실),연결부,노후,,228.0,132,0.0,0 ,0 ,0 ,미등록,폐콘 0.09,2023-11-28,35.8815375,128.6694536
358,20230416-0040,04-16,동구 효목동 130-17,노후관교체공사,"노후배수관 교체공사(STS D40mm, L=30m)","4,823,990 ","4,823,990 ",0 ,0 ,"67,000 ","85,050 ","79,580 ","21,720 ","8,580 ","43,470 ","14,230","92,910",,,,,,213.0,26,0.9,"1,208 ","1,062 ",146 ,미등록,,2023-04-16,35.8836106,128.6418112
359,20230417-0492,04-17,동구 효목동 380-1,노후관교체공사,"노후배수관 교체공사(STS D40mm, L=36m)","5,968,410 ","5,968,410 ",0 ,0 ,"86,050 ","109,230 ","102,210 ","27,900 ","11,020 ","55,830 ","17,420","114,420",,,,,,223.0,37,1.0,"1,342 ","1,180 ",162 ,미등록,,2023-04-17,35.8789263,128.6366139
391,20230502-0778,05-02,동구 효목동 381-20,노후관교체공사,"노후배수관 교체공사(STS D40mm, L=36m)","5,863,290 ","5,863,290 ",0 ,0 ,"79,520 ","100,950 ","94,450 ","25,780 ","10,180 ","51,590 ","17,420","109,340",,,,,,223.0,37,1.0,"1,342 ","1,180 ",162 ,미등록,,2023-05-02,35.8790217,128.6365019
404,20230508-0512,05-08,동구 효목동 120-17,노후관교체공사,"노후배수관 교체공사(D40mm, L=30m)","6,094,010 ","6,094,010 ",0 ,0 ,"82,190 ","104,340 ","97,630 ","26,650 ","10,520 ","53,330 ","17,910","113,910",,,,,,213.0,24,0.9,"1,208 ","1,062 ",146 ,미등록,폐아 0.87,2023-05-08,35.884281,128.6409929
420,20230518-0291,05-18,동구 방촌동 1084-236,노후관교체공사,"STS D=40mm, L=60m 노후배수관 교체","9,050,040 ","9,050,040 ",0 ,0 ,"132,910 ","168,720 ","157,870 ","43,090 ","17,020 ","86,230 ","26,120","168,090",,,,,,227.0,124-2,1.7,"2,281 ","2,006 ",275 ,미등록,폐아 0.7톤,2023-05-18,35.8779545,128.6638582
428,20230522-0547,05-22,동구 서호동 152-29,노후관교체공사,"노후배수관 교체공사(STS D40mm, L=54m)","8,514,380 ","8,514,380 ",0 ,0 ,"109,590 ","139,110 ","130,170 ","35,530 ","14,030 ","71,100 ","25,560","165,510",,,,,,233.0,257,1.3,"1,744 ","1,534 ",210 ,미등록,폐아 0.24,2023-05-22,35.8674241,128.7116243
488,20230617-0038,06-17,동구 신천동 262-34,노후관교체공사,"노후배수관 교체공사(STS D40mm, L=34m)","4,523,390 ","4,523,390 ",0 ,0 ,"57,620 ","73,150 ","68,440 ","18,680 ","7,380 ","37,380 ","13,650","85,170",,,,,,221.0,41,1.3,"1,744 ","1,534 ",210 ,미등록,,2023-06-17,35.8724881,128.6209636
592,20230814-0036,08-14,동구 중대동 920,기타,출장-미누수(마을상수도),"361,630 ","361,630 ",0 ,0 ,0 ,0 ,0 ,0 ,0 ,0 ,"1,380",0,,,,,,201.0,54,,0 ,0 ,0 ,미등록,,2023-08-14,35.9894456,128.6350908
621,20230828-0547,08-28,동구 신천동 825-21,지상사유지,D13mm 계량기 보호통 교체,"1,027,950 ","946,050 ","81,900 ",0 ,"14,710 ","18,670 ","17,470 ","4,760 ","1,880 ","9,540 ","2,670","17,750",15.0,계량기보호통(실),연결부,노후,,220.0,48,,,,,미등록,폐콘 0.09,2023-08-28,35.8683878,128.6163644
720,20231012-0055,10-12,동구 신암동 784-26,지상사유지,D13mm 계량기 보호통 교체,"867,470 ","785,570 ","81,900 ",0 ,"11,420 ","14,500 ","13,560 ","3,700 ","1,460 ","7,410 ","2,260","14,850",15.0,계량기보호통(실),계량기보호통,부식,,211.0,6,,,,,미등록,폐콘 0.09,2023-10-12,35.8839467,128.6145754
759,20231026-0044,10-26,동구 신암동 490-20,지상공도,D40*13mm 분기점 누수수선,"220,930 ","220,930 ",0 ,0 ,"2,580 ","3,280 ","3,070 ",830 ,330 ,"1,670 ",680,"3,400",15.0,부분기대,부분기대,노후,0,216.0,16-2,0.0,0 ,0 ,0 ,등록,,2023-10-26,35.876442,128.6157309
800,20231107-0223,11-07,동구 신천동 682-16,지하미누수,터파기 확인 결과 미누수,"108,760 ","108,760 ",0 ,0 ,"1,230 ","1,560 ","1,460 ",390 ,150 ,790 ,340,"1,280",,,,,,220.0,40,,0 ,0 ,0 ,미등록,,2023-11-07,35.8717735,128.6180082
803,20231109-0084,11-09,동구 신암동 129-175,지상사유지,D13mm 계량기 보호통 교체,"889,880 ","807,980 ","81,900 ",0 ,"12,050 ","15,290 ","14,310 ","3,900 ","1,540 ","7,810 ","2,290","15,040",15.0,계량기보호통(실),연결부,노후,,209.0,1,,,,,미등록,폐콘 0.17,2023-11-09,35.8879556,128.6326704
806,20231110-0002,11-10,동구 불로동 1063-5,지상사유지,D13mm 계량기보호통 교체,"792,110 ","710,210 ","81,900 ",0 ,"9,940 ","12,620 ","11,810 ","3,220 ","1,270 ","6,450 ","2,070","12,850",15.0,계량기보호통(실),연결부,노후,,208.0,99,0.0,0 ,0 ,0 ,미등록,폐콘 0.09,2023-11-10,35.894726,128.6343568
845,20231124-0099,11-24,동구 신암동 56-7,노후관교체공사,"STS D40mm, L=90m 노후배수관 교체","20,440,150 ","20,440,150 ",0 ,0 ,"232,660 ","295,330 ","276,340 ","75,430 ","29,800 ","150,950 ","59,040","370,830",,,,,,209.0,12,8.6,"11,539 ","10,148 ","1,391 ",미등록,폐아 16.92톤,2023-11-24,35.8896813,128.6356199
854,20231128-0086,11-28,동구 신암동 58-21,노후관교체공사,"노후배수관 교체공사(D40mm, L=90m)","19,939,350 ","19,939,350 ",0 ,0 ,"277,660 ","352,460 ","329,800 ","90,020 ","35,560 ","180,150 ","58,190","360,590",,,,,,209.0,12,3.2,"4,293 ","3,776 ",517 ,미등록,폐아 2.63,2023-11-28,35.8896969,128.6351428
856,20231129-0365,11-29,동구 신암동 491-3,지상사유지,D13mm 계량기보호통 교체,"817,380 ","735,480 ","81,900 ",0 ,"10,780 ","13,690 ","12,810 ","3,490 ","1,380 ","6,990 ","2,110","13,790",15.0,계량기보호통(실),연결부,노후,,216.0,16-2,0.0,0 ,0 ,0 ,미등록,폐콘 0.09,2023-11-29,35.8767018,128.6158172
858,20231129-0590,11-29,동구 신천동 270-16,지상사유지,D13mm 계량기보호통 교체,"782,010 ","700,110 ","81,900 ",0 ,"9,910 ","12,580 ","11,770 ","3,210 ","1,260 ","6,430 ","2,030","12,930",15.0,계량기보호통(실),연결부,노후,,221.0,41,0.0,0 ,0 ,0 ,미등록,폐콘 0.09,2023-11-29,35.8732696,128.6187724
859,20231130-0004,11-30,동구 신천동 183-16,지상공도,D50*13mm 분기점 누수수선,"724,000 ","724,000 ",0 ,0 ,"10,040 ","12,740 ","11,920 ","3,250 ","1,280 ","6,510 ","2,140","12,070",15.0,부분기대,부분기대,노후,0.18,221.0,49,0.0,0 ,0 ,0 ,등록,,2023-11-30,35.8721542,128.6196722
861,20231130-0593,11-30,동구 효목동 388-139,지상사유지,D13mm 계량기보호통 교체,"774,990 ","693,090 ","81,900 ",0 ,"10,060 ","12,770 ","11,950 ","3,260 ","1,280 ","6,520 ","1,990","12,960",15.0,계량기보호통(실),계량기보호통,부식,,606.0,36,,,,,미등록,폐콘 0.09,2023-11-30,35.877419,128.6341572
862,20231201-0029,12-01,동구 신암동 787-2,지상사유지,D=13mm 계량기보호통 교체,"828,120 ","746,220 ","81,900 ",0 ,"10,940 ","13,880 ","12,990 ","3,540 ","1,400 ","7,090 ","2,140","14,010",15.0,계량기보호통(실),계량기보호통,부식,,211.0,6,,,,,미등록,폐콘 0.09,2023-12-01,35.8833282,128.6159578
866,20231202-0059,12-02,동구 방촌동 1084-519,지상공도,D50*13mm 분기점 누수수선,"223,140 ","223,140 ",0 ,0 ,"2,580 ","3,280 ","3,070 ",830 ,330 ,"1,670 ",690,"2,890",15.0,PFP관,직관,노후,0,,124-2,0.0,0 ,0 ,0 ,등록,,2023-12-02,35.8779212,128.6652718
867,20231202-0060,12-02,동구 효목동 377-4,지상공도,D25mm 직관부 누수수선,"542,850 ","542,850 ",0 ,0 ,"5,220 ","6,630 ","6,210 ","1,690 ",660 ,"3,390 ","1,740","9,170",25.0,스텐레스관,직관,노후,0,,37,,0 ,0 ,0 ,등록,,2023-12-02,35.8797388,128.637241
868,20231204-0146,12-04,동구 효목동 87-10,지상공도,D150*25mm 구분기점 누수수선,"722,380 ","722,380 ",0 ,0 ,"8,840 ","11,230 ","10,510 ","2,860 ","1,130 ","5,740 ","2,210","10,230",25.0,닥타일관,직관,노후,0,,27,,0 ,0 ,0 ,등록,,2023-12-04,35.8867156,128.6416223
870,20231204-0707,12-04,동구 부동 595-22,지상사유지,D13mm 인입선 누수수선,"314,060 ","314,060 ",0 ,0 ,"2,770 ","3,520 ","3,290 ",890 ,350 ,"1,800 ","1,020","5,480",15.0,스텐레스관,기타,부식,,225.0,110,,,,,미등록,,2023-12-04,35.8948529,128.6828673
873,20231205-0539,12-05,동구 방촌동 1072-58,지상공도,D150*13mm 분기점 누수수선,"1,050,680 ","1,050,680 ",0 ,0 ,"12,880 ","16,360 ","15,300 ","4,170 ","1,640 ","8,360 ","3,210","15,970",15.0,닥타일관,직관,노후,0,,124-2,0.0,0 ,0 ,0 ,등록,,2023-12-05,35.8807514,128.6618959
874,20231206-0212,12-06,동구 괴전동 117-12,지상사유지,D13mm 계량기 보호통 교체,"848,520 ","766,620 ","81,900 ",0 ,"10,560 ","13,410 ","12,540 ","3,420 ","1,350 ","6,850 ","2,220","13,340",15.0,계량기보호통(실),연결부,노후,,235.0,237-1,,,,,미등록,폐콘 0.17,2023-12-06,35.8732844,128.7344695
875,20231206-0262,12-06,동구 효목동 118-36,지상사유지,D13mm 계량기 보호통 교체,"985,740 ","903,840 ","81,900 ",0 ,"13,340 ","16,930 ","15,840 ","4,320 ","1,700 ","8,650 ","2,570","16,770",15.0,계량기보호통(실),연결부,노후,,213.0,26,0.0,0 ,0 ,0 ,미등록,폐콘 0.17,2023-12-06,35.8849283,128.6412446
876,20231206-0273,12-06,동구 방촌동 1084-99,지상사유지,D13mm 계량기 보호통 교체,"836,870 ","754,970 ","81,900 ",0 ,"10,710 ","13,600 ","12,720 ","3,470 ","1,370 ","6,950 ","2,170","13,580",15.0,계량기보호통(실),연결부,노후,,227.0,124-2,,,,,미등록,폐콘 0.17,2023-12-06,35.879585,128.6661075
878,20231206-0423,12-06,동구 효목동 144-45,지상사유지,D13mm 계량기보호통 교체,"774,760 ","692,860 ","81,900 ",0 ,"10,060 ","12,770 ","11,950 ","3,260 ","1,280 ","6,520 ","1,990","12,960",15.0,계량기보호통(실),계량기보호통,부식,,213.0,24,,,,,미등록,폐콘 0.09,2023-12-06,35.8819283,128.640989
880,20231207-0032,12-07,동구 율하동 963-3,지상사유지,D13mm 계량기보호통 교체,"831,550 ","749,650 ","81,900 ",0 ,"10,060 ","12,770 ","11,950 ","3,260 ","1,280 ","6,520 ","2,210","12,960",15.0,계량기보호통(실),계량기보호통,부식,,233.0,255,,,,,미등록,폐콘 0.09,2023-12-07,35.8676654,128.6994462
882,20231207-0249,12-07,동구 신암동 56-63,노후관교체공사,"STS D=40mm, L=90m 노후배수관 교체","12,148,510 ","12,148,510 ",0 ,0 ,"173,760 ","220,570 ","206,380 ","56,330 ","22,250 ","112,730 ","35,580","222,750",,,,,,209.0,12,1.2,"1,610 ","1,416 ",194 ,미등록,,2023-12-07,35.8895988,128.6365188
883,20231207-0251,12-07,동구 신암동 54-1,노후관교체공사,"노후배수관 교체공사(STS D40mm, L=90m)","14,456,170 ","14,456,170 ",0 ,0 ,"213,230 ","270,670 ","253,260 ","69,130 ","27,310 ","138,340 ","41,460","273,540",,,,,,209.0,12,0.3,403 ,354 ,49 ,미등록,폐아 1.88,2023-12-07,35.8894561,128.6367227
885,20231208-0227,12-08,동구 숙천동 100,지상사유지,D13mm 계량기 보호통 교체,"819,620 ","737,720 ","81,900 ",0 ,"10,240 ","12,990 ","12,160 ","3,320 ","1,310 ","6,640 ","2,180","13,020",15.0,계량기보호통(실),연결부,노후,,236.0,223,,,,,미등록,,2023-12-08,35.8827214,128.7550606
896,20231218-0204,12-18,동구 용계동 1017-1,지하공도,D40mm 직관부 누수수선,"1,618,440 ","1,618,440 ",0 ,0 ,"20,730 ","26,320 ","24,630 ","6,720 ","2,650 ","13,450 ","4,880","28,540",40.0,PFP관,직관,노후,"69,608.88",227.0,138,,0 ,0 ,0 ,등록,,2023-12-18,35.8757953,128.6816924
901,20231220-0029,12-20,동구 검사동 756-193,지상사유지,D13mm 계량기실 누수수선,"83,330 ","83,330 ",0 ,0 ,370 ,470 ,440 ,120 ,40 ,240 ,290,380,15.0,계량기보호통(실),접합부,부식,,210.0,108-1,0.0,0 ,0 ,0 ,미등록,,2023-12-20,35.8864113,128.6588068
903,20231221-0037,12-21,동구 신천동 263-17,지상사유지,D13mm 계량기보호통 교체,"786,280 ","704,380 ","81,900 ",0 ,"10,060 ","12,770 ","11,950 ","3,260 ","1,280 ","6,520 ","2,040","12,980",15.0,계량기보호통(실),연결부,노후,,221.0,41,0.0,0 ,0 ,0 ,미등록,폐콘 0.09,2023-12-21,35.8730508,128.6205447
904,20231221-0128,12-21,동구 불로동 605-8,기타,감압변실 설치 전 시험 터파기,"4,909,770 ","4,909,770 ",0 ,0 ,"68,280 ","86,670 ","81,100 ","22,130 ","8,740 ","44,300 ","13,790","85,380",,,,,,207.0,79,1.1,"1,476 ","1,298 ",178 ,미등록,폐아 2.8,2023-12-21,35.9089637,128.6406275
911,20231226-0023,12-26,동구 신암동 630-64,지상사유지,D13mm 계량기보호통 교체,"774,990 ","693,090 ","81,900 ",0 ,"10,060 ","12,770 ","11,950 ","3,260 ","1,280 ","6,520 ","1,990","12,960",15.0,계량기보호통(실),연결부,노후,,211.0,7,0.0,0 ,0 ,0 ,미등록,폐콘 0.09,2023-12-26,35.8857641,128.6217428
912,20231226-0046,12-26,동구 진인동 443,지상공도,D50mm 직관부 누수수선,"1,025,230 ","1,025,230 ",0 ,0 ,"11,420 ","14,500 ","13,570 ","3,700 ","1,460 ","7,410 ","2,850","13,610",50.0,PFP관,이형관,노후,0,201.0,313,0.0,0 ,0 ,0 ,등록,폐콘 1.38,2023-12-26,35.9556765,128.7243863
913,20231226-0055,12-26,동구 신암동 277-16,지상사유지,D13mm 계량기보호통 교체,"768,970 ","687,070 ","81,900 ",0 ,"9,910 ","12,580 ","11,770 ","3,210 ","1,260 ","6,430 ","1,980","12,860",15.0,계량기보호통(실),연결부,노후,,212.0,20,0.0,0 ,0 ,0 ,미등록,폐콘 0.09,2023-12-26,35.8820457,128.6295954
914,20231226-0294,12-26,동구 신서동 456-3 나동 202호,지상공도,D150*25mm 분기점 누수수선,"2,011,780 ","2,011,780 ",0 ,0 ,"25,360 ","32,200 ","30,120 ","8,220 ","3,240 ","16,450 ","5,860","34,120",25.0,부분기대,부분기대,노후,1.11,235.0,236,0.3,403 ,354 ,49 ,등록,폐아 0.94,2023-12-26,35.8738152,128.7334108
918,20231226-0560,12-26,동구 도동 3-25,지상사유지,D13mm 계량기실 누수수선,"83,330 ","83,330 ",0 ,0 ,370 ,470 ,440 ,120 ,40 ,240 ,290,380,15.0,계량기보호통(실),연결부,노후,,205.0,80,0.0,0 ,0 ,0 ,미등록,,2023-12-26,35.9094058,128.6452659
919,20231227-0046,12-27,동구 방촌동 988-39,지상사유지,D13mm 계량기보호통 교체,"792,110 ","710,210 ","81,900 ",0 ,"9,910 ","12,580 ","11,770 ","3,210 ","1,260 ","6,430 ","2,070","12,860",15.0,계량기보호통(실),연결부,노후,,228.0,123-2,0.0,0 ,0 ,0 ,미등록,폐콘 0.09,2023-12-27,35.8845193,128.6631959
920,20231227-0197,12-27,동구 지저동 770-7,지상사유지,D13 계량기실 누수수선,"83,330 ","83,330 ",0 ,0 ,370 ,470 ,440 ,120 ,40 ,240 ,290,380,15.0,계량기보호통(실),접합부,부식,,208.0,106-2,0.0,0 ,0 ,0 ,미등록,,2023-12-27,35.8951437,128.6377954
925,20231228-0021,12-28,동구 신천동 484-10,지상공도,D40*15mm 분기점 누수수선,"479,140 ","479,140 ",0 ,0 ,"4,990 ","6,340 ","5,930 ","1,620 ",630 ,"3,240 ","1,510","7,670",15.0,PFP관,이형관,노후,0.18,606.0,44-2,0.0,0 ,0 ,0 ,미등록,,2023-12-28,35.8740668,128.6338853
928,20231228-0381,12-28,동구 불로동 213-4,지상사유지,D13mm 계량기보호통 교체,"816,710 ","734,810 ","81,900 ",0 ,"10,010 ","12,710 ","11,890 ","3,240 ","1,280 ","6,490 ","2,150","13,200",15.0,계량기보호통(실),연결부,노후,,204.0,76,0.0,0 ,0 ,0 ,미등록,폐콘 0.09,2023-12-28,35.9114304,128.6394727
930,20231228-0552,12-28,동구 신천동 17-1,지하공도,D80mm 직관부 누수수선,"837,690 ","837,690 ",0 ,0 ,"9,030 ","11,460 ","10,730 ","2,920 ","1,150 ","5,860 ","2,630","14,000",80.0,닥타일관,직관,노후,"138,846",219.0,30,,0 ,0 ,0 ,등록,,2023-12-28,35.8749158,128.6177649
931,20231229-0028,12-29,동구 효목동 539,지상사유지,D13mm 계량기실 누수 수선,"60,210 ","60,210 ",0 ,0 ,370 ,470 ,440 ,120 ,40 ,240 ,200,380,15.0,계량기보호통(실),접합부,부식,,224.0,47,0.0,0 ,0 ,0 ,미등록,,2023-12-29,35.8744947,128.6401151
932,20231229-0184,12-29,동구 방촌동 988-88,지상사유지,D13 계량기실 누수수선,"83,330 ","83,330 ",0 ,0 ,370 ,470 ,440 ,120 ,40 ,240 ,290,380,15.0,계량기보호통(실),접합부,부식,,228.0,123-2,0.0,0 ,0 ,0 ,미등록,,2023-12-29,35.8849215,128.6611908
839,20231122-0324,11-22,동구 도동 113,기타,아스팔트 재포장,"1,586,480 ","1,586,480 ",0 ,0 ,"21,000 ","26,660 ","24,940 ","6,810 ","2,690 ","13,620 ","4,510","26,420",,,,,,205.0,80,0.3,403 ,354 ,49 ,미등록,폐아 0.94,2023-11-22,35.9115939,128.6501867
881,20231207-0247,12-07,동구 신암동 56-53,노후관교체공사,"STS D40mm, L=90m 노후배수관 교체","15,149,460 ","15,149,460 ",0 ,0 ,"176,230 ","223,710 ","209,320 ","57,130 ","22,570 ","114,340 ","43,840","279,510",,,,,,209.0,12,5.8,"7,782 ","6,844 ",938 ,미등록,폐아스콘 11.28톤,2023-12-07,35.8898853,128.6361076
908,20231223-0005,12-23,동구 신평동 777-6,지상공도,D150mm 직관부 누수수선,"3,959,690 ","3,645,690 ","314,000 ",0 ,"50,080 ","63,570 ","59,480 ","16,230 ","6,410 ","32,490 ","10,430","62,790",150.0,닥타일관,직관,노후,72,,133,1.0,"1,342 ","1,180 ",162 ,등록,폐아 1.47,2023-12-23,35.877879,128.6769107
909,20231224-0002,12-24,동구 상매동 174,지상공도,D32mm 직관부 누수수선,"400,210 ","400,210 ",0 ,0 ,"2,160 ","2,740 ","2,560 ",700 ,270 ,"1,400 ","1,380","6,190",32.0,스텐레스관,직관,노후,0.46,230.0,201,0.0,0 ,0 ,0 ,등록,,2023-12-24,35.9039697,128.7132149
915,20231226-0379,12-26,동구 능성동 187-2,미누수,출장비(N=4),"344,330 ","344,330 ",0 ,0 ,0 ,0 ,0 ,0 ,0 ,0 ,"1,310",0,,,,,,201.0,313,,0 ,0 ,0 ,미등록,,2023-12-26,35.9659881,128.7421422
917,20231226-0441,12-26,동구 지묘동 522-3,지상사유지,D13mm 계량기실 누수수선,"109,650 ","109,650 ",0 ,0 ,370 ,470 ,440 ,120 ,40 ,240 ,390,470,15.0,계량기보호통(실),접합부,부식,,201.0,57,0.0,0 ,0 ,0 ,미등록,,2023-12-26,35.9419458,128.6388147
921,20231227-0198,12-27,동구 신천동 178-3,지상사유지,D20mm 계량기보호통 교체,"769,520 ","687,620 ","81,900 ",0 ,"9,840 ","12,500 ","11,690 ","3,190 ","1,260 ","6,380 ","1,980","12,910",20.0,계량기보호통(실),연결부,노후,,221.0,49,,,,,미등록,폐콘 0.09,2023-12-27,35.8706413,128.6202532
924,20231227-0337,12-27,동구 각산동 711,지상공도,D25mm 직관부 누수수선,"359,830 ","359,830 ",0 ,0 ,"2,360 ","3,000 ","2,800 ",760 ,300 ,"1,530 ","1,210","6,090",25.0,스텐레스관,직관,노후,0,229.0,205,0.0,0 ,0 ,0 ,등록,,2023-12-27,35.8848709,128.7134231
927,20231228-0277,12-28,동구 신기동 122-8,지상사유지,D13mm 계량기보호통 교체,"722,610 ","640,710 ","81,900 ",0 ,"8,420 ","10,690 ","10,000 ","2,730 ","1,070 ","5,460 ","1,890","11,030",15.0,계량기보호통(실),연결부,노후,,233.0,251,,,,,미등록,폐콘 0.09,2023-12-28,35.8717392,128.70486
929,20231228-0393,12-28,동구 신암동 276-9,지상사유지,D13mm 계량기실 누수수선,"60,210 ","60,210 ",0 ,0 ,370 ,470 ,440 ,120 ,40 ,240 ,200,380,15.0,계량기보호통(실),접합부,부식,,212.0,20,,,,,미등록,,2023-12-28,35.8811805,128.62882
942,20240103-0503,01-03,동구 입석동 539-17,지상사유지,D13mm 계량기보호통 교체,"419,520 ","419,520 ",0 ,0 ,"6,430 ","8,170 ","7,640 ","2,080 ",820 ,"4,170 ","1,180","6,620",15.0,계량기보호통(실),접합부,부식,,210.0,108-1,0.0,0 ,0 ,0 ,미등록,폐콘 0.09,2024-01-03,35.8913383,128.6523676
943,20240104-0036,01-04,동구 신천동 679-6,지상사유지,D13mm 계량기보호통 교체,"774,990 ","693,090 ","81,900 ",0 ,"10,060 ","12,770 ","11,950 ","3,260 ","1,280 ","6,520 ","1,990","12,960",15.0,계량기보호통(실),연결부,노후,,220.0,40,0.0,0 ,0 ,0 ,미등록,폐콘 0.09,2024-01-04,35.8714921,128.6188122
946,20240104-0212,01-04,동구 내곡동 80,지상사유지,D13mm 인입선 누수수선,"437,520 ","437,520 ",0 ,0 ,"2,530 ","3,210 ","3,000 ",820 ,320 ,"1,640 ","1,490","8,070",15.0,스텐레스관,직관,노후,,236.0,211,0.0,0 ,0 ,0 ,미등록,,2024-01-04,35.8891919,128.7586433
949,20240105-0162,01-05,동구 신암동 57-18,노후관교체공사,"노후배수관 교체공사(STS D=40mm, L=87m)","14,862,530 ","14,862,530 ",0 ,0 ,"161,170 ","204,590 ","191,430 ","52,250 ","20,640 ","104,560 ","42,870","272,750",,,,,,209.0,12,3.4,"4,936 ","4,386 ",550 ,미등록,폐아 14.31,2024-01-05,35.8897411,128.6363148
953,20240106-0018,01-06,동구 신천동 353-1,지상공도,D100*13mm 구분기점 누수수선,"46,550 ","46,550 ",0 ,0 ,70 ,90 ,90 ,20 ,0 ,40 ,170,140,15.0,부분기대,부분기대,노후,0.23,,44-2,,0 ,0 ,0 ,등록,,2024-01-06,35.8694556,128.6310553
955,20240108-0178,01-08,동구 신암동 620-19,지상사유지,D13mm 계량기 보호통 교체,"822,080 ","740,180 ","81,900 ",0 ,"11,010 ","13,980 ","13,080 ","3,570 ","1,410 ","7,140 ","2,110","13,820",15.0,계량기보호통(실),연결부,노후,,211.0,9,,,,,미등록,폐콘 0.09,2024-01-08,35.8857315,128.6253982
956,20240108-0237,01-08,동구 효목동 1166,지상사유지,D25mm 계량기실 누수수선,"73,570 ","73,570 ",0 ,0 ,520 ,670 ,620 ,170 ,60 ,340 ,240,670,25.0,계량기보호통(실),접합부,부식,,214.0,136,0.0,0 ,0 ,0 ,미등록,,2024-01-08,35.8786622,128.6551917
957,20240109-0002,01-09,동구 신기동 543-7,지상공도,D40mm 직관부 누수수선,"540,830 ","540,830 ",0 ,0 ,"3,770 ","4,780 ","4,470 ","1,220 ",480 ,"2,440 ","1,810","10,440",40.0,스텐레스관,직관,노후,8.66,,250,0.0,0 ,0 ,0 ,등록,,2024-01-09,35.8706328,128.7017089
960,20240109-0208,01-09,동구 신암동 1810-11,지상공도,D150*13mm 분기점 누수수선,"386,630 ","386,630 ",0 ,0 ,"4,760 ","6,040 ","5,650 ","1,540 ",600 ,"3,080 ","1,170","7,200",15.0,부분기대,부분기대,노후,0.25,211.0,9,,0 ,0 ,0 ,등록,,2024-01-09,35.8877341,128.6247118
961,20240109-0244,01-09,동구 내곡동 331-2 제자들의교회,지상공도,D100mm 직관부 누수수선,"749,110 ","749,110 ",0 ,0 ,"5,590 ","7,100 ","6,640 ","1,810 ",710 ,"3,630 ","2,490","12,540",100.0,닥타일관,직관,노후,25.57,236.0,211,0.0,0 ,0 ,0 ,등록,,2024-01-09,35.8829749,128.7567128
962,20240109-0256,01-09,동구 용계동 369-4,지상사유지,D20mm 계량기실 누수수선,"108,440 ","108,440 ",0 ,0 ,410 ,530 ,490 ,130 ,50 ,270 ,380,420,20.0,계량기보호통(실),접합부,부식,,226.0,224-1,0.0,0 ,0 ,0 ,미등록,,2024-01-09,35.876975,128.6841214
966,20240113-0015,01-13,동구 신평동 331-9,지상사유지,D13mm 계량기보호통 교체,"784,250 ","702,350 ","81,900 ",0 ,"9,700 ","12,320 ","11,520 ","3,140 ","1,240 ","6,290 ","2,050","12,740",15.0,계량기보호통(실),연결부,노후,,226.0,133,,,,,미등록,폐콘 0.09,2024-01-13,35.87887,128.6787634
968,20240116-0188,01-16,동구 신암동 787-2,미누수,확인터파기결과-미누수,"196,870 ","196,870 ",0 ,0 ,"2,770 ","3,510 ","3,290 ",890 ,350 ,"1,790 ",550,"2,840",,,,,,211.0,6,,0 ,0 ,0 ,미등록,폐콘 0.09,2024-01-16,35.8833282,128.6159578
970,20240116-0314,01-16,동구 신암동 68-16,지상사유지,D13mm 계량기보호통 교체,"764,210 ","682,310 ","81,900 ",0 ,"9,900 ","12,570 ","11,760 ","3,210 ","1,260 ","6,420 ","1,960","12,740",15.0,계량기보호통(실),연결부,노후,,209.0,1,,,,,미등록,폐콘 0.09,2024-01-16,35.8897643,128.6342057
971,20240117-0012,01-17,동구 신암동 603-1,미누수,확인터파기결과-미누수,"503,220 ","503,220 ",0 ,0 ,"6,250 ","7,940 ","7,430 ","2,020 ",800 ,"4,050 ","1,530","7,110",,,,,,211.0,8,,,,,미등록,,2024-01-17,35.8847526,128.6214806
972,20240117-0115,01-17,동구 신암동 170-14,지상공도,100mm 직관부 누수수선,"211,340 ","211,340 ",0 ,0 ,"2,260 ","2,870 ","2,680 ",730 ,280 ,"1,460 ",660,"2,290",100.0,PFP관,이형관,노후,8.6,217.0,17,0.0,0 ,0 ,0 ,등록,,2024-01-17,35.8799284,128.6188171
975,20240118-0162,01-18,동구 둔산동 1066-2,지상사유지,D13mm 계량기보호통 교체,"809,890 ","727,990 ","81,900 ",0 ,"10,210 ","12,960 ","12,130 ","3,310 ","1,300 ","6,620 ","2,120","13,210",15.0,계량기보호통(실),연결부,노후,,226.0,102,,,,,미등록,폐콘 0.09,2024-01-18,35.8967523,128.670762
979,20240119-0371,01-19,동구 불로동 1000-24,지상사유지,D13mm 계량기 보호통 교체,"820,370 ","738,470 ","81,900 ",0 ,"10,360 ","13,160 ","12,310 ","3,360 ","1,320 ","6,720 ","2,150","13,430",15.0,계량기보호통(실),연결부,노후,,208.0,92,,,,,미등록,폐콘 0.09,2024-01-19,35.8992395,128.6326
980,20240122-0011,01-22,동구 신천동 384-5,지상사유지,D13mm 계량기실 누수수선,"60,210 ","60,210 ",0 ,0 ,370 ,470 ,440 ,120 ,40 ,240 ,200,380,15.0,계량기보호통(실),접합부,부식,,222.0,34,0.0,0 ,0 ,0 ,미등록,,2024-01-22,35.8764591,128.6295161
982,20240122-0368,01-22,동구 신천동 263-19,노후관교체공사,"STS D40mm, L=64m 노후배수관 교체","12,458,080 ","12,458,080 ",0 ,0 ,"127,780 ","162,200 ","151,770 ","41,430 ","16,360 ","82,900 ","36,360","225,960",,,,,,221.0,41,5.7,"8,275 ","7,353 ",922 ,미등록,폐아스콘 12.03톤,2024-01-22,35.8729944,128.6207119
983,20240123-0002,01-23,동구 신천동 659-1,지상공도,D80mm 직관부 및 분기점 누수수선,"1,270,700 ","1,270,700 ",0 ,0 ,"15,500 ","19,680 ","18,410 ","5,020 ","1,980 ","10,050 ","3,870","23,680",80.0,닥타일관,직관,노후,15.85,220.0,48,0.0,0 ,0 ,0 ,등록,,2024-01-23,35.8698083,128.6178291
985,20240124-0466,01-24,동구 신암동 207-23,지상공도,D80*13mm 분기점 누수수선,"372,920 ","372,920 ",0 ,0 ,"4,490 ","5,700 ","5,340 ","1,450 ",570 ,"2,910 ","1,140","6,670",15.0,부분기대,부분기대,노후,0.25,217.0,18,,0 ,0 ,0 ,등록,,2024-01-24,35.8792411,128.624968
986,20240126-0020,01-26,동구 신암동 786-6,지상사유지,D=13mm 계량기실 누수수선,"60,210 ","60,210 ",0 ,0 ,370 ,470 ,440 ,120 ,40 ,240 ,200,380,15.0,계량기보호통(실),접합부,부식,,211.0,6,,,,,미등록,,2024-01-26,35.8837645,128.6159405
987,20240126-0287,01-26,동구 방촌동 861-90,지상사유지,D13mm 계량기 보호통 교체,"772,480 ","690,580 ","81,900 ",0 ,"9,410 ","11,940 ","11,170 ","3,050 ","1,200 ","6,100 ","2,020","12,550",15.0,계량기보호통(실),연결부,노후,,228.0,132,,,,,미등록,폐콘 0.09,2024-01-26,35.8828329,128.6702294
989,20240129-0305,01-29,동구 신암동 165-15 폴리파크신암점,지상사유지,D25mm 계량기 보호통 교체,"957,680 ","875,780 ","81,900 ",0 ,"12,600 ","15,990 ","14,960 ","4,080 ","1,610 ","8,170 ","2,530","16,750",25.0,계량기보호통(실),연결부,노후,,217.0,17,0.0,0 ,0 ,0 ,미등록,폐콘 0.09,2024-01-29,35.8812532,128.6162461
991,20240131-0255,01-31,동구 방촌동 715-6,지상사유지,D=13mm 계량기실 누수수선,"83,330 ","83,330 ",0 ,0 ,370 ,470 ,440 ,120 ,40 ,240 ,290,380,15.0,계량기보호통(실),접합부,부식,,210.0,108-1,0.0,0 ,0 ,0 ,미등록,,2024-01-31,35.8872608,128.6628342
992,20240130-0077,01-30,동구 불로동 866-3,지하공도,D40mm 직관부 누수수선,"1,744,450 ","1,744,450 ",0 ,0 ,"23,570 ","29,920 ","28,000 ","7,640 ","3,010 ","15,290 ","5,080","27,970",40.0,PE관,직관,노후,577.92,207.0,83,0.1,145 ,129 ,16 ,미등록,폐콘 0.46,2024-01-30,35.9054605,128.6310666
994,20240131-0579,01-31,동구 내곡동 279,지상공도,D40mm 직관부 누수수선,"1,658,300 ","1,658,300 ",0 ,0 ,"23,610 ","29,970 ","28,040 ","7,650 ","3,020 ","15,320 ","4,860","28,910",40.0,PFP관,직관,타공사손괴,403.7,236.0,211,,0 ,0 ,0 ,등록,,2024-01-31,35.8863774,128.759557
449,20230531-0226,05-31,동구 서호동 99-5,미누수,출장비(N=8),"596,780 ","596,780 ",0 ,0 ,0 ,0 ,0 ,0 ,0 ,0 ,"2,270",0,,,,,,205.0,77,,0 ,0 ,0 ,미등록,,2023-05-31,35.8678013,128.7086198
583,20230808-0296,08-08,동구 신기동 569,지상사유지,D13mm 계량기보호통 교체,"810,680 ","728,780 ","81,900 ",0 ,"9,890 ","12,560 ","11,750 ","3,200 ","1,260 ","6,420 ","2,140","12,790",15.0,계량기보호통(실),연결부,노후,,233.0,251,,,,,미등록,폐콘 0.07,2023-08-08,35.8665147,128.7071837
590,20230814-0002,08-14,동구 미대동 746-1,지상공도,D25mm 직관부 누수수선,"685,860 ","685,860 ",0 ,0 ,"4,860 ","6,170 ","5,770 ","1,570 ",620 ,"3,150 ","2,250","11,700",25.0,스텐레스관,이형관,노후,0.27,201.0,301,,0 ,0 ,0 ,미등록,폐콘 0.18,2023-08-14,35.9486169,128.6647221
733,20231019-0157,10-19,동구 괴전동 117-63,지상사유지,D13mm 계량기실 누수수선,"510,230 ","510,230 ",0 ,0 ,"8,610 ","10,930 ","10,220 ","2,790 ","1,100 ","5,580 ","1,420","8,850",15.0,스텐레스관,이형관,노후,,235.0,237-1,0.0,0 ,0 ,0 ,미등록,,2023-10-19,35.8727462,128.7350587
791,20231101-0467,11-01,동구 진인동 846,지상사유지,D25mm 접합부 누수수선,"114,450 ","114,450 ",0 ,0 ,520 ,670 ,620 ,170 ,60 ,340 ,400,530,15.0,계량기보호통(실),연결부,노후,,201.0,313,,,,,미등록,,2023-11-01,35.9534944,128.7173901
863,20231201-0256,12-01,동구 신기동 142-2,지상사유지,D13mm 계량기보호통 교체,"735,250 ","653,350 ","81,900 ",0 ,"8,560 ","10,860 ","10,160 ","2,770 ","1,090 ","5,550 ","1,940","11,340",15.0,계량기보호통(실),연결부,노후,,233.0,251,0.0,0 ,0 ,0 ,미등록,폐콘 0.07,2023-12-01,35.8725805,128.7044011
879,20231207-0019,12-07,동구 지저동 672-14,지상사유지,D13mm 계량기 보호통 교체,"846,850 ","764,950 ","81,900 ",0 ,"10,860 ","13,790 ","12,900 ","3,520 ","1,390 ","7,040 ","2,200","13,770",15.0,계량기보호통(실),계량기보호통,노후,,208.0,106-2,,,,,미등록,폐콘0.18톤,2023-12-07,35.8966745,128.6387605
887,20231211-0043,12-11,동구 신천동 739-28,지하공도,D80*13mm 구분기점 누수수선,"385,890 ","385,890 ",0 ,0 ,"4,630 ","5,880 ","5,500 ","1,500 ",590 ,"3,000 ","1,180","5,210",15.0,부분기대,부분기대,노후,"1,576.8",220.0,40,,0 ,0 ,0 ,등록,,2023-12-11,35.8720218,128.6186863
898,20231219-0157,12-19,동구 율하동 929-10,지상공도,D150*15mm 구분기점 폐쇄,"453,940 ","453,940 ",0 ,0 ,"4,230 ","5,370 ","5,020 ","1,370 ",540 ,"2,740 ","1,470","4,660",15.0,부분기대,부분기대,노후,0.23,,255,0.0,0 ,0 ,0 ,등록,,2023-12-19,35.8686593,128.699694
910,20231225-0020,12-25,동구 효목동 395-8,지상사유지,D13mm 계량기보호통 교체,"808,000 ","726,100 ","81,900 ",0 ,"10,360 ","13,160 ","12,310 ","3,360 ","1,320 ","6,720 ","2,100","13,430",15.0,계량기보호통(실),연결부,노후,,606.0,36,0.0,0 ,0 ,0 ,미등록,폐콘 0.09,2023-12-25,35.8765634,128.6335082
935,20231229-0382,12-29,동구 신암동 645-1,지상사유지,D13mm 계량기보호통 교체,"764,230 ","682,330 ","81,900 ",0 ,"9,900 ","12,570 ","11,760 ","3,210 ","1,260 ","6,420 ","1,960","12,740",15.0,계량기보호통(실),연결부,노후,,211.0,3,0.0,0 ,0 ,0 ,미등록,페콘 0.09,2023-12-29,35.891756,128.6213946
937,20240102-0115,01-02,동구 율하동 915,지상사유지,D20mm 계량기보호통 교체,"938,530 ","826,930 ","111,600 ",0 ,"11,440 ","14,520 ","13,590 ","3,700 ","1,460 ","7,420 ","2,420","14,750",20.0,계량기보호통(실),연결부,노후,,233.0,255,,,,,미등록,폐콘 0.07,2024-01-02,35.8701047,128.6982448
940,20240102-0625,01-02,동구 불로동 29-15,지하사유지,D13mm 인입선 누수수선,"396,460 ","396,460 ",0 ,0 ,"2,820 ","3,580 ","3,350 ",910 ,360 ,"1,830 ","1,330","5,610",15.0,스텐레스관,직관,노후,6,205.0,77,,0 ,0 ,0 ,미등록,,2024-01-02,35.9134647,128.6419135
947,20240105-0010,01-05,동구 지묘동 48,지상사유지,D13mm 계량기실 누수수선,"106,240 ","106,240 ",0 ,0 ,370 ,470 ,440 ,120 ,40 ,240 ,380,380,15.0,계량기보호통(실),접합부,부식,,201.0,291,,,,,미등록,,2024-01-05,35.9488798,128.6443329
950,20240105-0167,01-05,동구 신암동 831-9,기타,소구역 유량계 압력계 교체(N=9),"3,114,650 ","3,114,650 ",0 ,0 ,"16,470 ","20,910 ","19,570 ","5,340 ","2,100 ","10,690 ","10,760","55,290",,,,,,211.0,6,,0 ,0 ,0 ,미등록,,2024-01-05,35.8844037,128.6139634
954,20240108-0120,01-08,동구 신암동 174-31,지상사유지,D13mm 계량기실 누수수선,"175,940 ","175,940 ",0 ,0 ,"2,440 ","3,100 ","2,900 ",790 ,310 ,"1,580 ",520,"2,590",15.0,계량기보호통(실),접합부,부식,,217.0,17,,,,,미등록,,2024-01-08,35.8801683,128.6157116
969,20240116-0287,01-16,,기타,D100mm 유량계 교체공사,"191,740 ","191,740 ",0 ,0 ,"2,290 ","2,910 ","2,720 ",740 ,290 ,"1,480 ",590,"2,310",,,,,,211.0,6,,,,,미등록,,2024-01-16,,
998,20240201-0551,02-01,동구 용계동 583-1,지상공도,D25mm 직관부 누수수선,"327,630 ","327,630 ",0 ,0 ,"2,410 ","3,060 ","2,860 ",780 ,300 ,"1,560 ","1,100","2,890",25.0,스텐레스관,이형관,노후,1.73,231.0,246,0.0,0 ,0 ,0 ,등록,,2024-02-01,35.8737748,128.6828359
999,20240202-0278,02-02,동구 검사동 960-149,지상사유지,D13mm 계량기 보호통 교체,"798,110 ","716,210 ","81,900 ",0 ,"10,060 ","12,770 ","11,950 ","3,260 ","1,280 ","6,520 ","2,080","12,960",15.0,계량기보호통(실),연결부,노후,,210.0,111-1,,,,,미등록,폐콘 0.09,2024-02-02,35.8849261,128.6551114
1000,20240202-0361,02-02,동구 불로동 326-5,지상사유지,D13mm 계량기 보호통 교체,"711,980 ","630,080 ","81,900 ",0 ,"8,570 ","10,880 ","10,180 ","2,780 ","1,090 ","5,560 ","1,840","11,300",15.0,계량기보호통(실),연결부,노후,,205.0,77,,,,,미등록,폐콘 0.09,2024-02-02,35.9149327,128.6438293
1001,20240202-0415,02-02,동구 진인동 267-6,지하공도,D25mm 직관부 누수수선,"245,720 ","245,720 ",0 ,0 ,"1,690 ","2,140 ","2,000 ",540 ,210 ,"1,090 ",820,"2,260",25.0,스텐레스관,직관,노후,89.28,201.0,313,,0 ,0 ,0 ,등록,폐콘 0.03,2024-02-02,35.9573446,128.71268
1002,20240205-0144,02-05,동구 능성동 566,지하사유지,D13mm 인입선 누수수선,"1,765,700 ","1,765,700 ",0 ,0 ,"19,680 ","24,990 ","23,380 ","6,380 ","2,520 ","12,770 ","5,330","26,880",15.0,스텐레스관,이형관,노후,644.64,201.0,313,0.2,290 ,258 ,32 ,미등록,폐아 0.71,2024-02-05,35.9661393,128.7316788
1004,20240205-0398,02-05,동구 신암동 610-37,지상공도,D40*15mm 분기점 누수수선,"586,680 ","586,680 ",0 ,0 ,"7,460 ","9,470 ","8,860 ","2,410 ",950 ,"4,840 ","1,770","10,250",15.0,부분기대,부분기대,노후,0.23,211.0,7,,0 ,0 ,0 ,등록,,2024-02-05,35.8851148,128.6221433
1005,20240206-0305,02-06,동구 신암동 637-33,지하사유지,D13mm 인입선 누수수선,"350,070 ","350,070 ",0 ,0 ,"3,830 ","4,860 ","4,550 ","1,240 ",490 ,"2,480 ","1,070","6,440",15.0,스텐레스관,직관,노후,210,211.0,7,,0 ,0 ,0 ,미등록,폐콘 0.09,2024-02-06,35.8858727,128.6191301
1007,20240207-0107,02-07,동구 봉무동 1543-7,지상공도,D200*25mm 분기점 누수수선,"4,706,370 ","4,706,370 ",0 ,0 ,"66,290 ","84,140 ","78,730 ","21,490 ","8,490 ","43,000 ","13,850","83,760",25.0,부분기대,부분기대,노후,0.86,,67,,0 ,0 ,0 ,등록,,2024-02-07,35.9229225,128.636225
1009,20240208-0031,02-08,동구 신천동 265-8,지상사유지,D13mm 계량기 보호통 교체,"824,330 ","742,430 ","81,900 ",0 ,"10,740 ","13,640 ","12,760 ","3,480 ","1,370 ","6,970 ","2,140","13,990",15.0,계량기보호통(실),연결부,노후,,221.0,41,0.0,0 ,0 ,0 ,미등록,폐콘 0.09,2024-02-08,35.8735784,128.6196403
1011,20240208-0113,02-08,동구 효목동 193-3,지상사유지,D13mm 계량기실 누수수선,"60,210 ","60,210 ",0 ,0 ,370 ,470 ,440 ,120 ,40 ,240 ,200,380,15.0,계량기보호통(실),접합부,부식,,213.0,38,,,,,미등록,,2024-02-08,35.8784668,128.6452813
1014,20240213-0314,02-13,동구 진인동 805-1,지하사유지,D13mm 직관부 누수수선,"388,640 ","388,640 ",0 ,0 ,"1,590 ","2,030 ","1,890 ",510 ,200 ,"1,030 ","1,360","4,230",15.0,스텐레스관,직관,노후,340.56,201.0,313,,0 ,0 ,0 ,미등록,,2024-02-13,35.9554619,128.7122573
1015,20240214-0021,02-14,동구 도동 9-7,지하공도,D25mm 직관부 누수수선,"1,226,500 ","1,226,500 ",0 ,0 ,"13,230 ","16,800 ","15,720 ","4,290 ","1,690 ","8,580 ","3,730","19,880",25.0,스텐레스관,직관,노후,"1,647.36",205.0,80,0.2,290 ,258 ,32 ,등록,폐아 0.47톤,2024-02-14,35.9096984,128.6469707
1017,20240215-0001,02-15,동구 용계동 16-3,지상사유지,D13mm 계량기 보호통 교체,"798,940 ","717,040 ","81,900 ",0 ,"9,740 ","12,360 ","11,570 ","3,150 ","1,240 ","6,320 ","2,110","12,540",15.0,계량기보호통(실),연결부,노후,,230.0,201,,,,,미등록,페콘 0.07,2024-02-15,35.8782412,128.699605
1018,20240215-0004,02-15,동구 불로동 389-4,지하공도,D40*15mm 분기점 누수수선,"3,078,870 ","3,078,870 ",0 ,0 ,"40,200 ","51,030 ","47,750 ","13,030 ","5,140 ","26,080 ","8,840","52,310",15.0,부분기대,부분기대,노후,"1,803.6",205.0,77,0.5,726 ,645 ,81 ,등록,폐아 1.59톤,2024-02-15,35.9127415,128.6419459
1019,20240215-0005,02-15,동구 불로동 870-4,지하공도,D40mm 직관부 누수수선,"950,330 ","950,330 ",0 ,0 ,"10,070 ","12,780 ","11,960 ","3,260 ","1,280 ","6,530 ","2,900","14,250",40.0,PE관,직관,노후,594,207.0,83,0.2,290 ,258 ,32 ,미등록,폐아 0.38톤,2024-02-15,35.9063415,128.6318721
1023,20240216-0318,02-16,동구 신천동 739-7,지상공도,D80*40mm 접합부 누수수선,"711,100 ","711,100 ",0 ,0 ,"8,890 ","11,290 ","10,560 ","2,880 ","1,130 ","5,770 ","2,070","11,020",40.0,닥타일관,이형관,노후,7.99,220.0,48,0.1,145 ,129 ,16 ,등록,폐아 0.35톤,2024-02-16,35.8710993,128.6188703
1025,20240216-0340,02-16,동구 불로동 211,지하공도,D80mm 제수변 접합부 누수수선,"1,072,010 ","1,072,010 ",0 ,0 ,"12,340 ","15,670 ","14,660 ","4,000 ","1,580 ","8,010 ","3,200","15,150",80.0,변류,접합부,노후,710.4,204.0,76,0.2,290 ,258 ,32 ,등록,폐아 0.47톤,2024-02-16,35.9112112,128.6394831
1028,20240219-0147,02-19,동구 지저동 645-1,지상사유지,D13mm 계량기 보호통 교체,"870,160 ","788,260 ","81,900 ",0 ,"11,050 ","14,020 ","13,120 ","3,580 ","1,410 ","7,170 ","2,290","14,460",15.0,계량기보호통(실),연결부,노후,,208.0,101-2,0.0,0 ,0 ,0 ,미등록,폐콘 0.09,2024-02-19,35.8956628,128.6439754
1030,20240219-0225,02-19,동구 불로동 1066-1,지상사유지,D13mm 계량기 보호통 교체,"794,520 ","712,620 ","81,900 ",0 ,"9,710 ","12,330 ","11,540 ","3,150 ","1,240 ","6,300 ","2,090","13,010",15.0,계량기보호통(실),연결부,노후,,208.0,99,,,,,미등록,폐콘 0.09,2024-02-19,35.8961858,128.6341427
1031,20240219-0292,02-19,동구 불로동 1141-11,지하사유지,D13mm 계량기 보호통 교체,"865,390 ","783,490 ","81,900 ",0 ,"11,170 ","14,180 ","13,260 ","3,620 ","1,430 ","7,240 ","2,270","14,290",15.0,계량기보호통(실),연결부,노후,449.28,205.0,77,,0 ,0 ,0 ,미등록,폐콘 0.09,2024-02-19,35.9148888,128.6421208
1032,20240219-0293,02-19,동구 불로동 639-7,지상사유지,D13mm 계량기 보호통 교체,"633,690 ","551,790 ","81,900 ",0 ,"7,230 ","9,180 ","8,590 ","2,340 ",920 ,"4,690 ","1,650","9,940",15.0,계량기보호통(실),연결부,노후,,207.0,84,0.0,0 ,0 ,0 ,미등록,,2024-02-19,35.9063016,128.6389678
1034,20240220-0087,02-20,동구 효목동 140-2,지상사유지,D13mm 계량기 보호통 교체,"910,830 ","828,930 ","81,900 ",0 ,"12,140 ","15,410 ","14,420 ","3,930 ","1,550 ","7,870 ","2,390","15,730",15.0,계량기보호통(실),연결부,노후,,213.0,26,0.0,0 ,0 ,0 ,미등록,폐콘 0.07,2024-02-20,35.8825084,128.6429564
1035,20240221-0040,02-21,동구 백안동 458,미누수,확인 터파기 결과-미누수,"160,730 ","160,730 ",0 ,0 ,"1,400 ","1,780 ","1,670 ",450 ,170 ,910 ,520,"1,390",,,,,,201.0,309,,,,,미등록,,2024-02-21,35.9565243,128.6930176
1038,20240221-0133,02-21,동구 신천동 538-2,지하미누수,확인 터파기 결과 미누수,"966,060 ","966,060 ",0 ,0 ,"12,150 ","15,420 ","14,430 ","3,940 ","1,550 ","7,880 ","2,810","14,970",,,,,,220.0,40,0.2,290 ,258 ,32 ,미등록,폐아 0.47,2024-02-21,35.8739792,128.616368
1039,20240225-0018,02-25,동구 방촌동 1113-213,지상사유지,D13mm 계량기 보호통 교체,"1,047,940 ","966,040 ","81,900 ",0 ,"14,570 ","18,490 ","17,300 ","4,720 ","1,860 ","9,450 ","2,760","17,720",15.0,계량기보호통(실),연결부,노후,,227.0,138,,,,,미등록,폐콘 0.09,2024-02-25,35.8772885,128.6717044
1040,20240226-0002,02-26,동구 평광동 627,지상사유지,D13mm 계량기실 누수수선,"336,500 ","336,500 ",0 ,0 ,"4,960 ","6,290 ","5,890 ","1,600 ",630 ,"3,210 ",980,"5,190",15.0,계량기보호통(실),접합부,부식,,236.0,289,,,,,미등록,,2024-02-26,35.9272658,128.6984852
1041,20240226-0079,02-26,동구 신암동 610-28,지상공도,D100mm 직관부 누수수선,"833,480 ","570,480 ","263,000 ",0 ,"8,080 ","10,260 ","9,600 ","2,620 ","1,030 ","5,240 ","1,680","8,260",100.0,닥타일관,직관,노후,25.57,211.0,8,,0 ,0 ,0 ,등록,,2024-02-26,35.8848467,128.6216443
1042,20240226-0251,02-26,동구 신천동 287 체육공원,지상사유지,D25mm 계량기실 누수수선,"96,920 ","96,920 ",0 ,0 ,"1,060 ","1,340 ","1,250 ",340 ,130 ,680 ,300,"1,070",25.0,계량기보호통(실),연결부,노후,,222.0,33,0.0,0 ,0 ,0 ,미등록,,2024-02-26,35.875289,128.6265003
1044,20240226-0570,02-26,동구 신천동 733-2,지하공도,D150*13mm 분기점 누수수선,"527,800 ","527,800 ",0 ,0 ,"7,470 ","9,480 ","8,870 ","2,420 ",950 ,"4,840 ","1,550","9,440",15.0,부분기대,부분기대,노후,237.6,220.0,40,,0 ,0 ,0 ,등록,,2024-02-26,35.872869,128.6182659
1045,20240227-0184,02-27,동구 둔산동 450,지하사유지,D=13mm 계량기 보호통 교체,"909,880 ","827,980 ","81,900 ",0 ,"12,120 ","15,390 ","14,400 ","3,930 ","1,550 ","7,860 ","2,380","15,070",15.0,계량기보호통(실),연결부,노후,486.72,225.0,97,,0 ,0 ,0 ,미등록,폐콘 0.09,2024-02-27,35.9005332,128.6820684
1046,20240227-0450,02-27,동구 신암동 620-59,지하사유지,D13mm 인입선 누수수선,"449,800 ","449,800 ",0 ,0 ,"5,160 ","6,550 ","6,130 ","1,670 ",660 ,"3,340 ","1,350","7,900",15.0,스텐레스관,직관,노후,336,211.0,9,,0 ,0 ,0 ,미등록,폐콘 0.14,2024-02-27,35.8851191,128.626327
1047,20240228-0195,02-28,동구 신암동 785-28,지상사유지,D13mm 계량기실 누수수선,"60,210 ","60,210 ",0 ,0 ,370 ,470 ,440 ,120 ,40 ,240 ,200,380,15.0,계량기보호통(실),접합부,부식,,211.0,6,0.0,0 ,0 ,0 ,미등록,,2024-02-28,35.8834948,128.6153487
1048,20240228-0382,02-28,동구 효목동 194-39,지상사유지,D13mm 계량기실 누수수선,"60,210 ","60,210 ",0 ,0 ,370 ,470 ,440 ,120 ,40 ,240 ,200,380,15.0,계량기보호통(실),접합부,부식,,213.0,38,,,,,미등록,,2024-02-28,35.8790482,128.6442037
1,20240302-0016,03-02,동구 효목동 395-3,미누수,출장비(N=5),"255,000 ","255,000 ",0 ,0 ,0 ,0 ,0 ,0 ,0 ,0 ,960,0,,,,,,606.0,36,,,,,미등록,,2024-03-02,35.8766591,128.6334212
3,20240304-0006,03-04,동구 효목동 422-15,지하공도,D150*25mm 분기점 누수수선,"1,037,000 ","1,037,000 ",0 ,0 ,"13,600 ","17,270 ","13,750 ","3,900 ","1,760 ","8,820 ","3,060","14,940",25.0,부분기대,부분기대,노후,892.8,606.0,36,0.2,290 ,258 ,32 ,등록,폐콘 1.0,2024-03-04,35.8770601,128.6359535
4,20240304-0010,03-04,동구 신암동 278-1 더좋은빌,지하공도,D80mm 직관부 누수수선,"1,535,000 ","1,292,000 ","243,000 ",0 ,"17,960 ","22,800 ","18,160 ","5,150 ","2,320 ","11,650 ","3,760","24,730",80.0,닥타일관,직관,노후,639.84,212.0,20,0.2,290 ,258 ,32 ,등록,폐콘 0.5,2024-03-04,35.8825266,128.6298264
5,20240304-0180,03-04,동구 신암동 81-1,배수관망유지수선,D100mm 소구역 유량계 교체,"554,000 ","554,000 ",0 ,0 ,"9,500 ","12,070 ","9,610 ","2,720 ","1,230 ","6,160 ","1,600","8,720",,,,,,209.0,1,,0 ,0 ,0 ,미등록,,2024-03-04,35.8893501,128.6315303
8,20240304-0432,03-04,동구 검사동 908-61,지상사유지,D13mm 계량기 보호통 교체,"904,600 ","809,000 ","95,600 ",0 ,"12,830 ","16,290 ","12,980 ","3,680 ","1,660 ","8,320 ","2,340","16,010",15.0,계량기보호통(실),연결부,노후,,210.0,108-1,,,,,미등록,폐콘 0.1,2024-03-04,35.8893979,128.6539887
10,20240305-0294,03-05,동구 입석동 931-24,지상사유지,D13mm 계량기 보호통 교체,"1,061,600 ","966,000 ","95,600 ",0 ,"16,230 ","20,600 ","16,410 ","4,650 ","2,100 ","10,530 ","2,760","19,270",15.0,계량기보호통(실),연결부,노후,,210.0,108-1,,,,,미등록,폐콘 0.1,2024-03-05,35.8928499,128.6473268
11,20240305-0361,03-05,동구 방촌동 720-5,지하공도,D100*13mm 구분기점 폐쇄,"1,383,000 ","1,383,000 ",0 ,0 ,"16,300 ","20,690 ","16,480 ","4,670 ","2,110 ","10,570 ","3,930","17,410",100.0,부분기대,부분기대,노후,675.84,228.0,123-2,0.3,435 ,387 ,48 ,등록,폐아0.5톤 폐콘0.99톤,2024-03-05,35.8863611,128.662699
12,20240305-0363,03-05,동구 신천동 538-7,지상공도,D80mm 접합부 누수수선,"1,146,000 ","1,146,000 ",0 ,0 ,"17,530 ","22,250 ","17,720 ","5,020 ","2,270 ","11,370 ","3,360","18,280",80.0,닥타일관,이형관,노후,10.85,,40,0.2,290 ,258 ,32 ,등록,폐아0.19톤,2024-03-05,35.8739142,128.6164086
13,20240305-0395,03-05,동구 신천동 315-1,지상사유지,D32mm 계량기실 누수수선,"164,000 ","164,000 ",0 ,0 ,"2,610 ","3,320 ","2,640 ",750 ,330 ,"1,690 ",480,"2,150",32.0,계량기보호통(실),접합부,부식,,222.0,43,,,,,미등록,,2024-03-05,35.8698628,128.6276765
14,20240307-0108,03-07,동구 효목동 485-3,지상공도,D100*13mm 분기점 폐쇄,"123,000 ","123,000 ",0 ,0 ,"1,350 ","1,710 ","1,360 ",380 ,170 ,870 ,390,"1,570",15.0,부분기대,부분기대,노후,0.01,606.0,36,,0 ,0 ,0 ,등록,,2024-03-07,35.8743147,128.6363038
16,20240307-0455,03-07,동구 둔산동 26-1,지하사유지,D13mm 인입선 누수수선 & D13mm 계량기 보호통 교체,"1,952,580 ","1,828,000 ","124,580 ",0 ,"29,420 ","37,350 ","29,750 ","8,440 ","3,800 ","19,090 ","5,360","31,400",15.0,스텐레스관,직관,노후,998.4,225.0,98,,0 ,0 ,0 ,미등록,,2024-03-07,35.9003912,128.698646
17,20240307-0465,03-07,동구 방촌동 1078-35,지하공도,D80mm 제수변 스핀들 누수수선,"920,000 ","920,000 ",0 ,0 ,"13,070 ","16,590 ","13,220 ","3,750 ","1,690 ","8,480 ","2,770","12,990",80.0,변류,접합부,노후,601.92,227.0,124-2,0.1,145 ,129 ,16 ,등록,폐콘 0.09톤,2024-03-07,35.8784757,128.6611629
18,20240308-0005,03-08,동구 신천동 682-28,지상사유지,D13mm 계량기 보호통 교체,"826,600 ","731,000 ","95,600 ",0 ,"12,210 ","15,490 ","12,340 ","3,500 ","1,580 ","7,920 ","2,080","15,440",15.0,계량기보호통(실),연결부,노후,,220.0,40,,,,,미등록,폐콘 0.1,2024-03-08,35.8713339,128.6184589
19,20240308-0080,03-08,동구 신천동 656-33,지상사유지,D13mm 계량기 보호통 교체,"774,600 ","679,000 ","95,600 ",0 ,"10,850 ","13,780 ","10,970 ","3,110 ","1,400 ","7,040 ","1,960","14,360",15.0,계량기보호통(실),연결부,노후,,220.0,48,,,,,미등록,폐콘 0.1,2024-03-08,35.8700066,128.616617
22,20240312-0002,03-12,동구 금강동 404-5,지하사유지,D13mm 계량기 보호통 교체,"3,187,600 ","3,092,000 ","95,600 ",0 ,"49,880 ","63,310 ","50,430 ","14,300 ","6,450 ","32,360 ","8,740","49,410",15.0,계량기보호통(실),계량기보호통,노후,"1,721.04",236.0,290,0.9,"1,304 ","1,161 ",143 ,미등록,폐아0.14톤 폐콘0.99톤,2024-03-12,35.8592148,128.739606
24,20240313-0014,03-13,동구 신천동 538-2,지하공도,D80*13mm 분기점 누수수선,"2,275,000 ","2,275,000 ",0 ,0 ,"33,450 ","42,470 ","33,820 ","9,590 ","4,330 ","21,700 ","6,610","35,720",15.0,부분기대,부분기대,노후,"2,198.16",220.0,40,0.3,435 ,387 ,48 ,등록,폐아 0.8,2024-03-13,35.8739792,128.616368
25,20240313-0111,03-13,동구 불로동 16-1,지상사유지,D13mm 계량기 보호통 교체,"976,600 ","881,000 ","95,600 ",0 ,"14,500 ","18,410 ","14,660 ","4,160 ","1,870 ","9,410 ","2,530","17,510",15.0,계량기보호통(실),연결부,노후,,205.0,77,,,,,미등록,폐콘 0.1,2024-03-13,35.9156209,128.6428843
26,20240313-0215,03-13,동구 신암동 106-30,지상사유지,D13mm 계량기 보호통 교체,"873,600 ","778,000 ","95,600 ",0 ,"13,030 ","16,540 ","13,170 ","3,730 ","1,680 ","8,450 ","2,210","16,330",15.0,계량기보호통(실),연결부,노후,,209.0,1,,,,,미등록,폐콘 0.1,2024-03-13,35.8859963,128.6332327
27,20240313-0247,03-13,동구 신기동 272-1,지상사유지,D13mm 계량기 보호통 교체,"791,600 ","696,000 ","95,600 ",0 ,"10,150 ","12,890 ","10,270 ","2,910 ","1,310 ","6,590 ","2,060","13,780",15.0,계량기보호통(실),연결부,노후,,233.0,251,,,,,미등록,폐콘 0.1,2024-03-13,35.8704487,128.7041356
28,20240314-0004,03-14,동구 신천동 824-33,지상사유지,D50mm 인입선 누수수선,"1,388,000 ","1,388,000 ",0 ,0 ,"18,610 ","23,630 ","18,820 ","5,340 ","2,400 ","12,070 ","4,130","19,300",50.0,스텐레스관,이형관,노후,,220.0,48,0.2,290 ,258 ,32 ,미등록,폐아 0.5,2024-03-14,35.8685573,128.6157511
29,20240314-0141,03-14,동구 신기동 39-2,지상사유지,D13mm 계량기 보호통 교체,"999,600 ","904,000 ","95,600 ",0 ,"14,820 ","18,810 ","14,980 ","4,250 ","1,910 ","9,610 ","2,630","17,550",15.0,계량기보호통(실),연결부,노후,,233.0,251,,,,,미등록,,2024-03-14,35.8702558,128.7075638
30,20240314-0143,03-14,동구 신천동 538-2,노후관교체공사,"노후급수관 수선공사(D13mm, 6m)","4,350,090 ","4,240,000 ","110,090 ",0 ,"70,640 ","89,670 ","71,420 ","20,260 ","9,140 ","45,830 ","11,850","71,800",,,,,,220.0,40,0.5,725 ,645 ,80 ,미등록,"폐콘 0.2, 폐아 1.4",2024-03-14,35.8739792,128.616368
31,20240314-0251,03-14,동구 효목동 619-1,노후관교체공사,노후배수관 교체공사(STS D25mm L=44m),"7,928,340 ","7,554,000 ","374,340 ",0 ,"122,980 ","156,110 ","124,340 ","35,270 ","15,920 ","79,790 ","22,100","136,190",,,,,,224.0,47,1.0,"1,449 ","1,290 ",159 ,미등록,,2024-03-14,35.8774204,128.6415176
32,20240314-0253,03-14,동구 효목동 454-6,노후관교체공사,노후배수관 교체공사(STS D25mm L=22m),"4,954,580 ","4,711,000 ","243,580 ",0 ,"70,260 ","89,190 ","71,040 ","20,150 ","9,090 ","45,590 ","13,970","81,300",,,,,,223.0,46-2,0.5,725 ,645 ,80 ,미등록,폐아 0.5,2024-03-14,35.8772165,128.6384388
33,20240315-0043,03-15,동구 신암동 59-11,지상사유지,D13mm 계량기 보호통 교체,"1,129,600 ","1,034,000 ","95,600 ",0 ,"18,270 ","23,200 ","18,480 ","5,240 ","2,360 ","11,850 ","2,910","20,880",15.0,계량기보호통(실),연결부,노후,,209.0,12,0.0,0 ,0 ,0 ,미등록,폐콘 0.1,2024-03-15,35.8900113,128.6350965
34,20240315-0096,03-15,동구 효목동 288,지상사유지,D25mm 계량기실 누수수선,"164,000 ","164,000 ",0 ,0 ,"2,610 ","3,320 ","2,640 ",750 ,330 ,"1,690 ",480,"2,150",25.0,계량기보호통(실),접합부,부식,,606.0,35,0.0,0 ,0 ,0 ,미등록,,2024-03-15,35.8792682,128.6344206
35,20240316-0004,03-16,동구 신암동 54-57,지상사유지,D13mm 인입선 누수수선,"710,000 ","710,000 ",0 ,0 ,"9,160 ","11,620 ","9,260 ","2,620 ","1,180 ","5,940 ","2,200","10,890",15.0,스텐레스관,이형관,노후,,209.0,12,0.1,145 ,129 ,16 ,미등록,,2024-03-16,35.889289,128.6367552
36,20240316-0010,03-16,동구 효목동 440-1,지상공도,D100mm 접합부 누수수선,"362,000 ","362,000 ",0 ,0 ,"5,910 ","7,510 ","5,980 ","1,690 ",760 ,"3,830 ","1,060","5,640",100.0,닥타일관,이형관,노후,2.76,223.0,46-2,0.0,0 ,0 ,0 ,등록,,2024-03-16,35.8757095,128.6367335
37,20240318-0079,03-18,동구 불로동 31-19,미누수,확인 터파기 결과 미누수,"386,000 ","386,000 ",0 ,0 ,"4,990 ","6,330 ","5,040 ","1,430 ",640 ,"3,230 ","1,170","4,730",,,,,,205.0,77,,,,,미등록,폐아 0.1,2024-03-18,35.9132507,128.6434355
38,20240318-0080,03-18,동구 신암동 165-24,지상사유지,D13mm 계량기 보호통 교체,"993,600 ","898,000 ","95,600 ",0 ,"15,370 ","19,510 ","15,540 ","4,400 ","1,990 ","9,970 ","2,550","18,240",15.0,계량기보호통(실),연결부,노후,,217.0,17,,,,,미등록,폐콘 0.1,2024-03-18,35.8808332,128.6155305
39,20240318-0187,03-18,동구 효목동 286-8,지하공도,D80*13mm 분기점 누수수선,"927,000 ","927,000 ",0 ,0 ,"12,960 ","16,450 ","13,100 ","3,710 ","1,670 ","8,410 ","2,470","13,820",80.0,부분기대,부분기대,노후,683.76,606.0,36,0.2,290 ,258 ,32 ,등록,,2024-03-18,35.878678,128.6329098
40,20240318-0273,03-18,동구 방촌동 690-58,지상사유지,D13mm 계량기 보호통 교체,"882,600 ","787,000 ","95,600 ",0 ,"12,540 ","15,920 ","12,680 ","3,590 ","1,620 ","8,130 ","2,280","15,860",15.0,계량기보호통(실),연결부,노후,,210.0,108-1,,,,,미등록,폐콘 0.1,2024-03-18,35.8876779,128.6618414
41,20240318-0407,03-18,동구 효목동 452-9,배수관망유지수선,배수관망 유지수선공사(STS D20mm L=18m),"4,211,610 ","4,022,000 ","189,610 ",0 ,"58,150 ","73,820 ","58,790 ","16,680 ","7,530 ","37,730 ","12,000","67,380",,,,,,223.0,46-2,0.5,725 ,645 ,80 ,미등록,폐아 0.5,2024-03-18,35.8773371,128.6383626
42,20240318-0415,03-18,동구 불로동 636-5,기타,D13mm 계량기 보호통 교체,"896,600 ","801,000 ","95,600 ",0 ,"13,250 ","16,820 ","13,400 ","3,800 ","1,710 ","8,590 ","2,320","16,430",,,,,,206.0,85,,,,,미등록,,2024-03-18,35.9056874,128.6400099
43,20240318-0477,03-18,동구 효목동 355-1,지하사유지,D13mm 계량기 보호통 교체,"1,878,600 ","1,783,000 ","95,600 ",0 ,"26,710 ","33,910 ","27,010 ","7,660 ","3,450 ","17,330 ","5,040","30,610",15.0,계량기보호통(실),연결부,노후,"1,459.92",223.0,37,0.2,290 ,258 ,32 ,미등록,폐아0.21톤 폐콘0.78톤,2024-03-18,35.8775336,128.6395141
44,20240319-0065,03-19,동구 효목동 452-4,기타,D13mm 계량기 보호통 교체,"878,600 ","783,000 ","95,600 ",0 ,"13,190 ","16,750 ","13,340 ","3,780 ","1,700 ","8,560 ","2,230","16,400",,,,,,223.0,46-2,,,,,미등록,폐콘 0.1,2024-03-19,35.8773758,128.638249
45,20240319-0193,03-19,동구 신암동 486-12,지상공도,D200mm 곡관부 누수수선,"1,949,000 ","1,949,000 ",0 ,0 ,"25,610 ","32,510 ","25,900 ","7,340 ","3,310 ","16,620 ","6,070","37,510",200.0,닥타일관,이형관,타공사손괴,132.2,216.0,16-2,0.0,0 ,0 ,0 ,등록,,2024-03-19,35.8788486,128.6147364
46,20240319-0269,03-19,동구 둔산동 590-4,지상사유지,D13mm 계량기 보호통 교체,"818,600 ","723,000 ","95,600 ",0 ,"11,610 ","14,730 ","11,730 ","3,330 ","1,500 ","7,530 ","2,110","15,040",15.0,계량기보호통(실),연결부,노후,,225.0,87,0.0,0 ,0 ,0 ,미등록,,2024-03-19,35.901646,128.674749
47,20240319-0316,03-19,동구 지묘동 330-2,지상공도,D100mm 접합부 누수수선,"517,000 ","517,000 ",0 ,0 ,"6,780 ","8,600 ","6,850 ","1,940 ",870 ,"4,390 ","1,600","8,140",100.0,닥타일관,직관,타공사손괴,183.9,201.0,58,0.0,0 ,0 ,0 ,등록,,2024-03-19,35.9406988,128.640685
48,20240320-0019,03-20,동구 신암동 54-79,지상사유지,D13mm 계량기실 누수수선,"144,000 ","144,000 ",0 ,0 ,"2,170 ","2,760 ","2,200 ",620 ,280 ,"1,410 ",430,"1,790",15.0,계량기보호통(실),접합부,부식,,209.0,12,0.0,0 ,0 ,0 ,미등록,,2024-03-20,35.8892291,128.6368406
49,20240320-0172,03-20,동구 효목동 602,기타,D13mm 세대별 계량기 이토작업,"176,000 ","176,000 ",0 ,0 ,"2,850 ","3,620 ","2,880 ",810 ,360 ,"1,850 ",510,"2,350",,,,,,224.0,47,,,,,미등록,,2024-03-20,35.8788217,128.6423345
51,20240321-0010,03-21,동구 방촌동 1006-22,지상사유지,D13mm 계량기실 누수수선,"87,000 ","87,000 ",0 ,0 ,450 ,570 ,450 ,120 ,50 ,290 ,300,370,15.0,계량기보호통(실),접합부,부식,,228.0,123-2,,,,,미등록,,2024-03-21,35.8838789,128.6614479
52,20240321-0029,03-21,동구 효목동 597-3,지하공도,D100*20mm 분기점 누수수선 & D20mm 계량기 보호통 교체,"1,725,000 ","1,597,000 ","128,000 ",0 ,"24,360 ","30,920 ","24,630 ","6,980 ","3,150 ","15,800 ","4,750","30,080",20.0,부분기대,부분기대,노후,929.04,224.0,47,0.1,145 ,129 ,16 ,등록,,2024-03-21,35.8791542,128.6425967
54,20240321-0177,03-21,동구 신암동 787-3,지하사유지,D13mm 계량기 보호통 교체,"1,789,600 ","1,694,000 ","95,600 ",0 ,"28,810 ","36,570 ","29,130 ","8,260 ","3,730 ","18,690 ","4,820","32,400",15.0,계량기보호통(실),연결부,노후,960,211.0,6,0.1,145 ,129 ,16 ,미등록,폐콘0.21톤,2024-03-21,35.883623,128.6156638
55,20240321-0178,03-21,동구 신암동 787-9,지상사유지,D13mm 계량기 보호통 교체,"1,774,600 ","1,679,000 ","95,600 ",0 ,"28,490 ","36,160 ","28,800 ","8,170 ","3,680 ","18,480 ","4,780","32,140",15.0,계량기보호통(실),연결부,노후,,211.0,6,0.1,145 ,129 ,16 ,미등록,폐콘0.21톤,2024-03-21,35.8836262,128.6157904
56,20240322-0018,03-22,동구 효목동 403-5,지하공도,D150*13mm 구분기점 누수수선,"1,157,000 ","1,157,000 ",0 ,0 ,"15,740 ","19,980 ","15,910 ","4,510 ","2,030 ","10,210 ","3,400","16,920",15.0,부분기대,부분기대,노후,913.68,606.0,36,0.2,290 ,258 ,32 ,등록,폐아0.49톤,2024-03-22,35.8764184,128.6345699
57,20240322-0064,03-22,동구 효목동 171-26,지상사유지,D25mm 계량기 보호통 교체,"967,000 ","809,000 ","158,000 ",0 ,"12,800 ","16,260 ","12,950 ","3,670 ","1,650 ","8,310 ","2,330","18,690",25.0,계량기보호통(실),연결부,노후,,213.0,38,0.0,0 ,0 ,0 ,미등록,폐콘 0.1,2024-03-22,35.8804167,128.6472243
58,20240322-0075,03-22,동구 부동 526-6,지상공도,D40mm 직관부 누수수선,"1,289,420 ","1,237,000 ","52,420 ",0 ,"18,400 ","23,350 ","18,600 ","5,270 ","2,380 ","11,930 ","3,710","19,810",40.0,PE관,직관,노후,6.18,,116,0.1,145 ,129 ,16 ,미등록,,2024-03-22,35.8888695,128.6794032
59,20240322-0087,03-22,동구 불로동 554-5,지상사유지,D13mm 계량기실 누수수선,"430,000 ","430,000 ",0 ,0 ,"5,810 ","7,380 ","5,870 ","1,660 ",750 ,"3,770 ","1,320","7,030",15.0,계량기보호통(실),연결부,부식,,205.0,80,,,,,미등록,,2024-03-22,35.910971,128.6431363
60,20240322-0158,03-22,동구 효목동 138-10,지상사유지,D13mm 계량기 보호통 교체,"910,600 ","815,000 ","95,600 ",0 ,"12,780 ","16,220 ","12,920 ","3,660 ","1,650 ","8,290 ","2,370","16,050",15.0,계량기보호통(실),연결부,노후,,213.0,26,0.0,0 ,0 ,0 ,미등록,폐콘 0.1,2024-03-22,35.8827328,128.6437229
61,20240322-0318,03-22,동구 부동 526-6,노후관교체공사,노후배수관 교체공사(STS D40mm L=42m),"4,818,310 ","4,463,000 ","355,310 ",0 ,"70,820 ","89,900 ","71,600 ","20,310 ","9,170 ","45,940 ","12,560","80,580",,,,,,223.0,46-2,0.7,"1,014 ",903 ,111 ,미등록,폐콘 1.9,2024-03-22,35.8888695,128.6794032
62,20240322-0382,03-22,동구 신기동 541-10,지상공도,D80mm 접합부 누수수선,"1,237,000 ","1,237,000 ",0 ,0 ,"12,990 ","16,490 ","13,130 ","3,720 ","1,680 ","8,420 ","3,910","17,240",80.0,닥타일관,이형관,노후,12.28,233.0,250,0.0,0 ,0 ,0 ,등록,폐아 0.3,2024-03-22,35.8705693,128.7021968
63,20240323-0021,03-23,동구 효목동 171-16,지상사유지,D13mm 계량기 보호통 교체,"874,600 ","779,000 ","95,600 ",0 ,"12,780 ","16,220 ","12,920 ","3,660 ","1,650 ","8,290 ","2,230","16,170",15.0,계량기보호통(실),연결부,노후,,213.0,38,,,,,미등록,폐콘 0.1,2024-03-23,35.8802625,128.6477327
64,20240325-0049,03-25,동구 효목동 75-42,지상사유지,D13mm 계량기 보호통 교체,"883,600 ","788,000 ","95,600 ",0 ,"12,180 ","15,460 ","12,310 ","3,490 ","1,570 ","7,900 ","2,300","15,590",15.0,계량기보호통(실),연결부,노후,,213.0,24,,,,,미등록,폐콘 0.1,2024-03-25,35.8853603,128.6398327
65,20240325-0086,03-25,동구 신천동 799-3,지상사유지,D13mm 계량기 보호통 교체,"895,600 ","800,000 ","95,600 ",0 ,"12,750 ","16,180 ","12,890 ","3,650 ","1,650 ","8,270 ","2,320","15,960",15.0,계량기보호통(실),연결부,노후,,220.0,48,,,,,미등록,폐콘 0.1,2024-03-25,35.8688631,128.6179278
66,20240325-0305,03-25,동구 효목동 412-5,지하공도,D40*13mm 분기점 누수수선,"1,081,000 ","1,081,000 ",0 ,0 ,"17,220 ","21,860 ","17,410 ","4,940 ","2,220 ","11,170 ","3,190","17,660",15.0,PFP관,이형관,노후,776.88,606.0,36,,0 ,0 ,0 ,등록,,2024-03-25,35.8767046,128.6345879
68,20240325-0314,03-25,동구 신천동 694-7,지하공도,D50*13mm 분기점 누수수선,"1,262,000 ","1,262,000 ",0 ,0 ,"17,990 ","22,840 ","18,190 ","5,160 ","2,320 ","11,670 ","3,830","21,660",50.0,부분기대,부분기대,노후,887.04,220.0,40,,0 ,0 ,0 ,등록,,2024-03-25,35.8726866,128.6177314
69,20240325-0323,03-25,동구 방촌동 1084-449,지하공도,D50*13mm 분기점 누수수선,"1,297,000 ","1,297,000 ",0 ,0 ,"18,300 ","23,230 ","18,500 ","5,250 ","2,360 ","11,870 ","3,950","21,730",15.0,PFP관,이형관,노후,776.88,227.0,124-2,,0 ,0 ,0 ,등록,,2024-03-25,35.8789212,128.662522
70,20240326-0405,03-26,동구 신천동 847-9,지하공도,D150mm 제수변 누수수선,"773,000 ","773,000 ",0 ,0 ,"13,370 ","16,970 ","13,520 ","3,830 ","1,730 ","8,670 ","2,220","11,860",150.0,변류,본체,노후,483.84,221.0,49,0.1,145 ,129 ,16 ,등록,,2024-03-26,35.8679175,128.61882
72,20240327-0118,03-27,동구 용계동 102,지상사유지,D13mm 계량기 보호통 교체,"1,003,600 ","908,000 ","95,600 ",0 ,"12,780 ","16,220 ","12,920 ","3,660 ","1,650 ","8,290 ","2,720","16,170",15.0,계량기보호통(실),연결부,노후,,232.0,225,0.0,0 ,0 ,0 ,미등록,폐콘 0.1,2024-03-27,35.8752446,128.6977865
73,20240327-0306,03-27,동구 지저동 668-13,지상사유지,D13mm 계량기 보호통 교체,"1,058,600 ","963,000 ","95,600 ",0 ,"14,680 ","18,630 ","14,840 ","4,210 ","1,900 ","9,520 ","2,830","17,840",15.0,계량기보호통(실),연결부,노후,,208.0,106-2,0.0,0 ,0 ,0 ,미등록,폐콘 0.1,2024-03-27,35.897228,128.6391291
74,20240327-0571,03-27,동구 효목동 422-1,지상사유지,D13mm 계량기 보호통 교체,"756,600 ","661,000 ","95,600 ",0 ,"10,050 ","12,760 ","10,160 ","2,880 ","1,300 ","6,520 ","1,960","13,640",15.0,계량기보호통(실),연결부,노후,,606.0,36,0.0,0 ,0 ,0 ,미등록,,2024-03-27,35.8772866,128.6358277
75,20240328-0002,03-28,동구 방촌동 1084-342,지상사유지,D13mm 계량기 보호통 교체,"878,600 ","783,000 ","95,600 ",0 ,"12,330 ","15,660 ","12,470 ","3,530 ","1,590 ","8,000 ","2,270","16,090",15.0,계량기보호통(실),연결부,노후,,227.0,124-2,,,,,미등록,폐콘 0.1,2024-03-28,35.8785377,128.6623305
76,20240329-0140,03-29,동구 신천동 671-33,지상사유지,D13mm 계량기실 누수수선,"144,000 ","144,000 ",0 ,0 ,"2,170 ","2,760 ","2,200 ",620 ,280 ,"1,410 ",430,"1,790",15.0,계량기보호통(실),접합부,부식,,220.0,48,0.0,0 ,0 ,0 ,미등록,,2024-03-29,35.870467,128.6191974
77,20240329-0444,03-29,동구 신천동 833-18,지상사유지,D13mm 계량기 보호통 교체,"884,600 ","789,000 ","95,600 ",0 ,"12,300 ","15,610 ","12,440 ","3,520 ","1,590 ","7,980 ","2,290","15,830",15.0,계량기보호통(실),연결부,노후,,220.0,48,,,,,미등록,폐콘 0.1,2024-03-29,35.8686946,128.6168212
79,20240330-0030,03-30,동구 입석동 932-100,지상사유지,D13mm 계량기 보호통 교체,"848,600 ","753,000 ","95,600 ",0 ,"11,860 ","15,060 ","12,000 ","3,400 ","1,530 ","7,700 ","2,180","15,240",15.0,계량기보호통(실),연결부,노후,,210.0,108-1,,,,,미등록,폐콘 0.1,2024-03-30,35.8912088,128.6472645
2,20240304-0004,03-04,동구 방촌동 1060-1,기타,유량계실 내부청소 및 압력계 교체,"9,188,000 ","9,188,000 ",0 ,0 ,"71,710 ","91,030 ","72,510 ","20,570 ","9,280 ","46,530 ","31,070","87,290",,,,,,227.0,124-2,,0 ,0 ,0 ,미등록,,2024-03-04,35.8823195,128.6621256
6,20240304-0185,03-04,동구 내곡동 158,지상사유지,D13mm 계량기 보호통 교체,"865,600 ","770,000 ","95,600 ",0 ,"11,850 ","15,040 ","11,980 ","3,390 ","1,530 ","7,680 ","2,250","15,050",15.0,계량기보호통(실),연결부,노후,,236.0,211,,,,,미등록,폐콘 0.1,2024-03-04,35.8869572,128.7596114
15,20240307-0453,03-07,동구 방촌동 128-24,지하사유지,D13mm 계량기 보호통 교체,"2,797,600 ","2,583,000 ","214,600 ",0 ,"44,660 ","56,690 ","45,160 ","12,810 ","5,780 ","28,970 ","7,170","50,390",15.0,계량기보호통(실),연결부,노후,"1,270.32",226.0,116,,0 ,0 ,0 ,미등록,폐콘 0.8,2024-03-07,35.889838,128.6781593
23,20240312-0160,03-12,동구 신암동 251-1,지상사유지,D32mm 계량기 보호통 교체,"1,171,000 ","945,000 ","226,000 ",0 ,"16,610 ","21,090 ","16,800 ","4,760 ","2,150 ","10,780 ","2,640","22,360",32.0,계량기보호통(실),연결부,노후,,212.0,20,0.0,0 ,0 ,0 ,미등록,폐콘 0.1,2024-03-12,35.8843556,128.6280798
53,20240321-0129,03-21,동구 도동 532-3,배수관망유지수선,제수변 철개입상 N=2개소,"2,094,000 ","2,094,000 ",0 ,0 ,"30,630 ","38,880 ","30,970 ","8,780 ","3,960 ","19,870 ","6,050","30,270",,,,,,206.0,72,0.4,580 ,516 ,64 ,미등록,폐아 0.9톤,2024-03-21,35.9234894,128.6673488
67,20240325-0308,03-25,동구 각산동 1077-1,지하공도,D300mm 접합부 누수수선,"202,000 ","202,000 ",0 ,0 ,880 ,"1,120 ",890 ,250 ,110 ,570 ,710,730,300.0,닥타일관,이형관,노후,"3,007.92",230.0,206,,0 ,0 ,0 ,등록,,2024-03-25,35.8788796,128.7164597
78,20240329-0457,03-29,동구 효목동 379-5,지하공도,D80*13mm 분기점 누수수선,"1,454,000 ","1,454,000 ",0 ,0 ,"18,390 ","23,340 ","18,590 ","5,270 ","2,380 ","11,930 ","4,090","19,740",15.0,부분기대,부분기대,노후,"1,161.6",223.0,37,0.2,290 ,258 ,32 ,등록,폐아 0.5톤 폐콘 1톤,2024-03-29,35.8793308,128.6368455
80,20240401-0060,04-01,동구 신천동 815-27,지하공도,D80*13mm 분기점 누수수선,"1,238,000 ","1,238,000 ",0 ,0 ,"16,070 ","20,400 ","16,250 ","4,610 ","2,080 ","10,420 ","3,630","17,470",15.0,부분기대,부분기대,노후,895.44,220.0,48,0.2,290 ,258 ,32 ,등록,폐아 0.7톤,2024-04-01,35.8692781,128.6147163
81,20240401-0061,04-01,동구 신천동 815-45,지하사유지,D13mm 계량기 보호통 교체,"951,600 ","856,000 ","95,600 ",0 ,"14,360 ","18,230 ","14,520 ","4,120 ","1,850 ","9,320 ","2,440","17,820",15.0,계량기보호통(실),연결부,노후,617.76,220.0,48,,0 ,0 ,0 ,미등록,폐콘 0.1,2024-04-01,35.8690411,128.615252
82,20240401-0079,04-01,동구 신천동 298-4,미누수,출장비(N=4),"189,000 ","189,000 ",0 ,0 ,0 ,0 ,0 ,0 ,0 ,0 ,710,0,,,,,,222.0,43,,,,,미등록,,2024-04-01,35.869587,128.6266058
84,20240401-0351,04-01,동구 방촌동 1119-28,기타,유량계실 등 내부청소(6개소),"3,507,000 ","3,507,000 ",0 ,0 ,"28,890 ","36,670 ","29,210 ","8,280 ","3,740 ","18,740 ","11,780","27,080",,,,,,231.0,139,,0 ,0 ,0 ,미등록,,2024-04-01,35.8753646,128.6723923
85,20240401-0411,04-01,동구 신암동 149-19,지상공도,D150mm 접합부 누수수선,"1,283,000 ","1,283,000 ",0 ,0 ,"14,640 ","18,580 ","14,800 ","4,190 ","1,890 ","9,490 ","4,090","23,820",150.0,닥타일관,이형관,타공사손괴,98.6,212.0,20,0.0,0 ,0 ,0 ,등록,,2024-04-01,35.8857622,128.6298562
86,20240401-0654,04-01,동구 지저동 826-43,지하공도,D50*25mm 분기점 누수수선,"2,250,000 ","2,250,000 ",0 ,0 ,"31,830 ","40,410 ","32,180 ","9,130 ","4,120 ","20,650 ","6,670","34,530",25.0,부분기대,부분기대,노후,"1,857.6",208.0,106-2,0.2,290 ,258 ,32 ,등록,폐아 0.6,2024-04-01,35.8929563,128.6397352
88,20240402-0098,04-02,동구 방촌동 1084-185,지상사유지,D13mm 계량기 보호통 교체,"787,600 ","692,000 ","95,600 ",0 ,"10,930 ","13,880 ","11,050 ","3,130 ","1,410 ","7,090 ","2,030","14,520",15.0,계량기보호통(실),연결부,노후,,227.0,124-2,,,,,미등록,,2024-04-02,35.8795784,128.664602
89,20240402-0127,04-02,동구 효목동 506-10,지상공도,D80*13mm 구분기점 폐쇄,"139,000 ","139,000 ",0 ,0 ,"1,730 ","2,200 ","1,750 ",490 ,220 ,"1,120 ",430,"1,830",15.0,부분기대,부분기대,노후,0.16,606.0,36,0.0,0 ,0 ,0 ,등록,,2024-04-02,35.8741257,128.6356888
90,20240402-0273,04-02,동구 효목동 424-4,지하공도,D100*13mm 구분기점 폐쇄,"1,039,000 ","1,039,000 ",0 ,0 ,"13,790 ","17,510 ","13,950 ","3,950 ","1,780 ","8,950 ","3,090","14,400",15.0,부분기대,부분기대,노후,728.64,606.0,36,0.2,290 ,258 ,32 ,등록,폐아 0.4톤,2024-04-02,35.8769934,128.6366528
91,20240402-0276,04-02,동구 신무동 704-1,지하공도,D40mm 직관부 누수수선,"660,000 ","660,000 ",0 ,0 ,"6,020 ","7,650 ","6,090 ","1,720 ",770 ,"3,910 ","2,060","6,730",40.0,HIVP,이형관,접합부이완,939.12,201.0,307,0.1,145 ,129 ,16 ,등록,폐아 0.4,2024-04-02,35.9847767,128.6725878
92,20240402-0316,04-02,동구 신천동 110-1,지상사유지,D40mm 계량기 보호통 교체,"1,996,000 ","1,678,000 ","318,000 ",0 ,"30,630 ","38,880 ","30,970 ","8,780 ","3,960 ","19,870 ","4,700","38,030",40.0,계량기보호통(실),연결부,노후,,221.0,42,0.0,0 ,0 ,0 ,미등록,,2024-04-02,35.8703548,128.6250395
93,20240402-0341,04-02,동구 신천동 367-7,지상사유지,D13mm 계량기 보호통 교체,"898,600 ","803,000 ","95,600 ",0 ,"12,750 ","16,190 ","12,890 ","3,650 ","1,650 ","8,270 ","2,330","16,030",15.0,계량기보호통(실),연결부,노후,,222.0,34,,,,,미등록,폐콘 0.1,2024-04-02,35.8714404,128.6296931
95,20240402-0534,04-02,동구 효목동 475-9,지하사유지,D13mm 계량기 보호통 교체,"925,600 ","830,000 ","95,600 ",0 ,"13,530 ","17,180 ","13,680 ","3,880 ","1,750 ","8,780 ","2,390","17,160",15.0,계량기보호통(실),연결부,노후,661.44,606.0,36,,0 ,0 ,0 ,미등록,폐콘 0.1,2024-04-02,35.8737727,128.6376453
98,20240403-0099,04-03,동구 신천동 739-19,지하사유지,D13mm 계량기 보호통 교체,"847,600 ","752,000 ","95,600 ",0 ,"12,260 ","15,570 ","12,400 ","3,510 ","1,580 ","7,950 ","2,160","15,650",15.0,계량기보호통(실),연결부,노후,755.04,220.0,48,,0 ,0 ,0 ,미등록,폐콘 0.1,2024-04-03,35.870973,128.6193109
99,20240403-0100,04-03,동구 효목동 440-1,기타,확인 터파기,"218,000 ","218,000 ",0 ,0 ,"2,230 ","2,830 ","2,260 ",640 ,280 ,"1,450 ",700,"1,890",,,,,,223.0,46-2,,0 ,0 ,0 ,미등록,,2024-04-03,35.8757095,128.6367335
101,20240403-0152,04-03,동구 효목동 424-15,지상사유지,D13mm 계량기 보호통 교체,"814,600 ","719,000 ","95,600 ",0 ,"12,030 ","15,270 ","12,160 ","3,450 ","1,550 ","7,800 ","2,040","15,210",15.0,계량기보호통(실),연결부,노후,,606.0,36,,,,,미등록,폐콘 0.1,2024-04-03,35.8770869,128.6366434
102,20240403-0337,04-03,동구 효목동 430-4,노후관교체공사,노후배수관 교체공사 150mm L=168m,"29,457,670 ","21,972,000 ","7,485,670 ",0 ,"284,370 ","360,980 ","287,520 ","81,570 ","36,820 ","184,500 ","62,130","578,240",,,,,,606.0,36,2.5,"3,623 ","3,225 ",398 ,미등록,"폐콘 12.4, 폐아 28.7",2024-04-03,35.8751624,128.6361422
104,20240404-0002,04-04,동구 지묘동 1320-16 23호,지상사유지,D13mm 계량기실 누수수선,"471,000 ","471,000 ",0 ,0 ,"7,490 ","9,510 ","7,570 ","2,150 ",960 ,"4,860 ","1,390","6,730",15.0,계량기보호통(실),접합부,부식,,509.0,106,0.0,0 ,0 ,0 ,미등록,,2024-04-04,35.9473109,128.6290742
105,20240404-0011,04-04,동구 신천동 459-18,지상공도,D25mm 직관부 누수수선&D13mm 계량기 보호통 교체,"3,264,600 ","3,169,000 ","95,600 ",0 ,"48,880 ","62,050 ","49,420 ","14,020 ","6,320 ","31,710 ","9,090","53,430",25.0,스텐레스관,직관,노후,1.73,,44-2,0.4,580 ,516 ,64 ,등록,폐콘 0.2 폐아 0.9,2024-04-04,35.8727707,128.629819
106,20240404-0026,04-04,동구 신천동 102,기타,유량계실 양수작업,"87,000 ","87,000 ",0 ,0 ,0 ,0 ,0 ,0 ,0 ,0 ,0,0,,,,,,221.0,42,,,,,미등록,,2024-04-04,35.8724731,128.6248315
107,20240408-0042,04-08,동구 신천동 173-12,지상사유지,D13mm 인입선 누수수선,"618,000 ","618,000 ",0 ,0 ,"9,230 ","11,710 ","9,330 ","2,640 ","1,190 ","5,980 ","1,850","10,530",15.0,스텐레스관,이형관,노후,,221.0,49,,,,,미등록,,2024-04-08,35.8699239,128.6206596
108,20240408-0107,04-08,동구 동호동 64,지상사유지,D13mm 계량기 보호통 교체,"795,600 ","700,000 ","95,600 ",0 ,"10,230 ","12,990 ","10,350 ","2,930 ","1,320 ","6,640 ","2,070","13,870",15.0,계량기보호통(실),연결부,노후,,233.0,257,,,,,미등록,페콘 0.1,2024-04-08,35.8717474,128.7127553
109,20240408-0337,04-08,동구 방촌동 1050-71,지하공도,D200mm 직관부 누수수선,"5,938,780 ","3,748,000 ","409,780 ","1,781,000 ","56,840 ","72,150 ","57,470 ","16,300 ","7,360 ","36,870 ","9,660","65,840",200.0,닥타일관,직관,노후,"2,916.48",228.0,123-2,0.7,"1,014 ",903 ,111 ,등록,폐아 4.9톤,2024-04-08,35.8816158,128.6607611
110,20240408-0393,04-08,동구 평광동 416,지상사유지,D13mm 계량기실 누수수선,"168,000 ","168,000 ",0 ,0 ,"2,170 ","2,760 ","2,200 ",620 ,280 ,"1,410 ",520,"1,790",15.0,계량기보호통(실),접합부,부식,,206.0,72,,,,,미등록,,2024-04-08,35.9383785,128.6970226
111,20240409-0049,04-09,동구 신천동 101-1,지상사유지,D25mm 계량기 보호통 교체,"1,151,000 ","993,000 ","158,000 ",0 ,"16,680 ","21,180 ","16,870 ","4,780 ","2,160 ","10,820 ","2,860","22,330",25.0,계량기보호통(실),연결부,노후,,221.0,49,,,,,미등록,,2024-04-09,35.8715561,128.6243113
112,20240411-0318,04-11,동구 불로동 1188,지하공도,D25*13mm 분기점 누수수선,"1,469,000 ","1,469,000 ",0 ,0 ,"20,580 ","26,120 ","20,810 ","5,900 ","2,660 ","13,350 ","4,150","23,540",15.0,부분기대,부분기대,노후,"1,333.2",205.0,80,,0 ,0 ,0 ,등록,폐콘 1.1톤,2024-04-11,35.909868,128.6416281
113,20240412-0078,04-12,동구 효목동 383-9,지상사유지,D13mm 계량기실 누수수선,"291,000 ","291,000 ",0 ,0 ,"4,790 ","6,080 ","4,840 ","1,370 ",620 ,"3,100 ",850,"4,450",15.0,계량기보호통(실),연결부,노후,,606.0,36,0.0,0 ,0 ,0 ,미등록,,2024-04-12,35.8779253,128.6369595
114,20240412-0184,04-12,동구 방촌동 964-36,지상사유지,D13mm 계량기실 누수수선,"168,000 ","168,000 ",0 ,0 ,"2,170 ","2,760 ","2,200 ",620 ,280 ,"1,410 ",520,"1,790",15.0,계량기보호통(실),접합부,부식,,228.0,125,0.0,0 ,0 ,0 ,미등록,,2024-04-12,35.8853574,128.6651131
115,20240415-0011,04-15,동구 신천동 671-4,지하공도,D100*20mm 분기점 누수수선,"1,516,000 ","1,516,000 ",0 ,0 ,"20,540 ","26,070 ","20,760 ","5,890 ","2,650 ","13,320 ","4,540","22,230",20.0,부분기대,부분기대,노후,"1,223.04",220.0,48,0.2,290 ,258 ,32 ,등록,폐아 0.4,2024-04-15,35.8700135,128.6186048
116,20240415-0122,04-15,동구 동호동 7-9,지상사유지,D13mm 계량기 보호통 교체,"862,600 ","767,000 ","95,600 ",0 ,"11,610 ","14,730 ","11,730 ","3,330 ","1,500 ","7,530 ","2,250","15,290",15.0,계량기보호통(실),연결부,노후,,233.0,257,,,,,미등록,폐콘 0.1,2024-04-15,35.8718154,128.7110225
117,20240415-0171,04-15,동구 신천동 693-1,지상사유지,D13mm 계량기실 누수수선,"144,000 ","144,000 ",0 ,0 ,"2,170 ","2,760 ","2,200 ",620 ,280 ,"1,410 ",430,"1,790",15.0,계량기보호통(실),접합부,부식,,220.0,40,,,,,미등록,,2024-04-15,35.8729435,128.6178685
118,20240415-0172,04-15,동구 숙천동 102,지상공도,D100mm 접합부 누수수선,"112,000 ","112,000 ",0 ,0 ,460 ,580 ,460 ,130 ,50 ,300 ,400,370,100.0,PFP관,이형관,노후,2.76,236.0,223,0.0,0 ,0 ,0 ,등록,,2024-04-15,35.8831462,128.7556089
119,20240415-0175,04-15,동구 진인동 442,지상공도,D50mm 제수변 누수수선,"140,000 ","140,000 ",0 ,0 ,"1,050 ","1,330 ","1,060 ",300 ,130 ,680 ,470,870,50.0,변류,본체,노후,0.11,201.0,313,,0 ,0 ,0 ,등록,,2024-04-15,35.956186,128.7241609
120,20240415-0177,04-15,동구 방촌동 1084-38,지상공도,D150mm 접합부 누수수선,"162,000 ","162,000 ",0 ,0 ,"2,030 ","2,580 ","2,050 ",580 ,260 ,"1,320 ",500,"1,680",150.0,닥타일관,이형관,노후,7.2,227.0,124-2,0.0,0 ,0 ,0 ,등록,,2024-04-15,35.8782222,128.6638459
121,20240416-0099,04-16,동구 진인동 854,지상공도,D40mm 직관부 누수수선,"342,000 ","342,000 ",0 ,0 ,"3,960 ","5,030 ","4,000 ","1,130 ",510 ,"2,570 ","1,080","4,860",40.0,HIVP,직관,타공사손괴,7.7,201.0,313,,0 ,0 ,0 ,등록,,2024-04-16,35.9530197,128.7198423
126,20240418-0036,04-18,동구 검사동 984-22,지상사유지,D13mm 계량기 보호통 교체,"878,600 ","783,000 ","95,600 ",0 ,"12,530 ","15,900 ","12,670 ","3,590 ","1,620 ","8,130 ","2,260","15,720",15.0,계량기보호통(실),연결부,노후,,227.0,124-2,,,,,미등록,폐콘 0.1,2024-04-18,35.8858359,128.6502794
127,20240419-0048,04-19,동구 숙천동 101,지상공도,D100mm 직관부 누수수선,"512,000 ","512,000 ",0 ,0 ,"4,180 ","5,310 ","4,230 ","1,200 ",540 ,"2,710 ","1,720","8,900",100.0,PFP관,직관,타공사손괴,107.7,236.0,223,0.0,0 ,0 ,0 ,등록,,2024-04-19,35.8831109,128.755169
131,20240420-0007,04-20,동구 신천동 376-2 여로식육식당,지상사유지,D20mm 계량기 보호통 교체,"1,025,000 ","897,000 ","128,000 ",0 ,"14,890 ","18,900 ","15,050 ","4,270 ","1,920 ","9,660 ","2,570","19,290",20.0,계량기보호통(실),연결부,노후,,222.0,34,,,,,미등록,폐콘 0.1,2024-04-20,35.8741976,128.6290319
134,20240422-0119,04-22,동구 신암동 23-25,지하사유지,D13mm 계량기 보호통 교체,"847,600 ","752,000 ","95,600 ",0 ,"12,260 ","15,570 ","12,400 ","3,510 ","1,580 ","7,950 ","2,160","15,650",15.0,계량기보호통(실),연결부,노후,698.88,209.0,12,,0 ,0 ,0 ,미등록,폐콘 0.1,2024-04-22,35.8882957,128.6369334
135,20240422-0344,04-22,동구 방촌동 1091-19,지상사유지,D13mm 계량기 보호통 교체,"1,112,600 ","1,017,000 ","95,600 ",0 ,"16,750 ","21,270 ","16,940 ","4,800 ","2,160 ","10,870 ","2,900","19,880",15.0,계량기보호통(실),연결부,노후,,227.0,138,,,,,미등록,폐콘 0.2,2024-04-22,35.8801672,128.6672308
136,20240422-0418,04-22,동구 효목동 142-8,배수관망유지수선,유량계실 내 레벨스위치 설치,"281,000 ","281,000 ",0 ,0 ,"4,040 ","5,130 ","4,090 ","1,160 ",520 ,"2,620 ",850,"3,620",,,,,,213.0,24,,0 ,0 ,0 ,미등록,,2024-04-22,35.8812029,128.6426905
137,20240422-0421,04-22,동구 동호동 354 한일에이원,기타,압력계 교체,"1,427,000 ","1,427,000 ",0 ,0 ,"13,420 ","17,040 ","13,570 ","3,850 ","1,730 ","8,710 ","4,700","26,890",,,,,,237.0,259-3,,0 ,0 ,0 ,미등록,,2024-04-22,35.8653444,128.7153729
138,20240423-0121,04-23,동구 지저동 724-18,지상사유지,D13mm 계량기 보호통 교체,"906,600 ","811,000 ","95,600 ",0 ,"12,890 ","16,360 ","13,030 ","3,690 ","1,660 ","8,360 ","2,350","16,310",15.0,계량기보호통(실),연결부,노후,,208.0,92,,,,,미등록,폐콘 0.1,2024-04-23,35.8943436,128.6361875
140,20240423-0374,04-23,동구 방촌동 1012-27,지하사유지,D13mm 계량기 보호통 교체,"852,600 ","757,000 ","95,600 ",0 ,"11,750 ","14,920 ","11,880 ","3,370 ","1,520 ","7,620 ","2,200","15,350",15.0,계량기보호통(실),연결부,노후,705.12,228.0,123-2,,0 ,0 ,0 ,미등록,폐콘 0.1,2024-04-23,35.8838965,128.6588059
141,20240424-0452,04-24,동구 도동 289-4,지상사유지,D13mm 계량기실 누수수선,"168,000 ","168,000 ",0 ,0 ,"2,170 ","2,760 ","2,200 ",620 ,280 ,"1,410 ",520,"1,790",15.0,계량기보호통(실),연결부,부식,,206.0,72,,,,,미등록,,2024-04-24,35.9186353,128.6594983
142,20240425-0019,04-25,동구 둔산동 360-2,지하공도,D25*13mm 분기점 누수수,"1,010,000 ","1,010,000 ",0 ,0 ,"12,410 ","15,760 ","12,550 ","3,560 ","1,600 ","8,050 ","2,960","13,600",15.0,부분기대,부분기대,노후,910.8,225.0,88,0.2,290 ,258 ,32 ,등록,폐콘 0.7톤,2024-04-25,35.9056309,128.6868529
143,20240425-0020,04-25,동구 신천동 671-18,지하공도,D100*13mm 분기점 누수수선,"1,366,000 ","1,366,000 ",0 ,0 ,"17,710 ","22,490 ","17,910 ","5,080 ","2,290 ","11,490 ","3,910","19,140",15.0,부분기대,부분기대,노후,"1,131.6",220.0,48,0.2,290 ,258 ,32 ,등록,폐아 0.4톤 폐콘 0.7톤,2024-04-25,35.8700256,128.6184928
144,20240425-0029,04-25,동구 신암동 58-20,지하공도,D40*13mm 분기점 누수수선,"957,000 ","957,000 ",0 ,0 ,"17,640 ","22,400 ","17,840 ","5,060 ","2,280 ","11,450 ","2,700","16,000",15.0,스텐레스관,이형관,노후,"1,067.04",209.0,12,,0 ,0 ,0 ,등록,,2024-04-25,35.8897771,128.635231
145,20240425-0033,04-25,동구 효목동 47,지상사유지,D50mm 인입선 누수수선,"836,000 ","836,000 ",0 ,0 ,"13,800 ","17,520 ","13,950 ","3,950 ","1,780 ","8,950 ","2,440","14,710",50.0,PFP관,이형관,노후,,213.0,24,,,,,미등록,,2024-04-25,35.8829988,128.6373083
146,20240425-0040,04-25,동구 신암동 620-30,지상사유지,D13mm 계량기 보호통 교체,"946,600 ","851,000 ","95,600 ",0 ,"14,200 ","18,020 ","14,360 ","4,070 ","1,830 ","9,210 ","2,400","17,270",15.0,계량기보호통(실),연결부,노후,,211.0,9,,,,,미등록,폐콘 0.2,2024-04-25,35.8854944,128.6256476
147,20240425-0062,04-25,동구 신천동 774-25,지하사유지,D13mm 계량기 보호통 교체,"870,600 ","775,000 ","95,600 ",0 ,"12,830 ","16,290 ","12,980 ","3,680 ","1,660 ","8,320 ","2,220","16,070",15.0,계량기보호통(실),연결부,노후,717.6,221.0,49,,0 ,0 ,0 ,미등록,폐콘0.1,2024-04-25,35.8689841,128.6216063
148,20240425-0238,04-25,동구 율암동 359-1,지상사유지,D25mm 계량기 보호통 교체,"1,025,000 ","867,000 ","158,000 ",0 ,"12,930 ","16,410 ","13,070 ","3,700 ","1,670 ","8,390 ","2,550","18,860",25.0,계량기보호통(실),연결부,노후,,230.0,201,,,,,미등록,폐콘 0.1,2024-04-25,35.876536,128.7053126
149,20240426-0004,04-26,동구 방촌동 887-5,지상사유지,D13mm 계량기실 누수수선,"284,000 ","284,000 ",0 ,0 ,"4,110 ","5,220 ","4,160 ","1,180 ",530 ,"2,670 ",820,"3,790",15.0,계량기보호통(실),접합부,부식,,228.0,125,,,,,미등록,폐콘 0.1,2024-04-26,35.8817189,128.6661344
151,20240426-0374,04-26,동구 방촌동 942-4,배수관망유지수선,"D80mm, L=116m 배수관망 유지수선","48,128,720 ","15,605,000 ","2,838,720 ","29,685,000 ","190,620 ","241,970 ","192,730 ","54,680 ","24,680 ","123,670 ","43,280","309,660",,,,,,228.0,125,7.5,"10,868 ","9,675 ","1,193 ",미등록,폐아 45톤,2024-04-26,35.8849079,128.6661048
152,20240429-0097,04-29,동구 신천동 172-16,지하사유지,D13mm 계량기 보호통 교체,"739,600 ","644,000 ","95,600 ",0 ,"10,160 ","12,890 ","10,270 ","2,910 ","1,310 ","6,590 ","1,860","13,720",15.0,계량기보호통(실),연결부,노후,542.64,221.0,49,,0 ,0 ,0 ,미등록,페콘 0.1,2024-04-29,35.8705642,128.620852
153,20240429-0098,04-29,동구 신천동 774-27,지하공도,D50*13mm 분기점 누수수선,"1,125,000 ","1,125,000 ",0 ,0 ,"18,060 ","22,920 ","18,260 ","5,180 ","2,330 ","11,710 ","3,220","19,450",15.0,PFP관,이형관,노후,"1,104.48",221.0,49,,0 ,0 ,0 ,등록,폐콘 0.3,2024-04-29,35.8689031,128.6215354
154,20240429-0311,04-29,동구 신암동 600-9,지상사유지,D13mm 계량기 보호통 교체,"849,600 ","754,000 ","95,600 ",0 ,"12,200 ","15,490 ","12,340 ","3,500 ","1,570 ","7,920 ","2,170","15,730",15.0,계량기보호통(실),연결부,노후,,211.0,8,,,,,미등록,폐콘 0.1,2024-04-29,35.8833516,128.6190878
7,20240304-0329,03-04,동구 율하동 1114,기타,유량계실 뚜껑 교체(2개소) 및 청소(3개소),"2,350,000 ","1,751,000 ","599,000 ",0 ,"14,440 ","18,330 ","14,600 ","4,140 ","1,860 ","9,370 ","5,930","31,340",,,,,,234.0,252,,0 ,0 ,0 ,미등록,,2024-03-04,35.8703975,128.6913886
125,20240417-0387,04-17,동구 도동 122 (주)미래앤푸드,지하공도,D80*15mm 분기점 누수수선,"2,326,000 ","2,326,000 ",0 ,0 ,"31,860 ","40,450 ","32,220 ","9,140 ","4,120 ","20,670 ","6,980","36,720",15.0,부분기대,부분기대,노후,"3,343.68",205.0,80,0.2,290 ,258 ,32 ,등록,폐아 0.5,2024-04-17,35.9115993,128.6505146
129,20240419-0356,04-19,동구 효목동 384-20,지하공도,"D80mm 제수밸브 누수수선 및 철개교체, 확인터파기","1,749,000 ","1,630,000 ","119,000 ",0 ,"22,260 ","28,260 ","22,510 ","6,380 ","2,880 ","14,440 ","4,770","26,730",80.0,변류,본체,노후,"1,557.6",606.0,36,0.3,435 ,387 ,48 ,미등록,폐아 0.7,2024-04-19,35.8776046,128.6369101
132,20240422-0115,04-22,동구 신암동 1544,지하공도,D100*15mm 분기점 누수수선,"1,526,000 ","1,526,000 ",0 ,0 ,"20,300 ","25,770 ","20,530 ","5,820 ","2,620 ","13,170 ","4,350","21,430",15.0,부분기대,부분기대,노후,"1,735.68",209.0,12,0.2,290 ,258 ,32 ,등록,폐콘 0.8 폐아 0.4,2024-04-22,35.88776,128.6384212
133,20240422-0118,04-22,동구 신암동 24-3,지하공도,D150*15mm 분기점 누수수선,"1,432,000 ","1,432,000 ",0 ,0 ,"19,950 ","25,330 ","20,180 ","5,720 ","2,580 ","12,940 ","4,250","21,230",15.0,부분기대,부분기대,노후,"1,166.16",209.0,12,0.2,290 ,258 ,32 ,등록,폐아 0.4,2024-04-22,35.8879509,128.6361722
150,20240426-0217,04-26,동구 방촌동 90-13,지하공도,D80mm 접합부 누수수선,"1,484,000 ","1,484,000 ",0 ,0 ,"21,110 ","26,800 ","21,340 ","6,050 ","2,730 ","13,690 ","4,510","24,680",80.0,PFP관,이형관,노후,"2,414.88",226.0,103,,0 ,0 ,0 ,등록,,2024-04-26,35.8938319,128.6743635
157,20240502-0259,05-02,동구 둔산동 1060,지상사유지,D13mm 계량기실 누수수선,"192,000 ","192,000 ",0 ,0 ,"2,360 ","3,000 ","2,390 ",670 ,300 ,"1,530 ",570,"2,110",15.0,계량기보호통(실),연결부,노후,,226.0,102,,,,,미등록,폐콘 0.1,2024-05-02,35.897417,128.6703825
158,20240502-0382,05-02,동구 방촌동 1006-18,지상사유지,D13mm 계량기 보호통 교체,"871,600 ","776,000 ","95,600 ",0 ,"12,050 ","15,300 ","12,190 ","3,450 ","1,560 ","7,820 ","2,260","15,740",15.0,계량기보호통(실),연결부,노후,,228.0,123-2,,,,,미등록,폐콘 0.1,2024-05-02,35.8840055,128.6611804
159,20240503-0184,05-03,동구 방촌동 1084-164,지상사유지,D13mm 계량기 보호통 교체,"851,600 ","756,000 ","95,600 ",0 ,"12,160 ","15,440 ","12,290 ","3,480 ","1,570 ","7,890 ","2,180","15,490",15.0,계량기보호통(실),연결부,노후,,227.0,124-2,,,,,미등록,폐콘 0.1,2024-05-03,35.8794795,128.6652675
160,20240503-0193,05-03,동구 방촌동 1084-236,지상사유지,D13mm 계량기 보호통 교체,"814,600 ","719,000 ","95,600 ",0 ,"11,280 ","14,310 ","11,400 ","3,230 ","1,460 ","7,310 ","2,090","14,580",15.0,계량기보호통(실),연결부,노후,,227.0,124-2,,,,,미등록,폐콘 0.1,2024-05-03,35.8779545,128.6638582
161,20240504-0009,05-04,동구 검사동 756-249 601호,미누수,현장 확인 결과 미누수,"723,000 ","723,000 ",0 ,0 ,0 ,0 ,0 ,0 ,0 ,0 ,"2,740",0,,,,,,210.0,108-1,,,,,미등록,,2024-05-04,35.8855379,128.6599463
162,20240505-0009,05-05,동구 효목동 143-39,지상사유지,D13mm 계량기 보호통 교체,"873,600 ","778,000 ","95,600 ",0 ,"12,780 ","16,220 ","12,920 ","3,660 ","1,650 ","8,290 ","2,230","16,150",15.0,계량기보호통(실),연결부,노후,,213.0,24,,,,,미등록,폐콘 0.1,2024-05-05,35.8810765,128.6423912
164,20240507-0314,05-07,동구 지저동 644-20,지상사유지,D32mm 이토밸브 누수수선,"766,000 ","766,000 ",0 ,0 ,"10,190 ","12,930 ","10,300 ","2,920 ","1,310 ","6,610 ","2,360","12,260",32.0,스텐레스관,이형관,부식,,208.0,101-2,0.0,0 ,0 ,0 ,미등록,,2024-05-07,35.895856,128.6436048
165,20240507-0319,05-07,동구 둔산동 253-3,지상사유지,D13mm 인입선 누수수선,"402,000 ","402,000 ",0 ,0 ,"4,730 ","6,010 ","4,780 ","1,350 ",610 ,"3,070 ","1,270","6,160",15.0,스텐레스관,직관,부식,,225.0,105,,,,,미등록,,2024-05-07,35.8983759,128.6851224
166,20240507-0461,05-07,동구 신천동 102,기타,유량계실 양수작업,"361,000 ","361,000 ",0 ,0 ,0 ,0 ,0 ,0 ,0 ,0 ,"1,360",0,,,,,,221.0,42,,0 ,0 ,0 ,미등록,,2024-05-07,35.8724731,128.6248315
167,20240507-0592,05-07,동구 효목동 597-3,지하사유지,D20mm 인입선 누수수선,"455,000 ","455,000 ",0 ,0 ,"6,020 ","7,650 ","6,090 ","1,720 ",770 ,"3,910 ","1,400","7,630",20.0,스텐레스관,이형관,노후,583.68,224.0,47,,0 ,0 ,0 ,미등록,,2024-05-07,35.8791542,128.6425967
168,20240507-0594,05-07,동구 도동 3-3,지하공도,D200*15mm 분기점 누수수선,"1,836,000 ","1,836,000 ",0 ,0 ,"25,980 ","32,980 ","26,270 ","7,450 ","3,360 ","16,850 ","5,370","26,120",15.0,부분기대,부분기대,노후,"1,966.08",205.0,80,0.3,435 ,387 ,48 ,등록,폐아 0.7,2024-05-07,35.9094998,128.644533
169,20240507-0595,05-07,동구 도동 79-1,지하사유지,D13mm 계량기 보호통 교체,"884,600 ","789,000 ","95,600 ",0 ,"12,620 ","16,020 ","12,760 ","3,620 ","1,630 ","8,180 ","2,280","15,860",15.0,계량기보호통(실),연결부,노후,829.92,205.0,80,,0 ,0 ,0 ,미등록,폐콘 0.1,2024-05-07,35.9105883,128.6479471
170,20240508-0006,05-08,동구 효목동 64-53,지상사유지,D13mm 계량기 보호통 교체,"842,600 ","747,000 ","95,600 ",0 ,"12,320 ","15,650 ","12,460 ","3,530 ","1,590 ","7,990 ","2,140","15,820",15.0,계량기보호통(실),연결부,노후,,213.0,24,,,,,미등록,폐콘 0.1,2024-05-08,35.8856369,128.636411
171,20240508-0023,05-08,동구 신암동 130-27 누리안,지상사유지,현장출동 제수변 개폐,"67,000 ","67,000 ",0 ,0 ,560 ,710 ,560 ,160 ,70 ,360 ,220,450,15.0,기타,기타,기타,,209.0,1,,,,,미등록,,2024-05-08,35.8885794,128.6302984
172,20240508-0064,05-08,동구 도동 459-1,지하사유지,D13mm 계량기 보호통 교체,"849,600 ","754,000 ","95,600 ",0 ,"11,990 ","15,220 ","12,120 ","3,440 ","1,550 ","7,780 ","2,180","15,210",15.0,계량기보호통(실),연결부,노후,829.92,206.0,72,,0 ,0 ,0 ,미등록,폐콘 0.1,2024-05-08,35.9200578,128.6620956
173,20240508-0128,05-08,동구 신서동 543,지상사유지,D150mm 제수변 누수수선,"2,109,000 ","2,109,000 ",0 ,0 ,"29,790 ","37,820 ","30,120 ","8,540 ","3,850 ","19,330 ","6,170","30,800",150.0,변류,접합부,노후,,237.0,261-2,0.3,435 ,387 ,48 ,미등록,폐아 0.8,2024-05-08,35.86859,128.7294427
174,20240508-0173,05-08,동구 입석동 961-35,지상공도,D100mm 소화전 누수수선,"2,635,000 ","2,045,000 ","590,000 ",0 ,"33,590 ","42,640 ","33,960 ","9,630 ","4,340 ","21,790 ","5,800","47,290",100.0,기타,기타,노후,1.38,210.0,108-1,0.2,290 ,258 ,32 ,등록,폐아 0.3,2024-05-08,35.8921453,128.6456228
175,20240508-0217,05-08,동구 도동 95-15,지상사유지,D13mm 계량기 보호통 교체,"1,029,600 ","934,000 ","95,600 ",0 ,"15,480 ","19,650 ","15,650 ","4,440 ","2,000 ","10,040 ","2,680","18,460",15.0,계량기보호통(실),연결부,노후,,205.0,80,,,,,미등록,폐콘 0.1,2024-05-08,35.9109696,128.6493557
178,20240509-0039,05-09,동구 신천동 499-1,기타,양수작업,"102,000 ","102,000 ",0 ,0 ,0 ,0 ,0 ,0 ,0 ,0 ,380,0,,,,,,606.0,44-2,,0 ,0 ,0 ,미등록,,2024-05-09,35.8727035,128.6309852
179,20240510-0042,05-10,동구 봉무동 392-7,지상사유지,D13mm 계량기 보호통 교체,"1,031,600 ","936,000 ","95,600 ",0 ,"14,530 ","18,440 ","14,690 ","4,160 ","1,880 ","9,420 ","2,550","17,650",15.0,계량기보호통(실),연결부,노후,,203.0,71,0.1,145 ,129 ,16 ,미등록,폐콘 0.5 페아 0.2,2024-05-10,35.921658,128.6456783
180,20240510-0083,05-10,동구 방촌동 862-13,지하공도,D25*15mm 분기점 누수수선,"974,000 ","974,000 ",0 ,0 ,"11,610 ","14,740 ","11,740 ","3,330 ","1,500 ","7,530 ","3,080","15,730",15.0,스텐레스관,이형관,노후,"1,226.16",228.0,132,,0 ,0 ,0 ,등록,,2024-05-10,35.8815375,128.6694536
181,20240510-0271,05-10,동구 신암동 130-56,시설물수선,제수밸브 철개 입상,"769,000 ","650,000 ","119,000 ",0 ,"9,770 ","12,400 ","9,880 ","2,800 ","1,260 ","6,340 ","1,930","12,530",,,,,,209.0,1,,,,,미등록,,2024-05-10,35.8884447,128.6300056
182,20240510-0279,05-10,동구 방촌동 1084-511,지상사유지,D13mm 계량기 보호통 교체,"987,600 ","892,000 ","95,600 ",0 ,"14,510 ","18,420 ","14,670 ","4,160 ","1,870 ","9,410 ","2,570","17,760",15.0,계량기보호통(실),연결부,노후,,227.0,124-2,,,,,미등록,폐콘 0.1,2024-05-10,35.8781882,128.665289
183,20240513-0051,05-13,동구 불로동 1018-1,지하사유지,D13mm 계량기 보호통 교체,"875,600 ","780,000 ","95,600 ",0 ,"12,200 ","15,490 ","12,340 ","3,500 ","1,570 ","7,920 ","2,270","15,760",15.0,계량기보호통(실),연결부,노후,879.84,208.0,92,,0 ,0 ,0 ,미등록,폐콘 0.1,2024-05-13,35.8975197,128.6343057
184,20240513-0055,05-13,동구 지저동 761-9,지하사유지,D13mm 계량기 보호통 교쳬,"898,600 ","803,000 ","95,600 ",0 ,"12,740 ","16,170 ","12,880 ","3,650 ","1,640 ","8,260 ","2,330","16,190",15.0,계량기보호통(실),연결부,노후,879.84,208.0,99,,0 ,0 ,0 ,미등록,폐콘 0.1,2024-05-13,35.8944572,128.6371212
185,20240513-0216,05-13,동구 신천동 834-4,지상사유지,D13mm 계량기 보호통 교체,"860,600 ","765,000 ","95,600 ",0 ,"12,530 ","15,910 ","12,670 ","3,590 ","1,620 ","8,130 ","2,190","15,920",15.0,계량기보호통(실),연결부,노후,,220.0,48,,,,,미등록,폐콘 0.1,2024-05-13,35.868816,128.6172349
186,20240513-0437,05-13,동구 신천동 404-11,지하미누수,확인 터파기,"1,236,000 ","1,236,000 ",0 ,0 ,"15,460 ","19,630 ","15,630 ","4,430 ","2,000 ","10,030 ","3,710","17,720",,,,,,606.0,44-2,0.2,290 ,258 ,32 ,미등록,페아 0.5,2024-05-13,35.8759223,128.6326666
188,20240514-0026,05-14,동구 신천동 404,지하사유지,D13mm 계량기 보호통 교체,"794,600 ","699,000 ","95,600 ",0 ,"11,160 ","14,160 ","11,280 ","3,200 ","1,440 ","7,240 ","2,010","15,010",15.0,계량기보호통(실),연결부,노후,879.84,606.0,44-2,,0 ,0 ,0 ,미등록,폐콘 0.1,2024-05-14,35.8759605,128.6324586
190,20240516-0183,05-16,동구 사복동 163-8 펜지농원,지상사유지,D13mm 인입선 누수수선,"1,092,000 ","1,092,000 ",0 ,0 ,"16,170 ","20,530 ","16,350 ","4,640 ","2,090 ","10,490 ","3,290","19,270",15.0,스텐레스관,직관,타공사손괴,11.2,236.0,242,0.0,0 ,0 ,0 ,미등록,,2024-05-16,35.8748194,128.7553575
191,20240516-0190,05-16,동구 불로동 477-5,지상사유지,D20mm 계량기 보호통 교체,"983,000 ","855,000 ","128,000 ",0 ,"13,500 ","17,130 ","13,650 ","3,870 ","1,740 ","8,750 ","2,480","18,130",20.0,계량기보호통(실),연결부,노후,,205.0,77,,,,,미등록,폐콘 0.1,2024-05-16,35.9117832,128.642127
194,20240517-0121,05-17,동구 봉무동 1522,기타,현장출동 제수변 개폐,"92,000 ","92,000 ",0 ,0 ,560 ,710 ,560 ,160 ,70 ,360 ,310,450,,,,,,203.0,65,,0 ,0 ,0 ,미등록,,2024-05-17,35.9249274,128.6423877
195,20240517-0269,05-17,동구 신암동 780-6,지상공도,D80*25mm 분기점 누수수선,"451,000 ","451,000 ",0 ,0 ,"6,100 ","7,740 ","6,170 ","1,750 ",780 ,"3,950 ","1,390","7,800",25.0,부분기대,부분기대,노후,0.86,211.0,6,,0 ,0 ,0 ,등록,,2024-05-17,35.8834711,128.6161145
196,20240517-0390,05-17,동구 송정동 292,지하공도,D80mm 접합부 누수수선,"1,332,000 ","1,332,000 ",0 ,0 ,"17,060 ","21,660 ","17,250 ","4,890 ","2,200 ","11,070 ","4,030","17,740",80.0,HIVP,이형관,부식,"1,424.16",201.0,54,0.2,290 ,258 ,32 ,등록,폐아 0.4,2024-05-17,35.9869407,128.621773
198,20240520-0169,05-20,동구 신천동 15-5,지상사유지,D13mm 계량기실 누수수선,"208,000 ","208,000 ",0 ,0 ,"3,530 ","4,490 ","3,570 ","1,010 ",450 ,"2,290 ",600,"2,910",15.0,계량기보호통(실),접합부,부식,,219.0,30,,,,,미등록,,2024-05-20,35.8755295,128.6186961
201,20240520-0275,05-20,동구 진인동 417,지상공도,D50mm 직관부 누수수선,"525,000 ","525,000 ",0 ,0 ,"9,280 ","11,780 ","9,380 ","2,660 ","1,200 ","6,020 ","1,500","7,570",50.0,HIVP,이형관,침하,0.55,,313,,0 ,0 ,0 ,등록,,2024-05-20,35.9586379,128.7221443
202,20240520-0311,05-20,동구 지저동 644-21,지상사유지,현장출동 이토변 개폐,"92,000 ","92,000 ",0 ,0 ,560 ,710 ,560 ,160 ,70 ,360 ,310,450,15.0,기타,기타,기타,,208.0,101-2,,,,,미등록,,2024-05-20,35.8957647,128.643445
204,20240520-0490,05-20,동구 불로동 327-4,지상사유지,D13mm 계량기 보호통 교체,"806,600 ","711,000 ","95,600 ",0 ,"11,190 ","14,200 ","11,310 ","3,210 ","1,440 ","7,260 ","2,090","14,630",15.0,계량기보호통(실),연결부,노후,,205.0,77,,,,,미등록,,2024-05-20,35.9143968,128.6438881
206,20240522-0013,05-22,동구 불로동 30-17,지상사유지,D13mm 계량기 보호통 교체,"783,600 ","688,000 ","95,600 ",0 ,"10,670 ","13,540 ","10,790 ","3,060 ","1,380 ","6,920 ","2,000","14,030",15.0,계량기보호통(실),연결부,노후,,205.0,77,,,,,미등록,폐콘 0.1,2024-05-22,35.9129855,128.6428298
207,20240522-0377,05-22,동구 괴전동 137-2,지상사유지,D13mm 계량기 보호통 교체,"920,600 ","825,000 ","95,600 ",0 ,"12,740 ","16,180 ","12,880 ","3,650 ","1,640 ","8,270 ","2,440","16,290",15.0,계량기보호통(실),연결부,노후,,235.0,237-1,,,,,미등록,,2024-05-22,35.8717916,128.7336548
209,20240523-0273,05-23,동구 지저동 710-2,지하공도,D40*15mm 분기점 누수수선,"1,614,000 ","1,097,000 ",0 ,"517,000 ","14,300 ","18,160 ","14,460 ","4,100 ","1,850 ","9,280 ","3,280","15,450",15.0,PFP관,이형관,노후,"1,347.84",208.0,92,0.1,145 ,129 ,16 ,등록,폐아 0.4,2024-05-23,35.8968791,128.636105
210,20240524-0035,05-24,동구 지저동 767-10,지하공도,D100*25mm 구분기점 누수수선,"1,777,000 ","1,777,000 ",0 ,0 ,"25,760 ","32,700 ","26,040 ","7,390 ","3,330 ","16,710 ","5,250","25,130",25.0,부분기대,부분기대,노후,"2,088",208.0,92,0.2,290 ,258 ,32 ,등록,폐아 0.4,2024-05-24,35.8950532,128.6371921
211,20240524-0042,05-24,동구 방촌동 988-27,지하공도,D80mm 제수변 누수수선,"1,475,000 ","1,475,000 ",0 ,0 ,"19,560 ","24,830 ","19,780 ","5,610 ","2,530 ","12,690 ","4,400","20,280",80.0,변류,본체,노후,"2,053.2",228.0,123-2,0.2,290 ,258 ,32 ,등록,폐아 0.5,2024-05-24,35.8848419,128.6628775
212,20240524-0043,05-24,동구 방촌동 925-29 고지서 501호,지하공도,D80mm 제수변 누수수선,"1,046,000 ","1,046,000 ",0 ,0 ,"12,810 ","16,260 ","12,950 ","3,670 ","1,650 ","8,310 ","3,190","13,420",80.0,변류,본체,노후,"2,053.2",228.0,125,0.2,290 ,258 ,32 ,등록,폐아 0.3,2024-05-24,35.8835467,128.6647967
213,20240524-0044,05-24,동구 방촌동 934-31,지하사유지,D13mm 계량기 보호통 교체,"837,600 ","742,000 ","95,600 ",0 ,"11,530 ","14,630 ","11,650 ","3,300 ","1,490 ","7,480 ","2,160","15,090",15.0,계량기보호통(실),연결부,노후,917.28,228.0,125,,0 ,0 ,0 ,미등록,폐콘 0.1,2024-05-24,35.8843162,128.6659607
214,20240524-0045,05-24,동구 방촌동 941-29,지하사유지,D13mm 계량기 보호통 교체,"843,600 ","748,000 ","95,600 ",0 ,"11,600 ","14,730 ","11,730 ","3,320 ","1,500 ","7,530 ","2,180","15,200",15.0,계량기보호통(실),연결부,노후,917.28,228.0,125,,0 ,0 ,0 ,미등록,폐콘 0.1,2024-05-24,35.8851801,128.6653837
215,20240524-0055,05-24,동구 효목동 1195,지하공도,D50mm 직관부 누수수선,"711,000 ","711,000 ",0 ,0 ,"11,620 ","14,750 ","11,750 ","3,330 ","1,500 ","7,540 ","2,080","10,770",50.0,스텐레스관,직관,타공사손괴,800.4,214.0,136,,0 ,0 ,0 ,등록,,2024-05-24,35.8775639,128.6552982
217,20240524-0057,05-24,동구 둔산동 384,지상사유지,D13mm 인입선 누수수선,"363,000 ","363,000 ",0 ,0 ,"4,110 ","5,210 ","4,150 ","1,170 ",530 ,"2,660 ","1,150","5,680",15.0,스텐레스관,직관,노후,,225.0,88,,,,,미등록,,2024-05-24,35.9074867,128.6866371
218,20240524-0089,05-24,동구 효목동 21-24,지상사유지,D13mm 계량기 보호통 교체,"847,600 ","752,000 ","95,600 ",0 ,"12,260 ","15,570 ","12,400 ","3,510 ","1,580 ","7,950 ","2,160","15,650",15.0,계량기보호통(실),연결부,노후,,214.0,27,0.0,0 ,0 ,0 ,미등록,폐콘 0.1,2024-05-24,35.884903,128.6439282
219,20240524-0090,05-24,동구 신천동 434-2,지상사유지,D13mm 계량기 보호통 교체,"857,600 ","762,000 ","95,600 ",0 ,"12,570 ","15,950 ","12,710 ","3,600 ","1,620 ","8,150 ","2,180","15,830",15.0,계량기보호통(실),연결부,노후,,606.0,44-2,0.1,145 ,129 ,16 ,미등록,폐콘 0.1,2024-05-24,35.8758871,128.6308536
221,20240524-0163,05-24,동구 신서동 538-1,지하공도,D80mm 제수변 누수수선,"594,000 ","594,000 ",0 ,0 ,"8,400 ","10,670 ","8,500 ","2,410 ","1,080 ","5,450 ","1,810","7,890",80.0,변류,본체,노후,661.2,237.0,261-2,,0 ,0 ,0 ,등록,,2024-05-24,35.8674595,128.7263561
222,20240526-0009,05-26,동구 효목동 627-1,지상공도,D100mm 직관부 누수수선,"1,560,000 ","1,560,000 ",0 ,0 ,"20,590 ","26,140 ","20,820 ","5,900 ","2,660 ","13,360 ","4,640","22,470",100.0,닥타일관,직관,노후,19.71,224.0,47,0.2,290 ,258 ,32 ,등록,폐아 0.6,2024-05-26,35.8758162,128.642267
224,20240527-0207,05-27,동구 신천동 698-2,지하공도,D40*15mm 분기점 누수수선,"996,000 ","996,000 ",0 ,0 ,"16,390 ","20,810 ","16,570 ","4,700 ","2,120 ","10,630 ","2,910","16,910",15.0,PFP관,이형관,노후,"1,385.28",220.0,40,,0 ,0 ,0 ,등록,,2024-05-27,35.8727475,128.617264
225,20240527-0499,05-27,동구 불로동 1010,지하사유지,D80mm 계량기실 누수수선,"262,000 ","262,000 ",0 ,0 ,"3,010 ","3,820 ","3,040 ",860 ,380 ,"1,950 ",830,"2,890",80.0,닥타일관,볼트·너트,노후,319.68,208.0,92,,0 ,0 ,0 ,미등록,,2024-05-27,35.8980627,128.6341105
226,20240528-0003,05-28,동구 진인동 747,지상공도,D50mm 직관부 누수수선,"745,000 ","745,000 ",0 ,0 ,"8,460 ","10,740 ","8,550 ","2,420 ","1,090 ","5,490 ","2,370","9,220",50.0,스텐레스관,직관,부식,9.9,,313,0.1,145 ,129 ,16 ,등록,,2024-05-28,35.9517061,128.7084461
228,20240528-0407,05-28,동구 신기동 543-4,지상사유지,D13mm 계량기 보호통 교체,"937,600 ","842,000 ","95,600 ",0 ,"13,040 ","16,550 ","13,180 ","3,740 ","1,680 ","8,460 ","2,460","16,410",15.0,계량기보호통(실),연결부,노후,,233.0,250,0.1,145 ,129 ,16 ,미등록,폐콘 0.1,2024-05-28,35.8707581,128.7017298
231,20240529-0281,05-29,동구 각산동 296-1,지하공도,D200*15mm 구분기점 누수수선,"1,867,000 ","1,867,000 ",0 ,0 ,"24,240 ","30,770 ","24,510 ","6,950 ","3,130 ","15,720 ","5,650","26,270",15.0,부분기대,부분기대,노후,"2,304",235.0,260-1,0.2,290 ,258 ,32 ,등록,폐아 0.5,2024-05-29,35.8679941,128.7230932
233,20240529-0507,05-29,동구 방촌동 90-51,지상사유지,D13mm 계량기실 누수수선,"168,000 ","168,000 ",0 ,0 ,"2,170 ","2,760 ","2,200 ",620 ,280 ,"1,410 ",520,"1,790",15.0,계량기보호통(실),연결부,노후,,226.0,103,,,,,미등록,,2024-05-29,35.8937074,128.6739549
235,20240530-0035,05-30,동구 불로동 866-2,노후관교체공사,"D40mm, L=226m 노후배수관 교체","18,723,120 ","17,630,000 ","1,093,120 ",0 ,"267,310 ","339,320 ","270,270 ","76,670 ","34,610 ","173,430 ","52,130","342,970",,,,,,207.0,78,3.7,"5,362 ","4,773 ",589 ,미등록,폐콘 1.47,2024-05-30,35.9061338,128.6310846
237,20240530-0098,05-30,동구 효목동 438-10,지상사유지,D13mm 계량기 보호통 교체,"919,600 ","824,000 ","95,600 ",0 ,"13,600 ","17,270 ","13,750 ","3,900 ","1,760 ","8,820 ","2,360","17,010",15.0,계량기보호통(실),연결부,노후,,223.0,46-2,,,,,미등록,폐콘 0.1,2024-05-30,35.8759098,128.638033
238,20240530-0113,05-30,동구 불로동 1063-31,지상사유지,D13mm 계량기 보호통 교체,"856,600 ","761,000 ","95,600 ",0 ,"11,940 ","15,160 ","12,070 ","3,420 ","1,540 ","7,750 ","2,210","15,420",15.0,계량기보호통(실),연결부,노후,,208.0,99,,,,,미등록,폐콘 0.1,2024-05-30,35.8952235,128.6340887
240,20240530-0225,05-30,동구 율하동 135-1,지상사유지,D13mm 계량기 보호통 교체,"805,600 ","710,000 ","95,600 ",0 ,"10,740 ","13,630 ","10,860 ","3,080 ","1,390 ","6,970 ","2,110","14,150",15.0,계량기보호통(실),연결부,노후,,233.0,250,,,,,미등록,,2024-05-30,35.8724657,128.6991798
242,20240531-0048,05-31,동구 방촌동 861-51,지상사유지,D13mm 계량기 보호통 교체,"881,600 ","786,000 ","95,600 ",0 ,"12,440 ","15,790 ","12,580 ","3,570 ","1,610 ","8,070 ","2,280","15,840",15.0,계량기보호통(실),연결부,노후,,228.0,132,,,,,미등록,폐콘 0.1,2024-05-31,35.8811749,128.6705865
243,20240531-0049,05-31,동구 방촌동 863-36,지하공도,D40*15mm 분기점 누수수선,"1,281,000 ","1,281,000 ",0 ,0 ,"15,900 ","20,180 ","16,080 ","4,560 ","2,050 ","10,310 ","3,890","16,860",15.0,스텐레스관,이형관,노후,"1,422.72",228.0,132,0.2,290 ,258 ,32 ,등록,폐아 0.4,2024-05-31,35.8805596,128.6694983
244,20240531-0179,05-31,동구 방촌동 852-39,지하공도,D25*20mm 분기점 누수수선,"1,047,000 ","1,047,000 ",0 ,0 ,"14,310 ","18,170 ","14,470 ","4,100 ","1,850 ","9,290 ","3,210","16,710",20.0,스텐레스관,이형관,노후,"1,240.32",228.0,132,0.1,145 ,129 ,16 ,등록,,2024-05-31,35.8819095,128.6711588
245,20240531-0180,05-31,동구 신암동 785-28,지하사유지,D13mm 계량기 보호통 교체,"875,600 ","780,000 ","95,600 ",0 ,"12,780 ","16,220 ","12,920 ","3,660 ","1,650 ","8,290 ","2,240","16,190",15.0,계량기보호통(실),연결부,노후,973.44,211.0,6,,0 ,0 ,0 ,미등록,폐콘 0.1,2024-05-31,35.8834948,128.6153487
247,20240531-0441,05-31,동구 불로동 1153,지상사유지,D13mm 계량기 보호통 교체,"821,600 ","726,000 ","95,600 ",0 ,"11,230 ","14,250 ","11,350 ","3,220 ","1,450 ","7,280 ","2,110","14,770",15.0,계량기보호통(실),연결부,노후,,204.0,76,,,,,미등록,폐콘 0.1,2024-05-31,35.9146626,128.640008
87,20240401-0657,04-01,동구 효목동 541-3,지하사유지,D20mm 인입선 누수수선,"3,555,070 ","3,508,000 ","47,070 ",0 ,"28,900 ","36,690 ","29,220 ","8,290 ","3,740 ","18,750 ","11,110","29,020",20.0,스텐레스관,직관,노후,"2,304.96",224.0,47,0.1,145 ,129 ,16 ,미등록,폐콘 2.4,2024-04-01,35.8748531,128.6400726
94,20240402-0531,04-02,동구 효목동 477-9,지하공도,D25*15mm 구분기점 누수수선,"1,069,000 ","1,069,000 ",0 ,0 ,"18,510 ","23,500 ","18,720 ","5,310 ","2,390 ","12,010 ","3,090","18,650",15.0,스텐레스관,이형관,노후,917.28,606.0,36,,0 ,0 ,0 ,등록,,2024-04-02,35.8736738,128.6366199
100,20240403-0151,04-03,동구 신기동 569-4,배수관망유지수선,소구역(D30외 3개소) 시설물 정비공사에 따른 터파기,"2,939,000 ","2,939,000 ",0 ,0 ,"42,670 ","54,160 ","43,140 ","12,240 ","5,520 ","27,680 ","8,750","41,240",,,,,,233.0,251,0.3,435 ,387 ,48 ,미등록,폐콘 0.3 폐아 0.3,2024-04-03,35.866447,128.7077906
123,20240417-0131,04-17,동구 신암동 71-6,노후관교체공사,노후배수관 교체공사(STS D25mm L=24m),"8,354,870 ","7,979,000 ","375,870 ",0 ,"121,090 ","153,720 ","122,440 ","34,730 ","15,680 ","78,560 ","23,440","144,030",,,,,,209.0,1,1.1,"1,594 ","1,419 ",175 ,미등록,폐아 1.6,2024-04-17,35.8894876,128.633507
124,20240417-0133,04-17,동구 신암동 73-8,노후관교체공사,노후배수관 교체공사(STS D25mm L=30m),"7,824,040 ","7,414,000 ","410,040 ",0 ,"118,270 ","150,130 ","119,580 ","33,920 ","15,310 ","76,730 ","21,760","134,770",,,,,,209.0,1,1.1,"1,594 ","1,419 ",175 ,미등록,폐아 0.5,2024-04-17,35.8896737,128.6337025
155,20240501-0018,05-01,동구 효목동 439-5,노후관교체공사,노후배수관 교체공사(DTEP D=150mm L=60m),"21,157,900 ","16,524,000 ","4,633,900 ",0 ,"215,850 ","274,000 ","218,240 ","61,910 ","27,950 ","140,040 ","48,880","416,960",,,,,,223.0,46-2,1.4,"2,029 ","1,806 ",223 ,미등록,폐콘 14.9,2024-05-01,35.8756488,128.6371621
156,20240501-0177,05-01,동구 봉무동 1522,지하공도,D100mm 인입선 누수수선,"2,486,000 ","2,486,000 ",0 ,0 ,"37,790 ","47,980 ","38,210 ","10,840 ","4,890 ","24,520 ","7,470","43,220",100.0,HIVP,이형관,노후,"4,239.36",203.0,65,0.1,145 ,129 ,16 ,등록,,2024-05-01,35.9249274,128.6423877
199,20240520-0218,05-20,동구 신천동 70-4,배수관망유지수선,유량계실 철거 및 시설물 정비,"7,092,000 ","4,719,000 ",0 ,"2,373,000 ","57,260 ","72,690 ","57,900 ","16,420 ","7,410 ","37,150 ","14,040","80,350",,,,,,219.0,30,0.2,290 ,258 ,32 ,미등록,폐콘 3.9 폐아 1.3,2024-05-20,35.8765927,128.6252736
200,20240520-0219,05-20,동구 효목동 289-7,배수관망유지수선,유량계실 철거 및 시설물 정비,"4,164,000 ","2,287,000 ",0 ,"1,877,000 ","20,570 ","26,110 ","20,800 ","5,900 ","2,660 ","13,340 ","7,170","38,640",,,,,,606.0,36,0.1,145 ,129 ,16 ,미등록,폐아 3.3,2024-05-20,35.8794041,128.6348908
230,20240529-0263,05-29,동구 불로동 1142-6,지하사유지,D15mm 계량기 보호통 교체,"839,600 ","744,000 ","95,600 ",0 ,"11,600 ","14,730 ","11,730 ","3,320 ","1,500 ","7,530 ","2,170","15,160",15.0,계량기보호통(실),연결부,노후,936,205.0,77,,0 ,0 ,0 ,미등록,폐콘 0.1,2024-05-29,35.915167,128.6426606
234,20240530-0026,05-30,동구 부동 526-6,노후관교체공사,노후배수관 교체공사(STS D40mm L=18m),"8,890,260 ","8,733,000 ","157,260 ",0 ,"134,210 ","170,360 ","135,690 ","38,490 ","17,380 ","87,070 ","24,650","144,660",,,,,,226.0,116,1.8,"2,608 ","2,322 ",286 ,미등록,폐콘 7.4 폐아 3.8,2024-05-30,35.8888695,128.6794032
239,20240530-0221,05-30,동구 신천동 434-2,지하공도,D40*15mm 분기점 누수수선,"1,527,000 ","1,527,000 ",0 ,0 ,"22,100 ","28,050 ","22,340 ","6,330 ","2,860 ","14,330 ","4,550","23,530",15.0,PFP관,이형관,노후,"3,336.96",606.0,44-2,0.2,290 ,258 ,32 ,등록,폐아 0.3톤,2024-05-30,35.8758871,128.6308536
246,20240531-0181,05-31,동구 신암동 780-6,지하공도,D25*15mm 분기점 누수수선,"864,000 ","864,000 ",0 ,0 ,"12,940 ","16,430 ","13,080 ","3,710 ","1,670 ","8,390 ","2,480","14,910",15.0,스텐레스관,이형관,노후,"1,010.88",211.0,6,0.2,290 ,258 ,32 ,등록,폐콘 0.4톤,2024-05-31,35.8834711,128.6161145
248,20240603-0581,06-03,동구 내곡동 261,지상공도,D100mm 직관부 누수수선,"1,411,000 ","1,411,000 ",0 ,0 ,"19,750 ","25,070 ","19,970 ","5,660 ","2,550 ","12,810 ","4,310","23,230",100.0,닥타일관,직관,타공사손괴,56.5,236.0,211,0.0,0 ,0 ,0 ,등록,,2024-06-03,35.884105,128.7573138
249,20240603-0671,06-03,동구 금강동 219,미누수,확인 터파기 결과 미누수,"215,000 ","215,000 ",0 ,0 ,"2,650 ","3,360 ","2,680 ",760 ,340 ,"1,720 ",670,"2,180",,,,,,236.0,298-1,,0 ,0 ,0 ,미등록,,2024-06-03,35.8547844,128.7396185
250,20240603-0770,06-03,동구 중대동 545,지하사유지,D15mm 계량기 보호통 교체,"865,600 ","770,000 ","95,600 ",0 ,"10,990 ","13,950 ","11,110 ","3,150 ","1,420 ","7,130 ","2,310","14,580",15.0,계량기보호통(실),연결부,노후,967.2,201.0,54,,0 ,0 ,0 ,미등록,폐아 0.1,2024-06-03,35.9797522,128.6357748
251,20240604-0010,06-04,동구 신암동 784-42,지하사유지,D15mm 계량기 보호통 교체,"802,600 ","707,000 ","95,600 ",0 ,"11,580 ","14,700 ","11,710 ","3,320 ","1,490 ","7,510 ","2,030","14,860",15.0,계량기보호통(실),연결부,노후,973.44,211.0,6,,0 ,0 ,0 ,미등록,폐콘 0.1,2024-06-04,35.8843141,128.6150666
252,20240604-0014,06-04,동구 신암동 605-14,지하공도,D150mm 구분기점 누수수선,"1,695,000 ","1,695,000 ",0 ,0 ,"25,850 ","32,820 ","26,140 ","7,410 ","3,340 ","16,770 ","4,930","26,280",150.0,닥타일관,이형관,노후,"2,154.24",211.0,8,0.3,435 ,387 ,48 ,등록,폐아 0.5,2024-06-04,35.8843257,128.6201152
254,20240604-0035,06-04,동구 신암동 1332-13,지상사유지,D15mm 계량기 보호통 교체,"819,600 ","724,000 ","95,600 ",0 ,"11,760 ","14,930 ","11,890 ","3,370 ","1,520 ","7,630 ","2,090","15,220",15.0,계량기보호통(실),연결부,노후,,216.0,15,,,,,미등록,폐콘 0.1,2024-06-04,35.8768405,128.609279
258,20240605-0539,06-05,동구 방촌동 1084-33,지상사유지,D15mm 계량기 보호통 교체,"928,600 ","833,000 ","95,600 ",0 ,"13,300 ","16,890 ","13,450 ","3,810 ","1,720 ","8,630 ","2,420","16,800",15.0,계량기보호통(실),연결부,노후,,227.0,124-2,,,,,미등록,폐콘 0.1,2024-06-05,35.8783897,128.6654478
259,20240606-0001,06-06,동구 검사동 756-204,지상사유지,D15mm 계량기 보호통 교체,"1,145,600 ","1,050,000 ","95,600 ",0 ,"18,150 ","23,040 ","18,350 ","5,200 ","2,350 ","11,780 ","3,020","20,710",15.0,계량기보호통(실),연결부,노후,,210.0,108-1,,,,,미등록,,2024-06-06,35.8866906,128.6587985
260,20240610-0161,06-10,동구 방촌동 887-14,지하공도,D80mm 구분기점 누수수선,"841,000 ","841,000 ",0 ,0 ,"12,380 ","15,710 ","12,520 ","3,550 ","1,600 ","8,030 ","2,540","12,190",15.0,부분기대,부분기대,노후,"1,050",228.0,125,0.1,145 ,129 ,16 ,등록,,2024-06-10,35.8815451,128.6660556
261,20240610-0164,06-10,동구 효목동 378-2,지하공도,D80*25mm 분기점 누수수선,"2,071,000 ","2,071,000 ",0 ,0 ,"30,120 ","38,230 ","30,450 ","8,640 ","3,900 ","19,540 ","6,080","32,270",25.0,부분기대,부분기대,노후,"3,612",223.0,37,0.3,435 ,387 ,48 ,등록,폐아 0.7,2024-06-10,35.8795919,128.6368737
262,20240610-0165,06-10,동구 부동 138-1,지하공도,D25mm 직관부 누수수선,"746,000 ","746,000 ",0 ,0 ,"7,110 ","9,030 ","7,190 ","2,040 ",920 ,"4,610 ","2,340","9,600",25.0,스텐레스관,직관,노후,"1,008",226.0,120,0.1,145 ,129 ,16 ,등록,폐콘 0.4,2024-06-10,35.8891382,128.6939302
263,20240610-0166,06-10,동구 부동 134,지하사유지,D15mm 계량기 보호통 교체,"892,600 ","797,000 ","95,600 ",0 ,"12,920 ","16,400 ","13,070 ","3,700 ","1,670 ","8,380 ","2,340","16,250",15.0,계량기보호통(실),연결부,노후,"1,010.88",226.0,120,,0 ,0 ,0 ,미등록,,2024-06-10,35.8896305,128.6948009
265,20240610-0271,06-10,동구 효목동 639 한남아파트,지상사유지,현장출동 제수변 개폐,"67,000 ","67,000 ",0 ,0 ,560 ,710 ,560 ,160 ,70 ,360 ,220,450,15.0,기타,기타,기타,,224.0,47,,,,,미등록,,2024-06-10,35.8763311,128.6435676
266,20240610-0504,06-10,동구 도동 9-2,지상공도,D40*25mm 분기점 누수수선 & D15mm 계량기 보호통 교체,"2,816,600 ","2,721,000 ","95,600 ",0 ,"41,300 ","52,430 ","41,760 ","11,840 ","5,340 ","26,790 ","7,470","45,320",25.0,PFP관,이형관,노후,1.73,205.0,80,0.4,580 ,516 ,64 ,등록,폐콘 2.3,2024-06-10,35.9096925,128.6468305
267,20240610-0505,06-10,동구 지저동 702-20,지하사유지,D15mm 계량기 보호통 교체,"845,600 ","750,000 ","95,600 ",0 ,"11,580 ","14,700 ","11,710 ","3,320 ","1,490 ","7,510 ","2,200","15,320",15.0,계량기보호통(실),연결부,노후,"1,010.88",208.0,92,,0 ,0 ,0 ,미등록,폐콘 0.1,2024-06-10,35.8972909,128.6361773
268,20240611-0001,06-11,동구 방촌동 1084-413,지상사유지,D15mm 계량기 보호통 교체,"830,600 ","735,000 ","95,600 ",0 ,"11,450 ","14,530 ","11,570 ","3,280 ","1,480 ","7,420 ","2,150","15,010",15.0,계량기보호통(실),연결부,노후,,227.0,124-2,,,,,미등록,폐콘 0.1,2024-06-11,35.8787488,128.6632599
269,20240611-0011,06-11,동구 방촌동 1063-20,지상사유지,D15mm 계량기 보호통 교체,"774,600 ","679,000 ","95,600 ",0 ,"10,450 ","13,260 ","10,560 ","2,990 ","1,350 ","6,780 ","1,990","13,950",15.0,계량기보호통(실),연결부,노후,,227.0,124-2,,,,,미등록,폐콘 0.1,2024-06-11,35.8819555,128.6629524
270,20240611-0114,06-11,동구 신암동 71-2,지상사유지,D15mm 계량기 보호통 교체,"851,600 ","756,000 ","95,600 ",0 ,"12,130 ","15,400 ","12,270 ","3,480 ","1,570 ","7,870 ","2,190","15,900",15.0,계량기보호통(실),연결부,노후,,209.0,1,,,,,미등록,폐콘 0.1,2024-06-11,35.8896142,128.6333218
271,20240611-0115,06-11,동구 신암동 71-23,지상사유지,D15mm 계량기 보호통 교체,"873,600 ","778,000 ","95,600 ",0 ,"12,630 ","16,030 ","12,770 ","3,620 ","1,630 ","8,190 ","2,250","16,260",15.0,계량기보호통(실),연결부,노후,,209.0,1,,,,,미등록,폐콘 0.1,2024-06-11,35.8895149,128.6332282
272,20240611-0226,06-11,동구 진인동 746,지상공도,D50mm 직관부 누수수선,"1,094,000 ","1,094,000 ",0 ,0 ,"14,270 ","18,110 ","14,420 ","4,090 ","1,840 ","9,250 ","3,290","15,060",50.0,스텐레스관,직관,부식,9.9,201.0,313,0.2,290 ,258 ,32 ,등록,폐아 0.4,2024-06-11,35.9515801,128.708583
273,20240612-0002,06-12,동구 서호동 251,지상사유지,D15mm 인입선 누수수선,"290,000 ","290,000 ",0 ,0 ,"2,060 ","2,620 ","2,080 ",590 ,260 ,"1,340 ",990,"4,220",15.0,스텐레스관,직관,타공사손괴,7.2,234.0,274,0.0,0 ,0 ,0 ,미등록,,2024-06-12,35.8647437,128.7092143
274,20240612-0004,06-12,동구 신암동 175-9,지하공도,D25mm 직관부 누수수선,"884,000 ","884,000 ",0 ,0 ,"9,610 ","12,200 ","9,710 ","2,750 ","1,240 ","6,230 ","2,860","15,660",25.0,스텐레스관,직관,노후,"5,082",217.0,17,,0 ,0 ,0 ,등록,,2024-06-12,35.8806171,128.6166003
275,20240612-0026,06-12,동구 신암동 54-47,미누수,출장비(N=4),"287,000 ","287,000 ",0 ,0 ,0 ,0 ,0 ,0 ,0 ,0 ,"1,090",0,,,,,,209.0,12,,,,,미등록,,2024-06-12,35.8893002,128.6351445
276,20240612-0236,06-12,동구 신서동 560,기타,D300mm 제수변 입상,"150,000 ","150,000 ",0 ,0 ,0 ,0 ,0 ,0 ,0 ,0 ,570,0,,,,,,237.0,284-2,,0 ,0 ,0 ,미등록,,2024-06-12,35.865622,128.7294908
278,20240613-0018,06-13,동구 신암동 73-5,지상사유지,D15mm 계량기 보호통 교체,"818,600 ","723,000 ","95,600 ",0 ,"11,760 ","14,930 ","11,890 ","3,370 ","1,520 ","7,630 ","2,080","15,200",15.0,계량기보호통(실),연결부,노후,,209.0,1,,,,,미등록,폐콘 0.1,2024-06-13,35.8897717,128.6336507
279,20240613-0021,06-13,동구 신암동 71-6,지상사유지,D15mm 계량기 보호통 교체,"829,600 ","734,000 ","95,600 ",0 ,"11,940 ","15,160 ","12,070 ","3,420 ","1,540 ","7,750 ","2,120","15,410",15.0,계량기보호통(실),연결부,노후,,209.0,1,,,,,미등록,폐콘 0.1,2024-06-13,35.8894876,128.633507
280,20240613-0022,06-13,동구 신암동 73-1,지상사유지,D15mm 계량기 보호통 교체,"845,600 ","750,000 ","95,600 ",0 ,"12,050 ","15,300 ","12,190 ","3,450 ","1,560 ","7,820 ","2,170","15,790",15.0,계량기보호통(실),연결부,노후,,209.0,1,,,,,미등록,페콘 0.1,2024-06-13,35.8897904,128.6334223
281,20240613-0023,06-13,동구 신암동 73-12,지상사유지,D15mm 계량기 보호통 교체,"829,600 ","734,000 ","95,600 ",0 ,"11,940 ","15,160 ","12,070 ","3,420 ","1,540 ","7,750 ","2,120","15,410",15.0,계량기보호통(실),연결부,노후,,209.0,1,,,,,미등록,폐콘 0.1,2024-06-13,35.8896354,128.6335023
284,20240614-0034,06-14,동구 신암동 620-59,지하공도,D25*15mm 분기점 누수수선,"774,000 ","774,000 ",0 ,0 ,"11,350 ","14,410 ","11,480 ","3,250 ","1,460 ","7,360 ","2,220","12,990",15.0,스텐레스관,이형관,노후,"1,098.24",211.0,9,,0 ,0 ,0 ,등록,폐콘 0.4톤,2024-06-14,35.8851191,128.626327
285,20240614-0047,06-14,동구 신암동 193-1 73-3-38,지상사유지,D15mm 계량기실 누수수선,"209,000 ","209,000 ",0 ,0 ,"3,070 ","3,900 ","3,110 ",880 ,390 ,"1,990 ",630,"3,120",15.0,계량기보호통(실),연결부,부식,,217.0,17,0.0,0 ,0 ,0 ,미등록,,2024-06-14,35.8774377,128.6175951
287,20240614-0249,06-14,동구 용계동 68,지하공도,D50*15mm 분기점 누수수선,"2,102,000 ","2,102,000 ",0 ,0 ,"29,090 ","36,930 ","29,420 ","8,340 ","3,760 ","18,870 ","6,340","30,990",15.0,PFP관,이형관,노후,"3,318",232.0,225,0.2,290 ,258 ,32 ,등록,폐아 0.4,2024-06-14,35.8756735,128.6954833
288,20240615-0004,06-15,동구 용계동 613-10,지상사유지,D25mm 계량기 보호통 교체,"1,274,000 ","1,116,000 ","158,000 ",0 ,"17,710 ","22,480 ","17,900 ","5,080 ","2,290 ","11,490 ","3,260","23,490",25.0,계량기보호통(실),연결부,노후,,231.0,246,0.1,145 ,129 ,16 ,미등록,폐콘 0.1,2024-06-15,35.8739667,128.6838973
289,20240615-0035,06-15,동구 방촌동 1044-16,지상사유지,D15mm 계량기 보호통 교체,"742,600 ","647,000 ","95,600 ",0 ,"9,970 ","12,660 ","10,080 ","2,860 ","1,290 ","6,470 ","1,920","13,520",15.0,계량기보호통(실),연결부,노후,,227.0,124-2,,,,,미등록,,2024-06-15,35.8809216,128.6588135
290,20240617-0050,06-17,동구 지저동 703-16,지하사유지,D15mm 계량기 보호통 교체,"1,009,600 ","914,000 ","95,600 ",0 ,"15,050 ","19,110 ","15,220 ","4,310 ","1,940 ","9,760 ","2,640","18,230",15.0,계량기보호통(실),연결부,노후,"1,581.84",208.0,92,,0 ,0 ,0 ,미등록,폐콘 0.1,2024-06-17,35.8977647,128.6360948
291,20240618-0001,06-18,동구 신암동 780-12,지상공도,D80*15mm 분기점 누수수선 & D40*15mm 분기점 누수수선,"1,310,000 ","1,310,000 ",0 ,0 ,"22,440 ","28,490 ","22,690 ","6,430 ","2,900 ","14,560 ","3,800","23,300",15.0,부분기대,부분기대,노후,0.18,211.0,6,0.0,0 ,0 ,0 ,등록,,2024-06-18,35.8838351,128.616052
294,20240618-0188,06-18,동구 지저동 703-17,지하사유지,D15mm 계량기 보호통 교체,"905,600 ","810,000 ","95,600 ",0 ,"13,020 ","16,520 ","13,160 ","3,730 ","1,680 ","8,440 ","2,350","16,320",15.0,계량기보호통(실),연결부,노후,"1,060.8",208.0,92,,0 ,0 ,0 ,미등록,폐콘 0.1,2024-06-18,35.8977219,128.6362035
299,20240619-0033,06-19,동구 효목동 198-4,지상사유지,D15mm 계량기 보호통 교체,"870,600 ","775,000 ","95,600 ",0 ,"12,840 ","16,300 ","12,980 ","3,680 ","1,660 ","8,330 ","2,230","16,120",15.0,계량기보호통(실),연결부,노후,,213.0,38,,,,,미등록,폐콘 0.1,2024-06-19,35.8774664,128.645998
303,20240620-0001,06-20,동구 입석동 932-90,지상사유지,D15mm 계량기 보호통 교체,"1,027,600 ","932,000 ","95,600 ",0 ,"15,450 ","19,610 ","15,620 ","4,430 ","2,000 ","10,020 ","2,680","18,520",15.0,계량기보호통(실),연결부,노후,,210.0,108-1,0.1,145 ,129 ,16 ,미등록,폐콘 0.1,2024-06-20,35.8914034,128.6474584
304,20240620-0031,06-20,동구 둔산동 226,지상사유지,D15mm 계량기 보호통 교체,"853,600 ","758,000 ","95,600 ",0 ,"12,120 ","15,390 ","12,250 ","3,470 ","1,560 ","7,860 ","2,230","15,550",15.0,계량기보호통(실),연결부,노후,,225.0,98,,,,,미등록,,2024-06-20,35.9001994,128.6865316
305,20240621-0058,06-21,동구 효목동 171-19,지상사유지,D15mm 계량기 보호통 교체,"773,600 ","678,000 ","95,600 ",0 ,"10,960 ","13,910 ","11,080 ","3,140 ","1,410 ","7,110 ","1,960","14,370",15.0,계량기보호통(실),연결부,노후,,213.0,38,,,,,미등록,폐콘 0.1,2024-06-21,35.8802747,128.647469
306,20240621-0170,06-21,동구 불로동 817,지상사유지,D15mm 계량기 보호통 교체,"905,600 ","810,000 ","95,600 ",0 ,"13,020 ","16,520 ","13,160 ","3,730 ","1,680 ","8,440 ","2,350","16,320",15.0,계량기보호통(실),연결부,노후,,207.0,90,0.0,0 ,0 ,0 ,미등록,페콘 0.1,2024-06-21,35.9004902,128.6348978
307,20240621-0206,06-21,동구 효목동 198-11,지상사유지,D15mm 계량기 보호통 교체,"785,600 ","690,000 ","95,600 ",0 ,"11,120 ","14,110 ","11,240 ","3,190 ","1,440 ","7,210 ","1,990","14,590",15.0,계량기보호통(실),연결부,노후,,213.0,38,0.0,0 ,0 ,0 ,미등록,폐콘 0.1,2024-06-21,35.877418,128.6462101
308,20240621-0211,06-21,동구 불로동 525-1,지상사유지,D15mm 계량기 보호통 교체,"980,600 ","885,000 ","95,600 ",0 ,"14,480 ","18,380 ","14,640 ","4,150 ","1,870 ","9,390 ","2,560","17,690",15.0,계량기보호통(실),연결부,노후,,205.0,80,,,,,미등록,페콘 0.1,2024-06-21,35.9105976,128.6439544
309,20240621-0405,06-21,동구 신천동 149-3,지상사유지,D15mm 계량기실 누수수선,"143,000 ","143,000 ",0 ,0 ,"2,170 ","2,760 ","2,200 ",620 ,280 ,"1,410 ",430,"1,790",15.0,계량기보호통(실),연결부,부식,,221.0,49,,,,,미등록,,2024-06-21,35.8678306,128.6227634
310,20240624-0005,06-24,동구 신천동 787-16,지상사유지,D15mm 계량기 보호통 교체,"773,600 ","678,000 ","95,600 ",0 ,"10,960 ","13,910 ","11,080 ","3,140 ","1,410 ","7,110 ","1,950","14,350",15.0,계량기보호통(실),연결부,노후,,220.0,48,,,,,미등록,폐콘 0.1,2024-06-24,35.8688901,128.6186969
311,20240624-0067,06-24,동구 신천동 485-9,지하사유지,D15mm 계량기 보호통 교체,"859,600 ","764,000 ","95,600 ",0 ,"12,660 ","16,070 ","12,800 ","3,630 ","1,630 ","8,210 ","2,190","15,920",15.0,계량기보호통(실),연결부,노후,"1,050",606.0,44-2,,0 ,0 ,0 ,미등록,페콘 0.1,2024-06-24,35.8741657,128.6337182
312,20240624-0283,06-24,동구 효목동 3-11,지상사유지,D15mm 인입선 누수수선,"685,050 ","581,000 ","104,050 ",0 ,"9,050 ","11,490 ","9,150 ","2,590 ","1,170 ","5,870 ","1,710","13,180",15.0,스텐레스관,직관,타공사손괴,9.6,214.0,27,,,,,미등록,,2024-06-24,35.8872955,128.6415444
316,20240626-0461,06-26,동구 불로동 16-12,지하사유지,D15mm 계량기 보호통 교체,"774,600 ","679,000 ","95,600 ",0 ,"10,450 ","13,260 ","10,560 ","2,990 ","1,350 ","6,780 ","1,990","13,960",15.0,계량기보호통(실),연결부,노후,"1,104.48",205.0,77,,0 ,0 ,0 ,미등록,폐콘 0.1,2024-06-26,35.915431,128.6431901
319,20240627-0233,06-27,동구 신천동 16-8,지상사유지,D15mm 계량기실 누수수선,"122,000 ","122,000 ",0 ,0 ,"1,350 ","1,710 ","1,360 ",380 ,170 ,870 ,390,"1,560",15.0,계량기보호통(실),연결부,부식,,219.0,30,0.0,0 ,0 ,0 ,미등록,,2024-06-27,35.8752879,128.6178483
320,20240627-0259,06-27,동구 신암동 174-13,지상사유지,D15mm 계량기 보호통 교체,"890,600 ","795,000 ","95,600 ",0 ,"13,200 ","16,750 ","13,340 ","3,780 ","1,700 ","8,560 ","2,280","16,490",15.0,계량기보호통(실),연결부,노후,,217.0,17,,,,,미등록,페콘 0.1,2024-06-27,35.8805394,128.6160622
321,20240628-0036,06-28,동구 방촌동 1118-29,지상사유지,D15mm 계량기 보호통 교체,"989,600 ","894,000 ","95,600 ",0 ,"14,720 ","18,690 ","14,880 ","4,220 ","1,900 ","9,550 ","2,580","17,840",15.0,계량기보호통(실),연결부,노후,,227.0,138,0.0,0 ,0 ,0 ,미등록,폐콘 0.1,2024-06-28,35.8773329,128.6703455
323,20240628-0417,06-28,동구 방촌동 880-17,지상사유지,D15mm 계량기 보호통 교체,"873,600 ","778,000 ","95,600 ",0 ,"12,350 ","15,680 ","12,490 ","3,540 ","1,590 ","8,010 ","2,260","15,750",15.0,계량기보호통(실),연결부,노후,,228.0,132,0.1,145 ,129 ,16 ,미등록,페콘 0.1,2024-06-28,35.8818566,128.6688763
324,20240628-0548,06-28,동구 진인동 467-1,지상공도,D25mm 직관부 누수수선,"351,000 ","351,000 ",0 ,0 ,"2,690 ","3,410 ","2,720 ",770 ,340 ,"1,740 ","1,190","5,580",25.0,스텐레스관,직관,타공사손괴,27,,313,,0 ,0 ,0 ,등록,,2024-06-28,35.9589149,128.7192585
176,20240508-0218,05-08,동구 입석동 967-22,지하사유지,D15mm 계량기 보호통 교체,"1,530,600 ","1,435,000 ","95,600 ",0 ,"21,570 ","27,380 ","21,810 ","6,180 ","2,790 ","13,990 ","3,970","25,380",15.0,계량기보호통(실),연결부,노후,"2,426.88",210.0,111-1,0.1,145 ,129 ,16 ,미등록,"폐콘 0.9, 폐아 0.2",2024-05-08,35.8934065,128.645684
177,20240508-0231,05-08,동구 불로동 1173,지하공도,D300mm 직관부 누수수선,"3,111,500 ","2,617,000 ","494,500 ",0 ,"40,650 ","51,600 ","41,100 ","11,660 ","5,260 ","26,370 ","7,740","61,550",300.0,강관,직관,노후,"2,641.92",207.0,79,,0 ,0 ,0 ,등록,,2024-05-08,35.9099195,128.6412621
253,20240604-0015,06-04,동구 미곡동 558,지하공도,D50mm 접합부 누수수선,"2,326,000 ","2,326,000 ",0 ,0 ,"24,390 ","30,960 ","24,660 ","6,990 ","3,150 ","15,820 ","7,350","24,750",50.0,스텐레스관,이형관,노후,"2,938.8",201.0,305,0.3,435 ,387 ,48 ,등록,폐아 0.7,2024-06-04,35.9573328,128.684055
256,20240604-0246,06-04,동구 불로동 870-4,노후관교체공사,노후배수관 교체공사(HIVP D40mm L=180m),"20,054,400 ","19,176,000 ","878,400 ",0 ,"246,510 ","312,910 ","249,240 ","70,710 ","31,920 ","159,930 ","57,140","351,080",,,,,,207.0,83,7.6,"11,013 ","9,804 ","1,209 ",미등록,폐콘 23.3,2024-06-04,35.9063415,128.6318721
292,20240618-0003,06-18,동구 방촌동 890-24,지상공도,D150*40mm 분기점 누수수선 & D40*15mm 분기점 누수수선,"3,352,890 ","3,231,000 ","121,890 ",0 ,"45,200 ","57,380 ","45,700 ","12,960 ","5,850 ","29,330 ","9,750","58,390",40.0,닥타일관,직관,노후,0.2,,125,0.2,290 ,258 ,32 ,미등록,폐아0.5,2024-06-18,35.8825061,128.6672253
295,20240618-0387,06-18,동구 효목동 440-7,지상공도,D100*15mm 분기점 누수수선,"387,410 ","385,000 ","2,410 ",0 ,"5,650 ","7,170 ","5,710 ","1,620 ",730 ,"3,660 ","1,160","6,680",15.0,닥타일관,직관,노후,0.25,223.0,46-2,,0 ,0 ,0 ,등록,,2024-06-18,35.8763389,128.6368513
296,20240618-0389,06-18,동구 송정동 295,지상공도,D32mm 접합부 누수수선(마을상수도),"1,597,000 ","1,597,000 ",0 ,0 ,"21,450 ","27,230 ","21,690 ","6,150 ","2,770 ","13,920 ","4,760","21,390",32.0,기타,기타,기타,3.46,201.0,54,0.2,290 ,258 ,32 ,미등록,폐아0.6,2024-06-18,35.9873525,128.6220992
298,20240619-0027,06-19,동구 신암동 784-10,지상공도,D80mm 제수밸브 누수수선,"1,125,000 ","1,006,000 ","119,000 ",0 ,"12,910 ","16,380 ","13,050 ","3,700 ","1,670 ","8,370 ","3,040","17,030",80.0,변류,본체,노후,1.72,211.0,6,0.2,290 ,258 ,32 ,등록,폐아0.3톤,2024-06-19,35.8844844,128.6146733
300,20240619-0056,06-19,동구 신암동 784-19,지상공도,D40*15mm 분기점 누수수선,"1,364,220 ","1,362,000 ","2,220 ",0 ,"20,670 ","26,240 ","20,900 ","5,920 ","2,670 ","13,410 ","4,090","21,540",15.0,PFP관,직관,노후,0.15,211.0,6,0.1,145 ,129 ,16 ,등록,,2024-06-19,35.8843676,128.6147077
301,20240619-0197,06-19,동구 능성동 12,지하사유지,D15mm 인입선 누수수선,"1,888,720 ","1,888,000 ",720 ,0 ,"24,410 ","30,990 ","24,680 ","7,000 ","3,160 ","15,840 ","5,710","26,770",15.0,스텐레스관,이형관,노후,"3,223.2",201.0,313,0.3,435 ,387 ,48 ,미등록,폐아 0.6,2024-06-19,35.9665172,128.7435082
302,20240619-0352,06-19,동구 신암동 785-7,지상공도,D40*15mm 분기점 누수수선,"843,930 ","842,000 ","1,930 ",0 ,"14,060 ","17,850 ","14,220 ","4,030 ","1,820 ","9,120 ","2,460","15,040",15.0,PFP관,직관,노후,0.15,211.0,6,,0 ,0 ,0 ,등록,,2024-06-19,35.8837171,128.6156747
313,20240624-0458,06-24,동구 신서동 538-2,지하공도,D100mm 제수밸브 누수수선,"818,000 ","818,000 ",0 ,0 ,"12,590 ","15,980 ","12,730 ","3,610 ","1,630 ","8,170 ","2,440","11,170",100.0,변류,접합부,노후,"1,920.96",237.0,261-2,0.1,145 ,129 ,16 ,등록,,2024-06-24,35.8678936,128.7276281
325,20240701-0087,07-01,동구 신천동 480-19,지하공도,D80*25mm 구분기점 누수수선,"1,284,000 ","573,000 ",0 ,"711,000 ","6,230 ","7,910 ","6,300 ","1,780 ",800 ,"4,040 ","1,730","6,600",25.0,닥타일관,이형관,노후,829.92,606.0,44-2,0.2,290 ,258 ,32 ,등록,폐아 0.4,2024-07-01,35.8717087,128.6325824
326,20240701-0093,07-01,동구 효목동 445-1,지상사유지,D15mm 계량기 보호통 교체,"879,560 ","783,000 ","96,560 ",0 ,"13,010 ","16,520 ","13,160 ","3,730 ","1,680 ","8,440 ","2,250","16,290",15.0,계량기보호통(실),연결부,노후,,223.0,46-2,,,,,미등록,폐콘 0.1,2024-07-01,35.8770161,128.6374704
327,20240701-0323,07-01,동구 신암동 609-14,미누수,"현장 확인 결과 미누수(N=8 [327,328,345,351,363,381,394,397])","449,000 ","449,000 ",0 ,0 ,0 ,0 ,0 ,0 ,0 ,0 ,"1,710",0,,,,,,211.0,7,,0 ,0 ,0 ,미등록,,2024-07-01,35.8848331,128.6209898
329,20240702-0165,07-02,동구 효목동 49-52,지상사유지,D15mm 계량기 보호통 교체,"1,027,600 ","932,000 ","95,600 ",0 ,"15,970 ","20,280 ","16,150 ","4,580 ","2,060 ","10,360 ","2,660","18,950",15.0,계량기보호통(실),계량기보호실,노후,,213.0,24,,,,,미등록,폐콘 0.1,2024-07-02,35.8822027,128.6401674
331,20240702-0261,07-02,동구 율암동 1131,기타,감압밸브 감시시스템 구축에 따른 배수펌프 관로 설치,"2,623,000 ","1,929,000 ",0 ,"694,000 ","29,520 ","37,480 ","29,850 ","8,470 ","3,820 ","19,150 ","5,780","29,040",,,,,,230.0,201,0.1,145 ,129 ,16 ,미등록,,2024-07-02,35.8784445,128.7083375
332,20240702-0269,07-02,동구 방촌동 971-17,지하사유지,D15mm 계량기 보호통 교체,"1,160,560 ","1,064,000 ","96,560 ",0 ,"18,250 ","23,160 ","18,450 ","5,230 ","2,360 ","11,840 ","3,040","20,890",15.0,계량기보호통(실),연결부,노후,"1,712.88",228.0,123-2,,0 ,0 ,0 ,미등록,폐콘 0.1,2024-07-02,35.8860297,128.6626915
333,20240702-0452,07-02,동구 백안동 755-38,지상사유지,D15mm 계량기실 누수수선,"192,000 ","192,000 ",0 ,0 ,"2,170 ","2,760 ","2,200 ",620 ,280 ,"1,410 ",610,"1,790",15.0,계량기보호통(실),계량기보호실,노후,,201.0,309,,,,,미등록,,2024-07-02,35.9547673,128.6935141
334,20240702-0500,07-02,동구 신암동 227-12,지상사유지,D15mm 계량기 보호통 교체,"839,600 ","744,000 ","95,600 ",0 ,"12,120 ","15,390 ","12,260 ","3,470 ","1,560 ","7,860 ","2,150","15,610",15.0,계량기보호통(실),계량기보호실,노후,,217.0,18,0.0,0 ,0 ,0 ,미등록,폐콘 0.1,2024-07-02,35.8810402,128.6210764
336,20240702-0627,07-02,동구 효목동 424-16,지상사유지,D15mm 계량기 보호통 교체,"781,600 ","686,000 ","95,600 ",0 ,"11,090 ","14,080 ","11,210 ","3,180 ","1,430 ","7,190 ","1,980","14,650",15.0,계량기보호통(실),접합부,노후,,606.0,36,0.0,0 ,0 ,0 ,미등록,폐콘 0.1,2024-07-02,35.8771103,128.6364825
337,20240702-0630,07-02,동구 효목동 424-10,지상사유지,D15mm 계량기 보호통 교체,"835,600 ","740,000 ","95,600 ",0 ,"12,240 ","15,540 ","12,370 ","3,510 ","1,580 ","7,940 ","2,130","15,610",15.0,계량기보호통(실),접합부,노후,,606.0,36,0.0,0 ,0 ,0 ,미등록,폐콘 0.1,2024-07-02,35.8772714,128.6366832
338,20240703-0192,07-03,동구 율하동 898-1,지상사유지,D20mm 계량기 보호통 교체,"997,000 ","869,000 ","128,000 ",0 ,"13,630 ","17,310 ","13,780 ","3,910 ","1,760 ","8,840 ","2,540","17,900",20.0,계량기보호통(실),계량기보호실,노후,,233.0,255,,,,,미등록,폐콘 0.1,2024-07-03,35.8701924,128.6973958
339,20240703-0198,07-03,동구 효목동 424-20,지상사유지,D15mm 계량기 보호통 교체,"858,600 ","763,000 ","95,600 ",0 ,"12,660 ","16,070 ","12,800 ","3,630 ","1,630 ","8,210 ","2,190","15,880",15.0,계량기보호통(실),계량기보호통,노후,,606.0,36,,,,,미등록,폐콘 0.1,2024-07-03,35.8768841,128.636437
340,20240704-0003,07-04,동구 지저동 677-18,지상사유지,D15mm 계량기실 누수수선,"299,000 ","299,000 ",0 ,0 ,"4,290 ","5,450 ","4,340 ","1,230 ",550 ,"2,780 ",880,"3,990",15.0,계량기보호통(실),계량기보호실,노후,,208.0,101-2,0.0,0 ,0 ,0 ,미등록,폐콘 0.1,2024-07-04,35.8960006,128.6412512
341,20240704-0262,07-04,동구 효목동 87-5,지하공도,D150mm 직관부 누수수선,"1,389,000 ","750,000 ","639,000 ",0 ,"10,410 ","13,220 ","10,530 ","2,980 ","1,340 ","6,750 ","2,210","28,650",150.0,닥타일관,직관,노후,"8,035.2",214.0,27,0.1,145 ,129 ,16 ,등록,,2024-07-04,35.8870926,128.6413308
343,20240705-0159,07-05,동구 신암동 694-54,지상사유지,D15mm 계량기 보호통 교체,"968,600 ","873,000 ","95,600 ",0 ,"14,840 ","18,840 ","15,010 ","4,250 ","1,920 ","9,630 ","2,490","17,870",15.0,계량기보호통(실),계량기보호실,노후,,211.0,2,,,,,미등록,폐콘 0.1,2024-07-05,35.8875092,128.6174232
344,20240705-0458,07-05,동구 불로동 614-12,지상공도,D20mm 접합부 누수수선,"637,410 ","635,000 ","2,410 ",0 ,"7,950 ","10,090 ","8,030 ","2,280 ","1,020 ","5,150 ","1,990","9,280",20.0,스텐레스관,직관,부식,1.59,,79,,0 ,0 ,0 ,등록,,2024-07-05,35.9093424,128.6400044
346,20240708-0527,07-08,동구 방촌동 1044-28,지하사유지,D15mm 계량기 보호통 교체,"764,600 ","669,000 ","95,600 ",0 ,"10,260 ","13,020 ","10,370 ","2,940 ","1,320 ","6,650 ","1,990","13,970",15.0,계량기보호통(실),계량기보호실,노후,"1,179.36",227.0,124-2,,0 ,0 ,0 ,미등록,,2024-07-08,35.8809311,128.6595528
347,20240708-0397,07-08,동구 도동 978-16,지하사유지,D15mm 계량기 보호통 교체,"904,600 ","809,000 ","95,600 ",0 ,"13,020 ","16,520 ","13,160 ","3,730 ","1,680 ","8,440 ","2,350","16,320",15.0,계량기보호통(실),계량기보호실,노후,"1,179.36",205.0,80,,0 ,0 ,0 ,미등록,폐콘 0.1,2024-07-08,35.9117093,128.6526588
348,20240710-0170,07-10,동구 효목동 1160,기타,현장출동 제수변 개폐,"97,000 ","97,000 ",0 ,0 ,"1,000 ","1,270 ","1,010 ",280 ,120 ,650 ,310,810,,,,,,214.0,136,,0 ,0 ,0 ,미등록,,2024-07-10,35.8784416,128.6546076
349,20240710-0342,07-10,동구 신평동 780-21,지상사유지,D15mm 계량기 보호통 교체,"1,473,320 ","1,377,000 ","96,320 ",0 ,"24,650 ","31,290 ","24,920 ","7,070 ","3,190 ","15,990 ","3,900","26,340",15.0,계량기보호통(실),계량기보호실,노후,,226.0,133,,,,,미등록,폐콘 0.1,2024-07-10,35.8794277,128.6744664
350,20240711-0003,07-11,동구 효목동 541-1,지상사유지,D25mm 계량기 보호통 교체,"1,148,070 ","986,000 ","162,070 ",0 ,"16,340 ","20,750 ","16,520 ","4,680 ","2,110 ","10,600 ","2,840","22,090",25.0,계량기보호통(실),연결부,노후,,224.0,47,0.1,145 ,129 ,16 ,미등록,폐콘 0.1,2024-07-11,35.8748037,128.6401584
354,20240712-0102,07-12,동구 효목동 999,지하사유지,D15mm 계량기 보호통 교체,"1,035,320 ","939,000 ","96,320 ",0 ,"16,150 ","20,500 ","16,330 ","4,630 ","2,090 ","10,470 ","2,670","19,080",15.0,계량기보호통(실),연결부,노후,"1,806.48",214.0,28,,0 ,0 ,0 ,미등록,폐콘 0.1,2024-07-12,35.8814283,128.6487464
355,20240712-0111,07-12,동구 신천동 1518,지하공도,D150mm 구분기점 누수수선,"1,291,000 ","1,291,000 ",0 ,0 ,"19,610 ","24,890 ","19,820 ","5,620 ","2,530 ","12,720 ","3,870","19,280",15.0,부분기대,부분기대,노후,"1,991.76",221.0,41,0.2,290 ,258 ,32 ,등록,,2024-07-12,35.872714,128.6230572
356,20240712-0256,07-12,동구 신용동 514,지하사유지,D15mm 인입선 누수수선,"1,455,480 ","1,455,000 ",480 ,0 ,"17,550 ","22,280 ","17,740 ","5,030 ","2,270 ","11,380 ","4,490","19,550",15.0,스텐레스관,직관,노후,"2,362.32",201.0,54,0.2,290 ,258 ,32 ,미등록,폐아 0.4,2024-07-12,35.9829687,128.6481165
358,20240715-0197,07-15,동구 입석동 883-5 101호,지상사유지,D15mm 계량기실 누수수선,"377,000 ","377,000 ",0 ,0 ,"5,250 ","6,670 ","5,310 ","1,500 ",670 ,"3,410 ","1,160","4,330",15.0,계량기보호통(실),접합부,부식,,210.0,108-1,,,,,미등록,,2024-07-15,35.892429,128.6505893
359,20240716-0121,07-16,동구 불로동 327-8,지하사유지,D20mm 인입선 누수수선,"1,327,000 ","1,327,000 ",0 ,0 ,"17,850 ","22,660 ","18,050 ","5,120 ","2,310 ","11,580 ","3,990","17,720",20.0,스텐레스관,이형관,노후,"2,174.88",205.0,77,0.1,145 ,129 ,16 ,미등록,폐아 0.4,2024-07-16,35.9142512,128.6441901
360,20240716-0125,07-16,동구 백안동 114-2,지하사유지,D15mm 계량기 보호통 교체,"965,560 ","869,000 ","96,560 ",0 ,"13,880 ","17,620 ","14,030 ","3,980 ","1,790 ","9,000 ","2,560","16,980",15.0,계량기보호통(실),연결부,노후,"1,229.28",201.0,310,,0 ,0 ,0 ,미등록,,2024-07-16,35.9471833,128.6985874
361,20240716-0128,07-16,동구 도학동 564-2,지하공도,D20mm 접합부 누수수선,"2,508,000 ","2,508,000 ",0 ,0 ,"32,660 ","41,460 ","33,020 ","9,360 ","4,220 ","21,190 ","7,640","38,990",20.0,스텐레스관,이형관,노후,"6,491.52",201.0,311,0.2,290 ,258 ,32 ,등록,폐아 0.6,2024-07-16,35.9660508,128.706322
362,20240716-0317,07-16,동구 신평동 179-5,지하사유지,D15mm 계량기 보호통 교체,"821,600 ","726,000 ","95,600 ",0 ,"11,410 ","14,480 ","11,530 ","3,270 ","1,470 ","7,400 ","2,110","14,790",15.0,계량기보호통(실),연결부,노후,"1,229.28",230.0,201,,0 ,0 ,0 ,미등록,페콘 0.1,2024-07-16,35.8819138,128.6898977
364,20240717-0373,07-17,동구 신암동 1298-84,지하공도,D80*15mm 구분기점 누수수선,"1,060,000 ","1,060,000 ",0 ,0 ,"14,150 ","17,960 ","14,310 ","4,060 ","1,830 ","9,180 ","3,160","14,580",15.0,닥타일관,이형관,노후,"1,853.28",216.0,14,0.2,290 ,258 ,32 ,등록,폐아 0.4,2024-07-17,35.8773074,128.6085764
365,20240718-0316,07-18,동구 도동 499,지상사유지,D15mm 계량기 보호통 교체,"1,337,600 ","1,242,000 ","95,600 ",0 ,"22,140 ","28,110 ","22,390 ","6,350 ","2,860 ","14,370 ","3,540","24,140",15.0,계량기보호통(실),계량기보호실,노후,,206.0,72,,,,,미등록,,2024-07-18,35.9204023,128.6631686
369,20240722-0096,07-22,동구 도동 246-13 102동,지상사유지,D25mm 계량기 보호통 교체,"1,169,010 ","1,010,000 ","159,010 ",0 ,"16,770 ","21,290 ","16,960 ","4,810 ","2,170 ","10,880 ","2,910","21,840",25.0,계량기보호통(실),계량기보호실,노후,,205.0,80,0.1,145 ,129 ,16 ,미등록,폐콘 0.1,2024-07-22,35.9132142,128.6547102
370,20240722-0106,07-22,"동구 신천동 322-7 아마존, 금탑노래방",지상사유지,D25mm 계량기실 누수수선,"76,000 ","76,000 ",0 ,0 ,630 ,800 ,630 ,180 ,80 ,410 ,250,650,25.0,계량기보호통(실),계량기보호실,노후,,222.0,33,,,,,미등록,,2024-07-22,35.8724724,128.6277038
371,20240722-0110,07-22,동구 신천동 376-8,지하공도,D40*15mm 분기점 누수수선,"1,049,390 ","1,045,000 ","4,390 ",0 ,"13,280 ","16,850 ","13,420 ","3,800 ","1,710 ","8,610 ","3,270","17,980",15.0,PFP관,이형관,노후,"1,900.08",222.0,34,0.1,145 ,129 ,16 ,등록,,2024-07-22,35.8743282,128.6293841
372,20240722-0113,07-22,동구 신천동 369-4,지하사유지,D15mm 계량기 보호통 교체,"887,320 ","791,000 ","96,320 ",0 ,"13,120 ","16,650 ","13,260 ","3,760 ","1,690 ","8,510 ","2,270","16,450",15.0,계량기보호통(실),연결부,노후,"1,266.72",222.0,34,0.1,145 ,129 ,16 ,미등록,폐콘 0.1,2024-07-22,35.871804,128.6295078
373,20240722-0117,07-22,동구 신천동 382-15,지하사유지,D15mm 계량기 보호통 교체,"881,840 ","786,000 ","95,840 ",0 ,"13,070 ","16,590 ","13,210 ","3,750 ","1,690 ","8,480 ","2,260","16,330",15.0,계량기보호통(실),연결부,노후,"1,266.72",222.0,34,0.1,145 ,129 ,16 ,미등록,폐콘 0.1,2024-07-22,35.8758226,128.6295605
374,20240722-0170,07-22,동구 불로동 1188,지상사유지,D15mm 계량기 보호통 교체,"798,040 ","701,000 ","97,040 ",0 ,"10,960 ","13,910 ","11,080 ","3,140 ","1,410 ","7,110 ","2,040","14,370",15.0,계량기보호통(실),연결부,노후,,205.0,80,,,,,미등록,폐콘 0.1,2024-07-22,35.909868,128.6416281
375,20240722-0184,07-22,동구 능성동 21 지경길 35-2,지하사유지,D15mm 인입선 누수수선,"934,620 ","931,000 ","3,620 ",0 ,"11,390 ","14,460 ","11,510 ","3,260 ","1,470 ","7,390 ","2,820","13,040",15.0,스텐레스관,직관,노후,"1,802.64",201.0,313,0.3,435 ,387 ,48 ,미등록,폐콘 0.4,2024-07-22,35.9663431,128.7436823
376,20240722-0185,07-22,동구 진인동 336-8,지하사유지,D15mm 인입선 누수수선,"504,480 ","504,000 ",480 ,0 ,"4,110 ","5,220 ","4,150 ","1,170 ",530 ,"2,660 ","1,700","5,990",15.0,스텐레스관,직관,노후,"1,218",201.0,313,,0 ,0 ,0 ,미등록,,2024-07-22,35.9588544,128.7150897
377,20240722-0234,07-22,동구 효목동 451-3,지상사유지,D15mm 계량기 보호통 교체,"881,560 ","785,000 ","96,560 ",0 ,"13,020 ","16,520 ","13,160 ","3,730 ","1,680 ","8,440 ","2,250","16,340",15.0,계량기보호통(실),연결부,노후,,223.0,46-2,,,,,미등록,폐콘 0.1,2024-07-22,35.8777253,128.6383565
378,20240722-0236,07-22,동구 율하동 1114,기타,유량계실 내 물푸기,"152,000 ","152,000 ",0 ,0 ,0 ,0 ,0 ,0 ,0 ,0 ,580,0,,,,,,234.0,252,,,,,미등록,,2024-07-22,35.8703975,128.6913886
379,20240722-0249,07-22,동구 둔산동 225,지하사유지,D15mm 인입선 누수수선,"1,475,410 ","1,473,000 ","2,410 ",0 ,"19,540 ","24,810 ","19,760 ","5,600 ","2,530 ","12,680 ","4,420","21,990",15.0,스텐레스관,직관,노후,"2,484.72",225.0,98,0.2,290 ,258 ,32 ,미등록,폐아 0.5,2024-07-22,35.900144,128.6867572
382,20240724-0060,07-24,동구 율하동 953-11,지상사유지,D15mm 계량기 보호통 교체,"954,040 ","857,000 ","97,040 ",0 ,"13,500 ","17,130 ","13,650 ","3,870 ","1,740 ","8,750 ","2,530","16,860",15.0,계량기보호통(실),연결부,노후,,233.0,255,,,,,미등록,,2024-07-24,35.8682136,128.7001462
384,20240724-0303,07-24,동구 신서동 1153-3,지상사유지,D15mm 계량기실 누수수선,"353,000 ","353,000 ",0 ,0 ,"3,700 ","4,700 ","3,740 ","1,060 ",470 ,"2,400 ","1,140","5,260",15.0,계량기보호통(실),계량기보호실,노후,,230.0,206,,,,,미등록,,2024-07-24,35.8777422,128.7246193
385,20240724-0502,07-24,동구 율하동 687-2,지하사유지,D20mm 인입선 누수수선,"452,000 ","452,000 ",0 ,0 ,"2,870 ","3,650 ","2,900 ",820 ,370 ,"1,860 ","1,560","5,100",20.0,스텐레스관,직관,노후,"3,411.36",234.0,252,,0 ,0 ,0 ,미등록,,2024-07-24,35.8638151,128.6878162
387,20240725-0192,07-25,동구 신천동 448-58,지하공도,D80*15mm 분기점 누수수선,"970,240 ","917,000 ","53,240 ",0 ,"13,230 ","16,800 ","13,380 ","3,790 ","1,710 ","8,580 ","2,780","14,480",15.0,부분기대,부분기대,노후,"1,582.08",222.0,34,0.1,145 ,129 ,16 ,등록,,2024-07-25,35.873923,128.630014
388,20240725-0194,07-25,동구 신천동 393-3,지하공도,D80*40mm 분기점 누수수선,"2,294,950 ","2,094,000 ","200,950 ",0 ,"28,420 ","36,080 ","28,740 ","8,150 ","3,680 ","18,440 ","6,320","40,360",40.0,부분기대,부분기대,노후,"4,231.2",606.0,44-2,0.1,145 ,129 ,16 ,등록,폐아 0.4,2024-07-25,35.8768435,128.6311778
389,20240725-0200,07-25,동구 신천동 412-11,지하공도,D80*15mm 구분기점 누수수선,"1,259,000 ","1,259,000 ",0 ,0 ,"16,570 ","21,040 ","16,750 ","4,750 ","2,140 ","10,750 ","3,610","17,370",15.0,부분기대,부분기대,노후,"2,125.92",606.0,44-2,0.2,290 ,258 ,32 ,등록,"폐콘 0.6, 폐아 0.4",2024-07-25,35.8747171,128.63322
390,20240725-0206,07-25,동구 율하동 70,지하사유지,D15mm 인입선 누수수선,"613,960 ","613,000 ",960 ,0 ,"8,850 ","11,230 ","8,950 ","2,530 ","1,140 ","5,740 ","1,770","10,160",15.0,스텐레스관,이형관,노후,939.36,233.0,250,0.1,145 ,129 ,16 ,미등록,폐콘 0.3,2024-07-25,35.8718114,128.6981188
391,20240725-0210,07-25,동구 효목동 75-2,지하사유지,D15mm 계량기 보호통 교체,"985,800 ","889,000 ","96,800 ",0 ,"15,140 ","19,220 ","15,310 ","4,340 ","1,960 ","9,820 ","2,540","18,200",15.0,계량기보호통(실),연결부,노후,"1,285.44",213.0,24,0.1,145 ,129 ,16 ,미등록,폐콘 0.1,2024-07-25,35.8851676,128.6402975
392,20240726-0054,07-26,동구 검사동 1037-6,지하사유지,D15mm 인입선 누수수선,"636,000 ","636,000 ",0 ,0 ,"9,110 ","11,570 ","9,220 ","2,610 ","1,170 ","5,910 ","1,880","10,110",15.0,스텐레스관,직관,노후,"1,242",227.0,124-2,,0 ,0 ,0 ,미등록,폐콘 0.2,2024-07-26,35.8881712,128.6456426
395,20240729-0217,07-29,동구 입석동 932-78,지하사유지,D15mm 계량기 보호통 교체,"905,080 ","809,000 ","96,080 ",0 ,"13,020 ","16,520 ","13,160 ","3,730 ","1,680 ","8,440 ","2,350","16,320",15.0,계량기보호통(실),연결부,노후,"1,310.4",210.0,108-1,,0 ,0 ,0 ,미등록,폐콘 0.1,2024-07-29,35.8915299,128.6478003
396,20240729-0426,07-29,동구 신암동 461-1,기타,계량기실 내 물푸기,"67,000 ","67,000 ",0 ,0 ,0 ,0 ,0 ,0 ,0 ,0 ,250,0,,,,,,216.0,15,,0 ,0 ,0 ,미등록,,2024-07-29,35.8782739,128.6114286
399,20240731-0047,07-31,동구 효목동 49-17,지하사유지,D15mm 계량기 보호통 교체,"838,010 ","740,000 ","98,010 ",0 ,"12,100 ","15,360 ","12,230 ","3,470 ","1,560 ","7,850 ","2,130","15,590",15.0,계량기보호통(실),연결부,노후,"1,322.88",213.0,24,,0 ,0 ,0 ,미등록,페콘 0.1,2024-07-31,35.8825559,128.6395052
400,20240731-0121,07-31,동구 신천동 371-4,지상사유지,D15mm 계량기실 누수수선,"143,000 ","143,000 ",0 ,0 ,"2,170 ","2,760 ","2,200 ",620 ,280 ,"1,410 ",430,"1,790",15.0,계량기보호통(실),연결부,노후,,222.0,34,,,,,미등록,,2024-07-31,35.8728904,128.6292856
286,20240614-0151,06-14,동구 불로동 460-26,기타,소구역 유량계실 내 압력계 교체(N=13),"5,830,000 ","5,830,000 ",0 ,0 ,"54,810 ","69,570 ","55,410 ","15,720 ","7,090 ","35,560 ","19,320","95,700",,,,,,205.0,77,,,,,미등록,,2024-06-14,35.9118003,128.6413768
293,20240618-0123,06-18,동구 효목동 424-22,노후관교체공사,노후배수관 교체공사(DTEP D150mm L=51m),"22,533,010 ","17,424,000 ","5,109,010 ",0 ,"248,020 ","314,840 ","250,770 ","71,140 ","32,110 ","160,920 ","50,290","433,940",,,,,,606.0,36,4.0,"5,796 ","5,160 ",636 ,미등록,폐아 18.1,2024-06-18,35.8766655,128.6366177
335,20240702-0626,07-02,동구 효목동 424-12,지상사유지,D15mm 계량기 보호통 교체,"817,980 ","719,000 ","98,980 ",0 ,"11,730 ","14,900 ","11,870 ","3,360 ","1,510 ","7,610 ","2,070","15,490",15.0,계량기보호통(실),계량기보호통,노후,,606.0,36,,,,,미등록,폐콘 0.1,2024-07-02,35.8772126,128.6365162
353,20240711-0230,07-11,동구 효목동 384-20,미누수,확인 터파기 결과 미누수(하수도 수선),"2,760,000 ","2,760,000 ",0 ,0 ,"41,930 ","53,230 ","42,400 ","12,020 ","5,420 ","27,200 ","7,830","42,730",,,,,,606.0,36,0.2,290 ,258 ,32 ,미등록,폐아 1.5,2024-07-11,35.8776046,128.6369101
357,20240715-0180,07-15,동구 방촌동 1113-220,지하공도,D80*15mm 분기점 누수수선,"3,066,000 ","3,066,000 ",0 ,0 ,"38,260 ","48,570 ","38,680 ","10,970 ","4,950 ","24,820 ","9,380","51,690",15.0,부분기대,부분기대,노후,"1,176",227.0,138,0.4,580 ,516 ,64 ,등록,폐아0.9,2024-07-15,35.8776245,128.6704633
366,20240719-0055,07-19,동구 신평동 597 경노당,지상공도,D50*25mm 구분기점 누수수선,"6,327,000 ","5,970,000 ","357,000 ",0 ,"88,790 ","112,710 ","89,770 ","25,470 ","11,490 ","57,600 ","17,470","111,590",25.0,PFP관,이형관,노후,0.27,226.0,224-1,0.9,"1,304 ","1,161 ",143 ,등록,폐아 1.7,2024-07-19,35.8781822,128.6839775
367,20240719-0179,07-19,동구 도동 978-184,지상공도,D80*25mm 분기점 누수수선,"3,506,000 ","3,387,000 ","119,000 ",0 ,"49,550 ","62,900 ","50,100 ","14,210 ","6,410 ","32,140 ","10,110","60,260",25.0,부분기대,부분기대,노후,0.86,205.0,80,0.2,290 ,258 ,32 ,등록,폐아 0.5,2024-07-19,35.9122991,128.653553
368,20240722-0010,07-22,동구 신암동 61-13,미누수,확인 터파기 결과 미누수,"901,000 ","901,000 ",0 ,0 ,"14,460 ","18,360 ","14,620 ","4,140 ","1,870 ","9,380 ","2,270","13,550",,,,,,209.0,12,0.3,435 ,387 ,48 ,미등록,폐콘 1.3,2024-07-22,35.8890553,128.6342025
380,20240722-0251,07-22,동구 효목동 504-2,지상공도,D80mm 구분기점 누수수선,"139,000 ","139,000 ",0 ,0 ,"1,730 ","2,200 ","1,750 ",490 ,220 ,"1,120 ",430,"1,830",15.0,부분기대,부분기대,노후,0.18,,36,0.0,0 ,0 ,0 ,등록,,2024-07-22,35.8740828,128.6351682
383,20240724-0297,07-24,동구 신암동 1846,기타,유량계실 맨홀 패킹 설치(N=5),"477,000 ","477,000 ",0 ,0 ,0 ,0 ,0 ,0 ,0 ,0 ,"1,810",0,,,,,,211.0,2,,0 ,0 ,0 ,미등록,,2024-07-24,35.8852925,128.6174643
386,20240725-0007,07-25,동구 신암동 809-20,지상공도,D40*15mm 분기점 누수수선,"3,976,000 ","3,738,000 ","238,000 ",0 ,"55,970 ","71,050 ","56,590 ","16,050 ","7,240 ","36,310 ","10,780","67,300",15.0,PFP관,이형관,노후,0.11,211.0,6,0.6,869 ,774 ,95 ,등록,폐아 1.5,2024-07-25,35.881763,128.6139205
393,20240726-0515,07-26,동구 내동 115,미누수,확인 터파기 결과 미누수(마을 상수도 폐쇄),"2,308,000 ","2,308,000 ",0 ,0 ,"30,730 ","39,010 ","31,070 ","8,810 ","3,970 ","19,930 ","6,950","32,580",,,,,,201.0,298,0.3,435 ,387 ,48 ,미등록,폐아 0.7톤,2024-07-26,35.9687908,128.6615584
398,20240730-0025,07-30,동구 신암동 26-36,기타,콘크리트 균열보수,"267,000 ","267,000 ",0 ,0 ,"4,770 ","6,050 ","4,820 ","1,360 ",610 ,"3,090 ",760,"3,980",,,,,,209.0,12,,0 ,0 ,0 ,미등록,,2024-07-30,35.8884507,128.6365226
401,20240731-0491,07-31,동구 신용동 551-1,미누수,확인 터파기 결과 미누수(마을 상수도 누수수선),"1,099,000 ","1,099,000 ",0 ,0 ,"13,780 ","17,490 ","13,930 ","3,950 ","1,780 ","8,940 ","3,390","12,500",,,,,,201.0,54,0.1,145 ,129 ,16 ,미등록,폐아 0.2,2024-07-31,35.9804176,128.6454107
402,20240801-0070,08-01,동구 숙천동 381,기타,계량기실 내 물푸기,"111,000 ","111,000 ",0 ,0 ,0 ,0 ,0 ,0 ,0 ,0 ,420,0,,,,,,230.0,210,,,,,미등록,,2024-08-01,35.882515,128.7524438
403,20240801-0171,08-01,동구 신천동 176-5,지상공도,D50mm 접합부 누수수선,"622,000 ","622,000 ",0 ,0 ,"7,260 ","9,220 ","7,340 ","2,080 ",940 ,"4,710 ","1,980","11,360",50.0,스텐레스관,직관,노후,13.86,221.0,49,0.0,0 ,0 ,0 ,등록,,2024-08-01,35.8700761,128.6204655
406,20240801-0474,08-01,동구 지저동 833-15,기타,"현장 확인 결과 미누수(N=406, 407, 412, 434, 449, 460, 463, 471, 486, 488, 491, 495, 498)","941,000 ","941,000 ",0 ,0 ,0 ,0 ,0 ,0 ,0 ,0 ,"3,580",0,,,,,,208.0,106-2,,0 ,0 ,0 ,미등록,,2024-08-01,35.8925335,128.6380609
409,20240802-0296,08-02,동구 방촌동 862-29,지상공도,D50*25mm 분기점 누수수선,"1,503,500 ","1,496,000 ","7,500 ",0 ,"21,040 ","26,710 ","21,270 ","6,030 ","2,720 ","13,650 ","4,580","28,320",25.0,PFP관,직관,타공사손괴,27,228.0,132,0.0,0 ,0 ,0 ,등록,,2024-08-02,35.8810357,128.6703423
415,20240805-0348,08-05,동구 신천동 124-3,지상공도,D80*25mm 분기점 누수수선,"3,020,520 ","1,660,000 ","1,520 ","1,359,000 ","22,070 ","28,020 ","22,310 ","6,330 ","2,850 ","14,320 ","4,780","25,010",25.0,닥타일관,이형관,노후,0.38,,42,0.2,290 ,258 ,32 ,등록,폐아 1.2,2024-08-05,35.869638,128.6241151
416,20240805-0354,08-05,동구 신암동 88-12,지상사유지,D15mm 계량기 보호통 교체,"828,320 ","732,000 ","96,320 ",0 ,"11,940 ","15,160 ","12,070 ","3,420 ","1,540 ","7,750 ","2,110","15,390",15.0,계량기보호통(실),계량기보호통,노후,,209.0,1,,,,,미등록,폐콘0.1,2024-08-05,35.8893742,128.632298
417,20240806-0002,08-06,동구 방촌동 941-14,지상공도,D50*15mm 분기점 누수수선,"3,954,440 ","3,953,000 ","1,440 ",0 ,"57,170 ","72,570 ","57,800 ","16,400 ","7,400 ","37,090 ","11,120","61,670",15.0,PFP관,직관,노후,0.15,228.0,125,0.5,725 ,645 ,80 ,등록,"폐콘1.8,폐아1.2",2024-08-06,35.8849663,128.6658253
418,20240806-0084,08-06,"동구 신천동 1518 동대구역센트럴자이 뒷편,후문측",지하공도,D150mm 구분기점 누수수선,"1,609,000 ","898,000 ",0 ,"711,000 ","9,990 ","12,690 ","10,100 ","2,860 ","1,290 ","6,480 ","2,490","11,490",15.0,부분기대,부분기대,노후,"1,308",221.0,41,0.1,145 ,129 ,16 ,등록,"폐콘 0.8, 폐아 0.5",2024-08-06,35.872714,128.6230572
419,20240806-0149,08-06,동구 신평동 702-19 행복마을II,지하공도,D80*32mm 분기점 누수수선,"2,129,000 ","2,010,000 ","119,000 ",0 ,"26,170 ","33,220 ","26,460 ","7,500 ","3,380 ","16,980 ","6,130","35,310",32.0,부분기대,부분기대,노후,"2,982.24",226.0,133,0.2,290 ,258 ,32 ,등록,폐아 0.4,2024-08-06,35.8782175,128.6782637
420,20240806-0275,08-06,동구 내동 104-2,시설물수선,이토변 제수변 철개입상 완료,"2,024,000 ","1,786,000 ","238,000 ",0 ,"23,540 ","29,880 ","23,800 ","6,750 ","3,040 ","15,270 ","5,300","31,910",,,,,,201.0,298,0.3,435 ,387 ,48 ,미등록,폐아 0.7톤,2024-08-06,35.969608,128.6617882
421,20240806-0464,08-06,동구 검사동 960-170,지하공도,D200*20mm 분기점 누수수선,"1,512,720 ","1,441,000 ","71,720 ",0 ,"22,400 ","28,440 ","22,650 ","6,420 ","2,900 ","14,530 ","4,290","23,660",20.0,부분기대,부분기대,노후,"1,778.88",210.0,111-1,0.1,145 ,129 ,16 ,등록,,2024-08-06,35.8843073,128.6550316
422,20240807-0001,08-07,동구 방촌동 690-83,지하사유지,D15mm 인입선 누수수선,"629,410 ","627,000 ","2,410 ",0 ,"8,840 ","11,220 ","8,940 ","2,530 ","1,140 ","5,730 ","1,860","10,060",15.0,스텐레스관,직관,부식,"1,314",210.0,108-1,,0 ,0 ,0 ,미등록,폐콘 0.2,2024-08-07,35.888344,128.6620892
423,20240807-0244,08-07,동구 효목동 141-15,지하공도,D100*15mm 분기점 누수수선,"740,440 ","739,000 ","1,440 ",0 ,"9,370 ","11,900 ","9,480 ","2,680 ","1,210 ","6,080 ","2,310","10,110",15.0,부분기대,부분기대,노후,946.08,213.0,24,,0 ,0 ,0 ,등록,,2024-08-07,35.881605,128.6430751
424,20240807-0245,08-07,동구 효목동 142-26,지하사유지,D15mm 계량기 보호통 교체,"783,560 ","687,000 ","96,560 ",0 ,"11,130 ","14,140 ","11,260 ","3,190 ","1,440 ","7,220 ","1,980","14,540",15.0,계량기보호통(실),계량기보호통,노후,"1,314",213.0,24,,0 ,0 ,0 ,미등록,폐콘0.1,2024-08-07,35.882397,128.6418979
426,20240807-0277,08-07,동구 방촌동 728-2,지상사유지,D15mm 계량기실 누수수선,"321,440 ","320,000 ","1,440 ",0 ,"4,430 ","5,620 ","4,470 ","1,270 ",570 ,"2,870 ",950,"4,370",15.0,계량기보호통(실),계량기보호통,노후,,228.0,123-2,,,,,미등록,폐콘0.1,2024-08-07,35.8869906,128.6643425
428,20240809-0062,08-09,동구 미곡동 782-5,지상사유지,D15mm 계량기 보호통 교체,"794,600 ","699,000 ","95,600 ",0 ,"10,530 ","13,370 ","10,650 ","3,020 ","1,360 ","6,830 ","2,090","14,000",15.0,계량기보호통(실),계량기보호통,노후,,201.0,304,,,,,미등록,,2024-08-09,35.9568214,128.6734267
430,20240809-0196,08-09,동구 방촌동 880-8,지상사유지,D15mm 계량기 보호통 교체,"1,288,040 ","1,191,000 ","97,040 ",0 ,"20,710 ","26,290 ","20,940 ","5,940 ","2,680 ","13,440 ","3,390","23,210",15.0,계량기보호통(실),계량기보호통,노후,,228.0,132,,,,,미등록,폐콘0.1,2024-08-09,35.8817507,128.6684531
433,20240812-0004,08-12,동구 신천동 484-9,지상공도,D40*15mm 분기점 누수수선,"1,253,410 ","1,251,000 ","2,410 ",0 ,"19,200 ","24,370 ","19,410 ","5,500 ","2,480 ","12,450 ","3,750","20,800",15.0,PFP관,이형관,노후,0.11,606.0,44-2,0.1,145 ,129 ,16 ,미등록,,2024-08-12,35.8741059,128.634018
435,20240812-0070,08-12,동구 효목동 436-10,지상사유지,D15mm 계량기 보호통 교체,"857,080 ","761,000 ","96,080 ",0 ,"12,210 ","15,500 ","12,350 ","3,500 ","1,580 ","7,920 ","2,210","16,010",15.0,계량기보호통(실),계량기보호통,노후,,223.0,46-2,0.0,0 ,0 ,0 ,미등록,폐콘0.1,2024-08-12,35.8748944,128.6380979
436,20240812-0077,08-12,동구 신기동 32,지하공도,D50*15mm 분기점 누수수선,"927,480 ","927,000 ",480 ,0 ,"10,880 ","13,820 ","11,000 ","3,120 ","1,400 ","7,060 ","2,950","12,060",15.0,PFP관,직관,노후,806.4,233.0,251,,0 ,0 ,0 ,등록,,2024-08-12,35.870509,128.7081109
438,20240812-0325,08-12,동구 봉무동 939,지하공도,D25mm 직관부 누수수선,"1,445,000 ","1,445,000 ",0 ,0 ,"16,380 ","20,790 ","16,560 ","4,690 ","2,120 ","10,620 ","4,360","20,560",25.0,스텐레스관,직관,노후,"6,504.96",202.0,61,0.4,580 ,516 ,64 ,등록,폐콘 0.9,2024-08-12,35.9280048,128.6406538
439,20240812-0332,08-12,동구 신암동 645-9,지상사유지,D15mm 인입선 누수수선,"693,220 ","594,000 ","99,220 ",0 ,"10,250 ","13,010 ","10,360 ","2,940 ","1,320 ","6,650 ","1,700","13,100",15.0,스텐레스관,직관,타공사손괴,9.6,211.0,3,,,,,미등록,,2024-08-12,35.8918903,128.6227753
441,20240813-0265,08-13,동구 율암동 471-3,지상사유지,D25mm 인입선 누수수선,"1,674,080 ","1,669,000 ","5,080 ",0 ,"21,670 ","27,500 ","21,910 ","6,210 ","2,800 ","14,050 ","5,050","25,460",25.0,스텐레스관,직관,노후,3.63,230.0,201,0.2,290 ,258 ,32 ,미등록,폐아0.5,2024-08-13,35.8761359,128.7080375
442,20240813-0367,08-13,동구 내곡동 111,지하사유지,D15mm 계량기 보호통 교체,"879,040 ","782,000 ","97,040 ",0 ,"11,940 ","15,160 ","12,070 ","3,420 ","1,540 ","7,750 ","2,300","15,410",15.0,계량기보호통(실),계량기보호통,노후,"1,350",236.0,211,,0 ,0 ,0 ,미등록,폐콘0.1,2024-08-13,35.8880705,128.7598656
443,20240814-0007,08-14,동구 도동 816,지상사유지,D15mm 계량기실 누수수선,"167,000 ","167,000 ",0 ,0 ,"2,170 ","2,760 ","2,200 ",620 ,280 ,"1,410 ",520,"1,790",15.0,기타,기타,노후,,206.0,72,0.0,0 ,0 ,0 ,미등록,옥내 누수,2024-08-14,35.9152183,128.6601008
444,20240814-0098,08-14,동구 내동 215,지하사유지,D15mm 인입선 누수수선,"502,890 ","500,000 ","2,890 ",0 ,"6,560 ","8,330 ","6,630 ","1,880 ",840 ,"4,250 ","1,550","7,760",15.0,스텐레스관,직관,부식,596.64,201.0,298,,0 ,0 ,0 ,미등록,,2024-08-14,35.9706847,128.6600434
445,20240814-0108,08-14,동구 방촌동 862-29,지상사유지,D15mm 인입선 누수수선,"316,620 ","313,000 ","3,620 ",0 ,"5,120 ","6,500 ","5,170 ","1,460 ",660 ,"3,320 ",920,"4,500",15.0,스텐레스관,직관,타공사손괴,9.6,228.0,132,0.0,0 ,0 ,0 ,미등록,,2024-08-14,35.8810357,128.6703423
446,20240816-0035,08-16,동구 효목동 275-8,지상사유지,D15mm 계량기 보호통 교체,"762,320 ","666,000 ","96,320 ",0 ,"10,780 ","13,680 ","10,900 ","3,090 ","1,390 ","6,990 ","1,920","14,140",15.0,계량기보호통(실),계량기보호통,노후,,606.0,36,,,,,미등록,폐콘0.1,2024-08-16,35.8787358,128.6320653
447,20240816-0065,08-16,동구 지저동 761-11,지하사유지,D15mm 계량기 보호통 교체,"1,146,010 ","1,048,000 ","98,010 ",0 ,"17,790 ","22,580 ","17,990 ","5,100 ","2,300 ","11,540 ","3,000","20,680",15.0,계량기보호통(실),계량기보호통,노후,"1,368",208.0,99,,0 ,0 ,0 ,미등록,폐콘0.1,2024-08-16,35.8942687,128.6373691
448,20240814-0285,08-14,동구 입석동 891-2,지상사유지,D15mm 계량기 보호통 교체,"867,490 ","769,000 ","98,490 ",0 ,"12,180 ","15,460 ","12,310 ","3,490 ","1,570 ","7,900 ","2,240","15,680",15.0,계량기보호통(실),계량기보호통,노후,,210.0,108-1,,,,,미등록,폐콘0.1,2024-08-14,35.8918534,128.64926
450,20240815-0018,08-15,동구 불로동 832-4,지상사유지,D15mm 계량기 보호통 교체,"915,320 ","819,000 ","96,320 ",0 ,"13,370 ","16,980 ","13,520 ","3,830 ","1,730 ","8,670 ","2,390","16,650",15.0,계량기보호통(실),연결부,노후,,207.0,90,,,,,미등록,,2024-08-15,35.902653,128.6330261
451,20240816-0368,08-16,동구 입석동 931-2,지상사유지,D15mm 계량기 보호통 교체,"841,010 ","743,000 ","98,010 ",0 ,"11,530 ","14,630 ","11,650 ","3,300 ","1,490 ","7,480 ","2,170","15,250",15.0,계량기보호통(실),계량기보호통,노후,,606.0,44-2,,,,,미등록,폐콘0.1,2024-08-16,35.8928845,128.6477521
452,20240816-0478,08-16,동구 방촌동 1087-27,지상공도,D25mm 접합부 누수수선,"721,010 ","720,000 ","1,010 ",0 ,"7,240 ","9,190 ","7,320 ","2,070 ",930 ,"4,700 ","2,360","9,630",25.0,스텐레스관,이형관,노후,0.27,227.0,124-2,0.0,0 ,0 ,0 ,등록,,2024-08-16,35.8805647,128.6659199
453,20240816-0481,08-16,동구 신기동 265-3,지상사유지,D15mm 계량기 보호통 교체,"830,080 ","734,000 ","96,080 ",0 ,"11,140 ","14,140 ","11,260 ","3,190 ","1,440 ","7,220 ","2,160","14,480",15.0,계량기보호통(실),연결부,노후,,233.0,251,,,,,미등록,폐콘 0.1,2024-08-16,35.869686,128.7046267
454,20240818-0012,08-18,동구 효목동 400-1,지상공도,D80*25mm 분기점 누수수선,"519,170 ","509,000 ","10,170 ",0 ,"7,230 ","9,180 ","7,310 ","2,070 ",930 ,"4,690 ","1,550","9,170",25.0,부분기대,부분기대,타공사손괴,27,,36,0.0,0 ,0 ,0 ,등록,,2024-08-18,35.8751336,128.6344892
455,20240819-0106,08-19,동구 능성동 12,지하공도,D15mm 인입선 누수수선,"1,724,620 ","1,721,000 ","3,620 ",0 ,"22,290 ","28,290 ","22,530 ","6,390 ","2,880 ","14,460 ","5,190","24,870",15.0,스텐레스관,직관,부식,"2,051.28",201.0,313,0.3,435 ,387 ,48 ,미등록,폐아0.6,2024-08-19,35.9665172,128.7435082
456,20240819-0118,08-19,동구 도동 69-1,지하사유지,D15mm 계량기 보호통 교체,"907,010 ","809,000 ","98,010 ",0 ,"12,960 ","16,450 ","13,100 ","3,710 ","1,670 ","8,410 ","2,350","16,390",15.0,계량기보호통(실),연결부,노후,"1,441.44",205.0,80,0.1,145 ,129 ,16 ,미등록,폐콘 0.1,2024-08-19,35.9109273,128.6483929
457,20240819-0120,08-19,동구 율하동 869-12,지하사유지,D15mm 계량기 보호통 교체,"946,080 ","850,000 ","96,080 ",0 ,"13,330 ","16,920 ","13,470 ","3,820 ","1,720 ","8,640 ","2,490","16,620",15.0,계량기보호통(실),계량기보호통,노후,"1,441.44",233.0,250,,0 ,0 ,0 ,미등록,폐콘 0.1,2024-08-19,35.8706201,128.6988475
462,20240821-0312,08-21,동구 입석동 932-161,지하사유지,D15mm 계량기 보호통 교체,"914,530 ","817,000 ","97,530 ",0 ,"13,190 ","16,750 ","13,340 ","3,780 ","1,700 ","8,560 ","2,370","16,500",15.0,계량기보호통(실),계량기보호통,노후,"1,398",210.0,108-1,,0 ,0 ,0 ,미등록,폐콘0.1,2024-08-21,35.8911056,128.6465102
465,20240822-0329,08-22,동구 율하동 687-2,지하공도,D20mm 직관부 누수수선,"618,000 ","618,000 ",0 ,0 ,"5,110 ","6,490 ","5,170 ","1,460 ",660 ,"3,320 ","2,080","7,440",20.0,스텐레스관,직관,부식,730.08,234.0,252,0.1,145 ,129 ,16 ,등록,,2024-08-22,35.8638151,128.6878162
466,20240822-0336,08-22,동구 서호동 7-30,지하사유지,D15mm 계량기 보호통 교체,"834,490 ","736,000 ","98,490 ",0 ,"11,210 ","14,230 ","11,330 ","3,210 ","1,450 ","7,270 ","2,190","14,780",15.0,계량기보호통(실),계량기보호통,노후,"1,547.52",233.0,257,,0 ,0 ,0 ,미등록,,2024-08-22,35.8717671,128.7095481
467,20240823-0042,08-23,동구 신천동 597-27,지상공도,D200*20mm 구분기점 누수수선,"181,000 ","181,000 ",0 ,0 ,"1,820 ","2,310 ","1,840 ",520 ,230 ,"1,180 ",590,"2,320",20.0,닥타일관,직관,노후,2.07,220.0,40,,0 ,0 ,0 ,등록,,2024-08-23,35.8738699,128.6137731
468,20240824-0009,08-24,동구 신천동 345-12,지상사유지,D15mm 계량기 보호통 교체,"907,320 ","811,000 ","96,320 ",0 ,"13,590 ","17,250 ","13,740 ","3,900 ","1,750 ","8,820 ","2,320","16,770",15.0,계량기보호통(실),계량기보호통,노후,,606.0,44-2,,,,,미등록,폐콘0.1,2024-08-24,35.8703184,128.6297784
470,20240824-0030,08-24,동구 미곡동 308-1,지상사유지,D15mm 계량기 보호통 교체,"829,600 ","734,000 ","95,600 ",0 ,"11,420 ","14,500 ","11,550 ","3,270 ","1,470 ","7,410 ","2,180","14,570",15.0,계량기보호통(실),계량기보호통,노후,,201.0,307,0.0,0 ,0 ,0 ,미등록,,2024-08-24,35.9622573,128.6852699
473,20240826-0035,08-26,동구 지묘동 497-1,지상사유지,D40mm 계량기 보호통 교체,"2,230,000 ","1,793,000 ","437,000 ",0 ,"24,980 ","31,720 ","25,260 ","7,160 ","3,230 ","16,210 ","5,350","41,230",40.0,계량기보호통(실),계량기보호통,노후,,201.0,57,0.2,290 ,258 ,32 ,미등록,폐콘0.3,2024-08-26,35.9413625,128.6386087
475,20240826-0131,08-26,동구 검사동 743-50,지상사유지,D15mm 계량기 보호통 교체,"914,080 ","818,000 ","96,080 ",0 ,"13,160 ","16,700 ","13,300 ","3,770 ","1,700 ","8,540 ","2,370","16,490",15.0,계량기보호통(실),계량기보호통,노후,,210.0,108-1,0.1,145 ,129 ,16 ,미등록,폐콘0.1,2024-08-26,35.8875355,128.661039
476,20240826-0193,08-26,동구 율하동 1018,지하공도,D80mm 제수밸브 누수수선,"1,116,000 ","1,116,000 ",0 ,0 ,"15,590 ","19,790 ","15,760 ","4,470 ","2,010 ","10,110 ","3,420","15,000",80.0,변류,본체,볼트이완,"2,538.72",234.0,274,0.1,145 ,129 ,16 ,등록,,2024-08-26,35.8661165,128.697964
477,20240826-0197,08-26,동구 방촌동 1084-700,지하사유지,D20mm 계량기 보호통 교체,"995,000 ","867,000 ","128,000 ",0 ,"13,950 ","17,710 ","14,100 ","4,000 ","1,800 ","9,050 ","2,510","18,360",20.0,계량기보호통(실),연결부,노후,"1,542.24",227.0,124-2,,0 ,0 ,0 ,미등록,폐콘 0.1,2024-08-26,35.8775717,128.6652775
478,20240826-0201,08-26,동구 방촌동 1087-46,지하사유지,D15mm 계량기 보호통 교체,"936,080 ","840,000 ","96,080 ",0 ,"13,640 ","17,320 ","13,790 ","3,910 ","1,760 ","8,850 ","2,430","16,870",15.0,계량기보호통(실),연결부,노후,"1,485.12",227.0,124-2,,0 ,0 ,0 ,미등록,폐콘 0.1,2024-08-26,35.8805674,128.6652785
479,20240826-0203,08-26,동구 방촌동 1084-447,지하사유지,D15mm 계량기 보호통 교체,"906,080 ","810,000 ","96,080 ",0 ,"13,070 ","16,590 ","13,220 ","3,750 ","1,690 ","8,480 ","2,350","16,310",15.0,계량기보호통(실),연결부,노후,"1,485.12",227.0,124-2,,0 ,0 ,0 ,미등록,폐콘 0.1,2024-08-26,35.8785447,128.6642147
480,20240826-0477,08-26,동구 율하동 112-2,지상공도,D25mm 인입선 누수수선,"731,050 ","728,000 ","3,050 ",0 ,"9,560 ","12,140 ","9,670 ","2,740 ","1,230 ","6,200 ","2,270","11,920",25.0,스텐레스관,직관,부식,3.63,233.0,250,,0 ,0 ,0 ,미등록,,2024-08-26,35.8726102,128.6973164
481,20240826-0542,08-26,동구 효목동 392-6,기타,D15mm 계량기실 누수수선,"143,000 ","143,000 ",0 ,0 ,"2,170 ","2,760 ","2,200 ",620 ,280 ,"1,410 ",430,"1,790",,,,,,606.0,36,,,,,미등록,,2024-08-26,35.8774269,128.6323518
482,20240827-0100,08-27,동구 둔산동 1055,지상사유지,D15mm 계량기실 누수수선,"168,000 ","168,000 ",0 ,0 ,"2,170 ","2,760 ","2,200 ",620 ,280 ,"1,410 ",520,"1,800",15.0,계량기보호통(실),접합부,부식,,226.0,102,,,,,미등록,,2024-08-27,35.8976065,128.6708034
483,20240827-0111,08-27,동구 방촌동 868-10,지상사유지,D15mm 계량기 보호통 교체,"1,030,600 ","935,000 ","95,600 ",0 ,"15,610 ","19,820 ","15,790 ","4,480 ","2,020 ","10,130 ","2,690","18,550",15.0,계량기보호통(실),연결부,노후,,228.0,132,,,,,미등록,폐콘 0.1,2024-08-27,35.8815882,128.6683647
484,20240827-0260,08-27,동구 덕곡동 599,지상사유지,D15mm 인입선 누수수선,"392,000 ","392,000 ",0 ,0 ,"3,980 ","5,060 ","4,030 ","1,140 ",510 ,"2,580 ","1,280","6,140",15.0,스텐레스관,직관,노후,,201.0,54,,,,,미등록,,2024-08-27,35.9832213,128.6233289
485,20240827-0484,08-27,동구 신기동 275,지하사유지,D15mm 계량기 보호통 교체,"977,560 ","881,000 ","96,560 ",0 ,"13,750 ","17,460 ","13,910 ","3,940 ","1,780 ","8,920 ","2,580","17,230",15.0,계량기보호통(실),계량기보호통,노후,"1,434",233.0,251,0.1,145 ,129 ,16 ,미등록,폐콘0.1,2024-08-27,35.8704424,128.7042676
487,20240828-0330,08-28,동구 방촌동 802-6,지상사유지,D15mm 계량기 보호통 교체,"901,010 ","803,000 ","98,010 ",0 ,"12,850 ","16,320 ","13,000 ","3,680 ","1,660 ","8,340 ","2,330","16,270",15.0,계량기보호통(실),연결부,노후,,228.0,132,,,,,미등록,폐콘 0.1,2024-08-28,35.8827529,128.6680004
489,20240829-0056,08-29,동구 내곡동 111,지하공도,D15mm 인입선 누수수선,"808,620 ","805,000 ","3,620 ",0 ,"11,850 ","15,040 ","11,980 ","3,400 ","1,530 ","7,690 ","2,380","12,710",15.0,스텐레스관,직관,부식,"1,446",236.0,211,,0 ,0 ,0 ,미등록,폐콘0.2,2024-08-29,35.8880705,128.7598656
490,20240829-0057,08-29,동구 도동 837-9,지하사유지,D20mm 계량기 보호통 교체,"1,255,000 ","1,127,000 ","128,000 ",0 ,"18,790 ","23,850 ","19,000 ","5,390 ","2,430 ","12,190 ","3,250","22,800",20.0,계량기보호통(실),계량기보호통,노후,"3,990.96",206.0,72,,0 ,0 ,0 ,미등록,폐콘0.1,2024-08-29,35.9125225,128.6583229
492,20240829-0125,08-29,동구 불로동 1000-17,지상사유지,D15mm 계량기 보호통 교체,"966,040 ","869,000 ","97,040 ",0 ,"14,270 ","18,110 ","14,420 ","4,090 ","1,840 ","9,250 ","2,510","17,410",15.0,계량기보호통(실),계량기보호통,노후,,208.0,92,,,,,미등록,폐콘0.1,2024-08-29,35.8994334,128.6324478
493,20240829-0204,08-29,동구 신용동 585-1,기타,D15mm 계량기 감압밸브 수선,"224,000 ","224,000 ",0 ,0 ,"2,850 ","3,620 ","2,880 ",810 ,360 ,"1,850 ",700,"2,350",,,,,,201.0,54,,0 ,0 ,0 ,미등록,,2024-08-29,35.9827285,128.6479541
494,20240829-0446,08-29,동구 신기동 583-7,지상사유지,D15mm 계량기 보호통 교체,"862,530 ","765,000 ","97,530 ",0 ,"11,850 ","15,040 ","11,980 ","3,390 ","1,530 ","7,680 ","2,240","15,050",15.0,계량기보호통(실),계량기보호통,노후,,233.0,251,,,,,미등록,폐콘0.1,2024-08-29,35.8689915,128.7066491
130,20240419-0369,04-19,동구 신암동 361-41,지하사유지,D15mm 계량기 보호통 교체,"977,040 ","880,000 ","97,040 ",0 ,"13,840 ","17,570 ","13,990 ","3,970 ","1,790 ","8,980 ","2,540","17,220",15.0,계량기보호통(실),계량기보호통,노후,680.16,218.0,22,0.1,145 ,129 ,16 ,미등록,폐콘 0.2,2024-04-19,35.8833351,128.6334474
318,20240627-0129,06-27,동구 진인동 448,지상사유지,D15mm 계량기 보호통 교체,"1,293,460 ","1,194,000 ","99,460 ",0 ,"15,740 ","19,980 ","15,910 ","4,510 ","2,030 ","10,210 ","3,670","22,350",15.0,계량기보호통(실),연결부,노후,,201.0,313,0.0,0 ,0 ,0 ,미등록,폐아 0.1,2024-06-27,35.9540479,128.7247539
330,20240702-0256,07-02,동구 효목동 424-10,노후관교체공사,노후배수관 교체공사(DTEP D150mm L=60m),"17,791,060 ","13,260,000 ","4,531,060 ",0 ,"168,900 ","214,400 ","170,770 ","48,450 ","21,870 ","109,580 ","38,150","347,400",,,,,,606.0,36,3.8,"5,507 ","4,902 ",605 ,미등록,폐아 22.6,2024-07-02,35.8772714,128.6366832
408,20240802-0261,08-02,동구 방촌동 1128-32,지하공도,D15mm 계량기 보호통 교체 및 D25mm 직관부 누수수선,"1,463,460 ","1,361,000 ","102,460 ",0 ,"18,590 ","23,600 ","18,800 ","5,330 ","2,400 ","12,060 ","4,060","25,060",25.0,스텐레스관,직관,부식,"6,214.56",226.0,95,0.2,290 ,258 ,32 ,등록,폐콘0.4,2024-08-02,35.8974229,128.6740066
410,20240803-0017,08-03,동구 송정동 22-2,지상공도,D80mm 공기밸브 누수수선,"927,000 ","486,000 ","441,000 ",0 ,"4,780 ","6,070 ","4,840 ","1,370 ",610 ,"3,100 ","1,530","17,170",80.0,변류,본체,노후,0,201.0,54,,0 ,0 ,0 ,등록,,2024-08-03,35.9886653,128.6251947
411,20240803-0018,08-03,동구 신용동 588,지상공도,D80mm 공기밸브 누수수선,"1,179,000 ","1,179,000 ",0 ,0 ,"3,660 ","4,640 ","3,700 ","1,050 ",470 ,"2,370 ","4,300","24,140",80.0,변류,본체,노후,0,201.0,54,0.0,0 ,0 ,0 ,등록,,2024-08-03,35.9824103,128.6483294
414,20240805-0311,08-05,동구 신암동 819-1,지상공도,D80mm 인입선 누수수선,"1,486,000 ","1,243,000 ","243,000 ",0 ,"19,130 ","24,280 ","19,340 ","5,480 ","2,470 ","12,410 ","3,290","23,980",80.0,닥타일관,직관,노후,1.72,216.0,16-1,0.1,145 ,129 ,16 ,등록,폐콘1.3,2024-08-05,35.8812628,128.6127546
427,20240808-0015,08-08,동구 방촌동 890-24,시설물수선,하수맨홀 보수작업,"345,000 ","345,000 ",0 ,0 ,"3,470 ","4,400 ","3,510 ",990 ,440 ,"2,250 ","1,100","3,360",,,,,,228.0,125,,0 ,0 ,0 ,미등록,폐아 0.1,2024-08-08,35.8825061,128.6672253
429,20240809-0096,08-09,동구 검사동 1024-25,지하사유지,D15mm 계량기실 누수수선,"167,000 ","167,000 ",0 ,0 ,"2,170 ","2,760 ","2,200 ",620 ,280 ,"1,410 ",520,"1,790",15.0,계량기보호통(실),계량기보호통,노후,472.08,210.0,111-1,,0 ,0 ,0 ,미등록,,2024-08-09,35.8877079,128.6475523
440,20240813-0042,08-13,동구 신용동 569-1,지상공도,D25*15mm 분기점 누수수선,"2,044,000 ","2,044,000 ",0 ,0 ,"25,770 ","32,710 ","26,060 ","7,390 ","3,330 ","16,720 ","6,240","31,980",15.0,스텐레스관,이형관,노후,0,201.0,54,0.3,435 ,387 ,48 ,등록,폐아 0.6,2024-08-13,35.9815028,128.6468431
459,20240820-0057,08-20,동구 효목동 384-12,시설물수선,제수밸브 철개 입상,"1,543,000 ","1,305,000 ","238,000 ",0 ,"18,300 ","23,240 ","18,510 ","5,250 ","2,360 ","11,870 ","3,840","26,250",,,,,,606.0,36,0.2,290 ,258 ,32 ,미등록,폐아 0.4,2024-08-20,35.8780477,128.6359722
461,20240821-0244,08-21,동구 효목동 384-9,노후관교체공사,노후배수관 교체공사(DTEP D150mm L=27m),"20,331,230 ","14,432,000 ","5,899,230 ",0 ,"215,900 ","274,060 ","218,290 ","61,930 ","27,950 ","140,070 ","41,140","405,680",,,,,,606.0,36,1.9,"2,753 ","2,451 ",302 ,미등록,폐아 11.3,2024-08-21,35.8777401,128.637035
464,20240822-0032,08-22,동구 서호동 26-6,지상공도,D100mm 소화전 누수수선,"6,177,170 ","5,093,000 ","1,084,170 ",0 ,"82,660 ","104,920 ","83,570 ","23,710 ","10,700 ","53,630 ","14,870","122,380",100.0,변류,본체,노후,0,,257,0.2,290 ,258 ,32 ,등록,,2024-08-22,35.8678097,128.7116719
469,20240824-0010,08-24,동구 신암동 276-27,미누수,현장 확인 결과 미누수,"386,000 ","386,000 ",0 ,0 ,"5,220 ","6,620 ","5,280 ","1,490 ",670 ,"3,380 ","1,190","4,260",,,,,,218.0,31,,,,,미등록,,2024-08-24,35.881009,128.628791
496,20240829-0544,08-29,동구 용계동 152-4,지상사유지,D40mm 계량기 보호통 교체,"4,345,000 ","3,789,000 ","556,000 ",0 ,"57,180 ","72,580 ","57,810 ","16,400 ","7,400 ","37,090 ","11,140","78,590",40.0,계량기보호통(실),연결부,노후,0,232.0,225,0.3,435 ,387 ,48 ,미등록,폐아 0.6,2024-08-29,35.8739486,128.6947315
497,20240831-0005,08-31,동구 지저동 694-28,지상공도,D50mm 구배수관 누수수선,"4,857,000 ","4,857,000 ",0 ,0 ,"73,690 ","93,540 ","74,510 ","21,130 ","9,540 ","47,810 ","14,140","78,790",50.0,아연도강관,직관,노후,69.31,208.0,92,0.7,"1,014 ",903 ,111 ,등록,폐아 1.5,2024-08-31,35.8961927,128.6367819
499,20240901-0004,09-01,동구 효목동 401-1,지상공도,D80*15mm 분기점 누수수선,"362,330 ","319,000 ","43,330 ",0 ,"5,230 ","6,650 ","5,290 ","1,500 ",670 ,"3,390 ",930,"6,350",15.0,부분기대,부분기대,노후,0.18,,36,,0 ,0 ,0 ,등록,,2024-09-01,35.8755529,128.634764
500,20240902-0017,09-02,동구 효목동 456-2,기타,"출장비(N=11, 500, 505, 508, 510, 514, 516, 517, 543, 544, 552, 569)","770,000 ","770,000 ",0 ,0 ,0 ,0 ,0 ,0 ,0 ,0 ,"2,930",0,,,,,,223.0,46-2,,0 ,0 ,0 ,미등록,,2024-09-02,35.8770155,128.6393984
501,20240902-0132,09-02,동구 신암동 69-29,지상사유지,D15mm 계량기 보호통 교체,"783,010 ","685,000 ","98,010 ",0 ,"10,950 ","13,900 ","11,070 ","3,140 ","1,410 ","7,100 ","1,980","14,620",15.0,계량기보호통(실),계량기보호통,노후,,209.0,1,,,,,미등록,폐콘 0.1,2024-09-02,35.8894852,128.6339315
502,20240902-0275,09-02,동구 율하동 909-8,지하공도,D150*15mm 분기점 누수수선,"1,080,000 ","1,080,000 ",0 ,0 ,"13,900 ","17,650 ","14,060 ","3,980 ","1,800 ","9,020 ","3,380","14,660",15.0,부분기대,부분기대,노후,"1,881.6",233.0,255,0.1,145 ,129 ,16 ,등록,,2024-09-02,35.869464,128.6962157
503,20240903-0090,09-03,동구 율암동 367-6,지하사유지,D25mm 계량기 보호통 교체,"1,914,050 ","1,753,000 ","161,050 ",0 ,"26,030 ","33,050 ","26,320 ","7,460 ","3,370 ","16,890 ","5,150","32,510",25.0,계량기보호통(실),계량기보호통,노후,"2,833.92",230.0,201,0.2,290 ,258 ,32 ,미등록,폐콘 0.4,2024-09-03,35.877129,128.704438
504,20240903-0417,09-03,동구 신암동 637-61,지하공도,D20mm 접합부 누수수선,"1,067,000 ","948,000 ","119,000 ",0 ,"13,320 ","16,910 ","13,470 ","3,820 ","1,720 ","8,640 ","2,890","18,810",20.0,스텐레스관,이형관,노후,"1,594.08",211.0,7,0.1,145 ,129 ,16 ,등록,,2024-09-03,35.8857501,128.6194684
506,20240904-0032,09-04,동구 방촌동 971-4,지상사유지,D15mm 계량기 보호통 교체,"815,040 ","718,000 ","97,040 ",0 ,"11,240 ","14,260 ","11,360 ","3,220 ","1,450 ","7,290 ","2,090","14,680",15.0,계량기보호통(실),계량기보호통,노후,,228.0,123-2,0.1,145 ,129 ,16 ,미등록,폐콘 0.1,2024-09-04,35.8862248,128.6629829
507,20240904-0036,09-04,동구 방촌동 862-25,지상사유지,D15mm 계량기 보호통 교체,"915,560 ","819,000 ","96,560 ",0 ,"13,200 ","16,750 ","13,340 ","3,780 ","1,700 ","8,560 ","2,380","16,530",15.0,계량기보호통(실),연결부,노후,,228.0,132,,,,,미등록,폐콘 0.1,2024-09-04,35.8811479,128.6700839
509,20240904-0054,09-04,동구 도학동 310,지상공도,D15mm 인입선 누수수선,"466,440 ","465,000 ","1,440 ",0 ,"5,760 ","7,310 ","5,820 ","1,650 ",740 ,"3,730 ","1,460","7,380",15.0,HIVP,직관,노후,0.76,201.0,311,0.0,0 ,0 ,0 ,미등록,,2024-09-04,35.9679199,128.7015484
511,20240904-0071,09-04,동구 신암동 276-27,지하사유지,D25mm 계량기 보호통 교체,"1,128,050 ","967,000 ","161,050 ",0 ,"16,370 ","20,790 ","16,560 ","4,690 ","2,110 ","10,620 ","2,760","21,580",25.0,계량기보호통(실),계량기보호통,노후,"1,600.56",212.0,20,,0 ,0 ,0 ,미등록,폐콘0.1,2024-09-04,35.881009,128.628791
512,20240904-0218,09-04,동구 효목동 504-3,지하공도,D80*15mm 구분기점 누수수선,"2,274,000 ","2,274,000 ",0 ,0 ,"35,090 ","44,550 ","35,480 ","10,060 ","4,540 ","22,770 ","6,490","35,670",15.0,부분기대,부분기대,노후,"1,482",606.0,36,0.5,725 ,645 ,80 ,등록,폐아1.0,2024-09-04,35.8739994,128.6351943
513,20240904-0219,09-04,동구 신천동 423-19,지하공도,D50*15mm 분기점 누수수선,"1,244,200 ","1,243,000 ","1,200 ",0 ,"19,240 ","24,430 ","19,460 ","5,520 ","2,490 ","12,480 ","3,690","20,590",15.0,스텐레스관,이형관,노후,"2,321.28",606.0,44-2,0.1,145 ,129 ,16 ,등록,폐콘 0.1,2024-09-04,35.875049,128.6324383
515,20240904-0348,09-04,동구 율하동 933-11,지하공도,D25*15mm 분기점 누수수선,"820,000 ","820,000 ",0 ,0 ,"9,810 ","12,450 ","9,910 ","2,810 ","1,270 ","6,360 ","2,600","12,030",15.0,스텐레스관,이형관,노후,"1,541.28",233.0,255,,0 ,0 ,0 ,등록,,2024-09-04,35.8696598,128.7016928
518,20240905-0079,09-05,동구 신천동 284-5,지하공도,D40*15mm 분기점 누수수선,"1,054,000 ","1,054,000 ",0 ,0 ,"16,120 ","20,470 ","16,300 ","4,620 ","2,080 ","10,460 ","3,160","17,360",15.0,PFP관,이형관,노후,"1,547.52",221.0,41,0.1,145 ,129 ,16 ,등록,,2024-09-05,35.8748276,128.6230965
519,20240906-0038,09-06,동구 효목동 184-3,지하사유지,D15mm 계량기 보호통 교체,"815,010 ","717,000 ","98,010 ",0 ,"11,600 ","14,720 ","11,720 ","3,320 ","1,500 ","7,520 ","2,070","15,180",15.0,계량기보호통(실),계량기보호통,노후,"1,135.44",213.0,38,,0 ,0 ,0 ,미등록,폐콘0.1,2024-09-06,35.8789739,128.6467122
520,20240906-0041,09-06,동구 효목동 183-25,지하사유지,D15mm 계량기 보호통 교체,"1,056,320 ","960,000 ","96,320 ",0 ,"16,550 ","21,010 ","16,730 ","4,740 ","2,140 ","10,740 ","2,730","19,470",15.0,계량기보호통(실),계량기보호통,노후,"1,553.76",213.0,38,,0 ,0 ,0 ,미등록,폐콘0.1,2024-09-06,35.8798906,128.6471353
521,20240906-0123,09-06,동구 괴전동 191-1,지상공도,D50*40mm 분기점 누수수선,"1,559,000 ","1,440,000 ","119,000 ",0 ,"19,830 ","25,170 ","20,050 ","5,680 ","2,560 ","12,860 ","4,390","29,450",40.0,PFP관,이형관,노후,0,,237-2,,0 ,0 ,0 ,등록,폐콘 0.1,2024-09-06,35.8713953,128.7357678
522,20240906-0173,09-06,동구 신천동 739-22,지상사유지,"D15mm 계량기 보호통 교체
","1,036,040 ","939,000 ","97,040 ",0 ,"16,150 ","20,500 ","16,330 ","4,630 ","2,090 ","10,470 ","2,670","19,110",15.0,계량기보호통(실),계량기보호통,노후,,220.0,40,,,,,미등록,폐콘 0.1,2024-09-06,35.8716856,128.6188839
523,20240909-0152,09-09,동구 효목동 177-5,지하사유지,D15mm 계량기 보호통 교체,"889,220 ","790,000 ","99,220 ",0 ,"12,970 ","16,460 ","13,110 ","3,720 ","1,670 ","8,410 ","2,280","16,560",15.0,계량기보호통(실),계량기보호통,노후,"1,572.48",213.0,38,,0 ,0 ,0 ,미등록,폐콘 0.1,2024-09-09,35.8805616,128.6449514
524,20240910-0130,09-10,동구 율하동 941-17,지하사유지,D15mm 계량기 보호통 교체,"930,320 ","834,000 ","96,320 ",0 ,"13,020 ","16,520 ","13,160 ","3,730 ","1,680 ","8,440 ","2,440","16,330",15.0,계량기보호통(실),계량기보호통,노후,"1,578.72",233.0,255,,0 ,0 ,0 ,미등록,폐콘 0.1,2024-09-10,35.8695638,128.7000869
525,20240910-0132,09-10,동구 신암동 784-36,지하사유지,D15mm 계량기 보호통 교체,"1,895,220 ","1,796,000 ","99,220 ",0 ,"30,500 ","38,720 ","30,840 ","8,750 ","3,940 ","19,790 ","5,150","34,390",15.0,계량기보호통(실),계량기보호통,노후,"3,096.72",211.0,6,,0 ,0 ,0 ,미등록,폐콘0.2,2024-09-10,35.8843542,128.6149074
526,20240911-0112,09-11,동구 입석동 860-11,지하사유지,D15mm 계량기 보호통 교체,"905,320 ","809,000 ","96,320 ",0 ,"13,020 ","16,520 ","13,160 ","3,730 ","1,680 ","8,440 ","2,350","16,330",15.0,계량기보호통(실),연결부,노후,"1,584.96",210.0,108-1,,0 ,0 ,0 ,미등록,폐콘 0.1,2024-09-11,35.8929278,128.6484977
527,20240911-0233,09-11,동구 중대동 525 HEIMA,지하사유지,D20mm 인입선 누수수선,"2,676,000 ","2,676,000 ",0 ,0 ,"37,320 ","47,370 ","37,730 ","10,700 ","4,830 ","24,210 ","7,940","39,770",20.0,스텐레스관,이형관,노후,"4,206.24",201.0,54,0.4,580 ,516 ,64 ,미등록,폐아 0.9,2024-09-11,35.9816476,128.635292
528,20240912-0265,09-12,동구 서호동 85-3,지상사유지,D25mm 인입선 누수수선,"439,350 ","419,000 ","20,350 ",0 ,"4,170 ","5,300 ","4,220 ","1,190 ",540 ,"2,710 ","1,370","7,050",25.0,스텐레스관,직관,노후,0,233.0,257,0.0,0 ,0 ,0 ,미등록,,2024-09-12,35.8689746,128.708736
529,20240913-0009,09-13,동구 신천동 273-6,지상사유지,D25mm 계량기실 누수수선,"164,000 ","164,000 ",0 ,0 ,"2,610 ","3,320 ","2,640 ",750 ,330 ,"1,690 ",480,"2,150",25.0,계량기보호통(실),연결부,노후,,221.0,41,,,,,미등록,,2024-09-13,35.8744835,128.6179366
531,20240915-0002,09-15,동구 신암동 164-8,지상공도,D100*20mm 구분기점 누수수선,"1,450,000 ","652,000 ",0 ,"798,000 ","6,850 ","8,700 ","6,930 ","1,960 ",880 ,"4,440 ","1,930","7,450",20.0,닥타일관,이형관,노후,0,217.0,17,0.2,290 ,258 ,32 ,등록,폐아 0.6,2024-09-15,35.8807313,128.6152766
532,20240915-0003,09-15,동구 신암동 94-17,지상사유지,D15mm 계량기 보호통 교체,"918,600 ","823,000 ","95,600 ",0 ,"13,860 ","17,600 ","14,020 ","3,970 ","1,790 ","8,990 ","2,360","16,980",15.0,계량기보호통(실),계량기보호통,노후,,209.0,1,,,,,미등록,폐콘 0.1,2024-09-15,35.8881005,128.6334136
533,20240916-0001,09-16,동구 미대동 225,지상사유지,D15mm 계량기 보호통 교체,"854,320 ","758,000 ","96,320 ",0 ,"11,620 ","14,760 ","11,750 ","3,330 ","1,500 ","7,540 ","2,220","15,180",15.0,계량기보호통(실),계량기보호통,노후,,201.0,300,,,,,미등록,폐콘 0.1,2024-09-16,35.9609968,128.6688724
534,20240919-0010,09-19,동구 신천동 427-13,지상사유지,D15mm 계량기 보호통 교체,"881,800 ","785,000 ","96,800 ",0 ,"13,020 ","16,520 ","13,160 ","3,730 ","1,680 ","8,440 ","2,250","16,340",15.0,계량기보호통(실),계량기보호통,노후,,606.0,44-2,,,,,미등록,폐콘 0.1,2024-09-19,35.8764278,128.6301344
535,20240919-0015,09-19,동구 효목동 175-6,지하사유지,D15mm 계량기 보호통 교체,"885,320 ","789,000 ","96,320 ",0 ,"13,090 ","16,610 ","13,230 ","3,750 ","1,690 ","8,490 ","2,270","16,420",15.0,계량기보호통(실),계량기보호통,노후,"1,634.88",213.0,38,,0 ,0 ,0 ,미등록,폐콘0.1,2024-09-19,35.8812875,128.6447729
536,20240919-0052,09-19,동구 효목동 973-2,지하사유지,D15mm 계량기 보호통 교체,"678,080 ","582,000 ","96,080 ",0 ,"9,250 ","11,740 ","9,350 ","2,650 ","1,190 ","6,000 ","1,710","12,770",15.0,계량기보호통(실),계량기보호통,노후,"1,194.72",214.0,28,,0 ,0 ,0 ,미등록,,2024-09-19,35.8823981,128.6496258
537,20240919-0055,09-19,동구 신천동 485-13,지하공도,D20*15mm 분기점 누수수선,"1,136,620 ","1,133,000 ","3,620 ",0 ,"14,580 ","18,510 ","14,750 ","4,180 ","1,880 ","9,460 ","3,450","17,540",15.0,스텐레스관,직관,부식,"1,194.72",606.0,44-2,0.1,145 ,129 ,16 ,등록,폐아0.3,2024-09-19,35.8740339,128.6337586
538,20240919-0283,09-19,동구 미대동 253,지하공도,D25mm 직관부 누수수선,"1,577,540 ","1,456,000 ","121,540 ",0 ,"17,370 ","22,060 ","17,570 ","4,980 ","2,240 ","11,270 ","4,480","24,250",25.0,스텐레스관,이형관,노후,"3,018.24",201.0,300,0.2,290 ,258 ,32 ,등록,폐아 0.4,2024-09-19,35.9593742,128.6683015
539,20240919-0286,09-19,동구 효목동 185-26,지하사유지,D15mm 계량기 보호통 교체,"812,010 ","714,000 ","98,010 ",0 ,"11,530 ","14,630 ","11,650 ","3,300 ","1,490 ","7,480 ","2,060","15,140",15.0,계량기보호통(실),계량기보호통,노후,"1,194.72",213.0,38,,0 ,0 ,0 ,미등록,폐콘 0.1,2024-09-19,35.878777,128.6473877
540,20240920-0091,09-20,동구 불로동 1159-1,지하공도,D20mm 인입선 누수수선,"2,745,240 ","1,600,000 ","53,240 ","1,092,000 ","22,640 ","28,740 ","22,890 ","6,490 ","2,930 ","14,690 ","4,610","24,360",20.0,부분기대,부분기대,노후,"3,092.88",204.0,76,0.2,290 ,258 ,32 ,미등록,폐아0.9,2024-09-20,35.9126787,128.6400265
541,20240920-0173,09-20,동구 진인동 744,지상사유지,D15mm 계량기 보호통 교체,"1,288,840 ","1,186,000 ","102,840 ",0 ,"19,940 ","25,310 ","20,160 ","5,720 ","2,580 ","12,940 ","3,390","22,420",15.0,계량기보호통(실),계량기보호통,노후,,201.0,313,0.1,145 ,129 ,16 ,미등록,폐콘 0.2,2024-09-20,35.9515665,128.7088492
542,20240920-0401,09-20,동구 신암동 642-7,지상사유지,D15mm 계량기 보호통 교체,"928,600 ","833,000 ","95,600 ",0 ,"13,110 ","16,640 ","13,250 ","3,760 ","1,690 ","8,500 ","2,430","16,450",15.0,계량기보호통(실),계량기보호통,노후,,211.0,3,,,,,미등록,폐콘 0.1,2024-09-20,35.8872069,128.6188059
545,20240923-0384,09-23,동구 효목동 388-162,지상사유지,D15mm 계량기 보호통 교체,"1,002,560 ","906,000 ","96,560 ",0 ,"15,160 ","19,250 ","15,330 ","4,350 ","1,960 ","9,840 ","2,600","18,620",15.0,계량기보호통(실),계량기보호통,노후,,606.0,36,,,,,미등록,폐콘 0.1,2024-09-23,35.876754,128.6339013
547,20240924-0204,09-24,동구 신암동 613-15,지상공도,D40*15mm 구분기점 누수수선,"389,000 ","389,000 ",0 ,0 ,"4,190 ","5,320 ","4,230 ","1,200 ",540 ,"2,710 ","1,260","5,720",15.0,PFP관,이형관,노후,0,211.0,9,0.0,0 ,0 ,0 ,등록,,2024-09-24,35.8852655,128.6241224
548,20240924-0286,09-24,동구 지저동 694-20,지상공도,D80*50mm 구분기점 누수수선,"694,000 ","694,000 ",0 ,0 ,"9,730 ","12,360 ","9,840 ","2,790 ","1,260 ","6,310 ","2,130","9,430",50.0,아연도강관,이형관,노후,69.31,208.0,92,0.1,145 ,129 ,16 ,미등록,,2024-09-24,35.8961984,128.637212
549,20240924-0612,09-24,동구 신천동 328-2,지상사유지,D32mm 계량기실 누수수선,"407,000 ","407,000 ",0 ,0 ,"7,460 ","9,480 ","7,550 ","2,140 ",960 ,"4,840 ","1,120","6,330",32.0,계량기보호통(실),계량기보호실,노후,,222.0,33,0.1,145 ,129 ,16 ,미등록,폐콘 0.1,2024-09-24,35.8767384,128.6283767
550,20240925-0040,09-25,동구 검사동 1023-12,지하사유지,D15mm 계량기 보호통 교체,"923,040 ","826,000 ","97,040 ",0 ,"13,410 ","17,030 ","13,560 ","3,840 ","1,730 ","8,700 ","2,390","16,640",15.0,계량기보호통(실),연결부,노후,"1,703.52",210.0,111-1,,0 ,0 ,0 ,미등록,폐콘 0.1,2024-09-25,35.8879786,128.6474594
551,20240925-0045,09-25,동구 입석동 934-27,지하사유지,D15mm 계량기실 누수수선,"447,440 ","446,000 ","1,440 ",0 ,"5,710 ","7,250 ","5,780 ","1,640 ",730 ,"3,700 ","1,390","7,040",15.0,계량기보호통(실),계량기보호통,노후,"1,703.52",210.0,111-1,,0 ,0 ,0 ,미등록,,2024-09-25,35.8890165,128.6460379
553,20240925-0089,09-25,동구 방촌동 903-3,지상사유지,D15mm 계량기 보호통 교체,"1,014,080 ","918,000 ","96,080 ",0 ,"15,220 ","19,320 ","15,390 ","4,360 ","1,970 ","9,870 ","2,650","18,280",15.0,계량기보호통(실),연결부,노후,,228.0,125,0.1,145 ,129 ,16 ,미등록,폐콘 0.1,2024-09-25,35.8835321,128.6659417
554,20240926-0002,09-26,동구 덕곡동 294-1,지상사유지,D15mm 인입선 누수수선,"441,720 ","441,000 ",720 ,0 ,"6,280 ","7,970 ","6,350 ","1,800 ",810 ,"4,070 ","1,280","5,760",15.0,스텐레스관,직관,노후,,201.0,54,0.1,145 ,129 ,16 ,미등록,폐아 0.2,2024-09-26,35.9904792,128.6165502
555,20240926-0101,09-26,동구 효목동 601-3,지상사유지,D15mm 계량기실 누수수선,"143,000 ","143,000 ",0 ,0 ,"2,170 ","2,760 ","2,200 ",620 ,280 ,"1,410 ",430,"1,790",15.0,계량기보호통(실),계량기보호실,노후,,224.0,47,,,,,미등록,,2024-09-26,35.8788677,128.6425954
556,20240926-0111,09-26,동구 도학동 341-3,지상공도,D40mm 제수변 누수수선,"1,438,000 ","1,438,000 ",0 ,0 ,"17,390 ","22,070 ","17,580 ","4,980 ","2,250 ","11,280 ","4,400","18,110",40.0,변류,접합부,부식,0.43,201.0,311,0.2,290 ,258 ,32 ,등록,폐아0.5,2024-09-26,35.9692106,128.7003429
557,20240926-0291,09-26,동구 불로동 183,지상공도,D100mm 소화전 누수수선,"576,000 ","576,000 ",0 ,0 ,"7,670 ","9,740 ","7,750 ","2,200 ",990 ,"4,970 ","1,790","6,520",100.0,변류,접합부,노후,1.38,204.0,76,0.0,0 ,0 ,0 ,등록,,2024-09-26,35.9105368,128.6375184
558,20240926-0293,09-26,동구 불로동 434,지상공도,D100mm 소화전 누수수선,"826,000 ","576,000 ","250,000 ",0 ,"7,670 ","9,740 ","7,750 ","2,200 ",990 ,"4,970 ","1,750","13,690",100.0,변류,접합부,노후,1.38,204.0,76,0.0,0 ,0 ,0 ,등록,,2024-09-26,35.9102696,128.6393023
560,20240927-0257,09-27,동구 효목동 623-8,지상사유지,D15mm 계량기 보호통 교체,"961,600 ","866,000 ","95,600 ",0 ,"14,730 ","18,700 ","14,890 ","4,220 ","1,900 ","9,550 ","2,470","17,740",15.0,계량기보호통(실),연결부,노후,,224.0,47,0.1,145 ,129 ,16 ,미등록,폐콘 0.1,2024-09-27,35.8762024,128.6408998
561,20240929-0007,09-29,동구 효목동 189-20,지상사유지,D15mm 계량기 보호통 교체,"746,040 ","649,000 ","97,040 ",0 ,"10,380 ","13,180 ","10,500 ","2,970 ","1,340 ","6,730 ","1,880","13,880",15.0,계량기보호통(실),연결부,노후,,213.0,38,,,,,미등록,폐콘 0.1,2024-09-29,35.8796189,128.645686
562,20240930-0030,09-30,동구 검사동 1019-17,지하공도,D100mm 직관부 누수수선(클램프 설치),"3,091,000 ","2,828,000 ","263,000 ",0 ,"43,920 ","55,750 ","44,400 ","12,590 ","5,680 ","28,490 ","8,400","52,830",100.0,닥타일관,직관,노후,"18,083.52",210.0,111-1,0.7,"1,014 ",903 ,111 ,등록,,2024-09-30,35.8890882,128.6483897
563,20240930-0036,09-30,동구 숙천동 366-4,지하공도,D100mm 소화전 누수수선,"2,003,000 ","1,413,000 ","590,000 ",0 ,"26,170 ","33,220 ","26,460 ","7,500 ","3,380 ","16,980 ","3,910","39,160",100.0,변류,접합부,노후,"9,041.76",230.0,210,,0 ,0 ,0 ,등록,,2024-09-30,35.8846027,128.7491975
564,20240930-0082,09-30,동구 율하동 867-7,지상사유지,D15mm 계량기실 누수수선,"192,000 ","192,000 ",0 ,0 ,"2,170 ","2,760 ","2,200 ",620 ,280 ,"1,410 ",610,"1,790",15.0,계량기보호통(실),앵글밸브,노후,,233.0,250,,,,,미등록,,2024-09-30,35.8706339,128.7000062
566,20240930-0172,09-30,동구 부동 643-1,지상사유지,D25mm 인입선 누수수선,"340,170 ","330,000 ","10,170 ",0 ,"2,480 ","3,150 ","2,510 ",710 ,320 ,"1,610 ","1,120","5,760",25.0,스텐레스관,직관,노후,,225.0,105,,,,,미등록,,2024-09-30,35.8958074,128.6829108
567,20240930-0277,09-30,동구 용계동 202-1,지상사유지,D15mm 계량기 보호통 교체,"1,132,600 ","1,037,000 ","95,600 ",0 ,"17,140 ","21,760 ","17,330 ","4,910 ","2,210 ","11,120 ","3,000","19,950",15.0,계량기보호통(실),연결부,노후,,230.0,201,0.1,145 ,129 ,16 ,미등록,폐콘 0.1,2024-09-30,35.8805805,128.6929942
568,20240930-0528,09-30,동구 신천동 277-14,지상사유지,D15mm 계량기 보호통 교체,"1,021,560 ","925,000 ","96,560 ",0 ,"15,850 ","20,120 ","16,020 ","4,540 ","2,050 ","10,280 ","2,640","18,830",15.0,계량기보호통(실),연결부,노후,,221.0,41,0.1,145 ,129 ,16 ,미등록,폐콘 0.1,2024-09-30,35.8741925,128.6191677
570,20240930-0758,09-30,동구 신서동 637-16 일출회도매,지상사유지,D20mm 계량기 보호통 교체,"1,308,000 ","1,180,000 ","128,000 ",0 ,"17,060 ","21,650 ","17,240 ","4,890 ","2,200 ","11,060 ","3,510","21,530",20.0,계량기보호통(실),연결부,노후,,235.0,260-1,0.2,290 ,258 ,32 ,미등록,폐콘 0.2,2024-09-30,35.8716853,128.7233185
571,20240930-0787,09-30,동구 검사동 743-71,지하공도,D80*15mm 분기점 누수수선,"813,640 ","772,000 ","41,640 ",0 ,"11,060 ","14,040 ","11,180 ","3,170 ","1,430 ","7,170 ","2,350","11,810",15.0,부분기대,부분기대,노후,"1,179.36",210.0,108-1,,0 ,0 ,0 ,등록,,2024-09-30,35.8872838,128.6602198
405,20240801-0465,08-01,동구 송정동 195-1 동고동락,지하공도,D80*25mm 분기점 누수수선 & 철개입상 & 아스팔트 재포장,"8,979,000 ","8,979,000 ",0 ,0 ,"129,650 ","164,580 ","131,090 ","37,190 ","16,780 ","84,120 ","25,810","140,180",25.0,HIVP,이형관,노후,"1,942.56",201.0,54,1.7,"2,463 ","2,193 ",270 ,등록,"폐콘 7.1 , 폐아 4.4",2024-08-01,35.9837866,128.623201
413,20240805-0302,08-05,동구 봉무동 1513-3,지상공도,D150mm 접합부 누수수선,"4,596,000 ","3,826,000 ","770,000 ",0 ,"61,650 ","78,260 ","62,330 ","17,680 ","7,980 ","40,000 ","11,200","80,110",150.0,HIVP,이형관,노후,23,202.0,64,0.1,145 ,129 ,16 ,등록,,2024-08-05,35.9282033,128.635651
437,20240812-0081,08-12,동구 신기동 270-7,지하공도,D40*15mm 분기점 누수수선,"628,000 ","628,000 ",0 ,0 ,"9,960 ","12,640 ","10,070 ","2,850 ","1,280 ","6,460 ","1,860","9,720",15.0,부분기대,부분기대,노후,806.4,233.0,251,,0 ,0 ,0 ,등록,,2024-08-12,35.8699434,128.7039496
458,20240820-0056,08-20,동구 불로동 865-1,기타,아스팔트 재포장,"4,087,000 ","4,087,000 ",0 ,0 ,"57,770 ","73,330 ","58,410 ","16,570 ","7,480 ","37,480 ","9,880","51,410",,,,,,207.0,83,1.4,"2,029 ","1,806 ",223 ,미등록,폐콘 22.8,2024-08-20,35.9060976,128.6318763
546,20240924-0015,09-24,동구 매여동 42-5,지상공도,D80mm 공기밸브 누수수선,"915,000 ","474,000 ","441,000 ",0 ,"3,970 ","5,040 ","4,020 ","1,140 ",510 ,"2,580 ","1,530","16,510",80.0,변류,접합부,노후,1.18,230.0,201,0.0,0 ,0 ,0 ,등록,,2024-09-24,35.9168079,128.7269024
559,20240926-0850,09-26,동구 신암동 1186-2,지상공도,D200mm 접합부 누수수선,"2,083,000 ","2,083,000 ",0 ,0 ,"35,500 ","45,070 ","35,900 ","10,180 ","4,590 ","23,030 ","6,060","38,100",200.0,닥타일관,이형관,노후,12.6,216.0,16-2,0.0,0 ,0 ,0 ,등록,,2024-09-26,35.8801302,128.6113159
572,20241001-0037,10-01,동구 입석동 930-114,지상사유지,D15mm 계량기 보호통 교체,"917,010 ","819,000 ","98,010 ",0 ,"13,130 ","16,670 ","13,270 ","3,760 ","1,700 ","8,520 ","2,380","16,580",15.0,계량기보호통(실),연결부,노후,,210.0,111-1,0.1,145 ,129 ,16 ,미등록,폐콘 0.1,2024-10-01,35.8896292,128.6468794
573,20241001-0086,10-01,동구 신암동 797-10,지상사유지,D15mm 계량기 보호통 교체,"922,040 ","825,000 ","97,040 ",0 ,"13,810 ","17,530 ","13,970 ","3,960 ","1,780 ","8,960 ","2,360","17,080",15.0,계량기보호통(실),연결부,노후,,211.0,6,0.1,145 ,129 ,16 ,미등록,폐콘 0.1,2024-10-01,35.8818989,128.6158511
574,20241002-0005,10-02,동구 중대동 280,지하공도,STS D25mm 직관부 누수수선,"767,100 ","761,000 ","6,100 ",0 ,"6,400 ","8,120 ","6,470 ","1,830 ",820 ,"4,150 ","2,460","9,010",25.0,스텐레스관,직관,부식,"1,254",201.0,54,0.1,145 ,129 ,16 ,등록,폐아 0.3,2024-10-02,35.9770504,128.6363857
575,20241002-0257,10-02,동구 방촌동 867-2,지상사유지,D15mm 계량기 보호통 교체,"856,010 ","758,000 ","98,010 ",0 ,"11,880 ","15,080 ","12,010 ","3,400 ","1,530 ","7,710 ","2,210","15,490",15.0,계량기보호통(실),연결부,노후,,227.0,138,,,,,미등록,폐콘 0.1,2024-10-02,35.8816331,128.6687418
576,20241002-0379,10-02,동구 신기동 64,지상사유지,D15mm 계량기 보호통 교체,"866,320 ","770,000 ","96,320 ",0 ,"11,810 ","15,000 ","11,940 ","3,380 ","1,520 ","7,660 ","2,260","15,150",15.0,계량기보호통(실),연결부,노후,,233.0,251,0.1,145 ,129 ,16 ,미등록,폐콘 0.1,2024-10-02,35.8707155,128.707145
577,20241002-0434,10-02,동구 효목동 364-23,지상사유지,D15mm 계량기 보호통 교체,"901,040 ","804,000 ","97,040 ",0 ,"13,340 ","16,930 ","13,480 ","3,820 ","1,720 ","8,650 ","2,310","16,700",15.0,계량기보호통(실),연결부,노후,,223.0,37,0.1,145 ,129 ,16 ,미등록,폐콘 0.1,2024-10-02,35.8787954,128.6390388
578,20241002-0501,10-02,동구 검사동 756-96,지하공도,D80mm 제수밸브 누수수선,"1,006,000 ","1,006,000 ",0 ,0 ,"11,780 ","14,960 ","11,910 ","3,380 ","1,520 ","7,640 ","3,110","12,410",80.0,변류,접합부,노후,0,210.0,108-1,0.2,290 ,258 ,32 ,등록,폐아 0.3,2024-10-02,35.8857877,128.6577442
579,20241002-0502,10-02,동구 검사동 950-49,지하공도,D80mm 제수밸브 누수수선,"1,045,000 ","1,045,000 ",0 ,0 ,"12,360 ","15,690 ","12,500 ","3,540 ","1,600 ","8,020 ","3,230","13,010",80.0,변류,접합부,노후,0,210.0,108-1,0.2,290 ,258 ,32 ,등록,폐아 0.3,2024-10-02,35.88596,128.657457
580,20241004-0120,10-04,동구 중대동 576-1,지하사유지,STS D15mm 인입선 누수수선,"593,000 ","593,000 ",0 ,0 ,"7,510 ","9,540 ","7,600 ","2,150 ",970 ,"4,870 ","1,860","8,960",15.0,스텐레스관,이형관,노후,997.2,201.0,54,,0 ,0 ,0 ,미등록,,2024-10-04,35.9789659,128.6343575
581,20241004-0121,10-04,동구 덕곡동 25-2,지하사유지,HIVP D15mm 인입선 누수수선,"589,000 ","589,000 ",0 ,0 ,"8,020 ","10,190 ","8,110 ","2,300 ","1,030 ","5,200 ","1,820","9,100",15.0,기타,기타,노후,997.2,201.0,54,,0 ,0 ,0 ,미등록,,2024-10-04,35.9957327,128.6167355
582,20241004-0123,10-04,동구 입석동 922-3,지하사유지,D25mm 계량기 보호통 교체,"1,189,080 ","1,026,000 ","163,080 ",0 ,"16,630 ","21,110 ","16,810 ","4,770 ","2,150 ","10,790 ","2,940","21,960",25.0,계량기보호통(실),계량기보호통,노후,"2,526.24",210.0,108-1,0.1,145 ,129 ,16 ,미등록,폐콘0.2,2024-10-04,35.8896141,128.6500624
583,20241004-0125,10-04,동구 입석동 932-89,지하사유지,D15mm 계량기 보호통 교체,"949,320 ","853,000 ","96,320 ",0 ,"13,750 ","17,450 ","13,900 ","3,940 ","1,780 ","8,920 ","2,480","17,180",15.0,계량기보호통(실),계량기보호통,노후,"1,728.48",210.0,108-1,0.1,145 ,129 ,16 ,미등록,폐콘0.1,2024-10-04,35.891435,128.6475412
584,20241004-0126,10-04,동구 검사동 907-23,지하사유지,D15mm 계량기 보호통 교체,"804,010 ","706,000 ","98,010 ",0 ,"10,760 ","13,660 ","10,880 ","3,080 ","1,390 ","6,980 ","2,100","14,750",15.0,계량기보호통(실),계량기보호통,노후,"1,728.48",210.0,108-1,,0 ,0 ,0 ,미등록,,2024-10-04,35.8901331,128.6528773
585,20241004-0131,10-04,동구 신천동 371-4,지상사유지,D15mm 계량기 보호통 교체,"843,600 ","748,000 ","95,600 ",0 ,"12,370 ","15,710 ","12,510 ","3,550 ","1,600 ","8,030 ","2,150","15,610",15.0,계량기보호통(실),연결부,노후,,222.0,34,,,,,미등록,폐콘 0.1,2024-10-04,35.8728904,128.6292856
586,20241004-0151,10-04,동구 덕곡동 116 밥을짓다,지하사유지,HIVP D20mm 인입선 누수수선,"523,000 ","523,000 ",0 ,0 ,"6,620 ","8,400 ","6,690 ","1,890 ",850 ,"4,290 ","1,640","8,230",20.0,스텐레스관,이형관,노후,864.24,201.0,54,,0 ,0 ,0 ,미등록,,2024-10-04,35.9942127,128.6148954
587,20241004-0214,10-04,동구 신천동 66-3,지상사유지,STS D25mm 인입선 누수수선,"377,260 ","362,000 ","15,260 ",0 ,"4,040 ","5,130 ","4,080 ","1,150 ",520 ,"2,620 ","1,160","7,040",25.0,스텐레스관,이형관,노후,,219.0,30,,,,,미등록,,2024-10-04,35.8773551,128.6263006
588,20241004-0559,10-04,동구 덕곡동 121,지상공도,D40mm 제수밸브 누수수선,"1,272,000 ","1,272,000 ",0 ,0 ,"14,740 ","18,710 ","14,900 ","4,220 ","1,900 ","9,560 ","3,940","15,620",40.0,변류,접합부,노후,1.08,201.0,54,0.2,290 ,258 ,32 ,등록,폐아 0.4,2024-10-04,35.9946193,128.6150224
589,20241005-0002,10-05,동구 신암동 225-53,기타,"출장비(N=7, 589, 616, 628, 641, 654, 656, 663)","384,000 ","384,000 ",0 ,0 ,0 ,0 ,0 ,0 ,0 ,0 ,"1,460",0,,,,,,217.0,18,,0 ,0 ,0 ,미등록,,2024-10-05,35.8812638,128.6232244
590,20241005-0042,10-05,동구 도동 160,지상사유지,D15mm 계량기 보호통 교체,"1,036,600 ","941,000 ","95,600 ",0 ,"15,710 ","19,950 ","15,890 ","4,500 ","2,030 ","10,190 ","2,710","18,660",15.0,계량기보호통(실),연결부,노후,,205.0,80,0.1,145 ,129 ,16 ,미등록,폐콘 0.1,2024-10-05,35.9117839,128.6517322
591,20241005-0046,10-05,동구 용계동 437-30,지상사유지,D15mm 계량기 보호통 교체,"1,014,320 ","918,000 ","96,320 ",0 ,"14,720 ","18,690 ","14,880 ","4,220 ","1,900 ","9,550 ","2,670","17,850",15.0,계량기보호통(실),연결부,노후,,227.0,138,,,,,미등록,폐콘 0.1,2024-10-05,35.8761059,128.6757057
592,20241007-0151,10-07,동구 방촌동 690-39,지하공도,STS D25*15mm 분기점 누수수선,"598,000 ","598,000 ",0 ,0 ,"7,750 ","9,840 ","7,830 ","2,220 ","1,000 ","5,020 ","1,870","10,090",15.0,스텐레스관,이형관,노후,"1,276.8",210.0,108-1,,0 ,0 ,0 ,등록,,2024-10-07,35.8880479,128.662028
593,20241007-0155,10-07,동구 방촌동 690-111,지하공도,D80mm 제수밸브 누수수선,"1,622,000 ","1,622,000 ",0 ,0 ,"21,970 ","27,900 ","22,220 ","6,300 ","2,840 ","14,260 ","4,830","22,960",80.0,변류,접합부,노후,"2,889.6",210.0,108-1,0.3,435 ,387 ,48 ,등록,폐아 0.6,2024-10-07,35.8868054,128.6620306
594,20241007-0188,10-07,동구 각산동 187-4,지상공도,D80*15mm 분기점 누수수선,"1,414,920 ","1,374,000 ","40,920 ",0 ,"17,760 ","22,540 ","17,950 ","5,090 ","2,290 ","11,520 ","4,160","18,890",15.0,닥타일관,이형관,노후,0.15,,234,0.2,290 ,258 ,32 ,등록,폐아 0.4,2024-10-07,35.8753831,128.7197527
595,20241007-0196,10-07,동구 신천동 32-12,지상사유지,D15mm 계량기 보호통 교체,"887,800 ","791,000 ","96,800 ",0 ,"13,120 ","16,650 ","13,260 ","3,760 ","1,690 ","8,510 ","2,270","16,470",15.0,계량기보호통(실),연결부,노후,,219.0,30,0.1,145 ,129 ,16 ,미등록,폐콘 0.1,2024-10-07,35.8766638,128.6212728
596,20241007-0453,10-07,동구 방촌동 1091-15,지하사유지,D15mm 계량기 보호통 교체,"902,010 ","804,000 ","98,010 ",0 ,"12,780 ","16,220 ","12,920 ","3,660 ","1,650 ","8,290 ","2,340","16,340",15.0,계량기보호통(실),계량기보호통,노후,"1,008",227.0,138,,0 ,0 ,0 ,미등록,폐콘0.1,2024-10-07,35.8801879,128.6668985
602,20241008-0061,10-08,동구 불로동 1026-10,지상사유지,D15mm 계량기 보호통 교체,"1,121,600 ","1,026,000 ","95,600 ",0 ,"17,540 ","22,260 ","17,730 ","5,030 ","2,270 ","11,380 ","2,930","20,160",15.0,계량기보호통(실),연결부,노후,,208.0,99,,,,,미등록,폐콘 0.1,2024-10-08,35.8961591,128.6332738
603,20241008-0119,10-08,동구 검사동 950-32,지상사유지,D15mm 계량기 보호통 교체,"912,600 ","817,000 ","95,600 ",0 ,"13,190 ","16,750 ","13,340 ","3,780 ","1,700 ","8,560 ","2,370","16,450",15.0,계량기보호통(실),연결부,노후,,210.0,108-1,0.0,0 ,0 ,0 ,미등록,폐콘 0.1,2024-10-08,35.8854827,128.6571203
604,20241008-0453,10-08,동구 내곡동 127-2,지상사유지,D15mm 계량기 보호통 교체,"850,600 ","755,000 ","95,600 ",0 ,"11,670 ","14,810 ","11,800 ","3,340 ","1,510 ","7,570 ","2,210","14,810",15.0,계량기보호통(실),연결부,노후,,236.0,211,,,,,미등록,폐콘 0.1,2024-10-08,35.8880701,128.7591232
605,20241010-0101,10-10,동구 신평동 599-1,지하공도,D100*25mm 분기점 누수수선,"2,355,000 ","2,355,000 ",0 ,0 ,"33,910 ","43,050 ","34,280 ","9,720 ","4,390 ","22,000 ","6,960","36,280",25.0,부분기대,부분기대,노후,"4,346.88",226.0,224-1,0.3,435 ,387 ,48 ,등록,폐아 0.7,2024-10-10,35.8779678,128.6836819
606,20241010-0102,10-10,동구 방촌동 857-126,지하공도,D40*15mm 분기점 누수수선,"2,267,000 ","2,267,000 ",0 ,0 ,"31,100 ","39,480 ","31,440 ","8,920 ","4,020 ","20,180 ","6,770","36,820",15.0,PFP관,이형관,노후,"5,365.68",226.0,133,0.3,435 ,387 ,48 ,등록,폐아 0.7,2024-10-10,35.8797121,128.6714897
607,20241010-0104,10-10,동구 방촌동 974-4,지하공도,STS D50*15mm 분기점 누수수선,"2,232,000 ","2,232,000 ",0 ,0 ,"31,280 ","39,710 ","31,620 ","8,970 ","4,050 ","20,290 ","6,600","33,640",15.0,스텐레스관,직관,노후,"5,365.68",228.0,123-2,0.3,435 ,387 ,48 ,등록,폐아 0.8,2024-10-10,35.8861987,128.6618945
608,20241010-0105,10-10,동구 방촌동 931-11,지하사유지,D15mm 계량기 보호통 교체,"947,560 ","851,000 ","96,560 ",0 ,"13,720 ","17,410 ","13,870 ","3,930 ","1,770 ","8,900 ","2,470","17,150",15.0,계량기보호통(실),계량기보호통,노후,"1,018.8",228.0,125,,0 ,0 ,0 ,미등록,폐콘 0.1,2024-10-10,35.8843666,128.6652181
609,20241010-0107,10-10,동구 방촌동 925-74,지하공도,D80mm 제수변 누수수선,"1,165,000 ","1,165,000 ",0 ,0 ,"14,620 ","18,560 ","14,780 ","4,190 ","1,890 ","9,480 ","3,540","15,280",80.0,변류,접합부,노후,"2,920.56",228.0,125,0.2,290 ,258 ,32 ,미등록,폐아 0.4,2024-10-10,35.8834419,128.6642596
610,20241010-0152,10-10,동구 효목동 161-16,지하공도,D80mm 제수변 누수수선,"1,488,000 ","1,369,000 ","119,000 ",0 ,"18,160 ","23,050 ","18,360 ","5,210 ","2,350 ","11,780 ","4,100","22,290",80.0,변류,접합부,노후,"2,920.56",213.0,38,0.2,290 ,258 ,32 ,등록,폐아 0.5,2024-10-10,35.8800496,128.6439255
611,20241010-0189,10-10,동구 효목동 183-17,지하공도,D40*15mm 분기점 누수수선,"709,000 ","709,000 ",0 ,0 ,"10,270 ","13,040 ","10,390 ","2,940 ","1,320 ","6,660 ","2,090","10,640",15.0,스텐레스관,이형관,노후,"1,290.48",213.0,38,0.2,290 ,258 ,32 ,등록,폐콘 0.2,2024-10-10,35.8795757,128.6467791
658,20241029-0585,10-29,동구 지저동 694-23,노후관교체공사,노후배수관 교체공사(STS D50mm L=66m),"12,998,510 ","11,799,000 ","1,199,510 ",0 ,"194,890 ","247,400 ","197,050 ","55,900 ","25,230 ","126,440 ","34,400","231,700",,,,,,208.0,92,1.1,"1,594 ","1,419 ",175 ,미등록,폐아 0.2,2024-10-29,35.896268,128.6368778
227,20240528-0111,05-28,동구 괴전동 161-2,지상공도,DTC D150*15mm 분기점 누수수선,"397,000 ","397,000 ",0 ,0 ,"4,870 ","6,190 ","4,930 ","1,390 ",630 ,"3,160 ","1,250","5,960",15.0,부분기대,부분기대,노후,0.25,236.0,237-2,0.0,0 ,0 ,0 ,등록,,2024-05-28,35.8710043,128.7339839
257,20240604-0366,06-04,동구 사복동 163-8 펜지농원,지상사유지,STS D15mm 인입선 누수수선,"346,000 ","346,000 ",0 ,0 ,"2,730 ","3,470 ","2,760 ",780 ,350 ,"1,770 ","1,170","5,430",15.0,스텐레스관,직관,노후,,236.0,242,0.0,0 ,0 ,0 ,미등록,,2024-06-04,35.8748194,128.7553575
264,20240610-0168,06-10,동구 신서동 564,지하공도,D300mm 제수밸브 누수수선,"8,999,000 ","7,369,000 ","1,378,000 ","252,000 ","120,580 ","153,060 ","121,910 ","34,580 ","15,610 ","78,230 ","21,500","149,870",300.0,변류,접합부,노후,0,237.0,284-2,,0 ,0 ,0 ,등록,,2024-06-10,35.8650895,128.7336782
282,20240614-0031,06-14,동구 신암동 228-2,지하공도,D25mm 직관부 누수수선,"1,986,000 ","1,986,000 ",0 ,0 ,"27,370 ","34,750 ","27,680 ","7,850 ","3,540 ","17,760 ","5,870","30,320",25.0,아연도강관,직관,노후,"1,513.92",217.0,18,0.6,869 ,774 ,95 ,등록,폐아 0.8,2024-06-14,35.8807669,128.6207981
283,20240614-0032,06-14,동구 신암동 209-11,지하사유지,D15mm 계량기 보호통 교체,"999,600 ","904,000 ","95,600 ",0 ,"15,270 ","19,390 ","15,440 ","4,380 ","1,970 ","9,910 ","2,560","18,290",15.0,계량기보호통(실),연결부,노후,"1,035.84",217.0,18,,0 ,0 ,0 ,미등록,폐콘 0.2,2024-06-14,35.8797559,128.6200298
352,20240711-0120,07-11,동구 미대동 746-1,지상공도,STS D25mm 직관부 누수수선(D25mm L=36m 교체),"10,626,160 ","10,443,000 ","183,160 ",0 ,"138,480 ","175,790 ","140,010 ","39,720 ","17,930 ","89,840 ","32,020","201,700",25.0,스텐레스관,직관,노후,12.12,201.0,301,0.0,0 ,0 ,0 ,미등록,"폐콘 0.1, 폐아 1.2",2024-07-11,35.9486169,128.6647221
597,20241007-0496,10-07,동구 신서동 637-4,배수관망유지수선,단선화 작업(D80*15mm -> D200*15mm),"4,046,290 ","2,717,000 ","83,290 ","1,246,000 ","28,610 ","36,320 ","28,930 ","8,200 ","3,700 ","18,560 ","8,270","29,560",,,,,,235.0,260-1,0.2,290 ,258 ,32 ,미등록,"폐콘 2.5, 폐아 1.7",2024-10-07,35.8711428,128.7233587
598,20241007-0497,10-07,동구 신서동 637-11,배수관망유지수선,단선화 작업(D80*20mm -> D200*20mm),"3,020,570 ","1,655,000 ","119,570 ","1,246,000 ","28,100 ","35,670 ","28,410 ","8,060 ","3,630 ","18,230 ","4,240","29,950",,,,,,235.0,260-1,0.2,290 ,258 ,32 ,미등록,"폐콘 2.5, 폐아 1.7",2024-10-07,35.8714407,128.7231944
599,20241007-0498,10-07,동구 신서동 637-13,배수관망유지수선,단선화 작업(D80*20mm -> D200*20mm),"3,095,910 ","1,748,000 ","101,910 ","1,246,000 ","29,710 ","37,710 ","30,040 ","8,520 ","3,840 ","19,270 ","4,510","31,240",,,,,,235.0,260-1,0.2,290 ,258 ,32 ,미등록,"폐콘 2.5, 폐아 1.7",2024-10-07,35.8709483,128.7233323
600,20241007-0500,10-07,동구 신서동 637-18,배수관망유지수선,단선화 작업(D80*15mm -> D200*15mm),"2,971,290 ","1,642,000 ","83,290 ","1,246,000 ","27,590 ","35,020 ","27,890 ","7,910 ","3,570 ","17,900 ","4,220","28,800",,,,,,235.0,260-1,0.2,290 ,258 ,32 ,미등록,"폐콘 2.5, 폐아 1.7",2024-10-07,35.8713103,128.7229864
601,20241007-0501,10-07,동구 신서동 637-19,배수관망유지수선,단선화 작업(D80*15mm -> D200*15mm),"2,951,290 ","1,622,000 ","83,290 ","1,246,000 ","27,260 ","34,600 ","27,560 ","7,820 ","3,530 ","17,680 ","4,160","28,410",,,,,,235.0,260-1,0.2,290 ,258 ,32 ,미등록,"폐콘 2.5, 폐아 1.7",2024-10-07,35.8711167,128.7229678
681,20241111-0086,11-11,동구 신천동 483-18,노후관교체공사,"노후배수관 교체공사(STS D32mm L=34m,STS D25mm L=18m)","9,140,430 ","8,785,000 ","355,430 ",0 ,"148,340 ","188,300 ","149,980 ","42,550 ","19,210 ","96,240 ","25,550","162,430",,,,,,606.0,44-2,1.5,"2,174 ","1,935 ",239 ,미등록,,2024-11-11,35.8739618,128.6342652
425,20240807-0248,08-07,동구 둔산동 380,지상공도,STS D15mm 인입선 누수수선,"2,391,600 ","1,585,000 ","95,600 ","711,000 ","24,220 ","30,740 ","24,480 ","6,940 ","3,130 ","15,710 ","4,650","28,610",15.0,스텐레스관,이형관,노후,0.19,225.0,96,0.2,290 ,258 ,32 ,등록,폐콘 0.3,2024-08-07,35.9073501,128.6869808
612,20241011-0073,10-11,동구 방촌동 1010-29,지하공도,D80*15mm 분기점 누수수선,"1,511,000 ","1,511,000 ",0 ,0 ,"20,220 ","25,670 ","20,440 ","5,800 ","2,610 ","13,120 ","4,560","21,380",15.0,부분기대,부분기대,노후,"1,295.04",228.0,123-2,0.2,290 ,258 ,32 ,등록,폐아 0.4,2024-10-11,35.8838321,128.6600551
613,20241011-0076,10-11,동구 방촌동 993-19,지하사유지,D15mm 계량기 보호통 교체,"1,117,560 ","1,021,000 ","96,560 ",0 ,"17,070 ","21,670 ","17,260 ","4,890 ","2,210 ","11,080 ","2,910","20,000",15.0,계량기보호통(실),연결부,노후,"1,295.04",228.0,123-2,,0 ,0 ,0 ,미등록,폐콘 0.2,2024-10-11,35.8837342,128.6631457
614,20241011-0077,10-11,동구 신평동 785-6 주964-4451,지하공도,DTC 200*15mm 분기점 누수수선,"1,867,150 ","1,094,000 ","62,150 ","711,000 ","16,030 ","20,350 ","16,210 ","4,600 ","2,070 ","10,400 ","3,180","17,570",15.0,부분기대,부분기대,노후,"1,976.64",227.0,138,0.1,145 ,129 ,16 ,등록,폐아 0.4,2024-10-11,35.8779313,128.6751931
615,20241011-0102,10-11,동구 신암동 593-1,지상사유지,D15mm 계량기 보호통 교체,"946,320 ","850,000 ","96,320 ",0 ,"14,360 ","18,230 ","14,520 ","4,120 ","1,850 ","9,310 ","2,460","17,590",15.0,계량기보호통(실),계량기보호통,노후,,211.0,8,,,,,미등록,,2024-10-11,35.8823316,128.6187455
617,20241014-0108,10-14,동구 신암동 363-5,지상사유지,D40mm 계량기 보호통 교체,"1,271,000 ","953,000 ","318,000 ",0 ,"18,080 ","22,950 ","18,280 ","5,180 ","2,340 ","11,730 ","2,560","24,930",40.0,계량기보호통(실),계량기보호통,노후,,218.0,22,0.1,145 ,129 ,16 ,미등록,폐콘 0.2,2024-10-14,35.8839534,128.6337991
618,20241014-0111,10-14,동구 지저동 719-7,지상사유지,D15mm 계량기 보호통 교체,"965,600 ","870,000 ","95,600 ",0 ,"14,270 ","18,110 ","14,420 ","4,090 ","1,840 ","9,250 ","2,510","17,400",15.0,계량기보호통(실),계량기보호통,노후,,208.0,99,,,,,미등록,폐콘 0.1,2024-10-14,35.895304,128.6361262
619,20241015-0050,10-15,동구 신기동 183-2,지상사유지,D15mm 계량기실 누수수선,"231,000 ","231,000 ",0 ,0 ,"2,620 ","3,330 ","2,650 ",750 ,330 ,"1,700 ",740,"2,600",15.0,계량기보호통(실),계량기보호실,노후,,233.0,251,0.0,0 ,0 ,0 ,미등록,,2024-10-15,35.8720152,128.7040471
620,20241015-0120,10-15,동구 신서동 585,미누수,현장 확인 결과 미누수,"430,000 ","430,000 ",0 ,0 ,"5,300 ","6,730 ","5,360 ","1,520 ",680 ,"3,440 ","1,350","4,370",,,,,,237.0,284-1,,,,,미등록,,2024-10-15,35.8642087,128.7339645
621,20241015-0121,10-15,동구 신서동 637-1,배수관망유지수선,D80mm 단선화 작업으로 인한 폐관,"1,457,000 ","1,457,000 ",0 ,0 ,"18,770 ","23,830 ","18,980 ","5,380 ","2,430 ","12,180 ","4,430","20,320",,,,,,235.0,260-1,0.2,290 ,258 ,32 ,미등록,폐아 0.4,2024-10-15,35.8716906,128.7230071
622,20241015-0122,10-15,동구 검사동 1019-17,미누수,확인 터파기 결과 미누수,"640,000 ","640,000 ",0 ,0 ,"10,420 ","13,230 ","10,530 ","2,990 ","1,340 ","6,760 ","1,880","9,940",,,,,,210.0,111-1,0.1,145 ,129 ,16 ,미등록,,2024-10-15,35.8890882,128.6483897
623,20241015-0341,10-15,동구 백안동 62,지상공도,SPOL D50*15mm 분기점 누수수선,"1,158,000 ","1,158,000 ",0 ,0 ,"14,930 ","18,960 ","15,100 ","4,280 ","1,930 ","9,690 ","3,460","16,990",15.0,SPOL(폴리에틸렌피복스테인리스강관),이형관,노후,0.39,201.0,313,0.2,290 ,258 ,32 ,등록,폐아 0.5,2024-10-15,35.9495311,128.7037714
624,20241016-0020,10-16,동구 검사동 990-96,지하사유지,STS D15mm 인입선 누수수선,"769,000 ","769,000 ",0 ,0 ,"9,580 ","12,170 ","9,690 ","2,750 ","1,240 ","6,220 ","2,420","11,300",15.0,스텐레스관,이형관,노후,"1,317.84",210.0,111-1,0.1,145 ,129 ,16 ,미등록,,2024-10-16,35.8875138,128.650252
625,20241016-0284,10-16,동구 신암동 780-11,지상사유지,D15mm 계량기 보호통 교체,"941,080 ","845,000 ","96,080 ",0 ,"14,270 ","18,110 ","14,420 ","4,090 ","1,840 ","9,250 ","2,420","17,390",15.0,계량기보호통(실),계량기보호통,노후,,211.0,6,,,,,미등록,폐콘 0.1,2024-10-16,35.8839097,128.6160708
626,20241016-0321,10-16,동구 백안동 62-4,지상공도,SPOL D50mm 접합부 누수수선,"1,158,000 ","1,158,000 ",0 ,0 ,"15,360 ","19,490 ","15,530 ","4,400 ","1,980 ","9,960 ","3,410","16,720",50.0,SPOL(폴리에틸렌피복스테인리스강관),이형관,노후,34.65,201.0,313,0.2,290 ,258 ,32 ,등록,폐아 0.6,2024-10-16,35.9493244,128.7039272
627,20241017-0048,10-17,동구 검사동 768-9,지하공도,DTC D80*15mm 분기점 누수수선,"1,477,920 ","1,437,000 ","40,920 ",0 ,"20,060 ","25,460 ","20,280 ","5,750 ","2,590 ","13,010 ","4,280","21,230",15.0,부분기대,부분기대,노후,"1,809.6",210.0,108-1,0.2,290 ,258 ,32 ,등록,폐아 0.4,2024-10-17,35.8879405,128.6601075
629,20241018-0046,10-18,동구 불로동 1023-5,지상사유지,D20mm 계량기 보호통 교체,"1,282,000 ","1,154,000 ","128,000 ",0 ,"19,490 ","24,740 ","19,700 ","5,590 ","2,520 ","12,640 ","3,280","23,390",20.0,계량기보호통(실),계량기보호통,노후,,208.0,99,0.1,145 ,129 ,16 ,미등록,폐콘 0.2,2024-10-18,35.8965992,128.6332383
630,20241018-0084,10-18,동구 효목동 48-58,지하사유지,D15mm 계량기 보호통 교체,"881,320 ","785,000 ","96,320 ",0 ,"13,020 ","16,520 ","13,160 ","3,730 ","1,680 ","8,440 ","2,250","16,330",15.0,계량기보호통(실),계량기보호통,노후,"1,326.96",213.0,24,,0 ,0 ,0 ,미등록,폐콘 0.1,2024-10-18,35.8822202,128.638606
631,20241018-0085,10-18,동구 방촌동 36-5 배드민턴센터,지하공도,D50mm 제수변 누수수선,"987,000 ","987,000 ",0 ,0 ,"11,930 ","15,150 ","12,070 ","3,420 ","1,540 ","7,740 ","3,030","12,690",50.0,변류,본체,노후,0,226.0,109,0.2,290 ,258 ,32 ,등록,폐아 0.3,2024-10-18,35.8946628,128.6770626
632,20241018-0163,10-18,동구 불로동 1005,지상사유지,D50mm 계량기실 누수수선,"1,275,000 ","1,275,000 ",0 ,0 ,"16,170 ","20,520 ","16,350 ","4,630 ","2,090 ","10,490 ","4,000","24,050",50.0,계량기보호통(실),계량기보호실,접합부이완,,208.0,92,,,,,미등록,,2024-10-18,35.8986189,128.6339751
633,20241018-0395,10-18,동구 입석동 922-3 101호,지상사유지,D15mm 계량기실 누수수선,"437,000 ","437,000 ",0 ,0 ,"6,530 ","8,290 ","6,600 ","1,870 ",840 ,"4,240 ","1,320","5,380",15.0,계량기보호통(실),계량기보호실,노후,,210.0,108-1,0.0,0 ,0 ,0 ,미등록,,2024-10-18,35.8896141,128.6500624
634,20241019-0024,10-19,동구 백안동 62-4,지상공도,SPOL D50*15mm 분기점 누수수선,"3,852,000 ","3,852,000 ",0 ,0 ,"59,620 ","75,680 ","60,280 ","17,100 ","7,720 ","38,680 ","11,360","62,880",15.0,SPOL(폴리에틸렌피복스테인리스강관),이형관,노후,0.39,201.0,313,0.5,725 ,645 ,80 ,등록,폐아 0.5,2024-10-19,35.9493244,128.7039272
635,20241021-0206,10-21,동구 입석동 932-100,지상사유지,D15mm 계량기실 누수수선,"489,000 ","489,000 ",0 ,0 ,"8,280 ","10,510 ","8,370 ","2,370 ","1,070 ","5,370 ","1,390","7,210",15.0,계량기보호통(실),계량기보호실,노후,,210.0,108-1,,,,,미등록,폐콘 0.1,2024-10-21,35.8912088,128.6472645
636,20241021-0254,10-21,동구 방촌동 858-9,시설물수선,중구역 유량계 압력계 교체,"265,000 ","265,000 ",0 ,0 ,"1,380 ","1,760 ","1,400 ",390 ,170 ,900 ,930,"3,050",,,,,,228.0,132,,0 ,0 ,0 ,미등록,,2024-10-21,35.8800417,128.6690738
637,20241021-0270,10-21,동구 용계동 419-3,지상사유지,D15mm 계량기 보호통 교체,"952,010 ","854,000 ","98,010 ",0 ,"13,400 ","17,020 ","13,550 ","3,840 ","1,730 ","8,690 ","2,490","16,730",15.0,계량기보호통(실),계량기보호통,노후,,227.0,138,,,,,미등록,폐콘 0.1,2024-10-21,35.8774238,128.676795
638,20241021-0323,10-21,동구 둔산동 1024,지하공도,STS D25mm 접합부 누수수선,"681,000 ","681,000 ",0 ,0 ,"7,360 ","9,340 ","7,440 ","2,110 ",950 ,"4,770 ","2,140","9,700",25.0,스텐레스관,이형관,노후,0,226.0,102,0.1,145 ,129 ,16 ,등록,폐콘 0.2,2024-10-21,35.8981797,128.6715571
639,20241021-0329,10-21,동구 둔산동 1015,지하사유지,D15mm 계량기 보호통 교체,"875,080 ","779,000 ","96,080 ",0 ,"12,620 ","16,020 ","12,760 ","3,620 ","1,630 ","8,190 ","2,280","15,920",15.0,계량기보호통(실),계량기보호통,노후,"1,340.64",226.0,102,,0 ,0 ,0 ,미등록,,2024-10-21,35.8990851,128.6718687
640,20241021-0332,10-21,동구 신천동 342-5,지하공도,D80mm 제수변 누수수선,"462,000 ","462,000 ",0 ,0 ,"7,510 ","9,530 ","7,590 ","2,150 ",970 ,"4,870 ","1,360","7,490",80.0,변류,본체,노후,0,222.0,43,,0 ,0 ,0 ,등록,,2024-10-21,35.870061,128.6287698
643,20241023-0005,10-23,동구 율하동 950,지상사유지,STS D25mm 인입선 누수수선,"335,000 ","335,000 ",0 ,0 ,"2,830 ","3,590 ","2,860 ",810 ,360 ,"1,830 ","1,120","5,120",25.0,스텐레스관,이형관,노후,,233.0,255,,,,,미등록,,2024-10-23,35.8676794,128.701298
644,20241023-0053,10-23,동구 검사동 907-27,지상사유지,D15mm 계량기 보호통 교체,"890,600 ","795,000 ","95,600 ",0 ,"12,760 ","16,200 ","12,900 ","3,660 ","1,650 ","8,280 ","2,310","16,040",15.0,계량기보호통(실),계량기보호통,노후,,210.0,108-1,0.1,145 ,129 ,16 ,미등록,폐콘 0.1,2024-10-23,35.8906075,128.6526241
645,20241023-0081,10-23,동구 효목동 140-3,지상사유지,D15mm 계량기 보호통 교체,"940,320 ","844,000 ","96,320 ",0 ,"14,270 ","18,110 ","14,420 ","4,090 ","1,840 ","9,250 ","2,410","17,380",15.0,계량기보호통(실),계량기보호통,노후,,213.0,26,,,,,미등록,폐콘 0.1,2024-10-23,35.8822885,128.6428377
646,20241023-0204,10-23,동구 신천동 702-6,지하공도,STS D80*20mm 분기점 누수수선,"760,240 ","707,000 ","53,240 ",0 ,"12,100 ","15,370 ","12,240 ","3,470 ","1,560 ","7,850 ","2,040","12,860",20.0,부분기대,부분기대,노후,"1,918.08",220.0,40,,0 ,0 ,0 ,등록,,2024-10-23,35.8729456,128.6169264
647,20241023-0206,10-23,동구 신천동 834-6,지하공도,PFP D40*15mm 구분기점 누수수선,"1,023,000 ","1,023,000 ",0 ,0 ,"14,960 ","18,990 ","15,120 ","4,290 ","1,930 ","9,700 ","3,100","16,540",15.0,PFP관,이형관,노후,"1,847.04",220.0,48,,0 ,0 ,0 ,등록,,2024-10-23,35.8686504,128.6173318
648,20241023-0248,10-23,동구 효목동 379-9,지상사유지,STS D15mm 인입선 누수수선,"230,000 ","230,000 ",0 ,0 ,"2,140 ","2,710 ","2,160 ",610 ,270 ,"1,380 ",760,"3,960",15.0,스텐레스관,이형관,노후,,223.0,37,,,,,미등록,,2024-10-23,35.8796673,128.6362694
649,20241024-0103,10-24,동구 신천동 347-4,지하사유지,D15mm 계량기 보호통 교체,"881,800 ","785,000 ","96,800 ",0 ,"13,020 ","16,520 ","13,160 ","3,730 ","1,680 ","8,440 ","2,250","16,340",15.0,계량기보호통(실),연결부,노후,"1,354.32",222.0,34,,0 ,0 ,0 ,미등록,폐콘 0.1,2024-10-24,35.8695606,128.6296569
650,20241024-0340,10-24,동구 도동 9-4,지상사유지,D15mm 계량기 보호통 교체,"1,007,010 ","909,000 ","98,010 ",0 ,"13,260 ","16,830 ","13,400 ","3,800 ","1,710 ","8,600 ","2,710","18,780",15.0,계량기보호통(실),계량기보호통,노후,,205.0,80,,,,,미등록,폐콘 0.1,2024-10-24,35.9094788,128.6468453
651,20241024-0342,10-24,동구 도동 9-4,지상공도,PFP D40*15mm 분기점 누수수선,"371,000 ","371,000 ",0 ,0 ,"4,180 ","5,300 ","4,220 ","1,190 ",540 ,"2,710 ","1,190","6,170",15.0,PFP관,이형관,노후,0.26,205.0,80,0.0,0 ,0 ,0 ,등록,,2024-10-24,35.9094788,128.6468453
652,20241025-0048,10-25,동구 지묘동 343-1,지상사유지,D25mm 계량기 보호통 교체,"1,496,050 ","1,335,000 ","161,050 ",0 ,"19,720 ","25,030 ","19,930 ","5,650 ","2,550 ","12,790 ","3,930","25,150",25.0,계량기보호통(실),계량기보호통,노후,,201.0,58,0.2,290 ,258 ,32 ,미등록,폐콘 0.3,2024-10-25,35.9398693,128.6390995
653,20241025-0055,10-25,동구 신천동 375-2,지상사유지,D15mm 계량기 보호통 교체,"776,010 ","678,000 ","98,010 ",0 ,"10,900 ","13,840 ","11,020 ","3,120 ","1,410 ","7,070 ","1,960","14,440",15.0,계량기보호통(실),계량기보호통,노후,,222.0,34,,,,,미등록,폐콘 0.1,2024-10-25,35.8740686,128.6292084
655,20241028-0225,10-28,동구 효목동 119-6,지상사유지,D15mm 계량기 보호통 교체,"891,320 ","795,000 ","96,320 ",0 ,"13,200 ","16,750 ","13,340 ","3,780 ","1,700 ","8,560 ","2,280","16,510",15.0,계량기보호통(실),계량기보호통,노후,,213.0,26,,,,,미등록,폐콘 0.1,2024-10-28,35.8845302,128.6411042
657,20241029-0384,10-29,동구 신평동 760-48,지상사유지,D15mm 게량기실 누수수선,"167,000 ","167,000 ",0 ,0 ,"2,170 ","2,760 ","2,200 ",620 ,280 ,"1,410 ",520,"1,790",15.0,계량기보호통(실),계량기보호실,노후,,226.0,133,,,,,미등록,,2024-10-29,35.8793781,128.675364
659,20241029-0679,10-29,동구 부동 707-2,지상공도,DTC D150*15mm 분기점 누수수선,"2,531,000 ","1,307,000 ",0 ,"1,224,000 ","16,660 ","21,150 ","16,850 ","4,780 ","2,150 ","10,810 ","3,820","17,910",15.0,부분기대,부분기대,부식,0.39,226.0,116,0.2,290 ,258 ,32 ,등록,폐아 0.9,2024-10-29,35.8922769,128.678278
660,20241030-0176,10-30,동구 능성동 168,지상사유지,D15mm 계량기실 누수수선,"192,000 ","192,000 ",0 ,0 ,"2,170 ","2,760 ","2,200 ",620 ,280 ,"1,410 ",610,"1,790",15.0,계량기보호통(실),계량기보호실,노후,,201.0,313,,,,,미등록,,2024-10-30,35.9658018,128.7399849
661,20241030-0178,10-30,동구 불로동 1156,지상사유지,D50mm 계량기실 누수수선,"1,353,000 ","1,234,000 ","119,000 ",0 ,"16,310 ","20,700 ","16,490 ","4,670 ","2,110 ","10,580 ","3,760","19,990",50.0,계량기보호통(실),계량기보호실,노후,,204.0,76,0.1,145 ,129 ,16 ,미등록,폐아 0.2,2024-10-30,35.9136199,128.6391588
662,20241030-0309,10-30,동구 신암동 350-1,미누수,현장 확인 결과 미누수,"91,000 ","91,000 ",0 ,0 ,0 ,0 ,0 ,0 ,0 ,0 ,340,0,,,,,,218.0,22,,,,,미등록,,2024-10-30,35.8809187,128.6300907
664,20241030-0514,10-30,동구 신암동 601-22,지하공도,DTC D150*40mm 구분기점 누수수선,"714,000 ","714,000 ",0 ,0 ,"9,160 ","11,630 ","9,270 ","2,630 ","1,180 ","5,940 ","2,200","8,860",40.0,부분기대,부분기대,노후,581.76,211.0,8,0.1,145 ,129 ,16 ,등록,폐아 0.1,2024-10-30,35.8835289,128.6200349
665,20241031-0014,10-31,동구 미대동 716,지하사유지,D15mm 계량기 보호통 교체,"988,600 ","893,000 ","95,600 ",0 ,"14,630 ","18,580 ","14,800 ","4,190 ","1,890 ","9,490 ","2,610","17,430",15.0,계량기보호통(실),접합부,노후,"1,896.96",201.0,301,,0 ,0 ,0 ,미등록,,2024-10-31,35.9522183,128.6667779
666,20241031-0022,10-31,동구 방촌동 1113-187,지상사유지,D15mm 계량기 보호통 교체,"1,030,600 ","935,000 ","95,600 ",0 ,"15,300 ","19,420 ","15,460 ","4,380 ","1,980 ","9,920 ","2,710","18,660",15.0,계량기보호통(실),계량기보호통,노후,,227.0,138,,,,,미등록,폐콘 0.1,2024-10-31,35.8777685,128.6714277
668,20241031-0427,10-31,동구 불로동 1032-22,지상사유지,D15mm 계량기 보호통 교체,"1,334,600 ","1,239,000 ","95,600 ",0 ,"21,730 ","27,590 ","21,970 ","6,230 ","2,810 ","14,100 ","3,530","24,020",15.0,계량기보호통(실),계량기보호통,노후,,208.0,92,,,,,미등록,폐콘 0.1,2024-10-31,35.8971115,128.631817
669,20241031-0516,10-31,동구 신암동 575-42,지상사유지,D15mm 계량기실 누수수선,"356,000 ","356,000 ",0 ,0 ,"5,970 ","7,580 ","6,040 ","1,710 ",770 ,"3,870 ","1,010","5,310",15.0,계량기보호통(실),계량기보호실,노후,,211.0,9,0.1,145 ,129 ,16 ,미등록,폐콘 0.1,2024-10-31,35.8848241,128.6253853
670,20241104-0253,11-04,동구 용계동 385-13,지상사유지,D15mm 계량기실 누수수선,"228,000 ","228,000 ",0 ,0 ,"2,850 ","3,620 ","2,880 ",810 ,360 ,"1,850 ",710,"2,450",15.0,계량기보호통(실),계량기보호실,노후,,226.0,224-1,,,,,미등록,,2024-11-04,35.8771844,128.6830415
671,20241104-0545,11-04,동구 신암동 70-9,지하사유지,D15mm 계량기 보호통 교체,"879,010 ","781,000 ","98,010 ",0 ,"12,880 ","16,350 ","13,020 ","3,690 ","1,660 ","8,350 ","2,250","16,340",15.0,계량기보호통(실),접합부,노후,"1,921.92",209.0,1,0.1,145 ,129 ,16 ,미등록,폐콘 0.1,2024-11-04,35.8894504,128.6337232
672,20241105-0328,11-05,동구 효목동 14,지상사유지,D15mm 계량기 보호통 교체,"1,103,320 ","1,007,000 ","96,320 ",0 ,"17,490 ","22,210 ","17,690 ","5,010 ","2,260 ","11,350 ","2,860","20,320",15.0,계량기보호통(실),계량기보호통,노후,,214.0,27,0.1,145 ,129 ,16 ,미등록,폐콘 0.1,2024-11-05,35.8847812,128.6431932
673,20241105-0389,11-05,동구 불로동 1032-22,기타,"출장비(N=4) 673, 682, 692, 714","262,000 ","262,000 ",0 ,0 ,0 ,0 ,0 ,0 ,0 ,0 ,990,0,,,,,,208.0,92,,0 ,0 ,0 ,미등록,,2024-11-05,35.8971115,128.631817
674,20241106-0177,11-06,동구 신암동 186-23,지상사유지,D15mm 계량기실 누수수선,"175,000 ","175,000 ",0 ,0 ,"2,850 ","3,620 ","2,880 ",810 ,360 ,"1,850 ",510,"2,350",15.0,계량기보호통(실),계량기보호실,노후,,217.0,17,,,,,미등록,,2024-11-06,35.8785977,128.6182888
675,20241106-0245,11-06,동구 불로동 1023-12,지상사유지,D15mm 계량기 보호통 교체,"904,080 ","808,000 ","96,080 ",0 ,"13,020 ","16,520 ","13,160 ","3,730 ","1,680 ","8,440 ","2,340","16,310",15.0,계량기보호통(실),계량기보호통,노후,,208.0,99,,,,,미등록,폐콘 0.1,2024-11-06,35.8962847,128.6333152
676,20241106-0305,11-06,동구 백안동 18,지상공도,STS D40mm 접합부 누수수선,"2,200,000 ","2,200,000 ",0 ,0 ,"30,990 ","39,340 ","31,330 ","8,890 ","4,010 ","20,100 ","6,460","32,230",40.0,스텐레스관,이형관,노후,0.86,201.0,312,0.4,580 ,516 ,64 ,등록,폐아 0.9,2024-11-06,35.9582129,128.698987
677,20241107-0072,11-07,동구 신천동 344-5,지상사유지,D25mm 계량기 보호통 교체,"1,285,000 ","1,127,000 ","158,000 ",0 ,"18,310 ","23,240 ","18,510 ","5,250 ","2,370 ","11,880 ","3,090","23,600",25.0,계량기보호통(실),계량기보호통,노후,,606.0,44-2,,,,,미등록,폐콘 0.7,2024-11-07,35.8701018,128.629654
678,20241108-0179,11-08,동구 방촌동 1072-47,지상사유지,D15mm 계량기 보호통 교체,"1,082,600 ","987,000 ","95,600 ",0 ,"15,140 ","19,220 ","15,310 ","4,340 ","1,960 ","9,820 ","2,910","18,380",15.0,계량기보호통(실),계량기보호통,노후,,227.0,124-2,,,,,미등록,폐콘 0.1,2024-11-08,35.8811641,128.6621484
679,20241111-0005,11-11,동구 지저동 768-3,지상사유지,D15mm 계량기실 누수수선,"217,000 ","217,000 ",0 ,0 ,"2,850 ","3,620 ","2,880 ",810 ,360 ,"1,850 ",670,"2,790",15.0,계량기보호통(실),계량기보호실,노후,,208.0,92,,,,,미등록,,2024-11-11,35.8953652,128.6370348
680,20241111-0063,11-11,동구 신천동 694-9,지하공도,PFP D50*15mm 분기점 누수수선,"481,000 ","481,000 ",0 ,0 ,"6,530 ","8,290 ","6,600 ","1,870 ",840 ,"4,230 ","1,480","7,970",15.0,PFP관,이형관,노후,"1,436.4",220.0,40,,0 ,0 ,0 ,등록,,2024-11-11,35.8725683,128.6176334
683,20241111-0241,11-11,동구 서호동 139-1,시설물수선,유량계실 배수배관 교체,"661,000 ","661,000 ",0 ,0 ,"7,290 ","9,250 ","7,370 ","2,090 ",940 ,"4,730 ","2,070","7,120",,,,,,234.0,280,,0 ,0 ,0 ,미등록,폐콘 0.2,2024-11-11,35.8657482,128.7114427
684,20241112-0074,11-12,동구 방촌동 852-8 101호,지상사유지,D25mm 계량기 보호통 교체,"1,414,000 ","1,256,000 ","158,000 ",0 ,"21,100 ","26,790 ","21,340 ","6,050 ","2,730 ","13,690 ","3,580","26,240",25.0,계량기보호통(실),계량기보호통,노후,,226.0,133,0.2,290 ,258 ,32 ,미등록,폐콘 0.2,2024-11-12,35.8813178,128.6716925
685,20241112-0094,11-12,동구 방촌동 857-167,지상사유지,D15mm 계량기 보호통 교체,"1,093,600 ","998,000 ","95,600 ",0 ,"16,950 ","24,520 ","17,140 ","4,860 ","2,190 ","11,000 ","2,860","19,660",15.0,계량기보호통(실),계량기보호통,노후,,226.0,133,0.1,145 ,129 ,16 ,미등록,폐콘 0.1,2024-11-12,35.8798318,128.6733287
686,20241112-0156,11-12,동구 신암동 648-3,지하사유지,D15mm 계량기 보호통 교체,"928,600 ","833,000 ","95,600 ",0 ,"14,040 ","17,820 ","14,190 ","4,020 ","1,810 ","9,110 ","2,380","17,150",15.0,계량기보호통(실),접합부,노후,"1,971.84",211.0,3,0.1,145 ,129 ,16 ,미등록,폐콘 0.1,2024-11-12,35.8916056,128.6234155
687,20241113-0049,11-13,동구 불로동 483-6,지상사유지,STS D15mm 인입선 누수수선,"503,000 ","503,000 ",0 ,0 ,"7,010 ","8,900 ","7,090 ","2,010 ",900 ,"4,540 ","1,540","8,210",15.0,스텐레스관,이형관,노후,,205.0,77,,,,,미등록,,2024-11-13,35.9123392,128.64266
688,20241113-0117,11-13,동구 신암동 708-125,지상사유지,D15mm 계량기 보호통 교체,"970,600 ","875,000 ","95,600 ",0 ,"14,880 ","18,890 ","15,050 ","4,270 ","1,920 ","9,650 ","2,500","17,910",15.0,계량기보호통(실),계량기보호통,노후,,211.0,2,0.1,145 ,129 ,16 ,미등록,폐콘 0.1,2024-11-13,35.8855316,128.6158599
690,20241114-0174,11-14,동구 신암동 58-30,지상사유지,D15mm 계량기 보호통 교체,"903,600 ","808,000 ","95,600 ",0 ,"13,450 ","17,070 ","13,600 ","3,850 ","1,740 ","8,720 ","2,320","16,740",15.0,계량기보호통(실),계량기보호통,노후,,209.0,12,,,,,미등록,폐콘 0.1,2024-11-14,35.8896889,128.6353587
691,20241115-0012,11-15,동구 방촌동 1113-318,지상사유지,D80mm 계량기실 누수수선,"673,000 ","673,000 ",0 ,0 ,"12,020 ","15,260 ","12,150 ","3,440 ","1,550 ","7,800 ","1,920","10,160",80.0,계량기보호통(실),계량기보호실,노후,,227.0,138,,,,,미등록,,2024-11-15,35.8770985,128.672366
693,20241118-0006,11-18,동구 신암동 636-22,지하사유지,D15mm 계량기 보호통 교체,"963,600 ","868,000 ","95,600 ",0 ,"14,700 ","18,660 ","14,860 ","4,210 ","1,900 ","9,540 ","2,480","17,800",15.0,계량기보호통(실),연결부,노후,"1,468.32",211.0,7,,0 ,0 ,0 ,미등록,폐콘 0.1,2024-11-18,35.8861827,128.6194218
694,20241118-0057,11-18,동구 내곡동 171,지상공도,PFP D40mm 접합부 누수수선,"1,782,000 ","1,782,000 ",0 ,0 ,"27,210 ","34,540 ","27,510 ","7,800 ","3,520 ","17,650 ","5,350","32,760",40.0,PFP관,이형관,타공사손괴,1.08,236.0,211,0.0,0 ,0 ,0 ,등록,,2024-11-18,35.8875516,128.758996
695,20241118-0368,11-18,동구 효목동 183-48,지상사유지,D15mm 계량기 보호통 교체,"1,820,600 ","1,725,000 ","95,600 ",0 ,"28,550 ","36,240 ","28,860 ","8,190 ","3,690 ","18,520 ","4,860","29,670",15.0,계량기보호통(실),계량기보호통,노후,,213.0,38,0.2,290 ,258 ,32 ,미등록,"폐콘 0.2, 폐아 0.4",2024-11-18,35.8794626,128.6475115
696,20241118-0404,11-18,동구 신암동 209-64,지하사유지,STS D15mm 인입선 누수수선,"972,000 ","972,000 ",0 ,0 ,"12,930 ","16,420 ","13,080 ","3,710 ","1,670 ","8,390 ","2,890","13,060",15.0,스텐레스관,이형관,노후,0,217.0,18,0.2,290 ,258 ,32 ,미등록,폐아 0.4,2024-11-18,35.880251,128.6209395
697,20241119-0084,11-19,동구 도동 5-5,지상사유지,D15mm 계량기 보호통 교체,"1,831,600 ","1,736,000 ","95,600 ",0 ,"25,120 ","31,880 ","25,390 ","7,200 ","3,250 ","16,290 ","5,080","28,380",15.0,계량기보호통(실),계량기보호통,노후,,205.0,80,0.2,290 ,258 ,32 ,미등록,"폐콘 0.2, 폐아 0.4",2024-11-19,35.9093398,128.6457041
698,20241120-0031,11-20,동구 내곡동 169,지상사유지,STS D15mm 인입선 누수수선,"225,000 ","225,000 ",0 ,0 ,980 ,"1,250 ","1,000 ",280 ,120 ,640 ,800,"3,010",15.0,스텐레스관,이형관,노후,,236.0,211,,,,,미등록,,2024-11-20,35.8874128,128.7590785
699,20241119-0179,11-19,동구 신천동 483-1,지상사유지,D15mm 계량기 보호통 교체,"1,179,600 ","1,084,000 ","95,600 ",0 ,"18,980 ","24,100 ","19,190 ","5,440 ","2,450 ","12,310 ","3,020","21,310",15.0,계량기보호통(실),계량기보호통,노후,,606.0,44-2,,,,,미등록,폐콘 0.3,2024-11-19,35.8739012,128.6339457
700,20241120-0020,11-20,동구 봉무동 170-4,지하사유지,D15mm 계량기 보호통 교체,"894,600 ","799,000 ","95,600 ",0 ,"13,030 ","16,540 ","13,180 ","3,730 ","1,680 ","8,450 ","2,340","16,240",15.0,계량기보호통(실),연결부,노후,"1,477.44",203.0,59,,0 ,0 ,0 ,미등록,,2024-11-20,35.9309512,128.643888
701,20241120-0021,11-20,동구 봉무동 375,지하공도,DTC D80*25mm 분기점 누수수선,"1,768,660 ","1,702,000 ","66,660 ",0 ,"23,770 ","30,170 ","24,030 ","6,810 ","3,070 ","15,420 ","5,060","25,870",25.0,부분기대,부분기대,노후,"3,732.48",203.0,71,0.2,290 ,258 ,32 ,등록,폐아 0.5,2024-11-20,35.92213,128.6453982
702,20241120-0023,11-20,동구 봉무동 1021,지하사유지,STS D15mm 인입선 누수수선,"705,000 ","705,000 ",0 ,0 ,"10,280 ","13,050 ","10,400 ","2,950 ","1,330 ","6,670 ","2,080","11,390",15.0,스텐레스관,이형관,노후,"1,477.44",202.0,62,,0 ,0 ,0 ,미등록,폐콘 0.2,2024-11-20,35.9316817,128.6342996
703,20241120-0178,11-20,동구 신천동 825-19,지하공도,DTC D80*15mm 분기점 누수수선,"644,920 ","604,000 ","40,920 ",0 ,"9,180 ","11,660 ","9,280 ","2,630 ","1,180 ","5,960 ","1,810","9,760",15.0,부분기대,부분기대,노후,"1,477.44",220.0,48,,0 ,0 ,0 ,등록,,2024-11-20,35.8683699,128.6165006
704,20241120-0248,11-20,동구 신서동 557-8,지상사유지,D20mm 계량기 보호통 교체,"1,238,000 ","1,110,000 ","128,000 ",0 ,"18,140 ","23,030 ","18,340 ","5,200 ","2,340 ","11,770 ","3,190","22,130",20.0,계량기보호통(실),계량기보호통,노후,,237.0,261-2,0.1,145 ,129 ,16 ,미등록,폐콘 0.2,2024-11-20,35.868045,128.7318993
705,20241121-0066,11-21,동구 사복동 851 (상가),지하공도,HIVP D150*32mm 분기점 누수수선,"2,354,900 ","2,253,000 ","101,900 ",0 ,"32,260 ","40,950 ","32,610 ","9,250 ","4,170 ","20,930 ","6,640","35,160",32.0,부분기대,부분기대,노후,"4,446",230.0,210,0.3,435 ,387 ,48 ,등록,폐아 0.7,2024-11-21,35.8735986,128.75096
706,20241121-0229,11-21,동구 신천동 448-43,지상사유지,D15mm 계량기 보호통 교체,"866,600 ","771,000 ","95,600 ",0 ,"12,770 ","16,210 ","12,910 ","3,660 ","1,650 ","8,280 ","2,210","16,050",15.0,계량기보호통(실),계량기보호통,노후,,222.0,34,0.1,145 ,129 ,16 ,미등록,폐콘 0.1,2024-11-21,35.8743005,128.6299008
707,20241122-0008,11-22,동구 내곡동 168,지상공도,PFP D40*15mm 분기점 누수수선,"665,000 ","665,000 ",0 ,0 ,"9,640 ","12,240 ","9,750 ","2,760 ","1,240 ","6,250 ","2,020","10,980",15.0,PFP관,이형관,타공사손괴,0.19,236.0,211,0.0,0 ,0 ,0 ,등록,,2024-11-22,35.8872676,128.7589694
708,20241122-0443,11-22,동구 신천동 815-29,지하공도,PFP D40*15mm 분기점 누수수선,"2,071,000 ","1,952,000 ","119,000 ",0 ,"27,890 ","35,410 ","28,200 ","8,000 ","3,610 ","18,100 ","5,940","37,890",15.0,PFP관,이형관,노후,"2,034.24",220.0,48,0.1,145 ,129 ,16 ,등록,,2024-11-22,35.8693857,128.6148743
709,20241123-0008,11-23,동구 방촌동 980-20,지상사유지,D15mm 계량기 보호통 교체,"937,220 ","838,000 ","99,220 ",0 ,"13,420 ","17,040 ","13,570 ","3,850 ","1,730 ","8,700 ","2,430","16,990",15.0,계량기보호통(실),계량기보호통,노후,,228.0,123-2,,,,,미등록,폐콘 0.1,2024-11-23,35.8849914,128.6615563
710,20241123-0028,11-23,동구 도동 114,지상사유지,STS D15mm 인입선 누수수선,"353,000 ","353,000 ",0 ,0 ,"4,120 ","5,230 ","4,160 ","1,180 ",530 ,"2,670 ","1,120","5,740",15.0,스텐레스관,이형관,노후,,205.0,80,,,,,미등록,,2024-11-23,35.9117604,128.6501224
711,20241125-0005,11-25,동구 지저동 886-11,지하공도,STS D25mm 인입선 누수수선,"823,000 ","823,000 ",0 ,0 ,"9,500 ","12,060 ","9,610 ","2,720 ","1,230 ","6,160 ","2,510","12,120",25.0,스텐레스관,이형관,노후,"2,131.92",206.0,85,0.2,290 ,258 ,32 ,등록,폐콘 0.4,2024-11-25,35.9081668,128.6471485
712,20241125-0138,11-25,동구 율암동 375-1,지상사유지,D15mm 계량기 보호통 교체,"1,022,010 ","924,000 ","98,010 ",0 ,"14,820 ","18,820 ","14,990 ","4,250 ","1,910 ","9,620 ","2,690","17,980",15.0,계량기보호통(실),계량기보호통,노후,,230.0,201,0.1,145 ,129 ,16 ,미등록,폐콘 0.1,2024-11-25,35.8769958,128.7030411
713,20241125-0287,11-25,동구 효목동 21-11,지상사유지,D15mm 계량기 보호통 교체,"913,600 ","818,000 ","95,600 ",0 ,"13,870 ","17,600 ","14,020 ","3,970 ","1,790 ","9,000 ","2,370","16,960",15.0,계량기보호통(실),계량기보호통,노후,,214.0,27,,,,,미등록,,2024-11-25,35.8848823,128.6443883
715,20241125-0687,11-25,동구 방촌동 1006-22,지상사유지,D15mm 계량기 보호통 교체,"963,040 ","866,000 ","97,040 ",0 ,"14,140 ","17,960 ","14,300 ","4,050 ","1,830 ","9,170 ","2,500","17,380",15.0,계량기보호통(실),계량기보호통,노후,,228.0,123-2,,,,,미등록,폐콘 0.1,2024-11-25,35.8838789,128.6614479
716,20241125-0788,11-25,동구 효목동 387-22,지하사유지,D15mm 계량기 보호통 교체,"850,010 ","752,000 ","98,010 ",0 ,"12,470 ","15,840 ","12,610 ","3,570 ","1,610 ","8,090 ","2,160","15,750",15.0,계량기보호통(실),연결부,노후,"1,504.8",606.0,36,0.1,145 ,129 ,16 ,미등록,폐콘 0.1,2024-11-25,35.8781732,128.6347237
717,20241126-0064,11-26,동구 동호동 103-19,지하공도,DTC D80*15mm 분기점 누수수선,"2,717,920 ","2,677,000 ","40,920 ",0 ,"33,200 ","42,140 ","33,560 ","9,520 ","4,290 ","21,540 ","7,730","36,920",15.0,부분기대,부분기대,노후,"3,088.8",233.0,258,0.4,580 ,516 ,64 ,등록,"폐콘 1.5, 폐아 0.8",2024-11-26,35.8682591,128.7163223
718,20241126-0320,11-26,동구 불로동 469-1,시설물수선,소구역 유량계실 내 압력계 교체 (N=6),"1,639,000 ","1,639,000 ",0 ,0 ,"18,120 ","23,010 ","18,330 ","5,200 ","2,340 ","11,760 ","5,280","20,360",,,,,,205.0,77,,0 ,0 ,0 ,미등록,,2024-11-26,35.9117492,128.6413777
719,20241126-0622,11-26,동구 지저동 823-9,지하공도,DTC D80mm 직관부 누수수선,"8,706,000 ","8,468,000 ","238,000 ",0 ,"120,320 ","152,740 ","121,650 ","34,510 ","15,580 ","78,060 ","23,630","144,970",80.0,닥타일관,직관,노후,"68,112",208.0,106-2,1.1,"1,594 ","1,419 ",175 ,등록,"폐콘 4.4, 폐아 2.9",2024-11-26,35.8920467,128.6404438
720,20241126-0626,11-26,동구 신암동 194-1,지상사유지,D40mm 계량기 보호통 교체,"1,697,000 ","1,260,000 ","437,000 ",0 ,"18,690 ","23,730 ","18,900 ","5,360 ","2,420 ","12,130 ","3,740","34,900",40.0,계량기보호통(실),계량기보호통,노후,,217.0,17,,,,,미등록,,2024-11-26,35.8776984,128.6190442
721,20241127-0176,11-27,동구 효목동 212-10,미누수,현장 확인 결과 미누수,"62,000 ","62,000 ",0 ,0 ,0 ,0 ,0 ,0 ,0 ,0 ,230,0,,,,,,214.0,28,,,,,미등록,,2024-11-27,35.8840131,128.6448512
722,20241127-0576,11-27,동구 방촌동 1113-72,지상사유지,D15mm 계량기 보호통 교체,"886,010 ","788,000 ","98,010 ",0 ,"12,430 ","15,770 ","12,560 ","3,560 ","1,600 ","8,060 ","2,300","16,070",15.0,계량기보호통(실),계량기보호통,노후,,227.0,138,,,,,미등록,폐콘 0.1,2024-11-27,35.8783163,128.6714258
723,20241127-0584,11-27,동구 지저동 765-9,지상사유지,D15mm 계량기 보호통 교체,"1,061,320 ","965,000 ","96,320 ",0 ,"16,150 ","20,500 ","16,330 ","4,630 ","2,090 ","10,480 ","2,780","19,140",15.0,계량기보호통(실),계량기보호통,노후,,208.0,99,,,,,미등록,폐콘 0.1,2024-11-27,35.8948435,128.6365352
724,20241128-0603,11-28,동구 불로동 1036-22,지하공도,PFP D40*15mm 분기점 누수수선,"1,930,600 ","1,835,000 ","95,600 ",0 ,"24,590 ","31,220 ","24,870 ","7,050 ","3,180 ","15,950 ","5,520","30,280",15.0,PFP관,이형관,노후,"2,071.68",208.0,92,0.2,290 ,258 ,32 ,등록,"폐아 0.4, 폐콘 0.1",2024-11-28,35.8978007,128.6318484
725,20241128-0695,11-28,동구 용계동 105-1,지하사유지,D15mm 계량기 보호통 교체,"857,080 ","761,000 ","96,080 ",0 ,"11,580 ","14,710 ","11,710 ","3,320 ","1,490 ","7,510 ","2,240","14,990",15.0,계량기보호통(실),연결부,노후,"2,071.68",232.0,225,,0 ,0 ,0 ,미등록,폐콘 0.1,2024-11-28,35.8749857,128.6974019
726,20241128-0699,11-28,동구 신기동 182-9,지하공도,D100mm 지하식 소화전 교체,"879,000 ","629,000 ","250,000 ",0 ,"7,670 ","9,740 ","7,750 ","2,200 ",990 ,"4,970 ","1,950","13,690",100.0,기타,기타,노후,0,233.0,251,,0 ,0 ,0 ,등록,,2024-11-28,35.8719847,128.7039301
727,20241129-0303,11-29,동구 신기동 87,지상사유지,D15mm 계량기 보호통 교체,"923,660 ","827,000 ","96,660 ",0 ,"13,100 ","16,630 ","13,240 ","3,750 ","1,690 ","8,490 ","2,440","16,330",15.0,계량기보호통(실),계량기보호통,노후,,233.0,251,,,,,미등록,,2024-11-29,35.8709446,128.70597
728,20241201-0008,12-01,동구 봉무동 1068,지상사유지,STS D15mm 인입선 누수수선,"597,000 ","597,000 ",0 ,0 ,"9,150 ","11,610 ","9,250 ","2,620 ","1,180 ","5,930 ","1,790","9,810",15.0,스텐레스관,이형관,노후,,202.0,62,,,,,미등록,,2024-12-01,35.9321388,128.6304776
730,20241202-0120,12-02,동구 신천동 95,시설물수선,유량계실 사다리 설치 (N=5개소) 및 사다리 보강 (N=1),"1,997,000 ","1,997,000 ",0 ,0 ,"27,040 ","34,320 ","27,340 ","7,750 ","3,500 ","17,540 ","6,180","24,790",,,,,,221.0,42,,,,,미등록,,2024-12-02,35.8728281,128.624831
731,20241202-0131,12-02,동구 신천동 263-13,기타,확인 터파기 결과 하수도,"1,274,000 ","1,274,000 ",0 ,0 ,"18,210 ","23,110 ","18,410 ","5,220 ","2,350 ","11,810 ","3,700","18,900",,,,,,221.0,41,0.1,145 ,129 ,16 ,미등록,폐아 0.6,2024-12-02,35.8726873,128.6203676
732,20241202-0164,12-02,동구 지저동 781-8,미누수,공사후 이토작업,"199,000 ","199,000 ",0 ,0 ,"2,850 ","3,620 ","2,880 ",810 ,360 ,"1,850 ",600,"2,350",,,,,,208.0,106-2,,0 ,0 ,0 ,미등록,,2024-12-02,35.8939957,128.6387622
733,20241202-0188,12-02,동구 신암동 649-12,지하공도,DTC D80*15mm 구분기점 누수수선,"3,086,000 ","3,086,000 ",0 ,0 ,"44,980 ","57,090 ","45,470 ","12,900 ","5,820 ","29,180 ","8,400","45,860",15.0,부분기대,부분기대,노후,"3,477.84",211.0,3,0.6,869 ,774 ,95 ,등록,"폐콘 1.9, 폐아 1.3",2024-12-02,35.8912498,128.6226758
734,20241202-0602,12-02,동구 효목동 137-47,지상사유지,D15mm 계량기 보호통 교체,"852,600 ","757,000 ","95,600 ",0 ,"12,700 ","16,130 ","12,840 ","3,640 ","1,640 ","8,240 ","2,170","15,730",15.0,계량기보호통(실),계량기보호통,노후,,213.0,26,,,,,미등록,폐콘 0.1,2024-12-02,35.88266,128.6441397
735,20241204-0039,12-04,동구 율하동 977-1,지상사유지,D15mm 계량기 보호통 교체,"1,003,600 ","908,000 ","95,600 ",0 ,"14,530 ","18,450 ","14,690 ","4,160 ","1,880 ","9,430 ","2,640","17,610",15.0,계량기보호통(실),계량기보호통,노후,,233.0,255,0.1,145 ,129 ,16 ,미등록,폐콘 0.1,2024-12-04,35.868179,128.6973785
736,20241204-0361,12-04,동구 율하동 933-3,지상사유지,D15mm 계량기 보호통 교체,"1,036,600 ","941,000 ","95,600 ",0 ,"15,140 ","19,220 ","15,310 ","4,340 ","1,960 ","9,820 ","2,740","18,240",15.0,계량기보호통(실),계량기보호통,노후,,233.0,255,0.1,145 ,129 ,16 ,미등록,폐콘 0.1,2024-12-04,35.869764,128.7017392
737,20241205-0233,12-05,동구 불로동 460-33,지상사유지,D15mm 계량기 보호통 교체,"857,600 ","762,000 ","95,600 ",0 ,"12,210 ","15,490 ","12,340 ","3,500 ","1,580 ","7,920 ","2,210","15,420",15.0,계량기보호통(실),계량기보호통,노후,,205.0,80,0.0,0 ,0 ,0 ,미등록,폐콘 0.1,2024-12-05,35.9111212,128.6416955
738,20241205-0338,12-05,동구 방촌동 1084-184,지상공도,PFP D40mm 접합부 누수수선,"1,084,000 ","1,084,000 ",0 ,0 ,"14,080 ","17,880 ","14,240 ","4,040 ","1,820 ","9,130 ","3,380","17,550",40.0,PFP관,이형관,노후,1.08,227.0,124-2,0.0,0 ,0 ,0 ,등록,,2024-12-05,35.8797177,128.6645146
739,20241206-0230,12-06,동구 신암동 332-10,지상사유지,D20mm 계량기 보호통 교체,"1,463,000 ","1,335,000 ","128,000 ",0 ,"23,980 ","30,440 ","24,250 ","6,880 ","3,100 ","15,560 ","3,730","26,870",20.0,계량기보호통(실),계량기보호통,노후,,212.0,20,0.3,435 ,387 ,48 ,미등록,폐콘 0.2,2024-12-06,35.883659,128.6312964
740,20241208-0018,12-08,동구 지저동 682-14,지상사유지,D15mm 계량기 보호통 교체,"881,600 ","786,000 ","95,600 ",0 ,"12,520 ","15,890 ","12,660 ","3,590 ","1,620 ","8,120 ","2,280","15,900",15.0,계량기보호통(실),계량기보호통,노후,,208.0,106-2,,,,,미등록,폐콘 0.1,2024-12-08,35.8957511,128.6393442
741,20241209-0202,12-09,동구 신천동 126-1,지상사유지,D20mm 계량기 보호통 교체,"1,095,000 ","967,000 ","128,000 ",0 ,"16,740 ","21,260 ","16,930 ","4,800 ","2,160 ","10,860 ","2,750","20,490",20.0,계량기보호통(실),계량기보호통,노후,,221.0,42,,,,,미등록,폐콘 0.1,2024-12-09,35.8694135,128.6235952
742,20241209-0271,12-09,동구 방촌동 931-3,미누수,"출장비(N=5) 742,745,750,769,780","278,000 ","278,000 ",0 ,0 ,0 ,0 ,0 ,0 ,0 ,0 ,"1,050",0,,,,,,228.0,125,,,,,미등록,,2024-12-09,35.884539,128.664883
743,20241209-0275,12-09,동구 신평동 421-4,지상공도,PFP D40mm 연결부 누수수선,"1,701,000 ","1,701,000 ",0 ,0 ,"20,670 ","26,250 ","20,900 ","5,930 ","2,670 ","13,410 ","5,260","25,720",40.0,PFP관,이형관,노후,1.08,226.0,133,0.2,290 ,258 ,32 ,등록,폐아 0.4,2024-12-09,35.8863302,128.6798599
744,20241210-0034,12-10,동구 둔산동 380,지상사유지,D15mm 계량기실 누수수선,"682,000 ","682,000 ",0 ,0 ,"10,960 ","13,920 ","11,090 ","3,140 ","1,410 ","7,110 ","2,010","11,290",15.0,계량기보호통(실),계량기보호실,노후,,205.0,80,,,,,미등록,,2024-12-10,35.9073501,128.6869808
746,20241210-0067,12-10,동구 각산동 933-2,지상사유지,D15mm 계량기 보호통 교체,"989,600 ","894,000 ","95,600 ",0 ,"14,270 ","18,110 ","14,420 ","4,090 ","1,840 ","9,250 ","2,610","17,380",15.0,계량기보호통(실),계량기보호통,노후,,235.0,233,,,,,미등록,폐콘 0.1,2024-12-10,35.8724494,128.7118826
747,20241210-0093,12-10,동구 사복동 461-1,지상사유지,STS D15mm 인입선 누수수선,"264,000 ","264,000 ",0 ,0 ,"1,670 ","2,120 ","1,690 ",480 ,210 ,"1,080 ",910,"3,750",15.0,스텐레스관,이형관,노후,,236.0,243,,,,,미등록,,2024-12-10,35.8747174,128.7557459
748,20241210-0191,12-10,동구 도동 327,지상사유지,STS D15mm 인입선 누수수선,"487,000 ","487,000 ",0 ,0 ,"4,590 ","5,830 ","4,640 ","1,310 ",590 ,"2,980 ","1,610","6,380",15.0,스텐레스관,이형관,노후,,206.0,72,,,,,미등록,,2024-12-10,35.9207714,128.6600239
751,20241212-0014,12-12,동구 신서동 822-11 건너편 노란색 맨홀,지상공도,D100mm 지하식 소화전 정비,"127,000 ","127,000 ",0 ,0 ,560 ,710 ,560 ,160 ,70 ,360 ,450,450,100.0,기타,기타,노후,1.34,235.0,235,0.0,0 ,0 ,0 ,등록,,2024-12-12,35.8720041,128.7258248
752,20241214-0019,12-14,동구 지저동 722-1,지상사유지,D15mm 계량기 보호통 교체,"844,600 ","749,000 ","95,600 ",0 ,"12,030 ","15,270 ","12,160 ","3,450 ","1,550 ","7,800 ","2,170","15,150",15.0,계량기보호통(실),계량기보호통,노후,,208.0,99,,,,,미등록,폐콘 0.1,2024-12-14,35.8956387,128.6353606
753,20241216-0050,12-16,동구 불로동 30-22,지상공도,D80mm 제수밸브 누수수선,"1,527,000 ","1,527,000 ",0 ,0 ,"23,680 ","30,060 ","23,950 ","6,790 ","3,060 ","15,360 ","4,560","23,970",80.0,변류,접합부,노후,5.9,205.0,77,0.1,145 ,129 ,16 ,등록,,2024-12-16,35.9126928,128.64252
754,20241216-0115,12-16,동구 신암동 129-130,지상사유지,D15mm 계량기실 누수수선,"80,000 ","80,000 ",0 ,0 ,450 ,570 ,450 ,120 ,50 ,290 ,280,810,15.0,계량기보호통(실),계량기보호실,노후,,209.0,1,,,,,미등록,,2024-12-16,35.8880307,128.6314988
755,20241217-0419,12-17,동구 율암동 314-4,지상사유지,STS D25mm 인입선 누수수선,"973,000 ","973,000 ",0 ,0 ,"10,770 ","13,670 ","10,890 ","3,090 ","1,390 ","6,980 ","3,130","14,600",25.0,스텐레스관,이형관,노후,,230.0,201,,,,,미등록,,2024-12-17,35.8780636,128.7038141
756,20241217-0423,12-17,동구 신천동 95,시설물수선,유량계실 배수펌프 호스교체,"139,000 ","139,000 ",0 ,0 ,"1,200 ","1,520 ","1,210 ",340 ,150 ,780 ,460,"1,120",,,,,,221.0,42,,0 ,0 ,0 ,미등록,,2024-12-17,35.8728281,128.624831
757,20241217-0424,12-17,동구 입석동 932-78,지상사유지,D15mm 계량기실 누수수선,"189,000 ","189,000 ",0 ,0 ,"2,620 ","3,330 ","2,650 ",750 ,330 ,"1,700 ",580,"2,160",15.0,계량기보호통(실),계량기보호실,노후,,210.0,108-1,,,,,미등록,,2024-12-17,35.8915299,128.6478003
758,20241218-0128,12-18,동구 도학동 279-1,지상사유지,HIVP D15mm 누수수선,"492,000 ","492,000 ",0 ,0 ,"5,750 ","7,290 ","5,810 ","1,640 ",740 ,"3,730 ","1,570","7,750",15.0,기타,기타,노후,,201.0,311,,,,,미등록,,2024-12-18,35.9704945,128.7011616
759,20241218-0349,12-18,동구 신암동 1192-9,시설물수선,중구역 유량계실 수선완료,"2,135,000 ","1,281,000 ",0 ,"854,000 ","13,890 ","17,630 ","14,040 ","3,980 ","1,790 ","9,010 ","3,960","13,920",,,,,,216.0,14,0.4,580 ,516 ,64 ,미등록,폐콘 0.2 폐아 0.4,2024-12-18,35.8792388,128.6110716
760,20241218-0395,12-18,동구 방촌동 964-23,지상사유지,D15mm 계량기 보호통 교체,"969,600 ","874,000 ","95,600 ",0 ,"14,450 ","18,350 ","14,610 ","4,140 ","1,870 ","9,370 ","2,520","17,420",15.0,계량기보호통(실),계량기보호통,노후,,228.0,123-2,0.0,0 ,0 ,0 ,미등록,폐콘 0.1,2024-12-18,35.8856422,128.6648686
761,20241219-0034,12-19,동구 효목동 381-20,지상사유지,D15mm 계량기 보호통 교체,"1,119,600 ","1,024,000 ","95,600 ",0 ,"17,920 ","22,750 ","18,120 ","5,140 ","2,320 ","11,630 ","2,900","20,560",15.0,계량기보호통(실),계량기보호통,노후,,223.0,37,0.1,145 ,129 ,16 ,미등록,폐콘 0.1,2024-12-19,35.8790217,128.6365019
762,20241219-0113,12-19,동구 사복동 163-8 펜지농원,지상공도,STS D25mm 접합부 누수수선,"1,353,000 ","1,353,000 ",0 ,0 ,"21,170 ","26,870 ","21,400 ","6,070 ","2,740 ","13,730 ","4,030","21,890",25.0,스텐레스관,이형관,노후,0.48,236.0,242,0.0,0 ,0 ,0 ,등록,,2024-12-19,35.8748194,128.7553575
763,20241219-0134,12-19,동구 신천동 804-2,지상사유지,D15mm 계량기 보호통 교체,"832,600 ","737,000 ","95,600 ",0 ,"12,210 ","15,490 ","12,340 ","3,500 ","1,580 ","7,920 ","2,120","15,410",15.0,계량기보호통(실),계량기보호통,노후,,220.0,48,,,,,미등록,폐콘 0.1,2024-12-19,35.8694644,128.6175458
764,20241219-0423,12-19,동구 신평동 308-11,지상사유지,D15mm 계량기 보호통 교체,"1,212,600 ","1,117,000 ","95,600 ",0 ,"19,270 ","24,470 ","19,490 ","5,520 ","2,490 ","12,500 ","3,190","21,820",15.0,계량기보호통(실),계량기보호통,노후,,226.0,135,,,,,미등록,폐콘 0.1,2024-12-19,35.8802847,128.6851637
765,20241220-0259,12-20,동구 신암동 183-14,지하공도,DTC D80*15mm 분기점 누수수선,"1,515,920 ","1,475,000 ","40,920 ",0 ,"21,540 ","27,340 ","21,770 ","6,170 ","2,780 ","13,970 ","4,320","22,410",15.0,부분기대,부분기대,노후,"1,192.8",217.0,17,0.2,290 ,258 ,32 ,등록,폐콘 0.1톤 폐아 0.4톤,2024-12-20,35.879313,128.6182972
766,20241220-0279,12-20,동구 율하동 72,지상사유지,STS D15mm 인입선 누수수선,"519,000 ","519,000 ",0 ,0 ,"5,340 ","6,790 ","5,400 ","1,530 ",690 ,"3,470 ","1,690","5,180",15.0,스텐레스관,이형관,노후,,233.0,250,,,,,미등록,,2024-12-20,35.8718568,128.697823
767,20241223-0145,12-23,동구 괴전동 164-3,지상공도,PFP D40*20mm 인입선 누수수선,"1,945,000 ","1,945,000 ",0 ,0 ,"30,330 ","38,500 ","30,660 ","8,700 ","3,920 ","19,670 ","5,800","29,260",20.0,PFP관,이형관,노후,0.27,235.0,261-1,0.1,145 ,129 ,16 ,등록,,2024-12-23,35.8710943,128.7328133
768,20241223-0146,12-23,동구 미대동 700-1,지상사유지,HIVP D32mm 접합부 누수수선,"633,000 ","633,000 ",0 ,0 ,"8,160 ","10,360 ","8,250 ","2,340 ","1,050 ","5,290 ","1,980","7,770",32.0,기타,기타,노후,,201.0,302,,,,,미등록,,2024-12-23,35.9523024,128.6690776
770,20241224-0191,12-24,동구 지저동 702-17,지상사유지,D15mm 계량기 보호통 교체,"1,030,600 ","935,000 ","95,600 ",0 ,"15,170 ","19,260 ","15,340 ","4,350 ","1,960 ","9,840 ","2,710","18,690",15.0,계량기보호통(실),계량기보호통,노후,,208.0,92,,,,,미등록,폐콘 0.1,2024-12-24,35.8972424,128.6363062
771,20241224-0217,12-24,동구 봉무동 163-1,지상사유지,STS D25mm 인입선 누수수선,"425,000 ","425,000 ",0 ,0 ,"6,660 ","8,460 ","6,740 ","1,910 ",860 ,"4,320 ","1,230","6,170",25.0,스텐레스관,이형관,노후,,203.0,59,,,,,미등록,폐콘0.1톤,2024-12-24,35.9309639,128.6431216
772,20241224-0371,12-24,동구 도학동 197,지하공도,DTC D100*25mm 분기점 누수수선,"3,186,000 ","3,067,000 ","119,000 ",0 ,"43,100 ","54,720 ","43,580 ","12,360 ","5,580 ","27,960 ","9,170","50,820",100.0,부분기대,부분기대,노후,"23,713.92",201.0,311,0.3,435 ,387 ,48 ,등록,폐아 0.7톤,2024-12-24,35.9722829,128.7009042
773,20241224-0374,12-24,동구 봉무동 1543-8,지상사유지,STS D25mm 인입선 누수수선,"309,000 ","309,000 ",0 ,0 ,"2,480 ","3,150 ","2,510 ",710 ,320 ,"1,610 ","1,040","5,220",25.0,스텐레스관,이형관,노후,,202.0,67,0.0,0 ,0 ,0 ,미등록,,2024-12-24,35.9226741,128.6364889
774,20241224-0405,12-24,동구 신암동 229-9,지상사유지,D15mm 계량기 보호통 교체,"790,600 ","695,000 ","95,600 ",0 ,"11,460 ","14,550 ","11,590 ","3,290 ","1,480 ","7,440 ","2,020","14,810",15.0,계량기보호통(실),계량기보호통,노후,,217.0,18,0.0,0 ,0 ,0 ,미등록,,2024-12-24,35.8799533,128.6226973
775,20241226-0294,12-26,동구 신천동 149-3,미누수,확인 터파기 결과 하수도,"314,000 ","314,000 ",0 ,0 ,"4,920 ","6,250 ","4,980 ","1,410 ",630 ,"3,190 ",930,"4,680",,,,,,221.0,49,,,,,미등록,,2024-12-26,35.8678306,128.6227634
776,20241226-0430,12-26,동구 신암동 363-6,지상사유지,D15mm 계량기 보호통 교체,"1,289,600 ","1,194,000 ","95,600 ",0 ,"19,390 ","24,620 ","19,610 ","5,560 ","2,510 ","12,580 ","3,080","21,710",15.0,계량기보호통(실),계량기보호통,노후,,218.0,22,0.2,290 ,258 ,32 ,미등록,폐콘 1.4,2024-12-26,35.8841957,128.6335655
777,20241227-0076,12-27,동구 방촌동 806-33,지상사유지,D15mm 계량기 보호통 교체,"984,600 ","889,000 ","95,600 ",0 ,"14,460 ","18,350 ","14,620 ","4,140 ","1,870 ","9,380 ","2,570","17,790",15.0,계량기보호통(실),계량기보호통,노후,,228.0,132,0.0,0 ,0 ,0 ,미등록,폐콘 0.1,2024-12-27,35.8825402,128.6684423
778,20241227-0399,12-27,동구 둔산동 474-2,지상사유지,D15mm 계량기 보호통 교체,"918,600 ","823,000 ","95,600 ",0 ,"13,440 ","17,060 ","13,580 ","3,850 ","1,740 ","8,720 ","2,380","16,500",15.0,계량기보호통(실),계량기보호통,노후,,225.0,97,0.0,0 ,0 ,0 ,미등록,폐콘 0.1,2024-12-27,35.8990732,128.6812838
779,20241230-0422,12-30,동구 신천동 541-48 301호,지상사유지,D20mm 계량기 보호통 교체,"1,177,000 ","1,049,000 ","128,000 ",0 ,"17,010 ","21,590 ","17,200 ","4,880 ","2,200 ","11,030 ","2,980","21,020",20.0,계량기보호통(실),계량기보호통,노후,,219.0,29,0.1,145 ,129 ,16 ,미등록,폐콘 0.3,2024-12-30,35.8750629,128.6154161
749,20241210-0262,12-10,동구 둔산동 389,지하공도,DTEP D80*25mm 분기점 누수수선,"1,563,000 ","775,000 ",0 ,"788,000 ","9,500 ","12,060 ","9,610 ","2,720 ","1,230 ","6,160 ","2,290","10,140",25.0,스텐레스관,이형관,노후,"5,779.2",225.0,88,0.2,290 ,258 ,32 ,등록,폐콘0.5,2024-12-10,35.907472,128.6872697
781,20250101-0011,01-01,동구 불로동 1151-2,지상공도,DTC D100*15mm 분기점 누수수선,"2,291,600 ","2,196,000 ","95,600 ",0 ,"33,890 ","43,020 ","34,270 ","9,720 ","4,380 ","21,990 ","6,400","36,120",15.0,부분기대,부분기대,노후,0.19,204.0,76,0.2,290 ,258 ,32 ,등록,"폐콘 0.1, 폐아 0.4",2025-01-01,35.9151469,128.6406382
782,20250102-0286,01-02,동구 방촌동 862-4 201호,지상사유지,D25mm 계량기실 누수수선,"236,000 ","236,000 ",0 ,0 ,"3,560 ","4,520 ","3,600 ","1,020 ",460 ,"2,310 ",710,"3,030",25.0,계량기보호통(실),계량기보호실,노후,,228.0,132,,,,,미등록,,2025-01-02,35.8816061,128.6689884
783,20250103-0062,01-03,동구 진인동 471,기타,"출장비 N=9 (783, 786, 790, 793, 811, 820, 821, 825, 840)","713,000 ","713,000 ",0 ,0 ,0 ,0 ,0 ,0 ,0 ,0 ,"2,710",0,,,,,,201.0,313,,,,,미등록,,2025-01-03,35.9578754,128.717758
784,20250103-0195,01-03,동구 지저동 724-24,지상사유지,D20mm 계량기 보호통 교체,"1,046,000 ","918,000 ","128,000 ",0 ,"14,970 ","19,010 ","15,140 ","4,290 ","1,930 ","9,710 ","2,620","19,070",20.0,계량기보호통(실),접합부,노후,,208.0,99,,,,,미등록,폐콘 0.2,2025-01-03,35.894569,128.6358997
785,20250103-0220,01-03,동구 신암동 361-42,지상사유지,D15mm 계량기 보호통 교체,"944,600 ","849,000 ","95,600 ",0 ,"14,300 ","18,150 ","14,460 ","4,100 ","1,850 ","9,270 ","2,400","17,260",15.0,계량기보호통(실),접합부,노후,,218.0,22,,,,,미등록,폐콘 0.2,2025-01-03,35.8834414,128.6333444
787,20250103-0337,01-03,동구 불로동 1036-23,지상사유지,D15mm 계량기 보호통 교체,"1,084,600 ","989,000 ","95,600 ",0 ,"16,510 ","20,960 ","16,690 ","4,730 ","2,130 ","10,710 ","2,820","19,370",15.0,계량기보호통(실),계량기보호통,노후,,208.0,92,0.0,0 ,0 ,0 ,미등록,폐콘 0.2,2025-01-03,35.897978,128.6317497
788,20250104-0013,01-04,동구 율하동 133-18,지상공도,PFP 40*15mm 분기점 누수수선,"2,135,600 ","2,040,000 ","95,600 ",0 ,"28,500 ","36,180 ","28,810 ","8,170 ","3,690 ","18,490 ","6,200","33,690",15.0,PFP관,이형관,노후,0.19,233.0,250,0.1,145 ,129 ,16 ,등록,폐콘 0.1,2025-01-04,35.872617,128.6990844
789,20250106-0062,01-06,동구 각산동 921-2,지상사유지,D15mm 계량기 보호통 교체,"1,010,600 ","915,000 ","95,600 ",0 ,"13,230 ","16,790 ","13,370 ","3,790 ","1,710 ","8,580 ","2,770","16,200",15.0,계량기보호통(실),연결부,노후,,230.0,233-1,,,,,미등록,,2025-01-06,35.8741436,128.712333
791,20250106-0216,01-06,동구 효목동 375-15,지하공도,DTC 80*15mm 분기점 누수수선,"4,011,440 ","3,834,000 ","177,440 ",0 ,"60,350 ","76,610 ","61,020 ","17,310 ","7,810 ","39,150 ","11,000","64,730",80.0,스텐레스관,이형관,노후,408.48,223.0,37,0.5,725 ,645 ,80 ,등록,"폐콘 0.1, 폐아 1.2",2025-01-06,35.8789255,128.6388588
792,20250106-0284,01-06,동구 신암동 634-1,지상사유지,D15mm 계량기 보호통 교체,"939,600 ","844,000 ","95,600 ",0 ,"14,240 ","18,080 ","14,400 ","4,080 ","1,840 ","9,240 ","2,420","17,370",15.0,계량기보호통(실),계량기보호통,노후,,211.0,7,,,,,미등록,폐콘 0.1,2025-01-06,35.8860591,128.6200979
794,20250106-0605,01-06,동구 신평동 100-1,지상사유지,D15mm 계량기실 누수수선,"276,000 ","276,000 ",0 ,0 ,"4,190 ","5,320 ","4,240 ","1,200 ",540 ,"2,720 ",830,"3,800",15.0,계량기보호통(실),계량기보호실,노후,,230.0,201,,,,,미등록,,2025-01-06,35.8843905,128.6939166
795,20250107-0178,01-07,동구 신암동 657-79,지상사유지,D15mm 계량기실 누수수선,"143,000 ","143,000 ",0 ,0 ,"2,170 ","2,760 ","2,200 ",620 ,280 ,"1,410 ",430,"1,790",15.0,계량기보호통(실),계량기보호통,노후,,211.0,3,,,,,미등록,,2025-01-07,35.8883878,128.6188945
796,20250108-0014,01-08,동구 방촌동 857-160,지상사유지,D15mm 계량기 보호통 교체,"1,130,600 ","1,035,000 ","95,600 ",0 ,"17,660 ","22,410 ","17,850 ","5,060 ","2,280 ","11,450 ","2,960","20,290",15.0,계량기보호통(실),연결부,노후,,226.0,133,,,,,미등록,폐콘 0.1,2025-01-08,35.8802095,128.6732014
797,20250108-0016,01-08,동구 신기동 583-6,지상사유지,D15mm 계량기 보호통 교체,"978,600 ","883,000 ","95,600 ",0 ,"14,060 ","17,850 ","14,220 ","4,030 ","1,820 ","9,120 ","2,570","17,150",15.0,계량기보호통(실),계량기보호통,노후,,233.0,251,,,,,미등록,폐콘 0.1,2025-01-08,35.8688818,128.7066311
798,20250108-0421,01-08,동구 신천동 265-7,지상사유지,D15mm 계량기 보호통 교체,"928,600 ","833,000 ","95,600 ",0 ,"14,060 ","17,850 ","14,220 ","4,030 ","1,820 ","9,120 ","2,380","17,140",15.0,계량기보호통(실),연결부,노후,,221.0,41,,,,,미등록,폐콘 0.1,2025-01-08,35.8734762,128.619663
799,20250108-0484,01-08,동구 방촌동 1084-95,지상사유지,D15mm 계량기 보호통 교체,"970,600 ","875,000 ","95,600 ",0 ,"14,330 ","18,200 ","14,490 ","4,110 ","1,850 ","9,300 ","2,530","17,490",15.0,계량기보호통(실),계량기보호통,노후,,227.0,124-2,,,,,미등록,폐콘 0.1,2025-01-08,35.8793804,128.6662504
800,20250109-0128,01-09,동구 지저동 647-14,지상사유지,D15mm 계량기 보호통 교체,"1,118,600 ","1,023,000 ","95,600 ",0 ,"17,010 ","21,590 ","17,200 ","4,870 ","2,200 ","11,030 ","2,920","20,060",15.0,계량기보호통(실),계량기보호실,노후,,208.0,101-2,,,,,미등록,폐콘 0.2,2025-01-09,35.8953095,128.6426949
801,20250110-0383,01-10,동구 신암동 166-27,지상사유지,STS D20mm 급수관 누수수선,"361,000 ","361,000 ",0 ,0 ,"3,790 ","4,810 ","3,830 ","1,080 ",490 ,"2,450 ","1,080","6,070",20.0,스텐레스관,직관,동파,,217.0,17,0.0,0 ,0 ,0 ,미등록,폐콘 0.3,2025-01-10,35.8810944,128.6170111
802,20250113-0001,01-13,동구 용계동 353-4,지상공도,PFP D40*20mm 분기점 누수수선,"1,073,000 ","1,073,000 ",0 ,0 ,"10,660 ","13,530 ","10,780 ","3,050 ","1,380 ","6,920 ","3,340","14,910",20.0,PFP관,이형관,노후,0.34,226.0,224-1,0.1,145 ,129 ,16 ,등록,폐아 0.6,2025-01-13,35.8783723,128.6849932
803,20250113-0027,01-13,동구 불로동 1143-3,지상사유지,D15mm 계량기 보호통 교체,"877,600 ","782,000 ","95,600 ",0 ,"12,750 ","16,190 ","12,890 ","3,650 ","1,650 ","8,270 ","2,290","15,840",15.0,계량기보호통(실),접합부,노후,,205.0,77,,,,,미등록,,2025-01-13,35.9143786,128.6433363
804,20250111-0028,01-11,동구 신암동 657-69,지상사유지,D15mm 계량기 보호통 교체,"1,083,600 ","988,000 ","95,600 ",0 ,"16,970 ","21,550 ","17,160 ","4,860 ","2,190 ","11,010 ","2,790","19,810",15.0,계량기보호통(실),계량기보호실,노후,,211.0,2,,,,,미등록,폐콘 0.2,2025-01-11,35.8881576,128.6176039
805,20250113-0322,01-13,동구 신암동 603-262,지상사유지,STS D15mm 인입선 누수수선,"381,000 ","381,000 ",0 ,0 ,"5,950 ","7,550 ","6,010 ","1,700 ",770 ,"3,860 ","1,130","5,390",15.0,스텐레스관,직관,동파,,211.0,8,,,,,미등록,,2025-01-13,35.8837292,128.6224844
806,20250113-0394,01-13,동구 신암동 347-12,지상사유지,D15mm 계량기 보호통 교체,"999,600 ","904,000 ","95,600 ",0 ,"15,310 ","19,440 ","15,480 ","4,390 ","1,980 ","9,930 ","2,560","18,290",15.0,계량기보호통(실),접합부,노후,,218.0,22,,,,,미등록,폐콘 0.2,2025-01-13,35.8823807,128.6313491
807,20250113-0415,01-13,동구 신천동 322-1,지상사유지,D15mm 계량기 보호통 교체,"1,326,600 ","1,231,000 ","95,600 ",0 ,"21,700 ","27,550 ","21,940 ","6,220 ","2,810 ","14,080 ","3,430","24,010",15.0,계량기보호통(실),계량기보호통,노후,,222.0,33,0.2,290 ,258 ,32 ,미등록,폐콘 0.3,2025-01-13,35.8735041,128.6274973
808,20250114-0070,01-14,동구 방촌동 722-1,지하공도,PFP D40*15mm 분기점 누수수선,"1,614,000 ","1,614,000 ",0 ,0 ,"21,580 ","27,400 ","21,820 ","6,190 ","2,790 ","14,000 ","4,640","22,520",15.0,스텐레스관,이형관,노후,230.88,228.0,123-2,0.2,290 ,258 ,32 ,등록,"폐콘0.7, 폐아 0.5",2025-01-14,35.8865215,128.6634926
809,20250114-0202,01-14,동구 불로동 1304 동원주유소,지상사유지,D15mm 계량기 보호통 교체,"892,600 ","797,000 ","95,600 ",0 ,"12,850 ","16,310 ","12,990 ","3,680 ","1,660 ","8,330 ","2,310","16,060",15.0,계량기보호통(실),계량기보호통,노후,,205.0,77,,,,,미등록,폐콘 0.1,2025-01-14,35.9160128,128.6415316
810,20250114-0221,01-14,동구 지저동 794-9,지하공도,STS D25*15mm 분기점 누수수선,"699,000 ","699,000 ",0 ,0 ,"11,090 ","14,080 ","11,210 ","3,180 ","1,430 ","7,190 ","2,070","10,980",15.0,스텐레스관,이형관,노후,72.96,208.0,106-2,,0 ,0 ,0 ,등록,,2025-01-14,35.8932385,128.6404543
812,20250114-0269,01-14,동구 효목동 234-45 산 산,지상사유지,D20mm 계량기 보호통 교체,"1,513,000 ","1,385,000 ","128,000 ",0 ,"25,050 ","31,800 ","25,330 ","7,180 ","3,240 ","16,250 ","3,930","27,940",20.0,계량기보호통(실),계량기보호실,노후,,214.0,128,,,,,미등록,,2025-01-14,35.8830953,128.649811
813,20250115-0080,01-15,동구 도동 90-23 90-28 201호,지상사유지,D25mm 계량기 보호통 교체,"1,285,000 ","1,127,000 ","158,000 ",0 ,"18,620 ","23,640 ","18,830 ","5,340 ","2,410 ","12,080 ","3,220","23,870",25.0,계량기보호통(실),계량기보호통,노후,,205.0,80,0.1,145 ,129 ,16 ,미등록,폐콘 0.2,2025-01-15,35.9103614,128.6497112
814,20250115-0136,01-15,동구 효목동 199-9,지상사유지,D20mm 계량기 보호통 교체,"1,090,000 ","962,000 ","128,000 ",0 ,"16,550 ","21,000 ","16,730 ","4,740 ","2,140 ","10,730 ","2,740","20,440",20.0,계량기보호통(실),계량기보호통,노후,,213.0,38,,,,,미등록,폐콘 0.1,2025-01-15,35.8780975,128.6465172
815,20250115-0192,01-15,동구 방촌동 1128-34,지상사유지,STS D15mm 인입선 누수수선,"511,000 ","511,000 ",0 ,0 ,"6,890 ","8,750 ","6,970 ","1,970 ",890 ,"4,470 ","1,550","8,530",15.0,스텐레스관,이형관,동파,,226.0,102,,,,,미등록,폐콘 0.1,2025-01-15,35.896345,128.6717901
816,20250116-0006,01-16,동구 신암동 620-70,지상공도,PFP D40*15mm 분기점 누수수선,"731,000 ","731,000 ",0 ,0 ,"9,240 ","11,730 ","9,340 ","2,650 ","1,190 ","5,990 ","2,290","10,970",15.0,PFP관,이형관,노후,0.19,211.0,9,0.0,0 ,0 ,0 ,등록,,2025-01-16,35.8856764,128.6254581
817,20250116-0085,01-16,동구 매여동 82,지하공도,HIVP D25mm 인입선 누수수선,"1,703,000 ","1,703,000 ",0 ,0 ,"24,440 ","31,030 ","24,710 ","7,010 ","3,160 ","15,860 ","5,070","27,670",25.0,HIVP,직관,동파,504,230.0,201,0.1,145 ,129 ,16 ,등록,폐아 0.4,2025-01-16,35.9149982,128.7245589
818,20250116-0274,01-16,동구 불로동 866-9,지상사유지,D40mm 계량기 보호통 교체,"1,572,000 ","1,254,000 ","318,000 ",0 ,"22,230 ","28,220 ","22,480 ","6,370 ","2,870 ","14,420 ","3,490","30,390",40.0,계량기보호통(실),계량기보호실,노후,,207.0,90,0.1,145 ,129 ,16 ,미등록,폐콘 0.2,2025-01-16,35.9034096,128.6313138
819,20250117-0064,01-17,동구 불로동 1156,지상사유지,D50mm 계량기실 누수수선,"152,000 ","152,000 ",0 ,0 ,"1,610 ","2,040 ","1,630 ",460 ,200 ,"1,040 ",490,"1,330",50.0,계량기보호통(실),계량기보호통,노후,,204.0,76,,,,,미등록,,2025-01-17,35.9136199,128.6391588
822,20250120-0378,01-20,동구 효목동 234-34 산 산,지상사유지,D25mm 계량기 보호통 교체,"1,137,000 ","979,000 ","158,000 ",0 ,"16,980 ","21,560 ","17,170 ","4,870 ","2,190 ","11,020 ","2,810","21,780",25.0,계량기보호통(실),계량기보호통,노후,,214.0,136,,,,,미등록,,2025-01-20,35.8784937,128.6558071
824,20250120-0404,01-20,동구 불로동 190-4,지하공도,PFP D50*15mm 분기점 누수수선,"1,857,000 ","1,738,000 ","119,000 ",0 ,"24,210 ","30,730 ","24,480 ","6,940 ","3,130 ","15,710 ","5,260","31,070",15.0,PFP관,이형관,노후,215.28,204.0,76,0.1,145 ,129 ,16 ,등록,폐아 0.2,2025-01-20,35.9106045,128.6384527
826,20250121-0068,01-21,동구 신천동 679-6,지상사유지,STS D15mm 인입선 누수수선,"2,610,840 ","2,529,000 ","81,840 ",0 ,"43,440 ","55,140 ","43,920 ","12,460 ","5,620 ","28,180 ","7,320","44,490",15.0,스텐레스관,직관,노후,14.8,220.0,40,0.2,290 ,258 ,32 ,미등록,,2025-01-21,35.8714921,128.6188122
827,20250121-0078,01-21,동구 봉무동 1551-5,지상공도,HIVP D100*25mm 분기점 누수수선,"1,932,000 ","1,932,000 ",0 ,0 ,"27,900 ","35,410 ","28,210 ","8,000 ","3,610 ","18,100 ","5,760","29,000",25.0,부분기대,부분기대,노후,0.48,202.0,67,0.2,290 ,258 ,32 ,등록,폐콘 0.4,2025-01-21,35.920842,128.6397578
828,20250121-0226,01-21,동구 신기동 45-6,지상사유지,D15mm 계량기 보호통 교체,"961,600 ","866,000 ","95,600 ",0 ,"13,690 ","17,380 ","13,840 ","3,920 ","1,770 ","8,880 ","2,530","16,870",15.0,계량기보호통(실),계량기보호통,노후,,233.0,251,,,,,미등록,폐콘 0.1,2025-01-21,35.8696792,128.7081077
829,20250122-0169,01-22,동구 내곡동 169,지상공도,STS D40mm 직관부 손괴 누수수선,"255,000 ","255,000 ",0 ,0 ,"3,210 ","4,080 ","3,250 ",920 ,410 ,"2,080 ",800,"2,990",40.0,스텐레스관,직관,타공사손괴,69.6,236.0,211,,0 ,0 ,0 ,등록,,2025-01-22,35.8874128,128.7590785
830,20250122-0208,01-22,동구 동호동 20,지상사유지,D15mm 계량기실 누수수선,"111,000 ","111,000 ",0 ,0 ,450 ,570 ,450 ,120 ,50 ,290 ,400,370,15.0,계량기보호통(실),계량기보호통,노후,,233.0,257,,,,,미등록,,2025-01-22,35.8704018,128.7114097
831,20250122-0459,01-22,동구 용계동 332-3,지하공도,PFP D50*15mm 분기점 누수수선,"2,014,000 ","2,014,000 ",0 ,0 ,"26,530 ","33,670 ","26,820 ","7,610 ","3,430 ","17,210 ","6,110","28,840",15.0,스텐레스관,이형관,노후,438.24,226.0,135,0.2,290 ,258 ,32 ,등록,폐아 0.5,2025-01-22,35.881284,128.6862598
832,20250123-0463,01-23,동구 금강동 434-9,지하미누수,확인 터파기 결과 미누수,"1,261,000 ","1,261,000 ",0 ,0 ,"15,620 ","19,830 ","15,790 ","4,480 ","2,020 ","10,130 ","3,820","16,130",,,,,,236.0,290,0.2,290 ,258 ,32 ,미등록,폐아 0.5,2025-01-23,35.8603066,128.7407118
833,20250123-0508,01-23,동구 신암동 347-10,지상사유지,D25mm 계량기실 누수수선,"62,000 ","62,000 ",0 ,0 ,450 ,570 ,450 ,120 ,50 ,290 ,210,370,25.0,계량기보호통(실),계량기보호통,노후,,218.0,22,,,,,미등록,,2025-01-23,35.8821331,128.6310666
834,20250124-0106,01-24,동구 입석동 885-24,지상사유지,D15mm 계량기 보호통 교체,"1,052,600 ","957,000 ","95,600 ",0 ,"16,090 ","20,430 ","16,270 ","4,610 ","2,080 ","10,440 ","2,750","18,930",15.0,계량기보호통(실),계량기보호통,노후,,210.0,108-1,,,,,미등록,폐콘 0.1,2025-01-24,35.8919905,128.650145
835,20250124-0323,01-24,동구 지저동 677-29,지상사유지,D15mm 계량기실 누수수선,"231,000 ","231,000 ",0 ,0 ,"3,520 ","4,470 ","3,560 ","1,010 ",450 ,"2,280 ",690,"2,910",15.0,계량기보호통(실),계량기보호통,노후,,208.0,101-2,,,,,미등록,,2025-01-24,35.8958498,128.6415056
836,20250130-0006,01-30,동구 중대동 1090-2,지상사유지,STS D32mm 인입선 누수수선,"2,332,000 ","2,332,000 ",0 ,0 ,"34,780 ","44,150 ","35,160 ","9,970 ","4,500 ","22,560 ","7,040","36,960",32.0,스텐레스관,이형관,노후,,201.0,54,,,,,미등록,,2025-01-30,35.9795643,128.6310838
837,20250131-0383,01-31,동구 신암동 227-15,지상사유지,D15mm 계량기 보호통 교체,"1,028,600 ","933,000 ","95,600 ",0 ,"15,750 ","20,000 ","15,930 ","4,520 ","2,030 ","10,220 ","2,670","19,050",15.0,계량기보호통(실),계량기보호통,노후,,217.0,18,,,,,미등록,폐콘 0.1,2025-01-31,35.8807693,128.6216427
838,20250131-0466,01-31,동구 불로동 1141-8,지상사유지,D15mm 계량기 보호통 교체,"990,600 ","895,000 ","95,600 ",0 ,"14,840 ","18,840 ","15,000 ","4,250 ","1,920 ","9,630 ","2,580","17,820",15.0,계량기보호통(실),계량기보호통,노후,,205.0,77,,,,,미등록,폐콘 0.1,2025-01-31,35.9150309,128.6421218
839,20250131-0607,01-31,동구 송정동 571,지상공도,PE D40mm 인입선 누수수선,"2,685,000 ","2,685,000 ",0 ,0 ,"36,970 ","46,930 ","37,380 ","10,600 ","4,780 ","23,980 ","7,240","37,220",40.0,PE관,직관,노후,250.1,201.0,54,0.2,290 ,258 ,32 ,미등록,"폐콘 2.4, 폐아 1.0",2025-01-31,35.9967876,128.6205596
841,20250202-0048,02-02,동구 신천동 297-1,지상공도,CI-EL D=150㎜ 직관부 누수수선,"6,430,000 ","3,410,000 ","314,000 ","2,706,000 ","47,280 ","60,020 ","47,810 ","13,560 ","6,120 ","30,670 ","9,670","60,200",150.0,닥타일관,직관,노후,416,222.0,43,0.9,"1,304 ","1,161 ",143 ,등록,폐아 2.5,2025-02-02,35.8701354,128.6268982
842,20250203-0011,02-03,동구 효목동 437-2 27호,지상공도,PFP D50*15mm 분기점 누수수선,"1,941,600 ","1,846,000 ","95,600 ",0 ,"30,470 ","38,670 ","30,800 ","8,740 ","3,940 ","19,760 ","5,310","33,980",15.0,PFP관,이형관,노후,0.26,223.0,46-2,0.2,290 ,258 ,32 ,등록,폐콘 0.3,2025-02-03,35.8757101,128.6380486
843,20250203-0265,02-03,동구 신천동 694-14,지하공도,PFP D50*15mm 구분기점 누수수선,"1,231,000 ","1,231,000 ",0 ,0 ,"20,640 ","26,210 ","20,870 ","5,920 ","2,670 ","13,390 ","3,590","21,450",15.0,PFP관,이형관,노후,308.88,220.0,40,0.1,145 ,129 ,16 ,등록,,2025-02-03,35.8730284,128.6173884
844,20250204-0219,02-04,동구 신암동 228-36,지상공도,D25mm 인입선 누수수선,"1,215,000 ","1,215,000 ",0 ,0 ,"15,810 ","20,070 ","15,990 ","4,530 ","2,040 ","10,260 ","3,610","18,960",25.0,PE관,이형관,부식,1.21,217.0,18,0.4,580 ,516 ,64 ,등록,"폐콘 0.4 , 폐아 0.2",2025-02-04,35.8807138,128.6207632
845,20250205-0447,02-05,동구 불로동 1022-13,지하사유지,D15mm 계량기 보호통 교체,"914,600 ","819,000 ","95,600 ",0 ,"13,220 ","16,780 ","13,360 ","3,790 ","1,710 ","8,570 ","2,380","16,500",15.0,계량기보호통(실),접합부,노후,216,208.0,99,,0 ,0 ,0 ,미등록,폐콘 0.1,2025-02-05,35.8964674,128.6338915
846,20250205-0497,02-05,동구 효목동 161-14,지상공도,PFP D40*15mm 분기점 누수수선,"1,929,600 ","1,834,000 ","95,600 ",0 ,"29,400 ","37,330 ","29,730 ","8,430 ","3,800 ","19,080 ","5,390","34,090",15.0,PFP관,이형관,노후,0.19,213.0,38,0.1,145 ,129 ,16 ,등록,폐콘 0.1,2025-02-05,35.8802236,128.6437618
847,20250206-0079,02-06,동구 검사동 762-10,지하공도,HVIP D80*15mm 분기점 누수수선,"563,000 ","563,000 ",0 ,0 ,"5,980 ","7,600 ","6,050 ","1,710 ",770 ,"3,880 ","1,820","7,300",15.0,부분기대,부분기대,노후,216,210.0,108-1,,0 ,0 ,0 ,등록,,2025-02-06,35.8873562,128.6597724
848,20250206-0147,02-06,동구 효목동 161-13,지상사유지,D15mm 계량기 보호통 교체,"874,600 ","779,000 ","95,600 ",0 ,"12,890 ","16,360 ","13,030 ","3,690 ","1,660 ","8,360 ","2,240","16,220",15.0,계량기보호통(실),접합부,노후,,213.0,38,,,,,미등록,폐콘 0.1,2025-02-06,35.8803065,128.6436715
849,20250206-0279,02-06,동구 신암동 70-2,기타,"출장비 N=6 (849, 858, 877, 902, 903, 905)","417,000 ","417,000 ",0 ,0 ,0 ,0 ,0 ,0 ,0 ,0 ,"1,590",0,,,,,,209.0,1,,,,,미등록,,2025-02-06,35.8897774,128.6338183
850,20250206-0364,02-06,동구 용계동 977-2,지상공도,D80mm 제수밸브 누수수선,"1,418,000 ","1,418,000 ",0 ,0 ,"17,540 ","22,270 ","17,740 ","5,030 ","2,270 ","11,380 ","4,350","18,790",80.0,변류,접합부,노후,8.42,226.0,224-1,0.2,290 ,258 ,32 ,등록,폐아 0.4,2025-02-06,35.8766699,128.6829762
851,20250208-0029,02-08,동구 불로동 946,지상사유지,D15mm 계량기 보호통 교체,"819,600 ","724,000 ","95,600 ",0 ,"11,430 ","14,510 ","11,560 ","3,280 ","1,480 ","7,420 ","2,100","14,730",15.0,계량기보호통(실),접합부,노후,,208.0,89,,,,,미등록,폐콘 0.1,2025-02-08,35.9020111,128.629602
852,20250209-0042,02-09,동구 효목동 89-43,지상사유지,D15mm 계량기 보호통 교체,"844,600 ","749,000 ","95,600 ",0 ,"12,180 ","15,460 ","12,320 ","3,490 ","1,570 ","7,900 ","2,160","15,720",15.0,계량기보호통(실),연결부,노후,,213.0,26,,,,,미등록,폐콘 0.1,2025-02-09,35.8852976,128.6419832
853,20250210-0026,02-10,동구 능성동 131,지상공도,STS D40mm 인입선 누수수선,"2,030,000 ","2,030,000 ",0 ,0 ,"17,410 ","22,100 ","17,600 ","4,990 ","2,250 ","11,290 ","6,810","20,370",40.0,스텐레스관,이형관,동파,7.1,201.0,313,,0 ,0 ,0 ,등록,,2025-02-10,35.9589512,128.7273349
854,20250210-0177,02-10,동구 효목동 171-5,지상사유지,D20mm 계량기 보호통 교체,"1,160,000 ","1,032,000 ","128,000 ",0 ,"17,650 ","22,410 ","17,850 ","5,060 ","2,280 ","11,450 ","2,950","21,790",20.0,계량기보호통(실),계량기보호실,노후,,213.0,38,,,,,미등록,폐콘 0.1,2025-02-10,35.8805865,128.6471053
855,20250210-0279,02-10,동구 방촌동 1063-9,지상사유지,D15mm 계량기 보호통 교체,"1,143,600 ","1,048,000 ","95,600 ",0 ,"17,250 ","21,900 ","17,440 ","4,940 ","2,230 ","11,190 ","3,030","20,810",15.0,계량기보호통(실),접합부,노후,,227.0,124-2,,,,,미등록,폐콘 0.1,2025-02-10,35.8818655,128.6628871
856,20250210-0323,02-10,동구 방촌동 802-4,미누수,현장 확인 결과 미누수,"75,000 ","75,000 ",0 ,0 ,0 ,0 ,0 ,0 ,0 ,0 ,280,0,,,,,,228.0,132,,,,,미등록,,2025-02-10,35.8827291,128.6678163
857,20250210-0400,02-10,동구 방촌동 128-18,지상사유지,D15mm 계량기 보호통 교체,"819,600 ","724,000 ","95,600 ",0 ,"11,660 ","14,810 ","11,790 ","3,340 ","1,500 ","7,570 ","2,120","14,860",15.0,계량기보호통(실),연결부,노후,,226.0,116,,,,,미등록,,2025-02-10,35.8905422,128.67719
859,20250211-0028,02-11,동구 미대동 746-1,지상공도,STS D25mm 인입선 누수수선,"1,138,000 ","1,138,000 ",0 ,0 ,"13,680 ","17,370 ","13,830 ","3,920 ","1,770 ","8,870 ","3,610","17,570",25.0,스텐레스관,이형관,동파,4.4,201.0,301,,0 ,0 ,0 ,등록,,2025-02-11,35.9486169,128.6647221
860,20250211-0030,02-11,동구 평광동 519,지상공도,HIVP D50mm 인입선 누수수선,"725,000 ","725,000 ",0 ,0 ,"8,850 ","11,230 ","8,940 ","2,530 ","1,140 ","5,740 ","2,290","10,290",50.0,HIVP,이형관,동파,12.7,206.0,72,,0 ,0 ,0 ,등록,,2025-02-11,35.9347099,128.6945187
861,20250211-0033,02-11,동구 효목동 46-29,지상사유지,D15mm 계량기실 누수수선,"62,000 ","62,000 ",0 ,0 ,450 ,570 ,450 ,120 ,50 ,290 ,210,370,15.0,계량기보호통(실),계량기보호실,노후,,213.0,24,,,,,미등록,,2025-02-11,35.8826068,128.637081
862,20250211-0055,02-11,동구 방촌동 802-4,지하공도,PE D40mm 직관부 누수수선,"1,612,200 ","1,441,000 ","171,200 ",0 ,"19,840 ","25,190 ","20,060 ","5,690 ","2,560 ","12,870 ","4,260","24,760",40.0,PE관,직관,노후,423.12,228.0,132,0.2,290 ,258 ,32 ,등록,폐아 0.5,2025-02-11,35.8827291,128.6678163
863,20250211-0271,02-11,동구 방촌동 1084-284,지상사유지,D15mm 계량기실 누수수선,"129,000 ","129,000 ",0 ,0 ,"1,350 ","1,710 ","1,360 ",380 ,170 ,870 ,420,"1,120",15.0,계량기보호통(실),계량기보호실,노후,,227.0,124-2,,,,,미등록,,2025-02-11,35.877954,128.6636883
864,20250212-0277,02-12,동구 신암동 350-1,지하사유지,D40mm 계량기 보호통 교체,"1,711,000 ","1,393,000 ","318,000 ",0 ,"22,690 ","28,800 ","22,940 ","6,500 ","2,930 ","14,720 ","3,750","31,050",40.0,계량기보호통(실),연결부,노후,443.76,218.0,22,0.2,290 ,258 ,32 ,미등록,폐콘 1.0,2025-02-12,35.8809187,128.6300907
865,20250213-0083,02-13,동구 신암동 350-4,지상사유지,D32mm 계량기실 누수수선,"146,000 ","146,000 ",0 ,0 ,"2,230 ","2,830 ","2,250 ",640 ,280 ,"1,440 ",430,"1,850",32.0,계량기보호통(실),계량기보호실,노후,,218.0,22,,,,,미등록,,2025-02-13,35.8811257,128.6303157
866,20250213-0174,02-13,동구 율하동 867-7,지상사유지,D15mm 계량기실 누수수선,"154,000 ","154,000 ",0 ,0 ,"1,350 ","1,710 ","1,360 ",380 ,170 ,870 ,510,"1,120",15.0,계량기보호통(실),계량기보호실,노후,,233.0,250,,,,,미등록,,2025-02-13,35.8706339,128.7000062
867,20250213-0191,02-13,동구 신암동 722-272,지상사유지,D15mm 계량기 보호통 교체,"1,143,600 ","1,048,000 ","95,600 ",0 ,"18,380 ","23,330 ","18,580 ","5,270 ","2,380 ","11,920 ","2,970","21,010",15.0,계량기보호통(실),접합부,노후,,211.0,2,,,,,미등록,폐콘 0.1,2025-02-13,35.8846064,128.6162616
868,20250214-0135,02-14,동구 신암동 652-16,지상사유지,D15mm 계량기 보호통 교체,"878,600 ","783,000 ","95,600 ",0 ,"12,970 ","16,470 ","13,120 ","3,720 ","1,670 ","8,420 ","2,250","16,280",15.0,계량기보호통(실),접합부,노후,,211.0,3,,,,,미등록,폐콘 0.1,2025-02-14,35.8900002,128.6209528
869,20250214-0140,02-14,동구 신암동 128-25,지상공도,STS D25*15mm 분기점 누수수선,"668,000 ","668,000 ",0 ,0 ,"8,150 ","10,350 ","8,240 ","2,330 ","1,050 ","5,290 ","2,110","10,500",15.0,스텐레스관,이형관,노후,0.15,209.0,1,0.0,0 ,0 ,0 ,등록,,2025-02-14,35.8872168,128.6323732
870,20250214-0202,02-14,동구 대림동 807,지상사유지,HIVP D15mm 인입선 누수수선,"1,202,000 ","1,202,000 ",0 ,0 ,"13,700 ","17,390 ","13,850 ","3,930 ","1,770 ","8,880 ","3,760","16,060",15.0,기타,기타,노후,0,236.0,287,0.2,290 ,258 ,32 ,미등록,폐아 0.3,2025-02-14,35.8646255,128.745208
871,20250215-0015,02-15,동구 효목동 444-16,지상사유지,D15mm 계량기 보호통 교체,"859,600 ","764,000 ","95,600 ",0 ,"12,570 ","15,960 ","12,710 ","3,600 ","1,620 ","8,150 ","2,200","15,940",15.0,계량기보호통(실),접합부,노후,,223.0,46-2,,,,,미등록,폐콘 0.1,2025-02-15,35.8767653,128.6381326
872,20250217-0070,02-17,동구 방촌동 115-24,지상공도,PFP D80*15mm 분기점 누수수선,"3,284,840 ","3,203,000 ","81,840 ",0 ,"46,790 ","59,400 ","47,310 ","13,420 ","6,050 ","30,360 ","9,470","54,360",15.0,부분기대,부분기대,노후,0.19,226.0,116,0.3,435 ,387 ,48 ,등록,폐아 0.8,2025-02-17,35.8923293,128.6764326
873,20250217-0111,02-17,동구 용계동 12,지상사유지,D15mm 계량기 보호통 교체,"833,600 ","738,000 ","95,600 ",0 ,"11,250 ","14,290 ","11,380 ","3,220 ","1,450 ","7,300 ","2,170","14,530",15.0,계량기보호통(실),접합부,노후,,230.0,201,,,,,미등록,폐콘 0.1,2025-02-17,35.8785404,128.6990535
874,20250215-0024,02-15,동구 효목동 131-18,지상공도,STS D25*15mm 분기점 누수수선,"589,000 ","589,000 ",0 ,0 ,"6,200 ","7,870 ","6,270 ","1,770 ",800 ,"4,020 ","1,910","9,100",15.0,스텐레스관,이형관,노후,0.15,213.0,26,0.0,0 ,0 ,0 ,등록,,2025-02-15,35.8840424,128.6422103
875,20250217-0391,02-17,동구 용계동 399-2,지하사유지,D15mm 계량기 보호통 교체,"730,600 ","635,000 ","95,600 ",0 ,"8,970 ","11,390 ","9,070 ","2,570 ","1,160 ","5,820 ","1,900","12,740",15.0,계량기보호통(실),계량기보호통,노후,246.24,226.0,224-1,,0 ,0 ,0 ,미등록,폐콘 0.1,2025-02-17,35.8777196,128.6813937
876,20250217-0445,02-17,동구 용계동 369-4,지상사유지,D20mm 계량기 보호통 교체,"1,068,000 ","940,000 ","128,000 ",0 ,"15,140 ","19,220 ","15,310 ","4,340 ","1,960 ","9,820 ","2,730","19,130",20.0,계량기보호통(실),계량기보호통,노후,,226.0,224-1,,,,,미등록,폐콘 0.1,2025-02-17,35.876975,128.6841214
878,20250217-0511,02-17,동구 방촌동 122-8,기타,공사 후 이토작업,"123,000 ","123,000 ",0 ,0 ,"1,220 ","1,550 ","1,240 ",350 ,150 ,790 ,400,"1,020",,,,,,226.0,116,,0 ,0 ,0 ,미등록,,2025-02-17,35.8917026,128.6774015
879,20250218-0058,02-18,동구 서호동 14-8,지상사유지,D15mm 계량기 보호통 교체,"985,600 ","890,000 ","95,600 ",0 ,"13,900 ","17,640 ","14,050 ","3,980 ","1,800 ","9,010 ","2,610","17,390",15.0,계량기보호통(실),계량기보호통,노후,,233.0,257,,,,,미등록,폐콘 0.1,2025-02-18,35.870052,128.7116145
880,20250218-0389,02-18,동구 서호동 176,미누수,현장 확인 결과 내부누수,"154,000 ","154,000 ",0 ,0 ,"1,350 ","1,710 ","1,360 ",380 ,170 ,870 ,510,"1,120",,,,,,233.0,257,,,,,미등록,,2025-02-18,35.867918,128.7133168
881,20250218-0390,02-18,동구 검사동 762-10,기타,인도블럭 재포장,"1,208,000 ","1,208,000 ",0 ,0 ,"19,180 ","24,350 ","19,390 ","5,500 ","2,480 ","12,440 ","3,580","18,580",,,,,,210.0,108-1,0.1,145 ,129 ,16 ,미등록,,2025-02-18,35.8873562,128.6597724
882,20250218-0433,02-18,동구 율암동 316-2,지하공도,"PFP D40*15mm 분기점 누수수선
","706,000 ","706,000 ",0 ,0 ,"6,940 ","8,810 ","7,010 ","1,990 ",890 ,"4,500 ","2,200","8,830",15.0,부분기대,부분기대,노후,341.04,230.0,201,0.1,145 ,129 ,16 ,등록,폐콘 0.4,2025-02-18,35.8784532,128.7040216
883,20250219-0073,02-19,동구 백안동 62,지상공도,SPOL D50mm 접합부 누수수선,"1,936,000 ","1,936,000 ",0 ,0 ,"27,030 ","34,310 ","27,320 ","7,750 ","3,500 ","17,530 ","5,790","28,990",50.0,SPOL(폴리에틸렌피복스테인리스강관),이형관,접합부이완,12.7,201.0,313,0.2,290 ,258 ,32 ,등록,폐아 0.5,2025-02-19,35.9495311,128.7037714
884,20250219-0262,02-19,동구 중대동 296,지상공도,STS D40mm 인입선 누수수선,"1,285,000 ","1,285,000 ",0 ,0 ,"1,200 ","1,520 ","1,210 ",340 ,150 ,780 ,"4,830","1,130",40.0,스텐레스관,이형관,동파,7.1,201.0,54,,0 ,0 ,0 ,등록,,2025-02-19,35.9759705,128.6321558
885,20250219-0362,02-19,동구 신천동 434,지상사유지,D15mm 계량기 보호통 교체,"930,600 ","835,000 ","95,600 ",0 ,"13,950 ","17,710 ","14,100 ","4,000 ","1,800 ","9,050 ","2,400","17,230",15.0,계량기보호통(실),계량기보호통,노후,,606.0,44-2,0.1,145 ,129 ,16 ,미등록,폐콘 0.1,2025-02-19,35.876104,128.6308813
886,20250220-0028,02-20,동구 지저동 668-13,미누수,확인 터파기 결과 미누수,"154,000 ","154,000 ",0 ,0 ,"1,680 ","2,130 ","1,700 ",480 ,210 ,"1,090 ",460,"1,420",,,,,,208.0,106-2,,,,,미등록,폐콘 0.1,2025-02-20,35.897228,128.6391291
887,20250220-0030,02-20,동구 효목동 118-36,미누수,현장 터파기 결과 옥내누수,"270,000 ","270,000 ",0 ,0 ,"3,880 ","4,920 ","3,920 ","1,110 ",500 ,"2,510 ",790,"3,890",,,,,,213.0,26,,0 ,0 ,0 ,미등록,폐콘 0.1,2025-02-20,35.8849283,128.6412446
888,20250220-0052,02-20,동구 중대동 729,지상사유지,D15mm 계량기 보호통 교체,"1,001,600 ","906,000 ","95,600 ",0 ,"14,350 ","18,210 ","14,500 ","4,110 ","1,850 ","9,310 ","2,640","17,630",15.0,계량기보호통(실),계량기보호통,노후,,201.0,54,,,,,미등록,폐콘 0.1,2025-02-20,35.9841543,128.6368467
889,20250220-0244,02-20,동구 신천동 102,미누수,현장 확인 결과 내부누수,"73,000 ","73,000 ",0 ,0 ,560 ,710 ,560 ,160 ,70 ,360 ,240,450,,,,,,221.0,42,,,,,미등록,,2025-02-20,35.8724731,128.6248315
890,20250220-0255,02-20,동구 능성동 19-2,지상사유지,D15mm 계량기 보호통 교체,"889,600 ","794,000 ","95,600 ",0 ,"12,240 ","15,540 ","12,380 ","3,510 ","1,580 ","7,940 ","2,330","15,570",15.0,계량기보호통(실),계량기보호통,노후,,201.0,313,,,,,미등록,폐콘 0.1,2025-02-20,35.9662093,128.74408
891,20250220-0370,02-20,동구 신무동 710,지하공도,D50mm 제수밸브 누수수선,"1,355,000 ","1,355,000 ",0 ,0 ,"16,010 ","20,330 ","16,190 ","4,590 ","2,070 ","10,390 ","4,220","17,930",50.0,변류,접합부,노후,0,201.0,307,0.2,290 ,258 ,32 ,등록,폐아 0.3,2025-02-20,35.9847338,128.6734759
892,20250221-0220,02-21,동구 검사동 763-11,기타,공사 후 이토작업,"152,000 ","152,000 ",0 ,0 ,"1,840 ","2,330 ","1,860 ",520 ,230 ,"1,190 ",480,"1,530",,,,,,210.0,108-1,,0 ,0 ,0 ,미등록,,2025-02-21,35.8874089,128.6599475
893,20250221-0314,02-21,동구 신암동 226-9,지상사유지,D15mm 계량기실 누수수선,"105,000 ","105,000 ",0 ,0 ,"1,350 ","1,710 ","1,360 ",380 ,170 ,870 ,320,"1,120",15.0,계량기보호통(실),계량기보호통,노후,,217.0,18,,,,,미등록,,2025-02-21,35.8805494,128.6223692
894,20250221-0390,02-21,동구 방촌동 941-28,지상사유지,D15mm 계량기 보호통 교체,"879,600 ","784,000 ","95,600 ",0 ,"12,480 ","15,840 ","12,620 ","3,580 ","1,610 ","8,100 ","2,280","15,880",15.0,계량기보호통(실),계량기보호통,노후,,228.0,125,0.0,0 ,0 ,0 ,미등록,폐콘 0.1,2025-02-21,35.8850891,128.6653152
895,20250222-0014,02-22,동구 신암동 647-47,지상사유지,D15mm 계량기 보호통 교체,"994,600 ","899,000 ","95,600 ",0 ,"15,320 ","19,450 ","15,490 ","4,390 ","1,980 ","9,940 ","2,570","18,350",15.0,계량기보호통(실),계량기보호통,노후,,211.0,7,,,,,미등록,폐콘 0.1,2025-02-22,35.8870439,128.6219541
896,20250224-0134,02-24,동구 검사동 1025-36,지상사유지,STS D15 인입선 누수수선,"266,000 ","266,000 ",0 ,0 ,"2,210 ","2,810 ","2,240 ",630 ,280 ,"1,430 ",890,"4,240",15.0,스텐레스관,직관,타공사손괴,,210.0,111-1,,,,,미등록,,2025-02-24,35.8886694,128.6468228
897,20250224-0151,02-24,동구 효목동 126-17,지상사유지,D15mm 계량기 보호통 교체,"929,600 ","834,000 ","95,600 ",0 ,"14,050 ","17,830 ","14,200 ","4,030 ","1,810 ","9,110 ","2,390","17,180",15.0,계량기보호통(실),계량기보호통,노후,,213.0,24,,,,,미등록,폐콘 0.1,2025-02-24,35.883556,128.6404768
898,20250224-0211,02-24,동구 신천동 773-17,지상사유지,D15mm 계량기 보호통 교체,"868,600 ","773,000 ","95,600 ",0 ,"12,800 ","16,240 ","12,940 ","3,670 ","1,650 ","8,300 ","2,220","16,080",15.0,계량기보호통(실),계량기보호통,노후,,221.0,49,,,,,미등록,폐콘 0.1,2025-02-24,35.8694263,128.6209741
899,20250224-0281,02-24,동구 입석동 976-1,시설물수선,"D100mm, D150mm 유량계 교체","17,518,000 ","1,898,000 ","15,620,000 ",0 ,"32,130 ","40,780 ","32,480 ","9,210 ","4,160 ","20,840 ","5,500","33,640",,,,,,210.0,108-1,,0 ,0 ,0 ,미등록,,2025-02-24,35.8933164,128.6446157
900,20250224-0582,02-24,동구 신암동 770-11,지상사유지,D15mm 계량기실 누수수선,"105,000 ","105,000 ",0 ,0 ,"1,350 ","1,710 ","1,360 ",380 ,170 ,870 ,320,"1,120",15.0,계량기보호통(실),계량기보호통,노후,,211.0,6,,,,,미등록,,2025-02-24,35.8826045,128.6167867
901,20250224-0629,02-24,동구 내곡동 245,지하공도,PFP D100mm 접합부 누수수선,"459,000 ","459,000 ",0 ,0 ,"5,150 ","6,540 ","5,210 ","1,470 ",660 ,"3,340 ","1,470","4,660",100.0,PFP관,이형관,노후,997.92,236.0,211,,0 ,0 ,0 ,등록,,2025-02-24,35.8855802,128.757771
904,20250225-0569,02-25,동구 숙천동 84-2,지상공도,STS D25mm 인입선 누수수선,"237,000 ","237,000 ",0 ,0 ,"2,020 ","2,570 ","2,040 ",580 ,260 ,"1,310 ",790,"2,120",25.0,스텐레스관,이형관,동파,3.2,230.0,210,,0 ,0 ,0 ,등록,,2025-02-25,35.8786997,128.7510839
906,20250226-0180,02-26,동구 지저동 642-3,지상사유지,D15mm 계량기 보호통 교체,"1,017,600 ","922,000 ","95,600 ",0 ,"15,070 ","19,130 ","15,240 ","4,320 ","1,950 ","9,780 ","2,640","18,210",15.0,계량기보호통(실),계량기보호실,노후,,208.0,101-2,,,,,미등록,폐콘 0.2,2025-02-26,35.8961413,128.6423887
907,20250226-0520,02-26,동구 내곡동 242-4,지하공도,PFP D100*15mm 구분기점 누수수선,"526,000 ","526,000 ",0 ,0 ,"4,900 ","6,220 ","4,950 ","1,400 ",630 ,"3,170 ","1,560","5,180",15.0,부분기대,부분기대,노후,497.28,236.0,211,0.1,145 ,129 ,16 ,등록,폐아 0.6,2025-02-26,35.8857403,128.7582332
908,20250227-0149,02-27,동구 신용동 594,지상사유지,D15mm 계량기실 누수수선,"154,000 ","154,000 ",0 ,0 ,"1,350 ","1,710 ","1,360 ",380 ,170 ,870 ,510,"1,120",15.0,계량기보호통(실),계량기보호실,부식,,201.0,54,,,,,미등록,,2025-02-27,35.9818043,128.6484352
909,20250226-0454,02-26,동구 방촌동 1084-697,지하공도,STS D50*25mm 분기점 누수수선,"657,000 ","657,000 ",0 ,0 ,"9,070 ","11,510 ","9,170 ","2,600 ","1,170 ","5,880 ","2,020","10,770",25.0,부분기대,부분기대,노후,"1,392",227.0,124-2,,0 ,0 ,0 ,등록,,2025-02-26,35.8776502,128.6645318
910,20250227-0678,02-27,동구 용계동 583-6,지상사유지,STS D15mm 인입선 누수수선,"265,000 ","265,000 ",0 ,0 ,"3,060 ","3,890 ","3,100 ",880 ,390 ,"1,990 ",840,"3,290",15.0,스텐레스관,직관,타공사손괴,,231.0,246,,,,,미등록,,2025-02-27,35.8737715,128.6827158
1,20250301-0030,03-01,동구 둔산동 996-1,지상사유지,D15mm 계량기 보호통 교체,"851,600 ","756,000 ","95,600 ",0 ,"11,610 ","14,730 ","11,790 ","3,340 ","1,500 ","7,530 ","2,170","17,820",15.0,계량기보호통(실),계량기보호통,노후,,226.0,102,0.0,0 ,0 ,0 ,미등록,폐콘 0.1,2025-03-01,35.8986814,128.6728801
2,20250304-0018,03-04,동구 신암동 704-16,지상사유지,D15mm 계량기 보호통 교체,"759,600 ","664,000 ","95,600 ",0 ,"10,290 ","13,060 ","10,450 ","2,960 ","1,330 ","6,670 ","1,900","16,130",15.0,계량기보호통(실),계량기보호통,노후,,211.0,2,0.0,0 ,0 ,0 ,미등록,폐콘 0.1,2025-03-04,35.8855104,128.6157339
3,20250304-0346,03-04,동구 신암동 276-20,지상사유지,D15mm 계량기 보호통 교체,"936,600 ","841,000 ","95,600 ",0 ,"13,490 ","17,120 ","13,700 ","3,880 ","1,740 ","8,750 ","2,390","20,830",15.0,계량기보호통(실),계량기보호통,노후,,212.0,20,0.0,0 ,0 ,0 ,미등록,폐콘 0.1,2025-03-04,35.8810982,128.6284666
4,20250304-0375,03-04,동구 방촌동 1010-86,지상사유지,D20mm 계량기 보호통 교체,"906,000 ","778,000 ","128,000 ",0 ,"12,040 ","15,290 ","12,230 ","3,470 ","1,550 ","7,810 ","2,230","18,390",20.0,계량기보호통(실),계량기보호통,노후,,228.0,123-2,,,,,미등록,폐콘 0.1,2025-03-04,35.8839704,128.6598556
5,20250305-0262,03-05,동구 불로동 1285,지상사유지,D15mm 계량기 보호통 교체,"907,600 ","812,000 ","95,600 ",0 ,"12,620 ","16,020 ","12,820 ","3,630 ","1,630 ","8,190 ","2,330","19,300",15.0,계량기보호통(실),계량기보호통,노후,,204.0,76,,,,,미등록,폐콘 0.1,2025-03-05,35.9158443,128.6390477
6,20250305-0698,03-05,동구 불로동 644,지상공도,STS D50mm 직관부 누수수선,"394,000 ","394,000 ",0 ,0 ,"2,730 ","3,470 ","2,770 ",780 ,350 ,"1,770 ","1,320","5,090",50.0,스텐레스관,직관,부식,0.69,207.0,84,0.0,0 ,0 ,0 ,등록,,2025-03-05,35.9064132,128.637913
7,20250305-0802,03-05,동구 방촌동 90-52,지하사유지,STS D15mm 인입선 누수수선,"356,000 ","356,000 ",0 ,0 ,"3,710 ","4,710 ","3,770 ","1,070 ",480 ,"2,410 ","1,130","8,020",15.0,스텐레스관,이형관,노후,230.4,226.0,103,,0 ,0 ,0 ,미등록,,2025-03-05,35.8936289,128.6740459
8,20250305-0808,03-05,동구 내곡동 242-1,지하공도,PFP D100*15mm 분기점 누수수선,"698,000 ","698,000 ",0 ,0 ,"6,970 ","8,850 ","7,080 ","2,010 ",900 ,"4,520 ","2,240","12,180",15.0,부분기대,부분기대,노후,291.84,236.0,211,,0 ,0 ,0 ,등록,,2025-03-05,35.8857037,128.7580573
9,20250306-0172,03-06,동구 불로동 1284,지상사유지,D15mm 계량기 보호통 교체,"883,600 ","788,000 ","95,600 ",0 ,"12,250 ","15,550 ","12,440 ","3,530 ","1,580 ","7,950 ","2,260","18,650",15.0,계량기보호통(실),계량기보호통,노후,,204.0,76,,,,,미등록,폐콘 0.1,2025-03-06,35.9159282,128.6390777
10,20250306-0406,03-06,동구 사복동 545,지하공도,D50mm 제수밸브 누수수선,"948,000 ","948,000 ",0 ,0 ,"9,470 ","12,030 ","9,620 ","2,730 ","1,220 ","6,140 ","2,970","15,230",50.0,변류,본체,노후,858,236.0,271,0.1,145 ,129 ,16 ,등록,폐아 0.2,2025-03-06,35.8699774,128.754485
11,20250307-0009,03-07,동구 방촌동 1044-50,지하사유지,D15mm 계량기 보호통 교체,"856,600 ","761,000 ","95,600 ",0 ,"11,750 ","14,920 ","11,930 ","3,380 ","1,520 ","7,620 ","2,190","17,950",15.0,계량기보호통(실),접합부,노후,405.6,227.0,124-2,,0 ,0 ,0 ,미등록,폐콘 0.1,2025-03-07,35.8806947,128.6594335
12,20250307-0013,03-07,동구 효목동 82-2,지하사유지,D15mm 계량기 보호통 교체,"963,600 ","868,000 ","95,600 ",0 ,"14,020 ","17,800 ","14,240 ","4,040 ","1,810 ","9,090 ","2,430","21,200",15.0,계량기보호통(실),접합부,노후,296.4,213.0,26,,0 ,0 ,0 ,미등록,폐콘 0.2,2025-03-07,35.8863894,128.639881
13,20250307-0691,03-07,동구 입석동 893-9 대구선1공원 ,지상사유지,D32mm 계량기 보호통 교체,"1,121,000 ","895,000 ","226,000 ",0 ,"13,630 ","17,300 ","13,850 ","3,920 ","1,760 ","8,840 ","2,620","22,050",32.0,계량기보호통(실),계량기보호통,노후,,210.0,108-1,,,,,미등록,,2025-03-07,35.8903357,128.6497233
14,20250310-0259,03-10,동구 신암동 98-12,지상사유지,D15mm 계량기 보호통 교체,"897,600 ","802,000 ","95,600 ",0 ,"13,120 ","16,650 ","13,320 ","3,780 ","1,690 ","8,510 ","2,260","19,600",15.0,계량기보호통(실),계량기보호통,노후,,209.0,1,,,,,미등록,폐콘 0.1,2025-03-10,35.8863127,128.634189
15,20250310-0397,03-10,동구 신용동 691,지하공도,STS D50mm 직관부 누수수선,"1,671,000 ","1,671,000 ",0 ,0 ,"20,290 ","25,760 ","20,610 ","5,840 ","2,620 ","13,160 ","4,970","31,350",50.0,스텐레스관,직관,노후,"1,126.08",201.0,54,0.2,290 ,258 ,32 ,등록,폐아 0.6,2025-03-10,35.9811153,128.6470685
16,20250311-0079,03-11,동구 불로동 1402-7,지상사유지,D15mm 계량기 보호통 교체,"872,600 ","777,000 ","95,600 ",0 ,"12,070 ","15,320 ","12,260 ","3,470 ","1,560 ","7,830 ","2,230","18,350",15.0,계량기보호통(실),계량기보호통,노후,,204.0,76,,,,,미등록,폐콘 0.1,2025-03-11,,
17,20250311-0174,03-11,동구 신무동 70,미누수,확인 터파기 결과 하수도,"1,016,000 ","1,016,000 ",0 ,0 ,"11,450 ","14,540 ","11,630 ","3,300 ","1,480 ","7,430 ","3,060","17,160",,,,,,201.0,307,0.1,145 ,129 ,16 ,미등록,폐아 0.4,2025-03-11,35.9922652,128.6741013
18,20250311-0178,03-11,동구 불로동 1402-3,지상사유지,D15mm 계량기 보호통 교체,"936,600 ","841,000 ","95,600 ",0 ,"13,090 ","16,610 ","13,290 ","3,770 ","1,690 ","8,490 ","2,410","20,100",15.0,계량기보호통(실),계량기보호통,노후,,204.0,76,,,,,미등록,폐콘 0.1,2025-03-11,,
19,20250311-0252,03-11,동구 지저동 907 문화교육과 ,지상사유지,D25mm 계량기 보호통 교체,"1,239,000 ","1,081,000 ","158,000 ",0 ,"17,160 ","21,790 ","17,430 ","4,940 ","2,220 ","11,130 ","3,120","26,200",25.0,계량기보호통(실),계량기보호통,노후,,208.0,92,,,,,미등록,,2025-03-11,35.8973222,128.6410341
20,20250312-0165,03-12,동구 도동 104,지상사유지,D15mm 계량기 보호통 교체,"918,600 ","823,000 ","95,600 ",0 ,"12,810 ","16,260 ","13,010 ","3,690 ","1,650 ","8,310 ","2,360","19,620",15.0,계량기보호통(실),계량기보호통,노후,,205.0,80,,,,,미등록,폐콘 0.1,2025-03-12,35.9113798,128.6494492
21,20250312-0217,03-12,동구 율하동 159-1,지상사유지,D40mm 계량기 보호통 교체,"1,760,000 ","1,442,000 ","318,000 ",0 ,"22,850 ","29,000 ","23,210 ","6,580 ","2,950 ","14,820 ","4,070","31,100",40.0,계량기보호통(실),계량기보호통,노후,,233.0,250,0.1,145 ,129 ,16 ,미등록,폐아 0.3,2025-03-12,35.8714948,128.699989
22,20250312-0434,03-12,동구 방촌동 1084-284,지하사유지,D15mm 계량기 보호통 교체,"1,045,600 ","950,000 ","95,600 ",0 ,"14,950 ","18,970 ","15,180 ","4,300 ","1,930 ","9,700 ","2,690","22,730",15.0,계량기보호통(실),계량기보호통,노후,443.04,227.0,124-2,,0 ,0 ,0 ,미등록,폐콘 0.2,2025-03-12,35.877954,128.6636883
23,20250313-0018,03-13,동구 지저동 650-9,지상사유지,D15mm 계량기 보호통 교체,"969,600 ","874,000 ","95,600 ",0 ,"13,730 ","17,430 ","13,950 ","3,950 ","1,770 ","8,910 ","2,500","20,950",15.0,계량기보호통(실),계량기보호통,노후,,208.0,101-2,,,,,미등록,폐콘 0.1,2025-03-13,35.894935,128.6419424
24,20250313-0050,03-13,동구 도동 95-1,지상사유지,D15mm 계량기 보호통 교체,"775,600 ","680,000 ","95,600 ",0 ,"10,240 ","13,000 ","10,400 ","2,950 ","1,320 ","6,640 ","1,990","16,110",15.0,계량기보호통(실),계량기보호통,노후,,205.0,80,0.0,0 ,0 ,0 ,미등록,,2025-03-13,35.9111727,128.6494566
25,20250313-0158,03-13,동구 입석동 975-4,지상사유지,D15mm 계량기 보호통 교체,"858,600 ","763,000 ","95,600 ",0 ,"11,750 ","14,920 ","11,930 ","3,380 ","1,520 ","7,620 ","2,190","18,020",15.0,계량기보호통(실),계량기보호통,노후,,208.0,101-2,,,,,미등록,폐콘 0.1,2025-03-13,35.893519,128.6437949
26,20250313-0188,03-13,동구 불로동 996-11 205동,지하사유지,D25mm 계량기 보호통 교체,"1,039,000 ","881,000 ","158,000 ",0 ,"13,700 ","17,390 ","13,910 ","3,940 ","1,770 ","8,890 ","2,530","21,210",25.0,계량기보호통(실),연결부,노후,817.92,208.0,92,,0 ,0 ,0 ,미등록,폐콘 0.1,2025-03-13,35.8987072,128.6315004
27,20250314-0044,03-14,동구 지저동 650-7,지상사유지,D15mm 계량기 보호통 교체,"990,600 ","895,000 ","95,600 ",0 ,"14,270 ","18,120 ","14,500 ","4,110 ","1,840 ","9,260 ","2,520","21,130",15.0,계량기보호통(실),계량기보호통,노후,,208.0,101-2,,,,,미등록,폐콘 0.2,2025-03-14,35.8951038,128.6419507
28,20250314-0113,03-14,동구 효목동 87-11,미누수,현장 확인 결과 미누수,"43,000 ","43,000 ",0 ,0 ,0 ,0 ,0 ,0 ,0 ,0 ,160,0,,,,,,214.0,27,,,,,미등록,,2025-03-14,35.8866265,128.6416893
29,20250314-0115,03-14,동구 각산동 301-4,지상공도,HIVP D150*20mm 분기점 누수수선,"1,765,000 ","1,637,000 ","128,000 ",0 ,"23,480 ","29,800 ","23,850 ","6,760 ","3,040 ","15,230 ","4,740","32,670",20.0,부분기대,부분기대,노후,0.46,235.0,259-1,0.1,145 ,129 ,16 ,등록,"폐콘 0.1, 폐아 0.3",2025-03-14,35.8675101,128.7187692
30,20250314-0168,03-14,동구 도동 68-3,지상사유지,D15mm 계량기 보호통 교체,"888,600 ","793,000 ","95,600 ",0 ,"12,330 ","15,650 ","12,520 ","3,550 ","1,590 ","8,000 ","2,270","18,770",15.0,계량기보호통(실),접합부,노후,,205.0,80,,,,,미등록,폐콘 0.1,2025-03-14,35.9109417,128.6486872
31,20250317-0158,03-17,동구 신암동 56-67,지상사유지,D15mm 계량기 보호통 교체,"937,600 ","842,000 ","95,600 ",0 ,"13,400 ","17,020 ","13,620 ","3,860 ","1,730 ","8,690 ","2,400","20,910",15.0,계량기보호통(실),접합부,노후,,209.0,12,,,,,미등록,폐콘 0.1,2025-03-17,35.8895159,128.6366366
32,20250317-0269,03-17,동구 입석동 968-5 302호,지상사유지,D15mm 계량기 보호통 교체,"1,022,600 ","927,000 ","95,600 ",0 ,"14,860 ","18,860 ","15,090 ","4,280 ","1,920 ","9,640 ","2,610","21,950",15.0,계량기보호통(실),앵글밸브,노후,,210.0,108-1,,,,,미등록,폐콘 0.2,2025-03-17,35.8933685,128.6466771
33,20250317-0396,03-17,동구 지묘동 1352-2,지상사유지,D32mm 계량기 보호통 교체,"822,000 ","596,000 ","226,000 ",0 ,"9,620 ","12,220 ","9,780 ","2,770 ","1,240 ","6,240 ","1,710","12,460",32.0,계량기보호통(실),접합부,시공불량,,509.0,107,,,,,미등록,,2025-03-17,35.943906,128.6294541
34,20250317-0504,03-17,동구 지저동 656-33,지상사유지,D15mm 계량기 보호통 교체,"819,600 ","724,000 ","95,600 ",0 ,"11,050 ","14,030 ","11,230 ","3,180 ","1,430 ","7,170 ","2,080","16,970",15.0,계량기보호통(실),접합부,노후,,208.0,101-2,,,,,미등록,폐콘 0.1,2025-03-17,35.8953369,128.6416571
35,20250318-0071,03-18,동구 불로동 16-23,지상사유지,D15mm 계량기 보호통 교체,"833,600 ","738,000 ","95,600 ",0 ,"11,250 ","14,280 ","11,420 ","3,240 ","1,450 ","7,290 ","2,130","17,370",15.0,계량기보호통(실),계량기보호실,노후,,205.0,77,,,,,미등록,폐콘 0.1,2025-03-18,35.9150444,128.6430493
36,20250318-0091,03-18,동구 율암동 314-4,지상사유지,D15mm 계량기 보호통 교체,"948,600 ","853,000 ","95,600 ",0 ,"10,830 ","13,750 ","11,000 ","3,120 ","1,400 ","7,030 ","2,610","16,950",15.0,계량기보호통(실),연결부,노후,,230.0,201,,,,,미등록,,2025-03-18,35.8780636,128.7038141
37,20250319-0002,03-19,동구 부동 143-1,지상사유지,D15mm 계량기 보호통 교체,"883,600 ","788,000 ","95,600 ",0 ,"12,250 ","15,550 ","12,440 ","3,530 ","1,580 ","7,950 ","2,260","18,650",15.0,계량기보호통(실),접합부,노후,,226.0,120,,,,,미등록,폐콘 0.1,2025-03-19,35.8909788,128.694733
38,20250319-0018,03-19,동구 불로동 1143-8,지상사유지,D15mm 계량기 보호통 교체,"817,600 ","722,000 ","95,600 ",0 ,"10,920 ","13,860 ","11,090 ","3,140 ","1,410 ","7,080 ","2,080","16,970",15.0,계량기보호통(실),앵글밸브,노후,,205.0,77,,,,,미등록,폐콘 0.1,2025-03-19,35.9141314,128.6435224
39,20250319-0050,03-19,동구 지저동 650-13,지상사유지,D15mm 계량기 보호통 교체,"870,600 ","775,000 ","95,600 ",0 ,"11,930 ","15,150 ","12,120 ","3,440 ","1,540 ","7,740 ","2,230","18,340",15.0,계량기보호통(실),앵글밸브,노후,,208.0,101-2,,,,,미등록,폐콘 0.1,2025-03-19,35.8951035,128.6424121
40,20250319-0305,03-19,동구 입석동 1033-77,지상사유지,D15mm 계량기 보호통 교체,"903,600 ","808,000 ","95,600 ",0 ,"12,530 ","15,910 ","12,730 ","3,610 ","1,620 ","8,130 ","2,320","19,230",15.0,계량기보호통(실),연결부,노후,,210.0,108-1,,,,,미등록,폐콘 0.1,2025-03-19,35.8943252,128.6458616
41,20250320-0037,03-20,동구 불로동 1144-1,지상사유지,D15mm 계량기 보호통 교체,"1,018,600 ","923,000 ","95,600 ",0 ,"14,600 ","18,540 ","14,830 ","4,200 ","1,890 ","9,470 ","2,610","21,940",15.0,계량기보호통(실),연결부,노후,,205.0,77,,,,,미등록,폐콘 0.2,2025-03-20,35.9146751,128.6430934
42,20250320-0137,03-20,동구 도동 93-5,지상사유지,D15mm 계량기 보호통 교체,"782,600 ","687,000 ","95,600 ",0 ,"10,360 ","13,160 ","10,530 ","2,980 ","1,340 ","6,720 ","1,980","16,000",15.0,계량기보호통(실),계량기보호실,노후,,205.0,80,,,,,미등록,폐콘 0.1,2025-03-20,35.9106631,128.6495502
43,20250320-0198,03-20,동구 금강동 896,지상사유지,D15mm 계량기실 누수수선,"163,000 ","163,000 ",0 ,0 ,"1,380 ","1,760 ","1,400 ",390 ,170 ,900 ,530,"1,670",15.0,계량기보호통(실),계량기보호실,노후,,236.0,286,,,,,미등록,,2025-03-20,35.8634593,128.7416967
44,20250320-0222,03-20,동구 도동 62-2,지상사유지,D15mm 계량기 보호통 교체,"902,600 ","807,000 ","95,600 ",0 ,"12,400 ","15,740 ","12,600 ","3,570 ","1,600 ","8,040 ","2,320","19,240",15.0,계량기보호통(실),연결부,노후,,205.0,80,,,,,미등록,폐콘 0.1,2025-03-20,35.911321,128.6482749
45,20250321-0034,03-21,동구 입석동 885-8,지상사유지,D15mm 계량기 보호통 교체,"977,600 ","882,000 ","95,600 ",0 ,"13,960 ","17,720 ","14,180 ","4,020 ","1,800 ","9,050 ","2,490","20,800",15.0,계량기보호통(실),계량기보호통,노후,,210.0,108-1,,,,,미등록,폐콘 0.2,2025-03-21,35.8924927,128.649915
46,20250321-0354,03-21,동구 입석동 968-6,지상사유지,D15mm 계량기 보호통 교체,"1,058,600 ","963,000 ","95,600 ",0 ,"15,390 ","19,530 ","15,630 ","4,430 ","1,990 ","9,980 ","2,720","22,990",15.0,계량기보호통(실),연결부,노후,,210.0,108-1,,,,,미등록,폐콘 0.2,2025-03-21,35.8936062,128.6465296
047,20250321-0356,03-21,동구 지저동 702-18,지하사유지,D15mm 계량기 보호통 교체,"1,020,600 ","925,000 ","95,600 ",0 ,"14,710 ","18,670 ","14,940 ","4,240 ","1,900 ","9,540 ","2,610","21,980",15.0,계량기보호통(실),계량기보호통,노후,568.8,208.0,92,,0 ,0 ,0 ,미등록,폐콘 0.2,2025-03-21,35.8973291,128.6363715
048,20250321-0391,03-21,동구 신기동 111-1,지하사유지,D15mm 계량기 보호통 교체,"948,600 ","853,000 ","95,600 ",0 ,"13,020 ","16,540 ","13,230 ","3,750 ","1,680 ","8,450 ","2,490","19,760",15.0,계량기보호통(실),계량기보호통,노후,568.8,233.0,251,,0 ,0 ,0 ,미등록,,2025-03-21,35.8714915,128.7073376
049,20250322-0009,03-22,동구 입석동 862-19,지상사유지,D15mm 계량기 보호통 교체,"897,600 ","802,000 ","95,600 ",0 ,"12,340 ","15,660 ","12,530 ","3,550 ","1,590 ","8,000 ","2,310","19,110",15.0,계량기보호통(실),계량기보호통,노후,,210.0,108-1,,,,,미등록,폐콘 0.1,2025-03-22,35.8924067,128.6492143
050,20250322-0020,03-22,동구 평광동 438-1,지상사유지,D15mm 계량기실 누수수선,"299,000 ","299,000 ",0 ,0 ,"4,550 ","5,780 ","4,630 ","1,310 ",580 ,"2,950 ",870,"5,850",15.0,계량기보호통(실),계량기보호통,노후,,206.0,72,,,,,미등록,,2025-03-22,35.9360172,128.6940258
51,20250323-0008,03-23,동구 불로동 644,지상공도,STS D50mm 직관부 누수수선,"750,000 ","750,000 ",0 ,0 ,"8,730 ","11,090 ","8,870 ","2,510 ","1,130 ","5,660 ","2,330","13,960",50.0,스텐레스관,직관,부식,0.69,207.0,84,0.1,145 ,129 ,16 ,등록,,2025-03-23,35.9064132,128.637913
052,20250324-0020,03-24,동구 도동 176-3,지상사유지,D15mm 계량기 보호통 교체,"836,600 ","741,000 ","95,600 ",0 ,"11,650 ","14,790 ","11,830 ","3,350 ","1,500 ","7,560 ","2,110","17,680",15.0,계량기보호통(실),계량기보호통,노후,,205.0,80,,,,,미등록,폐콘 0.1,2025-03-24,35.9122075,128.6508876
053,20250324-0257,03-24,동구 검사동 767-4,지상사유지,D15mm 계량기 보호통 교체,"1,058,600 ","963,000 ","95,600 ",0 ,"15,570 ","19,770 ","15,820 ","4,480 ","2,010 ","10,100 ","2,700","23,300",15.0,계량기보호통(실),계량기보호통,노후,,210.0,108-1,0.0,0 ,0 ,0 ,미등록,폐콘 0.2,2025-03-24,35.8879996,128.6603236
054,20250324-0267,03-24,동구 효목동 167-13,지상사유지,D15mm 계량기 보호통 교체,"910,600 ","815,000 ","95,600 ",0 ,"13,010 ","16,510 ","13,210 ","3,740 ","1,680 ","8,440 ","2,320","19,650",15.0,계량기보호통(실),계량기보호통,노후,,214.0,128,0.0,0 ,0 ,0 ,미등록,폐콘 0.1,2025-03-24,35.8802659,128.6485853
055,20250325-0127,03-25,동구 도동 90-10,지상사유지,D15mm 계량기 보호통 교체,"962,600 ","867,000 ","95,600 ",0 ,"13,790 ","17,500 ","14,010 ","3,970 ","1,780 ","8,940 ","2,440","20,780",15.0,계량기보호통(실),계량기보호통,노후,,205.0,80,,,,,미등록,폐콘 0.2,2025-03-25,35.9106396,128.6492641
056,20250325-0314,03-25,동구 율하동 971-1,지하사유지,D15mm 계량기 보호통 교체,"1,115,600 ","1,020,000 ","95,600 ",0 ,"16,000 ","20,320 ","16,260 ","4,610 ","2,070 ","10,380 ","2,890","23,740",15.0,계량기보호통(실),계량기보호통,노후,597.6,233.0,255,,0 ,0 ,0 ,미등록,폐콘 0.2,2025-03-25,35.8686992,128.6969192
57,20250325-0316,03-25,동구 율하동 931-3,지하공도,DTC D150*15mm 분기점 누수수선,"1,157,000 ","1,157,000 ",0 ,0 ,"15,360 ","19,490 ","15,600 ","4,420 ","1,980 ","9,960 ","3,500","24,190",15.0,부분기대,부분기대,노후,776.88,233.0,255,0.1,145 ,129 ,16 ,등록,,2025-03-25,35.8698613,128.7005911
058,20250325-0319,03-25,동구 효목동 442-14,지상사유지,D25mm 계량기 보호통 교체,"1,105,000 ","947,000 ","158,000 ",0 ,"15,490 ","19,660 ","15,730 ","4,460 ","2,000 ","10,050 ","2,680","24,000",25.0,계량기보호통(실),계량기보호통,노후,,223.0,46-2,,,,,미등록,폐콘 0.1,2025-03-25,35.8763184,128.6379452
059,20250325-0398,03-25,동구 지저동 701-12,지상사유지,D15mm 계량기 보호통 교체,"1,098,600 ","1,003,000 ","95,600 ",0 ,"16,380 ","20,800 ","16,640 ","4,720 ","2,120 ","10,630 ","2,810","24,310",15.0,계량기보호통(실),계량기보호통,노후,,208.0,92,,,,,미등록,폐콘 0.2,2025-03-25,35.8970813,128.6363475
060,20250325-0521,03-25,동구 신기동 188-15,지하사유지,D15mm 계량기 보호통 교체,"914,600 ","819,000 ","95,600 ",0 ,"12,340 ","15,660 ","12,530 ","3,550 ","1,590 ","8,000 ","2,370","18,990",15.0,계량기보호통(실),계량기보호통,노후,597.6,233.0,251,,0 ,0 ,0 ,미등록,폐콘 0.1,2025-03-25,35.871634,128.7028411
061,20250325-0527,03-25,동구 신기동 25-16,지하사유지,D15mm 계량기 보호통 교체,"684,600 ","589,000 ","95,600 ",0 ,"8,060 ","10,240 ","8,190 ","2,320 ","1,040 ","5,230 ","1,770","13,460",15.0,계량기보호통(실),계량기보호통,노후,438.24,233.0,251,,0 ,0 ,0 ,미등록,,2025-03-25,35.8709747,128.7081547
62,20250325-0690,03-25,동구 신암동 88-6,지하사유지,D15mm 계량기 보호통 교체,"1,001,600 ","906,000 ","95,600 ",0 ,"14,860 ","18,860 ","15,090 ","4,280 ","1,920 ","9,640 ","2,560","22,450",15.0,계량기보호통(실),접합부,노후,524.16,209.0,1,,0 ,0 ,0 ,미등록,폐콘 0.1,2025-03-25,35.8894786,128.6324463
63,20250326-0011,03-26,동구 검사동 743-51,지상사유지,D15mm 계량기 보호통 교체,"1,758,600 ","1,663,000 ","95,600 ",0 ,"25,260 ","32,060 ","25,660 ","7,280 ","3,270 ","16,390 ","4,700","38,460",15.0,계량기보호통(실),접합부,노후,,210.0,108-1,0.1,145 ,129 ,16 ,미등록,폐콘 0.5,2025-03-26,35.8874503,128.6609776
64,20250326-0102,03-26,동구 효목동 44-18,지상사유지,D15mm 계량기 보호통 교체,"822,600 ","727,000 ","95,600 ",0 ,"11,830 ","15,020 ","12,020 ","3,410 ","1,530 ","7,680 ","2,050","18,010",15.0,계량기보호통(실),기타,노후,,213.0,24,,,,,미등록,폐콘 0.1,2025-03-26,35.884111,128.6358437
65,20250326-0155,03-26,동구 율암동 319,지상사유지,D15mm 계량기 보호통 교체,"1,300,600 ","1,205,000 ","95,600 ",0 ,"19,650 ","24,940 ","19,960 ","5,660 ","2,540 ","12,740 ","3,340","27,970",15.0,계량기보호통(실),계량기보호통,노후,,230.0,201,,,,,미등록,폐콘 0.4,2025-03-26,35.878428,128.7046312
066,20250326-0265,03-26,동구 신천동 316-2,지상사유지,D32mm 계량기실 누수수선,"118,000 ","118,000 ",0 ,0 ,"1,540 ","1,950 ","1,560 ",440 ,190 ,"1,000 ",350,"1,860",32.0,계량기보호통(실),계량기보호통,노후,,222.0,43,,,,,미등록,,2025-03-26,35.8700718,128.6275023
67,20250326-0440,03-26,동구 신암동 355-26,지상사유지,D15mm 계량기 보호통 교체,"1,043,600 ","948,000 ","95,600 ",0 ,"15,640 ","19,850 ","15,890 ","4,500 ","2,020 ","10,150 ","2,670","23,930",15.0,계량기보호통(실),연결부,노후,,218.0,22,0.0,0 ,0 ,0 ,미등록,폐콘 0.1,2025-03-26,35.8823391,128.6318303
068,20250326-0446,03-26,동구 지묘동 740-3,지상사유지,D15mm 계량기 보호통 교체,"844,600 ","749,000 ","95,600 ",0 ,"11,320 ","14,370 ","11,500 ","3,260 ","1,460 ","7,340 ","2,190","17,480",15.0,계량기보호통(실),계량기보호통,노후,,201.0,57,,,,,미등록,,2025-03-26,35.9436323,128.6365323
069,20250327-0048,03-27,동구 방촌동 1018-21,지상사유지,D15mm 계량기 보호통 교체,"942,600 ","847,000 ","95,600 ",0 ,"13,470 ","17,100 ","13,680 ","3,880 ","1,740 ","8,740 ","2,420","20,550",15.0,계량기보호통(실),계량기보호통,노후,,227.0,124-2,,,,,미등록,폐콘 0.1,2025-03-27,35.8820516,128.6574703
070,20250327-0050,03-27,동구 방촌동 1044-26,지상사유지,D15mm 계량기 보호통 교체,"1,017,600 ","922,000 ","95,600 ",0 ,"14,710 ","18,670 ","14,940 ","4,240 ","1,900 ","9,540 ","2,570","21,980",15.0,계량기보호통(실),계량기보호통,노후,,227.0,124-2,,,,,미등록,폐콘 0.3,2025-03-27,35.8809641,128.6597487
071,20250327-0179,03-27,동구 검사동 743-50,미누수,확인 터파기 결과 미누수,"173,000 ","173,000 ",0 ,0 ,"1,890 ","2,400 ","1,920 ",540 ,240 ,"1,220 ",510,"2,430",,,,,,210.0,108-1,,0 ,0 ,0 ,미등록,폐콘 0.1,2025-03-27,35.8875355,128.661039
072,20250327-0220,03-27,동구 불로동 518-5,지상사유지,D15mm 계량기 보호통 교체,"952,600 ","857,000 ","95,600 ",0 ,"13,840 ","17,560 ","14,050 ","3,980 ","1,790 ","8,970 ","2,430","20,680",15.0,계량기보호통(실),계량기보호통,노후,,205.0,80,,,,,미등록,폐콘 0.1,2025-03-27,35.9109467,128.644723
073,20250327-0348,03-27,동구 율하동 99,지상사유지,D15mm 계량기 보호통 교체,"990,600 ","895,000 ","95,600 ",0 ,"14,020 ","17,800 ","14,240 ","4,040 ","1,810 ","9,100 ","2,560","21,010",15.0,계량기보호통(실),계량기보호통,노후,,233.0,250,,,,,미등록,폐콘 0.1,2025-03-27,35.872342,128.6986998
074,20250328-0108,03-28,동구 도동 95-12,지상사유지,D15mm 계량기 보호통 교체,"896,600 ","801,000 ","95,600 ",0 ,"12,610 ","16,000 ","12,800 ","3,630 ","1,630 ","8,180 ","2,290","19,330",15.0,계량기보호통(실),계량기보호통,노후,,205.0,80,,,,,미등록,폐콘 0.1,2025-03-28,35.9108142,128.6492049
75,20250331-0008,03-31,동구 입석동 932-102,지하사유지,D15mm 계량기 보호통 교체,"757,600 ","662,000 ","95,600 ",0 ,"9,670 ","12,280 ","9,820 ","2,780 ","1,250 ","6,270 ","1,930","15,490",15.0,계량기보호통(실),계량기보호실,노후,405.84,210.0,108-1,,0 ,0 ,0 ,미등록,폐콘 0.1,2025-03-31,35.8912861,128.6471117
076,20250331-0113,03-31,동구 검사동 957-9 대진주유소,지상사유지,D20mm 계량기 보호통 교체,"1,026,000 ","898,000 ","128,000 ",0 ,"14,290 ","18,150 ","14,520 ","4,120 ","1,850 ","9,270 ","2,500","21,340",20.0,계량기보호통(실),계량기보호통,노후,,228.0,123-2,,,,,미등록,폐콘 0.3,2025-03-31,35.8843566,128.6579784
077,20250331-0234,03-31,동구 신암동 355-27,지상사유지,D15mm 계량기 보호통 교체,"1,142,600 ","1,047,000 ","95,600 ",0 ,"17,430 ","22,120 ","17,700 ","5,020 ","2,250 ","11,310 ","2,920","26,260",15.0,계량기보호통(실),계량기보호통,노후,,218.0,22,,,,,미등록,폐콘 0.2,2025-03-31,35.8822817,128.631936
78,20250401-0226,04-01,동구 서호동 152-27 BBQ,지상공도,DTC D80*15mm 분기점 누수수선,"855,000 ","855,000 ",0 ,0 ,"10,240 ","13,000 ","10,400 ","2,950 ","1,320 ","6,640 ","2,650","16,850",15.0,부분기대,부분기대,노후,0.19,233.0,257,0.0,0 ,0 ,0 ,등록,,2025-04-01,35.8673989,128.7117617
79,20250401-0415,04-01,동구 효목동 377-1,지상사유지,D25mm 계량기 보호통 교체,"1,237,000 ","1,079,000 ","158,000 ",0 ,"17,420 ","22,110 ","17,690 ","5,020 ","2,250 ","11,300 ","3,070","27,290",25.0,계량기보호통(실),접합부,노후,,223.0,37,,,,,미등록,폐콘 0.1,2025-04-01,35.8801776,128.6365262
80,20250401-0491,04-01,동구 신암동 88-7,지하사유지,D15mm 계량기 보호통 교체,"886,600 ","791,000 ","95,600 ",0 ,"12,580 ","15,970 ","12,780 ","3,620 ","1,620 ","8,160 ","2,250","19,520",15.0,계량기보호통(실),접합부,노후,567.84,209.0,1,,0 ,0 ,0 ,미등록,폐콘 0.1,2025-04-01,35.8893827,128.6324893
81,20250401-0514,04-01,동구 신암동 56-11,지상사유지,D15mm 계량기 보호통 교체,"939,600 ","844,000 ","95,600 ",0 ,"13,560 ","17,210 ","13,770 ","3,900 ","1,750 ","8,800 ","2,400","20,910",15.0,계량기보호통(실),접합부,노후,,209.0,12,,,,,미등록,폐콘 0.1,2025-04-01,35.8898717,128.6357121
82,20250402-0008,04-02,동구 검사동 756-5,지하공도,PFP D50*20mm 분기점 누수수선,"1,126,000 ","1,126,000 ",0 ,0 ,"15,680 ","19,910 ","15,930 ","4,520 ","2,030 ","10,170 ","3,340","28,170",20.0,PFP관,이형관,노후,742.56,210.0,108-1,0.1,145 ,129 ,16 ,등록,폐콘 0.1,2025-04-02,35.8895691,128.6511825
83,20250402-0010,04-02,동구 지저동 794-25,지하사유지,D15mm 계량기 보호통 교체,"854,600 ","759,000 ","95,600 ",0 ,"11,280 ","14,320 ","11,460 ","3,250 ","1,460 ","7,310 ","2,200","18,100",15.0,계량기보호통(실),계량기보호통,노후,414.96,208.0,106-2,,0 ,0 ,0 ,미등록,폐콘 0.1,2025-04-02,35.8932748,128.6412377
84,20250402-0014,04-02,동구 검사동 743-53,지하사유지,D15mm 계량기 보호통 교체,"992,600 ","897,000 ","95,600 ",0 ,"14,100 ","17,900 ","14,320 ","4,060 ","1,820 ","9,150 ","2,570","21,580",15.0,계량기보호통(실),계량기보호통,노후,567.84,210.0,108-1,,0 ,0 ,0 ,미등록,폐콘 0.1,2025-04-02,35.8875055,128.661152
85,20250402-0126,04-02,동구 신천동 671-73,지상사유지,D15mm 계량기 보호통 교체,"855,600 ","760,000 ","95,600 ",0 ,"12,120 ","15,390 ","12,310 ","3,490 ","1,560 ","7,860 ","2,160","18,650",15.0,계량기보호통(실),접합부,노후,,220.0,48,,,,,미등록,폐콘 0.1,2025-04-02,35.8703495,128.6188113
86,20250402-0485,04-02,동구 입석동 856-1 20061.5 급수증지,지하사유지,STS D15mm 인입선 누수수선,"890,000 ","890,000 ",0 ,0 ,"8,150 ","10,350 ","8,280 ","2,350 ","1,050 ","5,290 ","2,800","20,560",15.0,스텐레스관,이형관,노후,574.08,210.0,108-1,0.1,145 ,129 ,16 ,미등록,폐콘 0.3,2025-04-02,35.8932453,128.6488173
87,20250402-0501,04-02,동구 진인동 443,지하공도,HIVP D50*15mm 분기점 누수수선,"1,187,000 ","1,187,000 ",0 ,0 ,"14,250 ","18,090 ","14,480 ","4,100 ","1,840 ","9,240 ","3,550","21,080",50.0,HIVP,이형관,노후,"1,214.4",201.0,313,0.1,145 ,129 ,16 ,등록,폐아 0.4,2025-04-02,35.9556765,128.7243863
88,20250403-0056,04-03,동구 신서동 530-4,미누수,현장 확인 결과 미누수,"96,000 ","96,000 ",0 ,0 ,0 ,0 ,0 ,0 ,0 ,0 ,350,0,,,,,,237.0,261-2,,,,,미등록,,2025-04-03,35.8663022,128.7250713
89,20250403-0255,04-03,동구 미곡동 298-4,지상사유지,D15mm 계량기실 누수수선,"333,000 ","333,000 ",0 ,0 ,"4,230 ","5,370 ","4,300 ","1,220 ",540 ,"2,740 ","1,010","5,990",15.0,계량기보호통(실),접합부,노후,,201.0,306,,,,,미등록,,2025-04-03,35.9600623,128.685912
90,20250404-0006,04-04,동구 효목동 234-28,지상사유지,D15mm 계량기실 누수수선,"80,000 ","80,000 ",0 ,0 ,690 ,880 ,700 ,190 ,80 ,450 ,260,950,15.0,계량기보호통(실),계량기보호실,노후,,214.0,136,,,,,미등록,,2025-04-04,35.8782021,128.6545488
91,20250404-0042,04-04,동구 괴전동 95-24,지상사유지,D15mm 계량기 보호통 교체,"975,600 ","880,000 ","95,600 ",0 ,"13,270 ","16,850 ","13,480 ","3,820 ","1,710 ","8,610 ","2,550","20,440",15.0,계량기보호통(실),접합부,노후,,235.0,237-1,,,,,미등록,폐콘 0.1,2025-04-04,35.873209,128.7361949
92,20250404-0133,04-04,동구 불로동 1149 해운불교용품사,지상사유지,D15mm 계량기 보호통 교체,"886,600 ","791,000 ","95,600 ",0 ,"12,320 ","15,630 ","12,510 ","3,550 ","1,590 ","7,990 ","2,260","18,700",15.0,계량기보호통(실),접합부,노후,,205.0,77,,,,,미등록,폐콘 0.1,2025-04-04,35.9146818,128.6413653
93,20250404-0177,04-04,동구 방촌동 1084-301,지상사유지,D15mm 계량기 보호통 교체,"884,600 ","789,000 ","95,600 ",0 ,"12,070 ","15,320 ","12,260 ","3,470 ","1,560 ","7,830 ","2,270","18,790",15.0,계량기보호통(실),접합부,노후,,227.0,124-2,,,,,미등록,폐콘 0.1,2025-04-04,35.8779824,128.6643579
94,20250404-0406,04-04,동구 내동 90-1,지하사유지,D15mm 계량기 보호통 교체,"1,540,600 ","1,445,000 ","95,600 ",0 ,"18,920 ","24,010 ","19,210 ","5,450 ","2,450 ","12,270 ","4,300","28,800",15.0,계량기보호통(실),계량기보호통,노후,879.84,201.0,298,0.1,145 ,129 ,16 ,미등록,"폐콘 0.1, 폐아 0.2",2025-04-04,35.9702566,128.662019
95,20250407-0017,04-07,동구 봉무동 1539-9,지상공도,D80mm 제수밸브 누수수선,"1,998,000 ","1,998,000 ",0 ,0 ,"26,490 ","33,630 ","26,910 ","7,630 ","3,430 ","17,180 ","6,060","37,410",80.0,변류,접합부,노후,5.9,202.0,67,0.1,145 ,129 ,16 ,등록,,2025-04-07,35.9225086,128.6397381
96,20250407-0089,04-07,동구 검사동 767-5,지하사유지,D15mm 계량기 보호통 교체,"1,009,600 ","914,000 ","95,600 ",0 ,"14,390 ","18,270 ","14,620 ","4,140 ","1,860 ","9,330 ","2,590","21,760",15.0,계량기보호통(실),접합부,노후,599.04,210.0,108-1,,0 ,0 ,0 ,미등록,폐콘 0.2,2025-04-07,35.8879245,128.6603951
97,20250407-0093,04-07,동구 입석동 862-5,지하사유지,STS D15mm 인입선 누수수선,"366,000 ","366,000 ",0 ,0 ,"4,090 ","5,190 ","4,150 ","1,180 ",520 ,"2,650 ","1,150","8,520",15.0,스텐레스관,이형관,침하,253.44,210.0,108-1,,0 ,0 ,0 ,미등록,,2025-04-07,35.8925459,128.6486128
98,20250407-0100,04-07,동구 용계동 422-40,지하공도,DTC D80*25mm 분기점 누수수선,"1,796,000 ","1,796,000 ",0 ,0 ,"22,440 ","28,480 ","22,790 ","6,460 ","2,900 ","14,550 ","5,360","36,000",25.0,부분기대,부분기대,노후,"1,105.92",227.0,138,0.2,290 ,258 ,32 ,등록,폐아 0.5,2025-04-07,35.8764327,128.6756485
99,20250407-0103,04-07,동구 신암동 612-22,지하사유지,D15mm 계량기 보호통 교체,"933,600 ","838,000 ","95,600 ",0 ,"13,460 ","17,080 ","13,670 ","3,870 ","1,740 ","8,730 ","2,380","20,740",15.0,계량기보호통(실),연결부,노후,599.04,211.0,8,,0 ,0 ,0 ,미등록,폐콘 0.1,2025-04-07,35.8845798,128.6225841
100,20250407-0290,04-07,동구 지저동 694-16,지상사유지,D15mm 계량기 보호통 교체,"839,600 ","744,000 ","95,600 ",0 ,"11,450 ","14,540 ","11,630 ","3,300 ","1,480 ","7,430 ","2,140","17,470",15.0,계량기보호통(실),접합부,노후,,208.0,92,,,,,미등록,폐콘 0.1,2025-04-07,35.8961917,128.6374041
101,20250408-0222,04-08,동구 도동 978-22,지상사유지,D15mm 계량기 보호통 교체,"990,600 ","895,000 ","95,600 ",0 ,"14,070 ","17,870 ","14,300 ","4,050 ","1,820 ","9,130 ","2,560","21,530",15.0,계량기보호통(실),접합부,노후,,205.0,80,,,,,미등록,폐콘 0.1,2025-04-08,35.9112422,128.652099
102,20250409-0010,04-09,동구 도동 12-12,지상사유지,D15mm 계량기 보호통 교체,"935,600 ","840,000 ","95,600 ",0 ,"13,070 ","16,590 ","13,280 ","3,760 ","1,690 ","8,480 ","2,410","20,490",15.0,계량기보호통(실),접합부,노후,,205.0,80,,,,,미등록,폐콘 0.1,2025-04-09,35.9096681,128.64754
103,-,04-09,동구 방촌동 925-78,노후관교체공사,"PFP D=40mm L=15m → STS D=40mm, L=15m","4,708,780 ","4,523,000 ","185,780 ",0 ,"73,700 ","93,560 ","74,870 ","21,240 ","9,540 ","47,820 ","12,770","88,320",,,,,,228.0,125,0.5,725 ,645 ,80 ,미등록,폐아 0.9,2025-04-09,35.8833895,128.6643746
104,-,04-09,동구 방촌동 925-73,노후관교체공사,"PFP D=40mm L=27m → STS D=40mm, L=27m","6,492,860 ","6,191,000 ","301,860 ",0 ,"101,970 ","129,440 ","103,580 ","29,380 ","13,200 ","66,160 ","17,560","124,420",,,,,,228.0,125,0.7,"1,014 ",903 ,111 ,미등록,폐아 0.8,2025-04-09,35.8835072,128.6641103
105,20250409-0155,04-09,동구 방촌동 925-75,지상사유지,D15mm 계량기 보호통 교체,"876,600 ","781,000 ","95,600 ",0 ,"12,000 ","15,240 ","12,190 ","3,460 ","1,550 ","7,790 ","2,250","18,530",15.0,계량기보호통(실),접합부,노후,,228.0,125,,,,,미등록,폐콘 0.1,2025-04-09,35.8835347,128.6643154
106,20250409-0168,04-09,동구 평광동 482-1,지상공도,HI-VP D=100mm 직관부 누수수선 (손괴),"609,000 ","609,000 ",0 ,0 ,"5,900 ","7,490 ","5,990 ","1,700 ",760 ,"3,820 ","1,960","16,260",100.0,HIVP,직관,타공사손괴,1.38,206.0,72,0.0,0 ,0 ,0 ,등록,,2025-04-09,35.9349646,128.6928452
107,20250410-0203,04-10,동구 입석동 885-18,지상사유지,D15mm 계량기 보호통 교체,"782,600 ","687,000 ","95,600 ",0 ,"10,360 ","13,160 ","10,530 ","2,980 ","1,340 ","6,720 ","1,980","16,000",15.0,계량기보호통(실),앵글밸브,노후,,210.0,108-1,,,,,미등록,폐콘 0.1,2025-04-10,35.8920642,128.6499297
108,20250411-0017,04-11,동구 검사동 907-17,지상사유지,D15mm 계량기 보호통 교체,"932,600 ","837,000 ","95,600 ",0 ,"12,820 ","16,280 ","13,030 ","3,690 ","1,660 ","8,320 ","2,410","20,090",15.0,계량기보호통(실),앵글밸브,노후,,210.0,108-1,,,,,미등록,폐콘 0.1,2025-04-11,35.8906948,128.6524178
109,20250411-0189,04-11,동구 율하동 945-8,미누수,확인 터파기 결과 미누수,"463,000 ","463,000 ",0 ,0 ,"6,800 ","8,630 ","6,900 ","1,960 ",880 ,"4,410 ","1,300","8,590",,,,,,233.0,255,,,,,미등록,폐콘 0.2,2025-04-11,35.868553,128.700657
110,20250412-0008,04-12,동구 입석동 885-19,지상사유지,D15mm 계량기 보호통 교체,"834,600 ","739,000 ","95,600 ",0 ,"11,100 ","14,090 ","11,280 ","3,200 ","1,430 ","7,200 ","2,140","17,480",15.0,계량기보호통(실),앵글밸브,노후,,210.0,108-1,,,,,미등록,폐콘 0.1,2025-04-12,35.8921191,128.6500457
111,20250413-0002,04-13,동구 진인동 738,지상공도,STS D50mm 구분기점 누수수선,"2,215,000 ","2,215,000 ",0 ,0 ,"29,390 ","37,300 ","29,850 ","8,470 ","3,800 ","19,060 ","6,430","44,800",50.0,스텐레스관,이형관,노후,15.9,201.0,313,0.4,580 ,516 ,64 ,등록,폐아0.9,2025-04-13,35.9513093,128.7100541
112,20250414-0116,04-14,동구 신암동 630-15,지하공도,PFP D40*15mm 분기점 누수수선,"683,000 ","683,000 ",0 ,0 ,"11,110 ","14,100 ","11,280 ","3,200 ","1,430 ","7,210 ","1,960","15,690",15.0,PFP관,이형관,노후,469.68,211.0,7,,0 ,0 ,0 ,등록,,2025-04-14,35.8858721,128.6216818
113,20250414-0121,04-14,동구 신암동 811-19,지하공도,PFP D40*15mm 분기점 누수수선,"865,000 ","865,000 ",0 ,0 ,"12,640 ","16,040 ","12,830 ","3,640 ","1,630 ","8,200 ","2,560","19,240",15.0,PFP관,이형관,노후,642.72,211.0,6,0.1,145 ,129 ,16 ,등록,,2025-04-14,35.8825691,128.6160624
114,20250414-0122,04-14,동구 신암동 788-4,지하사유지,D15mm 계량기 보호통 교체,"939,600 ","844,000 ","95,600 ",0 ,"13,590 ","17,250 ","13,800 ","3,910 ","1,750 ","8,820 ","2,400","20,880",15.0,계량기보호통(실),계량기보호통,노후,"1,166.4",211.0,6,,0 ,0 ,0 ,미등록,폐콘 0.1,2025-04-14,35.8828497,128.6161894
115,20250414-0125,04-14,동구 매여동 44,지하사유지,STS D15mm 인입선 누수수선,"442,000 ","442,000 ",0 ,0 ,"4,970 ","6,310 ","5,050 ","1,430 ",640 ,"3,220 ","1,390","9,410",15.0,스텐레스관,직관,부식,618,230.0,201,,0 ,0 ,0 ,미등록,,2025-04-14,35.9170653,128.7263168
116,20250414-0129,04-14,동구 신암동 703-7 1층,지하미누수,현장 확인 점검,"43,000 ","43,000 ",0 ,0 ,0 ,0 ,0 ,0 ,0 ,0 ,160,0,,,,,,211.0,2,,,,,미등록,,2025-04-14,35.887021,128.616466
117,20250414-0162,04-14,동구 검사동 907-16,지상사유지,D15mm 계량기 보호통 교체,"997,600 ","902,000 ","95,600 ",0 ,"14,010 ","17,790 ","14,240 ","4,040 ","1,810 ","9,090 ","2,590","21,810",15.0,계량기보호통(실),앵글밸브,노후,,210.0,108-1,,,,,미등록,폐콘 0.1,2025-04-14,35.8908058,128.6524396
118,20250414-0286,04-14,동구 효목동 456-5,지하공도,PFP D40mm 접합부 누수수선,"578,000 ","578,000 ",0 ,0 ,"8,360 ","10,610 ","8,490 ","2,410 ","1,080 ","5,420 ","1,650","12,800",40.0,PFP관,직관,노후,"2,592",223.0,46-2,0.1,145 ,129 ,16 ,등록,폐콘 0.2,2025-04-14,35.8768674,128.6391443
119,20250414-0343,04-14,동구 신천동 117-4 A동,지상공도,DTC D80mm 직관부 누수수선 (손괴),"634,000 ","634,000 ",0 ,0 ,"6,990 ","8,880 ","7,100 ","2,010 ",900 ,"4,530 ","2,000","17,160",80.0,닥타일관,직관,타공사손괴,1.72,221.0,42,0.0,0 ,0 ,0 ,등록,,2025-04-14,35.8698904,128.6244526
120,-,04-15,동구 입석동 862-15,노후관교체공사,"PFP D=50mm L=60m → STS D=50mm, L=60m","12,897,210 ","12,077,000 ","820,210 ",0 ,"196,240 ","249,100 ","199,330 ","56,550 ","25,410 ","127,320 ","34,540","254,130",,,,,,210.0,108-1,1.1,"1,594 ","1,419 ",175 ,미등록,폐아 1.0,2025-04-15,35.8920066,128.6489629
121,20250415-0234,04-15,동구 도동 1054-38,지상사유지,D20mm 계량기 보호통 교체,"1,068,000 ","940,000 ","128,000 ",0 ,"14,860 ","18,860 ","15,090 ","4,280 ","1,920 ","9,640 ","2,690","22,740",20.0,계량기보호통(실),접합부,노후,,205.0,80,,,,,미등록,폐콘 0.1,2025-04-15,35.9099599,128.6464075
122,20250416-0086,04-16,동구 불로동 569,지상사유지,D15mm 계량기 보호통 교체,"851,600 ","756,000 ","95,600 ",0 ,"11,500 ","14,600 ","11,680 ","3,310 ","1,480 ","7,460 ","2,180","17,880",15.0,계량기보호통(실),앵글밸브,노후,,205.0,80,,,,,미등록,폐콘 0.1,2025-04-16,35.9101935,128.6430839
123,20250416-0102,04-16,동구 미대동 604,지상사유지,D15mm 계량기실 누수수선,"163,000 ","163,000 ",0 ,0 ,"1,380 ","1,760 ","1,400 ",390 ,170 ,900 ,530,"1,670",15.0,계량기보호통(실),계량기보호실,볼트이완,,201.0,303,,,,,미등록,,2025-04-16,35.9509532,128.6749024
124,20250416-0139,04-16,동구 도동 180,지하사유지,STS D15mm 인입선 누수수선,"375,000 ","375,000 ",0 ,0 ,"3,970 ","5,040 ","4,030 ","1,140 ",510 ,"2,570 ","1,160","8,150",15.0,스텐레스관,이형관,노후,378,205.0,80,,0 ,0 ,0 ,미등록,폐콘 0.1,2025-04-16,35.912144,128.6505776
125,20250416-0140,04-16,동구 도동 245,지하공도,STS D40mm 직관부 누수수선,"386,000 ","386,000 ",0 ,0 ,"4,830 ","6,130 ","4,910 ","1,390 ",620 ,"3,130 ","1,180","7,620",40.0,스텐레스관,직관,노후,"2,616",205.0,80,,0 ,0 ,0 ,등록,,2025-04-16,35.9137514,128.6545847
126,20250416-0141,04-16,동구 불로동 538-3,지하사유지,D15mm 계량기 보호통 교체,"1,331,600 ","1,236,000 ","95,600 ",0 ,"19,870 ","25,220 ","20,180 ","5,720 ","2,570 ","12,890 ","3,500","30,420",15.0,계량기보호통(실),계량기보호통,노후,982.8,205.0,80,,0 ,0 ,0 ,미등록,폐콘 0.2,2025-04-16,35.9099835,128.6435598
127,20250416-0192,04-16,동구 입석동 885-24,미누수,콘크리트 재포장,"176,000 ","176,000 ",0 ,0 ,"1,900 ","2,410 ","1,930 ",540 ,240 ,"1,230 ",520,"2,520",,,,,,210.0,108-1,,,,,미등록,폐콘 0.1,2025-04-16,35.8919905,128.650145
128,20250416-0196,04-16,동구 방촌동 1072-14,지상사유지,D32mm 계량기 보호통 교체,"1,396,000 ","1,170,000 ","226,000 ",0 ,"20,620 ","26,180 ","20,950 ","5,940 ","2,670 ","13,380 ","3,210","27,650",32.0,계량기보호통(실),접합부,노후,,227.0,124-2,,,,,미등록,폐콘 0.2,2025-04-16,35.8795581,128.661979
129,20250416-0301,04-16,동구 방촌동 69,지상사유지,STS D15mm 인입선 누수수선,"763,000 ","763,000 ",0 ,0 ,"9,050 ","11,490 ","9,190 ","2,600 ","1,170 ","5,870 ","2,370","15,660",15.0,스텐레스관,이형관,노후,,226.0,102,,,,,미등록,,2025-04-16,35.8966883,128.6736098
130,20250416-0331,04-16,동구 도동 8-7,지하공도,PFP D40*20mm 분기점 누수수선,"1,089,000 ","1,089,000 ",0 ,0 ,"14,130 ","17,930 ","14,350 ","4,070 ","1,820 ","9,160 ","3,320","24,650",20.0,PFP관,이형관,노후,680.4,205.0,80,,0 ,0 ,0 ,등록,,2025-04-16,35.9098322,128.6464915
131,20250417-0097,04-17,동구 효목동 189-23,지상사유지,D15mm 계량기 보호통 교체,"975,600 ","880,000 ","95,600 ",0 ,"14,290 ","18,140 ","14,510 ","4,110 ","1,850 ","9,270 ","2,500","20,340",15.0,계량기보호통(실),연결부,노후,,213.0,38,,,,,미등록,폐콘 0.1,2025-04-17,35.8795166,128.6458885
132,20250417-0137,04-17,동구 신암동 651-1,지하공도,DTC D150*15㎜ 구분기점 누수수선,"467,000 ","467,000 ",0 ,0 ,"7,920 ","10,050 ","8,040 ","2,280 ","1,020 ","5,140 ","1,330","7,870",15.0,부분기대,부분기대,노후,667.68,211.0,3,,0 ,0 ,0 ,등록,,2025-04-17,35.8916611,128.6212441
133,20250418-0064,04-18,동구 신천동 390-7,지상공도,DTC D=80*20mm 분기점 누수수선,"424,000 ","424,000 ",0 ,0 ,"5,540 ","7,030 ","5,630 ","1,590 ",710 ,"3,590 ","1,300","8,170",20.0,부분기대,부분기대,노후,9.9,606.0,44-2,0.0,0 ,0 ,0 ,등록,,2025-04-18,35.87736,128.6307803
134,20250418-0265,04-18,동구 신천동 265-29,지하공도,STS D25*15mm 분기점 누수수선,"506,000 ","506,000 ",0 ,0 ,"6,850 ","8,700 ","6,960 ","1,970 ",880 ,"4,450 ","1,540","9,470",15.0,스텐레스관,이형관,노후,385.2,221.0,41,,0 ,0 ,0 ,등록,,2025-04-18,35.8735761,128.6201429
135,20250418-0270,04-18,동구 불로동 17-21,지하미누수,확인 터파기 결과 미누수,"1,472,000 ","1,472,000 ",0 ,0 ,"19,740 ","25,060 ","20,050 ","5,690 ","2,550 ","12,810 ","4,290","23,180",,,,,,205.0,77,0.3,435 ,387 ,48 ,미등록,폐아0.6,2025-04-18,35.9156123,128.6435681
136,20250418-0271,04-18,동구 도동 145-3,지하공도,DTC D=80*15 분기점 누수수선,"2,322,000 ","2,322,000 ",0 ,0 ,"32,900 ","41,760 ","33,420 ","9,480 ","4,260 ","21,340 ","6,730","39,630",15.0,스텐레스관,이형관,노후,"1,900.32",205.0,80,0.3,435 ,387 ,48 ,등록,폐아 0.8,2025-04-18,35.9117652,128.6519633
137,20250418-0308,04-18,동구 불로동 1181,미누수,현장 확인 결과 미누수,"69,000 ","69,000 ",0 ,0 ,0 ,0 ,0 ,0 ,0 ,0 ,250,0,,,,,,205.0,80,,,,,미등록,,2025-04-18,35.9099725,128.6415771
138,20250418-0309,04-18,동구 불로동 504-2,지하사유지,STS D15mm 인입선 누수수선,"350,000 ","350,000 ",0 ,0 ,"3,680 ","4,670 ","3,740 ","1,060 ",470 ,"2,390 ","1,120","6,100",15.0,스텐레스관,이형관,노후,388.8,205.0,77,,0 ,0 ,0 ,미등록,,2025-04-18,35.9128235,128.6453191
139,20250421-0007,04-21,동구 불로동 382-20,지상사유지,D15mm 계량기 보호통 교체,"892,600 ","797,000 ","95,600 ",0 ,"12,410 ","15,750 ","12,610 ","3,570 ","1,600 ","8,050 ","2,290","18,040",15.0,계량기보호통(실),계량기보호통,노후,,205.0,77,,,,,미등록,폐콘 0.1,2025-04-21,35.9130214,128.6414367
140,20250421-0204,04-21,동구 효목동 173-11,지상사유지,D15mm 계량기 보호토 교체,"836,600 ","741,000 ","95,600 ",0 ,"11,720 ","14,880 ","11,900 ","3,370 ","1,510 ","7,600 ","2,110","18,170",15.0,계량기보호통(실),접합부,노후,,213.0,38,,,,,미등록,폐콘 0.1,2025-04-21,35.8809072,128.6463219
141,20250423-0014,04-23,동구 신천동 393-3,지상사유지,D15mm 계량기 보호통 교체,"859,600 ","764,000 ","95,600 ",0 ,"12,230 ","15,530 ","12,430 ","3,520 ","1,580 ","7,940 ","2,170","18,700",15.0,계량기보호통(실),계량기보호통,노후,,606.0,44-2,,,,,미등록,폐콘 0.1,2025-04-23,35.8768435,128.6311778
142,20250423-0100,04-23,동구 봉무동 190,지상사유지,D=15mm 계량기 보호통 교체,"2,818,600 ","2,723,000 ","95,600 ",0 ,"39,410 ","50,030 ","40,030 ","11,350 ","5,100 ","25,570 ","7,840","51,170",15.0,계량기보호통(실),계량기보호통,노후,,203.0,59,0.2,290 ,258 ,32 ,미등록,"폐아0.8, 폐콘0.1",2025-04-23,35.9319833,128.644651
143,20250423-0191,04-23,동구 신암동 652-15,지상사유지,D15mm 계량기 보호통 교체,"696,600 ","601,000 ","95,600 ",0 ,"9,220 ","11,710 ","9,370 ","2,650 ","1,190 ","5,980 ","1,750","14,740",15.0,계량기보호통(실),연결부,노후,,211.0,3,,,,,미등록,,2025-04-23,35.8900841,128.6208683
144,20250423-0203,04-23,동구 신암동 770-11,지상사유지,D15mm 계량기 보호통 교체,"942,600 ","847,000 ","95,600 ",0 ,"13,670 ","17,360 ","13,890 ","3,940 ","1,770 ","8,870 ","2,400","20,940",15.0,계량기보호통(실),계량기보호통,노후,,211.0,6,,,,,미등록,폐콘 0.1,2025-04-23,35.8826045,128.6167867
145,20250424-0192,04-24,동구 지저동 720-5,지상사유지,D15mm 계량기 보호통 교체,"882,600 ","787,000 ","95,600 ",0 ,"11,970 ","15,190 ","12,160 ","3,450 ","1,550 ","7,760 ","2,270","18,770",15.0,계량기보호통(실),계량기보호통,노후,,208.0,99,,,,,미등록,폐콘 0.1,2025-04-24,35.89556,128.63567
146,20250424-0300,04-24,동구 지묘동 85-2 101호,지상사유지,D15mm 계량기실 누수수선,"162,000 ","162,000 ",0 ,0 ,"1,380 ","1,760 ","1,400 ",390 ,170 ,900 ,530,"1,300",15.0,계량기보호통(실),계량기보호실,노후,,201.0,55,,,,,미등록,,2025-04-24,35.9451917,128.646344
147,20250424-0514,04-24,동구 신천동 537-13 라온헤어,지하사유지,D15mm 계량기 보호통 교체,"916,600 ","821,000 ","95,600 ",0 ,"13,000 ","16,500 ","13,200 ","3,740 ","1,680 ","8,430 ","2,320","18,950",15.0,계량기보호통(실),접합부,노후,730.08,219.0,29,,0 ,0 ,0 ,미등록,폐콘 0.2,2025-04-24,35.8744567,128.6152849
148,20250425-0050,04-25,동구 도동 20-27,지상사유지,D15mm 계량기 보호통 교체,"871,600 ","776,000 ","95,600 ",0 ,"11,780 ","14,950 ","11,960 ","3,390 ","1,520 ","7,640 ","2,240","18,460",15.0,계량기보호통(실),계량기보호통,노후,,205.0,80,,,,,미등록,폐콘 0.1,2025-04-25,35.9108592,128.6459591
149,20250425-0170,04-25,동구 백안동 613,미누수,확인 터파기 결과 내부누수,"301,000 ","301,000 ",0 ,0 ,"3,960 ","5,020 ","4,020 ","1,140 ",510 ,"2,570 ",910,"4,010",,,,,,201.0,308-1,,,,,미등록,,2025-04-25,35.9631938,128.6933991
150,20250425-0293,04-25,동구 신천동 381-7,지하사유지,STS D15mm 인입선 누수수선,"424,000 ","424,000 ",0 ,0 ,"5,580 ","7,090 ","5,670 ","1,610 ",720 ,"3,620 ","1,270","8,080",15.0,스텐레스관,이형관,노후,410.4,222.0,34,,0 ,0 ,0 ,미등록,폐콘 0.1,2025-04-25,35.8758746,128.6294057
151,20250425-0294,04-25,동구 신암동 461-51,지하사유지,D15 계량기실 누수수선,"132,000 ","132,000 ",0 ,0 ,"1,850 ","2,340 ","1,870 ",530 ,230 ,"1,200 ",390,"1,740",15.0,계량기보호통(실),계량기보호통,노후,246.24,216.0,15,,0 ,0 ,0 ,미등록,,2025-04-25,35.8774606,128.6128553
152,20250425-0297,04-25,동구 부동 125-7,지하공도,STS D32mm 직관부 누수수선,"1,134,000 ","1,134,000 ",0 ,0 ,"17,060 ","21,650 ","17,330 ","4,910 ","2,200 ","11,060 ","3,350","19,460",32.0,스텐레스관,직관,부식,"5,444.64",226.0,120,,0 ,0 ,0 ,등록,,2025-04-25,35.8889597,128.6952255
153,20250425-0305,04-25,동구 신평동 87 (주)혜경,지상사유지,D=20mm 계량기 보호통 교체,"1,340,000 ","1,212,000 ","128,000 ",0 ,"19,660 ","24,960 ","19,970 ","5,660 ","2,540 ","12,750 ","3,430","27,620",20.0,계량기보호통(실),계량기보호통,노후,,230.0,215,0.0,0 ,0 ,0 ,미등록,폐콘 0.2,2025-04-25,35.883935,128.6931924
155,20250425-0508,04-25,동구 신평동 611-1,지상공도,DTC D100*15 분기점 누수수선,"735,000 ","735,000 ",0 ,0 ,"7,710 ","9,790 ","7,830 ","2,220 ",990 ,"5,000 ","2,280","9,880",15.0,부분기대,부분기대,노후,2.9,226.0,224-1,0.1,145 ,129 ,16 ,등록,폐아0.2,2025-04-25,35.8780265,128.6830251
156,-,04-28,동구 방촌동 890-18,노후관교체공사,"PFP D=40mm L=33m → STS D=40mm, L=33m","7,287,570 ","7,050,000 ","237,570 ",0 ,"112,670 ","143,020 ","114,450 ","32,470 ","14,590 ","73,100 ","20,310","141,750",,,,,,228.0,125,0.5,725 ,645 ,80 ,미등록,폐아 0.6,2025-04-28,35.8823238,128.6669247
157,20250428-0392,04-28,동구 효목동 504-10,지하공도,DTC D80*15mm 구분기점 누수수선 (직선화작업),"5,689,000 ","5,689,000 ",0 ,0 ,"80,870 ","102,660 ","82,150 ","23,300 ","10,470 ","52,470 ","16,240","107,290",15.0,부분기대,부분기대,노후,"1,104.48",606.0,36,0.7,"1,014 ",903 ,111 ,등록,"폐콘 1.4, 폐아 1.4",2025-04-28,35.8738347,128.635298
158,20250429-0004,04-29,동구 불로동 404-3,지상공도,PFP D=100*25mm 분기점 누수수선,"1,672,000 ","1,672,000 ",0 ,0 ,"21,260 ","26,990 ","21,600 ","6,120 ","2,750 ","13,790 ","5,000","27,450",25.0,부분기대,부분기대,폭파,17.5,204.0,76,0.2,290 ,258 ,32 ,등록,폐아 0.5,2025-04-29,35.9111094,128.6403533
159,20250429-0305,04-29,동구 신암동 623-31,시설물수선,D=100mm 지하식 소화전 누수수선,"144,000 ","144,000 ",0 ,0 ,"1,710 ","2,170 ","1,740 ",490 ,220 ,"1,110 ",450,"1,770",,,,,,211.0,7,,0 ,0 ,0 ,등록,,2025-04-29,35.8857466,128.6229315
160,20250430-0231,04-30,동구 검사동 895-33 공장,지하공도,DTC D100*25mm 분기점 누수수선,"2,651,000 ","2,651,000 ",0 ,0 ,"35,710 ","45,330 ","36,270 ","10,290 ","4,620 ","23,160 ","7,300","43,680",25.0,스텐레스관,이형관,노후,"2,856",210.0,108-1,0.3,435 ,387 ,48 ,등록,폐콘1.7 폐아 0.8,2025-04-30,35.8896501,128.6547992
161,20250430-0239,04-30,동구 동호동 362,미누수,현장확인 결과 미누수,"107,000 ","107,000 ",0 ,0 ,0 ,0 ,0 ,0 ,0 ,0 ,0,0,,,,,,237.0,260-2,,,,,미등록,,2025-04-30,35.865992,128.7217167
162,20250430-0386,04-30,동구 둔산동 600-2,지상사유지,D=15 계량기실 누수수선,"136,000 ","136,000 ",0 ,0 ,"1,380 ","1,760 ","1,400 ",390 ,170 ,900 ,430,"1,300",15.0,계량기보호통(실),계량기보호통,노후,,226.0,95,,,,,미등록,,2025-04-30,35.9000184,128.6743645
163,20250501-0101,05-01,동구 입석동 961-18,지상사유지,D15mm 계량기 보호통 교체,"1,002,600 ","907,000 ","95,600 ",0 ,"14,170 ","17,990 ","14,390 ","4,080 ","1,830 ","9,190 ","2,580","20,190",15.0,계량기보호통(실),계량기보호통,노후,,210.0,108-1,,,,,미등록,폐콘 0.2,2025-05-01,35.8917567,128.6457754
164,20250501-0111,05-01,동구 방촌동 925-76,지상사유지,D15mm 계량기 보호통 교체,"905,600 ","810,000 ","95,600 ",0 ,"12,620 ","16,020 ","12,820 ","3,630 ","1,630 ","8,190 ","2,330","18,320",15.0,계량기보호통(실),계량기보호통,노후,,228.0,125,,,,,미등록,폐콘 0.1,2025-05-01,35.8836388,128.6643505
165,20250502-0288,05-02,동구 율하동 950,미누수,현장 확인 결과 미누수(양수작업),"107,000 ","107,000 ",0 ,0 ,0 ,0 ,0 ,0 ,0 ,0 ,400,0,,,,,,233.0,255,,,,,미등록,,2025-05-02,35.8676794,128.701298
166,20250502-0290,05-02,동구 지저동 843-1 A동,미누수,현장 확인 결과 미누수(양수작업),"81,000 ","81,000 ",0 ,0 ,0 ,0 ,0 ,0 ,0 ,0 ,300,0,,,,,,208.0,106-2,,,,,미등록,,2025-05-02,35.8920864,128.6390361
167,20250502-0346,05-02,동구 신암동 130-42,지상사유지,D15mm 계량기 보호통 교체,"890,600 ","795,000 ","95,600 ",0 ,"12,970 ","16,460 ","13,170 ","3,730 ","1,670 ","8,410 ","2,250","18,480",15.0,계량기보호통(실),계량기보호통,노후,,209.0,1,,,,,미등록,폐콘 0.1,2025-05-02,35.8887409,128.6309791
168,20250505-0017,05-05,동구 검사동 1023-69,지상사유지,D15mm 계량기 보호통 교체,"979,600 ","884,000 ","95,600 ",0 ,"13,930 ","17,680 ","14,150 ","4,010 ","1,800 ","9,030 ","2,500","19,630",15.0,계량기보호통(실),계량기보호통,노후,,210.0,111-1,,,,,미등록,폐콘 0.2,2025-05-05,35.8883424,128.6474276
169,20250506-0010,05-06,동구 방촌동 941-31,지상사유지,STS D15mm 인입선 누수수선,"649,000 ","649,000 ",0 ,0 ,"6,940 ","8,810 ","7,050 ","2,000 ",890 ,"4,500 ","2,070","10,190",15.0,스텐레스관,이형관,노후,,228.0,125,,,,,미등록,,2025-05-06,35.8851534,128.6651932
170,20250507-0041,05-07,동구 신천동 344-6,지하사유지,D25mm 계량기 보호통 교체,"1,361,000 ","1,203,000 ","158,000 ",0 ,"18,490 ","23,470 ","18,780 ","5,320 ","2,390 ","11,990 ","3,450","27,920",25.0,계량기보호통(실),접합부,노후,"1,149.12",606.0,44-2,,0 ,0 ,0 ,미등록,폐콘 0.2,2025-05-07,35.8700811,128.6294725
171,20250507-0071,05-07,동구 신천동 368-1,지하공도,STS D25*15mm 구분기점 누수수선,"441,000 ","441,000 ",0 ,0 ,"5,810 ","7,370 ","5,900 ","1,670 ",750 ,"3,770 ","1,340","6,520",15.0,스텐레스관,이형관,노후,453.6,222.0,34,,0 ,0 ,0 ,등록,,2025-05-07,35.8723088,128.6293149
172,20250507-0083,05-07,동구 신천동 364-6,지하공도,D80mm 제수밸브 누수수선,"1,811,000 ","766,000 ",0 ,"1,045,000 ","7,000 ","8,880 ","7,110 ","2,010 ",900 ,"4,540 ","2,280","9,300",80.0,변류,접합부,노후,"2,322.24",222.0,34,0.2,290 ,258 ,32 ,등록,폐아 0.7,2025-05-07,35.8710367,128.6297782
173,20250507-0095,05-07,동구 효목동 368-6,지하사유지,D15mm 계량기 보호통 교체,"947,600 ","852,000 ","95,600 ",0 ,"13,730 ","17,430 ","13,950 ","3,950 ","1,770 ","8,910 ","2,460","19,900",15.0,계량기보호통(실),계량기보호실,노후,786.24,223.0,37,,0 ,0 ,0 ,미등록,,2025-05-07,35.8783688,128.6383808
174,20250507-0096,05-07,동구 신천동 353-1 더샵디어엘로 아파트 관리사무소,지하공도,DTC D150mm 구분기점 누수수선,"2,161,000 ","812,000 ",0 ,"1,349,000 ","8,060 ","10,230 ","8,190 ","2,320 ","1,040 ","5,230 ","2,370","11,270",15.0,부분기대,부분기대,노후,942,606.0,44-2,0.2,290 ,258 ,32 ,등록,폐아 0.8,2025-05-07,35.8694556,128.6310553
175,20250507-0115,05-07,동구 신천동 325-10 세미텔1호,지하사유지,D25mm 계량기실 누수수선,"79,000 ","79,000 ",0 ,0 ,640 ,820 ,650 ,180 ,80 ,420 ,260,750,25.0,계량기보호통(실),계량기보호실,노후,574.56,222.0,33,,0 ,0 ,0 ,미등록,,2025-05-07,35.87418,128.6272718
176,20250507-0117,05-07,동구 신천동 322-16,지하사유지,D25mm 계량기 보호통 교체,"1,275,000 ","1,117,000 ","158,000 ",0 ,"18,450 ","23,420 ","18,740 ","5,310 ","2,380 ","11,970 ","3,130","27,130",25.0,계량기보호통(실),계량기보호실,노후,"1,149.12",222.0,33,,0 ,0 ,0 ,미등록,폐콘 0.2,2025-05-07,35.8732351,128.6275063
177,20250507-0125,05-07,동구 신암동 204-2,지하공도,PFP D50*15mm 분기점 누수수선,"1,277,000 ","1,277,000 ",0 ,0 ,"18,180 ","23,070 ","18,460 ","5,230 ","2,350 ","11,790 ","3,840","24,480",15.0,PFP관,이형관,노후,"1,179.36",217.0,18,,0 ,0 ,0 ,등록,,2025-05-07,35.8789335,128.622922
178,20250507-0130,05-07,동구 신암동 207-70,지하사유지,D15mm 계량기 보호통 교체,"888,600 ","793,000 ","95,600 ",0 ,"12,720 ","16,140 ","12,920 ","3,660 ","1,640 ","8,250 ","2,260","18,530",15.0,계량기보호통(실),계량기보호실,노후,786.24,217.0,18,,0 ,0 ,0 ,미등록,폐콘 0.1,2025-05-07,35.8793255,128.6251396
179,20250507-0133,05-07,동구 신암동 616-109,지하사유지,D15mm 계량기 보호통 교체,"998,600 ","903,000 ","95,600 ",0 ,"14,830 ","18,830 ","15,060 ","4,270 ","1,920 ","9,620 ","2,530","20,530",15.0,계량기보호통(실),접합부,노후,792.48,211.0,7,,0 ,0 ,0 ,미등록,폐콘 0.2,2025-05-07,35.8852352,128.6222533
180,20250508-0207,05-08,동구 신암동 231-16,지상사유지,D15mm 계량기실 누수수선,"110,000 ","110,000 ",0 ,0 ,"1,380 ","1,760 ","1,400 ",390 ,170 ,900 ,330,"1,300",15.0,계량기보호통(실),계량기보호실,노후,,217.0,18,,,,,미등록,,2025-05-08,35.8798166,128.6233429
181,20250508-0288,05-08,동구 불로동 496-2,지상사유지,D15mm 계량기 보호통 교체,"997,600 ","902,000 ","95,600 ",0 ,"14,150 ","17,960 ","14,370 ","4,070 ","1,830 ","9,180 ","2,590","20,280",15.0,계량기보호통(실),계량기보호통,노후,,205.0,80,,,,,미등록,폐콘 0.1,2025-05-08,35.9112325,128.6440288
182,20250508-0410,05-08,동구 신무동 163-4,지상사유지,D15mm 계량기실 누수수선,"162,000 ","162,000 ",0 ,0 ,"1,380 ","1,760 ","1,400 ",390 ,170 ,900 ,530,"1,300",15.0,계량기보호통(실),계량기보호실,노후,,201.0,307,,,,,미등록,,2025-05-08,35.9839434,128.6738761
183,20250509-0025,05-09,동구 신암동 186-26,지상사유지,D15mm 계량기 보호통 교체,"872,600 ","777,000 ","95,600 ",0 ,"12,400 ","15,750 ","12,600 ","3,570 ","1,600 ","8,050 ","2,210","18,190",15.0,계량기보호통(실),계량기보호통,노후,,217.0,17,,,,,미등록,폐콘 0.1,2025-05-09,35.878634,128.6184342
184,20250510-0007,05-10,동구 불로동 16-7,지상사유지,D15mm 계량기 보호통 교체,"856,600 ","761,000 ","95,600 ",0 ,"11,720 ","14,880 ","11,910 ","3,370 ","1,510 ","7,600 ","2,190","17,290",15.0,계량기보호통(실),계량기보호통,노후,,205.0,77,,,,,미등록,폐콘 0.1,2025-05-10,35.9155217,128.6431929
185,-,05-12,동구 방촌동 925-50,노후관교체공사,,"6,397,110 ","5,863,000 ","534,110 ",0 ,"94,340 ","119,760 ","95,830 ","27,180 ","12,210 ","61,210 ","16,760","136,300",,,,,,228.0,125,0.5,725 ,645 ,80 ,미등록,폐아 0.4,2025-05-12,35.8833198,128.6649092
186,20250512-0121,05-12,동구 효목동 358-3,지상사유지,D15mm 계량기실 누수수선,"65,000 ","65,000 ",0 ,0 ,460 ,580 ,460 ,130 ,50 ,300 ,220,430,15.0,계량기보호통(실),계량기보호실,노후,,223.0,37,,,,,미등록,,2025-05-12,35.8788117,128.6400458
187,20250512-0168,05-12,동구 신암동 186-24,지상사유지,D15mm 계량기 보호통 교체,"957,600 ","862,000 ","95,600 ",0 ,"13,830 ","17,560 ","14,050 ","3,980 ","1,790 ","8,970 ","2,460","20,030",15.0,계량기보호통(실),계량기보호통,노후,,217.0,17,0.0,0 ,0 ,0 ,미등록,폐콘 0.1,2025-05-12,35.8784941,128.6183321
188,20250513-0039,05-13,동구 신천동 390-9,지상사유지,D15mm 계량기 보호통 교체,"867,600 ","772,000 ","95,600 ",0 ,"12,410 ","15,750 ","12,610 ","3,570 ","1,600 ","8,050 ","2,190","18,050",15.0,계량기보호통(실),계량기보호통,노후,,606.0,44-2,,,,,미등록,폐콘 0.1,2025-05-13,35.8772444,128.6310289
189,20250513-0074,05-13,동구 신암동 207-71,지상사유지,D15mm 계량기실 누수수선,"110,000 ","110,000 ",0 ,0 ,"1,380 ","1,760 ","1,400 ",390 ,170 ,900 ,330,"1,300",15.0,계량기보호통(실),계량기보호실,노후,,217.0,18,,,,,미등록,,2025-05-13,35.8793679,128.6252255
190,20250513-0083,05-13,동구 방촌동 1084-236,미누수,확인 터파기 결과 하수도,"292,000 ","292,000 ",0 ,0 ,"4,190 ","5,320 ","4,260 ","1,200 ",540 ,"2,720 ",840,"4,340",,,,,,227.0,124-2,,,,,미등록,폐콘 0.1,2025-05-13,35.8779545,128.6638582
191,20250513-0219,05-13,동구 검사동 960-17 (녹지지역),미누수,현장 확인 결과 미누수,"69,000 ","69,000 ",0 ,0 ,0 ,0 ,0 ,0 ,0 ,0 ,250,0,,,,,,210.0,111-1,,,,,미등록,,2025-05-13,35.8854035,128.6548842
192,20250514-0280,05-14,동구 중대동 351,지하공도,DTEP D200mm 접합부 누수수선,"5,224,000 ","4,374,000 ",0 ,"850,000 ","64,300 ","81,630 ","65,320 ","18,530 ","8,320 ","41,720 ","12,360","75,040",200.0,닥타일관,이형관,볼트이완,"4,052.16",201.0,54,0.7,"1,014 ",903 ,111 ,등록,폐아 2.1,2025-05-14,35.9697863,128.6282635
193,20250515-0020,05-15,동구 율하동 945-8,지하사유지,PE D20mm 인입선 누수수선,"1,000,000 ","1,000,000 ",0 ,0 ,"12,080 ","15,330 ","12,270 ","3,480 ","1,560 ","7,830 ","3,120","16,270",20.0,PE관,이형관,노후,868.32,233.0,255,0.1,145 ,129 ,16 ,미등록,,2025-05-15,35.868553,128.700657
194,20250515-0038,05-15,동구 신천동 263-14,미누수,확인 터파기 결과 하수도,"376,000 ","376,000 ",0 ,0 ,"5,070 ","6,440 ","5,150 ","1,460 ",650 ,"3,290 ","1,110","5,580",,,,,,221.0,41,,,,,미등록,폐아 0.1,2025-05-15,35.8727805,128.6204124
195,20250515-0104,05-15,동구 지저동 661,지상사유지,D20mm 계량기실 누수수선,"160,000 ","160,000 ",0 ,0 ,"1,300 ","1,650 ","1,320 ",370 ,160 ,840 ,530,"2,020",20.0,계량기보호통(실),계량기보호실,노후,,208.0,101-2,,,,,미등록,,2025-05-15,35.8963352,128.6418097
196,20250516-0087,05-16,동구 방촌동 925-48,지상사유지,D15mm 계량기 보호통 교체,"945,600 ","850,000 ","95,600 ",0 ,"13,340 ","16,940 ","13,550 ","3,840 ","1,720 ","8,650 ","2,440","19,160",15.0,계량기보호통(실),계량기보호통,노후,,228.0,125,,,,,미등록,폐콘 0.1,2025-05-16,35.883194,128.6651612
197,-,05-16,동구 방촌동 1071-14,노후관교체공사,,"13,969,780 ","13,232,000 ","737,780 ",0 ,"229,370 ","291,160 ","232,990 ","66,100 ","29,700 ","148,810 ","37,370","275,900",,,,,,227.0,124-2,1.1,"1,594 ","1,419 ",175 ,미등록,폐아 0.2,2025-05-16,35.8818628,128.6625392
198,20250519-0588,05-19,동구 신암동 177-17,지상공도,PFP D40*15mm 분기점 누수수선,"744,000 ","744,000 ",0 ,0 ,"9,620 ","12,210 ","9,770 ","2,770 ","1,240 ","6,240 ","2,290","13,830",15.0,PFP관,이형관,노후,0.15,217.0,17,,0 ,0 ,0 ,등록,,2025-05-19,35.8799106,128.6149783
199,20250519-0650,05-19,동구 신서동 561,미누수,현장 확인 결과 미누수(양수작업),"107,000 ","107,000 ",0 ,0 ,0 ,0 ,0 ,0 ,0 ,0 ,400,0,,,,,,237.0,284-2,,,,,미등록,,2025-05-19,35.8661094,128.7313875
200,20250520-0005,05-20,동구 송정동 289,지하사유지,PE D20mm 접합부 누수수선,"237,000 ","237,000 ",0 ,0 ,"2,850 ","3,620 ","2,890 ",820 ,360 ,"1,850 ",730,"2,650",20.0,PE관,이형관,노후,433.68,201.0,54,,0 ,0 ,0 ,미등록,,2025-05-20,35.9874321,128.6223617
201,20250520-0007,05-20,동구 중대동 422-1,지하사유지,STS D15mm 인입선 누수수선,"1,114,000 ","1,114,000 ",0 ,0 ,"12,000 ","15,240 ","12,190 ","3,460 ","1,550 ","7,790 ","3,450","16,350",15.0,스텐레스관,이형관,노후,867.36,201.0,54,0.2,290 ,258 ,32 ,미등록,폐아 0.3,2025-05-20,35.9785984,128.6329791
202,20250520-0245,05-20,동구 불로동 1019-18,지상사유지,D15mm 계량기 보호통 교체,"915,600 ","820,000 ","95,600 ",0 ,"12,810 ","16,260 ","13,010 ","3,690 ","1,650 ","8,310 ","2,350","18,510",15.0,계량기보호통(실),계량기보호통,노후,,208.0,92,,,,,미등록,폐콘 0.1,2025-05-20,35.8973116,128.6348847
203,20250520-0414,05-20,동구 신암동 174-1 백년한우,미누수,현장 확인 결과 미누수,"43,000 ","43,000 ",0 ,0 ,0 ,0 ,0 ,0 ,0 ,0 ,160,0,,,,,,217.0,17,,,,,미등록,,2025-05-20,35.8807892,128.6166333
204,20250520-0498,05-20,동구 신용동 684,지하공도,STS D40*15mm 분기점 누수수선,"1,350,000 ","1,350,000 ",0 ,0 ,"14,580 ","18,510 ","14,810 ","4,200 ","1,880 ","9,460 ","4,200","20,430",15.0,스텐레스관,이형관,노후,"1,310.4",201.0,54,0.2,290 ,258 ,32 ,등록,폐아 0.3,2025-05-20,35.9815253,128.6473727
205,20250521-0133,05-21,동구 신암동 174-23,지상공도,DTC D80*25mm 구분기점 누수수선,"229,000 ","229,000 ",0 ,0 ,"3,170 ","4,030 ","3,230 ",910 ,410 ,"2,060 ",690,"3,770",25.0,부분기대,부분기대,노후,1.21,217.0,17,,0 ,0 ,0 ,등록,,2025-05-21,35.8803757,128.61559
206,20250521-0395,05-21,동구 율하동 896-4,지상사유지,D15mm 계량기실 누수수선,"180,000 ","180,000 ",0 ,0 ,"1,380 ","1,760 ","1,400 ",390 ,170 ,900 ,600,"1,820",15.0,계량기보호통(실),계량기보호실,노후,,233.0,255,,,,,미등록,,2025-05-21,35.8702713,128.6966336
207,20250521-0445,05-21,동구 효목동 130-13,지하사유지,D15mm 계량기 보호통 교체,"883,600 ","788,000 ","95,600 ",0 ,"12,470 ","15,830 ","12,660 ","3,590 ","1,610 ","8,090 ","2,250","18,500",15.0,계량기보호통(실),계량기보호통,노후,638.4,213.0,26,,0 ,0 ,0 ,미등록,폐콘 0.1,2025-05-21,35.8838222,128.6419568
208,20250520-0006,05-20,동구 율하동 953-5,지하공도,DTC D100*15mm 구분기점 누수수선,"696,000 ","696,000 ",0 ,0 ,"7,290 ","9,250 ","7,400 ","2,100 ",940 ,"4,730 ","2,220","8,510",15.0,부분기대,부분기대,노후,600.48,233.0,255,,0 ,0 ,0 ,등록,,2025-05-20,35.8683008,128.7006086
209,20250522-0182,05-22,동구 방촌동 941-9,지하공도,PFP D50mm 제수밸브 누수수선,"1,524,000 ","1,524,000 ",0 ,0 ,"16,840 ","21,380 ","17,110 ","4,850 ","2,180 ","10,930 ","4,490","24,390",50.0,변류,본체,노후,"1,861.2",228.0,125,0.2,290 ,258 ,32 ,등록,"폐콘 0.7, 폐아 0.4",2025-05-22,35.8851695,128.6657594
210,20250522-0183,05-22,동구 신암동 164-4 왔따쪽갈비,지하사유지,D15mm 계량기실 누수수선,"76,000 ","76,000 ",0 ,0 ,690 ,880 ,700 ,190 ,80 ,450 ,240,650,15.0,계량기보호통(실),계량기보호실,노후,236.88,217.0,17,,0 ,0 ,0 ,미등록,,2025-05-22,35.8807103,128.614922
211,20250522-0185,05-22,동구 신암동 175-7,지하공도,DTC D80*15mm 분기점 누수수선,"855,000 ","855,000 ",0 ,0 ,"11,990 ","15,230 ","12,180 ","3,450 ","1,550 ","7,780 ","2,570","14,910",15.0,부분기대,부분기대,노후,852,217.0,17,0.1,145 ,129 ,16 ,등록,,2025-05-22,35.8804468,128.6163105
212,20250522-0243,05-22,동구 각산동 884-3,지상사유지,STS D20mm 인입선 누수수선,"890,000 ","890,000 ",0 ,0 ,"10,190 ","12,930 ","10,350 ","2,930 ","1,310 ","6,610 ","2,730","11,330",20.0,스텐레스관,직관,노후,,235.0,233,0.1,145 ,129 ,16 ,미등록,폐아 0.2,2025-05-22,35.8765393,128.7105052
213,20250522-0410,05-22,동구 신암동 169-5,시설물수선,제수변 철개 입상,"1,024,000 ","1,024,000 ",0 ,0 ,"14,080 ","17,870 ","14,300 ","4,050 ","1,820 ","9,130 ","2,940","16,320",,,,,,217.0,17,0.2,290 ,258 ,32 ,미등록,폐아 0.5,2025-05-22,35.8810942,128.6184075
214,20250522-0430,05-22,동구 신암동 54-84,지하사유지,D15mm 계량기 보호통 교체,"907,600 ","812,000 ","95,600 ",0 ,"13,190 ","16,750 ","13,400 ","3,800 ","1,700 ","8,560 ","2,300","18,850",15.0,계량기보호통(실),계량기보호통,노후,642.96,209.0,12,,0 ,0 ,0 ,미등록,폐콘 0.1,2025-05-22,35.8891214,128.6365831
215,20250524-0020,05-24,동구 신암동 351-17,지상사유지,D15mm 계량기실 누수수선,"149,000 ","149,000 ",0 ,0 ,"2,080 ","2,640 ","2,110 ",590 ,260 ,"1,350 ",450,"2,140",15.0,계량기보호통(실),계량기보호실,노후,,218.0,22,,,,,미등록,,2025-05-24,35.8821352,128.631718
216,20250526-0006,05-26,동구 신암동 169-8,지하사유지,D15mm 계량기 보호통 교체,"755,600 ","660,000 ","95,600 ",0 ,"10,060 ","12,770 ","10,220 ","2,900 ","1,300 ","6,530 ","1,900","15,840",15.0,계량기보호통(실),계량기보호통,노후,661.2,217.0,17,,0 ,0 ,0 ,미등록,폐콘 0.1,2025-05-26,35.8810076,128.6185994
217,20250526-0009,05-26,동구 신암동 169-21,지하사유지,D15mm 계량기 보호통 교체,"780,600 ","685,000 ","95,600 ",0 ,"10,560 ","13,410 ","10,730 ","3,040 ","1,360 ","6,850 ","1,970","16,350",15.0,계량기보호통(실),계량기보호통,노후,661.2,217.0,17,,0 ,0 ,0 ,미등록,폐콘 0.1,2025-05-26,35.8806604,128.6185885
218,20250526-0010,05-26,동구 방촌동 1071-10,지하사유지,D15mm 계량기 보호통 교체,"893,600 ","798,000 ","95,600 ",0 ,"12,480 ","15,840 ","12,670 ","3,590 ","1,610 ","8,090 ","2,290","18,020",15.0,계량기보호통(실),접합부,노후,522,227.0,124-2,,0 ,0 ,0 ,미등록,폐콘 0.1,2025-05-26,35.8816748,128.6629214
219,20250526-0011,05-26,동구 지저동 669-17,지하공도,PFP D80*40mm 구분기점 누수수선,"2,884,000 ","2,884,000 ",0 ,0 ,"39,100 ","49,640 ","39,720 ","11,270 ","5,060 ","25,370 ","8,480","49,340",40.0,PFP관,이형관,노후,"2,992.8",208.0,92,0.5,725 ,645 ,80 ,등록,폐아 0.9,2025-05-26,35.8969348,128.6370201
220,20250526-0015,05-26,동구 사복동 795,지상공도,STS D50mm 직관부 누수수선,"753,000 ","753,000 ",0 ,0 ,"8,970 ","11,390 ","9,120 ","2,580 ","1,160 ","5,820 ","2,350","10,890",50.0,스텐레스관,직관,부식,0.69,236.0,271,,0 ,0 ,0 ,등록,,2025-05-26,35.8683313,128.7547978
221,20250527-0003,05-27,동구 불로동 866-9,지상사유지,PFP D40m 인입선 누수수선,"549,000 ","549,000 ",0 ,0 ,"8,540 ","10,840 ","8,670 ","2,460 ","1,100 ","5,540 ","1,580","9,500",40.0,PFP관,이형관,노후,,207.0,90,,,,,미등록,폐콘 0.1,2025-05-27,35.9034096,128.6313138
222,20250527-0006,05-27,동구 신천동 380-13,지하사유지,D15mm 계량기 보호통 교체,"865,600 ","770,000 ","95,600 ",0 ,"12,360 ","15,700 ","12,560 ","3,560 ","1,600 ","8,020 ","2,190","18,010",15.0,계량기보호통(실),계량기보호통,노후,665.76,222.0,34,,0 ,0 ,0 ,미등록,폐콘 0.1,2025-05-27,35.8739688,128.6295392
223,20250527-0813,05-27,동구 입석동 931-24,미누수,확인 터파기 결과 내부누수,"431,000 ","431,000 ",0 ,0 ,"6,740 ","8,560 ","6,850 ","1,940 ",870 ,"4,370 ","1,220","7,210",,,,,,210.0,108-1,,,,,미등록,폐콘 0.1,2025-05-27,35.8928499,128.6473268
224,20250528-0248,05-28,동구 도동 128,지상사유지,D15mm 계량기 보호통 교체,"1,058,600 ","963,000 ","95,600 ",0 ,"15,620 ","19,830 ","15,870 ","4,500 ","2,020 ","10,130 ","2,680","21,250",15.0,계량기보호통(실),계량기보호통,노후,,205.0,80,,,,,미등록,폐콘 0.3,2025-05-28,35.9115556,128.6509809
226,20250529-0046,05-29,동구 효목동 182-9,지상사유지,D15mm 계량기 보호통 교체,"967,600 ","872,000 ","95,600 ",0 ,"14,200 ","18,030 ","14,430 ","4,090 ","1,830 ","9,210 ","2,440","19,920",15.0,계량기보호통(실),계량기보호통,노후,,213.0,38,,,,,미등록,폐콘 0.2,2025-05-29,35.8802539,128.6466225
227,20250530-0001,05-30,동구 율하동 963-9,지상사유지,D20mm 계량기실 누수수선,"171,000 ","171,000 ",0 ,0 ,"1,560 ","1,980 ","1,590 ",450 ,200 ,"1,010 ",550,"1,470",20.0,계량기보호통(실),계량기보호통,노후,,233.0,255,,,,,미등록,,2025-05-30,35.8680835,128.6996589
228,20250530-0240,05-30,동구 신암동 170-11,지상공도,DTC 80*20 분기점 누수수선,"422,000 ","422,000 ",0 ,0 ,"5,580 ","7,090 ","5,670 ","1,610 ",720 ,"3,620 ","1,290","8,430",20.0,부분기대,부분기대,노후,0,217.0,17,0.0,0 ,0 ,0 ,등록,,2025-05-30,35.8800206,128.6187697
229,20250530-0307,05-30,동구 신천동 342-2,지상사유지,D40mm 계량기실 누수수선,"166,000 ","166,000 ",0 ,0 ,"2,550 ","3,240 ","2,590 ",730 ,330 ,"1,650 ",480,"2,410",40.0,계량기보호통(실),계량기보호실,노후,,222.0,43,,,,,미등록,,2025-05-30,35.8704429,128.6287087
225,20250602-0369,06-02,동구 동호동 118-21,지하공도,DT-CL D350*20mm 분기점 누수수선,"4,998,000 ","2,946,000 ","1,040,000 ","1,012,000 ","35,530 ","45,100 ","36,090 ","10,230 ","4,600 ","23,050 ","8,720","79,380",20.0,부분기대,부분기대,노후,"2,517.12",235.0,233,0.3,435 ,387 ,48 ,등록,폐아 0.9,2025-06-02,35.872264,128.7143213
230,20250601-0069,06-01,동구 도동 331-11,지상사유지,D15mm 계량기실 누수수선,"79,000 ","79,000 ",0 ,0 ,90 ,110 ,90 ,20 ,10 ,60 ,290,240,15.0,계량기보호통(실),계량기보호통,노후,,206.0,72,,,,,미등록,,2025-06-01,35.9196175,128.6603823
231,20250602-0205,06-02,동구 신천동 156-1,지상사유지,D15mm 계량기 보호통 교체,"839,600 ","744,000 ","95,600 ",0 ,"11,880 ","15,080 ","12,070 ","3,420 ","1,530 ","7,710 ","2,120","17,470",15.0,계량기보호통(실),연결부,노후,,221.0,49,,,,,미등록,폐콘 0.1,2025-06-02,35.8717555,128.6231934
232,20250602-0424,06-02,동구 신천동 454-5,지하사유지,D15mm 계량기 보호통 교체,"870,600 ","775,000 ","95,600 ",0 ,"12,400 ","15,750 ","12,600 ","3,570 ","1,600 ","8,050 ","2,200","18,130",15.0,계량기보호통(실),계량기보호통,노후,693.12,222.0,34,,0 ,0 ,0 ,미등록,폐콘 0.1,2025-06-02,35.8735954,128.6298568
233,20250602-0530,06-02,동구 방촌동 798-21,지상사유지,D25mm 계량기실 누수수선,"162,000 ","162,000 ",0 ,0 ,"1,940 ","2,460 ","1,970 ",550 ,250 ,"1,260 ",500,"1,830",25.0,계량기보호통(실),계량기보호실,노후,,228.0,132,,,,,미등록,,2025-06-02,35.883645,128.6687969
234,20250604-0542,06-04,동구 신천동 334-4,지하사유지,D20mm 계량기 보호통 교체,"1,002,000 ","874,000 ","128,000 ",0 ,"14,370 ","18,240 ","14,600 ","4,140 ","1,860 ","9,320 ","2,500","21,440",20.0,계량기보호통(실),계량기보호통,노후,997.92,222.0,33,,0 ,0 ,0 ,미등록,,2025-06-04,35.8743663,128.6286186
235,20250609-0096,06-09,동구 신천동 436-2,지상사유지,D15mm 계량기 보호통 교체,"896,600 ","801,000 ","95,600 ",0 ,"12,970 ","16,460 ","13,170 ","3,730 ","1,670 ","8,410 ","2,270","18,630",15.0,계량기보호통(실),접합부,노후,,222.0,34,,,,,미등록,폐콘 0.1,2025-06-09,35.8748959,128.6316798
236,20250610-0143,06-10,동구 지저동 722-4,지하사유지,D15mm 계량기 보호통 교체,"909,600 ","814,000 ","95,600 ",0 ,"12,780 ","16,230 ","12,980 ","3,680 ","1,650 ","8,290 ","2,330","18,370",15.0,계량기보호통(실),접합부,노후,998.4,208.0,99,,0 ,0 ,0 ,미등록,폐콘 0.1,2025-06-10,35.8954675,128.6355329
237,20250610-0145,06-10,동구 지저동 702-16,지하공도,PFP D40*15mm 분기점 누수수선,"1,597,000 ","1,597,000 ",0 ,0 ,"22,510 ","28,580 ","22,870 ","6,480 ","2,910 ","14,600 ","4,680","26,690",15.0,PFP관,이형관,노후,"1,497.6",208.0,92,0.2,290 ,258 ,32 ,등록,폐아 0.4,2025-06-10,35.8973235,128.6364645
238,20250610-0146,06-10,동구 지저동 702-10,지하공도,PFP D40*15mm 분기점 누수수선,"1,510,000 ","1,510,000 ",0 ,0 ,"21,000 ","26,660 ","21,330 ","6,050 ","2,710 ","13,620 ","4,430","25,000",15.0,PFP관,이형관,노후,"1,497.6",208.0,92,0.2,290 ,258 ,32 ,등록,폐아 0.4,2025-06-10,35.8975531,128.6362815
239,20250610-0147,06-10,동구 입석동 980-2,지하사유지,D15mm 계량기 보호통 교체,"1,074,600 ","979,000 ","95,600 ",0 ,"15,480 ","19,650 ","15,720 ","4,460 ","2,000 ","10,040 ","2,780","21,680",15.0,계량기보호통(실),접합부,노후,"1,004.64",208.0,101-2,,0 ,0 ,0 ,미등록,폐콘 0.2,2025-06-10,35.8926951,128.6435293
240,20250610-0149,06-10,동구 지저동 682-25,지하사유지,D15mm 계량기 보호통 교체,"920,600 ","825,000 ","95,600 ",0 ,"13,060 ","16,570 ","13,260 ","3,760 ","1,690 ","8,470 ","2,360","18,570",15.0,계량기보호통(실),계량기보호통,노후,"1,004.64",208.0,106-2,,0 ,0 ,0 ,미등록,폐콘 0.1,2025-06-10,35.8961083,128.6398817
241,20250610-0150,06-10,동구 지저동 760-9,지하사유지,D15mm 계량기 보호통 교체,"1,282,600 ","1,187,000 ","95,600 ",0 ,"18,160 ","23,050 ","18,450 ","5,230 ","2,350 ","11,780 ","3,450","23,970",15.0,계량기보호통(실),계량기보호통,노후,"1,004.64",208.0,106-2,,0 ,0 ,0 ,미등록,폐콘 0.1,2025-06-10,35.8932266,128.6377094
242,20250610-0151,06-10,동구 지저동 718,지하미누수,확인 터파기 결과 미누수,"800,000 ","800,000 ",0 ,0 ,"8,420 ","10,690 ","8,550 ","2,420 ","1,090 ","5,460 ","2,460","9,760",,,,,,208.0,92,0.1,145 ,129 ,16 ,미등록,폐아 0.3,2025-06-10,35.8958927,128.6358653
243,20250611-0194,06-11,동구 효목동 140-14,지상사유지,D15mm 계량기실 누수수선,"110,000 ","110,000 ",0 ,0 ,"1,380 ","1,760 ","1,400 ",390 ,170 ,900 ,330,"1,300",15.0,계량기보호통(실),계량기보호실,노후,,213.0,26,,,,,미등록,,2025-06-11,35.882341,128.6429484
244,20250612-0089,06-12,동구 신천동 88-1,지상사유지,D20mm 계량기실 누수수선,"118,000 ","118,000 ",0 ,0 ,"1,560 ","1,980 ","1,590 ",450 ,200 ,"1,010 ",360,"1,470",20.0,계량기보호통(실),계량기보호실,노후,,221.0,42,,,,,미등록,,2025-06-12,35.8728518,128.6242156
245,20250612-0272,06-12,동구 신천동 537-16,지상사유지,D15mm 계량기 보호통 교체,"853,600 ","758,000 ","95,600 ",0 ,"12,470 ","15,830 ","12,660 ","3,590 ","1,610 ","8,090 ","2,170","18,100",15.0,계량기보호통(실),계량기보호실,노후,,219.0,29,,,,,미등록,,2025-06-12,35.8748804,128.6158473
246,20250613-0005,06-13,동구 입석동 1033-103,지상사유지,D15mm 계량기 보호통 교체,"897,600 ","802,000 ","95,600 ",0 ,"12,430 ","15,780 ","12,620 ","3,580 ","1,600 ","8,060 ","2,310","18,160",15.0,계량기보호통(실),계량기보호실,노후,,210.0,108-1,,,,,미등록,폐콘 0.1,2025-06-13,35.8935289,128.6471976
247,20250613-0021,06-13,동구 입석동 932-60,지상사유지,D15mm 계량기 보호통 교체,"926,600 ","831,000 ","95,600 ",0 ,"15,100 ","19,170 ","15,340 ","4,350 ","1,950 ","9,800 ","2,270","18,200",15.0,계량기보호통(실),접합부,노후,,210.0,108-1,,,,,미등록,폐콘 0.1,2025-06-13,35.8915321,128.6468602
248,20250613-0208,06-13,동구 신암동 216-23,지하공도,PFP D40*15mm 분기점 누수수선,"613,000 ","613,000 ",0 ,0 ,"9,090 ","11,540 ","9,240 ","2,620 ","1,170 ","5,900 ","1,820","11,720",15.0,PFP관,이형관,노후,743.28,217.0,18,,0 ,0 ,0 ,등록,,2025-06-13,35.8822955,128.6207454
249,20250613-0286,06-13,동구 신무동 756,지상공도,HIVP D40mm 직관부 누수수선,"314,000 ","314,000 ",0 ,0 ,"3,030 ","3,840 ","3,070 ",870 ,390 ,"1,960 ","1,020","4,920",40.0,HIVP,직관,타공사손괴,35.36,201.0,307,,0 ,0 ,0 ,등록,,2025-06-13,35.9856209,128.6702109
250,20250614-0013,06-14,동구 신암동 164-1,미누수,현장 확인 결과 하수도,"43,000 ","43,000 ",0 ,0 ,0 ,0 ,0 ,0 ,0 ,0 ,160,0,,,,,,217.0,17,,,,,미등록,,2025-06-14,35.8808844,128.6146159
251,20250616-0007,06-16,동구 효목동 444-9,미누수,현장 확인 결과 옥내누수,"43,000 ","43,000 ",0 ,0 ,0 ,0 ,0 ,0 ,0 ,0 ,160,0,,,,,,223.0,46-2,,,,,미등록,,2025-06-16,35.8767356,128.6384005
252,20250616-0388,06-16,동구 신암동 95-27,지하공도,PFP D40*20mm 분기점 누수수선,"1,327,000 ","1,327,000 ",0 ,0 ,"19,320 ","24,530 ","19,630 ","5,560 ","2,500 ","12,530 ","3,870","23,060",20.0,PFP관,이형관,노후,"1,354.56",209.0,1,,0 ,0 ,0 ,등록,폐아 0.3,2025-06-16,35.8870771,128.6333056
253,20250617-0111,06-17,동구 율하동 1448 9단지상가 율하부동산,지하공도,DTC D200*25mm 분기점 누수수선,"1,841,000 ","1,841,000 ",0 ,0 ,"26,140 ","33,180 ","26,550 ","7,530 ","3,380 ","16,960 ","5,520","27,510",25.0,부분기대,부분기대,노후,"1,958.4",233.0,276,,0 ,0 ,0 ,등록,,2025-06-17,35.8625928,128.6998251
254,20250617-0115,06-17,동구 방촌동 925-49,지하사유지,D15mm 계량기 보호통 교체,"1,024,600 ","929,000 ","95,600 ",0 ,"14,810 ","18,800 ","15,050 ","4,260 ","1,910 ","9,610 ","2,620","20,530",15.0,계량기보호통(실),계량기보호통,노후,"1,042.08",228.0,125,,0 ,0 ,0 ,미등록,폐콘 0.2,2025-06-17,35.8832605,128.6650347
255,20250617-0121,06-17,동구 신암동 628-20,지하사유지,STS D15mm 인입선 누수수선,"486,000 ","486,000 ",0 ,0 ,"6,670 ","8,460 ","6,770 ","1,920 ",860 ,"4,320 ","1,440","9,210",15.0,스텐레스관,이형관,노후,601.2,211.0,7,,0 ,0 ,0 ,미등록,폐콘 0.1,2025-06-17,35.8865071,128.6219665
256,20250617-0122,06-17,동구 신암동 610-37,지하사유지,STS D15mm 인입선 누수수선,"501,000 ","501,000 ",0 ,0 ,"7,040 ","8,930 ","7,150 ","2,020 ",910 ,"4,560 ","1,510","9,460",15.0,스텐레스관,이형관,노후,601.2,211.0,7,,0 ,0 ,0 ,미등록,,2025-06-17,35.8851148,128.6221433
257,20250617-0123,06-17,동구 동호동 97-12,지하사유지,D15mm 계량기 보호통 교체(28번지),"987,600 ","892,000 ","95,600 ",0 ,"13,780 ","17,490 ","14,000 ","3,970 ","1,780 ","8,940 ","2,540","19,170",15.0,계량기보호통(실),계량기보호통,노후,"1,202.4",233.0,257,,0 ,0 ,0 ,미등록,폐콘 0.2,2025-06-17,35.8703769,128.7131017
258,20250617-0125,06-17,동구 신기동 29-1,지하사유지,D25mm 계량기 보호통 교체,"1,228,000 ","1,070,000 ","158,000 ",0 ,"16,790 ","21,320 ","17,060 ","4,840 ","2,170 ","10,890 ","3,040","25,310",25.0,계량기보호통(실),계량기보호통,노후,"2,217.6",233.0,257,0.1,145 ,129 ,16 ,미등록,폐콘 0.2,2025-06-17,35.8713393,128.7088919
259,20250617-0127,06-17,동구 미대동 602,지하사유지,D15mm 계량기 보호통 교체,"847,600 ","752,000 ","95,600 ",0 ,"11,440 ","14,520 ","11,620 ","3,290 ","1,480 ","7,420 ","2,200","16,650",15.0,계량기보호통(실),계량기보호통,노후,"1,188",201.0,303,,0 ,0 ,0 ,미등록,,2025-06-17,35.9504385,128.6753176
260,20250617-0130,06-17,동구 미대동 587,지하사유지,D15mm 계량기 보호통 교체,"847,600 ","752,000 ","95,600 ",0 ,"11,160 ","14,170 ","11,340 ","3,210 ","1,440 ","7,240 ","2,190","16,530",15.0,계량기보호통(실),계량기보호통,노후,"1,188",201.0,303,,0 ,0 ,0 ,미등록,폐콘 0.1,2025-06-17,35.9500696,128.6757106
261,20250617-0132,06-17,동구 미대동 746-1,지하공도,D25mm 제수밸브 누수수선,"1,044,000 ","1,044,000 ",0 ,0 ,"12,440 ","15,790 ","12,630 ","3,580 ","1,610 ","8,070 ","3,130","13,980",25.0,변류,접합부,노후,0,201.0,301,0.1,145 ,129 ,16 ,등록,폐아 0.4,2025-06-17,35.9486169,128.6647221
262,20250617-0133,06-17,동구 미대동 607-3,지하공도,D80mm 제수밸브 누수수선,"2,934,000 ","2,934,000 ",0 ,0 ,"43,730 ","55,510 ","44,420 ","12,600 ","5,660 ","28,370 ","8,290","49,920",80.0,변류,접합부,접합부이완,"5,385.6",201.0,303,0.5,725 ,645 ,80 ,등록,폐아 1.3,2025-06-17,35.9513458,128.6747668
263,20250617-0134,06-17,동구 미대동 703-4,지하공도,D32mm 제수밸브 누수수선,"919,000 ","919,000 ",0 ,0 ,"10,430 ","13,240 ","10,590 ","3,000 ","1,350 ","6,760 ","2,800","11,670",32.0,변류,접합부,접합부이완,0,201.0,301,0.1,145 ,129 ,16 ,등록,폐아 0.3,2025-06-17,35.9525174,128.668463
264,20250617-0163,06-17,동구 지저동 702-17,기타,제수변 철개 입상,"803,000 ","803,000 ",0 ,0 ,"8,960 ","11,370 ","9,100 ","2,580 ","1,160 ","5,810 ","2,440","11,410",,,,,,208.0,92,0.1,145 ,129 ,16 ,미등록,폐아 0.3,2025-06-17,35.8972424,128.6363062
265,20250617-0378,06-17,동구 신천동 1370,지하사유지,D20mm 계량기 보호통 교체,"1,209,000 ","1,081,000 ","128,000 ",0 ,"17,150 ","22,220 ","17,780 ","5,040 ","2,260 ","11,360 ","3,050","25,510",20.0,계량기보호통(실),계량기보호통,노후,"1,235.04",219.0,29,,0 ,0 ,0 ,미등록,폐콘 0.2,2025-06-17,35.8756546,128.6165201
266,20250618-0001,06-18,동구 효목동 387-11,지상사유지,D15mm 계량기 보호통 교체,"815,600 ","720,000 ","95,600 ",0 ,"11,200 ","14,210 ","11,370 ","3,220 ","1,450 ","7,260 ","2,060","17,070",15.0,계량기보호통(실),계량기보호통,노후,,606.0,36,0.0,0 ,0 ,0 ,미등록,폐콘 0.1,2025-06-18,35.8779022,128.6344938
267,20250618-0071,06-18,동구 신천동 414-8,지상사유지,D15mm 계량기 보호통 교체,"907,600 ","812,000 ","95,600 ",0 ,"13,490 ","17,120 ","13,700 ","3,880 ","1,740 ","8,750 ","2,290","19,070",15.0,계량기보호통(실),계량기보호통,노후,,606.0,44-2,,,,,미등록,폐콘 0.1,2025-06-18,35.8742469,128.6326476
268,20250618-0106,06-18,동구 괴전동 92,지상사유지,D20mm 계량기 보호통 교체,"1,171,000 ","1,043,000 ","128,000 ",0 ,"16,560 ","21,030 ","16,830 ","4,770 ","2,140 ","10,750 ","2,950","23,650",20.0,계량기보호통(실),계량기보호통,노후,,235.0,237-1,0.1,145 ,129 ,16 ,미등록,폐콘 0.2,2025-06-18,35.873959,128.736682
269,20250618-0190,06-18,동구 방촌동 1006-20,지상사유지,D15mm 계량기 보호통 교체,"925,600 ","830,000 ","95,600 ",0 ,"13,020 ","16,530 ","13,230 ","3,750 ","1,680 ","8,450 ","2,380","18,710",15.0,계량기보호통(실),계량기보호통,노후,,228.0,123-2,,,,,미등록,폐콘 0.1,2025-06-18,35.8839935,128.6613898
270,20250619-0163,06-19,동구 방촌동 1119-117 장수돌침대,지상사유지,D25mm 계량기 보호통 교체,"1,164,000 ","1,006,000 ","158,000 ",0 ,"15,140 ","19,220 ","15,380 ","4,360 ","1,960 ","9,820 ","2,800","23,920",25.0,계량기보호통(실),계량기보호통,노후,,227.0,138,,,,,미등록,폐콘 0.5,2025-06-19,35.8764145,128.6716081
271,20250619-0313,06-19,동구 송정동 278-1,지상공도,마을상수도 수선,"899,000 ","899,000 ",0 ,0 ,"9,960 ","12,650 ","10,120 ","2,870 ","1,280 ","6,460 ","2,750","11,360",15.0,기타,기타,기타,0,201.0,54,0.1,145 ,129 ,16 ,미등록,폐아 0.3,2025-06-19,35.9873763,128.6230297
272,20250620-0097,06-20,동구 동호동 98-38 103동 201호,지상사유지,D15mm 계량기실 누수수선,"162,000 ","162,000 ",0 ,0 ,"1,380 ","1,760 ","1,400 ",390 ,170 ,900 ,530,"1,300",15.0,계량기보호통(실),계량기보호실,노후,,233.0,258,,,,,미등록,,2025-06-20,,
273,20250620-0117,06-20,동구 방촌동 1084-751 106동 501호,지상사유지,D15mm 계량기실 누수수선,"136,000 ","136,000 ",0 ,0 ,"1,380 ","1,760 ","1,400 ",390 ,170 ,900 ,430,"1,300",15.0,계량기보호통(실),계량기보호실,노후,,231.0,139,,,,,미등록,,2025-06-20,,
274,20250621-0006,06-21,동구 신천동 435-22,지상공도,PFP D40*15mm 분기점 누수수선,"1,563,600 ","1,468,000 ","95,600 ",0 ,"23,800 ","30,210 ","24,170 ","6,850 ","3,080 ","15,440 ","4,180","31,020",15.0,부분기대,부분기대,노후,2.1,606.0,44-2,0.1,145 ,129 ,16 ,등록,"폐콘 0.1, 폐아 0.1",2025-06-21,35.875928,128.6312525
275,20250622-0008,06-22,동구 신암동 283-3,지상사유지,D15mm 계량기실 보호통 교체,"844,600 ","749,000 ","95,600 ",0 ,"12,040 ","15,280 ","12,230 ","3,470 ","1,550 ","7,810 ","2,130","17,540",15.0,계량기보호통(실),계량기보호통,노후,,212.0,20,,,,,미등록,폐콘 0.1,2025-06-22,35.8831588,128.6287586
276,-,06-11,동구 율암동 1131,배수관망유지수선,감압변실 펌프배수관 설치,"1,254,000 ","1,254,000 ",0 ,0 ,"18,290 ","23,220 ","18,580 ","5,270 ","2,360 ","11,870 ","3,740","21,970",,,,,,230.0,201,,0 ,0 ,0 ,미등록,,2025-06-11,35.8784445,128.7083375
277,20250623-0570,06-23,동구 미대동 335,지하공도,D400mm 제수밸브 누수수선,"990,000 ","990,000 ",0 ,0 ,"10,940 ","13,880 ","11,110 ","3,150 ","1,410 ","7,090 ","3,040","12,330",400.0,변류,접합부,볼트이완,"4,401.12",201.0,301,0.1,145 ,129 ,16 ,등록,폐아 0.3,2025-06-23,35.9560632,128.6691119
278,20250625-0528,06-25,동구 도동 128,기타,공사 후 이토작업,"169,000 ","169,000 ",0 ,0 ,"2,080 ","2,640 ","2,110 ",590 ,260 ,"1,350 ",520,"1,960",,,,,,205.0,80,,0 ,0 ,0 ,미등록,,2025-06-25,35.9115556,128.6509809
279,20250625-0545,06-25,동구 효목동 441-4,지하사유지,D15mm 계량기 보호통 교체,"980,600 ","885,000 ","95,600 ",0 ,"14,470 ","18,370 ","14,700 ","4,170 ","1,870 ","9,390 ","2,510","20,400",15.0,계량기보호통(실),계량기보호통,노후,897.6,223.0,46-2,,0 ,0 ,0 ,미등록,폐콘 0.1,2025-06-25,35.8764304,128.6372822
280,-,06-25,동구 지저동 669-31,노후관교체공사,노후배수관 교체공사 PFP D40mm 69M -> STS D40mm 69M,"11,107,110 ","10,503,000 ","604,110 ",0 ,"186,030 ","236,150 ","188,970 ","53,610 ","24,090 ","120,700 ","29,230","280,550",,,,,,208.0,92,0.1,145 ,129 ,16 ,미등록,폐아 0.2,2025-06-25,35.8970478,128.6372753
281,20250625-0714,06-25,동구 내동 244,지상사유지,HIVP D15mm 인입선 누수수선,"599,000 ","599,000 ",0 ,0 ,"7,950 ","10,100 ","8,080 ","2,290 ","1,020 ","5,160 ","1,830","10,640",15.0,HIVP관,직관,노후,1.8,201.0,297-1,0.0,0 ,0 ,0 ,미등록,,2025-06-25,35.9682979,128.6585462
282,20250626-0181,06-26,동구 평광동 652,지상공도,D80mm 제수밸브 누수수선,"1,068,000 ","1,068,000 ",0 ,0 ,"13,370 ","16,970 ","13,580 ","3,850 ","1,730 ","8,670 ","3,170","15,560",80.0,변류,접합부,볼트이완,13.6,206.0,72,0.2,290 ,258 ,32 ,등록,폐아 0.4,2025-06-26,35.9249991,128.7027237
283,20250626-0328,06-26,동구 미대동 597,지상사유지,D15mm 계량기실 누수수선,"202,000 ","202,000 ",0 ,0 ,"2,240 ","2,840 ","2,270 ",640 ,290 ,"1,450 ",640,"2,090",15.0,계량기보호통(실),계량기보호통,노후,,201.0,303,,,,,미등록,,2025-06-26,35.9497356,128.6753723
284,20250626-0632,06-26,동구 율암동 467,지하사유지,D20mm 계량기 보호통 교체,"1,363,000 ","1,235,000 ","128,000 ",0 ,"16,310 ","20,710 ","16,570 ","4,700 ","2,110 ","10,580 ","3,310","23,430",20.0,계량기보호통(실),계량기보호통,노후,0,230.0,201,,0 ,0 ,0 ,미등록,폐콘 1..4,2025-06-26,35.8765655,128.7077246
285,20250626-0636,06-26,동구 내동 381-1,지하사유지,STS D15 인입선 누수수선,"383,000 ","383,000 ",0 ,0 ,"3,710 ","4,710 ","3,770 ","1,070 ",480 ,"2,410 ","1,240","6,270",15.0,스텐레스관,이형관,노후,"1,231.92",201.0,297,,0 ,0 ,0 ,미등록,,2025-06-26,35.9670113,128.6576685
286,20250626-0640,06-26,동구 내동 101-4,지하공도,STS D50mm 직관부 누수수선,"1,479,000 ","1,479,000 ",0 ,0 ,"15,640 ","19,860 ","15,890 ","4,500 ","2,020 ","10,150 ","4,640","24,630",50.0,스텐레스관,직관,노후,"6,796.8",201.0,298,0.1,145 ,129 ,16 ,등록,폐아0.3,2025-06-26,35.969953,128.6614901
287,20250626-0669,06-26,동구 미대동 219-1,지하사유지,D15mm 계량기 보호통 교체,"831,600 ","736,000 ","95,600 ",0 ,"10,950 ","13,900 ","11,120 ","3,150 ","1,410 ","7,100 ","2,170","16,390",15.0,계량기보호통(실),계량기보호통,노후,"1,267.2",201.0,300,,0 ,0 ,0 ,미등록,,2025-06-26,35.9611439,128.6687496
288,20250626-0672,06-26,동구 미대동 133-4,지하사유지,D15mm 계량기 보호통 교체,"959,600 ","864,000 ","95,600 ",0 ,"12,870 ","16,340 ","13,080 ","3,710 ","1,660 ","8,350 ","2,520","19,000",15.0,계량기보호통(실),계량기보호통,노후,"1,288.8",201.0,300,,0 ,0 ,0 ,미등록,폐콘 0.1,2025-06-26,35.9602726,128.6704848
289,20250626-0675,06-26,동구 효목동 183-10,지하사유지,D15mm 계량기 보호통 교체,"988,600 ","893,000 ","95,600 ",0 ,"14,860 ","18,860 ","15,090 ","4,280 ","1,920 ","9,640 ","2,520","20,480",15.0,계량기보호통(실),계량기보호통,노후,"1,062",213.0,38,,0 ,0 ,0 ,미등록,폐콘 0.1,2025-06-26,35.8795329,128.6473178
290,20250627-0004,06-27,동구 방촌동 128-24,지상사유지,D15mm 계량기실 누수수선,"340,000 ","340,000 ",0 ,0 ,"5,120 ","6,500 ","5,200 ","1,470 ",660 ,"3,320 ",970,"5,320",15.0,계량기보호통(실),계량기보호실,노후,,226.0,116,,,,,미등록,폐콘 0.1,2025-06-27,35.889838,128.6781593
291,20250627-0489,06-27,동구 내동 90-1,기타,확인 터파기 결과 미누수,"1,323,000 ","1,323,000 ",0 ,0 ,"16,310 ","20,700 ","16,560 ","4,700 ","2,110 ","10,580 ","3,940","18,990",,,,,,201.0,298,0.2,290 ,258 ,32 ,미등록,폐아 0.5,2025-06-27,35.9702566,128.662019
292,20250701-0020,07-01,동구 율암동 352-2,지상사유지,D15mm 계량기 보호통 교체,"1,026,600 ","931,000 ","95,600 ",0 ,"14,310 ","18,170 ","14,540 ","4,120 ","1,850 ","9,280 ","2,690","20,280",15.0,계량기보호통(실),계량기보호통,노후,,230.0,201,,,,,미등록,폐콘 0.1,2025-07-01,35.8770655,128.7077035
293,20250701-0022,07-01,동구 부동 539-4,지상사유지,D15mm 계량기 보호통 교체,"833,600 ","738,000 ","95,600 ",0 ,"11,200 ","14,210 ","11,370 ","3,220 ","1,450 ","7,260 ","2,130","16,860",15.0,계량기보호통(실),계량기보호통,노후,,226.0,118-1,0.0,0 ,0 ,0 ,미등록,폐콘 0.1,2025-07-01,35.8896831,128.6823718
294,20250701-0049,07-01,동구 봉무동 163-7,지상사유지,D25mm 계량기 보호통 교체,"1,184,000 ","1,026,000 ","158,000 ",0 ,"16,720 ","21,230 ","16,990 ","4,820 ","2,160 ","10,850 ","2,910","25,080",25.0,계량기보호통(실),계량기보호통,노후,,203.0,59,,,,,미등록,폐콘0.1,2025-07-01,35.9308764,128.6433654
295,20250701-0068,07-01,동구 중대동 432-1,지상사유지,D15mm 계량기 보호통 교체,"962,600 ","867,000 ","95,600 ",0 ,"13,360 ","16,960 ","13,570 ","3,850 ","1,730 ","8,670 ","2,500","19,200",15.0,계량기보호통(실),계량기보호통,노후,,201.0,54,0.0,0 ,0 ,0 ,미등록,폐콘0.1,2025-07-01,35.9779346,128.6338335
296,20250701-0191,07-01,동구 동호동 91-1,지상사유지,D40mm 계량기 보호통 교체,"2,423,000 ","2,105,000 ","318,000 ",0 ,"31,960 ","40,570 ","32,460 ","9,210 ","4,130 ","20,730 ","5,970","46,060",40.0,계량기보호통(실),계량기보호통,노후,,233.0,257,0.1,145 ,129 ,16 ,미등록,폐콘0.2,2025-07-01,35.8704047,128.7127244
297,20250701-0311,07-01,동구 율암동 524-130,지상사유지,D15mm 계량기 보호통 교체,"751,600 ","656,000 ","95,600 ",0 ,"9,290 ","11,800 ","9,440 ","2,680 ","1,200 ","6,030 ","1,950","14,810",15.0,계량기보호통(실),계량기보호통,노후,,230.0,201,,,,,미등록,,2025-07-01,35.8771529,128.701506
298,20250701-0334,07-01,동구 중대동 580-3 소화전,지하공도,D100mm 지상식 소화전 누수수선,"2,149,000 ","2,149,000 ",0 ,0 ,"23,390 ","29,700 ","23,760 ","6,740 ","3,020 ","15,180 ","6,870","45,420",100.0,기타,기타,기타,"3,344.88",201.0,54,,0 ,0 ,0 ,미등록,,2025-07-01,35.9794122,128.6334017
299,20250702-0005,07-02,동구 입석동 961-22,지상사유지,D15mm 계량기 보호통 교체,"889,600 ","794,000 ","95,600 ",0 ,"12,300 ","15,620 ","12,500 ","3,540 ","1,590 ","7,980 ","2,280","18,000",15.0,계량기보호통(실),계량기보호통,노후,,210.0,108-1,,,,,미등록,폐콘0.1,2025-07-02,35.8919876,128.6455805
300,20250702-0041,07-02,동구 각산동 389-2,기타,D80mm 계량기실 양수작업,"101,000 ","101,000 ",0 ,0 ,0 ,0 ,0 ,0 ,0 ,0 ,370,0,,,,,,235.0,233,,,,,미등록,,2025-07-02,35.8737305,128.7150979
301,20250702-0323,07-02,동구 검사동 744-22,지하사유지,D15mm 계량기 보호통 교체,"902,600 ","807,000 ","95,600 ",0 ,"12,650 ","16,060 ","12,850 ","3,640 ","1,630 ","8,210 ","2,310","18,210",15.0,계량기보호통(실),계량기보호통,노후,0,210.0,108-1,,0 ,0 ,0 ,미등록,폐콘0.1,2025-07-02,35.8866386,128.6612905
302,20250703-0028,07-03,동구 지저동 669-31,지하사유지,D15mm 계량기 보호통 교체,"1,072,600 ","977,000 ","95,600 ",0 ,"15,520 ","19,700 ","15,760 ","4,470 ","2,000 ","10,070 ","2,770","21,600",15.0,계량기보호통(실),계량기보호통,노후,0,208.0,92,,0 ,0 ,0 ,미등록,폐콘0.2,2025-07-03,35.8970478,128.6372753
303,20250703-0029,07-03,동구 용수동 639,지하공도,D50mm 제수밸브 누수수선,"920,000 ","920,000 ",0 ,0 ,"10,460 ","13,280 ","10,630 ","3,010 ","1,350 ","6,790 ","2,800","11,690",50.0,변류,접합부,볼트이완,0,201.0,307,0.1,145 ,129 ,16 ,미등록,폐아0.3,2025-07-03,35.9758971,128.6771466
304,20250703-0033,07-03,동구 미곡동 516-1,지하미누수,확인 터파기 결과 미누수,"1,424,000 ","1,424,000 ",0 ,0 ,"18,270 ","23,190 ","18,560 ","5,260 ","2,360 ","11,850 ","4,190","21,180",,,,,,201.0,305,0.3,435 ,387 ,48 ,미등록,폐콘0.6,2025-07-03,35.9578117,128.6839372
305,20250703-0036,07-03,동구 백안동 560-5,지하공도,D80mm 제수밸브 누수수선,"1,017,000 ","1,017,000 ",0 ,0 ,"11,260 ","14,300 ","11,440 ","3,240 ","1,450 ","7,310 ","3,120","12,620",80.0,변류,접합부,볼트이완,"5,973.12",201.0,308-1,0.1,145 ,129 ,16 ,미등록,폐아0.3,2025-07-03,35.955153,128.6899494
306,20250703-0039,07-03,동구 미곡동 299-2,지하공도,D40mm 제수밸브 누수수선,"546,000 ","546,000 ",0 ,0 ,"5,770 ","7,320 ","5,860 ","1,660 ",740 ,"3,740 ","1,640","6,130",40.0,변류,접합부,접합부이완,0,201.0,307,0.2,290 ,258 ,32 ,미등록,폐콘0.3,2025-07-03,35.9613736,128.6865019
307,20250703-0041,07-03,동구 부동 548-13,지하사유지,D15mm 계량기 보호통 교체,"902,600 ","807,000 ","95,600 ",0 ,"12,310 ","15,620 ","12,500 ","3,540 ","1,590 ","7,980 ","2,330","18,350",15.0,계량기보호통(실),계량기보호통,노후,0,226.0,118-1,,0 ,0 ,0 ,미등록,폐콘0.1,2025-07-03,35.8896046,128.6835607
308,20250703-0062,07-03,동구 방촌동 1119-100,지상공도,STS D15mm 인입선 누수수선,"1,140,000 ","1,140,000 ",0 ,0 ,"15,660 ","19,880 ","15,910 ","4,510 ","2,020 ","10,160 ","3,450","19,480",15.0,스텐레스관,직관,부식,5.9,231.0,139,0.1,145 ,129 ,16 ,미등록,,2025-07-03,35.8756326,128.6703194
309,20250703-0117,07-03,동구 방촌동 722-1,지상사유지,D15mm 계량기실 누수수선,"136,000 ","136,000 ",0 ,0 ,"1,380 ","1,760 ","1,400 ",390 ,170 ,900 ,430,"1,300",15.0,계량기보호통(실),접합부,접합부이완,,228.0,123-2,,,,,미등록,,2025-07-03,35.8865215,128.6634926
310,20250703-0148,07-03,동구 율하동 209,지상사유지,D15mm 계량기실 누수수선,"121,000 ","121,000 ",0 ,0 ,460 ,580 ,460 ,130 ,50 ,300 ,420,530,15.0,계량기보호통(실),접합부,접합부이완,,233.0,250,,,,,미등록,,2025-07-03,35.8714017,128.6980626
311,20250704-0139,07-04,동구 입석동 883-36 A동 102호,기타,세대별 계량기 현장 확인,"69,000 ","69,000 ",0 ,0 ,0 ,0 ,0 ,0 ,0 ,0 ,250,0,,,,,,210.0,108-1,,,,,미등록,,2025-07-04,,
312,20250704-0200,07-04,동구 율하동 1216,지상사유지,D80mm 계량기실 양수작업,"101,000 ","101,000 ",0 ,0 ,0 ,0 ,0 ,0 ,0 ,0 ,370,0,80.0,기타,기타,기타,,234.0,273,,,,,미등록,,2025-07-04,35.8662259,128.6930162
313,20250704-0275,07-04,동구 신천동 37-8,지하사유지,D15mm 계량기 보호통 교체,"937,600 ","842,000 ","95,600 ",0 ,"13,610 ","17,270 ","13,820 ","3,920 ","1,760 ","8,830 ","2,360","19,290",15.0,계량기보호통(실),계량기보호통,노후,0,219.0,30,,0 ,0 ,0 ,미등록,폐콘0.2,2025-07-04,35.8767983,128.6215903
314,20250707-0110,07-07,동구 용계동 613-19 104동,지상사유지,D32mm 계량기 보호통 교체,"1,608,000 ","1,382,000 ","226,000 ",0 ,"21,580 ","27,390 ","21,920 ","6,220 ","2,790 ","14,000 ","3,950","34,400",32.0,계량기보호통(실),계량기보호통,노후,,231.0,246,,,,,미등록,폐콘 0.2,2025-07-07,35.8740335,128.6845161
315,-,07-07,동구 불로동 1063-16,노후관교체공사,노후배수관 교체공사 STS D25mm 24M -> STS D25mm 24M,"5,298,270 ","5,132,000 ","166,270 ",0 ,"78,760 ","99,980 ","80,000 ","22,690 ","10,190 ","51,100 ","14,980","104,140",,,,,,208.0,99,0.4,580 ,516 ,64 ,미등록,폐아 0.4,2025-07-07,35.8948921,128.6341009
316,-,07-07,동구 불로동 1063-37,노후관교체공사,노후배수관 교체공사(STS D25mm 30M -> STS D25mm 30M),"6,079,200 ","5,912,000 ","167,200 ",0 ,"91,450 ","116,080 ","92,890 ","26,350 ","11,840 ","59,330 ","17,070","151,690",,,,,,208.0,99,0.5,725 ,645 ,80 ,미등록,폐아 0.4,2025-07-07,35.8950802,128.6338932
317,20250707-0152,07-07,동구 용계동 386-12,지상사유지,D15mm 계량기 보호통 교체,"934,600 ","839,000 ","95,600 ",0 ,"12,770 ","16,210 ","12,970 ","3,680 ","1,650 ","8,280 ","2,430","18,640",15.0,계량기보호통(실),계량기보호통,노후,,226.0,224-1,,,,,미등록,폐콘0.1,2025-07-07,35.8770158,128.6838451
318,20250707-0281,07-07,동구 신암동 130-119,지하사유지,D15mm 계량기 보호통 교체,"840,600 ","745,000 ","95,600 ",0 ,"12,060 ","15,310 ","12,250 ","3,470 ","1,560 ","7,820 ","2,110","17,760",15.0,계량기보호통(실),계량기보호통,노후,0,209.0,1,,0 ,0 ,0 ,미등록,폐콘0.1,2025-07-07,35.8886384,128.6306513
319,20250708-0077,07-08,동구 효목동 89-25,지하사유지,D15mm 계량기 보호통 교체,"900,600 ","805,000 ","95,600 ",0 ,"13,050 ","16,570 ","13,260 ","3,760 ","1,680 ","8,470 ","2,290","18,730",15.0,계량기보호통(실),계량기보호통,노후,0,213.0,26,,0 ,0 ,0 ,미등록,폐콘 0.1,2025-07-08,35.8854934,128.641723
320,20250708-0102,07-08,동구 부동 295-5,지상사유지,D15mm 계량기실 누수수선,"169,000 ","169,000 ",0 ,0 ,"2,080 ","2,640 ","2,110 ",590 ,260 ,"1,350 ",520,"1,960",15.0,계량기보호통(실),계량기보호통,노후,,226.0,117,,,,,미등록,,2025-07-08,35.8886324,128.6848766
322,20250709-0057,07-09,동구 신암동 816-5,지상사유지,D15mm 계량기 보호통 교체,"1,020,600 ","925,000 ","95,600 ",0 ,"14,890 ","18,910 ","15,130 ","4,290 ","1,920 ","9,660 ","2,610","21,120",15.0,계량기보호통(실),계량기보호통,노후,,211.0,6,,,,,미등록,폐콘 0.2,2025-07-09,35.8819404,128.6125813
323,20250709-0274,07-09,동구 입석동 925-10 105호,지상사유지,D25mm 계량기 보호통 교체,"1,086,000 ","928,000 ","158,000 ",0 ,"14,490 ","18,400 ","14,720 ","4,170 ","1,870 ","9,400 ","2,660","22,900",25.0,계량기보호통(실),계량기보호통,노후,,210.0,108-1,,,,,미등록,폐콘0.1,2025-07-09,35.8894268,128.6497345
324,20250709-0285,07-09,동구 신암동 619-3,지상사유지,D15mm 계량기 보호통 교체,"871,600 ","776,000 ","95,600 ",0 ,"12,550 ","15,930 ","12,750 ","3,610 ","1,620 ","8,140 ","2,200","18,110",15.0,계량기보호통(실),계량기보호통,노후,,211.0,9,,,,,미등록,폐콘0.1,2025-07-09,35.88569,128.6248123
325,20250709-0354,07-09,동구 신평동 698-1 1층,지상사유지,D15mm 계량기 보호통 교체,"920,600 ","825,000 ","95,600 ",0 ,"12,920 ","16,400 ","13,130 ","3,720 ","1,670 ","8,380 ","2,370","18,610",15.0,계량기보호통(실),계량기보호통,노후,,226.0,224-1,,,,,미등록,폐콘0.1,2025-07-09,35.8779495,128.6798884
326,20250710-0007,07-10,동구 방촌동 971-10,지하사유지,D15mm 계량기 보호통 교체,"891,600 ","796,000 ","95,600 ",0 ,"12,470 ","15,830 ","12,660 ","3,590 ","1,610 ","8,090 ","2,280","17,970",15.0,계량기보호통(실),계량기보호통,노후,0,228.0,123-2,,0 ,0 ,0 ,미등록,폐콘 0.1,2025-07-10,35.8863646,128.6634363
327,20250710-0008,07-10,동구 신암동 165-19,지상공도,DTC D100*20mm 분기점 누수수선,"414,000 ","414,000 ",0 ,0 ,"5,180 ","6,580 ","5,260 ","1,490 ",670 ,"3,360 ","1,280","8,040",20.0,부분기대,부분기대,타공사손괴,9.9,217.0,17,,0 ,0 ,0 ,미등록,,2025-07-10,35.8809511,128.6163502
328,20250710-0009,07-10,동구 백안동 617-5,지하미누수,확인 터파기 결과 미누수,"1,460,000 ","1,460,000 ",0 ,0 ,"19,050 ","24,180 ","19,350 ","5,490 ","2,460 ","12,360 ","4,280","21,850",,,,,,201.0,308-1,0.3,435 ,387 ,48 ,미등록,폐콘 0.6,2025-07-10,35.9638907,128.694401
329,20250710-0010,07-10,동구 백안동 605 수도암,지하미누수,확인 터파기 결과 미누수,"2,009,000 ","2,009,000 ",0 ,0 ,"28,070 ","35,630 ","28,510 ","8,080 ","3,630 ","18,210 ","5,770","32,150",,,,,,201.0,308-1,0.3,435 ,387 ,48 ,미등록,폐아0.9,2025-07-10,35.9610125,128.6918854
330,20250710-0011,07-10,동구 백안동 347-2,지하공도,STS D50mm 직관부 누수수선,"1,539,000 ","1,539,000 ",0 ,0 ,"19,590 ","24,870 ","19,900 ","5,640 ","2,530 ","12,710 ","4,580","23,390",50.0,스텐레스관,직관,부식,"3,667.2",201.0,311,0.2,290 ,258 ,32 ,미등록,폐콘0.5,2025-07-10,35.961988,128.6984024
331,20250710-0012,07-10,동구 백안동 302,지하공도,STS D40mm 직관부 누수수선,"1,254,000 ","1,254,000 ",0 ,0 ,"15,250 ","19,360 ","15,490 ","4,390 ","1,970 ","9,890 ","3,770","18,140",40.0,스텐레스관,직관,부식,"2,292",201.0,312,0.1,145 ,129 ,16 ,미등록,폐아0.4,2025-07-10,35.9554586,128.6973726
332,20250710-0013,07-10,동구 백안동 346-2,지하사유지,D15mm 계량기 보호통 교체,"821,600 ","726,000 ","95,600 ",0 ,"10,700 ","13,580 ","10,870 ","3,080 ","1,380 ","6,940 ","2,140","16,200",15.0,계량기보호통(실),계량기보호통,노후,0,201.0,311,,0 ,0 ,0 ,미등록,,2025-07-10,35.9619236,128.6985617
333,20250710-0502,07-10,동구 방촌동 964-20,지하사유지,D15mm 계량기 보호통 교체,"910,600 ","815,000 ","95,600 ",0 ,"12,870 ","16,330 ","13,070 ","3,700 ","1,660 ","8,350 ","2,330","18,360",15.0,계량기보호통(실),계량기보호통,노후,0,228.0,123-2,,0 ,0 ,0 ,미등록,폐콘0.1,2025-07-10,35.8853584,128.6646384
334,20250710-0511,07-10,동구 도학동 331-1,지하공도,STS D15mm 인입선 누수수선,"888,000 ","888,000 ",0 ,0 ,"7,860 ","9,980 ","7,980 ","2,260 ","1,010 ","5,100 ","2,930","15,740",15.0,부분기대,부분기대,노후,"1,322.4",201.0,311,,0 ,0 ,0 ,미등록,,2025-07-10,35.9681728,128.6997778
335,20250710-0531,07-10,동구 미대동 236-3,지하사유지,STS D15mm 인입선 누수수선,"1,607,000 ","1,607,000 ",0 ,0 ,"17,620 ","22,370 ","17,900 ","5,070 ","2,280 ","11,430 ","4,990","27,460",15.0,스텐레스관,이형관,노후,"1,797.12",201.0,300,0.2,290 ,258 ,32 ,미등록,폐아 0.4,2025-07-10,35.9601406,128.6685224
336,20250710-0538,07-10,동구 도학동 1-1,지하공도,D80mm 제수밸브 잠금,"133,000 ","133,000 ",0 ,0 ,570 ,730 ,580 ,160 ,70 ,370 ,460,530,80.0,변류,본체,기타,0,201.0,311,,0 ,0 ,0 ,미등록,,2025-07-10,35.9898705,128.723816
337,20250710-0540,07-10,동구 효목동 387-16 도미노피자,지하공도,DTC D80mm 구분기점 누수수선,"792,000 ","792,000 ",0 ,0 ,"11,140 ","14,140 ","11,310 ","3,210 ","1,440 ","7,220 ","2,380","12,430",25.0,부분기대,부분기대,노후,"1,237.68",606.0,36,,0 ,0 ,0 ,미등록,,2025-07-10,35.8783962,128.6344129
338,20250711-0016,07-11,동구 율하동 973-5,지상사유지,D15mm 계량기 보호통 교체,"944,600 ","849,000 ","95,600 ",0 ,"12,840 ","16,300 ","13,040 ","3,700 ","1,660 ","8,330 ","2,430","18,330",15.0,계량기보호통(실),계량기보호통,노후,,233.0,255,,,,,미등록,폐콘 0.2,2025-07-11,35.8678061,128.6967497
339,20250711-0122,07-11,동구 방촌동 1014-6,지상사유지,D20mm 계량기 보호통 교체,"978,000 ","850,000 ","128,000 ",0 ,"13,470 ","17,110 ","13,690 ","3,880 ","1,740 ","8,740 ","2,460","20,390",20.0,계량기보호통(실),접합부,노후,,227.0,124-2,,,,,미등록,,2025-07-11,35.883497,128.6579857
340,20250711-0194,07-11,동구 효목동 289-3,지하공도,D80mm 제수밸브 누수수선,"2,412,000 ","1,314,000 ",0 ,"1,098,000 ","12,670 ","16,090 ","12,880 ","3,650 ","1,640 ","8,220 ","3,790","19,610",80.0,변류,접합부,교통하중,"1,329.36",606.0,36,,0 ,0 ,0 ,미등록,폐아 1.5,2025-07-11,35.8795087,128.6350096
341,20250711-0206,07-11,동구 사복동 527,지상공도,PFP D50*15mm 분기점 누수수선,"1,170,000 ","1,170,000 ",0 ,0 ,"15,800 ","20,050 ","16,050 ","4,550 ","2,040 ","10,250 ","3,560","20,640",15.0,PFP관,이형관,노후,0.12,236.0,268,,0 ,0 ,0 ,미등록,,2025-07-11,35.8705371,128.754387
342,20250714-0088,07-14,동구 각산동 389-2,미누수,D80mm 계량기실 양수작업,"101,000 ","101,000 ",0 ,0 ,0 ,0 ,0 ,0 ,0 ,0 ,370,0,,,,,,235.0,233,,,,,미등록,,2025-07-14,35.8737305,128.7150979
343,20250714-0443,07-14,동구 불로동 866-9,지상사유지,PFP D40mm 인입선 누수수선,"586,000 ","586,000 ",0 ,0 ,"9,600 ","12,190 ","9,760 ","2,760 ","1,240 ","6,230 ","1,660","10,100",40.0,PFP관,이형관,접합부이완,,207.0,90,,,,,미등록,폐콘 0.1,2025-07-14,35.9034096,128.6313138
344,20250715-0117,07-15,동구 지저동 645-13,지상사유지,D15mm 계량기 보호통 교체,"890,600 ","795,000 ","95,600 ",0 ,"12,280 ","15,590 ","12,470 ","3,540 ","1,590 ","7,960 ","2,290","18,040",15.0,계량기보호통(실),계량기보호통,노후,,208.0,101-2,,,,,미등록,폐콘 0.1,2025-07-15,35.8953994,128.6441467
345,20250716-0007,07-16,동구 도동 20-25,미누수,현장 확인 결과 미누수,"69,000 ","69,000 ",0 ,0 ,0 ,0 ,0 ,0 ,0 ,0 ,250,0,,,,,,205.0,80,,,,,미등록,,2025-07-16,35.9109503,128.6459511
346,20250715-0246,07-15,동구 방촌동 1119-100,시설물수선,소구역 유량계실내 압력계 교체(N=3),"1,179,000 ","1,179,000 ",0 ,0 ,"12,100 ","15,360 ","12,290 ","3,480 ","1,560 ","7,850 ","3,780","14,900",,,,,,231.0,139,,0 ,0 ,0 ,미등록,,2025-07-15,35.8756326,128.6703194
348,20250716-0083,07-16,동구 지저동 644-8,지상사유지,D15mm 계량기 보호통 교체,"833,600 ","738,000 ","95,600 ",0 ,"11,350 ","14,410 ","11,530 ","3,270 ","1,460 ","7,360 ","2,120","16,790",15.0,계량기보호통(실),연결부,노후,,208.0,101-2,,,,,미등록,폐콘 0.1,2025-07-16,35.8956379,128.6428607
349,20250716-0320,07-16,동구 신암동 346-15,지하공도,DTC D100mm 구분기점 누수수선,"1,257,000 ","1,257,000 ",0 ,0 ,"16,580 ","21,050 ","16,840 ","4,770 ","2,140 ","10,760 ","3,680","19,890",15.0,부분기대,부분기대,노후,"1,512.96",218.0,22,0.1,145 ,129 ,16 ,미등록,폐아 0.5,2025-07-16,35.8845861,128.6332616
350,20250718-0194,07-18,동구 신암동 71-2,미누수,현장 확인 결과 미누수,"43,000 ","43,000 ",0 ,0 ,0 ,0 ,0 ,0 ,0 ,0 ,160,0,,,,,,209.0,1,,,,,미등록,,2025-07-18,35.8896142,128.6333218
351,20250719-0014,07-19,동구 방촌동 108-4,지상사유지,D15mm 계량기 보호통 교체,"897,600 ","802,000 ","95,600 ",0 ,"12,300 ","15,620 ","12,500 ","3,540 ","1,590 ","7,980 ","2,310","18,210",15.0,계량기보호통(실),계량기보호통,노후,,226.0,116,,,,,미등록,폐콘 0.1,2025-07-19,35.8927449,128.6756264
352,20250719-0016,07-19,동구 내동 349,지상사유지,D15mm 계량기 보호통 교체,"831,600 ","736,000 ","95,600 ",0 ,"10,950 ","13,900 ","11,120 ","3,150 ","1,410 ","7,100 ","2,170","16,400",15.0,계량기보호통(실),접합부,노후,,201.0,297-1,0.0,0 ,0 ,0 ,미등록,,2025-07-19,35.9702148,128.6514025
353,20250721-0094,07-21,동구 효목동 443-11,지상사유지,D15mm 계량기 보호통 교체,"1,029,600 ","934,000 ","95,600 ",0 ,"15,010 ","19,060 ","15,250 ","4,320 ","1,940 ","9,740 ","2,640","21,340",15.0,계량기보호통(실),계량기보호통,노후,,223.0,46-2,,,,,미등록,폐콘 0.2,2025-07-21,35.8766473,128.6382409
354,20250722-0017,07-22,동구 봉무동 1547,미누수,D80mm 계량기실 양수작업,"75,000 ","75,000 ",0 ,0 ,0 ,0 ,0 ,0 ,0 ,0 ,280,0,,,,,,202.0,68,,,,,미등록,,2025-07-22,35.9206174,128.6344904
355,-,07-22,동구 신기동 277-3,노후관교체공사,"노후배수관 교체공사(PFP D50mm L=65m, STS D=20mm L=10m,→ STS D=50mm L=65m, STS D=20mm, L=10m))","14,951,090 ","13,903,000 ","1,048,090 ",0 ,"231,450 ","293,810 ","235,110 ","66,700 ","29,970 ","150,160 ","39,790","299,840",,,,,,233.0,251,1.1,"1,594 ","1,419 ",175 ,미등록,폐아 0.8,2025-07-22,35.8706916,128.7045881
356,20250722-0322,07-22,동구 불로동 1063-37,지하사유지,D15mm 계량기 보호통 교체,"852,600 ","757,000 ","95,600 ",0 ,"11,500 ","14,600 ","11,680 ","3,310 ","1,480 ","7,460 ","2,180","17,260",15.0,계량기보호통(실),접합부,노후,921.12,208.0,99,,0 ,0 ,0 ,미등록,폐콘 0.1,2025-07-22,35.8950802,128.6338932
357,20250723-0638,07-23,동구 내동 23,지상공도,STS D40mm 직관부 누수수선,"1,154,000 ","1,154,000 ",0 ,0 ,"13,680 ","17,370 ","13,900 ","3,940 ","1,770 ","8,880 ","3,480","15,920",40.0,스텐레스관,직관,부식,0.43,201.0,298,0.1,145 ,129 ,16 ,미등록,폐아 0.4,2025-07-23,35.9736272,128.6634288
358,20250724-0015,07-24,동구 신기동 277-9,지하사유지,D15mm 계량기 보호통 교체,"2,272,200 ","2,081,000 ","191,200 ",0 ,"35,510 ","45,070 ","36,070 ","10,230 ","4,590 ","23,030 ","5,850","46,960",15.0,계량기보호통(실),계량기보호통,노후,"1,279.2",233.0,251,,0 ,0 ,0 ,미등록,폐콘 0.2,2025-07-24,35.8704794,128.7047403
359,20250725-0049,07-25,동구 효목동 288-3 103,지하공도,D80mm 제수밸브 누수수선,"1,181,000 ","1,181,000 ",0 ,0 ,"16,350 ","20,760 ","16,610 ","4,710 ","2,110 ","10,610 ","3,400","18,340",80.0,변류,접합부,노후,"1,426.8",606.0,36,0.2,290 ,258 ,32 ,미등록,폐아 0.5,2025-07-25,35.8795965,128.6347096
361,20250725-0581,07-25,동구 신암동 183-18,지상사유지,D15mm 계량기 보호통 교체,"880,600 ","785,000 ","95,600 ",0 ,"12,600 ","16,000 ","12,800 ","3,630 ","1,630 ","8,170 ","2,230","18,360",15.0,계량기보호통(실),계량기보호통,노후,,217.0,17,,,,,미등록,폐콘 0.1,2025-07-25,35.8796185,128.6185014
362,20250726-0030,07-26,동구 용계동 613-31,미누수,현장 확인 결과 미누수(원인자 하자누수),"96,000 ","96,000 ",0 ,0 ,0 ,0 ,0 ,0 ,0 ,0 ,350,0,,,,,,231.0,246,,,,,미등록,,2025-07-26,35.8744644,128.6834832
363,20250728-0012,07-28,동구 효목동 959-11,지상사유지,D15mm 계량기 보호통 교체,"2,666,600 ","2,571,000 ","95,600 ",0 ,"40,660 ","51,610 ","41,300 ","11,710 ","5,260 ","26,380 ","7,140","49,630",15.0,계량기보호통(실),연결부,노후,,213.0,24,0.2,290 ,258 ,32 ,미등록,"폐아 0.4 ,폐콘 0.7",2025-07-28,35.8850044,128.6348655
364,20250728-0013,07-28,동구 신천동 277-20,지상사유지,D15mm 계량기 보호통 교체,"867,600 ","772,000 ","95,600 ",0 ,"12,360 ","15,700 ","12,560 ","3,560 ","1,600 ","8,020 ","2,200","18,390",15.0,계량기보호통(실),접합부,노후,,221.0,41,,,,,미등록,폐콘 0.1,2025-07-28,35.8741866,128.6196093
365,20250728-0116,07-28,동구 율암동 524-115,지상사유지,D25mm 계량기 보호통 교체,"1,205,000 ","1,047,000 ","158,000 ",0 ,"16,390 ","20,800 ","16,650 ","4,720 ","2,120 ","10,630 ","3,010","25,070",25.0,계량기보호통(실),접합부,노후,,230.0,201,,,,,미등록,폐콘 0.1,2025-07-28,35.8769237,128.7017046
366,20250729-0073,07-29,동구 백안동 341-7,지상사유지,D15mm 계량기 보호통 교체,"1,004,600 ","909,000 ","95,600 ",0 ,"13,710 ","17,400 ","13,920 ","3,950 ","1,770 ","8,890 ","2,640","19,930",15.0,계량기보호통(실),계량기보호통,노후,,201.0,311,,,,,미등록,폐콘0.1,2025-07-29,35.961231,128.698099
367,20250729-0384,07-29,동구 율암동 524-299,지상사유지,D15mm 계량기 보호통 교체,"1,183,600 ","1,088,000 ","95,600 ",0 ,"17,050 ","21,650 ","17,320 ","4,910 ","2,200 ","11,060 ","3,140","23,510",15.0,계량기보호통(실),계량기보호통,노후,,230.0,201,,,,,미등록,폐콘0.1,2025-07-29,35.8777857,128.7021564
368,20250729-0440,07-29,동구 신서동 860-6,지하공도,D150mm 제수밸브 누수수선,"790,000 ","790,000 ",0 ,0 ,"7,350 ","9,330 ","7,470 ","2,110 ",950 ,"4,770 ","2,510","8,290",150.0,변류,접합부,볼트이완,"6,703.2",235.0,236,,0 ,0 ,0 ,미등록,폐아0.2,2025-07-29,35.87392,128.7285064
369,20250729-0443,07-29,동구 신서동 438-1,지하사유지,D20mm 계량기 보호통 교체,"1,282,000 ","1,154,000 ","128,000 ",0 ,"17,890 ","22,710 ","18,170 ","5,150 ","2,310 ","11,600 ","3,300","25,940",20.0,계량기보호통(실),접합부,노후,"1,721.76",235.0,236,,0 ,0 ,0 ,미등록,폐콘 0.2,2025-07-29,35.8740381,128.7312209
370,20250729-0446,07-29,동구 불로동 1156-4,지하사유지,D15mm 계량기 보호통 교체,"949,600 ","854,000 ","95,600 ",0 ,"13,310 ","16,890 ","13,520 ","3,830 ","1,720 ","8,630 ","2,420","19,030",15.0,계량기보호통(실),계량기보호통,노후,0,204.0,76,,0 ,0 ,0 ,미등록,폐콘0.2,2025-07-29,35.9136078,128.6397505
371,20250729-0449,07-29,동구 불로동 175,지하사유지,D15mm 계량기 보호통 교체,"934,600 ","839,000 ","95,600 ",0 ,"13,210 ","16,760 ","13,410 ","3,800 ","1,710 ","8,570 ","2,400","18,900",15.0,계량기보호통(실),계량기보호통,노후,0,204.0,76,,0 ,0 ,0 ,미등록,폐콘0.1,2025-07-29,35.9109613,128.6383748
372,20250729-0504,07-29,동구 신암동 65,지하공도,PFP D50mm 직관부 누수수선,"540,000 ","321,000 ","219,000 ",0 ,"3,780 ","4,800 ","3,840 ","1,090 ",480 ,"2,450 ",930,"10,980",50.0,PFP관,직관,노후,"4,032",209.0,1,,0 ,0 ,0 ,미등록,폐콘 0.1,2025-07-29,35.888905,128.6335212
373,20250728-0631,07-28,동구 율암동 524-330,지하공도,DTC D100*25mm 분기점 누수수선,"3,878,000 ","3,720,000 ","158,000 ",0 ,"56,800 ","72,100 ","57,690 ","16,360 ","7,350 ","36,850 ","10,560","71,210",25.0,부분기대,부분기대,노후,"6,988.8",230.0,201,0.2,290 ,258 ,32 ,미등록,폐콘0.4 폐아0.8,2025-07-28,35.8768031,128.7015478
374,20250730-0129,07-30,동구 율하동 210,지상공도,STS D15mm 인입선 누수수선,"498,000 ","498,000 ",0 ,0 ,"3,930 ","4,990 ","3,990 ","1,130 ",500 ,"2,550 ","1,660","6,500",15.0,스텐레스관,이형관,부식,2.9,233.0,250,,0 ,0 ,0 ,미등록,,2025-07-30,35.8713458,128.6979572
375,20250730-0243,07-30,동구 효목동 376-7,지상사유지,D15mm 계량기 보호통 교체,"859,600 ","764,000 ","95,600 ",0 ,"12,300 ","15,620 ","12,500 ","3,540 ","1,590 ","7,980 ","2,170","17,860",15.0,계량기보호통(실),계량기보호통,노후,,223.0,37,,,,,미등록,폐콘0.1,2025-07-30,35.8795777,128.6377852
376,20250731-0147,07-31,동구 용계동 50-2,지하공도,PFP D40*15mm 분기점 누수수선,"1,247,000 ","1,247,000 ",0 ,0 ,"16,450 ","20,890 ","16,710 ","4,740 ","2,130 ","10,670 ","3,690","21,230",15.0,부분기대,부분기대,노후,"1,873.68",232.0,225,0.1,145 ,129 ,16 ,미등록,폐콘0.4,2025-07-31,35.8761143,128.6950676
