NO,접수번호,부서,정산년월,지시번호,공사명,공사유형,탐사구분,주소,접수일시,작업시작,작업종료,용도구분,구군,중구역번호,소구역번호,도로구분,누수관경,누수관종,누수부위,누수원인,손괴원인,누수시간,누수량,용수구분,GIS 입력,위도,경도,epsg5179위도,epsg5179경도,공사개요,"누수지점
GIS ID",작업일시
27,20220725-0240,북부사업소,202207,528,북구 연암공원로8길 13 (산격동) / 1106-15번지,지상-사유지,,산격동 1106-15 (21.10.08 급수중지),2022-07-25 13:13,,2022-07-25 15:00,급수관,북구,520,46-1,사유지,15.0,계량기보호통(실),계량기보호통,노후,,,,생활용수,미입력,35.893553,128.5988743,1099174.69,1766883.885,,,2022-07-25 13:13:00
28,20220711-0567,북부사업소,202207,507,북구 산격로13길 35-20 (산격동) / 1186-28번지,지하-사유지,자체-주간,산격동 1186-28,2022-07-11 16:27,,2022-07-11 18:00,급수관,북구,520,24-3,사유지,15.0,계량기보호통(실),계량기보호통,노후,,96일,461 ,생활용수,미입력,35.8970157,128.6019014,1099445.149,1767271.592,,,2022-07-11 16:27:00
29,20220711-0241,북부사업소,202207,505,"북구 대학로 103-4 (산격동,선경리슈빌) / 1324-5번지",지하-사유지,용역,산격동 1324-5,2022-07-11 10:10,,2022-07-11 14:00,급수관,북구,520,49,사유지,15.0,계량기보호통(실),계량기보호통,노후,,96일,230 ,생활용수,미입력,35.8942168,128.6106067,1100232.226,1766970.178,,,2022-07-11 10:10:00
30,20220711-0239,북부사업소,202207,504,북구 대학로9길 27-1 (산격동) / 1413-34번지,지하-사유지,용역,산격동 1413-34,2022-07-11 10:10,,2022-07-11 14:00,급수관,북구,520,49,사유지,15.0,계량기보호통(실),연결부,노후,,96일,576 ,생활용수,미입력,35.8932826,128.6056974,1099789.134,1766869.739,,,2022-07-11 10:10:00
31,20220704-0539,북부사업소,202207,495,북구 산격로11길 36-12 (산격동) / 1434-88번지,지하-사유지,자체-주간,산격동 1434-88,2022-07-04 16:57,,2022-07-04 18:00,급수관,북구,520,24-3,사유지,15.0,계량기보호통(실),계량기보호통,노후,,93일,558 ,생활용수,미입력,35.8961148,128.6015727,1099415.265,1767172.957,,,2022-07-04 16:57:00
32,20220704-0328,북부사업소,202207,494,북구 대학로9길 38-1 (산격동) / 1409-49번지,지상-사유지,,산격동 1409-49,2022-07-04 13:11,,2022-07-04 16:00,급수관,북구,520,49,사유지,15.0,계량기보호통(실),계량기보호통,노후,,,,생활용수,미입력,35.8942685,128.6060313,1099818.689,1766974.762,,,2022-07-04 13:11:00
33,20220629-0297,북부사업소,202206,476,북구 대동로 2 (산격동) / 1234-1번지,기타,,산격동 1234-1,2022-06-29 13:52,,2022-06-29 16:00,기타,북구,520,48,,,,,,,,,생활용수,미입력,35.8981896,128.6074701,1099944.437,1767410.413,,,2022-06-29 13:52:00
34,20220621-0386,북부사업소,202206,450,"북구 연암공원로14길 48 (산격동,밸리채) / 1423-8번지",미누수,,산격동 1423-8,2022-06-21 17:59,,2022-06-21 20:00,,북구,520,47,,,,,,,,,생활용수,미입력,35.8958307,128.6044147,1099674.142,1767146.283,,,2022-06-21 17:59:00
35,20220620-0419,북부사업소,202206,445,"북구 산격로13길 5-2 (산격동,원룸) / 1223-15번지",기타,,산격동 1223-15,2022-06-20 16:19,,2022-06-20 20:00,기타,북구,520,47,,,,,,,,,생활용수,미입력,35.8968314,128.6046401,1099692.475,1767257.157,,,2022-06-20 16:19:00
36,20220616-0276,북부사업소,202206,438,북구 산격로11길 36-5 (산격동) / 1434-48번지,지하-사유지,자체-주간,산격동 1434-48,2022-06-16 16:44,,2022-06-16 18:00,급수관,북구,520,46-1,사유지,15.0,계량기보호통(실),계량기보호통,노후,,84일,504 ,생활용수,미입력,35.8960865,128.6010963,1099367.182,1767170.607,,,2022-06-16 16:44:00
37,20220613-0081,북부사업소,202206,431,북구 연암공원로14길 14-4 (산격동) / 1434-6번지,지하-사유지,용역,산격동 1434-6,2022-06-13 10:22,,2022-06-13 18:00,급수관,북구,520,46-1,사유지,15.0,스텐레스관,직관,노후,,82일,492 ,생활용수,미입력,35.8962904,128.6010969,1099368.462,1767194.006,,,2022-06-13 10:22:00
38,20220613-0077,북부사업소,202206,430,북구 연암공원로14길 13-23 (산격동) / 1186-16번지,지하-사유지,용역,산격동 1186-16,2022-06-13 10:19,,2022-06-13 18:00,급수관,북구,520,24-3,사유지,15.0,계량기보호통(실),계량기보호통,노후,,82일,394 ,생활용수,미입력,35.8968503,128.6010226,1099365.362,1767252.788,,,2022-06-13 10:19:00
39,20220613-0075,북부사업소,202206,429,북구 산격로13길 14 (산격동) / 1221-11번지,지하-사유지,용역,산격동 1221-11,2022-06-13 10:14,,2022-06-13 14:30,급수관,북구,520,47,사유지,15.0,PFP관,이형관,노후,,82일,236 ,생활용수,미입력,35.897039,128.6038291,1099617.484,1767278.064,,,2022-06-13 10:14:00
40,20220609-0083,북부사업소,202206,425,북구 연암공원로7길 2-5 (산격동) / 1139-1번지,지하-공도,용역,산격동 1139-1,2022-06-09 09:46,,2022-06-09 15:00,배수지관,북구,520,46-1,공도,15.0,부분기대,부분기대,노후,,80일,403 ,생활용수,입력,35.8946786,128.5982036,1099109.474,1767008.329,,,2022-06-09 09:46:00
41,20220609-0081,북부사업소,202206,424,북구 연암로2길 31 (산격동) / 1498-177번지,지하-사유지,용역,산격동 1498-177,2022-06-09 09:45,,2022-06-09 13:00,급수관,북구,520,47,사유지,15.0,계량기보호통(실),연결부,노후,,80일,384 ,생활용수,미입력,35.8896577,128.6031403,1099562.492,1766458.167,,,2022-06-09 09:45:00
42,20220531-0280,북부사업소,202205,406,북구 대구체육관로8길 13 (산격동) / 1497-6번지,지상-공도,,산격동 1497-6,2022-05-31 14:17,,2022-05-31 16:00,급수관,북구,520,47,공도,20.0,부분기대,부분기대,노후,,3시간,1 ,생활용수,입력,35.8918995,128.6034968,1099593.905,1766707.667,,,2022-05-31 14:17:00
43,20220528-0020,북부사업소,202205,398,"북구 칠성시장로 87-5, 2동 (칠성동2가,칠성고전무용학원) / 403-18번지",지상-사유지,,칠성동2가 403-18 2동,2022-05-28 11:02,,2022-05-28 16:00,급수관,북구,520,49,사유지,15.0,계량기보호통(실),계량기보호통,노후,,,,생활용수,미입력,35.8816457,128.6006646,1099351.203,1765566.368,,,2022-05-28 11:02:00
44,20220526-0082,북부사업소,202205,392,북구 대동로 30 (산격동) / 1266-1번지,지상-사유지,,산격동 1266-1 (주)희성홀딩스,2022-05-26 09:44,,2022-05-26 14:00,급수관,북구,520,49,사유지,40.0,PFP관,이형관,노후,,,,생활용수,미입력,35.8970424,128.6098923,1100163.715,1767288.057,,,2022-05-26 09:44:00
45,20220524-0006,북부사업소,202205,386,북구 산격로14길 46-3 (산격동) / 1306-52번지,지하-공도,자체-주간,산격동 1306-52,2022-05-24 09:06,,2022-05-24 13:00,급수관,북구,520,49,공도,15.0,부분기대,부분기대,노후,,72일,276 ,,입력,35.8957771,128.6102088,1100195.032,1767145.352,,,2022-05-24 09:06:00
46,20220523-0018,북부사업소,202205,378,북구 대동로 30 (산격동) / 1266-1번지,지상-사유지,,산격동 1266-1 (주)희성홀딩스,2022-05-23 09:16,,2022-05-23 13:00,급수관,북구,520,49,사유지,40.0,PFP관,이형관,타공사손괴,건축,,16 ,생활용수,미입력,35.8970424,128.6098923,1100163.715,1767288.057,,,2022-05-23 09:16:00
47,20220522-0139,북부사업소,202207,522,북구 구암로42길 11 (구암동) / 467번지,지상-사유지,,구암동 467,2022-07-20 14:09,,2022-07-20 18:00,급수관,북구,520,46-1,사유지,15.0,스텐레스관,직관,노후,,,,생활용수,미입력,36.3528873,127.3178134,1095866.673,1770933.467,,,2022-07-20 14:09:00
48,20220516-0006,북부사업소,202205,367,북구 대학로25길 30 (산격동) / 1311-69번지,지상-공도,,산격동 1311-69,2022-05-16 08:59,,2022-05-16 18:00,배수지관,북구,520,48,공도,15.0,부분기대,부분기대,노후,,3시간,0 ,생활용수,입력,35.8955649,128.6090574,1100091.575,1767122.923,,,2022-05-16 08:59:00
49,20220429-0545,북부사업소,202204,343,북구 대학로13길 51-17 (산격동) / 1246-6번지,지하-사유지,자체-주간,산격동 1246-6,2022-04-29 16:58,,2022-05-03 09:30,급수관,북구,520,48,사유지,15.0,계량기보호통(실),계량기보호통,노후,,60일,360 ,생활용수,미입력,35.8963247,128.6066462,1099873.622,1767201.3,,,2022-04-29 16:58:00
50,20220426-0031,북부사업소,202204,333,북구 대학로9길 86-1 (산격동) / 1241-11번지,지하-공도,용역,산격동 1241-11,2022-04-26 09:44,,2022-04-27 16:30,배수지관,북구,520,48,공도,15.0,부분기대,부분기대,노후,,58일,348 ,생활용수,입력,35.8979109,128.6076387,1099965.101,1767377.423,,,2022-04-26 09:44:00
51,20220420-0352,북부사업소,202204,311,북구 연암공원로8길 20-1 (산격동) / 1102-7번지,미누수,,산격동 1102-7,2022-04-20 16:08,,2022-04-20 17:40,,북구,520,46-1,,,,,,,,,,미입력,35.893401,128.5981047,1099104.101,1766866.43,,,2022-04-20 16:08:00
52,20220416-0012,북부사업소,202204,301,"북구 산격로8길 35-1 (산격동,화창한약국) / 1313-61번지",지상-사유지,,산격동 1313-61,2022-04-16 10:51,,2022-04-16 13:00,급수관,북구,520,49,사유지,15.0,계량기보호통(실),계량기보호통,노후,,,,생활용수,미입력,35.8937074,128.6092431,1100110.745,1766913.176,,,2022-04-16 10:51:00
53,20220405-0240,북부사업소,202204,276,북구 대구체육관로12길 27 (산격동) / 1433-42번지,지상-사유지,,산격동 1433-42,2022-04-05 14:10,,2022-04-05 18:00,급수관,북구,520,47,사유지,15.0,계량기보호통(실),앵글밸브,노후,,,,생활용수,미입력,35.8912521,128.6046144,1099695.145,1766637.702,,,2022-04-05 14:10:00
54,20220330-0014,북부사업소,202203,255,북구 산격로 82-9 (산격동) / 1231-19번지,지하-사유지,상시누수진단,산격동 1231-19,2022-03-30 08:58,,2022-03-31 11:30,급수관,북구,520,48,사유지,15.0,PFP관,이형관,노후,,45일,173 ,생활용수,미입력,35.8972172,128.6062283,1099835.814,1767300.678,,,2022-03-30 08:58:00
55,20220303-0055,북부사업소,202203,183,북구 연암공원로14길 41 (산격동) / 1226-8번지,지하-공도,용역,산격동 1226-8,2022-03-03 09:23,,2022-03-03 15:00,배수지관,북구,520,47,공도,15.0,부분기대,부분기대,노후,,31일,260 ,생활용수,입력,35.8964067,128.6044953,1099679.012,1767211.3,,,2022-03-03 09:23:00
56,20220303-0052,북부사업소,202203,182,북구 산격로서9길 8-43 (산격동) / 1437-40번지,지하-사유지,용역,산격동 1437-40,2022-03-03 09:22,,2022-03-03 15:00,급수관,북구,520,24-3,사유지,15.0,기타,기타,노후,,31일,149 ,생활용수,미입력,35.895618,128.6016666,1099426.626,1767120.425,,,2022-03-03 09:22:00
57,20220228-0517,북부사업소,202202,162,북구 연암공원로10길 25-4 (산격동) / 1436-7번지,지상-사유지,,산격동 1436-7,2022-02-28 14:36,,2022-02-28 15:30,급수관,북구,520,24-3,사유지,15.0,계량기보호통(실),앵글밸브,노후,,,,생활용수,미입력,35.8945985,128.6014333,1099405.124,1767005.234,,,2022-02-28 14:36:00
58,20220224-0576,북부사업소,202202,156,북구 연암공원로32길 62-18 (산격동) / 1197-107번지,지상-사유지,,산격동 1197-107,2022-02-24 17:13,,2022-02-24 18:30,급수관,북구,520,24-3,사유지,15.0,계량기보호통(실),계량기보호통,노후,,,,생활용수,미입력,35.8981031,128.6047695,1099702.054,1767397.474,,,2022-02-24 17:13:00
59,20220222-0428,북부사업소,202202,150,북구 대동로8길 3-7 (산격동) / 1268-11번지,지상-사유지,,산격동 1268-11,2022-02-22 16:21,,2022-02-22 18:00,급수관,북구,520,49,사유지,15.0,계량기보호통(실),앵글밸브,노후,,,,생활용수,미입력,35.8962927,128.6107424,1100242.442,1767201.38,,,2022-02-22 16:21:00
60,20220218-0217,북부사업소,202202,140,북구 산격로 39-2 (산격동) / 1425-3번지,지하-사유지,용역,산격동 1425-3,2022-02-18 13:08,,2022-02-21 16:30,급수관,북구,520,47,사유지,15.0,계량기보호통(실),계량기보호통,노후,,25일,126 ,생활용수,미입력,35.8940489,128.6048683,1099715.05,1766948.241,,,2022-02-18 13:08:00
61,20220213-0004,북부사업소,202202,119,"북구 산격로10길 15 (산격동,반올림피자샵) / 1407-41번지",지상-사유지,,산격동 1407-41,2022-02-13 12:22,,2022-02-13 16:00,급수관,북구,520,48,사유지,15.0,계량기보호통(실),접합부,노후,,,,생활용수,미입력,35.8950599,128.6068585,1099894.337,1767059.528,,,2022-02-13 12:22:00
62,20220207-0040,북부사업소,202202,96,북구 연암로12길 6-6 (산격동) / 1016번지,지하-사유지,용역,산격동 1016,2022-02-07 09:34,,2022-02-14 14:00,급수관,북구,520,46-1,사유지,15.0,계량기보호통(실),계량기보호통,노후,,19일,146 ,생활용수,미입력,35.8914089,128.5976348,1099064.653,1766641.569,,,2022-02-07 09:34:00
63,20220207-0037,북부사업소,202202,95,북구 연암공원로11길 13-1 (산격동) / 1180-77번지,지하-공도,용역,산격동 1180-77,2022-02-07 09:31,,2022-02-07 11:30,급수관,북구,520,46-1,공도,15.0,부분기대,부분기대,노후,,19일,114 ,생활용수,입력,35.897346,128.5991107,1099190.81,1767309.373,,,2022-02-07 09:31:00
64,20220207-0031,북부사업소,202202,94,북구 연암공원로 37-6 (산격동) / 1133번지,지하-사유지,용역,산격동 1133,2022-02-07 09:26,,2022-02-14 12:00,급수관,북구,520,46-1,사유지,15.0,스텐레스관,이형관,노후,,19일,27 ,생활용수,미입력,35.8943094,128.5979899,1099095.288,1766966.259,,,2022-02-07 09:26:00
65,20220117-0498,북부사업소,202201,42,북구 연암로 56-1 (산격동) / 1018-1번지,지하-사유지,자체-주간,산격동 1018-1,2022-01-17 18:00,,2022-01-17 19:30,급수관,북구,520,46-1,사유지,15.0,계량기보호통(실),계량기보호통,노후,,9일,54 ,생활용수,미입력,35.8912787,128.5975226,1099054.915,1766630.122,,,2022-01-17 18:00:00
66,20220112-0012,북부사업소,202201,26,"북구 연암로4길 35 (산격동,온누리어린이집) / 1401-4번지",지상-공도,,산격동 1401-4,2022-01-12 09:13,,2022-01-12 13:30,급수관,북구,520,47,공도,25.0,부분기대,부분기대,노후,,2시간,1 ,생활용수,입력,35.8902971,128.6031375,1099559.845,1766524.73,,,2022-01-12 09:13:00
67,20220106-0361,북부사업소,202201,15,북구 연암공원로 90-10 (산격동) / 1185-10번지,지상-사유지,,산격동 1185-10,2022-01-06 15:08,,2022-01-06 17:00,급수관,북구,520,24-3,사유지,15.0,계량기보호통(실),계량기보호통,노후,,,,생활용수,미입력,35.8977432,128.6018556,1099439.035,1767353.536,,,2022-01-06 15:08:00
68,20211231-0128,북부사업소,202201,972,북구 연암공원로 77-3 (산격동) / 1183-16번지,지상-사유지,,산격동 1183-16,2021-12-31 10:42,,2021-12-31 13:30,급수관,북구,520,46-1,사유지,15.0,계량기보호통(실),앵글밸브,접합부이완,,,,생활용수,미입력,35.8971656,128.6002114,1099290.293,1767288.695,,,2021-12-31 10:42:00
69,20211213-0383,북부사업소,202201,906,북구 산격로10길 34-2 (산격동) / 1313-16번지,지상-사유지,,산격동 1313-16,2021-12-13 16:20,,2021-12-13 18:00,급수관,북구,520,49,사유지,15.0,계량기보호통(실),계량기보호통,부식,,,,생활용수,미입력,35.8947052,128.6090903,1100094.867,1767026.071,,,2021-12-13 16:20:00
70,20211209-0122,북부사업소,202201,897,북구 대학로15길 5 (산격동) / 1400번지,지하-공도,용역,산격동 1400 마실커피경북대점,2021-12-09 11:17,,2021-12-09 14:00,급수관,북구,520,49,공도,80.0,닥타일관,직관,노후,,179일,"8,592 ",생활용수,미입력,35.892445,128.6080946,1100008.969,1766774.775,,,2021-12-09 11:17:00
71,20211129-0033,북부사업소,202201,873,북구 연암공원로 55-31 (산격동) / 1169-17번지,지상-사유지,,산격동 1169-17,2021-11-29 09:16,,2021-11-29 11:30,급수관,북구,520,46-1,사유지,15.0,계량기보호통(실),계량기보호통,노후,,,,생활용수,미입력,35.8957823,128.5984428,1099135.421,1767133.931,,,2021-11-29 09:16:00
72,20211119-0076,북부사업소,202201,838,북구 산격로14길 42-4 (산격동) / 1306-40번지,지상-사유지,,산격동 1306-40,2021-11-19 10:13,,2021-11-19 12:30,급수관,북구,520,49,사유지,15.0,계량기보호통(실),계량기보호통,노후,,,,생활용수,미입력,35.895853,128.6097435,1100152.495,1767154.531,,,2021-11-19 10:13:00
73,20211104-0222,북부사업소,202201,801,북구 연암공원로8길 20-1 (산격동) / 1102-7번지,지상-사유지,,산격동 1102-7,2021-11-04 11:03,,2021-11-04 13:00,급수관,북구,520,46-1,사유지,15.0,계량기보호통(실),계량기보호통,부식,,,,생활용수,미입력,35.893401,128.5981047,1099104.101,1766866.43,,,2021-11-04 11:03:00
74,20211019-0055,북부사업소,202201,761,북구 대학로25길 36-1 (산격동) / 1311-73번지,지하-공도,용역,산격동 1311-73,2021-10-19 09:49,,2021-10-19 13:00,급수관,북구,520,48,공도,15.0,부분기대,부분기대,노후,,153일,"3,672 ",생활용수,입력,35.895638,128.6083125,1100027.795,1767122.099,,,2021-10-19 09:49:00
75,20211019-0052,북부사업소,202201,760,"북구 산격로14길 47 (산격동,동남빌) / 1305-4번지",지하-공도,용역,산격동 1305-4,2021-10-19 09:49,,2021-10-19 12:00,급수관,북구,520,49,공도,15.0,부분기대,부분기대,노후,,153일,"3,672 ",생활용수,입력,35.8961338,128.6104798,1100218.516,1767187.663,,,2021-10-19 09:49:00
76,20211018-0313,북부사업소,202201,759,북구 연암공원로 31-17 (산격동) / 878-2번지,지상-사유지,,산격동 878-2,2021-10-18 13:46,,2021-10-18 14:30,급수관,북구,520,46-1,사유지,15.0,스텐레스관,직관,노후,,,0 ,생활용수,미입력,35.8941482,128.5976751,1099067.383,1766949.827,,,2021-10-18 13:46:00
77,20211015-0202,북부사업소,202201,754,북구 연암공원로10길 31-7 (산격동) / 1436-4번지,지상-사유지,,산격동 1436-4,2021-10-15 14:15,,2021-10-15 17:30,급수관,북구,520,24-3,사유지,15.0,계량기보호통(실),계량기보호통,노후,,,,,미입력,35.8945825,128.6015796,1099418.025,1767003.405,,,2021-10-15 14:15:00
78,20211006-0268,북부사업소,202110,737,북구 연암공원로 22-13 (산격동) / 1099-51번지,노후관교체공사,,산격동 1099-51,2021-10-06 13:29,,2021-10-07 15:30,배수지관,북구,520,46-1,,,,,,,,,생활용수,미입력,35.8927748,128.5978637,1099083.849,1766799.443,,,2021-10-06 13:29:00
79,20210924-0430,북부사업소,202109,714,북구 연암공원로20길 26-12 (산격동) / 1190-14번지,지상-공도,,연암공원로20길 26-12 (산격동) / 1190-14번지,2021-09-24 16:14,,2021-09-24 18:00,급수관,북구,520,24-3,공도,15.0,스텐레스관,이형관,노후,,5시간,0 ,,입력,35.8980362,128.6037608,1099609.22,1767388.804,,,2021-09-24 16:14:00
80,20210831-0358,북부사업소,202108,670,북구 연암공원로 22-23 (산격동) / 1099-46번지,지상-공도,,산격동 1099-46,2021-08-31 13:23,,2021-08-31 16:00,급수관,북구,520,46-1,공도,15.0,스텐레스관,직관,노후,,1시간,0 ,,입력,35.8926588,128.5981486,1099109.132,1766781.767,,,2021-08-31 13:23:00
81,20210827-0213,북부사업소,202108,662,북구 산격로11길 36-15 (산격동) / 1434-79번지,지상-공도,,산격로11길 36-15 (산격동) / 1434-79번지,2021-08-27 12:44,,2021-08-27 15:00,급수관,북구,520,46-1,공도,15.0,스텐레스관,직관,노후,,1시간,0 ,,입력,35.8962193,128.6011202,1099373.629,1767181.64,,,2021-08-27 12:44:00
82,20210823-0055,북부사업소,202108,657,북구 연암로12길 9-2 (산격동) / 1052번지,지하-공도,용역,산격동 1052,2021-08-23 09:30,,2021-08-23 13:30,배수지관,북구,520,46-1,공도,40.0,PFP관,직관,기타,,125일,"3,000 ",,입력,35.8920608,128.5969805,1099004.87,1766720.248,,,2021-08-23 09:30:00
83,20210731-0033,북부사업소,202107,611,북구 연암공원로20길 30-8 (산격동) / 1197-89번지,지상-사유지,,연암공원로20길 30-8 (산격동) / 1197-89번지,2021-07-31 14:13,,2021-07-31 17:30,급수관,북구,520,24-3,사유지,15.0,계량기보호통(실),계량기보호통,노후,,,,,미입력,35.898353,128.604123,1099642.736,1767422.962,,,2021-07-31 14:13:00
84,20210726-0521,북부사업소,202107,603,북구 연암공원로32길 62-6 (산격동) / 1197-43번지,지상-사유지,,연암공원로32길 62-6 (산격동) / 1197-43번지,2021-07-26 16:01,,2021-07-26 17:30,급수관,북구,520,24-3,사유지,15.0,계량기보호통(실),계량기보호통,노후,,,0 ,,미입력,35.8977169,128.6048553,1099708.777,1767353.72,,,2021-07-26 16:01:00
85,20210722-0008,북부사업소,202107,580,북구 연암공원로 22-13 (산격동) / 1099-51번지,지상-공도,,연암공원로 22-13 (산격동) / 1099-51번지,2021-07-22 09:07,,2021-07-22 11:30,배수지관,북구,520,46-1,공도,40.0,PFP관,직관,접합부이완,,1시간,0 ,,입력,35.8927823,128.5978525,1099083.849,1766799.443,,,2021-07-22 09:07:00
86,20210717-0004,북부사업소,202107,567,북구 산격로북9길 9-19 (산격동) / 1195-118번지,지상-사유지,,산격로북9길 9-19 (산격동) / 1195-118번지,2021-07-17 09:32,,2021-07-17 10:14,급수관,북구,520,,사유지,15.0,계량기보호통(실),계량기보호통,노후,,,0 ,,미입력,35.8961698,128.6018101,1099436.623,1767179.166,,,2021-07-17 09:32:00
87,20210712-0366,북부사업소,202107,560,"북구 대학로17길 27 (산격동,티파니) / 1314번지",지하-공도,자체-주간,산격동 1314,2021-07-12 16:48,,2021-07-12 19:23,배수지관,북구,520,49,공도,15.0,부분기대,부분기대,노후,,104일,"2,496 ",,입력,35.8948441,128.6087573,1100065.303,1767040.611,,,2021-07-12 16:48:00
88,20210709-0021,북부사업소,202107,555,북구 대학로15길 6 (산격동) / 1399-3번지,지하-공도,용역,산격동 1399-3,2021-07-09 09:21,,2021-07-09 11:45,배수지관,북구,520,49,공도,80.0,닥타일관,직관,볼트이완,,102일,"2,448 ",,입력,35.8924506,128.6083,1100027.172,1766773.572,,,2021-07-09 09:21:00
89,20210708-0379,북부사업소,202107,553,북구 대동로8길 24-8 (산격동) / 1250-4번지,지하-사유지,자체-주간,산격동 1250-4,2021-07-08 17:33,,2021-07-08 19:36,급수관,북구,520,48,사유지,15.0,계량기보호통(실),연결부,노후,,102일,49 ,,미입력,35.8969802,128.6084567,1100035.099,1767276.302,,,2021-07-08 17:33:00
90,20210703-0021,북부사업소,202107,545,북구 대학로25길 17-6 (산격동) / 1307-59번지,지상-사유지,,대학로25길 17-6 (산격동) / 1307-59번지,2021-07-03 10:44,,2021-07-03 14:25,급수관,북구,520,49,사유지,15.0,계량기보호통(실),연결부,노후,,,0 ,,미입력,35.8952774,128.6101531,1100190.723,1767089.238,,,2021-07-03 10:44:00
91,20210630-0456,북부사업소,202106,533,북구 연암공원로8길 1 (산격동) / 1126-11번지,지상-사유지,,연암공원로8길 1 (산격동) / 1126-11번지,2021-06-30 14:26,,2021-06-30 17:53,급수관,북구,520,46-1,사유지,15.0,계량기보호통(실),계량기보호통,부식,,,,,미입력,35.8941277,128.5986262,1099153.666,1766948.268,,,2021-06-30 14:26:00
92,20210629-0756,북부사업소,202106,531,"북구 대학로15길 5 (산격동,자갈치) / 1400번지",지하-미누수,자체-주간,산격동 1400,2021-06-29 17:11,,2021-06-29 19:25,,북구,520,49,,,,,,,,,,미입력,35.892445,128.6080946,1100008.969,1766774.775,,,2021-06-29 17:11:00
93,20210617-0227,북부사업소,202106,505,북구 산격로14길 25-4 (산격동) / 1310-24번지,지하-공도,자체-주간,산격동 1310-24,2021-06-17 11:35,,2021-06-17 15:30,급수관,북구,520,48,공도,15.0,스텐레스관,직관,부식,,91일,546 ,,입력,35.8961398,128.6081966,1100013.667,1767185.914,,,2021-06-17 11:35:00
94,20210616-0376,북부사업소,202106,503,"북구 대학로25길 54 (산격동,태화아트빌) / 1406-37번지",지하-공도,자체-주간,산격동 1406-37,2021-06-16 17:19,,2021-06-16 18:30,배수지관,북구,520,48,공도,40.0,PFP관,직관,부식,,91일,"13,104 ",생활용수,입력,35.8955879,128.6064074,1099852.639,1767120.502,,,2021-06-16 17:19:00
95,20210608-0367,북부사업소,202106,483,북구 대학로25길 56 (산격동) / 1406-45번지,지하-공도,용역,산격동 1406-45,2021-06-08 15:42,,2021-06-08 17:50,배수지관,북구,520,48,공도,40.0,부분기대,부분기대,부식,,87일,"8,352 ",,입력,35.8955894,128.6061974,1099833.435,1767121.805,,,2021-06-08 15:42:00
96,20210604-0370,북부사업소,202106,479,"북구 대학로 97 (산격동,아카데미안경) / 1329-7번지",지상-사유지,,"대학로 97 (산격동,아카데미안경) / 1329-7번지",2021-06-04 15:38,,2021-06-04 17:30,급수관,북구,520,49,사유지,25.0,계량기보호통(실),계량기보호통,노후,,,0 ,,미입력,37.1575975,128.1938252,1100209.28,1766921.772,,,2021-06-04 15:38:00
97,20210521-0001,북부사업소,202105,453,"북구 대학로23길 15-5 (산격동,옷가게) / 1327번지",지상-공도,,"대학로23길 15-5 (산격동,옷가게) / 1327번지",2021-05-21 06:40,,2021-05-21 09:30,배수지관,북구,520,49,공도,15.0,부분기대,부분기대,노후,,1시간,0 ,,입력,35.8942498,128.6104451,1100217.789,1766977.602,,,2021-05-21 06:40:00
98,20210508-0019,북부사업소,202105,429,북구 대학로 119-2 (산격동) / 1277-4번지,지상-공도,,대학로 119-2 (산격동) / 1277-4번지,2021-05-08 09:34,,2021-05-08 13:30,배수지관,북구,520,49,공도,25.0,스텐레스관,직관,노후,,1시간,0 ,,입력,37.5819294,127.0016822,1100343.705,1767087.427,,,2021-05-08 09:34:00
99,20210420-0506,북부사업소,202104,380,북구 대학로13길 51-40 (산격동) / 1247-2번지,지상-사유지,,대학로13길 51-40 (산격동) / 1247-2번지,2021-04-20 16:03,,2021-04-20 17:30,급수관,북구,520,48,사유지,15.0,계량기보호통(실),계량기보호통,노후,,,,,미입력,35.8964574,128.6067985,1099886.834,1767217.457,,,2021-04-20 16:03:00
100,20210420-0418,북부사업소,202104,377,북구 산격로8길 9-6 (산격동) / 1409-40번지,지상-공도,,산격로8길 9-6 (산격동) / 1409-40번지,2021-04-20 14:40,,2021-04-20 17:36,배수지관,북구,520,49,공도,25.0,스텐레스관,직관,노후,,1시간,0 ,,입력,35.8939019,128.6063404,1099848.198,1766932.42,,,2021-04-20 14:40:00
101,20210407-0006,북부사업소,202104,343,북구 대구체육관로10길 10-1 (산격동) / 1497-35번지,지하-공도,용역,산격동 1497-35,2021-04-07 08:52,,2021-04-07 11:30,배수지관,북구,520,47,공도,15.0,스텐레스관,이형관,노후,,56일,161 ,,입력,35.8920443,128.6037541,1099614.61,1766726.271,,,2021-04-07 08:52:00
102,20210401-0078,북부사업소,202104,330,북구 대구체육관로8길 19-1 (산격동) / 1497-33번지,지하-공도,용역,산격동 1497-33,2021-04-01 09:37,,2021-04-01 11:30,급수관,북구,520,47,공도,15.0,스텐레스관,이형관,노후,,46일,166 ,,입력,35.8916045,128.603594,1099604.555,1766677.436,,,2021-04-01 09:37:00
103,20210326-0591,북부사업소,202103,317,"북구 산격로 24, 수펴 (산격동) / 1413-15번지",지상-사유지,,"산격로 24, 수펴 (산격동) / 1413-15번지",2021-03-26 17:09,,2021-03-26 18:00,급수관,북구,520,49,사유지,15.0,계량기보호통(실),연결부,접합부이완,,,0 ,,미입력,35.8926598,128.6054077,1099766.539,1766791.631,,,2021-03-26 17:09:00
104,20210326-0021,북부사업소,202103,312,북구 대학로25길 36-4 (산격동) / 1311-75번지,지하-공도,용역,산격동 1311-75,2021-03-26 09:16,,2021-03-26 11:30,급수관,북구,520,48,공도,25.0,부분기대,부분기대,노후,,50일,72 ,,입력,35.8956941,128.6084596,1100037.125,1767134.352,,,2021-03-26 09:16:00
105,20210326-0020,북부사업소,202103,311,북구 대동로6길 22 (산격동) / 1312번지,지하-공도,용역,산격동 1312,2021-03-26 09:15,,2021-03-26 14:30,배수지관,북구,520,48,공도,80.0,PFP관,직관,부식,,50일,516 ,,입력,35.8954103,128.6093837,1100122.162,1767104.888,,,2021-03-26 09:15:00
106,20210325-0557,북부사업소,202103,309,북구 대구체육관로11길 10 (산격동) / 1429-6번지,지상-공도,,대구체육관로11길 10 (산격동) / 1429-6번지,2021-03-25 16:35,,2021-03-25 17:30,급수관,북구,520,47,공도,15.0,스텐레스관,직관,노후,,1시간,0 ,,미입력,35.8929896,128.6046873,1099699.882,1766825.588,,,2021-03-25 16:35:00
107,20210311-0155,북부사업소,202103,262,북구 대학로9길 72-5 (산격동) / 1243-8번지,지하-사유지,자체-주간,산격동 1243-8,2021-03-11 13:04,,2021-03-11 14:30,급수관,북구,520,48,사유지,15.0,계량기보호통(실),계량기보호통,노후,,35일,8 ,,미입력,35.8968784,128.6066871,1099876.603,1767263.301,,,2021-03-11 13:04:00
108,20210311-0031,북부사업소,202103,260,"북구 연암로12길 15 (산격동,부흥어패럴) / 1057-1번지",지하-공도,용역,산격동 1057-1,2021-03-11 09:28,,2021-03-11 10:30,배수지관,북구,520,46-1,공도,80.0,PFP관,이형관,노후,,35일,571 ,,입력,35.8923038,128.5969296,1099000.735,1766746.826,,,2021-03-11 09:28:00
109,20210311-0030,북부사업소,202103,259,북구 연암로12길 9-2 (산격동) / 1052번지,지하-공도,용역,산격동 1052,2021-03-11 09:27,,2021-03-11 10:55,급수관,북구,520,46-1,공도,15.0,스텐레스관,이형관,노후,,35일,218 ,,입력,35.8920608,128.5969805,1099004.87,1766720.248,,,2021-03-11 09:27:00
110,20210306-0012,북부사업소,202103,243,북구 산격로서9길 17-5 (산격동) / 1435-21번지,지상-사유지,,산격로서9길 17-5 (산격동) / 1435-21번지,2021-03-06 09:43,,2021-03-06 13:26,급수관,북구,520,46-1,사유지,15.0,계량기보호통(실),계량기보호통,노후,,,,,미입력,35.8948698,128.6010136,1099365.473,1767035.527,,,2021-03-06 09:43:00
111,20210303-0114,북부사업소,202103,229,북구 산격로11길 37 (산격동) / 1434-87번지,지하-공도,용역,산격동 1434-87,2021-03-03 09:46,,2021-03-03 12:35,배수지관,북구,520,46-1,공도,15.0,스텐레스관,이형관,노후,,31일,372 ,,입력,35.8957377,128.6011203,1099376.181,1767131.36,,,2021-03-03 09:46:00
112,20210226-0201,북부사업소,202102,222,"북구 연암로4길 24 (산격동,아이리치) / 1498-67번지",지하-공도,용역,산격동 1498-67,2021-02-26 11:27,,2021-02-26 15:46,급수관,북구,520,47,공도,15.0,부분기대,부분기대,기타,,1일,12 ,,입력,35.8897404,128.6027238,1099529.433,1766470.385,,,2021-02-26 11:27:00
113,20210226-0009,북부사업소,202102,221,"북구 대학로25길 7, 401호 (산격동,가로등) / 1304-23번지",지상-공도,,"대학로25길 7, 401호 (산격동,가로등) / 1304-23번지",2021-02-26 09:03,,2021-02-26 13:41,급수관,북구,520,49,공도,15.0,스텐레스관,이형관,노후,,1시간,0 ,,미입력,35.8953951,128.6115114,1100312.719,1767105.567,,,2021-02-26 09:03:00
114,20210223-0106,북부사업소,202102,211,북구 연암공원로 22-51 (산격동) / 1096-2번지,지상-사유지,,연암공원로 22-51 (산격동) / 1096-2번지,2021-02-23 09:51,,2021-02-23 15:30,급수관,북구,520,,사유지,15.0,계량기보호통(실),계량기보호통,노후,,,,,미입력,35.8924099,128.5980182,1099099.546,1766759.228,,,2021-02-23 09:51:00
115,20210216-0019,북부사업소,202102,183,"북구 대학로13길 5 (산격동,상따리) / 1414-58번지",지상-사유지,,"대학로13길 5 (산격동,상따리) / 1414-58번지",2021-02-16 09:04,,2021-02-16 17:15,급수관,북구,520,49,사유지,15.0,계량기보호통(실),계량기보호통,노후,,,0 ,,미입력,35.8922299,128.6075294,1099955.417,1766749.008,,,2021-02-16 09:04:00
116,20210202-0532,북부사업소,202102,155,"북구 대학로23길 18-3 (산격동,코이라멘) / 1309-20번지",지하-공도,자체-주간,산격동 1309-20,2021-02-02 16:55,,2021-02-02 18:25,급수관,북구,520,49,공도,15.0,스텐레스관,이형관,노후,,1일,12 ,,입력,35.8942865,128.6098394,1100162.811,1766975.824,,,2021-02-02 16:55:00
117,20210202-0254,북부사업소,202102,154,"북구 대학로23길 33 (산격동,게임마트) / 1336-3번지",지상-사유지,,"대학로23길 33 (산격동,게임마트) / 1336-3번지",2021-02-02 13:26,,2021-02-02 16:25,급수관,북구,520,49,사유지,20.0,계량기보호통(실),연결부,노후,,,0 ,,미입력,35.8931139,128.6092693,1100111.365,1766849.785,,,2021-02-02 13:26:00
118,20210127-0564,북부사업소,202101,134,북구 대동로8길 21-3 (산격동) / 1249-15번지,지하-공도,자체-주간,산격동 1249-15,2021-01-27 16:36,,2021-01-27 18:25,급수관,북구,520,48,공도,15.0,스텐레스관,이형관,노후,,14일,672 ,,입력,35.896407,128.6087045,1100058.919,1767212.641,,,2021-01-27 16:36:00
119,20210121-0683,북부사업소,202101,114,북구 산격로서9길 17-6 (산격동) / 1435-27번지,지상-사유지,,산격로서9길 17-6 (산격동) / 1435-27번지,2021-01-21 19:09,,2021-01-22 10:00,급수관,북구,520,46-1,사유지,15.0,계량기보호통(실),연결부,노후,,,,,미입력,35.8948004,128.6008315,1099349.529,1767026.151,,,2021-01-21 19:09:00
120,20210118-0477,북부사업소,202101,100,"북구 산격로 36 (산격동,휴대폰) / 1413-27번지",지하-사유지,자체-주간,산격동 1413-27,2021-01-18 13:46,,2021-01-20 16:00,급수관,북구,520,49,사유지,15.0,기타,기타,노후,,9일,648 ,,미입력,35.8935606,128.6053668,1099759.711,1766894.877,,,2021-01-18 13:46:00
121,20210118-0423,북부사업소,202101,99,북구 산격로10길 52 (산격동) / 1308-5번지,지상-사유지,,산격로10길 52 (산격동) / 1308-5번지,2021-01-18 13:09,,2021-01-18 15:40,급수관,북구,520,49,사유지,15.0,계량기보호통(실),앵글밸브,노후,,,,,미입력,35.8948401,128.6108953,1100258.155,1767042.003,,,2021-01-18 13:09:00
122,20210118-0114,북부사업소,202101,94,"북구 산격로6길 6-1 (산격동,성은청과) / 1418번지",지상-사유지,,"산격로6길 6-1 (산격동,성은청과) / 1418번지",2021-01-18 09:33,,2021-01-18 13:00,급수관,북구,520,49,사유지,15.0,계량기보호통(실),앵글밸브,노후,,,,,미입력,35.8924787,128.605816,1099802.927,1766773.128,,,2021-01-18 09:33:00
123,20210115-0012,북부사업소,202101,70,북구 대구체육관로9길 14 (산격동) / 1430-35번지,지상-사유지,,대구체육관로9길 14 (산격동) / 1430-35번지,2021-01-15 07:43,,2021-01-15 09:40,급수관,북구,520,47,사유지,15.0,스텐레스관,이형관,노후,,,,,미입력,35.8932559,128.6040557,1099643.025,1766857.393,,,2021-01-15 07:43:00
124,20210114-0136,북부사업소,202101,62,북구 대학로25길 25 (산격동) / 1307-4번지,지상-사유지,,대학로25길 25 (산격동) / 1307-4번지,2021-01-14 09:29,,2021-01-15 14:00,급수관,북구,520,49,사유지,15.0,계량기보호통(실),계량기보호통,노후,,,,,미입력,35.8954174,128.6096018,1100140.157,1767104.382,,,2021-01-14 09:29:00
125,20210112-0635,북부사업소,202101,50,북구 연암공원로 32-8 (산격동) / 1105-1번지,지상-사유지,,연암공원로 32-8 (산격동) / 1105-1번지,2021-01-12 17:50,,2021-01-13 14:00,급수관,북구,520,46-1,사유지,15.0,계량기보호통(실),앵글밸브,노후,,,,,미입력,35.893689,128.5984427,1099135.213,1766901.979,,,2021-01-12 17:50:00
126,20210109-0230,북부사업소,202101,32,북구 산격로11길 40-1 (산격동) / 1161-55번지,지상-사유지,,산격로11길 40-1 (산격동) / 1161-55번지,2021-01-09 14:11,,2021-01-09 16:00,급수관,북구,520,46-1,사유지,15.0,계량기보호통(실),연결부,노후,,,,,미입력,35.8960453,128.6009302,1099358.316,1767165.16,,,2021-01-09 14:11:00
127,20201224-0498,북부사업소,202101,749,"북구 연암공원로10길 5 (산격동,삼원주택) / 1125-1번지",미누수,,산격동 1125-1,2020-12-24 20:16,,2020-12-25 10:00,,북구,520,46-1,,,,,,,,,,미입력,35.8945089,128.5990098,1099185.252,1766989.812,,,2020-12-24 20:16:00
128,20201218-0126,북부사업소,202101,726,"북구 대구체육관로 39, 2층 (산격동,대구유도회) / 1427-1번지",시설물수선,,산격동 1427-1 2층,2020-12-18 10:28,,,배수본관,북구,520,47,,,,,,,,,,미입력,35.8936393,128.6034359,1099582.34,1766915.669,,,2020-12-18 10:28:00
129,20201218-0117,북부사업소,202012,723,"북구 연암공원로32길 50-1, 자납 (산격동) / 1222-14번지",노후관교체공사,,산격동 1222-14 자납,2020-12-18 10:25,,2020-12-18 14:00,배수지관,북구,520,24-3,,,,,,,,,,미입력,35.8982422,128.60562,1099778.243,1767415.764,,,2020-12-18 10:25:00
130,20201211-0174,북부사업소,202012,695,북구 연암공원로20길 30-4 (산격동) / 1197-87번지,지상-공도,,연암공원로20길 30-4 (산격동) / 1197-87번지,2020-12-11 14:07,,2020-12-11 17:00,급수관,북구,520,24-3,공도,15.0,스텐레스관,이형관,노후,,1시간,0 ,,입력,35.898537,128.6041687,1099646.221,1767445.177,,,2020-12-11 14:07:00
131,20201104-0562,북부사업소,202011,581,"북구 대동로8길 3-4 (산격동,유한하이츠) / 1267-16번지",지하-공도,자체-주간,산격동 1267-16,2020-11-04 17:36,,2020-11-04 19:30,급수관,북구,520,49,공도,15.0,스텐레스관,이형관,노후,,155일,37 ,,입력,35.8963962,128.6105147,1100222.084,1767212.874,,,2020-11-04 17:36:00
132,20201028-0007,북부사업소,202010,556,북구 연암공원로20길 30-17 (산격동) / 1197-81번지,지상-사유지,,연암공원로20길 30-17 (산격동) / 1197-81번지,2020-10-28 08:44,,2020-10-28 15:33,급수관,북구,520,24-3,사유지,15.0,스텐레스관,이형관,노후,,,,,미입력,35.8979493,128.6042737,1099655.547,1767380.342,,,2020-10-28 08:44:00
133,20201027-0132,북부사업소,202010,554,북구 연암공원로20길 30 (산격동) / 1197-86번지,지상-사유지,,연암공원로20길 30 (산격동) / 1197-86번지,2020-10-27 10:24,,2020-10-27 13:20,급수관,북구,520,24-3,사유지,15.0,스텐레스관,이형관,노후,,,0 ,,미입력,35.8986193,128.6041785,1099647.179,1767453.885,,,2020-10-27 10:24:00
134,20201013-0276,북부사업소,202010,520,북구 연암로4길 52-4 (산격동) / 1498-136번지,지상-사유지,,연암로4길 52-4 (산격동) / 1498-136번지,2020-10-13 16:36,,2020-10-13 18:30,급수관,북구,520,47,사유지,15.0,스텐레스관,이형관,노후,,,0 ,,미입력,35.890437,128.6039201,1099634.924,1766545.313,,,2020-10-13 16:36:00
135,20200901-0890,시설관리소,202003,27,북구 칠곡중앙대로 419 (관음동) / 1378-7번지,지상-공도,,칠곡중앙대로 419 (관음동) / 1378-7번지,2020-09-14 14:25,2020-09-15 10:00,2020-09-15 19:00,송수관,북구,520,260,공도,800.0,강관,직관,노후,,24시간,87 ,,입력,35.9332564,128.5480938,1094546.011,1771236.933,,,2020-09-14 14:25:00
136,20200806-0156,북부사업소,202008,386,북구 산격로14길 52-1 (산격동) / 1306-57번지,지상-사유지,,산격로14길 52-1 (산격동) / 1306-57번지,2020-08-06 12:06,,2020-08-11 12:41,급수관,북구,520,49,사유지,15.0,계량기보호통(실),계량기보호통,노후,,,,,미입력,35.8957906,128.6108018,1100248.713,1767148.425,,,2020-08-06 12:06:00
137,20200729-0041,북부사업소,202007,366,북구 대학로15길 23-1 (산격동) / 1326번지,지하-공도,용역,산격동 1326 14,2020-07-29 09:22,,2020-07-29 16:11,급수관,북구,520,49,공도,15.0,스텐레스관,이형관,노후,,106일,25 ,,입력,35.8948505,128.6081292,1099997.209,1766963.284,,,2020-07-29 09:22:00
138,20200704-0022,북부사업소,202007,318,북구 산격로서9길 8-47 (산격동) / 1437-41번지,지상-공도,,산격로서9길 8-47 (산격동) / 1437-41번지,2020-07-06 14:14,,2020-07-06 16:51,급수관,북구,520,24-3,공도,15.0,에폭시강관,이형관,노후,,1시간,0 ,,입력,35.8956519,128.6018395,1099439.312,1767123.286,,,2020-07-06 14:14:00
139,20200702-0136,북부사업소,202007,314,북구 연암공원로13길 12-27 (산격동) / 1180-96번지,지하-공도,용역,산격동 1180-96,2020-07-02 10:44,,2020-07-06 08:47,급수관,북구,520,46-1,공도,15.0,스텐레스관,직관,노후,,190일,"1,915 ",,입력,35.8971737,128.5986068,1099146.129,1767288.648,,,2020-07-02 10:44:00
140,20200630-0564,북부사업소,202006,301,북구 연암공원로32길 50-5 (산격동) / 1222-12번지,지하-사유지,자체-주간,산격동 1222-12,2020-06-30 17:55,,2020-07-02 12:49,급수관,북구,520,24-3,사유지,15.0,스텐레스관,직관,노후,,91일,44 ,,입력,35.898519,128.6055705,1099773.59,1767444.931,,,2020-06-30 17:55:00
141,20200629-0530,북부사업소,202006,299,북구 산격로서9길 8-24 (산격동) / 1437-15번지,지하-공도,자체-주간,산격동 1437-15,2020-06-29 16:23,,2020-07-01 08:04,급수관,북구,520,24-3,공도,15.0,스텐레스관,이형관,노후,,91일,197 ,,입력,35.8954243,128.6020765,1099462.833,1767098.614,,,2020-06-29 16:23:00
142,20200608-0118,북부사업소,202006,245,북구 대동로4길 15-2 (산격동) / 1253-25번지,지하-공도,용역,산격동 1253-25,2020-06-08 10:46,,2020-06-08 13:22,배수지관,북구,520,48,공도,80.0,닥타일관,이형관,부식,,80일,250 ,,입력,35.8971951,128.6088573,1100071.171,1767300.684,,,2020-06-08 10:46:00
143,20200608-0116,북부사업소,202006,244,북구 대구체육관로9길 16-1 (산격동) / 1430-34번지,지하-사유지,용역,산격동 1430-34,2020-06-08 10:45,,2020-06-08 16:41,급수관,북구,520,47,사유지,15.0,스텐레스관,이형관,노후,,80일,173 ,,입력,35.8933403,128.6041584,1099653.266,1766869.734,,,2020-06-08 10:45:00
144,20200603-0064,북부사업소,202006,238,북구 산격동 1397-25 김스타치킨 경대점 ,지하-사유지,용역,산격동 1397-25 김스타치킨 경대점 ,2020-06-03 09:45,,2020-06-04 11:00,급수관,북구,520,49,사유지,15.0,계량기보호통(실),계량기보호통,노후,,78일,168 ,,입력,35.893335,128.608099,1100026.686,1766849.057,,,2020-06-03 09:45:00
145,20200522-0282,북부사업소,202005,208,북구 연암공원로7길 2-1 (산격동) / 1139-5번지,지상-사유지,,연암공원로7길 2-1 (산격동) / 1139-5번지,2020-05-22 14:28,,2020-05-22 18:11,급수관,북구,520,46-1,사유지,15.0,계량기보호통(실),계량기보호통,노후,,,,,미입력,35.894522,128.5982219,1099108.623,1766998.125,,,2020-05-22 14:28:00
146,20200511-0029,북부사업소,202005,170,"북구 대학로25길 29-3 (산격동,알파인) / 1312-54번지",지하-사유지,용역,산격동 1312-54 알파인 ,2020-05-11 09:14,,2020-05-11 13:52,급수관,북구,520,48,사유지,15.0,스텐레스관,이형관,노후,,66일,143 ,,입력,35.895288,128.6092459,1100108.739,1767089.826,,,2020-05-11 09:14:00
147,20200511-0027,북부사업소,202005,169,"북구 대동로4길 19 (산격동,파랑새) / 1253-32번지",지하-공도,용역,산격동 1253-32 파랑새 ,2020-05-11 09:13,,2020-05-11 12:11,급수관,북구,520,48,공도,25.0,스텐레스관,이형관,노후,,66일,16 ,,입력,35.8970928,128.6092451,1100104.25,1767283.354,,,2020-05-11 09:13:00
148,20200507-0003,북부사업소,202005,165,"북구 산격로10길 30 (산격동,미니레이디) / 1314-43번지",지하-사유지,용역,산격동 1314-43 미니레이디 ,2020-05-07 08:51,,2020-05-07 12:45,급수관,북구,520,49,사유지,15.0,계량기보호통(실),계량기보호통,노후,,64일,138 ,,미입력,35.8948443,128.6084927,1100040.61,1767040.387,,,2020-05-07 08:51:00
149,20200428-0189,북부사업소,202004,149,"북구 대학로 91-3 (산격동,뚝배기순대) / 1332-5번지",지상-사유지,,"대학로 91-3 (산격동,뚝배기순대) / 1332-5번지",2020-04-28 11:02,,2020-04-28 15:32,급수관,북구,520,49,사유지,15.0,계량기보호통(실),연결부,노후,,,,,미입력,35.8935219,128.6098311,1100164.629,1766894.452,,,2020-04-28 11:02:00
150,20200428-0123,북부사업소,202004,147,북구 연암공원로13길 12-9 (산격동) / 1180-99번지,지하-공도,용역,산격동 1180-99,2020-04-28 10:27,,2020-05-01 10:14,급수관,북구,520,46-1,공도,20.0,에폭시강관,이형관,노후,,119일,628 ,,입력,35.8970342,128.5985975,1099145.413,1767272.055,,,2020-04-28 10:27:00
151,20200311-0140,북부사업소,202003,23,북구 대학로25길 33-12 (산격동) / 1312-17번지,지상-사유지,,대학로25길 33-12 (산격동) / 1312-17번지,2020-03-11 13:51,,2020-03-11 16:41,급수관,북구,520,48,사유지,15.0,계량기보호통(실),계량기보호통,노후,,,0 ,,미입력,35.8952791,128.6085304,1100043.864,1767088.491,,,2020-03-11 13:51:00
152,20200214-0043,북부사업소,202002,888,북구 연암로 66 (산격동) / 980-2번지,배수관망유지수선,,산격동 980-2,2020-02-14 09:54,,2020-02-14 13:43,배수지관,북구,520,46-1,,,,,,,,,,미입력,35.8914557,128.5961285,1098963.668,1766623.263,,,2020-02-14 09:54:00
153,20200210-0132,북부사업소,202002,877,북구 연암로 68-4 (산격동) / 988-4번지,지상-사유지,,연암로 68-4 (산격동) / 988-4번지,2020-02-10 11:13,,2020-02-10 13:00,급수관,북구,520,46-1,사유지,15.0,계량기보호통(실),앵글밸브,노후,,,,,미입력,35.8915603,128.596439,1098949.674,1766662.986,,,2020-02-10 11:13:00
154,20200204-0005,북부사업소,202002,863,북구 산격로14길 48-2 (산격동) / 1306-24번지,지하-공도,자체-주간,산격동 1306-24,2020-02-04 08:41,,2020-02-04 13:14,급수관,북구,520,49,공도,20.0,부분기대,부분기대,노후,,35일,470 ,,입력,35.8958113,128.6104771,1100218.119,1767147.168,,,2020-02-04 08:41:00
155,20200203-0120,북부사업소,202002,859,북구 산격로서9길 22 (산격동) / 1435-12번지,지하-공도,용역,산격동 1435-12,2020-02-03 10:15,,2020-02-03 14:08,배수지관,북구,520,46-1,공도,80.0,변류,접합부,노후,,34일,269 ,,입력,35.8951736,128.6005645,1099326.413,1767068.622,,,2020-02-03 10:15:00
156,20200203-0111,북부사업소,202002,858,북구 산격로17길 11-1 (산격동) / 1222-46번지,지하-공도,용역,산격동 1222-46,2020-02-03 10:13,,2020-02-03 14:01,급수관,북구,520,24-3,공도,15.0,PFP관,이형관,노후,,34일,147 ,,입력,35.8984275,128.6050715,1099728.665,1767432.408,,,2020-02-03 10:13:00
157,20200203-0107,북부사업소,202002,857,북구 연암로 68-5 (산격동) / 981번지,지하-공도,용역,산격동 981,2020-02-03 10:11,,2020-02-03 14:23,급수관,북구,520,46-1,공도,15.0,에폭시강관,이형관,노후,,34일,180 ,,입력,35.8916993,128.5961649,1098925.698,1766678.359,,,2020-02-03 10:11:00
158,20200203-0101,북부사업소,202002,856,"북구 산격로10길 15 (산격동,반올림피자샵) / 1407-41번지",지하-사유지,용역,산격동 1407-41 반올림피자샵 ,2020-02-03 10:08,,2020-02-03 14:12,급수관,북구,520,48,사유지,15.0,계량기보호통(실),계량기보호통,노후,,34일,147 ,,미입력,35.8950599,128.6068585,1099894.337,1767059.528,,,2020-02-03 10:08:00
159,20200203-0098,북부사업소,202002,855,"북구 산격로6길 22 (산격동,최군맥주) / 1414-61번지",지하-공도,용역,산격동 1414-61 최군맥주 ,2020-02-03 10:06,,2020-02-03 14:11,배수지관,북구,520,49,공도,100.0,PFP관,직관,노후,,34일,432 ,,입력,35.892458,128.6074693,1099952.195,1766773.687,,,2020-02-03 10:06:00
160,20200203-0091,북부사업소,202002,854,북구 대학로13길 63-4 (산격동) / 1242-14번지,지하-공도,용역,산격동 1242-14,2020-02-03 10:02,,2020-02-03 14:15,급수관,북구,520,48,공도,15.0,PFP관,직관,노후,,34일,343 ,,입력,35.8970541,128.6070699,1099910.888,1767283.668,,,2020-02-03 10:02:00
161,20200129-0045,북부사업소,202001,837,"북구 연암로4길 25-1 (산격동,성광TV) / 1395-15번지",지하-공도,용역,산격동 1395-15 성광TV,2020-01-29 09:37,,2020-01-29 12:36,급수관,북구,520,47,공도,15.0,PFP관,이형관,노후,,29일,146 ,,입력,35.8899382,128.6026823,1099523.039,1766489.848,,,2020-01-29 09:37:00
162,20200128-0403,북부사업소,202001,831,북구 연암공원로 22-39 (산격동) / 1099-45번지,지하-사유지,자체-주간,산격동 1099-45,2020-01-28 16:34,,2020-01-28 19:43,급수관,북구,520,46-1,사유지,15.0,계량기보호통(실),계량기보호통,노후,,28일,121 ,,미입력,35.892603,128.5979688,1099093.235,1766781.089,,,2020-01-28 16:34:00
163,20200128-0020,북부사업소,202001,828,북구 연암공원로13길 8 (산격동) / 1180-72번지,지하-공도,용역,산격동 1180-72,2020-01-28 09:22,,2020-01-28 15:00,급수관,북구,520,46-1,공도,15.0,부분기대,부분기대,노후,,28일,141 ,,입력,35.8968111,128.5993156,1099210.014,1767248.687,,,2020-01-28 09:22:00
164,20200128-0019,북부사업소,202001,827,북구 연암공원로11길 3-9 (산격동) / 1169-3번지,지하-사유지,용역,산격동 1169-3,2020-01-28 09:19,,2020-01-29 13:00,급수관,북구,520,46-1,사유지,15.0,계량기보호통(실),계량기보호통,노후,,28일,121 ,,미입력,35.8962351,128.5985884,1099145.156,1767185.769,,,2020-01-28 09:19:00
165,20200110-0315,북부사업소,202001,797,북구 연암공원로32길 56-6 (산격동) / 1222-38번지,지상-공도,,연암공원로32길 56-6 (산격동) / 1222-38번지,2020-01-10 16:26,,2020-01-11 12:00,급수관,북구,520,24-3,공도,15.0,부분기대,부분기대,노후,,1시간,0 ,,입력,35.8981373,128.6052037,1099740.325,1767400.569,,,2020-01-10 16:26:00
166,20191228-0081,북부사업소,202001,764,북구 산격로서9길 12 (산격동) / 1437-61번지,지상-사유지,,산격로서9길 12 (산격동) / 1437-61번지,2019-12-28 11:48,,2019-12-30 16:00,급수관,북구,520,24-3,사유지,15.0,계량기보호통(실),계량기보호통,노후,,,,,미입력,35.8952087,128.601595,1099418.475,1767073.198,,,2019-12-28 11:48:00
167,20191226-0454,북부사업소,202002,760,북구 연암공원로32길 62-10 (산격동) / 1197-32번지,지상-사유지,,연암공원로32길 62-10 (산격동) / 1197-32번지,2019-12-26 15:40,,2020-01-17 17:00,급수관,북구,520,24-3,사유지,15.0,계량기보호통(실),앵글밸브,노후,,,0 ,,미입력,35.897813,128.6048295,1099706.108,1767366.203,,,2019-12-26 15:40:00
168,20191224-0152,북부사업소,202001,756,북구 대학로25길 36-1 (산격동) / 1311-73번지,지상-공도,,대학로25길 36-1 (산격동) / 1311-73번지,2019-12-24 11:22,,2019-12-24 17:23,급수관,북구,520,48,공도,15.0,부분기대,부분기대,노후,,1시간,0 ,,입력,35.8955801,128.6084953,1100027.795,1767122.099,,,2019-12-24 11:22:00
169,20191218-0327,북부사업소,202001,743,"북구 대학로 9 (산격동,초코하우스(투)) / 1392-5번지",지하-미누수,자체-주간,산격동 1392-5 초코하우스(투) ,2019-12-18 16:26,,2019-12-20 14:00,,북구,520,47,,,,,,,,,,미입력,35.8891053,128.6025241,1099509.001,1766398.702,,,2019-12-18 16:26:00
170,20191217-0118,북부사업소,202001,741,"북구 연암공원로 64, 2016.12.06.급수중지 연장 (산격동) / 1164-9번지",지상-사유지,,"연암공원로 64, 2016.12.06.급수중지 연장 (산격동) / 1164-9번지",2019-12-17 11:29,,2019-12-17 13:00,급수관,북구,520,46-1,사유지,15.0,스텐레스관,이형관,노후,,,,,미입력,35.8962089,128.5996874,1099241.99,1767175.265,,,2019-12-17 11:29:00
171,20191204-0325,북부사업소,201912,706,북구 연암공원로32길 62-6 (산격동) / 1197-43번지,지하-공도,자체-주간,산격동 1197-43,2019-12-04 13:39,,2019-12-06 18:00,급수관,북구,520,24-3,공도,15.0,스텐레스관,직관,부식,,338일,"2,352 ",,입력,35.8976972,128.6048247,1099708.777,1767353.72,,,2019-12-04 13:39:00
172,20191204-0009,북부사업소,201912,703,북구 연암로12길 1-2 (산격동) / 1024-3번지,지하-공도,용역,산격동 1024-3,2019-12-04 08:44,,2019-12-10 18:00,급수관,북구,520,46-1,공도,15.0,스텐레스관,이형관,노후,,338일,"1,460 ",,입력,35.891462,128.5969987,1099006.514,1766652.575,,,2019-12-04 08:44:00
173,20191203-0424,북부사업소,201912,701,북구 연암공원로20길 26-3 (산격동) / 1190-4번지,지상-공도,,연암공원로20길 26-3 (산격동) / 1190-4번지,2019-12-03 13:00,,2019-12-03 14:59,급수관,북구,520,24-3,공도,15.0,부분기대,부분기대,노후,,2시간,1 ,,입력,35.8983117,128.6039873,1099630.452,1767419.706,,,2019-12-03 13:00:00
174,20191203-0094,북부사업소,201912,699,북구 연암로2길 17 (산격동) / 1498-166번지,지하-사유지,용역,산격동 1498-166,2019-12-03 09:59,,2019-12-05 16:00,급수관,북구,520,47,사유지,15.0,계량기보호통(실),계량기보호통,노후,,337일,"1,456 ",,미입력,35.8893267,128.6025295,1099508.895,1766420.899,,,2019-12-03 09:59:00
175,20191203-0087,북부사업소,201912,697,북구 연암로 8 (산격동) / 1382-11번지,지하-공도,용역,산격동 1382-11,2019-12-03 09:57,,2019-12-14 18:00,급수관,북구,520,47,공도,15.0,부분기대,부분기대,노후,,337일,"1,456 ",,입력,35.88871,128.6020298,1099465.952,1766351.392,,,2019-12-03 09:57:00
176,20191202-0091,북부사업소,201912,694,"북구 연암로12길 11-1 (산격동,엄지유통) / 1056번지",지하-공도,용역,산격동 1056 엄지유통,2019-12-02 09:45,,2019-12-02 09:45,급수관,북구,520,46-1,공도,15.0,부분기대,부분기대,노후,,336일,"2,339 ",,입력,35.8921578,128.5971933,1099015.634,1766726.304,,,2019-12-02 09:45:00
177,20191202-0086,북부사업소,201912,693,북구 산격로 15-6 (산격동) / 1433-18번지,지하-사유지,용역,산격동 1433-18,2019-12-02 09:44,,2019-12-06 18:00,급수관,북구,520,47,사유지,15.0,계량기보호통(실),계량기보호통,노후,,336일,"1,452 ",,미입력,35.8919931,128.6048395,1099714.621,1766719.481,,,2019-12-02 09:44:00
178,20191130-0022,북부사업소,201911,687,"북구 연암로12길 11-1 (산격동,엄지유통) / 1056번지",지하-공도,자체-주간,산격동 1056 엄지유통,2019-11-30 09:31,,2019-11-30 15:00,급수관,북구,520,46-1,공도,15.0,부분기대,부분기대,노후,,334일,"1,683 ",,미입력,35.8921578,128.5971933,1099015.634,1766726.304,,,2019-11-30 09:31:00
179,20191129-0419,북부사업소,201912,684,북구 대학로9길 74-22 (산격동) / 1244-7번지,지상-사유지,,대학로9길 74-22 (산격동) / 1244-7번지,2019-11-29 15:11,,2019-12-05 09:30,급수관,북구,520,48,사유지,15.0,스텐레스관,이형관,노후,,,0 ,,미입력,35.8964922,128.6065103,1099860.036,1767219.017,,,2019-11-29 15:11:00
180,20191121-0434,북부사업소,201912,673,"북구 산격로6길 18 (산격동,마사) / 1414-1번지",지하-공도,자체-주간,산격동 1414-1 마사 ,2019-11-21 17:12,,2019-11-22 18:00,급수관,북구,520,49,공도,15.0,부분기대,부분기대,노후,,325일,"1,638 ",,입력,35.8923979,128.60716,1099924.923,1766769.152,,,2019-11-21 17:12:00
181,20191119-0009,북부사업소,201911,668,"북구 산격로10길 35 (산격동,소피아) / 1312-60번지",배수관망유지수선,,산격동 1312-60 소피아 ,2019-11-19 09:00,,2019-11-22 18:00,배수지관,북구,520,48,,,,,,,,,,미입력,35.8950289,128.6090777,1100094.1,1767058.654,,,2019-11-19 09:00:00
182,20191106-0366,북부사업소,201911,654,북구 연암로2길 53 (산격동) / 1498-128번지,지하-사유지,자체-주간,산격동 1498-128,2019-11-06 15:58,,2019-11-06 18:00,급수관,북구,520,47,사유지,15.0,계량기보호통(실),계량기보호통,노후,,310일,967 ,,미입력,35.890274,128.6040782,1099645.232,1766524.574,,,2019-11-06 15:58:00
183,20191028-0104,북부사업소,201911,632,북구 연암공원로17길 23-9 (산격동) / 1180-41번지,지하-공도,용역,산격동 1180-41 연암공원6길18,2019-10-28 09:53,,2019-11-07 10:30,급수관,북구,520,24-3,공도,15.0,에폭시강관,이형관,노후,,301일,"1,589 ",,입력,35.8977155,128.5989664,1099178.311,1767348.503,,,2019-10-28 09:53:00
184,20191018-0338,북부사업소,201910,623,북구 대구체육관로9길 20-1 (산격동) / 1430-32번지,지상-사유지,,대구체육관로9길 20-1 (산격동) / 1430-32번지,2019-10-18 17:15,,2019-10-21 16:18,급수관,북구,520,47,사유지,15.0,계량기보호통(실),접합부,노후,,,,,미입력,35.8934782,128.6041763,1099653.703,1766882.141,,,2019-10-18 17:15:00
185,20191018-0017,북부사업소,201910,621,북구 연암공원로13길 12-11 (산격동) / 1180-139번지,지하-공도,자체-주간,산격동 1180-139,2019-10-18 09:13,,2019-10-18 12:00,급수관,북구,520,46-1,공도,20.0,PFP관,이형관,노후,,291일,"1,536 ",,입력,35.8970363,128.5984409,1099131.911,1767272.78,,,2019-10-18 09:13:00
186,20191015-0181,북부사업소,201910,619,북구 칠성로 98 (칠성동2가) / 409-114번지,배수관망유지수선,,칠성동2가 409-114 칠성로98/4층,2019-10-15 14:32,,2019-10-19 12:00,급수관,북구,520,95,,,,,,,,,,미입력,35.8785194,128.6000608,1099302.566,1765222.594,,,2019-10-15 14:32:00
187,20191014-0169,북부사업소,201910,618,북구 산격로11길 35-3 (산격동) / 1437-42번지,지상-사유지,,산격로11길 35-3 (산격동) / 1437-42번지,2019-10-14 11:52,,2019-10-15 14:00,급수관,북구,520,24-3,사유지,15.0,계량기보호통(실),계량기보호통,노후,,,,,미입력,35.8956451,128.6015328,1099406.943,1767117.73,,,2019-10-14 11:52:00
188,20191010-0003,북부사업소,201910,611,북구 산격로11길 35-16 (산격동) / 1434-56번지,지하-사유지,용역,산격동 1434-56,2019-10-10 08:28,,2019-10-10 10:40,급수관,북구,520,46-1,사유지,15.0,계량기보호통(실),계량기보호통,노후,,280일,336 ,,미입력,35.8953934,128.6011361,1099377.276,1767093.478,,,2019-10-10 08:28:00
189,20190926-0037,북부사업소,201910,587,북구 대구체육관로4길 7-5 (산격동) / 1401-11번지,기타,,산격동 1401-11,2019-09-26 09:25,,2019-09-26 17:00,급수관,북구,520,47,,,,,,,,,,미입력,35.8908545,128.6028273,1099533.507,1766592.479,,,2019-09-26 09:25:00
190,20190926-0021,북부사업소,201910,586,"북구 산격로1길 31-13, 1498-216 (산격동) / 1498-189번지",지상-공도,,"산격로1길 31-13, 1498-216 (산격동) / 1498-189번지",2019-09-26 08:52,,2019-09-26 10:13,급수관,북구,520,47,공도,15.0,부분기대,부분기대,노후,,2시간,0 ,,입력,35.8906833,128.6034433,1099591.79,1766574.39,,,2019-09-26 08:52:00
191,20190926-0004,북부사업소,201910,585,북구 대구체육관로2길 16 (산격동) / 1441-18번지,지상-사유지,,대구체육관로2길 16 (산격동) / 1441-18번지,2019-09-26 08:27,,2019-09-26 14:55,급수관,북구,520,47,사유지,15.0,계량기보호통(실),계량기보호통,노후,,,,,미입력,35.8899291,128.6016472,1099429.575,1766486.575,,,2019-09-26 08:27:00
192,20190917-0335,북부사업소,201909,573,북구 연암공원로13길 12 (산격동) / 1180-109번지,지하-공도,자체-주간,산격동 1180-109,2019-09-17 17:43,,2019-09-18 11:00,급수관,북구,520,46-1,공도,15.0,스텐레스관,이형관,노후,,257일,802 ,,입력,35.8968155,128.5987169,1099156.03,1767249.411,,,2019-09-17 17:43:00
193,20190916-0025,북부사업소,201909,566,"북구 대학로23길 5 (산격동,봉대박스파게티) / 1321-2번지",지하-공도,용역,산격동 1321-2 봉대박스파게티,2019-09-16 09:12,,2019-09-19 10:07,급수관,북구,520,49,공도,15.0,부분기대,부분기대,노후,,256일,553 ,,입력,35.8947167,128.6112692,1100291.719,1767027.375,,,2019-09-16 09:12:00
194,20190916-0024,북부사업소,201909,565,"북구 대학로13길 9 (산격동,김상진헤어) / 1412-35번지",지하-사유지,용역,산격동 1412-35 김상진헤어,2019-09-16 09:11,,2019-09-23 15:04,급수관,북구,520,49,사유지,15.0,계량기보호통(실),계량기보호통,노후,,256일,553 ,,미입력,35.8926412,128.6075201,1099957.597,1766791.609,,,2019-09-16 09:11:00
195,20190903-0445,북부사업소,201909,556,"북구 대구체육관로2길 12, B동 203호 (산격동) / 1441-75번지",지하-공도,자체-주간,산격동 1441-75 B동 203호,2019-09-03 17:11,,2019-09-05 18:00,급수관,북구,520,17,공도,40.0,부분기대,부분기대,노후,,243일,0 ,,입력,,,1099418.718,1766498.323,,,2019-09-03 17:11:00
196,20190902-0040,북부사업소,201909,552,"북구 산격로10길 49 (산격동,드림하이) / 1307-38번지",지하-사유지,용역,산격동 1307-38 드림하이,2019-09-02 09:21,,2019-09-06 15:29,급수관,북구,520,49,사유지,20.0,스텐레스관,이형관,노후,,242일,407 ,,미입력,35.8950253,128.6107087,1100240.657,1767061.506,,,2019-09-02 09:21:00
197,20190902-0033,북부사업소,201909,549,북구 대학로9길 75-1 (산격동) / 1234-25번지,지하-공도,용역,산격동 1234-25,2019-09-02 09:16,,2019-09-05 18:00,급수관,북구,520,48,공도,15.0,부분기대,부분기대,노후,,242일,523 ,,입력,35.8974775,128.6067132,1099878.26,1767330.49,,,2019-09-02 09:16:00
198,20190829-0491,북부사업소,201909,546,북구 연암공원로7길 6-28 (산격동) / 1136-11번지,지하-사유지,자체-주간,산격동 1136-11,2019-08-29 17:06,,2019-09-01 15:00,급수관,북구,520,46-1,사유지,15.0,계량기보호통(실),계량기보호통,노후,,241일,"1,041 ",,미입력,35.8950838,128.5979938,1099095.536,1767055.042,,,2019-08-29 17:06:00
199,20190826-0404,북부사업소,201908,540,북구 연암공원로20길 20-7 (산격동) / 1188-50번지,지상-사유지,,연암공원로20길 20-7 (산격동) / 1188-50번지,2019-08-26 14:11,,2019-08-26 14:12,급수관,북구,520,24-3,사유지,15.0,계량기보호통(실),접합부,노후,,,,,미입력,35.8977199,128.6035563,1099592.101,1767352.524,,,2019-08-26 14:11:00
200,20190826-0073,북부사업소,201909,538,북구 산격로1길 31-30 (산격동) / 1401-65번지,배수관망유지수선,,산격동 1401-65,2019-08-26 09:41,,2019-08-27 18:00,배수지관,북구,520,47,,,,,,,,,,미입력,35.8905811,128.6032962,1099577.146,1766563.419,,,2019-08-26 09:41:00
201,20190821-0055,북부사업소,201909,534,북구 대구체육관로4길 7-1 (산격동) / 1404-61번지,배수관망유지수선,,산격동 1404-61,2019-08-21 09:37,,2019-08-23 15:00,배수지관,북구,520,47,,,,,,,,,,미입력,35.8908965,128.6026341,1099517.694,1766595.507,,,2019-08-21 09:37:00
202,20190821-0012,북부사업소,201909,533,"북구 대학로 59-16 (산격동,금광블루빌) / 1416-9번지",지하-공도,용역,산격동 1416-9 금광블루빌,2019-08-21 08:42,,2019-09-06 09:51,급수관,북구,520,49,공도,15.0,부분기대,부분기대,노후,,233일,"2,069 ",,입력,35.891616,128.6067147,1099884.668,1766683.466,,,2019-08-21 08:42:00
203,20190821-0011,북부사업소,201909,532,북구 대구체육관로 18-6 (산격동) / 1404-27번지,지하-공도,용역,산격동 1404-27,2019-08-21 08:41,,2019-08-31 18:00,배수지관,북구,520,47,공도,150.0,변류,본체,노후,,233일,0 ,,입력,35.8911832,128.6026666,1099514.935,1766627.28,,,2019-08-21 08:41:00
204,20190821-0009,북부사업소,201909,531,북구 대학로25길 29 (산격동) / 1312-56번지,지하-공도,용역,산격동 1312-56,2019-08-21 08:40,,2019-09-02 18:00,급수관,북구,520,48,공도,15.0,부분기대,부분기대,노후,,221일,"1,538 ",,미입력,35.8954175,128.6090856,1100094.272,1767103.95,,,2019-08-21 08:40:00
205,20190813-0028,북부사업소,201910,525,북구 연암로4길 41-11 (산격동) / 1401-76번지,지상-공도,,연암로4길 41-11 (산격동) / 1401-76번지,2019-08-13 09:23,,2019-08-13 18:00,급수관,북구,520,47,공도,15.0,부분기대,부분기대,노후,,9시간,2 ,,입력,35.8905191,128.6029722,1099548.703,1766553.769,,,2019-08-13 09:23:00
206,20190812-0385,북부사업소,201910,524,북구 대동로8길 18-4 (산격동) / 1250-26번지,지하-공도,자체-주간,산격동 1250-26,2019-08-12 16:45,,2019-08-12 18:00,급수관,북구,520,48,공도,15.0,부분기대,부분기대,노후,,224일,376 ,,입력,35.8967539,128.6090943,1100094.02,1767251.012,,,2019-08-12 16:45:00
207,20190812-0377,북부사업소,201910,523,북구 연암로4길 41-13 (산격동) / 1401-12번지,지하-공도,자체-주간,산격동 1401-12,2019-08-12 16:34,,2019-08-12 18:00,급수관,북구,520,47,공도,15.0,부분기대,부분기대,노후,,224일,"1,344 ",,입력,35.8905797,128.6029416,1099545.658,1766562.853,,,2019-08-12 16:34:00
208,20190812-0004,북부사업소,201909,522,북구 산격로9길 14-7 (산격동) / 1424-22번지,지하-사유지,용역,산격동 1424-22,2019-08-12 08:52,,2019-08-12 18:00,급수관,북구,520,47,사유지,15.0,계량기보호통(실),계량기보호통,노후,,224일,968 ,,미입력,35.8952829,128.6036773,1099606.777,1767084.053,,,2019-08-12 08:52:00
209,20190812-0001,북부사업소,201908,521,북구 산격로1길 31-32 (산격동) / 1401-66번지,지하-공도,자체-주간,산격동 1401-66,2019-08-12 07:21,,2019-08-19 18:00,급수관,북구,520,47,공도,15.0,부분기대,부분기대,노후,,224일,753 ,,입력,35.8904984,128.603317,1099578.386,1766555.125,,,2019-08-12 07:21:00
210,20190810-0045,북부사업소,201908,519,북구 산격로1길 31 (산격동) / 1404-148번지,지상-공도,,산격로1길 31 (산격동) / 1404-148번지,2019-08-10 10:27,,2019-08-10 17:35,배수지관,북구,520,47,공도,50.0,스텐레스관,이형관,노후,,1시간,1 ,,입력,35.8910713,128.6032933,1099577.478,1766616.405,,,2019-08-10 10:27:00
211,20190805-0013,북부사업소,201908,514,"북구 산격로10길 9 (산격동,옥스포드수학) / 1407-54번지",지하-공도,용역,산격동 1407-54 옥스포드수학 ,2019-08-05 08:55,,2019-08-06 18:00,배수지관,북구,520,48,공도,25.0,부분기대,부분기대,노후,,217일,"7,291 ",,입력,35.8950278,128.6062918,1099842.959,1767057.87,,,2019-08-05 08:55:00
212,20190805-0012,북부사업소,201908,513,"북구 대학로25길 27 (산격동,피렌체빌) / 1312-1번지",지하-공도,용역,산격동 1312-1 피렌체빌 ,2019-08-05 08:54,,2019-08-06 18:00,배수지관,북구,520,48,공도,80.0,PFP관,이형관,노후,,217일,0 ,,입력,35.8954078,128.6092462,1100108.667,1767104.125,,,2019-08-05 08:54:00
213,20190805-0010,북부사업소,201908,512,북구 대학로13길 59 (산격동) / 1242-22번지,지하-사유지,용역,산격동 1242-22,2019-08-05 08:50,,2019-08-31 18:00,급수관,북구,520,48,사유지,15.0,스텐레스관,이형관,노후,,217일,781 ,,미입력,35.8969778,128.6075045,1099950.731,1767274.779,,,2019-08-05 08:50:00
214,20190717-0048,북부사업소,201907,475,북구 대구체육관로4길 20 (산격동) / 1404-13번지,지상-공도,,대구체육관로4길 20 (산격동) / 1404-13번지,2019-07-17 09:22,,2019-07-17 13:00,급수관,북구,520,47,공도,15.0,부분기대,부분기대,노후,,1시간,0 ,,입력,35.8902294,128.6026617,1099523.958,1766524.348,,,2019-07-17 09:22:00
215,20190715-0169,북부사업소,201907,472,북구 연암공원로14길 25-4 (산격동) / 1195-75번지,지하-공도,자체-주간,산격동 1195-75,2019-07-15 13:18,,2019-07-15 17:00,급수관,북구,520,24-3,공도,15.0,PFP관,이형관,노후,,196일,847 ,,입력,35.8967492,128.6028856,1099533.874,1767243.751,,,2019-07-15 13:18:00
216,20190611-0100,북부사업소,201907,419,북구 산격로11길 45-8 (산격동) / 1161-7번지,지하-사유지,자체-주간,산격동 1161-7,2019-06-11 11:15,,2019-06-12 18:00,급수관,북구,520,46-1,사유지,15.0,스텐레스관,이형관,노후,,162일,505 ,,미입력,35.8954653,128.6003191,1099302.452,1767101.088,,,2019-06-11 11:15:00
217,20190608-0038,북부사업소,201906,412,북구 연암로 18-9 (산격동) / 1441-51번지,지상-사유지,,연암로 18-9 (산격동) / 1441-51번지,2019-06-08 13:18,,2019-06-09 18:00,급수관,북구,520,47,사유지,15.0,스텐레스관,직관,노후,,,,,미입력,36.9480464,127.1344553,1099372.635,1766476.782,,,2019-06-08 13:18:00
218,20190603-0209,북부사업소,201906,404,북구 연암로 68-3 (산격동) / 980번지,지상-사유지,,연암로 68-3 (산격동) / 980번지,2019-06-03 10:44,,2019-06-04 12:00,급수관,북구,520,46-1,사유지,15.0,계량기보호통(실),앵글밸브,노후,,,,,미입력,35.8915451,128.5961415,1098925.888,1766660.556,,,2019-06-03 10:44:00
219,20190524-0325,북부사업소,201905,394,"북구 대학로23길 25 (산격동,감자탕연구소) / 1331-2번지",지하-공도,자체-주간,산격동 1331-2 감자탕연구소 ,2019-05-24 15:22,,2019-05-27 14:07,급수관,북구,520,49,공도,32.0,부분기대,부분기대,노후,,144일,0 ,,입력,35.8936902,128.6096401,1100146.741,1766911.755,,,2019-05-24 15:22:00
220,20190515-0012,북부사업소,201905,375,"북구 연암공원로 70 (산격동,하나로마트) / 1163-4번지",지상-공도,,"연암공원로 70 (산격동,하나로마트) / 1163-4번지",2019-05-15 09:04,,2019-05-15 18:00,급수관,북구,520,24-3,공도,15.0,부분기대,부분기대,노후,,1시간,0 ,,입력,35.8966024,128.6001585,1099286.517,1767226.485,,,2019-05-15 09:04:00
221,20190507-0443,북부사업소,201905,357,북구 산격로9길 14-9 (산격동) / 1424-9번지,지상-공도,,산격로9길 14-9 (산격동) / 1424-9번지,2019-05-07 15:47,,2019-05-07 18:00,급수관,북구,520,47,공도,15.0,에폭시강관,이형관,노후,,1시간,0 ,,입력,35.8953651,128.6036803,1099607.441,1767091.66,,,2019-05-07 15:47:00
222,20190507-0098,북부사업소,201905,355,북구 산격로9길 14-3 (산격동) / 1424-5번지,지상-공도,,산격로9길 14-3 (산격동) / 1424-5번지,2019-05-07 09:59,,2019-05-07 18:00,급수관,북구,520,47,공도,15.0,기타,기타,기타,,1시간,0 ,,입력,35.8952046,128.6036947,1099606.821,1767075.357,,,2019-05-07 09:59:00
223,20190430-0229,북부사업소,201904,346,북구 연암공원로7길 2-11 (산격동) / 1139-4번지,시설물수선,,산격동 1139-4,2019-04-30 11:34,,2019-05-01 18:00,배수지관,북구,520,46-1,,,,,,,,,,미입력,35.894912,128.5983583,1099126.831,1767034.904,,,2019-04-30 11:34:00
224,20190415-0316,북부사업소,201904,304,"북구 연암공원로 57 (산격동,동신목욕탕) / 1154-13번지",지상-공도,,"연암공원로 57 (산격동,동신목욕탕) / 1154-13번지",2019-04-15 15:16,,2019-04-19 08:39,급수관,북구,520,46-1,공도,15.0,부분기대,부분기대,노후,,1시간,0 ,,입력,35.8958443,128.5989974,1099187.161,1767143.498,,,2019-04-15 15:16:00
225,20190415-0115,북부사업소,201904,300,"북구 연암공원로8길 7, C동 102호 (산격동,로얄하이츠) / 1126-17번지",지상-사유지,,"연암공원로8길 7, C동 102호 (산격동,로얄하이츠) / 1126-17번지",2019-04-15 10:18,,2019-04-15 18:00,급수관,북구,520,46-1,사유지,15.0,계량기보호통(실),접합부,노후,,,,,미입력,35.8939193,128.5991765,1099200.161,1766928.201,,,2019-04-15 10:18:00
226,20190329-0050,북부사업소,201904,265,북구 연암공원로 43 (산격동) / 1141-1번지,지상-공도,,연암공원로 43 (산격동) / 1141-1번지,2019-03-29 09:47,,2019-04-01 09:35,급수관,북구,520,46-1,공도,15.0,스텐레스관,직관,타공사손괴,구청(기타),2시간,2 ,,입력,35.8945889,128.5984789,1099137.998,1767001.073,,,2019-03-29 09:47:00
227,20190328-0010,북부사업소,201904,262,북구 산격로14길 20 (산격동) / 1406-1번지,지하-공도,용역,산격동 1406-1,2019-03-28 08:50,,2019-04-05 08:17,배수지관,북구,520,48,공도,100.0,닥타일관,이형관,노후,,87일,"22,968 ",,입력,35.8959168,128.6074355,1099945.226,1767158.37,,,2019-03-28 08:50:00
228,20190328-0009,북부사업소,201904,261,북구 대학로13길 59-4 (산격동) / 1242-19번지,지하-사유지,용역,산격동 1242-19,2019-03-28 08:49,,2019-04-05 08:18,급수관,북구,520,48,사유지,15.0,계량기보호통(실),계량기보호통,노후,,87일,376 ,,미입력,35.896943,128.6072976,1099931.849,1767271.481,,,2019-03-28 08:49:00
229,20190325-0007,북부사업소,201903,245,북구 산격로 30 (산격동) / 1413-8번지,지하-공도,용역,산격동 1413-8,2019-03-25 08:57,,2019-04-05 08:15,급수관,북구,520,49,공도,25.0,부분기대,부분기대,노후,,84일,"1,734 ",,입력,35.8931473,128.6053519,1099759.953,1766847.988,,,2019-03-25 08:57:00
230,20190325-0006,북부사업소,201903,244,북구 대학로9길 25-2 (산격동) / 1413-16번지,지하-공도,용역,산격동 1413-16,2019-03-25 08:56,,2019-03-28 09:34,급수관,북구,520,49,공도,15.0,부분기대,부분기대,노후,,84일,585 ,,입력,35.8931854,128.6057473,1099797.308,1766854.079,,,2019-03-25 08:56:00
231,20190325-0005,북부사업소,201903,243,북구 산격로10길 28 (산격동) / 1314-44번지,지하-공도,용역,산격동 1314-44,2019-03-25 08:55,,2019-03-28 09:33,배수지관,북구,520,49,공도,80.0,변류,본체,노후,,84일,0 ,,입력,35.8948474,128.608344,1100027.404,1767042.012,,,2019-03-25 08:55:00
232,20190325-0004,북부사업소,201903,242,북구 산격로10길 15 (산격동) / 1407-41번지,지하-공도,용역,산격동 1407-41,2019-03-25 08:55,,2019-03-28 09:33,배수지관,북구,520,48,공도,80.0,변류,본체,노후,,84일,0 ,,입력,35.8950599,128.6068585,1099894.337,1767059.528,,,2019-03-25 08:55:00
233,20190325-0003,북부사업소,201903,241,북구 연암공원로14길 22-1 (산격동) / 1195-5번지,지하-사유지,용역,산격동 1195-5,2019-03-25 08:54,,2019-03-28 09:32,급수관,북구,520,48,사유지,15.0,계량기보호통(실),계량기보호통,노후,,84일,363 ,,미입력,35.8964112,128.6024067,1099492.671,1767207.643,,,2019-03-25 08:54:00
234,20190322-0015,북부사업소,201903,235,북구 연암공원로17길 23-8 (산격동) / 1180-43번지,지하-공도,용역,산격동 1180-43,2019-03-22 09:00,,2019-03-27 08:41,급수관,북구,520,24-3,공도,15.0,스텐레스관,직관,노후,,81일,564 ,,입력,35.8977425,128.5987645,1099178.368,1767337.81,,,2019-03-22 09:00:00
235,20190322-0014,북부사업소,201903,234,북구 연암공원로 31-11 (산격동) / 878-35번지,지하-사유지,용역,산격동 878-35,2019-03-22 08:59,,2019-03-28 09:32,급수관,북구,520,46-1,사유지,15.0,계량기보호통(실),계량기보호통,노후,,87일,188 ,,미입력,35.8940995,128.597477,1099049.91,1766943.929,,,2019-03-22 08:59:00
236,20190322-0013,북부사업소,201903,233,북구 연암로12길 10-7 (산격동) / 1087번지,지하-사유지,용역,산격동 1087,2019-03-22 08:58,,2019-03-27 08:40,급수관,북구,520,46-1,사유지,15.0,계량기보호통(실),계량기보호통,노후,,87일,376 ,,미입력,35.8919287,128.5977446,1099071.414,1766708.294,,,2019-03-22 08:58:00
237,20190322-0011,북부사업소,201903,232,북구 대구체육관로9길 16-1 (산격동) / 1430-34번지,지하-공도,용역,산격동 1430-34,2019-03-22 08:57,,2019-03-27 08:40,급수관,북구,520,47,공도,15.0,부분기대,부분기대,노후,,81일,350 ,,입력,35.8933403,128.6041584,1099653.266,1766869.734,,,2019-03-22 08:57:00
238,20190312-0282,북부사업소,201903,209,"북구 대학로9길 24-3 (산격동,신동스마트룸) / 1411-13번지",지하-공도,용역,산격동 1411-13 신동스마트룸 ,2019-03-12 08:48,,2019-03-14 09:01,급수관,북구,520,49,공도,25.0,부분기대,부분기대,노후,,71일,750 ,,입력,35.8931406,128.6061747,1099829.736,1766848.145,,,2019-03-12 08:48:00
239,20190311-0015,북부사업소,201903,202,"북구 연암공원로7길 6-4, 2016.12.05.급수중지 연장 (산격동) / 1135번지",지하-사유지,용역,산격동 1135 2016.12.05.급수중지 연장,2019-03-11 09:04,,2019-03-13 09:19,급수관,북구,520,46-1,사유지,15.0,계량기보호통(실),계량기보호통,노후,,70일,302 ,,미입력,35.8946261,128.5980171,1099098.696,1767003.571,,,2019-03-11 09:04:00
240,20190306-0388,북부사업소,201903,183,"북구 대동로 58 (산격동,연희헤어) / 1279-6번지",지상-사유지,,"대동로 58 (산격동,연희헤어) / 1279-6번지",2019-03-06 14:26,,2019-03-08 11:38,급수관,북구,520,49,사유지,15.0,스텐레스관,이형관,노후,,,,,미입력,35.8219669,127.1420797,1100413.358,1767170.965,,,2019-03-06 14:26:00
241,20190304-0627,북부사업소,201903,174,북구 연암공원로13길 6-12 (산격동) / 1180-20번지,지상-사유지,,연암공원로13길 6-12 (산격동) / 1180-20번지,2019-03-04 16:39,,2019-03-08 11:36,급수관,북구,520,46-1,사유지,15.0,계량기보호통(실),연결부,노후,,,0 ,,미입력,35.8973396,128.5996707,1099241.397,1767309.732,,,2019-03-04 16:39:00
242,20190225-0568,북부사업소,201902,160,북구 연암공원로 11-1 (산격동) / 913번지,지상-공도,,연암공원로 11-1 (산격동) / 913번지,2019-02-25 15:51,,2019-02-25 17:00,급수관,북구,520,45,공도,15.0,부분기대,부분기대,노후,,1시간,0 ,,입력,35.892459,128.5962336,1098939.169,1766760.911,,,2019-02-25 15:51:00
243,20190215-0106,북부사업소,201902,142,"북구 연암공원로 32 (산격동,한려수도횟집) / 1102-4번지",지상-공도,,"연암공원로 32 (산격동,한려수도횟집) / 1102-4번지",2019-02-15 13:09,,2019-02-15 15:00,급수관,북구,520,46-1,공도,25.0,스텐레스관,직관,노후,,1시간,1 ,,입력,35.8936997,128.5981166,1099105.224,1766900.632,,,2019-02-15 13:09:00
244,20190211-0339,북부사업소,201902,128,"북구 연암공원로 18 (산격동,대경화장품) / 1065-5번지",지상-공도,,"연암공원로 18 (산격동,대경화장품) / 1065-5번지",2019-02-11 16:46,,2019-02-11 17:40,급수관,북구,520,46-1,공도,15.0,스텐레스관,이형관,노후,,1시간,0 ,,입력,35.8927783,128.5970696,1099012.865,1766799.278,,,2019-02-11 16:46:00
245,20190208-0123,북부사업소,201902,121,"북구 연암공원로 14-1 (산격동,삼성수퍼) / 1048-1번지",지상-공도,,"연암공원로 14-1 (산격동,삼성수퍼) / 1048-1번지",2019-02-08 11:08,,2019-02-08 13:00,급수관,북구,520,201,공도,15.0,스텐레스관,이형관,노후,,1시간,0 ,,입력,35.8925156,128.5967567,1098984.237,1766766.741,,,2019-02-08 11:08:00
246,20190129-0305,북부사업소,201901,102,북구 연암공원로10길 33-5 (산격동) / 1437-82번지,지상-사유지,,연암공원로10길 33-5 (산격동) / 1437-82번지,2019-01-29 15:20,,2019-01-29 17:00,급수관,북구,520,24-3,사유지,15.0,계량기보호통(실),계량기보호통,노후,,,,,미입력,35.8947001,128.6021672,1099470.954,1767016.371,,,2019-01-29 15:20:00
247,20190129-0018,북부사업소,201901,101,"북구 연암공원로 2 (산격동,신동아빌) / 977-1번지",지상-사유지,,"연암공원로 2 (산격동,신동아빌) / 977-1번지",2019-01-29 09:11,,2019-01-29 11:50,배수지관,북구,520,46-1,사유지,40.0,스텐레스관,이형관,부식,,,,,미입력,35.8917425,128.5959329,1098910.281,1766683.078,,,2019-01-29 09:11:00
248,20190124-0244,북부사업소,201901,82,북구 대구체육관로2길 19 (산격동) / 1404-12번지,지상-사유지,,대구체육관로2길 19 (산격동) / 1404-12번지,2019-01-24 14:09,,2019-01-24 16:00,급수관,북구,520,47,사유지,15.0,스텐레스관,직관,노후,,,,,미입력,35.8901372,128.6023267,1099490.034,1766510.875,,,2019-01-24 14:09:00
249,20190124-0177,북부사업소,201901,81,"북구 연암공원로 2 (산격동,신동아빌) / 977-1번지",지상-공도,,"연암공원로 2 (산격동,신동아빌) / 977-1번지",2019-01-24 12:57,,2019-01-24 14:00,급수관,북구,520,46-1,공도,15.0,스텐레스관,이형관,노후,,1시간,0 ,,입력,35.8917425,128.5959329,1098910.281,1766683.078,,,2019-01-24 12:57:00
250,20190117-0161,북부사업소,201901,64,"북구 연암공원로 74-3 (산격동,대성방수) / 1163-32번지",지상-사유지,,"연암공원로 74-3 (산격동,대성방수) / 1163-32번지",2019-01-17 14:16,,2019-01-17 16:00,급수관,북구,520,24-3,사유지,15.0,계량기보호통(실),앵글밸브,부식,,,,,미입력,35.8969594,128.6005758,1099325.405,1767265.472,,,2019-01-17 14:16:00
251,20190110-0326,북부사업소,201902,42,북구 산격로17길 9-1 (산격동) / 1222-44번지,지하-공도,자체-주간,산격동 1222-44,2019-01-10 16:14,,2019-01-10 17:00,급수관,북구,520,24-3,공도,15.0,PFP관,이형관,노후,,10일,36 ,,입력,35.8982707,128.6052163,1099742.348,1767415.679,,,2019-01-10 16:14:00
252,20190110-0094,북부사업소,201901,39,북구 연암공원로8길 7-1 (산격동) / 1106-1번지,지상-공도,,연암공원로8길 7-1 (산격동) / 1106-1번지,2019-01-10 11:05,,2019-01-10 13:00,급수관,북구,520,46-1,공도,15.0,부분기대,부분기대,타공사손괴,구청(기타),1시간,1 ,,입력,35.8937372,128.5991425,1099197.659,1766908.294,,,2019-01-10 11:05:00
253,20181231-0329,북부사업소,201812,1416,북구 대학로9길 68-2 (산격동) / 1245-1번지,지상-사유지,,대학로9길 68-2 (산격동) / 1245-1번지,2018-12-31 13:44,,2018-12-31 15:00,급수관,북구,520,48,사유지,15.0,계량기보호통(실),연결부,기타,,,0 ,,미입력,35.8968068,128.6061739,1099829.464,1767252.461,,,2018-12-31 13:44:00
254,20181221-0346,북부사업소,201812,1388,북구 대학로25길 17-6 (산격동) / 1307-59번지,지상-사유지,,대학로25길 17-6 (산격동) / 1307-59번지,2018-12-21 16:47,,2018-12-21 17:10,급수관,북구,520,49,사유지,15.0,계량기보호통(실),계량기보호통,부식,,,,,미입력,35.8952774,128.6101531,1100190.723,1767089.238,,,2018-12-21 16:47:00
255,20181220-0357,북부사업소,201812,1380,"북구 산격로8길 3, 원룸 (산격동,힐하우스) / 1410-6번지",지하-공도,자체-주간,산격동 1410-6 힐하우스(원룸),2018-12-20 15:29,,2018-12-20 16:30,급수관,북구,520,49,공도,15.0,부분기대,부분기대,부식,,353일,"1,525 ",,입력,35.8937395,128.6055498,1099777.789,1766917.468,,,2018-12-20 15:29:00
256,20181220-0018,북부사업소,201812,1377,북구 연암로12길 6-19 (산격동) / 1034-2번지,지상-공도,,연암로12길 6-19 (산격동) / 1034-2번지,2018-12-20 09:13,,2018-12-20 11:50,급수관,북구,520,46-1,공도,15.0,부분기대,부분기대,부식,,1시간,0 ,,미입력,35.8916538,128.5978121,1099084.695,1766671.868,,,2018-12-20 09:13:00
257,20181211-0132,북부사업소,201812,1347,북구 연암공원로 22-51 (산격동) / 1096-2번지,지하-사유지,자체-주간,산격동 1096-2,2018-12-11 11:37,,2018-12-11 13:00,급수관,북구,520,46-1,사유지,15.0,에폭시강관,이형관,부식,,344일,"1,238 ",,입력,35.8924013,128.5980199,1099099.546,1766759.228,,,2018-12-11 11:37:00
258,20181211-0060,북부사업소,201812,1344,북구 연암공원로8길 7-1 (산격동) / 1106-1번지,기타,,산격동 1106-1,2018-12-11 10:04,,2018-12-11 13:00,급수관,북구,520,46-1,,,,,,,,,,미입력,35.8937698,128.5991186,1099197.659,1766908.294,,,2018-12-11 10:04:00
259,20181210-0029,북부사업소,201812,1339,북구 연암공원로10길 31 (산격동) / 1438-7번지,지상-사유지,,연암공원로10길 31 (산격동) / 1438-7번지,2018-12-10 09:20,,2018-12-10 11:50,급수관,북구,520,46-1,사유지,15.0,계량기보호통(실),연결부,부식,,,,,미입력,35.8944897,128.6018621,1099442.686,1766991.336,,,2018-12-10 09:20:00
260,20181210-0007,북부사업소,201812,1338,북구 연암공원로8길 7-1 (산격동) / 1106-1번지,지상-공도,,연암공원로8길 7-1 (산격동) / 1106-1번지,2018-12-10 08:43,,2018-12-10 11:00,급수관,북구,520,46-1,공도,15.0,부분기대,부분기대,타공사손괴,구청(도로개설),1시간,1 ,,미입력,35.8937372,128.5991425,1099197.659,1766908.294,,,2018-12-10 08:43:00
261,20181204-0192,북부사업소,201812,1324,북구 대구체육관로2길 21-4 (산격동) / 1442-10번지,지상-사유지,,대구체육관로2길 21-4 (산격동) / 1442-10번지,2018-12-04 13:09,,2018-12-06 10:27,급수관,북구,520,47,사유지,15.0,계량기보호통(실),앵글밸브,부식,,,,,미입력,35.8897958,128.6022121,1099480.034,1766473.033,,,2018-12-04 13:09:00
262,20181127-0045,북부사업소,201812,1302,"북구 연암공원로 36 (산격동,키메라 pc(당구장)) / 1128-1번지",지상-사유지,,"연암공원로 36 (산격동,키메라 pc(당구장)) / 1128-1번지",2018-11-27 09:39,,2018-11-27 11:50,급수관,북구,520,46-1,사유지,15.0,PFP관,이형관,부식,,,,,미입력,35.8938976,128.5983609,1099130.89,1766925.958,,,2018-11-27 09:39:00
263,20181102-0039,북부사업소,201812,1230,"북구 연암공원로 65 (산격동,화성석유) / 1165-2번지",지상-공도,,"연암공원로 65 (산격동,화성석유) / 1165-2번지",2018-11-02 09:24,,2018-11-02 11:50,급수관,북구,520,46-1,공도,15.0,스텐레스관,직관,부식,,1시간,0 ,,입력,35.8964077,128.5995189,1099246.861,1767180.29,,,2018-11-02 09:24:00
264,20181101-0155,북부사업소,201812,1225,북구 산격로서9길 16-3 (산격동) / 1435-22번지,지상-사유지,,산격로서9길 16-3 (산격동) / 1435-22번지,2018-11-01 11:25,,2018-11-01 13:20,급수관,북구,520,46-1,사유지,25.0,에폭시강관,이형관,부식,,,,,입력,35.8952167,128.6008799,1099353.987,1767072.76,,,2018-11-01 11:25:00
265,20181028-0012,북부사업소,201810,1205,"북구 대학로15길 22-1 (산격동,대동하우스) / 1314-50번지",지상-사유지,,"대학로15길 22-1 (산격동,대동하우스) / 1314-50번지",2018-10-28 15:02,,2018-10-28 17:00,급수관,북구,520,49,사유지,15.0,계량기보호통(실),접합부,부식,,,,,미입력,35.893978,128.6084855,1100040.095,1766945.699,,,2018-10-28 15:02:00
266,20181023-0170,북부사업소,201810,1188,북구 연암공원로14길 52 (산격동) / 1424번지,지상-공도,,연암공원로14길 52 (산격동) / 1424번지,2018-10-23 11:13,,2018-10-23 14:00,급수관,북구,520,47,공도,25.0,스텐레스관,이형관,타공사손괴,건축,1시간,0 ,,미입력,35.8954636,128.6044445,1099675.66,1767103.801,,,2018-10-23 11:13:00
267,20181023-0003,북부사업소,201810,1186,북구 대동로8길 25 (산격동) / 1249-36번지,지상-사유지,,대동로8길 25 (산격동) / 1249-36번지,2018-10-23 08:17,,2018-10-23 09:17,급수관,북구,520,48,사유지,15.0,계량기보호통(실),계량기보호통,부식,,,,,미입력,35.8965219,128.6082196,1100014.67,1767224.009,,,2018-10-23 08:17:00
268,20181015-0052,북부사업소,201810,1157,북구 연암공원로17길 23-13 (산격동) / 1180-154번지,지하-사유지,자체-주간,산격동 1180-154,2018-10-15 09:40,,2018-10-15 11:50,급수관,북구,520,24-3,사유지,15.0,스텐레스관,직관,부식,,283일,"1,698 ",,미입력,35.897494,128.5989636,1099177.839,1767323.804,,,2018-10-15 09:40:00
269,20181012-0174,북부사업소,201810,1151,북구 산격로북9길 2-1 (산격동) / 1424-2번지,지하-공도,자체-주간,산격동 1424-2,2018-10-12 13:15,,2018-10-12 16:10,급수관,북구,520,47,공도,15.0,스텐레스관,직관,부식,,285일,"4,378 ",,미입력,35.8953882,128.6029958,1099548.331,1767096.151,,,2018-10-12 13:15:00
270,20181009-0018,북부사업소,201810,1136,북구 연암로12길 6-30 (산격동) / 1007번지,지상-공도,,연암로12길 6-30 (산격동) / 1007번지,2018-10-09 11:00,,2018-10-09 13:00,배수지관,북구,520,46-1,공도,25.0,부분기대,부분기대,부식,,1시간,2 ,,미입력,35.8919995,128.597909,1099124.116,1766666.177,,,2018-10-09 11:00:00
271,20181008-0006,북부사업소,201810,1130,북구 연암로2길 29-1 (산격동) / 1498-173번지,지상-사유지,,연암로2길 29-1 (산격동) / 1498-173번지,2018-10-08 07:57,,2018-10-10 09:37,급수관,북구,520,47,사유지,15.0,스텐레스관,직관,부식,,,0 ,,미입력,35.8896432,128.6029231,1099545.305,1766456.575,,,2018-10-08 07:57:00
272,20180929-0011,북부사업소,201809,1107,북구 산격로 20 (산격동) / 1418-10번지,지상-공도,,산격로 20 (산격동) / 1418-10번지,2018-09-29 09:20,,2018-09-29 10:40,급수관,북구,520,49,공도,20.0,부분기대,부분기대,부식,,1시간,1 ,,입력,35.8923365,128.6053714,1099763.611,1766757.63,,,2018-09-29 09:20:00
273,20180928-0095,북부사업소,201809,1101,북구 연암공원로8길 19-3 (산격동) / 1103-5번지,지하-사유지,자체-주간,산격동 1103-5,2018-09-28 09:47,,2018-09-28 11:50,급수관,북구,520,46-1,사유지,15.0,계량기보호통(실),계량기보호통,부식,,271일,260 ,,미입력,35.8932436,128.5984591,1099136.675,1766849.801,,,2018-09-28 09:47:00
274,20180912-0001,북부사업소,201809,1060,북구 연암공원로 68 (산격동) / 1163-38번지,지상-사유지,,연암공원로 68 (산격동) / 1163-38번지,2018-09-12 07:43,,2018-09-12 10:40,급수관,북구,520,46-1,사유지,15.0,계량기보호통(실),연결부,부식,,,,,미입력,35.8964393,128.5999479,1099268.217,1767206.799,,,2018-09-12 07:43:00
275,20180910-0561,북부사업소,201809,1055,북구 연암공원로10길 19-2 (산격동) / 1435-42번지,지하-공도,용역,산격동 1435-42,2018-09-10 08:50,,2018-09-10 11:50,배수지관,북구,520,1,공도,15.0,닥타일관,이형관,볼트이완,,253일,61 ,,입력,35.8944666,128.6007764,1099343.724,1766987.824,,,2018-09-10 08:50:00
276,20180910-0278,북부사업소,201809,1053,북구 연암로12길 7-1 (산격동) / 1038-1번지,지상-사유지,,연암로12길 7-1 (산격동) / 1038-1번지,2018-09-10 12:57,,2018-09-10 14:50,급수관,북구,520,46-1,사유지,15.0,계량기보호통(실),앵글밸브,볼트이완,,,,,미입력,35.8918381,128.5971107,1099012.807,1766692.693,,,2018-09-10 12:57:00
277,20180903-0634,북부사업소,201809,1024,북구 산격동 1442-54,지하-공도,용역,산격동 1442-54,2018-09-03 17:34,,2018-09-04 11:00,급수관,북구,520,47,공도,15.0,부분기대,부분기대,부식,,246일,"1,476 ",,미입력,35.8909882,128.6021372,1099493.29,1766577.482,,,2018-09-03 17:34:00
278,20180903-0328,북부사업소,201809,1022,북구 연암공원로12길 3-1 (산격동) / 1159-3번지,지상-사유지,,연암공원로12길 3-1 (산격동) / 1159-3번지,2018-09-03 13:15,,2018-09-03 15:10,급수관,북구,520,46-1,사유지,15.0,계량기보호통(실),연결부,부식,,,,,미입력,35.8959292,128.5997721,1099251.104,1767151.417,,,2018-09-03 13:15:00
279,20180830-0143,북부사업소,201808,1012,북구 산격동 1445-9 관사 ,지상-공도,,산격동 1445-9 관사 ,2018-08-30 10:45,,2018-08-30 13:40,급수관,북구,520,58,공도,25.0,스텐레스관,직관,부식,,1시간,3 ,,미입력,35.8939779,128.6008284,1099379.284,1766662.181,,,2018-08-30 10:45:00
280,20180830-0019,북부사업소,201808,1009,북구 산격로14길 28-1 (산격동) / 1311-57번지,지상-사유지,,산격로14길 28-1 (산격동) / 1311-57번지,2018-08-30 09:05,,2018-08-30 11:50,급수관,북구,520,48,사유지,15.0,계량기보호통(실),계량기보호통,부식,,,,,미입력,35.8958464,128.6083828,1100030.125,1767153.808,,,2018-08-30 09:05:00
281,20180822-0437,북부사업소,201808,985,"북구 연암공원로11길 3-24 (산격동,금고본인) / 1167-3번지",기타,,산격동 1167-3 금고본인,2018-08-22 16:02,,2018-08-22 18:00,배수지관,북구,520,46-1,,,,,,,,,,미입력,35.8963673,128.5987611,1099162.563,1767202.959,,,2018-08-22 16:02:00
282,20180821-0199,북부사업소,201808,983,북구 산격로서9길 8-39 (산격동) / 1437-35번지,지상-사유지,,산격로서9길 8-39 (산격동) / 1437-35번지,2018-08-21 11:31,,2018-08-21 14:30,급수관,북구,520,59,사유지,15.0,계량기보호통(실),연결부,부식,,,,,미입력,35.8955381,128.6017356,1099429.389,1767109.141,,,2018-08-21 11:31:00
283,20180820-0276,북부사업소,201808,980,북구 연암로12길 6-30 (산격동) / 1007번지,지상-공도,,연암로12길 6-30 (산격동) / 1007번지,2018-08-20 11:33,,2018-08-20 17:11,배수지관,북구,520,46-1,공도,25.0,스텐레스관,직관,부식,,1시간,4 ,,입력,35.8919995,128.597909,1099124.116,1766666.177,,,2018-08-20 11:33:00
284,20180717-0446,북부사업소,201807,883,북구 대동로4길 18-4 (산격동) / 1250-20번지,기타,,산격동 1250-20,2018-07-17 08:46,,2018-07-17 11:50,급수관,북구,520,48,,,,,,,,,,미입력,35.8968971,128.6089178,1100077.342,1767266.719,,,2018-07-17 08:46:00
285,20180714-0023,북부사업소,201807,872,북구 대학로23길 25-2 (산격동) / 1331-10번지,지하-공도,용역,산격동 1331-10,2018-07-14 11:41,,2018-07-14 13:40,배수지관,북구,520,49,공도,25.0,부분기대,부분기대,부식,,195일,"1,123 ",,입력,35.8935752,128.6095498,1100138.913,1766899.219,,,2018-07-14 11:41:00
286,20180711-0181,북부사업소,201807,862,"북구 산격로13길 35-11 (산격동,로타리수퍼) / 1186-22번지",지상-사유지,,"산격로13길 35-11 (산격동,로타리수퍼) / 1186-22번지",2018-07-11 14:03,,2018-07-11 16:00,급수관,북구,520,24-3,사유지,15.0,계량기보호통(실),계량기보호통,부식,,,,,미입력,35.8971662,128.6015565,1099411.96,1767290.01,,,2018-07-11 14:03:00
287,20180708-0009,북부사업소,201807,853,북구 연암로4길 22-6 (산격동) / 1498-69번지,지상-사유지,,연암로4길 22-6 (산격동) / 1498-69번지,2018-07-08 11:30,,2018-07-08 14:30,급수관,북구,520,47,사유지,15.0,스텐레스관,직관,부식,,,,,미입력,35.8895649,128.6026112,1099517.785,1766441.832,,,2018-07-08 11:30:00
288,20180704-0649,북부사업소,201807,839,북구 연암공원로7길 6-2 (산격동) / 1135-28번지,미누수,,산격동 1135-28,2018-07-04 17:49,,2018-07-04 19:00,,북구,520,46-1,,,,,,,,,,미입력,35.8945176,128.5979996,1099093.552,1766993.851,,,2018-07-04 17:49:00
289,20180625-0253,북부사업소,201806,804,북구 연암공원로14길 19-7 (산격동) / 1186-49번지,지상-공도,,연암공원로14길 19-7 (산격동) / 1186-49번지,2018-06-25 11:41,,2018-06-25 13:40,급수관,북구,520,24-3,공도,20.0,부분기대,부분기대,부식,,1시간,1 ,,미입력,35.8967368,128.6021465,1099466.297,1767242.799,,,2018-06-25 11:41:00
290,20180615-0020,북부사업소,201806,769,북구 대학로9길 85 (산격동) / 1234-22번지,지하-미누수,용역,산격동 1234-22,2018-06-15 09:11,,2018-06-15 11:50,,북구,520,48,,,,,,,,,,미입력,35.8980463,128.6073842,1099941.996,1767398.005,,,2018-06-15 09:11:00
291,20180612-0330,북부사업소,201806,761,북구 산격로북9길 9-16 (산격동) / 1195-6번지,지하-사유지,자체-주간,산격동 1195-6,2018-06-12 17:00,,2018-06-12 19:00,급수관,북구,520,24-3,사유지,15.0,PFP관,이형관,부식,,163일,196 ,,미입력,35.8962571,128.6021145,1099461.952,1767191.888,,,2018-06-12 17:00:00
292,20180607-0420,북부사업소,201806,747,"북구 대동로 38 (산격동,화장품백화점) / 1266-11번지",지상-공도,,"대동로 38 (산격동,화장품백화점) / 1266-11번지",2018-06-07 16:03,,2018-06-07 18:00,급수관,북구,520,49,공도,15.0,부분기대,부분기대,부식,,1시간,0 ,,입력,36.3320224,127.4488835,1100235.752,1767258.734,,,2018-06-07 16:03:00
293,20180531-0633,북부사업소,201805,726,북구 대학로25길 40 (산격동) / 1311-46번지,지하-공도,용역,산격동 1311-46,2018-05-31 09:13,,2018-06-05 10:00,배수지관,북구,520,48,공도,15.0,부분기대,부분기대,부식,,151일,435 ,,입력,35.8955785,128.6080436,1099999.803,1767121.46,,,2018-05-31 09:13:00
294,20180531-0632,북부사업소,201805,725,북구 산격로14길 31-1 (산격동) / 1310-16번지,지하-공도,용역,산격동 1310-16,2018-05-31 09:12,,2018-06-05 10:01,급수관,북구,520,48,공도,20.0,부분기대,부분기대,부식,,150일,612 ,,입력,35.8961794,128.6087292,1100059.833,1767190.953,,,2018-05-31 09:12:00
295,20180531-0631,북부사업소,201805,724,북구 산격로 74-9 (산격동) / 1231-9번지,지하-공도,용역,산격동 1231-9,2018-05-31 09:11,,2018-06-05 10:02,급수관,북구,520,48,공도,25.0,스텐레스관,직관,부식,,150일,324 ,,미입력,35.897132,128.6059369,1099810.585,1767289.654,,,2018-05-31 09:11:00
296,20180531-0239,북부사업소,201805,718,북구 산격로11길 41-1 (산격동) / 1161-65번지,지상-공도,,산격로11길 41-1 (산격동) / 1161-65번지,2018-05-31 11:34,,2018-05-31 13:30,급수관,북구,520,46-1,공도,15.0,부분기대,부분기대,부식,,1시간,0 ,,입력,35.8957652,128.6007278,1099339.491,1767131.979,,,2018-05-31 11:34:00
297,20180522-0021,북부사업소,201805,679,북구 대구체육관로2길 13 (산격동) / 1442-16번지,지상-공도,,대구체육관로2길 13 (산격동) / 1442-16번지,2018-05-22 14:50,,2018-05-22 16:50,급수관,북구,520,47,공도,15.0,PFP관,이형관,노후,,1시간,0 ,,미입력,35.8900323,128.6015069,1099438.689,1766502.02,,,2018-05-22 14:50:00
298,20180517-0468,북부사업소,201805,672,북구 대학로 59-22 (산격동) / 1416-10번지,지하-공도,용역,산격동 1416-10,2018-05-17 09:15,,2018-05-17 11:50,급수관,북구,520,49,공도,15.0,스텐레스관,이형관,노후,,168일,121 ,,미입력,35.891736,128.6067072,1099883.501,1766696.454,,,2018-05-17 09:15:00
299,20180516-0002,북부사업소,201805,669,북구 연암공원로13길 12-3 (산격동) / 1180-131번지,지하-공도,자체-주간,산격동 1180-131,2018-05-16 08:30,,2018-05-16 11:30,급수관,북구,520,46-1,공도,15.0,에폭시강관,이형관,부식,,135일,486 ,,입력,35.8969202,128.5987609,1099160.166,1767260.429,,,2018-05-16 08:30:00
300,20180515-0303,북부사업소,201805,668,북구 연암공원로14길 13-10 (산격동) / 1186-114번지,지하-공도,용역,산격동 1186-114,2018-05-15 09:30,,2018-05-15 12:00,급수관,북구,520,24-3,공도,15.0,PFP관,이형관,부식,,166일,120 ,,입력,35.8970001,128.6016457,1099414.369,1767268.427,,,2018-05-15 09:30:00
301,20180515-0137,북부사업소,201805,666,북구 대학로 59-24 (산격동) / 1416-11번지,지하-공도,용역,산격동 1416-11,2018-05-15 13:14,,2018-05-15 15:10,급수관,북구,520,49,공도,15.0,스텐레스관,이형관,부식,,166일,80 ,,미입력,35.8917384,128.6065541,1099870.022,1766693.483,,,2018-05-15 13:14:00
302,20180515-0136,북부사업소,201805,665,북구 대동로8길 2 (산격동) / 1266-10번지,지하-공도,용역,산격동 1266-10,2018-05-15 13:13,,2018-05-15 15:10,급수관,북구,520,49,공도,15.0,스텐레스관,직관,부식,,135일,810 ,,미입력,35.8966971,128.6105958,1100228.904,1767247.308,,,2018-05-15 13:13:00
303,20180514-0452,북부사업소,201805,661,북구 대동로6길 32 (산격동) / 1313-31번지,지하-공도,용역,산격동 1313-31,2018-05-14 13:11,,2018-05-14 15:10,급수관,북구,520,49,공도,15.0,스텐레스관,이형관,부식,,165일,198 ,,미입력,35.894499,128.6093913,1100122.782,1767002.614,,,2018-05-14 13:11:00
304,20180514-0434,북부사업소,201805,660,북구 산격로14길 20 (산격동) / 1406-1번지,지상-사유지,,산격로14길 20 (산격동) / 1406-1번지,2018-05-14 17:47,,2018-05-15 09:00,급수관,북구,520,48,사유지,15.0,계량기보호통(실),접합부,부식,,,,,미입력,35.8959277,128.6074306,1099945.226,1767158.37,,,2018-05-14 17:47:00
305,20180512-0025,북부사업소,201805,658,북구 대동로10길 17-4 (산격동) / 1304-18번지,지하-공도,용역,산격동 1304-18,2018-05-12 13:09,,2018-05-12 15:00,급수관,북구,520,49,공도,15.0,스텐레스관,이형관,부식,,163일,196 ,,미입력,35.8951658,128.6115137,1100313.246,1767079.87,,,2018-05-12 13:09:00
306,20180511-0124,북부사업소,201805,655,북구 연암로12길 6-16 (산격동) / 1014번지,지상-공도,,연암로12길 6-16 (산격동) / 1014번지,2018-05-11 11:36,,2018-05-11 13:30,배수본관,북구,520,46-1,공도,80.0,PFP관,이형관,타공사손괴,구청(도로개설),1시간,10 ,,미입력,35.8914103,128.5980455,1099103.486,1766654.474,,,2018-05-11 11:36:00
307,20180510-0046,북부사업소,201805,649,북구 대동로10길 17-2 (산격동) / 1304-2번지,지하-미누수,용역,대동로10길 17-2 (산격동) / 1304-2번지,2018-05-10 09:43,,2018-05-10 12:00,,북구,520,49,,,,,,,,,,미입력,35.8950417,128.611353,1100299.527,1767065.403,,,2018-05-10 09:43:00
308,20180510-0040,북부사업소,201805,648,"북구 대학로25길 21-2 (산격동,비너스) / 1307-46번지",지하-공도,용역,산격동 1307-46 비너스 ,2018-05-10 09:39,,2018-05-10 11:50,급수관,북구,520,40,공도,15.0,스텐레스관,이형관,부식,,129일,155 ,,미입력,35.8954119,128.6098672,1100164.853,1767104.408,,,2018-05-10 09:39:00
309,20180508-0293,북부사업소,201805,638,북구 연암공원로13길 2-6 (산격동) / 1182-4번지,지상-공도,,연암공원로13길 2-6 (산격동) / 1182-4번지,2018-05-08 12:51,,2018-05-08 14:50,급수관,북구,520,46-1,공도,15.0,부분기대,부분기대,부식,,1시간,0 ,,입력,35.8968842,128.5999283,1099265.871,1767255.672,,,2018-05-08 12:51:00
310,20180508-0153,북부사업소,201805,636,북구 산격로11길 45-8 (산격동) / 1161-7번지,지상-사유지,,산격로11길 45-8 (산격동) / 1161-7번지,2018-05-08 10:32,,2018-05-08 13:30,급수관,북구,520,46-1,사유지,15.0,계량기보호통(실),앵글밸브,부식,,,,,미입력,35.895457,128.600316,1099302.452,1767101.088,,,2018-05-08 10:32:00
311,20180505-0003,북부사업소,201805,634,북구 연암공원로13길 12-12 (산격동) / 1180-153번지,지상-공도,,연암공원로13길 12-12 (산격동) / 1180-153번지,2018-05-05 08:45,,2018-05-05 11:40,급수관,북구,520,46-1,공도,15.0,스텐레스관,이형관,부식,,1시간,0 ,,미입력,35.8973372,128.5989698,1099178.221,1767307.512,,,2018-05-05 08:45:00
312,20180504-0005,북부사업소,201805,632,북구 산격로11길 35-10 (산격동) / 1434-55번지,지상-사유지,,산격로11길 35-10 (산격동) / 1434-55번지,2018-05-04 08:50,,2018-05-04 11:50,급수관,북구,520,46-1,사유지,15.0,스텐레스관,이형관,부식,,,,,미입력,35.8955524,128.6011078,1099373.502,1767107.957,,,2018-05-04 08:50:00
313,20180503-0733,북부사업소,201805,631,북구 산격로8길 8 (산격동) / 1411-24번지,지하-공도,용역,산격동 1411-24,2018-05-03 11:00,,2018-05-03 14:00,급수관,북구,520,49,공도,15.0,스텐레스관,이형관,부식,,122일,146 ,,미입력,35.8935497,128.6061279,1099829.196,1766894.232,,,2018-05-03 11:00:00
314,20180503-0025,북부사업소,201805,624,북구 산격로북9길 6-8 (산격동) / 1424-49번지,지상-공도,,산격로북9길 6-8 (산격동) / 1424-49번지,2018-05-03 09:21,,2018-05-03 11:50,급수관,북구,520,47,공도,15.0,부분기대,부분기대,부식,,1시간,0 ,,미입력,35.8954407,128.6032973,1099572.406,1767099.972,,,2018-05-03 09:21:00
315,20180501-0643,북부사업소,201805,618,북구 산격로10길 30-1 (산격동) / 1314-20번지,지하-공도,용역,산격동 1314-20,2018-05-01 11:33,,2018-05-01 13:30,급수관,북구,520,49,공도,25.0,부분기대,부분기대,부식,,120일,778 ,,입력,35.894758,128.6085124,1100042.368,1767027.793,,,2018-05-01 11:33:00
316,20180501-0642,북부사업소,201805,617,북구 대동로4길 19 (산격동) / 1253-32번지,지하-공도,용역,산격동 1253-32,2018-05-01 11:32,,2018-05-01 13:30,급수관,북구,520,48,공도,25.0,부분기대,부분기대,부식,,120일,691 ,,입력,35.8970928,128.6092451,1100104.25,1767283.354,,,2018-05-01 11:32:00
317,20180501-0641,북부사업소,201805,616,북구 대동로4길 18-4 (산격동) / 1250-20번지,지하-공도,용역,산격동 1250-20,2018-05-01 11:28,,2018-05-01 13:20,급수관,북구,520,48,공도,15.0,PFP관,이형관,부식,,120일,432 ,,입력,35.8968971,128.6089178,1100077.342,1767266.719,,,2018-05-01 11:28:00
318,20180501-0640,북부사업소,201810,615,북구 대학로25길 29-6 (산격동) / 1312-9번지,지하-사유지,용역,산격동 1312-9,2018-05-01 11:24,,2018-05-01 13:20,급수관,북구,520,48,사유지,15.0,스텐레스관,이형관,부식,,120일,317 ,,미입력,35.8952836,128.6090348,1100085.055,1767088.204,,,2018-05-01 11:24:00
319,20180428-0020,북부사업소,201804,607,북구 산격로10길 15-1 (산격동) / 1407-39번지,지상-사유지,,산격로10길 15-1 (산격동) / 1407-39번지,2018-04-28 11:06,,2018-04-28 13:30,배수지관,북구,520,48,사유지,25.0,스텐레스관,직관,부식,,,,,미입력,35.8952273,128.6068615,1099893.844,1767079.125,,,2018-04-28 11:06:00
320,20180424-0204,북부사업소,201804,596,"북구 산격로1길 8 (산격동,매일유업) / 1433-41번지",지상-사유지,,"산격로1길 8 (산격동,매일유업) / 1433-41번지",2018-04-24 13:18,,2018-04-24 15:00,급수관,북구,520,47,사유지,20.0,스텐레스관,직관,타공사손괴,건축,,,,미입력,35.8911814,128.6047287,1099706.371,1766632.46,,,2018-04-24 13:18:00
321,20180420-0175,북부사업소,201804,592,"북구 연암공원로 10, 102동 (산격동,삼성명가빌102동) / 1043번지",지하-공도,용역,산격동 1043 삼성명가빌102동 102동,2018-04-20 11:21,,2018-04-20 13:20,급수관,북구,520,46-1,공도,15.0,부분기대,부분기대,부식,,110일,475 ,,입력,35.8921997,128.5965135,1098956.394,1766735.8,,,2018-04-20 11:21:00
322,20180420-0169,북부사업소,201804,591,북구 산격로서9길 23-2 (산격동) / 1117-17번지,지하-미누수,용역,산격동 1117-17,2018-04-20 11:19,,2018-04-20 13:20,,북구,520,46-1,,,,,,,,,,미입력,35.8949938,128.6000525,1099279.734,1767047.285,,,2018-04-20 11:19:00
323,20180418-0122,북부사업소,201804,586,북구 연암공원로13길 2-19 (산격동) / 1180-22번지,지상-사유지,,연암공원로13길 2-19 (산격동) / 1180-22번지,2018-04-18 10:53,,2018-04-18 13:00,급수관,북구,520,46-1,사유지,15.0,스텐레스관,직관,부식,,,,,미입력,35.8975971,128.5998212,1099255.941,1767340.702,,,2018-04-18 10:53:00
324,20180417-0094,북부사업소,201804,578,북구 산격로서9길 16-12 (산격동) / 1434-10번지,지하-공도,용역,산격동 1434-10,2018-04-17 10:30,,2018-04-17 13:30,급수관,북구,520,46-1,공도,15.0,PFP관,이형관,부식,,107일,128 ,,입력,35.8955827,128.6009649,1099362.166,1767115.095,,,2018-04-17 10:30:00
325,20180417-0070,북부사업소,201804,577,북구 연암공원로13길 2-23 (산격동) / 1180-127번지,지상-사유지,,연암공원로13길 2-23 (산격동) / 1180-127번지,2018-04-17 09:59,,2018-04-17 11:30,급수관,북구,520,46-1,사유지,15.0,스텐레스관,직관,부식,,,,,미입력,35.8977587,128.5998382,1099256.046,1767358.696,,,2018-04-17 09:59:00
326,20180412-0090,북부사업소,201804,562,"북구 대학로17길 20-2 (산격동,빨래방) / 1313-20번지",지상-사유지,,"대학로17길 20-2 (산격동,빨래방) / 1313-20번지",2018-04-12 11:02,,2018-04-12 13:30,급수관,북구,520,49,사유지,15.0,스텐레스관,이형관,타공사손괴,건축,,,,미입력,35.8941094,128.6089934,1100086.716,1766958.542,,,2018-04-12 11:02:00
327,20180411-0021,북부사업소,201804,553,북구 연암공원로7길 6-24 (산격동) / 1136-1번지,지하-공도,용역,산격동 1136-1,2018-04-11 09:11,,2018-04-11 11:50,급수관,북구,520,46-1,공도,15.0,에폭시강관,이형관,노후,,101일,630 ,,입력,35.8951113,128.5981282,1099104.514,1767058.593,,,2018-04-11 09:11:00
328,20180409-0188,북부사업소,201804,543,북구 연암공원로 30-5 (산격동) / 1102-16번지,지하-공도,용역,산격동 1102-16,2018-04-09 11:23,,2018-04-09 13:20,급수관,북구,520,46-1,공도,15.0,스텐레스관,직관,부식,,99일,879 ,,미입력,35.8934978,128.5981341,1099107.041,1766877.845,,,2018-04-09 11:23:00
329,20180406-0103,북부사업소,201804,537,북구 연암로 66-10 (산격동) / 993-15번지,배수관망유지수선,,산격동 993-15,2018-04-06 10:54,,2018-04-06 13:50,배수지관,북구,520,46-1,,,,,,,,,,미입력,35.8913298,128.5968238,1098986.7,1766635.779,,,2018-04-06 10:54:00
330,20180403-0538,북부사업소,201804,531,북구 연암로 66-6 (산격동) / 993-16번지,지하-공도,용역,산격동 993-16,2018-04-03 15:40,,2018-04-03 18:00,급수관,북구,520,46-1,공도,15.0,에폭시강관,이형관,부식,,93일,870 ,,미입력,35.8913639,128.5966834,1098975.185,1766639.522,,,2018-04-03 15:40:00
331,20180402-0068,북부사업소,201804,517,북구 연암로12길 7 (산격동) / 1038-2번지,지하-공도,용역,산격동 1038-2,2018-04-02 09:15,,2018-04-02 11:50,급수관,북구,520,46-1,공도,15.0,부분기대,부분기대,부식,,92일,177 ,,입력,35.8917158,128.5970603,1099014.168,1766680.805,,,2018-04-02 09:15:00
332,20180327-0020,북부사업소,201803,492,북구 산격로서9길 17 (산격동) / 1435-20번지,지상-사유지,,산격로서9길 17 (산격동) / 1435-20번지,2018-03-27 09:10,,2018-03-27 11:00,급수관,북구,520,46-1,사유지,15.0,계량기보호통(실),앵글밸브,부식,,,,,미입력,35.8949693,128.6009156,1099357.424,1767045.686,,,2018-03-27 09:10:00
333,20180323-0017,북부사업소,201803,480,북구 연암공원로 82-8 (산격동) / 1186-65번지,기타,,연암공원로 82-8 (산격동) / 1186-65번지,2018-03-23 08:57,,2018-03-23 11:50,급수관,북구,520,24-3,,,,,,,,,,미입력,35.8973449,128.6011675,1099369.212,1767301.187,,,2018-03-23 08:57:00
334,20180322-0022,북부사업소,201803,478,북구 연암공원로 82 (산격동) / 1186-66번지,지상-사유지,,연암공원로 82 (산격동) / 1186-66번지,2018-03-22 09:20,,2018-03-22 11:20,급수관,북구,520,24-3,사유지,15.0,스텐레스관,직관,부식,,,0 ,,미입력,35.8974151,128.6010253,1099357.891,1767306.229,,,2018-03-22 09:20:00
335,20180302-0745,북부사업소,201803,407,북구 연암로2길 17 (산격동) / 1498-166번지,지하-미누수,용역,산격동 1498-166,2018-03-02 16:26,,2018-03-02 18:58,,북구,520,47,,,,,,,,0 ,,미입력,35.8893267,128.6025295,1099508.895,1766420.899,,,2018-03-02 16:26:00
336,20180302-0531,북부사업소,201803,403,북구 산격로14길 10-1 (산격동) / 1406-3번지,지상-공도,,산격로14길 10-1 (산격동) / 1406-3번지,2018-03-02 14:46,,2018-03-02 16:00,급수관,북구,520,48,공도,15.0,PFP관,이형관,부식,,1시간,0 ,,미입력,35.8959188,128.6064294,1099852.44,1767158.794,,,2018-03-02 14:46:00
337,20180302-0515,북부사업소,201803,402,북구 산격로11길 34 (산격동) / 1434-67번지,지상-사유지,,산격로11길 34 (산격동) / 1434-67번지,2018-03-02 14:37,,2018-03-05 10:29,급수관,북구,520,24-3,사유지,15.0,계량기보호통(실),앵글밸브,부식,,,,,미입력,35.8959048,128.6015921,1099418.283,1767149.473,,,2018-03-02 14:37:00
338,20180302-0271,북부사업소,201803,399,북구 산격로14길 3-13 (산격동) / 1229-19번지,지상-사유지,,산격로14길 3-13 (산격동) / 1229-19번지,2018-03-02 11:10,,2018-03-05 10:28,급수관,북구,520,48,사유지,15.0,계량기보호통(실),앵글밸브,부식,,,,,미입력,35.8967557,128.6055623,1099774.698,1767248.081,,,2018-03-02 11:10:00
339,20180302-0151,북부사업소,201803,398,북구 대구체육관로 18-2 (산격동) / 1404-81번지,지하-미누수,용역,산격동 1404-81,2018-03-02 10:07,,2018-03-02 12:10,,북구,520,47,,,,,,,,0 ,,미입력,35.8909411,128.6022038,1099475.575,1766601.089,,,2018-03-02 10:07:00
340,20180223-0464,북부사업소,201802,366,북구 대구체육관로8길 25 (산격동) / 1497-51번지,지하-공도,용역,산격동 1497-51,2018-02-23 15:28,,2018-02-23 18:00,배수지관,북구,520,47,공도,80.0,PFP관,이형관,부식,,54일,"1,529 ",,미입력,35.8913073,128.6035472,1099599.834,1766643.015,,,2018-02-23 15:28:00
341,20180223-0461,북부사업소,201802,365,북구 대구체육관로9길 16-1 (산격동) / 1430-34번지,지하-공도,용역,산격동 1430-34,2018-02-23 14:10,,2018-02-23 16:00,급수관,북구,520,47,공도,15.0,부분기대,부분기대,부식,,54일,557 ,,입력,35.8933403,128.6041584,1099653.266,1766869.734,,,2018-02-23 14:10:00
342,20180221-0271,북부사업소,201802,346,북구 연암공원로14길 22-1 (산격동) / 1195-5번지,지상-사유지,,연암공원로14길 22-1 (산격동) / 1195-5번지,2018-02-21 13:04,,2018-02-21 15:00,급수관,북구,520,24-3,사유지,15.0,계량기보호통(실),앵글밸브,부식,,,,,미입력,35.8964187,128.6024236,1099492.671,1767207.643,,,2018-02-21 13:04:00
343,20180220-0650,북부사업소,201802,344,"북구 연암로4길 39 (산격동,대림싱크공장) / 1401-88번지",지하-공도,용역,산격동 1401-88 대림싱크공장 ,2018-02-20 17:29,,2018-02-20 19:00,배수지관,북구,520,47,공도,80.0,변류,접합부,볼트이완,,51일,"1,444 ",,입력,35.8903619,128.6032938,1099576.881,1766536.515,,,2018-02-20 17:29:00
344,20180220-0535,북부사업소,201802,339,북구 연암로4길 49 (산격동) / 1498-220번지,지하-공도,용역,연암로4길 49 (산격동) / 1498-220번지,2018-02-20 15:48,,2018-02-20 17:00,배수본관,북구,520,47,공도,20.0,PFP관,이형관,노후,,51일,"1,053 ",,입력,35.8906243,128.6037134,1099615.531,1766565.606,,,2018-02-20 15:48:00
345,20180214-0435,북부사업소,201802,318,북구 연암로2길 18 (산격동) / 1392-4번지,지하-공도,용역,연암로2길 18 (산격동) / 1392-4번지,2018-02-14 09:49,,2018-02-14 12:15,배수지관,북구,520,47,공도,25.0,PFP관,이형관,노후,,45일,518 ,,입력,35.8891615,128.6026163,1099518.758,1766408.452,,,2018-02-14 09:49:00
346,20180213-0394,북부사업소,201802,306,북구 산격로1길 31-18 (산격동) / 1401-89번지,지하-사유지,용역,산격로1길 31-18 (산격동) / 1401-89번지,2018-02-13 11:20,,2018-02-13 14:11,급수관,북구,520,47,사유지,15.0,스텐레스관,이형관,부식,,44일,63 ,,미입력,35.8908886,128.603272,1099575.388,1766595.204,,,2018-02-13 11:20:00
347,20180212-0163,북부사업소,201802,295,북구 산격로13길 14 (산격동) / 1221-11번지,지상-사유지,,산격로13길 14 (산격동) / 1221-11번지,2018-02-12 10:38,,2018-02-12 12:00,급수관,북구,520,47,사유지,15.0,계량기보호통(실),앵글밸브,부식,,,,,미입력,35.8970255,128.6038351,1099617.484,1767278.064,,,2018-02-12 10:38:00
348,20180212-0007,북부사업소,201802,291,북구 연암공원로14길 11-1 (산격동) / 1163-22번지,지상-공도,,연암공원로14길 11-1 (산격동) / 1163-22번지,2018-02-12 08:25,,2018-02-12 11:00,배수본관,북구,520,24-3,공도,15.0,PFP관,이형관,노후,,3시간,1 ,,입력,35.8967037,128.6010457,1099366.837,1767238.095,,,2018-02-12 08:25:00
349,20180211-0002,북부사업소,201802,288,북구 연암공원로 22-41 (산격동) / 1099-47번지,지상-공도,,연암공원로 22-41 (산격동) / 1099-47번지,2018-02-11 02:08,,2018-02-11 09:00,급수관,북구,520,46-1,공도,15.0,에폭시강관,이형관,노후,,3시간,1 ,,입력,35.8925655,128.5980831,1099105.656,1766777.057,,,2018-02-11 02:08:00
350,20180210-0101,북부사업소,201802,286,북구 연암공원로14길 19-17 (산격동) / 1186-34번지,지상-공도,,연암공원로14길 19-17 (산격동) / 1186-34번지,2018-02-10 12:58,,2018-02-10 15:11,배수지관,북구,520,24-3,공도,15.0,PFP관,이형관,노후,,3시간,0 ,,미입력,35.8969196,128.6018601,1099440.903,1767262.27,,,2018-02-10 12:58:00
351,20180209-0621,북부사업소,201802,283,"북구 대현로9길 50 (산격동,코사할인마트) / 1382-64번지",지상-사유지,,"대현로9길 50 (산격동,코사할인마트) / 1382-64번지",2018-02-09 21:10,,2018-02-10 08:00,급수관,북구,520,70,사유지,15.0,계량기보호통(실),앵글밸브,부식,,,,,미입력,35.8884739,128.6035629,1099605.132,1766330.609,,,2018-02-09 21:10:00
352,20180201-0599,북부사업소,201802,216,"북구 대학로 15-1 (산격동,별장여관) / 1398-2번지",지상-사유지,,"대학로 15-1 (산격동,별장여관) / 1398-2번지",2018-02-01 16:28,,2018-02-01 18:50,급수관,북구,520,47,사유지,20.0,계량기보호통(실),앵글밸브,부식,,,,,미입력,36.1793117,127.7790638,1099557.334,1766429.743,,,2018-02-01 16:28:00
353,20180131-0283,북부사업소,201801,195,북구 산격로13길 21-4 (산격동) / 1185-52번지,지상-사유지,,산격로13길 21-4 (산격동) / 1185-52번지,2018-01-31 12:53,,2018-01-31 14:00,급수관,북구,520,24-3,사유지,15.0,계량기보호통(실),앵글밸브,부식,,,,,미입력,35.8968809,128.6029008,1099533.397,1767258.045,,,2018-01-31 12:53:00
354,20180129-0263,북부사업소,201801,171,북구 산격로13길 21-6 (산격동) / 1195-41번지,지하-공도,자체-주간,산격동 1195-41,2018-01-29 10:44,,2018-01-29 12:11,급수관,북구,520,24-3,공도,15.0,부분기대,부분기대,부식,,29일,230 ,,입력,35.8968302,128.6029594,1099529.447,1767268.916,,,2018-01-29 10:44:00
355,20180129-0162,북부사업소,201801,164,북구 산격로11길 12-1 (산격동) / 1224-15번지,지상-사유지,,산격로11길 12-1 (산격동) / 1224-15번지,2018-01-29 09:55,,2018-01-29 11:00,급수관,북구,520,47,사유지,15.0,계량기보호통(실),계량기보호통,부식,,,,,미입력,35.8961235,128.6038212,1099619.2,1767176.501,,,2018-01-29 09:55:00
356,20180129-0073,북부사업소,201801,159,"북구 대동로 22 (산격동,청구공인중계사) / 1253-4번지",지상-사유지,,"대동로 22 (산격동,청구공인중계사) / 1253-4번지",2018-01-29 09:10,,2018-01-29 10:00,급수관,북구,520,48,사유지,15.0,계량기보호통(실),앵글밸브,부식,,,,,미입력,37.4914216,127.9808523,1100091.818,1767329.683,,,2018-01-29 09:10:00
357,20180122-0178,북부사업소,201801,102,북구 연암공원로32길 64-14 (산격동) / 1197-19번지,지상-공도,,연암공원로32길 64-14 (산격동) / 1197-19번지,2018-01-22 11:03,,2018-01-22 13:28,급수관,북구,520,24-3,공도,15.0,PFP관,이형관,부식,,3시간,1 ,,미입력,35.8978824,128.6045353,1099678.991,1767371.266,,,2018-01-22 11:03:00
358,20180122-0139,북부사업소,201801,101,"북구 연암공원로 31-2 (산격동,과일가게) / 1130-4번지",지상-공도,,"연암공원로 31-2 (산격동,과일가게) / 1130-4번지",2018-01-22 10:32,,2018-01-22 13:18,배수지관,북구,520,46-1,공도,40.0,PFP관,이형관,부식,,3시간,4 ,,미입력,35.8937944,128.5979538,1099092.176,1766910.658,,,2018-01-22 10:32:00
359,20180115-0183,북부사업소,201801,62,"북구 대학로13길 6 (산격동,봉봉치킨) / 1400-8번지",지상-사유지,,"대학로13길 6 (산격동,봉봉치킨) / 1400-8번지",2018-01-15 11:31,,2018-01-15 13:58,급수관,북구,520,49,사유지,15.0,계량기보호통(실),기타,부식,,,0 ,,미입력,35.8920758,128.6077697,1099979.095,1766733.036,,,2018-01-15 11:31:00
360,20180113-0074,북부사업소,201801,49,북구 대학로23길 17-1 (산격동) / 1327-20번지,지상-공도,,대학로23길 17-1 (산격동) / 1327-20번지,2018-01-13 16:17,,2018-01-13 18:00,급수관,북구,520,49,공도,20.0,부분기대,부분기대,부식,,3시간,5 ,,입력,35.8941394,128.6100548,1100180.848,1766967.72,,,2018-01-13 16:17:00
361,20180112-0359,북부사업소,201801,43,"북구 산격로 106-7 (산격동,화이트빌) / 1236-3번지",지하-공도,용역,산격동 1236-3 화이트빌,2018-01-12 17:50,,2018-01-12 19:58,급수관,북구,520,27,공도,20.0,PFP관,이형관,부식,,12일,130 ,,미입력,35.8990466,128.6083794,1100025.937,1767504.71,,,2018-01-12 17:50:00
362,20180103-0291,북부사업소,201801,9,"북구 대학로17길 18 (산격동,프론티어1) / 1313-4번지",지상-사유지,,"대학로17길 18 (산격동,프론티어1) / 1313-4번지",2018-01-03 13:02,,2018-01-03 14:30,급수관,북구,520,49,사유지,15.0,계량기보호통(실),앵글밸브,부식,,,0 ,,미입력,35.8938053,128.609037,1100091.68,1766925.972,,,2018-01-03 13:02:00
363,20171227-0332,북부사업소,201801,1380,"북구 연암로 68 (산격동,유일도료) / 990번지",기타,,산격동 990 유일도료,2017-12-27 14:43,,2017-12-27 16:40,급수관,북구,520,46-1,,,,,,,,,,미입력,35.8914337,128.5963278,1098940.756,1766647.644,,,2017-12-27 14:43:00
364,20171225-0027,북부사업소,201801,1363,북구 연암로 68-5 (산격동) / 981번지,지상-공도,,연암로 68-5 (산격동) / 981번지,2017-12-25 13:44,,2017-12-26 10:03,배수지관,북구,520,46-1,공도,15.0,에폭시강관,이형관,부식,,3시간,0 ,,미입력,35.8917137,128.5961183,1098925.698,1766678.359,,,2017-12-25 13:44:00
365,20171220-0002,북부사업소,201801,1333,북구 연암공원로 66-13 (산격동) / 1161-46번지,지상-공도,,연암공원로 66-13 (산격동) / 1161-46번지,2017-12-20 07:25,,2017-12-20 10:00,급수관,북구,520,46-1,공도,15.0,부분기대,부분기대,부식,,1시간,1 ,,입력,35.8963635,128.6005926,1099325.838,1767200.592,,,2017-12-20 07:25:00
366,20171215-0320,북부사업소,201801,1313,북구 산격로북9길 9-16 (산격동) / 1195-6번지,지상-사유지,,산격로북9길 9-16 (산격동) / 1195-6번지,2017-12-15 21:08,,2017-12-16 09:00,급수관,북구,520,24-3,사유지,15.0,계량기보호통(실),앵글밸브,부식,,,,,미입력,35.8962366,128.6020759,1099461.952,1767191.888,,,2017-12-15 21:08:00
367,20171214-0325,북부사업소,201801,1305,"북구 산격로 45 (산격동,체육관주유소) / 1425-39번지",미누수,,산격동 1425-39 체육관주유소,2017-12-14 19:10,,2017-12-15 09:34,,북구,520,47,,,,,,,,,,미입력,35.8946882,128.6050909,1099730.207,1767014.307,,,2017-12-14 19:10:00
368,20171213-0210,북부사업소,201801,1296,북구 대학로 103-2 (산격동) / 1324-1번지,지상-공도,,대학로 103-2 (산격동) / 1324-1번지,2017-12-13 14:46,,2017-12-14 09:00,배수지관,북구,520,49,공도,25.0,부분기대,부분기대,부식,,3시간,5 ,,입력,37.5804073,127.0019555,1100246.215,1766971.147,,,2017-12-13 14:46:00
369,20171207-0535,북부사업소,201801,1266,북구 연암로4길 8 (산격동) / 1389-18번지,지하-공도,자체-주간,연암로4길 8 (산격동) / 1389-18번지,2017-12-07 16:52,,2017-12-07 17:50,배수지관,북구,520,47,공도,15.0,부분기대,부분기대,부식,,341일,655 ,,입력,35.8893451,128.6020508,1099466.88,1766425.184,,,2017-12-07 16:52:00
370,20171203-0004,북부사업소,201801,1235,북구 연암공원로12길 3 (산격동) / 1159-7번지,지상-사유지,,연암공원로12길 3 (산격동) / 1159-7번지,2017-12-03 09:36,,2017-12-05 10:58,급수관,북구,520,46-1,사유지,15.0,계량기보호통(실),앵글밸브,부식,,,,,미입력,35.8959191,128.5996653,1099243.525,1767147.882,,,2017-12-03 09:36:00
371,20171128-0381,북부사업소,201801,1215,북구 연암공원로10길 31-10 (산격동) / 1437-145번지,지상-사유지,,연암공원로10길 31-10 (산격동) / 1437-145번지,2017-11-28 15:43,,2017-11-28 17:40,급수관,북구,520,24-3,사유지,15.0,계량기보호통(실),계량기보호통,부식,,,,,미입력,35.894752,128.6016487,1099423.535,1767021.527,,,2017-11-28 15:43:00
372,20171127-0520,북부사업소,201801,1206,북구 대학로9길 68-2 (산격동) / 1245-1번지,지상-사유지,,대학로9길 68-2 (산격동) / 1245-1번지,2017-11-27 15:56,,2017-11-27 17:50,급수관,북구,520,48,사유지,15.0,계량기보호통(실),앵글밸브,부식,,,,,미입력,35.8968068,128.6061739,1099829.464,1767252.461,,,2017-11-27 15:56:00
373,20171123-0400,북부사업소,201801,1182,북구 연암로2길 47 (산격동) / 1498-72번지,지상-사유지,,연암로2길 47 (산격동) / 1498-72번지,2017-11-23 16:27,,2017-11-23 17:50,급수관,북구,520,47,사유지,15.0,계량기보호통(실),계량기보호통,노후,,,,,미입력,35.8901195,128.603841,1099626.311,1766509.473,,,2017-11-23 16:27:00
374,20171121-0302,북부사업소,201801,1169,북구 연암로4길 53-3 (산격동) / 1498-209번지,지상-사유지,,연암로4길 53-3 (산격동) / 1498-209번지,2017-11-21 14:08,,2017-11-21 17:00,급수관,북구,520,47,사유지,15.0,계량기보호통(실),접합부,부식,,,,,미입력,35.8907982,128.6036585,1099610.032,1766584.879,,,2017-11-21 14:08:00
375,20171120-0128,북부사업소,201801,1159,북구 연암공원로 55-28 (산격동) / 1169-5번지,지상-사유지,,연암공원로 55-28 (산격동) / 1169-5번지,2017-11-20 10:10,,2017-11-20 11:20,급수관,북구,520,46-1,사유지,15.0,계량기보호통(실),접합부,부식,,,0 ,,미입력,35.8960789,128.5986907,1099154.847,1767167.518,,,2017-11-20 10:10:00
376,20171117-0349,북부사업소,201801,1150,북구 산격로 12-2 (산격동) / 1418-7번지,지하-공도,자체-주간,산격동 1418-7,2017-11-17 16:21,,2017-11-17 17:50,급수관,북구,520,49,공도,15.0,스텐레스관,이형관,부식,,321일,"1,618 ",,미입력,35.89152,128.6055689,1099780.852,1766671.43,,,2017-11-17 16:21:00
377,20171116-0307,북부사업소,201801,1140,북구 산격로13길 21-5 (산격동) / 1195-94번지,지상-공도,,산격로13길 21-5 (산격동) / 1195-94번지,2017-11-16 15:33,,2017-11-16 17:00,급수관,북구,520,24-3,공도,15.0,부분기대,부분기대,부식,,3시간,2 ,,미입력,35.8968874,128.6031159,1099553.192,1767259.544,,,2017-11-16 15:33:00
378,20171115-0270,북부사업소,201801,1133,"북구 산격로14길 45 (산격동,위너스빌(501호)) / 1305-17번지",지상-공도,,"산격로14길 45 (산격동,위너스빌(501호)) / 1305-17번지",2017-11-15 15:49,,2017-11-15 17:50,배수지관,북구,520,49,공도,80.0,닥타일관,직관,부식,,3시간,26 ,,미입력,35.8960685,128.6103505,1100207.156,1767179.403,,,2017-11-15 15:49:00
379,20171107-0087,북부사업소,201801,1098,"북구 연암공원로20길 14, C동 (산격동,낙원빌라) / 1185번지",지하-공도,용역,"연암공원로20길 14, C동 (산격동,낙원빌라) / 1185-112번지",2017-11-07 10:14,,2017-11-07 13:00,급수관,북구,520,24-3,공도,25.0,PFP관,이형관,부식,,311일,"4,777 ",,입력,35.8977546,128.6028124,1099525.002,1767356.481,,,2017-11-07 10:14:00
380,20171107-0086,북부사업소,201801,1097,북구 연암공원로14길 22-9 (산격동) / 1195-70번지,지하-사유지,용역,산격동 1195-70,2017-11-07 10:12,,2017-11-07 13:11,급수관,북구,520,24-3,사유지,15.0,계량기보호통(실),계량기보호통,부식,,311일,"5,449 ",,미입력,35.896078,128.6025306,1099504.356,1767171.211,,,2017-11-07 10:12:00
381,20171103-0026,북부사업소,201801,1085,"북구 연암공원로14길 19-15 (산격동,2015.12.28.급수중지 연장) / 1186-74번지",지하-공도,용역,산격동 1186-74 2015.12.28.급수중지 연장 ,2017-11-03 09:19,,2017-11-03 11:50,급수관,북구,520,24-3,공도,15.0,에폭시강관,이형관,노후,,307일,"2,874 ",,입력,35.8969238,128.6017684,1099432.89,1767263.722,,,2017-11-03 09:19:00
382,20171103-0025,북부사업소,201801,1084,북구 산격로13길 25-2 (산격동) / 1185-65번지,지하-공도,용역,산격동 1185-65,2017-11-03 09:19,,2017-11-03 11:50,급수관,북구,520,24-3,공도,25.0,부분기대,부분기대,부식,,307일,"14,883 ",,입력,35.8969686,128.6024191,1099490.558,1767268.521,,,2017-11-03 09:19:00
383,20171102-0153,북부사업소,201801,1078,북구 연암공원로7길 2-11 (산격동) / 1139-4번지,지하-공도,용역,산격동 1139-4,2017-11-02 11:12,,2017-11-02 13:10,배수지관,북구,520,46-1,공도,80.0,변류,접합부,부식,,306일,"43,330 ",,미입력,35.894912,128.5983583,1099126.831,1767034.904,,,2017-11-02 11:12:00
384,20171102-0125,북부사업소,201801,1077,북구 산격로13길 35 (산격동) / 1185-5번지,지상-공도,,산격로13길 35 (산격동) / 1185-5번지,2017-11-02 10:47,,2017-11-03 09:11,급수관,북구,520,24-3,공도,15.0,부분기대,부분기대,부식,,1시간,0 ,,미입력,35.8974838,128.601452,1099403.389,1767324.857,,,2017-11-02 10:47:00
385,20171027-0037,북부사업소,201710,1052,북구 산격로9길 14-6 (산격동) / 1424-23번지,기타,,산격로9길 14-6 (산격동) / 1424-23번지,2017-10-27 09:22,,2017-10-27 11:22,급수관,북구,520,47,,,,,,,,,,미입력,35.8952121,128.6038735,1099623.622,1767075.147,,,2017-10-27 09:22:00
386,20171027-0013,북부사업소,201710,1050,북구 연암공원로 90-23 (산격동) / 1185-78번지,지상-공도,,연암공원로 90-23 (산격동) / 1185-78번지,2017-10-27 08:59,,2017-10-27 11:00,급수관,북구,520,24-3,공도,15.0,부분기대,부분기대,부식,,1시간,0 ,,입력,35.8975656,128.6026257,1099509.115,1767334.204,,,2017-10-27 08:59:00
387,20171025-0504,북부사업소,201710,1049,북구 연암로4길 41-13 (산격동) / 1401-12번지,지상-사유지,,연암로4길 41-13 (산격동) / 1401-12번지,2017-10-25 16:23,,2017-10-25 17:50,급수관,북구,520,47,사유지,15.0,계량기보호통(실),접합부,부식,,,,,미입력,35.8906021,128.60294,1099545.658,1766562.853,,,2017-10-25 16:23:00
388,20171025-0419,북부사업소,201710,1047,"북구 산격로 65 (산격동,물레떡방앗간) / 1228-13번지",지상-사유지,,"산격로 65 (산격동,물레떡방앗간) / 1228-13번지",2017-10-25 15:04,,2017-10-25 17:11,급수관,북구,520,47,사유지,15.0,계량기보호통(실),앵글밸브,부식,,,,,미입력,35.8963696,128.6051019,1099733.221,1767205.878,,,2017-10-25 15:04:00
389,20171024-0218,북부사업소,201710,1039,"북구 산격로6길 8 (산격동,시장떡) / 1414-8번지",지상-사유지,,"산격로6길 8 (산격동,시장떡) / 1414-8번지",2017-10-24 12:24,,2017-10-24 14:00,급수관,북구,520,49,사유지,15.0,계량기보호통(실),계량기보호통,부식,,,,,미입력,35.8924757,128.6060081,1099815.657,1766766.594,,,2017-10-24 12:24:00
390,20171024-0139,북부사업소,201710,1037,북구 대학로25길 43-1 (산격동) / 1407-70번지,지상-사유지,,대학로25길 43-1 (산격동) / 1407-70번지,2017-10-24 10:56,,2017-10-24 11:50,급수관,북구,520,48,사유지,15.0,계량기보호통(실),계량기보호통,부식,,,,,미입력,35.8953074,128.6074242,1099944.776,1767089.786,,,2017-10-24 10:56:00
391,20171016-0367,북부사업소,201710,1018,"북구 산격로6길 18 (산격동,경대식당) / 1414-1번지",지하-공도,자체-주간,산격로6길 18 (산격동) / 1414-1번지,2017-10-16 18:04,2017-10-16 18:05,2017-10-16 20:00,급수관,북구,520,49,공도,20.0,PFP관,이형관,부식,,290일,"3,132 ",,입력,35.8924244,128.6071713,1099924.923,1766769.152,,,2017-10-16 18:04:00
392,20171016-0366,북부사업소,201710,1017,"북구 대학로9길 14-9 (산격동,엘리트A) / 1414-69번지",지하-공도,자체-주간,대학로9길 14-9 (산격동) / 1414-69번지,2017-10-16 18:02,2017-10-16 18:10,2017-10-16 20:00,급수관,북구,520,49,공도,15.0,PFP관,이형관,부식,,290일,"1,810 ",,입력,35.8921316,128.6063854,1099854.899,1766737.597,,,2017-10-16 18:02:00
393,20171013-0357,북부사업소,201710,1006,"북구 산격로6길 22-1 (산격동,나들가게) / 1414번지",지하-공도,자체-주간,산격로6길 22-1 (산격동) / 1414번지,2017-10-13 17:24,2017-10-13 17:30,2017-10-13 19:00,배수지관,북구,520,49,공도,100.0,PFP관,이형관,볼트이완,,287일,"9,230 ",,입력,35.892469,128.6075684,1099961.177,1766775.231,,,2017-10-13 17:24:00
394,20171010-0613,북부사업소,201710,997,"북구 산격로북9길 1, 채소 과일 (산격동) / 1437-98번지",지하-공도,자체-주간,"산격로북9길 1 (산격동,떡집) / 1437-98번지",2017-10-10 16:54,,2017-10-10 17:50,배수지관,북구,520,24-3,공도,80.0,닥타일관,이형관,부식,,284일,"8,043 ",,입력,35.8951417,128.602664,1099526.389,1767065.651,,,2017-10-10 16:54:00
395,20171009-0052,북부사업소,201710,993,북구 대학로13길 51-36 (산격동) / 1247-4번지,지상-사유지,,대학로13길 51-36 (산격동) / 1247-4번지,2017-10-09 18:03,,2017-10-09 18:10,급수관,북구,520,48,사유지,15.0,계량기보호통(실),앵글밸브,부식,,,,,미입력,35.89646,128.6070414,1099908.528,1767217.07,,,2017-10-09 18:03:00
396,20171005-0017,북부사업소,201710,990,북구 연암공원로8길 15-9 (산격동) / 1107-1번지,지상-사유지,,연암공원로8길 15-9 (산격동) / 1107-1번지,2017-10-05 16:21,,2017-10-05 17:50,급수관,북구,520,46-1,사유지,15.0,계량기보호통(실),계량기보호통,부식,,,0 ,,미입력,35.8932312,128.5987044,1099160.056,1766852.815,,,2017-10-05 16:21:00
397,20170926-0188,북부사업소,201709,969,"북구 산격로서9길 3-4, (정수처분_2014.4.9) (산격동) / 1437-170번지",지상-사유지,,"산격로서9길 3-4, (정수처분_2014.4.9) (산격동) / 1437-170번지",2017-09-26 12:00,,2017-09-27 16:32,급수관,북구,520,24-3,사유지,20.0,계량기보호통(실),앵글밸브,볼트이완,,,,,미입력,35.8949448,128.6021882,1099472.918,1767042.373,,,2017-09-26 12:00:00
398,20170922-0170,북부사업소,201709,954,북구 연암공원로10길 15-6 (산격동) / 1435-34번지,지상-사유지,,연암공원로10길 15-6 (산격동) / 1435-34번지,2017-09-22 11:24,,2017-09-22 14:11,급수관,북구,520,46-1,사유지,15.0,스텐레스관,이형관,접합부이완,,,,,미입력,35.8946727,128.6005333,1099323.505,1767011.824,,,2017-09-22 11:24:00
399,20170908-0258,북부사업소,201709,906,북구 연암공원로20길 30-23 (산격동) / 1197-84번지,지상-사유지,,연암공원로20길 30-23 (산격동) / 1197-84번지,2017-09-08 16:12,,2017-09-08 17:50,급수관,북구,520,24-3,사유지,15.0,계량기보호통(실),앵글밸브,부식,,,0 ,,미입력,35.8976764,128.6042341,1099653.305,1767349.532,,,2017-09-08 16:12:00
400,20170901-0346,북부사업소,201709,881,북구 연암공원로11길 3-16 (산격동) / 1166-6번지,지상-공도,,연암공원로11길 3-16 (산격동) / 1166-6번지,2017-09-01 14:20,,2017-09-01 16:20,배수지관,북구,520,46-1,공도,80.0,회주철관,직관,노후,,3시간,129 ,,미입력,35.8961547,128.5988809,1099172.298,1767176.911,,,2017-09-01 14:20:00
401,20170830-0360,북부사업소,201708,866,북구 대학로25길 5-2 (산격동) / 1277-1번지,지상-사유지,,대학로25길 5-2 (산격동) / 1277-1번지,2017-08-30 14:28,,2017-08-30 16:30,급수관,북구,520,49,사유지,15.0,계량기보호통(실),연결부,부식,,,,,미입력,35.8954183,128.6116362,1100324.511,1767106.023,,,2017-08-30 14:28:00
402,20170801-0009,북부사업소,201708,712,북구 대학로15길 27 (산격동) / 1326-2번지,지하-공도,용역,대학로15길 27 (산격동) / 1326-2번지,2017-08-01 08:53,,2017-08-01 11:50,급수관,북구,520,49,공도,15.0,부분기대,부분기대,부식,,213일,"1,891 ",,입력,35.8944544,128.6081149,1100007.631,1766997.825,,,2017-08-01 08:53:00
403,20170724-0121,북부사업소,201707,683,북구 연암공원로13길 6-10 (산격동) / 1180-62번지,지상-공도,,연암공원로13길 6-10 (산격동) / 1180-62번지,2017-07-24 10:25,,2017-07-24 13:31,급수관,북구,520,46-1,공도,15.0,스텐레스관,직관,부식,,1시간,0 ,,입력,35.8972359,128.5996551,1099241.561,1767298.341,,,2017-07-24 10:25:00
404,20170711-0222,북부사업소,201707,640,북구 연암공원로 37-7 (산격동) / 1133-2번지,지하-사유지,자체-주간,연암공원로 37-7 (산격동) / 1133-2번지,2017-07-11 16:57,,2017-07-11 17:50,급수관,북구,520,46-1,사유지,15.0,계량기보호통(실),계량기보호통,부식,,192일,"1,705 ",,입력,35.8941542,128.5979098,1099086.971,1766951.323,,,2017-07-11 16:57:00
405,20170703-0318,북부사업소,201707,616,북구 연암공원로20길 6 (산격동) / 1185-83번지,지상-공도,,연암공원로20길 6 (산격동) / 1185-83번지,2017-07-03 12:45,,2017-07-03 15:00,급수관,북구,520,24-3,공도,15.0,PFP관,이형관,노후,,1시간,0 ,,입력,35.8979954,128.6018406,1099435.179,1767383.312,,,2017-07-03 12:45:00
406,20170629-0207,북부사업소,201706,599,북구 연암공원로8길 12-1 (산격동) / 1106-10번지,지하-공도,자체-주간,산격동 1106-10,2017-06-29 12:51,,2017-06-29 15:30,배수지관,북구,520,46-1,공도,40.0,PFP관,직관,노후,,181일,"37,619 ",,입력,35.8935842,128.5987172,1099161.052,1766891.819,,,2017-06-29 12:51:00
407,20170628-0041,북부사업소,201706,590,북구 연암공원로8길 15-2 (산격동) / 1106-2번지,미누수,,산격동 1106-2,2017-06-28 09:23,,2017-06-28 11:50,,북구,520,46-1,,,,,,,,,,미입력,35.8934871,128.5985558,1099144.144,1766875.932,,,2017-06-28 09:23:00
408,20170623-0190,북부사업소,201706,575,북구 연암공원로 81-8 (산격동) / 1183-29번지,지상-공도,,연암공원로 81-8 (산격동) / 1183-29번지,2017-06-23 12:21,,2017-06-23 13:10,배수지관,북구,520,46-1,공도,15.0,에폭시강관,이형관,노후,,1시간,0 ,,미입력,35.8976775,128.6007088,1099336.684,1767348.311,,,2017-06-23 12:21:00
409,20170622-0178,북부사업소,201706,570,북구 연암공원로 81-10 (산격동) / 1183-39번지,지상-공도,,연암공원로 81-10 (산격동) / 1183-39번지,2017-06-22 12:03,,2017-06-22 15:00,배수지관,북구,520,46-1,공도,15.0,스텐레스관,이형관,부식,,3시간,0 ,,미입력,35.89779,128.6006515,1099331.413,1767361.886,,,2017-06-22 12:03:00
410,20170622-0046,북부사업소,201706,567,북구 연암공원로 81-14 (산격동) / 1183-38번지,지상-공도,,연암공원로 81-14 (산격동) / 1183-38번지,2017-06-22 09:39,,2017-06-22 11:50,배수지관,북구,520,46-1,공도,40.0,에폭시강관,이형관,노후,,1시간,0 ,,미입력,35.8977913,128.6005239,1099319.609,1767362.529,,,2017-06-22 09:39:00
411,20170615-0071,북부사업소,201706,547,북구 연암공원로11길 13-1 (산격동) / 1180-77번지,지상-공도,,연암공원로11길 13-1 (산격동) / 1180-77번지,2017-06-15 10:23,,2017-06-15 14:11,급수관,북구,520,46-1,공도,15.0,스텐레스관,이형관,노후,,1시간,0 ,,미입력,35.8973333,128.5990967,1099190.81,1767309.373,,,2017-06-15 10:23:00
412,20170607-0376,북부사업소,201706,512,북구 연암공원로10길 13-3 (산격동) / 1117-22번지,지상-사유지,,연암공원로10길 13-3 (산격동) / 1117-22번지,2017-06-07 15:16,,2017-06-07 17:00,급수관,북구,520,46-1,사유지,15.0,계량기보호통(실),계량기보호통,부식,,,0 ,,미입력,35.8945891,128.599929,1099267.965,1767002.236,,,2017-06-07 15:16:00
413,20170607-0083,북부사업소,201706,510,북구 연암공원로10길 23 (산격동) / 1436-20번지,지하-공도,자체-주간,산격동 1436-20,2017-06-07 10:07,2017-06-07 10:30,2017-06-07 13:00,배수지관,북구,520,46-1,공도,25.0,부분기대,부분기대,부식,,159일,"8,166 ",,입력,35.8944816,128.6011167,1099376.701,1766990.692,,,2017-06-07 10:07:00
414,20170602-0373,북부사업소,201706,503,북구 연암공원로 31-17 (산격동) / 878-2번지,지상-사유지,,연암공원로 31-17 (산격동) / 878-2번지,2017-06-02 16:42,,2017-06-02 17:50,급수관,북구,520,46-1,사유지,15.0,스텐레스관,직관,부식,,,,,미입력,35.8941488,128.5977106,1099067.383,1766949.827,,,2017-06-02 16:42:00
415,20170531-0063,북부사업소,201705,495,북구 산격동 1445-9 관사,지하-공도,자체-주간,산격동 1445-9 관사,2017-05-31 09:39,,2017-05-31 11:18,배수지관,북구,520,46-1,공도,25.0,아연도강관,이형관,노후,,152일,876 ,,입력,35.8939779,128.6008284,1099379.284,1766662.181,,,2017-05-31 09:39:00
416,20170522-0030,북부사업소,201705,464,북구 산격로1길 19 (산격동) / 1498-186번지,지하-사유지,자체-주간,산격동 1498-186,2017-05-22 09:14,,2017-05-22 11:58,급수관,북구,520,47,사유지,15.0,계량기보호통(실),계량기보호통,부식,,143일,755 ,,입력,35.8910342,128.604078,1099646.793,1766610.964,,,2017-05-22 09:14:00
417,20170428-0438,북부사업소,201704,395,북구 연암공원로10길 15-12 (산격동) / 1435-33번지,지상-사유지,,연암공원로10길 15-12 (산격동) / 1435-33번지,2017-04-28 17:48,,2017-04-29 10:11,급수관,북구,520,46-1,사유지,15.0,계량기보호통(실),앵글밸브,부식,,,,,미입력,35.8946636,128.6006998,1099337.911,1767010.999,,,2017-04-28 17:48:00
418,20170424-0001,북부사업소,201704,369,북구 연암공원로11길 3-16 (산격동) / 1166-6번지,지상-공도,,연암공원로11길 3-16 (산격동) / 1166-6번지,2017-04-24 06:17,,2017-04-24 10:11,배수지관,북구,520,46-1,공도,15.0,닥타일관,직관,부식,,3시간,1 ,,미입력,35.8961547,128.5988809,1099172.298,1767176.911,,,2017-04-24 06:17:00
419,20170410-0160,북부사업소,201704,320,북구 산격로17길 9-1 (산격동) / 1222-44번지,지상-사유지,,산격로17길 9-1 (산격동) / 1222-44번지,2017-04-10 10:16,,2017-04-10 11:50,급수관,북구,520,24-3,사유지,15.0,계량기보호통(실),계량기보호통,부식,,,,,미입력,35.8982773,128.6052341,1099742.348,1767415.679,,,2017-04-10 10:16:00
420,20170323-0037,북부사업소,201703,250,북구 연암공원로32길 50-4 (산격동) / 1222-30번지,지상-공도,,연암공원로32길 50-4 (산격동) / 1222-30번지,2017-03-23 09:34,,2017-03-23 11:28,배수지관,북구,520,24-3,공도,15.0,스텐레스관,이형관,부식,,3시간,0 ,,입력,35.8984303,128.6057365,1099787.848,1767433.211,,,2017-03-23 09:34:00
421,20170309-0122,북부사업소,201703,207,북구 산격로서9길 16-12 (산격동) / 1434-10번지,지상-공도,,산격로서9길 16-12 (산격동) / 1434-10번지,2017-03-09 11:10,,2017-03-09 14:28,배수지관,북구,520,46-1,공도,50.0,아연도강관,이형관,노후,,3시간,3 ,,미입력,35.8956022,128.6009715,1099362.166,1767115.095,,,2017-03-09 11:10:00
422,20170218-0020,북부사업소,201702,162,북구 대동로 32 (산격동) / 1266-2번지,지상-공도,,대동로 32 (산격동) / 1266-2번지,2017-02-18 13:41,,2017-02-18 16:11,급수관,북구,520,49,공도,20.0,PFP관,이형관,노후,,1시간,1 ,,입력,35.8970081,128.6100978,1100184.728,1767284.867,,,2017-02-18 13:41:00
423,20170207-0337,북부사업소,201702,136,북구 산격로 53-6 (산격동) / 1422-11번지,지하-공도,자체-주간,산격로 53-6 (산격동) / 1422-11번지,2017-02-07 15:00,,2017-02-07 15:58,배수지관,북구,520,47,공도,15.0,PFP관,이형관,노후,,38일,100 ,,입력,35.8954967,128.6048364,1099711.337,1767107.289,,,2017-02-07 15:00:00
424,20170131-0413,북부사업소,201701,112,북구 대동로10길 6 (산격동) / 1305번지,지상-공도,,대동로10길 6 (산격동) / 1305번지,2017-01-31 14:52,,2017-01-31 17:00,배수지관,북구,520,49,공도,15.0,부분기대,부분기대,부식,,3시간,1 ,,미입력,35.8961776,128.6111316,1100277.878,1767191.965,,,2017-01-31 14:52:00
425,20170128-0002,북부사업소,201701,98,북구 연암공원로14길 55 (산격동) / 1422-17번지,지상-공도,,연암공원로14길 55 (산격동) / 1422-17번지,2017-01-28 07:36,,2017-01-28 11:28,배수지관,북구,520,47,공도,100.0,PFP관,이형관,부식,,3시간,5 ,,미입력,35.8952327,128.6046783,1099695.973,1767080.313,,,2017-01-28 07:36:00
426,20170124-0010,북부사업소,201701,85,북구 산격로서9길 23-7 (산격동) / 1117-26번지,미누수,,산격동 1117-26,2017-01-24 08:55,,2017-01-24 11:21,,북구,520,46-1,,,,,,,,,,미입력,35.8947804,128.6002504,1099297.549,1767023.48,,,2017-01-24 08:55:00
427,20170117-0372,북부사업소,201701,63,북구 산격로11길 23 (산격동) / 1437-164번지,지상-사유지,,산격로11길 23 (산격동) / 1437-164번지,2017-01-17 17:22,,2017-01-17 19:11,급수관,북구,520,24-3,사유지,15.0,스텐레스관,이형관,부식,,,,,미입력,35.8957186,128.6026908,1099516.55,1767131.279,,,2017-01-17 17:22:00
428,20170117-0251,북부사업소,201701,62,북구 대학로9길 40-3 (산격동) / 1409-22번지,지상-사유지,,대학로9길 40-3 (산격동) / 1409-22번지,2017-01-17 15:01,,2017-01-17 18:11,급수관,북구,520,49,사유지,15.0,계량기보호통(실),앵글밸브,부식,,,0 ,,미입력,35.8945242,128.6061392,1099829.261,1767000.108,,,2017-01-17 15:01:00
429,20170109-0424,시설관리소,201703,1,북구 동북로 92 (산격동) / 517번지,지하-공도,자체-주간,산격동 517,2017-01-09 18:00,2017-01-09 19:00,2017-01-10 00:00,송수관,북구,520,24,공도,600.0,닥타일관,이형관,노후,,3일,279 ,,입력,35.9015936,128.6040458,1099643.133,1767755.999,,,2017-01-09 18:00:00
430,20170106-0084,북부사업소,201701,22,북구 대동로4길 17 (산격동) / 1253-28번지,지상-사유지,,대동로4길 17 (산격동) / 1253-28번지,2017-01-06 10:07,,2017-01-16 13:05,급수관,북구,520,48,사유지,15.0,계량기보호통(실),계량기보호통,부식,,,0 ,,미입력,35.8971507,128.6089729,1100081.492,1767295.543,,,2017-01-06 10:07:00
431,20161224-0048,북부사업소,201701,1255,북구 대학로25길 5-2 (산격동) / 1277-1번지,지상-공도,,대학로25길 5-2 (산격동) / 1277-1번지,2016-12-24 16:06,,2016-12-24 18:11,급수관,북구,520,49,공도,15.0,스텐레스관,직관,부식,,2시간,0 ,,미입력,35.8954183,128.6116362,1100324.511,1767106.023,,,2016-12-24 16:06:00
432,20161214-0017,북부사업소,201612,1219,북구 연암공원로14길 19-17 (산격동) / 1186-34번지,지상-사유지,,연암공원로14길 19-17 (산격동) / 1186-34번지,2016-12-14 09:25,2016-12-14 10:00,2016-12-14 11:30,급수관,북구,520,24-3,사유지,15.0,계량기보호통(실),앵글밸브,부식,,,,,미입력,35.8969196,128.6018601,1099440.903,1767262.27,,,2016-12-14 09:25:00
433,20161213-0297,북부사업소,201612,1217,북구 연암공원로10길 2-1 (산격동) / 1144-7번지,지상-사유지,,연암공원로10길 2-1 (산격동) / 1144-7번지,2016-12-13 19:03,2016-12-14 09:00,2016-12-14 12:00,급수관,북구,520,46-1,사유지,15.0,계량기보호통(실),계량기보호통,부식,,,0 ,,미입력,35.8943127,128.5986161,1099150.959,1766969.847,,,2016-12-13 19:03:00
434,20161212-0081,북부사업소,201612,1203,"북구 연암공원로17길 20 (산격동,구암서원) /산 79-1번지",지상-공도,,"연암공원로17길 20 (산격동,구암서원) / 79-1번지",2016-12-12 10:07,2016-12-12 10:30,2016-12-12 12:00,급수관,북구,520,24-3,공도,25.0,스텐레스관,직관,타공사손괴,구청(기타),1시간,3 ,,미입력,35.8984449,128.5990145,1099205.178,1767452.317,,,2016-12-12 10:07:00
435,20161202-0031,북부사업소,201612,1165,"북구 연암로12길 10-4, 호 (산격동) / 1036-1번지",지상-사유지,,"연암로12길 10-4, 호 (산격동) / 1036-1번지",2016-12-02 09:13,2016-12-02 10:00,2016-12-02 12:00,급수관,북구,520,46-1,사유지,20.0,계량기보호통(실),계량기보호통,부식,,,0 ,,미입력,35.891814,128.5974542,1099049.012,1766690.381,,,2016-12-02 09:13:00
436,20161123-0111,북부사업소,201611,1130,"북구 연암로 40 (산격동,구 교육청 본관) / 1445-3번지",지상-사유지,,"연암로 40 (산격동,구 교육청 본관) / 1445-3번지",2016-11-23 10:33,,2016-11-23 13:45,급수관,북구,520,46-1,사유지,80.0,닥타일관,직관,노후,,,,,미입력,36.9489433,127.1367748,1099278.087,1766782.236,,,2016-11-23 10:33:00
437,20161102-0371,북부사업소,201611,1031,북구 대동로8길 24-5 (산격동) / 1252-15번지,지상-공도,,대동로8길 24-5 (산격동) / 1252-15번지,2016-11-02 14:51,2016-11-02 15:00,2016-11-02 18:00,급수관,북구,520,48,공도,15.0,스텐레스관,이형관,노후,,3시간,1 ,,미입력,35.8968703,128.6082485,1100017.473,1767263.422,,,2016-11-02 14:51:00
438,20161102-0114,북부사업소,201611,1029,북구 산격로 22-1 (산격동) / 1418-1번지,지상-공도,,산격로 22-1 (산격동) / 1418-1번지,2016-11-02 10:30,,2016-11-02 13:11,급수관,북구,520,49,공도,15.0,PFP관,직관,노후,,3시간,0 ,,미입력,35.892493,128.6053595,1099762.026,1766774.019,,,2016-11-02 10:30:00
439,20161101-0437,북부사업소,201611,1025,북구 연암로12길 12-24 (산격동) / 1093-1번지,지상-사유지,,연암로12길 12-24 (산격동) / 1093-1번지,2016-11-01 16:10,,2016-11-01 18:30,급수관,북구,520,46-1,사유지,15.0,계량기보호통(실),앵글밸브,부식,,,,,미입력,35.8925429,128.5976192,1099062.586,1766772.536,,,2016-11-01 16:10:00
440,20161101-0082,북부사업소,201611,1022,"북구 대동로 52-7 (산격동,대호영재빌) / 1279-16번지",지상-공도,,"대동로 52-7 (산격동,대호영재빌) / 1279-16번지",2016-11-01 10:05,2016-11-01 13:00,2016-11-01 16:00,배수지관,북구,520,49,공도,80.0,닥타일관,이형관,노후,,3시간,4 ,,입력,35.8959482,128.6121261,1100368.602,1767164.942,,,2016-11-01 10:05:00
441,20161027-0389,북부사업소,201610,1004,"북구 대학로23길 14-1 (산격동,미니수퍼자납) / 1308-21번지",지상-사유지,,"대학로23길 14-1 (산격동,미니수퍼자납) / 1308-21번지",2016-10-27 16:52,,2016-10-27 19:01,급수관,북구,520,49,사유지,15.0,계량기보호통(실),앵글밸브,부식,,,,,미입력,35.8945281,128.6102834,1100203.842,1767007.129,,,2016-10-27 16:52:00
442,20161025-0043,북부사업소,201610,996,"북구 연암로 40 (산격동,구 교육청 본관) / 1445-3번지",지상-공도,,"연암로 40 (산격동,구 교육청 본관) / 1445-3번지",2016-10-25 09:37,,2016-10-25 12:11,급수관,북구,520,46-1,공도,20.0,변류,본체,부식,,2시간,1 ,,입력,36.9489433,127.1367748,1099278.087,1766782.236,,,2016-10-25 09:37:00
443,20161019-0346,북부사업소,201610,972,북구 연암공원로13길 6-5 (산격동) / 1180-69번지,지상-사유지,,연암공원로13길 6-5 (산격동) / 1180-69번지,2016-10-19 15:25,,2016-10-19 18:01,급수관,북구,520,46-1,사유지,15.0,계량기보호통(실),계량기보호통,부식,,,,,미입력,35.8971208,128.5994089,1099218.435,1767284.025,,,2016-10-19 15:25:00
444,20161018-0434,북부사업소,201610,968,북구 연암로12길 14-1 (산격동) / 1059-2번지,지상-공도,,연암로12길 14-1 (산격동) / 1059-2번지,2016-10-18 17:07,2016-10-18 17:35,2016-10-18 20:00,배수지관,북구,520,46-1,공도,15.0,부분기대,부분기대,부식,,2시간,0 ,,입력,35.8923613,128.5972507,1099028.913,1766749.571,,,2016-10-18 17:07:00
445,20161011-0323,북부사업소,201610,933,북구 연암로4길 56 (산격동) / 1498-105번지,지하-사유지,용역,산격동 1498-105,2016-10-11 17:34,2016-10-12 09:00,2016-10-12 12:00,급수관,북구,520,47,사유지,15.0,계량기보호통(실),계량기보호통,부식,,285일,410 ,,입력,35.8906313,128.6041447,1099651.779,1766573.093,,,2016-10-11 17:34:00
446,20161011-0321,북부사업소,201610,931,북구 연암로4길 3-8 (산격동) / 1441-70번지,지하-공도,용역,연암로4길 3-8 (산격동) / 1441-70번지,2016-10-11 17:29,2016-10-12 09:00,2016-10-12 12:00,배수지관,북구,520,47,공도,20.0,부분기대,부분기대,부식,,285일,"1,915 ",,입력,35.8894594,128.6016559,1099428.126,1766437.282,,,2016-10-11 17:29:00
447,20161011-0319,북부사업소,201610,930,북구 산격로14길 42 (산격동) / 1306-20번지,지하-공도,용역,산격로14길 42 (산격동) / 1306-20번지,2016-10-11 17:28,2016-10-12 09:00,2016-10-12 12:00,배수지관,북구,520,49,공도,40.0,스텐레스관,이형관,부식,,285일,0 ,,입력,35.8959332,128.6097411,1100153.066,1767161.538,,,2016-10-11 17:28:00
448,20161011-0318,북부사업소,201610,929,북구 산격로14길 48-2 (산격동) / 1306-24번지,지하-사유지,용역,산격로14길 48-2 (산격동) / 1306-24번지,2016-10-11 17:28,2016-10-12 09:00,2016-10-12 12:00,급수관,북구,520,49,사유지,20.0,스텐레스관,이형관,부식,,285일,752 ,,입력,35.8958225,128.6104711,1100218.119,1767147.168,,,2016-10-11 17:28:00
449,20161011-0317,북부사업소,201610,928,북구 산격로 46-1 (산격동) / 1410-48번지,지하-공도,용역,산격로 46-1 (산격동) / 1410-48번지,2016-10-11 17:27,2016-10-12 13:00,2016-10-12 16:00,배수지관,북구,520,49,공도,25.0,부분기대,부분기대,부식,,285일,"3,352 ",,입력,35.8946962,128.6053718,1099760.278,1767019.55,,,2016-10-11 17:27:00
450,20161011-0007,북부사업소,201610,923,북구 연암로 52-5 (산격동) / 1004-3번지,지상-사유지,,연암로 52-5 (산격동) / 1004-3번지,2016-10-11 08:51,2016-10-11 10:00,2016-10-11 12:00,급수관,북구,520,46-1,사유지,20.0,계량기보호통(실),앵글밸브,부식,,,,,미입력,35.8913576,128.5979953,1099100.005,1766631.661,,,2016-10-11 08:51:00
451,20161010-0011,북부사업소,201610,917,"북구 연암공원로 30-5, 층 (산격동) / 1102-16번지",지하-사유지,용역,산격동 1102-16 층,2016-10-10 08:51,2016-10-10 09:00,2016-10-10 12:00,급수관,북구,520,46-1,사유지,15.0,계량기보호통(실),계량기보호통,노후,,284일,"1,295 ",,입력,35.8934978,128.5981341,1099107.041,1766877.845,,,2016-10-10 08:51:00
452,20160930-0434,북부사업소,201609,902,"북구 산격로10길 48, 301호 (산격동,하나빌라) / 1308-13번지",지상-사유지,,"산격로10길 48, 301호 (산격동,하나빌라) / 1308-13번지",2016-09-30 15:37,2016-09-30 16:00,2016-09-30 18:00,급수관,북구,520,49,사유지,15.0,계량기보호통(실),앵글밸브,고무링-패킹손상,,,0 ,,미입력,35.8948166,128.6104906,1100221.485,1767037.615,,,2016-09-30 15:37:00
453,20160923-0007,북부사업소,201609,881,북구 연암공원로13길 6 (산격동) / 1180-71번지,지하-공도,자체-주간,산격동 1180-71,2016-09-23 08:47,2016-09-23 09:00,2016-09-23 12:00,배수지관,북구,520,46-1,공도,50.0,PFP관,이형관,부식,,267일,"2,884 ",,입력,35.8968109,128.59946,1099224.617,1767247.964,,,2016-09-23 08:47:00
454,20160921-0459,북부사업소,201609,876,북구 대학로25길 29-6 (산격동) / 1312-9번지,지상-공도,,대학로25길 29-6 (산격동) / 1312-9번지,2016-09-21 17:02,2016-09-21 17:30,2016-09-21 19:30,급수관,북구,520,48,공도,15.0,부분기대,부분기대,부식,,2시간,0 ,,미입력,35.895277,128.6090439,1100085.055,1767088.204,,,2016-09-21 17:02:00
455,20160920-0523,북부사업소,201609,867,"북구 연암공원로 82, 급수중지(2014.2.10)자납 (산격동) / 1186-66번지",지상-사유지,,"연암공원로 82, 급수중지(2014.2.10)자납 (산격동) / 1186-66번지",2016-09-20 17:11,2016-09-20 17:30,2016-09-20 19:00,급수관,북구,520,24-3,사유지,15.0,계량기보호통(실),앵글밸브,볼트이완,,,,,미입력,35.8974151,128.6010253,1099357.891,1767306.229,,,2016-09-20 17:11:00
456,20160831-0554,북부사업소,201608,823,"북구 대학로23길 13 (산격동,레인보우(다락)) / 1325-7번지",지하-공도,용역,산격동 1325-7 레인보우(다락),2016-08-31 17:49,,2016-09-01 10:11,급수관,북구,520,49,공도,15.0,스텐레스관,직관,노후,,244일,"2,987 ",,미입력,35.8944408,128.6104986,1100221.583,1766998.024,,,2016-08-31 17:49:00
457,20160826-0358,북부사업소,201608,806,북구 대구체육관로10길 28 (산격동) / 1497-3번지,지상-사유지,,대구체육관로10길 28 (산격동) / 1497-3번지,2016-08-26 15:57,,2016-08-26 17:58,급수관,북구,520,47,사유지,15.0,스텐레스관,직관,부식,,,,,미입력,35.8913034,128.6038482,1099626.431,1766643.449,,,2016-08-26 15:57:00
458,20160822-0639,북부사업소,201608,793,북구 대학로9길 48 (산격동) / 1407-56번지,지하-공도,자체-주간,산격동 1407-56,2016-08-22 17:30,,2016-08-23 10:11,배수지관,북구,520,48,공도,15.0,부분기대,부분기대,부식,,235일,"1,466 ",,미입력,35.8951585,128.6060191,1099818.187,1767072.544,,,2016-08-22 17:30:00
459,20160817-0005,북부사업소,201608,776,북구 연암로 68-3 (산격동) / 980번지,지상-사유지,,연암로 68-3 (산격동) / 980번지,2016-08-17 07:56,,2016-08-17 11:32,급수관,북구,520,46-1,사유지,15.0,계량기보호통(실),앵글밸브,노후,,,,,미입력,35.8915451,128.5961415,1098925.888,1766660.556,,,2016-08-17 07:56:00
460,20160801-0100,북부사업소,201608,719,북구 대학로9길 40-4 (산격동) / 1409-23번지,지상-사유지,,대학로9길 40-4 (산격동) / 1409-23번지,2016-08-01 09:55,2016-08-01 13:00,2016-08-01 15:00,급수관,북구,520,49,사유지,25.0,스텐레스관,직관,부식,,,,,미입력,37.5819662,126.9999856,1099838.671,1766997.363,,,2016-08-01 09:55:00
461,20160729-0035,북부사업소,201607,710,"북구 연암공원로11길 20 (산격동,대자비원) / 1180-136번지",지하-공도,자체-주간,산격동 1180-136 대자비원,2016-07-29 09:18,,2016-07-29 12:11,급수관,북구,520,24-3,공도,15.0,부분기대,부분기대,부식,,211일,"3,241 ",,입력,35.8977634,128.5994017,1099214.974,1767354.995,,,2016-07-29 09:18:00
462,20160729-0007,북부사업소,201607,709,"북구 대학로23길 15-3, (공용함) (산격동,희진빌) / 1325-4번지",지하-미누수,용역,산격동 1325-4 희진빌 (공용함),2016-07-29 08:45,,2016-08-02 18:00,,북구,520,49,,,,,,,,,,미입력,35.8943289,128.6105665,1100229.853,1766983.563,,,2016-07-29 08:45:00
463,20160727-0101,북부사업소,201607,700,"북구 산격로 69 (산격동,스타노래연습장) / 1228-1번지",지하-공도,용역,산격동 1228-1 스타노래연습장,2016-07-27 10:30,2016-07-27 13:00,2016-07-27 15:00,배수지관,북구,520,47,공도,100.0,변류,접합부,노후,,209일,"33,607 ",,입력,35.8968205,128.6051151,1099735.873,1767255.573,,,2016-07-27 10:30:00
464,20160727-0099,북부사업소,201607,699,북구 연암공원로10길 33-5 (산격동) / 1437-82번지,지하-공도,용역,산격동 1437-82,2016-07-27 10:29,2016-07-27 15:00,2016-07-27 17:00,급수관,북구,520,24-3,공도,15.0,스텐레스관,이형관,노후,,209일,"2,257 ",,입력,35.894683,128.6021927,1099470.954,1767016.371,,,2016-07-27 10:29:00
465,20160727-0098,북부사업소,201607,698,"북구 연암공원로14길 39, 2층 (산격동) / 1226-1번지",지하-사유지,용역,산격동 1226-1 2층,2016-07-27 10:27,2016-07-27 15:00,2016-07-27 17:00,급수관,북구,520,47,사유지,15.0,계량기보호통(실),계량기보호통,노후,,209일,"1,304 ",,미입력,35.8965447,128.6043002,1099662.146,1767223.712,,,2016-07-27 10:27:00
466,20160720-0398,북부사업소,201607,679,북구 대구체육관로4길 7-7 (산격동) / 1401-7번지,지하-공도,용역,산격동 1401-7,2016-07-20 17:14,2016-07-21 09:00,2016-07-21 12:00,배수지관,북구,520,47,공도,15.0,부분기대,부분기대,부식,,203일,"2,533 ",,미입력,35.8908966,128.602927,1099543.481,1766596.53,,,2016-07-20 17:14:00
467,20160720-0397,북부사업소,201607,678,북구 대동로8길 1 (산격동) / 1268-15번지,지하-공도,용역,산격동 1268-15,2016-07-20 17:14,2016-07-21 09:00,2016-07-21 12:00,배수지관,북구,520,49,공도,15.0,닥타일관,이형관,부식,,202일,"1,697 ",,입력,35.8966144,128.6107966,1100246.347,1767238.998,,,2016-07-20 17:14:00
468,20160720-0396,북부사업소,201607,677,북구 대학로23길 15-5 (산격동) / 1327번지,지하-미누수,용역,산격동 1327,2016-07-20 17:13,2016-07-28 09:00,2016-07-28 12:00,,북구,520,49,,,,,,,,,,미입력,35.8942635,128.610443,1100217.789,1766977.602,,,2016-07-20 17:13:00
469,20160720-0395,북부사업소,201607,676,"북구 대학로9길 35 (산격동,아트라스) / 1410-9번지",지하-사유지,용역,산격동 1410-9 아트라스 ,2016-07-20 17:12,2016-07-27 09:00,2016-07-27 12:00,급수관,북구,520,49,사유지,15.0,스텐레스관,이형관,노후,,209일,"1,956 ",,미입력,35.8939504,128.6058123,1099801.373,1766939.977,,,2016-07-20 17:12:00
470,20160719-0084,북부사업소,201607,669,북구 대학로9길 40-4 (산격동) / 1409-23번지,지상-사유지,,대학로9길 40-4 (산격동) / 1409-23번지,2016-07-19 10:04,,2016-07-19 13:01,급수관,북구,520,49,사유지,15.0,스텐레스관,직관,노후,,,0 ,,미입력,37.5819662,126.9999856,1099838.671,1766997.363,,,2016-07-19 10:04:00
471,20160719-0024,북부사업소,201607,668,"북구 산격로10길 47 (산격동,상록) / 1307-54번지",지하-사유지,용역,산격동 1307-54 상록,2016-07-19 09:17,2016-07-27 13:00,2016-07-27 16:00,급수관,북구,520,49,사유지,20.0,스텐레스관,이형관,노후,,209일,"3,461 ",,미입력,35.8950258,128.6105732,1100228.957,1767061.639,,,2016-07-19 09:17:00
472,20160719-0023,북부사업소,201607,667,북구 산격로14길 42-6 (산격동) / 1306-41번지,지하-사유지,용역,산격동 1306-41,2016-07-19 09:16,,2016-07-21 18:00,급수관,북구,520,49,사유지,15.0,스텐레스관,이형관,노후,,201일,"1,881 ",,미입력,35.8957776,128.6097453,1100152.541,1767146.534,,,2016-07-19 09:16:00
473,20160719-0020,북부사업소,201607,666,북구 대학로25길 34-13 (산격동) / 1311-12번지,지하-사유지,용역,산격동 1311-12,2016-07-19 09:15,2016-07-19 10:00,2016-07-19 12:00,급수관,북구,520,48,사유지,15.0,스텐레스관,직관,노후,,201일,"3,087 ",,미입력,35.8956918,128.6087921,1100067.401,1767138.101,,,2016-07-19 09:15:00
474,20160719-0019,북부사업소,201607,665,북구 대학로9길 74-7 (산격동) / 1242-5번지,지하-공도,용역,산격동 1242-5,2016-07-19 09:13,2016-07-27 09:00,2016-07-27 12:00,배수지관,북구,520,48,공도,15.0,부분기대,부분기대,부식,,201일,"2,508 ",,입력,35.8970193,128.6069647,1099901.515,1767279.225,,,2016-07-19 09:13:00
475,20160719-0018,북부사업소,201607,664,북구 산격로14길 16 (산격동) / 1406-34번지,지하-공도,용역,산격동 1406-34,2016-07-19 09:10,2016-07-27 09:00,2016-07-27 12:00,급수관,북구,520,48,공도,15.0,부분기대,부분기대,노후,,209일,"3,712 ",,입력,35.8959178,128.6070107,1099906.428,1767158.673,,,2016-07-19 09:10:00
476,20160704-0265,북부사업소,201607,618,북구 대구체육관로9길 8 (산격동) / 1430-39번지,지상-사유지,,대구체육관로9길 8 (산격동) / 1430-39번지,2016-07-04 11:49,2016-07-04 13:00,2016-07-04 15:00,급수관,북구,520,47,사유지,15.0,계량기보호통(실),계량기보호통,부식,,,0 ,,미입력,35.893004,128.6040576,1099643.166,1766830.494,,,2016-07-04 11:49:00
477,20160623-0274,북부사업소,201606,599,북구 연암로4길 49 (산격동) / 1498-220번지,미누수,,산격동 1498-220,2016-06-23 14:29,,2016-06-23 18:29,,북구,520,47,,,,,,,,,,미입력,35.890631,128.6037241,1099615.531,1766565.606,,,2016-06-23 14:29:00
478,20160622-0148,북부사업소,201606,598,"북구 대동로 51-1 (산격동,부산횟집) / 1281-26번지",지하-공도,자체-주간,산격동 1281-26 부산횟집,2016-06-22 10:36,2016-06-27 09:00,2016-06-27 12:00,배수지관,북구,520,49,공도,25.0,부분기대,부분기대,부식,,177일,"2,974 ",,미입력,35.896366,128.6122837,1100382.866,1767210.699,,,2016-06-22 10:36:00
479,20160618-0018,북부사업소,201606,579,북구 연암공원로 31-7 (산격동) / 878-3번지,지상-공도,,연암공원로 31-7 (산격동) / 878-3번지,2016-06-18 13:52,2016-06-18 14:22,2016-06-18 18:11,급수관,북구,520,46-1,공도,15.0,PFP관,직관,부식,,3시간,1 ,,입력,35.8941288,128.5978432,1099067.876,1766930.031,,,2016-06-18 13:52:00
480,20160610-0254,북부사업소,201606,564,"북구 대학로17길 1 (산격동,파리바케트) / 1399번지",지상-공도,,"대학로17길 1 (산격동,파리바케트) / 1399번지",2016-06-10 15:05,,2016-06-10 18:11,급수관,북구,520,49,공도,25.0,스텐레스관,직관,타공사손괴,구청(도로개설),1시간,8 ,,미입력,35.8924486,128.6086639,1100058.266,1766774.635,,,2016-06-10 15:05:00
481,20160516-0297,북부사업소,201605,484,북구 대학로 99 (산격동) / 1329-6번지,지상-공도,,대학로 99 (산격동) / 1329-6번지,2016-05-16 14:55,,2016-05-16 17:00,급수관,북구,520,49,공도,40.0,PFP관,직관,부식,,4시간,14 ,,입력,36.366638,127.3457442,1100217.623,1766932.716,,,2016-05-16 14:55:00
482,20160426-0025,북부사업소,201604,430,북구 대학로17길 20-1 (산격동) / 1313-6번지,지상-공도,,대학로17길 20-1 (산격동) / 1313-6번지,2016-04-26 09:03,2016-04-26 09:23,2016-04-26 12:11,급수관,북구,520,49,공도,25.0,부분기대,부분기대,부식,,3시간,9 ,,입력,35.8940179,128.6089717,1100097.832,1766954.197,,,2016-04-26 09:03:00
483,20160412-0326,북부사업소,201604,393,"북구 연암공원로13길 6-9, (급수중지-2013.11.1) (산격동) / 1180-93번지",지상-사유지,,"연암공원로13길 6-9, (급수중지-2013.11.1) (산격동) / 1180-93번지",2016-04-12 17:36,2016-04-12 17:48,2016-04-12 19:11,급수관,북구,520,46-1,사유지,15.0,스텐레스관,이형관,노후,,,,,미입력,35.8972015,128.5994722,1099224.667,1767298.151,,,2016-04-12 17:36:00
484,20160412-0290,북부사업소,201604,392,"북구 연암공원로14길 14 (산격동,목련미용실) / 1434-33번지",지상-공도,,"연암공원로14길 14 (산격동,목련미용실) / 1434-33번지",2016-04-12 16:26,2016-04-12 17:00,2016-04-12 20:00,급수관,북구,520,24-3,공도,40.0,닥타일관,이형관,부식,,3시간,3 ,,입력,35.8964338,128.601439,1099402.682,1767208.281,,,2016-04-12 16:26:00
485,20160404-0615,북부사업소,201604,348,북구 대학로9길 34-1 (산격동) / 1409-31번지,지상-공도,,대학로9길 34-1 (산격동) / 1409-31번지,2016-04-04 17:49,2016-04-04 18:00,2016-04-04 21:00,급수관,북구,520,49,공도,15.0,부분기대,부분기대,부식,,3시간,1 ,,미입력,35.8939066,128.6059705,1099818.297,1766933.668,,,2016-04-04 17:49:00
486,20160330-0457,북부사업소,201603,333,"북구 산격로13길 5-9 (산격동,자납) / 1228-10번지",지상-사유지,,"산격로13길 5-9 (산격동,자납) / 1228-10번지",2016-03-30 16:51,2016-03-30 17:11,2016-03-30 18:58,급수관,북구,520,47,사유지,15.0,계량기보호통(실),계량기보호통,노후,,,,,미입력,35.8965494,128.6049679,1099721.315,1767228.308,,,2016-03-30 16:51:00
487,20160330-0208,북부사업소,201603,331,북구 산격로14길 34-1 (산격동) / 1311-23번지,지상-사유지,,산격로14길 34-1 (산격동) / 1311-23번지,2016-03-30 11:39,2016-03-30 11:58,2016-03-30 14:40,급수관,북구,520,48,사유지,15.0,계량기보호통(실),앵글밸브,부식,,,,,미입력,35.895795,128.6089641,1100083.155,1767146.578,,,2016-03-30 11:39:00
488,20160328-0293,북부사업소,201603,320,북구 연암공원로 27 (산격동) / 1100-1번지,지상-공도,,연암공원로 27 (산격동) / 1100-1번지,2016-03-28 13:01,2016-03-28 13:30,2016-03-28 16:00,배수지관,북구,520,46-1,공도,300.0,닥타일관,직관,타공사손괴,도시가스,1시간,15 ,,입력,35.8934802,128.5975857,1099057.958,1766875.995,,,2016-03-28 13:01:00
489,20160328-0032,북부사업소,201603,316,"북구 대학로23길 26 (산격동,야끼한남자) / 1313-62번지",지하-공도,용역,산격동 1313-62 야끼한남자 ,2016-03-28 09:16,2016-03-28 09:30,2016-03-28 11:30,급수관,북구,520,49,공도,15.0,스텐레스관,이형관,부식,,88일,232 ,,미입력,35.8937085,128.6093782,1100123.146,1766911.731,,,2016-03-28 09:16:00
490,20160318-0170,북부사업소,201603,285,북구 대학로9길 42-1 (산격동) / 1409-18번지,지상-공도,,대학로9길 42-1 (산격동) / 1409-18번지,2016-03-18 13:02,2016-03-18 13:30,2016-03-18 17:00,급수관,북구,520,49,공도,20.0,스텐레스관,이형관,부식,,3시간,0 ,,입력,35.8946029,128.6061338,1099828.022,1767007.504,,,2016-03-18 13:02:00
491,20160318-0169,북부사업소,201603,284,북구 대학로9길 40-2 (산격동) / 1409-21번지,지하-공도,자체-주간,산격동 1409-21,2016-03-18 13:02,2016-03-18 13:30,2016-03-18 16:00,급수관,북구,520,49,공도,20.0,스텐레스관,이형관,접합부이완,,78일,243 ,,입력,35.8944989,128.6060147,1099819.051,1767001.856,,,2016-03-18 13:02:00
492,20160318-0056,북부사업소,201603,283,북구 대학로9길 86-1 (산격동) / 1241-11번지,지상-사유지,,대학로9길 86-1 (산격동) / 1241-11번지,2016-03-18 09:59,2016-03-18 10:12,2016-03-18 12:48,급수관,북구,520,48,사유지,15.0,계량기보호통(실),앵글밸브,부식,,,,,미입력,35.8979053,128.607681,1099965.101,1767377.423,,,2016-03-18 09:59:00
493,20160316-0329,북부사업소,201603,273,북구 연암로 68-5 (산격동) / 981번지,지상-사유지,,연암로 68-5 (산격동) / 981번지,2016-03-16 16:32,2016-03-16 16:58,2016-03-16 19:44,급수관,북구,520,46-1,사유지,15.0,계량기보호통(실),앵글밸브,부식,,,,,미입력,35.8917137,128.5961183,1098925.698,1766678.359,,,2016-03-16 16:32:00
494,20160316-0155,북부사업소,201603,268,북구 산격동 1393-21,지상-공도,,산격동 1393-21,2016-03-16 12:00,2016-03-16 12:11,2016-03-16 14:38,급수관,북구,520,47,공도,15.0,부분기대,부분기대,부식,,3시간,1 ,,미입력,35.8929457,128.6086222,1100044.757,1766893.635,,,2016-03-16 12:00:00
495,20160314-0409,북부사업소,201603,265,북구 산격로13길 12-3 (산격동) / 1221-10번지,지하-공도,자체-주간,산격동 1221-10,2016-03-14 17:56,2016-03-15 09:00,2016-03-15 12:00,급수관,북구,520,47,공도,15.0,PFP관,이형관,부식,,74일,266 ,,입력,35.8971634,128.6038306,1099617.705,1767292.066,,,2016-03-14 17:56:00
496,20160310-0298,북부사업소,201603,252,"북구 산격로10길 34-1 (산격동,블루밍하우스) / 1313-15번지",지상-공도,,"산격로10길 34-1 (산격동,블루밍하우스) / 1313-15번지",2016-03-10 14:55,2016-03-10 15:22,2016-03-10 18:11,급수관,북구,520,49,공도,20.0,부분기대,부분기대,타공사손괴,구청(도로개설),3시간,4 ,,미입력,35.8948091,128.6090867,1100095.108,1767038.265,,,2016-03-10 14:55:00
497,20160307-0476,북부사업소,201603,238,"북구 연암로12길 2, 고물상 (산격동) / 1018-2번지",지상-사유지,,"연암로12길 2, 고물상 (산격동) / 1018-2번지",2016-03-07 14:35,2016-03-07 14:55,2016-03-07 17:54,급수관,북구,520,46-1,사유지,15.0,계량기보호통(실),계량기보호통,노후,,,,,미입력,35.8913465,128.5973101,1099035.789,1766637.229,,,2016-03-07 14:35:00
498,20160307-0121,북부사업소,201603,236,북구 산격로서9길 8 (산격동) / 1437-22번지,지하-공도,자체-주간,산격동 1437-22,2016-03-07 10:09,,2016-03-07 12:00,급수관,북구,520,24-3,공도,20.0,스텐레스관,직관,부식,,66일,"1,093 ",,미입력,35.8951768,128.6018861,1099444.974,1767071.833,,,2016-03-07 10:09:00
499,20160303-0007,북부사업소,201603,225,북구 연암공원로13길 6 (산격동) / 1180-71번지,지하-공도,자체-주간,산격동 1180-71,2016-03-03 08:51,2016-03-03 09:00,2016-03-03 12:00,급수관,북구,520,46-1,공도,15.0,에폭시강관,이형관,부식,,63일,227 ,,입력,35.8968109,128.59946,1099224.617,1767247.964,,,2016-03-03 08:51:00
500,20160303-0006,북부사업소,201603,224,북구 산격동 1180-43 (2010.4.27직권폐전),지하-공도,자체-주간,산격동 1180-43 (2010.4.27직권폐전),2016-03-03 08:49,2016-03-03 09:30,2016-03-03 12:30,급수관,북구,520,24-3,공도,15.0,에폭시강관,이형관,부식,,63일,227 ,,입력,35.8977425,128.5987645,1099160.553,1767341.614,,,2016-03-03 08:49:00
501,20160302-0499,북부사업소,201603,223,북구 연암공원로7길 2-1 (산격동) / 1139-5번지,지하-공도,자체-주간,산격동 1139-5,2016-03-02 14:59,2016-03-02 15:28,2016-03-02 18:11,급수관,북구,520,46-1,공도,15.0,부분기대,부분기대,부식,,62일,372 ,,미입력,35.894565,128.5981758,1099108.623,1766998.125,,,2016-03-02 14:59:00
502,20160302-0314,북부사업소,201603,222,"북구 연암공원로7길 6-13, (2011.06.27 급수중지) (산격동) / 1135-15번지",지하-공도,자체-주간,산격동 1135-15 (2011.06.27 급수중지),2016-03-02 12:48,2016-03-02 13:30,2016-03-02 16:30,급수관,북구,520,46-1,공도,15.0,부분기대,부분기대,부식,,62일,179 ,,입력,35.8949121,128.5981508,1099108.845,1767032.217,,,2016-03-02 12:48:00
503,20160229-0449,북부사업소,201602,214,"북구 대학로25길 33 (산격동,발리) / 1312-2번지",지하-공도,자체-주간,산격동 1312-2 발리 ,2016-02-29 14:37,2016-02-29 14:50,2016-02-29 17:30,급수관,북구,520,48,공도,15.0,스텐레스관,이형관,부식,,60일,259 ,,미입력,35.8954223,128.6087186,1100063.578,1767104.39,,,2016-02-29 14:37:00
504,20160226-0078,북부사업소,201602,208,북구 연암공원로14길 28 (산격동) / 1224-1번지,지상-공도,,연암공원로14길 28 (산격동) / 1224-1번지,2016-02-26 10:01,2016-02-26 10:25,2016-02-26 13:11,급수관,북구,520,47,공도,100.0,닥타일관,직관,부식,,2시간,39 ,,입력,35.8964629,128.6030102,1099544.129,1767213.304,,,2016-02-26 10:01:00
505,20160224-0093,북부사업소,201602,200,북구 연암공원로32길 64-54 (산격동) / 1190-20번지,지상-공도,,연암공원로32길 64-54 (산격동) / 1190-20번지,2016-02-24 10:11,2016-02-24 10:45,2016-02-24 13:11,급수관,북구,520,24-3,공도,15.0,PFP관,이형관,부식,,3시간,1 ,,입력,35.8977553,128.6038483,1099618.083,1767355.258,,,2016-02-24 10:11:00
506,20160224-0011,북부사업소,201602,199,북구 대학로17길 6 (산격동) / 1327-4번지,지상-사유지,,대학로17길 6 (산격동) / 1327-4번지,2016-02-24 08:59,2016-02-24 09:21,2016-02-24 12:11,급수관,북구,520,49,사유지,15.0,계량기보호통(실),계량기보호통,부식,,,0 ,,미입력,35.8929347,128.6089261,1100083.789,1766827.452,,,2016-02-24 08:59:00
507,20160223-0370,북부사업소,201602,196,"북구 대학로23길 35, 편의점 (산격동) / 1336-4번지",지상-공도,,"대학로23길 35, 편의점 (산격동) / 1336-4번지",2016-02-23 15:24,2016-02-23 15:55,2016-02-23 18:11,급수관,북구,520,49,공도,15.0,닥타일관,이형관,타공사손괴,구청(도로개설),3시간,3 ,,입력,35.893,128.6091518,1100101.147,1766835.436,,,2016-02-23 15:24:00
508,20160217-0038,북부사업소,201602,178,북구 연암로4길 49-2 (산격동) / 1498-215번지,지하-공도,자체-주간,산격동 1498-215,2016-02-17 10:03,2016-02-17 10:15,2016-02-17 13:45,급수관,북구,520,47,공도,15.0,기타,기타,부식,,48일,588 ,,미입력,35.8906845,128.6035591,1099600.602,1766571.028,,,2016-02-17 10:03:00
509,20160217-0026,북부사업소,201602,176,북구 연암공원로 29-1 (산격동) / 878-7번지,지하-공도,자체-주간,산격동 878-7,2016-02-17 09:52,2016-02-17 10:11,2016-02-17 12:27,급수관,북구,520,46-1,공도,15.0,스텐레스관,직관,부식,,48일,58 ,,미입력,35.8937662,128.5975818,1099057.786,1766910.582,,,2016-02-17 09:52:00
510,20160215-0151,북부사업소,201602,168,북구 대학로23길 16-1 (산격동) / 1309-9번지,지상-공도,,대학로23길 16-1 (산격동) / 1309-9번지,2016-02-15 10:55,2016-02-15 11:12,2016-02-15 14:01,급수관,북구,520,49,공도,15.0,스텐레스관,직관,부식,,3시간,1 ,,미입력,35.8945027,128.6100288,1100180.175,1767002.312,,,2016-02-15 10:55:00
511,20160203-0532,북부사업소,201602,136,북구 산격로13길 16-1 (산격동) / 1221-3번지,지상-공도,,산격로13길 16-1 (산격동) / 1221-3번지,2016-02-03 16:22,2016-02-03 16:48,2016-02-03 19:11,배수본관,북구,520,47,공도,100.0,기타,기타,부식,,1시간,13 ,,입력,35.897172,128.6035242,1099590.819,1767291.829,,,2016-02-03 16:22:00
512,20160203-0014,북부사업소,201602,132,북구 산격로13길 12-4 (산격동) / 1221-14번지,지상-공도,,산격로13길 12-4 (산격동) / 1221-14번지,2016-02-03 09:10,2016-02-03 09:30,2016-02-03 12:00,급수관,북구,520,47,공도,15.0,스텐레스관,이형관,부식,,3시간,0 ,,미입력,35.897163,128.6040123,1099634.113,1767291.452,,,2016-02-03 09:10:00
513,20160202-0001,북부사업소,201602,126,"북구 연암공원로32길 64 (산격동,세동마트) / 1221-1번지",지상-공도,,"연암공원로32길 64 (산격동,세동마트) / 1221-1번지",2016-02-02 08:09,2016-02-02 08:30,2016-02-02 11:23,급수관,북구,520,47,공도,15.0,에폭시강관,이형관,부식,,3시간,0 ,,입력,35.8972954,128.6046739,1099692.916,1767307.548,,,2016-02-02 08:09:00
514,20160130-0054,북부사업소,201601,117,"북구 연암로12길 2, 고물상 (산격동) / 1018-2번지",지상-사유지,,"연암로12길 2, 고물상 (산격동) / 1018-2번지",2016-01-30 12:39,2016-01-30 12:55,2016-01-30 15:48,급수관,북구,520,46-1,사유지,15.0,계량기보호통(실),앵글밸브,부식,,,,,미입력,35.8913465,128.5973101,1099035.789,1766637.229,,,2016-01-30 12:39:00
515,20160129-0102,북부사업소,201601,107,북구 산격로11길 8-1 (산격동) / 1225-11번지,지상-사유지,,산격로11길 8-1 (산격동) / 1225-11번지,2016-01-29 10:03,2016-01-29 10:11,2016-01-29 13:01,급수관,북구,520,47,사유지,15.0,계량기보호통(실),앵글밸브,노후,,,,,미입력,35.8961129,128.6042063,1099653.097,1767175.376,,,2016-01-29 10:03:00
516,20160124-0015,북부사업소,201601,56,"북구 대구체육관로10길 17 (산격동,드림빌) / 1490-34번지",지상-공도,,"대구체육관로10길 17 (산격동,드림빌) / 1490-34번지",2016-01-24 08:10,,2016-01-24 22:11,급수관,북구,520,47,공도,15.0,스텐레스관,이형관,부식,,3시간,0 ,,입력,35.8917564,128.6040532,1099644.467,1766693.827,,,2016-01-24 08:10:00
517,20160122-0076,북부사업소,201601,52,북구 산격로11길 2-9 (산격동) / 1227-4번지,지상-공도,,산격로11길 2-9 (산격동) / 1227-4번지,2016-01-22 10:08,2016-01-22 10:34,2016-01-22 14:44,급수관,북구,520,47,공도,15.0,스텐레스관,직관,노후,,3시간,1 ,,입력,35.8964003,128.6048753,1099712.521,1767207.774,,,2016-01-22 10:08:00
518,20160121-0031,북부사업소,201601,47,북구 대학로9길 42-2 (산격동) / 1409-19번지,지하-사유지,자체-주간,산격동 1409-19,2016-01-21 09:25,2016-01-21 10:04,2016-01-21 13:21,급수관,북구,520,49,사유지,15.0,계량기보호통(실),계량기보호통,부식,,21일,55 ,,미입력,35.8945458,128.6062248,1099837.722,1767007.048,,,2016-01-21 09:25:00
519,20160120-0126,북부사업소,201601,36,북구 연암공원로20길 20 (산격동) / 1188-42번지,지상-공도,,연암공원로20길 20 (산격동) / 1188-42번지,2016-01-20 11:03,2016-01-20 11:30,2016-01-20 13:30,급수관,북구,520,24-3,공도,15.0,PFP관,이형관,부식,,3시간,1 ,,입력,35.8979762,128.603352,1099573.964,1767381.627,,,2016-01-20 11:03:00
520,20160119-0205,북부사업소,201601,31,북구 대학로25길 49-1 (산격동) / 1407-13번지,지하-공도,자체-주간,산격동 1407-13,2016-01-19 13:15,2016-01-19 13:30,2016-01-19 16:00,급수관,북구,520,48,공도,20.0,스텐레스관,직관,부식,,19일,447 ,,미입력,35.8953065,128.6067474,1099883.196,1767088.367,,,2016-01-19 13:15:00
521,20160114-0137,북부사업소,201601,19,북구 대구체육관로4길 7-9 (산격동) / 1401-79번지,지하-공도,자체-주간,산격동 1401-79,2016-01-14 15:01,2016-01-14 15:30,2016-01-14 18:00,급수관,북구,520,47,공도,15.0,스텐레스관,이형관,부식,,14일,144 ,,미입력,35.8908924,128.603033,1099553.669,1766598.487,,,2016-01-14 15:01:00
522,20160114-0125,북부사업소,201601,18,북구 산격로 40-7 (산격동) / 1410-30번지,지상-공도,,산격로 40-7 (산격동) / 1410-30번지,2016-01-14 14:23,2016-01-14 15:00,2016-01-14 17:00,급수관,북구,520,49,공도,15.0,PFP관,이형관,노후,,3시간,0 ,,입력,35.8938931,128.6055682,1099777.868,1766941.563,,,2016-01-14 14:23:00
523,20160112-0087,북부사업소,201601,12,북구 연암공원로12길 3-1 (산격동) / 1159-3번지,지상-사유지,,연암공원로12길 3-1 (산격동) / 1159-3번지,2016-01-12 11:12,2016-01-12 11:30,2016-01-12 13:30,급수관,북구,520,46-1,사유지,15.0,계량기보호통(실),연결부,노후,,,,,미입력,35.8959292,128.5997721,1099251.104,1767151.417,,,2016-01-12 11:12:00
524,20151230-0027,북부사업소,201601,890,북구 산격로8길 23-1 (산격동) / 1326-26번지,지상-공도,,산격로8길 23-1 (산격동) / 1326-26번지,2015-12-30 09:12,2015-12-30 09:30,2015-12-30 12:00,급수관,북구,520,49,공도,15.0,부분기대,부분기대,부식,,3시간,1 ,,입력,35.8937019,128.6078629,1099985.977,1766911.827,,,2015-12-30 09:12:00
525,20151214-0212,북부사업소,201512,847,북구 산격로11길 32-1 (산격동) / 1434-61번지,지상-사유지,,산격로11길 32-1 (산격동) / 1434-61번지,2015-12-14 13:33,,2015-12-14 15:30,급수관,북구,520,24-3,사유지,15.0,계량기보호통(실),앵글밸브,노후,,,,,미입력,35.8960005,128.6017319,1099430.422,1767160.837,,,2015-12-14 13:33:00
526,20151208-0489,북부사업소,201512,833,"북구 대학로23길 34 (산격동,고니) / 1327-5번지",지상-공도,,"대학로23길 34 (산격동,고니) / 1327-5번지",2015-12-08 16:05,,2015-12-08 18:00,급수관,북구,520,49,공도,25.0,부분기대,부분기대,노후,,3시간,7 ,,입력,35.8931563,128.6090031,1100090.356,1766852.575,,,2015-12-08 16:05:00
527,20151204-0144,북부사업소,201512,827,"북구 산격로 15 (산격동,오종인쇄소) / 1433-60번지",지상-공도,,"산격로 15 (산격동,오종인쇄소) / 1433-60번지",2015-12-04 13:05,,2015-12-04 14:00,배수지관,북구,520,47,공도,25.0,스텐레스관,이형관,노후,,3시간,2 ,,미입력,35.8918834,128.6050608,1099735.373,1766707.59,,,2015-12-04 13:05:00
528,20151126-0035,북부사업소,201511,798,북구 산격로11길 18-5 (산격동) / 1224-29번지,지상-공도,,산격로11길 18-5 (산격동) / 1224-29번지,2015-11-26 09:42,,2015-11-26 12:00,급수관,북구,520,47,공도,15.0,스텐레스관,이형관,노후,,3시간,1 ,,입력,35.8961586,128.6031679,1099559.502,1767179.588,,,2015-11-26 09:42:00
529,20151124-0343,북부사업소,201511,788,북구 산격로13길 21-5 (산격동) / 1195-94번지,지상-공도,,산격로13길 21-5 (산격동) / 1195-94번지,2015-11-24 14:29,,2015-11-24 16:30,급수관,북구,520,24-3,공도,15.0,부분기대,부분기대,부식,,3시간,1 ,,입력,35.8968874,128.6031159,1099553.192,1767259.544,,,2015-11-24 14:29:00
530,20151119-0012,북부사업소,201511,769,북구 대구체육관로11길 32 (산격동) / 1425-45번지,지상-공도,,대구체육관로11길 32 (산격동) / 1425-45번지,2015-11-19 09:03,2015-11-19 12:30,2015-11-19 15:00,급수관,북구,520,47,공도,15.0,스텐레스관,직관,노후,,3시간,2 ,,미입력,35.8940716,128.6047604,1099704.241,1766950.981,,,2015-11-19 09:03:00
531,20151112-0114,북부사업소,201511,741,"북구 연암공원로32길 64 (산격동,세동마트) / 1221-1번지",지상-공도,,"연암공원로32길 64 (산격동,세동마트) / 1221-1번지",2015-11-12 12:34,,2015-11-12 14:00,급수관,북구,520,47,공도,15.0,부분기대,부분기대,노후,,1시간,0 ,,입력,35.8972954,128.6046739,1099692.916,1767307.548,,,2015-11-12 12:34:00
532,20151109-0238,북부사업소,201511,732,북구 연암공원로 82-16 (산격동) / 1186-88번지,지상-공도,,연암공원로 82-16 (산격동) / 1186-88번지,2015-11-09 11:21,,2015-11-09 14:00,급수관,북구,520,24-3,공도,40.0,기타,기타,기타,,0시간,0 ,,미입력,35.8969841,128.60109,1099369.889,1767266.806,,,2015-11-09 11:21:00
533,20151028-0306,북부사업소,201510,706,북구 산격로10길 30 (산격동) / 1314-43번지,지상-사유지,,산격로10길 30 (산격동) / 1314-43번지,2015-10-28 13:39,,2015-10-28 16:00,급수관,북구,520,48,사유지,15.0,계량기보호통(실),계량기보호통,고무링-패킹손상,,,,,미입력,35.8948508,128.6084893,1100040.61,1767040.387,,,2015-10-28 13:39:00
534,20151026-0499,북부사업소,201510,696,"북구 연암로12길 2, 고물상 (산격동) / 1018-2번지",지상-사유지,,"연암로12길 2, 고물상 (산격동) / 1018-2번지",2015-10-26 15:22,,2015-10-26 17:30,급수관,북구,520,46-1,사유지,15.0,계량기보호통(실),앵글밸브,부식,,,,,미입력,35.8913465,128.5973101,1099035.789,1766637.229,,,2015-10-26 15:22:00
535,20151016-0128,북부사업소,201510,675,북구 연암공원로12길 3-1 (산격동) / 1159-3번지,지상-사유지,,연암공원로12길 3-1 (산격동) / 1159-3번지,2015-10-16 11:46,,2015-10-16 14:00,급수관,북구,520,46-1,사유지,15.0,계량기보호통(실),연결부,시공불량,,,,,미입력,35.8959292,128.5997721,1099251.104,1767151.417,,,2015-10-16 11:46:00
536,20151007-0221,북부사업소,201511,645,북구 산격로10길 41-2 (산격동) / 1307-29번지,지하-공도,자체-주간,산격동 1307-29,2015-10-07 10:40,,2015-10-07 14:00,급수관,북구,520,49,공도,15.0,아연도강관,직관,노후,,280일,"5,779 ",,미입력,35.8951477,128.6098643,1100164.189,1767078.608,,,2015-10-07 10:40:00
537,20151005-0342,북부사업소,201510,642,북구 연암로 52-7 (산격동) / 1005-5번지,지상-사유지,,연암로 52-7 (산격동) / 1005-5번지,2015-10-05 12:13,,2015-10-05 15:00,급수관,북구,520,46-1,사유지,15.0,계량기보호통(실),연결부,고무링-패킹손상,,,,,미입력,35.8912517,128.5982398,1099118.487,1766632.856,,,2015-10-05 12:13:00
538,20150922-0149,북부사업소,201509,622,"북구 대학로23길 21, 1층 (산격동,매콤돈가스) / 1331-3번지",지상-공도,,"대학로23길 21, 1층 (산격동,매콤돈가스) / 1331-3번지",2015-09-22 10:46,,2015-09-22 12:30,급수관,북구,520,49,공도,25.0,부분기대,부분기대,노후,,3시간,2 ,,입력,35.8938858,128.6098006,1100160.613,1766935.718,,,2015-09-22 10:46:00
539,20150920-0006,북부사업소,201509,615,북구 대동로 32-2 (산격동) / 1266-17번지,지상-사유지,,대동로 32-2 (산격동) / 1266-17번지,2015-09-20 13:23,,2015-09-20 15:30,급수관,북구,520,49,사유지,15.0,계량기보호통(실),계량기보호통,노후,,,,,미입력,36.929279,127.5632745,1100175.806,1767268.525,,,2015-09-20 13:23:00
540,20150903-0297,북부사업소,201509,583,북구 대동로8길 2 (산격동) / 1266-10번지,지상-공도,,대동로8길 2 (산격동) / 1266-10번지,2015-09-03 13:53,,2015-09-03 16:30,배수지관,북구,520,49,공도,15.0,스텐레스관,직관,타공사손괴,건축,1시간,3 ,,입력,35.8966605,128.6105849,1100228.904,1767247.308,,,2015-09-03 13:53:00
541,20150903-0232,북부사업소,201509,580,"북구 산격로1길 54 (산격동,강나루매운탕) / 1498-157번지",지하-공도,용역,산격동 1498-157 강나루매운탕,2015-09-03 13:04,,2015-09-03 16:00,급수관,북구,520,47,공도,15.0,부분기대,부분기대,부식,,65일,390 ,,입력,35.8916774,128.6029474,1099544.741,1766683.228,,,2015-09-03 13:04:00
542,20150901-0037,북부사업소,201509,570,북구 연암로4길 42-5 (산격동) / 1498-88번지,지하-사유지,용역,산격동 1498-88,2015-09-01 09:16,,2015-09-01 11:00,급수관,북구,520,47,사유지,15.0,스텐레스관,이형관,노후,,63일,106 ,,미입력,35.890282,128.6036756,1099611.008,1766531.298,,,2015-09-01 09:16:00
543,20150901-0034,북부사업소,201509,569,북구 연암로4길 41-8 (산격동) / 1401-13번지,지하-사유지,용역,산격동 1401-13,2015-09-01 09:15,,2015-09-01 11:30,급수관,북구,520,47,사유지,15.0,계량기보호통(실),계량기보호통,노후,,63일,106 ,,미입력,35.8905487,128.6031583,1099564.364,1766560.247,,,2015-09-01 09:15:00
544,20150823-0015,북부사업소,201508,542,"북구 대학로23길 19 (산격동,베로커피) / 1327-11번지",지상-공도,,"대학로23길 19 (산격동,베로커피) / 1327-11번지",2015-08-23 16:07,,2015-08-23 17:30,급수관,북구,520,49,공도,20.0,스텐레스관,이형관,부식,,3시간,1 ,,입력,35.8940889,128.6099565,1100174.0,1766957.081,,,2015-08-23 16:07:00
545,20150821-0142,북부사업소,201508,540,북구 대동로8길 7-1 (산격동) / 1267-30번지,지상-사유지,,대동로8길 7-1 (산격동) / 1267-30번지,2015-08-21 11:38,,2015-08-21 13:30,급수관,북구,520,49,사유지,15.0,계량기보호통(실),접합부,부식,,,,,미입력,35.8964398,128.6101538,1100189.402,1767211.105,,,2015-08-21 11:38:00
546,20150814-0018,북부사업소,201508,524,북구 대학로23길 6 (산격동) / 1304-15번지,미누수,,산격동 1304-15,2015-08-14 14:43,,2015-08-14 16:30,,북구,520,49,,,,,,,,,,미입력,35.8949248,128.6113522,1100299.582,1767053.512,,,2015-08-14 14:43:00
547,20150805-0447,북부사업소,201508,507,북구 대학로23길 8-1 (산격동) / 1308-6번지,지상-공도,,대학로23길 8-1 (산격동) / 1308-6번지,2015-08-05 14:51,,2015-08-05 17:30,급수관,북구,520,49,공도,32.0,부분기대,부분기대,노후,,3시간,1 ,,입력,35.8947494,128.6108966,1100258.205,1767031.997,,,2015-08-05 14:51:00
548,20150803-0029,북부사업소,201508,492,북구 연암공원로13길 6-1 (산격동) / 1180-134번지,지상-사유지,,연암공원로13길 6-1 (산격동) / 1180-134번지,2015-08-03 09:06,,2015-08-03 09:06,급수관,북구,520,46-1,사유지,15.0,스텐레스관,고무링·패킹,부식,,,0 ,,미입력,35.8967886,128.5994594,1099224.56,1767259.456,,,2015-08-03 09:06:00
549,20150721-0296,북부사업소,201507,445,북구 대동로 2-24 (산격동) / 1232-13번지,지상-공도,,대동로 2-24 (산격동) / 1232-13번지,2015-07-21 14:43,,2015-07-21 16:30,급수관,북구,520,48,공도,15.0,부분기대,부분기대,부식,,3시간,0 ,,입력,35.897636,128.606506,1099858.873,1767347.188,,,2015-07-21 14:43:00
550,20150717-0305,북부사업소,201507,434,북구 산격로 82-6 (산격동) / 1231-17번지,지상-사유지,,산격로 82-6 (산격동) / 1231-17번지,2015-07-17 15:01,,2015-07-17 17:30,급수관,북구,520,48,사유지,15.0,계량기보호통(실),계량기보호통,노후,,,,,미입력,35.8973992,128.6061994,1099830.822,1767319.048,,,2015-07-17 15:01:00
551,20150714-0097,북부사업소,201507,423,북구 대동로 2-10 (산격동) / 1232-9번지,지상-공도,,대동로 2-10 (산격동) / 1232-9번지,2015-07-14 10:36,,2015-07-15 08:43,급수관,북구,520,48,공도,15.0,부분기대,부분기대,노후,,3시간,0 ,,입력,35.8980616,128.6070068,1099903.223,1767395.303,,,2015-07-14 10:36:00
552,20150713-0321,북부사업소,201507,419,"북구 산격로8길 31, (비디오) (산격동) / 1314-40번지",지하-공도,자체-주간,산격동 1314-40 (비디오),2015-07-13 16:20,,2015-07-14 10:00,급수관,북구,520,49,공도,15.0,부분기대,부분기대,노후,,13일,34 ,,입력,35.8937338,128.60859,1100051.946,1766914.772,,,2015-07-13 16:20:00
553,20150706-0036,북부사업소,201507,405,북구 연암로12길 6-30 (산격동) / 1007번지,지하-공도,자체-주간,산격동 1007,2015-07-06 09:03,,2015-07-06 09:04,급수관,북구,520,46-1,공도,15.0,스텐레스관,직관,노후,,6일,36 ,,미입력,35.8915864,128.5982966,1099124.116,1766666.177,,,2015-07-06 09:03:00
554,20150706-0002,북부사업소,201507,393,북구 산격로서9길 8-46 (산격동) / 1437-7번지,지하-공도,자체-주간,산격동 1437-7,2015-07-06 07:16,,2015-07-06 10:00,급수관,북구,520,24-3,공도,15.0,PFP관,이형관,노후,,6일,10 ,,입력,35.89565,128.6023315,1099485.308,1767122.629,,,2015-07-06 07:16:00
555,20150625-0164,북부사업소,201506,369,북구 대학로9길 14-5 (산격동) / 1414-70번지,지하-공도,자체-주간,산격동 1414-70,2015-06-25 10:29,,2015-07-09 17:51,급수관,북구,520,49,공도,15.0,스텐레스관,직관,노후,,176일,"2,154 ",,입력,35.892233,128.6062489,1099842.546,1766748.328,,,2015-06-25 10:29:00
556,20150623-0239,북부사업소,201506,360,북구 산격로6길 8-1 (산격동) / 1414-85번지,지하-미누수,자체-주간,산격동 1414-85,2015-06-23 11:15,,2015-06-29 11:22,,북구,520,49,,,,,,,,,,미입력,35.8924093,128.606037,1099822.557,1766766.229,,,2015-06-23 11:15:00
557,20150620-0021,북부사업소,201506,306,"북구 산격로6길 8-1 (산격동,안동상회) / 1414-85번지",지상-사유지,,"산격로6길 8-1 (산격동,안동상회) / 1414-85번지",2015-06-20 11:13,,2015-06-22 10:50,급수관,북구,520,49,사유지,15.0,계량기보호통(실),연결부,볼트이완,,,0 ,,미입력,35.8924757,128.6060081,1099822.557,1766766.229,,,2015-06-20 11:13:00
558,20150613-0009,북부사업소,201506,337,"북구 대학로17길 19 (산격동,STC광고사) / 1314-5번지",지상-사유지,,"대학로17길 19 (산격동,STC광고사) / 1314-5번지",2015-06-13 15:12,,2015-06-18 14:41,급수관,북구,520,49,사유지,15.0,계량기보호통(실),연결부,노후,,,0 ,,미입력,35.8940402,128.6087462,1100064.362,1766950.922,,,2015-06-13 15:12:00
559,20150611-0044,북부사업소,201506,335,"북구 산격로6길 3-1 (산격동,백경식당) / 1413-32번지",지상-공도,,"산격로6길 3-1 (산격동,백경식당) / 1413-32번지",2015-06-11 09:35,,2015-06-11 13:30,급수관,북구,520,49,공도,15.0,부분기대,부분기대,타공사손괴,건축,2시간,4 ,,입력,35.8926596,128.6056473,1099791.216,1766794.961,,,2015-06-11 09:35:00
560,20150610-0252,북부사업소,201506,329,북구 대구체육관로10길 28-1 (산격동) / 1497-26번지,지상-사유지,,대구체육관로10길 28-1 (산격동) / 1497-26번지,2015-06-10 13:12,,2015-06-18 14:42,급수관,북구,520,47,사유지,15.0,계량기보호통(실),앵글밸브,노후,,,,,미입력,35.8913032,128.603715,1099615.137,1766641.191,,,2015-06-10 13:12:00
561,20150528-0042,북부사업소,201505,302,"북구 연암로12길 6-18, 09.9.2중지연장 (산격동) / 1013-1번지",미누수,,산격동 1013-1 09.9.2중지연장,2015-05-28 09:20,,2015-06-05 09:55,,북구,520,46-1,,,,,,,,,,미입력,35.8916085,128.5981186,1099108.7,1766670.796,,,2015-05-28 09:20:00
562,20150526-0525,북부사업소,201505,296,북구 연암공원로 22-41 (산격동) / 1099-47번지,지상-사유지,,연암공원로 22-41 (산격동) / 1099-47번지,2015-05-26 15:09,,2015-05-27 17:00,급수관,북구,520,46-1,사유지,15.0,계량기보호통(실),계량기보호통,노후,,,,,미입력,35.8925655,128.5980831,1099105.656,1766777.057,,,2015-05-26 15:09:00
563,20150522-0052,북부사업소,201505,287,북구 산격로13길 24-6 (산격동) / 1187-4번지,지상-사유지,,산격로13길 24-6 (산격동) / 1187-4번지,2015-05-22 09:34,,2015-05-26 08:58,급수관,북구,520,24-3,사유지,15.0,계량기보호통(실),연결부,부식,,,,,미입력,35.89738,128.6030015,1099542.311,1767314.377,,,2015-05-22 09:34:00
564,20150519-0146,북부사업소,201505,282,북구 연암로 18-30 (산격동) / 1441-76번지,지상-사유지,,연암로 18-30 (산격동) / 1441-76번지,2015-05-19 11:08,,2015-05-21 09:08,급수관,북구,520,47,사유지,15.0,계량기보호통(실),연결부,부식,,,,,미입력,35.8898136,128.6014157,1099408.737,1766474.071,,,2015-05-19 11:08:00
565,20150518-0139,북부사업소,201505,275,북구 산격로11길 18-6 (산격동) / 1224-31번지,지상-사유지,,산격로11길 18-6 (산격동) / 1224-31번지,2015-05-18 10:53,,2015-05-19 10:12,급수관,북구,520,47,사유지,15.0,계량기보호통(실),연결부,노후,,,,,미입력,35.8961666,128.6033412,1099574.89,1767180.571,,,2015-05-18 10:53:00
566,20150427-0507,북부사업소,201504,247,"북구 산격로14길 35 (산격동,해피타운) / 1310번지",지상-사유지,,"산격로14길 35 (산격동,해피타운) / 1310번지",2015-04-27 16:30,,2015-04-29 08:52,급수관,북구,520,48,사유지,25.0,계량기보호통(실),연결부,노후,,,,,미입력,35.8961165,128.609198,1100101.358,1767183.47,,,2015-04-27 16:30:00
567,20150424-0143,북부사업소,201504,240,"북구 산격로8길 20 (산격동,아뜨리움) / 1411-65번지",지상-사유지,,"산격로8길 20 (산격동,아뜨리움) / 1411-65번지",2015-04-24 10:54,,2015-04-27 09:53,급수관,북구,520,49,사유지,20.0,계량기보호통(실),연결부,노후,,,0 ,,미입력,35.8935032,128.6074268,1099946.605,1766888.64,,,2015-04-24 10:54:00
568,20150423-0432,북부사업소,201504,236,"북구 산격로 13-3 (산격동,매직카) / 1433-55번지",지상-사유지,,"산격로 13-3 (산격동,매직카) / 1433-55번지",2015-04-23 17:36,,2015-04-27 09:07,급수관,북구,520,47,사유지,15.0,계량기보호통(실),연결부,노후,,,,,미입력,35.8917993,128.605036,1099734.226,1766697.993,,,2015-04-23 17:36:00
569,20150422-0308,북부사업소,201504,234,북구 대학로17길 25-5 (산격동) / 1314-56번지,지상-공도,,대학로17길 25-5 (산격동) / 1314-56번지,2015-04-22 14:40,,2015-04-23 10:38,급수관,북구,520,49,공도,15.0,부분기대,부분기대,노후,,3시간,0 ,,입력,35.8945367,128.6084726,1100040.181,1767005.793,,,2015-04-22 14:40:00
570,20150416-0215,북부사업소,201504,221,"북구 연암공원로 31-2 (산격동,서당골방앗간) / 1130-4번지",지상-공도,,"연암공원로 31-2 (산격동,서당골방앗간) / 1130-4번지",2015-04-16 14:14,,2015-04-17 09:33,급수관,북구,520,46-1,공도,15.0,스텐레스관,직관,노후,,3시간,8 ,,입력,35.8937944,128.5979538,1099092.176,1766910.658,,,2015-04-16 14:14:00
571,20150413-0219,북부사업소,201504,214,"북구 대학로23길 28 (산격동,수까락) / 1327-1번지",지상-공도,,"대학로23길 28 (산격동,수까락) / 1327-1번지",2015-04-13 14:51,,2015-04-13 17:30,배수지관,북구,520,49,공도,100.0,닥타일관,이형관,노후,,3시간,20 ,,입력,35.8935454,128.6092832,1100114.526,1766897.389,,,2015-04-13 14:51:00
572,20150409-0240,북부사업소,201504,208,"북구 대구체육관로 34 (산격동,에코모텔) / 1498-55번지",지상-공도,,"대구체육관로 34 (산격동,에코모텔) / 1498-55번지",2015-04-09 13:15,2015-04-09 14:00,2015-04-09 15:00,급수관,북구,520,47,공도,15.0,스텐레스관,직관,타공사손괴,한전,2시간,1 ,,입력,35.8921385,128.6031806,1099564.983,1766733.321,,,2015-04-09 13:15:00
573,20150319-0292,북부사업소,201503,165,북구 산격로14길 10-2 (산격동) / 1406-42번지,지상-공도,,산격로14길 10-2 (산격동) / 1406-42번지,2015-03-19 15:03,,2015-03-20 09:00,급수관,북구,520,48,공도,15.0,부분기대,부분기대,노후,,3시간,0 ,,입력,35.8959188,128.6064294,1099833.11,1767146.495,,,2015-03-19 15:03:00
574,20150209-0160,북부사업소,201502,98,북구 연암공원로 32-9 (산격동) / 1127-1번지,지상-사유지,,연암공원로 32-9 (산격동) / 1127-1번지,2015-02-09 10:45,2015-02-09 15:00,2015-02-09 17:00,급수관,북구,520,46-1,사유지,15.0,계량기보호통(실),계량기보호통,노후,,,,,미입력,35.8937242,128.5986387,1099151.304,1766903.058,,,2015-02-09 10:45:00
575,20150121-0150,북부사업소,201501,57,북구 대학로25길 13-4 (산격동) / 1307-72번지,지상-공도,,대학로25길 13-4 (산격동) / 1307-72번지,2015-01-21 11:28,2015-01-21 12:30,2015-01-21 15:47,급수관,북구,520,49,공도,15.0,부분기대,부분기대,노후,,3시간,0 ,,입력,35.8954002,128.6107026,1100239.904,1767091.194,,,2015-01-21 11:28:00
576,20150119-0073,북부사업소,201501,52,북구 산격로10길 8-1 (산격동) / 1409-2번지,지상-사유지,,산격로10길 8-1 (산격동) / 1409-2번지,2015-01-19 09:57,2015-01-19 09:57,2015-01-19 13:00,급수관,북구,520,49,사유지,15.0,계량기보호통(실),앵글밸브,노후,,,0 ,,미입력,35.8947971,128.6062486,1099838.302,1767030.75,,,2015-01-19 09:57:00
577,20150118-0006,북부사업소,201501,49,북구 대동로4길 12-8 (산격동) / 1252-10번지,지상-공도,,대동로4길 12-8 (산격동) / 1252-10번지,2015-01-18 11:32,,2015-01-19 08:29,급수관,북구,520,48,공도,25.0,부분기대,부분기대,노후,,3시간,1 ,,미입력,35.8972472,128.6082531,1100017.257,1767285.618,,,2015-01-18 11:32:00
578,20150112-0058,북부사업소,201501,30,북구 연암로4길 42-11 (산격동) / 1498-90번지,지상-공도,,연암로4길 42-11 (산격동) / 1498-90번지,2015-01-12 09:53,2015-01-12 09:53,2015-01-12 12:30,급수관,북구,520,47,공도,15.0,부분기대,부분기대,노후,,3시간,0 ,,입력,35.8901949,128.6037756,1099618.971,1766517.544,,,2015-01-12 09:53:00
579,20150109-0136,북부사업소,201501,26,북구 산격로17길 9 (산격동) / 1222-43번지,지상-공도,,산격로17길 9 (산격동) / 1222-43번지,2015-01-09 11:37,2015-01-09 11:37,2015-01-09 14:00,급수관,북구,520,24-3,공도,15.0,부분기대,부분기대,노후,,3시간,0 ,,입력,35.8981991,128.6053031,1099748.79,1767407.11,,,2015-01-09 11:37:00
580,20150108-0418,북부사업소,201501,24,"북구 산격로 16 (산격동,해금정) / 1421-18번지",지상-공도,,"산격로 16 (산격동,해금정) / 1421-18번지",2015-01-08 17:17,2015-01-08 17:17,2015-01-08 18:30,급수관,북구,520,49,공도,15.0,부분기대,부분기대,노후,,3시간,0 ,,입력,35.8919042,128.6053562,1099764.052,1766711.442,,,2015-01-08 17:17:00
581,20150108-0193,북부사업소,201501,22,"북구 대학로23길 10 (산격동,리더고시텔) / 1308-9번지",지상-사유지,,"대학로23길 10 (산격동,리더고시텔) / 1308-9번지",2015-01-08 13:02,2015-01-08 13:02,2015-01-08 15:00,급수관,북구,520,49,사유지,15.0,계량기보호통(실),앵글밸브,노후,,,,,미입력,35.8947208,128.6107649,1100246.623,1767028.138,,,2015-01-08 13:02:00
582,20150106-0447,북부사업소,201501,16,북구 연암공원로7길 2-11 (산격동) / 1139-4번지,지하-미누수,자체-주간,산격동 1139-4,2015-01-06 16:44,2015-01-07 09:00,2015-01-07 10:00,,북구,520,46-1,,,,,,,,0 ,,미입력,35.894912,128.5983583,1099126.831,1767034.904,,,2015-01-06 16:44:00
583,20150102-0058,북부사업소,201501,2,북구 대구체육관로10길 6-1 (산격동) / 1497-12번지,지상-공도,,대구체육관로10길 6-1 (산격동) / 1497-12번지,2015-01-02 09:33,2015-01-02 09:33,2015-01-02 12:00,급수관,북구,520,47,공도,20.0,부분기대,부분기대,노후,,3시간,1 ,,입력,35.8922573,128.6037306,1099614.996,1766747.974,,,2015-01-02 09:33:00
584,20141230-0268,북부사업소,201501,1231,북구 대동로8길 3-7 (산격동) / 1268-11번지,지상-사유지,,대동로8길 3-7 (산격동) / 1268-11번지,2014-12-30 13:39,2014-12-30 13:39,2014-12-30 15:50,급수관,북구,520,49,사유지,15.0,계량기보호통(실),앵글밸브,노후,,,0 ,,미입력,35.8962765,128.6107413,1100242.442,1767201.38,,,2014-12-30 13:39:00
585,20141222-0229,북부사업소,201501,1202,북구 연암로2길 17 (산격동) / 1498-166번지,지상-공도,,연암로2길 17 (산격동) / 1498-166번지,2014-12-22 11:36,2014-12-22 11:36,2014-12-22 14:00,급수관,북구,520,47,공도,25.0,PFP관,이형관,노후,,3시간,1 ,,입력,35.8893295,128.6025162,1099508.895,1766420.899,,,2014-12-22 11:36:00
586,20141221-0020,북부사업소,201501,1197,북구 대동로8길 24-7 (산격동) / 1252-8번지,지상-공도,,대동로8길 24-7 (산격동) / 1252-8번지,2014-12-21 17:13,2014-12-21 17:13,2014-12-21 19:00,급수관,북구,520,48,공도,15.0,스텐레스관,직관,노후,,3시간,0 ,,입력,35.8969782,128.6081873,1100017.11,1767274.711,,,2014-12-21 17:13:00
587,20141219-0409,북부사업소,201412,1194,북구 산격로1길 31-28 (산격동) / 1401-113번지,지하-공도,자체-주간,산격동 1401-113,2014-12-19 17:08,2014-12-19 17:08,2014-12-19 19:00,배수지관,북구,520,47,공도,15.0,스텐레스관,이형관,노후,,172일,454 ,,미입력,35.8906662,128.6032595,1099572.499,1766572.885,,,2014-12-19 17:08:00
588,20141217-0326,북부사업소,201412,1191,북구 산격로1길 31-32 (산격동) / 1401-66번지,지상-공도,,산격로1길 31-32 (산격동) / 1401-66번지,2014-12-17 15:17,2014-12-17 15:17,2014-12-17 16:30,배수지관,북구,520,47,공도,15.0,부분기대,부분기대,부식,,3시간,0 ,,입력,35.8905349,128.6033322,1099578.386,1766555.125,,,2014-12-17 15:17:00
589,20141213-0056,북부사업소,201412,1175,북구 연암로4길 3-10 (산격동) / 1441-62번지,지하-공도,자체-주간,산격동 1441-62,2014-12-13 14:54,2014-12-13 14:54,2014-12-13 16:00,배수지관,북구,520,47,공도,80.0,부분기대,부분기대,노후,,166일,438 ,,입력,35.8895971,128.601464,1099412.57,1766448.7,,,2014-12-13 14:54:00
590,20141211-0045,북부사업소,201412,1172,북구 연암로12길 9-8 (산격동) / 1041번지,지하-사유지,자체-주간,산격동 1041,2014-12-11 09:56,2014-12-11 09:56,2014-12-11 11:50,급수관,북구,520,46-1,사유지,15.0,계량기보호통(실),계량기보호통,노후,,164일,472 ,,미입력,35.8919186,128.5967396,1098983.765,1766702.65,,,2014-12-11 09:56:00
591,20141209-0025,북부사업소,201412,1161,북구 연암로4길 30-4 (산격동) / 1498-130번지,지상-공도,,연암로4길 30-4 (산격동) / 1498-130번지,2014-12-09 09:27,2014-12-09 09:27,2014-12-09 11:30,급수관,북구,520,47,공도,15.0,부분기대,부분기대,노후,,3시간,0 ,,입력,35.8897832,128.603003,1099552.523,1766472.01,,,2014-12-09 09:27:00
592,20141204-0111,북부사업소,201412,1150,북구 산격로10길 49-1 (산격동) / 1307-27번지,지상-공도,,산격로10길 49-1 (산격동) / 1307-27번지,2014-12-04 10:50,2014-12-04 10:50,2014-12-04 12:30,배수지관,북구,520,49,공도,20.0,스텐레스관,이형관,노후,,3시간,0 ,,미입력,35.8951438,128.6105719,1100228.479,1767076.643,,,2014-12-04 10:50:00
593,20141203-0010,북부사업소,201412,1143,북구 산격로서9길 22 (산격동) / 1435-12번지,지상-사유지,,산격로서9길 22 (산격동) / 1435-12번지,2014-12-03 09:01,2014-12-03 09:01,2014-12-03 11:00,급수관,북구,520,46-1,사유지,15.0,계량기보호통(실),앵글밸브,부식,,,,,미입력,35.8951718,128.6005814,1099326.413,1767068.622,,,2014-12-03 09:01:00
594,20141127-0046,북부사업소,201411,1127,북구 산격로14길 3-14 (산격동) / 1230-5번지,미누수,,산격동 1230-5,2014-11-27 09:51,2014-11-27 09:51,2014-11-27 11:00,,북구,520,48,,,,,,,,,,미입력,35.8966819,128.6057206,1099789.94,1767240.355,,,2014-11-27 09:51:00
595,20141122-0004,북부사업소,201411,1117,"북구 대학로15길 3 (산격동,당구일번지) / 1400-1번지",지상-공도,,"대학로15길 3 (산격동,당구일번지) / 1400-1번지",2014-11-22 08:51,2014-11-22 08:51,2014-11-22 11:30,배수지관,북구,520,49,공도,20.0,부분기대,부분기대,노후,,3시간,0 ,,입력,35.8922944,128.6080842,1100007.665,1766756.079,,,2014-11-22 08:51:00
596,20141117-0393,북부사업소,201411,1101,북구 산격로14길 3-14 (산격동) / 1230-5번지,지상-공도,,산격로14길 3-14 (산격동) / 1230-5번지,2014-11-17 15:21,2014-11-17 15:21,2014-11-17 17:30,급수관,북구,520,48,공도,15.0,부분기대,부분기대,노후,,3시간,0 ,,입력,35.8966845,128.6057377,1099789.94,1767240.355,,,2014-11-17 15:21:00
597,20141117-0020,북부사업소,201411,1098,북구 대학로25길 17-4 (산격동) / 1307-60번지,미누수,,산격동 1307-60,2014-11-17 09:12,2014-11-17 09:12,2014-11-17 09:50,,북구,520,49,,,,,,,,,,미입력,35.8952784,128.6102857,1100202.221,1767090.2,,,2014-11-17 09:12:00
598,20141117-0004,북부사업소,201411,1096,북구 대학로9길 24-13 (산격동) / 1411-3번지,미누수,,산격동 1411-3,2014-11-17 08:30,2014-11-17 08:30,2014-11-17 09:10,,북구,520,49,,,,,,,,,,미입력,35.8933097,128.6063765,1099853.824,1766869.163,,,2014-11-17 08:30:00
599,20141109-0002,북부사업소,201411,1075,북구 연암공원로20길 34 (산격동) / 1197-31번지,지상-공도,,연암공원로20길 34 (산격동) / 1197-31번지,2014-11-09 09:46,2014-11-09 09:46,2014-11-09 11:30,배수지관,북구,520,24-3,공도,100.0,닥타일관,이형관,노후,,3시간,20 ,,미입력,35.8985563,128.6045313,1099681.008,1767445.958,,,2014-11-09 09:46:00
600,20141104-0177,북부사업소,201411,1058,"북구 대동로 10-1 (산격동,오복세탁소) / 1241-21번지",미누수,,산격동 1241-21 오복세탁소,2014-11-04 11:17,2014-11-04 11:17,2014-11-04 11:50,,북구,520,48,,,,,,,,,,미입력,35.8978985,128.6080259,1099996.782,1767379.091,,,2014-11-04 11:17:00
601,20141024-0116,북부사업소,201410,1018,북구 산격동 1421-22,지상-공도,,산격동 1421-22,2014-10-24 10:48,2014-10-24 10:48,2014-10-24 12:30,급수관,북구,520,49,공도,50.0,PFP관,직관,부식,,3시간,30 ,,입력,35.8919728,128.6056276,1099805.327,1766694.26,,,2014-10-24 10:48:00
602,20141015-0125,북부사업소,201410,1004,북구 연암공원로32길 50-4 (산격동) / 1222-30번지,지하-사유지,자체-주간,산격동 1222-30,2014-10-15 11:04,2014-10-15 11:04,2014-10-15 13:30,급수관,북구,520,24-3,사유지,15.0,계량기보호통(실),계량기보호통,노후,,117일,197 ,,미입력,35.8984111,128.6057109,1099787.848,1767433.211,,,2014-10-15 11:04:00
603,20141015-0101,북부사업소,201410,1003,"북구 산격로9길 19 (산격동,태원유통) / 1428-12번지",지상-사유지,,"산격로9길 19 (산격동,태원유통) / 1428-12번지",2014-10-15 10:32,2014-10-15 10:32,2014-10-15 13:00,급수관,북구,520,47,사유지,25.0,계량기보호통(실),계량기보호통,노후,,,,,미입력,35.8948172,128.6029839,1099545.463,1767030.357,,,2014-10-15 10:32:00
604,20141013-0201,북부사업소,201410,1000,북구 대동로8길 26-1 (산격동) / 1252-12번지,지상-사유지,,대동로8길 26-1 (산격동) / 1252-12번지,2014-10-13 13:46,2014-10-13 14:00,2014-10-13 16:00,급수관,북구,520,48,사유지,15.0,계량기보호통(실),계량기보호통,노후,,,0 ,,미입력,35.8967756,128.6080835,1100001.927,1767253.339,,,2014-10-13 13:46:00
605,20141010-0229,북부사업소,201410,997,북구 산격로서9길 14-13 (산격동) / 1435-49번지,지하-공도,용역,산격동 1435-49,2014-10-10 13:13,2014-10-10 13:13,2014-10-10 15:30,급수관,북구,520,46-1,공도,15.0,스텐레스관,이형관,노후,,102일,"1,564 ",,입력,35.8952894,128.6011513,1099378.141,1767080.786,,,2014-10-10 13:13:00
606,20141010-0228,북부사업소,201410,996,북구 산격로서9길 23-2 (산격동) / 1117-17번지,지하-공도,용역,산격동 1117-17,2014-10-10 13:12,2014-10-10 13:12,2014-10-10 15:50,급수관,북구,520,46-1,공도,15.0,부분기대,부분기대,부식,,102일,"1,564 ",,입력,35.8949938,128.6000525,1099279.734,1767047.285,,,2014-10-10 13:12:00
607,20141006-0296,북부사업소,201410,980,"북구 대구체육관로 18-8 (산격동,정수헤어아트) / 1404-99번지",지하-공도,자체-주간,산격동 1404-99 정수헤어아트,2014-10-06 12:55,2014-10-06 12:55,2014-10-09 11:30,급수관,북구,520,47,공도,80.0,닥타일관,이형관,노후,,98일,"13,877 ",,미입력,35.8913343,128.6028039,1099530.445,1766643.862,,,2014-10-06 12:55:00
608,20141006-0294,북부사업소,201410,979,북구 산격동 1197-118,지하-공도,자체-주간,산격동 1197-118,2014-10-06 12:28,2014-10-06 12:28,2014-10-06 14:00,배수지관,북구,520,24-3,공도,100.0,닥타일관,이형관,노후,,98일,141 ,,미입력,35.8975523,128.6040497,1099692.399,1767428.315,,,2014-10-06 12:28:00
609,20141005-0031,북부사업소,201410,976,북구 산격로1길 50 (산격동) / 1498-60번지,지상-공도,,산격로1길 50 (산격동) / 1498-60번지,2014-10-05 12:21,2014-10-05 12:21,2014-10-05 14:30,급수관,북구,520,47,공도,15.0,부분기대,부분기대,노후,,3시간,1 ,,입력,35.8915586,128.6029318,1099544.518,1766667.828,,,2014-10-05 12:21:00
610,20141003-0051,북부사업소,201410,975,북구 연암공원로20길 32 (산격동) / 1197-65번지,지상-공도,,연암공원로20길 32 (산격동) / 1197-65번지,2014-10-03 13:50,2014-10-03 13:50,2014-10-03 16:30,급수관,북구,520,24-3,공도,100.0,변류,본체,부식,,3시간,20 ,,미입력,35.8985775,128.6043622,1099664.395,1767448.777,,,2014-10-03 13:50:00
611,20140919-0274,북부사업소,201409,949,북구 대동로8길 22-5 (산격동) / 1250-10번지,지상-공도,,대동로8길 22-5 (산격동) / 1250-10번지,2014-09-19 15:01,2014-09-19 15:01,2014-09-19 17:30,배수지관,북구,520,48,공도,15.0,부분기대,부분기대,부식,,3시간,0 ,,입력,35.8968636,128.6085935,1100048.159,1767263.67,,,2014-09-19 15:01:00
612,20140911-0167,북부사업소,201409,920,"북구 대동로6길 33 (산격동,시티원룸) / 1309-39번지",지상-공도,,"대동로6길 33 (산격동,시티원룸) / 1309-39번지",2014-09-11 12:52,2014-09-11 12:52,2014-09-11 14:30,급수관,북구,520,49,공도,15.0,스텐레스관,이형관,부식,,3시간,0 ,,입력,35.8943345,128.6096066,1100142.568,1766985.123,,,2014-09-11 12:52:00
613,20140904-0022,북부사업소,201409,908,북구 연암공원로 90-14 (산격동) / 1185-15번지,지하-미누수,용역,산격동 1185-15,2014-09-04 09:08,2014-09-04 09:08,2014-09-04 10:30,,북구,520,24-3,,,,,,,,,,미입력,35.8976595,128.601949,1099447.668,1767346.789,,,2014-09-04 09:08:00
614,20140904-0020,북부사업소,201409,907,"북구 연암공원로 71, 관리201호 (산격동,청솔주택) / 1182-5번지",지하-미누수,용역,산격동 1182-5 관리201호 청솔주택,2014-09-04 09:06,2014-09-04 09:06,2014-09-04 11:00,,북구,520,46-1,,,,,,,,,,미입력,35.8969261,128.60018,1099287.732,1767262.086,,,2014-09-04 09:06:00
615,20140904-0018,북부사업소,201409,905,"북구 산격로 57-2 (산격동,리치웰빙) / 1422-1번지",지하-사유지,용역,산격동 1422-1 리치웰빙,2014-09-04 09:03,2014-09-04 09:03,2014-09-04 11:30,급수관,북구,520,47,사유지,15.0,계량기보호통(실),계량기보호통,부식,,66일,111 ,,미입력,35.8957088,128.6050327,1099732.395,1767132.886,,,2014-09-04 09:03:00
616,20140902-0166,북부사업소,201409,899,북구 연암로12길 12-14 (산격동) / 1091번지,지상-사유지,,연암로12길 12-14 (산격동) / 1091번지,2014-09-02 11:04,2014-09-02 11:04,2014-09-02 13:35,급수관,북구,520,46-1,사유지,15.0,계량기보호통(실),계량기보호통,노후,,,,,미입력,35.892329,128.597797,1099078.412,1766748.219,,,2014-09-02 11:04:00
617,20140902-0066,북부사업소,201409,897,북구 대학로25길 17-4 (산격동) / 1307-60번지,지상-공도,,대학로25길 17-4 (산격동) / 1307-60번지,2014-09-02 09:36,2014-09-02 09:36,2014-09-02 12:05,급수관,북구,520,49,공도,15.0,부분기대,부분기대,부식,,3시간,0 ,,입력,35.8952774,128.6101531,1100202.221,1767090.2,,,2014-09-02 09:36:00
618,20140901-0254,북부사업소,201409,881,"북구 산격로 68 (산격동,진주남양) / 1229-3번지",지상-공도,,"산격로 68 (산격동,진주남양) / 1229-3번지",2014-09-01 11:45,2014-09-01 11:45,2014-09-01 13:42,급수관,북구,520,48,공도,15.0,부분기대,부분기대,노후,,3시간,0 ,,입력,35.8965674,128.6053964,1099760.009,1767227.603,,,2014-09-01 11:45:00
619,20140829-0025,북부사업소,201408,864,북구 연암로12길 12-14 (산격동) / 1091번지,지상-사유지,,연암로12길 12-14 (산격동) / 1091번지,2014-08-29 09:13,2014-08-29 09:13,2014-08-29 11:03,급수관,북구,520,46-1,사유지,15.0,계량기보호통(실),앵글밸브,노후,,,,,미입력,35.892329,128.597797,1099078.412,1766748.219,,,2014-08-29 09:13:00
620,20140818-0336,북부사업소,201408,830,북구 대학로25길 17-4 (산격동) / 1307-60번지,지상-공도,,대학로25길 17-4 (산격동) / 1307-60번지,2014-08-18 14:37,2014-08-18 14:37,2014-08-18 16:55,급수관,북구,520,49,공도,15.0,PFP관,이형관,노후,,2시간,0 ,,입력,35.8952774,128.6101531,1100202.221,1767090.2,,,2014-08-18 14:37:00
621,20140817-0001,북부사업소,201408,827,"북구 산격로 78 (산격동,황금생막창) / 1231-8번지",지상-공도,,"산격로 78 (산격동,황금생막창) / 1231-8번지",2014-08-17 10:17,2014-08-17 10:17,2014-08-17 13:25,급수관,북구,520,48,공도,15.0,부분기대,부분기대,노후,,2시간,0 ,,입력,35.8972341,128.6058311,1099797.425,1767301.586,,,2014-08-17 10:17:00
622,20140813-0211,북부사업소,201408,823,북구 대동로10길 5-7 (산격동) / 1275-8번지,지상-공도,,대동로10길 5-7 (산격동) / 1275-8번지,2014-08-13 15:31,2014-08-13 15:31,2014-08-13 17:55,급수관,북구,520,49,공도,15.0,PFP관,이형관,노후,,2시간,0 ,,입력,35.8962384,128.6117154,1100330.64,1767198.035,,,2014-08-13 15:31:00
623,20140729-0252,북부사업소,201407,786,북구 대학로9길 74-6 (산격동) / 1243-3번지,지상-공도,,대학로9길 74-6 (산격동) / 1243-3번지,2014-07-29 14:11,2014-07-29 14:11,2014-07-29 17:25,급수관,북구,520,48,공도,15.0,부분기대,부분기대,노후,,2시간,0 ,,입력,35.8969911,128.6067829,1099884.833,1767275.342,,,2014-07-29 14:11:00
624,20140722-0204,북부사업소,201407,750,"북구 산격로 88-1 (산격동,얼음막걸리) / 1232-5번지",지상-공도,,"산격로 88-1 (산격동,얼음막걸리) / 1232-5번지",2014-07-22 12:50,2014-07-22 12:50,2014-07-22 15:15,급수관,북구,520,48,공도,15.0,부분기대,부분기대,노후,,3시간,1 ,,입력,35.8980051,128.6067201,1099877.762,1767387.282,,,2014-07-22 12:50:00
625,20140715-0129,북부사업소,201407,726,북구 대학로9길 68-4 (산격동) / 1245-2번지,지상-공도,,대학로9길 68-4 (산격동) / 1245-2번지,2014-07-15 11:43,2014-07-15 11:43,2014-07-15 14:20,급수관,북구,520,48,공도,80.0,닥타일관,직관,노후,,3시간,26 ,,미입력,35.8966922,128.6062421,1099834.718,1767242.093,,,2014-07-15 11:43:00
626,20140712-0015,북부사업소,201407,718,"북구 산격로 74 (산격동,꽃돈) / 1229-1번지",지상-공도,,"산격로 74 (산격동,꽃돈) / 1229-1번지",2014-07-12 14:57,2014-07-12 14:57,2014-07-12 17:30,급수관,북구,520,48,공도,15.0,부분기대,부분기대,노후,,3시간,1 ,,미입력,35.8969784,128.6055193,1099769.977,1767272.854,,,2014-07-12 14:57:00
627,20140704-0398,북부사업소,201407,695,북구 대학로23길 24 (산격동) / 1309-43번지,지하-공도,자체-주간,산격동 1309-43,2014-07-04 16:51,2014-07-04 16:51,2014-07-04 19:45,급수관,북구,520,49,공도,15.0,부분기대,부분기대,노후,,35일,210 ,,미입력,35.8939763,128.6096061,1100141.882,1766943.726,,,2014-07-04 16:51:00
628,20140704-0110,북부사업소,201407,694,"북구 대동로10길 7 (산격동,(골든힐)) / 1276-1번지",지상-공도,,"대동로10길 7 (산격동,(골든힐)) / 1276-1번지",2014-07-04 10:28,2014-07-04 10:28,2014-07-04 13:05,급수관,북구,520,49,공도,15.0,PFP관,이형관,부식,,3시간,0 ,,입력,35.8960033,128.6113524,1100297.666,1767173.476,,,2014-07-04 10:28:00
629,20140702-0109,북부사업소,201407,686,북구 대학로9길 68-10 (산격동) / 1245-7번지,지상-공도,,대학로9길 68-10 (산격동) / 1245-7번지,2014-07-02 10:35,2014-07-02 10:35,2014-07-02 13:20,급수관,북구,520,48,공도,15.0,닥타일관,이형관,노후,,3시간,0 ,,입력,35.8964762,128.606353,1099846.961,1767214.654,,,2014-07-02 10:35:00
630,20140630-0010,북부사업소,201406,672,"북구 산격로 32 (산격동,불곰구이) / 1413-11번지",지하-공도,자체-주간,산격동 1413-11 불곰구이 ,2014-06-30 08:42,2014-06-30 08:42,2014-06-30 11:25,급수관,북구,520,49,공도,15.0,스텐레스관,이형관,노후,,181일,304 ,,미입력,35.8932908,128.6053603,1099759.671,1766864.181,,,2014-06-30 08:42:00
631,20140629-0011,북부사업소,201406,670,북구 산격로1길 28 (산격동) / 1497-38번지,지상-공도,,산격로1길 28 (산격동) / 1497-38번지,2014-06-29 13:10,2014-06-29 13:10,2014-06-29 16:20,급수관,북구,520,47,공도,15.0,부분기대,부분기대,노후,,3시간,0 ,,미입력,35.8912052,128.6036036,1099605.904,1766629.15,,,2014-06-29 13:10:00
632,20140626-0128,북부사업소,201406,662,북구 대동로4길 6-8 (산격동) / 1241-20번지,지상-공도,,대동로4길 6-8 (산격동) / 1241-20번지,2014-06-26 10:21,2014-06-26 10:21,2014-06-26 13:35,급수관,북구,520,48,공도,15.0,부분기대,부분기대,노후,,3시간,0 ,,입력,35.8974615,128.607512,1099949.149,1767329.152,,,2014-06-26 10:21:00
633,20140617-0275,북부사업소,201406,630,북구 대동로4길 7 (산격동) / 1253-40번지,지상-공도,,대동로4길 7 (산격동) / 1253-40번지,2014-06-17 15:31,2014-06-17 15:31,2014-06-17 18:20,급수관,북구,520,48,공도,80.0,닥타일관,직관,침하,,2시간,3 ,,미입력,35.8975337,128.6080701,1099999.896,1767336.916,,,2014-06-17 15:31:00
634,20140616-0230,북부사업소,201406,620,"북구 대구체육관로 52-2 (산격동,평창칼국수) / 1433-37번지",지상-사유지,,"대구체육관로 52-2 (산격동,평창칼국수) / 1433-37번지",2014-06-16 14:24,2014-06-16 14:24,2014-06-16 16:05,급수관,북구,520,47,사유지,15.0,계량기보호통(실),앵글밸브,노후,,,,,미입력,35.8924255,128.6048535,1099716.084,1766765.778,,,2014-06-16 14:24:00
635,20140612-0071,북부사업소,201406,606,북구 대동로 2-10 (산격동) / 1232-9번지,지상-공도,,대동로 2-10 (산격동) / 1232-9번지,2014-06-12 10:49,2014-06-12 10:49,2014-06-12 12:30,급수관,북구,520,48,공도,15.0,PFP관,이형관,부식,,2시간,0 ,,입력,35.8980616,128.6070068,1099903.223,1767395.303,,,2014-06-12 10:49:00
636,20140612-0051,북부사업소,201406,605,북구 대동로 2-12 (산격동) / 1232-11번지,지상-공도,,대동로 2-12 (산격동) / 1232-11번지,2014-06-12 10:07,2014-06-12 10:07,2014-06-12 13:00,급수관,북구,520,48,공도,15.0,부분기대,부분기대,노후,,2시간,0 ,,입력,35.8979908,128.6069095,1099895.066,1767386.369,,,2014-06-12 10:07:00
637,20140610-0325,북부사업소,201406,596,북구 연암로4길 42-1 (산격동) / 1498-125번지,지상-공도,,연암로4길 42-1 (산격동) / 1498-125번지,2014-06-10 13:49,2014-06-10 13:49,2014-06-10 16:50,급수관,북구,520,47,공도,15.0,부분기대,부분기대,노후,,3시간,0 ,,미입력,35.8902302,128.6035788,1099603.125,1766527.46,,,2014-06-10 13:49:00
638,20140610-0324,북부사업소,201406,595,북구 연암로4길 42-4 (산격동) / 1498-132번지,지상-공도,,연암로4길 42-4 (산격동) / 1498-132번지,2014-06-10 13:48,2014-06-10 13:48,2014-06-10 16:50,급수관,북구,520,47,공도,15.0,부분기대,부분기대,노후,,3시간,0 ,,미입력,35.8901375,128.6034434,1099591.915,1766509.806,,,2014-06-10 13:48:00
639,20140610-0256,북부사업소,201406,594,"북구 연암로4길 46 (산격동,해피빌) / 1498-22번지",지상-공도,,"연암로4길 46 (산격동,해피빌) / 1498-22번지",2014-06-10 11:44,2014-06-10 11:44,2014-06-10 14:50,급수관,북구,520,47,공도,20.0,부분기대,부분기대,노후,,3시간,0 ,,미입력,35.8903448,128.603526,1099599.582,1766535.84,,,2014-06-10 11:44:00
640,20140609-0036,북부사업소,201406,589,"북구 산격로 94 (산격동,대원유리알미늄) / 1232-2번지",지상-공도,,"산격로 94 (산격동,대원유리알미늄) / 1232-2번지",2014-06-09 09:11,2014-06-09 09:11,2014-06-09 12:20,급수관,북구,520,48,공도,15.0,스텐레스관,이형관,노후,,3시간,0 ,,입력,35.8982902,128.6070869,1099910.195,1767418.933,,,2014-06-09 09:11:00
641,20140531-0021,북부사업소,201405,565,북구 산격로10길 49-2 (산격동) / 1307-24번지,지상-공도,,산격로10길 49-2 (산격동) / 1307-24번지,2014-05-31 14:24,2014-05-31 14:24,2014-05-31 17:35,급수관,북구,520,49,공도,15.0,PFP관,이형관,노후,,2시간,0 ,,미입력,35.8950104,128.610865,1100255.046,1767062.18,,,2014-05-31 14:24:00
642,20140530-0411,북부사업소,201405,575,"북구 대학로9길 73-4, 대학로9길 73-4 (산격동) / 1234-12번지",지상-공도,,"대학로9길 73-4, 대학로9길 73-4 (산격동) / 1234-12번지",2014-05-30 09:25,,,급수관,북구,520,48,공도,15.0,에폭시강관,이형관,노후,,3시간,0 ,,미입력,35.8974142,128.606475,1099856.009,1767321.885,,,2014-05-30 09:25:00
643,20140526-0381,북부사업소,201405,541,북구 대학로9길 74-8 (산격동) / 1243-4번지,지상-공도,,대학로9길 74-8 (산격동) / 1243-4번지,2014-05-26 16:28,2014-05-26 16:28,2014-05-26 19:20,급수관,북구,520,48,공도,80.0,닥타일관,이형관,부식,,3시간,25 ,,입력,35.8968908,128.6068308,1099889.1,1767263.664,,,2014-05-26 16:28:00
644,20140523-0143,북부사업소,201405,530,북구 대동로 2-5 (산격동) / 1234-21번지,지상-공도,,대동로 2-5 (산격동) / 1234-21번지,2014-05-23 11:07,2014-05-23 11:07,2014-05-23 14:20,급수관,북구,520,48,공도,15.0,PFP관,이형관,노후,,2시간,0 ,,미입력,35.8980786,128.6072778,1099927.708,1767396.334,,,2014-05-23 11:07:00
645,20140521-0452,북부사업소,201405,535,북구 대동로 2-6 (산격동) / 1232-17번지,지상-공도,,대동로 2-6 (산격동) / 1232-17번지,2014-05-21 09:03,2014-05-21 09:03,2014-05-21 12:30,급수관,북구,520,48,공도,15.0,PFP관,이형관,노후,,2시간,0 ,,입력,35.8981994,128.60719,1099920.143,1767409.993,,,2014-05-21 09:03:00
646,20140510-0009,북부사업소,201405,484,북구 연암공원로6길 6-2 (산격동) / 1099-8번지,지상-사유지,,연암공원로6길 6-2 (산격동) / 1099-8번지,2014-05-10 08:51,2014-05-10 08:51,2014-05-10 12:10,급수관,북구,520,46-1,사유지,15.0,계량기보호통(실),계량기보호통,노후,,,,,미입력,35.8929835,128.5978688,1099084.258,1766816.842,,,2014-05-10 08:51:00
647,20140507-0760,북부사업소,201405,468,"북구 대동로8길 10, 디동 2-2 (산격동) / 1266-6번지",지상-공도,,"대동로8길 10, 디동 2-2 (산격동) / 1266-6번지",2014-05-07 11:43,2014-05-07 11:43,2014-05-07 13:50,급수관,북구,520,49,공도,15.0,PFP관,이형관,침하,,2시간,0 ,,미입력,35.8967871,128.6097942,1100164.498,1767251.679,,,2014-05-07 11:43:00
648,20140505-0008,북부사업소,201405,460,"북구 대구체육관로 47 (산격동,남원골) / 1430-28번지",지상-공도,,"대구체육관로 47 (산격동,남원골) / 1430-28번지",2014-05-05 11:20,2014-05-05 11:20,2014-05-05 14:50,급수관,북구,520,47,공도,15.0,스텐레스관,직관,타공사손괴,기타,2시간,8 ,,미입력,35.89267,128.6042972,1099665.251,1766793.215,,,2014-05-05 11:20:00
649,20140502-0371,북부사업소,201405,443,북구 연암공원로 55-29 (산격동) / 1136-2번지,지상-공도,,연암공원로 55-29 (산격동) / 1136-2번지,2014-05-02 15:07,2014-05-02 15:07,2014-05-02 15:45,급수관,북구,520,46-1,공도,15.0,스텐레스관,직관,침하,,2시간,1 ,,미입력,35.8952054,128.597639,1099180.917,1767113.565,,,2014-05-02 15:07:00
650,20140423-0218,북부사업소,201404,405,"북구 연암공원로32길 60 (산격동,깜미용실) / 1197-103번지",지상-사유지,,"연암공원로32길 60 (산격동,깜미용실) / 1197-103번지",2014-04-23 13:34,2014-04-23 13:34,2014-04-23 17:20,급수관,북구,520,24-3,사유지,15.0,스텐레스관,고무링·패킹,부식,,,,,미입력,35.8976136,128.6049804,1099720.033,1767342.477,,,2014-04-23 13:34:00
651,20140417-0309,북부사업소,201404,383,북구 연암공원로 60 (산격동) / 1155-7번지,지상-사유지,,연암공원로 60 (산격동) / 1155-7번지,2014-04-17 16:09,2014-04-17 16:09,2014-04-17 18:35,급수관,북구,520,46-1,사유지,15.0,스텐레스관,직관,노후,,,,,미입력,35.8958309,128.5993167,1099215.399,1767135.94,,,2014-04-17 16:09:00
652,20140414-0209,북부사업소,201404,355,북구 대동로8길 10 (산격동) / 1266-6번지,지상-공도,,대동로8길 10 (산격동) / 1266-6번지,2014-04-14 14:38,2014-04-14 14:38,2014-04-14 17:55,급수관,북구,520,49,공도,15.0,부분기대,부분기대,노후,,2시간,0 ,,미입력,35.8967871,128.6097942,1100164.498,1767251.679,,,2014-04-14 14:38:00
653,20140411-0152,북부사업소,201404,347,북구 대동로8길 9 (산격동) / 1267-25번지,지상-공도,,대동로8길 9 (산격동) / 1267-25번지,2014-04-11 14:09,2014-04-11 14:09,2014-04-11 17:10,급수관,북구,520,49,공도,80.0,닥타일관,이형관,노후,,3시간,25 ,,미입력,35.8965019,128.6100277,1100178.138,1767224.544,,,2014-04-11 14:09:00
654,20140410-0057,북부사업소,201404,340,북구 대학로9길 6-1 (산격동) / 1417-31번지,지상-사유지,,대학로9길 6-1 (산격동) / 1417-31번지,2014-04-10 10:20,2014-04-10 10:20,2014-04-11 08:25,급수관,북구,520,49,사유지,15.0,스텐레스관,볼트·너트,부식,,,0 ,,미입력,35.8913697,128.6059763,1099819.732,1766653.732,,,2014-04-10 10:20:00
655,20140408-0171,북부사업소,201404,326,북구 대동로4길 6 (산격동) / 1241-18번지,지상-공도,,대동로4길 6 (산격동) / 1241-18번지,2014-04-08 11:36,2014-04-08 11:36,2014-04-08 14:00,급수관,북구,520,48,공도,15.0,부분기대,부분기대,노후,,2시간,0 ,,미입력,35.8976449,128.6077196,1099968.243,1767348.649,,,2014-04-08 11:36:00
656,20140331-0432,북부사업소,201403,302,북구 대구체육관로8길 10-1 (산격동) / 1498-39번지,지상-공도,,대구체육관로8길 10-1 (산격동) / 1498-39번지,2014-03-31 15:14,2014-03-31 15:14,2014-03-31 18:20,급수관,북구,520,47,공도,25.0,스텐레스관,직관,노후,,3시간,4 ,,미입력,35.8921334,128.6036122,1099566.138,1766722.129,,,2014-03-31 15:14:00
657,20140311-0188,북부사업소,201403,233,북구 대동로8길 14 (산격동) / 1250-33번지,지상-공도,,대동로8길 14 (산격동) / 1250-33번지,2014-03-11 14:09,2014-03-11 14:09,2014-03-11 17:45,급수관,북구,520,48,공도,25.0,부분기대,부분기대,노후,,2시간,2 ,,미입력,35.8966676,128.6094023,1100121.954,1767243.253,,,2014-03-11 14:09:00
658,20140305-0070,북부사업소,201403,224,"북구 대학로 80 (산격동,경북대학교) / 1309-8번지",지상-공도,,"대학로 80 (산격동,경북대학교) / 1309-8번지",2014-03-05 10:22,2014-03-05 10:22,2014-03-05 14:10,급수관,북구,520,49,공도,100.0,닥타일관,직관,노후,,3시간,59 ,,미입력,36.766626,127.6244204,1100209.304,1766369.091,,,2014-03-05 10:22:00
659,20140303-0135,북부사업소,201403,215,북구 대학로9길 81 (산격동) / 1234-15번지,지상-사유지,,대학로9길 81 (산격동) / 1234-15번지,2014-03-03 10:30,2014-03-03 10:30,2014-03-03 13:40,급수관,북구,520,48,사유지,15.0,스텐레스관,이형관,노후,,,0 ,,미입력,35.8978547,128.6071543,1099917.445,1767370.881,,,2014-03-03 10:30:00
660,20140217-0499,북부사업소,201402,183,북구 연암로12길 10 (산격동) / 1037-1번지,지하-공도,자체-주간,연암로12길 10 (산격동) / 1037-1번지,2014-02-17 17:25,2014-02-17 17:25,2014-02-17 20:00,급수관,북구,520,46-1,공도,15.0,변류,접합부,부식,,48일,81 ,,미입력,35.8918673,128.5973152,1099036.777,1766697.921,,,2014-02-17 17:25:00
661,20140127-0322,북부사업소,201401,105,북구 산격로8길 23-2 (산격동) / 1326-24번지,지상-공도,,산격로8길 23-2 (산격동) / 1326-24번지,2014-01-27 14:56,2014-01-27 14:56,2014-01-27 17:30,급수관,북구,520,49,공도,20.0,스텐레스관,직관,노후,,2시간,2 ,,미입력,35.8938019,128.6078556,1099985.703,1766926.423,,,2014-01-27 14:56:00
662,20140117-0003,북부사업소,201401,72,북구 대동로 20 (산격동) / 1253-3번지,미누수,,대동로 20 (산격동) / 1253-3번지,2014-01-17 07:35,2014-01-17 07:35,2014-01-17 09:10,,북구,520,48,,,,,,,,,,미입력,37.4914555,127.9811347,1100081.085,1767335.33,,,2014-01-17 07:35:00
663,20131229-0017,북부사업소,201401,1309,북구 연암공원로14길 25-3 (산격동) / 1195-49번지,지상-공도,,연암공원로14길 25-3 (산격동) / 1195-49번지,2013-12-29 14:34,2013-12-29 14:34,2013-12-29 17:30,급수관,북구,520,24-3,공도,15.0,스텐레스관,이형관,노후,,2시간,0 ,,미입력,35.8966439,128.6027469,1099519.131,1767233.678,,,2013-12-29 14:34:00
664,20131226-0012,북부사업소,201401,1284,북구 연암공원로 66-20 (산격동) / 1163-3번지,미누수,,연암공원로 66-20 (산격동) / 1163-3번지,2013-12-26 09:00,2013-12-26 09:00,2013-12-26 10:40,,북구,520,46-1,,,,,,,,,,미입력,35.8961112,128.6001309,1099284.997,1767171.49,,,2013-12-26 09:00:00
665,20131224-0434,북부사업소,201401,1278,북구 연암로4길 22-5 (산격동) / 1498-70번지,지상-사유지,,연암로4길 22-5 (산격동) / 1498-70번지,2013-12-24 16:26,2013-12-24 16:26,2013-12-24 17:55,급수관,북구,520,47,사유지,15.0,계량기보호통(실),앵글밸브,접합부이완,,,,,미입력,35.8897072,128.6028817,1099540.967,1766463.349,,,2013-12-24 16:26:00
666,20131218-0370,북부사업소,201312,1251,북구 산격로 30-2 (산격동) / 1413-40번지,지상-사유지,,산격로 30-2 (산격동) / 1413-40번지,2013-12-18 17:50,,,급수관,북구,520,49,사유지,15.0,계량기보호통(실),계량기보호통,노후,,,,,미입력,35.8931545,128.605574,1099779.844,1766849.089,,,2013-12-18 17:50:00
667,20131120-0362,북부사업소,201311,1109,북구 대동로8길 26-2 (산격동) / 1252-4번지,지상-사유지,,대동로8길 26-2 (산격동) / 1252-4번지,2013-11-20 16:14,2013-11-20 16:14,2013-11-20 19:35,급수관,북구,520,48,사유지,15.0,계량기보호통(실),계량기보호통,노후,,,,,미입력,35.8968767,128.6080844,1100002.47,1767264.339,,,2013-11-20 16:14:00
668,20131120-0243,북부사업소,201312,1107,"북구 산격로6길 24-1 (산격동,당구장) / 1400-11번지",지상-공도,,"산격로6길 24-1 (산격동,당구장) / 1400-11번지",2013-11-20 13:56,2013-11-20 13:56,2013-11-20 17:50,급수관,북구,520,49,공도,80.0,변류,접합부,볼트이완,,2시간,12 ,,미입력,35.8924459,128.6078682,1099987.493,1766772.568,,,2013-11-20 13:56:00
669,20131114-0012,북부사업소,201311,1076,북구 산격로 57-5 (산격동) / 1422-8번지,지상-공도,,산격로 57-5 (산격동) / 1422-8번지,2013-11-14 07:18,2013-11-14 07:18,2013-11-14 11:25,급수관,북구,520,47,공도,15.0,PFP관,이형관,부식,,2시간,0 ,,미입력,35.8956034,128.6048453,1099711.087,1767117.48,,,2013-11-14 07:18:00
670,20131109-0029,북부사업소,201311,1063,"북구 대학로9길 71 (산격동,태양반점) / 1231-25번지",지상-공도,,"대학로9길 71 (산격동,태양반점) / 1231-25번지",2013-11-09 17:23,2013-11-09 17:23,2013-11-09 20:45,급수관,북구,520,48,공도,15.0,부분기대,부분기대,노후,,2시간,0 ,,미입력,35.897229,128.6064352,1099851.604,1767303.564,,,2013-11-09 17:23:00
671,20131106-0346,북부사업소,201311,1050,북구 산격로 28-5 (산격동) / 1413-7번지,지상-사유지,,산격로 28-5 (산격동) / 1413-7번지,2013-11-06 15:58,2013-11-06 15:58,2013-11-06 19:10,급수관,북구,520,49,사유지,15.0,계량기보호통(실),계량기보호통,노후,,,,,미입력,35.8930412,128.6055699,1099780.211,1766835.793,,,2013-11-06 15:58:00
672,20131025-0142,북부사업소,201310,994,북구 대학로25길 5-2 (산격동) / 1277-1번지,지상-사유지,,대학로25길 5-2 (산격동) / 1277-1번지,2013-10-25 11:06,2013-10-25 11:06,2013-10-25 14:25,급수관,북구,520,49,사유지,15.0,계량기보호통(실),계량기보호통,노후,,,,,미입력,35.8954183,128.6116362,1100324.511,1767106.023,,,2013-10-25 11:06:00
673,20131023-0141,북부사업소,201310,983,북구 대학로9길 13 (산격동) / 1421-23번지,지상-사유지,,대학로9길 13 (산격동) / 1421-23번지,2013-10-23 10:36,2013-10-23 10:36,2013-10-23 12:10,급수관,북구,520,49,사유지,15.0,계량기보호통(실),연결부,고무링-패킹손상,,,,,미입력,35.8920494,128.6057983,1099799.271,1766725.319,,,2013-10-23 10:36:00
674,20131021-0037,북부사업소,201310,963,북구 연암공원로32길 56-4 (산격동) / 1222-39번지,지상-공도,,연암공원로32길 56-4 (산격동) / 1222-39번지,2013-10-21 09:16,2013-10-21 09:16,2013-10-21 13:05,급수관,북구,520,24-3,공도,20.0,부분기대,부분기대,접합부이완,,2시간,1 ,,입력,35.8980531,128.6052826,1099747.573,1767391.81,,,2013-10-21 09:16:00
675,20131009-0114,북부사업소,201310,896,"북구 대동로 34 (산격동,서울막창) / 1241-15번지",지상-공도,,"대동로 34 (산격동,서울막창) / 1241-15번지",2013-10-09 18:01,2013-10-09 18:01,2013-10-09 21:50,급수관,북구,520,48,공도,15.0,부분기대,부분기대,접합부이완,,2시간,0 ,,입력,35.8969769,128.6102656,1100199.37,1767275.948,,,2013-10-09 18:01:00
676,20131004-0134,북부사업소,201310,858,"북구 연암로4길 22 (산격동,우주페인트) / 1498-141번지",지상-사유지,,"연암로4길 22 (산격동,우주페인트) / 1498-141번지",2013-10-04 10:01,2013-10-04 10:01,2013-10-04 13:50,급수관,북구,520,47,사유지,15.0,계량기보호통(실),계량기보호통,노후,,,,,미입력,35.8896873,128.6025124,1099508.89,1766460.591,,,2013-10-04 10:01:00
677,20130923-0566,북부사업소,201309,829,북구 연암공원로13길 6-2 (산격동) / 1180-59번지,지상-사유지,,연암공원로13길 6-2 (산격동) / 1180-59번지,2013-09-23 16:52,2013-09-23 16:52,2013-09-23 20:05,급수관,북구,520,46-1,사유지,15.0,계량기보호통(실),계량기보호통,노후,,,,,미입력,35.8968985,128.5996514,1099241.262,1767258.346,,,2013-09-23 16:52:00
678,20130911-0174,북부사업소,201309,809,"북구 연암로 40 (산격동,별관2식당) / 1449-1번지",미누수,,"연암로 40 (산격동,별관2식당) / 1449-1번지",2013-09-11 14:04,2013-09-11 14:04,2013-09-11 15:45,,북구,520,47,,,,,,,,,,미입력,36.9489433,127.1367748,1099278.087,1766782.236,,,2013-09-11 14:04:00
679,20130831-0026,북부사업소,201308,756,북구 대구체육관로8길 18 (산격동) / 1498-43번지,지상-공도,,대구체육관로8길 18 (산격동) / 1498-43번지,2013-08-31 15:34,2013-08-31 16:00,2013-08-31 18:30,급수관,북구,520,47,공도,15.0,스텐레스관,이형관,타공사손괴,한전,2시간,1 ,,입력,35.8917172,128.6032125,1099568.921,1766685.941,,,2013-08-31 15:34:00
680,20130831-0001,북부사업소,201308,755,"북구 대학로 131, 편의점 (산격동) / 1279-7번지",지상-공도,,"대학로 131, 편의점 (산격동) / 1279-7번지",2013-08-31 06:15,2013-08-31 06:15,2013-08-31 09:50,급수관,북구,520,49,공도,20.0,스텐레스관,이형관,접합부이완,,2시간,1 ,,미입력,37.5829173,127.001513,1100426.294,1767163.736,,,2013-08-31 06:15:00
681,20130830-0224,북부사업소,201308,754,"북구 대학로23길 11, (공용함) (산격동,무진원룸) / 1321-11번지",지상-공도,,"대학로23길 11, (공용함) (산격동,무진원룸) / 1321-11번지",2013-08-30 14:50,2013-08-30 14:50,2013-08-30 17:40,급수관,북구,520,49,공도,20.0,스텐레스관,이형관,접합부이완,,2시간,1 ,,입력,35.8945009,128.6106126,1100231.952,1767003.777,,,2013-08-30 14:50:00
682,20130827-0230,북부사업소,201308,745,"북구 대학로 131, 편의점 (산격동) / 1279-7번지",지상-공도,,"대학로 131, 편의점 (산격동) / 1279-7번지",2013-08-27 13:18,2013-08-27 13:18,2013-08-27 16:35,급수관,북구,520,49,공도,20.0,스텐레스관,이형관,노후,,2시간,1 ,,입력,37.5829173,127.001513,1100426.294,1767163.736,,,2013-08-27 13:18:00
683,20130826-0224,북부사업소,201308,740,북구 대동로6길 24 (산격동) / 1312-74번지,지상-공도,,대동로6길 24 (산격동) / 1312-74번지,2013-08-26 11:08,2013-08-26 11:08,2013-08-26 13:15,급수관,북구,520,49,공도,25.0,스텐레스관,이형관,노후,,2시간,2 ,,입력,35.8952943,128.6093955,1100121.935,1767090.686,,,2013-08-26 11:08:00
684,20130730-0155,북부사업소,201307,670,북구 대학로23길 18-10 (산격동) / 1309-4번지,지상-공도,,대학로23길 18-10 (산격동) / 1309-4번지,2013-07-30 11:33,2013-07-30 12:00,2013-07-30 15:00,급수관,북구,520,49,공도,15.0,부분기대,부분기대,노후,,3시간,0 ,,입력,35.8944278,128.6099339,1100170.811,1766994.662,,,2013-07-30 11:33:00
685,20130729-0328,북부사업소,201307,667,"북구 대학로 115 (산격동,(S.K텔레콤)자납) / 1320-5번지",지상-사유지,,"대학로 115 (산격동,(S.K텔레콤)자납) / 1320-5번지",2013-07-29 14:58,2013-07-29 15:30,2013-07-29 17:30,급수관,북구,520,49,사유지,15.0,계량기보호통(실),연결부,노후,,,,,미입력,35.9803018,126.7069223,1100316.358,1767037.995,,,2013-07-29 14:58:00
686,20130725-0332,북부사업소,201307,658,북구 대학로9길 38-1 (산격동) / 1409-49번지,지상-사유지,,대학로9길 38-1 (산격동) / 1409-49번지,2013-07-25 16:35,2013-07-25 17:00,2013-07-25 19:00,급수관,북구,520,49,사유지,15.0,계량기보호통(실),계량기보호통,노후,,,,,미입력,35.8942994,128.6059823,1099818.689,1766974.762,,,2013-07-25 16:35:00
687,20130701-0551,북부사업소,201307,609,북구 연암공원로8길 18-4 (산격동) / 1105-4번지,지상-사유지,,연암공원로8길 18-4 (산격동) / 1105-4번지,2013-07-01 17:41,2013-07-01 18:30,2013-07-01 20:30,급수관,북구,520,46-1,사유지,15.0,계량기보호통(실),연결부,노후,,,,,미입력,35.8935602,128.5984186,1099131.573,1766889.269,,,2013-07-01 17:41:00
688,20130607-0264,북부사업소,201306,535,"북구 대구체육관로11길 22 (산격동,파랑새마을) / 1429-20번지",지상-사유지,,"대구체육관로11길 22 (산격동,파랑새마을) / 1429-20번지",2013-06-07 13:28,2013-06-07 14:00,2013-06-07 16:00,급수관,북구,520,47,사유지,15.0,계량기보호통(실),연결부,노후,,,,,미입력,35.8935864,128.6046368,1099694.717,1766895.95,,,2013-06-07 13:28:00
689,20130607-0066,북부사업소,201306,532,북구 대동로 2-23 (산격동) / 1234-6번지,지상-사유지,,대동로 2-23 (산격동) / 1234-6번지,2013-06-07 09:34,2013-06-07 10:00,2013-06-07 12:00,급수관,북구,520,48,사유지,15.0,계량기보호통(실),연결부,노후,,,,,미입력,35.8975383,128.6066399,1099871.13,1767336.056,,,2013-06-07 09:34:00
690,20130604-0112,북부사업소,201307,521,북구 산격로11길 17 (산격동) / 1423-40번지,지상-사유지,,산격로11길 17 (산격동) / 1423-40번지,2013-06-04 10:47,2013-06-04 11:30,2013-06-04 12:00,급수관,북구,520,47,사유지,15.0,계량기보호통(실),계량기보호통,노후,,,,,미입력,35.8958679,128.6034297,1099581.673,1767145.016,,,2013-06-04 10:47:00
691,20130521-0079,북부사업소,201305,471,"북구 대구체육관로8길 5 (산격동,부국생태탕) / 1497-44번지",지상-사유지,,"대구체육관로8길 5 (산격동,부국생태탕) / 1497-44번지",2013-05-21 10:00,2013-05-21 10:30,2013-05-21 13:30,급수관,북구,520,47,사유지,15.0,계량기보호통(실),계량기보호통,노후,,,,,미입력,35.8922664,128.6035592,1099593.801,1766747.258,,,2013-05-21 10:00:00
692,20130429-0228,북부사업소,201304,404,"북구 대동로8길 21-2 (산격동,401호 동원빌라) / 1249-3번지",지상-사유지,,"대동로8길 21-2 (산격동,401호 동원빌라) / 1249-3번지",2013-04-29 12:03,2013-04-29 12:30,2013-04-29 14:30,급수관,북구,520,48,사유지,15.0,계량기보호통(실),연결부,노후,,,,,미입력,35.8964988,128.6085216,1100042.169,1767224.354,,,2013-04-29 12:03:00
693,20130424-0368,북부사업소,201304,394,북구 대학로25길 21-1 (산격동) / 1307-49번지,지상-공도,,대학로25길 21-1 (산격동) / 1307-49번지,2013-04-24 18:38,2013-04-24 19:00,2013-04-24 22:00,급수관,북구,520,49,공도,15.0,스텐레스관,이형관,노후,,2시간,0 ,,입력,35.895344,128.6100321,1100178.892,1767096.979,,,2013-04-24 18:38:00
694,20130417-0019,북부사업소,201304,377,북구 대동로6길 38 (산격동) / 1313-56번지,지상-공도,,대동로6길 38 (산격동) / 1313-56번지,2013-04-17 09:21,2013-04-17 10:00,2013-04-17 13:00,급수관,북구,520,49,공도,15.0,스텐레스관,이형관,노후,,2시간,0 ,,입력,35.8940245,128.6093829,1100122.835,1766952.628,,,2013-04-17 09:21:00
695,20130403-0138,북부사업소,201304,341,"북구 대학로9길 74-7 (산격동,자납,김정기) / 1242-5번지",지상-사유지,,"대학로9길 74-7 (산격동,자납,김정기) / 1242-5번지",2013-04-03 11:16,2013-04-03 11:16,2013-04-03 13:10,급수관,북구,520,48,사유지,15.0,계량기보호통(실),연결부,노후,,,,,미입력,35.8970207,128.6069701,1099901.515,1767279.225,,,2013-04-03 11:16:00
696,20130322-0190,북부사업소,201303,314,"북구 대학로 129 (산격동,탑부동산) / 1279-21번지",지상-공도,,"대학로 129 (산격동,탑부동산) / 1279-21번지",2013-03-22 13:24,2013-03-22 14:00,2013-03-22 17:00,급수관,북구,520,49,공도,15.0,스텐레스관,이형관,노후,,2시간,0 ,,입력,37.5827031,127.0015306,1100411.094,1767144.659,,,2013-03-22 13:24:00
697,20130305-0058,북부사업소,201303,265,"북구 대구체육관로9길 2 (산격동,스시로 회) / 1430-30번지",지상-사유지,,"대구체육관로9길 2 (산격동,스시로 회) / 1430-30번지",2013-03-05 09:45,2013-03-05 10:30,2013-03-05 12:30,급수관,북구,520,47,사유지,20.0,계량기보호통(실),계량기보호통,노후,,,,,미입력,35.8927626,128.6040563,1099643.311,1766802.507,,,2013-03-05 09:45:00
698,20130221-0139,북부사업소,201302,224,북구 연암공원로32길 62-13 (산격동) / 1197-15번지,지상-사유지,,연암공원로32길 62-13 (산격동) / 1197-15번지,2013-02-21 12:43,2013-02-21 13:30,2013-02-21 16:00,급수관,북구,520,24-3,사유지,15.0,계량기보호통(실),계량기보호통,노후,,,,,미입력,35.8980324,128.6046759,1099689.708,1767386.119,,,2013-02-21 12:43:00
699,20130215-0086,북부사업소,201302,192,"북구 연암로4길 59 (산격동,대성이용원) / 1498-194번지",지상-공도,,"연암로4길 59 (산격동,대성이용원) / 1498-194번지",2013-02-15 11:18,2013-02-15 12:00,2013-02-15 15:00,급수관,북구,520,47,공도,20.0,스텐레스관,이형관,노후,,3시간,1 ,,입력,35.8909028,128.6040928,1099649.755,1766597.275,,,2013-02-15 11:18:00
700,20130214-0007,북부사업소,201302,185,"북구 대학로17길 9 (산격동,다모아 미용실) / 1393-1번지",지상-공도,,"대학로17길 9 (산격동,다모아 미용실) / 1393-1번지",2013-02-14 08:48,2013-02-14 08:48,2013-02-14 11:50,급수관,북구,520,49,공도,25.0,스텐레스관,이형관,노후,,2시간,1 ,,입력,35.8930396,128.6087085,1100061.928,1766839.34,,,2013-02-14 08:48:00
701,20130204-0145,북부사업소,201302,158,북구 산격로1길 31-30 (산격동) / 1401-65번지,지상-사유지,,산격로1길 31-30 (산격동) / 1401-65번지,2013-02-04 11:19,2013-02-04 12:00,2013-02-04 15:00,급수관,북구,520,47,사유지,15.0,계량기보호통(실),계량기보호통,노후,,,,,미입력,35.890609,128.6032882,1099577.146,1766563.419,,,2013-02-04 11:19:00
702,20130129-0409,북부사업소,201302,143,북구 연암공원로11길 3-6 (산격동) / 1166-2번지,지상-사유지,,연암공원로11길 3-6 (산격동) / 1166-2번지,2013-01-29 17:03,2013-01-29 17:30,2013-01-29 20:00,급수관,북구,520,46-1,사유지,20.0,계량기보호통(실),앵글밸브,노후,,,0 ,,미입력,35.8964105,128.5988983,1099173.067,1767202.412,,,2013-01-29 17:03:00
703,20130129-0066,북부사업소,201302,139,"북구 연암공원로11길 3-24 (산격동,금고본인) / 1167-3번지",지상-사유지,,"연암공원로11길 3-24 (산격동,금고본인) / 1167-3번지",2013-01-29 10:30,2013-01-29 11:00,2013-01-29 13:30,급수관,북구,520,46-1,사유지,15.0,계량기보호통(실),계량기보호통,노후,,,0 ,,미입력,35.8963992,128.5987661,1099162.563,1767202.959,,,2013-01-29 10:30:00
704,20130126-0025,북부사업소,201301,127,북구 연암공원로 82-12 (산격동) / 1186-15번지,지상-공도,,연암공원로 82-12 (산격동) / 1186-15번지,2013-01-26 11:02,2013-01-26 11:30,2013-01-26 14:00,급수관,북구,520,24-3,공도,25.0,스텐레스관,직관,노후,,3시간,4 ,,입력,35.8970288,128.6009761,1099359.868,1767272.55,,,2013-01-26 11:02:00
705,20130117-0167,북부사업소,201301,101,"북구 연암공원로 90-8, 자납,최정숙 (산격동) / 1185-49번지",지상-사유지,,"연암공원로 90-8, 자납,최정숙 (산격동) / 1185-49번지",2013-01-17 12:49,2013-01-17 13:30,2013-01-17 16:00,급수관,북구,520,24-3,사유지,15.0,계량기보호통(실),계량기보호통,노후,,,,,미입력,35.8976705,128.6018008,1099433.971,1767346.313,,,2013-01-17 12:49:00
706,20130113-0021,북부사업소,201301,72,북구 연암공원로 66-13 (산격동) / 1161-46번지,지상-사유지,,연암공원로 66-13 (산격동) / 1161-46번지,2013-01-13 10:30,,2013-01-13 11:00,급수관,북구,520,46-1,사유지,15.0,계량기보호통(실),계량기보호통,노후,,,,,미입력,35.8963635,128.6005926,1099325.838,1767200.592,,,2013-01-13 10:30:00
707,20130109-0170,북부사업소,201301,53,북구 연암공원로14길 46-1 (산격동) / 1423번지,지상-사유지,,연암공원로14길 46-1 (산격동) / 1423번지,2013-01-09 12:17,2013-01-09 13:00,2013-01-09 15:30,급수관,북구,520,47,사유지,15.0,계량기보호통(실),계량기보호통,노후,,,,,미입력,35.8959559,128.6044328,1099673.684,1767157.981,,,2013-01-09 12:17:00
708,20130105-0084,북부사업소,201301,24,북구 연암공원로14길 25-3 (산격동) / 1195-49번지,지상-공도,,연암공원로14길 25-3 (산격동) / 1195-49번지,2013-01-05 11:42,2013-01-05 11:42,2013-01-05 15:05,급수관,북구,520,24-3,공도,40.0,PFP관,이형관,노후,,3시간,1 ,,입력,35.8966439,128.6027469,1099519.131,1767233.678,,,2013-01-05 11:42:00
709,20130105-0005,북부사업소,201301,21,북구 연암로12길 9-6 (산격동) / 1051-2번지,지상-공도,,연암로12길 9-6 (산격동) / 1051-2번지,2013-01-05 06:32,2013-01-05 06:32,2013-01-05 10:15,급수관,북구,520,46-1,공도,40.0,PFP관,이형관,노후,,2시간,1 ,,입력,35.8919787,128.5968683,1098995.234,1766707.005,,,2013-01-05 06:32:00
710,20130103-0175,북부사업소,201301,11,북구 연암로4길 42-9 (산격동) / 1498-35번지,지상-공도,,연암로4길 42-9 (산격동) / 1498-35번지,2013-01-03 12:59,2013-01-03 12:59,2013-01-03 15:25,급수관,북구,520,47,공도,50.0,PFP관,이형관,노후,,3시간,2 ,,입력,35.890267,128.6038772,1099628.52,1766527.281,,,2013-01-03 12:59:00
1,,북부사업소,201306,518,북구 산격로 22-1 (산격동) / 1418-1번지,지하-공도,용역,산격로 22-1 (산격동) / 1418-1번지,2013-06-04 09:00,,,급수관,북구,520,49,공도,15.0,부분기대,부분기대,노후,,155일,446 ,,미입력,35.892493,128.6053595,1099762.026,1766774.019,,,2013-06-04 09:00:00
2,,북부사업소,201810,1153,북구 연암공원로 90-5 (산격동) / 1185-8번지,시설물수선,,연암공원로 90-5 (산격동) / 1185-8번지,2018-10-12 11:00,,,배수지관,북구,520,24-3,,,,,,,,,,미입력,35.898052,128.6017082,1099424.162,1767387.758,,,2018-10-12 11:00:00
3,,북부사업소,201302,141,북구 대동로8길 21-5 (산격동) / 1249-16번지,기타,,대동로8길 21-5 (산격동) / 1249-16번지,2013-01-29 09:00,,,급수관,북구,520,48,,,,,,,,,,미입력,35.8963146,128.6087015,1100058.68,1767201.944,,,2013-01-29 09:00:00
4,,북부사업소,201306,601,북구 대학로13길 30-1 (산격동) / 1326-7번지,지하-공도,용역,대학로13길 30-1 (산격동) / 1326-7번지,2013-06-29 09:00,,,급수관,북구,520,49,공도,15.0,부분기대,부분기대,노후,,180일,0 ,,미입력,35.8944754,128.6077617,1099975.03,1766999.263,,,2013-06-29 09:00:00
5,,북부사업소,201202,247,북구 대학로 59-29 (산격동) / 1417-25번지,지하-사유지,용역,대학로 59-29 (산격동) / 1417-25번지,2013-02-27 09:00,,,급수관,북구,520,49,사유지,15.0,스텐레스관,직관,노후,,58일,97 ,,미입력,36.6685172,126.8632648,1099839.787,1766661.936,,,2013-02-27 09:00:00
6,,북부사업소,201302,247,북구 대학로 59-29 (산격동) / 1417-25번지,지하-공도,용역,대학로 59-29 (산격동) / 1417-25번지,2013-02-27 09:00,,,급수관,북구,520,49,공도,15.0,부분기대,부분기대,노후,,58일,167 ,,미입력,36.6685172,126.8632648,1099839.787,1766661.936,,,2013-02-27 09:00:00
7,,북부사업소,201306,575,북구 산격로8길 23-2 (산격동) / 1326-24번지,지하-공도,용역,산격로8길 23-2 (산격동) / 1326-24번지,2013-06-21 09:00,,,급수관,북구,520,49,공도,15.0,스텐레스관,이형관,노후,,172일,495 ,,입력,35.8938019,128.6078556,1099985.703,1766926.423,,,2013-06-21 09:00:00
8,,북부사업소,201307,603,북구 산격로6길 8 (산격동) / 1414-8번지,지하-공도,용역,산격로6길 8 (산격동) / 1414-8번지,2013-07-01 08:00,,,급수관,북구,520,49,공도,15.0,변류,접합부,노후,,31일,52 ,,미입력,35.8924757,128.6060081,1099815.657,1766766.594,,,2013-07-01 08:00:00
9,,북부사업소,201307,626,북구 대학로 59-16 (산격동) / 1416-9번지,지하-공도,용역,대학로 59-16 (산격동) / 1416-9번지,2013-07-16 08:00,,,급수관,북구,520,49,공도,15.0,부분기대,부분기대,노후,,16일,46 ,,입력,37.4466442,129.1626393,1099884.668,1766683.466,,,2013-07-16 08:00:00
10,,북부사업소,201302,232,북구 대구체육관로9길 40-1 (산격동) / 1426-46번지,지하-공도,용역,대구체육관로9길 40-1 (산격동) / 1426-46번지,2013-02-25 09:00,,,급수관,북구,520,49,공도,20.0,부분기대,부분기대,노후,,56일,457 ,,입력,35.8944037,128.6041922,1099653.25,1766989.309,,,2013-02-25 09:00:00
11,,북부사업소,201306,519,북구 대학로17길 18 (산격동) / 1313-4번지,지하-공도,용역,대학로17길 18 (산격동) / 1313-4번지,2013-06-04 09:00,,,급수관,북구,520,49,공도,32.0,부분기대,부분기대,노후,,155일,856 ,,입력,35.8938053,128.609037,1100091.68,1766925.972,,,2013-06-04 09:00:00
12,,북부사업소,201307,627,북구 산격로6길 6-1 (산격동) / 1418번지,지하-공도,용역,산격로6길 6-1 (산격동) / 1418번지,2013-07-16 08:00,,,급수관,북구,520,49,공도,15.0,부분기대,부분기대,부식,,16일,46 ,,미입력,35.8924787,128.605816,1099802.927,1766773.128,,,2013-07-16 08:00:00
13,,북부사업소,201402,144,"북구 대구체육관로 39, B동 (산격동,대구체육관) / 1427-1번지",배수관망유지수선,,"대구체육관로 39, B동 (산격동,대구체육관) / 1427-1번지",2014-02-04 08:00,,,급수관,북구,520,47,,,,,,,,,,미입력,35.8936796,128.6034325,1099582.34,1766915.669,,,2014-02-04 08:00:00
14,,북부사업소,201311,1103,북구 산격로 14-13 (산격동) / 1421-51번지,지하-공도,용역,산격로 14-13 (산격동) / 1421-51번지,2013-11-20 09:00,,,급수관,북구,520,49,공도,25.0,스텐레스관,이형관,노후,,143일,"1,098 ",,미입력,35.8920735,128.6055943,1099783.654,1766728.537,,,2013-11-20 09:00:00
15,,북부사업소,201411,1115,산격로14길 26-1선 노후배수관 교체공사,시설물수선,,,2014-11-21 08:00,,,배수지관,북구,520,48,,,,,,,,,,미입력,,,1100017.684,1767162.841,,,2014-11-21 08:00:00
16,,북부사업소,201407,680,북구 대학로9길 13 (산격동) / 1421-23번지,지하-공도,자체-주간,대학로9길 13 (산격동) / 1421-23번지,2014-07-01 08:00,,,급수관,북구,520,49,공도,15.0,변류,접합부,노후,,1일,2 ,,미입력,35.8920494,128.6057983,1099799.271,1766725.319,,,2014-07-01 08:00:00
17,,북부사업소,201503,41,대동로8길 9 긴급복구공사,배수관망유지수선,,대동로8길 9 (산격동) / 1267-25번지,2015-01-15 09:00,,,배수지관,북구,520,49,,,,,,,,,,미입력,35.8965019,128.6100277,1100178.138,1767224.544,,,2015-01-15 09:00:00
18,,북부사업소,201501,37,대동로8길 17 긴급복구공사,배수관망유지수선,,대동로8길 17 (산격동) / 1249-23번지,2015-01-14 09:00,,2015-01-15 18:00,배수지관,북구,520,48,,,,,,,,,,미입력,35.8964916,128.6090544,1100089.556,1767224.393,,,2015-01-14 09:00:00
19,,북부사업소,201505,255,하수본관내 매달린관 수선공사 N=3개소,시설물수선,,연암로2길 10 (산격동) / 1392-9번지,2015-05-08 09:00,,,배수본관,북구,520,47,,,,,,,,,,미입력,35.8889357,128.6022712,1099487.816,1766378.595,,,2015-05-08 09:00:00
20,,북부사업소,201412,1166,산격로14길 42-1 선 노후배수관 교체공사,시설물수선,,,2014-12-09 08:00,,,배수지관,북구,520,49,,,,,,,,,,미입력,,,1100168.362,1767161.811,,,2014-12-09 08:00:00
21,,북부사업소,201607,695,북구 연암로4길 49 (산격동) / 1498-220번지,미누수,,연암로4길 49 (산격동) / 1498-220번지,2016-07-26 10:00,,,,북구,520,47,,,,,,,,,,미입력,35.8906243,128.6037134,1099615.531,1766565.606,,,2016-07-26 10:00:00
22,,북부사업소,201605,478,북구 산격로서9길 8-50 (산격동) / 1437-9번지,배수관망유지수선,,산격로서9길 8-50 (산격동) / 1437-9번지,2016-05-13 09:00,,,배수지관,북구,520,24-3,,,,,,,,,,미입력,35.8956801,128.6021256,1099464.014,1767121.113,,,2016-05-13 09:00:00
23,,북부사업소,201608,787,북구 산격로 69 (산격동) / 1228-1번지,시설물수선,,산격로 69 (산격동) / 1228-1번지,2016-08-19 12:00,,,배수지관,북구,520,47,,,,,,,,,,미입력,35.8968328,128.6051482,1099735.873,1767255.573,,,2016-08-19 12:00:00
24,,북부사업소,201709,937,북구 연암공원로11길 3-16 노후배수관교체공사,배수관망유지수선,,연암공원로11길 3-16 (산격동) / 1166-6번지,2017-09-19 09:00,,,배수지관,북구,520,46-1,,,,,,,,,,미입력,35.8961547,128.5988809,1099172.298,1767176.911,,,2017-09-19 09:00:00
25,,북부사업소,201710,1019,북구 연암공원로10길 15-6 (산격동) / 1435-34번지,배수관망유지수선,,연암공원로10길 15-6 (산격동) / 1435-34번지,2017-10-17 10:00,,,배수지관,북구,520,46-1,,,,,,,,,,미입력,35.8946727,128.6005333,1099323.505,1767011.824,,,2017-10-17 10:00:00
26,,북부사업소,201306,543,북구 산격로8길 25 (산격동) / 1326-12번지,지하-공도,용역,산격로8길 25 (산격동) / 1326-12번지,2013-06-11 09:00,,,급수관,북구,520,49,공도,20.0,부분기대,부분기대,부식,,162일,"1,322 ",,입력,35.8937026,128.608004,1099997.562,1766913.889,,,2013-06-11 09:00:00
1,20250723-0413,북부사업소,202507,644,북구 대동로8길 15-1 (산격동) / 1249-27번지,지하-공도,자체상시,산격동 1249-27,2025-07-23 14:59,,2025-07-29 15:42,급수관,북구,520,48,공도,25.0,부분기대,부분기대,노후,,80일,230 ,,미입력,35.8964048,128.609203,,,D25*13 분기점 누수 수선유솔,,2025-07-23 14:59:00
2,20250721-0608,북부사업소,202507,638,북구 연암공원로8길 15 (산격동) / 1106-18번지,지하-사유지,용역일반,산격동 1106-18,2025-07-21 16:52,,2025-07-28 09:12,급수관,북구,520,46-1,사유지,15.0,스텐레스관,이형관,노후,,200일,672 ,생활용수,미대상,35.8934489,128.5987172,,,D15mm 인입선누수수선 및 보호통교체,,2025-07-21 16:52:00
3,20250721-0606,북부사업소,202507,637,북구 연암공원로8길 13-2 (산격동) / 1106-18번지,지하-공도,용역일반,산격동 1106-18,2025-07-21 16:51,,2025-07-28 09:11,급수관,북구,520,46-1,공도,25.0,부분기대,부분기대,노후,,80일,230 ,,미입력,35.8934489,128.5987172,,,D80*25mm 분기점누수수선,,2025-07-21 16:51:00
4,20250721-0605,북부사업소,202507,636,북구 연암공원로7길 9 (산격동) / 1134-1번지,지하-사유지,용역일반,산격동 1134-1,2025-07-21 16:50,,2025-07-28 09:14,급수관,북구,520,46-1,사유지,15.0,계량기보호통(실),접합부,노후,,140일,504 ,,미대상,35.8944473,128.5974658,,,D15mm 인입선누수수선 및 보호통교체,,2025-07-21 16:50:00
5,20250721-0489,북부사업소,202507,635,북구 연암공원로 55-31 (산격동) / 1169-17번지,지하-공도,용역일반,산격동 1169-17,2025-07-21 15:09,,2025-07-28 09:17,급수관,북구,520,46-1,공도,20.0,변류,본체,노후,,140일,0 ,,미입력,35.8957823,128.5984428,,,D20mm 밸브누수수선,,2025-07-21 15:09:00
6,20250721-0465,북부사업소,202507,633,북구 연암공원로14길 19-12 (산격동) / 1186-71번지,지하-사유지,용역일반,산격동 1186-71,2025-07-21 14:42,,2025-08-08 13:57,급수관,북구,520,24-3,사유지,15.0,계량기보호통(실),접합부,노후,,145일,522 ,,미대상,35.8968597,128.6024676,,,D15mm 계량기실누수수선 및 보호통교체,,2025-07-21 14:42:00
7,20250721-0463,북부사업소,202507,632,북구 연암공원로14길 19-16 (산격동) / 1186-39번지,지하-공도,용역일반,산격동 1186-39,2025-07-21 14:41,,2025-08-08 13:56,배수관,북구,520,24-3,공도,80.0,닥타일관,직관,노후,,140일,0 ,,미입력,35.896852,128.60232,,,DTC D80mm 접합부누수수선,,2025-07-21 14:41:00
8,20250721-0323,북부사업소,202507,628,북구 대구체육관로11길 7-1 (산격동) / 1430-27번지,지하-공도,자체상시,산격동 1430-27,2025-07-21 13:10,,2025-07-29 15:43,급수관,북구,520,47,공도,15.0,부분기대,부분기대,노후,,150일,900 ,,미입력,35.8928881,128.6043166,,,D80*13mm 분기점누수수선,,2025-07-21 13:10:00
9,20250609-0243,북부사업소,202506,535,북구 연암공원로 60 (산격동) / 1155-7번지,미누수,,산격동 1155-7,2025-06-09 13:24,,2025-06-09 16:01,,북구,520,46-1,,,,,,,,,,미대상,35.8957987,128.5993513,,,현장출동-하수도,,2025-06-09 13:24:00
10,20250521-0010,북부사업소,202506,470,북구 대구체육관로11길 3 (산격동) / 1430-8번지,미누수,,산격동 1430-8,2025-05-21 09:05,,2025-05-22 15:28,,북구,520,47,,,,,,,,,,미대상,35.8927865,128.6044273,,,현장출동-밸브고장(공무이첩),,2025-05-21 09:05:00
11,20250528-0066,북부사업소,202505,507,북구 연암로4길 52-4 (산격동) / 1498-136번지,미누수,,산격동 1498-136,2025-05-28 09:48,,2025-06-05 15:18,,북구,520,47,,,,,,,,,,미대상,35.8904429,128.6039249,,,현장출동-옥내누수,,2025-05-28 09:48:00
12,20250527-0354,북부사업소,202505,505,북구 연암로 18-30 (산격동) / 1441-20번지,지상-사유지,,산격동 1441-20,2025-05-27 13:03,,2025-05-28 15:43,급수관,북구,520,47,사유지,15.0,계량기보호통(실),계량기보호통,노후,,,,생활용수,미대상,35.8898904,128.6014252,,,D13mm 밸브밑누수 및 통교체,,2025-05-27 13:03:00
13,20250514-0049,북부사업소,202505,451,북구 대학로13길 55-1 (산격동) / 1242-12번지,미누수,,산격동 1242-12,2025-05-14 10:26,,2025-05-14 13:54,,북구,520,48,,,,,,,,,,미대상,35.8967923,128.607576,,,현장출동-옥내누수,,2025-05-14 10:26:00
14,20250510-0006,북부사업소,202505,444,"북구 연암로4길 1 (산격동,서울비닐상사) / 1441-2번지",미누수,,산격동 1441-2,2025-05-10 08:16,,2025-05-12 09:32,,북구,520,47,,,,,,,,,,미대상,35.8893733,128.6015727,,,현장출동-하수도,,2025-05-10 08:16:00
15,20250424-0010,북부사업소,202505,392,"북구 산격로9길 6-1 (산격동,새마을금고) / 1424-6번지",기타,,산격동 1424-6,2025-04-24 08:58,,2025-05-20 11:00,기타,북구,520,47,,,,,,,,,,미대상,35.8950661,128.6044337,,,터파기 결과 이상없음,,2025-04-24 08:58:00
16,20250418-0039,북부사업소,202504,375,북구 연암공원로10길 33-3 (산격동) / 1437-132번지,지상-사유지,,산격동 1437-132,2025-04-18 09:51,,2025-04-18 13:00,급수관,북구,520,24-3,사유지,15.0,계량기보호통(실),앵글밸브,접합부이완,,,,생활용수,미대상,35.8946041,128.6021922,,,D13 밸브조임,,2025-04-18 09:51:00
17,20250416-0280,북부사업소,202504,367,북구 대학로13길 40 (산격동) / 1312-23번지,지상-공도,,산격동 1312-23,2025-04-16 15:32,,2025-04-21 17:00,급수관,북구,520,48,공도,15.0,부분기대,부분기대,노후,,8시간,0 ,생활용수,입력,35.8952682,128.6077727,,,D100*15 분기점 수선,853777.0,2025-04-16 15:32:00
18,20250414-0308,북부사업소,202504,356,"북구 대학로 59-38, (폐전:2013.10.23) (산격동) / 1416-37번지",지하-공도,자체상시,산격동 1416-37 (폐전:2013.10.23),2025-04-14 15:12,,2025-04-16 09:19,배수관,북구,520,49,공도,80.0,닥타일관,직관,노후,,15일,0 ,생활용수,입력,35.8917235,128.6061353,,,D80mm 직관부누수수선(클램프설치),854088.0,2025-04-14 15:12:00
19,20250411-0236,북부사업소,202504,354,북구 연암공원로14길 54-1 (산격동) / 1424-30번지,지하-공도,자체일반,산격동 1424-30,2025-04-11 16:53,,2025-04-16 09:18,급수관,북구,520,47,공도,15.0,부분기대,부분기대,노후,,30일,0 ,생활용수,입력,35.8953021,128.6042856,,,D100*15mm 분기점누수수선(누수방지새들설치),853772.0,2025-04-11 16:53:00
20,20250410-0221,북부사업소,202504,348,북구 산격로10길 26-2 (산격동) / 1326-34번지,미누수,,산격동 1326-34,2025-04-10 15:03,,2025-04-17 16:55,,북구,520,49,,,,,,,,,,미대상,35.894675,128.6080001,,,현장출동-미누수,,2025-04-10 15:03:00
21,20250404-0309,북부사업소,202504,337,북구 연암공원로10길 3-7 (산격동) / 1149-1번지,미누수,,산격동 1149-1,2025-04-04 15:10,,2025-04-04 15:32,,북구,520,46-1,,,,,,,,,,미대상,35.8947352,128.5989505,,,"현장출동-오수, 구청으로 이관",,2025-04-04 15:10:00
22,20250327-0617,북부사업소,202503,314,북구 대구체육관로 8 (산격동) / 1442-50번지,지상-사유지,,산격동 1442-50 소담까페,2025-03-27 16:43,,2025-03-28 14:55,급수관,북구,520,47,사유지,15.0,계량기보호통(실),앵글밸브,볼트이완,,,,생활용수,미대상,35.890347,128.6011965,,,D13 밸브조임,,2025-03-27 16:43:00
23,20250305-0747,북부사업소,202503,225,북구 산격로서9길 26-6 (산격동) / 1117-45번지,지하-공도,자체상시,산격동 1117-45,2025-03-05 16:13,,2025-03-26 08:58,급수관,북구,520,46-1,공도,15.0,부분기대,부분기대,노후,,180일,"1,253 ",생활용수,입력,35.8952666,128.6002076,,,"(1차)D13mm 접합부누수수선, (2차)D80×13mm 분기점누수수선",853626.0,2025-03-05 16:13:00
24,20250304-0151,북부사업소,202503,218,북구 대학로25길 38-1 (산격동) / 1311-45번지,지하-공도,자체상시,산격동 1311-45,2025-03-04 10:30,,2025-03-26 08:57,급수관,북구,520,48,공도,15.0,부분기대,부분기대,노후,,180일,605 ,생활용수,입력,35.8955794,128.6081656,,,D80×13mm 구분기점누수수선(누.방설치),853627.0,2025-03-04 10:30:00
25,20250228-0217,북부사업소,202502,208,북구 대학로15길 25-1 (산격동) / 1326-13번지,지상-사유지,,산격동 1326-13,2025-02-28 11:40,,2025-02-28 16:00,급수관,북구,520,49,사유지,15.0,계량기보호통(실),계량기보호통,노후,,,,생활용수,미대상,35.8942286,128.6080125,,,D13 계량기통교체,,2025-02-28 11:40:00
26,20250227-0244,북부사업소,202502,205,북구 산격로10길 43-3 (산격동) / 1307-34번지,미누수,,산격동 1307-34,2025-02-27 11:17,,2025-02-27 14:19,,북구,520,49,,,,,,,,,,미대상,35.8951859,128.6100182,,,현장확인-옥내누수,,2025-02-27 11:17:00
27,20250226-0075,북부사업소,202502,195,북구 대구체육관로 40 (산격동) / 1497-7번지,미누수,,산격동 1497-7 CU편의점,2025-02-26 10:20,,2025-02-26 16:28,,북구,520,47,,,,,,,,,,미대상,35.8924376,128.6035637,,,"현장출동-계량기커버누수,요금팀 이첩",,2025-02-26 10:20:00
28,20250224-0473,북부사업소,202502,191,북구 산격로북9길 1-1 (산격동) / 1437-168번지,미누수,,산격동 1437-168 행복한날,2025-02-24 15:18,,2025-03-06 08:58,,북구,520,24-3,,,,,,,,,생활용수,미대상,35.8952564,128.6027767,,,탐사결과-급수중지 밸브 잠금,,2025-02-24 15:18:00
29,20250222-0021,북부사업소,202502,188,북구 연암로12길 9-9 (산격동) / 1040-2번지,지상-공도,,산격동 1040-2,2025-02-22 14:46,,2025-03-06 08:54,급수관,북구,520,46-1,공도,15.0,부분기대,부분기대,노후,,4시간,1 ,생활용수,입력,35.8917892,128.5966102,,,D13mm 인입선누수 수선(밸브설치),853370.0,2025-02-22 14:46:00
30,20250214-0113,북부사업소,202502,171,북구 대동로6길 22 (산격동) / 1312번지,지상-공도,,산격동 1312,2025-02-14 13:01,,2025-02-21 13:41,급수관,북구,520,48,공도,80.0,HIVP,이형관,부식,,7시간,48 ,생활용수,입력,35.8954103,128.6093837,,,D80mm (Hi-3P) 접합부누수 수선(볼트조움),853364.0,2025-02-14 13:01:00
31,20250211-0169,북부사업소,202502,154,북구 연암공원로 66-3 (산격동) / 1163-41번지,지상-사유지,,산격동 1163-41,2025-02-11 13:16,,2025-02-11 17:29,급수관,북구,520,46-1,사유지,15.0,계량기보호통(실),앵글밸브,노후,,,,,미대상,35.8964345,128.6001048,,,D13 밸브조임,,2025-02-11 13:16:00
32,20250210-0439,북부사업소,202502,148,북구 연암공원로20길 16 (산격동) / 1188번지,지상-사유지,,산격동 1188,2025-02-10 17:22,,2025-02-11 09:06,급수관,북구,520,24-3,사유지,15.0,계량기보호통(실),앵글밸브,노후,,,,생활용수,미대상,35.8978433,128.6030065,,,D13 밸브조임,,2025-02-10 17:22:00
33,20250210-0182,북부사업소,202502,144,"북구 대학로9길 14-19 (산격동,드림빌) / 1414-68번지",지상-사유지,,산격동 1414-68,2025-02-10 11:43,,2025-02-11 08:59,급수관,북구,520,49,사유지,20.0,계량기보호통(실),앵글밸브,노후,,,,,미대상,35.8921273,128.6065444,,,D20 밸브조임,,2025-02-10 11:43:00
34,20250206-0206,북부사업소,202502,138,북구 연암공원로14길 47 (산격동) / 1422-30번지,지상-공도,,산격동 1422-30,2025-02-06 14:04,,2025-02-07 13:27,배수관,북구,520,47,공도,40.0,PFP관,직관,노후,,8시간,0 ,생활용수,입력,35.8958248,128.6046429,,,PFP D40mm 접합부누수 수선(직선처리),853358.0,2025-02-06 14:04:00
35,20250206-0200,북부사업소,202502,137,북구 산격로11길 8 (산격동) / 1225-13번지,미누수,,산격동 1225-13,2025-02-06 13:56,,2025-02-06 18:00,,북구,520,47,,,,,,,,,,미대상,35.8961025,128.6043331,,,현장출동-미누수,,2025-02-06 13:56:00
36,20250205-0001,북부사업소,202502,128,북구 연암로 60-2 (산격동) / 993-6번지,지상-사유지,,산격동 993-6,2025-02-05 01:34,,2025-02-05 16:00,급수관,북구,520,46-1,사유지,15.0,계량기보호통(실),계량기보호통,노후,,,,,미대상,35.8912668,128.596979,,,D13mm 계량기실 누수수선(통교체),,2025-02-05 01:34:00
37,20250120-0514,북부사업소,202501,82,북구 대구체육관로10길 7 (산격동) / 1490-21번지,미누수,,산격동 1490-21,2025-01-20 16:43,,2025-01-21 09:31,,북구,520,47,,,,,,,,,,미대상,35.8921541,128.6040525,,,계량기 잠금-내부누수(온수보일러),,2025-01-20 16:43:00
38,20250115-0157,북부사업소,202501,56,북구 대학로9길 52 (산격동) / 1407-55번지,지상-공도,,산격동 1407-55,2025-01-15 14:09,,2025-01-15 18:00,급수관,북구,520,48,공도,15.0,부분기대,부분기대,노후,,8시간,1 ,생활용수,입력,35.8954328,128.6060242,,,D80*13mm 분기점 누수수선,853348.0,2025-01-15 14:09:00
39,20250113-0120,북부사업소,202501,41,북구 연암로 18-14 (산격동) / 1441-24번지,지상-공도,,산격동 1441-24,2025-01-13 10:20,,2025-01-13 14:00,급수관,북구,520,47,공도,15.0,부분기대,부분기대,노후,,4시간,1 ,생활용수,입력,35.8896045,128.6017164,,,"(1차)D25×13mm 분기점누수 수선, (2차)D25mm 접합부누수 수선",853344.0,2025-01-13 10:20:00
40,20250110-0090,북부사업소,202501,30,"북구 대학로9길 42-5 (산격동,에벤에셀교회) / 1409-11번지",미누수,,산격동 1409-11,2025-01-10 10:22,,2025-01-20 14:22,,북구,520,49,,,,,,,,,,미대상,35.8948661,128.6060499,,,현장출동-미누수(오수현장),,2025-01-10 10:22:00
41,20250110-0087,북부사업소,202501,28,"북구 대구체육관로8길 17 (산격동,전원빌라트) / 1497-8번지",지상-공도,,산격동 1497-8,2025-01-10 10:16,,2025-01-20 14:23,급수관,북구,520,47,공도,15.0,부분기대,부분기대,노후,,4시간,0 ,생활용수,입력,35.8917011,128.6035545,,,PFP D80×13mm 분기점누수 수선,853339.0,2025-01-10 10:16:00
42,20241228-0004,북부사업소,202412,794,북구 연암공원로14길 41-7 (산격동) / 1226-11번지,지상-공도,,산격동 1226-11,2024-12-28 08:06,,2024-12-28 12:00,급수관,북구,520,47,공도,15.0,부분기대,부분기대,노후,,8시간,0 ,생활용수,입력,35.8965247,128.6047911,,,EPS D50*15mm 분기점 누수수선,853154.0,2024-12-28 08:06:00
43,20241226-0142,북부사업소,202412,785,"북구 산격로 32 (산격동,대도횟집) / 1413-11번지",지상-사유지,,산격동 1413-11,2024-12-26 10:54,,2024-12-26 18:00,급수관,북구,520,49,사유지,15.0,계량기보호통(실),앵글밸브,노후,,,,생활용수,미대상,35.8932908,128.6053603,,,D15mm 계량기실 앵글밸브 조움,,2024-12-26 10:54:00
44,20241224-0264,북부사업소,202412,781,북구 산격로11길 20 (산격동) / 1225-3번지,지상-사유지,,산격동 1225-3,2024-12-24 13:22,,2024-12-24 18:00,급수관,북구,520,47,사유지,15.0,계량기보호통(실),계량기보호통,노후,,,,생활용수,미대상,35.8958475,128.603003,,,"D13mm 계량기보호통교체
",,2024-12-24 13:22:00
45,20241223-0128,북부사업소,202412,776,북구 연암로2길 31-2 (산격동) / 1498-226번지,미누수,,산격동 1498-226,2024-12-23 10:52,,2024-12-24 08:00,,북구,520,47,,,,,,,,,,미대상,35.8898031,128.6032367,,,업체 확인결과 옥내누수,,2024-12-23 10:52:00
46,20241220-0318,북부사업소,202412,772,"북구 연암로4길 1 (산격동,서울비닐상사) / 1441-2번지",지상-공도,,산격동 1441-2,2024-12-20 16:52,,2024-12-21 18:00,급수관,북구,520,47,공도,15.0,부분기대,부분기대,노후,,8시간,0 ,생활용수,입력,35.8893733,128.6015727,,,"(1차,2차)(터파기미누수)(3차)EPS D50×13mm 분기점누수 수선",853161.0,2024-12-20 16:52:00
47,20241219-0148,북부사업소,202412,760,북구 대구체육관로8길 26 (산격동) / 1498-6번지,미누수,,산격동 1498-6,2024-12-19 11:21,,2024-12-19 18:00,,북구,520,47,,,,,,,,,생활용수,미대상,35.8913572,128.6032576,,,업체 확인결과 미누수(수도X),,2024-12-19 11:21:00
48,20241217-0180,북부사업소,202412,752,북구 산격로11길 18-8 (산격동) / 1224-8번지,지상-사유지,,산격동 1224-8,2024-12-17 12:00,,2024-12-17 18:00,급수관,북구,520,47,사유지,15.0,계량기보호통(실),계량기보호통,노후,,,,생활용수,미대상,35.8962179,128.6033294,,,D15mm 계량기 앵글밸브 조움,,2024-12-17 12:00:00
49,20241213-0230,북부사업소,202412,743,북구 산격로서9길 13 (산격동) / 1437-94번지,지상-공도,,산격동 1437-94,2024-12-13 17:45,,2024-12-13 23:00,배수본관,북구,520,24-3,공도,300.0,닥타일관,직관,타공사손괴,구청(하수도),3시간,210 ,,입력,35.8950077,128.6014367,,,DTC D300mm 배수본관 누수수선,853185.0,2024-12-13 17:45:00
50,20241210-0004,북부사업소,202412,730,"북구 대구체육관로10길 11 (산격동,LH다움) / 1490-5번지",지상-공도,,산격동 1490-5,2024-12-10 08:38,,2024-12-10 10:00,급수관,북구,520,47,공도,15.0,부분기대,부분기대,노후,,1시간,0 ,,입력,35.8920192,128.6041082,,,DTC D80*15mm 구분기점 누수수선(누수방지새들 설치),853190.0,2024-12-10 08:38:00
51,20241208-0017,북부사업소,202412,725,북구 연암로 18-15 (산격동) / 1441-61번지,지상-공도,,산격동 1441-61,2024-12-08 09:00,,2024-12-09 12:00,배수관,북구,520,47,공도,50.0,에폭시강관,직관,노후,,2시간,1 ,,입력,35.8897159,128.6012738,,,EPS D50mm 직관부 누수수선,853191.0,2024-12-08 09:00:00
52,20241204-0353,북부사업소,202412,703,북구 연암로 18-9 (산격동) / 1441-51번지,지하-공도,자체일반,산격동 1441-51,2024-12-04 16:41,,2024-12-05 18:00,배수관,북구,520,47,공도,25.0,부분기대,부분기대,노후,,5일,17 ,생활용수,입력,35.8898417,128.6010228,,,PFP D40*15mm 분기점 누수수선,853199.0,2024-12-04 16:41:00
53,20241119-0070,북부사업소,202412,658,북구 연암공원로10길 25-2 (산격동) / 1436-5번지,미누수,,산격동 1436-5,2024-11-19 10:16,,2024-11-19 18:00,,북구,520,24-3,,,,,,,,,,미대상,35.8944859,128.6014346,,,업체 확인결과 옥내누수,,2024-11-19 10:16:00
54,20241126-0355,북부사업소,202411,678,"북구 연암공원로 67, 2동 201호 (산격동,영광주택) / 1165번지",미누수,,산격동 1165 2동 201호,2024-11-26 13:55,,2024-11-27 08:00,,북구,520,46-1,,,,,,,,,,미대상,,,,,업체 확인결과 미누수,,2024-11-26 13:55:00
55,20241126-0348,북부사업소,202411,677,"북구 산격로6길 17, 경북크리닝 (산격동) / 1412-30번지",미누수,,산격동 1412-30 경북크리닝,2024-11-26 13:50,,2024-11-26 18:00,,북구,520,49,,,,,,,,,,미대상,35.8927158,128.6071154,,,업체 확인결과 상수도 아님,,2024-11-26 13:50:00
56,20241125-0037,북부사업소,202411,673,북구 연암공원로13길 12-3 (산격동) / 1180-131번지,지상-사유지,,산격동 1180-131,2024-11-25 09:12,,2024-11-25 18:00,급수관,북구,520,46-1,사유지,15.0,계량기보호통(실),계량기보호통,노후,,,,생활용수,미대상,35.8969202,128.5987609,,,D15mm 계량기 앵글밸브 조움,,2024-11-25 09:12:00
57,20241122-0027,북부사업소,202411,669,북구 연암공원로8길 22 (산격동) / 1102-13번지,지상-사유지,,산격동 1102-13,2024-11-22 09:18,,2024-11-22 18:00,급수관,북구,520,46-1,사유지,15.0,계량기보호통(실),계량기보호통,노후,,,,,미대상,35.893307,128.598147,,,D15mm 계량기보호통 교체,,2024-11-22 09:18:00
58,20241117-0011,북부사업소,202411,651,"북구 산격로6길 8 (산격동,오그레이Ⅰ) / 1414-8번지",미누수,,산격동 1414-8,2024-11-17 12:45,,2024-11-17 14:00,,북구,520,49,,,,,,,,,,미대상,35.892464,128.6060071,,,업체 확인결과 하수도,,2024-11-17 12:45:00
59,20241105-0330,북부사업소,202411,633,북구 연암공원로8길 11-1 (산격동) / 1106-6번지,미누수,,산격동 1106-6,2024-11-05 15:32,,2024-11-05 18:00,,북구,520,46-1,,,,,,,,,,미대상,35.8936194,128.5988758,,,업체 확인결과 디지털계량기 고장(요금이첩),,2024-11-05 15:32:00
60,20241031-0596,북부사업소,202410,626,북구 산격로8길 11-4 (산격동) / 1409-32번지,지하-공도,자체상시,산격동 1409-32,2024-10-31 16:20,,2024-11-13 16:25,배수관,북구,520,49,공도,25.0,스텐레스관,직관,노후,,153일,"1,469 ",,입력,35.8938137,128.6066753,,,STS D25 직관부누수 밸브설치,853236.0,2024-10-31 16:20:00
61,20241022-0272,북부사업소,202410,601,"북구 대동로 12 (산격동,팔공산직판장) / 1253-1번지",지상-사유지,,산격동 1253-1,2024-10-22 14:29,,2024-10-22 18:00,급수관,북구,520,48,사유지,15.0,계량기보호통(실),연결부,노후,,,,,미대상,35.8978182,128.6082342,,,D15mm 계량기 후단부 엘보 조움,,2024-10-22 14:29:00
62,20241018-0041,북부사업소,202410,590,북구 산격로 39-3 (산격동) / 1425-29번지,지상-사유지,,산격동 1425-29,2024-10-18 09:34,,2024-10-18 12:00,급수관,북구,520,47,사유지,15.0,계량기보호통(실),앵글밸브,노후,,,,,미대상,35.8941528,128.6049132,,,D15mm 계량기 앵글밸브 조움,,2024-10-18 09:34:00
63,20241016-0187,북부사업소,202410,586,북구 연암공원로10길 31-7 (산격동) / 1436-4번지,미누수,,산격동 1436-4,2024-10-16 13:43,,2024-10-16 18:00,,북구,520,24-3,,,,,,,,,,미대상,35.8945825,128.6015796,,,업체 확인결과 옥내누수,,2024-10-16 13:43:00
64,20241016-0055,북부사업소,202410,585,북구 연암공원로12길 11 (산격동) / 1148-7번지,지상-사유지,,산격동 1148-7,2024-10-16 10:06,,2024-10-16 13:00,급수관,북구,520,46-1,사유지,15.0,계량기보호통(실),앵글밸브,노후,,,,,미대상,35.8951594,128.5997819,,,D15mm 계량기 앵글밸브 조움,,2024-10-16 10:06:00
65,20241010-0383,북부사업소,202410,564,"북구 산격로8길 1, 우리들약국 (산격동) / 1410-7번지",미누수,,산격동 1410-7 우리들약국,2024-10-10 17:12,,2024-10-10 19:00,,북구,520,49,,,,,,,,,,미대상,35.8937412,128.6053859,,,업체 확인결과 옥내누수,,2024-10-10 17:12:00
66,20240925-0208,북부사업소,202410,506,"북구 연암로12길 12-10 (산격동,대아전업사) / 1091-2번지",지하-사유지,용역상시,산격동 1091-2,2024-09-25 10:58,,2024-10-14 18:00,급수관,북구,520,46-1,사유지,15.0,계량기보호통(실),계량기보호통,노후,,135일,"1,296 ",,미대상,35.8921739,128.5978849,,,D15mm 계량기보호통 교체,,2024-09-25 10:58:00
67,20240925-0225,북부사업소,202409,508,"북구 연암공원로13길 14 (산격동,미래센스빌) / 1180-104번지",미누수,,산격동 1180-104,2024-09-25 11:07,,2024-09-25 13:00,,북구,520,46-1,,,,,,,,,,미대상,35.8968828,128.5985564,,,업체 확인결과 옥내누수,,2024-09-25 11:07:00
68,20240924-0187,북부사업소,202409,492,"북구 산격로8길 36 (산격동,마이까사) / 1327-12번지",지상-사유지,,산격동 1327-12,2024-09-24 10:49,,2024-09-24 12:00,급수관,북구,520,49,사유지,15.0,계량기보호통(실),앵글밸브,노후,,,,생활용수,미대상,35.8935405,128.6091179,,,D15mm 앵글밸브 조움(보조계량기),,2024-09-24 10:49:00
69,20240910-0240,북부사업소,202409,478,북구 연암로 18-15 (산격동) / 1441-61번지,지상-사유지,,산격동 1441-61,2024-09-10 14:58,,2024-09-10 15:00,급수관,북구,520,47,사유지,15.0,계량기보호통(실),앵글밸브,노후,,,,생활용수,미대상,35.8897159,128.6012738,,,D15mm 계량기 앵글밸브 조임,,2024-09-10 14:58:00
70,20240909-0071,북부사업소,202409,474,북구 산격로서9길 3-5 (산격동) / 1437-77번지,미누수,,산격동 1437-77,2024-09-09 10:20,,2024-09-09 14:00,,북구,520,24-3,,,,,,,,,,미대상,35.8947697,128.6024035,,,밸브고장 공무이첩,,2024-09-09 10:20:00
71,20240902-0631,북부사업소,202409,466,"북구 산격로 22 (산격동,화장품) / 1418-9번지",지상-사유지,,산격동 1418-9,2024-09-02 17:48,,2024-09-02 19:00,급수관,북구,520,49,사유지,15.0,계량기보호통(실),앵글밸브,노후,,,,생활용수,미대상,35.8923973,128.6053741,,,D15mm 계량기 앵글밸브 수선,,2024-09-02 17:48:00
72,20240830-0109,북부사업소,202409,458,북구 관음중앙로21길 8-7 (관음동) / 1253-11번지,지하-사유지,용역일반,관음동 1253-11,2024-08-30 10:16,,2024-09-09 18:00,급수관,북구,520,48,사유지,20.0,계량기보호통(실),계량기보호통,노후,,4일,14 ,생활용수,미대상,35.9437543,128.5441435,,,D20mm 계량기보호통 교체,,2024-08-30 10:16:00
73,20240830-0100,북부사업소,202409,453,북구 대동로4길 6-6 (산격동) / 1241-14번지,지하-사유지,용역일반,산격동 1241-14,2024-08-30 10:10,,2024-09-09 14:00,급수관,북구,520,48,사유지,15.0,계량기보호통(실),계량기보호통,노후,,4일,2 ,생활용수,미대상,35.8975928,128.6075124,,,D15mm 계량기보호통 교체,,2024-08-30 10:10:00
74,20240830-0102,북부사업소,202408,454,북구 대동로 2 (산격동) / 1234-1번지,지하-공도,용역일반,산격동 1234-1 그린파크빌(고:횟집),2024-08-30 10:13,,2024-08-30 18:00,배수관,북구,520,48,공도,100.0,변류,접합부,노후,,122일,"2,255 ",생활용수,입력,35.8981896,128.6074701,,,D100mm 이토변 누수수선(볼트조음),853179.0,2024-08-30 10:13:00
75,20240830-0076,북부사업소,202408,447,북구 산격로13길 5-3 (산격동) / 1228-20번지,지하-공도,용역일반,산격동 1228-20,2024-08-30 09:58,,2024-08-30 18:00,급수관,북구,520,47,공도,15.0,부분기대,부분기대,노후,,122일,"1,435 ",생활용수,입력,35.896751,128.6048439,,,EPS D50*15mm 분기점 누수수선,853170.0,2024-08-30 09:58:00
76,20240820-0141,북부사업소,202408,421,북구 산격로9길 14-22 (산격동) / 1424-28번지,지하-사유지,용역일반,산격동 1424-28,2024-08-20 11:01,,2024-08-20 18:00,급수관,북구,520,47,사유지,15.0,계량기보호통(실),계량기보호통,노후,,4일,10 ,생활용수,미대상,35.8954325,128.6038501,,,D15mm 계량기통 교체,,2024-08-20 11:01:00
77,20240820-0129,북부사업소,202408,418,북구 연암공원로 90-18 (산격동) / 1185-18번지,지하-사유지,용역일반,산격동 1185-18,2024-08-20 10:47,,2024-08-29 18:00,급수관,북구,520,24-3,사유지,15.0,계량기보호통(실),계량기보호통,노후,,117일,"1,264 ",생활용수,입력,35.8975852,128.6021125,,,D15mm 계량기실 누수수선(통교체),853146.0,2024-08-20 10:47:00
78,20240820-0122,북부사업소,202408,417,북구 연암공원로8길 7-1 (산격동) / 1106-1번지,지하-사유지,용역일반,산격동 1106-1,2024-08-20 10:43,,2024-08-22 12:00,급수관,북구,520,46-1,사유지,15.0,계량기보호통(실),계량기보호통,노후,,5일,2 ,생활용수,미대상,35.8937698,128.5991186,,,D13mm 계량기실 누수수선(통교체),,2024-08-20 10:43:00
79,20240820-0085,북부사업소,202408,411,북구 산격로북9길 5-2 (산격동) / 1437-62번지,지하-사유지,용역일반,산격동 1437-62,2024-08-20 10:09,,2024-08-20 18:00,급수관,북구,520,24-3,사유지,15.0,변류,본체,노후,,4일,40 ,생활용수,미대상,35.895609,128.6026878,,,D13mm 직관부 밸브누수 수선(밸브교체),,2024-08-20 10:09:00
80,20240806-0092,북부사업소,202408,387,"북구 산격로14길 38 (산격동,대호빌라트) / 1311번지",지상-사유지,,산격동 1311,2024-08-06 09:48,,2024-08-06 18:00,급수관,북구,520,48,사유지,15.0,계량기보호통(실),연결부,노후,,,,생활용수,미대상,35.8959086,128.6094012,,,D15mm 계량기실 누수수선(후크너트),,2024-08-06 09:48:00
81,20240724-0347,북부사업소,202407,365,북구 연암공원로8길 10-4 (산격동) / 1126-5번지,지하-사유지,용역일반,산격동 1126-5,2024-07-24 13:26,,2024-08-02 12:00,급수관,북구,520,46-1,사유지,20.0,계량기보호통(실),계량기보호통,노후,,4일,37 ,,미대상,35.8939031,128.5987502,,,D15mm 계량기실 누수수선(통교체),,2024-07-24 13:26:00
82,20240724-0339,북부사업소,202407,363,북구 연암공원로 22-23 (산격동) / 1099-46번지,지하-사유지,용역일반,산격동 1099-46,2024-07-24 13:18,,2024-07-24 18:00,급수관,북구,520,46-1,사유지,15.0,계량기보호통(실),계량기보호통,노후,,5일,36 ,생활용수,미대상,35.8926588,128.5981486,,,D15mm 계량기실 누수수선(통교체),,2024-07-24 13:18:00
83,20240717-0101,북부사업소,202407,344,북구 연암로12길 9-9 (산격동) / 1040-2번지,지하-사유지,용역일반,산격동 1040-2,2024-07-17 10:37,,2024-07-20 18:00,급수관,북구,520,46-1,사유지,15.0,계량기보호통(실),계량기보호통,노후,,4일,38 ,,미대상,35.8917892,128.5966102,,,D15mm 계량기실 누수수선(통교체),,2024-07-17 10:37:00
84,20240717-0078,북부사업소,202407,336,북구 연암공원로 37 (산격동) / 1132-1번지,지하-사유지,용역일반,산격동 1132-1,2024-07-17 10:18,,2024-07-17 18:00,급수관,북구,520,46-1,사유지,15.0,계량기보호통(실),계량기보호통,노후,,100일,"1,080 ",생활용수,입력,35.8941984,128.5982547,,,D15mm 계량기실 누수수선(통교체),852158.0,2024-07-17 10:18:00
85,20240610-0204,북부사업소,202406,256,북구 산격로 58-1 (산격동) / 1408-13번지,지상-사유지,,산격동 1408-13,2024-06-10 09:38,,2024-06-15 07:01,급수관,북구,520,48,사유지,15.0,계량기보호통(실),계량기보호통,노후,,,,생활용수,미대상,35.895626,128.6055963,,,D15 통밑누수 보호통교체,,2024-06-10 09:38:00
86,20240530-0531,북부사업소,202405,218,북구 연암공원로 60 (산격동) / 1155-7번지,지하-사유지,자체일반,산격동 1155-7,2024-05-30 16:57,,2024-05-31 12:00,급수관,북구,520,46-1,사유지,15.0,계량기보호통(실),계량기보호통,노후,,3일,32 ,생활용수,미대상,35.8957987,128.5993513,,,D15mm 계량기실 누수수선(통교체),,2024-05-30 16:57:00
87,20240523-0006,북부사업소,202405,201,북구 연암공원로 55-5 (산격동) / 1153-8번지,지상-사유지,,산격동 1153-8,2024-05-23 08:01,,2024-05-23 13:00,급수관,북구,520,46-1,사유지,15.0,계량기보호통(실),계량기보호통,노후,,,,생활용수,미대상,35.895623,128.5987887,,,D15mm 계량기실 누수수선(통교체),,2024-05-23 08:01:00
88,20240510-0092,북부사업소,202405,175,북구 대학로 77-1 (산격동) / 1346-19번지,미누수,,산격동 1346-19,2024-05-10 11:05,,2024-05-10 12:00,,북구,520,49,,,,,,,,,,미대상,35.892449,128.6088743,,,업체 확인결과 하수도,,2024-05-10 11:05:00
89,20240430-0679,북부사업소,202404,156,북구 대학로25길 5-2 (산격동) / 1277-1번지,미누수,,산격동 1277-1,2024-04-30 16:57,,2024-04-30 18:00,,북구,520,49,,,,,,,,,,미대상,35.8954142,128.6116375,,,업체 확인결과 미누수,,2024-04-30 16:57:00
90,20240429-0523,북부사업소,202404,145,북구 산격로11길 8-4 (산격동) / 1225-14번지,지상-사유지,,산격동 1225-14,2024-04-29 15:03,,2024-04-29 16:00,급수관,북구,520,47,사유지,15.0,계량기보호통(실),계량기보호통,노후,,,,,미대상,35.8961978,128.6043234,,,D15mm 계량기실 누수수선(밸브),,2024-04-29 15:03:00
91,20240424-0481,북부사업소,202404,139,"북구 연암로4길 59 (산격동,대성이용원) / 1498-194번지",지상-사유지,,산격동 1498-194,2024-04-24 19:42,,2024-04-24 21:00,급수관,북구,520,47,사유지,15.0,계량기보호통(실),앵글밸브,노후,,,,,미대상,35.8909154,128.604099,,,D15mm 계량기실 누수수선(밸브),,2024-04-24 19:42:00
92,20240415-0261,북부사업소,202404,119,"북구 대학로15길 17-1 (산격동,주비) / 1326-11번지",지상-사유지,,산격동 1326-11,2024-04-15 16:18,,2024-04-15 19:00,급수관,북구,520,49,사유지,15.0,계량기보호통(실),앵글밸브,노후,,,,생활용수,미대상,35.8937179,128.6081037,,,D15mm 계량기실 누수수선(밸브),,2024-04-15 16:18:00
93,20240412-0178,북부사업소,202404,116,북구 연암공원로11길 16 (산격동) / 1180-31번지,지하-사유지,자체일반,산격동 1180-31,2024-04-12 14:16,,2024-04-12 18:00,급수관,북구,520,46-1,사유지,15.0,계량기보호통(실),계량기보호통,노후,,4일,43 ,생활용수,미대상,35.8975022,128.5993369,,,STS D15mm 통밑 유니온 수선,,2024-04-12 14:16:00
94,20240408-0056,북부사업소,202404,102,북구 연암공원로 83-3 (산격동) / 1183-44번지,미누수,,산격동 1183-44,2024-04-08 09:44,,2024-04-08 12:00,,북구,520,24-3,,,,,,,,,,미대상,35.8978124,128.6008161,,,업체 확인결과 옥내누수,,2024-04-08 09:44:00
95,20240402-0130,북부사업소,202404,94,북구 대구체육관로2길 7-3 (산격동) / 1442-40번지,지상-사유지,,산격동 1442-40,2024-04-02 09:52,,2024-04-02 12:00,급수관,북구,520,47,사유지,15.0,계량기보호통(실),접합부,노후,,,,,미대상,35.8904408,128.6015707,,,D15mm 계량기 접합부 수선(후크너트),,2024-04-02 09:52:00
96,20240315-0242,북부사업소,202403,42,북구 대학로15길 11-1 (산격동) / 1397-40번지,지상-사유지,,산격동 1397-40 야무지게,2024-03-15 16:10,,2024-03-15 19:00,급수관,북구,520,49,사유지,15.0,계량기보호통(실),앵글밸브,노후,,,,,미대상,35.893126,128.6079989,,,D15mm 계량기실 누수수선(밸브)밸브 캡 조임.,,2024-03-15 16:10:00
97,20240314-0109,북부사업소,202403,34,북구 연암공원로 18-1 (산격동) / 1061-2번지,지상-공도,,산격동 1061-2,2024-03-14 11:42,,2024-03-14 15:42,급수관,북구,520,46-1,공도,25.0,스텐레스관,직관,노후,,1시간,1 ,,입력,35.8927362,128.5972622,,,D25 EOP밸브 설치,851173.0,2024-03-14 11:42:00
98,20240313-0057,북부사업소,202403,33,북구 산격로서9길 8-21 (산격동) / 1437-127번지,지상-사유지,,산격동 1437-127,2024-03-13 10:41,,2024-03-13 15:00,급수관,북구,520,24-3,사유지,15.0,계량기보호통(실),연결부,노후,,,,,미대상,35.8954321,128.6015067,,,D15mm 계량기보호통 교체,,2024-03-13 10:41:00
99,20240224-0019,북부사업소,202402,883,북구 연암로2길 23-1 (산격동) / 1498-168번지,지상-사유지,,산격동 1498-168,2024-02-24 17:01,,2024-02-24 21:00,급수관,북구,520,47,사유지,15.0,계량기보호통(실),계량기보호통,노후,,,,,입력,35.8894969,128.6027178,,,"D15mm 계량기실 누수수선(통교체)전단부, 앵글밸브 하단",850988.0,2024-02-24 17:01:00
100,20240216-0085,북부사업소,202402,876,북구 연암공원로32길 64-50 (산격동) / 1193-11번지,지상-사유지,,산격동 1193-11,2024-02-16 11:08,,2024-02-16 15:00,급수관,북구,520,24,사유지,15.0,스텐레스관,직관,노후,,,,생활용수,입력,35.8975739,128.6038398,,,PFP D40*15mm 니플 교체수선(실주소 1188-49),850995.0,2024-02-16 11:08:00
101,20240205-0357,북부사업소,202402,857,"북구 연암공원로11길 3 (산격동,정우수산) / 1166-1번지",지상-사유지,,산격동 1166-1,2024-02-05 16:25,,2024-02-06 20:25,급수관,북구,520,46-1,사유지,15.0,계량기보호통(실),접합부,노후,,,,,입력,35.8963484,128.599048,,,계량기 패킹 D15 교체수선,851010.0,2024-02-05 16:25:00
102,20240202-0231,북부사업소,202402,852,"북구 대학로23길 18-3 (산격동,코이라멘) / 1309-20번지",지상-사유지,,산격동 1309-20,2024-02-02 13:01,,2024-02-03 13:01,급수관,북구,520,49,사유지,15.0,스텐레스관,직관,노후,,,,생활용수,입력,35.8942865,128.6098394,,,PFP D40x15 닢플15 교체수선,851015.0,2024-02-02 13:01:00
103,20240201-0040,북부사업소,202402,848,북구 대구체육관로8길 23 (산격동) / 1497-15번지,지상-사유지,,산격동 1497-15,2024-02-01 09:13,,2024-02-01 14:00,급수관,북구,520,47,사유지,15.0,계량기보호통(실),계량기보호통,노후,,,,,입력,35.891423,128.6035525,,,앵글밸브 하단D15 계량기보호통 교체,851017.0,2024-02-01 09:13:00
104,20240130-0016,북부사업소,202401,842,북구 대구체육관로8길 24 (산격동) / 1498-73번지,지하-사유지,자체일반,산격동 1498-73,2024-01-30 08:54,,2024-01-30 13:00,급수관,북구,520,47,사유지,15.0,계량기보호통(실),계량기보호통,노후,,15일,140 ,생활용수,미대상,35.8914541,128.6032893,,,앵글밸브 하단 D15 보호통 교체,,2024-01-30 08:54:00
105,20240126-0134,북부사업소,202401,835,북구 연암로4길 53-4 (산격동) / 1498-210번지,지상-사유지,,산격동 1498-210,2024-01-26 10:44,,2024-01-26 15:00,급수관,북구,520,47,사유지,15.0,계량기보호통(실),계량기보호통,노후,,,,,미대상,35.8908668,128.6038417,,,"D15mm 보호통 교체(보호통 전단, 하단부)",,2024-01-26 10:44:00
106,20240108-0248,북부사업소,202401,802,북구 연암로4길 36-3 (산격동) / 1498-81번지,지상-사유지,,산격동 1498-81,2024-01-08 13:03,,2024-01-08 17:03,급수관,북구,520,47,사유지,15.0,계량기보호통(실),앵글밸브,노후,,,,,미대상,35.8900154,128.60332,,,앵글밸브D15 캡너트조우기,,2024-01-08 13:03:00
107,20240104-0307,북부사업소,202401,794,"북구 대학로23길 2 (산격동,베스트) / 1304-14번지",지상-사유지,,산격동 1304-14,2024-01-04 11:23,,2024-01-04 15:23,급수관,북구,520,49,사유지,20.0,계량기보호통(실),앵글밸브,노후,,,,,미대상,35.8949466,128.6114821,,,D20 앵글밸브 캡 너트조우기,,2024-01-04 11:23:00
108,20231226-0163,북부사업소,202312,713,북구 연암공원로7길 2-19 (산격동) / 1138-5번지,미누수,,산격동 1138-5,2023-12-26 10:08,,2023-12-26 14:00,,북구,520,46-1,,,,,,,,,생활용수,미대상,35.8952484,128.5985338,,,업체 현장확인 및 자체 탐사결과 하수도,,2023-12-26 10:08:00
109,20231225-0021,북부사업소,202312,764,"북구 대학로 59-28 (산격동,로고스) / 1416-12번지",지상-공도,,산격동 1416-12,2023-12-25 10:51,,2023-12-27 09:07,급수관,북구,520,49,공도,15.0,부분기대,부분기대,노후,,1시간,1 ,,입력,35.8916162,128.6065522,,,DTC 80x15 분기대교체수선,850574.0,2023-12-25 10:51:00
110,20231221-0253,북부사업소,202312,751,북구 산격로14길 32-1 (산격동) / 1311-27번지,지하-공도,용역일반,산격동 1311-27,2023-12-21 14:39,,2023-12-21 18:39,급수관,북구,520,48,공도,20.0,부분기대,부분기대,노후,,181일,"2,997 ",생활용수,입력,35.8958007,128.6086978,,,DTC D20 분기대 교체수선,850567.0,2023-12-21 14:39:00
111,20231219-0019,북부사업소,202312,739,"북구 복현로2길 5 (복현동,영지빌) / 361-24번지",미누수,,복현동 361-24,2023-12-19 09:04,,2023-12-19 12:00,,북구,520,48,,,,,,,,,생활용수,미대상,35.8929017,128.6233119,,,업체 확인결과 미누수,,2023-12-19 09:04:00
112,20231218-0479,북부사업소,202312,737,북구 산격로14길 17 (산격동) / 1405-9번지,지하-공도,용역일반,산격동 1405-9,2023-12-18 18:32,,2023-12-18 22:32,급수관,북구,520,48,공도,15.0,스텐레스관,직관,노후,,179일,"2,191 ",생활용수,입력,35.8960799,128.6073073,,,STS D15 직관부수선,850558.0,2023-12-18 18:32:00
113,20231218-0002,북부사업소,202312,732,북구 연암공원로20길 26-9 (산격동) / 1190-7번지,지상-공도,,산격동 1190-7,2023-12-18 07:23,,2023-12-18 11:23,급수관,북구,520,24-3,공도,15.0,부분기대,부분기대,노후,,1시간,1 ,,입력,35.8980307,128.6039349,,,PFP D40x15 니플 교체수선,850555.0,2023-12-18 07:23:00
114,20231215-0182,북부사업소,202312,730,"북구 산격로 68 (산격동,쿠잉쿡) / 1229-3번지",지상-사유지,,산격동 1229-3,2023-12-15 17:18,,2023-12-15 20:18,급수관,북구,520,48,사유지,15.0,계량기보호통(실),계량기보호통,노후,,,,생활용수,미대상,35.8965551,128.6053847,,,앵글밸브하단 D15 보호통 교체수선,,2023-12-15 17:18:00
115,20231206-0121,북부사업소,202312,710,북구 연암로12길 6-29 (산격동) / 1089-2번지,지하-공도,용역일반,산격동 1089-2,2023-12-06 10:42,,2023-12-06 14:42,급수관,북구,520,46-1,공도,25.0,부분기대,부분기대,노후,,173일,"2,491 ",생활용수,입력,35.8919893,128.5979324,,,STS D25x15 T교체수선,850508.0,2023-12-06 10:42:00
116,20231205-0278,북부사업소,202312,702,"북구 연암공원로 52-9 (산격동,2015.11.05.급수중지 연장) / 1150-2번지",지상-사유지,,산격동 1150-2,2023-12-05 11:30,,2023-12-05 15:30,배수관,북구,520,46-1,사유지,15.0,계량기보호통(실),연결부,노후,,,,생활용수,미대상,35.8949869,128.5989874,,,STS D15 보호통하단 접합부수선,,2023-12-05 11:30:00
117,20231204-0300,북부사업소,202312,698,북구 산격로14길 49 (산격동) / 1305-24번지,지하-공도,용역일반,산격동 1305-24,2023-12-04 11:46,,2023-12-04 16:00,배수관,북구,520,49,공도,15.0,닥타일관,이형관,노후,,172일,"1,197 ",생활용수,입력,35.8960709,128.6107082,,,DTC D80*15mm 분기점 수선,850516.0,2023-12-04 11:46:00
118,20231201-0519,북부사업소,202312,693,"북구 연암로12길 10-5 (산격동,만송그린빌) / 1086번지",지상-사유지,,산격동 1086,2023-12-01 22:57,,2023-12-02 02:57,급수관,북구,520,46-1,사유지,32.0,계량기보호통(실),계량기보호통,노후,,,,생활용수,미대상,35.892058,128.5977012,,,계량기실 누수 D32보호통 교체수선,,2023-12-01 22:57:00
119,20231130-0482,북부사업소,202311,689,"북구 연암로12길 16-1 (산격동,수아머리방) / 1059-1번지",지하-공도,용역일반,산격동 1059-1,2023-11-30 15:49,,2023-11-30 19:49,배수관,북구,520,46-1,공도,80.0,PFP관,이형관,노후,,170일,"2,040 ",생활용수,미입력,35.8925157,128.5972114,,,PFP D80 접합부 수선,,2023-11-30 15:49:00
120,20231129-0375,북부사업소,202311,679,북구 연암로 66-6 (산격동) / 993-16번지,지상-사유지,,산격동 993-16,2023-11-29 13:18,,2023-11-29 17:18,급수관,북구,520,46-1,사유지,20.0,계량기보호통(실),접합부,노후,,,,생활용수,미대상,35.8913639,128.5966834,,,D15 계량기 접합부 수선,,2023-11-29 13:18:00
121,20231122-0213,북부사업소,202311,665,북구 연암공원로20길 34-3 (산격동) / 1222-34번지,지상-사유지,,산격동 1222-34,2023-11-22 11:36,,2023-11-22 15:36,급수관,북구,520,24-3,사유지,15.0,계량기보호통(실),접합부,노후,,,,,미대상,35.8984583,128.6048728,,,D15 계량기 접합부 수선,,2023-11-22 11:36:00
122,20231121-0158,북부사업소,202311,662,북구 산격로북9길 5-2 (산격동) / 1437-62번지,지하-공도,용역일반,산격동 1437-62,2023-11-21 11:23,,2023-11-21 15:23,급수관,북구,520,24-3,공도,15.0,스텐레스관,직관,노후,,165일,"2,020 ",생활용수,미입력,35.895609,128.6026878,,,STS D15 인입선 수선,,2023-11-21 11:23:00
123,20231121-0153,북부사업소,202311,658,북구 산격로서9길 8-43 (산격동) / 1437-40번지,지하-사유지,용역일반,산격동 1437-40,2023-11-21 11:19,,2023-11-21 15:19,급수관,북구,520,24-3,사유지,15.0,계량기보호통(실),계량기보호통,노후,,165일,"1,030 ",생활용수,미대상,35.895618,128.6016666,,,D15 계량기보호통 교체,,2023-11-21 11:19:00
124,20231117-0002,북부사업소,202311,645,북구 대학로13길 26-1 (산격동) / 1326-10번지,지하-공도,용역일반,산격동 1326-10,2023-11-17 08:44,,2023-11-17 12:44,배수관,북구,520,49,공도,200.0,닥타일관,이형관,노후,,162일,"1,944 ",생활용수,미입력,35.8940121,128.6078613,,,DTC D200 접합부 수선,,2023-11-17 08:44:00
125,20231114-0269,북부사업소,202311,638,북구 산격로14길 42 (산격동) / 1306-20번지,지하-공도,용역일반,산격동 1306-20,2023-11-14 16:15,,2023-11-17 10:43,급수관,북구,520,49,공도,40.0,부분기대,부분기대,노후,,161일,"1,932 ",생활용수,미입력,35.8959292,128.6097443,,,STS D40x15 구분기점 폐쇄 직관처리,,2023-11-14 16:15:00
126,20231111-0011,북부사업소,202311,633,북구 산격로북9길 5-2 (산격동) / 1437-62번지,지하-공도,용역일반,산격동 1437-62,2023-11-11 11:02,,2023-11-11 15:02,급수관,북구,520,24-3,공도,40.0,부분기대,부분기대,노후,,159일,"1,908 ",생활용수,미입력,35.895609,128.6026878,,,STS D40x15 구분기점 폐쇄 STS D40 직관처리,,2023-11-11 11:02:00
127,20231111-0010,북부사업소,202311,632,북구 연암공원로12길 8-2 (산격동) / 1156-1번지,지하-공도,용역일반,산격동 1156-1,2023-11-11 11:01,,2023-11-11 15:00,급수관,북구,520,46-1,공도,15.0,부분기대,부분기대,노후,,159일,"1,908 ",생활용수,미입력,35.8954035,128.5994341,,,PFP D80x15 분기대 교체수선,,2023-11-11 11:01:00
128,20231111-0009,북부사업소,202311,631,북구 산격로서9길 8-3 (산격동) / 1437-27번지,지하-공도,용역일반,산격동 1437-27,2023-11-11 11:01,,2023-11-11 15:01,급수관,북구,520,24-3,공도,15.0,부분기대,부분기대,노후,,159일,"2,671 ",생활용수,미입력,35.895299,128.6018823,,,DTC D80x15 구분기점 폐쇄,,2023-11-11 11:01:00
129,20231111-0008,북부사업소,202311,630,"북구 대동로 48 (산격동,드림노래방) / 1275-5번지",지하-공도,용역일반,산격동 1275-5,2023-11-11 11:00,,2023-11-11 15:00,급수관,북구,520,49,공도,25.0,부분기대,부분기대,노후,,159일,"2,290 ",신천용수,미입력,35.8963788,128.6116833,,,DTC D25 분기대교체수선,,2023-11-11 11:00:00
130,20231103-0017,북부사업소,202311,615,북구 연암공원로14길 14-4 (산격동) / 1434-6번지,지하-공도,용역일반,산격동 1434-6,2023-11-03 09:14,,2023-11-03 13:00,급수관,북구,520,46-1,공도,15.0,부분기대,부분기대,노후,,155일,"1,600 ",생활용수,미입력,35.8962904,128.6010969,,,PFP D100*15mm 분기점 수선,,2023-11-03 09:14:00
131,20231103-0015,북부사업소,202311,614,북구 산격로13길 5-6 (산격동) / 1226-4번지,지하-공도,용역일반,산격동 1226-4,2023-11-03 09:13,,2023-11-03 14:00,급수관,북구,520,47,공도,50.0,부분기대,부분기대,노후,,155일,"1,860 ",생활용수,미입력,35.8966947,128.6046573,,,EPS D50*15mm 분기점 수선,,2023-11-03 09:13:00
132,20231103-0014,북부사업소,202311,613,북구 산격로13길 12-3 (산격동) / 1221-10번지,지하-사유지,용역일반,산격동 1221-10,2023-11-03 09:13,,2023-11-03 13:13,급수관,북구,520,47,사유지,15.0,계량기보호통(실),계량기보호통,노후,,155일,"1,451 ",생활용수,미대상,35.8971634,128.6038306,,,D15 보호통교체,,2023-11-03 09:13:00
133,20231102-0007,북부사업소,202311,607,북구 산격로10길 43-4 (산격동) / 1307-64번지,지하-공도,자체일반,산격동 1307-64,2023-11-02 08:44,,2023-11-02 14:00,급수관,북구,520,49,공도,15.0,스텐레스관,이형관,노후,,154일,"1,441 ",생활용수,미입력,35.8951477,128.6101584,,,D15mm 계량기실 누수수선(통교체),,2023-11-02 08:44:00
134,20230729-0034,북부사업소,202311,605,북구 연암공원로10길 2 (산격동) / 1144-6번지,배수관망유지수선,,산격동 1144-6,2023-07-29 13:00,,2023-07-29 15:00,,북구,520,46-1,,,,,,,,,생활용수,미입력,35.8943814,128.5986705,,,철개입상 2개소,,2023-07-29 13:00:00
135,20231031-0550,북부사업소,202310,575,북구 대학로13길 60 (산격동) / 1251-16번지,지상-사유지,,산격동 1251-16,2023-10-31 16:56,,2023-10-31 21:00,급수관,북구,520,48,사유지,15.0,계량기보호통(실),계량기보호통,노후,,,,생활용수,미대상,35.8970788,128.6077225,,,D15mm 계량기실 누수수선(통교체),,2023-10-31 16:56:00
136,20231025-0070,북부사업소,202310,588,북구 연암공원로 22-10 (산격동) / 1076번지,지상-사유지,,산격동 1076,2023-10-25 09:47,,2023-10-25 15:00,급수관,북구,520,46-1,사유지,15.0,계량기보호통(실),계량기보호통,노후,,,,생활용수,미대상,35.8928011,128.597434,,,D15mm 계량기보호통 수선,,2023-10-25 09:47:00
137,20231023-0251,북부사업소,202310,582,"북구 연암로2길 18 (산격동,한빛고시텔) / 1392-4번지",지상-사유지,,산격동 1392-4,2023-10-23 11:38,,2023-10-23 14:00,급수관,북구,520,47,사유지,25.0,계량기보호통(실),앵글밸브,노후,,,,생활용수,미대상,35.8891812,128.6026319,,,D25mm 계량기실 앵글밸브 수선,,2023-10-23 11:38:00
138,20231011-0009,북부사업소,202310,550,북구 연암공원로10길 25-2 (산격동) / 1436-5번지,미누수,,산격동 1436-5,2023-10-11 09:15,,2023-10-11 13:00,,북구,520,47,,,,,,,,,생활용수,미대상,35.8944859,128.6014346,,,유량계실 양수기 작업,,2023-10-11 09:15:00
139,20231010-0170,북부사업소,202310,549,북구 연암공원로7길 2-23 (산격동) / 1138-3번지,지상-사유지,,산격동 1138-3,2023-10-10 11:00,,2023-10-10 15:00,급수관,북구,520,46-1,사유지,15.0,계량기보호통(실),계량기보호통,노후,,,,생활용수,미대상,35.8953586,128.5985977,,,D15mm 계량기보호통 수선,,2023-10-10 11:00:00
140,20231004-0820,북부사업소,202310,539,북구 대학로13길 62 (산격동) / 1251-18번지,미누수,,산격동 1251-18,2023-10-04 16:52,,2023-10-04 18:00,,북구,520,48,,,,,,,,,생활용수,미대상,35.8971778,128.6074653,,,확인굴착,,2023-10-04 16:52:00
141,20230925-0581,북부사업소,202309,523,북구 산격로17길 13 (산격동) / 1222-47번지,지하-공도,자체일반,산격동 1222-47,2023-09-25 17:16,,2023-09-25 21:00,급수관,북구,520,24,공도,40.0,부분기대,부분기대,노후,,135일,"1,944 ",생활용수,입력,35.8985056,128.6049998,,,PFP D40*15mm 분기점 누수수선,820985.0,2023-09-25 17:16:00
142,20230920-0263,북부사업소,202309,518,북구 연암로 18-26 (산격동) / 1441-63번지,지상-사유지,,산격동 1441-63,2023-09-20 14:42,,2023-09-20 15:30,급수관,북구,520,47,사유지,15.0,계량기보호통(실),앵글밸브,노후,,,,생활용수,미대상,35.8897154,128.6014179,,,D15 앵글밸브 설치,,2023-09-20 14:42:00
143,20230919-0029,북부사업소,202309,515,"북구 대동로 52 (산격동,유공가스) / 1279-1번지",미누수,,산격동 1279-1,2023-09-19 09:24,,2023-09-19 09:43,,북구,520,49,,,,,,,,,,미대상,35.8961994,128.6121224,,,현장확인,,2023-09-19 09:24:00
144,20230918-0270,북부사업소,202309,531,북구 연암공원로 55-14 (산격동) / 1153-10번지,지상-사유지,,산격동 1153-10,2023-09-18 13:22,,2023-09-19 09:11,급수관,북구,520,46-1,사유지,15.0,계량기보호통(실),계량기보호통,노후,,,,,미대상,35.8959153,128.5988472,,,D15 보호통 교체,,2023-09-18 13:22:00
145,20230918-0006,북부사업소,202309,511,북구 연암공원로14길 19-19 (산격동) / 1186-43번지,지상-사유지,,산격동 1186-43,2023-09-18 09:02,,2023-09-18 10:30,급수관,북구,520,24-3,사유지,15.0,계량기보호통(실),계량기보호통,노후,,,,,미대상,35.8968922,128.6019671,,,D15 보호통 교체,,2023-09-18 09:02:00
146,20230911-0369,북부사업소,202309,504,북구 산격로 13-1 (산격동) / 1433-56번지,지상-공도,,산격동 1433-56,2023-09-11 22:15,,2023-09-12 01:10,급수관,북구,520,47,공도,25.0,스텐레스관,이형관,노후,,1시간,0 ,생활용수,입력,35.8916831,128.6048719,,,STS D25x15 접합부 수선,820974.0,2023-09-11 22:15:00
147,20230906-0410,북부사업소,202309,530,북구 연암공원로 31-3 (산격동) / 878-4번지,지상-사유지,,산격동 878-4,2023-09-06 17:25,,2023-09-06 19:00,급수관,북구,520,46-1,사유지,15.0,계량기보호통(실),계량기보호통,노후,,,,,미대상,35.8938732,128.5977815,,,D15 보호통 연결부 수선,,2023-09-06 17:25:00
148,20230906-0003,북부사업소,202309,492,북구 연암공원로13길 12-27 (산격동) / 1180-96번지,지상-공도,,산격동 1180-96,2023-09-06 07:34,,2023-09-06 14:00,배수관,북구,520,46-1,공도,40.0,에폭시강관,이형관,노후,,1시간,0 ,,입력,35.8971737,128.5986068,,,D40X15 EPS 분기점 수선,820966.0,2023-09-06 07:34:00
149,20230901-0453,북부사업소,202309,488,북구 산격로13길 7-3 (산격동) / 1223-8번지,지상-공도,,산격동 1223-8,2023-09-01 15:55,,2023-09-01 16:50,급수관,북구,520,47,공도,15.0,스텐레스관,직관,노후,,1시간,0 ,생활용수,입력,35.8966843,128.6043934,,,STS D15 직관부 수선,820965.0,2023-09-01 15:55:00
150,20230829-0464,북부사업소,202308,486,북구 연암공원로 32-7 (산격동) / 1127번지,지하-사유지,자체상시,산격동 1127,2023-08-29 15:38,,2023-08-29 16:30,급수관,북구,520,46-1,사유지,15.0,계량기보호통(실),계량기보호통,노후,,122일,0 ,,미대상,35.8937931,128.5985295,,,D15 보호통 교체,,2023-08-29 15:38:00
151,20230823-0021,북부사업소,202308,479,북구 연암로4길 38 (산격동) / 1498-92번지,지상-사유지,,산격동 1498-92,2023-08-23 09:05,,2023-08-23 10:30,급수관,북구,520,47,사유지,15.0,계량기보호통(실),계량기보호통,노후,,,,생활용수,미대상,35.89015,128.6033144,,,D15 보호통 교체,,2023-08-23 09:05:00
152,20230821-0255,북부사업소,202308,474,북구 산격동 1309-47 CAFERO ,지상-사유지,,산격동 1309-47 CAFERO ,2023-08-21 13:13,,2023-08-21 14:30,급수관,북구,520,49,사유지,15.0,계량기보호통(실),연결부,노후,,,,생활용수,미대상,35.8942938,128.6099079,,,D15 계량기 접합부 수선,,2023-08-21 13:13:00
153,20230821-0049,북부사업소,202308,472,"북구 연암공원로32길 60 (산격동,깜미용실) / 1197-103번지",지상-사유지,,산격동 1197-103,2023-08-21 09:26,,2023-08-21 10:30,급수관,북구,520,24-3,사유지,15.0,계량기보호통(실),계량기보호통,노후,,,,생활용수,미대상,35.8976215,128.6049626,,,D15 보호통 교체,,2023-08-21 09:26:00
154,20230819-0011,북부사업소,202308,471,북구 연암공원로 22-11 (산격동) / 1099-52번지,지상-사유지,,산격동 1099-52,2023-08-19 08:18,,2023-08-19 10:30,급수관,북구,520,46-1,사유지,15.0,계량기보호통(실),계량기보호통,노후,,,,생활용수,미대상,35.8928313,128.597682,,,D15 보호통 교체,,2023-08-19 08:18:00
155,20230818-0166,북부사업소,202308,469,북구 연암공원로8길 18-4 (산격동) / 1105-4번지,지상-사유지,,산격동 1105-4,2023-08-18 13:23,,2023-08-18 15:30,급수관,북구,520,46-1,사유지,15.0,계량기보호통(실),계량기보호통,노후,,,,생활용수,미대상,35.8936039,128.598409,,,D15 보호통 교체,,2023-08-18 13:23:00
156,20230814-0117,북부사업소,202308,462,북구 연암공원로8길 12 (산격동) / 1106-9번지,지상-사유지,,산격동 1106-9,2023-08-14 10:54,,2023-08-14 11:50,급수관,북구,520,46-1,사유지,15.0,계량기보호통(실),계량기보호통,노후,,,,생활용수,미대상,35.8936809,128.5987518,,,D15 보호통 교체,,2023-08-14 10:54:00
157,20230814-0112,북부사업소,202308,461,북구 연암로4길 42-5 (산격동) / 1498-88번지,지하-공도,용역일반,산격동 1498-88,2023-08-14 10:50,,2023-08-14 11:50,급수관,북구,520,47,공도,25.0,스텐레스관,이형관,노후,,114일,821 ,생활용수,입력,35.890282,128.6036756,,,STS D25x15 직관부 수선,820869.0,2023-08-14 10:50:00
158,20230811-0030,북부사업소,202308,457,북구 산격로11길 43-6 (산격동) / 1161-60번지,지상-사유지,,산격동 1161-60,2023-08-11 09:50,,2023-08-11 10:50,급수관,북구,520,46-1,사유지,15.0,계량기보호통(실),계량기보호통,노후,,,,생활용수,미대상,35.8956225,128.6004775,,,D15 보호통 교체,,2023-08-11 09:50:00
159,20230801-0356,북부사업소,202308,447,북구 대학로9길 67-1 (산격동) / 1231-22번지,지상-사유지,,산격동 1231-22,2023-08-01 15:27,,2023-08-01 16:30,급수관,북구,520,48,사유지,15.0,계량기보호통(실),연결부,노후,,,,생활용수,미대상,35.8969874,128.6061293,,,D15 계량기 접합부 수선,,2023-08-01 15:27:00
160,20230726-0407,북부사업소,202307,437,"북구 연암공원로 36 (산격동,메트로부동산) / 1128-1번지",지하-공도,용역일반,산격동 1128-1,2023-07-26 16:16,,2023-07-26 17:30,배수관,북구,520,46-1,공도,25.0,닥타일관,이형관,노후,,105일,"3,780 ",,입력,35.8939505,128.5984068,,,DTC D80x25 구분기점 폐쇄,820861.0,2023-07-26 16:16:00
161,20230721-0194,북부사업소,202307,428,북구 산격동 1186-5 프리지아,지상-사유지,,산격동 1186-5 프리지아,2023-07-21 13:39,,2023-07-21 14:30,급수관,북구,520,24-3,사유지,20.0,계량기보호통(실),연결부,노후,,,,생활용수,미대상,35.8968399,128.6013262,,,D20 계량기 접합부 수선,,2023-07-21 13:39:00
162,20230720-0121,북부사업소,202307,424,북구 연암공원로32길 46 (산격동) / 1222-28번지,지상-사유지,,산격동 1222-28,2023-07-20 10:50,,2023-07-20 11:50,급수관,북구,520,24-3,사유지,15.0,계량기보호통(실),계량기보호통,노후,,,,생활용수,미대상,35.8985938,128.6060735,,,D15 보호통 교체,,2023-07-20 10:50:00
163,20230717-0138,북부사업소,202307,426,북구 연암공원로8길 3-2 (산격동) / 1126-14번지,미누수,,산격동 1126-14,2023-07-17 11:14,,2023-07-17 12:30,,북구,520,46-1,,,,,,,,,,미대상,35.8941592,128.5988743,,,확인굴착,,2023-07-17 11:14:00
164,20230715-0008,북부사업소,202307,420,북구 연암공원로28길 23 (산격동) / 1215-24번지,미누수,,산격동 1215-24,2023-07-15 10:53,,2023-07-15 11:50,,북구,520,24-3,,,,,,,,,,미대상,35.898774,128.6061358,,,확인굴착,,2023-07-15 10:53:00
165,20230623-0514,북부사업소,202306,390,북구 연암공원로8길 3-6 (산격동) / 1126-1번지,지하-공도,자체상시,산격동 1126-1,2023-06-23 09:00,,2023-06-23 12:00,급수관,북구,520,46-1,공도,25.0,스텐레스관,이형관,노후,,88일,845 ,생활용수,입력,35.8943368,128.5988499,,,STS D25x15 접합부 수선,820462.0,2023-06-23 09:00:00
166,20230622-0072,북부사업소,202306,387,북구 대학로25길 47-2 (산격동) / 1407-36번지,지상-사유지,,산격동 1407-36,2023-06-22 09:46,,2023-06-22 10:50,급수관,북구,520,48,사유지,15.0,계량기보호통(실),계량기보호통,노후,,,,생활용수,미대상,35.8954125,128.6069059,,,D15 보호통 교체,,2023-06-22 09:46:00
167,20230618-0001,북부사업소,202306,383,북구 대학로25길 47 (산격동) / 1407-3번지,지상-사유지,,산격동 1407-3,2023-06-18 07:26,,2023-06-18 10:00,급수관,북구,520,48,사유지,15.0,계량기보호통(실),계량기보호통,노후,,,,생활용수,미대상,35.895403,128.6071057,,,D15 보호통 교체,,2023-06-18 07:26:00
168,20230602-0627,북부사업소,202306,377,북구 대학로 99-3 (산격동) / 1329-3번지,노후관교체공사,,산격동 1329-3 다원,2023-06-02 16:28,,2023-06-20 09:52,기타,북구,520,49,,,,,,,,,,입력,35.8939864,128.6102099,,,PFP -> STS 40MM 32M,,2023-06-02 16:28:00
169,20230601-0082,북부사업소,202306,351,"북구 산격로 55 (산격동,황제헤어샵) / 1422-37번지",지상-사유지,,산격동 1422-37,2023-06-01 09:41,,2023-06-01 10:30,급수관,북구,520,47,사유지,15.0,계량기보호통(실),계량기보호통,노후,,,,생활용수,미대상,35.8954697,128.6050894,,,D15 보호통 교체,,2023-06-01 09:41:00
170,20230522-0045,북부사업소,202305,331,북구 산격로13길 35-6 (산격동) / 1186-4번지,지상-공도,,산격동 1186-4,2023-05-22 09:53,,2023-05-22 10:30,배수관,북구,520,24-3,공도,300.0,닥타일관,직관,노후,,2시간,61 ,생활용수,입력,35.8974297,128.601222,,,D300 직관부 수선,820442.0,2023-05-22 09:53:00
171,20230517-0246,북부사업소,202305,327,북구 산격로17길 10 (산격동) / 1222-57번지,지상-공도,,산격동 1222-57,2023-05-17 15:00,,2023-05-17 16:00,급수관,북구,520,24-3,공도,50.0,PFP관,이형관,노후,,2시간,0 ,생활용수,입력,35.898406,128.6053291,,,PFP D50x15 접합부 수선,820440.0,2023-05-17 15:00:00
172,20230515-0138,북부사업소,202305,321,북구 연암공원로14길 25-3 (산격동) / 1195-49번지,지상-사유지,,산격동 1195-49,2023-05-15 11:37,,2023-05-15 12:30,급수관,북구,520,24-3,사유지,15.0,계량기보호통(실),계량기보호통,노후,,,,생활용수,미대상,35.8966499,128.6027278,,,D15 보호통 교체,,2023-05-15 11:37:00
173,20230509-0323,북부사업소,202305,316,북구 대학로23길 28 (산격동) / 1327-1번지,지상-공도,,산격동 1327-1 한방울,2023-05-09 17:48,,2023-05-09 18:30,급수관,북구,520,49,공도,100.0,기타,기타,노후,,2시간,0 ,생활용수,입력,35.8935443,128.6092648,,,소화전 밸브 수선,820435.0,2023-05-09 17:48:00
174,20230509-0155,북부사업소,202305,315,북구 산격로11길 9-4 (산격동) / 1423-17번지,지상-사유지,,산격동 1423-17,2023-05-09 13:41,,2023-05-09 14:20,급수관,북구,520,47,사유지,15.0,계량기보호통(실),접합부,노후,,,,생활용수,미대상,35.8958275,128.6041042,,,D15 계량기 접합부 수선,,2023-05-09 13:41:00
175,20230503-0448,북부사업소,202305,304,"북구 대학로23길 19 (산격동,도리집) / 1327-11번지",지하-공도,자체상시,산격동 1327-11,2023-05-03 16:32,,2023-05-03 17:30,급수관,북구,520,49,공도,40.0,PFP관,이형관,노후,,63일,454 ,,입력,35.8940843,128.6099608,,,PFP D40x15 분기대 수선,820431.0,2023-05-03 16:32:00
176,20230427-0262,북부사업소,202304,291,북구 연암공원로7길 6-14 (산격동) / 1135-16번지,지상-사유지,,산격동 1135-16,2023-04-27 13:13,,2023-04-27 14:30,급수관,북구,520,46-1,사유지,15.0,계량기보호통(실),계량기보호통,노후,,,,생활용수,미대상,35.8948062,128.5982373,,,D15 보호통 교체,,2023-04-27 13:13:00
177,20230426-0395,북부사업소,202304,286,북구 산격로13길 5-8 (산격동) / 1226-3번지,지상-공도,,산격동 1226-3,2023-04-26 19:55,,2023-04-26 20:50,급수관,북구,520,47,공도,50.0,에폭시강관,이형관,노후,,2시간,0 ,생활용수,입력,35.8966374,128.6045708,,,EPS D50x15 접합부 수선,820427.0,2023-04-26 19:55:00
178,20230412-0022,북부사업소,202304,267,"북구 대학로23길 15-4 (산격동,민하우스) / 1327-19번지",지상-공도,,산격동 1327-19,2023-04-12 09:36,,2023-04-12 10:30,급수관,북구,520,49,공도,25.0,스텐레스관,직관,노후,,2시간,2 ,생활용수,입력,35.8942515,128.6102411,,,STS D25 직관부 수선,820421.0,2023-04-12 09:36:00
179,20230322-0183,북부사업소,202303,227,"북구 대학로13길 6-1 (산격동,팔팔생고기,임가양꼬치) / 1400-7번지",지상-사유지,,산격동 1400-7,2023-03-22 12:21,2023-03-22 12:30,2023-03-22 13:00,급수관,북구,520,49,사유지,15.0,계량기보호통(실),계량기보호통,노후,,,,생활용수,미대상,35.8922007,128.6077583,,,D15 보호통 교체,,2023-03-22 12:21:00
180,20230321-0429,북부사업소,202303,222,북구 연암공원로14길 32 (산격동) / 1224-22번지,지상-공도,,산격동 1224-22,2023-03-21 16:08,,2023-03-21 20:00,배수관,북구,520,47,공도,100.0,닥타일관,직관,노후,,2시간,28 ,생활용수,입력,35.8964249,128.6033211,,,DTC D100 클램프 설치,820403.0,2023-03-21 16:08:00
181,20230321-0148,북부사업소,202303,219,북구 연암공원로14길 31-2 (산격동) / 1223-28번지,지상-공도,,산격동 1223-28,2023-03-21 10:51,,2023-03-21 12:00,배수관,북구,520,47,공도,80.0,닥타일관,직관,타공사손괴,구청(하수도),3시간,172 ,생활용수,입력,35.8965843,128.6035178,,,DTC D80 직관부 수선,820402.0,2023-03-21 10:51:00
182,20230307-0592,북부사업소,202303,165,북구 산격동 538-1,미누수,,산격동 538-1,2023-03-07 21:42,,2023-03-08 10:00,,북구,520,24-3,,,,,,,,,,미대상,35.8997918,128.6025145,,,확인굴착,,2023-03-07 21:42:00
183,20230302-0046,북부사업소,202303,171,북구 연암공원로32길 64-38 (산격동) / 1197-108번지,지상-사유지,,산격동 1197-108,2023-03-02 09:26,,2023-03-02 10:50,급수관,북구,520,24-3,사유지,15.0,계량기보호통(실),연결부,노후,,,,생활용수,미대상,35.8974598,128.6041851,,,D15 계량기 접합부 수선,,2023-03-02 09:26:00
184,20230227-0619,북부사업소,202302,155,북구 산격로 2-2 (산격동) / 1420-17번지,지상-사유지,,산격동 1420-17 불빵구수리,2023-02-27 16:23,,2023-02-27 17:50,급수관,북구,520,49,사유지,15.0,계량기보호통(실),계량기보호통,노후,,,,생활용수,미대상,35.8909562,128.6053664,,,D15 보호통 교체,,2023-02-27 16:23:00
185,20230227-0361,북부사업소,202302,153,북구 산격로11길 38-1 (산격동) / 1434-50번지,지상-공도,,산격동 1434-50,2023-02-27 13:16,,2023-02-27 14:30,배수관,북구,520,46-1,공도,100.0,PFP관,이형관,노후,,2시간,0 ,생활용수,입력,35.8958918,128.6010965,,,구분기점 폐쇄,819704.0,2023-02-27 13:16:00
186,20230217-0119,북부사업소,202302,125,북구 연암로12길 6-5 (산격동) / 1032-1번지,지상-사유지,,산격동 1032-1,2023-02-17 11:32,,2023-02-17 13:10,급수관,북구,520,46-1,사유지,15.0,계량기보호통(실),계량기보호통,노후,,,,생활용수,미대상,35.8916872,128.5975226,,,D15 보호통 교체,,2023-02-17 11:32:00
187,20230209-0105,북부사업소,202302,108,북구 대학로15길 16 (산격동) / 1393번지,지상-공도,,산격동 1393,2023-02-09 11:34,,2023-02-09 15:00,배수관,북구,520,49,공도,20.0,스텐레스관,직관,노후,,2시간,1 ,생활용수,입력,35.8932556,128.6085506,,,D20 STS 접합부 수선,819742.0,2023-02-09 11:34:00
188,20230208-0156,북부사업소,202302,105,북구 연암로12길 6-5 (산격동) / 1032-1번지,지상-사유지,,산격동 1032-1,2023-02-08 11:57,,2023-02-08 12:30,급수관,북구,520,46-1,사유지,15.0,계량기보호통(실),연결부,노후,,,,생활용수,미대상,35.8916872,128.5975226,,,D15 계량기 접합부 수선,,2023-02-08 11:57:00
189,20230206-0231,북부사업소,202302,94,북구 연암로12길 16 (산격동) / 1059-4번지,지상-사유지,,산격동 1059-4,2023-02-06 10:57,,2023-02-06 12:30,급수관,북구,520,46-1,사유지,15.0,계량기보호통(실),계량기보호통,노후,,,,생활용수,미대상,35.8924276,128.5972402,,,D15 보호통 교체,,2023-02-06 10:57:00
190,20230130-0523,북부사업소,202301,71,"북구 산격로13길 13-2 (산격동,삼영건재) / 1223-19번지",지상-사유지,,산격동 1223-19,2023-01-30 12:47,,2023-01-30 13:50,급수관,북구,520,47,사유지,15.0,계량기보호통(실),계량기보호실,노후,,,,생활용수,미대상,35.8968519,128.6037057,,,D15 STS 직관부 수선 및 D15 보호통 교체,,2023-01-30 12:47:00
191,20230127-0002,북부사업소,202301,64,"북구 산격로1길 29 (산격동,주계량기) / 1498-103번지",지상-공도,,산격동 1498-103,2023-01-27 06:09,,2023-01-27 08:50,배수관,북구,520,47,공도,50.0,스텐레스관,직관,노후,,2시간,1 ,생활용수,입력,35.8909649,128.6035785,,,D80*50 플렌지 수선,819752.0,2023-01-27 06:09:00
192,20230126-0144,북부사업소,202301,56,북구 연암로2길 55 (산격동) / 1498-85번지,지상-사유지,,산격동 1498-85,2023-01-26 10:16,,2023-01-26 13:00,급수관,북구,520,47,사유지,15.0,계량기보호통(실),접합부,노후,,,,생활용수,미대상,35.8903237,128.6041602,,,D15 계량기 접합부 수선,,2023-01-26 10:16:00
193,20230125-0546,북부사업소,202301,50,북구 산격로서9길 17-6 (산격동) / 1435-27번지,지상-사유지,,산격동 1435-27,2023-01-25 14:35,,2023-01-25 15:50,급수관,북구,520,46-1,사유지,15.0,계량기보호통(실),접합부,노후,,,,생활용수,미대상,35.8948097,128.600835,,,D15 계량기 접합부 수선,,2023-01-25 14:35:00
194,20230119-0031,북부사업소,202301,43,북구 대학로15길 16 (산격동) / 1393번지,지상-공도,,산격동 1393,2023-01-19 09:59,,2023-01-19 10:50,급수관,북구,520,49,공도,15.0,스텐레스관,직관,노후,,2시간,1 ,생활용수,입력,35.8932556,128.6085506,,,STS 직관부 수선,819772.0,2023-01-19 09:59:00
195,20230117-0207,북부사업소,202301,38,북구 대구체육관로4길 19 (산격동) / 1404-105번지,지상-사유지,,산격동 1404-105,2023-01-17 14:42,,2023-01-17 16:40,급수관,북구,520,47,사유지,15.0,계량기보호통(실),계량기보호통,노후,,,,생활용수,미대상,35.8903368,128.6028848,,,D15 보호통 교체,,2023-01-17 14:42:00
196,20221227-0567,북부사업소,202301,858,"북구 대학로23길 18-9 (산격동,낭만놀이) / 1309-15번지",지상-공도,,산격동 1309-15,2022-12-27 20:14,,2022-12-28 13:00,배수관,북구,520,49,공도,15.0,PFP관,이형관,노후,,2시간,2 ,생활용수,입력,35.8944129,128.609764,,,D40X15 PFP 접합부 교체,819736.0,2022-12-27 20:14:00
197,20221227-0175,북부사업소,202301,856,북구 대학로25길 34-7 (산격동) / 1311-15번지,지상-사유지,,산격동 1311-15,2022-12-27 10:59,,2022-12-27 15:00,급수관,북구,520,48,사유지,15.0,계량기보호통(실),앵글밸브,노후,,,,생활용수,미대상,35.8956924,128.6085498,,,D15 앵글밸브 수선,,2022-12-27 10:59:00
198,20221220-0008,북부사업소,202301,827,북구 대동로8길 26 (산격동) / 1252-13번지,지상-공도,,산격동 1252-13,2022-12-20 07:24,,2022-12-20 13:00,배수관,북구,520,48,공도,20.0,부분기대,부분기대,노후,,2시간,1 ,생활용수,입력,35.8966709,128.6080818,,,D100X20 DTC 분기대 교체,819698.0,2022-12-20 07:24:00
199,20221217-0018,북부사업소,202301,823,북구 대학로25길 22-1 (산격동) / 1306-7번지,지상-공도,,산격동 1306-7,2022-12-17 14:26,,2022-12-17 18:00,배수관,북구,520,49,공도,15.0,부분기대,부분기대,노후,,5시간,5 ,생활용수,입력,35.8956723,128.609956,,,D80X15 DTC 분기대 교체,819697.0,2022-12-17 14:26:00
200,20221217-0017,북부사업소,202301,822,북구 대학로25길 39-1 (산격동) / 1312-21번지,지상-사유지,,산격동 1312-21,2022-12-17 12:48,,2022-12-17 18:00,배수관,북구,520,48,사유지,20.0,PFP관,이형관,노후,,,,생활용수,미대상,35.8952588,128.6080664,,,D40X20 PFP 레듀사 교체 수선,,2022-12-17 12:48:00
201,20221216-0002,북부사업소,202212,818,북구 대학로15길 23-1 (산격동) / 1326-14번지,지상-공도,,산격동 1326-14,2022-12-16 07:56,,2022-12-19 10:03,배수관,북구,520,49,공도,25.0,PFP관,이형관,노후,,3시간,2 ,생활용수,입력,35.8941266,128.60801,,,D80X25 PFP 직관부 처리,818661.0,2022-12-16 07:56:00
202,20221207-0207,북부사업소,202212,800,북구 대구체육관로11길 43-1 (산격동) / 1426-19번지,지상-사유지,,산격동 1426-19,2022-12-07 14:26,,2022-12-07 18:00,급수관,북구,520,47,사유지,15.0,계량기보호통(실),계량기보호통,노후,,,,생활용수,미대상,35.8945187,128.604318,,,D15 보호통 교체,,2022-12-07 14:26:00
203,20221205-0012,북부사업소,202212,784,북구 연암공원로8길 20 (산격동) / 1102-9번지,지상-사유지,,산격동 1102-9,2022-12-05 08:55,,2022-12-05 16:00,급수관,북구,520,46-1,사유지,15.0,계량기보호통(실),계량기보호통,노후,,,,생활용수,미대상,35.8934205,128.5982273,,,D15 보호통 교체,,2022-12-05 08:55:00
204,20221111-0120,북부사업소,202211,734,북구 대동로 34-1 (산격동) / 1266-14번지,지상-사유지,,산격동 1266-14,2022-11-11 14:34,,2022-11-11 18:00,급수관,북구,520,49,사유지,15.0,계량기보호통(실),계량기보호통,노후,,,,생활용수,미대상,35.896863,128.6101873,,,D15 보호통 교체,,2022-11-11 14:34:00
205,20221111-0041,북부사업소,202211,732,"북구 대학로 85 (산격동,안경콘택트) / 1341-6번지",지상-사유지,,산격동 1341-6,2022-11-11 10:22,,2022-11-11 13:00,급수관,북구,520,49,사유지,15.0,계량기보호통(실),계량기보호통,노후,,,,생활용수,미대상,35.8928581,128.6093081,,,D15 보호통 교체,,2022-11-11 10:22:00
206,20221101-0414,북부사업소,202211,711,북구 대구체육관로11길 42 (산격동) / 1425-36번지,지상-사유지,,산격동 1425-36,2022-11-01 15:36,,2022-11-01 17:50,급수관,북구,520,47,사유지,15.0,계량기보호통(실),계량기보호통,노후,,,,생활용수,미대상,35.8944709,128.6046304,,,D15 보호통 교체,,2022-11-01 15:36:00
207,20221028-0229,북부사업소,202210,700,북구 산격로11길 40-1 (산격동) / 1161-55번지,지하-사유지,자체상시,산격동 1161-55,2022-10-28 13:39,,2022-10-28 16:00,배수관,북구,520,46-1,사유지,15.0,계량기보호통(실),계량기보호통,노후,,151일,544 ,생활용수,미대상,35.8959899,128.6009276,,,D15 보호통 교체,,2022-10-28 13:39:00
208,20221025-0569,북부사업소,202210,694,북구 연암공원로14길 3 (산격동) / 1163-17번지,지하-사유지,자체상시,산격동 1163-17,2022-10-25 16:57,,2022-10-25 18:30,급수관,북구,520,24-3,사유지,15.0,계량기보호통(실),계량기보호통,노후,,149일,358 ,생활용수,미대상,35.8965952,128.6003396,,,D15 보호통 교체,,2022-10-25 16:57:00
209,20221024-0294,북부사업소,202210,690,북구 산격로13길 23 (산격동) / 1185-39번지,지상-사유지,,산격동 1185-39,2022-10-24 13:20,,2022-10-24 16:00,급수관,북구,520,24-3,사유지,15.0,계량기보호통(실),계량기보호통,노후,,,,생활용수,미대상,35.8970534,128.60265,,,D15 보호통 교체,,2022-10-24 13:20:00
210,20221024-0283,북부사업소,202210,689,북구 연암공원로20길 30-3 (산격동) / 1197-75번지,지상-사유지,,산격동 1197-75,2022-10-24 13:12,,2022-10-24 16:00,급수관,북구,520,24-3,사유지,15.0,계량기보호통(실),계량기보호통,노후,,,,생활용수,미대상,35.8984719,128.6043512,,,D15 보호통 교체,,2022-10-24 13:12:00
211,20221013-0184,북부사업소,202210,672,북구 연암로4길 36 (산격동) / 1498-26번지,지하-사유지,용역일반,산격동 1498-26,2022-10-13 15:24,,2022-10-13 18:00,급수관,북구,520,47,사유지,15.0,계량기보호통(실),계량기보호통,노후,,143일,86 ,생활용수,미대상,35.890103,128.6032336,,,D15 계량기 접합부 수선,,2022-10-13 15:24:00
212,20220923-0007,북부사업소,202209,639,북구 산격로11길 35-3 (산격동) / 1437-42번지,지상-사유지,,산격동 1437-42,2022-09-23 09:03,,2022-09-23 13:00,급수관,북구,520,24-3,사유지,15.0,계량기보호통(실),연결부,노후,,,,생활용수,미대상,35.8956036,128.6014744,,,D15 보호통 하단부 수선,,2022-09-23 09:03:00
213,20220826-0019,북부사업소,202208,592,북구 대구체육관로11길 12-1 (산격동) / 1429-28번지,지상-사유지,,산격동 1429-28,2022-08-26 09:12,,2022-08-26 13:00,급수관,북구,520,47,사유지,15.0,계량기보호통(실),앵글밸브,노후,,,,생활용수,미대상,35.8930891,128.6046835,,,D15 앵글밸브 교체,,2022-08-26 09:12:00
