cluster_id,repair_count,avg_lat,avg_lon,nearest_pipe,nearest_type,nearest_dist,pipe_count,nearest_STD_DIP,max_STD_DIP,avg_STD_DIP,nearest_K_age,max_K_age,avg_K_age,nearest_K_soil,max_K_soil,avg_K_soil,nearest_K_traffic,max_K_traffic,avg_K_traffic,nearest_hoop_stress,max_hoop_stress,avg_hoop_stress,nearest_K_stress,max_K_stress,avg_K_stress,nearest_K_total,max_K_total,avg_K_total,nearest_D_final,max_D_final,avg_D_final,nearest_K_repair,max_K_repair,avg_K_repair
0,1,35.89325590000001,128.6040557,211474,SPLY_LS,4.319057244275564,112,13,200,29.604501771557196,1.6672142368240932,1.7526899383983574,1.6270340307042646,1.0,1.0,1.0,1.0,1.6,1.103322628219855,7.471264367816092,25.3968253968254,8.14209573940836,1.547126436781609,3.9746031746031742,1.7390585891395811,2.3468337419948377,12.482253272236944,3.711316082045026,0.0097793735445795,0.0520141734980749,0.01546523967968566,0.3785,2.4829,0.6756397367145437
1,1,35.8948401,128.6108953,107356,SPLY_LS,5.4582102863219175,152,13,150,35.92964243946405,1.6154688569472964,1.7526899383983574,1.5512911219063126,1.0,1.0,1.0,1.0,1.6,1.0958900768961422,7.471264367816092,17.857142857142858,9.143178003838536,1.547126436781609,3.3000000000000003,1.8788230528320924,7.701065080626144,21.10882891509861,6.535950428177205,0.0320907232442231,0.0879615455306616,0.027235632231735783,3.6684,8.1373,2.127326093747504
2,1,35.890437000000006,128.6039201,73313,PIPE_LM,3.7182269888809656,164,50,200,23.86442536885758,1.373223819301848,1.862532511978097,1.5959740576598955,1.0,1.0,1.0,1.2,1.6,1.0908831814247777,17.857142857142858,17.857142857142858,8.736620971787564,2.585714285714286,3.9746031746031742,1.7305571651980638,4.345598302338505,44.320708637351565,6.400755730960328,0.0181083254057596,0.1846866089272758,0.0266722691686982,0.4374,9.828,2.2155896816001155
3,2,35.898578150000276,128.60417359999715,143359,SPLY_LS,7.277534140952422,95,13,150,36.62981077884046,1.6140451745379876,1.7526899383983574,1.6273750321779312,1.0,1.0,1.0,1.0,1.0,1.0,7.471264367816092,17.857142857142858,8.405129240847728,1.547126436781609,3.3000000000000003,1.8376393958457737,2.9014239306293006,8.153821201341549,4.184688334523771,0.0120903785901288,0.0339773806370502,0.01743780552437724,0.7604,3.8681,1.0123683107212327
4,1,35.8954174,128.6096018,245306,PIPE_LM,6.387179434234732,209,80,150,32.8584597207382,1.6726899383983571,1.7612867898699522,1.5842554294146485,1.0,1.0,1.0,1.2,1.2,1.0289740331852795,6.666666666666667,17.857142857142858,8.613817914151504,2.1333333333333337,3.3000000000000003,1.8129947233543457,5.1880674570451015,13.490284710596164,5.474518015928886,0.0216189364968797,0.0562146909032897,0.022812590298276397,0.1669,7.0042,1.8069788280994776
5,1,35.8960453,128.6009302,143211,SPLY_LS,13.800348151893804,218,13,300,29.03502027783968,1.625160848733744,1.792662559890486,1.6379728958977304,1.0,1.0,1.0,1.0,1.0,1.0,7.471264367816092,20.833333333333332,8.665481202073646,1.547126436781609,4.966666666666667,1.772935425996734,2.241835262814255,64.6458046407898,4.437240928911585,0.0093418396319101,0.2693823002284031,0.01849020481282095,0.3509,31.5158,1.3435370151648989
6,1,35.8979493,128.6042737,106802,SPLY_LS,6.925832555097114,166,13,150,23.719197387752942,1.702422997946612,1.7526899383983574,1.6561240229659382,1.0,1.0,1.0,1.0,1.0,1.0,7.471264367816092,17.857142857142858,7.965108419358105,1.547126436781609,3.3000000000000003,1.6858148723023267,3.977128986328045,11.565210142368242,4.288707329974897,0.0165728953424782,0.0481928089237555,0.017871257879371844,1.2878,4.3426,1.3283717690692767
7,5,35.895277400000005,128.6101531,245302,SPLY_LS,6.9936724839440245,206,13,150,26.033336890674306,1.6729637234770705,1.7612867898699522,1.574237436641712,1.0,1.0,1.0,1.0,1.6,1.0278000817560264,7.471264367816092,17.857142857142858,8.628657670491492,1.547126436781609,3.3000000000000003,1.7453602481371373,3.29057690626739,21.10882891509861,5.871505510941847,0.0137119984972615,0.0879615455306616,0.02446685703937018,0.9262,8.1373,2.171695548402693
8,1,35.89389760000002,128.5983609,142119,PIPE_LM,8.407063955836193,184,80,300,41.815576590782406,1.5126899383983572,1.912689938398357,1.6091333705070938,1.0,1.3,1.0141292601347651,1.2,1.4,1.0670565639998597,6.666666666666667,20.833333333333332,8.932971414701552,2.1333333333333337,4.966666666666667,1.9162694727217398,5.446902217806149,19.35919431283192,5.224960742716907,0.0226975138867091,0.0806707306612862,0.02177267266293843,0.3547,5.2697,1.233636071407244
9,4,35.893710250001014,128.59912814999504,142115,SPLY_LS,6.4465730008560636,136,13,300,32.06241842574158,1.7000136892539357,1.7390554414784394,1.6320593443162732,1.0,1.3,1.002418078077,1.0,1.4,1.0241194887022211,7.471264367816092,20.833333333333332,8.767563458250585,1.547126436781609,4.966666666666667,1.8080009371760724,5.151423908203675,19.35919431283192,4.677578682072808,0.0214662409966801,0.0806707306612862,0.019491704247131446,1.9675,5.2697,1.3425825831795484
10,1,35.896602400000006,128.6001585,324798,PIPE_LM,7.505656530410231,199,150,300,45.21872827354065,1.6126762491444215,1.772785763175907,1.6204112345285322,1.0,1.0,1.0,1.0,1.2,1.0279616280141248,12.5,20.833333333333332,9.220009470635798,3.3000000000000003,4.966666666666667,1.9677728751541415,6.835749108488148,12.29989176013464,4.446728665142642,0.0284849083225255,0.051254263959069,0.018529740684082602,0.199,6.0861,0.9759442860662308
11,2,35.89445215000166,128.6018824000094,106661,PIPE_LM,3.6646344810101583,129,50,300,45.337500997091105,1.7326488706365502,1.792662559890486,1.6091402736474067,1.0,1.3,1.007933487480024,1.0,1.6,1.0485351769732243,12.5,20.833333333333332,9.486886970831568,2.3625,4.966666666666667,1.9893102104802913,4.87518423952484,20.300895475071872,5.157916887678371,0.0203151364853119,0.0845948464893982,0.021493297566800112,0.175,4.8473,1.1757457868074406
12,1,35.8971662,128.6015565,38056,SPLY_LS,2.7080570607871035,215,13,400,46.39670058436225,1.612895277207392,1.792662559890486,1.6415612530858765,1.0,1.0,1.0,1.0,1.2,1.0100969434713603,7.471264367816092,23.255813953488374,9.060036999517537,1.547126436781609,5.451162790697675,1.9717310233189758,6.576915339266072,13.1470648457662,5.084128682452474,0.0274063350644886,0.05478447656555,0.021185818426213532,2.9933,6.0366,1.3152847638719076
13,3,35.894669066667376,128.6021757333317,72529,SPLY_LS,7.596301039493967,153,13,300,35.5145199356938,1.6274058863791925,1.8126488706365504,1.611065651518495,1.0,1.3,1.0026124016992604,1.0,1.6,1.0372920551190292,7.471264367816092,20.833333333333332,8.816351560550153,1.547126436781609,4.966666666666667,1.845563722791792,3.8042036930865217,20.300895475071872,4.385913258265118,0.0158523069992761,0.0845948464893982,0.018276319842853612,1.2892,4.8473,1.0544703045021053
14,1,35.8895649,128.6026112,144002,SPLY_LS,7.155341793227471,162,13,200,21.278059060050005,1.6483778234086242,2.160793976728268,1.6279668343751634,1.0,1.0,1.0,1.2,1.6,1.1057056319223457,7.471264367816092,17.857142857142858,8.110084326187744,1.547126436781609,3.9746031746031742,1.663607191302302,3.066153717033244,12.69137420831549,5.000078625259503,0.0127768158465633,0.052885590894761,0.020835577635387546,0.518,4.6374,1.6045908565971132
15,1,35.89369969999999,128.5981166,244038,PIPE_LM,5.22776346998862,173,80,300,43.94921256257806,1.5726488706365505,1.912689938398357,1.6214580118175403,1.0,1.3,1.0322983380735011,1.2,1.4,1.082142023823679,14.22222222222222,20.833333333333332,8.972634815544591,2.5777777777777775,4.966666666666667,1.9370173092334366,4.192206633372592,19.35919431283192,5.495292090185588,0.0174691346515952,0.0806707306612862,0.02289915690440781,0.3833,5.2697,1.2448034413641416
16,3,35.89248345000037,128.59676585000355,105133,SPLY_LS,3.9528231104249163,90,13,300,40.159435752667534,1.7074606433949349,1.765284052019165,1.6185075716367303,1.3,1.3,1.2999999999999996,1.0,1.4,1.0773926945297818,7.471264367816092,20.833333333333332,8.814052071802077,1.547126436781609,4.966666666666667,1.8794908814965756,6.066827840910431,19.35919431283192,6.911605486441948,0.0252807749544658,0.0806707306612862,0.028801005642277878,1.6766,4.3224,1.3286374651276138
17,1,35.8927783,128.5970696,142086,SPLY_LS,2.776773255798406,95,13,300,41.936641418963816,1.3678576317590692,1.765284052019165,1.5913408797855706,1.3,1.3,1.2988385920491112,1.0,1.4,1.097270767141215,7.471264367816092,20.833333333333332,8.597529324084608,1.547126436781609,4.966666666666667,1.8803539074428177,5.940576498207927,19.35919431283192,7.053650990144883,0.0247546792968573,0.0806707306612862,0.029392916358483182,2.2716,5.0244,1.3675368992479182
18,1,35.893521899999996,128.6098311,212288,SPLY_LS,5.750054902444755,120,13,150,27.142237727284996,1.7075701574264204,1.9612594113620807,1.5612999293156669,1.0,1.0,1.0,1.0,1.6,1.1069871574589172,7.471264367816092,14.285714285714286,9.013244938641483,1.547126436781609,3.3000000000000003,1.775490025264396,4.069013356235396,20.157018752113743,4.722279134399447,0.0169557821061007,0.0839953049909956,0.019677973266999167,1.3336,5.003,1.269022824993512
19,2,35.895813600008196,128.6107569500131,177224,SPLY_LS,8.622934180220176,183,13,150,24.202869007212872,1.7011088295687884,1.788062970568104,1.585433955905378,1.0,1.0,1.0,1.0,1.6,1.0343196384460078,7.471264367816092,17.857142857142858,8.364438563203171,1.547126436781609,3.3000000000000003,1.7069275521084188,2.881965683283406,21.10882891509861,4.8739319755893185,0.0120092951005261,0.0879615455306616,0.020309918238879426,0.6591,8.1373,1.6386885742280788
20,1,35.89527910000001,128.60853040000003,143067,SPLY_LS,4.899724673900717,238,13,200,27.952219539831944,1.6226967830253252,1.808213552361396,1.5945198830461857,1.0,1.0,1.0,1.0,1.6,1.0302849553015643,7.471264367816092,17.857142857142858,8.568766077954413,1.547126436781609,3.9746031746031742,1.7601433624682163,4.300236595838574,12.765202636710075,4.922323781483613,0.0179193009066891,0.0531932376473027,0.020511569313631243,1.5952,7.6894,1.5431020560112105
21,1,35.8955801,128.6084953,37926,SPLY_LS,3.312359331544687,235,20,200,26.4443123063053,1.6132785763175908,1.7612867898699522,1.6113795186970712,1.0,1.0,1.0,1.0,1.2,1.0127337800738203,9.523809523809524,17.857142857142858,8.518211620003983,1.7523809523809524,3.9746031746031742,1.738990609103452,5.623925030053709,12.5323032848234,4.760598863478104,0.0234351767964853,0.0522227344030233,0.019837653494056386,1.9434,5.2399,1.5288638965296655
22,1,35.8962089,128.5996874,244045,SPLY_LS,1.3257905885118477,199,13,300,41.434792476031646,1.5385352498288842,2.0606981519507186,1.6072991960168932,1.0,1.0,1.0,1.0,1.2,1.039276508943657,7.471264367816092,20.833333333333332,9.072659427153715,1.547126436781609,4.966666666666667,1.9279342591594477,3.5367606838686885,12.29989176013464,4.698751223867086,0.014737858607715,0.051254263959069,0.01957993128741529,1.2512,6.0861,1.136084913727601
23,1,35.8981373,128.6052037,106788,SPLY_LS,6.510493759549909,120,13,150,25.082626122382866,1.619356605065024,1.7726762491444217,1.6402730686124687,1.0,1.0,1.0,1.0,1.2,1.0007559025647137,7.471264367816092,17.857142857142858,7.872930666808602,1.547126436781609,3.3000000000000003,1.6930304252995203,4.239793072951718,11.565210142368242,4.655572947002473,0.0176674297246434,0.0481928089237555,0.0194000052488066,1.564,4.3426,1.5036866758448675
24,1,35.89831170000001,128.6039873,4145,SPLY_LS,6.454675610416853,119,13,150,25.2172711209201,1.6471184120465434,1.7526899383983574,1.645871679917626,1.0,1.0,1.0,1.0,1.0,1.0,7.471264367816092,17.857142857142858,8.092077824101024,1.547126436781609,3.3000000000000003,1.7100050629850352,3.27556657926368,9.10359990803878,3.870715444575522,0.0136494497141207,0.037935155996793,0.01612946479331839,0.9475,4.3426,1.0835435122134147
25,1,35.8977199,128.6035563,211665,SPLY_LS,6.689716045055275,154,13,150,25.240090883422678,1.2150855578370978,1.7526899383983574,1.6147744818820964,1.0,1.0,1.0,1.0,1.0,1.0,7.471264367816092,14.22222222222222,8.189043582484889,1.547126436781609,3.3000000000000003,1.7175050833332384,2.280285624051586,9.10359990803878,3.538800749677841,0.0095020642097041,0.1608660406591712,0.015411263910781159,0.8378,4.3426,0.9667957860039806
26,1,35.8902294,128.6026617,37842,SPLY_LS,5.774196674566099,185,20,150,21.468777781028226,1.5474606433949352,1.862532511978097,1.6244500343886439,1.0,1.0,1.0,1.0,1.6,1.0533396183853139,9.523809523809524,17.857142857142858,8.198008508856297,1.7523809523809524,3.3000000000000003,1.6722847902712943,4.90147561708402,44.320708637351565,5.35646927271736,0.0204246939701699,0.1846866089272758,0.022320675282876817,1.6744,9.828,1.8452364378080308
27,2,35.8915451,128.5961415,2812,SPLY_LS,5.571864839935631,71,13,500,46.7371002386555,1.6276796714579056,1.7430527036276522,1.5765936965112057,1.3,1.3,1.2999999999999998,1.0,1.4,1.151827005768813,7.471264367816092,26.31578947368421,9.369893680996409,1.547126436781609,6.063157894736842,1.9600046530115296,4.947593222430933,34.520087141485476,7.0686732883615475,0.0206168683375308,0.143846929122927,0.02945551502626697,1.2898,3.0691,1.0641280619980735
28,2,35.889826299999996,128.6010129,47811,PIPE_LM,5.243801288955055,80,50,500,72.64648176566736,1.7526899383983574,1.8396988364134157,1.606865504994097,1.0,1.3,1.025978681342346,1.4,1.6,1.215996832917616,17.857142857142858,23.255813953488374,10.303450690785253,2.585714285714286,5.451162790697675,2.159262182438953,5.564177350837856,18.989567325482906,5.420724572569482,0.0231862052298088,0.4517545544340051,0.04090864172023292,0.236,3.0061,0.7130730157308542
29,1,35.89107130000001,128.6032933,143987,SPLY_LS,5.498747908627607,188,13,150,28.267857570881887,1.6576317590691307,1.9878165639972625,1.613944902342418,1.0,1.0,1.0,1.0,1.6,1.0640373443959577,7.471264367816092,17.857142857142858,8.491417366284026,1.547126436781609,3.3000000000000003,1.7615662609016034,4.395524493969576,44.320708637351565,5.613957445125371,0.0183163703425959,0.1846866089272758,0.023393641371709625,1.5968,9.828,1.8112385667342876
30,4,35.89585460000033,128.6097433000007,106450,SPLY_LS,4.9381217970472875,214,13,150,27.064016869333702,1.7084462696783025,1.7612867898699522,1.6099242883439322,1.0,1.0,1.0,1.0,1.2,1.0088966714524858,7.471264367816092,17.857142857142858,8.489417692035909,1.547126436781609,3.3000000000000003,1.7457937244555999,5.7326183175711005,13.490284710596164,4.772991370158932,0.0238881071602346,0.0562146909032897,0.019889293689020742,2.286,7.0042,1.5488983807829735
31,1,35.89278229999999,128.5978525,36445,SPLY_LS,6.785364416384516,132,13,300,24.190888258198566,1.6005201916495553,1.7840657084188911,1.618642035007905,1.3,1.3,1.2370164571079647,1.0,1.4,1.031475114114592,7.471264367816092,20.833333333333332,8.26807630413384,1.547126436781609,4.966666666666667,1.7027165314084403,6.087139842916162,19.35919431283192,5.75521326701499,0.0253654160824237,0.0806707306612862,0.023982261444314756,1.865,6.3829,1.4658350157903086
32,1,35.898353,128.604123,4143,SPLY_LS,7.035174257592464,117,13,150,25.092598614899217,1.7051060917180014,1.7526899383983574,1.6540482292022667,1.0,1.0,1.0,1.0,1.0,1.0,7.471264367816092,17.857142857142858,7.969150577029021,1.547126436781609,3.3000000000000003,1.6987011503068714,4.592102262736008,9.10359990803878,4.087882843519127,0.019135519733934,0.037935155996793,0.017034412203086362,1.6374,4.3426,1.1799713224403465
33,3,35.8962846,128.61074184999993,72325,SPLY_LS,6.012934230291465,157,13,150,23.014431922663498,1.6837508555783711,1.788062970568104,1.6145099947477186,1.0,1.0,1.0,1.0,1.6,1.0217227584635324,7.471264367816092,14.285714285714286,8.146533374874528,1.547126436781609,3.3000000000000003,1.686483641764556,5.024773527128015,11.330398627606204,4.64079184965612,0.0209384825262187,0.0472143376011664,0.019338411677109483,1.9225,4.8174,1.5354553063468772
34,1,35.89311390000001,128.6092693,178155,SPLY_LS,10.129155541368805,109,13,150,31.085356470404022,1.6384120465434635,1.9612594113620807,1.5823430036793353,1.0,1.0,1.0,1.0,1.6,1.132812969155295,7.471264367816092,14.285714285714286,8.746553278434547,1.547126436781609,3.3000000000000003,1.8018210933225818,2.5433609780937427,20.157018752113743,4.893795489347928,0.0105983123637655,0.0839953049909956,0.020392690493887228,0.5202,3.0291,1.134533650844251
35,1,35.89716560000001,128.6002114,210471,SPLY_LS,5.907347748640108,202,13,300,37.35399594490205,1.738672142368241,1.792662559890486,1.641698654001602,1.0,1.0,1.0,1.0,1.2,1.0292707033470156,7.471264367816092,20.833333333333332,8.953773646197382,1.547126436781609,4.966666666666667,1.8780281078574625,3.8340259431206993,14.045678120391342,4.3903719112,0.0159765778062811,0.0585290430115767,0.018294899272565925,1.1595,6.0861,1.0518066439814489
36,1,35.8955649,128.6090574,72373,SPLY_LS,3.6052304799168513,223,13,150,26.356219977326067,1.6792607802874744,1.7612867898699522,1.605537156538574,1.0,1.0,1.0,1.0,1.2,1.0158129739826025,7.471264367816092,17.857142857142858,8.488925758282015,1.547126436781609,3.3000000000000003,1.7355632234843978,10.102141021280556,13.490284710596164,5.2029585634660895,0.0420961267427271,0.0562146909032897,0.02168098848189133,4.8913,7.0042,1.8100752448378592
37,3,35.89705355000011,128.60988710000072,211328,PIPE_LM,14.389817178945549,127,150,150,31.517430493902985,1.6926762491444216,1.792662559890486,1.6082939973804438,1.0,1.0,1.0,1.6,1.6,1.0236640500457956,12.5,14.285714285714286,8.38863762297036,3.3000000000000003,3.3000000000000003,1.787964275384565,11.330398627606204,11.330398627606204,4.96407095364751,0.0472143376011664,0.0472143376011664,0.020685531867396804,0.1834,4.8174,1.5237426392854951
38,1,35.897813000000006,128.6048295,37780,SPLY_LS,6.404564616633326,148,13,150,22.942803719839027,1.604681724845996,1.7726762491444217,1.6405057828247267,1.0,1.0,1.0,1.0,1.0,1.0,7.471264367816092,17.857142857142858,8.093475719468493,1.547126436781609,3.3000000000000003,1.6873054556588731,5.935174415424571,11.565210142368242,4.776670858065375,0.0247321685477949,0.0481928089237555,0.019904626299101277,2.6221,4.3426,1.619890418455362
39,2,35.894543500002136,128.59819885000624,2949,SPLY_LS,10.511184163657568,167,13,300,32.95819486483927,1.6413689253935662,1.912689938398357,1.6100042189598813,1.0,1.3,1.0044794155606842,1.0,1.4,1.0588251197522278,7.471264367816092,20.833333333333332,8.478813137119879,1.547126436781609,4.966666666666667,1.8056749528449227,2.503702974167763,19.35919431283192,4.721313407071531,0.0104330554785057,0.0806707306612862,0.01967394903293739,0.4938,5.2523,1.1982219873791995
40,2,35.897707050001024,128.60483999999812,38227,SPLY_LS,4.951238039029813,154,13,150,24.808629475369187,1.738343600273785,1.7726762491444217,1.6372428797040541,1.0,1.0,1.0,1.0,1.2,1.001315390207673,7.471264367816092,20.0,8.263014022465196,1.547126436781609,3.3000000000000003,1.7160521370453565,3.2840893868178673,11.565210142368242,4.767236563641114,0.0136849646793393,0.0481928089237555,0.01986531312252065,0.8501,4.3426,1.5697690648686018
41,1,35.893401,128.5981047,175917,SPLY_LS,6.901382309994202,171,13,300,29.768242402549387,1.7390554414784394,1.765284052019165,1.632899213214544,1.0,1.3,1.0557894241354457,1.0,1.4,1.0445788605059374,7.471264367816092,20.833333333333332,8.546114203499812,1.547126436781609,4.966666666666667,1.7747009796303534,2.6612354437578545,19.35919431283192,4.96313246957637,0.0110895011559111,0.0806707306612862,0.020681621157348153,0.4986,5.2697,1.3305081207406593
42,1,35.8952087,128.601595,42354,SPLY_LS,8.079645153371317,226,13,300,32.234113037322686,1.742669404517454,1.8126488706365504,1.6234318815824773,1.0,1.3,1.0007013036379404,1.0,1.6,1.0028538464226815,7.471264367816092,20.833333333333332,8.568849793961322,1.547126436781609,4.966666666666667,1.7964290313272022,4.200698893379305,20.300895475071872,4.656795384549911,0.0175045223236562,0.0845948464893982,0.019405099207188654,1.3606,4.8473,1.3504354348420688
43,1,35.8922299,128.6075294,107386,SPLY_LS,7.239385329353006,138,13,200,38.51292227642642,1.7164955509924709,1.7526899383983574,1.5831112384231396,1.0,1.0,1.0,1.0,1.6,1.0993867347481432,7.471264367816092,17.857142857142858,9.18696870566868,1.547126436781609,3.9746031746031742,1.899749262761064,4.090457186552017,12.765202636710075,4.124534291346928,0.0170451396192215,0.0531932376473027,0.017187140618757174,1.3337,3.3341,0.7558678973647192
44,1,35.8926598,128.6054077,411543,PIPE_LM,8.470589798431877,176,100,200,38.35431195848569,1.6126762491444215,1.7526899383983574,1.5483108441075764,1.0,1.0,1.0,1.6,1.6,1.1348133006816536,16.3265306122449,25.3968253968254,9.571876432080684,2.840816326530613,3.9746031746031742,1.9042690071894368,5.7798481907384,16.32730907103399,4.441054891749511,0.0240849164032164,0.0680367132644522,0.01850609778666473,0.2516,4.6252,1.0014631904318445
45,1,35.89459850000001,128.6014333,177433,SPLY_LS,5.470278626180007,162,13,300,46.7864878295536,1.6274058863791925,1.8126488706365504,1.5987381960203777,1.0,1.3,1.0027038201574403,1.0,1.6,1.0115625567538842,7.471264367816092,20.833333333333332,9.578223317784111,1.547126436781609,4.966666666666667,1.9923309175422288,4.719359631310682,20.300895475071872,5.103071749825914,0.0196658075516531,0.0845948464893982,0.021264755135112,1.8399,4.8473,1.3397080732676174
46,1,35.891899499999994,128.6034968,246389,SPLY_LS,4.771798551848591,143,13,300,31.80383985973109,1.648542094455852,1.9878165639972625,1.6317145218668458,1.0,1.3,1.0011826687015293,1.0,1.6,1.0922829068520752,7.471264367816092,25.3968253968254,8.69399546032187,1.547126436781609,4.966666666666667,1.7936754890386404,5.6124150381981055,18.989567325482906,4.3449048208565735,0.0233872140849234,0.0791304765236535,0.018105435633750337,2.334,3.0009,0.9952766791813458
47,1,35.8981031,128.6047695,143355,SPLY_LS,6.192375544034674,144,13,150,23.333122953867765,1.7457905544147845,1.7726762491444217,1.644664728259537,1.0,1.0,1.0,1.0,1.0,1.0,7.471264367816092,17.857142857142858,8.165843460602142,1.547126436781609,3.3000000000000003,1.694883139038765,4.8353734128655725,11.565210142368242,4.520146955558444,0.0201492427800814,0.0481928089237555,0.018835678371159792,1.7124,4.3426,1.4500900095009706
48,2,35.892478700000005,128.605816,42449,PIPE_LM,5.212494608437565,169,80,200,39.572323708186474,1.472662559890486,1.7526899383983574,1.5092090388598733,1.0,1.0,1.0,1.0,1.6,1.0748891627707091,6.666666666666667,25.3968253968254,9.48469477561824,2.1333333333333337,3.9746031746031742,1.9116481597088801,3.837368846362719,16.32730907103399,4.619217984977181,0.0159905078512357,0.0680367132644522,0.019248512304299126,0.1764,4.6252,1.2976981459697248
49,1,35.896492200000004,128.6065103,37978,SPLY_LS,5.479779826210916,200,13,200,26.200117695404906,1.6619575633127996,1.747816563997262,1.6378285050122208,1.0,1.0,1.0,1.0,1.2,1.003480511607157,7.471264367816092,16.3265306122449,7.829300563820464,1.547126436781609,3.9746031746031742,1.6951125290191396,5.73937808438791,9.307766399472284,3.9400691984004896,0.0239162754465486,0.0387859279749209,0.016418465353194706,2.3819,3.3989,1.0668201090841878
50,1,35.8945889,128.5984789,105249,SPLY_LS,4.440770507167833,178,13,300,42.33378774995001,1.7067488021902806,1.912689938398357,1.6147126939002268,1.0,1.3,1.0038988972110199,1.2,1.4,1.0829680324236028,7.471264367816092,20.833333333333332,8.75998907470083,1.547126436781609,4.966666666666667,1.9162266230652214,6.624477348527835,19.35919431283192,5.021741448291654,0.0276045283351829,0.0806707306612862,0.020925847702103664,2.1675,4.7871,1.092548455829999
51,3,35.89056696666758,128.60295126667285,212347,SPLY_LS,5.6378137410299844,187,13,150,20.88918553582186,1.7051060917180014,1.862532511978097,1.6097860402250757,1.0,1.0,1.0,1.0,1.6,1.0403381902895765,7.471264367816092,17.857142857142858,8.35295548090861,1.547126436781609,3.3000000000000003,1.6794057394375137,9.289543945694785,44.320708637351565,6.186167354060408,0.0387099940989074,0.1846866089272758,0.02577806867273737,4.3353,9.828,2.358852851689853
52,1,35.8973396,128.5996707,308923,PIPE_LM,5.06366172263168,175,100,300,37.356354551057954,1.6126762491444215,1.772785763175907,1.6192146065200774,1.0,1.0,1.0,1.2,1.2,1.0186893805744983,16.3265306122449,20.833333333333332,9.328122571963739,2.840816326530613,4.966666666666667,1.9064327585632619,4.197386159129833,14.045678120391342,4.53199586913443,0.0174907179944019,0.0585290430115767,0.01888505338647658,0.2119,6.0861,1.155450405138748
53,1,35.8956451,128.6015328,3995,SPLY_LS,9.506510651084692,241,13,300,29.79611427225241,1.666502395619439,1.8126488706365504,1.6209287812286597,1.0,1.0,1.0,1.0,1.0,1.0,7.471264367816092,20.833333333333332,8.733145110406047,1.547126436781609,4.966666666666667,1.7848058159289066,3.6934299464642906,64.6458046407898,4.675178382346528,0.015390707258414,0.2693823002284031,0.01948170207815705,1.1704,31.5158,1.443186079224054
54,1,35.889929099999996,128.6016472,212339,PIPE_LM,4.549724586415585,122,80,400,37.19701117541535,1.7326488706365502,1.8396988364134157,1.6364644969186766,1.0,1.3,1.0048607995760526,1.2,1.6,1.1056407272936388,6.666666666666667,20.833333333333332,8.609161229526698,2.1333333333333337,4.966666666666667,1.8292823100561397,5.198572325417898,18.989567325482906,4.269485457818639,0.0216627108086326,0.4132250031541143,0.020913246106241824,0.1288,3.6677,0.8852285085716246
55,1,35.8906833,128.6034433,4787,PIPE_LM,3.736222570247524,214,80,200,23.695027985493244,1.6726899383983571,1.862532511978097,1.61494081025233,1.0,1.0,1.0,1.2,1.6,1.060353767132775,6.666666666666667,17.857142857142858,8.304413215133874,2.1333333333333337,3.9746031746031742,1.7017431863182126,5.995465734703333,44.320708637351565,6.859509300699917,0.0249834054897955,0.1846866089272758,0.028583918231481514,0.3485,9.828,2.5306054671741998
56,1,35.8934782,128.6041763,211472,SPLY_LS,6.946781621349357,120,13,200,24.636699247876756,1.6401095140314852,1.7526899383983574,1.6278951022764712,1.0,1.0,1.0,1.0,1.6,1.0585421146166594,7.471264367816092,25.3968253968254,8.009590310381853,1.547126436781609,3.9746031746031742,1.6883383776334495,2.386724718991373,12.482253272236944,3.5166436682454254,0.009945601240273,0.0520141734980749,0.014654029997762046,0.4251,2.4829,0.7446139641843851
57,2,35.895324000000166,128.60367879999893,143155,SPLY_LS,5.823973944356704,183,13,300,32.458287133214114,1.6149760438056124,2.350855578370979,1.5872741468963936,1.0,1.0,1.0,1.0,1.6,1.064834819869621,7.471264367816092,20.833333333333332,8.650886858209633,1.547126436781609,4.966666666666667,1.8068207655494117,2.823445147161141,12.903932005017538,3.385480827770823,0.0117654371004778,0.0537713298615083,0.01410746788336238,0.7121,1.7929,0.5895896982190512
58,1,35.8887528,128.6024193,178238,SPLY_LS,7.454697082571225,79,13,400,35.77294917167098,1.7093771389459276,2.160793976728268,1.628377112600112,1.0,1.0,1.0,1.0,1.6,1.1759663632776192,7.471264367816092,20.0,8.449721222516821,1.547126436781609,3.9746031746031742,1.7946211510680143,3.30739001239499,12.69137420831549,4.619627872742314,0.0137820595511505,0.338717356431557,0.02214930915269478,0.8948,4.6374,0.9801671968687319
59,1,35.8934943,128.6071291,212291,PIPE_LM,7.86147890795033,131,25,200,28.63571550714273,1.6726899383983571,1.7726762491444217,1.54299674221102,1.0,1.0,1.0,1.0,1.6,1.0098097863306639,8.928571428571429,15.873015873015872,8.913012307196082,1.692857142857143,3.9746031746031742,1.7798906999975757,2.0630812144547765,12.765202636710075,2.836933432714773,0.0085969625746937,0.0531932376473027,0.01182164346079404,0.0651,2.7144,0.43229343059109665
60,1,35.897325499999994,128.598688,308932,PIPE_LM,6.632847033749869,116,80,150,39.49553053231221,1.4143463381245722,1.7526899383983574,1.5911180402875345,1.0,1.0,1.0,1.0,1.2,1.0044484631742565,6.666666666666667,17.857142857142858,9.22808525909262,2.1333333333333337,3.3000000000000003,1.9140291913817415,4.030332204241036,14.045678120391342,4.28243642813859,0.0167945958116826,0.0585290430115767,0.017845126717874842,0.2865,6.0861,0.9998381754941539
61,1,35.89686199999999,128.6102019,72321,SPLY_LS,7.975110093667442,133,13,150,25.199051973219028,1.6803559206023273,1.792662559890486,1.6235213140261762,1.0,1.0,1.0,1.0,1.6,1.0134708443724945,7.471264367816092,14.285714285714286,8.168822342187399,1.547126436781609,3.3000000000000003,1.7110128453486748,7.884613162523842,11.330398627606204,5.015257998554888,0.0328555772788949,0.0472143376011664,0.020898830842878097,3.5951,4.8174,1.7070481853591728
62,1,35.8972847,128.6067763,106548,PIPE_LM,6.544057833950433,183,200,200,40.387422566103226,1.7326488706365502,1.792662559890486,1.6541378261439352,1.0,1.0,1.0,1.0,1.2,1.0052756310472897,15.873015873015872,25.3968253968254,8.334260870105611,3.9746031746031742,3.9746031746031742,1.8665068606881179,8.837926571575123,9.307766399472284,5.084908294354296,0.0368280819200821,0.0387859279749209,0.02118906710798899,0.1813,3.8918,1.3979016725547677
63,2,35.893345900000504,128.60808790000152,107329,SPLY_LS,6.7214885010520735,173,13,200,32.43802780343645,1.7114031485284054,1.9612594113620807,1.5786506315365199,1.0,1.0,1.0,1.0,1.6,1.0347571634290464,7.471264367816092,17.857142857142858,8.6818199184649,1.547126436781609,3.9746031746031742,1.8065897129833592,3.034668504707023,12.765202636710075,3.7002840550066103,0.0126456153925394,0.0531932376473027,0.01541926867141526,0.7365,3.867,0.7459461014852776
64,3,35.8948698,128.6010136,107614,SPLY_LS,7.485847377926139,201,13,300,32.76376723662674,1.6802464065708418,1.792662559890486,1.608379088776445,1.0,1.3,1.0010529510230544,1.0,1.6,1.004512391172382,7.471264367816092,20.833333333333332,9.00748377468154,1.547126436781609,4.966666666666667,1.8295789350943665,4.182856886226436,20.300895475071872,4.903055364482546,0.0174301737877498,0.0845948464893982,0.020431276856566948,1.4379,4.8473,1.4879876645541892
65,1,35.89529360000001,128.6095987,211249,PIPE_LM,5.489544158446852,206,25,150,31.0857522972285,1.712662559890486,1.808213552361396,1.5732091616441715,1.0,1.0,1.0,1.0,1.2,1.0268402163678074,8.928571428571429,17.857142857142858,8.685038142296083,1.692857142857143,3.3000000000000003,1.7992049815001814,3.045115959643826,21.10882891509861,5.50961326698169,0.0126891504596338,0.0879615455306616,0.02295883396417601,0.5354,8.1373,1.877329312800295
66,1,35.893337800000005,128.6098866,143920,SPLY_LS,3.653074803527203,97,20,150,32.0535244305804,1.6271321013004791,1.9612594113620807,1.543057726288405,1.0,1.0,1.0,1.6,1.6,1.2151198950382816,9.523809523809524,14.285714285714286,9.49871829156133,1.7523809523809524,3.3000000000000003,1.8606688186164428,4.514649811452723,20.157018752113743,4.934239031260952,0.018812771496814,0.0839953049909956,0.02056122075521592,0.4642,4.841,1.0790235909160002
67,1,35.8974779,128.6038346,4146,SPLY_LS,5.6107281829037206,193,13,150,25.863851026359267,1.6401095140314852,1.7526899383983574,1.6290905061021135,1.0,1.0,1.0,1.0,1.0,1.0,7.471264367816092,17.857142857142858,8.089250579598499,1.547126436781609,3.3000000000000003,1.7169636809475999,4.126315600765522,11.565210142368242,3.9378867997396614,0.0171945634241699,0.1608660406591712,0.016780256876275445,1.4638,4.3426,1.1432888259329437
68,1,35.8951696,128.6090785,3839,SPLY_LS,5.585607254984047,220,13,150,27.02726207744159,1.7011088295687884,1.808213552361396,1.5761052611946158,1.0,1.0,1.0,1.0,1.2,1.0337887613535324,7.471264367816092,17.857142857142858,8.712984052665512,1.547126436781609,3.3000000000000003,1.760127415875219,4.442024377850839,29.499750631236587,5.363451976310935,0.0185101376837233,0.1229269358678944,0.022349772557886435,1.5572,7.6894,1.8144996486137666
69,1,35.8937156,128.6060161,278257,PIPE_LM,6.398834700569758,176,80,200,31.655412137756954,1.7526899383983574,1.7526899383983574,1.5626418426875155,1.0,1.0,1.0,1.0,1.6,1.015801602977413,6.666666666666667,20.0,8.393388400119905,2.1333333333333337,3.9746031746031742,1.7779165613091998,4.2056111996356185,11.895530325604453,3.819684611948189,0.0175249921494416,0.04956926964331,0.015916816762218667,0.0833,3.3345,0.9362340803163356
70,1,35.8946232,128.6089947,215085,SPLY_LS,7.235282777494611,206,13,150,27.533490017737734,1.808213552361396,1.9612594113620807,1.5454523364115895,1.0,1.0,1.0,1.2,1.6,1.072074205276816,7.471264367816092,17.857142857142858,8.593530181293431,1.547126436781609,3.3000000000000003,1.7541671295890766,10.084854948954955,29.499750631236587,5.554506993588359,0.0420240948150427,0.1229269358678944,0.023145908367632334,3.5515,7.6894,1.776270172184221
71,1,35.894681199999994,128.60549,143970,SPLY_LS,1.9182498716291754,181,13,200,30.39812281536699,1.6845722108145107,1.755208761122519,1.6256043996552063,1.0,1.0,1.0,1.0,1.6,1.063951803013602,7.471264367816092,20.0,8.516681844681566,1.547126436781609,3.9746031746031742,1.7700438717764273,3.440875113582974,11.895530325604453,3.6710174208316824,0.0143382986420559,0.04956926964331,0.01529731314347661,1.0003,3.3345,0.7513035197089587
72,2,35.89581280000001,128.6122184,143003,SPLY_LS,4.07846236090955,83,13,200,28.63712614104155,1.6806297056810404,1.8070636550308008,1.6063278216959076,1.0,1.0,1.0,1.0,1.6,1.1253505271772746,7.471264367816092,17.857142857142858,8.29154330747833,1.547126436781609,3.3000000000000003,1.743679501833592,4.124260549705021,15.476603074900533,4.955900442785379,0.0171859999236483,0.6449177884326426,0.024546608918005034,1.4032,4.0667,1.384452731025568
73,1,35.89419169999999,128.6098301,178144,SPLY_LS,4.514790009977531,179,13,150,30.000900561634225,1.6617932922655716,1.9612594113620807,1.5309843428388934,1.0,1.0,1.0,1.0,1.6,1.06281588619874,7.471264367816092,14.285714285714286,8.66970657519543,1.547126436781609,3.3000000000000003,1.7917313678416102,2.9293914877856024,29.499750631236587,5.275551522700127,0.0122069207991769,0.1229269358678944,0.021983486972667523,0.7263,5.938,1.6583528691304914
74,1,35.8958898,128.6102138,439879,PIPE_LM,7.7392582163433286,204,40,150,25.46702900764342,1.2139356605065024,1.7526899383983574,1.572866178176692,1.0,1.0,1.0,1.0,1.2,1.0112350566552657,14.285714285714286,14.285714285714286,8.490389139913457,2.2285714285714286,3.3000000000000003,1.7276644401053018,2.447363088116581,13.490284710596164,4.858306359234516,0.0101982843563361,0.0562146909032897,0.020244805514248145,0.2899,7.0042,1.6880301826213218
75,3,35.89744749999999,128.6082208,255636,PIPE_LM,6.101580020383117,143,80,200,27.607262789367056,1.792662559890486,1.792662559890486,1.6346583944705075,1.0,1.0,1.0,1.0,1.2,1.0127666261646127,6.666666666666667,15.873015873015872,7.934152336243598,2.1333333333333337,3.9746031746031742,1.7106485562388392,4.878477913181699,9.307766399472284,4.097090976341849,0.0203288613881238,0.0387859279749209,0.017072782952965264,0.2286,4.0231,1.1261712849070404
76,2,35.8976809,128.6005573,142127,SPLY_LS,6.268022867744879,163,13,400,43.988945953737826,1.701492128678987,1.792662559890486,1.6368343785812172,1.0,1.0,1.0,1.0,1.2,1.0300032766798242,7.471264367816092,23.255813953488374,9.146235599924527,1.547126436781609,5.451162790697675,1.953194298475481,4.645786510853051,13.1470648457662,4.264418732894185,0.0193592246800502,0.05478447656555,0.017770046080906682,1.6739,4.0782,0.8302716418605423
77,3,35.897008099999994,128.6100978,37892,PIPE_LM,6.922513597902632,125,40,150,29.247408141071496,1.6926762491444216,1.792662559890486,1.613721412931813,1.0,1.0,1.0,1.0,1.6,1.0248674572092298,9.846153846153848,14.285714285714286,8.448053139554727,2.0307692307692307,3.3000000000000003,1.770294475524542,2.877831725769055,11.330398627606204,5.084575562842223,0.0119920686928659,0.0472143376011664,0.021187680599141653,0.3927,4.8174,1.6256606086194365
78,2,35.89452810000001,128.6102834,107355,SPLY_LS,3.3775496848547113,172,13,150,31.726480379337445,1.6614647501711155,1.7690075290896647,1.555670994702888,1.0,1.0,1.0,1.0,1.6,1.0559263514399213,7.471264367816092,17.857142857142858,8.845950135984127,1.547126436781609,3.3000000000000003,1.8239550365947323,8.198231463960537,21.10882891509861,6.390953007609334,0.0341624404218967,0.0879615455306616,0.0266314207303584,3.8322,8.1373,2.1870318336896455
79,1,35.895401799999995,128.6109694,245334,SPLY_LS,4.531726794062256,176,13,150,29.844166407757374,1.5577002053388092,1.7526899383983574,1.5553841995508215,1.0,1.0,1.0,1.0,1.6,1.0863023846327953,7.471264367816092,17.857142857142858,8.532098087353404,1.547126436781609,3.3000000000000003,1.7742336231993823,4.239813048382395,21.10882891509861,5.39627644102364,0.0176675129632618,0.0879615455306616,0.02248655374356751,1.6655,8.1373,1.7059038127487052
80,2,35.897172,128.6035242,324769,PIPE_LM,5.890196878792716,210,100,200,33.08353288231956,1.6326625598904858,1.7726762491444217,1.6117492343915203,1.0,1.0,1.0,1.0,1.2,1.000499731377915,8.333333333333334,15.873015873015872,8.210790034990922,2.466666666666667,3.9746031746031742,1.7914167562255994,4.639615564243669,12.864716060377829,3.9282014565577854,0.0193335100369815,0.1608660406591712,0.016736761442976443,0.0972,6.5593,1.0075221710595803
81,1,35.8958181,128.5988243,142153,SPLY_LS,4.729765721816095,149,13,300,37.68211882074441,1.60621492128679,2.0606981519507186,1.6159748920424677,1.0,1.0,1.0,1.0,1.2,1.0759019737137347,7.471264367816092,20.833333333333332,8.841262640197495,1.547126436781609,4.966666666666667,1.8760261921327666,3.3183838072831997,12.15745498850814,4.409532605729901,0.0138278712441394,0.0506607228098628,0.018374742844706738,1.0232,3.9358,0.990260418470091
82,1,35.8963146,128.60805700000003,3823,SPLY_LS,5.421364276843535,225,13,200,23.992819279463248,1.7156194387405888,1.7526899383983574,1.6434533728473015,1.0,1.0,1.0,1.0,1.2,1.0016067328507035,7.471264367816092,15.873015873015872,8.224437202244749,1.547126436781609,3.9746031746031742,1.6965751088082777,6.14245221863438,9.307766399472284,4.369353167092988,0.0255959055176603,0.0387859279749209,0.01820731311493477,2.5062,4.3744,1.3732691162866586
83,2,35.889812400003834,128.60297210001133,4789,PIPE_LM,5.543328284883005,166,40,200,22.466911205549497,1.6526488706365503,1.7366461327857632,1.614344865817968,1.0,1.0,1.0,1.2,1.6,1.1013331714497607,9.846153846153848,17.857142857142858,8.233721149268092,2.0307692307692307,3.9746031746031742,1.6872539985196247,3.168853961489305,14.603259347254806,5.368487942815194,0.013204772900224,0.0608525118629781,0.022370757682108017,0.3089,5.9138,1.8167245603834268
84,2,35.889855150000145,128.60141370000076,245194,SPLY_LS,6.105905170214314,103,13,400,38.81515985050589,1.6573579739904176,1.8396988364134157,1.6300133173171691,1.0,1.3,1.0081338911290258,1.0,1.6,1.1137425412185364,7.471264367816092,23.255813953488374,8.929461971462796,1.547126436781609,5.451162790697675,1.8510589719618857,5.730940451287324,18.989567325482906,4.4654280267373245,0.0238811154075368,0.4132250031541143,0.023435805765284506,2.3863,3.3489,0.9801028355542692
85,1,35.90210580000001,128.6014762,175753,PIPE_LM,7.713875508648171,2,700,700,700.0,1.792662559890486,1.792662559890486,1.792662559890486,1.0,1.3,1.03778158376442,1.6,1.6,1.6000000000000003,35.35353535353535,35.35353535353535,35.35353535353536,4.335353535353535,4.335353535353535,4.335353535353536,12.970396944267184,16.762616589668298,13.44798382488652,0.0540482925866085,0.0698506614599772,0.05603842099749331,0.0059,0.0059,0.00515696218596641
86,1,35.89607899999999,128.6124025,211328,PIPE_LM,5.830931668740504,58,150,200,37.98994423023674,1.6926762491444216,1.8070636550308008,1.6187424758366216,1.0,1.0,1.0,1.6,1.6,1.139809857609462,12.5,17.857142857142858,8.609163606565833,3.3000000000000003,3.3000000000000003,1.8579461829639623,11.330398627606204,15.476603074900533,5.947566947031089,0.0472143376011664,0.6449177884326426,0.03194749255866126,0.1834,4.0667,1.5499808644628421
87,1,35.895380800000005,128.6108597,106460,SPLY_LS,3.6609891829109578,180,13,150,28.26365600339733,1.7152908966461329,1.7526899383983574,1.556048071832907,1.0,1.0,1.0,1.0,1.6,1.0719238483010078,7.471264367816092,17.857142857142858,8.622546786049,1.547126436781609,3.3000000000000003,1.766067268774161,6.651676884622222,21.10882891509861,5.5251070409787415,0.027717870162065,0.0879615455306616,0.02302339729511043,2.7976,8.1373,1.8501634889483596
88,1,35.8950228,128.6085868,72378,SPLY_LS,3.05764614021896,215,13,200,31.6097418344076,1.6403832991101983,1.808213552361396,1.5856386225364816,1.0,1.0,1.0,1.0,1.6,1.0568215792365572,7.471264367816092,17.857142857142858,8.732333994910386,1.547126436781609,3.9746031746031742,1.8041961090312104,9.256027669599202,29.499750631236587,5.641441947008567,0.0385703301006033,0.1229269358678944,0.023508170665281998,4.5258,7.6894,1.798792010283696
89,1,35.8947785,128.6051035,3935,SPLY_LS,1.9257229751081257,178,13,300,44.06999731818037,1.615249828884326,1.755208761122519,1.5940439055503026,1.0,1.0,1.0,1.0,1.6,1.1051512842261388,7.471264367816092,20.833333333333332,9.420554089602195,1.547126436781609,4.966666666666667,1.9443015461092934,3.5395949304902565,11.895530325604453,4.02116645925559,0.0147496690550994,0.04956926964331,0.016756401694040957,1.146,3.3345,0.6377841419380414
90,3,35.897622600000005,128.6048668,38228,SPLY_LS,4.846221393907606,152,13,150,27.758619967019936,1.6140451745379876,1.7726762491444217,1.6328163880619262,1.0,1.0,1.0,1.0,1.4,1.0042812914076562,7.471264367816092,20.0,8.417842704116108,1.547126436781609,3.3000000000000003,1.7542484646736523,5.17127228172148,11.565210142368242,4.845710982270462,0.0215489501615474,0.0481928089237555,0.020192319948670094,2.1376,4.3426,1.5401173520710438
91,2,35.8929263,128.6060014,421834,SPLY_LS,5.633623238574878,185,20,200,33.245729027110045,1.302094455852156,1.7526899383983574,1.4905380555931644,1.0,1.0,1.0,1.0,1.6,1.032027064319514,9.523809523809524,25.3968253968254,9.137059020014249,1.7523809523809524,3.9746031746031742,1.836981060931579,3.338575490060037,16.32730907103399,4.002976372935741,0.0139120109958546,0.0680367132644522,0.016680602694841833,1.1649,4.6252,1.0933484190646077
92,2,35.896177599999994,128.6111316,143021,SPLY_LS,4.775698230182347,144,13,150,29.09261276401982,1.7479260780287476,1.788062970568104,1.601025003189153,1.0,1.0,1.0,1.0,1.6,1.0593094581191302,7.471264367816092,17.857142857142858,8.106606181667608,1.547126436781609,3.3000000000000003,1.73936255585933,3.5706374906275533,11.330398627606204,4.537994809201977,0.0148790249553195,0.0472143376011664,0.018910051269685042,1.0005,4.273,1.2789338692101777
93,1,35.8933208,128.6063727,38857,SPLY_LS,7.216268675163309,184,13,100,26.006751687240758,1.6382477754962357,1.7726762491444217,1.5325912841754867,1.0,1.0,1.0,1.0,1.6,1.0083722873229852,7.471264367816092,17.857142857142858,8.852721805336602,1.547126436781609,2.840816326530613,1.7476900763521974,3.346755567069559,9.752858851332356,3.4645481986067934,0.0139460977857572,0.0406406504764445,0.014436945571004386,1.0006,3.6677,0.9075935169876839
94,1,35.8968082,128.5991048,319483,PIPE_LM,5.432626604538067,181,80,300,40.16283316040767,1.3954551676933606,2.0606981519507186,1.5748996859537752,1.0,1.0,1.0,1.0,1.2,1.0232046291820647,6.666666666666667,20.833333333333332,9.172723970056776,2.1333333333333337,4.966666666666667,1.9259145017001966,4.241702796456156,14.045678120391342,4.76442059809223,0.0176753876379726,0.0585290430115767,0.01985357885328018,0.3723,6.0861,1.218817945261297
95,1,35.89159790000001,128.5958797,105130,SPLY_LS,8.603412809115056,56,20,500,82.5126783479223,1.7066392881587953,1.7430527036276522,1.5814314198260073,1.3,1.3,1.2999999999999994,1.4,1.4,1.2264162241636691,9.523809523809524,26.31578947368421,10.43376267102247,1.7523809523809524,6.063157894736842,2.34963454686109,10.339345302050669,34.520087141485476,9.814515370395682,0.0430845688409102,0.143846929122927,0.04089757627420726,1.8106,3.0691,0.982335253331325
96,1,35.8942939,128.6108759,107316,SPLY_LS,9.416182397159703,112,25,150,32.22271063448666,1.593182751540041,1.7690075290896647,1.5241513953791548,1.0,1.0,1.0,1.6,1.6,1.1632221632189665,8.928571428571429,17.857142857142858,9.087037042348395,1.692857142857143,3.3000000000000003,1.83698135365138,5.878043120439281,21.10882891509861,6.363416036830942,0.0244940995850265,0.0879615455306616,0.02651667279627632,0.9913,8.1373,2.024624946375621
97,1,35.89804290000001,128.6054633,177579,SPLY_LS,4.216721579106738,115,13,200,34.629384235466254,1.7429979466119097,1.7726762491444217,1.635419224354884,1.0,1.0,1.0,1.0,1.2,1.0027531893155095,7.471264367816092,25.3968253968254,8.339074330448339,1.547126436781609,3.9746031746031742,1.8179456827525156,4.443015162008107,11.565210142368242,4.7007690478228685,0.0185142663308458,0.0481928089237555,0.019588339660730245,1.4963,4.3426,1.34814552185896
98,2,35.8903448,128.603526,48168,PIPE_LM,4.246751345794138,192,100,200,27.44595629098644,1.6926762491444216,1.862532511978097,1.6012902270938,1.0,1.0,1.0,1.4,1.6,1.0992138417221833,8.333333333333334,17.857142857142858,8.608650147270282,2.466666666666667,3.9746031746031742,1.7560158417468947,7.734045304449008,44.320708637351565,6.617021717996495,0.0322281534859042,0.1846866089272758,0.027573460349977246,0.2601,9.828,2.2425145303494025
99,2,35.901593600000005,128.6040458,415364,PIPE_LM,6.038755020017719,25,500,800,467.459814251365,1.792662559890486,1.952662559890486,1.724696778759657,1.0,1.0,1.0,1.0,1.6,1.0660328104787946,33.11258278145696,56.07476635514019,28.7625824747148,4.111258278145696,6.407476635514019,4.194390777924312,7.670445998731713,17.528827660940674,8.423172110930249,0.0319631319990149,0.0730435013045228,0.03509977934485184,0.0193,0.3853,0.06428089565044678
100,1,35.8963925,128.6093905,37918,SPLY_LS,7.056257089664262,219,13,150,28.644311887454272,1.657467488021903,1.792662559890486,1.6223027506670245,1.0,1.0,1.0,1.0,1.2,1.0038844377330418,7.471264367816092,14.285714285714286,8.200763353927718,1.547126436781609,3.3000000000000003,1.7420922356987316,2.6128844119736767,10.699904903618648,4.0518466311345875,0.0108880199889149,0.044587038728624,0.016884247504269336,0.5438,5.2399,1.1015404450763802
101,1,35.8948143,128.610655,178152,SPLY_LS,8.061872049214628,167,25,150,32.26794580866196,1.3395482546201232,1.7690075290896647,1.547643626532567,1.0,1.0,1.0,1.0,1.6,1.0789664714657772,8.928571428571429,17.857142857142858,8.95481850609949,1.692857142857143,3.3000000000000003,1.8292667719863545,9.825014588391364,21.10882891509861,6.718006871893528,0.0409413270405562,0.0879615455306616,0.027994270535523884,5.3338,8.1373,2.366558734703909
102,2,35.89517510000555,128.61082610001512,211327,PIPE_LM,3.696349949758821,185,50,150,28.59230821677973,1.6726899383983571,1.7526899383983574,1.5249569679987518,1.0,1.0,1.0,1.2,1.6,1.0737410097663809,10.95890410958904,17.857142857142858,8.933129152030808,2.16986301369863,3.3000000000000003,1.7923750871012214,3.660392562181028,21.10882891509861,5.731423380754358,0.0152530388262364,0.0879615455306616,0.02388312779877238,0.3819,8.1373,1.9909036539431637
103,2,35.8963992,128.5987661,142147,SPLY_LS,4.2871931109528285,134,13,300,30.228899958398426,1.6518275154004107,2.0606981519507186,1.5994029887479013,1.0,1.0,1.0,1.0,1.2,1.0297357258320061,7.471264367816092,20.833333333333332,9.097005650708093,1.547126436781609,4.966666666666667,1.8201259384077717,6.047141253004638,12.15745498850814,5.076965530990514,0.0251987399583329,0.0506607228098628,0.02115596921591399,2.5851,6.0861,1.5819648650090363
104,3,35.896787100000005,128.6097942,211326,PIPE_LM,3.70628139622734,168,50,150,26.2508865415006,1.6526488706365503,1.792662559890486,1.6210379133181134,1.0,1.0,1.0,1.0,1.6,1.0080749566748062,10.95890410958904,14.285714285714286,8.15718457414395,2.16986301369863,3.3000000000000003,1.7211533990982837,2.981066687602094,11.330398627606204,4.707123258481055,0.0124222539405723,0.0472143376011664,0.019614817974253445,0.3669,4.8174,1.5394420645993718
105,1,35.89482600000001,128.6093499,143903,SPLY_LS,6.568498626806264,210,40,150,33.95360941843962,1.350006844626968,1.808213552361396,1.5386027559311473,1.0,1.0,1.0,1.0,1.6,1.0458360838739018,14.285714285714286,17.857142857142858,8.983524615236544,2.2285714285714286,3.3000000000000003,1.8510804847322586,4.61520521590918,29.499750631236587,5.479830383135122,0.0192317908949543,0.1229269358678944,0.022834727198043157,1.1873,7.6894,1.712934396657922
106,2,35.8958578,128.60491850000003,38020,SPLY_LS,7.160362741625836,182,13,200,31.558250603242293,1.6375359342915812,1.7726762491444217,1.595179034237614,1.0,1.0,1.0,1.0,1.4,1.0445062670604819,7.471264367816092,20.0,8.681540669731616,1.547126436781609,3.9746031746031742,1.7985281109783737,4.60944602477637,9.37339816098739,3.618764187934286,0.0192077920575443,0.0390594188067425,0.015079571309331494,1.7566,2.1024,0.7642403568722311
107,1,35.89571339999999,128.611724,3783,SPLY_LS,16.537389687026206,134,32,150,30.31086671594771,1.4025735797399042,1.8070636550308008,1.5801725291246473,1.0,1.0,1.0,1.0,1.6,1.1187584340713161,11.428571428571429,17.857142857142858,8.427636962706343,1.942857142857143,3.3000000000000003,1.7712462996157694,3.1196778508699734,13.591150932501026,4.728161519411604,0.0129998535884677,0.0566350054932784,0.019702485459464094,0.6517,4.0667,1.2377135283956329
108,1,35.8899151,128.601287,177107,PIPE_LM,5.224894916006969,94,40,500,45.10940655694424,1.6326625598904858,1.8396988364134157,1.6289726226894998,1.0,1.3,1.0113229309386103,1.4,1.6,1.140953036215229,9.846153846153848,23.255813953488374,9.124888690574755,2.0307692307692307,5.451162790697675,1.9078108649815142,3.2412683814087124,18.989567325482906,4.612034369017725,0.0135065274087491,0.4517545544340051,0.02663935766742898,0.1616,3.0061,0.9233825222078987
109,1,35.89502040000001,128.6087327,3773,PIPE_LM,6.3256508516881,218,150,200,33.07436147691519,1.6726899383983571,1.808213552361396,1.5805098511209978,1.0,1.0,1.0,1.2,1.6,1.057680757176813,12.5,17.857142857142858,8.767919070812999,3.3000000000000003,3.9746031746031742,1.8227697254494197,8.110780763982282,29.499750631236587,5.604390298184618,0.0337980289825523,0.1229269358678944,0.023353774592050153,0.143,7.6894,1.7363200586460514
110,1,35.895300199999994,128.6077841,106502,SPLY_LS,5.469587894907693,212,13,200,35.238639243736074,1.651663244353183,1.7526899383983574,1.6217512151779423,1.0,1.0,1.0,1.0,1.6,1.028478557497899,7.471264367816092,15.873015873015872,8.641106993268746,1.547126436781609,3.9746031746031742,1.8352676673278103,3.3578020808795683,12.765202636710075,4.208226245047024,0.0139921291611292,0.0531932376473027,0.017535889174423152,0.9909,4.5258,0.9888653904894688
111,1,35.8964062,128.6085155,245354,SPLY_LS,7.1965861040919314,227,13,200,23.80887441302658,1.6840793976728268,1.792662559890486,1.6511729990073558,1.0,1.0,1.0,1.0,1.2,1.0013798496609834,7.471264367816092,15.873015873015872,8.11751041243624,1.547126436781609,3.9746031746031742,1.6886243086494723,4.22834008638573,8.837926571575123,4.34088873193273,0.0176197045569736,0.0368280819200821,0.018088700390400243,1.4588,4.3744,1.3478124191745287
112,2,35.89408440000015,128.60874320000136,107342,SPLY_LS,5.30223610376141,185,25,200,27.1852132615087,1.2731827515400411,1.9612594113620807,1.5182460539207303,1.0,1.0,1.0,1.2,1.6,1.0772168920207807,8.928571428571429,15.873015873015872,8.617005763323832,1.692857142857143,3.9746031746031742,1.740697318240771,5.3087294482824126,29.499750631236587,4.915583486485549,0.0221217410474652,0.1229269358678944,0.02048348216735959,2.0006,7.6894,1.4099708004495923
113,2,35.8976136,128.6049804,106799,SPLY_LS,3.3646975238879437,141,13,200,32.65090756703441,1.6967830253251197,1.7726762491444217,1.6380981511660637,1.0,1.0,1.0,1.0,1.4,1.005759152453438,7.471264367816092,20.0,8.438271953848316,1.547126436781609,3.9746031746031742,1.8048284823085698,6.459313414520012,11.565210142368242,4.967414942877187,0.0269162819639756,0.0481928089237555,0.020699466437716342,2.728,4.3426,1.4950770647423994
114,1,35.891206600000004,128.6040328,73352,SPLY_LS,2.9750483236936103,184,20,150,28.503357755359232,1.2855578370978782,1.862532511978097,1.5932559744162877,1.0,1.0,1.0,1.0,1.6,1.0335442499926877,9.523809523809524,20.0,8.666711764361473,1.7523809523809524,3.3000000000000003,1.7723431469943374,2.469581372453203,44.320708637351565,4.577728119810559,0.0102908690580811,0.1846866089272758,0.019075621961656523,0.622,9.828,1.2848169896956994
115,1,35.89510799999999,128.6111366,177234,SPLY_LS,2.0933619232941627,144,13,150,32.70418202224412,1.7439288158795343,1.7526899383983574,1.5813799441516574,1.0,1.0,1.0,1.2,1.6,1.1354479704174039,7.471264367816092,17.857142857142858,8.60066794453486,1.547126436781609,3.3000000000000003,1.8094780473774348,4.78526973539599,21.10882891509861,5.666296694781012,0.0199404582508818,0.0879615455306616,0.02361174164198717,1.2393,8.1373,1.6235140344004872
116,1,35.8955536,128.6113662,3784,SPLY_LS,4.34702743955079,161,13,150,34.80653981536548,1.6573032169746749,1.788062970568104,1.5794673361607963,1.0,1.0,1.0,1.2,1.6,1.1302413638482578,7.471264367816092,17.857142857142858,8.372226470303193,1.547126436781609,3.3000000000000003,1.8108048436428423,4.551024977202187,21.10882891509861,5.0289307529186065,0.0189643486312503,0.0879615455306616,0.020955805893949436,1.241,8.1373,1.2790225613630195
117,1,35.89299630000001,128.6041747,38038,SPLY_LS,8.385984627790894,131,13,200,33.993382049868245,1.6731279945242985,1.7526899383983574,1.6057964104805094,1.0,1.0,1.0,1.0,1.6,1.1424476827992152,7.471264367816092,25.3968253968254,8.450002692877808,1.547126436781609,3.9746031746031742,1.7967699580087206,2.0843619646713663,16.32730907103399,3.7473051157242323,0.0086856405248838,0.0680367132644522,0.015615207782478603,0.22,2.4829,0.5568939213517823
118,1,35.89514249999999,128.6102863,143028,SPLY_LS,3.8459707229352316,208,20,150,27.171359024833937,1.1614784394250512,1.7690075290896647,1.5583460043538426,1.0,1.0,1.0,1.0,1.6,1.0390472468121619,9.523809523809524,17.857142857142858,8.721485255351132,1.7523809523809524,3.3000000000000003,1.7642862031427842,6.067356905072453,21.10882891509861,6.139785546006303,0.0252829795912821,0.0879615455306616,0.025584793359485516,3.4107,8.1373,2.29298160611759
119,1,35.89295679999999,128.5974565,175879,SPLY_LS,8.312554391900603,121,20,300,32.12633271497729,1.765284052019165,1.7840657084188911,1.625594480519122,1.3,1.3,1.245561400025544,1.0,1.4,1.0556218149885495,9.523809523809524,20.833333333333332,8.47085911611169,1.7523809523809524,4.966666666666667,1.788840488287057,4.1954020923170985,19.35919431283192,6.008496362483488,0.0174824502887899,0.0806707306612862,0.025037704767286784,0.5436,6.3829,1.305289015032159
120,1,35.894822299999994,128.6031508,106607,PIPE_LM,6.373821021314283,130,100,300,45.60552621623986,1.7526899383983574,1.8126488706365504,1.572180031723012,1.0,1.3,1.0017136552793053,1.4,1.6,1.1244990441511973,8.333333333333334,20.833333333333332,9.282840906843397,2.466666666666667,4.966666666666667,1.971869459766567,6.678736130809035,18.989567325482906,3.810082580085944,0.0278306273938877,0.0791304765236535,0.015876804615347097,0.0509,2.0161,0.4345525185552055
121,1,35.8950854,128.6088372,143129,PIPE_LM,5.305221352433381,209,40,150,29.070499685425716,1.7526899383983574,1.808213552361396,1.577832208622148,1.0,1.0,1.0,1.0,1.2,1.045218558640118,10.0,17.857142857142858,8.679054862125032,2.05,3.3000000000000003,1.7787572200071824,4.720086854834096,29.499750631236587,5.463405260559617,0.0196688379284364,0.1229269358678944,0.022766282891014896,0.3112,7.6894,1.7613055022060948
122,1,35.8966487,128.6079187,37913,SPLY_LS,4.007111803060215,223,13,200,27.65555509839117,1.7194524298425735,1.792662559890486,1.6565511762224783,1.0,1.0,1.0,1.0,1.2,1.0016345369940614,7.471264367816092,15.873015873015872,8.079241312660782,1.547126436781609,3.9746031746031742,1.7242971433359848,7.60365458680131,9.307766399472284,4.557638564556774,0.0316848088459304,0.0387859279749209,0.01899190778043625,3.3306,4.3744,1.379991275152217
123,1,35.890017699999994,128.6000401,142051,PIPE_LM,20.052551671894488,20,500,500,243.05647841231047,1.5126899383983572,1.7526899383983574,1.528155524892071,1.3,1.3,1.1480117666920648,1.6,1.6,1.4002520167678698,8.849557522123893,23.255813953488374,12.96633691318476,3.012389380530973,5.451162790697675,3.199162831348764,10.841111924119105,18.989567325482906,9.926276120316068,0.4517545544340051,0.4517545544340051,0.14697689259562685,0.0082,1.485,0.24524670022178988
124,1,35.8921902,128.5974082,175904,SPLY_LS,3.126076423090151,139,13,300,24.300009461063947,1.7052156057494867,1.7840657084188911,1.6123529602726914,1.3,1.3,1.2991570502963143,1.0,1.4,1.0537569157391022,7.471264367816092,20.833333333333332,8.013133978813142,1.547126436781609,4.966666666666667,1.6842860533521853,5.507428946859836,19.35919431283192,6.235242025227887,0.0229497317930122,0.0806707306612862,0.025982565281225844,1.433,6.3829,1.479794758787424
125,1,35.89547480000001,128.604678,72458,SPLY_LS,6.325206303218988,179,25,300,36.48313043259311,1.6454757015742645,1.7726762491444217,1.5983327940151268,1.0,1.0,1.0,1.0,1.6,1.0672324701452285,8.928571428571429,20.833333333333332,8.951030287471882,1.692857142857143,4.966666666666667,1.8602373903522673,4.754717685188042,11.895530325604453,3.7287279474006363,0.0198131463300628,0.04956926964331,0.015537795793215767,1.4953,2.1024,0.7010787899266168
126,1,35.8935192,128.5982447,36423,SPLY_LS,5.200077289511617,173,13,300,30.57598370840117,1.6130047912388776,1.912689938398357,1.6224692242858068,1.0,1.3,1.031968246505487,1.0,1.4,1.0409852985752215,7.471264367816092,20.833333333333332,8.757361584654012,1.547126436781609,4.966666666666667,1.7966023547977004,5.769624375492465,19.35919431283192,4.988067707278233,0.0240423132538958,0.0806707306612862,0.02078552753961373,2.5029,5.2697,1.415628982182699
127,1,35.8971881,128.5999924,36474,SPLY_LS,5.123548115608352,188,13,300,34.37495524193106,1.7087748117727584,1.792662559890486,1.6406003493559556,1.0,1.0,1.0,1.0,1.2,1.0244572517804897,7.471264367816092,20.833333333333332,8.96684719049927,1.547126436781609,4.966666666666667,1.8523046662187561,6.8867464891555965,14.045678120391342,4.53928901774309,0.0286974169576358,0.0585290430115767,0.018915444301386298,2.9468,6.0861,1.2062947990353632
128,1,35.892652,128.6068654,3677,PIPE_LM,6.059643953820982,166,25,200,29.016637754118076,1.7326488706365502,1.7526899383983574,1.527411306793131,1.0,1.0,1.0,1.0,1.6,1.0193601185412187,8.928571428571429,17.857142857142858,9.306935560858136,1.692857142857143,3.9746031746031742,1.8010383642966896,2.526479450583996,12.765202636710075,3.321118406534826,0.010527966194556,0.0531932376473027,0.013839266455950898,0.2592,4.6252,0.7883815188007016
129,3,35.892388033336864,128.59803996667594,142102,SPLY_LS,6.495374046229558,128,13,300,21.103818071566334,1.6113620807665985,1.7840657084188911,1.6298614584023063,1.3,1.3,1.2720855104276807,1.0,1.4,1.0269104955191066,7.471264367816092,20.833333333333332,8.160444782641854,1.547126436781609,4.966666666666667,1.6690226114550069,5.634039884497611,19.35919431283192,6.402923711780868,0.0234773259006957,0.0806707306612862,0.026681303253176424,1.6339,6.3829,1.719899793672863
130,1,35.893373999999994,128.5992472,142063,SPLY_LS,3.3922560054413315,86,13,80,21.890979730593198,1.6407118412046544,1.7390554414784394,1.6465157768168748,1.0,1.3,1.0016518380550539,1.0,1.2,1.0053953361882317,7.471264367816092,17.857142857142858,8.308758964386753,1.547126436781609,2.585714285714286,1.6810273622553797,2.3798944356891965,10.710689455521054,4.1455163012110665,0.0099171391082386,0.044631978495629,0.01727457370296153,0.4205,5.2697,1.311070892606691
131,1,35.8963622,128.6108785,37874,SPLY_LS,5.220132788024812,145,13,150,24.599690944079455,1.6784394250513346,1.788062970568104,1.6071863663245465,1.0,1.0,1.0,1.0,1.6,1.0305358972212548,7.471264367816092,14.285714285714286,8.079862351423664,1.547126436781609,3.3000000000000003,1.696549204825198,2.898233838973815,11.330398627606204,4.7029396831393395,0.0120770853186958,0.0472143376011664,0.019597384806625744,0.691,4.8174,1.520625345796507
132,1,35.897053,128.6060654,3867,SPLY_LS,6.313206811813172,155,13,200,31.152513341018672,1.6350718685831622,1.7463928815879537,1.6445796395282226,1.0,1.0,1.0,1.0,1.4,1.0094361695633787,7.471264367816092,25.3968253968254,8.26856863080491,1.547126436781609,3.9746031746031742,1.7692746579167618,3.65816564824765,8.837926571575123,4.365159477253095,0.0152437591645303,0.0368280819200821,0.01818983779968746,1.191,3.8918,1.2136489300890967
133,3,35.89534400000001,128.6100321,106458,SPLY_LS,6.808682973195061,205,13,150,25.972087981816557,1.713812457221081,1.7612867898699522,1.5771755609969833,1.0,1.0,1.0,1.0,1.6,1.0228216273268365,7.471264367816092,17.857142857142858,8.529031507697841,1.547126436781609,3.3000000000000003,1.7374802669069205,12.604472512292295,21.10882891509861,5.935891295013429,0.0525234671823476,0.0879615455306616,0.024735155820885684,6.2024,8.1373,2.2393809702358425
134,1,35.89563549999999,128.6073607,177280,SPLY_LS,8.972170758695556,226,25,200,29.328192960446238,1.345407255304586,1.7526899383983574,1.6293600442304812,1.0,1.0,1.0,1.0,1.6,1.0152617413443348,8.928571428571429,15.873015873015872,8.373603395086386,1.692857142857143,3.9746031746031742,1.7569010584121056,2.320312342621326,12.765202636710075,3.7380525761756758,0.0096688575473201,0.0531932376473027,0.015576651987552793,0.4893,4.3946,0.8710012564682776
135,1,35.8929585,128.6094276,212239,SPLY_LS,6.964328808312295,87,20,150,32.64275875403197,1.3305133470225874,1.9612594113620807,1.57700032978778,1.0,1.0,1.0,1.6,1.6,1.21146944283969,9.523809523809524,14.285714285714286,8.865751813222811,1.7523809523809524,3.3000000000000003,1.8279760693183067,4.272299220282296,20.157018752113743,5.09689829625803,0.0178028844658773,0.0839953049909956,0.021239030045421974,0.6945,3.0009,1.067732288413265
136,1,35.89607289999999,128.6121391,37859,SPLY_LS,4.679720226085752,83,13,200,33.04497017421738,1.6501300479123886,1.8070636550308008,1.6135645652969184,1.0,1.0,1.0,1.0,1.6,1.1314744485426638,7.471264367816092,17.857142857142858,8.138455174713435,1.547126436781609,3.3000000000000003,1.7764132916440476,6.576928504318982,15.476603074900533,5.474824378484433,0.0274063899239224,0.6449177884326426,0.0265221810929178,2.9032,4.0667,1.513451752816539
137,2,35.89471045000003,128.6090872500002,143900,SPLY_LS,3.276531664324271,217,13,150,27.84450565845948,1.6160711841204654,1.808213552361396,1.5425813074918397,1.0,1.0,1.0,1.0,1.6,1.054270352701317,7.471264367816092,17.857142857142858,8.697999560876333,1.547126436781609,3.3000000000000003,1.7657151118388044,6.052880729618639,29.499750631236587,5.418919922353639,0.0252226566443573,0.1229269358678944,0.022580910262443653,2.6679,7.6894,1.7936502476831473
138,2,35.8975146,128.6045759,143361,SPLY_LS,5.714334710071117,158,13,150,27.081680158393226,1.6686926762491443,1.7526899383983574,1.6399956434576628,1.0,1.0,1.0,1.0,1.4,1.0029658401591857,7.471264367816092,20.0,8.233951113035586,1.547126436781609,3.3000000000000003,1.7363633224573227,9.10359990803878,11.565210142368242,4.663069326697519,0.037935155996793,0.0481928089237555,0.01943124303781485,4.3426,4.3426,1.4646430542629763
139,3,35.89487470000001,128.6014267,38087,SPLY_LS,4.48722167446178,199,13,300,39.25828648709804,1.6274058863791925,1.8126488706365504,1.605056995276446,1.0,1.3,1.0010553282878092,1.0,1.6,1.0043831240277687,7.471264367816092,20.833333333333332,9.26166451328684,1.547126436781609,4.966666666666667,1.9009672524524988,4.165313889883525,20.300895475071872,4.960931662791445,0.0173570712448391,0.0845948464893982,0.02067245028543506,1.5065,4.8473,1.4098000473904075
140,2,35.89651849999999,128.6077883,211434,PIPE_LM,5.293962978391968,222,80,200,31.03861630711764,1.7326488706365502,1.792662559890486,1.6557026850007226,1.0,1.0,1.0,1.0,1.2,1.0014332107953023,6.666666666666667,15.873015873015872,8.09240071484165,2.1333333333333337,3.9746031746031742,1.7587127112084635,4.263446430063447,9.307766399472284,4.359742565916358,0.0177659944463958,0.0387859279749209,0.018167265259301686,0.1109,4.3744,1.2013906679171333
141,2,35.8938663,128.6102529,143921,SPLY_LS,7.345021309011886,120,25,150,25.854494509576075,1.5556194387405886,1.7690075290896647,1.530461138721468,1.0,1.0,1.0,1.0,1.6,1.0996003589327918,8.928571428571429,14.285714285714286,8.808094372359978,1.692857142857143,3.3000000000000003,1.752957935549586,6.005558461360987,20.157018752113743,5.48405721623127,0.0250254623864143,0.0839953049909956,0.02285234062289647,2.3338,5.938,1.8079820543127916
142,1,35.8912764,128.5969392,175895,SPLY_LS,5.171431763349302,102,13,500,28.829206609881833,1.6402190280629707,1.7430527036276522,1.6386233732652757,1.3,1.3,1.3000000000000005,1.0,1.4,1.1427089478292747,7.471264367816092,26.31578947368421,8.532055411525224,1.547126436781609,6.063157894736842,1.7425944303675522,5.511539957869922,23.655267591026913,5.8336416340593535,0.0229668625814418,0.0985726828151887,0.02430907637120696,1.5313,3.8307,1.1037538102483386
143,2,35.90145100000001,128.6043367,415364,PIPE_LM,12.162171797433668,30,500,800,458.4013381423561,1.792662559890486,1.952662559890486,1.7137073608156723,1.0,1.0,1.0,1.0,1.6,1.0192226441434016,33.11258278145696,56.07476635514019,28.1717655042014,4.111258278145696,6.407476635514019,4.35598559086057,7.670445998731713,15.988230899364396,8.25002182663916,0.0319631319990149,0.0666237575691964,0.034378253452696655,0.0193,0.3853,0.05034627099489608
144,2,35.8968513,128.6079403,245352,SPLY_LS,6.871099597730657,211,13,200,25.65476143926438,1.720930869267625,1.792662559890486,1.6488384129458833,1.0,1.0,1.0,1.0,1.2,1.001299965898522,7.471264367816092,15.873015873015872,8.072620715051883,1.547126436781609,3.9746031746031742,1.7041997937689612,7.505632699420257,9.307766399472284,4.519178884172466,0.0312763467401191,0.0387859279749209,0.018831644369290818,3.2711,4.3744,1.4055916204250432
145,1,35.894814600000004,128.609921,73264,SPLY_LS,7.282723023454585,205,13,150,29.02784114481284,1.2979329226557152,1.808213552361396,1.5433895650579401,1.0,1.0,1.0,1.0,1.6,1.0353300340990075,7.471264367816092,17.857142857142858,8.736460673285686,1.547126436781609,3.3000000000000003,1.7864702371751564,1.8584306290232937,21.10882891509861,5.389666922755155,0.0077441733526715,0.0879615455306616,0.022459011550466857,0.4022,8.1373,1.828469942059038
146,2,35.895701200000055,128.60878885000037,72370,SPLY_LS,4.20604401435844,227,13,150,23.60094330689254,1.6132785763175908,1.7612867898699522,1.610751378595629,1.0,1.0,1.0,1.0,1.2,1.0102731998631076,7.471264367816092,17.857142857142858,8.423376859668465,1.547126436781609,3.3000000000000003,1.704736454497653,5.517236807837452,12.5323032848234,4.763213425257701,0.022990601640099,0.0522227344030233,0.01984854850372007,2.3491,5.2399,1.6015707336556557
147,1,35.890979,128.6032946,143987,SPLY_LS,6.927565607859949,195,13,150,23.995952117109784,1.6576317590691307,1.9878165639972625,1.6155931699336854,1.0,1.0,1.0,1.0,1.6,1.0526650735354857,7.471264367816092,17.857142857142858,8.357714444854619,1.547126436781609,3.3000000000000003,1.7101174095637193,4.395524493969576,44.320708637351565,5.976481442774539,0.0183163703425959,0.1846866089272758,0.024904296996113604,1.5968,9.828,2.116051057426287
148,2,35.895232699999994,128.6046783,245452,SPLY_LS,7.989790726363709,183,20,300,38.60083647055477,1.18984257357974,1.7726762491444217,1.5920413538437315,1.0,1.0,1.0,1.0,1.6,1.0829951455590705,9.523809523809524,20.833333333333332,9.139500587350291,1.7523809523809524,4.966666666666667,1.8928243503859727,2.5330238203988515,11.895530325604453,3.7033875919287227,0.010555236910793,0.04956926964331,0.015432201264946524,0.7975,2.1024,0.6142392506626092
149,1,35.8943617,128.5993061,243987,SPLY_LS,5.612802702462813,145,13,300,41.23210932618702,1.666502395619439,1.7726762491444217,1.6248976048923944,1.0,1.3,1.0013983678148184,1.0,1.4,1.0366379476807899,7.471264367816092,20.833333333333332,9.141797556836934,1.547126436781609,4.966666666666667,1.9398450152817444,2.1537066624793617,19.35919431283192,3.6209321454731587,0.0089746033478846,0.0806707306612862,0.015088605296793884,0.2656,3.7366,0.5311141338609385
150,1,35.89609519999999,128.6100066,177221,PIPE_LM,5.732686157672805,217,20,150,25.305628825986652,1.6926762491444216,1.792662559890486,1.5996805959489926,1.0,1.0,1.0,1.0,1.2,1.0049516386066015,9.523809523809524,14.285714285714286,8.346371475243663,1.7523809523809524,3.3000000000000003,1.7187993666075265,3.1221584610193465,13.490284710596164,4.624225218858372,0.0130101904149906,0.0562146909032897,0.019269377698243745,0.5574,7.0042,1.5287524764442844
151,2,35.8932193,128.6093998,178155,SPLY_LS,6.326662586678947,112,13,150,29.005626955875357,1.6384120465434635,1.9612594113620807,1.5670435213795273,1.0,1.0,1.0,1.0,1.6,1.1236716663414146,7.471264367816092,14.285714285714286,8.765690804743517,1.547126436781609,3.3000000000000003,1.7812662228875282,2.5433609780937427,20.157018752113743,4.834540272267978,0.0105983123637655,0.0839953049909956,0.02014577104155423,0.5202,5.003,1.2004165254633123
152,1,35.8966337,128.6042461,245230,SPLY_LS,6.555749360882078,182,13,200,28.56953339445174,1.657741273100616,1.7726762491444217,1.6255110679457876,1.0,1.0,1.0,1.0,1.4,1.0092060849083377,7.471264367816092,20.0,8.215143582969814,1.547126436781609,3.9746031746031742,1.741684693528735,2.0230431209284228,11.565210142368242,3.1845929912871482,0.0084301218370647,0.0481928089237555,0.013270358224343047,0.1951,2.8703,0.6074935287797208
153,3,35.89750790000543,128.60667655001404,245417,SPLY_LS,8.702197133247934,149,13,200,36.367147672595294,1.584476386036961,1.7463928815879537,1.6363126059499953,1.0,1.0,1.0,1.0,1.2,1.0068087021223158,7.471264367816092,25.3968253968254,8.418999676752103,1.547126436781609,3.9746031746031742,1.8327440134282436,5.305155107852625,9.307766399472284,5.022497640210687,0.0221068465921772,0.0387859279749209,0.020928998791639876,2.2789,3.8918,1.4995167848798459
154,2,35.890277250001176,128.60406135000073,4800,SPLY_LS,3.6948960843849665,142,13,200,23.2037250681558,1.515811088295688,1.862532511978097,1.5959292282811792,1.0,1.0,1.0,1.0,1.6,1.1012131676761643,7.471264367816092,17.857142857142858,8.566591477347101,1.547126436781609,3.9746031746031742,1.713742499907882,5.161000428812136,44.320708637351565,5.868837579560913,0.0215061468368816,0.1846866089272758,0.02445573963590925,2.3343,9.828,1.9926084559489654
155,1,35.8975568,128.6076141,177240,SPLY_LS,5.666065048449452,148,13,200,27.542008227527603,1.6788227241615332,1.792662559890486,1.6417132230680065,1.0,1.0,1.0,1.0,1.2,1.004591878756055,7.471264367816092,15.873015873015872,7.8284423557296945,1.547126436781609,3.9746031746031742,1.7071540294830143,2.3292309787160264,9.307766399472284,4.167577607142203,0.0097060219498586,0.0387859279749209,0.017366504267841854,0.3587,3.8646,1.1607048720149158
156,1,35.8955517,128.6118181,142917,PIPE_LM,5.44242013472827,124,80,150,34.56820715196763,1.6326625598904858,1.8070636550308008,1.5849216736560743,1.0,1.0,1.0,1.2,1.6,1.145353811405945,6.666666666666667,17.857142857142858,8.44386654433572,2.1333333333333337,3.3000000000000003,1.8155000835188682,4.931992456068436,13.591150932501026,4.9049369212303855,0.0205518591640599,0.0566350054932784,0.020439117397613022,0.1365,4.0667,1.169823732856862
157,1,35.8956685,128.6028173,106659,PIPE_LM,6.582525372131361,208,200,300,47.06523990926651,1.6326625598904858,2.350855578370979,1.5758643318083008,1.0,1.0,1.0,1.0,1.4,1.0280469610631948,15.873015873015872,26.666666666666668,9.22570637458342,3.9746031746031742,4.966666666666667,1.9862841383313214,7.641265242700235,64.6458046407898,4.38242744914644,0.031841534329594,0.2693823002284031,0.018261794301965607,0.0839,31.5158,0.8657718448878411
158,1,35.8941155,128.607839,212263,SPLY_LS,3.464944637859817,154,13,200,34.221880516384246,1.4330184804928132,1.803668720054757,1.5507156398906163,1.0,1.0,1.0,1.0,1.6,1.045233708613182,7.471264367816092,15.873015873015872,8.821800274152379,1.547126436781609,3.9746031746031742,1.833342097893272,1.542766289932462,29.499750631236587,3.9136574193401144,0.006428784268463,0.1229269358678944,0.016308406149261184,0.0543,7.6894,0.7985593107123383
159,1,35.8963045,128.6079341,106483,SPLY_LS,7.403923884353063,224,13,200,25.713711365998094,1.676741957563313,1.7526899383983574,1.6384510460409831,1.0,1.0,1.0,1.0,1.2,1.001988428471277,7.471264367816092,15.873015873015872,8.1512290500853,1.547126436781609,3.9746031746031742,1.708161577636331,3.503470422292657,9.307766399472284,4.239383677478661,0.0145991364232146,0.0387859279749209,0.017665723753237404,1.0462,4.3744,1.283955310371705
160,1,35.89495170000001,128.5991657,142070,PIPE_LM,4.653406799798716,180,40,300,31.503196087509554,1.7726762491444217,1.7726762491444217,1.6301860778912463,1.0,1.3,1.0010294794709322,1.0,1.4,1.047708851637125,10.0,20.833333333333332,8.707771069722067,2.05,4.966666666666667,1.8124500649920379,4.020978769013839,19.35919431283192,3.528697952854316,0.0167556195794191,0.0806707306612862,0.014704260804441528,0.1044,4.7871,0.6206488456552918
161,2,35.896908850000095,128.6001765499992,71441,SPLY_LS,5.960038926247081,203,13,300,45.028572150777805,1.6419164955509924,1.792662559890486,1.6338784680569893,1.0,1.0,1.0,1.0,1.2,1.036223727781505,7.471264367816092,20.833333333333332,9.290264956134306,1.547126436781609,4.966666666666667,1.9717688946587706,5.05719550467917,14.045678120391342,4.740978491055368,0.0210735865277733,0.0585290430115767,0.019755894421152203,2.0163,6.0861,1.0918782664068758
162,1,35.894167800000005,128.6048861,3933,SPLY_LS,5.997074593048818,175,13,200,28.3125979604859,1.622861054072553,1.7526899383983574,1.610622953901638,1.0,1.0,1.0,1.0,1.6,1.0423524155548782,7.471264367816092,20.0,8.354409930023195,1.547126436781609,3.9746031746031742,1.7390620753337962,3.979182113932101,11.895530325604453,3.4382329266350804,0.0165814508278607,0.04956926964331,0.014327288516934662,1.4012,3.0008,0.6738263230616124
163,2,35.897077,128.6077305,3696,PIPE_LM,5.561316722068894,184,100,200,31.219188017165045,1.6526488706365503,1.792662559890486,1.6538314686180056,1.0,1.0,1.0,1.0,1.2,1.0014089103226003,8.333333333333334,15.873015873015872,8.058706055467102,2.466666666666667,3.9746031746031742,1.7599105009389033,6.671798028172485,9.307766399472284,4.507075676050831,0.0278017159732961,0.0387859279749209,0.018781209695887553,0.5587,4.3744,1.2515258119779809
164,3,35.898274000000335,128.60522519999964,245658,SPLY_LS,6.536018159380559,112,13,150,23.995059798466663,1.6316769336071184,1.7726762491444217,1.6363093345630366,1.0,1.0,1.0,1.0,1.2,1.0008671119738013,7.471264367816092,17.857142857142858,7.92813516110635,1.547126436781609,3.3000000000000003,1.6873615667452235,5.4986816568415255,8.369905696957307,4.575929239971477,0.0229132813981414,0.0348778155345059,0.019068125939423114,2.3002,3.9625,1.5001258460251021
165,2,35.8930297,128.5985357,210453,SPLY_LS,6.447542988925823,141,13,300,24.821142072421292,1.7202190280629708,1.7840657084188911,1.6431728257246114,1.0,1.3,1.0781124773099648,1.0,1.4,1.0324403282107268,7.471264367816092,20.833333333333332,8.30901119591436,1.547126436781609,4.966666666666667,1.7130579913415354,2.2645827101455827,19.35919431283192,4.794269779472686,0.0094366293823121,0.0806707306612862,0.01997796188455161,0.2892,6.3829,1.3016797228862194
166,3,35.892090550000134,128.6057968000005,42449,PIPE_LM,6.481337113135468,173,80,200,36.459335003105714,1.472662559890486,1.7526899383983574,1.5353353827538225,1.0,1.0,1.0,1.0,1.6,1.0530805116804272,6.666666666666667,25.3968253968254,9.075147743313888,2.1333333333333337,3.9746031746031742,1.8629902251447976,3.837368846362719,16.32730907103399,4.447378073884867,0.0159905078512357,0.0680367132644522,0.018532446802781873,0.1764,4.6252,1.2256562374754574
167,1,35.893028300000005,128.605446,107397,SPLY_LS,4.766409638382919,189,13,200,29.412392344480118,1.7345653661875429,1.7526899383983574,1.5624065718853712,1.0,1.0,1.0,1.0,1.6,1.0767808889267736,7.471264367816092,25.3968253968254,8.794095722332651,1.547126436781609,3.9746031746031742,1.775135046214203,4.725108686066812,16.32730907103399,4.002111141406816,0.0196897641502747,0.0680367132644522,0.01667699723179923,1.6677,4.6252,0.9769767245170129
168,4,35.892094200000614,128.59696840000493,470703,SPLY_LS,8.433142788495864,138,13,300,23.785927069807148,1.0803832991101985,1.7526899383983574,1.6015677807260196,1.3,1.3,1.2999999999999998,1.0,1.4,1.0629295123470486,7.471264367816092,20.833333333333332,8.361319027208383,1.547126436781609,4.966666666666667,1.7007644429607578,4.667843870936748,19.35919431283192,6.378587521381959,0.0194511388023869,0.0806707306612862,0.026579893130974655,2.2547,6.3829,1.5601648218734816
169,1,35.8964225,128.6083507,37916,SPLY_LS,6.041844932900778,223,13,200,23.130550160784967,1.7177549623545518,1.792662559890486,1.653647929281927,1.0,1.0,1.0,1.0,1.2,1.0010909856080918,7.471264367816092,15.873015873015872,8.10869362204966,1.547126436781609,3.9746031746031742,1.6793929641310879,4.645813050637993,8.837926571575123,4.3799752232647,0.019359335272661,0.0368280819200821,0.01825157575410512,1.6486,4.3744,1.3840597143051707
170,1,35.89433110000001,128.6089668,73259,SPLY_LS,6.424208358497361,200,13,150,27.26665743130006,1.748309377138946,1.9612594113620807,1.5317256022607688,1.0,1.0,1.0,1.2,1.6,1.0792511622731935,7.471264367816092,17.857142857142858,8.524763196946076,1.547126436781609,3.3000000000000003,1.7418352399604546,3.3801473111023035,29.499750631236587,5.319963162512566,0.0140852428527288,0.1229269358678944,0.022168552496347953,0.5778,7.6894,1.4992433082967906
171,1,35.8958428,128.6037225,38009,SPLY_LS,7.151126052600448,198,13,300,29.485756437270815,1.688788501026694,2.350855578370979,1.5979930403833649,1.0,1.0,1.0,1.0,1.4,1.022105029264233,7.471264367816092,26.666666666666668,8.526676635784025,1.547126436781609,4.966666666666667,1.7661755447218108,4.417613073596565,22.833904885619297,3.4129875191546293,0.0184084145583305,0.0951500233536198,0.014222089641693254,1.5617,8.5128,0.7173973406634577
172,1,35.896324799999995,128.6004439,244082,SPLY_LS,6.961747723085332,217,13,300,34.20462324576451,1.656700889801506,1.792662559890486,1.637702275241302,1.0,1.0,1.0,1.0,1.2,1.0110597476827374,7.471264367816092,20.833333333333332,8.937232739588188,1.547126436781609,4.966666666666667,1.840156331274202,4.243338978888186,12.29989176013464,4.111306494196603,0.017682205691976,0.051254263959069,0.017132019726641877,1.5083,4.0782,1.0570874808003141
173,3,35.8938019,128.6078556,212265,SPLY_LS,4.681297397394761,152,13,200,32.297183650186184,1.675482546201232,1.9612594113620807,1.5669578143859608,1.0,1.0,1.0,1.0,1.6,1.0349418567370914,7.471264367816092,15.873015873015872,8.701963945684016,1.547126436781609,3.9746031746031742,1.8026465325865373,4.563306436717778,12.765202636710075,3.7255143816095466,0.0190155260871248,0.0531932376473027,0.015524404703886024,1.6672,5.003,0.7926612136752763
174,3,35.895400200000005,128.6107026,72341,SPLY_LS,6.158978070093093,189,13,150,27.683252114932156,1.7152908966461329,1.7526899383983574,1.549614712762766,1.0,1.0,1.0,1.0,1.6,1.0523853930780322,7.471264367816092,17.857142857142858,8.641329068385598,1.547126436781609,3.3000000000000003,1.7607432472312485,6.8299844227659285,21.10882891509861,5.542138187620949,0.0284608865888867,0.0879615455306616,0.02309436693472587,2.8994,8.1373,1.9356496737462698
175,1,35.897434499999996,128.5983333,175868,PIPE_LM,13.327375247890698,79,25,150,37.837694041848806,1.7326488706365502,1.7360438056125942,1.5874130532711568,1.0,1.0,1.0,1.0,1.2,1.003023167239146,8.928571428571429,17.857142857142858,9.205740696934058,1.692857142857143,3.3000000000000003,1.8955179353789031,2.359344969775827,14.045678120391342,3.909753077788847,0.0098315084563043,0.0585290430115767,0.01629213656279997,0.1759,2.43,0.8261013013385211
176,1,35.8917529,128.6062886,107379,SPLY_LS,5.473569756579247,155,13,200,26.348960573997044,1.5838740588637918,1.8883230663928816,1.5670884276141275,1.0,1.0,1.0,1.0,1.6,1.0503044939887103,7.471264367816092,17.857142857142858,8.74529040246132,1.547126436781609,3.9746031746031742,1.7448396863124944,5.391769330110192,11.895530325604453,4.254348700067005,0.0224677723870356,0.04956926964331,0.017728083750614167,2.3337,4.6252,1.2930916944778024
177,2,35.89648125000007,128.59851280000052,243990,PIPE_LM,5.108940752012221,106,20,300,28.50734267081342,1.6526488706365503,2.0606981519507186,1.608241399697819,1.0,1.0,1.0,1.0,1.2,1.0262332413020003,9.523809523809524,20.833333333333332,8.858662972269617,1.7523809523809524,4.966666666666667,1.7863992365699257,2.701490749662051,12.15745498850814,4.64232519267066,0.0112572470283792,0.0506607228098628,0.01934480119411824,0.3802,3.9358,1.3803282159592933
178,1,35.89275630000001,128.6086165,178129,SPLY_LS,6.850973923584969,116,13,200,32.504754472490696,1.6285557837097877,1.7673648186173854,1.599478189918453,1.0,1.0,1.0,1.0,1.6,1.1017160236701615,7.471264367816092,17.857142857142858,8.690147995527225,1.547126436781609,3.9746031746031742,1.8167573256766882,3.3262907285565912,12.838491104672691,4.384818835388864,0.0138608197804317,0.0534986343577263,0.01827175932800713,1.0002,2.5722,0.9210550941132049
179,2,35.8926445,128.6060532,99395,PIPE_LM,7.353161010971109,180,100,200,35.961817111057464,1.6126762491444215,1.7526899383983574,1.4941442183812834,1.0,1.0,1.0,1.0,1.6,1.0446375631956848,16.3265306122449,25.3968253968254,9.688251330511145,2.840816326530613,3.9746031746031742,1.8899251686770566,3.2585533553769435,16.32730907103399,4.326944905707269,0.0135785547595234,0.0680367132644522,0.01803059576932741,0.129,4.6252,1.2509948312107217
180,1,35.8948437,128.6038297,106607,PIPE_LM,3.6087770252907525,141,100,300,44.79620780585538,1.7526899383983574,1.8126488706365504,1.61616959201494,1.0,1.0,1.0,1.4,1.6,1.1389034265257043,8.333333333333334,20.833333333333332,8.940534861727665,2.466666666666667,4.966666666666667,1.9448828979410118,6.678736130809035,12.903932005017538,3.7495863439151793,0.0278306273938877,0.0537713298615083,0.01562471377441169,0.0509,1.7929,0.38722847121270604
181,1,35.8967631,128.6092371,143046,SPLY_LS,6.6970171243882906,193,13,150,26.650008289309685,1.7051060917180014,1.792662559890486,1.6330419421612123,1.0,1.0,1.0,1.0,1.6,1.0069255086151168,7.471264367816092,14.285714285714286,8.05121953625305,1.547126436781609,3.3000000000000003,1.7133518220073445,3.6785222000767286,11.330398627606204,4.205463344913637,0.0153285859338297,0.0472143376011664,0.017524376031422324,1.1127,4.8174,1.2136408940307202
182,3,35.8925102,128.6007659,142084,SPLY_LS,37.75561741284746,7,25,100,59.2471616305764,1.4808761122518823,1.6761943874058862,1.537212140649892,1.0,1.0,1.0,1.0,1.0,1.0,8.928571428571429,16.3265306122449,12.08432145703669,1.692857142857143,2.840816326530613,2.2318111716126805,1.7148621823572894,3.0607437328958667,2.383041920695271,0.0071459164569919,0.0127542721721637,0.00993025483563318,0.0,0.0347,0.005552935225855203
183,1,35.896174699999996,128.6118559,3781,SPLY_LS,7.481404209053074,99,13,200,32.5199845377311,1.584476386036961,1.8070636550308008,1.614281397674518,1.0,1.0,1.0,1.0,1.6,1.1054536743221575,7.471264367816092,17.857142857142858,8.133903000271749,1.547126436781609,3.3000000000000003,1.7717542937720738,4.0591579903567245,15.476603074900533,4.824271320232143,0.0169147143037159,0.6449177884326426,0.022770405255791916,1.5088,4.0667,1.2134087548074264
184,1,35.892927900000004,128.60612330000004,420740,SPLY_LS,8.136413409239825,186,20,200,30.182188072771364,1.3092676249144422,1.7526899383983574,1.492980730391443,1.0,1.0,1.0,1.0,1.6,1.0200805840138647,9.523809523809524,20.0,9.169790745518789,1.7523809523809524,3.9746031746031742,1.8095049565690187,2.565368872911648,11.895530325604453,3.7926057798779857,0.0106900203618664,0.04956926964331,0.015803977915040537,0.6544,4.6252,1.055811610088987
185,1,35.8903724,128.6026803,212350,SPLY_LS,3.6700252173478445,182,13,150,22.92603192307387,1.5474606433949352,1.862532511978097,1.6229049753846971,1.0,1.0,1.0,1.0,1.6,1.0417799594970627,7.471264367816092,17.857142857142858,8.169844770382095,1.547126436781609,3.3000000000000003,1.6881988371280412,4.741615498529746,44.320708637351565,5.376039793116684,0.0197585488631483,0.1846866089272758,0.022402226619906825,2.0007,9.828,1.857334068329366
186,1,35.898400900000006,128.6055977,245237,PIPE_LM,6.030354610432676,84,25,200,26.26177304424293,1.0934154688569473,1.7726762491444217,1.6140117696806449,1.0,1.0,1.0,1.0,1.2,1.0017198752859846,8.928571428571429,25.3968253968254,8.100113226481277,1.692857142857143,3.9746031746031742,1.7141084881764281,1.5149852760033438,8.153821201341549,4.227141038411625,0.0063130193943697,0.0339773806370502,0.017614708064113117,0.1965,3.8681,1.2710810229886564
187,1,35.8968395,128.6064995,106537,SPLY_LS,6.28650150549953,196,13,200,26.794594488770475,1.702422997946612,1.7463928815879537,1.6495390572249793,1.0,1.0,1.0,1.0,1.2,1.003100062095923,7.471264367816092,20.0,7.945980729021339,1.547126436781609,3.9746031746031742,1.708972603296096,4.213378583863661,9.307766399472284,4.30743473203853,0.017557359227889,0.0387859279749209,0.017949295900141098,1.4237,3.8918,1.2566966890071234
188,2,35.8956008,128.6100887,106345,PIPE_LM,6.651777254025154,205,32,150,25.8322017256987,1.117015742642026,1.7612867898699522,1.568207683509985,1.0,1.0,1.0,1.0,1.2,1.0186593273161353,11.428571428571429,17.857142857142858,8.563209150501688,1.942857142857143,3.3000000000000003,1.7371135038916328,2.7546835539066277,21.10882891509861,5.300088809161262,0.0114789041033066,0.0879615455306616,0.02208573507221538,0.8313,8.1373,1.9016619282460172
189,1,35.8982769,128.605643,245237,PIPE_LM,5.83894634663952,93,25,200,30.37992132948707,1.0934154688569473,1.7726762491444217,1.6135316386929464,1.0,1.0,1.0,1.0,1.2,1.0042097235562228,8.928571428571429,25.3968253968254,8.213232249863662,1.692857142857143,3.9746031746031742,1.7609419024422182,1.5149852760033438,8.383745907856277,4.315434303064633,0.0063130193943697,0.0349354883853325,0.01798263051258542,0.1965,3.8681,1.2361623499717782
190,2,35.894937150003166,128.5981774499916,105105,PIPE_LM,5.642458148130511,134,40,300,26.195579364273886,1.7326488706365502,1.912689938398357,1.6404541684763907,1.0,1.3,1.0013687946113448,1.0,1.4,1.0423695665666692,10.0,20.833333333333332,8.169764912661764,2.05,4.966666666666667,1.720288242122067,4.455798382383912,19.35919431283192,4.603743072706931,0.0185675346493128,0.0806707306612862,0.01918402757112337,0.2521,4.7871,1.3025457660587378
191,1,35.89663710000001,128.5993274,2883,SPLY_LS,7.938465015836501,198,40,300,39.99237275960397,1.7326488706365502,2.0606981519507186,1.5990507014612896,1.0,1.0,1.0,1.0,1.2,1.0307119153311264,9.846153846153848,20.833333333333332,9.075534527274945,2.0307692307692307,4.966666666666667,1.917690421945185,5.49393245927012,14.045678120391342,4.882631205367295,0.0228934912544015,0.0585290430115767,0.02034616836432575,1.5974,6.0861,1.254639475189119
192,1,35.8950317,128.6061481,37963,SPLY_LS,5.38171606447266,167,13,200,27.934722391721827,1.6498562628336757,1.755208761122519,1.632736062731748,1.0,1.0,1.0,1.2,1.6,1.0701924788307675,7.471264367816092,20.0,8.13831732783628,1.547126436781609,3.9746031746031742,1.7265490240724737,3.595752464583602,11.895530325604453,3.8538496919979908,0.0149836803075431,0.04956926964331,0.016059184359040184,0.7786,4.3946,0.8721912538000604
193,3,35.8952274,128.598819,210524,SPLY_LS,1.8221626119516536,161,13,300,39.310248419625694,1.7365913757700209,2.0606981519507186,1.6200570272315014,1.0,1.3,1.0008246298305543,1.2,1.4,1.096131203071752,7.471264367816092,20.833333333333332,8.77431657409541,1.547126436781609,4.966666666666667,1.8895640152173214,5.202857035714493,19.35919431283192,4.406788608276927,0.021680565410674,0.0806707306612862,0.018363308470120306,1.445,4.7871,0.8850472378725831
194,2,35.89577795000001,128.61020805,143022,SPLY_LS,5.442579757228071,213,13,150,24.50142387988,1.708062970568104,1.7526899383983574,1.5676769227828597,1.0,1.0,1.0,1.0,1.2,1.0157288902777195,7.471264367816092,17.857142857142858,8.568416164434474,1.547126436781609,3.3000000000000003,1.724382402739129,6.901842527391452,21.10882891509861,5.112924987272532,0.0287603229037665,0.0879615455306616,0.021305814068213948,2.9571,8.1373,1.8342499429866566
195,3,35.8940868,128.6042889,106591,SPLY_LS,6.070892210299506,129,13,300,25.481299962302128,1.671649555099247,1.7526899383983574,1.6464737124961064,1.0,1.0,1.0,1.0,1.6,1.0415654143381101,7.471264367816092,20.833333333333332,8.073810010938637,1.547126436781609,4.966666666666667,1.7005960986398343,2.25748597500695,11.895530325604453,3.220798558743789,0.0094070569321527,0.04956926964331,0.013421228634213255,0.3225,2.4829,0.5941270750614899
196,1,35.8913008,128.6057162,211229,SPLY_LS,7.528061506233701,135,20,200,34.344845727285005,1.290431211498973,1.8883230663928816,1.5696922632295738,1.0,1.0,1.0,1.0,1.6,1.110671604090536,9.523809523809524,25.3968253968254,9.346403863333116,1.7523809523809524,3.9746031746031742,1.8571197806560014,2.3421581272840255,12.69137420831549,3.7657740173324603,0.0097598900242989,0.052885590894761,0.015692168618925192,0.5325,4.0536,0.7493605096545561
197,1,35.89387550000001,128.6048677,177356,SPLY_LS,5.752353895985947,176,25,200,26.461370107549822,1.1613141683778234,1.7526899383983574,1.5887972851983205,1.0,1.0,1.0,1.0,1.6,1.0359037864690563,8.928571428571429,20.0,8.246149405302864,1.692857142857143,3.9746031746031742,1.7135168996402257,2.749997473805887,11.895530325604453,3.3574022788762456,0.0114593769732228,0.04956926964331,0.013990463166191226,1.0449,2.4829,0.6888941059673611
198,1,35.8930714,128.6079041,212258,SPLY_LS,7.019942288720845,161,20,200,32.32468187867934,1.295523613963039,1.7726762491444217,1.5609184119553916,1.0,1.0,1.0,1.0,1.6,1.035047075048265,9.523809523809524,17.857142857142858,8.861661785960525,1.7523809523809524,3.9746031746031742,1.817776639444281,3.0690193519022246,12.765202636710075,3.4579887709259887,0.0127887570903441,0.0531932376473027,0.014409612107887092,1.0002,2.5722,0.6253885131074736
199,1,35.89230930000001,128.6083009,4699,SPLY_LS,5.279057800471455,108,20,200,37.246078245799616,1.723230663928816,1.7673648186173854,1.6019660590452205,1.0,1.0,1.0,1.0,1.6,1.1718866093144904,9.523809523809524,17.857142857142858,8.942829769013457,1.7523809523809524,3.9746031746031742,1.8775649443211255,5.444132827333065,12.765202636710075,4.620677211047619,0.0226859736981382,0.0531932376473027,0.01925459297229593,1.6675,2.5722,0.886253642511845
200,1,35.892140600000005,128.6034955,38913,SPLY_LS,4.809404724134049,123,25,300,39.56136169426994,1.6628884325804243,1.9878165639972625,1.6213543397215258,1.0,1.3,1.0014823318941066,1.0,1.6,1.1350263704388013,8.928571428571429,25.3968253968254,9.018433220383274,1.692857142857143,4.966666666666667,1.8784654273398318,3.762495078485829,18.989567325482906,4.615486099860107,0.0156785051168043,0.0791304765236535,0.019232961352422005,0.9539,3.0009,0.91871527413298
201,2,35.8943092000003,128.61057510000208,73268,SPLY_LS,8.796348944267846,133,32,150,28.009103564700958,1.0761122518822723,1.7690075290896647,1.5097141767739384,1.0,1.0,1.0,1.0,1.6,1.0862034625201302,11.428571428571429,17.857142857142858,8.997990433033294,1.942857142857143,3.3000000000000003,1.7884885285059033,5.241106552514001,21.10882891509861,6.015349356901892,0.0218399530596534,0.0879615455306616,0.02506626153767797,2.6167,8.1373,2.1384454268392985
202,1,35.894985999999996,128.6116735,106343,SPLY_LS,9.24722163598873,100,13,150,41.85335617690449,1.714031485284052,1.7526899383983574,1.542966347286831,1.0,1.0,1.0,1.6,1.6,1.23538215970717,7.471264367816092,17.857142857142858,8.81876646880692,1.547126436781609,3.3000000000000003,1.9183409763520856,5.33815753591357,21.10882891509861,5.874272971045766,0.0222443693600286,0.0879615455306616,0.024478389183996214,0.9062,8.1373,1.2585087179221541
203,2,35.895902700000285,128.6082557000034,37933,SPLY_LS,5.866985394145052,229,13,200,24.814249067041576,1.6823819301848049,1.7526899383983574,1.6262850530658184,1.0,1.0,1.0,1.0,1.2,1.0034083826295859,7.471264367816092,17.857142857142858,8.319179608101336,1.547126436781609,3.9746031746031742,1.7092878548048593,4.748566115280091,10.699904903618648,4.367791500646079,0.0197875124306779,0.044587038728624,0.018200805572767185,1.7641,5.2399,1.3635925957752175
204,1,35.89700590000001,128.6089159,106551,PIPE_LM,5.236785196211685,165,80,150,26.070286306091475,1.792662559890486,1.792662559890486,1.6399769327776732,1.0,1.0,1.0,1.0,1.6,1.008917390075751,6.666666666666667,14.285714285714286,7.949188431351865,2.1333333333333337,3.3000000000000003,1.7020164605868802,4.8272550863218235,11.330398627606204,4.363753785534875,0.0201154133074573,0.0472143376011664,0.018183980212013045,0.2157,4.4765,1.3121220348746223
205,1,35.8947789,128.6033482,106603,SPLY_LS,6.5454125223678306,132,20,300,40.83657449715154,1.2578507871321012,1.8126488706365504,1.570791093803003,1.0,1.3,1.0015933594622703,1.0,1.6,1.1120114554032086,9.523809523809524,20.833333333333332,9.184687616229878,1.7523809523809524,4.966666666666667,1.9216178695563664,2.392370808313286,18.989567325482906,3.5687361579174643,0.0099691287767818,0.0791304765236535,0.01487110200684992,0.6059,2.0161,0.42955158442485514
206,2,35.8924255,128.6048535,4828,SPLY_LS,3.411209979538882,162,25,200,40.47358671857324,1.681615331964408,1.7526899383983574,1.5688456597356342,1.0,1.0,1.0,1.6,1.6,1.2450006509167073,8.928571428571429,25.3968253968254,9.117064439425775,1.692857142857143,3.9746031746031742,1.8899669141872035,4.869544371840548,16.32730907103399,4.3592130069854464,0.0202916348746781,0.0680367132644522,0.01816505856075868,0.5629,4.6252,0.6674339719935005
207,1,35.8950531,128.6048475,3958,PIPE_LM,8.46698508059092,177,100,300,46.72739922077366,1.6126762491444215,1.760958247775496,1.5862131237704236,1.0,1.0,1.0,1.4,1.6,1.1059292166414516,16.3265306122449,20.833333333333332,9.480750883738864,2.840816326530613,4.966666666666667,1.9887622590934302,4.340139081146613,11.895530325604453,3.840737301950956,0.0180855765580919,0.04956926964331,0.016004544374094674,0.0741,2.334,0.5138452444607132
208,1,35.894484000000006,128.6087472,212274,SPLY_LS,7.618994041692816,197,25,200,27.666955908334632,1.2740588637919237,1.9612594113620807,1.5306640900652735,1.0,1.0,1.0,1.2,1.6,1.0764837458530991,8.928571428571429,17.857142857142858,8.640625064425922,1.692857142857143,3.9746031746031742,1.7531238185110536,5.312205487780896,29.499750631236587,5.284434395861246,0.0221362258778573,0.1229269358678944,0.022020502349273562,2.0005,7.6894,1.5680544922648747
209,1,35.8917042,128.5975066,142098,SPLY_LS,5.66262135030122,135,13,500,24.72252460152952,1.69201916495551,1.7840657084188911,1.6387504936723196,1.3,1.3,1.3,1.0,1.4,1.0747152791052428,7.471264367816092,26.31578947368421,8.516575792579019,1.547126436781609,6.063157894736842,1.713310552741349,5.614623815084877,23.655267591026913,6.1928212787058845,0.0233964181686494,0.0985726828151887,0.025805795909431335,1.4997,6.3829,1.4216960199515045
210,1,35.895588999999994,128.6002707,243996,PIPE_LM,4.976649122442926,215,40,300,25.6674440890318,1.7726762491444217,1.792662559890486,1.6536682810299574,1.0,1.0,1.0,1.0,1.2,1.004595405398303,10.0,20.833333333333332,8.538747546606075,2.05,4.966666666666667,1.7361533707930608,4.289311017543646,12.15745498850814,4.18767716150775,0.0178737734756552,0.0506607228098628,0.017450260115860834,0.1781,4.6276,1.2313814764207982
211,2,35.8939193,128.5991765,210459,PIPE_LM,8.749716812852023,134,80,300,37.289014387681135,1.5926899383983573,1.7371389459274469,1.6091931943300186,1.0,1.3,1.0016422764264825,1.0,1.4,1.0313963516066496,14.22222222222222,20.833333333333332,9.14266464528496,2.5777777777777775,4.966666666666667,1.8861244240772754,3.125728632451506,19.35919431283192,4.497998680999556,0.013025067497857,0.0806707306612862,0.018743385403659156,0.2221,5.2697,1.1438258071356988
212,1,35.8901454,128.6032536,48168,PIPE_LM,5.797336802966337,185,100,200,24.425891703427393,1.6926762491444216,1.862532511978097,1.6056970815884033,1.0,1.0,1.0,1.4,1.6,1.09499578700368,8.333333333333334,17.857142857142858,8.394872598153492,2.466666666666667,3.9746031746031742,1.7140115245973655,7.734045304449008,44.320708637351565,5.929566632997667,0.0322281534859042,0.1846866089272758,0.02470880063803287,0.2601,9.828,2.035871688473293
213,1,35.8912155,128.6042629,246398,SPLY_LS,8.52475035599395,179,40,200,30.85103905425859,1.3081724845995892,1.862532511978097,1.581766379046246,1.0,1.0,1.0,1.0,1.6,1.048171199752042,14.285714285714286,25.3968253968254,9.040894580980007,2.2285714285714286,3.9746031746031742,1.814229713216585,4.771519794195564,44.320708637351565,4.316228126383639,0.0198831615584026,0.1846866089272758,0.017985938414046894,1.3337,9.828,1.0814424386149828
214,2,35.897150700000005,128.6089729,245342,SPLY_LS,5.813972007280722,153,13,150,24.757411512572162,1.6807392197125255,1.792662559890486,1.6321258474165903,1.0,1.0,1.0,1.0,1.6,1.0119381738507287,7.471264367816092,14.285714285714286,7.988982373889401,1.547126436781609,3.3000000000000003,1.6909653298506961,5.787590585372166,11.330398627606204,4.381195530142614,0.024117179348775,0.0472143376011664,0.01825666083388073,2.3722,4.8174,1.3518675902684172
215,1,35.892991699999996,128.6067571,215096,PIPE_LM,5.705756259989098,168,80,200,30.506759067017885,1.7526899383983574,1.7726762491444217,1.5119271327957635,1.0,1.0,1.0,1.0,1.6,1.0095589396971612,6.666666666666667,17.857142857142858,9.140710046068728,2.1333333333333337,3.9746031746031742,1.8104448280745329,4.080991870263973,12.765202636710075,3.093845350306549,0.0170056971729834,0.0531932376473027,0.01289220826699487,0.0512,3.6677,0.6206188141564547
216,3,35.8944692,128.5984373,299653,PIPE_LM,4.561905515807124,187,150,300,47.42325544238851,1.6126762491444215,1.912689938398357,1.600674467335985,1.0,1.3,1.0067680839714162,1.2,1.4,1.0890728401072032,12.5,20.833333333333332,8.918464899341545,3.3000000000000003,4.966666666666667,1.9741382205170133,8.274734158515178,19.35919431283192,5.311991560372509,0.0344812309752406,0.0806707306612862,0.022135334431650187,0.2095,5.2523,1.1144298977623368
217,1,35.89653359999999,128.5996083,406711,SPLY_LS,14.985476595352416,202,50,300,40.88729148925924,1.6869815195071869,2.0606981519507186,1.6046429601778527,1.0,1.0,1.0,1.2,1.2,1.0333251807704242,12.5,20.833333333333332,9.23549032720547,2.3625,4.966666666666667,1.9326586194638105,9.554782419668465,14.045678120391342,4.846389925219839,0.0398152560818794,0.0585290430115767,0.02019514913788731,0.971,6.0861,1.204765449816669
218,1,35.89514760000001,128.6104596,143029,SPLY_LS,7.614506175559537,197,13,150,27.464816593199664,1.7152908966461329,1.7526899383983574,1.5605460204507549,1.0,1.0,1.0,1.0,1.6,1.0433613134295596,7.471264367816092,17.857142857142858,8.748873089551802,1.547126436781609,3.3000000000000003,1.7689059803912417,8.813962305431714,21.10882891509861,6.213426592023488,0.0367282216248492,0.0879615455306616,0.02589165928029144,4.0321,8.1373,2.293379295826509
219,1,35.8944829,128.6086036,212275,SPLY_LS,6.372310037509759,191,25,200,28.05847204357118,1.2842984257357974,1.9612594113620807,1.516838544416154,1.0,1.0,1.0,1.0,1.6,1.0605719609912811,8.928571428571429,17.857142857142858,8.81920199803773,1.692857142857143,3.9746031746031742,1.7679740096859418,3.2546414537805153,29.499750631236587,5.029770060503112,0.013562253669976,0.1229269358678944,0.020959303330619423,1.1884,7.6894,1.502789362613923
220,3,35.895032333339884,128.59794819999308,176442,SPLY_LS,0.9082819536241458,99,13,300,22.002051834495663,1.7161670088980152,1.912689938398357,1.6543556772021215,1.0,1.3,1.0011704564007295,1.0,1.4,1.0288275601638934,7.471264367816092,20.833333333333332,8.039417987232062,1.547126436781609,4.966666666666667,1.6645393132170943,7.329939809559592,19.35919431283192,4.966555158809365,0.0305442256834253,0.0806707306612862,0.020695883674516538,3.1827,4.7871,1.616582925442609
221,1,35.89197620000001,128.6057557,244346,PIPE_LM,0.8810057421875835,176,50,200,42.43376713369554,1.6926762491444216,1.8883230663928816,1.5721725890882392,1.0,1.0,1.0,1.2,1.6,1.0629237353268715,10.95890410958904,25.3968253968254,9.6937512530363,2.16986301369863,3.9746031746031742,1.9649827612360644,3.3039363087024265,16.32730907103399,4.434761962907939,0.0137676677951784,0.0680367132644522,0.018479874837535475,0.2326,4.6252,1.0704968038048213
222,1,35.892438399999996,128.6066901,143925,SPLY_LS,5.087801408552955,178,20,200,29.282398727264216,1.293716632443532,1.7526899383983574,1.5196756962860591,1.0,1.0,1.0,1.0,1.6,1.0242426709692238,9.523809523809524,17.857142857142858,9.352690540366599,1.7523809523809524,3.9746031746031742,1.8083863169229921,2.3519517715105858,12.765202636710075,3.6989931546018022,0.0098007006294731,0.0531932376473027,0.015413889424883398,0.535,4.6252,1.0029782544431876
223,1,35.8926632,128.6087565,212253,SPLY_LS,2.1020036336227874,94,20,200,36.80612528370915,1.7673648186173854,1.7673648186173854,1.6286028346759411,1.0,1.0,1.0,1.0,1.6,1.1451785781796384,9.523809523809524,17.857142857142858,8.722393098101271,1.7523809523809524,3.9746031746031742,1.8638812547668093,5.583354756095942,12.838491104672691,4.905069359268722,0.0232661184363895,0.0534986343577263,0.020439669273540673,1.6674,2.5722,0.9556883374153493
224,3,35.896887400000004,128.6031159,245479,SPLY_LS,6.3998604593141994,215,13,200,29.799024304135646,1.664476386036961,1.7726762491444217,1.6175107189351738,1.0,1.0,1.0,1.0,1.2,1.00086755582277,7.471264367816092,15.873015873015872,8.219341087479073,1.547126436781609,3.9746031746031742,1.7557560895439415,5.2810102722091345,12.864716060377829,4.339702907458896,0.022006233854809,0.0536079150593974,0.01808375900052656,2.1071,6.5593,1.3062855400141553
225,3,35.89471525,128.61126855,75978,PIPE_LM,6.011524140033795,124,100,150,46.592608121353265,1.6526488706365503,1.7526899383983574,1.567528419104696,1.0,1.0,1.0,1.6,1.6,1.1831506259715188,8.333333333333334,17.857142857142858,8.937410685196294,2.466666666666667,3.3000000000000003,1.9730337607715112,8.711389842135526,21.10882891509861,6.339808521503388,0.0363007970416708,0.0879615455306616,0.02641829909953065,0.272,8.1373,1.5214763396821172
226,1,35.8955456,128.6022247,448649,PIPE_LM,4.159710686013353,214,40,300,30.740358030269554,1.1853524982888433,2.350855578370979,1.5906591820583091,1.0,1.0,1.0,1.0,1.4,1.010929919303113,14.285714285714286,26.666666666666668,8.82357827944585,2.2285714285714286,4.966666666666667,1.8009414281685026,2.1935418023436086,64.6458046407898,4.259736427977246,0.0091405983674559,0.2693823002284031,0.017750534682202536,0.184,31.5158,1.1464992750195049
227,1,35.8905587,128.6027877,212348,SPLY_LS,7.594872928254892,175,13,150,22.633539178715466,1.6212731006160164,1.862532511978097,1.6163947448693425,1.0,1.0,1.0,1.0,1.6,1.0457305672868316,7.471264367816092,17.857142857142858,8.239205178910987,1.547126436781609,3.3000000000000003,1.6902268936780915,4.248121918934251,44.320708637351565,5.742060643092435,0.0177021364422949,0.1846866089272758,0.023927453802798287,1.566,9.828,2.0551406881832457
228,1,35.8948435,128.6078796,107333,SPLY_LS,4.6554656319679735,181,20,200,43.53428244014753,1.2755373032169746,1.808213552361396,1.5764239656668784,1.0,1.0,1.0,1.0,1.6,1.0658520323657228,9.523809523809524,15.873015873015872,9.112602242920923,1.7523809523809524,3.9746031746031742,1.9505433432404706,2.263157811606846,12.765202636710075,4.818793540540937,0.0094306917588563,0.0531932376473027,0.02008015362311106,0.4981,7.6894,1.0879951458866775
229,2,35.892133400000006,128.6036122,107449,SPLY_LS,8.416872758581539,125,13,300,38.96650226880853,1.7346201232032854,1.9878165639972625,1.6114980038819526,1.0,1.3,1.0013761017747347,1.0,1.6,1.1240763768271986,7.471264367816092,25.3968253968254,8.901176826638627,1.547126436781609,4.966666666666667,1.8670536100363353,2.958577870516867,18.989567325482906,4.415283942391526,0.0123285419153373,0.0791304765236535,0.01839870895214257,0.6703,3.0009,0.8336560744440799
230,2,35.89023340000547,128.60391405001553,38889,SPLY_LS,4.628576727960576,153,13,200,22.283484539972033,1.5129637234770703,1.862532511978097,1.599198638543773,1.0,1.0,1.0,1.0,1.6,1.0952122546868053,7.471264367816092,17.857142857142858,8.373566565791922,1.547126436781609,3.9746031746031742,1.69088421325759,8.24165666916451,44.320708637351565,6.254633700504375,0.0343433954232419,0.1846866089272758,0.026063371361686724,4.3346,9.828,2.2509211341061834
231,2,35.8950004,128.6102705,211358,SPLY_LS,4.713437093924081,195,20,150,32.6755726463765,1.6466803559206022,1.7690075290896647,1.571308688574689,1.0,1.0,1.0,1.2,1.6,1.0513041956477804,9.523809523809524,17.857142857142858,8.96007263909883,1.7523809523809524,3.3000000000000003,1.838870484498428,9.10844526321805,21.10882891509861,6.363263265578958,0.0379553468340927,0.0879615455306616,0.02651603619083073,2.892,8.1373,2.1817354672224583
232,1,35.891843300000005,128.6064363,212301,SPLY_LS,6.895859470138699,158,13,200,26.307619041854213,1.7219712525667352,1.8883230663928816,1.5631019258515801,1.0,1.0,1.0,1.0,1.6,1.0393041049790483,7.471264367816092,17.857142857142858,8.816302415486206,1.547126436781609,3.9746031746031742,1.7485854028289571,6.447587766819943,11.859572205141887,4.200745449775763,0.026867420603727,0.0494194303574365,0.01750471632648806,2.6668,4.6252,1.2802844102931379
233,1,35.89428350000001,128.6062351,38865,SPLY_LS,7.559553658369686,146,13,200,23.814359750072224,1.6155783709787817,1.755208761122519,1.616685571682926,1.0,1.0,1.0,1.0,1.6,1.023855082715794,7.471264367816092,20.0,8.203396781380558,1.547126436781609,3.9746031746031742,1.686929602135602,4.067567744521732,11.895530325604453,3.962478960690337,0.0169497581698092,0.04956926964331,0.01651184795314461,1.4656,3.3345,1.110609504815053
234,1,35.8963222,128.6016409,72517,SPLY_LS,7.157111118932442,230,13,300,33.962289149598725,1.6229158110882955,1.792662559890486,1.6163764284786701,1.0,1.0,1.0,1.0,1.0,1.0,7.471264367816092,20.833333333333332,9.02426110791603,1.547126436781609,4.966666666666667,1.8442165818543992,3.607767678586991,64.6458046407898,4.977334769848419,0.0150337483050559,0.2693823002284031,0.0207408028526968,1.177,31.5158,1.524332588844617
235,1,35.89509859999999,128.6053886,439842,PIPE_LM,8.915899799599083,181,150,300,42.79918048410489,1.2153045859000684,1.755208761122519,1.5973626864669965,1.0,1.0,1.0,1.2,1.6,1.0973404613005169,20.0,20.833333333333332,9.23189519217431,3.3000000000000003,4.966666666666667,1.9299045131656638,5.684139428941524,11.895530325604453,3.8313186925412666,0.0236860932073707,0.04956926964331,0.01596529655775403,0.1025,3.3345,0.5803663796196482
236,1,35.8892791,128.6026847,178202,SPLY_LS,3.4172225907246534,143,13,400,24.04235123652115,1.6339219712525668,2.160793976728268,1.6131637058510568,1.0,1.0,1.0,1.0,1.6,1.1093893762585159,7.471264367816092,20.0,8.276383070686355,1.547126436781609,3.9746031746031742,1.692771639918741,4.941307228657365,12.69137420831549,4.702272070313577,0.0205906742871766,0.338717356431557,0.020526663706380795,1.9616,4.6374,1.4335136527899481
237,1,35.8978484,128.6039147,106804,SPLY_LS,6.277057778727395,167,13,150,22.747107830599006,1.6471184120465434,1.7526899383983574,1.6430686954283862,1.0,1.0,1.0,1.0,1.0,1.0,7.471264367816092,17.857142857142858,7.9965579137560425,1.547126436781609,3.3000000000000003,1.6802544671018875,3.613467131650881,11.565210142368242,3.9618808214353494,0.0150574982109458,0.1608660406591712,0.016938847758246528,1.1484,4.3426,1.1870880080089266
238,1,35.8959807,128.6123805,106432,SPLY_LS,5.792074173096283,66,13,200,30.785893942178593,1.6811772758384669,1.8070636550308008,1.6086360786689884,1.0,1.0,1.0,1.0,1.6,1.125241719376065,7.471264367816092,17.857142857142858,8.2292942728975,1.547126436781609,3.3000000000000003,1.75730183169627,8.086060795911651,15.476603074900533,5.756762911910559,0.0336950196396036,0.6449177884326426,0.029969497080629813,3.7102,4.0667,1.726813256285055
239,1,35.8906001,128.6050173,439264,PIPE_LM,6.381055326430383,107,200,200,49.940079423233406,1.6126762491444215,1.756249144421629,1.592996029478693,1.0,1.0,1.0,1.6,1.6,1.1729924051531402,15.873015873015872,25.3968253968254,10.01074115967237,3.9746031746031742,3.9746031746031742,2.0502121463152183,12.69137420831549,12.69137420831549,4.391907678205516,0.052885590894761,0.052885590894761,0.018301298890466264,0.1391,3.6899,0.5076029873229146
240,2,35.894720799999995,128.6107649,73265,SPLY_LS,3.642445325671296,159,13,150,33.440826411220655,1.7218069815195074,1.7690075290896647,1.5562511469536113,1.0,1.0,1.0,1.0,1.6,1.0874984518605486,7.471264367816092,17.857142857142858,8.983881474263638,1.547126436781609,3.3000000000000003,1.8423350094212156,10.684765383525086,21.10882891509861,6.69658903465288,0.0445239515914182,0.0879615455306616,0.027905021336850227,5.0771,8.1373,2.285177729612672
241,2,35.8903077500053,128.60371044998874,212354,SPLY_LS,5.35885406250543,188,13,200,22.969264520534487,1.6529774127310062,1.862532511978097,1.604844419674898,1.0,1.0,1.0,1.0,1.6,1.0859713580128592,7.471264367816092,17.857142857142858,8.382270888767296,1.547126436781609,3.9746031746031742,1.6977925985978441,9.004023926559663,44.320708637351565,6.531209779691303,0.0375202179031704,0.1846866089272758,0.02721587771246261,4.3344,9.828,2.340759262308995
242,2,35.8937121,128.6087386,212248,PIPE_LM,8.191308199599899,169,80,200,31.605351794028085,1.6326625598904858,1.9612594113620807,1.5639096313890177,1.0,1.0,1.0,1.2,1.6,1.0777531724555938,6.666666666666667,15.873015873015872,8.547914820476148,2.1333333333333337,3.9746031746031742,1.7838774350981172,5.079539964652973,29.499750631236587,4.718161406693821,0.0211666970097071,0.1229269358678944,0.019660814489763426,0.1705,5.003,1.1560499170882412
243,1,35.89449419999998,128.6004553,142171,SPLY_LS,5.126454407501646,139,13,300,32.75281994038809,1.7417932922655717,1.792662559890486,1.6233889796996297,1.0,1.3,1.0010869526853918,1.0,1.6,1.0089520286429847,7.471264367816092,20.833333333333332,9.063396833418286,1.547126436781609,4.966666666666667,1.836060408890396,3.1668153023626777,20.300895475071872,3.862780891579031,0.0131962777057103,0.0845948464893982,0.01609640111425437,0.7805,4.8473,0.9109532522584847
244,1,35.8943564,128.6046949,3941,SPLY_LS,4.773447037054794,155,13,300,30.70263066289437,1.6567556468172486,1.7526899383983574,1.6250783689574,1.0,1.0,1.0,1.0,1.6,1.0508087216849764,7.471264367816092,20.833333333333332,8.330556925214935,1.547126436781609,4.966666666666667,1.763483962190544,1.9111982159492704,11.895530325604453,3.315324686205576,0.0079640585257714,0.04956926964331,0.01381512373365291,0.1297,2.3453,0.5396074865201095
245,1,35.888788000000005,128.6021374,144001,SPLY_LS,3.9490427558616434,78,13,400,33.56159876902033,1.7237234770704997,2.160793976728268,1.6577349400947994,1.0,1.0,1.0,1.0,1.6,1.1213933621646999,7.471264367816092,20.0,8.3969189817223,1.547126436781609,3.9746031746031742,1.76226380371964,5.233126785718812,12.69137420831549,4.339019941816676,0.0218067009724295,0.338717356431557,0.022036581692828947,1.9731,4.6374,0.9631611408087088
246,1,35.89211060000002,128.6071623,244344,SPLY_LS,5.12499918627667,151,20,200,31.14328215283663,1.26798083504449,1.8883230663928816,1.5657264699131075,1.0,1.0,1.0,1.0,1.6,1.051278771336003,9.523809523809524,17.857142857142858,9.148155953249105,1.7523809523809524,3.9746031746031742,1.8246259522057087,2.679847694926548,12.765202636710075,3.6627172663906755,0.0111670593371436,0.0531932376473027,0.01526272598491322,0.7845,4.0536,0.8257570048249269
247,2,35.89242655000442,128.6063828000003,246309,SPLY_LS,9.628208759936465,174,13,100,28.918997218786313,1.717864476386037,1.7526899383983574,1.5208220882007146,1.0,1.0,1.0,1.0,1.6,1.0261272462920887,7.471264367816092,17.857142857142858,9.39735598760053,1.547126436781609,2.840816326530613,1.8096113182930087,3.5088772611575627,9.752858851332356,4.03201622203799,0.0146216669911066,0.0406406504764445,0.01680161319804336,1.0003,4.6252,1.212065946585627
248,1,35.893103399999994,128.5975124,71431,PIPE_LM,8.676096432628066,133,80,300,38.928346149719616,1.712662559890486,1.765284052019165,1.6197417744573004,1.3,1.3,1.206922241148255,1.4,1.4,1.0717550604642017,6.666666666666667,20.833333333333332,8.727949340836085,2.1333333333333337,4.966666666666667,1.869366974779561,8.360394191915855,19.35919431283192,6.032167557276355,0.0348381806174229,0.0806707306612862,0.025136343819548383,0.2109,5.2523,1.218511592042717
249,1,35.89334079999999,128.6062061,107395,SPLY_LS,6.752025332294343,196,13,200,27.099633426348056,1.6518275154004107,1.7526899383983574,1.5355858716347024,1.0,1.0,1.0,1.0,1.6,1.0159779693191286,7.471264367816092,20.0,8.754244891331272,1.547126436781609,3.9746031746031742,1.7538082366636631,2.9845225330022607,11.895530325604453,3.627026197056272,0.012436654621147,0.04956926964331,0.015113999514443303,0.7694,3.6677,0.9485052283012172
250,1,35.89358980000001,128.6044517,143182,PIPE_LM,4.483267994110968,149,80,200,28.307719128906452,1.7526899383983574,1.7526899383983574,1.6238118496390137,1.0,1.0,1.0,1.6,1.6,1.0674970367701537,6.666666666666667,20.0,7.921879774266236,2.1333333333333337,3.9746031746031742,1.7179622395265146,6.6693469879793446,11.895530325604453,3.6217346057451305,0.0277915023662593,0.04956926964331,0.015091949188870187,0.0737,2.4829,0.7129670670512906
251,3,35.89484755000002,128.60849100000007,4710,SPLY_LS,6.216439103493906,209,13,200,32.64673567216164,1.74217659137577,1.808213552361396,1.5765537031282861,1.0,1.0,1.0,1.0,1.6,1.0567264591123726,7.471264367816092,17.857142857142858,8.832182103919342,1.547126436781609,3.9746031746031742,1.8197912335548634,8.303667456793782,29.499750631236587,5.477749244645056,0.0346017974758325,0.1229269358678944,0.022826054989898124,3.6676,7.6894,1.676598057899294
252,1,35.889946900000005,128.6035962,246360,SPLY_LS,6.823916804633943,157,20,200,23.111508906842232,1.2049555099247091,1.862532511978097,1.5938644240637792,1.0,1.0,1.0,1.0,1.6,1.1061876433698843,9.523809523809524,17.857142857142858,8.381891009135572,1.7523809523809524,3.9746031746031742,1.7022523687893165,3.9677430735304102,44.320708637351565,5.696307633357805,0.0165337837745549,0.1846866089272758,0.023736798723583613,1.7803,9.828,1.9583301235720905
253,1,35.892658,128.597828,471694,PIPE_LM,2.9804921390054444,123,40,300,22.29817759934725,1.077371663244353,1.7840657084188911,1.5978263119330818,1.3,1.3,1.2634895790846863,1.0,1.4,1.0253331361424798,14.285714285714286,20.833333333333332,8.451917640061302,2.2285714285714286,4.966666666666667,1.6977825608459105,2.7498840590901743,19.35919431283192,6.024756757894619,0.0114589043684317,0.0806707306612862,0.025105462647984716,0.2562,6.3829,1.5823282881265144
254,3,35.89414150000473,128.59787649999478,142234,SPLY_LS,6.545746824059084,149,13,300,32.33931100020859,1.7084462696783025,1.912689938398357,1.6243748002784695,1.0,1.3,1.0078830502325415,1.0,1.4,1.051751211201782,7.471264367816092,20.833333333333332,8.643312562343704,1.547126436781609,4.966666666666667,1.8111977088729199,5.558336951190896,19.35919431283192,4.894476421852348,0.02316186799246,0.0806707306612862,0.020395527973679772,2.1861,5.2523,1.3092098292857879
255,1,35.8963482,128.6060171,142922,SPLY_LS,5.279072976897116,188,13,200,31.36549963774501,1.5861738535249827,1.7526899383983574,1.6189084624089858,1.0,1.0,1.0,1.0,1.4,1.019729895596444,7.471264367816092,20.0,8.104877257569814,1.547126436781609,3.9746031746031742,1.7625875125097954,2.0001691308513005,9.37339816098739,3.7228409548154864,0.0083348047767139,0.0390594188067425,0.015513264400763819,0.2349,3.1756,0.8338021947859691
256,4,35.89054743333475,128.60331246667457,3686,SPLY_LS,4.204152727358609,208,13,200,22.799297107945154,1.7244900752908967,1.862532511978097,1.6076381831618936,1.0,1.0,1.0,1.0,1.6,1.0609776533967685,7.471264367816092,17.857142857142858,8.407579899398506,1.547126436781609,3.9746031746031742,1.6996169567397272,11.965419023345127,44.320708637351565,6.840994294891526,0.0498604993412303,0.1846866089272758,0.028506765276527686,5.7949,9.828,2.589170882798341
257,1,35.8919494,128.6032447,142915,PIPE_LM,4.656914999506761,124,25,300,34.29819744588475,1.6726899383983571,1.9878165639972625,1.634432722464032,1.0,1.3,1.002052717759902,1.0,1.6,1.1038346683324527,8.928571428571429,25.3968253968254,8.676681449908145,1.692857142857143,4.966666666666667,1.8123089925871132,3.0216943897750936,18.989567325482906,4.508433269812403,0.0125915516069123,0.0791304765236535,0.018786866856971736,0.56,3.0009,0.9658595209762844
258,1,35.8939062,128.6061585,73301,SPLY_LS,4.428988376178939,152,13,200,24.697950583267875,1.60331279945243,1.7526899383983574,1.5774989473386491,1.0,1.0,1.0,1.0,1.6,1.0130693678869847,7.471264367816092,20.0,8.303216058600931,1.547126436781609,3.9746031746031742,1.700712390719913,3.7850484907768194,11.895530325604453,3.766718734388019,0.0157724863134915,0.04956926964331,0.015696105302131554,1.3119,3.3345,1.0420611229424164
259,1,35.8967216,128.6108766,211328,PIPE_LM,5.966554099016863,119,150,150,32.627026539617354,1.6926762491444216,1.788062970568104,1.6341304088542377,1.0,1.0,1.0,1.6,1.6,1.058558045308986,12.5,14.285714285714286,8.13596433670389,3.3000000000000003,3.3000000000000003,1.7828639838127154,11.330398627606204,11.330398627606204,5.0550575397499165,0.0472143376011664,0.0472143376011664,0.02106467752101484,0.1834,4.8174,1.4013222370799707
260,1,35.894585,128.6053741,212324,SPLY_LS,4.814253974268663,178,13,200,33.90456443619923,1.6350718685831622,1.755208761122519,1.6142728643055393,1.0,1.0,1.0,1.0,1.6,1.0730731019062225,7.471264367816092,20.0,8.76687535489253,1.547126436781609,3.9746031746031742,1.8183456437622652,3.5175825594377677,11.895530325604453,3.8051460556570778,0.0146579424043051,0.04956926964331,0.015856233871225783,1.1068,3.3345,0.7390836475097213
261,3,35.893805300000004,128.609037,38813,SPLY_LS,8.187485492137625,173,13,150,27.313295350221367,1.6010677618069815,1.9612594113620807,1.5439153943587052,1.0,1.0,1.0,1.2,1.6,1.082300349717979,7.471264367816092,14.285714285714286,8.60688746915131,1.547126436781609,3.3000000000000003,1.7467974670506383,3.579668190770269,29.499750631236587,4.8788454338091585,0.0149166563343492,0.1229269358678944,0.020330392864954413,0.8246,5.003,1.3400659737514224
262,3,35.894816600000006,128.61049060000002,38821,SPLY_LS,9.070084704478672,182,25,150,32.002486356589245,1.6775085557837095,1.7690075290896647,1.5549620607680419,1.0,1.0,1.0,1.0,1.6,1.0662387218650828,8.928571428571429,17.857142857142858,8.935596890424376,1.692857142857143,3.3000000000000003,1.8262465390715905,13.477506027813996,21.10882891509861,6.5500942580928125,0.0561614414932023,0.0879615455306616,0.027294570278185607,5.938,8.1373,2.2957988670910083
263,1,35.8961785,128.600401,175962,SPLY_LS,5.498320433689166,214,13,300,32.47163511194096,1.683148528405202,1.792662559890486,1.6395120802807008,1.0,1.0,1.0,1.0,1.2,1.01044495717506,7.471264367816092,20.833333333333332,8.838284950124969,1.547126436781609,4.966666666666667,1.818943882293802,4.297673749480654,12.29989176013464,4.165948233837946,0.0179086213977733,0.051254263959069,0.017359714587814355,1.5005,4.0782,1.1082102197588886
264,2,35.89173790000002,128.60670560000003,143938,SPLY_LS,7.057924007195022,143,13,200,26.797090497288142,1.6591649555099246,1.8883230663928816,1.5851889280876337,1.0,1.0,1.0,1.0,1.6,1.0562900008438323,7.471264367816092,17.857142857142858,8.784519432902396,1.547126436781609,3.9746031746031742,1.752008333383384,7.342984926015714,12.765202636710075,4.374294274518505,0.0305985853359537,0.0531932376473027,0.0182279029566323,3.3341,4.6252,1.294641627441449
265,2,35.898005100000006,128.6067201,245420,SPLY_LS,6.138469990020201,102,13,200,44.73085946285415,1.5825598904859686,1.7726762491444217,1.5900642261474713,1.0,1.0,1.0,1.0,1.2,1.0167822259614099,7.471264367816092,25.3968253968254,9.248108882734051,1.547126436781609,3.9746031746031742,1.9565619780852026,3.801342543236208,8.837926571575123,5.073647035763878,0.0158403844447924,0.0368280819200821,0.021142140880379825,1.3523,3.8918,1.4354041862695026
266,1,35.8964534,128.607266,72413,SPLY_LS,4.840211400005399,207,13,200,23.786678122198413,1.6772895277207391,1.7526899383983574,1.6566250827475506,1.0,1.0,1.0,1.0,1.2,1.0017520633298724,7.471264367816092,15.873015873015872,7.899355796713624,1.547126436781609,3.9746031746031742,1.674381290588492,2.703735958458386,9.307766399472284,3.6689734642826255,0.011266602925694,0.0387859279749209,0.015288795874338854,0.5786,4.3744,0.9464755945144752
267,2,35.8899365500072,128.60264079999934,38874,SPLY_LS,4.407177073386869,173,13,200,23.503610281665818,1.7219712525667352,1.7366461327857632,1.632191808047247,1.0,1.0,1.0,1.2,1.6,1.1054971153894206,7.471264367816092,17.857142857142858,8.284027933838313,1.547126436781609,3.9746031746031742,1.6974313548082927,7.408571640039762,13.574377865512238,5.454742110832399,0.0308718884526276,0.0565651112844827,0.022730183112944117,2.5111,5.7949,1.7968679510495937
268,2,35.894287000000105,128.60983435000003,143906,SPLY_LS,4.256538269011526,180,13,150,26.613053552811543,1.6603696098562628,1.808213552361396,1.535923050022307,1.0,1.0,1.0,1.0,1.6,1.048313520158308,7.471264367816092,17.857142857142858,8.54633275044118,1.547126436781609,3.3000000000000003,1.7502193368777,6.783217776723115,29.499750631236587,5.288800807202174,0.028266007636494,0.1229269358678944,0.0220386974036518,3.0008,5.938,1.780579561703648
269,2,35.89618930000001,128.6011194,106633,SPLY_LS,4.110093699154418,214,13,300,31.23052645400115,1.6462970568104038,1.792662559890486,1.6258779895453677,1.0,1.0,1.0,1.0,1.0,1.0,7.471264367816092,20.833333333333332,8.883798480229775,1.547126436781609,4.966666666666667,1.8064759045496908,5.400855005881166,64.6458046407898,4.473356368189811,0.0225056328522571,0.2693823002284031,0.018640699654065295,2.2127,31.5158,1.339681034960161
270,1,35.894859000000004,128.6107751,107322,PIPE_LM,5.313979353918078,166,150,150,35.81942271697267,1.6926762491444216,1.7690075290896647,1.5524818770935065,1.0,1.0,1.0,1.2,1.6,1.0890550548350786,12.5,17.857142857142858,9.128856797031323,3.3000000000000003,3.3000000000000003,1.8772357719246895,8.32402278759577,21.10882891509861,6.667631330725215,0.0346866191570509,0.0879615455306616,0.02778435313669845,0.1592,8.1373,2.2290989179067684
271,1,35.8952507,128.598274,142238,SPLY_LS,4.234252538387337,118,13,300,26.439922656797997,1.7161670088980152,1.912689938398357,1.6432584691737024,1.0,1.3,1.0012159904261635,1.0,1.4,1.052368083945246,7.471264367816092,20.833333333333332,8.178506654375958,1.547126436781609,4.966666666666667,1.7208883788443754,2.5492776056055506,19.35919431283192,4.218638849314833,0.0106229672464386,0.0806707306612862,0.017579279017037333,0.4547,4.7871,1.0776060436525257
272,1,35.8944278,128.6099339,143907,SPLY_LS,6.0225411621353535,190,13,150,26.257737759630558,1.6603696098562628,1.808213552361396,1.5426662652645442,1.0,1.0,1.0,1.0,1.6,1.0441584822933578,7.471264367816092,17.857142857142858,8.627623895641246,1.547126436781609,3.3000000000000003,1.7522805573176816,5.086735146401892,21.10882891509861,5.457223500142425,0.021196679691814,0.0879615455306616,0.022740523186268447,2.0002,8.1373,1.9103667157581692
273,1,35.89356020000002,128.5984186,244034,SPLY_LS,4.202542182686525,168,13,300,30.804079025178037,1.599917864476386,1.912689938398357,1.6248373460833756,1.0,1.3,1.0201613791977118,1.0,1.4,1.0357040702215399,7.471264367816092,20.833333333333332,8.709857783622391,1.547126436781609,4.966666666666667,1.795654639810167,5.807113967439389,19.35919431283192,5.061349403484968,0.0241985342580183,0.0806707306612862,0.02109089603179199,2.5545,5.2697,1.5003975459498864
274,2,35.8940889,128.6099565,75978,PIPE_LM,7.49354301848547,155,100,150,27.883724716692548,1.6526488706365503,1.7690075290896647,1.533850811360107,1.0,1.0,1.0,1.6,1.6,1.0649230555092393,8.333333333333334,14.285714285714286,8.655408445732398,2.466666666666667,3.3000000000000003,1.768901102183422,8.711389842135526,20.157018752113743,5.285383924909074,0.0363007970416708,0.0839953049909956,0.022024459084292295,0.272,5.938,1.741495383133125
275,2,35.89770685000346,128.60182819998735,38053,SPLY_LS,7.6341103298214605,160,13,400,49.16062109372958,1.6955236139630392,1.792662559890486,1.6272641802668308,1.0,1.0,1.0,1.0,1.2,1.016689366550878,7.471264367816092,23.255813953488374,8.99356140566753,1.547126436781609,5.451162790697675,1.9852414175865996,2.5547983813076547,13.1470648457662,4.303464663464728,0.010645972594828,0.1608660406591712,0.019039311500980254,0.4756,4.2717,0.8340524447541362
276,1,35.895043600000015,128.6055463,106515,SPLY_LS,6.29795944200936,177,13,200,35.446994549437846,1.7428336755646818,1.755208761122519,1.6164837612217182,1.0,1.0,1.0,1.0,1.6,1.0801949161417346,7.471264367816092,20.0,8.651077278891314,1.547126436781609,3.9746031746031742,1.832013122589692,3.219961427194624,11.895530325604453,3.6747283623193874,0.0134177402651913,0.04956926964331,0.015312776822202957,0.8093,3.3345,0.6369746604123698
277,1,35.89141240000001,128.5968645,244019,SPLY_LS,9.613761953000282,114,13,500,29.22383408529416,1.7087748117727584,1.7430527036276522,1.6244654992978849,1.3,1.3,1.2999999999999996,1.0,1.4,1.1271012898777906,7.471264367816092,26.31578947368421,8.676461283583523,1.547126436781609,6.063157894736842,1.7599752545378746,3.422504315822781,23.655267591026913,5.959116687598021,0.0142617466092493,0.0985726828151887,0.02483193719305529,0.5088,3.8307,1.1507594536255343
278,1,35.8965721,128.6112018,211328,PIPE_LM,7.176666883526934,98,150,150,32.9810427153719,1.6926762491444216,1.788062970568104,1.6131345104041583,1.0,1.0,1.0,1.6,1.6,1.0765872785279467,12.5,12.5,8.207135987700058,3.3000000000000003,3.3000000000000003,1.786773195703908,11.330398627606204,11.330398627606204,4.757120558350023,0.0472143376011664,0.0472143376011664,0.019823159222672422,0.1834,4.273,1.2125005983342378
279,1,35.8922664,128.6035592,107448,SPLY_LS,8.596889272820608,114,20,300,45.239677766449965,1.6862149212867898,1.9878165639972625,1.599995604078291,1.0,1.3,1.0015630975840917,1.0,1.6,1.1690183355103354,9.523809523809524,25.3968253968254,9.241281040591206,1.7523809523809524,4.966666666666667,1.9409900685688468,4.447080706902542,18.989567325482906,4.672569898111841,0.0185312076596982,0.0791304765236535,0.0194708323939269,1.2268,3.0009,0.7769057888317654
280,1,35.8909028,128.6040928,178215,PIPE_LM,6.030291907990004,187,100,200,28.720568098994764,1.6126762491444215,1.862532511978097,1.5938589381893173,1.0,1.0,1.0,1.4,1.6,1.0923802655622872,16.3265306122449,20.0,8.812354076037918,2.840816326530613,3.9746031746031742,1.7795890840327484,5.1272716507466125,44.320708637351565,5.296561238734012,0.0213655973322436,0.1846866089272758,0.022071035509866527,0.2689,9.828,1.5560117752985405
281,3,35.891841350000895,128.60504839999314,107415,SPLY_LS,5.087903097735454,152,13,200,36.444431681127206,1.6576317590691307,1.756249144421629,1.5724525045631939,1.0,1.0,1.0,1.0,1.6,1.1024151585747208,7.471264367816092,25.3968253968254,9.423828033480392,1.547126436781609,3.9746031746031742,1.8695033408725805,5.091211711707367,16.32730907103399,3.9531254672663523,0.0212153337632701,0.0680367132644522,0.016472871478372206,2.0078,4.6252,0.7911436618305282
282,2,35.89636350000001,128.6005926,2874,SPLY_LS,8.078137705782769,221,13,300,34.36107646659519,1.7498973305954826,1.792662559890486,1.6393420393709048,1.0,1.0,1.0,1.0,1.2,1.0103653752770243,7.471264367816092,20.833333333333332,8.947642120927362,1.547126436781609,4.966666666666667,1.841959349769583,3.2147856071908913,12.29989176013464,4.107964114533553,0.0133961723644448,0.051254263959069,0.017118091863467022,0.7991,4.0782,1.05555391374293
283,1,35.8970288,128.6009761,177397,SPLY_LS,1.948392089640825,218,13,400,37.93863153772488,1.6518275154004107,1.792662559890486,1.642902161734627,1.0,1.0,1.0,1.0,1.2,1.017245204915834,7.471264367816092,23.255813953488374,8.831921256365762,1.547126436781609,5.451162790697675,1.8721911773778022,3.912905714964759,12.969072573353785,4.4502164924613075,0.0163052737595439,0.0540427738667938,0.01854427463491084,1.3198,4.2717,1.1249258346460131
284,1,35.8947855,128.6115404,4734,SPLY_LS,3.9414438127233073,98,13,150,47.44506520823276,1.6689664613278576,1.7526899383983574,1.5471173265907916,1.0,1.0,1.0,1.6,1.6,1.250344183164115,7.471264367816092,17.857142857142858,8.948624290602263,1.547126436781609,3.3000000000000003,1.9858832874686385,5.890412334742854,21.10882891509861,6.1331190257018795,0.0245456427194902,0.0879615455306616,0.02555701363605098,1.1602,8.1373,1.2497971163103945
285,1,35.8935864,128.6046368,211477,PIPE_LM,4.828993044710991,160,80,200,29.386825637146696,1.6326625598904858,1.7526899383983574,1.6308668318296398,1.0,1.0,1.0,1.6,1.6,1.0683357318011364,6.666666666666667,20.0,7.824217707885877,2.1333333333333337,3.9746031746031742,1.7211254003036438,6.294781748592877,11.895530325604453,3.5594152014080698,0.0262306702854739,0.04956926964331,0.01483226111502745,0.0879,2.4829,0.6395278505838795
286,3,35.8970313666766,128.6070015666571,177315,SPLY_LS,8.703151562308056,204,13,200,28.07579790891353,1.563066392881588,1.792662559890486,1.6525957251258772,1.0,1.0,1.0,1.0,1.2,1.0010735365751644,7.471264367816092,16.3265306122449,7.958419651411277,1.547126436781609,3.9746031746031742,1.7215423954990807,4.015641591510595,9.307766399472284,4.581870179058464,0.0167333792939042,0.0387859279749209,0.019092882129645525,1.5159,3.8918,1.3897415392445567
287,1,35.896898500000006,128.5996514,308962,PIPE_LM,6.512484493842833,208,50,300,34.08008453674714,1.7326488706365502,1.7526899383983574,1.6216827477356874,1.0,1.0,1.0,1.0,1.2,1.0185607270466008,12.5,20.833333333333332,8.975044455953794,2.3625,4.966666666666667,1.854691082739346,5.102139624973359,14.045678120391342,4.751559400216652,0.0212608709242452,0.0585290430115767,0.019799985598672746,0.2297,6.0861,1.2870861364269237
288,1,35.8958679,128.6034297,406871,SPLY_LS,5.930343633449934,211,13,300,35.73208524093581,1.6867624914442163,2.350855578370979,1.5842916409192105,1.0,1.0,1.0,1.0,1.4,1.0224456527386152,7.471264367816092,26.666666666666668,8.739094994678917,1.547126436781609,4.966666666666667,1.843310136474349,3.3001492612506995,22.833904885619297,3.725493745339525,0.0137518869790947,0.0951500233536198,0.01552431871151703,0.916,8.5128,0.7564067402555831
289,1,35.89687670000001,128.6080844,106482,SPLY_LS,7.481712390527071,216,13,200,24.017820328272915,1.7187953456536618,1.792662559890486,1.6479787324499238,1.0,1.0,1.0,1.0,1.2,1.0019280872222054,7.471264367816092,15.873015873015872,8.06032817230267,1.547126436781609,3.9746031746031742,1.6868101386443415,6.651401190130229,9.307766399472284,4.496159939612208,0.0277167213293321,0.0387859279749209,0.018735723276361013,2.7897,4.3744,1.4321738253133722
290,1,35.8964105,128.5988983,36483,SPLY_LS,10.653369411416776,149,20,300,32.993823179123524,1.625763175906913,2.0606981519507186,1.6039124466069836,1.0,1.0,1.0,1.0,1.2,1.0349236686436456,9.523809523809524,20.833333333333332,8.93059196267759,1.7523809523809524,4.966666666666667,1.836146144729806,7.98803052816858,12.15745498850814,4.869135583652134,0.0332865226124048,0.0506607228098628,0.020289931433857572,3.1486,6.0861,1.383649292316517
291,1,35.8927626,128.6040563,3955,SPLY_LS,4.085416386885011,121,20,200,45.324846475143396,1.6593292265571526,1.7526899383983574,1.5815999063851254,1.0,1.0,1.0,1.0,1.6,1.2139245453072889,9.523809523809524,25.3968253968254,9.042442862976944,1.7523809523809524,3.9746031746031742,1.938901261588318,3.8060613620530166,16.32730907103399,4.327465052096353,0.015860047998743,0.0680367132644522,0.01803276324533807,0.9367,3.0009,0.5430977038376334
292,1,35.8919607,128.5968657,175900,SPLY_LS,3.893676672254528,136,13,500,24.538729206252377,1.6663381245722109,1.7526899383983574,1.6042202235934304,1.3,1.3,1.3000000000000007,1.0,1.4,1.0686888969500536,7.471264367816092,26.31578947368421,8.45752476989386,1.547126436781609,6.063157894736842,1.7090697523830358,9.000963262555072,23.655267591026913,6.2367122250880005,0.0375074639632301,0.0985726828151887,0.025988691677552897,3.0691,3.8307,1.4928257764900545
293,1,35.89649879999999,128.6085216,211434,PIPE_LM,6.9906265909559995,219,80,200,26.029658810285667,1.7326488706365502,1.792662559890486,1.6532761890939334,1.0,1.0,1.0,1.0,1.2,1.0018162654150276,6.666666666666667,15.873015873015872,8.13965408818144,2.1333333333333337,3.9746031746031742,1.712026231616515,4.263446430063447,8.837926571575123,4.348204186248428,0.0177659944463958,0.0368280819200821,0.01811918425430648,0.1109,4.3744,1.306340695896734
294,1,35.8957541,128.612599,177205,SPLY_LS,5.3728796043449645,58,20,200,36.699955891581745,1.8070636550308008,1.8070636550308008,1.61645950292621,1.0,1.0,1.0,1.6,1.6,1.2144159985960827,9.523809523809524,17.857142857142858,8.465266123056683,1.7523809523809524,3.3000000000000003,1.8329476258358501,6.55414790596961,15.476603074900533,5.8277827537452795,0.0273114620315706,0.6449177884326426,0.033648039800349194,0.914,4.0667,1.4044999964262188
295,2,35.8959285,128.612761,3779,SPLY_LS,5.314642265130303,43,20,200,54.15891424886358,1.64580424366872,1.8070636550308008,1.5921191107201342,1.0,1.0,1.0,1.0,1.6,1.2116294958769835,9.523809523809524,12.5,8.855734481521207,1.7523809523809524,3.3000000000000003,2.004558404512401,4.055140383064223,15.476603074900533,6.565093903730633,0.0168979727332477,0.6449177884326426,0.05769570136136207,1.0804,4.0667,1.3280623592344836
296,1,35.8945009,128.6106126,212283,SPLY_LS,4.52921761586339,146,20,150,30.662937793060703,1.2481040383299111,1.7690075290896647,1.515807109200752,1.0,1.0,1.0,1.0,1.6,1.0836142819966925,9.523809523809524,17.857142857142858,8.960653620477244,1.7523809523809524,3.3000000000000003,1.8140492438207851,3.2579412547359503,21.10882891509861,6.1135211595571795,0.0135760041055474,0.0879615455306616,0.025475348347932678,1.204,8.1373,2.1087614826264316
297,1,35.8930396,128.6087085,38791,SPLY_LS,5.268663982667524,140,20,200,32.14070481280729,1.747542778918549,1.9612594113620807,1.5932858490380784,1.0,1.0,1.0,1.0,1.6,1.091726928051208,9.523809523809524,17.857142857142858,8.776438709356567,1.7523809523809524,3.9746031746031742,1.8162457781662833,2.7098662387307844,20.157018752113743,4.425696537305425,0.0112921481101031,0.0839953049909956,0.01844209875577854,0.3093,3.0291,0.9418432058260484
298,1,35.8959559,128.6044328,72486,PIPE_LM,5.919299172782952,175,200,200,34.9050731147969,1.6326625598904858,1.7726762491444217,1.6149431778619243,1.0,1.0,1.0,1.2,1.4,1.0433713452854019,15.873015873015872,20.0,8.631336511593359,3.9746031746031742,3.9746031746031742,1.8298253035908691,9.37339816098739,9.37339816098739,3.739132723166482,0.0390594188067425,0.0390594188067425,0.015581153014070837,0.108,2.1024,0.7264360327354942
299,2,35.896643900000015,128.6027469,245481,SPLY_LS,5.364659668755051,229,13,200,30.59902799576469,1.6666666666666667,2.350855578370979,1.619377432268773,1.0,1.0,1.0,1.0,1.2,1.0017912460359497,7.471264367816092,26.666666666666668,8.315259134777065,1.547126436781609,3.9746031746031742,1.7707024258164399,4.326899146506542,64.6458046407898,5.077230017685088,0.01803040508845,0.2693823002284031,0.02115707134519459,1.5424,31.5158,1.6344247688305424
300,1,35.8940245,128.6093829,4719,SPLY_LS,4.951818753709781,182,20,150,27.134676939977112,1.2503490759753593,1.9612594113620807,1.5146903211356366,1.0,1.0,1.0,1.0,1.6,1.0501903078685717,9.523809523809524,14.285714285714286,8.685017228797152,1.7523809523809524,3.3000000000000003,1.755633927086078,2.46858307947214,29.499750631236587,4.631261918188348,0.0102867091213143,0.1229269358678944,0.019298699976186728,0.667,5.003,1.3369936600199173
301,1,35.89267,128.60429720000002,211469,SPLY_LS,7.0217188609512124,144,13,200,41.87482182461457,1.5867214236824094,1.7526899383983574,1.5756830227655068,1.0,1.0,1.0,1.6,1.6,1.2396420899309153,7.471264367816092,25.3968253968254,9.062227849746481,1.547126436781609,3.9746031746031742,1.8962455475617133,3.7302283968969783,16.32730907103399,4.155946930068143,0.0155440482412895,0.0680367132644522,0.01731803865494039,0.4389,3.0009,0.5174838625293495
302,2,35.89501039999999,128.610865,142997,PIPE_LM,6.673118840726925,170,150,150,33.95386163095562,1.6726899383983571,1.7526899383983574,1.5519774056682762,1.0,1.0,1.0,1.2,1.6,1.0928085329857142,12.5,17.857142857142858,9.009766055918925,3.3000000000000003,3.3000000000000003,1.852158142075581,9.135449829878205,21.10882891509861,6.298938007339304,0.0380678762135939,0.0879615455306616,0.026247989623483178,0.2874,8.1373,2.0784905500647644
303,1,35.8974142,128.606475,72433,PIPE_LM,4.93649112385757,149,50,200,41.12915000485984,1.5726488706365505,1.7463928815879537,1.6386874157058653,1.0,1.0,1.0,1.0,1.2,1.0091402690450821,10.95890410958904,25.3968253968254,8.660438757368121,2.16986301369863,3.9746031746031742,1.8975246508672283,2.467146396596464,9.307766399472284,5.036892291209923,0.0102807223919372,0.0387859279749209,0.020988982022086246,0.1888,3.8918,1.4104508369742677
304,1,35.89529430000001,128.6093955,3842,SPLY_LS,5.811569205306904,213,13,150,31.103609084830918,1.5411088295687887,1.808213552361396,1.5825283500778842,1.0,1.0,1.0,1.0,1.2,1.0268953494422246,7.471264367816092,17.857142857142858,8.671696699150392,1.547126436781609,3.3000000000000003,1.8004942956545165,4.588389619964617,13.490284710596164,5.376331305569428,0.0191200489658735,0.0562146909032897,0.022403441366873035,1.9157,7.0042,1.7891636025208468
305,1,35.894299399999994,128.6059823,38864,SPLY_LS,4.579274545341233,164,25,200,28.93812419323952,1.6286105407255305,1.755208761122519,1.6177273697090615,1.0,1.0,1.0,1.0,1.6,1.0231269796430547,8.928571428571429,20.0,8.265154764124995,1.692857142857143,3.9746031746031742,1.7416801418701577,7.545266404104854,11.895530325604453,4.194731965275973,0.0314415023692251,0.04956926964331,0.017479657835903217,3.0008,3.3345,1.1295853587088858
306,1,35.8917172,128.6032125,178247,SPLY_LS,11.272157699531196,144,13,300,26.68231089177372,1.738507871321013,1.9878165639972625,1.632127352621191,1.0,1.3,1.0015539075578628,1.0,1.6,1.0738512352696923,7.471264367816092,20.833333333333332,8.286324572219009,1.547126436781609,4.966666666666667,1.725197167925075,3.551043066479306,18.989567325482906,4.354868356928213,0.0147973740101725,0.0791304765236535,0.01814695418673764,1.0003,6.9223,1.071916186499855
307,1,35.89805309999999,128.6052826,106789,SPLY_LS,7.008969052566769,124,13,200,29.157095407720757,1.619356605065024,1.7726762491444217,1.6344912491203518,1.0,1.0,1.0,1.0,1.2,1.0016147029919533,7.471264367816092,20.0,8.00812183775515,1.547126436781609,3.9746031746031742,1.7414436652043963,3.352148407756522,11.565210142368242,4.642114336275026,0.0139685700225418,0.0481928089237555,0.0193439225449748,1.0272,4.3426,1.4175733441051783
308,2,35.8980324,128.6046759,434486,PIPE_LM,2.3516565068587374,150,50,150,23.085616289988824,1.2399452429842572,1.7726762491444217,1.6308920220940402,1.0,1.0,1.0,1.0,1.0,1.0,17.857142857142858,17.857142857142858,8.506016728142473,2.585714285714286,3.3000000000000003,1.7145451584118214,2.701151327626649,11.565210142368242,4.472113679979864,0.0112558326397866,0.0481928089237555,0.018635521310160028,0.1874,4.3426,1.4432865127990304
309,1,35.8952054,128.597639,244134,SPLY_LS,25.594512021267157,60,13,80,18.559394815957358,1.2261464750171116,1.912689938398357,1.6355061089337477,1.0,1.0,1.0,1.0,1.2,1.0144095746232047,7.471264367816092,17.857142857142858,7.959557602807605,1.547126436781609,2.585714285714286,1.63072727737072,1.6696272223916226,10.14026367642165,4.176652691440892,0.006957420117067,0.0422549857528328,0.017404320597868717,0.3335,4.7871,1.30781937965327
310,1,35.8980786,128.6072778,72433,PIPE_LM,6.055845399360098,89,50,200,30.14713420382375,1.5726488706365505,1.792662559890486,1.612730577104668,1.0,1.0,1.0,1.0,1.2,1.010093308020436,10.95890410958904,25.3968253968254,8.428131657652422,2.16986301369863,3.9746031746031742,1.7744186826846766,2.467146396596464,8.837926571575123,4.744806751041655,0.0102807223919372,0.0368280819200821,0.019771846971928075,0.1888,3.8918,1.5056058102489545
311,1,35.898199399999996,128.60719,245422,SPLY_LS,3.4948888806581353,76,13,200,31.200046995783634,1.702422997946612,1.792662559890486,1.6152894499341832,1.0,1.0,1.0,1.0,1.2,1.0109203531967192,7.471264367816092,25.3968253968254,8.540357965298593,1.547126436781609,3.9746031746031742,1.7926695669464574,6.87957437297605,8.465361822042835,4.850501713076549,0.0286675303909098,0.0352755859805435,0.02021228316347559,2.9574,3.8646,1.5466008254088655
312,3,35.8954183,128.6116362,245304,PIPE_LM,5.6823997164053806,131,80,150,33.53008927141888,1.6326625598904858,1.8070636550308008,1.5519757046823444,1.0,1.0,1.0,1.6,1.6,1.1366894563345038,6.666666666666667,17.857142857142858,8.861899889376904,2.1333333333333337,3.3000000000000003,1.8310890126034909,6.547059057388399,13.591150932501026,4.939601696768391,0.0272819224450903,0.0566350054932784,0.020583567250518676,0.1315,4.2723,1.2555223338442958
313,1,35.8965019,128.6100277,37856,PIPE_LM,5.133885352459434,187,80,150,25.725004893370556,1.6326625598904858,1.792662559890486,1.6088768413974694,1.0,1.0,1.0,1.2,1.6,1.0116691863086464,6.666666666666667,14.285714285714286,8.157057035454443,2.1333333333333337,3.3000000000000003,1.7120367937656782,5.026596446866757,11.330398627606204,4.3358613903411145,0.0209460787239161,0.0472143376011664,0.018067751206620887,0.1583,4.8174,1.3183839478915513
314,1,35.8896873,128.6025124,48168,PIPE_LM,3.0578932446560456,167,100,200,26.244612430693106,1.6926762491444216,2.160793976728268,1.6362858159355549,1.0,1.0,1.0,1.4,1.6,1.128388768705558,8.333333333333334,17.857142857142858,8.25256990671051,2.466666666666667,3.9746031746031742,1.7208460003862136,7.734045304449008,12.69137420831549,5.124108640771426,0.0322281534859042,0.052885590894761,0.02135241691152652,0.2601,4.6374,1.4834952284401053
315,1,35.897228999999996,128.6064352,106545,PIPE_LM,5.966546835046235,168,100,200,45.40814071345377,1.712662559890486,1.7463928815879537,1.6479340774522253,1.0,1.0,1.0,1.0,1.2,1.006019301618116,8.333333333333334,25.3968253968254,8.644853222757735,2.466666666666667,3.9746031746031742,1.9389651703089423,5.207624539356606,9.307766399472284,4.984165552323244,0.0217004318367259,0.0387859279749209,0.02076926706480855,0.174,3.8918,1.2411774749553324
316,1,35.8966676,128.6094023,3816,SPLY_LS,5.903062619947229,205,13,150,31.524359367384786,1.6689664613278576,1.792662559890486,1.6304671190937006,1.0,1.0,1.0,1.0,1.6,1.0070062573223693,7.471264367816092,14.285714285714286,8.154035545933908,1.547126436781609,3.3000000000000003,1.76938387045374,4.8410752702500215,11.330398627606204,4.294263702216427,0.0201730027048953,0.0472143376011664,0.017894411560320907,1.8406,4.8174,1.1675912764558865
317,1,35.89298350000001,128.5978688,2823,SPLY_LS,5.97466743607566,147,13,300,28.69418990489559,1.7346201232032854,1.7840657084188911,1.617396445019222,1.3,1.3,1.1990647481997099,1.0,1.4,1.0447157106475342,7.471264367816092,20.833333333333332,8.325051105868576,1.547126436781609,4.966666666666667,1.749219787786568,5.711084406868653,19.35919431283192,5.424010004610523,0.023798374277642,0.0806707306612862,0.022602120889712238,1.4802,6.3829,1.2846156006788247
318,2,35.889675200001705,128.6029024000082,107437,SPLY_LS,9.346293250643752,152,13,200,21.869142544006632,1.634360027378508,1.8126488706365504,1.617398283678748,1.0,1.0,1.0,1.0,1.6,1.1050919047799281,7.471264367816092,17.857142857142858,8.157344162909906,1.547126436781609,3.9746031746031742,1.6731230056307569,5.249210029588316,12.69137420831549,5.188065883264191,0.0218737206537959,0.052885590894761,0.02161892993885599,2.1453,5.3357,1.7269774987519575
319,1,35.8969769,128.6102656,211328,PIPE_LM,6.212083529117303,115,150,150,31.031449901424928,1.6926762491444216,1.792662559890486,1.6252501068436336,1.0,1.0,1.0,1.6,1.6,1.0379818167124764,12.5,14.285714285714286,8.3988718266653,3.3000000000000003,3.3000000000000003,1.7875033911711689,11.330398627606204,11.330398627606204,5.189361972277568,0.0472143376011664,0.0472143376011664,0.02162433080657922,0.1834,4.8174,1.5807523138700685
320,2,35.895536000000135,128.60483724999935,38022,SPLY_LS,9.820887076088274,189,13,300,33.313426248843136,1.6271868583162217,1.7726762491444217,1.591134022979184,1.0,1.0,1.0,1.0,1.6,1.05646953586392,7.471264367816092,20.833333333333332,8.823569686295695,1.547126436781609,4.966666666666667,1.8226915197671567,4.590118080421792,11.895530325604453,3.67815084908935,0.0191272515470216,0.04956926964331,0.015327038495697725,1.7625,2.1024,0.7562497127199039
321,1,35.8924459,128.6078682,246255,SPLY_LS,6.569212481734956,135,13,200,37.26626059290582,1.5942231348391511,1.7673648186173854,1.5766300972479401,1.0,1.0,1.0,1.0,1.6,1.090324112472256,7.471264367816092,17.857142857142858,8.901639557159237,1.547126436781609,3.9746031746031742,1.8691357121410017,4.884738905773068,12.765202636710075,4.253618050980689,0.0203549512573016,0.0531932376473027,0.01772503909933904,2.0006,2.5722,0.8889158953199621
322,1,35.893154499999994,128.605574,4760,SPLY_LS,7.1368460663032565,195,13,200,29.50576267524674,1.6285010266940452,1.7526899383983574,1.5547918680460673,1.0,1.0,1.0,1.0,1.6,1.0587392919974814,7.471264367816092,25.3968253968254,8.72830691330698,1.547126436781609,3.9746031746031742,1.7730004801704935,4.990266086657029,16.32730907103399,3.955146390711906,0.0207946882964041,0.0680367132644522,0.01648129276741601,2.0009,4.6252,0.9843398321245523
323,1,35.893041200000006,128.6055699,143954,SPLY_LS,4.508754019215053,189,13,200,29.766367599095243,1.7329226557152635,1.7526899383983574,1.5483445917317664,1.0,1.0,1.0,1.0,1.6,1.0655483678091748,7.471264367816092,25.3968253968254,8.819643786263997,1.547126436781609,3.9746031746031742,1.7806192802524976,3.390284624942996,16.32730907103399,3.927631496135755,0.0141274855463687,0.0680367132644522,0.016366636825972457,0.9159,4.6252,0.966312426256432
324,1,35.8966845,128.6057377,106526,SPLY_LS,5.98615657881203,164,13,200,29.8265512278908,1.6344695414099932,1.7526899383983574,1.6313199480062626,1.0,1.0,1.0,1.0,1.4,1.022127113326837,7.471264367816092,20.0,8.186363952910426,1.547126436781609,3.9746031746031742,1.7497924644864882,2.7730731162052846,9.37339816098739,3.855691700264523,0.0115555343288832,0.0390594188067425,0.01606686009958723,0.6615,3.1756,0.9248760744449249
325,1,35.8915586,128.6029318,178244,SPLY_LS,4.887208627071667,141,13,300,31.34149209678089,1.757782340862423,1.9878165639972625,1.6424473615771131,1.0,1.3,1.0015933252886602,1.0,1.6,1.098180084145621,7.471264367816092,20.833333333333332,8.284680938641555,1.547126436781609,4.966666666666667,1.7787410034405062,4.787635793148594,18.989567325482906,4.659255522624624,0.0199503177318398,0.0791304765236535,0.019415350725552893,1.6673,6.9223,1.0897065517683888
326,1,35.8902302,128.6035788,246362,SPLY_LS,3.957317009927155,180,13,200,22.82494107513163,1.5475701574264202,1.862532511978097,1.5867643373218525,1.0,1.0,1.0,1.0,1.6,1.074653170950839,7.471264367816092,17.857142857142858,8.456574664123856,1.547126436781609,3.9746031746031742,1.7025796726504785,7.149036030163712,44.320708637351565,6.170702204816616,0.0297903905894937,0.1846866089272758,0.025713624622581,3.5239,9.828,2.2639012622681705
327,1,35.8901375,128.6034434,106340,PIPE_LM,2.010441323403995,184,20,200,22.265915309052716,1.712662559890486,1.862532511978097,1.5903762635872833,1.0,1.0,1.0,1.0,1.6,1.0712583839102905,9.523809523809524,17.857142857142858,8.44154483295418,1.7523809523809524,3.9746031746031742,1.6957477316004843,3.887825976838121,44.320708637351565,5.723267895365657,0.0162007652367832,0.1846866089272758,0.02384914348338343,0.9167,9.828,2.046989726716878
328,1,35.8919728,128.6056276,244346,PIPE_LM,4.527515433509757,170,50,200,34.276952914438326,1.6926762491444216,1.756249144421629,1.5632488828045605,1.0,1.0,1.0,1.2,1.6,1.0761606564594877,10.95890410958904,25.3968253968254,9.204966723255223,2.16986301369863,3.9746031746031742,1.8516097856276061,3.3039363087024265,16.32730907103399,4.35748514921837,0.0137676677951784,0.0680367132644522,0.018157858491050376,0.2326,4.6252,1.1561674481545219
329,1,35.8967756,128.60808350000002,106482,SPLY_LS,6.813948704654407,215,13,200,24.469234138288847,1.7187953456536618,1.792662559890486,1.6549429245966165,1.0,1.0,1.0,1.0,1.2,1.0016557514344824,7.471264367816092,15.873015873015872,8.08536234252461,1.547126436781609,3.9746031746031742,1.6931692091603219,6.651401190130229,9.307766399472284,4.625975449044735,0.0277167213293321,0.0387859279749209,0.01927667099494183,2.7897,4.3744,1.4887796200403658
330,1,35.8965674,128.6053964,177304,SPLY_LS,6.155673168747168,157,13,200,32.21489638234161,1.635728952772074,1.7726762491444217,1.605109612883421,1.0,1.0,1.0,1.2,1.4,1.0575077738519072,7.471264367816092,20.0,8.633612720952252,1.547126436781609,3.9746031746031742,1.7883005720695728,3.7776260149342225,9.37339816098739,3.752810768573307,0.0157415564855316,0.0390594188067425,0.01563815011318334,0.8847,3.1756,0.793003196960402
331,1,35.89799080000001,128.6069095,245413,SPLY_LS,6.531138965699236,107,13,200,35.14653311991338,1.676741957563313,1.792662559890486,1.6162515835461269,1.0,1.0,1.0,1.0,1.2,1.0091712470267504,7.471264367816092,25.3968253968254,8.630874919716,1.547126436781609,3.9746031746031742,1.8318665701831183,7.64130492994326,8.837926571575123,5.0963201283903645,0.03184169970832,0.0368280819200821,0.021236620791009027,3.4629,3.8918,1.6170358368837483
332,1,35.89136969999999,128.6059763,73288,SPLY_LS,4.645154045303052,140,13,200,32.81029375508286,1.7144147843942503,1.8883230663928816,1.577556084648579,1.0,1.0,1.0,1.0,1.6,1.1078488920592886,7.471264367816092,25.3968253968254,9.238912238836724,1.547126436781609,3.9746031746031742,1.83448135091672,4.669166336426763,11.895530325604453,4.028924896842499,0.0194566495822071,0.04956926964331,0.016788731491387494,1.6671,4.0536,0.945812827114524
333,1,35.89578620000001,128.5993193,105176,SPLY_LS,5.909592419248345,186,13,300,49.107753541592366,1.67854893908282,2.0606981519507186,1.6190584406183481,1.0,1.0,1.0,1.0,1.2,1.0702149754659336,7.471264367816092,20.833333333333332,9.439717389047482,1.547126436781609,4.966666666666667,2.023262437127941,3.2719098481281317,12.15745498850814,4.566621280870294,0.0136342119326423,0.0506607228098628,0.019029339208450506,0.9089,3.9358,0.8746815766725062
334,1,35.89785470000001,128.6071543,211428,SPLY_LS,5.165153274925017,120,13,200,32.809954101653986,1.6978781656399726,1.792662559890486,1.6312672475664385,1.0,1.0,1.0,1.0,1.2,1.011661263613441,7.471264367816092,25.3968253968254,8.289534446734272,1.547126436781609,3.9746031746031742,1.7891410118191016,6.686964926902226,9.307766399472284,4.930499810931657,0.0278649171986479,0.0387859279749209,0.020545639237142706,2.8569,3.8918,1.5051591212280886
335,2,35.8968908,128.6068308,3891,SPLY_LS,6.284513150081227,208,13,200,26.885748909685777,1.7051060917180014,1.7463928815879537,1.6521336783665124,1.0,1.0,1.0,1.0,1.2,1.0024136986523946,7.471264367816092,20.0,7.890704118300832,1.547126436781609,3.9746031746031742,1.7056996170371304,3.95902105293438,9.307766399472284,4.373512938888511,0.0164974386786302,0.0387859279749209,0.01822464709199528,1.2738,3.8918,1.289633675136785
336,1,35.89686360000001,128.6085935,72353,SPLY_LS,6.731325527341818,198,13,200,24.228273900120463,1.6846269678302532,1.792662559890486,1.6373363526333258,1.0,1.0,1.0,1.0,1.2,1.005051343606332,7.471264367816092,15.873015873015872,8.01623119765308,1.547126436781609,3.9746031746031742,1.687075835255178,3.359103752072058,8.837926571575123,4.31788642243646,0.0139975532900718,0.0368280819200821,0.017992848616613807,0.9527,4.3744,1.3417138889844156
337,1,35.8976449,128.6077196,211359,SPLY_LS,6.596115170877572,134,13,200,28.878678428727113,1.6807392197125255,1.792662559890486,1.6323391180445914,1.0,1.0,1.0,1.0,1.2,1.0063630507214998,7.471264367816092,15.873015873015872,7.852647451956073,1.547126436781609,3.9746031746031742,1.7204346521485394,3.4503802007093887,9.307766399472284,4.167954057304783,0.014377906815366,0.0387859279749209,0.017368072954491838,1.0104,3.8646,1.1482617718713517
338,1,35.8972341,128.6058311,211406,SPLY_LS,7.265435958309021,150,13,200,37.33740699516177,1.704229979466119,1.7726762491444217,1.6288800328619948,1.0,1.0,1.0,1.0,1.4,1.0169896358987913,7.471264367816092,25.3968253968254,8.784070840976169,1.547126436781609,3.9746031746031742,1.8519705270216804,3.680808720109577,11.565210142368242,4.375488260874142,0.0153381139771326,0.0481928089237555,0.01823287835747554,1.1151,3.8918,1.0989661464053657
339,3,35.89232899999999,128.597797,142104,SPLY_LS,7.721024932234063,135,13,300,20.457671823914005,1.74217659137577,1.7840657084188911,1.6087329778919581,1.3,1.3,1.2859225853684222,1.0,1.4,1.030366943134707,7.471264367816092,20.833333333333332,8.07606303333418,1.547126436781609,4.966666666666667,1.6540918778939595,9.74549481211722,19.35919431283192,6.313679390857555,0.040609964156833,0.0806707306612862,0.026309417705672952,3.2139,6.3829,1.6828574568740209
340,1,35.8969911,128.6067829,245407,SPLY_LS,5.592762830744399,200,13,200,28.336276997501127,1.6440520191649557,1.7463928815879537,1.6525947151680045,1.0,1.0,1.0,1.0,1.2,1.0018431789831168,7.471264367816092,25.3968253968254,7.959472941342314,1.547126436781609,3.9746031746031742,1.723631049188532,4.240823880659102,9.307766399472284,4.511636973089,0.0176717251519005,0.0387859279749209,0.01880021684871047,1.5261,3.8918,1.3402792160279982
341,2,35.8980616,128.6070068,211431,SPLY_LS,6.8082770790026865,103,13,200,33.528781022321965,1.6512251882272415,1.792662559890486,1.6163522171689169,1.0,1.0,1.0,1.0,1.2,1.00886246437516,7.471264367816092,25.3968253968254,8.55208351758061,1.547126436781609,3.9746031746031742,1.814257435716899,6.759011261870165,8.837926571575123,5.051708687325475,0.028165137878776,0.0368280819200821,0.02105072268551955,3.0086,3.8918,1.6201798062641746
342,1,35.89855629999999,128.6045313,308849,PIPE_LM,3.9699776580478443,104,80,150,39.20160054034433,1.5926899383983573,1.7526899383983574,1.6136317839707608,1.0,1.0,1.0,1.0,1.0,1.0,14.22222222222222,17.857142857142858,8.824182100541163,2.5777777777777775,3.3000000000000003,1.8900567702771474,3.139284283995564,8.153821201341549,4.299138290616448,0.0130815545756237,0.0339773806370502,0.017914724213913227,0.2274,3.8681,1.0477515340140076
343,1,35.8982902,128.6070869,245421,SPLY_LS,7.059585413902136,67,13,200,38.70916647560828,1.7428336755646818,1.7726762491444217,1.6072424990128127,1.0,1.0,1.0,1.0,1.2,1.0223693676240517,7.471264367816092,25.3968253968254,8.82553231139715,1.547126436781609,3.9746031746031742,1.8842176638026953,3.76596494560689,8.465361822042835,4.918599352522594,0.0156929642265911,0.0352755859805435,0.020496049431929224,1.1161,3.8646,1.4212335164138568
344,1,35.89229439999999,128.6080842,38788,SPLY_LS,4.7938789386075635,114,20,200,37.20140204770426,1.147460643394935,1.7673648186173854,1.57501289142861,1.0,1.0,1.0,1.0,1.6,1.1377673186902517,9.523809523809524,17.857142857142858,8.922718165261227,1.7523809523809524,3.9746031746031742,1.8738895127791637,1.8653600174020328,12.765202636710075,4.3719027807171145,0.0077730484605151,0.0531932376473027,0.01821793748238721,0.3726,2.5722,0.8454304654256631
345,1,35.8960033,128.6113524,211332,SPLY_LS,4.766666294919792,147,20,150,31.327500983610616,1.6788227241615332,1.788062970568104,1.6034300854424643,1.0,1.0,1.0,1.2,1.6,1.075569694699504,9.523809523809524,17.857142857142858,8.202228339912294,1.7523809523809524,3.3000000000000003,1.7665032922092931,4.491370372709818,11.330398627606204,4.442287919789674,0.0187157649116004,0.0472143376011664,0.018511235876159497,0.8824,4.273,1.133456645303389
346,1,35.8975337,128.6080701,37897,SPLY_LS,5.920394430948755,135,13,200,26.748807144498183,1.6817248459958931,1.792662559890486,1.6368273455411537,1.0,1.0,1.0,1.0,1.2,1.0092132775298148,7.471264367816092,15.873015873015872,7.857746643937109,1.547126436781609,3.9746031746031742,1.6984221458173745,4.947975754304749,9.307766399472284,4.0816319267786305,0.0206184623669756,0.0387859279749209,0.017008364320482854,1.8813,3.6213,1.1310904851192431
347,1,35.8943345,128.6096066,178148,SPLY_LS,6.439857335223988,198,13,150,27.02493963444194,1.7454620123203286,1.9612594113620807,1.5317291800026076,1.0,1.0,1.0,1.0,1.6,1.045285727197559,7.471264367816092,17.857142857142858,8.580846570758272,1.547126436781609,3.3000000000000003,1.7516161766744096,4.753900930765699,29.499750631236587,5.043887744910987,0.0198097428735472,0.1229269358678944,0.021018132427431276,1.6672,5.938,1.6125467378051916
348,1,35.8964762,128.606353,245405,SPLY_LS,1.9734191045514344,198,13,200,25.67360866167533,1.661902806297057,1.747816563997262,1.624556276755599,1.0,1.0,1.0,1.0,1.2,1.008520418841098,7.471264367816092,20.0,7.888558550454533,1.547126436781609,3.9746031746031742,1.6930836956220192,3.6976607482729897,9.307766399472284,3.842224175384629,0.0154083372210909,0.0387859279749209,0.016010740250036463,1.1789,3.3989,1.0295324716061531
349,1,35.89623840000001,128.6117154,37865,SPLY_LS,4.115862107089871,105,13,150,28.59517806085131,1.724599589322382,1.788062970568104,1.6238657031743349,1.0,1.0,1.0,1.0,1.6,1.0744136270163906,7.471264367816092,17.857142857142858,8.125849726298632,1.547126436781609,3.3000000000000003,1.736756655914232,2.1997312764880483,11.330398627606204,4.445057143584801,0.0091663902156895,0.0472143376011664,0.018522775370174993,0.2491,4.0667,1.146462176483125
350,1,35.8969784,128.6055193,439842,PIPE_LM,4.797029650856467,152,150,200,40.613090326155124,1.2153045859000684,1.7526899383983574,1.6036666333043246,1.0,1.0,1.0,1.2,1.4,1.0323557286751626,20.0,20.0,9.251476863449152,3.3000000000000003,3.9746031746031742,1.9018790339771952,5.684139428941524,11.565210142368242,4.054691561994773,0.0236860932073707,0.0481928089237555,0.01689610247341025,0.1025,3.1803,0.8653909547056112
351,2,35.8966922,128.6062421,3886,SPLY_LS,3.93734632194298,197,13,200,27.426263746556913,1.6619575633127996,1.747816563997262,1.6383040848908688,1.0,1.0,1.0,1.0,1.4,1.0104663472105466,7.471264367816092,20.0,8.006789543816632,1.547126436781609,3.9746031746031742,1.7170250595817003,4.006991807873767,8.837926571575123,4.168342684889582,0.0166973352130003,0.0368280819200821,0.017369692385069076,1.3611,3.8918,1.1723619364124183
352,1,35.89120520000001,128.6036036,246392,SPLY_LS,7.394893483219724,193,13,150,26.289857790988176,1.6375359342915812,1.9878165639972625,1.612995526779202,1.0,1.0,1.0,1.0,1.6,1.0489098476156522,7.471264367816092,17.857142857142858,8.49794134160058,1.547126436781609,3.3000000000000003,1.7418464592040097,3.902294198657991,44.320708637351565,5.170979201569422,0.0162610550405177,0.1846866089272758,0.021547728881899816,1.3337,9.828,1.6167094824694224
353,1,35.89746150000001,128.607512,177318,SPLY_LS,6.392464224885433,163,13,200,28.082869585540152,1.7272279260780288,1.792662559890486,1.6437548045803376,1.0,1.0,1.0,1.0,1.2,1.0028164616547612,7.471264367816092,15.873015873015872,7.855673521741964,1.547126436781609,3.9746031746031742,1.7149784513975936,2.064277635048082,9.307766399472284,4.246401053679534,0.0086019481191271,0.0387859279749209,0.01769496551073526,0.1704,3.8918,1.1917386128156275
354,1,35.8948172,128.6029839,106607,PIPE_LM,7.035497135092177,138,100,300,50.566043578789284,1.7526899383983574,1.8126488706365504,1.5981185313382253,1.0,1.3,1.0018800873673506,1.4,1.6,1.1459769081410602,8.333333333333334,20.833333333333332,9.12376866692357,2.466666666666667,4.966666666666667,2.0083164282508115,6.678736130809035,18.989567325482906,4.200851767761273,0.0278306273938877,0.0791304765236535,0.01750515935884957,0.0509,2.8518,0.4904753385275589
355,1,35.89019489999999,128.6037756,4796,SPLY_LS,2.790633749202633,165,13,200,21.513963065018206,1.6468993839835728,1.862532511978097,1.6023487645708154,1.0,1.0,1.0,1.0,1.6,1.0817962020322782,7.471264367816092,17.857142857142858,8.309449479852146,1.547126436781609,3.9746031746031742,1.678951552748563,8.972597673205806,44.320708637351565,6.352295747601309,0.0373892631341322,0.1846866089272758,0.02647033399504199,4.3354,9.828,2.367681903575075
356,1,35.89738,128.6030015,211485,SPLY_LS,9.725324040833227,190,13,150,28.246565980292452,1.5917590691307324,1.7726762491444217,1.610962692380238,1.0,1.0,1.0,1.0,1.0,1.0,7.471264367816092,14.22222222222222,8.12981641865079,1.547126436781609,3.3000000000000003,1.7359404234025029,2.2037235137830344,12.864716060377829,3.7104586523482923,0.0091830260681095,0.1608660406591712,0.016190782809691346,0.3558,6.5593,0.9847051928868099
357,2,35.8951727000003,128.60057295000013,210503,SPLY_LS,7.292643473384789,221,13,300,27.51858753477106,1.6443258042436688,1.792662559890486,1.6375532407053734,1.0,1.0,1.0,1.0,1.2,1.0005142827347322,7.471264367816092,20.833333333333332,8.775966599035595,1.547126436781609,4.966666666666667,1.7648027439030345,2.9132080033189114,20.300895475071872,4.208683799258903,0.01213948341023,0.0845948464893982,0.01753779582570177,0.735,4.8473,1.2468709508272438
358,1,35.8981991,128.6053031,177577,SPLY_LS,6.580320625484739,107,13,150,23.472207669804423,1.6316769336071184,1.7726762491444217,1.6395688964547221,1.0,1.0,1.0,1.0,1.2,1.0008843174189033,7.471264367816092,17.857142857142858,7.901208743222987,1.547126436781609,3.3000000000000003,1.6810197335088632,6.2997743604986995,9.10359990803878,4.648695638279062,0.0262514747489161,0.037935155996793,0.019371347159490716,2.781,4.3426,1.556362767241557
359,1,35.8921385,128.6031806,178208,SPLY_LS,12.672344107487646,103,25,300,44.24907288522468,1.6271868583162217,1.9878165639972625,1.6220552386006506,1.0,1.3,1.0034634617369698,1.0,1.6,1.1539645501016165,8.928571428571429,25.3968253968254,9.113412946227667,1.692857142857143,4.966666666666667,1.9302494237796815,5.507593525434799,18.989567325482906,4.931757443577958,0.022950417600163,0.0791304765236535,0.020550879855261474,1.9229,3.0009,0.9021310250261592
360,1,35.89190420000001,128.6053562,143934,SPLY_LS,5.303969298134552,161,13,200,37.00676619403766,1.7218069815195074,1.756249144421629,1.571056051803773,1.0,1.0,1.0,1.2,1.6,1.1075491024272341,7.471264367816092,25.3968253968254,9.348996344022336,1.547126436781609,3.9746031746031742,1.8839661424067815,4.715074034477338,16.32730907103399,4.267610922287403,0.0196479492553687,0.0680367132644522,0.01778334809371768,1.2348,4.6252,0.942410902908339
361,1,35.8985775,128.6043622,211660,SPLY_LS,4.257838027228189,96,13,150,36.73348924628688,1.745242984257358,1.7526899383983574,1.6315289693066573,1.0,1.0,1.0,1.0,1.0,1.0,7.471264367816092,17.857142857142858,8.417791272125378,1.547126436781609,3.3000000000000003,1.8386715244851093,3.749963669498337,8.153821201341549,4.236378095819482,0.015626286108983,0.0339773806370502,0.01765319934418455,1.1042,3.8681,1.0331443386775099
362,2,35.8937944,128.5979538,175856,SPLY_LS,2.142759750464963,160,13,300,45.69782009495334,1.7034633812457225,1.912689938398357,1.625077463273196,1.0,1.3,1.0248850589556207,1.2,1.4,1.083863138116793,7.471264367816092,20.833333333333332,9.028937560612771,1.547126436781609,4.966666666666667,1.968297047629514,4.690515667999174,19.35919431283192,5.480207264269544,0.0195456133143359,0.0806707306612862,0.022836297680574328,1.2471,5.2697,1.1866825883574899
363,1,35.89611649999999,128.609198,72226,PIPE_LM,5.295472298227208,236,25,150,26.45086870958024,1.6926762491444216,1.792662559890486,1.629896321817812,1.0,1.0,1.0,1.0,1.2,1.0038557081599468,8.928571428571429,17.857142857142858,8.259224860243501,1.692857142857143,3.3000000000000003,1.7201882235403723,2.322359457964445,13.490284710596164,4.173962058738327,0.0096773879793107,0.0562146909032897,0.017393108596865523,0.1848,7.0042,1.2101163939370412
364,1,35.8935454,128.6092832,38790,SPLY_LS,5.826555489239606,141,25,150,34.903878257930344,1.26798083504449,1.9612594113620807,1.5458197748161777,1.0,1.0,1.0,1.0,1.6,1.0919003548426136,8.928571428571429,14.285714285714286,8.826277681757146,1.692857142857143,3.3000000000000003,1.839309527463761,2.6286014164184737,29.499750631236587,5.233932487924058,0.0109535135322866,0.1229269358678944,0.02181005837380388,0.7902,5.003,1.2235624890231103
365,1,35.89350319999999,128.6074268,4757,SPLY_LS,7.345333715057281,139,25,200,33.46503878960294,1.7052156057494867,1.7726762491444217,1.5707508059891444,1.0,1.0,1.0,1.0,1.6,1.0218997927785323,8.928571428571429,17.857142857142858,8.918529332750266,1.692857142857143,3.9746031746031742,1.828078707299095,2.3030325150876183,12.765202636710075,3.0820375087120864,0.0095968516419958,0.0531932376473027,0.01284300440067866,0.1663,2.3338,0.41696355993235024
366,1,35.8926596,128.6056473,212316,SPLY_LS,8.57204994453118,172,20,200,35.89170616315368,1.202819986310746,1.7526899383983574,1.5108114224584466,1.0,1.0,1.0,1.0,1.6,1.0908895383350163,9.523809523809524,25.3968253968254,9.510320701008878,1.7523809523809524,3.9746031746031742,1.8784949815538643,4.749491358709387,16.32730907103399,4.4426936082586295,0.0197913679663099,0.0680367132644522,0.01851292640029408,2.334,4.6252,1.2194377537844194
367,2,35.89591879999999,128.6064294,72429,PIPE_LM,8.684726615040045,203,100,150,26.52345635775251,1.6726899383983571,1.7526899383983574,1.6012976910109684,1.0,1.0,1.0,1.2,1.2,1.0170645179338829,8.333333333333334,14.285714285714286,8.315521221799182,2.466666666666667,3.3000000000000003,1.7308513581381868,5.373397331581111,9.105636524111194,3.426516840478574,0.022391215350565,0.0379436426777975,0.014278467000116209,0.0336,4.3946,0.7866645887861681
368,4,35.892442500000854,128.6060225500059,246310,SPLY_LS,7.685956708989736,179,20,200,35.11453861938711,1.2023819301848049,1.7526899383983574,1.4998991242883672,1.0,1.0,1.0,1.0,1.6,1.0509404127854343,9.523809523809524,25.3968253968254,9.402081386053835,1.7523809523809524,3.9746031746031742,1.8656648546925194,4.751036937517705,16.32730907103399,4.451898360050145,0.0197978084704831,0.0680367132644522,0.01855128306124694,2.3363,4.6252,1.3274515824002424
369,1,35.89372420000001,128.5986387,71429,PIPE_LM,6.487269345084648,170,80,300,32.37599243179391,1.712662559890486,1.912689938398357,1.6341522394900447,1.0,1.3,1.0091771971247239,1.0,1.4,1.0355933545426106,6.666666666666667,20.833333333333332,8.561469271039897,2.1333333333333337,4.966666666666667,1.801711712932185,4.729812027236433,19.35919431283192,4.87283545824561,0.0197093632080955,0.0806707306612862,0.020305348996282335,0.2468,5.2697,1.3683531883908684
370,1,35.8972472,128.6082531,158133,SPLY_LS,6.816012016940794,162,20,200,27.21094583834314,1.7083367556468172,1.792662559890486,1.6283254412304498,1.0,1.0,1.0,1.0,1.2,1.0088714885170391,9.523809523809524,15.873015873015872,8.107587146933989,1.7523809523809524,3.9746031746031742,1.718837574206326,6.735069139238159,9.307766399472284,4.272668078234939,0.0280653698566623,0.0387859279749209,0.017804421515408852,2.3288,4.0231,1.2481713035860629
371,1,35.89616660000001,128.6033412,143146,SPLY_LS,4.851526595321443,217,13,200,30.08936010825438,1.6642026009582478,2.350855578370979,1.6033005420144055,1.0,1.0,1.0,1.0,1.4,1.0058563452036464,7.471264367816092,26.666666666666668,8.388168603797286,1.547126436781609,3.9746031746031742,1.7651685125702385,3.1249887075314624,22.833904885619297,3.715732846814125,0.0130219841937189,0.0951500233536198,0.015483644559316742,0.8389,8.5128,0.8891330978458267
372,2,35.8925655,128.5980831,278246,SPLY_LS,5.3479006160497145,122,13,300,21.402493479832646,1.6646954140999315,1.7840657084188911,1.6158592827460274,1.3,1.3,1.2524185306542306,1.0,1.4,1.027371752612099,7.471264367816092,20.833333333333332,8.254723635017019,1.547126436781609,4.966666666666667,1.6769909684879827,4.608415702406252,19.35919431283192,5.887088538668991,0.0192034986527119,0.0806707306612862,0.024531792295060584,1.0854,6.3829,1.5336737899122836
373,1,35.89697819999999,128.6081873,60219,PIPE_LM,13.542151307294125,197,80,200,24.753907895232196,1.7326488706365502,1.792662559890486,1.6332332160077854,1.0,1.0,1.0,1.0,1.2,1.0038176908181715,6.666666666666667,15.873015873015872,8.087931744668737,2.1333333333333337,3.9746031746031742,1.6961596236745689,4.714391569619172,9.307766399472284,4.451838114086417,0.0196451053901815,0.0387859279749209,0.018551032013303746,0.2284,4.3744,1.4179247663388594
374,3,35.88932810000017,128.60252285000013,246372,SPLY_LS,5.2678392033398636,146,13,400,23.307544765343323,1.6339219712525668,2.160793976728268,1.6154599279567272,1.0,1.0,1.0,1.0,1.6,1.097635277863448,7.471264367816092,20.0,8.209586097298438,1.547126436781609,3.9746031746031742,1.6783669443913563,4.617959936344495,12.69137420831549,4.639986152201768,0.0192432699527443,0.338717356431557,0.020379994962299464,1.7678,4.6374,1.4185577793012432
375,1,35.895143799999985,128.6105719,177233,SPLY_LS,5.961233699201578,192,13,150,27.214919103592255,1.7307871321013004,1.7526899383983574,1.551850020525581,1.0,1.0,1.0,1.0,1.6,1.0530126034091167,7.471264367816092,17.857142857142858,8.756847653755539,1.547126436781609,3.3000000000000003,1.7669832617822385,7.248343216991694,21.10882891509861,6.139867070991945,0.0302042086023652,0.0879615455306616,0.025585133078176944,3.1012,8.1373,2.230513977025685
376,1,35.8947971,128.60624860000001,107409,SPLY_LS,6.250612670834267,162,13,200,24.995073466925504,1.60331279945243,1.755208761122519,1.62979134176759,1.0,1.0,1.0,1.0,1.6,1.050802127728556,7.471264367816092,20.0,8.075694242132748,1.547126436781609,3.9746031746031742,1.6930791144767394,4.912589861769507,11.895530325604453,4.077389419265782,0.0204710075834866,0.04956926964331,0.016990685579551437,2.0006,4.3946,1.0993343682380154
377,1,35.892257300000004,128.6037306,73350,SPLY_LS,2.4099028639865434,123,13,300,39.5510941601303,1.6079671457905544,1.9878165639972625,1.595632499343939,1.0,1.3,1.00109953567913,1.0,1.6,1.1372292559213715,7.471264367816092,25.3968253968254,8.846083731075392,1.547126436781609,4.966666666666667,1.8675704454874822,2.086104132551441,18.989567325482906,4.18643388906325,0.0086929002255484,0.0791304765236535,0.01744507933742096,0.2705,3.0009,0.6868512150280119
378,1,35.89474940000001,128.6108966,212280,SPLY_LS,3.263495737941395,149,20,150,36.29859833386767,1.1608761122518825,1.7690075290896647,1.5286621792810673,1.0,1.0,1.0,1.0,1.6,1.0947090430156032,9.523809523809524,17.857142857142858,9.281787174565329,1.7523809523809524,3.3000000000000003,1.8904044770144106,3.9237876567192687,21.10882891509861,6.465742927703586,0.016350619354932,0.0879615455306616,0.026943074066887205,1.8539,8.1373,2.0960889734542456
379,1,35.897636,128.606506,177324,SPLY_LS,6.5024891874811335,136,13,200,37.54743792418901,1.7033538672142368,1.7726762491444217,1.6230884411858308,1.0,1.0,1.0,1.0,1.2,1.0055791834879655,7.471264367816092,25.3968253968254,8.723146296554347,1.547126436781609,3.9746031746031742,1.860720759830287,5.33948174062198,8.837926571575123,4.905670925490794,0.0222498873872588,0.0368280819200821,0.02044217603006634,2.0698,3.8918,1.453565839061783
380,1,35.8938858,128.6098006,211226,SPLY_LS,3.608755476586978,157,25,150,27.81361811409995,1.6959069130732374,1.9612594113620807,1.5514764604735858,1.0,1.0,1.0,1.0,1.6,1.0725317102996597,8.928571428571429,14.285714285714286,8.678036830681979,1.692857142857143,3.3000000000000003,1.761094389722301,3.1630073465090263,29.499750631236587,4.9995829477769025,0.0131804097632704,0.1229269358678944,0.020833512122533693,0.6106,5.003,1.4746232214063342
381,1,35.8973992,128.6061994,72423,SPLY_LS,6.514516786256944,137,13,200,43.83735129368992,1.7353319644079397,1.7726762491444217,1.6258966610469807,1.0,1.0,1.0,1.0,1.2,1.0093230522859016,7.471264367816092,25.3968253968254,8.90847767587792,1.547126436781609,3.9746031746031742,1.9349553895940352,4.496480977602523,8.837926571575123,4.784838307330361,0.0187370610577185,0.0368280819200821,0.019938660468560916,1.5375,3.8918,1.2363937820641742
382,1,35.89698409999999,128.60109,177398,SPLY_LS,3.2242210130605717,213,13,400,37.49685445927403,1.6375359342915812,1.792662559890486,1.642970499202109,1.0,1.0,1.0,1.0,1.2,1.0140431217931836,7.471264367816092,23.255813953488374,8.825397950273683,1.547126436781609,5.451162790697675,1.8685381643999548,5.2895090365577495,12.969072573353785,4.523463332328634,0.0220416486307879,0.0540427738667938,0.01884949787898,2.1633,4.2717,1.190146692222226
383,2,35.89729539999999,128.6046739,324769,PIPE_LM,5.159396803091697,165,100,150,39.02657701121429,1.6326625598904858,1.7726762491444217,1.6258544252939493,1.0,1.0,1.0,1.0,1.4,1.005958465541766,8.333333333333334,20.0,8.442098362631919,2.466666666666667,3.3000000000000003,1.8688657351800655,4.639615564243669,11.565210142368242,4.410330769233973,0.0193335100369815,0.0481928089237555,0.01837806883193638,0.0972,4.3426,1.0299254070665553
384,1,35.8912517,128.5982398,36424,SPLY_LS,4.1539772817697465,69,13,500,44.959148169963804,1.7241615331964408,1.8126488706365504,1.6326824410063718,1.3,1.3,1.3,1.0,1.6,1.10994902037905,7.471264367816092,26.31578947368421,9.56993630167927,1.547126436781609,6.063157894736842,1.9195343285736326,2.783623190938928,23.655267591026913,5.071850238038021,0.011599497017802,0.4480802960067497,0.02507036025677144,0.2162,3.8307,0.6247219717708596
385,1,35.8961586,128.6031679,3921,SPLY_LS,5.663034599944632,219,13,200,31.056709316780676,1.6642026009582478,2.350855578370979,1.597498753365304,1.0,1.0,1.0,1.0,1.4,1.005538561623549,7.471264367816092,26.666666666666668,8.472053205871672,1.547126436781609,3.9746031746031742,1.7796103387265212,3.0235357596606547,22.833904885619297,3.856062334431896,0.0125992246872939,0.0951500233536198,0.016068404550694373,0.7792,8.5128,0.948276187365619
386,2,35.89667880000018,128.6105903499987,72324,SPLY_LS,6.179322267500979,136,13,150,26.261011628846607,1.6337029431895962,1.788062970568104,1.6250922233439662,1.0,1.0,1.0,1.0,1.6,1.0248696046990635,7.471264367816092,14.285714285714286,8.032546100668538,1.547126436781609,3.3000000000000003,1.7119372917252025,5.570236741592351,11.330398627606204,4.862345130333363,0.0232114550140524,0.0472143376011664,0.020261635275355617,2.339,4.8174,1.566935852388299
387,1,35.891303199999996,128.603715,4822,SPLY_LS,7.786725069269138,190,13,150,24.57988236974242,1.705927446954141,1.9878165639972625,1.6152364246306208,1.0,1.0,1.0,1.0,1.6,1.0411831604903912,7.471264367816092,17.857142857142858,8.403505973955095,1.547126436781609,3.3000000000000003,1.7171807970422435,2.4065538775147717,44.320708637351565,4.828110300850426,0.0100282303352979,0.1846866089272758,0.020118977029158717,0.3815,9.828,1.4637804390126816
388,1,35.8945367,128.6084726,38808,SPLY_LS,4.93271391294863,192,20,200,29.160760779078583,1.2001916495550993,1.9612594113620807,1.516199571649881,1.0,1.0,1.0,1.0,1.6,1.0533290194594673,9.523809523809524,17.857142857142858,8.922041604613707,1.7523809523809524,3.9746031746031742,1.7861535997942855,2.7128365972870503,29.499750631236587,4.976616073044343,0.011304525742725,0.1229269358678944,0.020737808007179375,0.9085,7.6894,1.5118349570892229
389,1,35.89315630000001,128.6090031,4701,SPLY_LS,6.304455018291697,130,13,150,35.14756335228006,1.6285010266940452,1.9612594113620807,1.5842568770975622,1.0,1.0,1.0,1.0,1.6,1.1107059882474122,7.471264367816092,17.857142857142858,8.879808216990947,1.547126436781609,3.3000000000000003,1.8522794971810368,4.434683461593844,20.157018752113743,4.961608441684953,0.0184795477186346,0.0839953049909956,0.020675270456923245,1.6668,5.003,1.1217554100436302
390,2,35.89600050000001,128.6017319,177415,SPLY_LS,7.7571483713296985,219,13,300,29.039309555825795,1.7462833675564682,2.350855578370979,1.6049193602382148,1.0,1.0,1.0,1.0,1.0,1.0,7.471264367816092,26.666666666666668,8.937276643741377,1.547126436781609,4.966666666666667,1.7909376534067318,2.6612403586363893,64.6458046407898,4.9593270158271485,0.0110895216364557,0.2693823002284031,0.02066576364130247,0.4924,31.5158,1.5956064149539377
391,4,35.895924150011936,128.5997186999969,36409,PIPE_LM,1.721780989752001,200,25,300,32.91511139931123,1.6726899383983571,2.0606981519507186,1.6333279150568352,1.0,1.0,1.0,1.0,1.2,1.0263787679567595,8.928571428571429,20.833333333333332,8.840752473057668,1.692857142857143,4.966666666666667,1.8226664956998515,2.533187130094787,12.15745498850814,4.044327926591647,0.0105559174304614,0.0506607228098628,0.016852916686503665,0.3078,3.9358,0.983970443130259
392,3,35.89134649999999,128.5973101,175893,SPLY_LS,1.6289859169534928,113,13,500,31.479089834564707,1.607583846680356,1.7526899383983574,1.63139252525416,1.3,1.3,1.3000000000000005,1.2,1.4,1.155044897054294,7.471264367816092,26.31578947368421,8.48211801081746,1.547126436781609,6.063157894736842,1.7713933355401497,5.836665591177481,23.655267591026913,6.121381084866299,0.0243216773517161,0.0985726828151887,0.02550810104969205,1.2792,3.8307,1.114251321957799
393,3,35.89679975000001,128.59945969999995,175940,SPLY_LS,4.58000041870532,209,13,300,36.09121455834862,1.7139767282683094,2.0606981519507186,1.6099429257109241,1.0,1.0,1.0,1.0,1.2,1.0223588352543322,7.471264367816092,20.833333333333332,8.976853700402692,1.547126436781609,4.966666666666667,1.8725840391082165,3.626075919840293,14.045678120391342,4.763777753168046,0.0151100396617704,0.0585290430115767,0.019850900086338854,1.0718,6.0861,1.2700307858491295
394,1,35.8964398,128.6101538,72327,SPLY_LS,3.9650436563026727,180,13,150,23.514045908730743,1.7408624229979468,1.792662559890486,1.6170404559824,1.0,1.0,1.0,1.0,1.6,1.0088956977917116,7.471264367816092,14.285714285714286,8.146828419574874,1.547126436781609,3.3000000000000003,1.6911963459121047,4.170922638556531,11.330398627606204,4.371448106566036,0.0173804431809969,0.0472143376011664,0.01821604283246595,1.3463,4.8174,1.3783135429483069
395,2,35.895280300000074,128.6090393500002,3841,SPLY_LS,5.864539598213965,223,25,150,26.3455002890195,1.59088295687885,1.808213552361396,1.585202379469445,1.0,1.0,1.0,1.0,1.2,1.0277021924364702,8.928571428571429,17.857142857142858,8.630493342448935,1.692857142857143,3.3000000000000003,1.7464971827374616,3.5835460155331615,13.490284710596164,5.227840683865664,0.0149328154240274,0.0562146909032897,0.021784673521702366,0.9452,7.6894,1.7928310464355892
396,1,35.8937019,128.6078629,38795,SPLY_LS,4.052829468785338,147,13,200,34.23859638110875,1.6155236139630391,1.9612594113620807,1.5646277899888894,1.0,1.0,1.0,1.0,1.6,1.031971556495772,7.471264367816092,15.873015873015872,8.60871553639635,1.547126436781609,3.9746031746031742,1.8187109140785422,4.4000036425217885,12.765202636710075,3.751208189683317,0.0183350351785704,0.0531932376473027,0.015631472086819823,1.6672,5.003,0.7805948883099971
397,1,35.89775530000001,128.6038483,177607,SPLY_LS,5.014490529962144,171,13,150,23.059444307671118,1.6471184120465434,1.7526899383983574,1.641768231954841,1.0,1.0,1.0,1.0,1.0,1.0,7.471264367816092,17.857142857142858,8.021946172158637,1.547126436781609,3.3000000000000003,1.6859461551662975,4.286240755119673,11.565210142368242,3.9420732141513093,0.0178609795386214,0.1608660406591712,0.016864437390962703,1.5484,4.3426,1.1822250072006797
398,1,35.8961129,128.6042063,72446,SPLY_LS,4.668269784164309,193,13,200,29.50324098845057,1.6424640657084189,1.7726762491444217,1.617367863344343,1.0,1.0,1.0,1.0,1.4,1.0183895775516443,7.471264367816092,20.0,8.403801693166134,1.547126436781609,3.9746031746031742,1.7631761998903872,3.793784172959136,9.37339816098739,3.4650594932971153,0.0158088883379293,0.0390594188067425,0.014439076161543678,1.262,2.1024,0.731794845852753
399,1,35.89407159999999,128.6047604,143170,SPLY_LS,7.875931440303188,164,13,200,26.67340087102354,1.586776180698152,1.7526899383983574,1.6158748858234946,1.0,1.0,1.0,1.0,1.6,1.0359479358301198,7.471264367816092,20.0,8.17056841809764,1.547126436781609,3.9746031746031742,1.7145143073859839,2.420914666137049,11.895530325604453,3.380173354732646,0.0100880724595263,0.04956926964331,0.01408535137783864,0.4941,2.3902,0.674275470272841
400,1,35.8939066,128.6059705,143963,SPLY_LS,2.707122314575216,171,13,200,28.18677377078463,1.5189322381930186,1.7526899383983574,1.5887134930519438,1.0,1.0,1.0,1.0,1.6,1.014028752212887,7.471264367816092,20.0,8.22212692921428,1.547126436781609,3.9746031746031742,1.7328926537515568,3.6196582542901248,11.895530325604453,3.835792672163385,0.0150832969285396,0.04956926964331,0.015983939854538394,1.3337,3.3345,0.9966523025159866
401,1,35.8971208,128.5994089,71443,SPLY_LS,3.5964809064392007,184,13,300,35.56732113668045,1.7139767282683094,1.7526899383983574,1.6182588379502243,1.0,1.0,1.0,1.0,1.2,1.0156870049333555,7.471264367816092,20.833333333333332,8.981963771690644,1.547126436781609,4.966666666666667,1.8670825834767675,4.374113784566493,14.045678120391342,4.877284584727115,0.0182271508459778,0.0585290430115767,0.020323888728787105,1.4992,6.0861,1.3497798842176272
402,3,35.896921700008726,128.60181425000147,72507,SPLY_LS,5.643961232821767,227,13,300,31.732360554449258,1.6531964407939768,1.772785763175907,1.6387696344744094,1.0,1.0,1.0,1.0,1.2,1.0004629994783274,7.471264367816092,20.833333333333332,8.568352822092258,1.547126436781609,4.966666666666667,1.7985927014562553,8.89937059318652,64.6458046407898,5.30206341661921,0.0370841222303378,0.2693823002284031,0.022093963360223054,4.2717,31.5158,1.7484407373961028
403,1,35.8923369,128.5972486,210449,SPLY_LS,4.421704764475136,127,13,300,24.293134963786763,1.7035728952772071,1.7840657084188911,1.6285253699125635,1.3,1.3,1.3000000000000007,1.2,1.4,1.0713533185708695,7.471264367816092,20.833333333333332,8.013159233143655,1.547126436781609,4.966666666666667,1.6849005971340334,7.194416439133108,19.35919431283192,6.561750281688412,0.0299794930226896,0.0806707306612862,0.027343141511309645,1.6511,6.3829,1.5564577896165903
404,1,35.893004000000005,128.6040576,3953,SPLY_LS,6.509027037298501,122,13,200,35.58649819896772,1.7256399726214922,1.7526899383983574,1.6101989551032336,1.0,1.0,1.0,1.0,1.6,1.1487161787240685,7.471264367816092,25.3968253968254,8.408695377017793,1.547126436781609,3.9746031746031742,1.8114027225233351,3.055155599959475,12.482253272236944,3.8432024494475776,0.0127309861428111,0.0520141734980749,0.01601481676697048,0.7338,2.4829,0.5735698496409752
405,1,35.8938931,128.6055682,178165,PIPE_LM,8.34795249244701,188,40,200,28.293828400137787,1.6926762491444216,1.7526899383983574,1.5823784679544601,1.0,1.0,1.0,1.0,1.6,1.0300908039051015,9.846153846153848,20.0,8.353498185110814,2.0307692307692307,3.9746031746031742,1.742440401517238,2.160801777580743,11.895530325604453,3.6943367623177807,0.0090041690472678,0.04956926964331,0.015394486005416255,0.0457,3.3345,0.8667900602582459
406,2,35.89591025000361,128.6120980999865,211331,SPLY_LS,8.711154592533976,90,13,200,31.07492829916624,1.7023134839151268,1.8070636550308008,1.6005384723269194,1.0,1.0,1.0,1.0,1.6,1.1306425236694158,7.471264367816092,17.857142857142858,8.18222588851382,1.547126436781609,3.3000000000000003,1.7591405460549259,5.302323696092739,15.476603074900533,5.150315825495049,0.0220950479578032,0.6449177884326426,0.024883649079153216,2.0503,4.0667,1.432298970484642
407,2,35.89249300000001,128.6053595,199088,PIPE_LM,5.8225160635319755,167,100,200,42.47944625171864,1.6126762491444215,1.7526899383983574,1.5620972195066978,1.0,1.0,1.0,1.6,1.6,1.1551447011855138,16.3265306122449,25.3968253968254,9.79893630934844,2.840816326530613,3.9746031746031742,1.9561385723756362,5.1356417169384585,16.32730907103399,4.598832867497364,0.0214004758165684,0.0680367132644522,0.019163566500504853,0.1121,4.6252,0.967713735737262
408,1,35.8968703,128.6082485,37754,SPLY_LS,5.734331701635627,210,13,200,24.563653197042004,1.7177549623545518,1.792662559890486,1.643841989945198,1.0,1.0,1.0,1.0,1.2,1.00250926660602,7.471264367816092,15.873015873015872,8.099732856389165,1.547126436781609,3.9746031746031742,1.694785451954632,4.033644827926878,9.307766399472284,4.433866465512089,0.0168083996802126,0.0387859279749209,0.018476143255112078,1.2996,4.3744,1.3996384341322123
409,1,35.891653,128.6026597,178242,SPLY_LS,9.545214268511026,106,20,300,32.380868165700754,1.6133333333333333,1.9878165639972625,1.6323260026929491,1.0,1.3,1.0046578027548394,1.2,1.6,1.1062477578116827,9.523809523809524,20.833333333333332,8.515519203486377,1.7523809523809524,4.966666666666667,1.7969484227791284,3.074557462549585,18.989567325482906,4.428019592496497,0.0128118346743172,0.0791304765236535,0.01845177904291248,0.3409,3.5438,0.8956855823142151
410,1,35.8929457,128.6086222,38791,SPLY_LS,5.239591364315041,133,20,200,31.894617434986436,1.747542778918549,1.9612594113620807,1.5984369970868566,1.0,1.0,1.0,1.0,1.6,1.089424916504544,9.523809523809524,17.857142857142858,8.746399763139454,1.7523809523809524,3.9746031746031742,1.8132746318113264,2.7098662387307844,12.838491104672691,4.268945841252963,0.0112921481101031,0.0534986343577263,0.017788910767793126,0.3093,3.0007,0.8949321664322568
411,2,35.8938925,128.6104273,143921,SPLY_LS,6.304443741169693,117,25,150,27.64646930209479,1.5556194387405886,1.7690075290896647,1.5126597057743314,1.0,1.0,1.0,1.0,1.6,1.14323283622028,8.928571428571429,17.857142857142858,8.978338540296788,1.692857142857143,3.3000000000000003,1.7820244412369355,6.005558461360987,20.157018752113743,5.7846845077663405,0.0250254623864143,0.0839953049909956,0.024105069578087685,2.3338,5.938,1.8422928153613265
412,1,35.89458779999999,128.6061176,246321,SPLY_LS,1.8389078242259218,155,13,200,24.072377408993685,1.6950855578370978,1.755208761122519,1.637244399053268,1.0,1.0,1.0,1.0,1.6,1.0334605517739426,7.471264367816092,20.0,8.141783646063864,1.547126436781609,3.9746031746031742,1.6880921216682447,7.502651504081094,11.895530325604453,4.481099847533657,0.0312639239500811,0.04956926964331,0.01867296711966507,3.3345,4.3946,1.3717903280435015
413,1,35.894502700000004,128.6100288,143905,SPLY_LS,9.821306015802039,178,13,150,26.64963677658454,1.6617932922655716,1.7690075290896647,1.5472369122217258,1.0,1.0,1.0,1.0,1.6,1.0410014041285127,7.471264367816092,17.857142857142858,8.691166993991958,1.547126436781609,3.3000000000000003,1.7613756400658582,7.354956569257451,21.10882891509861,5.740193232553436,0.0306484717719242,0.0879615455306616,0.023919672209711747,3.3343,8.1373,2.02406123864443
414,1,35.897163,128.6040123,3909,SPLY_LS,7.570854022008883,186,13,150,25.89168797089667,1.7250376454483232,1.7726762491444217,1.6350714064485983,1.0,1.0,1.0,1.0,1.0,1.0,7.471264367816092,17.857142857142858,8.073906166023479,1.547126436781609,3.3000000000000003,1.7152842036941356,3.7671445304337783,11.565210142368242,3.6861376026107435,0.015697879615544,0.0481928089237555,0.015360319696959047,1.1386,4.3426,0.9717050670365812
415,1,35.8929347,128.6089261,143882,SPLY_LS,3.756358432244709,113,13,150,39.729070740121166,1.746776180698152,1.9612594113620807,1.6203880652865714,1.0,1.0,1.0,1.0,1.6,1.129457128093635,7.471264367816092,17.857142857142858,8.74264727013276,1.547126436781609,3.3000000000000003,1.8937190383571267,5.351808451687037,20.157018752113743,5.0926901073394735,0.0223012534086024,0.0839953049909956,0.02122149431178892,2.0004,3.0009,1.012169127805409
416,3,35.89170650000224,128.59614160000217,142095,SPLY_LS,5.50173980791592,71,13,500,46.828656231915225,1.7048323066392883,1.7430527036276522,1.5764609644263154,1.3,1.3,1.2999999999999996,1.0,1.4,1.134814261645536,7.471264367816092,26.31578947368421,9.44616991939719,1.547126436781609,6.063157894736842,1.971638880005433,4.601618630878565,34.520087141485476,7.09371139003504,0.0191751749158025,0.143846929122927,0.029559850047845455,1.0333,3.0691,1.0843943011724353
417,1,35.89654939999999,128.6049679,38000,SPLY_LS,4.61934141839403,166,13,200,29.547488518397248,1.7469952087611225,1.7726762491444217,1.6132578916650984,1.0,1.0,1.0,1.0,1.4,1.0304355959485079,7.471264367816092,20.0,8.538654382663069,1.547126436781609,3.9746031746031742,1.7725279204932356,2.970943668565308,11.565210142368242,3.480212890414674,0.012380070814095,0.0481928089237555,0.014502221125002419,0.6654,3.1756,0.7005551534655822
418,1,35.89254290000001,128.59761920000003,142103,SPLY_LS,3.7917988162188525,131,13,300,22.32121463711151,1.6530869267624912,1.7840657084188911,1.6273285280477572,1.3,1.3,1.2812707153331842,1.0,1.4,1.0327560572605428,7.471264367816092,20.833333333333332,8.072682728242992,1.547126436781609,4.966666666666667,1.6732370718150267,6.130380184385635,19.35919431283192,6.180843230631731,0.0255456007473441,0.0806707306612862,0.025755882784203894,1.7936,6.3829,1.5652808513674228
419,1,35.8979762,128.603352,72676,PIPE_LM,4.381709478657901,125,50,100,31.181808034736235,1.6726899383983571,1.7526899383983574,1.6200523287146584,1.0,1.0,1.0,1.0,1.0,1.0,10.95890410958904,14.22222222222222,8.483064099128763,2.16986301369863,2.5777777777777775,1.7956346896301212,2.4678093473468827,7.52436575336309,3.3252659499413055,0.0102834849408618,0.1608660406591712,0.015060708295500875,0.118,3.4158,0.7507337884967726
420,1,35.8917564,128.6040532,107456,SPLY_LS,6.602169229352243,160,13,200,30.141732999212817,1.635619438740589,1.9878165639972625,1.6100678506374289,1.0,1.0,1.0,1.0,1.6,1.049955538505539,7.471264367816092,25.3968253968254,8.471757001685077,1.547126436781609,3.9746031746031742,1.76254490005547,2.2272010693959565,12.482253272236944,3.661835884596593,0.0092808582162264,0.0520141734980749,0.015259053222908173,0.3335,3.0009,0.7480557645799457
421,2,35.89721955000004,128.59947219999995,244052,SPLY_LS,7.006107546901978,184,13,300,36.805123759787556,1.7139767282683094,1.7526899383983574,1.612765349446394,1.0,1.0,1.0,1.0,1.2,1.0145487333041292,7.471264367816092,20.833333333333332,9.116490918809763,1.547126436781609,4.966666666666667,1.8882752423032516,4.351536132589497,14.045678120391342,4.726748524305767,0.018133068641307,0.0585290430115767,0.019696597438208254,1.4863,6.0861,1.2512636941063504
422,1,35.895795,128.6089641,106490,SPLY_LS,6.643033063256275,227,13,150,24.333243129931354,1.7440383299110198,1.7612867898699522,1.6166575371273975,1.0,1.0,1.0,1.0,1.2,1.009044865822372,7.471264367816092,17.857142857142858,8.34684448426636,1.547126436781609,3.3000000000000003,1.7058953993829078,4.595084895076059,13.490284710596164,4.594198961735677,0.0191479485120266,0.0562146909032897,0.019144256783500603,1.5802,7.0042,1.4959208047456796
423,1,35.896433800000004,128.601439,3986,SPLY_LS,5.868097561653043,215,13,300,52.95037227496264,1.6531964407939768,1.792662559890486,1.6205513659069184,1.0,1.0,1.0,1.0,1.0,1.0,7.471264367816092,20.833333333333332,9.990898281335031,1.547126436781609,4.966666666666667,2.086499268547594,5.906635007398052,64.6458046407898,5.122401339958817,0.024613243407578,0.2693823002284031,0.02134530250367533,2.4989,31.5158,1.263408517805805
424,4,35.8944865,128.6061309,246322,SPLY_LS,3.1305659314451635,148,13,200,24.83539647765694,1.581464750171116,1.755208761122519,1.631124406229502,1.0,1.0,1.0,1.0,1.6,1.027363663533844,7.471264367816092,20.0,8.209604723705763,1.547126436781609,3.9746031746031742,1.6986755906407707,6.46150849209148,11.895530325604453,4.433044792633797,0.0269254289619698,0.04956926964331,0.018472719303144633,3.0012,4.3946,1.3468071615373776
425,1,35.8924486,128.6086639,48075,SPLY_LS,6.240225790545717,90,25,200,39.0534826511644,1.4496098562628337,1.7673648186173854,1.6061021816040815,1.0,1.0,1.0,1.6,1.6,1.233393164412965,8.928571428571429,17.857142857142858,8.71273091949133,1.692857142857143,3.9746031746031742,1.8807970193131256,3.541292057386436,12.838491104672691,4.824043543987719,0.0147567410677321,0.0534986343577263,0.020102030649973995,0.3185,2.5722,0.8021972744401933
426,1,35.89300000000001,128.6091518,75978,PIPE_LM,8.182883605912531,108,100,150,34.22059213932528,1.6526488706365503,1.9612594113620807,1.602444789502427,1.0,1.0,1.0,1.6,1.6,1.147322746256006,8.333333333333334,17.857142857142858,8.749188528570041,2.466666666666667,3.3000000000000003,1.8353220719743413,8.711389842135526,20.157018752113743,5.106272953759689,0.0363007970416708,0.0839953049909956,0.021278094711964263,0.272,3.0009,1.1143306182508002
427,1,35.8964003,128.6048753,177338,SPLY_LS,5.68285643215315,166,13,200,28.309170876445418,1.6961806981519507,1.7726762491444217,1.6182671104001551,1.0,1.0,1.0,1.0,1.4,1.0281330441237364,7.471264367816092,20.0,8.472903507866397,1.547126436781609,3.9746031746031742,1.7583600711956444,2.7322826717053883,9.37339816098739,3.3808589622110565,0.0113855585071299,0.0390594188067425,0.014088208338481513,0.5775,2.2777,0.6758198508596679
428,2,35.89741510000001,128.6010253,106361,SPLY_LS,6.046776873411558,198,13,400,65.45852008923352,1.743545516769336,1.792662559890486,1.6238679859698724,1.0,1.0,1.0,1.0,1.2,1.0408449259433543,7.471264367816092,23.255813953488374,9.892048631827327,1.547126436781609,5.451162790697675,2.201581197866579,2.60205368313796,13.1470648457662,5.062700860517674,0.01084288780032,0.1608660406591712,0.021435912029205226,0.4615,4.2717,0.8699057085899483
429,1,35.89646290000001,128.6030102,324777,PIPE_LM,4.055196703963867,218,100,200,41.929311493082935,1.7726762491444217,2.350855578370979,1.6070699205007148,1.0,1.0,1.0,1.0,1.4,1.0058403051618008,8.333333333333334,26.666666666666668,8.519202077805264,2.466666666666667,3.9746031746031742,1.8957354509976272,5.032448831019851,22.833904885619297,4.544304948471348,0.0209704659013012,0.0951500233536198,0.01893634593552749,0.0961,8.5128,1.0969258420839763
430,2,35.89790810000185,128.6076598500008,72419,SPLY_LS,4.3652000838071885,107,13,200,28.704303925587126,1.6672142368240932,1.792662559890486,1.6196331643408106,1.0,1.0,1.0,1.0,1.2,1.0107287068891713,7.471264367816092,25.3968253968254,8.056841049671165,1.547126436781609,3.9746031746031742,1.7309421965326581,2.4082923550423634,9.307766399472284,4.118839326901542,0.0100354746580792,0.0387859279749209,0.017163409417165012,0.4146,3.8646,1.1300635808629138
431,2,35.8984449,128.5990145,325304,SPLY_LS,13.537138155662618,28,20,150,45.6476212363863,1.380889801505818,1.7326488706365502,1.4176037006356372,1.0,1.0,1.0,1.0,1.0,1.0,9.523809523809524,17.857142857142858,10.041287433015706,1.7523809523809524,3.3000000000000003,2.041592918701359,1.709055566465455,6.417850518286161,3.019543444592938,0.0071217199982398,0.0267435040022243,0.012582588510790938,0.045,1.9703,0.3328294866006963
432,2,35.89842070000071,128.60572369999846,245237,PIPE_LM,5.510249058292074,76,25,200,27.260242297594125,1.0934154688569473,1.7726762491444217,1.6123080529782552,1.0,1.0,1.0,1.0,1.2,1.0031050614496064,8.928571428571429,25.3968253968254,8.133583012224632,1.692857142857143,3.9746031746031742,1.7258108830760923,1.5149852760033438,8.106810472562733,4.168704406062004,0.0063130193943697,0.0337814845796925,0.017371199695280632,0.1965,3.8681,1.2196250440996048
433,1,35.8957186,128.6026908,87245,SPLY_LS,4.503175615220362,207,20,300,38.799744155861376,2.350855578370979,2.350855578370979,1.5864860528449651,1.0,1.0,1.0,1.0,1.4,1.0190802713406795,9.523809523809524,26.666666666666668,9.036878577822577,1.7523809523809524,4.966666666666667,1.889417168843034,3.497006661405777,64.6458046407898,4.346369524809937,0.0145722016084109,0.2693823002284031,0.018111539128359205,0.256,31.5158,0.9997419951701227
434,1,35.894809099999996,128.6090867,245203,PIPE_LM,5.233326213348794,216,40,150,29.851497901415517,1.712662559890486,1.808213552361396,1.5415220381747554,1.0,1.0,1.0,1.0,1.2,1.0524178818423227,9.846153846153848,17.857142857142858,8.855728770890973,2.0307692307692307,3.3000000000000003,1.798321515068388,3.3019489854209723,29.499750631236587,5.458313648515096,0.0137593865196984,0.1229269358678944,0.02274506588904481,0.5793,7.6894,1.7841319072698851
435,2,35.891383950002826,128.59802039999164,175891,SPLY_LS,17.956068846725717,89,13,500,39.84056287885057,1.6720328542094456,1.8126488706365504,1.6350779876284636,1.3,1.3,1.2999999999999998,1.0,1.6,1.1061014277924537,7.471264367816092,26.31578947368421,9.271653117922666,1.547126436781609,6.063157894736842,1.8648821664247095,5.716991942414318,23.655267591026913,5.75317944627303,0.0238229912736375,0.4480802960067497,0.02676975534332848,1.5757,6.3829,1.0015520818489674
436,1,35.896833199999996,128.6027983,72532,PIPE_LM,4.923299848470898,218,40,200,27.271699271836642,1.6726899383983571,1.7726762491444217,1.6267974588177492,1.0,1.0,1.0,1.0,1.2,1.0009403362454479,9.846153846153848,17.857142857142858,8.108055067556155,2.0307692307692307,3.9746031746031742,1.7264205486374198,2.671509395689762,12.864716060377829,5.036135249186754,0.011132313227309,0.0536079150593974,0.02098582739012361,0.3083,6.5593,1.7293960303365066
437,1,35.8940179,128.6089717,177111,PIPE_LM,4.588587713576707,182,20,150,26.224465665422322,1.6126762491444215,1.9612594113620807,1.5177212997916967,1.0,1.0,1.0,1.2,1.6,1.0838859234012381,9.523809523809524,14.285714285714286,8.611556365695897,1.7523809523809524,3.3000000000000003,1.7350316533211607,4.09323278275221,29.499750631236587,5.048704150892351,0.0170567056673675,0.1229269358678944,0.021038202631975887,0.7859,7.6894,1.5034423742476268
438,1,35.891814,128.5974542,244026,SPLY_LS,5.572903594171938,144,20,500,24.911804994341296,1.6959069130732374,1.7840657084188911,1.6338077593551967,1.3,1.3,1.2999999999999996,1.0,1.4,1.0774207983496915,9.523809523809524,26.31578947368421,8.650301463816971,1.7523809523809524,6.063157894736842,1.726640135576158,7.629682135703896,23.655267591026913,6.405845088664296,0.0317932669435849,0.0985726828151887,0.026693476776718503,1.922,6.3829,1.4748335284666931
439,1,35.8913034,128.6038482,178251,SPLY_LS,4.918041700604356,184,13,150,25.872939585433873,1.7467214236824091,1.9878165639972625,1.6182625099213415,1.0,1.0,1.0,1.0,1.6,1.0341582277184438,7.471264367816092,17.857142857142858,8.358874907318562,1.547126436781609,3.3000000000000003,1.7269341957307511,4.803170645047644,44.320708637351565,4.692451839756936,0.0200150522364457,0.1846866089272758,0.01955368143885909,1.6929,9.828,1.3752288415818312
440,1,35.894663599999994,128.6006998,2841,SPLY_LS,6.9969190367589,163,13,300,31.91021312191899,1.553538672142368,1.792662559890486,1.5997342085726378,1.0,1.3,1.0011863759780393,1.0,1.6,1.0059177341401369,7.471264367816092,20.833333333333332,9.17360039239775,1.547126436781609,4.966666666666667,1.832920183126473,4.067151545450382,20.300895475071872,4.3397127047592745,0.016948023847469,0.0845948464893982,0.018083799826367094,1.5638,4.8473,1.208504386697902
441,2,35.89559245000005,128.60096819999958,246553,PIPE_LM,4.866206563335924,226,50,300,26.55700525391854,1.792662559890486,1.8126488706365504,1.6422725443597097,1.0,1.0,1.0,1.0,1.0,1.0,12.5,20.833333333333332,8.547960087084709,2.3625,4.966666666666667,1.7456013656415832,5.348834950440738,20.300895475071872,4.752051965397999,0.022288862680234,0.0845948464893982,0.019802038142411712,0.246,4.8473,1.5311778920033612
442,1,35.894312700000015,128.5986161,71366,SPLY_LS,4.650417572997439,204,13,300,41.49971673757905,1.6468446269678303,1.912689938398357,1.612134355753943,1.0,1.3,1.0071976005135646,1.2,1.4,1.0762074551475769,7.471264367816092,20.833333333333332,8.896870213133854,1.547126436781609,4.966666666666667,1.9153805214426676,3.308688835306336,19.35919431283192,4.991806623746894,0.0137874718111632,0.0806707306612862,0.020801107791484415,0.6396,5.2697,1.1143807743655356
443,1,35.8975656,128.6026257,106620,SPLY_LS,4.688017171937704,163,13,200,29.28815626192129,1.5917590691307324,1.7526899383983574,1.6215634954573124,1.0,1.0,1.0,1.0,1.0,1.0,7.471264367816092,15.873015873015872,8.135260363106255,1.547126436781609,3.9746031746031742,1.7441142570342485,2.690857262920648,13.1470648457662,3.594399818013678,0.0112129367574534,0.1608660406591712,0.01643764207042119,0.6555,6.5593,0.8733835034128372
444,2,35.89414850000132,128.59769285,2970,PIPE_LM,6.2819615415873775,129,50,300,31.143897487621587,1.6526488706365503,1.912689938398357,1.6220821023584338,1.0,1.3,1.0077417947250285,1.2,1.4,1.0487297900335655,10.95890410958904,20.833333333333332,8.634057259486129,2.16986301369863,4.966666666666667,1.7992822996317401,3.1865507049448913,19.35919431283192,4.81817608361024,0.0132785161150406,0.0806707306612862,0.020077580649207994,0.2176,5.2523,1.320587299708037
445,1,35.89636960000001,128.6051019,177339,SPLY_LS,3.9957762263072345,169,25,200,32.70597460440177,1.1470773442847364,1.7726762491444217,1.5757575287848424,1.0,1.0,1.0,1.0,1.4,1.049593357386396,8.928571428571429,20.0,8.857983839958502,1.692857142857143,3.9746031746031742,1.8056228272371815,3.575974272359531,9.37339816098739,3.6372128787422797,0.0149012635916357,0.0390594188067425,0.015156447926362959,1.6921,3.1756,0.7635115425865586
446,1,35.8953074,128.6074242,3859,SPLY_LS,4.118596918363123,200,13,200,30.419457586979746,1.705160848733744,1.7526899383983574,1.639031540334897,1.0,1.0,1.0,1.0,1.6,1.0299611048935493,7.471264367816092,15.873015873015872,8.413880806995238,1.547126436781609,3.9746031746031742,1.770988950172869,2.715754874556288,12.765202636710075,3.8048564707451957,0.0113166863500197,0.0531932376473027,0.015855027156418736,0.5597,4.3946,0.8392456022536428
447,2,35.8961547,128.5988809,175952,SPLY_LS,4.163173498326603,143,13,300,34.26774908037064,1.60621492128679,2.0606981519507186,1.5994029430444323,1.0,1.0,1.0,1.0,1.2,1.048234736659713,7.471264367816092,20.833333333333332,8.895655634598427,1.547126436781609,4.966666666666667,1.8459009782184315,4.254918580888728,12.15745498850814,4.658009607335937,0.0177304584724923,0.0506607228098628,0.019410158934249192,1.5942,3.9358,1.2445959591335853
448,1,35.89778999999999,128.6006515,105161,SPLY_LS,1.805043157615917,155,13,400,47.38243828559455,1.6663381245722109,1.792662559890486,1.6346239676560164,1.0,1.0,1.0,1.0,1.2,1.0311411688939327,7.471264367816092,23.255813953488374,9.204388478760936,1.547126436781609,5.451162790697675,1.9860071754736637,3.2453854340633415,13.1470648457662,4.249818168729358,0.0135236833730136,0.1608660406591712,0.018160895414484783,0.9073,3.3927,0.7572980966714541
449,1,35.8972359,128.5996551,210477,SPLY_LS,4.8093144373192525,182,13,300,34.27252999048763,1.6364955509924708,1.772785763175907,1.6223240180187075,1.0,1.0,1.0,1.0,1.2,1.0148929670036182,7.471264367816092,20.833333333333332,9.049594163775797,1.547126436781609,4.966666666666667,1.8609509726191988,4.60501350606436,14.045678120391342,4.638159739694218,0.0191893215304454,0.0585290430115767,0.019327443543292765,1.7557,6.0861,1.2483017786724069
450,1,35.8932312,128.5987044,71423,SPLY_LS,6.1936894822370565,139,13,300,25.491072497318555,1.642135523613963,1.742669404517454,1.6424396969239607,1.0,1.3,1.0309941459365066,1.0,1.4,1.0246026853636896,7.471264367816092,20.833333333333332,8.376308621506357,1.547126436781609,4.966666666666667,1.7265917826546788,4.927243832122249,19.35919431283192,4.675337427521695,0.020532071410645,0.0806707306612862,0.019482364827354243,1.9384,5.2697,1.3664699645880427
451,1,35.8949448,128.6021882,106654,SPLY_LS,8.185160317396099,187,20,300,36.004687000749804,1.673182751540041,1.8126488706365504,1.6118058158346336,1.0,1.3,1.00126947145777,1.0,1.6,1.0308794116075195,9.523809523809524,20.833333333333332,8.708779424360605,1.7523809523809524,4.966666666666667,1.842849972016884,3.884802488615129,20.300895475071872,4.24482432771425,0.0161881662101836,0.0845948464893982,0.017688395214801617,0.9604,4.8473,0.9833498113174705
452,1,35.897676399999995,128.6042341,72666,SPLY_LS,6.104054066239752,175,13,150,22.97680634381777,1.6470636550308009,1.7526899383983574,1.649569721132103,1.0,1.0,1.0,1.0,1.0,1.0,7.471264367816092,17.857142857142858,8.030841090270703,1.547126436781609,3.3000000000000003,1.6826754960924946,4.585808948085915,11.565210142368242,4.248269199356447,0.0191092951771214,0.0481928089237555,0.017702750167178226,1.7266,4.3426,1.3348233290190057
453,1,35.89767749999999,128.6007088,71436,SPLY_LS,3.930167782675671,170,13,400,50.20139618106091,1.6765229295003423,1.792662559890486,1.6324582788803796,1.0,1.0,1.0,1.0,1.2,1.0359701826724146,7.471264367816092,23.255813953488374,9.312450700803575,1.547126436781609,5.451162790697675,2.019007267981247,3.130832646282237,13.1470648457662,4.440867253341508,0.0130463361786903,0.1608660406591712,0.018921583790745225,0.8288,4.0782,0.8062387917184097
454,1,35.8945891,128.599929,36929,SPLY_LS,4.312818955201275,131,13,150,26.359472217298727,1.657741273100616,1.7726762491444217,1.6328998906243655,1.0,1.0,1.0,1.0,1.2,1.0041356681269342,7.471264367816092,17.857142857142858,8.899718994284589,1.547126436781609,3.3000000000000003,1.7704635997882334,1.8490251870053689,10.455344937613788,2.9913009912107045,0.0077049804055107,0.0435679451222835,0.012464900795424531,0.0923,4.6276,0.5617301705223755
455,2,35.89733965000023,128.59910369999943,308935,PIPE_LM,4.707330847091498,147,100,150,49.61480895516813,1.6126762491444215,1.7526899383983574,1.5911151411414775,1.0,1.0,1.0,1.0,1.2,1.012109534071058,16.3265306122449,17.857142857142858,9.699177732341782,2.840816326530613,3.3000000000000003,2.0486322183190753,3.860909498217659,14.045678120391342,4.893281879136639,0.0160886029245478,0.0585290430115767,0.020390550254456276,0.3377,6.0861,1.0761211637527177
456,1,35.89799540000001,128.6018406,177133,SPLY_LS,5.324288921546963,108,13,400,64.37668600480393,1.723340177960301,1.792662559890486,1.6232581280352862,1.0,1.0,1.0,1.0,1.2,1.024323301371551,7.471264367816092,23.255813953488374,9.56112082047341,1.547126436781609,5.451162790697675,2.157130335987661,2.3059986078855133,13.1470648457662,4.229700823420789,0.0096092114989893,0.1608660406591712,0.024539022762498124,0.3104,3.1591,0.49847964331435685
457,1,35.897597100000006,128.5998212,142136,SPLY_LS,5.8921492239853785,162,13,300,31.98350583116148,1.7087748117727584,1.792662559890486,1.6311325047316427,1.0,1.0,1.0,1.0,1.2,1.0156574308627908,7.471264367816092,20.833333333333332,8.88719796738755,1.547126436781609,4.966666666666667,1.8289494870232834,2.960735644775316,14.045678120391342,4.029699238101295,0.0123375334685609,0.0585290430115767,0.016791958210129958,0.6968,6.0861,0.9419296112080409
458,1,35.8974838,128.601452,4007,PIPE_LM,7.663100118529309,194,100,400,58.108289689450174,1.6126762491444215,1.792662559890486,1.62842380607654,1.0,1.0,1.0,1.0,1.2,1.0208423277867973,8.333333333333334,23.255813953488374,9.346428481822539,2.466666666666667,5.451162790697675,2.0923974343960827,4.881462956851472,13.1470648457662,4.786040883914786,0.0203413002143479,0.1608660406591712,0.02042154392703806,0.1687,4.2717,0.9262654268004209
459,1,35.89496929999999,128.6009156,37774,PIPE_LM,5.732392693072923,223,50,300,32.20841452694747,1.1649281314168378,1.792662559890486,1.6047383476233867,1.0,1.3,1.0007567612785013,1.0,1.6,1.0032279219928912,17.857142857142858,20.833333333333332,9.056605613637217,2.585714285714286,4.966666666666667,1.8279884555787036,2.802104415951294,20.300895475071872,4.952725820252793,0.0116765092064898,0.0845948464893982,0.02063825612928435,0.3111,4.8473,1.5471294701501166
460,1,35.8900323,128.6015069,4784,SPLY_LS,4.152958585665703,100,40,400,41.913062016666416,1.5938398357289527,1.8396988364134157,1.632775719909264,1.0,1.3,1.0059967601667585,1.0,1.6,1.1157811547347942,9.846153846153848,20.833333333333332,9.060790866955083,2.0307692307692307,4.966666666666667,1.9052130471583033,4.415015503977646,18.989567325482906,4.173735203950512,0.01839759035585,0.4132250031541143,0.02102276963397149,1.2691,3.3489,0.7730267496715097
461,2,35.8978824,128.6045353,38163,SPLY_LS,5.04265948948434,162,13,150,22.465163960724883,1.611690622861054,1.7726762491444217,1.6488510645208336,1.0,1.0,1.0,1.0,1.0,1.0,7.471264367816092,17.857142857142858,8.01913651922353,1.547126436781609,3.3000000000000003,1.678237495679731,2.8604909742219555,11.565210142368242,4.577189943417261,0.0119198089141316,0.0481928089237555,0.01907337935371684,0.7381,4.3426,1.5225766544926922
462,1,35.8960685,128.6103505,3777,PIPE_LM,6.5741367712026095,199,80,150,25.48447345062821,1.6726899383983571,1.788062970568104,1.5989700828818112,1.0,1.0,1.0,1.0,1.6,1.0116735521236826,6.666666666666667,14.285714285714286,8.276300227161581,2.1333333333333337,3.3000000000000003,1.7160978555081765,4.255958156874132,13.490284710596164,4.715349376416975,0.0177347904376023,0.0562146909032897,0.019649096618998316,0.1487,7.0042,1.5636720079644506
463,1,35.89207579999999,128.6077697,178124,SPLY_LS,7.044414622142066,113,13,200,43.23825895927365,1.671978097193703,1.7526899383983574,1.5943208460940925,1.0,1.0,1.0,1.0,1.6,1.1530129681070331,7.471264367816092,17.857142857142858,9.293568402048827,1.547126436781609,3.9746031746031742,1.9570489523707166,2.846271855994933,12.765202636710075,4.359617271132795,0.0118605571375236,0.0531932376473027,0.018166743149673873,0.6671,2.6675,0.6753613273503082
464,1,35.89544070000001,128.6032973,245448,SPLY_LS,5.645170979604507,189,13,300,35.05936777188737,1.66403832991102,2.350855578370979,1.5836786471737943,1.0,1.0,1.0,1.0,1.6,1.047240625288273,7.471264367816092,26.666666666666668,8.633538294197654,1.547126436781609,4.966666666666667,1.8274567940872177,2.927061933210501,22.833904885619297,3.541292882764774,0.0121972134287848,0.0951500233536198,0.014756744507124902,0.7226,8.5128,0.6306828119127101
465,2,35.8968842,128.5999283,142130,SPLY_LS,3.8228602434453527,210,13,300,36.20349169578086,1.7028062970568103,1.772785763175907,1.6314602036840837,1.0,1.0,1.0,1.0,1.2,1.0244859339446313,7.471264367816092,20.833333333333332,8.975879749623648,1.547126436781609,4.966666666666667,1.8704903893901585,4.2014601096549,14.045678120391342,4.573023772275019,0.0175076943499374,0.0585290430115767,0.01905601871025858,1.4163,6.0861,1.173965954983872
466,1,35.8957652,128.6007278,71262,PIPE_LM,3.150095480830849,230,100,300,31.80426087366303,1.7526899383983574,1.792662559890486,1.6452261972796467,1.0,1.0,1.0,1.0,1.0,1.0,8.333333333333334,20.833333333333332,8.64851292440196,2.466666666666667,4.966666666666667,1.7997928306456952,5.195419913347023,20.300895475071872,4.4286217622627335,0.0216495745499127,0.0845948464893982,0.018454288314436885,0.1445,4.8473,1.2886642372214594
467,2,35.89546115000002,128.60031754999991,142163,SPLY_LS,5.482265899581903,212,13,300,24.1042747947523,1.6577960301163586,1.792662559890486,1.6524744839163734,1.0,1.0,1.0,1.0,1.2,1.000978630679004,7.471264367816092,20.833333333333332,8.535343939299938,1.547126436781609,4.966666666666667,1.7191291511071232,4.1941738749162525,10.455344937613788,4.077754928792662,0.0174773322454697,0.0435679451222835,0.016992208676025407,1.4776,4.6276,1.2328694690678406
468,1,35.894752,128.6016487,38089,SPLY_LS,6.0992155976161,177,13,300,32.917023762884384,1.6274058863791925,1.8126488706365504,1.6099530019421702,1.0,1.3,1.001694571468965,1.0,1.6,1.0099827396745915,7.471264367816092,20.833333333333332,8.797828495725941,1.547126436781609,4.966666666666667,1.8179018838167174,3.805034595518176,20.300895475071872,4.728005523610534,0.015855769411254,0.0845948464893982,0.019701835417161216,1.2897,4.8473,1.3585688685776425
469,2,35.896246850001596,128.60209519999754,38071,SPLY_LS,9.587940032182347,239,13,300,32.11605057001632,1.0779192334017795,2.350855578370979,1.578726546656603,1.0,1.0,1.0,1.0,1.2,1.001054289012019,7.471264367816092,26.666666666666668,9.154549889883306,1.547126436781609,4.966666666666667,1.8355489767785433,2.205589758582472,64.6458046407898,5.405642798065576,0.009190802803501,0.2693823002284031,0.02252558382167911,1.0038,31.5158,1.7721207348581403
470,2,35.89680680000001,128.6061739,37988,PIPE_LM,5.509876399046603,183,100,200,32.138372066141756,1.712662559890486,1.7463928815879537,1.646092409503077,1.0,1.0,1.0,1.0,1.4,1.01114150239744,8.333333333333334,20.0,8.147046787302934,2.466666666666667,3.9746031746031742,1.7717763183902744,5.224924143874059,8.837926571575123,4.319580612000432,0.0217725201537304,0.0368280819200821,0.01799990838923633,0.1779,3.8918,1.158602796541431
471,1,35.8977913,128.6005239,210467,SPLY_LS,3.245029785967949,147,13,400,44.379519830827064,1.701492128678987,1.792662559890486,1.6351131197036382,1.0,1.0,1.0,1.0,1.2,1.029028414835881,7.471264367816092,23.255813953488374,9.168205932759927,1.547126436781609,5.451162790697675,1.9589566698325918,3.9176182447628776,13.1470648457662,4.198182778962864,0.0163249111068391,0.05478447656555,0.01749403754907717,1.2548,3.3927,0.7816627493143409
472,1,35.8946727,128.6005333,71260,PIPE_LM,6.40051980829496,165,50,300,30.592099974415518,1.156824093086927,1.792662559890486,1.6059287050924642,1.0,1.3,1.000952959524919,1.0,1.6,1.0049646988997905,17.857142857142858,20.833333333333332,9.184614421127895,2.585714285714286,4.966666666666667,1.8212403075990715,2.7342215127956497,20.300895475071872,4.0137085422822745,0.0113936377548951,0.0845948464893982,0.016725324181117295,0.2883,4.8473,1.061630905893855
473,1,35.896460000000005,128.6070414,143111,SPLY_LS,4.944858673369897,213,13,200,24.282230223765485,1.639835728952772,1.7526899383983574,1.6517532977193972,1.0,1.0,1.0,1.0,1.2,1.0017957624037461,7.471264367816092,16.3265306122449,7.913522370566659,1.547126436781609,3.9746031746031742,1.6808638915166263,2.905587956628103,9.307766399472284,3.742435076981517,0.0121077302946671,0.0387859279749209,0.015594914087535782,0.7352,4.3744,0.9819741055057571
474,1,35.8960789,128.5986907,210488,SPLY_LS,7.71216672071422,130,13,300,33.22948074079186,1.6518275154004107,2.0606981519507186,1.6011797282331637,1.0,1.0,1.0,1.0,1.2,1.059824337107328,7.471264367816092,20.833333333333332,8.856484298698865,1.547126436781609,4.966666666666667,1.8339720532486221,6.418055972687692,12.15745498850814,4.669052304933945,0.0267443601409882,0.0506607228098628,0.019456174407274946,2.805,3.9358,1.2684296628943714
475,1,35.890119500000004,128.603841,178224,SPLY_LS,5.641143739010636,150,13,200,22.046055044467348,1.6271868583162217,1.862532511978097,1.5971352352202803,1.0,1.0,1.0,1.0,1.6,1.0998297495875635,7.471264367816092,17.857142857142858,8.3145771232703,1.547126436781609,3.9746031746031742,1.6842532962049495,6.778420528174008,44.320708637351565,6.052522947292449,0.0282460172619275,0.1846866089272758,0.02522116574751494,3.0795,9.828,2.1750892568455913
476,2,35.8951971,128.6068576,143082,SPLY_LS,6.140994064567949,176,13,200,26.613235141209127,1.7461190965092404,1.755208761122519,1.6386496019740968,1.0,1.0,1.0,1.0,1.6,1.0388384212075321,7.471264367816092,15.873015873015872,8.244245513751311,1.547126436781609,3.9746031746031742,1.7225860150175507,7.557183124225611,12.765202636710075,4.342082295911065,0.0314911599378043,0.0531932376473027,0.018093674031176163,3.2384,4.3946,1.2030398992718898
477,1,35.895904800000004,128.6015921,106644,SPLY_LS,5.661335534890629,227,13,300,30.19037458882304,1.643832991101985,1.8126488706365504,1.6216454814277868,1.0,1.0,1.0,1.0,1.0,1.0,7.471264367816092,20.833333333333332,8.784556050003813,1.547126436781609,4.966666666666667,1.793300702565735,4.117890475723278,64.6458046407898,4.595920123420835,0.0171594555068626,0.2693823002284031,0.01915142895030075,1.4532,31.5158,1.3873596215983492
478,2,35.89641495000031,128.60241514999962,106639,SPLY_LS,5.260702614931551,244,13,300,36.041215745330796,1.664476386036961,2.350855578370979,1.6123010092514285,1.0,1.0,1.0,1.0,1.4,1.0021291396038006,7.471264367816092,26.666666666666668,8.624335242758107,1.547126436781609,4.966666666666667,1.8412750695811593,4.792868226514287,64.6458046407898,5.086286763521312,0.0199721215432963,0.2693823002284031,0.021194811257931434,1.8199,31.5158,1.5234888054883573
479,1,35.896703699999996,128.6010457,141956,PIPE_LM,5.0458124567816265,217,40,300,38.19071254806708,1.6526488706365503,1.792662559890486,1.6383936171195024,1.0,1.0,1.0,1.0,1.2,1.0119033472292056,9.846153846153848,20.833333333333332,9.0114554564749,2.0307692307692307,4.966666666666667,1.8878455987715999,2.348778734029751,64.6458046407898,4.544232051202787,0.0097874784236386,0.2693823002284031,0.018936042168964547,0.1642,31.5158,1.1896509419015406
480,1,35.889404000000006,128.603045,212361,SPLY_LS,9.31538217820211,139,13,200,24.609493975372473,1.635893223819302,2.160793976728268,1.613073343134465,1.0,1.0,1.0,1.6,1.6,1.1744447256372736,7.471264367816092,16.3265306122449,8.244150518910319,1.547126436781609,3.9746031746031742,1.7052518733671609,3.6247897347087705,12.69137420831549,4.955714926319462,0.0151046800640181,0.052885590894761,0.020650711883719475,0.3562,4.6374,1.442064533171838
481,1,35.89733720000001,128.5989698,308935,PIPE_LM,5.219947597073722,133,100,150,43.08031736315349,1.6126762491444215,1.7526899383983574,1.5945660165236848,1.0,1.0,1.0,1.0,1.2,1.0069313324023634,16.3265306122449,17.857142857142858,9.481141456734049,2.840816326530613,3.3000000000000003,1.968874846114668,3.860909498217659,14.045678120391342,4.601439248296813,0.0160886029245478,0.0585290430115767,0.01917442741961521,0.3377,6.0861,1.0783786153261619
482,2,35.8907982,128.6036585,73321,SPLY_LS,11.932318144183869,213,13,200,23.219544651681407,1.7261875427789186,1.862532511978097,1.6120621659881418,1.0,1.0,1.0,1.2,1.6,1.066900833504078,7.471264367816092,17.857142857142858,8.384626749191288,1.547126436781609,3.9746031746031742,1.7025031886160786,3.5256310236215107,44.320708637351565,6.259782263350777,0.014691480756982,0.1846866089272758,0.02608482568049582,0.6668,9.828,2.159409986794378
483,2,35.89610100000012,128.6081979500004,106488,SPLY_LS,5.888255180545187,234,13,200,24.485825692595363,1.6828747433264888,1.7526899383983574,1.636316186260088,1.0,1.0,1.0,1.0,1.2,1.0019638458108657,7.471264367816092,15.873015873015872,8.230351521469538,1.547126436781609,3.9746031746031742,1.7000653337863887,5.815393726142453,10.699904903618648,4.298526059934062,0.0242330364265219,0.044587038728624,0.01791217301804819,2.3841,5.2399,1.3248027341740234
484,2,35.897032250000024,128.60383210000026,106558,SPLY_LS,5.340533946517605,195,13,150,28.459147261977325,1.7356605065023958,1.7726762491444217,1.6246459502531105,1.0,1.0,1.0,1.0,1.0,1.0,7.471264367816092,17.857142857142858,8.144688584329138,1.547126436781609,3.3000000000000003,1.7433330486887655,4.0739184106042785,11.565210142368242,3.633260307456598,0.0169762217129085,0.0481928089237555,0.015139977364186959,1.2986,4.9754,0.9078379638942364
485,1,35.89413940000001,128.6100548,73269,SPLY_LS,6.922453440305311,150,20,150,26.64327248267308,1.2672689938398358,1.7690075290896647,1.5203007744953196,1.0,1.0,1.0,1.0,1.6,1.0613278578977172,9.523809523809524,17.857142857142858,8.700897579844407,1.7523809523809524,3.3000000000000003,1.7592325692750788,4.000779897974803,20.157018752113743,5.306774225882633,0.0166714498738559,0.0839953049909956,0.022113593537964178,1.6656,5.938,1.812181760533371
486,1,35.8955524,128.6011078,177404,SPLY_LS,4.323235738796712,232,13,300,27.346911619412708,1.6271321013004791,1.8126488706365504,1.6321419102040498,1.0,1.0,1.0,1.0,1.0,1.0,7.471264367816092,20.833333333333332,8.587688834484261,1.547126436781609,4.966666666666667,1.7507555140591224,7.3736830895989565,64.6458046407898,4.917544906294509,0.0307265061185133,0.2693823002284031,0.020491655501774456,3.4379,31.5158,1.6351232944413394
487,2,35.89592225000002,128.60743305000017,37942,SPLY_LS,5.929964819677026,228,13,200,28.507291627872316,1.742505133470226,1.7526899383983574,1.644902330647682,1.0,1.0,1.0,1.0,1.2,1.0114340723614235,7.471264367816092,15.873015873015872,8.208536178621426,1.547126436781609,3.9746031746031742,1.7397012469540223,2.6860871328708513,9.639459671027591,3.686849851105793,0.0111930593870294,0.0401681104221555,0.015363287672050354,0.5096,4.3744,0.8629805452189973
488,2,35.896744200009486,128.60209860000472,211493,SPLY_LS,2.5852023601019307,229,13,300,30.223882695916558,1.6772895277207391,1.7726762491444217,1.638081968761332,1.0,1.0,1.0,1.0,1.2,1.0004990267143123,7.471264367816092,20.833333333333332,8.359071111502159,1.547126436781609,4.966666666666667,1.7697256339924814,5.506125908559495,64.6458046407898,5.156962300190336,0.0229443019672628,0.2693823002284031,0.021489319753008083,2.2148,31.5158,1.6724412074599406
489,1,35.8968028,128.6106865,211328,PIPE_LM,5.868869902617649,122,150,150,33.00475710329058,1.6926762491444216,1.788062970568104,1.6329584957465366,1.0,1.0,1.0,1.6,1.6,1.0515183765037734,12.5,14.285714285714286,8.200729665992663,3.3000000000000003,3.3000000000000003,1.7919104784315167,11.330398627606204,11.330398627606204,5.145408278946848,0.0472143376011664,0.0472143376011664,0.021441173568785415,0.1834,4.8174,1.4653037309914851
490,1,35.89775869999999,128.5998382,142135,SPLY_LS,3.8316827834681146,135,13,300,32.178636305876275,1.7087748117727584,1.7526899383983574,1.625139463608937,1.0,1.0,1.0,1.0,1.2,1.013520053695702,7.471264367816092,20.833333333333332,8.955610094728467,1.547126436781609,4.966666666666667,1.840494933689506,2.786944231397415,14.045678120391342,3.828950799863782,0.0116133359594445,0.0585290430115767,0.015955429430572314,0.5972,6.0861,0.8070642884105081
491,2,35.89685555000346,128.60293010000933,3961,SPLY_LS,2.990726547551242,216,13,200,27.870204298861033,1.664476386036961,1.7726762491444217,1.6274740443614775,1.0,1.0,1.0,1.0,1.2,1.0009383496111677,7.471264367816092,15.873015873015872,8.132208216374469,1.547126436781609,3.9746031746031742,1.7328330735653463,4.173852442941641,12.864716060377829,4.651485724818012,0.0173926518223599,0.0536079150593974,0.019382973589602854,1.4557,6.5593,1.5005792747758742
492,1,35.8916538,128.59781210000003,193326,PIPE_LM,4.170127522964748,120,80,500,28.692159565181534,1.5126899383983572,1.7840657084188911,1.6397190550383887,1.3,1.3,1.2999999999999994,1.0,1.4,1.053671241231951,14.22222222222222,26.31578947368421,8.914050605573351,2.5777777777777775,6.063157894736842,1.7694500437000547,3.5703890515262677,23.655267591026913,5.716635332498317,0.0148779896971625,0.0985726828151887,0.02382150526228705,0.1306,6.3829,1.2441835889578439
493,1,35.89417900000001,128.6107778,4733,SPLY_LS,7.081802519397654,106,13,150,31.43654217612473,1.5663518138261463,1.7690075290896647,1.518559098531252,1.0,1.0,1.0,1.6,1.6,1.178290848369281,7.471264367816092,17.857142857142858,9.044509404989757,1.547126436781609,3.3000000000000003,1.8265303566249966,6.57621289800436,21.10882891509861,6.277751024940948,0.027403407956629,0.0879615455306616,0.02615970240848012,1.5697,8.1373,1.9796944581375302
494,1,35.89612350000001,128.6038212,143144,SPLY_LS,7.594391350688745,198,13,200,31.723678065116413,1.6565913757700206,1.7726762491444217,1.6050079225531328,1.0,1.0,1.0,1.0,1.4,1.0144317256776874,7.471264367816092,16.3265306122449,8.421150316611785,1.547126436781609,3.9746031746031742,1.7854803324710171,3.1565391384506603,12.679749726974537,3.3888460548205113,0.0131534564168808,0.0528371510997892,0.01412149095273976,0.866,3.8423,0.6622708444597708
495,1,35.8974632,128.6090917,177241,SPLY_LS,5.1828544693506355,106,13,150,26.379193433785737,1.6460780287474333,1.792662559890486,1.5913574973885445,1.0,1.0,1.0,1.2,1.6,1.0538077793313096,7.471264367816092,14.285714285714286,8.133459212902501,1.547126436781609,3.3000000000000003,1.714178095588266,2.5590262873079417,11.330398627606204,3.8408095787331042,0.0106635904905265,0.0472143376011664,0.016004845555059745,0.2687,3.916,0.98497884935873
496,1,35.895846399999996,128.6083828,37931,SPLY_LS,5.592354794951868,233,13,200,23.986263637252303,1.6823819301848049,1.7526899383983574,1.6206529910794323,1.0,1.0,1.0,1.0,1.2,1.0050769364311598,7.471264367816092,17.857142857142858,8.357789249859465,1.547126436781609,3.9746031746031742,1.7034566613356044,7.280126850230615,10.699904903618648,4.6124223645509685,0.0303366525912534,0.044587038728624,0.019220194614202074,3.2377,5.2399,1.5229745105392392
497,1,35.894109400000005,128.6089934,37742,PIPE_LM,4.863057479296952,186,25,150,26.052178517803252,1.6726899383983571,1.9612594113620807,1.5279453560660647,1.0,1.0,1.0,1.2,1.6,1.076227315827254,8.928571428571429,17.857142857142858,8.58222936851043,1.692857142857143,3.3000000000000003,1.7295526304416295,3.0579547224523935,29.499750631236587,4.94910568080456,0.0127426502261952,0.1229269358678944,0.020623170827196606,0.3156,7.6894,1.4429479102418026
498,1,35.8967557,128.6055623,72405,SPLY_LS,6.247403664231866,156,13,200,31.77013809012432,1.661902806297057,1.7526899383983574,1.6253137158333408,1.0,1.0,1.0,1.0,1.4,1.0312320372948247,7.471264367816092,20.0,8.342235935946732,1.547126436781609,3.9746031746031742,1.7756121458380631,2.66858117704313,11.565210142368242,3.834043148719537,0.0111201111937975,0.0481928089237555,0.015976649502871684,0.5725,3.1756,0.8604782089021743
499,1,35.8964393,128.5999479,105155,SPLY_LS,2.2698752585249182,194,20,300,47.04992723967284,1.1313620807665985,2.0606981519507186,1.5815747791878525,1.0,1.0,1.0,1.0,1.2,1.032169643285894,9.523809523809524,20.833333333333332,9.353311807111046,1.7523809523809524,4.966666666666667,1.9964121675420983,4.817722513058046,12.29989176013464,4.624451922694638,0.0200756905980385,0.051254263959069,0.01927032238446463,2.5955,6.0861,1.0795772835876225
500,1,35.8954636,128.6044445,211478,PIPE_LM,4.7249702956471324,179,80,300,37.36731255758577,1.6726899383983571,1.7726762491444217,1.6016195901487187,1.0,1.0,1.0,1.0,1.6,1.0661863839019485,6.666666666666667,20.833333333333332,8.72356588858996,2.1333333333333337,4.966666666666667,1.8552183728316156,4.0592215170813075,11.895530325604453,3.6790577664440067,0.0169149790227536,0.04956926964331,0.015330817665660445,0.0956,2.1024,0.6399486761335874
501,1,35.8965219,128.6082196,211434,PIPE_LM,4.6295925545493715,225,80,200,26.578259934681963,1.7326488706365502,1.792662559890486,1.6528740718095036,1.0,1.0,1.0,1.0,1.2,1.0015198976219075,6.666666666666667,15.873015873015872,8.16475314586925,2.1333333333333337,3.9746031746031742,1.7178209063017513,4.263446430063447,9.307766399472284,4.469369571778738,0.0177659944463958,0.0387859279749209,0.01862408647408055,0.1109,4.3744,1.365313448278625
502,1,35.892336500000006,128.6053714,143933,SPLY_LS,5.0696394132176446,171,13,200,37.193828973307575,1.6354551676933609,1.7526899383983574,1.5664691372943094,1.0,1.0,1.0,1.2,1.6,1.136376453580748,7.471264367816092,25.3968253968254,9.338787389022345,1.547126436781609,3.9746031746031742,1.8830881672019986,3.4892151386112986,16.32730907103399,4.42444465157198,0.0145397339433502,0.0680367132644522,0.018436882085332968,0.7411,4.6252,0.9808255234612537
503,1,35.89013719999999,128.6023267,212340,PIPE_LM,9.619439808976377,167,40,150,22.558907056647836,1.6926762491444216,1.8396988364134157,1.6273691691968333,1.0,1.0,1.0,1.2,1.6,1.0616854039709014,9.846153846153848,17.857142857142858,8.301710763323568,2.0307692307692307,3.3000000000000003,1.693405054802493,3.1057521963315065,11.235439915270032,4.641451731173499,0.0129418246897232,0.0468186398989259,0.01934116143638646,0.2525,5.3357,1.4884740122025186
504,2,35.8917425,128.5959329,324893,PIPE_LM,7.450683996843832,56,80,500,74.49791532140556,1.712662559890486,1.7430527036276522,1.5767523660044285,1.3,1.3,1.3,1.2,1.4,1.17122101274652,6.666666666666667,26.31578947368421,10.290646753652359,2.1333333333333337,6.063157894736842,2.2787267407882768,6.872521577861954,34.520087141485476,8.875836134723038,0.0286381410410296,0.143846929122927,0.03698605296519759,0.1613,3.0691,1.0104814684974597
505,1,35.8918381,128.5971107,142097,SPLY_LS,0.3503819888261311,147,13,500,25.39307353532682,1.6072005475701574,1.7840657084188911,1.6224848815781212,1.3,1.3,1.3000000000000007,1.0,1.4,1.0869346458510136,7.471264367816092,26.31578947368421,8.356388040830343,1.547126436781609,6.063157894736842,1.7171185358431829,6.961476012596364,23.655267591026913,6.514720914376117,0.0290088186182896,0.0985726828151887,0.027147167786250925,2.2629,6.3829,1.5365296945650555
506,1,35.893978000000004,128.6084855,246265,SPLY_LS,6.79333296520532,173,13,200,26.887222924638234,1.6876386036960986,1.9612594113620807,1.5515335141109963,1.0,1.0,1.0,1.0,1.6,1.050503263015583,7.471264367816092,15.873015873015872,8.618653604738114,1.547126436781609,3.9746031746031742,1.7400250277409681,5.17079386945785,29.499750631236587,4.3593443294812575,0.0215469565937243,0.1229269358678944,0.018165605788164823,2.0005,7.6894,1.1586035875518321
507,3,35.89199949999999,128.597909,2817,SPLY_LS,6.669824324725894,122,13,100,20.96734637397288,1.739110198494182,1.7840657084188911,1.6439793827385174,1.3,1.3,1.2959833241263374,1.0,1.4,1.0353040170516443,7.471264367816092,17.857142857142858,8.284181401485062,1.547126436781609,2.585714285714286,1.6687057630248865,4.461891896749584,15.680220628293926,5.980901661233686,0.0185929266283503,0.0653402633691322,0.02492271626744379,0.9327,6.3829,1.477371525880868
508,1,35.891181399999994,128.6047287,212380,SPLY_LS,5.74767330954938,154,20,200,36.27290593531723,1.13678302532512,1.7582751540041066,1.5632472028472932,1.0,1.0,1.0,1.0,1.6,1.0626447412316258,9.523809523809524,25.3968253968254,9.309183024212675,1.7523809523809524,3.9746031746031742,1.8816316183640398,2.244367909145432,12.69137420831549,3.5319388269697876,0.0093523932958044,0.052885590894761,0.014717765688924415,0.667,2.6129,0.6048697966729375
509,2,35.893977899999996,128.6008284,210313,PIPE_LM,39.78423743653414,62,100,300,50.706201931934444,1.6126762491444215,1.7417932922655717,1.5898855009512964,1.0,1.3,1.0050328949186487,1.0,1.6,1.0213573417419002,16.3265306122449,20.833333333333332,10.00964734397052,2.840816326530613,4.966666666666667,2.0600871105812577,2.986381892655911,18.989567325482906,4.479573807921044,0.0124444026657918,0.0791304765236535,0.01866660803629735,0.0347,4.1851,0.898157863958583
510,1,35.89584430000001,128.5989974,299651,PIPE_LM,9.953303671002539,162,150,300,45.918489573251634,1.4330184804928132,2.0606981519507186,1.6102665984903615,1.0,1.0,1.0,1.2,1.2,1.0795464483860546,12.5,20.833333333333332,9.323089479709818,3.3000000000000003,4.966666666666667,1.9895624748630876,9.3110388004507,12.15745498850814,4.645876180271352,0.038799564233418,0.0506607228098628,0.0193595983369997,0.5316,3.9358,0.9476962768107706
511,1,35.8964077,128.5995189,406711,SPLY_LS,9.762056485220135,190,50,300,41.00360509077518,1.6869815195071869,2.0606981519507186,1.6045357026088738,1.0,1.0,1.0,1.2,1.2,1.0442004683314798,12.5,20.833333333333332,9.196250899716407,2.3625,4.966666666666667,1.9319676194390227,9.554782419668465,12.29989176013464,4.832356114062035,0.0398152560818794,0.051254263959069,0.02013666954510214,0.971,6.0861,1.1640348007066912
512,1,35.8952046,128.6036947,162065,SPLY_LS,5.6220611131125215,172,13,300,33.83616637640983,1.760684462696783,1.8126488706365504,1.586421334670595,1.0,1.0,1.0,1.0,1.6,1.0817902654066514,7.471264367816092,20.833333333333332,8.731739950678262,1.547126436781609,4.966666666666667,1.8234593074227103,2.6035398439973956,12.903932005017538,3.397906238725914,0.0108490807069293,0.0537713298615083,0.014159245192082767,0.4481,1.7929,0.5461466064825351
513,1,35.896959400000014,128.6005758,36469,SPLY_LS,3.869672602050332,216,13,400,46.435385512618204,1.7201642710472278,1.792662559890486,1.638656844868751,1.0,1.0,1.0,1.0,1.2,1.0312396939970394,7.471264367816092,23.255813953488374,9.236808684782144,1.547126436781609,5.451162790697675,1.9769993141065714,2.1545522284706933,12.969072573353785,4.496548735658581,0.0089781268636488,0.0540427738667938,0.018737343408926032,0.2266,6.0861,0.948719082892565
514,2,35.89526155000017,128.6008773500011,38065,SPLY_LS,5.993749775113988,231,13,300,26.235828283168885,1.7250376454483232,1.792662559890486,1.6329458561901002,1.0,1.0,1.0,1.0,1.2,1.000431385728705,7.471264367816092,20.833333333333332,8.567963047135022,1.547126436781609,4.966666666666667,1.7407202125821188,4.932024675377133,20.300895475071872,4.698199009083965,0.0205519934235302,0.0845948464893982,0.01957763018080327,1.7999,4.8473,1.5149004745692938
515,1,35.8897958,128.6022121,212338,PIPE_LM,5.5402266455760625,165,25,400,23.288938860761714,1.6526488706365503,1.8396988364134157,1.6333917851337463,1.0,1.0,1.0,1.0,1.6,1.0805664115060272,8.928571428571429,17.857142857142858,8.177385184340555,1.692857142857143,3.9746031746031742,1.6798469895478445,2.263040029264196,12.69137420831549,4.386401769612245,0.0094302009539453,0.338717356431557,0.019231465519014508,0.1825,4.6374,1.2612288818520494
516,1,35.89553810000001,128.6017356,245498,SPLY_LS,3.656466707500619,223,13,300,25.802224331817246,1.5942231348391511,2.350855578370979,1.6192887313014108,1.0,1.0,1.0,1.0,1.0,1.0,7.471264367816092,26.666666666666668,8.503846432363453,1.547126436781609,4.966666666666667,1.7350698027357048,3.742589730178058,64.6458046407898,4.596704779759978,0.0155955585351384,0.2693823002284031,0.019154698652498747,1.299,31.5158,1.4237956722064562
517,1,35.8961698,128.6018101,38070,SPLY_LS,5.903174814063448,234,13,300,30.955486239265028,1.697549623545517,2.350855578370979,1.579997706351792,1.0,1.0,1.0,1.0,1.0,1.0,7.471264367816092,26.666666666666668,9.406667145118913,1.547126436781609,4.966666666666667,1.8411022999764048,4.429263530364788,64.6458046407898,5.964654107507555,0.0184569625942065,0.2693823002284031,0.024855011898689317,1.5552,31.5158,2.0708367344091223
518,1,35.8948004,128.6008315,71257,SPLY_LS,4.20845434775384,190,13,300,30.56478302113367,1.6484873374401094,1.792662559890486,1.6014541675514438,1.0,1.3,1.0009991614704856,1.0,1.6,1.0044685339159303,7.471264367816092,20.833333333333332,9.105977024261309,1.547126436781609,4.966666666666667,1.8166915098542704,4.864492580858655,20.300895475071872,4.722095077990979,0.020270583809067,0.0845948464893982,0.019677206294742268,1.8898,4.8473,1.4476350475540216
519,3,35.8950599,128.6068585,245389,SPLY_LS,3.1782466249976844,170,13,200,27.9375004043364,1.7339082819986311,1.755208761122519,1.643706936125151,1.0,1.0,1.0,1.0,1.6,1.050400527248733,7.471264367816092,15.873015873015872,8.174149599241895,1.547126436781609,3.9746031746031742,1.7312180635210777,6.457226604062382,12.765202636710075,4.670665684083182,0.0269075861204581,0.0531932376473027,0.019462897438858776,2.647,4.3946,1.310796559902347
520,1,35.8953951,128.6115114,211335,SPLY_LS,6.035459350833246,142,13,150,32.01051475704453,1.6403832991101983,1.7526899383983574,1.5608993034114642,1.0,1.0,1.0,1.0,1.6,1.1314552349786084,7.471264367816092,17.857142857142858,8.583511734895286,1.547126436781609,3.3000000000000003,1.7969312432724307,4.1129339353458105,21.10882891509861,5.029693420423575,0.0171388013552827,0.0879615455306616,0.02095898396757602,1.4554,8.1373,1.3444011694606262
521,1,35.8939019,128.6063404,143964,SPLY_LS,6.877377132212435,148,13,200,24.25068887683961,1.741409993155373,1.7726762491444217,1.5799843447733588,1.0,1.0,1.0,1.0,1.6,1.0075408732937894,7.471264367816092,15.873015873015872,8.394359485989993,1.547126436781609,3.9746031746031742,1.703566848689987,4.742509299105467,11.895530325604453,3.690015701054944,0.0197622733748374,0.04956926964331,0.015376479927080949,1.667,3.3345,1.0011838354521105
522,1,35.8964574,128.6067985,106532,SPLY_LS,4.228280993236669,204,13,200,25.201384266333456,1.6992470910335389,1.7463928815879537,1.644106387072846,1.0,1.0,1.0,1.0,1.2,1.0033077751887347,7.471264367816092,16.3265306122449,7.887772211435312,1.547126436781609,3.9746031746031742,1.6889836315532605,3.3185022927594066,9.307766399472284,3.828268940810963,0.013828364979043,0.0387859279749209,0.015952588089806256,0.9125,4.3744,1.0158744494110061
523,1,35.8929896,128.6046873,469696,SPLY_LS,10.545141531529493,164,25,200,31.025034676583108,1.0868446269678302,1.7526899383983574,1.6039528840657085,1.0,1.0,1.0,1.0,1.6,1.1296847903311933,8.928571428571429,25.3968253968254,8.327559292145953,1.692857142857143,3.9746031746031742,1.763239748172184,1.939333114631907,16.32730907103399,3.6773697421174396,0.0080812980553268,0.0680367132644522,0.015323783583890423,0.5409,2.7718,0.5955768906310384
524,1,35.89578230000001,128.5984428,142152,SPLY_LS,6.688342597957011,120,13,300,32.77629131746977,1.6407118412046544,2.0606981519507186,1.6204577421437523,1.0,1.0,1.0,1.2,1.2,1.0888882222863459,7.471264367816092,20.833333333333332,8.628765182227438,1.547126436781609,4.966666666666667,1.8154622529216424,2.9352869069535177,12.15745498850814,4.276123001836187,0.0122314873056206,0.0506607228098628,0.017818818354801428,0.46,3.9358,0.9944308813241534
525,2,35.8915603,128.596439,71407,SPLY_LS,11.279771227711523,96,13,500,36.00675139980966,1.599917864476386,1.7430527036276522,1.5982789677024336,1.3,1.3,1.2999999999999992,1.0,1.4,1.1251655592407661,7.471264367816092,26.31578947368421,9.01273939035518,1.547126436781609,6.063157894736842,1.8448937415938322,3.903011208145274,34.520087141485476,6.428696101833592,0.0162640428549017,0.143846929122927,0.02678869809114562,0.8377,3.8307,1.134951697214292
526,1,35.8937502,128.6103499,212243,SPLY_LS,4.817142060413409,109,25,150,31.487878340459982,1.6017796030116358,1.7690075290896647,1.5280762462303106,1.0,1.0,1.0,1.6,1.6,1.1857717873656757,8.928571428571429,14.285714285714286,9.043645856105288,1.692857142857143,3.3000000000000003,1.8243863083412575,8.124919991699516,20.157018752113743,5.814013349955919,0.0338569478514114,0.0839953049909956,0.024227284329933766,1.7377,4.841,1.6326855284620378
527,1,35.8980362,128.6037608,211661,SPLY_LS,6.149251496076905,144,13,100,23.130809891314982,1.6471184120465434,1.7526899383983574,1.6381415520868516,1.0,1.0,1.0,1.0,1.0,1.0,7.471264367816092,17.857142857142858,8.045870705696425,1.547126436781609,2.585714285714286,1.6870466939277924,2.8054660098648623,9.10359990803878,3.698122042171704,0.0116905171364073,0.1608660406591712,0.0159693330733165,0.668,4.3426,1.048063209934869
528,1,35.890297100000005,128.60313750000003,212346,SPLY_LS,6.235601681147281,197,25,200,23.91044617484238,1.6874743326488706,1.862532511978097,1.6128024688465252,1.0,1.0,1.0,1.2,1.6,1.0838932892342374,8.928571428571429,17.857142857142858,8.503078933157083,1.692857142857143,3.9746031746031742,1.7139228853568371,7.0359468193698405,44.320708637351565,6.134818584955228,0.029319142193655,0.1846866089272758,0.025564095784437624,2.0005,9.828,2.1622308586856303
529,1,35.8956519,128.6018395,3996,SPLY_LS,4.301279331405358,228,13,300,28.39201796351658,1.6252156057494866,2.350855578370979,1.6120296588141747,1.0,1.0,1.0,1.0,1.4,1.0013651035510434,7.471264367816092,26.666666666666668,8.648236279517048,1.547126436781609,4.966666666666667,1.7693362610811854,3.52824217613429,64.6458046407898,4.556044977711705,0.0147023615600603,0.2693823002284031,0.018985267224373496,1.126,31.5158,1.3563941008617035
530,2,35.89425665,128.6104440500001,178153,SPLY_LS,6.2523558153475625,145,13,150,26.293696281089193,1.6597125256673513,1.7690075290896647,1.5231148758756885,1.0,1.0,1.0,1.0,1.6,1.0707737032597893,7.471264367816092,17.857142857142858,8.910215462090123,1.547126436781609,3.3000000000000003,1.7646911190806764,5.650613935462362,21.10882891509861,5.789833216667424,0.0235463907997684,0.0879615455306616,0.024126524505513974,2.3341,8.1373,2.0679459255760113
531,1,35.895136199999996,128.6118528,245317,SPLY_LS,7.468911045093222,105,13,150,35.29901869876288,1.6403832991101983,1.8070636550308008,1.545338814997759,1.0,1.0,1.0,1.6,1.6,1.2300651727135306,7.471264367816092,17.857142857142858,8.820702935969459,1.547126436781609,3.3000000000000003,1.8507808775896342,3.976718333968307,13.591150932501026,5.271691390434907,0.0165711841335626,0.0566350054932784,0.021967401608511735,0.4838,4.2723,1.2101449962560642
532,1,35.894127700000006,128.5986262,175925,SPLY_LS,5.919661509722931,194,13,300,35.794444577161585,1.611252566735113,1.912689938398357,1.6098664262523472,1.0,1.3,1.0048703296223285,1.0,1.4,1.0515875834752444,7.471264367816092,20.833333333333332,8.822297071580957,1.547126436781609,4.966666666666667,1.8603065790636883,2.68119734873323,19.35919431283192,4.470463702868651,0.0111726834120388,0.0806707306612862,0.018628645773038743,0.6296,5.2697,1.0686812706946727
533,1,35.8945825,128.6015796,4009,PIPE_LM,6.312230941549137,152,40,300,40.77817773761628,1.182943189596167,1.8126488706365504,1.5933146250012467,1.0,1.3,1.003275825365946,1.0,1.6,1.013470553749736,14.285714285714286,20.833333333333332,9.275678786730312,2.2285714285714286,4.966666666666667,1.9215894615682372,2.365467187330259,20.300895475071872,4.927734904637528,0.0098570200429645,0.0845948464893982,0.020534117734369778,0.2794,4.8473,1.3191559232754424
534,1,35.8912521,128.6046144,4826,SPLY_LS,4.1561756232205465,155,25,200,33.77057374137448,1.0655989048596852,1.7582751540041066,1.5500548832316416,1.0,1.0,1.0,1.0,1.6,1.0493311584900749,8.928571428571429,25.3968253968254,9.058242199097498,1.692857142857143,3.9746031746031742,1.838250113022213,2.1448849723119245,12.69137420831549,3.434137107140921,0.0089378429238724,0.052885590894761,0.014310221032311523,0.7382,2.6675,0.6358893188022372
535,1,35.8937074,128.6092431,4717,SPLY_LS,6.960253283000751,158,13,150,29.177312854098975,1.6772895277207391,1.9612594113620807,1.5473708145348222,1.0,1.0,1.0,1.0,1.6,1.0712310144590378,7.471264367816092,14.285714285714286,8.591247119680837,1.547126436781609,3.3000000000000003,1.7665800510324994,6.282512269872802,29.499750631236587,5.094038038848566,0.0261795427541734,0.1229269358678944,0.021227111209783874,2.6681,5.003,1.3590818378982494
536,1,35.8926588,128.5981486,71415,SPLY_LS,1.6828552007906086,122,13,300,20.767810987327287,1.6113620807665985,1.7840657084188911,1.6079745912875254,1.3,1.3,1.23209065951794,1.0,1.4,1.028488370023033,7.471264367816092,20.833333333333332,8.16464293033658,1.547126436781609,4.966666666666667,1.6637935399854382,3.264615844079219,19.35919431283192,5.30144571657741,0.0136038174530703,0.0806707306612862,0.022091389373263864,0.5262,6.3829,1.354731645073288
537,1,35.893688999999995,128.5984427,71429,PIPE_LM,2.866968614156432,174,80,300,34.41929391879273,1.712662559890486,1.912689938398357,1.6291276832338157,1.0,1.3,1.0144724048808036,1.0,1.4,1.0396238025619902,6.666666666666667,20.833333333333332,8.56524683040694,2.1333333333333337,4.966666666666667,1.8210297586481843,4.729812027236433,19.35919431283192,5.047773291814447,0.0197093632080955,0.0806707306612862,0.021034323695655343,0.2468,5.2697,1.3996408163967375
538,1,35.894775800000005,128.6046433,106606,PIPE_LM,6.899950679069789,174,80,300,42.89301314057315,1.7526899383983574,1.760958247775496,1.6066675232907115,1.0,1.0,1.0,1.0,1.6,1.0890207718533336,6.666666666666667,20.833333333333332,8.898373617783212,2.1333333333333337,4.966666666666667,1.9191660656834255,4.216093199302392,11.895530325604453,3.63390399569552,0.017568671166153,0.04956926964331,0.01514265964526298,0.086,2.0184,0.4545095980703375
539,1,35.8909603,128.6027368,72215,PIPE_LM,3.8542550058606833,143,25,300,24.37742136462519,1.6726899383983571,1.9878165639972625,1.6046479442476527,1.0,1.3,1.000891658837329,1.0,1.6,1.0429887911796671,8.928571428571429,20.833333333333332,8.52294957919569,1.692857142857143,4.966666666666667,1.7218714324758655,2.3435564373005677,44.320708637351565,5.034103966900877,0.0097657168520533,0.1846866089272758,0.020977362935274267,0.2099,9.828,1.6274627033384086
540,1,35.891355999999995,128.6032407,211241,PIPE_LM,3.9876462009823115,172,20,300,23.82824282621794,1.6726899383983571,1.9878165639972625,1.6297452376444845,1.0,1.3,1.00082596690131,1.0,1.6,1.0561729883821203,9.523809523809524,20.833333333333332,8.26206594886987,1.7523809523809524,4.966666666666667,1.7005090276832098,2.786154353826453,44.320708637351565,4.743541483022798,0.0116100445001125,0.1846866089272758,0.019766574536830117,0.4064,9.828,1.400461014920872
541,1,35.894403700000005,128.6041922,72480,SPLY_LS,7.859324207530046,143,13,300,29.427561199726522,1.6529774127310062,1.760958247775496,1.6309926917294262,1.0,1.0,1.0,1.0,1.6,1.0645196961827537,7.471264367816092,20.833333333333332,8.358467580075358,1.547126436781609,4.966666666666667,1.7573398003488483,1.8040455857654032,11.895530325604453,3.1941278858556386,0.0075175481581637,0.04956926964331,0.013310090606754697,0.0688,2.3453,0.4765353650468836
542,1,35.897848599999996,128.6067485,177321,SPLY_LS,6.7078336178900475,119,13,200,35.85990274749681,1.584476386036961,1.7726762491444217,1.6101008147575135,1.0,1.0,1.0,1.0,1.2,1.0081364111051137,7.471264367816092,25.3968253968254,8.701893854846864,1.547126436781609,3.9746031746031742,1.8420554809389291,5.476174320057944,8.837926571575123,4.957429018665612,0.0228194922003974,0.0368280819200821,0.020657854592230483,2.3846,3.8918,1.53636577657672
543,1,35.89722110000001,128.6096754,106546,PIPE_LM,6.120508917484024,119,100,150,39.886313157572864,1.5126899383983572,1.792662559890486,1.5962333803960342,1.0,1.0,1.0,1.2,1.6,1.032121379932072,8.333333333333334,14.285714285714286,8.558823591912681,2.466666666666667,3.3000000000000003,1.8834322126911462,5.386910328443531,11.330398627606204,4.77483351768088,0.0224475246841406,0.0472143376011664,0.019896970009852067,0.1458,4.8174,1.2356242909719293
544,1,35.89637470000001,128.6116947,143006,SPLY_LS,2.600707144584047,94,25,150,34.71506736225353,1.671649555099247,1.788062970568104,1.6300525143376114,1.0,1.0,1.0,1.0,1.6,1.0901100174999472,8.928571428571429,14.285714285714286,8.424178412077046,1.692857142857143,3.3000000000000003,1.8129423199297725,3.1073121521658194,11.330398627606204,4.721402626024631,0.0129483251036825,0.0472143376011664,0.019674320812775894,0.6052,4.0667,1.0883353286488981
545,1,35.896141,128.6122561,211329,SPLY_LS,2.1121618948478513,72,20,200,37.411294835580975,1.621930184804928,1.8070636550308008,1.6194277906829084,1.0,1.0,1.0,1.0,1.6,1.1268848557808686,9.523809523809524,17.857142857142858,8.590589898908716,1.7523809523809524,3.3000000000000003,1.8536329954639317,4.428527191736456,15.476603074900533,5.568958832523676,0.0184538942343254,0.6449177884326426,0.027800893083904196,1.3054,4.0667,1.3889024888790555
546,1,35.8950417,128.611353,106428,PIPE_LM,7.577450614426636,119,80,150,37.973084909628334,1.6726899383983571,1.7526899383983574,1.5584403524631318,1.0,1.0,1.0,1.2,1.6,1.1604272253328403,6.666666666666667,17.857142857142858,8.766122778036037,2.1333333333333337,3.3000000000000003,1.8738956768756703,4.9253073347455345,21.10882891509861,5.623636855876459,0.0205240019292513,0.0879615455306616,0.023433975960279952,0.1078,8.1373,1.4363650617117931
547,1,35.8972868,128.6080448,245348,SPLY_LS,7.4964232256656445,160,13,200,25.69588092065536,1.6499110198494182,1.792662559890486,1.6364477237953219,1.0,1.0,1.0,1.0,1.2,1.0063173840085304,7.471264367816092,15.873015873015872,7.966697707818622,1.547126436781609,3.9746031746031742,1.695766637244515,5.42720015827836,9.307766399472284,4.232171362259565,0.0226154144195538,0.0387859279749209,0.017635669675103674,2.2213,4.0231,1.2468949598976597
548,1,35.8958057,128.6091948,72375,SPLY_LS,4.041397121223707,228,13,150,25.387234807863337,1.6806297056810404,1.7612867898699522,1.616050237373222,1.0,1.0,1.0,1.0,1.2,1.0084629759227606,7.471264367816092,17.857142857142858,8.358518389569031,1.547126436781609,3.3000000000000003,1.7177273089713072,3.9435495660649,13.490284710596164,4.584122219558112,0.0164329682192707,0.0562146909032897,0.019102266495009564,1.2979,7.0042,1.472223035696853
549,1,35.896795600000004,128.6094113,316652,PIPE_LM,5.622902613001263,186,150,150,34.62794134753536,1.6526488706365503,1.792662559890486,1.6282919231591828,1.0,1.0,1.0,1.0,1.6,1.0074496236631219,12.5,14.285714285714286,8.165685185650565,3.3000000000000003,3.3000000000000003,1.8021071422122148,6.687350316058249,11.330398627606204,4.4837311460746285,0.0278665231345305,0.0472143376011664,0.01868393187225024,0.1446,4.8174,1.1985427177123698
550,1,35.8963254,128.6083443,211375,SPLY_LS,4.604036984732774,230,13,200,22.44116092239223,1.7030800821355236,1.792662559890486,1.6482263250022318,1.0,1.0,1.0,1.0,1.2,1.0011485724420661,7.471264367816092,15.873015873015872,8.135799151140892,1.547126436781609,3.9746031746031742,1.6746605044519165,3.74736658393825,8.837926571575123,4.31193899720608,0.0156154639235998,0.0368280819200821,0.017968065398307538,1.1548,4.3744,1.362186112473311
551,2,35.8969724,128.60845705000003,177254,SPLY_LS,6.167041978795373,205,13,200,25.768415891546837,1.7267898699520876,1.792662559890486,1.6204628443061961,1.0,1.0,1.0,1.0,1.2,1.0050006030905647,7.471264367816092,15.873015873015872,8.196828548825465,1.547126436781609,3.9746031746031742,1.7132131626482365,5.193945717915468,9.307766399472284,4.374433888771616,0.0216434315038396,0.0387859279749209,0.018228484736205714,1.9456,4.3744,1.3814046049428792
552,1,35.894353,128.6110253,4689,SPLY_LS,3.743340320300144,103,20,150,37.30115272467753,1.7066392881587953,1.7690075290896647,1.5276950967899745,1.0,1.0,1.0,1.6,1.6,1.2136028616964516,9.523809523809524,17.857142857142858,9.32670197676847,1.7523809523809524,3.3000000000000003,1.904868296183225,5.898204196164758,21.10882891509861,6.510555360894093,0.0245781117956283,0.0879615455306616,0.027129809716613693,0.8238,8.1373,1.8341402159247249
553,1,35.88924730000001,128.6028408,4805,SPLY_LS,8.953886309618383,135,13,200,23.798552656638552,1.724709103353867,2.160793976728268,1.6138217181905652,1.0,1.0,1.0,1.6,1.6,1.1686933279822949,7.471264367816092,17.857142857142858,8.181351360826307,1.547126436781609,3.9746031746031742,1.6931032547745304,4.583818869594893,12.69137420831549,4.857871506840221,0.0191010024205454,0.052885590894761,0.020242993462578483,0.6267,4.6374,1.38905454628362
554,2,35.8916107000007,128.60670194999918,38839,SPLY_LS,4.958582270440268,123,13,200,28.706466854174103,1.657741273100616,1.8883230663928816,1.5958405784716807,1.0,1.0,1.0,1.0,1.6,1.082403965557036,7.471264367816092,15.873015873015872,8.737659959785729,1.547126436781609,3.9746031746031742,1.768627137033406,7.337022675123472,12.765202636710075,4.650726664162423,0.0305737403383732,0.0531932376473027,0.019379810545897994,3.3343,4.0536,1.3563951003237498
555,2,35.89174205000001,128.60655584999995,38841,SPLY_LS,4.293914117698628,148,13,200,25.730601015868146,1.6576317590691307,1.8883230663928816,1.5783405708723612,1.0,1.0,1.0,1.0,1.6,1.0476614390846308,7.471264367816092,17.857142857142858,8.759135020062741,1.547126436781609,3.9746031746031742,1.7393494650495216,5.925020771214997,11.859572205141887,4.401077862187622,0.0246898578046914,0.0494194303574365,0.01833951150562888,2.5004,4.6252,1.3694447085826777
556,2,35.8916117,128.6065452,245208,PIPE_LM,6.37430298955615,131,25,200,27.070610814900096,1.6926762491444216,1.8883230663928816,1.5912775075054941,1.0,1.0,1.0,1.0,1.6,1.0702448285352892,8.928571428571429,15.873015873015872,8.72228482304368,1.692857142857143,3.9746031746031742,1.7493321935119763,3.0921016584562055,11.859572205141887,4.665674012924312,0.0128849422158699,0.0494194303574365,0.01944209689555621,0.5775,4.6252,1.4326767852883302
557,1,35.8914202,128.6062172,178172,SPLY_LS,7.274126111501402,128,20,200,29.908899509718225,1.23523613963039,1.8883230663928816,1.5520742081507757,1.0,1.0,1.0,1.0,1.6,1.0939317255413035,9.523809523809524,20.0,9.025305199312582,1.7523809523809524,3.9746031746031742,1.7950903378524579,3.302766389761907,11.895530325604453,4.161769675604589,0.0137627926844573,0.04956926964331,0.017342302326728072,1.2576,4.0536,1.1071910786457548
558,1,35.894475400000005,128.6077617,73246,SPLY_LS,5.631481081194347,155,13,200,38.8290896385798,1.645859000684463,1.803668720054757,1.5857708240256767,1.0,1.0,1.0,1.0,1.6,1.0654560790163183,7.471264367816092,15.873015873015872,8.979864361586719,1.547126436781609,3.9746031746031742,1.8918703240469446,3.361800247900022,29.499750631236587,4.4879033149452825,0.0140087897230117,0.1229269358678944,0.0187013175085427,1.0003,7.6894,0.9453270895455977
559,1,35.8945804,128.6077641,212261,SPLY_LS,7.1034468734657,150,13,200,38.97862639738015,1.6285557837097877,1.803668720054757,1.5940282611628958,1.0,1.0,1.0,1.0,1.6,1.0799226308990775,7.471264367816092,15.873015873015872,8.97429696020388,1.547126436781609,3.9746031746031742,1.8926954242112701,3.3262907285565912,29.499750631236587,4.75904125156978,0.0138608197804317,0.1229269358678944,0.019831162847353794,1.0002,7.6894,1.0508583761216004
560,1,35.8947414,128.6077693,73245,SPLY_LS,7.1922191063966165,163,20,200,44.08165199370867,1.6330458590006844,1.7526899383983574,1.5926120326043742,1.0,1.0,1.0,1.0,1.6,1.0813015216349307,9.523809523809524,15.873015873015872,9.151106799411375,1.7523809523809524,3.9746031746031742,1.9573251597292918,3.868783136955107,12.765202636710075,4.843766442218601,0.0161214127708487,0.0531932376473027,0.020184216953046966,1.0003,7.6894,1.0322795815253076
561,2,35.89694275000005,128.60730075,3893,SPLY_LS,6.402919531406563,211,13,200,29.403638024298143,1.716331279945243,1.792662559890486,1.6521214687459078,1.0,1.0,1.0,1.0,1.2,1.001134891173602,7.471264367816092,15.873015873015872,8.098136314510185,1.547126436781609,3.9746031746031742,1.7447835679123225,3.841896162161212,9.307766399472284,4.479892544753926,0.0160093734025338,0.0387859279749209,0.01866793622861677,1.1921,4.3744,1.299012882745708
562,1,35.8944544,128.6081149,73249,SPLY_LS,5.014313553946494,174,13,200,32.10033696392555,1.6144284736481862,1.808213552361396,1.5460917054124779,1.0,1.0,1.0,1.0,1.6,1.0469071003324786,7.471264367816092,15.873015873015872,8.841284778559421,1.547126436781609,3.9746031746031742,1.8066398150697371,2.7479732341134597,29.499750631236587,4.3326779849082175,0.0114509418652124,0.1229269358678944,0.018054485797011736,0.6669,7.6894,1.116107066540387
563,1,35.8945457,128.6090655,215085,SPLY_LS,14.27551248317459,208,13,150,26.790159243673795,1.808213552361396,1.9612594113620807,1.5340802966929374,1.0,1.0,1.0,1.2,1.6,1.0638194738246,7.471264367816092,17.857142857142858,8.637240090771204,1.547126436781609,3.3000000000000003,1.7490822107176593,10.084854948954955,29.499750631236587,5.375862753748066,0.0420240948150427,0.1229269358678944,0.022401488888005847,3.5515,7.6894,1.7190600606978967
564,2,35.89484540000008,128.60876144999995,178141,SPLY_LS,6.0364444265956605,217,20,200,32.65846357687373,1.6529774127310062,1.808213552361396,1.568828392431754,1.0,1.0,1.0,1.2,1.6,1.071911820970739,9.523809523809524,17.857142857142858,8.749061634041812,1.7523809523809524,3.9746031746031742,1.8166336768255684,12.5323032848234,29.499750631236587,5.78830090389831,0.0522227344030233,0.1229269358678944,0.024120139281589396,4.3346,7.6894,1.7804806360426253
565,2,35.89443095000019,128.6104921999992,38823,SPLY_LS,6.449299635067892,157,13,150,28.799816169435807,1.6380287474332649,1.7690075290896647,1.524532377679686,1.0,1.0,1.0,1.0,1.6,1.0725493822726555,7.471264367816092,17.857142857142858,8.912689153623129,1.547126436781609,3.3000000000000003,1.7921318413733434,6.031584060494454,21.10882891509861,6.041334761944493,0.0251339123592834,0.0879615455306616,0.025174544019760745,2.606,8.1373,2.133976492872944
566,1,35.8941673,128.6102928,143916,SPLY_LS,6.754932298524166,144,13,150,25.53939282828446,1.657850787132101,1.7690075290896647,1.5336241749461537,1.0,1.0,1.0,1.0,1.6,1.0668059213781698,7.471264367816092,17.857142857142858,8.802290013753385,1.547126436781609,3.3000000000000003,1.7515872293606143,6.209024709678352,21.10882891509861,5.582087057992653,0.0258733164164651,0.0879615455306616,0.023260835875008216,2.6677,8.1373,1.9688217561822383
567,1,35.893442,128.6092004,143881,SPLY_LS,1.8030811841007768,145,13,150,31.73825927641132,1.666885694729637,1.9612594113620807,1.5668976160605166,1.0,1.0,1.0,1.0,1.6,1.0849195157360645,7.471264367816092,14.285714285714286,8.749213268903754,1.547126436781609,3.3000000000000003,1.805212425789986,3.240664684843782,20.157018752113743,4.705043639764067,0.0135040117749782,0.0839953049909956,0.01960615209907879,0.9039,5.003,1.1187492203516178
568,1,35.89278149999999,128.6090508,75978,PIPE_LM,7.912078311985709,99,100,150,37.92579459634834,1.6526488706365503,1.7673648186173854,1.6064851100017876,1.0,1.0,1.0,1.6,1.6,1.2001138570852241,8.333333333333334,17.857142857142858,8.75114258157606,2.466666666666667,3.3000000000000003,1.8771960509705838,8.711389842135526,20.157018752113743,5.174268827456569,0.0363007970416708,0.0839953049909956,0.02156143691745283,0.272,3.0009,0.9552414544102287
569,1,35.8926556,128.6089682,4729,SPLY_LS,5.333827076624824,90,13,150,39.00461072762244,1.6943737166324435,1.7673648186173854,1.6142203100283836,1.0,1.0,1.0,1.0,1.6,1.2160136226618004,7.471264367816092,17.857142857142858,8.712314400101992,1.547126436781609,3.3000000000000003,1.8866164218137047,5.768447502515505,12.838491104672691,5.1530814605432,0.0240374091653572,0.0534986343577263,0.02147314810015651,2.334,2.36,0.9283308719893759
570,1,35.89541309999999,128.6085243,72380,SPLY_LS,2.3674979389875874,234,13,200,27.401152102329657,1.59088295687885,1.808213552361396,1.597753191841772,1.0,1.0,1.0,1.0,1.6,1.0194560425414816,7.471264367816092,17.857142857142858,8.593460984829026,1.547126436781609,3.9746031746031742,1.7568310400179268,5.0960876737975065,12.765202636710075,4.845307482400417,0.0212356521410979,0.0531932376473027,0.02019063854453662,2.137,7.6894,1.5394848653375786
571,1,35.89542930000001,128.6069041,245383,PIPE_LM,5.383434521157543,196,20,200,26.601963350097098,1.712662559890486,1.7526899383983574,1.6312778707332927,1.0,1.0,1.0,1.0,1.6,1.0209159215808874,9.523809523809524,15.873015873015872,8.261259936600416,1.7523809523809524,3.9746031746031742,1.7235674065197084,2.6874214205211175,12.765202636710075,3.7804533760894645,0.0111986194303825,0.0531932376473027,0.015753338240833574,0.3249,4.3946,0.9337527955123031
572,1,35.895691299999996,128.6069351,37949,SPLY_LS,5.144392099670557,219,13,200,24.16484192424885,1.7060917180013688,1.7526899383983574,1.6372937462791952,1.0,1.0,1.0,1.0,1.4,1.0133521468169693,7.471264367816092,15.873015873015872,8.16627082769567,1.547126436781609,3.9746031746031742,1.6925914044099932,3.8578255994080903,9.86958741763695,3.5079003011003285,0.0160757521640134,0.041127064248664,0.014617595949700092,1.2144,4.3946,0.8373279051547605
573,2,35.89559415000001,128.60619869999994,177284,SPLY_LS,5.828938326338688,200,20,150,26.76280994320128,1.5760985626283368,1.755208761122519,1.6147795369611482,1.0,1.0,1.0,1.0,1.4,1.0249134208145252,9.523809523809524,20.0,8.196990115517934,1.7523809523809524,3.3000000000000003,1.7225863348420185,3.442673287524383,9.86958741763695,3.4190266341162387,0.0143457917227784,0.041127064248664,0.014247254935694011,0.8443,4.3946,0.7558294663618825
574,1,35.892131600000006,128.6063854,107385,SPLY_LS,6.192642116875013,174,13,200,27.478230824224223,1.7162217659137575,1.8883230663928816,1.565616669116959,1.0,1.0,1.0,1.0,1.6,1.0258254152552913,7.471264367816092,17.857142857142858,8.93618269079238,1.547126436781609,3.9746031746031742,1.771187011608635,4.580504208973047,11.859572205141887,4.003805682081655,0.0190871900640011,0.0494194303574365,0.016684058467518314,1.6137,4.6252,1.1643971790214283
575,1,35.891605899999995,128.6059874,93215,SPLY_LS,6.684605871533726,151,25,200,33.216336574032965,1.3082819986310747,1.8883230663928816,1.5585548197627828,1.0,1.0,1.0,1.0,1.6,1.095898490974527,8.928571428571429,25.3968253968254,8.98733330833709,1.692857142857143,3.9746031746031742,1.8210299331972732,3.6759894677512897,11.895530325604453,4.061761773546212,0.015318031911593,0.04956926964331,0.016925564398455703,1.4264,4.6252,0.9960012949072492
576,1,35.8913476,128.5984065,36424,SPLY_LS,13.239514711786873,60,13,500,52.69653360081687,1.7241615331964408,1.8126488706365504,1.6243669156348062,1.3,1.3,1.3000000000000007,1.0,1.6,1.1087152600907257,7.471264367816092,26.31578947368421,9.718567419219898,1.547126436781609,6.063157894736842,1.9613352015438845,2.783623190938928,23.655267591026913,5.204788909406435,0.011599497017802,0.4517545544340051,0.030258273540930896,0.2162,3.8307,0.6318149350570014
577,1,35.891586399999994,128.5982966,36424,SPLY_LS,24.598043915649583,81,13,500,40.85747087515121,1.7241615331964408,1.8126488706365504,1.633380603147884,1.3,1.3,1.3000000000000007,1.0,1.6,1.0931899147074433,7.471264367816092,26.31578947368421,9.260163280393977,1.547126436781609,6.063157894736842,1.8691704890889551,2.783623190938928,23.655267591026913,5.717401848630035,0.011599497017802,0.4480802960067497,0.027236660145379243,0.2162,6.3829,0.9952590880937302
578,1,35.89140890000001,128.5976348,244017,SPLY_LS,5.888640282331912,112,13,500,30.840859777355387,1.5131279945242984,1.8126488706365504,1.628684544174782,1.3,1.3,1.2999999999999998,1.0,1.4,1.0906581817386078,7.471264367816092,26.31578947368421,8.848901721909684,1.547126436781609,6.063157894736842,1.7820449530134028,4.473854736823214,23.655267591026913,5.8350142576055495,0.0186427763810791,0.0985726828151887,0.02431479616215516,1.2273,3.8307,1.1837976172406026
579,1,35.89127870000001,128.5975226,36427,SPLY_LS,8.872370626044663,105,13,500,33.18420035008398,1.6659000684462697,1.8126488706365504,1.6400022984962208,1.3,1.3,1.3000000000000003,1.0,1.4,1.131956599857512,7.471264367816092,26.31578947368421,8.855339575837483,1.547126436781609,6.063157894736842,1.8007690986166602,5.1427188853020445,23.655267591026913,5.9071727118111115,0.0214299667309978,0.0985726828151887,0.024615484048752443,1.3255,3.8307,1.079266779668572
580,1,35.891462000000004,128.5969987,210440,SPLY_LS,11.42282097539646,119,13,500,28.169495143129037,1.6720328542094456,1.7526899383983574,1.6209434699393377,1.3,1.3,1.3000000000000007,1.0,1.4,1.1254658954304484,7.471264367816092,26.31578947368421,8.63315212631364,1.547126436781609,6.063157894736842,1.748885014823991,6.75620288601737,23.655267591026913,5.98924501854337,0.0281534352361786,0.0985726828151887,0.0249574834545211,2.0439,3.8307,1.1958662118399328
581,1,35.8916066,128.5975266,244023,SPLY_LS,6.424769594768197,125,13,500,26.015372451090784,1.5132375085557837,1.7840657084188911,1.6330357028903864,1.3,1.3,1.2999999999999996,1.0,1.4,1.076124084770599,7.471264367816092,26.31578947368421,8.585690361897944,1.547126436781609,6.063157894736842,1.728532706691546,9.703863087467168,23.655267591026913,6.197484037128284,0.04043648267863,0.0985726828151887,0.025825225856915376,3.8307,6.3829,1.430557879776225
582,1,35.89171580000001,128.5970603,71402,SPLY_LS,7.633623589499765,135,20,500,27.402897970278936,1.5972895277207393,1.7526899383983574,1.6170629357365656,1.3,1.3,1.2999999999999994,1.2,1.4,1.1123239765809556,9.523809523809524,26.31578947368421,8.60013167820297,1.7523809523809524,6.063157894736842,1.7456948650878257,6.2785402387840605,23.655267591026913,6.236478537137806,0.0261629911020251,0.0985726828151887,0.02598771788818009,1.1275,3.8307,1.3153222343538753
583,1,35.8919186,128.5967396,175898,SPLY_LS,10.026677911846223,127,13,500,27.402935470496505,1.663709787816564,1.7526899383983574,1.6004791450738358,1.3,1.3,1.3000000000000005,1.0,1.4,1.0844850380298225,7.471264367816092,26.31578947368421,8.616947097178475,1.547126436781609,6.063157894736842,1.7465555414310847,5.281500094930814,23.655267591026913,6.226016807421124,0.0220082749705814,0.0985726828151887,0.025944123337364136,1.3914,3.8307,1.3517223240335219
584,1,35.89219970000001,128.5965135,146567,SPLY_LS,6.186311027828687,93,32,300,38.44084239505952,1.4515811088295687,1.7526899383983574,1.5730575874503456,1.3,1.3,1.3000000000000014,1.0,1.4,1.0809569026095596,11.428571428571429,20.833333333333332,9.574846846081488,1.942857142857143,4.966666666666667,1.9134148624879013,5.700149183867599,22.18373259512753,6.543464084435292,0.0237528066566354,0.0924407229105261,0.02726694201304604,1.2431,3.1734,1.2155140505253
585,2,35.8921578,128.5971933,324893,PIPE_LM,2.127674696957015,141,80,300,31.466650539078497,1.712662559890486,1.7840657084188911,1.6336555304579936,1.3,1.3,1.2999999999999996,1.2,1.4,1.094806592173621,6.666666666666667,20.833333333333332,7.964489664766629,2.1333333333333337,4.966666666666667,1.750506346969722,6.872521577861954,19.35919431283192,6.726650456765627,0.0286381410410296,0.0806707306612862,0.028030288785865113,0.1613,6.3829,1.4187532482045386
586,1,35.8923038,128.5969296,36434,SPLY_LS,10.384447360426726,120,13,300,26.0706509545988,1.7151813826146476,1.765284052019165,1.6131009544966515,1.3,1.3,1.3,1.0,1.4,1.063280248961941,7.471264367816092,20.833333333333332,8.399685089088605,1.547126436781609,4.966666666666667,1.725003892316779,7.055098246370418,19.35919431283192,6.4835439690931,0.0293989471475378,0.0806707306612862,0.027017251896409352,2.0986,5.0244,1.5143845285379467
587,1,35.8928402,128.5971616,243988,PIPE_LM,4.62585883363109,96,25,300,38.810686149791145,1.6726899383983571,1.765284052019165,1.6090418728626963,1.3,1.3,1.2924710879188563,1.0,1.4,1.0909501587603432,8.928571428571429,20.833333333333332,8.559005947076907,1.692857142857143,4.966666666666667,1.8488913680418666,3.410233926727007,19.35919431283192,6.793508033885811,0.0142106152843677,0.0806707306612862,0.028308887652603833,0.3543,5.0244,1.3305726310525272
588,1,35.8919287,128.5977446,175903,SPLY_LS,10.34985516326894,126,13,100,21.421248338292376,1.7237782340862422,1.7840657084188911,1.6347626601056338,1.3,1.3,1.2988002956455325,1.0,1.4,1.046077962314566,7.471264367816092,17.857142857142858,8.408178821127471,1.547126436781609,2.585714285714286,1.6813568921784354,5.546558357276861,15.680220628293926,6.126241416470768,0.0231127860026905,0.0653402633691322,0.025528354294504466,1.4239,6.3829,1.5062010142729358
589,1,35.892603,128.59796880000002,471694,PIPE_LM,4.3946929928346545,123,40,300,21.88596341618796,1.077371663244353,1.7840657084188911,1.6099257460679208,1.3,1.3,1.2592730754035557,1.0,1.4,1.025680055215783,14.285714285714286,20.833333333333332,8.394097992471226,2.2285714285714286,4.966666666666667,1.690844463470111,2.7498840590901743,19.35919431283192,6.132243227523187,0.0114589043684317,0.0806707306612862,0.02555336414125045,0.2562,6.3829,1.62159197153149
590,1,35.893007600000004,128.5976732,175879,SPLY_LS,9.076080366497154,141,20,300,30.060799726414153,1.765284052019165,1.7840657084188911,1.62197782697158,1.3,1.3,1.211720638367191,1.0,1.4,1.048287218165501,9.523809523809524,20.833333333333332,8.415938052818188,1.7523809523809524,4.966666666666667,1.7676870291734454,4.1954020923170985,19.35919431283192,5.6833200764675595,0.0174824502887899,0.0806707306612862,0.0236826789246441,0.5436,6.3829,1.3193514985157946
591,2,35.8934978,128.5981341,71426,SPLY_LS,5.305196739598234,173,13,300,30.776082594378227,1.6755920602327177,1.912689938398357,1.6322527376027458,1.0,1.3,1.0399505847002135,1.0,1.4,1.0479526920750155,7.471264367816092,20.833333333333332,8.569302675277344,1.547126436781609,4.966666666666667,1.7859394941712348,4.85824055342483,19.35919431283192,5.0523078664993095,0.0202445312981489,0.0806707306612862,0.02105321949509589,1.8394,5.2697,1.386021031453834
592,1,35.89324359999999,128.5984591,175914,SPLY_LS,4.710414289627382,154,13,300,25.671531247386547,1.708993839835729,1.765284052019165,1.6387172824637672,1.0,1.3,1.0487851497731517,1.0,1.4,1.0298679713904297,7.471264367816092,20.833333333333332,8.37996307740422,1.547126436781609,4.966666666666667,1.7257782020168528,2.819411617058445,19.35919431283192,4.707493512939035,0.0117486291788633,0.0806707306612862,0.019616360843092564,0.6156,5.2697,1.3313178623529722
593,1,35.8935842,128.5987172,2830,SPLY_LS,7.604246407671969,156,13,300,30.312479690072347,1.700396988364134,1.742669404517454,1.6405867756971109,1.0,1.3,1.0123372746394605,1.0,1.4,1.0297659714048208,7.471264367816092,20.833333333333332,8.52687435735565,1.547126436781609,4.966666666666667,1.7778904551350467,5.2918397625401905,19.35919431283192,4.949787359963194,0.0220513608824931,0.0806707306612862,0.02062601141833457,2.0477,5.2697,1.4696487976762134
594,2,35.8949938,128.6000525,141958,PIPE_LM,5.32284832925659,180,80,150,26.94177517868436,1.6126762491444215,1.792662559890486,1.6395916706895501,1.0,1.0,1.0,1.0,1.2,1.0031176654014515,14.22222222222222,17.857142857142858,9.048112656075718,2.5777777777777775,3.3000000000000003,1.7805222706338057,2.9971358842079248,10.455344937613788,3.4364264371043878,0.0124892150862886,0.0435679451222835,0.014319760784735807,0.1573,4.6276,0.8396849235106303
595,1,35.8943094,128.5979899,71533,SPLY_LS,6.418168934001653,154,13,300,31.667829099557075,1.7084462696783025,1.912689938398357,1.6198211175522952,1.0,1.3,1.0046961685687057,1.0,1.4,1.0478489125654469,7.471264367816092,20.833333333333332,8.655650261944748,1.547126436781609,4.966666666666667,1.8062095585231561,4.503053682688535,19.35919431283192,4.818788041805745,0.0187644498484472,0.0806707306612862,0.02008013070960659,1.5812,5.2523,1.267087696131717
596,1,35.894626099999996,128.5980171,244096,SPLY_LS,8.606605667764285,142,13,300,29.174063749281423,1.7245448323066392,1.912689938398357,1.6119119491054001,1.0,1.3,1.0017848719692668,1.0,1.4,1.041625884431997,7.471264367816092,20.833333333333332,8.52646912180136,1.547126436781609,4.966666666666667,1.7714986078784305,4.971999113049942,19.35919431283192,4.510924703002849,0.0207185689040347,0.0806707306612862,0.01879724878364797,1.8234,5.2523,1.210163704467978
597,1,35.8951113,128.5981282,210576,SPLY_LS,4.4981648108378165,116,13,300,24.51896315677409,1.7161122518822722,1.912689938398357,1.6437126492150558,1.0,1.3,1.0013675838703382,1.0,1.4,1.0440249080819446,7.471264367816092,20.833333333333332,8.108112070447069,1.547126436781609,4.966666666666667,1.6978601539856553,3.044595857620614,19.35919431283192,4.423863478129453,0.0126869831684979,0.0806707306612862,0.01843446030653928,0.7374,4.7871,1.234676934735072
598,1,35.8946786,128.5982036,2949,SPLY_LS,4.613235316353492,156,13,300,29.788019545129945,1.6413689253935662,1.912689938398357,1.6169223137111826,1.0,1.3,1.0021084880987081,1.0,1.4,1.0497451195791614,7.471264367816092,20.833333333333332,8.306625348778732,1.547126436781609,4.966666666666667,1.764585050118883,2.503702974167763,19.35919431283192,4.607357834562922,0.0104330554785057,0.0806707306612862,0.019199090464515376,0.4938,5.2523,1.2384602477661513
599,2,35.89491199999999,128.5983583,176444,SPLY_LS,2.322138284736248,145,13,300,30.951834016682696,1.6413689253935662,1.912689938398357,1.6281260510815063,1.0,1.3,1.0013091291909704,1.0,1.4,1.0491620350036566,7.471264367816092,20.833333333333332,8.105850345518764,1.547126436781609,4.966666666666667,1.7644531232541703,5.268368964186324,19.35919431283192,4.594835642209912,0.0219535568922126,0.0806707306612862,0.019146909862870775,2.1433,4.7871,1.1991023819852635
600,1,35.896232299999994,128.600836,456171,PIPE_LM,0.4699525705029544,223,25,300,29.805387390073655,1.5926899383983573,1.792662559890486,1.6260533356008295,1.0,1.0,1.0,1.0,1.2,1.0037285461898995,8.928571428571429,20.833333333333332,8.741796349020666,1.692857142857143,4.966666666666667,1.7789872724440434,2.84766585482656,64.6458046407898,4.476777280504511,0.011866366000355,0.2693823002284031,0.01865495476672629,0.544,31.5158,1.375907159071773
601,2,35.89624000000028,128.59858005000052,244065,SPLY_LS,7.288464441383211,115,13,300,32.031682751815474,1.6413689253935662,2.0606981519507186,1.6013881074708272,1.0,1.0,1.0,1.0,1.2,1.0541228007415777,7.471264367816092,20.833333333333332,8.956648233640582,1.547126436781609,4.966666666666667,1.8298417685848036,6.557429050832747,12.15745498850814,4.83535852277675,0.0273251347262726,0.0506607228098628,0.02014918073233683,2.9124,3.9358,1.3840146839979828
602,1,35.89681550000001,128.5987169,142146,SPLY_LS,2.798209339012268,133,13,300,32.23540567710669,1.642299794661191,2.0606981519507186,1.5635945410117391,1.0,1.0,1.0,1.0,1.2,1.0123850929673952,7.471264367816092,20.833333333333332,9.260012361128755,1.547126436781609,4.966666666666667,1.8494721221062056,2.1593226968028003,14.045678120391342,4.17433931541764,0.0089980056437121,0.0585290430115767,0.01739468064431103,0.2876,6.0861,1.0611409438399808
603,1,35.8969202,128.5987609,105168,SPLY_LS,5.988969897038569,131,13,150,31.40446697247531,1.642299794661191,1.7526899383983574,1.5893359996009024,1.0,1.0,1.0,1.0,1.2,1.0092049871680397,7.471264367816092,17.857142857142858,9.113665413380517,1.547126436781609,3.3000000000000003,1.8360031084267545,3.061388306161472,14.045678120391342,4.3156436175025075,0.0127569581411901,0.0585290430115767,0.01798350273631377,0.8255,6.0861,1.1242424953236831
604,1,35.8977634,128.5994017,308937,PIPE_LM,14.40258589952527,123,150,150,39.24652105000946,1.6126762491444215,1.7526899383983574,1.5892979763145738,1.0,1.0,1.0,1.0,1.2,1.0069921760140446,12.5,17.857142857142858,9.176462876877878,3.3000000000000003,3.3000000000000003,1.9210988487349954,6.417850518286161,14.045678120391342,4.124943115732064,0.0267435040022243,0.0585290430115767,0.017188844210411256,0.1257,6.0861,0.8996506071228151
605,1,35.8970363,128.5984409,71452,SPLY_LS,7.052945738296135,103,13,150,30.164335352034996,1.6113620807665985,1.7526899383983574,1.6015047122652062,1.0,1.0,1.0,1.0,1.2,1.0056593151689228,7.471264367816092,17.857142857142858,8.895769830835862,1.547126436781609,3.3000000000000003,1.8056907624424492,3.008324923505355,14.045678120391342,4.212762492338237,0.0125358403724929,0.0585290430115767,0.01755479194369801,0.8283,6.0861,1.1082657885456741
606,2,35.89748105000004,128.5989662000004,244056,SPLY_LS,6.025902241160478,132,13,150,39.888950708878795,1.6594934976043807,1.7526899383983574,1.5878126234187162,1.0,1.0,1.0,1.0,1.2,1.0060015863741227,7.471264367816092,17.857142857142858,9.202067076558178,1.547126436781609,3.3000000000000003,1.9223089796048076,4.552294782760128,14.045678120391342,4.450590426485577,0.0189696399745005,0.0585290430115767,0.018545832836686645,1.6864,6.0861,1.0673699028316836
607,1,35.897715500000004,128.5989664,175946,SPLY_LS,7.653925000626746,108,13,150,36.48658553108785,1.6424093086926763,1.7526899383983574,1.5725480775399125,1.0,1.0,1.0,1.0,1.2,1.004525876291013,7.471264367816092,17.857142857142858,9.028053434197174,1.547126436781609,3.3000000000000003,1.8823074030060563,3.2662017506931225,14.045678120391342,4.107675403565381,0.0136104260052257,0.0585290430115767,0.017116888790427054,0.9475,6.0861,0.954541082454735
608,2,35.8977425,128.5987645,455268,SPLY_LS,1.1952855537135356,85,13,150,33.40036919538909,1.1547980835044491,1.7526899383983574,1.4930599921371854,1.0,1.0,1.0,1.0,1.2,1.0037798536569509,7.471264367816092,17.857142857142858,8.85104846688111,1.547126436781609,3.3000000000000003,1.8385176054835854,2.1649068738788557,14.045678120391342,3.7328612700160693,0.0090212751887968,0.0585290430115767,0.015555019555220395,0.8359,6.0861,0.9029980111816118
609,2,35.89680355000031,128.59930739999922,36476,SPLY_LS,3.572678884108633,199,13,300,38.92169094725406,1.5384804928131417,2.0606981519507186,1.595781607059538,1.0,1.0,1.0,1.0,1.2,1.0263157624207107,7.471264367816092,20.833333333333332,9.023818833855877,1.547126436781609,4.966666666666667,1.9038642765219114,4.489446204041229,14.045678120391342,4.9073095087861,0.01870774680455,0.0585290430115767,0.02044900408858708,1.8577,6.0861,1.3040544160061325
610,1,35.897173699999996,128.5986068,71451,SPLY_LS,6.240853878169077,117,13,150,31.874282942521397,1.714360027378508,1.7526899383983574,1.605903934033695,1.0,1.0,1.0,1.0,1.2,1.0044201171585252,7.471264367816092,17.857142857142858,8.939919672684457,1.547126436781609,3.3000000000000003,1.8262907796083359,4.353909750532393,14.045678120391342,4.3149652902746265,0.018142959625956,0.0585290430115767,0.01798067611283884,1.4871,6.0861,1.1287542195148754
611,1,35.8970342,128.5985975,142144,SPLY_LS,4.701396412269747,122,13,150,30.228084123880624,1.6007392197125256,1.7526899383983574,1.6024790373985014,1.0,1.0,1.0,1.0,1.2,1.0065998483016774,7.471264367816092,17.857142857142858,8.879561154934166,1.547126436781609,3.3000000000000003,1.8084454745674867,3.2238713556506253,14.045678120391342,4.302010805864272,0.0134340331325639,0.0585290430115767,0.01792669412857668,0.9723,6.0861,1.140181694427584
612,2,35.89785299999999,128.5987658,176380,PIPE_LM,9.390408940432822,78,40,150,39.90347800238909,1.7326488706365502,1.7326488706365502,1.5449000833291378,1.0,1.0,1.0,1.0,1.2,1.0044834728651801,10.0,17.857142857142858,9.274951050317068,2.05,3.3000000000000003,1.9314628165285903,4.249751959302665,14.045678120391342,3.916060975469228,0.0177089289020121,0.0585290430115767,0.016318421887828987,0.1942,2.6404,0.8036515905889774
613,1,35.8976595,128.601949,3763,SPLY_LS,2.9929703199834963,163,13,400,43.65699551022765,1.6140451745379876,1.792662559890486,1.627144556288037,1.0,1.0,1.0,1.0,1.2,1.0134819461689517,7.471264367816092,23.255813953488374,8.757763773321098,1.547126436781609,5.451162790697675,1.9181216417968974,2.478340811456078,13.1470648457662,4.120070485106684,0.010327370078378,0.1608660406591712,0.018225896691993797,0.5037,4.2717,0.8436651422627441
614,1,35.89696860000001,128.6024191,3963,SPLY_LS,3.5460919000164632,219,13,300,27.914093955015865,1.5958658453114305,1.7726762491444217,1.6246102022245463,1.0,1.0,1.0,1.0,1.2,1.0006002165644734,7.471264367816092,20.833333333333332,8.19501965881498,1.547126436781609,4.966666666666667,1.7355768899351203,4.60475549451135,64.6458046407898,4.81578187577253,0.0191882463834035,0.2693823002284031,0.020399127447792022,1.8257,31.5158,1.570321171858654
615,1,35.8970001,128.6016457,72504,SPLY_LS,9.370769921907092,222,13,400,39.56665360965565,1.6482135523613963,1.792662559890486,1.640784963593424,1.0,1.0,1.0,1.0,1.2,1.0072946253601929,7.471264367816092,23.255813953488374,8.86291565696473,1.547126436781609,5.451162790697675,1.8918887670380746,5.814609249463326,64.6458046407898,5.239624373470817,0.0242297674729761,0.2693823002284031,0.021833776745471534,2.4548,31.5158,1.5342134630404427
616,1,35.897002099999995,128.602767,245520,PIPE_LM,7.864427105938787,218,80,200,29.288815780958846,1.6126762491444215,1.7726762491444217,1.6224422714489204,1.0,1.0,1.0,1.0,1.2,1.0007219377347643,14.22222222222222,15.873015873015872,8.183797344443606,2.5777777777777775,3.9746031746031742,1.749253882976944,3.074828856234398,12.864716060377829,4.64496862333178,0.0128129655853715,0.1608660406591712,0.019715739146879234,0.1873,6.5593,1.4894131656440508
617,1,35.8968503,128.6010226,142978,SPLY_LS,5.0783864325418335,214,13,400,37.782093670955774,1.6378097193702943,1.792662559890486,1.6407969903881576,1.0,1.0,1.0,1.0,1.2,1.0140796217276835,7.471264367816092,23.255813953488374,8.83559805994034,1.547126436781609,5.451162790697675,1.8693295252509,2.075818384905853,12.969072573353785,4.417181030202042,0.0086500390008219,0.0540427738667938,0.018406614211903382,0.2412,4.2717,1.124371529414508
618,1,35.896078,128.6025306,245496,SPLY_LS,3.477024610930053,233,13,200,30.93406691075787,1.6602600958247775,2.350855578370979,1.5798273175970925,1.0,1.0,1.0,1.0,1.4,1.0030801198954489,7.471264367816092,26.666666666666668,8.70537500774477,1.547126436781609,3.9746031746031742,1.786435285652042,3.4770005387772493,64.6458046407898,4.638735043008289,0.0144888350951117,0.2693823002284031,0.019329840860967673,1.0509,31.5158,1.365866320347188
619,1,35.8967492,128.6028856,38048,SPLY_LS,5.70595593287191,223,13,200,29.014613090396548,1.664476386036961,1.7726762491444217,1.6233363817973332,1.0,1.0,1.0,1.0,1.2,1.0012249889640683,7.471264367816092,26.666666666666668,8.191586451207668,1.547126436781609,3.9746031746031742,1.7476309080449974,6.012033579497973,22.833904885619297,4.901420836993687,0.025052444527447,0.0951500233536198,0.020424465698794483,2.5372,8.5128,1.6009642317471633
620,1,35.89755230000001,128.6040497,72301,SPLY_LS,1.6535487082181164,182,13,150,25.187450844857114,1.700396988364134,1.7526899383983574,1.6369748457756845,1.0,1.0,1.0,1.0,1.0,1.0,7.471264367816092,17.857142857142858,8.231739945402655,1.547126436781609,3.3000000000000003,1.7153997784788468,3.771501508748744,11.565210142368242,3.977113451384195,0.0157160353620314,0.0481928089237555,0.016572830607590468,1.1721,4.3426,1.1784507955658956
621,1,35.8971634,128.6038306,72439,SPLY_LS,7.456579193276557,189,13,150,27.000960762311156,1.7438193018480497,1.7726762491444217,1.6292808586094583,1.0,1.0,1.0,1.0,1.0,1.0,7.471264367816092,17.857142857142858,8.123247526545896,1.547126436781609,3.3000000000000003,1.7285573697647085,3.6819098541932607,11.565210142368242,3.7040933477117615,0.015342702457916,0.0481928089237555,0.015435142184582234,1.0677,4.3426,0.9726318507779856
622,1,35.898519,128.6055705,245657,SPLY_LS,7.714865474206406,74,13,150,26.419245512748308,1.7433812457221085,1.7726762491444217,1.617716067703228,1.0,1.0,1.0,1.0,1.2,1.002296232581759,7.471264367816092,17.857142857142858,8.0517841237597,1.547126436781609,3.3000000000000003,1.7167632051229043,5.829724516672196,8.153821201341549,4.150121048968112,0.0242927535471988,0.0339773806370502,0.017293761917102527,2.2747,3.8681,1.2182229400412528
623,1,35.898427500000004,128.6050715,106786,SPLY_LS,7.328223346506101,111,13,150,25.805858184031827,1.6316769336071184,1.7726762491444217,1.6323566998819117,1.0,1.0,1.0,1.0,1.2,1.0009027391162575,7.471264367816092,17.857142857142858,8.010423649539973,1.547126436781609,3.3000000000000003,1.710462335649607,3.806856508560547,8.369905696957307,4.379403745630179,0.0158633614139972,0.0348778155345059,0.01824919437822819,1.2848,3.9625,1.3458291022633857
624,1,35.89654469999999,128.6043002,177336,SPLY_LS,4.9014661398720785,184,13,200,29.231452631126178,1.6657905544147846,1.7726762491444217,1.629288280586009,1.0,1.0,1.0,1.0,1.4,1.0120228379068985,7.471264367816092,20.0,8.197819743663027,1.547126436781609,3.9746031746031742,1.746366940875768,3.5741430487102037,11.565210142368242,3.198176669634373,0.0148936327911278,0.0481928089237555,0.013326962091199853,1.1012,2.7503,0.5976064516094676
625,1,35.89640670000001,128.6044953,72445,SPLY_LS,2.4878709451024306,179,13,200,28.567234007010423,1.6531416837782342,1.7726762491444217,1.62866368295433,1.0,1.0,1.0,1.0,1.4,1.0185711001526443,7.471264367816092,20.0,8.185513414097855,1.547126436781609,3.9746031746031742,1.7413036143261018,3.865882648134512,9.37339816098739,3.357389654445431,0.0161093262889089,0.0390594188067425,0.013990410559556772,1.2901,2.1024,0.6811652945972234
626,1,35.89682049999998,128.6051151,143139,SPLY_LS,5.1511588318322445,157,13,200,38.04522952502729,1.6240657084188912,1.7726762491444217,1.602338705083481,1.0,1.0,1.0,1.2,1.4,1.047319331456489,7.471264367816092,20.0,8.852493750682411,1.547126436781609,3.9746031746031742,1.8686165980074292,3.6579529967181017,11.565210142368242,3.867459945971324,0.0152428730349741,0.0481928089237555,0.01611589896785975,0.8381,4.3426,0.7394159563298842
627,1,35.89721720000001,128.6062283,106520,SPLY_LS,4.400710421818213,147,13,200,35.349269371163864,1.662669404517454,1.7463928815879537,1.6407323556938636,1.0,1.0,1.0,1.0,1.4,1.007610297426936,7.471264367816092,25.3968253968254,8.446190157924736,1.547126436781609,3.9746031746031742,1.8245361246028275,4.171867964280939,8.837926571575123,4.594547181071701,0.0173843824005568,0.0368280819200821,0.019145707830884772,1.4572,3.8918,1.2679748001314737
628,1,35.89713200000001,128.6059369,106521,SPLY_LS,5.610134057266675,147,13,200,31.560859199548975,1.6992470910335389,1.74217659137577,1.6439820806390932,1.0,1.0,1.0,1.0,1.4,1.0111692118363214,7.471264367816092,25.3968253968254,8.410257607637465,1.547126436781609,3.9746031746031742,1.7814091237507523,4.0647965861532995,8.837926571575123,4.266752841410885,0.0169382106143301,0.0368280819200821,0.01777977242780117,1.3426,3.8918,1.1484900567161744
629,1,35.8980463,128.6073842,211440,PIPE_LM,6.287120705559195,90,100,200,32.45488280990219,1.6526488706365503,1.792662559890486,1.6002859964948535,1.0,1.0,1.0,1.2,1.2,1.0167705249365382,8.333333333333334,25.3968253968254,8.30098715807303,2.466666666666667,3.9746031746031742,1.7858694036029177,6.052772281823407,8.837926571575123,4.558342649998829,0.0252222047369722,0.0368280819200821,0.018994841739677575,0.1784,3.8646,1.3214796934044826
630,1,35.89697780000001,128.6075045,72417,SPLY_LS,5.799521702419374,196,13,200,35.76378342790316,1.716331279945243,1.792662559890486,1.656892349118379,1.0,1.0,1.0,1.0,1.2,1.0011557709011474,7.471264367816092,15.873015873015872,8.370644668274764,1.547126436781609,3.9746031746031742,1.8267456724725428,4.083230545414531,9.307766399472284,4.6564447802124995,0.0170150258442696,0.0387859279749209,0.019403638221384436,1.3298,4.3744,1.2436313614415566
631,1,35.89687839999999,128.6066871,106538,SPLY_LS,5.6545197679988375,208,13,200,26.64231834096673,1.639835728952772,1.7463928815879537,1.6511160193852723,1.0,1.0,1.0,1.0,1.2,1.0024886530088755,7.471264367816092,20.0,7.909667540410834,1.547126436781609,3.9746031746031742,1.7049882809369632,4.659121675035751,9.307766399472284,4.361190947877396,0.0194147929759577,0.0387859279749209,0.01817330073935246,1.7824,3.8918,1.2850788058893783
632,1,35.89632470000001,128.6066462,3883,SPLY_LS,5.3616679913138485,212,13,200,24.67325568096835,1.686050650239562,1.747816563997262,1.6351951653680963,1.0,1.0,1.0,1.0,1.2,1.0039427641343084,7.471264367816092,16.3265306122449,7.962117831858581,1.547126436781609,3.9746031746031742,1.6877250328005555,3.095080709920759,9.307766399472284,3.6378838398554767,0.0128973560722752,0.0387859279749209,0.015159243854869707,0.7977,3.3989,0.9279130639203167
633,1,35.89640699999999,128.6087045,143052,SPLY_LS,6.456076014934699,222,13,200,23.946190516082734,1.6840793976728268,1.792662559890486,1.6454911415368139,1.0,1.0,1.0,1.0,1.2,1.001070430835802,7.471264367816092,15.873015873015872,8.114623537209546,1.547126436781609,3.9746031746031742,1.691163004141514,4.683882338249883,10.699904903618648,4.292261964912704,0.0195179718976041,0.044587038728624,0.01788607022088945,1.7237,5.2399,1.3249082063013493
634,1,35.8968971,128.6089178,106476,SPLY_LS,7.41706782375802,183,13,150,23.63913197963379,1.7290896646132787,1.792662559890486,1.6387447916025508,1.0,1.0,1.0,1.0,1.6,1.0076594766838887,7.471264367816092,14.285714285714286,7.970190728214478,1.547126436781609,3.3000000000000003,1.680149492746991,5.54745791508203,11.330398627606204,4.307676453326078,0.0231165345050425,0.0472143376011664,0.01795030316483237,2.1419,4.8174,1.3366146716842693
635,1,35.89675390000001,128.6090943,211370,SPLY_LS,6.329481094053162,201,13,150,24.946626611479893,1.6823271731690623,1.792662559890486,1.632841201831666,1.0,1.0,1.0,1.0,1.6,1.006610674390432,7.471264367816092,14.285714285714286,8.058259403266208,1.547126436781609,3.3000000000000003,1.6987327380581638,3.958355313346402,11.330398627606204,4.142108761140211,0.0164946645084801,0.0472143376011664,0.017260374313109252,1.3042,4.8174,1.2207587863120477
636,1,35.89719509999999,128.6088573,143041,SPLY_LS,5.248337205968904,150,13,150,25.470217796903547,1.6500205338809035,1.792662559890486,1.6328915283265817,1.0,1.0,1.0,1.0,1.6,1.0124543236051649,7.471264367816092,14.285714285714286,7.927716866460228,1.547126436781609,3.3000000000000003,1.6918279047519298,4.35343822133529,11.330398627606204,4.243696683279044,0.0181409947402152,0.0472143376011664,0.01768369626405791,1.5838,4.0231,1.255797068445336
637,2,35.89709280000001,128.6092451,72225,PIPE_LM,6.716575193494048,150,20,150,25.791861240718212,1.6926762491444216,1.792662559890486,1.6134291485344814,1.0,1.0,1.0,1.0,1.6,1.0126850686995894,9.523809523809524,14.285714285714286,8.114443624816387,1.7523809523809524,3.3000000000000003,1.7093806287737208,3.376558042824506,11.330398627606204,4.378190995416819,0.0140702861923518,0.0472143376011664,0.018244140787451603,0.6843,4.8174,1.348347271819977
638,1,35.896396200000005,128.6105147,245321,SPLY_LS,10.590388321310146,167,13,150,23.6083522152933,1.6575222450376454,1.788062970568104,1.610719910261192,1.0,1.0,1.0,1.0,1.6,1.0159239578029922,7.471264367816092,14.285714285714286,8.146179392268436,1.547126436781609,3.3000000000000003,1.693234342079096,4.542825136996158,11.330398627606204,4.613025046655228,0.0189301794871198,0.0472143376011664,0.019222706020664622,1.684,4.8174,1.5204223519926512
639,1,35.8966144,128.6107966,143011,SPLY_LS,6.175638076432023,129,13,150,27.045003762359116,1.7283230663928817,1.788062970568104,1.6294059774107488,1.0,1.0,1.0,1.0,1.6,1.033950080007069,7.471264367816092,14.285714285714286,7.98537087716248,1.547126436781609,3.3000000000000003,1.7158714210324146,8.313526719908335,11.330398627606204,4.929212727960096,0.034642881518194,0.0472143376011664,0.020540275898046075,3.7106,4.8174,1.5509235089938114
640,1,35.8951658,128.6115137,143010,SPLY_LS,7.189940920854091,117,13,150,33.79865165450617,1.6638193018480494,1.7526899383983574,1.5521040735058955,1.0,1.0,1.0,1.2,1.6,1.154702593903488,7.471264367816092,17.857142857142858,8.73645640876538,1.547126436781609,3.3000000000000003,1.8277177334449353,2.4966967874187502,21.10882891509861,5.234253509809061,0.0104038603480133,0.0879615455306616,0.021811396088049814,0.2246,8.1373,1.3511976860231378
641,1,35.8961338,128.6104798,72270,SPLY_LS,3.75355337772353,188,13,150,23.61984705144955,1.6419712525667352,1.788062970568104,1.599512794677054,1.0,1.0,1.0,1.0,1.6,1.0143847982048886,7.471264367816092,14.285714285714286,8.250572217678998,1.547126436781609,3.3000000000000003,1.6980178165824418,2.9553128227701477,13.490284710596164,4.619953975420161,0.0123149362981243,0.0562146909032897,0.01925157921327453,0.7626,7.0042,1.5378084789320037
642,2,35.89579845000024,128.61047009999885,211350,SPLY_LS,2.871104963365714,195,13,150,24.25159451224832,1.7461738535249829,1.7526899383983574,1.5906141093498622,1.0,1.0,1.0,1.0,1.6,1.0228317600542105,7.471264367816092,14.285714285714286,8.411426072732636,1.547126436781609,3.3000000000000003,1.7117811178947855,3.8680425275713097,21.10882891509861,5.097486309167938,0.016118326614516,0.0879615455306616,0.021241480324618214,1.1693,8.1373,1.7886300629356877
643,1,35.8951477,128.6098643,143032,SPLY_LS,8.323479744792612,208,13,150,27.61469605650626,1.5848596851471597,1.7690075290896647,1.5628606821522588,1.0,1.0,1.0,1.0,1.6,1.0307536315813626,7.471264367816092,17.857142857142858,8.649841422008313,1.547126436781609,3.3000000000000003,1.7627861469985997,6.25851927825539,21.10882891509861,5.7425272652846155,0.0260795627584541,0.0879615455306616,0.02392939824080422,2.8672,8.1373,2.0860175349366843
644,1,35.8950253,128.6107087,211327,PIPE_LM,6.942171591375061,180,50,150,31.34589936359117,1.6726899383983571,1.7526899383983574,1.5499467127421838,1.0,1.0,1.0,1.2,1.6,1.07844933938471,10.95890410958904,17.857142857142858,8.999947067338747,2.16986301369863,3.3000000000000003,1.825171047384098,3.660392562181028,21.10882891509861,6.557087476812434,0.0152530388262364,0.0879615455306616,0.027323711370251177,0.3819,8.1373,2.298181124083215
645,1,35.895411900000006,128.6098672,245332,SPLY_LS,6.3391033622945105,201,20,150,27.24766120732296,1.1900616016427106,1.7612867898699522,1.577356452459944,1.0,1.0,1.0,1.0,1.2,1.022625099416875,9.523809523809524,17.857142857142858,8.511213544307562,1.7523809523809524,3.3000000000000003,1.7483628000378841,8.05290442584841,21.10882891509861,5.757655135671324,0.0335568553877316,0.0879615455306616,0.023992436833099144,4.7135,8.1373,2.125099374294431
646,1,35.8950258,128.6105732,211357,SPLY_LS,6.265464912822457,184,20,150,31.145838885386237,1.6254893908282,1.7690075290896647,1.5560346211752552,1.0,1.0,1.0,1.2,1.6,1.0711693206914197,9.523809523809524,17.857142857142858,8.926334031638746,1.7523809523809524,3.3000000000000003,1.8187270965255626,21.10882891509861,21.10882891509861,6.822023387551581,0.0879615455306616,0.0879615455306616,0.02842771255709675,8.1373,8.1373,2.4168083578970396
647,1,35.8939763,128.6096061,143909,SPLY_LS,6.43191773364403,172,20,150,29.03415436283227,1.222422997946612,1.9612594113620807,1.5282402234834949,1.0,1.0,1.0,1.0,1.6,1.0629185653407864,9.523809523809524,14.285714285714286,8.671996357460166,1.7523809523809524,3.3000000000000003,1.7744462904113572,4.752914877492315,29.499750631236587,4.92673440736518,0.0198056339402543,0.1229269358678944,0.02052994861221104,2.2829,5.003,1.4474075121273666
648,1,35.8961794,128.6087292,143055,SPLY_LS,6.448976646521784,231,20,200,23.687705641921628,1.64580424366872,1.792662559890486,1.633894418255688,1.0,1.0,1.0,1.0,1.2,1.0015816417773624,9.523809523809524,17.857142857142858,8.230568929337029,1.7523809523809524,3.9746031746031742,1.693368953675319,2.4774482920950907,10.699904903618648,4.185431326220873,0.0103236509055748,0.044587038728624,0.017440901607928643,0.271,5.2399,1.2739032842243887
649,1,35.89557849999999,128.6080436,245370,SPLY_LS,3.919980499139333,239,13,200,28.976969769895017,1.5861738535249827,1.7526899383983574,1.6180167580373084,1.0,1.0,1.0,1.0,1.6,1.0143653268243211,7.471264367816092,15.873015873015872,8.466202454677186,1.547126436781609,3.9746031746031742,1.7605275453633178,3.543906436393752,12.765202636710075,4.186347397832963,0.0147676353157745,0.0531932376473027,0.017444718924139794,1.188,5.2399,1.1521552406353603
650,1,35.895638,128.6083125,37760,PIPE_LM,8.687192985009213,237,25,200,26.16280447748164,1.6926762491444216,1.7612867898699522,1.6055023584038381,1.0,1.0,1.0,1.0,1.6,1.01316951249554,8.928571428571429,17.857142857142858,8.473375290625349,1.692857142857143,3.9746031746031742,1.7321290516639813,2.9919391261284005,12.765202636710075,4.508016675555203,0.0124675599355333,0.0531932376473027,0.018785130887872273,0.5264,5.2399,1.4131276222838856
651,1,35.8956941,128.6084596,143060,SPLY_LS,4.290992826053422,225,13,200,23.855480965671987,1.6792607802874744,1.7612867898699522,1.615828008409548,1.0,1.0,1.0,1.0,1.2,1.0089361067518572,7.471264367816092,17.857142857142858,8.421531690880325,1.547126436781609,3.9746031746031742,1.7054986065199442,6.496352461956,10.699904903618648,4.714966372567666,0.0270706255265937,0.044587038728624,0.019647500622808057,2.7885,5.2399,1.574141018013104
652,1,35.89541030000001,128.6093837,72379,SPLY_LS,5.988012025211629,215,13,150,31.71281485311347,1.750444900752909,1.808213552361396,1.590758441030938,1.0,1.0,1.0,1.0,1.2,1.0244899031771735,7.471264367816092,17.857142857142858,8.709501866098044,1.547126436781609,3.3000000000000003,1.8070047623332008,4.684892273099964,13.490284710596164,5.33472901020447,0.0195221803466212,0.0562146909032897,0.022230082521972505,1.621,7.0042,1.7622610637025453
653,1,35.89540780000001,128.6092462,3843,SPLY_LS,6.201190219656137,214,20,150,28.37804380960245,1.214154688569473,1.808213552361396,1.5781898162372663,1.0,1.0,1.0,1.0,1.2,1.0245734898128656,9.523809523809524,17.857142857142858,8.76197303040334,1.7523809523809524,3.3000000000000003,1.775565811793675,4.277004063849141,13.490284710596164,5.150096615682982,0.0178224897842625,0.0562146909032897,0.021460710102381746,1.9743,7.0042,1.746184480558626
654,1,35.8954223,128.6087186,143128,PIPE_LM,6.877838334737486,227,80,200,26.896110840345717,1.6126762491444215,1.808213552361396,1.5956875292661026,1.0,1.0,1.0,1.0,1.2,1.0176549816650928,14.22222222222222,17.857142857142858,8.646861349997462,2.5777777777777775,3.9746031746031742,1.7534338172138322,2.944304663229923,12.5323032848234,4.997990265973482,0.0122690647469122,0.0522227344030233,0.020826875337824742,0.1369,7.6894,1.660333599286758
655,1,35.895288,128.6092459,211392,SPLY_LS,6.178646649381864,219,13,150,27.64421390370718,1.67958932238193,1.808213552361396,1.571258707494799,1.0,1.0,1.0,1.0,1.2,1.0280763054383968,7.471264367816092,17.857142857142858,8.73505116476289,1.547126436781609,3.3000000000000003,1.7680587267139598,6.315137736814749,13.490284710596164,5.249936420789986,0.0263154947061939,0.0562146909032897,0.021876747562252854,2.6821,7.6894,1.801594747912013
656,1,35.8954175,128.6090856,211393,SPLY_LS,4.9150762860158705,218,13,150,27.137383231074654,1.67958932238193,1.808213552361396,1.5901277848097588,1.0,1.0,1.0,1.0,1.2,1.023399002255202,7.471264367816092,17.857142857142858,8.707471202762509,1.547126436781609,3.3000000000000003,1.7589330336889033,5.076498787973704,13.490284710596164,5.146491150371921,0.0211540242744258,0.0562146909032897,0.021445685948157274,1.9599,7.6894,1.7606411376504927
657,1,35.894498999999996,128.6093913,4695,PIPE_LM,6.643586091164945,204,25,150,27.920435189013734,1.5326762491444217,1.9612594113620807,1.5315176829130304,1.0,1.0,1.0,1.0,1.6,1.040118520305321,8.928571428571429,17.857142857142858,8.610592322550845,1.692857142857143,3.3000000000000003,1.760333541864817,2.7213729177868373,29.499750631236587,5.135345088421046,0.0113400970170636,0.1229269358678944,0.021399239750704877,0.5333,7.6894,1.6598479097303371
658,1,35.89370850000001,128.6093782,246271,SPLY_LS,6.046017497702199,148,13,150,32.532777932794154,1.6010677618069815,1.9612594113620807,1.548056832453591,1.0,1.0,1.0,1.0,1.6,1.0735032968292468,7.471264367816092,14.285714285714286,8.566148172187267,1.547126436781609,3.3000000000000003,1.799703629107452,2.7580932066523456,29.499750631236587,5.413251396409524,0.0114931122967806,0.1229269358678944,0.022557289231408286,0.687,5.003,1.3487743710729896
659,1,35.894757999999996,128.6085124,73251,SPLY_LS,5.011976869061544,209,13,200,30.30135243285311,1.703189596167009,1.808213552361396,1.5573953694965523,1.0,1.0,1.0,1.0,1.6,1.0544793159669348,7.471264367816092,17.857142857142858,8.824733568369746,1.547126436781609,3.9746031746031742,1.7943041242862412,8.139585162303076,29.499750631236587,5.425315817664812,0.033918058350575,0.1229269358678944,0.022607562278000117,3.6801,7.6894,1.721494600765982
660,1,35.89373380000001,128.60859,4713,SPLY_LS,9.486917424706217,173,25,200,30.437454543207092,1.703791923340178,1.9612594113620807,1.5524756653363314,1.0,1.0,1.0,1.0,1.6,1.0593780991558848,8.928571428571429,15.873015873015872,8.685439786155092,1.692857142857143,3.9746031746031742,1.7805266356860472,3.9467888845410535,29.499750631236587,4.462377611021088,0.0164464666213268,0.1229269358678944,0.01859495062400538,1.0004,7.6894,1.1054417949534938
661,2,35.89485430000001,128.60834559999984,107322,PIPE_LM,6.953773156019825,198,150,200,34.90831401579192,1.6926762491444216,1.808213552361396,1.571082917602948,1.0,1.0,1.0,1.2,1.6,1.0587462717505967,12.5,17.857142857142858,8.9315415433207,3.3000000000000003,3.9746031746031742,1.8479651582575822,8.32402278759577,29.499750631236587,5.251240064249417,0.0346866191570509,0.1229269358678944,0.021882179909730477,0.1592,7.6894,1.5236358913087706
662,1,35.8936404,128.6103236,417712,PIPE_LM,1.4467562731861607,102,150,150,48.92230514174937,1.32476386036961,1.7690075290896647,1.502727629825447,1.0,1.0,1.0,1.6,1.6,1.2574211862546163,12.5,14.285714285714286,9.617571366553532,3.3000000000000003,3.3000000000000003,2.0493456052092927,10.110827862435327,20.157018752113743,6.25728142070144,0.0421323252441611,0.0839953049909956,0.026074404544133883,0.3493,4.841,1.3356088713055025
663,1,35.894850500000004,128.6081292,73232,SPLY_LS,4.351064261667744,194,13,200,36.91429854513481,1.657741273100616,1.808213552361396,1.5846790484374589,1.0,1.0,1.0,1.0,1.6,1.0530037010496183,7.471264367816092,17.857142857142858,8.896303379352403,1.547126436781609,3.9746031746031742,1.8652378340937172,6.402945866380854,29.499750631236587,4.954131500123461,0.0266813955725023,0.1229269358678944,0.0206441136675894,2.7825,7.6894,1.3246740083631428
664,1,35.893575200000015,128.6095498,246286,SPLY_LS,5.182399654024019,132,25,150,33.01133578622784,1.3035728952772074,1.9612594113620807,1.5367702959902463,1.0,1.0,1.0,1.0,1.6,1.0917531421943252,8.928571428571429,14.285714285714286,8.865219975913455,1.692857142857143,3.3000000000000003,1.819514793426487,3.3119398472210486,20.157018752113743,5.02026873403471,0.0138010189403624,0.0839953049909956,0.020919710828159282,1.194,5.003,1.2814541296239434
665,1,35.8936902,128.6096401,143917,SPLY_LS,6.6113871001405835,140,20,150,31.58896296123557,1.6036960985626283,1.9612594113620807,1.5490514798949286,1.0,1.0,1.0,1.0,1.6,1.0840986099675687,9.523809523809524,14.285714285714286,8.82850057476603,1.7523809523809524,3.3000000000000003,1.8058149601343614,6.331643157470281,29.499750631236587,5.071919756596793,0.0263842736193365,0.1229269358678944,0.02113494322172661,2.3336,5.003,1.3448384523283632
666,1,35.88871000000001,128.6020298,73333,SPLY_LS,4.015217581902529,71,13,400,41.36852493633499,1.6892265571526353,2.160793976728268,1.6451998793318512,1.0,1.0,1.0,1.0,1.6,1.148133879763648,7.471264367816092,20.0,8.570142004308979,1.547126436781609,3.9746031746031742,1.8226048586365144,4.3099157362032825,12.69137420831549,4.457631627245501,0.0179596343685458,0.338717356431557,0.02606359251006031,1.4986,3.2417,0.8838877660408674
667,1,35.8891053,128.6025241,178233,SPLY_LS,6.769016534323877,125,20,400,25.379266788676155,1.2890622861054073,2.160793976728268,1.6120298745919674,1.0,1.0,1.0,1.0,1.6,1.1200007274410042,9.523809523809524,20.0,8.371631995497587,1.7523809523809524,3.9746031746031742,1.7054782843887106,4.942703398634759,12.69137420831549,4.545390823600983,0.0205964921972809,0.338717356431557,0.02039834679475819,2.2375,4.6374,1.2889023499264707
668,1,35.8924506,128.6083,246258,SPLY_LS,7.008493792614906,113,25,200,39.910968830488954,1.664147843942505,1.7673648186173854,1.6040340334371996,1.0,1.0,1.0,1.0,1.6,1.1418756238927192,8.928571428571429,17.857142857142858,8.7576490456447,1.692857142857143,3.9746031746031742,1.8895242604508034,5.139553813836548,12.838491104672691,4.712730229542032,0.0214167777199475,0.0534986343577263,0.019638182503013083,1.667,2.5722,0.9024147635928548
669,2,35.89244500000001,128.6080946,38786,SPLY_LS,7.085127605480646,122,20,200,38.90622371922857,1.5004791238877482,1.7673648186173854,1.5891493800226306,1.0,1.0,1.0,1.0,1.6,1.1207338489861054,9.523809523809524,17.857142857142858,8.751805343959989,1.7523809523809524,3.9746031746031742,1.877866877939123,5.257715483253666,12.765202636710075,4.463780229765682,0.0219091633044921,0.0531932376473027,0.01860079540644505,1.9586,2.5722,0.8830479668076487
670,1,35.89066619999999,128.6032595,246333,SPLY_LS,3.463817903337964,202,13,150,20.730595449636557,1.6469541409993156,1.862532511978097,1.613601173851917,1.0,1.0,1.0,1.0,1.6,1.0417975487967777,7.471264367816092,17.857142857142858,8.261990515595063,1.547126436781609,3.3000000000000003,1.6707029473804613,3.460066017257229,44.320708637351565,6.7082230691296525,0.0144182680972117,0.1846866089272758,0.027953500940216675,1.0574,9.828,2.6213356936897836
671,1,35.8905487,128.6031583,246334,SPLY_LS,3.149123937508973,196,13,150,21.566100894588313,1.664147843942505,1.862532511978097,1.6054886328330351,1.0,1.0,1.0,1.0,1.6,1.046681439198518,7.471264367816092,17.857142857142858,8.467471461520875,1.547126436781609,3.3000000000000003,1.6929530722858803,9.115680766143967,44.320708637351565,6.56767737149647,0.0379854975365602,0.1846866089272758,0.027367839990894312,4.3643,9.828,2.532086913210842
672,2,35.890894500011676,128.60298000000174,4780,SPLY_LS,3.811366527188838,174,13,150,21.78238030945898,1.657467488021903,1.9878165639972625,1.5950242299082162,1.0,1.0,1.0,1.0,1.6,1.038244665349139,7.471264367816092,17.857142857142858,8.37547890313343,1.547126436781609,3.3000000000000003,1.6875290090182087,7.690390070686613,44.320708637351565,5.8683943685462845,0.0320462399440546,0.1846866089272758,0.024453892753450734,3.5438,9.828,2.191506429667328
673,1,35.8903619,128.6032938,143983,SPLY_LS,0.054567136657509646,198,13,200,24.149127362589883,1.7218069815195074,1.862532511978097,1.6182849126241134,1.0,1.0,1.0,1.0,1.6,1.0730895610774012,7.471264367816092,17.857142857142858,8.654059147592012,1.547126436781609,3.9746031746031742,1.7271748965456997,3.66198175787893,44.320708637351565,5.930799288706789,0.0152596610841693,0.1846866089272758,0.024713937176005535,1.0828,9.828,2.040364053556688
674,1,35.8911832,128.6026666,177121,SPLY_LS,6.744094371552525,128,13,300,29.20035850335245,1.7033538672142368,1.9878165639972625,1.6186913266099763,1.0,1.3,1.0015077432671535,1.0,1.6,1.071313783877938,7.471264367816092,20.833333333333332,8.420328231978079,1.547126436781609,4.966666666666667,1.767013876726004,2.224639112077501,18.989567325482906,4.724848333164854,0.0092701824119825,0.0791304765236535,0.01968867924671457,0.279,6.9223,1.30794506086598
675,2,35.89096465000449,128.6021705000099,4781,SPLY_LS,8.21177601236606,90,25,300,37.96524462260437,1.5602190280629706,1.757782340862423,1.6064179758954016,1.0,1.3,1.0034049836491061,1.0,1.6,1.1162973748993796,8.928571428571429,20.833333333333332,9.007092860302288,1.692857142857143,4.966666666666667,1.8865332294871118,2.43386172849662,18.989567325482906,4.560315783220218,0.0101420235157318,0.0791304765236535,0.019003063884467753,0.3471,6.9223,0.98423136236039
676,1,35.8913343,128.6028039,178218,PIPE_LM,4.887900327055317,134,150,300,33.033596919299995,1.6126762491444215,1.9878165639972625,1.630705995160113,1.0,1.3,1.001399171250764,1.0,1.6,1.073157458429516,12.5,20.833333333333332,8.539508085867729,3.3000000000000003,4.966666666666667,1.8163442853266898,6.247954502078533,18.989567325482906,4.711086469073203,0.0260355388078863,0.0791304765236535,0.01963133287095145,0.0959,6.9223,1.1923922626710808
677,1,35.895917800000014,128.6070107,72381,SPLY_LS,5.0064315008549825,229,13,200,25.78543785906501,1.6010677618069815,1.7526899383983574,1.6323805540869065,1.0,1.0,1.0,1.0,1.2,1.0119333398424717,7.471264367816092,15.873015873015872,8.119821343190853,1.547126436781609,3.9746031746031742,1.70623535714622,2.3666957474510584,9.105636524111194,3.442836153483297,0.0098621395144159,0.0379436426777975,0.01434647039337252,0.4476,4.3946,0.7897919372163213
678,1,35.89558790000001,128.6064074,211439,PIPE_LM,6.447879297621325,204,80,150,25.315457344843757,1.6926762491444216,1.755208761122519,1.6134869818224324,1.0,1.0,1.0,1.0,1.4,1.0207563369823895,6.666666666666667,14.285714285714286,8.148219894434172,2.1333333333333337,3.3000000000000003,1.7064047069505284,3.9802476458465703,9.86958741763695,3.455103384477722,0.0165858909526249,0.041127064248664,0.014397588558287846,0.0616,4.3946,0.8111338266625316
679,1,35.89530649999999,128.6067474,72387,SPLY_LS,8.015131344824706,192,13,200,25.163768780043934,1.6905407255304583,1.755208761122519,1.6220176648087858,1.0,1.0,1.0,1.0,1.6,1.0275610085193396,7.471264367816092,15.873015873015872,8.242544805854433,1.547126436781609,3.9746031746031742,1.7089842506401907,4.451543287024737,12.765202636710075,3.996299023347616,0.0185498034541964,0.0531932376473027,0.016652777845240635,1.5787,4.3946,1.08335658210668
680,1,35.89502780000001,128.6062918,106514,SPLY_LS,4.981639389424248,166,13,200,24.596262165779667,1.651663244353183,1.755208761122519,1.6388571157371317,1.0,1.0,1.0,1.2,1.6,1.0687755935096468,7.471264367816092,20.0,8.026385732889832,1.547126436781609,3.9746031746031742,1.688244792453105,3.75350629717168,11.895530325604453,3.8253993605752803,0.0156410484156292,0.04956926964331,0.01594063040548518,0.8546,4.3946,0.9136262092687526
681,1,35.89515850000001,128.6060191,245392,SPLY_LS,5.4574158810043905,182,13,200,29.353457375391237,1.5848596851471597,1.755208761122519,1.6244888017850307,1.0,1.0,1.0,1.0,1.6,1.0551984309621085,7.471264367816092,20.0,8.20427191315629,1.547126436781609,3.9746031746031742,1.7445665903357341,2.8222568704358646,11.895530325604453,3.6911959578339992,0.0117604854919497,0.04956926964331,0.015381398116092121,0.7439,4.3946,0.7900517761800924
682,1,35.8959163,128.6058311,37966,SPLY_LS,6.009427359824095,190,13,200,32.31432295191728,1.672142368240931,1.7526899383983574,1.6029335965508587,1.0,1.0,1.0,1.0,1.4,1.0413850281629948,7.471264367816092,20.0,8.252061550681375,1.547126436781609,3.9746031746031742,1.778949802117874,2.4485362918881486,9.37339816098739,3.3940179339351646,0.0102031731551125,0.0390594188067425,0.01414304243160448,0.434,3.1756,0.6092222869143262
683,1,35.89454580000001,128.6062248,143962,SPLY_LS,3.005187519551235,144,13,200,23.42006340221955,1.6950855578370978,1.755208761122519,1.6360994596825538,1.0,1.0,1.0,1.0,1.6,1.0330018314313538,7.471264367816092,20.0,8.098272453139552,1.547126436781609,3.9746031746031742,1.6802539455881245,6.058895218568569,11.895530325604453,4.376406075990822,0.0252477193205361,0.04956926964331,0.018236702938957513,2.5004,4.3946,1.3209588638839427
684,1,35.89449890000001,128.6060147,107401,SPLY_LS,3.909105612970431,158,13,200,28.147026776496745,1.6531964407939768,1.755208761122519,1.630985354415431,1.0,1.0,1.0,1.0,1.6,1.0321710172393046,7.471264367816092,20.0,8.277135612118297,1.547126436781609,3.9746031746031742,1.7339128895658091,5.4871320780950095,11.895530325604453,4.28063132357285,0.0228651537260258,0.04956926964331,0.0178376047568942,2.2504,4.3946,1.1883678602666727
685,1,35.89373950000001,128.6055498,178198,SPLY_LS,7.927207322189682,194,20,200,31.878170788018913,1.430937713894593,1.7526899383983574,1.5664689838009755,1.0,1.0,1.0,1.0,1.6,1.0342343265646008,9.523809523809524,20.0,8.42837215282173,1.7523809523809524,3.9746031746031742,1.7828993688769146,3.642831221539836,11.895530325604453,3.7531691413405985,0.0151798598417175,0.04956926964331,0.015639643470423292,1.1495,3.0012,0.8144478352072313
686,1,35.89395040000001,128.6058123,177119,SPLY_LS,4.720820493067376,173,13,200,27.25293655849857,1.7423956194387409,1.755208761122519,1.5998548351082367,1.0,1.0,1.0,1.0,1.6,1.0182844958125403,7.471264367816092,20.0,8.22959940195692,1.547126436781609,3.9746031746031742,1.7249169629845655,4.814405386404352,11.895530325604453,3.847722047604151,0.0200618679654162,0.04956926964331,0.016033650158468825,1.7059,3.3345,0.9928448127876814
687,1,35.8931406,128.60617470000003,116528,PIPE_LM,6.283501337886951,192,80,200,29.953134717209057,1.6526488706365503,1.7526899383983574,1.5082421492727893,1.0,1.0,1.0,1.0,1.6,1.0163119733465595,6.666666666666667,20.0,8.87845441868508,2.1333333333333337,3.9746031746031742,1.7894789298244191,3.871848711847171,11.895530325604453,3.6769320173579096,0.0161341871747027,0.04956926964331,0.015321959562931217,0.0577,4.6252,0.9596783165351856
688,1,35.8935497,128.6061279,73298,SPLY_LS,4.112992031863303,173,13,200,28.56390080590136,1.6581245722108144,1.7526899383983574,1.5517610436946754,1.0,1.0,1.0,1.0,1.6,1.013207972894916,7.471264367816092,20.0,8.566213672778193,1.547126436781609,3.9746031746031742,1.7566416261831905,3.810316202830706,11.895530325604453,3.647056121692883,0.0158777781330056,0.04956926964331,0.015197465211900291,1.2504,3.6677,0.9131385113781246
689,1,35.8926412,128.6075201,73292,SPLY_LS,8.022509918626367,153,13,200,38.396147191771654,1.659000684462697,1.7726762491444217,1.5507151009735092,1.0,1.0,1.0,1.0,1.6,1.0707429340748327,7.471264367816092,17.857142857142858,9.35075890506394,1.547126436781609,3.9746031746031742,1.9015656952857325,4.517569776440204,12.765202636710075,3.823259836901196,0.0188249391369151,0.0531932376473027,0.01593171490335907,1.6667,2.5722,0.7143505843915346
690,1,35.8932908,128.6053603,37745,SPLY_LS,6.437336568741822,200,13,200,31.756341288718563,1.6408213552361397,1.7526899383983574,1.5874166071492792,1.0,1.0,1.0,1.2,1.6,1.0761814952531907,7.471264367816092,25.3968253968254,8.636166631397193,1.547126436781609,3.9746031746031742,1.790191333673584,3.985822715353217,16.32730907103399,4.000028207909696,0.0166091225460126,0.0680367132644522,0.016668317543770045,0.9824,3.6677,0.8666554386736193
691,1,35.8931854,128.6057473,212317,SPLY_LS,3.073313179452982,182,13,200,30.655034765969894,1.344640657084189,1.7526899383983574,1.5190836580369245,1.0,1.0,1.0,1.0,1.6,1.0387919038219673,7.471264367816092,25.3968253968254,8.7371774705801,1.547126436781609,3.9746031746031742,1.7874660589710016,2.33077399896092,16.32730907103399,3.8595332684103427,0.0097124517923701,0.0680367132644522,0.016082868106129283,0.6975,4.6252,0.9789523424138336
692,1,35.8935606,128.6053668,212318,SPLY_LS,6.634170453302256,197,13,200,37.569459404571106,1.5186584531143053,1.7526899383983574,1.5722339286490017,1.0,1.0,1.0,1.0,1.6,1.059816373321693,7.471264367816092,20.0,8.464153451851717,1.547126436781609,3.9746031746031742,1.8419133495465554,3.1019828320846106,11.895530325604453,4.124260999923261,0.0129261175604381,0.04956926964331,0.01718600179973019,1.0003,3.0008,0.7904473813904404
693,1,35.89314730000001,128.6053519,107396,SPLY_LS,4.656296088512608,188,13,200,32.10708266223011,1.6286105407255305,1.7526899383983574,1.582628654375251,1.0,1.0,1.0,1.0,1.6,1.088327549180857,7.471264367816092,25.3968253968254,8.729437165607008,1.547126436781609,3.9746031746031742,1.7977839680916743,4.435813204296437,16.32730907103399,4.061027464344537,0.0184842554129634,0.0680367132644522,0.016922504495296864,1.6673,3.6677,0.8905457804882958
694,2,35.892411150000164,128.60716564999905,267500,PIPE_LM,8.639504332189436,169,40,200,31.067310516868925,1.5926899383983573,1.7526899383983574,1.5359863848132183,1.0,1.0,1.0,1.0,1.6,1.0496141159256729,9.846153846153848,17.857142857142858,9.286448261173485,2.0307692307692307,3.9746031746031742,1.8263767081974314,2.2291496012257626,12.765202636710075,3.599819080507085,0.0092889778457878,0.0531932376473027,0.015000626099427015,0.1465,3.3349,0.8274475873067481
695,3,35.89246350001028,128.60751884999684,38847,SPLY_LS,7.017922727799573,158,20,200,38.86179206277165,1.3403696098562627,1.7526899383983574,1.5559608969895047,1.0,1.0,1.0,1.0,1.6,1.087315856823969,9.523809523809524,17.857142857142858,9.382544343374258,1.7523809523809524,3.9746031746031742,1.9085973775636442,3.260980245732002,12.765202636710075,4.009028724997873,0.0135886677329775,0.0531932376473027,0.01670582314850234,1.0542,2.6675,0.7820568259258719
696,1,35.892233,128.6062489,178176,SPLY_LS,6.144621180027644,176,13,200,28.43468128687998,1.7428336755646818,1.8883230663928816,1.5444275071936493,1.0,1.0,1.0,1.0,1.6,1.0255912115045653,7.471264367816092,17.857142857142858,9.023969817363412,1.547126436781609,3.9746031746031742,1.7856184866947185,4.746742452116013,11.895530325604453,4.162438537351108,0.01977991313509,0.04956926964331,0.017345089507068895,1.6672,4.6252,1.2599852732000907
697,1,35.89152,128.6055689,212297,SPLY_LS,5.514731506079154,155,13,200,31.503957083747625,1.6501300479123886,1.8883230663928816,1.5792862429674643,1.0,1.0,1.0,1.0,1.6,1.0801539306457644,7.471264367816092,25.3968253968254,9.016534068385894,1.547126436781609,3.9746031746031742,1.8117046514687765,2.8085735885936867,11.895530325604453,3.6604924887158763,0.0117034665723493,0.04956926964331,0.015253455225103475,0.6668,4.6252,0.7798094658383556
698,2,35.89571085000243,128.60505674999945,245473,PIPE_LM,6.466836512722925,179,40,200,34.89939745239874,1.6526488706365503,1.7726762491444217,1.580841085042013,1.0,1.0,1.0,1.0,1.6,1.060086106298929,9.846153846153848,20.0,8.964235777653677,2.0307692307692307,3.9746031746031742,1.8447630603179106,2.2836133388148725,11.895530325604453,3.658231179635099,0.0095159309635085,0.04956926964331,0.015244032237098392,0.1319,2.1024,0.7264340748130264
699,1,35.8953882,128.6029958,105678,PIPE_LM,7.4292508793466885,186,100,300,41.14748192362718,1.6726899383983571,2.350855578370979,1.5779522407942432,1.0,1.0,1.0,1.4,1.4,1.0510278485561948,8.333333333333334,26.666666666666668,8.880586583878292,2.466666666666667,4.966666666666667,1.9050655373251462,6.344171707597537,22.833904885619297,3.766951790446245,0.0264364807141443,0.0951500233536198,0.015697076458378995,0.046,8.5128,0.615386216438287
700,1,35.8940489,128.6048683,72467,SPLY_LS,5.884159951847223,174,13,200,25.607417003623876,1.622861054072553,1.7526899383983574,1.610690918728264,1.0,1.0,1.0,1.0,1.6,1.034585779007086,7.471264367816092,20.0,8.2099498514779,1.547126436781609,3.9746031746031742,1.7038638247076658,2.628759198455144,11.895530325604453,3.36455659074659,0.0109541710179225,0.04956926964331,0.014020275541470542,0.5863,2.3902,0.6947538970160277
701,3,35.8933403,128.6041584,211474,SPLY_LS,5.6134692783548585,117,13,200,26.07045438561832,1.6672142368240932,1.7526899383983574,1.6267185882414528,1.0,1.0,1.0,1.0,1.6,1.074301779275368,7.471264367816092,25.3968253968254,8.146873636040485,1.547126436781609,3.9746031746031742,1.706259064202163,2.3468337419948377,12.482253272236944,3.5438450812008817,0.0097793735445795,0.0520141734980749,0.014767379645618075,0.3785,2.4829,0.7129912802687804
702,1,35.8919931,128.6048395,73356,SPLY_LS,5.55798751648078,154,13,200,31.748807711400254,1.6306365503080082,1.756249144421629,1.590233025265191,1.0,1.0,1.0,1.0,1.6,1.097721342827474,7.471264367816092,25.3968253968254,8.849870541274186,1.547126436781609,3.9746031746031742,1.7972244961343742,3.8858527725313263,16.32730907103399,3.7141000464248983,0.0161925427957766,0.0680367132644522,0.015476840598454852,1.3337,3.0008,0.7164429171048248
703,1,35.896086499999996,128.6010963,143211,SPLY_LS,4.76240050906208,218,13,300,29.990175052306967,1.625160848733744,1.792662559890486,1.6280385994743052,1.0,1.0,1.0,1.0,1.0,1.0,7.471264367816092,20.833333333333332,8.79461681744768,1.547126436781609,4.966666666666667,1.7891362188630613,2.241835262814255,64.6458046407898,4.404556099859513,0.0093418396319101,0.2693823002284031,0.01835400549591955,0.3509,31.5158,1.3182865334330915
704,1,35.8953934,128.6011361,245490,SPLY_LS,4.253567866478473,228,13,300,28.26416423607117,1.6271321013004791,1.8126488706365504,1.6311914722041385,1.0,1.0,1.0,1.0,1.0,1.0,7.471264367816092,20.833333333333332,8.598453466381148,1.547126436781609,4.966666666666667,1.7589472037465737,5.2509183776244575,20.300895475071872,4.816384900863554,0.0218808394254799,0.0845948464893982,0.020070116701143444,2.1603,4.8473,1.5642425598022212
705,1,35.896290399999984,128.6010969,106634,SPLY_LS,5.072649173035433,222,13,300,36.14839155152021,1.7041204654346338,1.792662559890486,1.628635843446867,1.0,1.0,1.0,1.0,1.2,1.0019000943867349,7.471264367816092,20.833333333333332,9.116825935283062,1.547126436781609,4.966666666666667,1.8693431566632597,2.4781347723672065,64.6458046407898,4.556995298845733,0.0103265115031927,0.2693823002284031,0.018989227260055058,0.4241,31.5158,1.2732912675948056
706,1,35.8957377,128.6011203,106632,SPLY_LS,3.4565375174847035,234,13,300,31.528966537125534,1.625160848733744,1.8126488706365504,1.634254321445536,1.0,1.0,1.0,1.0,1.0,1.0,7.471264367816092,20.833333333333332,8.676408555117693,1.547126436781609,4.966666666666667,1.7979600486864145,4.019173012813564,64.6458046407898,4.72731659403177,0.0167480949030447,0.2693823002284031,0.019698964613160026,1.4219,31.5158,1.4497016229446393
707,1,35.8944666,128.6007764,36494,SPLY_LS,7.003527536071941,135,13,300,36.87876624493922,1.6138809034907595,1.792662559890486,1.5975530824294113,1.0,1.3,1.0017061963103553,1.0,1.6,1.0134053193361319,7.471264367816092,20.833333333333332,9.187439897032936,1.547126436781609,4.966666666666667,1.8828896580794956,3.412501173133783,20.300895475071872,4.431582746335787,0.0142200630135071,0.0845948464893982,0.018466626883118484,1.0707,4.8473,1.1418420129017615
708,2,35.89528950001068,128.60120195000025,143206,SPLY_LS,6.743791384993087,234,13,300,32.26225489567556,1.643832991101985,1.8126488706365504,1.621587079790746,1.0,1.0,1.0,1.0,1.2,1.0004036063120105,7.471264367816092,20.833333333333332,8.801988093379732,1.547126436781609,4.966666666666667,1.8076656628992183,6.659762947347181,20.300895475071872,4.852656586207098,0.027751565189743,0.0845948464893982,0.02022126262755425,2.9675,4.8473,1.5195682007081512
709,1,35.89499740000001,128.6011109,177424,SPLY_LS,3.8868726008703756,218,13,300,35.23577424647526,1.643832991101985,1.8126488706365504,1.6151845603662118,1.0,1.3,1.0008000461054116,1.0,1.6,1.0033501199932393,7.471264367816092,20.833333333333332,9.070659207637503,1.547126436781609,4.966666666666667,1.8558795881671766,6.264289689528657,20.300895475071872,5.132522738122497,0.0261036083507503,0.0845948464893982,0.0213874788758933,2.7319,4.8473,1.5775324201438683
710,1,35.8944816,128.6011167,143229,SPLY_LS,5.8475307275414465,142,13,300,46.5697991552312,1.6138809034907595,1.792662559890486,1.5908989050495823,1.0,1.3,1.002899689580071,1.0,1.6,1.0158731704258113,7.471264367816092,20.833333333333332,9.593869571729897,1.547126436781609,4.966666666666667,1.9988976923561552,2.5120372522373233,20.300895475071872,4.830996605819494,0.0104677848319355,0.0845948464893982,0.02013100440628007,0.5243,4.8473,1.160594574196404
711,1,35.8954243,128.6020765,245499,SPLY_LS,3.965812915265167,226,13,300,32.33954652263628,1.6140451745379876,2.350855578370979,1.6176801569262442,1.0,1.0,1.0,1.0,1.4,1.0092093128987838,7.471264367816092,26.666666666666668,8.67899844426704,1.547126436781609,4.966666666666667,1.8112659966167866,4.728576037818373,64.6458046407898,4.487702458394263,0.019704212778391,0.2693823002284031,0.018700480529251752,1.869,31.5158,1.199953218900391
712,1,35.89517680000001,128.6018861,245503,SPLY_LS,5.768468989925297,218,13,300,33.12787656587173,1.5160301163586585,2.350855578370979,1.6214135756847998,1.0,1.3,1.000765409627316,1.0,1.6,1.010808478137672,7.471264367816092,20.833333333333332,8.450993627423108,1.547126436781609,4.966666666666667,1.8017712328263602,2.111109754094535,20.300895475071872,4.381827568655418,0.0087970999007996,0.0845948464893982,0.018259294569965535,0.3637,4.8473,1.1385109432611975
713,1,35.89561799999999,128.6016666,37828,SPLY_LS,2.447876003376447,232,13,300,26.028846475129537,1.6252156057494866,2.350855578370979,1.6225074705528004,1.0,1.0,1.0,1.0,1.0,1.0,7.471264367816092,26.666666666666668,8.517734850212943,1.547126436781609,4.966666666666667,1.7390230153620991,5.426456381713971,64.6458046407898,4.642369384643877,0.0226123150654212,0.2693823002284031,0.01934498534428025,2.2698,31.5158,1.4596127153322729
714,2,35.895655550000264,128.60233919999945,245501,SPLY_LS,4.787434998421572,218,13,300,31.61762909220595,1.6252156057494866,2.350855578370979,1.5898757439145885,1.0,1.0,1.0,1.0,1.4,1.0115571939200727,7.471264367816092,26.666666666666668,8.774556896956865,1.547126436781609,4.966666666666667,1.8050634845641171,4.35205187332764,64.6458046407898,4.282959256375824,0.0181352177587499,0.2693823002284031,0.01784730536928084,1.6224,31.5158,1.1429592914159317
715,1,35.889597099999996,128.601464,245240,PIPE_LM,5.750661477876913,116,40,400,38.75083789300788,1.6326625598904858,1.8396988364134157,1.6347873296009414,1.0,1.3,1.0047574480238752,1.0,1.6,1.1117768208666545,9.846153846153848,20.0,9.096156225961494,2.0307692307692307,3.9746031746031742,1.852039175933027,2.2480240354381187,17.38257339502749,4.195290439531941,0.0093676285568724,0.4132250031541143,0.023909464521984846,0.1279,3.051,0.8434699691020219
716,1,35.8916045,128.603594,107450,SPLY_LS,4.340383271532582,166,13,300,25.13338078839467,1.630965092402464,1.9878165639972625,1.6264817690978783,1.0,1.3,1.0009186406513901,1.0,1.6,1.0548511936107492,7.471264367816092,20.833333333333332,8.317705431896801,1.547126436781609,4.966666666666667,1.7121971943232637,2.303968729502103,18.989567325482906,4.1353700585096576,0.0096007528942717,0.0791304765236535,0.017232293802312622,0.3834,6.9223,1.067235282499577
717,1,35.89204430000001,128.6037541,144017,SPLY_LS,12.197006352828065,134,13,300,35.888866443248745,1.7051060917180014,1.9878165639972625,1.6042832865880612,1.0,1.3,1.0011547565165666,1.0,1.6,1.1024159237924573,7.471264367816092,25.3968253968254,8.703346060454901,1.547126436781609,4.966666666666667,1.8280813543025507,3.4549588685626222,18.989567325482906,4.153698267886321,0.0143969863532438,0.0791304765236535,0.01730866836719564,0.9843,3.0009,0.8014353058268313
718,1,35.8913073,128.6035472,246391,SPLY_LS,9.469893540617353,192,32,150,24.993446868159374,1.1940041067761806,1.9878165639972625,1.6146016887448387,1.0,1.0,1.0,1.0,1.6,1.0547685693075235,11.428571428571429,17.857142857142858,8.410110913252474,1.942857142857143,3.3000000000000003,1.7208211463556675,4.288588038446344,44.320708637351565,4.974158046005743,0.0178707607856078,0.1846866089272758,0.020727565285608172,1.6672,9.828,1.5252506358388462
719,1,35.8923845,128.6030124,246350,PIPE_LM,10.891435691699034,80,80,300,68.91397310000242,1.6726899383983571,1.9878165639972625,1.5869700818190962,1.0,1.3,1.0083114289983286,1.6,1.6,1.234578589464775,6.666666666666667,25.3968253968254,10.114783257689856,2.1333333333333337,4.966666666666667,2.226978715687383,6.762108776246292,18.989567325482906,5.7436164790454525,0.0281780453760571,0.0791304765236535,0.023933937049006287,0.1407,3.0009,0.7166858565360196
720,1,35.8906313,128.6041447,73329,SPLY_LS,11.979605587413642,165,20,200,25.509993709734445,1.15523613963039,1.862532511978097,1.5945083202527424,1.0,1.0,1.0,1.2,1.6,1.0931391727068405,9.523809523809524,20.0,8.579916292731726,1.7523809523809524,3.9746031746031742,1.7348834796554637,3.658365165519088,44.320708637351565,5.631495747155181,0.0152445905629763,0.1846866089272758,0.02346672435318298,1.2282,9.828,1.774393347455985
721,1,35.891677400000006,128.6029474,246350,PIPE_LM,7.045442581073423,132,80,300,29.154418524627904,1.6726899383983571,1.9878165639972625,1.6462519494955663,1.0,1.3,1.0021771714675363,1.6,1.6,1.0964397032089666,6.666666666666667,20.833333333333332,8.110875933613949,2.1333333333333337,4.966666666666667,1.7410824716275743,6.762108776246292,18.989567325482906,4.619594633603409,0.0281780453760571,0.0791304765236535,0.019250081817957038,0.1407,6.9223,1.0027139035440107
722,1,35.88965770000001,128.6031403,4789,PIPE_LM,4.395671793964804,147,40,200,22.705567494833303,1.6526488706365503,1.7366461327857632,1.613462369122731,1.0,1.0,1.0,1.2,1.6,1.1158127772942232,9.846153846153848,17.857142857142858,8.243627847647598,2.0307692307692307,3.9746031746031742,1.6913649368739168,3.168853961489305,13.740405465818878,4.983872132605881,0.013204772900224,0.0572569565963405,0.020768044370175247,0.3089,5.7949,1.605076817141167
723,1,35.89103419999999,128.604078,178214,PIPE_LM,3.4590785773059713,183,50,200,29.657084705729556,1.182943189596167,1.862532511978097,1.5826644543514592,1.0,1.0,1.0,1.2,1.6,1.0675195230274157,17.857142857142858,20.0,9.108095606341317,2.585714285714286,3.9746031746031742,1.8118620528469163,3.1181534298592264,44.320708637351565,4.95635301602584,0.0129935012498948,0.1846866089272758,0.020653370835430455,0.1973,9.828,1.4055734177392396
724,1,35.89083159999999,128.6034761,143979,SPLY_LS,6.196243288805901,213,13,150,22.880335529031722,1.6130047912388776,1.862532511978097,1.616279475337155,1.0,1.0,1.0,1.0,1.6,1.0499147554078252,7.471264367816092,17.857142857142858,8.247075924067602,1.547126436781609,3.3000000000000003,1.6911329220451707,4.720092658325604,44.320708637351565,6.409702682084532,0.0196688621118757,0.1846866089272758,0.0267095515613803,1.8657,9.828,2.3500723354460864
725,1,35.8906845,128.6035591,211239,SPLY_LS,5.569402663703667,212,13,200,22.639998108622876,1.631622176591376,1.862532511978097,1.6172247991203321,1.0,1.0,1.0,1.0,1.6,1.0690119500822355,7.471264367816092,17.857142857142858,8.38225235102821,1.547126436781609,3.9746031746031742,1.6963115365282098,18.040642052711146,44.320708637351565,7.030911817485414,0.0751762574657499,0.1846866089272758,0.029298161089052532,9.828,9.828,2.5466104060268275
726,1,35.889740399999994,128.6027238,246378,SPLY_LS,7.529669936354343,164,13,200,22.79935770914665,1.635893223819302,1.8126488706365504,1.6258428519247317,1.0,1.0,1.0,1.2,1.6,1.1107753762375325,7.471264367816092,17.857142857142858,8.187120450972314,1.547126436781609,3.9746031746031742,1.6842874304820348,9.356712345911442,12.69137420831549,5.359695496981119,0.0389898881810302,0.052885590894761,0.022334119120695117,3.6677,5.3357,1.7495613585564933
727,2,35.89412290000011,128.59748019999896,36991,SPLY_LS,2.9124465605703636,91,13,300,28.18780433105391,1.633593429158111,1.912689938398357,1.6201382622222873,1.0,1.3,1.009629334993612,1.0,1.4,1.041507596283074,7.471264367816092,20.833333333333332,8.399869618528957,1.547126436781609,4.966666666666667,1.7564995091531181,3.360600986784664,19.35919431283192,4.590744497533802,0.014003792341981,0.0806707306612862,0.019129861858448168,1.0146,5.2523,1.2597115987127294
728,1,35.8937662,128.5975818,71530,SPLY_LS,11.294982958861038,113,13,300,36.035794053346905,1.633593429158111,1.912689938398357,1.6249944255279072,1.0,1.3,1.0414199586479498,1.0,1.4,1.0587266282493364,7.471264367816092,20.833333333333332,8.707754863148267,1.547126436781609,4.966666666666667,1.8502718806856262,2.2903331454657723,19.35919431283192,5.196287544529635,0.0095439327338131,0.0806707306612862,0.021653190012432173,0.373,5.2523,1.279483093550208
729,1,35.891363900000016,128.5966834,244019,SPLY_LS,4.56337284436073,108,13,500,32.006526838219074,1.7087748117727584,1.7430527036276522,1.6124078325468363,1.3,1.3,1.2999999999999996,1.0,1.4,1.1294830607864845,7.471264367816092,26.31578947368421,8.825186331398154,1.547126436781609,6.063157894736842,1.7941639835178165,3.422504315822781,34.520087141485476,5.910560991984033,0.0142617466092493,0.143846929122927,0.024629603181647,0.5088,3.8307,1.0327770517459038
730,1,35.89207350000001,128.6055943,178162,SPLY_LS,5.9040937163392115,173,13,200,33.868526059067904,1.6859958932238197,1.7526899383983574,1.5477952077848678,1.0,1.0,1.0,1.0,1.6,1.0749602201114694,7.471264367816092,25.3968253968254,9.191773050489298,1.547126436781609,3.9746031746031742,1.8454028330045475,6.6229511613225664,16.32730907103399,4.414702923799733,0.0275981686367892,0.0680367132644522,0.018396287818619624,2.8469,4.6252,1.2086282748053165
731,1,35.894696200000006,128.60537180000003,143969,SPLY_LS,3.997130552016313,184,13,300,36.702463128877824,1.6896646132785764,1.755208761122519,1.6171450863397934,1.0,1.0,1.0,1.0,1.6,1.08216686678861,7.471264367816092,20.833333333333332,8.870359630794754,1.547126436781609,4.966666666666667,1.8518531274452192,4.026690845127751,11.895530325604453,3.896962343863423,0.0167794220861895,0.04956926964331,0.01623883693499605,1.3338,3.3345,0.7163129628402841
732,1,35.8959196,128.6054125,412753,PIPE_LM,8.810661620813947,182,32,200,36.35294168019858,1.3610677618069815,1.7726762491444217,1.5891271014875161,1.0,1.0,1.0,1.2,1.4,1.062035006107439,11.428571428571429,20.0,8.857780134830154,1.942857142857143,3.9746031746031742,1.8474191474494484,2.4422683057103893,9.37339816098739,3.5627232012144017,0.0101770541433104,0.0390594188067425,0.014846045715620424,0.1104,3.1756,0.6163515620446581
733,1,35.896296099999994,128.6053979,143100,SPLY_LS,4.644819520356702,171,13,200,32.144687659793725,1.5825598904859686,1.7726762491444217,1.5971423882952314,1.0,1.0,1.0,1.2,1.4,1.0657893035194597,7.471264367816092,20.0,8.616786045085922,1.547126436781609,3.9746031746031742,1.7888797324220778,3.3040313353734727,9.37339816098739,3.6172171779592786,0.013768063776068,0.0390594188067425,0.015073124841415146,0.7038,3.1756,0.7155693178085658
734,1,35.898369499999994,128.6072313,106546,PIPE_LM,7.3100869834127336,64,100,200,41.97244321013253,1.5126899383983572,1.7726762491444217,1.5945164381726458,1.0,1.0,1.0,1.2,1.2,1.0324292286583296,8.333333333333334,25.3968253968254,8.818571750792639,2.466666666666667,3.9746031746031742,1.9162864395159596,5.386910328443531,8.465361822042835,4.82876819770393,0.0224475246841406,0.0352755859805435,0.0201217185182421,0.1458,3.8646,1.2835377212816017
735,1,35.89502590000001,128.6069784,245388,SPLY_LS,2.1888413716785755,170,13,200,29.416272384406067,1.639835728952772,1.755208761122519,1.645137551328342,1.0,1.0,1.0,1.0,1.6,1.0598415568275015,7.471264367816092,15.873015873015872,8.204769385548493,1.547126436781609,3.9746031746031742,1.7474270168830348,5.9042779708798365,12.765202636710075,4.666232077777978,0.0246034215185548,0.0531932376473027,0.019444422379704642,2.526,4.3946,1.2592399838059216
736,1,35.8950275,128.6071764,245228,PIPE_LM,5.930827853274509,168,25,200,31.661121905415694,1.7326488706365502,1.7526899383983574,1.6313980423470964,1.0,1.0,1.0,1.2,1.6,1.0687862293235006,8.928571428571429,15.873015873015872,8.4784001069411,1.692857142857143,3.9746031746031742,1.787873256464677,3.3435724393513295,12.765202636710075,4.379320215919315,0.0139328335333989,0.0531932376473027,0.018248846305746528,0.3887,4.3946,1.0560620455036513
737,1,35.89518539999999,128.6092512,211390,SPLY_LS,4.442489163315757,219,13,150,28.38994377323712,1.7612867898699522,1.808213552361396,1.572484640139686,1.0,1.0,1.0,1.0,1.2,1.0318848921961612,7.471264367816092,17.857142857142858,8.738101410817114,1.547126436781609,3.3000000000000003,1.7771871227356588,6.709182775103548,13.490284710596164,5.350604696650504,0.0279575000829952,0.0562146909032897,0.022296237301177448,2.7304,7.6894,1.8188246226502858
738,1,35.894846300000005,128.6092167,443630,SPLY_LS,4.044881244585552,217,20,150,32.980986152243034,1.2007392197125255,1.808213552361396,1.5305566286717986,1.0,1.0,1.0,1.0,1.6,1.0481061212632694,9.523809523809524,17.857142857142858,9.079715352313421,1.7523809523809524,3.3000000000000003,1.8470116729664954,2.8715005534221847,29.499750631236587,5.421847252437576,0.0119656863811379,0.1229269358678944,0.022593108593269934,1.0192,7.6894,1.7104976212196643
739,1,35.89501959999999,128.6097072,177237,SPLY_LS,5.909331901967568,212,20,150,32.27025193940221,1.1966324435318274,1.808213552361396,1.547514544427149,1.0,1.0,1.0,1.2,1.6,1.0488245164131633,9.523809523809524,17.857142857142858,8.814714628742623,1.7523809523809524,3.3000000000000003,1.8235931624161226,3.404253394430596,21.10882891509861,5.569231205395844,0.014185694107262,0.0879615455306616,0.0232072648944447,1.0017,8.1373,1.8420104870827516
740,1,35.8954473,128.6010038,3982,SPLY_LS,4.107253453927265,226,13,300,25.971398339440892,1.6271321013004791,1.8126488706365504,1.6412296019309784,1.0,1.0,1.0,1.0,1.0,1.0,7.471264367816092,20.833333333333332,8.523529963314294,1.547126436781609,4.966666666666667,1.737547912230959,5.772803471574982,20.300895475071872,4.845465225859603,0.0240555607062265,0.0845948464893982,0.0201912958694182,2.4744,4.8473,1.5949309340231346
741,1,35.8954767,128.60063150000002,105183,SPLY_LS,2.8633100135469687,226,13,300,24.793953268291173,1.6862149212867898,1.792662559890486,1.6468120718769994,1.0,1.0,1.0,1.0,1.0,1.0,7.471264367816092,20.833333333333332,8.492975328740146,1.547126436781609,4.966666666666667,1.7200998170555732,6.531692202719427,20.300895475071872,4.508115829645035,0.0272178879933419,0.0845948464893982,0.01878554406792232,2.7934,4.8473,1.4658508012041809
742,1,35.8957562,128.6004581,36935,PIPE_LM,4.135936199608156,224,100,300,32.076084745003506,1.5926899383983573,1.792662559890486,1.6411974750589529,1.0,1.0,1.0,1.0,1.2,1.0030446739412522,16.3265306122449,20.833333333333332,9.037808927803866,2.840816326530613,4.966666666666667,1.8221951234957645,3.385491265351716,12.15745498850814,4.109076192143879,0.0141075113772838,0.0506607228098628,0.017122725946473134,0.1877,4.6276,1.1571306155814827
743,1,35.8962062,128.6043354,177341,SPLY_LS,6.188997909450215,190,13,200,28.47730513424989,1.6424640657084189,1.7726762491444217,1.6182384181807712,1.0,1.0,1.0,1.0,1.4,1.0212768851773595,7.471264367816092,20.0,8.338388385127287,1.547126436781609,3.9746031746031742,1.749108802818663,4.094502785784766,9.37339816098739,3.4118520787388547,0.0170619978335044,0.0390594188067425,0.014217358204708687,1.4413,2.1024,0.7187942781902832
744,1,35.89729220000001,128.6038361,324769,PIPE_LM,6.036393995962058,206,100,150,29.365393574699585,1.6326625598904858,1.7726762491444217,1.6272434941792837,1.0,1.0,1.0,1.0,1.0,1.0,8.333333333333334,17.857142857142858,8.144299784405243,2.466666666666667,3.3000000000000003,1.754934079789734,4.639615564243669,11.565210142368242,3.8502485710516856,0.0193335100369815,0.0481928089237555,0.01604417830800088,0.0972,4.3426,1.0236630590887148
745,2,35.8970944,128.6024783,3962,SPLY_LS,5.516349459288524,205,13,300,29.445111714458648,1.5958658453114305,1.7726762491444217,1.6299152184615735,1.0,1.0,1.0,1.0,1.2,1.000555806809236,7.471264367816092,20.833333333333332,8.178860138994754,1.547126436781609,4.966666666666667,1.7488179439136493,4.55831194721561,12.864716060377829,4.501253358416568,0.0189947137996448,0.1608660406591712,0.01916016616561662,1.7972,6.5593,1.3837496601798287
746,1,35.8971252,128.6023369,245482,SPLY_LS,2.2641731750432528,203,13,300,31.040833479813998,1.5919233401779604,1.7726762491444217,1.6384773602771758,1.0,1.0,1.0,1.0,1.2,1.0004795989350743,7.471264367816092,20.833333333333332,8.069185294627426,1.547126436781609,4.966666666666667,1.7570798425933287,4.755286683284654,12.864716060377829,4.508105027345835,0.0198155173735813,0.1608660406591712,0.019177690153370296,1.9253,6.5593,1.3368845153728377
747,1,35.8970346,128.6017844,177386,SPLY_LS,4.389575219647422,227,13,400,35.24506387896916,1.6482683093771389,1.792662559890486,1.6414439508662384,1.0,1.0,1.0,1.0,1.2,1.005578839161083,7.471264367816092,23.255813953488374,8.639515144057174,1.547126436781609,5.451162790697675,1.837116971285287,5.97503432915865,64.6458046407898,5.297251660328917,0.0248982668013205,0.2693823002284031,0.02207391253117359,2.55,31.5158,1.6454483511069196
748,1,35.895782,128.6105861,72332,SPLY_LS,3.68023655579785,189,13,150,23.398757885245164,1.6226967830253252,1.7526899383983574,1.5885986311795102,1.0,1.0,1.0,1.0,1.6,1.0272055503815678,7.471264367816092,14.285714285714286,8.386162263644513,1.547126436781609,3.3000000000000003,1.7006563225563718,6.156238064318377,21.10882891509861,5.100808378000327,0.0256533518259178,0.0879615455306616,0.02125532355154621,2.7153,8.1373,1.8007781247333206
749,2,35.89086850000911,128.6032258499885,3683,PIPE_LM,0.4003060396942298,200,40,150,22.238137736604887,1.1196988364134155,1.9878165639972625,1.5752467140482245,1.0,1.0,1.0,1.0,1.6,1.0326102818150302,14.285714285714286,17.857142857142858,8.778308493272755,2.2285714285714286,3.3000000000000003,1.7177004897635104,2.9318416407125443,44.320708637351565,6.703577716556707,0.0122171307089312,0.1846866089272758,0.02793414352377758,0.6753,9.828,2.671997638259802
750,1,35.8937504,128.6065046,106335,PIPE_LM,7.860855885770398,140,25,100,25.40800371689645,1.712662559890486,1.7726762491444217,1.5603955996973113,1.0,1.0,1.0,1.0,1.0,1.0,8.928571428571429,11.428571428571429,8.613234519231556,1.692857142857143,2.466666666666667,1.7255546269220858,2.1530401757127375,7.545266404104854,3.2886391735363683,0.0089718260642037,0.0314415023692251,0.013703923868084687,0.0856,3.3345,0.7936373645426472
751,1,35.8937026,128.608004,38796,SPLY_LS,5.184785590051933,154,13,200,32.69299154648409,1.651663244353183,1.9612594113620807,1.5747550287674144,1.0,1.0,1.0,1.0,1.6,1.0289354873521113,7.471264367816092,15.873015873015872,8.53898672297073,1.547126436781609,3.9746031746031742,1.7955456626341362,4.498264066459338,29.499750631236587,3.7802441573885774,0.0187444912781393,0.1229269358678944,0.015752466416046034,1.6671,5.003,0.7935942846837434
752,1,35.8951417,128.602664,261499,SPLY_LS,3.6097234057606444,176,13,300,44.163546621115515,1.6271868583162217,2.350855578370979,1.5976082439075476,1.0,1.3,1.0008978814908926,1.0,1.6,1.05371513107446,7.471264367816092,26.666666666666668,8.734126077711728,1.547126436781609,4.966666666666667,1.9255563661814776,2.092761528431221,22.833904885619297,3.9775862449619135,0.0087206419270493,0.0951500233536198,0.016574800762068496,0.2595,8.5128,0.6222003914867731
753,1,35.895978000000014,128.6022858,470712,PIPE_LM,11.162874839753554,242,50,300,32.060122299353495,1.083668720054757,2.350855578370979,1.5740455282763752,1.0,1.0,1.0,1.0,1.4,1.002695589233281,17.857142857142858,26.666666666666668,8.980731995726599,2.585714285714286,4.966666666666667,1.8174540863716289,2.4726436757438015,64.6458046407898,4.670347597101121,0.0103036298290082,0.2693823002284031,0.019461571954500163,0.2437,31.5158,1.3637008438269456
754,1,35.8953107,128.6014414,211527,PIPE_LM,5.6623301477899055,229,100,300,34.64232052026819,1.7526899383983574,1.8126488706365504,1.6211699668151152,1.0,1.0,1.0,1.0,1.0,1.0,8.333333333333334,20.833333333333332,8.836102420881453,2.466666666666667,4.966666666666667,1.8327297093046346,5.489577371088297,20.300895475071872,4.702427885295366,0.0228753433841934,0.0845948464893982,0.019595252119419985,0.2093,4.8473,1.3901614843689327
755,1,35.8947713,128.6010511,107614,SPLY_LS,8.4342465920936,185,13,300,34.2860337665951,1.6802464065708418,1.792662559890486,1.6038937277031493,1.0,1.3,1.0013281479767373,1.0,1.6,1.0057785761864517,7.471264367816092,20.833333333333332,9.134325689191552,1.547126436781609,4.966666666666667,1.8514940489430383,4.182856886226436,20.300895475071872,4.86924868767286,0.0174301737877498,0.0845948464893982,0.02029040274396716,1.4379,4.8473,1.4417599452636816
756,1,35.89520610000001,128.5998821,244075,SPLY_LS,8.455483700941762,199,13,300,29.24557850691702,1.6530869267624912,1.792662559890486,1.6409759721998398,1.0,1.0,1.0,1.0,1.2,1.0158070046822254,7.471264367816092,20.833333333333332,8.914608668866887,1.547126436781609,4.966666666666667,1.79571576723017,3.119139490458349,12.15745498850814,3.526827866015399,0.0129976102137144,0.0506607228098628,0.014696468059079416,0.8478,4.6276,0.8089200543422903
757,1,35.8947912,128.6023991,408602,PIPE_LM,6.759866333321114,159,50,300,34.894422714548064,1.355318275154004,1.8126488706365504,1.6098383817007411,1.0,1.3,1.0018678110396628,1.0,1.6,1.049153668647637,17.857142857142858,20.833333333333332,8.85991921720497,2.585714285714286,4.966666666666667,1.8438331789625322,2.753066714339224,18.989567325482906,4.0762143526236825,0.0114721666519872,0.0791304765236535,0.016985789018100463,0.1072,3.8354,0.8882950163263348
758,1,35.8947381,128.6019531,177138,PIPE_LM,4.46465081750254,175,20,300,32.36005301638424,1.6526488706365503,1.8126488706365504,1.6246601003330434,1.0,1.3,1.0016984373612527,1.0,1.6,1.0221467577348695,9.523809523809524,20.833333333333332,8.727621577714649,1.7523809523809524,4.966666666666667,1.8135015250279924,3.40651680967384,20.300895475071872,4.624250089063942,0.0141951258717513,0.0845948464893982,0.01926948133363386,0.7404,4.8473,1.2563037827916448
759,1,35.89566500000001,128.6022169,177419,SPLY_LS,5.4154929127061635,221,13,300,30.77394911560083,1.6252156057494866,2.350855578370979,1.5927211580452203,1.0,1.0,1.0,1.0,1.4,1.0076964361843146,7.471264367816092,26.666666666666668,8.73357659575785,1.547126436781609,4.966666666666667,1.7948818673361568,3.912432234353993,64.6458046407898,4.334265056410519,0.0163033007421648,0.2693823002284031,0.01806109920331541,1.3575,31.5158,1.1959857774111315
760,2,35.89294015000079,128.59732759999397,105136,SPLY_LS,6.119350646609928,119,13,300,35.134984130356884,1.67854893908282,1.7840657084188911,1.6240137694256027,1.3,1.3,1.2544529779105609,1.0,1.4,1.0706808137975241,7.471264367816092,20.833333333333332,8.515420335203885,1.547126436781609,4.966666666666667,1.817257922158627,5.1715167041106165,19.35919431283192,6.344334820499435,0.0215499686818641,0.0806707306612862,0.02643716041376209,1.3209,6.3829,1.3195916247332709
761,1,35.89633380000001,128.5998717,105191,PIPE_LM,5.288201883214831,193,80,300,42.70828968136749,1.5926899383983573,2.0606981519507186,1.6140028820680863,1.0,1.0,1.0,1.0,1.2,1.0317590543429813,14.22222222222222,20.833333333333332,9.253147578080716,2.5777777777777775,4.966666666666667,1.9482310275127035,3.011912312883474,12.29989176013464,4.553681893650259,0.012550789203401,0.051254263959069,0.018975420134935264,0.1776,6.0861,1.06885909504302
762,1,35.8962166,128.6000401,105158,SPLY_LS,4.851016146818033,196,13,300,31.48262621478323,1.6980971937029432,2.0606981519507186,1.6372055166909099,1.0,1.0,1.0,1.0,1.2,1.0176623535922438,7.471264367816092,20.833333333333332,8.68926730902963,1.547126436781609,4.966666666666667,1.8038269952739174,3.6197049484319233,12.29989176013464,4.124510403881327,0.0150834915053632,0.051254263959069,0.017187041078493642,1.0875,4.0782,1.0715096815419127
763,1,35.89636530000001,128.6000976,36461,SPLY_LS,4.384750653627769,196,13,300,36.22730947205333,1.657850787132101,2.0606981519507186,1.6266516480114244,1.0,1.0,1.0,1.0,1.2,1.0204963609345168,7.471264367816092,20.833333333333332,8.913822616767485,1.547126436781609,4.966666666666667,1.8619362826887516,3.5681111815549422,12.29989176013464,4.211005291680085,0.0148684976990985,0.051254263959069,0.017547469600695455,1.1077,6.0861,1.0399717353799276
764,1,35.896816,128.6006497,36468,SPLY_LS,2.4317427424984577,209,13,300,38.17059981832611,1.625160848733744,1.792662559890486,1.6385175461255743,1.0,1.0,1.0,1.0,1.2,1.0209154384916714,7.471264367816092,20.833333333333332,8.902114057827296,1.547126436781609,4.966666666666667,1.879339483676492,2.4167478667824405,12.29989176013464,4.270964277900714,0.0100707091982757,0.051254263959069,0.017797321694226136,0.4563,4.0782,1.007343273836172
765,1,35.8920784,128.59634690000001,324893,PIPE_LM,8.762388578020724,85,80,500,47.780929684518554,1.712662559890486,1.7526899383983574,1.5805857102161514,1.3,1.3,1.3000000000000003,1.2,1.4,1.1038768213827512,6.666666666666667,26.31578947368421,9.663377712217407,2.1333333333333337,6.063157894736842,1.997746626868691,6.872521577861954,34.520087141485476,6.929853715716369,0.0286381410410296,0.143846929122927,0.028877046926075838,0.1613,3.1734,1.0846534683679887
766,1,35.89723399999999,128.6011778,324795,PIPE_LM,2.9932173374163726,206,200,400,53.71538908303192,1.6126762491444215,1.792662559890486,1.63961309362216,1.0,1.0,1.0,1.0,1.2,1.0182710493949874,15.873015873015872,23.255813953488374,9.439662258772927,3.9746031746031742,5.451162790697675,2.0685471639575597,8.427909207007856,13.1470648457662,5.050987562778884,0.035119519061062,0.05478447656555,0.021047717723477712,0.2103,4.2717,1.146693894489631
767,1,35.8945447,128.60202,4001,SPLY_LS,5.896278824621589,141,13,300,38.596097761523126,1.5853524982888434,1.8126488706365504,1.6108672316683479,1.0,1.3,1.0042796116197197,1.0,1.6,1.037650550143062,7.471264367816092,20.833333333333332,9.043314691146989,1.547126436781609,4.966666666666667,1.8910159689607713,3.910524447927624,20.300895475071872,4.741458701965465,0.0162953509007368,0.0845948464893982,0.019757895484025154,1.4156,4.8473,1.1628539727719707
768,1,35.89464949999999,128.6017077,38090,SPLY_LS,6.245156372092794,164,13,300,34.66877493882439,1.6274058863791925,1.8126488706365504,1.6034984156514966,1.0,1.3,1.0023902779736198,1.0,1.6,1.0141311404899782,7.471264367816092,20.833333333333332,8.929702310968674,1.547126436781609,4.966666666666667,1.8435499468668093,5.136638832487523,20.300895475071872,4.78731084606133,0.0214046308469171,0.0845948464893982,0.01994896366107981,2.091,4.8473,1.3541807547734568
769,1,35.894663599999994,128.602393,143225,SPLY_LS,4.842928563862089,144,13,300,34.239201617511654,1.630965092402464,1.8126488706365504,1.609020028294309,1.0,1.3,1.002628399317467,1.0,1.6,1.0508735142302503,7.471264367816092,20.833333333333332,8.832285916002515,1.547126436781609,4.966666666666667,1.8346429230299155,2.4103903008590386,18.989567325482906,4.050404476062253,0.0100442169031946,0.0791304765236535,0.016878237971975164,0.4473,3.2732,0.8842587967526204
770,2,35.89627410000001,128.598792,175951,SPLY_LS,7.456570814333321,131,13,300,32.1189966773763,1.661902806297057,2.0606981519507186,1.601629505925061,1.0,1.0,1.0,1.0,1.2,1.040257912608949,7.471264367816092,20.833333333333332,8.983698118432867,1.547126436781609,4.966666666666667,1.8306364079868076,6.220466966264924,12.15745498850814,4.966806768729621,0.0259209968717742,0.0506607228098628,0.020696932145634728,2.6655,3.9358,1.462059566657424
771,1,35.895517700000006,128.5998111,142159,SPLY_LS,10.195247403960005,204,13,300,30.001172535714826,1.6518275154004107,2.0606981519507186,1.6440346102856591,1.0,1.0,1.0,1.0,1.2,1.0233169986701196,7.471264367816092,20.833333333333332,8.804946199753603,1.547126436781609,4.966666666666667,1.7952327948959796,2.701487107978083,12.15745498850814,3.7593550898077694,0.0112572318533,0.0506607228098628,0.01566542062698343,0.6016,3.9265,0.8929497917776305
772,2,35.8971117,128.5998117,142132,SPLY_LS,6.550161482669223,194,13,300,33.22558352740075,1.7087748117727584,1.772785763175907,1.6328942739953547,1.0,1.0,1.0,1.0,1.2,1.0199856045251288,7.471264367816092,20.833333333333332,8.958646143146634,1.547126436781609,4.966666666666667,1.8398257795355364,5.168724143654786,14.045678120391342,4.693374523177334,0.0215383319428166,0.0585290430115767,0.019557526306806048,1.9622,6.0861,1.306926770944955
773,1,35.89696170000001,128.6013846,245517,PIPE_LM,3.305102989575415,215,200,400,52.363672964643996,1.7526899383983574,1.792662559890486,1.6485722236431388,1.0,1.0,1.0,1.0,1.2,1.00955177741497,15.873015873015872,23.255813953488374,9.445990884309897,3.9746031746031742,5.451162790697675,2.0529586828522963,8.631375454828213,64.6458046407898,5.227181585018245,0.0359673730890419,0.2693823002284031,0.021781927023850258,0.1405,31.5158,1.286781155914389
774,1,35.8971366,128.6013529,38059,SPLY_LS,1.8057533670795711,218,13,400,53.26841049989909,1.739438740588638,1.792662559890486,1.6520983605011534,1.0,1.0,1.0,1.0,1.2,1.011098901329987,7.471264367816092,23.255813953488374,9.3919501046967,1.547126436781609,5.451162790697675,2.0613800278242222,5.157213512105576,13.1470648457662,5.194782953734242,0.0214903665656195,0.05478447656555,0.021646920307358243,1.9035,4.2717,1.2382670254730186
775,1,35.8965898,128.6016523,4007,PIPE_LM,8.206667156350854,220,100,300,41.63894568140237,1.6126762491444215,1.7526899383983574,1.6272688472249046,1.0,1.0,1.0,1.0,1.0,1.0,8.333333333333334,20.833333333333332,9.166355097840528,2.466666666666667,4.966666666666667,1.9283459311470517,4.881462956851472,64.6458046407898,5.100219486387628,0.0203413002143479,0.2693823002284031,0.02125286961075153,0.1687,31.5158,1.4573555039209392
776,2,35.8968833,128.6021024,4011,PIPE_LM,7.168116346417135,233,80,300,30.154639738625743,1.7526899383983574,1.7726762491444217,1.6383772878878577,1.0,1.0,1.0,1.0,1.2,1.000488646439297,6.666666666666667,20.833333333333332,8.327305262147723,2.1333333333333337,4.966666666666667,1.7674043029207505,4.572481187972705,64.6458046407898,5.121159163586492,0.0190537577343416,0.2693823002284031,0.02134012629262303,0.1778,31.5158,1.6615717981131068
777,2,35.8962259,128.6025329,143215,SPLY_LS,7.444842650533247,232,13,200,30.06986023683042,1.6665571526351814,2.350855578370979,1.5982339381784487,1.0,1.0,1.0,1.0,1.4,1.0029365010820654,7.471264367816092,26.666666666666668,8.53934349788675,1.547126436781609,3.9746031746031742,1.7745266170700724,4.149288973153308,64.6458046407898,4.811748626759001,0.0172902946155784,0.2693823002284031,0.020050797115136056,1.4382,31.5158,1.478603544303089
778,1,35.896141699999994,128.602339,38072,SPLY_LS,5.155249292323956,241,13,300,32.0179989652641,1.664476386036961,2.350855578370979,1.5797579018464585,1.0,1.0,1.0,1.0,1.4,1.0023500328750943,7.471264367816092,26.666666666666668,8.888309233153032,1.547126436781609,4.966666666666667,1.812540685294236,7.217601661013837,64.6458046407898,4.962921323112735,0.0300761070015277,0.2693823002284031,0.020680741299476894,3.2465,31.5158,1.5381289233027076
779,1,35.89657749999999,128.6025858,72298,SPLY_LS,4.669105221690217,221,13,200,30.994378337883752,1.6463518138261466,2.350855578370979,1.6203534192435558,1.0,1.0,1.0,1.0,1.2,1.0011449458045527,7.471264367816092,26.666666666666668,8.331309456025803,1.547126436781609,3.9746031746031742,1.774008187823799,5.262003433252146,64.6458046407898,5.04571381972262,0.0219270314065333,0.2693823002284031,0.021025741772475088,2.13,31.5158,1.6049946527806993
780,1,35.8960892,128.604461,3917,SPLY_LS,3.0166847163750248,175,13,200,34.41530897914151,1.7035181382614648,1.7726762491444217,1.6244763050633597,1.0,1.0,1.0,1.0,1.4,1.0365526207718254,7.471264367816092,20.0,8.441861560670816,1.547126436781609,3.9746031746031742,1.8138966543592088,4.332637216872593,9.37339816098739,3.783898820850717,0.0180543159145689,0.0390594188067425,0.015767695581425916,1.4907,2.1024,0.7590177599936541
781,1,35.8957266,128.6037964,3924,SPLY_LS,7.222714999836491,195,20,300,29.574794441504952,1.559835728952772,2.350855578370979,1.592748267208058,1.0,1.0,1.0,1.0,1.6,1.0301008445401492,9.523809523809524,26.666666666666668,8.56851552187111,1.7523809523809524,4.966666666666667,1.772540182146513,3.4178652578476765,22.833904885619297,3.386520005536198,0.0142424154227141,0.0951500233536198,0.014111798189069557,0.8501,8.5128,0.694042059681196
782,1,35.8956114,128.6038041,177347,SPLY_LS,4.558316548735918,187,13,300,30.45568064188292,1.7233949349760438,2.350855578370979,1.5909351365465279,1.0,1.0,1.0,1.0,1.6,1.0384455360473988,7.471264367816092,20.833333333333332,8.531995374259957,1.547126436781609,4.966666666666667,1.7814056946007604,2.977268317662848,11.180281039269092,3.335659312058368,0.0124064259431169,0.0465887901046862,0.013899859136312784,0.6918,1.92,0.6480091165405709
783,1,35.89739910000001,128.5999957,105101,SPLY_LS,3.510030997787252,171,13,300,35.7910831060366,1.6419164955509924,1.792662559890486,1.6356835406566945,1.0,1.0,1.0,1.0,1.2,1.0234982724024286,7.471264367816092,20.833333333333332,9.13835185587075,1.547126436781609,4.966666666666667,1.8792689903205118,5.048477069303267,14.045678120391342,4.23670813924234,0.0210372563716401,0.0585290430115767,0.01765457465162975,2.0111,6.0861,1.013995267953571
784,1,35.89775459999999,128.6028124,405349,SPLY_LS,8.507104547777658,133,25,100,30.247743541144768,1.6313483915126623,1.7526899383983574,1.6123266634318234,1.0,1.0,1.0,1.0,1.0,1.0,8.928571428571429,14.22222222222222,8.124243298628235,1.692857142857143,2.5777777777777775,1.7517903342568828,3.148768312127849,12.864716060377829,3.339913299660304,0.0131210749950523,0.1608660406591712,0.019133518366233608,0.6668,6.5593,0.7269947381287684
785,1,35.8976002,128.603555,143369,PIPE_LM,6.773753024741706,167,50,150,26.08242287042534,1.6326625598904858,1.7526899383983574,1.6221881982547706,1.0,1.0,1.0,1.0,1.0,1.0,10.95890410958904,14.22222222222222,8.196155697333765,2.16986301369863,3.3000000000000003,1.7264534143608266,2.355538129057362,9.10359990803878,3.558980037119114,0.0098156451606884,0.1608660406591712,0.015411860727414994,0.0933,4.3426,0.953771543822668
786,1,35.898456,128.6049009,38216,SPLY_LS,6.747946851236924,119,13,150,30.157913453847517,1.7422313483915128,1.7726762491444217,1.6363828773076363,1.0,1.0,1.0,1.0,1.2,1.0007721134335905,7.471264367816092,17.857142857142858,8.126530468388196,1.547126436781609,3.3000000000000003,1.7588756079582644,5.056792828513095,8.369905696957307,4.44919813136545,0.0210719085560554,0.0348778155345059,0.018540031073306342,1.8424,3.9625,1.2762886215068805
787,1,35.8983877,128.60473690000003,4140,SPLY_LS,6.51385886217206,123,20,150,28.505113069216304,1.6251060917180014,1.7726762491444217,1.6362246338223947,1.0,1.0,1.0,1.0,1.0,1.0,9.523809523809524,17.857142857142858,8.252331889174698,1.7523809523809524,3.3000000000000003,1.7500624493448949,3.9119486289502,9.10359990803878,4.411209825912702,0.0163012855342669,0.037935155996793,0.018381731905069483,1.0325,4.3426,1.28355365804682
788,1,35.898598,128.6061009,72641,SPLY_LS,4.1456240447120525,57,13,200,44.039816935558484,1.6570841889117045,1.7726762491444217,1.6168791709144965,1.0,1.0,1.0,1.0,1.2,1.0192540445277298,7.471264367816092,25.3968253968254,8.352559163358638,1.547126436781609,3.9746031746031742,1.9102346719864243,2.287902587061493,8.106810472562733,4.029157772733741,0.0095338044754145,0.0337814845796925,0.01678970189687009,0.3521,2.781,0.787522574104698
789,1,35.8981948,128.6044607,143356,SPLY_LS,8.455331315521017,146,13,150,23.652465957151808,1.7235592060232716,1.7526899383983574,1.6490174337387216,1.0,1.0,1.0,1.0,1.0,1.0,7.471264367816092,17.857142857142858,8.005524256545126,1.547126436781609,3.3000000000000003,1.6878794594153848,2.6822256822270165,11.565210142368242,4.344471724584506,0.011176968529124,0.0481928089237555,0.018103630899929817,0.524,4.3426,1.3511444560600918
790,1,35.8982006,128.6047688,38231,SPLY_LS,6.12563388898171,141,13,150,23.905569525379892,1.7264065708418892,1.7726762491444217,1.642514030888844,1.0,1.0,1.0,1.0,1.0,1.0,7.471264367816092,17.857142857142858,8.134163182376522,1.547126436781609,3.3000000000000003,1.6977953964339143,4.800195387821117,11.565210142368242,4.493268451535775,0.0200026541908199,0.0481928089237555,0.0187236743009721,1.7229,4.3426,1.4230682847454177
791,1,35.89768250000001,128.6045625,143357,SPLY_LS,4.2285504081960115,162,13,150,22.420115211585212,1.6686926762491443,1.7526899383983574,1.6504040457244702,1.0,1.0,1.0,1.0,1.0,1.0,7.471264367816092,17.857142857142858,8.029772616780196,1.547126436781609,3.3000000000000003,1.6790695112715595,5.907473986669345,11.565210142368242,4.649802841016009,0.0246167394761504,0.0481928089237555,0.01937596092865573,2.4669,4.3426,1.5558199490220772
792,1,35.897478,128.6044319,245679,SPLY_LS,5.093630977851788,171,13,150,25.609156854537666,1.7020396988364133,1.7526899383983574,1.6427435280136125,1.0,1.0,1.0,1.0,1.2,1.0010686286825976,7.471264367816092,17.857142857142858,8.071164648105682,1.547126436781609,3.3000000000000003,1.7140157467382071,3.607774097563734,11.565210142368242,4.307460102037083,0.0150337750532529,0.0481928089237555,0.017949401618193566,1.0758,4.3426,1.3022225611732043
793,1,35.89764160000001,128.6036774,211666,SPLY_LS,6.22151750062607,175,13,150,23.767064476659964,1.6401095140314852,1.7526899383983574,1.6270214398465699,1.0,1.0,1.0,1.0,1.0,1.0,7.471264367816092,17.857142857142858,8.094067602703122,1.547126436781609,3.3000000000000003,1.6965278314487608,4.659899556607674,9.10359990803878,3.769586111686037,0.019418034447362,0.1608660406591712,0.016221438177021597,1.7824,4.3426,1.102956974061307
794,1,35.89345,128.5989036,2836,PIPE_LM,3.131830061574882,131,80,300,28.366359587576113,1.5926899383983573,1.7390554414784394,1.6393123024035072,1.0,1.3,1.0091137882771364,1.0,1.4,1.022778354916602,14.22222222222222,20.833333333333332,8.63377141892342,2.5777777777777775,4.966666666666667,1.7622262792511174,3.1349362448210547,19.35919431283192,4.944646224011368,0.0130634360789815,0.0806707306612862,0.020604588047766523,0.2257,5.2697,1.5843004472118123
795,1,35.8934617,128.5984185,2836,PIPE_LM,5.235848160316517,165,80,300,28.519528461842878,1.5926899383983573,1.765284052019165,1.6299362803252837,1.0,1.3,1.0280044660082068,1.0,1.4,1.0318102096869417,14.22222222222222,20.833333333333332,8.62508974934152,2.5777777777777775,4.966666666666667,1.7677572977175455,3.1349362448210547,19.35919431283192,4.914469614982205,0.0130634360789815,0.0806707306612862,0.02047884060911154,0.2257,5.2697,1.4662676067062357
796,1,35.8937043,128.5989861,210459,PIPE_LM,4.895484927135499,148,80,300,33.21942414310545,1.5926899383983573,1.7390554414784394,1.6334353305077058,1.0,1.3,1.0042562197318332,1.0,1.4,1.0259748328831908,14.22222222222222,20.833333333333332,8.850437753391128,2.5777777777777775,4.966666666666667,1.824502610185137,3.125728632451506,19.35919431283192,4.742295115466547,0.013025067497857,0.0806707306612862,0.019761380860904832,0.2221,5.2697,1.349961523943135
797,1,35.889965100000005,128.6009332,178418,SPLY_LS,2.4697985670575386,71,13,500,74.03097098822433,1.6310198494182069,1.8396988364134157,1.597394272803162,1.0,1.3,1.0186028038682629,1.0,1.6,1.176785766394716,7.471264367816092,23.255813953488374,10.16867928524382,1.547126436781609,5.451162790697675,2.2065172229047483,4.1387556112432575,18.989567325482906,5.467202564291818,0.0172464015698312,0.4517545544340051,0.03645679501411409,1.485,3.0061,0.7064635321116456
798,1,35.8911309,128.5975278,2778,PIPE_LM,3.1820977273418665,100,20,500,37.043286666012506,1.6726899383983571,1.8126488706365504,1.637981784659149,1.3,1.3,1.3000000000000005,1.4,1.6,1.1686065312323881,9.523809523809524,26.31578947368421,9.048231967261568,1.7523809523809524,6.063157894736842,1.832612074577427,4.637778177257593,23.655267591026913,5.621548047979991,0.0193258535535412,0.4480802960067497,0.024968313619114304,0.2863,3.8307,0.8713111259963516
799,1,35.8915342,128.5965834,71406,SPLY_LS,5.583393567819433,106,13,500,31.835667197559236,1.6005201916495553,1.7430527036276522,1.6023112053733608,1.3,1.3,1.3,1.0,1.4,1.1155841155999073,7.471264367816092,26.31578947368421,8.870539066956155,1.547126436781609,6.063157894736842,1.7992455365549045,3.511206738011605,34.520087141485476,6.078215933590437,0.0146313740376312,0.143846929122927,0.025328229706067983,0.6526,3.8307,1.1145435786767357
800,1,35.8918673,128.5973152,71431,PIPE_LM,5.200862772112672,151,80,300,27.051245403767982,1.712662559890486,1.7840657084188911,1.6266502534965048,1.3,1.3,1.300000000000001,1.4,1.4,1.1028070400561376,6.666666666666667,20.833333333333332,8.617007951050644,2.1333333333333337,4.966666666666667,1.751132489815266,8.360394191915855,19.35919431283192,6.576823463310512,0.0348381806174229,0.0806707306612862,0.027405952212788038,0.2109,6.3829,1.4379188033356973
801,1,35.8925856,128.5968797,324893,PIPE_LM,4.461161480274959,92,80,300,43.40058390813461,1.712662559890486,1.765284052019165,1.6174451551243796,1.3,1.3,1.2999999999999992,1.2,1.4,1.0914452681149605,6.666666666666667,20.833333333333332,8.612675301807668,2.1333333333333337,4.966666666666667,1.8965878532857547,6.872521577861954,19.35919431283192,7.3542105283159795,0.0286381410410296,0.0806707306612862,0.030645362982019055,0.1613,5.0244,1.3568379202270222
802,1,35.891773300000004,128.5973032,244025,SPLY_LS,0.8969459800403371,146,13,500,27.50056507402821,1.604845995893224,1.7840657084188911,1.6297022214282835,1.3,1.3,1.2999999999999996,1.2,1.4,1.123150658982801,7.471264367816092,26.31578947368421,8.340473918677334,1.547126436781609,6.063157894736842,1.7330019446089924,7.749452559561562,23.655267591026913,6.693046450203965,0.032292356288321,0.0985726828151887,0.027890259210322354,2.0313,6.3829,1.4488716975216422
803,1,35.88916149999999,128.6026163,212362,SPLY_LS,7.988371174682642,130,25,400,25.20661097947593,1.344312114989733,2.160793976728268,1.609612196388093,1.0,1.0,1.0,1.0,1.6,1.1318451446210842,8.928571428571429,20.0,8.346468867390486,1.692857142857143,3.9746031746031742,1.7031511350759294,3.3464817763285435,12.69137420831549,4.629197853957916,0.0139449568860498,0.338717356431557,0.020535781925495277,1.1497,4.6374,1.318738498727204
804,1,35.8889189,128.6020764,215055,PIPE_LM,5.751307305998202,97,50,400,31.803000984052044,1.6526488706365503,2.160793976728268,1.619210856585158,1.0,1.0,1.0,1.0,1.6,1.1004907401539272,10.95890410958904,20.0,8.581212653417353,2.16986301369863,3.9746031746031742,1.7596196495296423,2.523514715212805,12.69137420831549,4.070334588805183,0.0105156119940275,0.338717356431557,0.020715482408705528,0.1571,4.6374,0.9290386276638649
805,1,35.8906725,128.6043161,246368,SPLY_LS,2.87653796550377,169,13,200,27.54527489715918,1.586392881587953,1.862532511978097,1.5944941135101551,1.0,1.0,1.0,1.0,1.6,1.0809282018184876,7.471264367816092,25.3968253968254,8.7575251588421,1.547126436781609,3.9746031746031742,1.7622639897663122,3.780580857801786,44.320708637351565,4.966088066274378,0.0157538694635029,0.1846866089272758,0.02069393727656862,1.3338,9.828,1.4327080502746914
806,1,35.8907824,128.6046677,73330,SPLY_LS,9.228371113510123,145,32,200,33.691116587710496,1.430937713894593,1.862532511978097,1.5914684945376985,1.0,1.0,1.0,1.0,1.6,1.0922665042855046,11.428571428571429,25.3968253968254,9.184236628669167,1.942857142857143,3.9746031746031742,1.8465869392945375,2.7549807853306074,44.320708637351565,4.183138695349019,0.0114801426815119,0.1846866089272758,0.017431348100454082,0.4297,9.828,0.8612013253798113
807,1,35.8907876,128.6044362,143982,PIPE_LM,5.287068475639752,159,50,200,32.09585991028176,1.6726899383983571,1.862532511978097,1.5953170586273078,1.0,1.0,1.0,1.0,1.6,1.0827890882652473,10.95890410958904,25.3968253968254,9.071968732716947,2.16986301369863,3.9746031746031742,1.8260708098569154,2.4417627012836514,44.320708637351565,4.56785660976271,0.010174947264384,0.1846866089272758,0.019034486885711653,0.1062,9.828,1.1246382485355495
808,1,35.8898477,128.6024933,38900,SPLY_LS,4.684602270662462,179,13,200,23.244658145460924,1.6811772758384669,1.765722108145106,1.6351793657541815,1.0,1.0,1.0,1.0,1.6,1.105424479688842,7.471264367816092,17.857142857142858,8.307582752566155,1.547126436781609,3.9746031746031742,1.696375929781826,6.868739724538682,12.69137420831549,5.120930087013585,0.0286223818691389,0.052885590894761,0.02133917171908993,3.0011,5.3357,1.6215117157509962
809,1,35.88992120000001,128.6024098,4783,SPLY_LS,3.4250419658411997,177,13,200,21.23974641713888,1.6483778234086242,1.8396988364134157,1.633076191283843,1.0,1.0,1.0,1.0,1.6,1.0804804615197057,7.471264367816092,17.857142857142858,8.166710169909102,1.547126436781609,3.9746031746031742,1.6703507984981099,2.891940437656355,12.69137420831549,4.832056955354845,0.0120508604007359,0.052885590894761,0.02013542293581136,0.7181,5.3357,1.5505599974031934
810,1,35.8894594,128.6016559,106412,SPLY_LS,6.092632136181529,134,13,400,35.00636017402059,1.7153456536618754,2.160793976728268,1.6287872105633436,1.0,1.3,1.0025291162028045,1.0,1.6,1.102767775295647,7.471264367816092,20.0,9.106794308533738,1.547126436781609,3.9746031746031742,1.8316026110613355,2.7016731464747834,17.38257339502749,4.195124832843901,0.0112580070850177,0.338717356431557,0.021523995451852795,0.5424,4.0826,0.8987211944140189
811,1,35.8899459,128.6034124,4794,SPLY_LS,2.527607077986346,163,13,200,21.65507322517251,1.678713210130048,1.862532511978097,1.612056750399442,1.0,1.0,1.0,1.0,1.6,1.0900718630316784,7.471264367816092,17.857142857142858,8.239588384372585,1.547126436781609,3.9746031746031742,1.6809760187264948,2.747171608478172,44.320708637351565,5.45238174129895,0.0114476014511089,0.1846866089272758,0.022720347335079757,0.6026,9.828,1.8618347109852946
812,1,35.8906243,128.6037134,178215,PIPE_LM,4.073966072754714,202,100,200,26.49566659497464,1.6126762491444215,1.862532511978097,1.6184969765608246,1.0,1.0,1.0,1.4,1.6,1.1011731511124179,16.3265306122449,17.857142857142858,8.74346085814619,2.840816326530613,3.9746031746031742,1.7528604507553374,5.1272716507466125,44.320708637351565,7.6184241175687095,0.0213655973322436,0.1846866089272758,0.03174635421911464,0.2689,9.828,2.296929476421235
813,1,35.88934510000001,128.6020508,48168,PIPE_LM,6.277793412814749,140,100,400,30.677217051849908,1.6926762491444216,2.160793976728268,1.6128273588925197,1.0,1.0,1.0,1.4,1.6,1.1276737074260768,8.333333333333334,20.0,8.554906262246778,2.466666666666667,3.9746031746031742,1.7650497319243388,7.734045304449008,12.69137420831549,4.365652596198812,0.0322281534859042,0.338717356431557,0.020162904294832928,0.2601,4.6374,1.0402067781713111
