cluster_id,repair_count,avg_lat,avg_lon,nearest_pipe,nearest_type,nearest_dist,pipe_count,nearest_STD_DIP,max_STD_DIP,avg_STD_DIP,nearest_K_age,max_K_age,avg_K_age,nearest_K_soil,max_K_soil,avg_K_soil,nearest_K_traffic,max_K_traffic,avg_K_traffic,nearest_hoop_stress,max_hoop_stress,avg_hoop_stress,nearest_K_stress,max_K_stress,avg_K_stress,nearest_K_total,max_K_total,avg_K_total,nearest_D_final,max_D_final,avg_D_final,nearest_K_repair,max_K_repair,avg_K_repair
0,1,35.8963622,128.6108785,37874,SPLY_LS,5.220132788024812,8,13,80,29.833299227846965,1.6792607802874744,1.6888432580424366,1.584239508410368,1.0,1.0,1.0,1.0,1.2,1.0438535533281188,7.471264367816092,9.523809523809524,7.923026070626691,1.547126436781609,2.1333333333333337,1.7384811181563995,7.237984358431114,9.495076381776173,6.744701349730652,0.0356590156394646,0.0467789180562775,0.03322878290465048,0.3221,0.3806,0.23135918192039212
1,1,35.89607289999999,128.6121391,37859,SPLY_LS,4.679720226085752,13,13,150,39.88575671691531,1.6509514031485284,1.6934976043805614,1.6371267879618012,1.0,1.0,1.0,1.0,1.6,1.1721243307073859,7.471264367816092,12.5,7.839934830302886,1.547126436781609,3.3000000000000003,1.8314167676906021,8.169619741799677,15.52770693236835,8.900079507945108,0.0402488571009373,0.0764995773583525,0.04384757670781773,0.3846,0.4833,0.2677818554576178
2,3,35.89471045000003,128.6090872500002,143900,SPLY_LS,3.276531664324271,9,13,80,23.979959999814575,1.6168925393566052,1.809034907597536,1.609116747355683,1.0,1.0,1.0,1.0,1.2,1.0495051343331838,7.471264367816092,9.846153846153848,8.36700676618733,1.547126436781609,2.1333333333333337,1.70905050083506,10.558588125207828,13.536370798799624,10.521157629008488,0.0520184681870551,0.0666889611959061,0.05183406123295463,0.5395,0.5822,0.4597998217062283
3,1,35.89510799999999,128.6111366,177234,SPLY_LS,2.0933619232941627,13,13,150,32.52932554544886,1.7447501711156743,1.7535112936344968,1.6646156248547375,1.0,1.0,1.0,1.2,1.2,1.1757946735710714,7.471264367816092,12.5,8.029799490874359,1.547126436781609,3.3000000000000003,1.7739486164787854,8.070781590385156,14.660530678484973,7.748161698746382,0.039761916122271,0.072227303467158,0.03817248083312882,0.2775,0.3337,0.22476375093240947
4,4,35.89534400000001,128.6100321,106458,SPLY_LS,6.808682973195061,12,13,80,25.457463733132712,1.7146338124572211,1.73347022587269,1.5925412195470674,1.0,1.0,1.0,1.0,1.2,1.0253666151788872,7.471264367816092,11.428571428571429,8.080408657655928,1.547126436781609,2.1333333333333337,1.692596249695217,16.922221882723523,18.68360369483111,13.205287437753974,0.0833698644385198,0.0920475761431396,0.06505782935521057,0.8665,0.9671,0.634968036474092
5,1,35.892652,128.6068654,3677,PIPE_LM,6.059643953820982,13,25,100,30.78876344194999,1.73347022587269,1.73347022587269,1.57852615540966,1.0,1.0,1.0,1.0,1.6,1.0400010301529163,8.928571428571429,16.3265306122449,9.512838553032323,1.692857142857143,2.840816326530613,1.8166275860944225,3.7758582107612506,10.50660663405339,4.356806971874638,0.0186023318540469,0.0517623735736591,0.021464463067986154,0.0881,0.1714,0.11609839340557875
6,1,35.89482600000001,128.6093499,143903,SPLY_LS,6.568498626806264,9,40,150,56.49916644682751,1.3508281998631075,1.715455167693361,1.5100925039383175,1.0,1.0,1.0,1.0,1.2,1.0272305801067223,14.285714285714286,14.285714285714286,10.114536026131773,2.2285714285714286,3.3000000000000003,2.156736736541565,8.563370966283555,15.288229650869766,8.162833164000176,0.0421887315710408,0.0753197566094575,0.040215422007421425,0.3056,0.5285,0.2275921423480911
7,1,35.894353,128.6110253,4689,SPLY_LS,3.743340320300144,3,20,150,62.77046770170643,1.7074606433949349,1.7074606433949349,1.5634353579527602,1.0,1.0,1.0,1.6,1.6,1.6,9.523809523809524,12.5,10.370867454892693,1.7523809523809524,3.3000000000000003,2.2393912158344715,8.09541021826672,9.455020231068028,8.482925446829487,0.0398832527518237,0.0465815754213913,0.041792404652622454,0.1502,0.165,0.11301438843011231
8,3,35.89591025000361,128.6120980999865,211331,SPLY_LS,8.711154592533976,12,13,80,34.895611847720126,1.7031348391512662,1.7031348391512662,1.5965555651745333,1.0,1.0,1.0,1.0,1.6,1.1759537375673361,7.471264367816092,10.95890410958904,7.780727161210119,1.547126436781609,2.16986301369863,1.7707895381032814,6.975668568393098,12.146575846211446,7.734961206547728,0.0343666775524738,0.0598419278927376,0.03810744662823833,0.3011,0.4833,0.2512794814088048
9,1,35.8929585,128.6094276,212239,SPLY_LS,6.964328808312295,6,20,150,41.53632502066956,1.331334702258727,1.7367556468172485,1.5346756380505728,1.0,1.0,1.0,1.6,1.6,1.4238397484369874,9.523809523809524,12.5,9.15026678237813,1.7523809523809524,3.3000000000000003,1.9422717343754623,5.832784556125563,9.455020231068028,6.483463572330391,0.028736088033436,0.0465815754213913,0.0319417558086215,0.1312,0.2388,0.13184065107278012
10,1,35.894846300000005,128.6092167,443630,SPLY_LS,4.044881244585552,8,20,150,43.69467459732887,1.2015605749486653,1.7134839151266257,1.4535285998024277,1.0,1.0,1.0,1.0,1.2,1.0272215584157636,9.523809523809524,14.285714285714286,10.50820719803793,1.7523809523809524,3.3000000000000003,2.0581247953471844,6.513395548197057,15.288229650869766,9.750726404780718,0.032089220177525,0.0753197566094575,0.048038416242112886,0.3577,0.5822,0.37003516002960946
11,2,35.8926445,128.6060532,99395,PIPE_LM,7.353161010971109,14,100,100,54.24013224092726,1.6134976043805611,1.7411909650924025,1.4747098851674032,1.0,1.0,1.0,1.0,1.6,1.0474875550146905,16.3265306122449,16.3265306122449,10.52152052618079,2.840816326530613,2.840816326530613,2.1052177839423334,6.254757577330596,23.04961910537988,10.460595472240488,0.0308150014183557,0.1135574059655198,0.05153569268331356,0.1166,0.9346,0.41562496935881615
12,1,35.8955536,128.6113662,3784,SPLY_LS,4.34702743955079,9,13,100,58.992526106117325,1.6581245722108144,1.7077344284736482,1.6577476234531716,1.0,1.0,1.0,1.2,1.6,1.2308035727297624,7.471264367816092,14.285714285714286,7.698773375707924,1.547126436781609,2.466666666666667,2.0013149745444485,4.7645884263978,12.06382517147422,7.664634018961679,0.0234734595709127,0.0594342442810434,0.037760969189517525,0.1345,0.5918,0.1249756626103308
13,1,35.895782,128.6105861,72332,SPLY_LS,3.68023655579785,7,13,25,16.65466488713815,1.6235181382614647,1.7535112936344968,1.6588640756943627,1.0,1.0,1.0,1.0,1.0,1.0,7.471264367816092,9.523809523809524,8.14006426757751,1.547126436781609,1.7523809523809524,1.6140064267577507,9.610469139456873,11.945609544634546,9.627379857561738,0.0473474177859052,0.0588518372630737,0.04743073097525651,0.4797,0.5682,0.442755706986404
14,1,35.896141,128.6122561,211329,SPLY_LS,2.1121618948478513,8,20,150,50.043197445374894,1.622751540041068,1.6934976043805614,1.6522006279535564,1.0,1.0,1.0,1.0,1.6,1.1893694023477088,9.523809523809524,12.5,9.140895563642223,1.7523809523809524,3.3000000000000003,2.033198754071882,7.666496412979579,15.52770693236835,9.663726447098195,0.0377701445530058,0.0764995773583525,0.04760979790059628,0.2989,0.4833,0.2508897218459725
15,1,35.8936404,128.6103236,417712,PIPE_LM,1.4467562731861607,3,150,150,104.91600705564538,1.3255852156057495,1.607583846680356,1.4339330245760262,1.0,1.0,1.0,1.6,1.6,1.6,12.5,12.5,11.31980800925276,3.3000000000000003,3.3000000000000003,2.752361507819939,9.455020231068028,11.310110519443954,9.293171812151787,0.0465815754213913,0.0557209559906185,0.04578420490833758,0.0261,0.2809,0.09215057478881802
16,2,35.8938663,128.6102529,143921,SPLY_LS,7.345021309011886,3,25,25,20.52804400777567,1.5564407939767282,1.6851745379876797,1.509355263689162,1.0,1.0,1.0,1.0,1.0,1.0,8.928571428571429,9.523809523809524,8.690783240866166,1.692857142857143,1.7523809523809524,1.669078324086617,9.51829734847575,9.51829734847575,8.536818302901978,0.046893319631868,0.046893319631868,0.042057915891991975,0.4281,0.4281,0.402229481498656
17,1,35.89609519999999,128.6100066,177221,PIPE_LM,5.732686157672805,9,20,100,33.09591299549446,1.6934976043805614,1.6934976043805614,1.5398076540154264,1.0,1.0,1.0,1.0,1.0,1.0,9.523809523809524,14.285714285714286,8.692167960691004,1.7523809523809524,2.466666666666667,1.8160133295533691,4.0535148714262155,8.733804414784396,5.169172587771982,0.0199702490413119,0.0430283975200975,0.02546670412954678,0.1021,0.2621,0.15586184634971967
18,1,35.894814600000004,128.609921,73264,SPLY_LS,7.282723023454585,10,13,150,41.25594829024002,1.298754277891855,1.746776180698152,1.5477291991390794,1.0,1.0,1.0,1.0,1.2,1.033426198273441,7.471264367816092,12.5,8.997208924376743,1.547126436781609,3.3000000000000003,1.9373664222680966,2.408390904227995,15.288229650869766,5.128850946452324,0.0118652990483148,0.0753197566094575,0.025268053515339305,0.0816,0.1202,0.09159954524246013
19,2,35.8932193,128.6093998,178155,SPLY_LS,6.326662586678947,11,13,100,24.37450086781473,1.6392334017796029,1.73347022587269,1.5646750686877169,1.0,1.0,1.0,1.0,1.6,1.0963885821798403,7.471264367816092,14.285714285714286,8.57763093387292,1.547126436781609,2.466666666666667,1.7208060511001562,6.357405281240445,15.300472715564686,6.180361474135719,0.0313207107288232,0.0753800739041367,0.030448477856550703,0.2798,0.2942,0.20079828100521568
20,2,35.8938925,128.6104273,143921,SPLY_LS,6.304443741169693,6,25,150,39.37444409830489,1.5564407939767282,1.6851745379876797,1.4504711067894018,1.0,1.0,1.0,1.0,1.6,1.3165347073509455,8.928571428571429,12.5,9.569821714257483,1.692857142857143,3.3000000000000003,1.9384812531976783,9.51829734847575,9.51829734847575,8.759862802447602,0.046893319631868,0.046893319631868,0.04315677807567845,0.4281,0.4281,0.28176731878960937
21,3,35.89501039999999,128.610865,142997,PIPE_LM,6.673118840726925,10,150,150,55.69571440223636,1.673511293634497,1.6934976043805614,1.5479678927352862,1.0,1.0,1.0,1.2,1.2,1.1045704983899447,12.5,12.5,9.958559889319153,3.3000000000000003,3.3000000000000003,2.150160567063457,14.660530678484973,16.152146604709472,12.519379424299508,0.072227303467158,0.0795759730700919,0.06167860064072514,0.1065,0.8324,0.4455700590400535
22,1,35.8945804,128.6077641,212261,SPLY_LS,7.1034468734657,10,13,200,50.040943291184526,1.6293771389459275,1.7535112936344968,1.6719678969228782,1.0,1.0,1.0,1.0,1.6,1.1789854954679346,7.471264367816092,15.873015873015872,9.258835837077317,1.547126436781609,3.9746031746031742,2.0312399580370486,5.7152140840730015,17.90534152957149,8.307883167349468,0.0281568594672982,0.0882133508466633,0.040930032606422195,0.2435,0.293,0.19876072633692332
23,3,35.89485430000001,128.60834559999984,107322,PIPE_LM,6.953773156019825,8,150,150,60.18388727458536,1.6934976043805614,1.7535112936344968,1.676289591571222,1.0,1.0,1.0,1.2,1.2,1.0414839502466973,12.5,14.22222222222222,9.872674209291878,3.3000000000000003,3.3000000000000003,2.172542960643766,15.288229650869766,16.37630994096727,11.526433047619298,0.0753197566094575,0.0806803473706664,0.056786701374053575,0.1128,0.8201,0.35912788206747415
24,5,35.89705355000011,128.60988710000072,211328,PIPE_LM,14.389817178945549,4,150,150,93.80019288421511,1.6934976043805614,1.6934976043805614,1.532943770318492,1.0,1.0,1.0,1.6,1.6,1.159228896315304,12.5,14.285714285714286,12.133307534273893,3.3000000000000003,3.3000000000000003,2.663623490256174,15.52770693236835,15.52770693236835,12.441992882411316,0.0764995773583525,0.0764995773583525,0.06129734423413168,0.0621,0.58,0.3053865558476893
25,1,35.8947414,128.6077693,73245,SPLY_LS,7.1922191063966165,10,20,200,69.03971492048763,1.6338672142368242,1.7535112936344968,1.634596591069392,1.0,1.0,1.0,1.0,1.6,1.1987262369537117,9.523809523809524,15.873015873015872,10.201393447020978,1.7523809523809524,3.9746031746031742,2.291403628906691,4.797049009078042,17.90534152957149,8.989157756084838,0.0236333815005743,0.0882133508466633,0.04428643405901532,0.1479,0.293,0.1677967706214681
26,1,35.8955517,128.6118181,142917,PIPE_LM,5.44242013472827,8,80,80,47.363189385044976,1.6334839151266256,1.7258590006844623,1.6120120654668915,1.0,1.0,1.0,1.2,1.6,1.1803167280530038,6.666666666666667,17.857142857142858,8.373191114537649,2.1333333333333337,2.585714285714286,1.931390043877905,7.897762895550121,16.302748446101283,9.336349321501551,0.038909513569362,0.0803179356319848,0.04599692538477559,0.0819,0.6363,0.25679147969652216
27,1,35.89433110000001,128.6089668,73259,SPLY_LS,6.424208358497361,11,13,80,32.616217323096144,1.7491307323750855,1.8044900752908968,1.5637791806560513,1.0,1.0,1.0,1.2,1.2,1.1873553144506777,7.471264367816092,9.523809523809524,7.827202934767013,1.547126436781609,2.1333333333333337,1.740899983115619,5.184698756966647,21.79246957353857,7.955983797601307,0.0255431961310097,0.1073638702244738,0.03919634757645244,0.1419,0.3939,0.17478034712995888
28,1,35.893442,128.6092004,143881,SPLY_LS,1.8030811841007768,9,13,150,41.282171238056314,1.667707049965777,1.6851745379876797,1.5627823351018661,1.0,1.0,1.0,1.0,1.6,1.071136925179355,7.471264367816092,14.285714285714286,8.998279130304239,1.547126436781609,3.3000000000000003,1.9208954704457364,7.421490462569313,16.49220957197123,9.250774611096851,0.0365630859874171,0.081251344287752,0.04557532873776027,0.3358,0.5725,0.30545146512645716
29,1,35.896174699999996,128.6118559,3781,SPLY_LS,7.481404209053074,10,13,150,43.610221910763016,1.5852977412731006,1.7254209445585216,1.653116320115523,1.0,1.0,1.0,1.0,1.6,1.1721153489370726,7.471264367816092,12.5,7.839664789033993,1.547126436781609,3.3000000000000003,1.8717629267931921,5.730575595642759,15.52770693236835,7.410397576898878,0.0282325402582734,0.0764995773583525,0.03650843522222884,0.254,0.254,0.1681101966190159
30,1,35.8917529,128.6062886,107379,SPLY_LS,5.473569756579247,8,13,25,17.25115974567772,1.5846954140999316,1.7227926078028748,1.6057327942805992,1.0,1.0,1.0,1.0,1.0,1.0,7.471264367816092,8.928571428571429,7.987534793964008,1.547126436781609,1.692857142857143,1.5987534793964007,5.207340590323914,9.497046202080918,5.839449657518107,0.0256547445193193,0.0467886226714819,0.02876892465521157,0.2218,0.396,0.23988851419714624
31,5,35.892090550000134,128.6057968000005,42449,PIPE_LM,6.481337113135468,10,80,80,53.934111263569825,1.4734839151266257,1.6934976043805614,1.5455884446597314,1.0,1.0,1.0,1.0,1.2,1.0157470828626922,6.666666666666667,14.22222222222222,8.513511513543392,2.1333333333333337,2.5777777777777775,2.0093120188339726,8.609847802547726,25.35629551857213,12.614140945650245,0.0424177066764217,0.1249215933165733,0.06214545748988774,0.1638,0.7305,0.43611652200510953
32,1,35.893028300000005,128.605446,107397,SPLY_LS,4.766409638382919,10,13,200,25.870701157251585,1.7353867214236824,1.7535112936344968,1.6113847721011663,1.0,1.0,1.0,1.0,1.6,1.0707312028109235,7.471264367816092,15.873015873015872,8.52646838545001,1.547126436781609,3.9746031746031742,1.72611808860538,7.540149860615169,16.397592311842406,8.8620885564063,0.0371476793107997,0.0807851981631384,0.04366040858641907,0.3255,0.6145,0.3592972881014073
33,1,35.8941155,128.607839,212263,SPLY_LS,3.464944637859817,9,13,200,50.8942760959745,1.4338398357289528,1.7535112936344968,1.560763652472239,1.0,1.0,1.0,1.0,1.6,1.0685895426181449,7.471264367816092,15.873015873015872,9.071153985977695,1.547126436781609,3.9746031746031742,2.0345491169303704,3.4612443300308007,17.90534152957149,6.014813674631874,0.0170523393785462,0.0882133508466633,0.029632881790125076,0.1364,0.2357,0.12688132448115458
34,1,35.89275630000001,128.6086165,178129,SPLY_LS,6.850973923584969,12,13,80,23.91295431261482,1.6293771389459275,1.768186173853525,1.6121513118144188,1.0,1.0,1.0,1.0,1.2,1.0115554512662353,7.471264367816092,12.5,8.457010312187968,1.547126436781609,2.3625,1.727185213069027,4.064706843490638,9.227806003560664,5.426293591912371,0.0200253879704831,0.0454621704474421,0.02673344932459502,0.1443,0.402,0.16062688787452303
35,6,35.89590513333346,128.60974296666663,3801,SPLY_LS,3.920391680847154,12,13,150,45.29016840835518,1.6539630390143738,1.7134839151266257,1.6576660478070278,1.0,1.0,1.0,1.0,1.2,1.009618721461946,7.471264367816092,14.285714285714286,8.977674198463303,1.547126436781609,3.3000000000000003,1.9668217514930477,11.96602202414517,14.660530678484973,10.249268546075006,0.0589524024052548,0.072227303467158,0.0504945588825204,0.6085,0.6085,0.37079442381074756
36,4,35.895400200000005,128.6107026,72341,SPLY_LS,6.158978070093093,10,13,80,34.229362259503986,1.7161122518822722,1.7161122518822722,1.51222667505496,1.0,1.0,1.0,1.0,1.2,1.0648517032182463,7.471264367816092,10.95890410958904,8.534871577473288,1.547126436781609,2.16986301369863,1.820584726516924,10.57214620065912,10.57214620065912,8.646131388290444,0.0520852640794772,0.0520852640794772,0.04259646320412108,0.5033,0.5229,0.3438457432068314
37,1,35.892927900000004,128.60612330000004,420740,SPLY_LS,8.136413409239825,7,20,100,45.466838906442995,1.3100889801505815,1.7535112936344968,1.4410957650845817,1.0,1.0,1.0,1.0,1.0,1.0,9.523809523809524,9.523809523809524,8.596878567898855,1.7523809523809524,2.466666666666667,1.936590825616708,6.462442171195215,8.282331569609857,5.790872383603607,0.0318381907227189,0.0408041488274184,0.028529601428680676,0.3165,0.3165,0.18900112405793051
38,5,35.8938019,128.6078556,212265,SPLY_LS,4.681297397394761,14,13,200,36.76697769198665,1.6763039014373715,1.7535112936344968,1.6188261856558999,1.0,1.0,1.0,1.0,1.6,1.043446164145285,7.471264367816092,15.873015873015872,8.66832619696531,1.547126436781609,3.9746031746031742,1.8517061897610074,14.56858893187185,17.90534152957149,9.872865221456328,0.0717743386612064,0.0882133508466633,0.04864015144328776,0.7511,0.7511,0.39155261158560045
39,2,35.8956008,128.6100887,106345,PIPE_LM,6.651777254025154,13,32,80,29.977272360830646,1.1178370978781655,1.7409171800136891,1.5065382826814333,1.0,1.0,1.0,1.0,1.2,1.0318669712425055,11.428571428571429,14.285714285714286,8.704478787279541,1.942857142857143,2.2285714285714286,1.776671116202972,7.669651556770683,11.791276517815836,8.33083913587282,0.0377856888421642,0.0580914924564973,0.041043128628747774,0.4095,0.6087,0.3499309334378772
40,2,35.89637675000013,128.61168900000015,143006,SPLY_LS,3.1239564992310824,5,25,150,52.11368707568986,1.6724709103353868,1.7254209445585216,1.6875527207337453,1.0,1.0,1.0,1.0,1.6,1.1444544910060022,8.928571428571429,12.5,9.615486145122414,1.692857142857143,3.3000000000000003,2.0624954707747456,7.636526183235415,15.52770693236835,8.763443634925087,0.0376224917206367,0.0764995773583525,0.043174419584003636,0.2943,0.2943,0.20240072920866836
41,3,35.89443095000019,128.6104921999992,38823,SPLY_LS,6.449299635067892,15,13,150,37.46499461244085,1.638850102669405,1.6934976043805614,1.4311204454445894,1.0,1.0,1.0,1.0,1.6,1.063725445019942,7.471264367816092,14.285714285714286,9.535258131699738,1.547126436781609,3.3000000000000003,1.917421746290929,16.706460448406002,16.706460448406002,11.50364765424514,0.0823068833681394,0.0823068833681394,0.05667444571578679,0.8983,0.8983,0.503687197059067
42,2,35.8929263,128.6060014,421834,SPLY_LS,5.633623238574878,12,20,100,42.87621371322251,1.3029158110882957,1.7535112936344968,1.4400180186515315,1.0,1.0,1.0,1.0,1.0,1.0,9.523809523809524,9.523809523809524,8.57998918984999,1.7523809523809524,2.466666666666667,1.9133767404344242,5.129301646229971,8.406523718275155,5.5522283621133335,0.0252702739553988,0.0414160000766402,0.02735388586020561,0.2324,0.3165,0.17049376178175507
43,1,35.8937504,128.6065046,106335,PIPE_LM,7.860855885770398,9,25,100,35.62247651634204,1.7134839151266257,1.7535112936344968,1.6043962771832514,1.0,1.0,1.0,1.0,1.0,1.0,8.928571428571429,11.428571428571429,8.542723279687461,1.692857142857143,2.466666666666667,1.8097386973722334,3.639065383318456,5.969788111704313,4.326183555133612,0.0179284014707258,0.029411056600528,0.02131359221189896,0.0834,0.1905,0.10683502948883561
44,3,35.89484540000008,128.60876144999995,178141,SPLY_LS,6.0364444265956605,11,20,150,49.23427759166511,1.653798767967146,1.7535112936344968,1.6683086663695355,1.0,1.0,1.0,1.2,1.2,1.1511496020022391,9.523809523809524,12.5,8.502996088850479,1.7523809523809524,3.3000000000000003,1.9724618172810193,12.123447006882788,16.868605078828363,12.402297623882882,0.059727980196459,0.0831057132116097,0.06110177958870256,0.4158,0.8201,0.38589367431029964
45,1,35.8926556,128.6089682,4729,SPLY_LS,5.333827076624824,9,13,150,64.25549523095128,1.695195071868583,1.768186173853525,1.660097063595169,1.0,1.0,1.0,1.0,1.6,1.3322890194290895,7.471264367816092,12.5,8.813132542604148,1.547126436781609,3.3000000000000003,2.1522175112148076,5.726237083068816,16.49220957197123,9.779143096863212,0.0282111659253009,0.081251344287752,0.048178415338161085,0.2308,0.249,0.14793425907336394
46,2,35.89242655000442,128.6063828000003,246309,SPLY_LS,9.628208759936465,10,13,100,35.67167053644593,1.7186858316221767,1.7186858316221767,1.5583824746325878,1.0,1.0,1.0,1.0,1.6,1.0647773435613626,7.471264367816092,17.857142857142858,10.865367018951622,1.547126436781609,2.840816326530613,1.9644118619201045,4.25941951370348,10.50660663405339,5.567755118943903,0.0209846691471872,0.0517623735736591,0.027430380756744928,0.1427,0.4426,0.17024414613249095
47,4,35.89427840000114,128.6105856333426,73268,SPLY_LS,11.013280288821251,9,32,40,22.844547066118995,1.076933607118412,1.7535112936344968,1.4015808092984,1.0,1.0,1.0,1.0,1.6,1.0653156990238006,11.428571428571429,14.285714285714286,9.58852680997031,1.942857142857143,2.2285714285714286,1.7588526809970308,14.40965024518797,16.706460448406002,11.317618067414125,0.0709913033804553,0.0823068833681394,0.05575794305182576,0.8936,0.8983,0.5794600614247177
48,3,35.89577795000001,128.61020805,143022,SPLY_LS,5.442579757228071,6,13,40,21.248285491079088,1.7088843258042437,1.7146338124572211,1.4179590361357102,1.0,1.0,1.0,1.0,1.0,1.0,7.471264367816092,14.285714285714286,9.50568801989455,1.547126436781609,2.2285714285714286,1.7505688019894552,9.119398938852642,9.119398938852642,7.451062343820123,0.0449280867820983,0.0449280867820983,0.03670877629618134,0.4226,0.4226,0.35866395037710724
49,1,35.89230930000001,128.6083009,4699,SPLY_LS,5.279057800471455,11,20,100,33.719071554658946,1.7240520191649555,1.7487474332648871,1.635167949904325,1.0,1.0,1.0,1.0,1.6,1.2610856841902158,9.523809523809524,10.95890410958904,8.993097415054542,1.7523809523809524,2.466666666666667,1.8476951192889106,11.936858535665069,12.778978474572932,9.661809143152633,0.0588087241047343,0.0629575543017547,0.047600352015112875,0.4846,0.6187,0.30360990462954074
50,1,35.8913008,128.6057162,211229,SPLY_LS,7.528061506233701,9,20,80,33.75517375918157,1.291252566735113,1.7352224503764546,1.5498324577488773,1.0,1.0,1.0,1.0,1.6,1.1757673785749452,9.523809523809524,14.22222222222222,10.135858891997104,1.7523809523809524,2.5777777777777775,1.8970113298860343,4.1994518031562675,6.5969176216692,4.838933080464675,0.0206892292260198,0.0325007042007965,0.023839729660871254,0.1746,0.2296,0.1305868397370231
51,1,35.89278149999999,128.6090508,75978,PIPE_LM,7.912078311985709,8,100,150,62.63364678241165,1.65347022587269,1.7535112936344968,1.6667474913741143,1.0,1.0,1.0,1.6,1.6,1.3398395320433392,8.333333333333334,12.5,8.561488651513432,2.466666666666667,3.3000000000000003,2.115406712404724,15.300472715564686,16.49220957197123,10.060072156458109,0.0753800739041367,0.081251344287752,0.049562454489614285,0.1233,0.3942,0.15480768200097964
52,1,35.8930714,128.6079041,212258,SPLY_LS,7.019942288720845,6,20,20,16.961854744741583,1.2963449691991786,1.745845311430527,1.572494526290723,1.0,1.0,1.0,1.0,1.0,1.0,9.523809523809524,9.523809523809524,8.63296233425451,1.7523809523809524,1.7523809523809524,1.6632962334254509,3.534327390703826,3.712336158432266,3.2548759134130485,0.017412394039411,0.0182893809349403,0.016035634418816374,0.1302,0.1302,0.08852306331820889
53,1,35.894985999999996,128.6116735,106343,SPLY_LS,9.24722163598873,7,13,150,70.45658675155472,1.7148528405201915,1.751649555099247,1.525605822579287,1.0,1.0,1.0,1.6,1.6,1.466469460375049,7.471264367816092,12.5,8.574482011760288,1.547126436781609,3.3000000000000003,2.198744381011232,6.141458658325585,16.07569921971253,10.27816204862019,0.0302568172990397,0.0791993435607967,0.05063690705683462,0.1192,0.2447,0.1469084520469632
54,1,35.892991699999996,128.6067571,215096,PIPE_LM,5.705756259989098,10,80,80,40.143007742560165,1.7535112936344968,1.7535112936344968,1.5303626486235795,1.0,1.0,1.0,1.0,1.0,1.0,6.666666666666667,11.428571428571429,8.805776057325014,2.1333333333333337,2.1333333333333337,1.883965224606496,5.0065293738294745,5.0065293738294745,3.3444601353192787,0.0246654179395769,0.0246654179395769,0.01647698452567067,0.0289,0.0775,0.05232055872793483
55,9,35.895277400000005,128.6101531,245302,SPLY_LS,6.9936724839440245,12,13,50,18.651078046924287,1.6737850787132105,1.73347022587269,1.643305775729196,1.0,1.0,1.0,1.0,1.2,1.0289906968983862,7.471264367816092,10.95890410958904,8.171297976763015,1.547126436781609,2.16986301369863,1.6362103291334806,13.992928835090412,18.68360369483111,13.576991449275932,0.0689382628453981,0.0920475761431396,0.06688908492357519,0.7187,0.9671,0.6640992414682918
56,1,35.8914202,128.6062172,178172,SPLY_LS,7.274126111501402,8,20,80,35.437187413574726,1.2360574948665295,1.7167693360711842,1.4340744849210834,1.0,1.0,1.0,1.0,1.6,1.1523083712552826,9.523809523809524,14.22222222222222,9.560117488465787,1.7523809523809524,2.5777777777777775,1.880050298592165,4.132667082502118,10.21308769881646,5.347320833259003,0.020360204282009,0.0503163085113741,0.026344378183175417,0.1823,0.2175,0.15130446261289812
57,1,35.8944829,128.6086036,212275,SPLY_LS,6.372310037509759,10,25,40,25.07259980376126,1.285119780971937,1.73347022587269,1.357029458105259,1.0,1.0,1.0,1.0,1.2,1.0380421594355067,8.928571428571429,14.285714285714286,9.540012471222955,1.692857142857143,2.2285714285714286,1.7848961018968277,5.899127048669401,11.663697182790498,6.676854627435089,0.0290629342743271,0.0574629537255948,0.03289452585025305,0.2964,0.4145,0.2709038991362918
58,1,35.894484000000006,128.6087472,212274,SPLY_LS,7.618994041692816,9,25,80,39.34038937678761,1.274880219028063,1.809034907597536,1.485149022829943,1.0,1.0,1.0,1.2,1.2,1.1808909656908833,8.928571428571429,10.0,8.487254945004064,1.692857142857143,2.1333333333333337,1.85312285575108,5.157073599696595,11.663697182790498,7.529413804944252,0.0254070966499452,0.0574629537255948,0.03709478652212856,0.1911,0.2964,0.18787679950133476
59,5,35.8962846,128.61074184999993,72325,SPLY_LS,6.012934230291465,9,13,40,18.027664342407014,1.6845722108145107,1.7134839151266257,1.6729466299512008,1.0,1.0,1.0,1.0,1.0,1.0,7.471264367816092,9.846153846153848,7.944082896819067,1.547126436781609,2.0307692307692307,1.6319153103026418,11.941486296302054,11.941486296302054,9.309399505442272,0.0588315234616765,0.0588315234616765,0.045864153073487145,0.5942,0.5942,0.43153692791037224
60,1,35.8926632,128.6087565,212253,SPLY_LS,2.1020036336227874,9,20,150,53.77243444132276,1.768186173853525,1.768186173853525,1.6955199091527258,1.0,1.0,1.0,1.0,1.6,1.1135202055254865,9.523809523809524,12.5,9.087389939942826,1.7523809523809524,3.3000000000000003,2.064826188956735,7.308601586064009,16.49220957197123,9.14250249951465,0.0360069220039822,0.081251344287752,0.0450419099392338,0.249,0.402,0.1903471505841367
61,1,35.8948435,128.6078796,107333,SPLY_LS,4.6554656319679735,10,20,200,71.15667120071893,1.2763586584531144,1.7535112936344968,1.5385347831460605,1.0,1.0,1.0,1.0,1.6,1.0999627683247426,9.523809523809524,15.873015873015872,10.36545126321204,1.7523809523809524,3.9746031746031742,2.329735466902141,4.856957742415679,17.90534152957149,8.47274499453658,0.0239285308616722,0.0882133508466633,0.041742249127333604,0.2213,0.3099,0.1722363632829942
62,2,35.89581280000001,128.6122184,143003,SPLY_LS,4.07846236090955,13,13,80,23.115957949991984,1.6814510609171802,1.7268446269678304,1.6231687124297107,1.0,1.0,1.0,1.0,1.6,1.103971332239,7.471264367816092,10.95890410958904,8.250014569895193,1.547126436781609,2.16986301369863,1.6948541944959516,6.849082712571462,12.146575846211446,6.312076570253291,0.0337430333458902,0.0598419278927376,0.03109739203483834,0.2989,0.4475,0.22452198424124453
63,1,35.89514760000001,128.6104596,143029,SPLY_LS,7.614506175559537,10,13,50,20.32260399242638,1.7161122518822722,1.7316084873374402,1.5948667064725035,1.0,1.0,1.0,1.0,1.2,1.0252942004039736,7.471264367816092,10.95890410958904,8.687383943333986,1.547126436781609,2.16986301369863,1.703387983927883,11.700682940792468,14.958368965494165,11.741545093067083,0.0576451696102552,0.0736946484638518,0.057846483132758884,0.5677,0.7536,0.5647063821147308
64,1,35.89197620000001,128.6057557,244346,PIPE_LM,0.8810057421875835,12,50,80,57.24035874742854,1.6934976043805614,1.6934976043805614,1.6020886946780755,1.0,1.0,1.0,1.2,1.2,1.0489070310306505,10.95890410958904,14.22222222222222,10.257667363882435,2.16986301369863,2.5777777777777775,2.156008643240451,7.876334211342035,25.35629551857213,13.245204344761037,0.0388039419423082,0.1249215933165733,0.06525448598511688,0.1937,0.7305,0.42758956119165226
65,4,35.89471525,128.61126855,75978,PIPE_LM,6.011524140033795,11,100,150,75.36256633137877,1.65347022587269,1.7393839835728953,1.6601698962967653,1.0,1.0,1.0,1.6,1.6,1.2896204053541973,8.333333333333334,12.5,8.722583833654907,2.466666666666667,3.3000000000000003,2.2542765528090696,15.300472715564686,21.82974320328542,13.003454562480028,0.0753800739041367,0.1075475043524661,0.0640634694202422,0.1233,0.4422,0.21854169783635602
66,1,35.892438399999996,128.6066901,143925,SPLY_LS,5.087801408552955,7,20,100,40.640508866154626,1.2945379876796714,1.7275564681724846,1.458944252062121,1.0,1.0,1.0,1.0,1.6,1.090799460052873,9.523809523809524,16.3265306122449,10.731661566262098,1.7523809523809524,2.840816326530613,1.981140384597887,3.70725078842177,10.50660663405339,4.867900152538773,0.0182643270967781,0.0517623735736591,0.023982440286505115,0.1418,0.1418,0.12284336602652049
67,3,35.894720799999995,128.6107649,73265,SPLY_LS,3.642445325671296,12,13,150,43.24683255033704,1.7226283367556467,1.7226283367556467,1.6009074055389354,1.0,1.0,1.0,1.0,1.6,1.070405703915289,7.471264367816092,17.857142857142858,9.613625740694358,1.547126436781609,3.3000000000000003,1.9766555496947544,12.432895142661051,16.888860112363695,12.802128642606236,0.061252522854591,0.0832055026725766,0.06307160707709598,0.6068,0.8324,0.47319650531881413
68,5,35.893805300000004,128.609037,38813,SPLY_LS,8.187485492137625,11,13,100,35.1444804252564,1.601889117043121,1.9620807665982205,1.5901098197857604,1.0,1.0,1.0,1.2,1.2,1.170524069990949,7.471264367816092,11.428571428571429,8.441752058605942,1.547126436781609,2.466666666666667,1.820399091658321,9.767382865538714,13.09570016064658,10.993196829473908,0.0481204767945063,0.0645179311964494,0.05415963315992759,0.3976,0.5993,0.37710123555340186
69,1,35.891843300000005,128.6064363,212301,SPLY_LS,6.895859470138699,8,13,25,17.114440615326256,1.7227926078028748,1.7227926078028748,1.5270910556293946,1.0,1.0,1.0,1.0,1.0,1.0,7.471264367816092,9.523809523809524,8.156054181094605,1.547126436781609,1.7523809523809524,1.6156054181094601,7.7334775024009454,16.665815633043113,7.1802205470890215,0.0381001369372036,0.0821066405885318,0.03537443355831609,0.3396,0.8841,0.33365500241456464
70,3,35.89173790000002,128.60670560000003,143938,SPLY_LS,7.057924007195022,12,13,25,17.60108052055763,1.6599863107460644,1.73347022587269,1.6274319699736188,1.0,1.0,1.0,1.0,1.0,1.0,7.471264367816092,9.523809523809524,8.19909992791385,1.547126436781609,1.7523809523809524,1.6199099927913851,16.321867065412818,16.665815633043113,10.256072335624658,0.080412126377816,0.0821066405885318,0.05052807877230517,0.8629,0.8841,0.49010631418077394
71,1,35.89428350000001,128.6062351,38865,SPLY_LS,7.559553658369686,7,13,25,17.00137870587599,1.6163997262149217,1.6959616700889804,1.6572559634608048,1.0,1.0,1.0,1.0,1.0,1.0,7.471264367816092,9.523809523809524,8.115413768330983,1.547126436781609,1.7523809523809524,1.6115413768330984,6.506531418628744,18.49666937343814,9.347371660394778,0.0320554030135873,0.091126616168649,0.0460512285906839,0.2942,0.9104,0.42200556289295776
72,2,35.89517510000555,128.61082610001512,211327,PIPE_LM,3.696349949758821,12,50,50,24.44110455659829,1.673511293634497,1.7535112936344968,1.4546557723819582,1.0,1.0,1.0,1.2,1.2,1.0460282612430347,10.95890410958904,10.95890410958904,9.361884747552654,2.16986301369863,2.16986301369863,1.7873497129363158,9.113735623972916,14.50921651652511,9.49929242001605,0.0449001856118461,0.0714818315511384,0.04679968900107201,0.2439,0.6802,0.4541342888408014
73,1,35.8959807,128.6123805,106432,SPLY_LS,5.792074173096283,9,13,150,34.9005231595595,1.6819986310746065,1.6934976043805614,1.6225912111803875,1.0,1.0,1.0,1.0,1.6,1.1346482850927178,7.471264367816092,12.5,8.05068275679833,1.547126436781609,3.3000000000000003,1.7943130551984379,6.401314632733002,15.52770693236835,8.417902962844012,0.031537036735354,0.0764995773583525,0.041472061631895416,0.2727,0.4833,0.2689210501869057
74,4,35.894816600000006,128.61049060000002,38821,SPLY_LS,9.070084704478672,8,25,150,61.88012615206343,1.6783299110198495,1.6939356605065023,1.651188108292226,1.0,1.0,1.0,1.0,1.2,1.088643829876446,8.928571428571429,12.5,10.234896941741797,1.692857142857143,3.3000000000000003,2.212604676224462,11.177153043143244,18.273530324488014,12.899378339298188,0.0550659210400016,0.0900272881731389,0.0635507222953034,0.4751,0.8324,0.4020533595368031
75,2,35.8950004,128.6102705,211358,SPLY_LS,4.713437093924081,14,20,150,52.53981667924858,1.647501711156742,1.7535112936344968,1.6545561830418225,1.0,1.0,1.0,1.2,1.2,1.1015233929215595,9.523809523809524,12.5,9.89343498761128,1.7523809523809524,3.3000000000000003,2.1162800091036957,11.997675515548307,15.288229650869766,11.376179592226409,0.059108348078676,0.0753197566094575,0.05604645518804221,0.4124,0.6982,0.3375680959195237
76,1,35.8945457,128.6090655,215085,SPLY_LS,14.27551248317459,10,13,80,30.775384332287025,1.809034907597536,1.809034907597536,1.5473957492578418,1.0,1.0,1.0,1.2,1.2,1.123498612869128,7.471264367816092,9.523809523809524,8.163818014181334,1.547126436781609,2.1333333333333337,1.7438705140060629,8.78045817954211,13.536370798799624,8.289656106237143,0.0432582442902411,0.0666889611959061,0.04084023425579318,0.2961,0.5822,0.28935029575357274
77,1,35.89334079999999,128.6062061,107395,SPLY_LS,6.752025332294343,8,13,25,15.959791056593549,1.6526488706365503,1.7168240930869267,1.6695997965691114,1.0,1.0,1.0,1.0,1.0,1.0,7.471264367816092,8.928571428571429,7.830708068243947,1.547126436781609,1.692857142857143,1.583070806824395,6.471874731357027,6.873956582939461,6.086481333283163,0.0318846616452401,0.0338655781993387,0.029985963260619464,0.2835,0.2989,0.24828990922737296
78,1,35.89211060000002,128.6071623,244344,SPLY_LS,5.12499918627667,10,20,80,34.5861906289293,1.2688021902806297,1.73347022587269,1.5589549144812633,1.0,1.0,1.0,1.0,1.0,1.0,9.523809523809524,10.95890410958904,9.416866067657718,1.7523809523809524,2.16986301369863,1.889817497683864,3.1782288231827738,5.2065415267065065,3.506598041959329,0.0156580210317334,0.0256508078125486,0.017275781243418897,0.1115,0.2292,0.07749458439410428
79,2,35.8937121,128.6087386,212248,PIPE_LM,8.191308199599899,8,80,100,54.62006983735186,1.6334839151266256,1.9620807665982205,1.7097548121143618,1.0,1.0,1.0,1.2,1.2,1.1739859926390255,6.666666666666667,8.928571428571429,7.598648178436535,2.1333333333333337,2.466666666666667,1.9441899022735547,9.017951365617154,13.140989657969902,10.19335616333,0.0444282900954177,0.0647410566984374,0.05021909814206969,0.1077,0.4663,0.23666772128457558
80,5,35.89484755000002,128.60849100000007,4710,SPLY_LS,6.216439103493906,5,13,150,43.56861140236877,1.7429979466119097,1.7535112936344968,1.7169127604117995,1.0,1.0,1.0,1.0,1.2,1.0393858591562626,7.471264367816092,12.5,9.16344116895625,1.547126436781609,3.3000000000000003,1.9625057366222667,16.37630994096727,16.868605078828363,15.931166510943772,0.0806803473706664,0.0831057132116097,0.07848728149114112,0.8201,0.8201,0.6297673252811693
81,3,35.895813600008196,128.6107569500131,177224,SPLY_LS,8.622934180220176,8,13,100,24.57781613919178,1.7019301848049282,1.7134839151266257,1.6395163352724995,1.0,1.0,1.0,1.0,1.0,1.0,7.471264367816092,9.523809523809524,8.158962069923295,1.547126436781609,2.466666666666667,1.68827352534557,5.95927420360627,9.610469139456873,6.50464363249137,0.0293592582551968,0.0473474177859052,0.03204610255201358,0.2429,0.4797,0.24701524026418703
82,3,35.89174205000001,128.60655584999995,38841,SPLY_LS,4.293914117698628,8,13,25,17.427602308722708,1.6584531143052703,1.7227926078028748,1.6311583787517487,1.0,1.0,1.0,1.0,1.0,1.0,7.471264367816092,9.523809523809524,8.198152313836507,1.547126436781609,1.7523809523809524,1.6198152313836507,16.665815633043113,16.665815633043113,13.206488120314427,0.0821066405885318,0.0821066405885318,0.06506374469794703,0.8841,0.8841,0.6557179610844892
83,5,35.89428926667176,128.6098588666654,143906,SPLY_LS,2.240102063390253,14,13,150,28.077466990012766,1.6611909650924024,1.769828884325804,1.5492884214344769,1.0,1.0,1.0,1.0,1.6,1.0372174845463322,7.471264367816092,12.5,8.227624583792068,1.547126436781609,3.3000000000000003,1.7569711124871268,16.354067515577555,16.49220957197123,13.184627410004657,0.0805707667256201,0.081251344287752,0.06495604462949937,0.8641,0.8641,0.6486628336077402
84,4,35.894086600000016,128.60995865000007,73270,SPLY_LS,7.642104356478037,15,13,150,35.80401821635183,1.4338398357289528,1.673511293634497,1.529302491929801,1.0,1.0,1.0,1.0,1.6,1.0701143140104916,7.471264367816092,12.5,8.613078543376163,1.547126436781609,3.3000000000000003,1.8613317934085638,9.105532355525192,16.49220957197123,11.469290906408917,0.0448597709793481,0.081251344287752,0.05650518204405943,0.5219,0.8289,0.4930720281335919
85,1,35.891605899999995,128.6059874,93215,SPLY_LS,6.684605871533726,15,25,80,46.00695118419133,1.3091033538672143,1.673511293634497,1.5329222797668902,1.0,1.0,1.0,1.0,1.6,1.1921810792599719,8.928571428571429,14.22222222222222,9.288003866727857,1.692857142857143,2.5777777777777775,1.9518181292636505,3.145593016002027,10.21308769881646,5.400396267648194,0.0154972358322863,0.0503163085113741,0.026605862272008927,0.1075,0.2175,0.1123487871495285
86,1,35.8965721,128.6112018,211328,PIPE_LM,7.176666883526934,8,150,150,51.109764935266824,1.6934976043805614,1.7888843258042435,1.6058747804285858,1.0,1.0,1.0,1.6,1.6,1.1658582563500621,12.5,12.5,8.9482790932267,3.3000000000000003,3.3000000000000003,2.0195339816217834,15.52770693236835,15.52770693236835,6.22736401255549,0.0764995773583525,0.0764995773583525,0.03068004291245645,0.0621,0.1247,0.08162722852139914
87,1,35.8941673,128.6102928,143916,SPLY_LS,6.754932298524166,7,13,40,19.73620986883608,1.658672142368241,1.6934976043805614,1.5181929590762808,1.0,1.0,1.0,1.0,1.0,1.0,7.471264367816092,14.285714285714286,8.944073041491842,1.547126436781609,2.2285714285714286,1.6944073041491838,11.784987281967682,12.447642546028938,10.504712653528706,0.058060507592706,0.0613251781493934,0.05175304259450715,0.5958,0.6341,0.5163092264907658
88,1,35.894859000000004,128.6107751,107322,PIPE_LM,5.313979353918078,11,150,150,56.065186893443254,1.6934976043805614,1.7226283367556467,1.5859088958439418,1.0,1.0,1.0,1.2,1.2,1.0922540655921407,12.5,12.5,10.020223814862586,3.3000000000000003,3.3000000000000003,2.1453982331170933,15.288229650869766,18.273530324488014,14.065489186502992,0.0753197566094575,0.0900272881731389,0.06929574230068494,0.1128,0.8324,0.5035429510622175
89,1,35.894585,128.6053741,212324,SPLY_LS,4.814253974268663,8,13,200,39.39963899102663,1.635893223819302,1.6934976043805614,1.667570366940655,1.0,1.0,1.0,1.0,1.6,1.1243405151053305,7.471264367816092,15.873015873015872,8.882718272026846,1.547126436781609,3.9746031746031742,1.8873594765741426,6.785455640017617,16.397592311842406,7.386574286418301,0.0334295650288928,0.0807851981631384,0.03639106620818268,0.3062,0.3341,0.20971884054877282
90,1,35.8939062,128.6061585,73301,SPLY_LS,4.428988376178939,13,13,25,16.162100294980103,1.6041341546885697,1.7429431895961671,1.6096110558537848,1.0,1.0,1.0,1.0,1.0,1.0,7.471264367816092,8.928571428571429,7.85527695837368,1.547126436781609,1.692857142857143,1.585527695837368,6.480091105460467,7.318652360463968,6.0924708766528735,0.0319251408447168,0.0360564386516798,0.03001547164446185,0.2956,0.3716,0.2611090697010856
91,1,35.8967216,128.6108766,211328,PIPE_LM,5.966554099016863,7,150,150,64.78188581552003,1.6934976043805614,1.7455167693360711,1.6776554074482821,1.0,1.0,1.0,1.6,1.6,1.1714285059778387,12.5,12.5,8.301750900257375,3.3000000000000003,3.3000000000000003,2.1207875583402815,15.52770693236835,15.52770693236835,9.705668454988139,0.0764995773583525,0.0764995773583525,0.047816431493767284,0.0621,0.4696,0.21556924561317262
92,2,35.8930396,128.6087085,38791,SPLY_LS,5.268663982667524,5,20,80,32.98179294348046,1.7483641341546887,1.7483641341546887,1.6562847552405213,1.0,1.0,1.0,1.0,1.2,1.024957608687165,9.523809523809524,12.5,9.243521480128313,1.7523809523809524,2.3625,1.8633926311645184,7.419242520049056,9.227806003560664,8.202871683674898,0.0365520111613996,0.0454621704474421,0.040412677780376875,0.2583,0.3872,0.2623248711695427
93,3,35.89161395000005,128.6065486999999,245208,PIPE_LM,6.061945288347445,14,25,80,26.962721693366777,1.6934976043805614,1.73347022587269,1.6196623650510613,1.0,1.0,1.0,1.0,1.6,1.080898124878449,8.928571428571429,14.22222222222222,8.593741180909726,1.692857142857143,2.5777777777777775,1.7317363457796975,12.241054917050985,16.665815633043113,10.838390116875125,0.0603073932070892,0.0821066405885318,0.05339695466930276,0.5242,0.8841,0.467656757319691
94,1,35.8957541,128.612599,177205,SPLY_LS,5.3728796043449645,9,20,150,43.463541102130975,1.8078850102669404,1.8078850102669404,1.649171072838199,1.0,1.0,1.0,1.6,1.6,1.3415318444238904,9.523809523809524,12.5,8.587150308488106,1.7523809523809524,3.3000000000000003,1.9293155573313043,6.670180841262331,12.146575846211446,6.718204688225439,0.032861646441605,0.0598419278927376,0.03309824312724583,0.0947,0.1917,0.11906955013007503
95,2,35.8940245,128.6093829,4719,SPLY_LS,4.951818753709781,11,20,100,33.2406957556465,1.251170431211499,1.755811088295688,1.45660405160056,1.0,1.0,1.0,1.0,1.0,1.0,9.523809523809524,9.523809523809524,8.781060136599132,1.7523809523809524,2.466666666666667,1.8216687455236915,5.6309405131445605,7.97528542094456,5.729235680424833,0.0277416730790836,0.0392914399190965,0.028225938964964958,0.28,0.3229,0.2033479285092549
96,4,35.89249300000001,128.6053595,199088,PIPE_LM,5.8225160635319755,9,100,200,64.82610915037729,1.6134976043805611,1.7423956194387409,1.666516267901841,1.0,1.0,1.0,1.6,1.6,1.2713593064699242,16.3265306122449,16.3265306122449,11.504501467857905,2.840816326530613,3.9746031746031742,2.2801552508941367,10.50660663405339,16.397592311842406,11.754933884502513,0.0517623735736591,0.0807851981631384,0.05791244502208428,0.1274,0.577,0.3209255653920075
97,3,35.893710250010436,128.60805384999546,212267,SPLY_LS,7.51725278592762,15,13,100,36.788575308850106,1.6605338809034906,1.7535112936344968,1.6319494904729646,1.0,1.0,1.0,1.0,1.0,1.0,7.471264367816092,14.22222222222222,8.107549328468869,1.547126436781609,2.5777777777777775,1.8035081468463126,7.8168685652082,14.56858893187185,7.796670187853291,0.0385109755167829,0.0717743386612064,0.03841146518098735,0.361,0.7511,0.2884485932406241
98,2,35.894475400000005,128.6077617,73246,SPLY_LS,5.631481081194347,9,13,200,51.86578788144405,1.6466803559206022,1.7535112936344968,1.6630192341245933,1.0,1.0,1.0,1.0,1.6,1.1203315596030035,7.471264367816092,15.873015873015872,9.455497609095929,1.547126436781609,3.9746031746031742,2.0678061968312984,5.686788165568228,17.90534152957149,7.676259624870663,0.0280168149158967,0.0882133508466633,0.037818244480869005,0.2382,0.293,0.1767334203788863
99,9,35.89244966666745,128.60601740000482,246310,SPLY_LS,7.1761172349910485,13,20,100,46.603293290560934,1.2032032854209445,1.7411909650924025,1.4392804617003654,1.0,1.0,1.0,1.0,1.6,1.0556070469113632,9.523809523809524,16.3265306122449,9.328624331054916,1.7523809523809524,2.840816326530613,1.966073716731929,14.7432202564413,15.73782522759658,10.90478899013061,0.0726346860763965,0.0775347566575387,0.053724078678226934,0.9346,0.9346,0.49356848852057184
100,4,35.892478700000005,128.605816,42449,PIPE_LM,5.212494608437565,13,80,100,63.40508722646803,1.4734839151266257,1.65347022587269,1.5187601444418781,1.0,1.0,1.0,1.0,1.6,1.1025544730219847,6.666666666666667,16.3265306122449,10.027977590752199,2.1333333333333337,2.840816326530613,2.1601352813234147,8.609847802547726,23.04961910537988,10.89047041452723,0.0424177066764217,0.1135574059655198,0.053653536067730545,0.1638,0.8371,0.35905826507399075
101,3,35.8916107000007,128.60670194999918,38839,SPLY_LS,4.958582270440268,13,13,80,26.69915397318804,1.6585626283367556,1.73347022587269,1.6620802199737887,1.0,1.0,1.0,1.0,1.6,1.101735401920812,7.471264367816092,14.22222222222222,8.150251059533014,1.547126436781609,2.5777777777777775,1.706183413933,15.378071187809908,16.665815633043113,10.952388132492745,0.0757623744174236,0.0821066405885318,0.05395858299294535,0.808,0.8841,0.4728268061872281
102,3,35.894283950002425,128.6060068000048,246323,SPLY_LS,4.570914488563328,14,13,100,32.15302761111076,1.6779466119096509,1.733634496919918,1.6562050202350638,1.0,1.0,1.0,1.0,1.0,1.0,7.471264367816092,9.523809523809524,8.214385053692084,1.547126436781609,2.466666666666667,1.7680331374497285,7.645252748813811,18.49666937343814,8.117595192406789,0.0376654844549435,0.091126616168649,0.039992550354670864,0.3462,0.9104,0.30559201881773895
103,1,35.8947855,128.6115404,4734,SPLY_LS,3.9414438127233073,8,13,150,60.38721752908391,1.6697878165639972,1.751649555099247,1.5419293968823196,1.0,1.0,1.0,1.6,1.6,1.3603695228695807,7.471264367816092,12.5,8.971808611799066,1.547126436781609,3.3000000000000003,2.1281236903527776,9.283833922007606,16.07569921971253,10.395791460486755,0.0457382003918587,0.0791993435607967,0.051216425998807026,0.2403,0.4422,0.2279011511270285
104,2,35.8944278,128.6099339,143907,SPLY_LS,6.0225411621353535,13,13,150,28.8177275651089,1.6611909650924024,1.769828884325804,1.6100033951921235,1.0,1.0,1.0,1.0,1.6,1.0422498241479838,7.471264367816092,12.5,8.098790163695629,1.547126436781609,3.3000000000000003,1.756170954408771,12.069203440860315,16.49220957197123,11.60634519289264,0.0594607411319144,0.081251344287752,0.05718040054456447,0.6115,0.8641,0.5225080822651285
105,2,35.8959285,128.612761,3779,SPLY_LS,5.314642265130303,8,20,200,84.78752406503283,1.6466255989048597,1.6934976043805614,1.5565086794250638,1.0,1.0,1.0,1.0,1.6,1.302809451549622,9.523809523809524,12.5,9.606475397426749,1.7523809523809524,3.3000000000000003,2.3237950863382917,5.419563136984605,15.542758427999074,9.104760639994588,0.0267002907288252,0.7657373080930163,0.11320508332854813,0.1779,0.1814,0.12218407443560593
106,2,35.8945009,128.6106126,212283,SPLY_LS,4.52921761586339,12,20,150,40.03680800996845,1.2489253935660507,1.6934976043805614,1.4695982815222335,1.0,1.0,1.0,1.0,1.6,1.0837495400209287,9.523809523809524,12.5,9.213223437238973,1.7523809523809524,3.3000000000000003,1.9274916538150726,6.869254035124618,16.706460448406002,10.316354832958497,0.0338424103921467,0.0823068833681394,0.05082506953779495,0.3644,0.8983,0.3922794404807094
107,2,35.8969769,128.6102656,211328,PIPE_LM,6.212083529117303,6,150,150,55.90484195838003,1.6934976043805614,1.7537303216974676,1.6814881675080424,1.0,1.0,1.0,1.6,1.6,1.1578210866058125,12.5,12.5,9.43628287704527,3.3000000000000003,3.3000000000000003,2.124674071712375,15.52770693236835,15.52770693236835,10.788149135423904,0.0764995773583525,0.0764995773583525,0.05314943493803614,0.0621,0.6657,0.31791102317174247
108,7,35.895416250000004,128.61163685000002,245304,PIPE_LM,5.910191907626704,12,80,80,37.25880575568909,1.6334839151266256,1.7077344284736482,1.5017004315477185,1.0,1.0,1.0,1.6,1.6,1.0954917354102072,6.666666666666667,17.857142857142858,9.808784610658822,2.1333333333333337,2.585714285714286,1.9250091423597002,11.277142840778184,16.302748446101283,11.992082269619459,0.0555585357765198,0.0803179356319848,0.05908079211362065,0.0948,0.72,0.48362378933859274
109,2,35.893041200000006,128.6055699,143954,SPLY_LS,4.508754019215053,11,13,32,17.655434373975513,1.733744010951403,1.7535112936344968,1.616729063694108,1.0,1.0,1.0,1.0,1.2,1.0486048076606413,7.471264367816092,11.428571428571429,8.179679044381007,1.547126436781609,1.942857142857143,1.6179679044381003,12.649441475811656,12.649441475811656,9.108112644482311,0.0623193708468075,0.0623193708468075,0.044872483159938754,0.6145,0.6145,0.40449773405753187
110,2,35.89207350000001,128.6055943,178162,SPLY_LS,5.9040937163392115,8,13,80,34.729282027927646,1.6868172484599588,1.6934976043805614,1.5805343151155515,1.0,1.0,1.0,1.0,1.2,1.0178222022934578,7.471264367816092,14.22222222222222,9.273044523328998,1.547126436781609,2.5777777777777775,1.8797167234149104,13.188968269055414,25.35629551857213,12.283579189255471,0.0649774305227418,0.1249215933165733,0.060516895412745415,0.6657,0.7305,0.5187221123618375
111,2,35.8924459,128.6078682,246255,SPLY_LS,6.569212481734956,10,13,200,42.99526872191897,1.595044490075291,1.7535112936344968,1.6029247138834697,1.0,1.0,1.0,1.0,1.6,1.0430180764679975,7.471264367816092,15.873015873015872,8.149891672364454,1.547126436781609,3.9746031746031742,1.8800662217147794,6.7495790955496755,17.90534152957149,8.126432257415166,0.0332528138510898,0.0882133508466633,0.04003608748099439,0.3144,0.4204,0.2552784864064075
112,2,35.893154499999994,128.605574,4760,SPLY_LS,7.1368460663032565,10,13,25,16.3450453146221,1.6293223819301847,1.7535112936344968,1.6597263730772034,1.0,1.0,1.0,1.0,1.2,1.0458894744677332,7.471264367816092,9.523809523809524,7.9791315643564635,1.547126436781609,1.7523809523809524,1.5979131564356466,11.850975788709786,13.15895867326449,10.097998531420794,0.058385609869447,0.0648295837476385,0.049749304464824194,0.6123,0.6145,0.45004126531310484
113,2,35.89136969999999,128.6059763,73288,SPLY_LS,4.645154045303052,12,13,80,36.738521609937244,1.71523613963039,1.7352224503764546,1.6246952015576441,1.0,1.0,1.0,1.0,1.6,1.1909746259252016,7.471264367816092,14.22222222222222,9.757682622132906,1.547126436781609,2.5777777777777775,1.9043449350781123,5.772916351629425,10.21308769881646,5.760305292107078,0.0284411383437551,0.0503163085113741,0.028379008067359296,0.2296,0.2296,0.1566990948090493
114,3,35.8965019,128.6100277,37856,PIPE_LM,5.133885352459434,16,80,80,29.207220471079996,1.6334839151266256,1.7535112936344968,1.615117098832722,1.0,1.0,1.0,1.2,1.2,1.0248590584432846,6.666666666666667,14.285714285714286,8.049277387083977,2.1333333333333337,2.2285714285714286,1.7375814512625742,7.767508422286513,7.767508422286513,6.378695841394416,0.0382677953686578,0.0382677953686578,0.03142560186700574,0.0789,0.3369,0.2207135208294001
115,5,35.896787100000005,128.6097942,211326,PIPE_LM,3.70628139622734,14,50,50,19.0383187557445,1.65347022587269,1.757180013689254,1.6446333636753112,1.0,1.0,1.0,1.0,1.0,1.0,10.95890410958904,10.95890410958904,8.040439515546563,2.16986301369863,2.16986301369863,1.6487556787352893,6.3910189816856695,10.768842742861084,8.506426288572372,0.0314863136661217,0.0530543190991165,0.04190818507459504,0.1929,0.5444,0.39268836024944587
116,3,35.8932908,128.6053603,37745,SPLY_LS,6.437336568741822,9,13,200,37.61544108316481,1.6416427104722793,1.7535112936344968,1.6717413147791467,1.0,1.0,1.0,1.2,1.6,1.1419597624309756,7.471264367816092,15.873015873015872,8.973047036536876,1.547126436781609,3.9746031746031742,1.8770415889590613,10.216972973044127,16.397592311842406,10.155553925487277,0.0503354498976478,0.0807851981631384,0.05003285974700185,0.4079,0.6123,0.34529106209783933
117,2,35.8960033,128.6113524,211332,SPLY_LS,4.766666294919792,12,20,100,46.4958032909804,1.679644079397673,1.7498973305954826,1.6305616126479847,1.0,1.0,1.0,1.2,1.2,1.1110341406722688,9.523809523809524,9.523809523809524,7.926651070751265,1.7523809523809524,2.466666666666667,1.8978910815956496,7.359577868648136,8.733804414784396,6.165546713557074,0.0362580643065753,0.0430283975200975,0.030375490716345908,0.2083,0.2616,0.12213415746623602
118,2,35.8939763,128.6096061,143909,SPLY_LS,6.43191773364403,16,20,150,44.079554281086295,1.2232443531827517,1.755811088295688,1.4925050700509175,1.0,1.0,1.0,1.0,1.6,1.0520277392872903,9.523809523809524,12.5,8.94083507178546,1.7523809523809524,3.3000000000000003,1.9417272378232922,6.536769650808768,16.49220957197123,7.687350453089447,0.032204376200157,0.081251344287752,0.037872885109713074,0.3512,0.3892,0.23507715746306848
119,2,35.89623840000001,128.6117154,37865,SPLY_LS,4.115862107089871,7,13,150,27.367140779945426,1.7254209445585216,1.7254209445585216,1.6930797126347243,1.0,1.0,1.0,1.0,1.6,1.0568412959698212,7.471264367816092,12.5,8.116271898029833,1.547126436781609,3.3000000000000003,1.730046556406778,5.164104560416256,15.52770693236835,6.124978095488345,0.0254417357325747,0.0764995773583525,0.03017562333413761,0.1931,0.2943,0.17853616228497934
120,2,35.8943345,128.6096066,178148,SPLY_LS,6.439857335223988,9,13,100,35.104663379369164,1.7462833675564682,1.7462833675564682,1.555759338233829,1.0,1.0,1.0,1.0,1.0,1.0,7.471264367816092,11.428571428571429,8.224049074085306,1.547126436781609,2.466666666666667,1.8087614341627036,6.610304214329332,7.97528542094456,5.784607806483303,0.0325666552575256,0.0392914399190965,0.02849873804981093,0.2707,0.2707,0.18549394979705022
121,2,35.8919728,128.6056276,244346,PIPE_LM,4.527515433509757,9,50,80,37.718072173300094,1.6934976043805614,1.6934976043805614,1.6278738781918844,1.0,1.0,1.0,1.2,1.2,1.0443464808815612,10.95890410958904,14.22222222222222,9.360705812469401,2.16986301369863,2.5777777777777775,1.9153927721195096,7.876334211342035,25.35629551857213,11.776382653846971,0.0388039419423082,0.1249215933165733,0.05801811560157513,0.1937,0.7305,0.4517129746975518
122,2,35.89331525000002,128.60637460000015,38857,SPLY_LS,6.83266367328453,6,13,32,17.650647316738056,1.6390691307323753,1.7168240930869267,1.6400856924679927,1.0,1.0,1.0,1.0,1.0,1.0,7.471264367816092,11.428571428571429,8.231489007746468,1.547126436781609,1.942857142857143,1.6231489007746467,6.676447687918518,6.873956582939461,5.96440298305962,0.0328925210016837,0.0338655781993387,0.029384525956490652,0.2989,0.2989,0.24037790468465856
123,1,35.89527839999999,128.6102857,143027,SPLY_LS,5.269385181745696,7,13,50,21.862812285205134,1.7161122518822722,1.716933607118412,1.5948732160029087,1.0,1.0,1.0,1.0,1.2,1.0370893068924947,7.471264367816092,10.95890410958904,8.553935413626803,1.547126436781609,2.16986301369863,1.7062008110784268,14.958368965494165,14.958368965494165,12.111281049044734,0.0736946484638518,0.0736946484638518,0.059668042780276175,0.7536,0.7536,0.59414187014078
124,2,35.89229439999999,128.6080842,38788,SPLY_LS,4.7938789386075635,7,20,80,31.708183911265298,1.1482819986310746,1.7483641341546887,1.5438141951114368,1.0,1.0,1.0,1.0,1.6,1.1597688042992094,9.523809523809524,10.95890410958904,8.822390603970675,1.7523809523809524,2.16986301369863,1.8153410701130681,4.788455459773873,12.778978474572932,9.856058523717962,0.0235910440908949,0.0629575543017547,0.048557350725875054,0.2521,0.6187,0.35760516770825923
125,2,35.895143799999985,128.6105719,177233,SPLY_LS,5.961233699201578,13,13,50,21.41637555841319,1.7316084873374402,1.7316084873374402,1.5254023416454696,1.0,1.0,1.0,1.0,1.2,1.0457335914348196,7.471264367816092,10.95890410958904,9.093241975796017,1.547126436781609,2.16986301369863,1.7408050907237642,13.23151562886671,18.273530324488014,11.865296302523205,0.0651870464729561,0.0900272881731389,0.05845616202882589,0.6483,0.7842,0.5591160341896009
126,2,35.89190420000001,128.6053562,143934,SPLY_LS,5.303969298134552,6,13,200,49.873506384300484,1.7226283367556467,1.7256947296372347,1.6324427509416388,1.0,1.0,1.0,1.2,1.6,1.1790276599212768,7.471264367816092,15.873015873015872,9.71773555501007,1.547126436781609,3.9746031746031742,2.0679710261735273,9.002767026052528,16.397592311842406,8.286012602901886,0.0443534821689016,0.0807851981631384,0.040822283990086555,0.3265,0.3265,0.20461477885603932
127,2,35.8947971,128.60624860000001,107409,SPLY_LS,6.250612670834267,5,13,25,15.552103624443102,1.6041341546885697,1.673511293634497,1.618854439166829,1.0,1.0,1.0,1.0,1.0,1.0,7.471264367816092,8.928571428571429,7.781197587122777,1.547126436781609,1.692857142857143,1.5781197587122777,7.076338113141866,13.539375624504576,7.865349099934373,0.0348626411651103,0.0667037649204654,0.03874982214319162,0.332,0.7267,0.3695170875095832
128,3,35.893544850000346,128.60927399999994,38790,SPLY_LS,5.806157509123168,13,25,150,50.23240843429322,1.2688021902806297,1.6851745379876797,1.5210885538331291,1.0,1.0,1.0,1.0,1.6,1.0889716419964734,8.928571428571429,14.285714285714286,9.06644469875253,1.692857142857143,3.3000000000000003,2.0078366427206786,9.008152528522029,35.600767910361064,12.798076734454876,0.044380014654643,0.1753925232255803,0.06305164474380207,0.5131,0.6338,0.36913813677293816
129,2,35.8945367,128.6084726,38808,SPLY_LS,4.93271391294863,11,20,40,24.43685817021987,1.2010130047912388,1.73347022587269,1.3671800461401515,1.0,1.0,1.0,1.0,1.2,1.0249301594234592,9.523809523809524,14.285714285714286,9.565164789235103,1.7523809523809524,2.2285714285714286,1.7876791782028347,6.053829702814633,11.663697182790498,6.768867889571918,0.0298251001053717,0.0574629537255948,0.033347842988159446,0.3256,0.4145,0.2771030725902475
130,2,35.89350319999999,128.6074268,4757,SPLY_LS,7.345333715057281,10,25,150,43.51707575614765,1.7060369609856263,1.7734976043805613,1.712961504486445,1.0,1.0,1.0,1.0,1.6,1.0429337915980579,8.928571428571429,12.5,8.808397083917612,1.692857142857143,3.3000000000000003,1.9101927589898398,5.057534995160351,14.29372159774806,5.3089963603894255,0.0249167047839067,0.0704201635095454,0.026155566918912503,0.156,0.156,0.1011745748806607
131,2,35.8926596,128.6056473,212316,SPLY_LS,8.57204994453118,7,20,100,51.02976010030431,1.2036413415468856,1.65347022587269,1.4227854909808502,1.0,1.0,1.0,1.0,1.6,1.1962802364197536,9.523809523809524,16.3265306122449,10.849040452557443,1.7523809523809524,2.840816326530613,2.097032552314242,7.485485697484422,15.057621380993844,9.146280750373297,0.0368783681115116,0.0741836303766733,0.04506052405882657,0.4251,0.5137,0.30413041235128135
132,3,35.89408440000015,128.60874320000136,107342,SPLY_LS,5.30223610376141,16,25,80,29.364933889681513,1.2740041067761807,1.7535112936344968,1.4656814914509786,1.0,1.0,1.0,1.2,1.2,1.1398963028185387,8.928571428571429,9.523809523809524,8.35530243138262,1.692857142857143,2.1333333333333337,1.7385552411230982,9.405943924334178,12.07182568791461,8.486433968442824,0.0463397936348209,0.0594736600253645,0.04180968991062879,0.4313,0.5543,0.3283916706843945
133,2,35.892233,128.6062489,178176,SPLY_LS,6.144621180027644,8,13,50,18.97443188687783,1.7436550308008214,1.7535112936344968,1.6954798150062105,1.0,1.0,1.0,1.0,1.0,1.0,7.471264367816092,10.95890410958904,8.552336353121946,1.547126436781609,2.16986301369863,1.6801970120221204,6.473938728726578,7.423627959459156,5.727818275253426,0.0318948302378808,0.0365736166864694,0.02821895590577726,0.2636,0.3234,0.20934886522699422
134,2,35.89373380000001,128.60859,4713,SPLY_LS,9.486917424706217,4,25,100,43.57785061284873,1.7046132785763175,1.7046132785763175,1.6871334980721238,1.0,1.0,1.0,1.0,1.2,1.0927822826668805,8.928571428571429,9.523809523809524,8.615634640963279,1.692857142857143,2.466666666666667,1.9020366894547107,7.155572287657077,11.734072114989733,8.423628801744801,0.0352530002109857,0.0578096663853141,0.04150027083611599,0.2625,0.4103,0.21527002142691942
135,2,35.89474940000001,128.6108966,212280,SPLY_LS,3.263495737941395,12,20,150,49.25176401010011,1.1616974674880218,1.7226283367556467,1.5263128496703864,1.0,1.0,1.0,1.0,1.6,1.0749496466866764,9.523809523809524,17.857142857142858,10.273428219650183,1.7523809523809524,3.3000000000000003,2.087489621391911,8.512439320808562,16.888860112363695,12.258695367561371,0.0419378091798615,0.0832055026725766,0.060394301532596215,0.5187,0.7491,0.4325571096649948
136,1,35.894924800000005,128.61135220000003,72319,SPLY_LS,7.0479071711612615,13,13,150,77.46563384606215,1.6773990417522249,1.751649555099247,1.6256749466353067,1.0,1.0,1.0,1.0,1.6,1.166480239716107,7.471264367816092,12.5,9.039850945722796,1.547126436781609,3.3000000000000003,2.3008553816389647,9.2870983966314,21.82974320328542,11.652293849394864,0.045754283315764,0.1075475043524661,0.05740677349312115,0.4422,0.4422,0.2219682691534897
137,2,35.8964398,128.6101538,72327,SPLY_LS,3.9650436563026727,15,13,80,23.214819938700433,1.7416837782340862,1.7535112936344968,1.624689105141661,1.0,1.0,1.0,1.0,1.2,1.0126644895896544,7.471264367816092,14.285714285714286,8.137156180185452,1.547126436781609,2.2285714285714286,1.6881201214504271,7.444793808383531,7.767508422286513,6.118223901172501,0.0366778934160727,0.0382677953686578,0.030142347782711458,0.3186,0.3314,0.226440227969627
138,4,35.89667880000018,128.6105903499987,72324,SPLY_LS,6.179322267500979,10,13,80,35.175110873481195,1.6345242984257358,1.7455167693360711,1.663594082400976,1.0,1.0,1.0,1.0,1.2,1.0344737667966588,7.471264367816092,9.846153846153848,7.426089997849228,1.547126436781609,2.1333333333333337,1.7614133337869744,10.16966629423838,10.16966629423838,8.54791753289131,0.0501023864485095,0.0501023864485095,0.042112597913418946,0.5093,0.5093,0.318127843265569
139,4,35.897008099999994,128.6100978,37892,PIPE_LM,6.922513597902632,6,40,150,45.83104244067618,1.6934976043805614,1.6934976043805614,1.5843861726119886,1.0,1.0,1.0,1.0,1.6,1.0919392644591073,9.846153846153848,14.285714285714286,10.003079618716143,2.0307692307692307,3.3000000000000003,2.0447488106049065,7.62446577027766,15.52770693236835,11.638183398523218,0.0375630742871384,0.0764995773583525,0.05733725624033438,0.2688,0.6657,0.4401105442545777
140,2,35.8938858,128.6098006,211226,SPLY_LS,3.608755476586978,15,25,150,34.76275210806348,1.6967282683093772,1.738836413415469,1.6042141725798305,1.0,1.0,1.0,1.0,1.6,1.0644978831111942,8.928571428571429,12.5,8.756472593899659,1.692857142857143,3.3000000000000003,1.835801652852901,8.710047473658285,16.49220957197123,9.031872829268682,0.0429113553860985,0.081251344287752,0.04449687627431649,0.3433,0.5542,0.3133187329038477
141,2,35.8951477,128.6098643,143032,SPLY_LS,8.323479744792612,11,13,25,18.867568158909833,1.585681040383299,1.73347022587269,1.5706103860341785,1.0,1.0,1.0,1.0,1.2,1.0401854911972899,7.471264367816092,9.523809523809524,8.432785298252082,1.547126436781609,1.7523809523809524,1.6432785298252082,5.28992008311423,18.68360369483111,8.688053742354372,0.0260615847774747,0.0920475761431396,0.042802999969770134,0.2267,0.9671,0.38594291871702024
142,2,35.89315630000001,128.6090031,4701,SPLY_LS,6.304455018291697,10,13,150,52.99443632542767,1.6293223819301847,1.73347022587269,1.6155782738867468,1.0,1.0,1.0,1.0,1.6,1.1223191549450993,7.471264367816092,12.5,9.303315082121827,1.547126436781609,3.3000000000000003,2.072398949250742,8.42695386351468,16.49220957197123,10.102744017452634,0.0415166522516846,0.081251344287752,0.049772683813583,0.4065,0.4375,0.2568617167633751
143,2,35.8937019,128.6078629,38795,SPLY_LS,4.052829468785338,13,13,200,37.98840349919375,1.6163449691991787,1.7535112936344968,1.5861516004893788,1.0,1.0,1.0,1.0,1.6,1.0289119476467334,7.471264367816092,15.873015873015872,8.302899907135512,1.547126436781609,3.9746031746031742,1.8337145353215394,11.177254723155354,17.90534152957149,9.764202445071026,0.0550664219818333,0.0882133508466633,0.04810480797600912,0.5772,0.7511,0.39485558783276
144,2,35.8938931,128.6055682,178165,PIPE_LM,8.34795249244701,6,40,40,23.26832421144292,1.6934976043805614,1.6934976043805614,1.517463719568822,1.0,1.0,1.0,1.0,1.0,1.0,9.846153846153848,9.846153846153848,8.508222789921376,2.0307692307692307,2.0307692307692307,1.7080144046493855,3.3098616318369127,6.095827981057319,4.530662075079502,0.0163065298084893,0.030032010922876,0.022320986312190406,0.0601,0.27,0.17950860164393279
145,3,35.89453500000775,128.6061819999944,143962,SPLY_LS,0.5048687827650953,10,13,25,15.49044474233501,1.6959069130732374,1.7134839151266257,1.6787432148156796,1.0,1.0,1.0,1.0,1.0,1.0,7.471264367816092,9.523809523809524,8.026564009048972,1.547126436781609,1.7523809523809524,1.6026564009048974,16.82052482642311,18.49666937343814,14.684760882844152,0.0828688386360974,0.091126616168649,0.0723466772034641,0.8713,0.9104,0.7302582950196544
146,2,35.894502700000004,128.6100288,143905,SPLY_LS,9.821306015802039,16,13,150,32.64690492714254,1.6626146475017112,1.7535112936344968,1.6326594289353566,1.0,1.0,1.0,1.0,1.6,1.0425253385051594,7.471264367816092,12.5,8.46834354146511,1.547126436781609,3.3000000000000003,1.8288725996654358,8.600841231648587,18.918727607084737,9.610181488409378,0.0423733344539015,0.093205949365444,0.047346000629872036,0.4066,0.7358,0.3226282910719206
147,2,35.89300000000001,128.6091518,75978,PIPE_LM,8.182883605912531,7,100,150,49.95561237042005,1.65347022587269,1.7475975359342917,1.6737846940261571,1.0,1.0,1.0,1.6,1.6,1.1391046155177933,8.333333333333334,12.5,8.78187774454895,2.466666666666667,3.3000000000000003,1.999314419146504,15.300472715564686,16.49220957197123,11.435233467705261,0.0753800739041367,0.081251344287752,0.05633739296367009,0.1233,0.4375,0.324424410232002
148,2,35.8929347,128.6089261,143882,SPLY_LS,3.756358432244709,12,13,150,56.79301171646918,1.7475975359342917,1.7535112936344968,1.666722333177966,1.0,1.0,1.0,1.0,1.6,1.116269203447169,7.471264367816092,12.5,8.851673242489781,1.547126436781609,3.3000000000000003,2.0788367229771763,8.819182054608605,16.49220957197123,10.315713921852556,0.0434490232693374,0.081251344287752,0.050821911993094826,0.3942,0.4203,0.2523939826037693
149,2,35.894809099999996,128.6090867,245203,PIPE_LM,5.233326213348794,11,40,150,37.96541981637545,1.7134839151266257,1.7535112936344968,1.5406387360213043,1.0,1.0,1.0,1.0,1.2,1.053380733507506,9.846153846153848,14.285714285714286,9.440361121548378,2.0307692307692307,3.3000000000000003,1.9284190308925029,9.540563450610412,15.288229650869766,10.33193036158591,0.0470030169239497,0.0753197566094575,0.05090180471590716,0.3561,0.5822,0.40081383420907685
150,2,35.8929457,128.6086222,38791,SPLY_LS,5.239591364315041,10,20,50,22.223912184960188,1.7483641341546887,1.7483641341546887,1.5924951819696413,1.0,1.0,1.0,1.0,1.0,1.0,9.523809523809524,12.5,9.031385736851533,1.7523809523809524,2.3625,1.7526650922200466,7.419242520049056,9.227806003560664,6.537650493833419,0.0365520111613996,0.0454621704474421,0.03220871580544435,0.2583,0.402,0.22820186212501883
151,2,35.89449890000001,128.6060147,107401,SPLY_LS,3.909105612970431,15,13,100,28.991693377707293,1.6540177960301163,1.7134839151266257,1.6588716951111777,1.0,1.0,1.0,1.0,1.0,1.0,7.471264367816092,9.523809523809524,8.217977960185623,1.547126436781609,2.466666666666667,1.7444473885133165,12.331237701735404,18.49666937343814,11.526890987970061,0.0607516922232547,0.091126616168649,0.056788957485882655,0.6301,0.9104,0.5081255264246117
152,2,35.89459535000029,128.60612569999924,246321,SPLY_LS,2.8828840971880774,14,13,100,18.836576938418528,1.6959069130732374,1.7134839151266257,1.6593924942940332,1.0,1.0,1.0,1.0,1.0,1.0,7.471264367816092,9.523809523809524,7.967704915081948,1.547126436781609,2.466666666666667,1.6306103035413624,16.602323845456436,18.49666937343814,12.672088094667028,0.0817938387732179,0.091126616168649,0.06243094281159126,0.8587,0.9104,0.6139430811455693
153,2,35.89370850000001,128.6093782,246271,SPLY_LS,6.046017497702199,12,13,150,54.36752071138471,1.601889117043121,1.678110882956879,1.5834031721283923,1.0,1.0,1.0,1.0,1.6,1.0730504061119956,7.471264367816092,12.5,8.09523646640263,1.547126436781609,3.3000000000000003,1.9937100819665436,8.262166876647248,35.600767910361064,13.324373481457808,0.0407048044428341,0.1753925232255803,0.06564452461242407,0.4051,0.6338,0.3224380583154833
154,2,35.8939066,128.6059705,143963,SPLY_LS,2.707122314575216,16,13,100,31.150855750451562,1.519753593429158,1.7535112936344968,1.6039124812910859,1.0,1.0,1.0,1.0,1.0,1.0,7.471264367816092,9.523809523809524,7.965525204365544,1.547126436781609,2.466666666666667,1.7473998087690288,7.318652360463968,8.562107291984416,6.906849869056794,0.0360564386516798,0.042182505890055,0.034027631907388625,0.3716,0.381,0.2602983211823528
155,2,35.8940179,128.6089717,177111,PIPE_LM,4.588587713576707,16,20,80,28.217072929394135,1.6134976043805611,1.7535112936344968,1.4845841765449475,1.0,1.0,1.0,1.2,1.2,1.1671518628689712,9.523809523809524,11.428571428571429,8.598760932725792,1.7523809523809524,2.1333333333333337,1.749516922916285,11.95413528511415,13.140989657969902,10.177183178734035,0.0588938406024076,0.0647410566984374,0.05013941950751001,0.4213,0.5543,0.39632643747477037
156,2,35.8924486,128.6086639,48075,SPLY_LS,6.240225790545717,9,25,150,57.258525408899736,1.4504312114989732,1.7535112936344968,1.6015865397668883,1.0,1.0,1.0,1.6,1.6,1.4525704554903323,8.928571428571429,12.5,8.493836904613758,1.692857142857143,3.3000000000000003,2.047320266314433,9.21768228373726,15.300472715564686,9.127755943954606,0.0454122944231741,0.0753800739041367,0.044969258821283914,0.243,0.243,0.13769810004133318
157,2,35.89577760000001,128.6097453,3802,SPLY_LS,4.7109194027052546,9,13,40,17.252744252434393,1.7092676249144425,1.7232854209445585,1.6988748100946613,1.0,1.0,1.0,1.0,1.0,1.0,7.471264367816092,14.285714285714286,8.562441520905043,1.547126436781609,2.2285714285714286,1.656244152090504,10.118066052470226,12.025784906248033,10.065109692373271,0.0498481701174024,0.0592468332083668,0.04958727266593072,0.4797,0.6085,0.44811488048228015
158,2,35.8950258,128.6105732,211357,SPLY_LS,6.265464912822457,12,20,150,47.02613800456251,1.6263107460643391,1.7316084873374402,1.6064909240458134,1.0,1.0,1.0,1.2,1.2,1.1125882041762072,9.523809523809524,12.5,9.76243778640902,1.7523809523809524,3.3000000000000003,2.046566796092652,18.273530324488014,18.273530324488014,14.104175033067012,0.0900272881731389,0.0900272881731389,0.06948633392665957,0.6906,0.8324,0.5176561206688065
159,4,35.8944865,128.6061309,246322,SPLY_LS,3.1305659314451635,10,13,100,20.120071231837088,1.5822861054072552,1.7134839151266257,1.654783828619075,1.0,1.0,1.0,1.0,1.0,1.0,7.471264367816092,9.523809523809524,8.176849069587036,1.547126436781609,2.466666666666667,1.6556101268229784,16.32534977965445,18.49666937343814,14.292542743763578,0.0804292844919346,0.091126616168649,0.0704143557085628,0.9104,0.9104,0.6967544133861383
160,2,35.89395040000001,128.6058123,177119,SPLY_LS,4.720820493067376,15,13,100,29.533286374566682,1.7432169746748802,1.7535112936344968,1.6504973729911827,1.0,1.0,1.0,1.0,1.0,1.0,7.471264367816092,9.523809523809524,8.017454624074347,1.547126436781609,2.466666666666667,1.7364967704896073,8.562107291984416,8.562107291984416,6.879274301649914,0.042182505890055,0.042182505890055,0.03389177673822351,0.381,0.381,0.2520137413909237
161,4,35.89425665,128.6104440500001,178153,SPLY_LS,6.2523558153475625,8,13,40,21.972624021249935,1.6605338809034906,1.6934976043805614,1.4431659437205189,1.0,1.0,1.0,1.0,1.0,1.0,7.471264367816092,14.285714285714286,9.427854741177322,1.547126436781609,2.2285714285714286,1.742785474117732,12.447642546028938,16.706460448406002,11.979591584523602,0.0613251781493934,0.0823068833681394,0.05901925487989316,0.6341,0.8983,0.6264499606069543
162,2,35.8966144,128.6107966,143011,SPLY_LS,6.175638076432023,12,13,150,41.88932824759037,1.7291444216290213,1.7455167693360711,1.676212460157112,1.0,1.0,1.0,1.0,1.6,1.0719037223335282,7.471264367816092,12.5,7.763948230049582,1.547126436781609,3.3000000000000003,1.8520546910232072,8.145145855317875,15.52770693236835,8.818800092483327,0.0401282828281018,0.0764995773583525,0.043447141475632965,0.3613,0.5093,0.287106702143336
163,2,35.894696200000006,128.60537180000003,143969,SPLY_LS,3.997130552016313,6,13,200,43.19267162691176,1.690485968514716,1.6934976043805614,1.672548589135693,1.0,1.0,1.0,1.0,1.6,1.1286642310250774,7.471264367816092,15.873015873015872,9.008526806154675,1.547126436781609,3.9746031746031742,1.9370853912788444,7.493513590252434,16.397592311842406,8.205944481148519,0.0369179187294171,0.0807851981631384,0.040427816378050305,0.3341,0.3341,0.238535037011561
164,4,35.89580646666683,128.61047043333247,211350,SPLY_LS,2.876919471693763,10,13,100,21.70493945681586,1.7469952087611225,1.7535112936344968,1.6352029041773533,1.0,1.0,1.0,1.0,1.0,1.0,7.471264367816092,11.428571428571429,8.394016048753192,1.547126436781609,2.466666666666667,1.6866601482089765,11.920166682690878,11.945609544634546,9.71705854725076,0.058726489187279,0.0588518372630737,0.047872546491812926,0.5682,0.5682,0.4297634448092948
165,3,35.89452810000001,128.6102834,107355,SPLY_LS,3.3775496848547113,16,13,150,41.03826820984924,1.6622861054072553,1.7535112936344968,1.6114239826893277,1.0,1.0,1.0,1.0,1.6,1.0629528378859718,7.471264367816092,14.285714285714286,8.961632156852342,1.547126436781609,3.3000000000000003,1.938974682160193,9.882392957885532,18.918727607084737,10.344272856098254,0.0486870912659667,0.093205949365444,0.05096261186649639,0.4822,0.5654,0.32004375121622164
166,3,35.896177599999994,128.6111316,143021,SPLY_LS,4.775698230182347,10,13,100,45.17608031719024,1.7487474332648871,1.7487474332648871,1.6178311643044423,1.0,1.0,1.0,1.0,1.2,1.1126370966752486,7.471264367816092,9.523809523809524,7.595746715220023,1.547126436781609,2.466666666666667,1.8650452866294063,7.426773062363006,8.29082932238193,6.902602440368666,0.0365891115076907,0.0408460142811129,0.03400670631284224,0.3159,0.3159,0.1757926444836021
167,2,35.8944544,128.6081149,73249,SPLY_LS,5.014313553946494,13,13,80,33.70544956297538,1.615249828884326,1.7535112936344968,1.5253232017794631,1.0,1.0,1.0,1.0,1.0,1.0,7.471264367816092,14.285714285714286,9.0183108751941,1.547126436781609,2.5777777777777775,1.8152976951521518,4.862407201810473,8.97961118857085,4.907151432072045,0.0239553784407995,0.0442394014621725,0.024175817602817683,0.1948,0.236,0.15390637540305216
168,5,35.89246350001028,128.60751884999684,38847,SPLY_LS,7.017922727799573,11,20,200,72.70193803779611,1.3411909650924023,1.7535112936344968,1.557843488041695,1.0,1.0,1.0,1.0,1.6,1.1881819406559269,9.523809523809524,16.3265306122449,11.153562573826887,1.7523809523809524,3.9746031746031742,2.3371785937520424,10.185093105034252,17.90534152957149,10.428159103438484,0.050178388945917,0.0882133508466633,0.05137589004695517,0.5412,0.5412,0.2835504795058343
169,2,35.892131600000006,128.6063854,107385,SPLY_LS,6.192642116875013,11,13,80,25.859143572553236,1.717043121149897,1.7535112936344968,1.7156710435906461,1.0,1.0,1.0,1.0,1.0,1.0,7.471264367816092,10.95890410958904,8.492480778729911,1.547126436781609,2.16986301369863,1.737714977197951,6.75385330652732,7.423627959459156,6.065167046715518,0.0332738713926028,0.0365736166864694,0.029880955230700973,0.2852,0.3234,0.21027736516576037
170,4,35.892411150000164,128.60716564999905,267500,PIPE_LM,8.639504332189436,8,40,100,40.47803539981106,1.593511293634497,1.673511293634497,1.4534623449258128,1.0,1.0,1.0,1.0,1.6,1.0700467320194431,9.846153846153848,16.3265306122449,10.874221540992815,2.0307692307692307,2.840816326530613,2.016113887819089,3.869223785831775,10.50660663405339,6.420637000476053,0.0190623113644681,0.0517623735736591,0.03163223127839531,0.0989,0.4227,0.23531203101173045
171,2,35.8960685,128.6103505,3777,PIPE_LM,6.5741367712026095,12,80,100,32.473500394252554,1.673511293634497,1.7535112936344968,1.6223408374810862,1.0,1.0,1.0,1.0,1.0,1.0,6.666666666666667,9.523809523809524,7.993884065703646,2.1333333333333337,2.466666666666667,1.7588667963660238,6.9985153801413595,11.945609544634546,7.12535420815415,0.0344792357975734,0.0588518372630737,0.03510412630960259,0.0888,0.4752,0.2558069090365499
172,2,35.89152,128.6055689,212297,SPLY_LS,5.514731506079154,7,13,40,19.921146873604993,1.6509514031485284,1.65347022587269,1.6460148054855968,1.0,1.0,1.0,1.0,1.2,1.0385813381896611,7.471264367816092,9.846153846153848,8.13738648613431,1.547126436781609,2.0307692307692307,1.6612233725391676,4.730489681281448,5.007844384576309,4.264767586104818,0.0233054669882852,0.0246718965372728,0.02101101722808325,0.1806,0.207,0.1350842733396972
173,1,35.89417900000001,128.6107778,4733,SPLY_LS,7.081802519397654,5,13,150,46.181979494713616,1.567173169062286,1.7535112936344968,1.479348831755013,1.0,1.0,1.0,1.6,1.6,1.4808642569689687,7.471264367816092,12.5,9.375709531979338,1.547126436781609,3.3000000000000003,1.9921188208615355,6.296216340700637,9.455020231068028,8.042097177517999,0.0310192542349127,0.0465815754213913,0.039620598059619,0.1459,0.457,0.1948331979157614
174,2,35.89413940000001,128.6100548,73269,SPLY_LS,6.922453440305311,15,20,150,33.27151388366046,1.2680903490759754,1.769828884325804,1.4910761672072206,1.0,1.0,1.0,1.0,1.6,1.0602615031564397,9.523809523809524,12.5,8.61696195580566,1.7523809523809524,3.3000000000000003,1.834411577544079,13.187881769917729,16.49220957197123,11.695435818569672,0.0649720777217651,0.081251344287752,0.057619318875556214,0.7781,0.8289,0.5397053886590634
175,2,35.89207579999999,128.6077697,178124,SPLY_LS,7.044414622142066,9,13,200,65.03723677848436,1.6727994524298424,1.7535112936344968,1.68888918496478,1.0,1.0,1.0,1.0,1.6,1.2003491005491735,7.471264367816092,15.873015873015872,9.504948150033073,1.547126436781609,3.9746031746031742,2.207092671393072,5.908518269754735,17.90534152957149,8.182432576753888,0.0291092015336871,0.0882133508466633,0.04031198145426448,0.2459,0.304,0.14580390260903803
176,2,35.894109400000005,128.6089934,37742,PIPE_LM,4.863057479296952,13,25,80,28.62326556239399,1.673511293634497,1.7535112936344968,1.5379945393981618,1.0,1.0,1.0,1.2,1.2,1.1492657517840421,8.928571428571429,9.523809523809524,8.25257170014667,1.692857142857143,2.1333333333333337,1.7240215018260372,7.7346850416622095,12.07182568791461,8.917099794026274,0.0381060860605051,0.0594736600253645,0.043931429700239506,0.2326,0.5543,0.33227451303566563
177,2,35.894757999999996,128.6085124,73251,SPLY_LS,5.011976869061544,8,13,150,28.995649001919965,1.7040109514031485,1.7535112936344968,1.614350544319428,1.0,1.0,1.0,1.0,1.2,1.016096206819716,7.471264367816092,12.5,8.954010065122402,1.547126436781609,3.3000000000000003,1.7960022991354656,15.133033544226814,16.868605078828363,13.565611819072934,0.074555159710665,0.0831057132116097,0.06683302146843562,0.7697,0.8201,0.5971075442746677
178,2,35.8935497,128.6061279,73298,SPLY_LS,4.112992031863303,16,13,100,31.793967508802762,1.658945927446954,1.7535112936344968,1.5840238529707276,1.0,1.0,1.0,1.0,1.0,1.0,7.471264367816092,11.428571428571429,8.385960419883753,1.547126436781609,2.466666666666667,1.775460546160485,5.737617207539034,8.282331569609857,5.184939599863522,0.0282672318155221,0.0408041488274184,0.025544382679667573,0.2387,0.2835,0.16361629191570734
179,2,35.895411900000006,128.6098672,245332,SPLY_LS,6.3391033622945105,14,20,80,27.6867452059044,1.1908829568788502,1.73347022587269,1.613767522022226,1.0,1.0,1.0,1.0,1.2,1.0337777757568536,9.523809523809524,9.523809523809524,8.028325538111234,1.7523809523809524,2.1333333333333337,1.7154251396673017,12.080288823662112,18.68360369483111,10.375662675138196,0.0595153549330949,0.0920475761431396,0.051117258518469565,0.7565,0.9671,0.4506853913578224
180,2,35.8950417,128.611353,106428,PIPE_LM,7.577450614426636,13,80,150,49.62005513580074,1.673511293634497,1.751649555099247,1.6146477837276474,1.0,1.0,1.0,1.2,1.2,1.1678902299940483,6.666666666666667,12.5,8.422957510175609,2.1333333333333337,3.3000000000000003,1.9772720003849185,7.192753836666469,21.82974320328542,9.287165893561916,0.0354361806894128,0.1075475043524661,0.04575461584951677,0.0617,0.4422,0.23501773197709402
181,2,35.8951658,128.6115137,143010,SPLY_LS,7.189940920854091,7,13,40,16.99116317861395,1.6646406570841887,1.751649555099247,1.5533441896268034,1.0,1.0,1.0,1.2,1.2,1.1045286166672508,7.471264367816092,14.285714285714286,8.51280597130788,1.547126436781609,2.2285714285714286,1.6512805971307878,7.1902668427480005,10.558872042013697,7.679878244692716,0.0354239281408244,0.0520198669457867,0.03783607215421531,0.2525,0.5054,0.3180164743143618
182,2,35.894498999999996,128.6093913,4695,PIPE_LM,6.643586091164945,10,25,100,36.33455456917878,1.5334976043805613,1.6804654346338124,1.5093939401927665,1.0,1.0,1.0,1.0,1.0,1.0,8.928571428571429,11.428571428571429,8.562095288627374,1.692857142857143,2.466666666666667,1.8327654011827883,4.645487939151638,7.97528542094456,5.6583807252855,0.0228866931554214,0.0392914399190965,0.02787686140022777,0.1616,0.2694,0.18380779691790347
183,1,35.8968028,128.6106865,211328,PIPE_LM,5.868869902617649,6,150,150,69.71585692713741,1.6934976043805614,1.7455167693360711,1.6814757326079675,1.0,1.0,1.0,1.6,1.6,1.1795393593526533,12.5,12.5,8.490779545964383,3.3000000000000003,3.3000000000000003,2.1845740610015008,15.52770693236835,15.52770693236835,10.574095116763676,0.0764995773583525,0.0764995773583525,0.05209486570700374,0.0621,0.5093,0.24400311250735324
184,2,35.893575200000015,128.6095498,246286,SPLY_LS,5.182399654024019,13,25,150,53.17932324556226,1.304394250513347,1.7364818617385354,1.531776911075993,1.0,1.0,1.0,1.0,1.6,1.0854609793041865,8.928571428571429,12.5,9.023454969289645,1.692857142857143,3.3000000000000003,2.0180243050888063,7.637064112697008,35.600767910361064,11.19230626123624,0.0376251419108187,0.1753925232255803,0.05514057564191948,0.4056,0.6062,0.3110271306250336
185,3,35.89236690000009,128.60537274999933,143933,SPLY_LS,6.605070504972703,11,13,200,39.092808417531856,1.6362765229295002,1.7423956194387409,1.656300434965362,1.0,1.0,1.0,1.2,1.6,1.1809614919724507,7.471264367816092,16.3265306122449,9.259386230341642,1.547126436781609,3.9746031746031742,1.9168972989916162,9.784573735157409,16.397592311842406,9.709263275029835,0.0482051701923132,0.0807851981631384,0.04783414191392571,0.388,0.577,0.3178807060105645
186,2,35.893978000000004,128.6084855,246265,SPLY_LS,6.79333296520532,9,13,25,18.61049327404705,1.6884599589322382,1.7535112936344968,1.6151904739156795,1.0,1.0,1.0,1.0,1.2,1.014839701530478,7.471264367816092,9.523809523809524,8.30165521097644,1.547126436781609,1.7523809523809524,1.6301655210976442,4.837963369335636,7.614642127177362,5.057794212577569,0.0238349522335374,0.0375146766358583,0.024917981857395247,0.1806,0.3573,0.1869169092259458
187,2,35.89373950000001,128.6055498,178198,SPLY_LS,7.927207322189682,10,20,100,40.8229268190289,1.4317590691307325,1.6934976043805614,1.486929271293523,1.0,1.0,1.0,1.0,1.0,1.0,9.523809523809524,11.428571428571429,9.066216374241126,1.7523809523809524,2.466666666666667,1.9164732856061608,6.575951750499675,7.622828435318276,5.65143522704596,0.0323974126915992,0.0375550077108607,0.02784264336132593,0.2878,0.2921,0.1847957444409128
188,2,35.8931406,128.60617470000003,116528,PIPE_LM,6.283501337886951,10,80,80,35.64444262775326,1.65347022587269,1.7535112936344968,1.5195226509562392,1.0,1.0,1.0,1.0,1.0,1.0,6.666666666666667,9.523809523809524,8.149857966168787,2.1333333333333337,2.1333333333333337,1.7979249829035817,4.779496792619881,6.873956582939461,5.461982245789415,0.0235469078733607,0.0338655781993387,0.026909274831218376,0.0305,0.3165,0.19084399793598306
189,2,35.8931854,128.6057473,212317,SPLY_LS,3.073313179452982,10,13,100,32.71349233080809,1.3454620123203287,1.65347022587269,1.480083042854769,1.0,1.0,1.0,1.0,1.0,1.0,7.471264367816092,9.523809523809524,8.093273195532854,1.547126436781609,2.466666666666667,1.7823171501277006,6.016314472250189,11.850975788709786,6.215269612684516,0.0296402756947113,0.058385609869447,0.030620458037332106,0.3379,0.6123,0.2385833772813681
190,2,35.89314730000001,128.6053519,107396,SPLY_LS,4.656296088512608,10,13,200,37.69189623577178,1.62943189596167,1.7535112936344968,1.6775372599301426,1.0,1.0,1.0,1.0,1.6,1.1343614674825324,7.471264367816092,15.873015873015872,8.967146731253186,1.547126436781609,3.9746031746031742,1.8755519790550836,9.590567991102834,16.397592311842406,11.09057226651389,0.0472493717933667,0.0807851981631384,0.05463936785682063,0.4764,0.6145,0.39969251074182105
191,2,35.8936902,128.6096401,143917,SPLY_LS,6.6113871001405835,15,20,150,46.406912072265676,1.604517453798768,1.7364818617385354,1.5872453852203943,1.0,1.0,1.0,1.0,1.6,1.0721008221121182,9.523809523809524,12.5,9.120906109205142,1.7523809523809524,3.3000000000000003,1.9655849695866234,9.775214052636604,16.49220957197123,9.435675941560532,0.0481590583124221,0.081251344287752,0.046486272877489146,0.4144,0.4144,0.28928339044618123
192,2,35.8950253,128.6107087,211327,PIPE_LM,6.942171591375061,11,50,150,45.597143357409514,1.673511293634497,1.7316084873374402,1.5391222697584328,1.0,1.0,1.0,1.2,1.2,1.1002306853671129,10.95890410958904,12.5,9.775532101496207,2.16986301369863,3.3000000000000003,2.031987214066926,9.113735623972916,18.273530324488014,13.505754368420673,0.0449001856118461,0.0900272881731389,0.0665381247591797,0.2439,0.8324,0.5298932545102945
193,2,35.8926412,128.6075201,73292,SPLY_LS,8.022509918626367,9,13,200,77.32424325543688,1.6598220396988363,1.7535112936344968,1.5746993756221246,1.0,1.0,1.0,1.0,1.6,1.1941932846195176,7.471264367816092,16.3265306122449,11.603680268888091,1.547126436781609,3.9746031746031742,2.4173646061976477,5.677935792762957,17.90534152957149,9.050885154840293,0.0279732023734156,0.0882133508466633,0.044590543348093876,0.235,0.5412,0.19454530922515134
194,2,35.893521899999996,128.6098311,212288,SPLY_LS,5.750054902444755,10,13,40,21.685505463477213,1.70839151266256,1.7473237508555783,1.6058592269633454,1.0,1.0,1.0,1.0,1.6,1.0692872739229746,7.471264367816092,14.285714285714286,9.333804652082579,1.547126436781609,2.2285714285714286,1.7333804652082578,5.559728854297323,8.927727125680091,6.913894052588493,0.0273908381600239,0.0439837868437318,0.03406233613418505,0.2187,0.4067,0.2584390449415122
195,3,35.893345900000504,128.60808790000152,107329,SPLY_LS,6.7214885010520735,4,13,80,31.962722605252797,1.712224503764545,1.712224503764545,1.6498914672415843,1.0,1.0,1.0,1.0,1.0,1.0,7.471264367816092,9.523809523809524,8.199879610720012,1.547126436781609,2.1333333333333337,1.7774959252538978,5.869433578861359,6.469455060222387,6.00993508893027,0.0289166449412973,0.0318727407724446,0.029608846705878298,0.2357,0.241,0.18726777520685423
196,2,35.894850500000004,128.6081292,73232,SPLY_LS,4.351064261667744,10,13,150,45.15105733038703,1.6585626283367556,1.7535112936344968,1.630603031696362,1.0,1.0,1.0,1.0,1.2,1.021522659263255,7.471264367816092,14.22222222222222,8.996573743212107,1.547126436781609,3.3000000000000003,1.9538658538075908,8.999897609253507,15.288229650869766,8.212988540386124,0.0443393455566287,0.0753197566094575,0.04046251999249325,0.4314,0.5503,0.2618573569672434
197,2,35.896396200000005,128.6105147,245321,SPLY_LS,10.590388321310146,11,13,80,23.354022432823015,1.6583436002737852,1.6934976043805614,1.6160812948256764,1.0,1.0,1.0,1.0,1.2,1.0140245462936885,7.471264367816092,9.846153846153848,8.037358232293354,1.547126436781609,2.1333333333333337,1.6964935853836463,10.333105547604603,11.234330134019508,6.921623352852307,0.0509075944461062,0.0553476125547672,0.03410041569132979,0.5102,0.5697,0.28431137984731925
198,2,35.8954174,128.6096018,245306,PIPE_LM,6.387179434234732,9,80,150,56.28484414167789,1.673511293634497,1.7134839151266257,1.5591696849717138,1.0,1.0,1.0,1.2,1.2,1.0879497138208294,6.666666666666667,12.5,8.716453422562687,2.1333333333333337,3.3000000000000003,2.057066956432848,9.301204868564987,14.660530678484973,9.46650277645043,0.0458237809657157,0.072227303467158,0.046638145903599514,0.1091,0.5599,0.2758342823607762
199,2,35.8948401,128.6108953,107356,SPLY_LS,5.4582102863219175,14,13,150,55.99827417570986,1.616290212183436,1.7226283367556467,1.564727328432832,1.0,1.0,1.0,1.0,1.6,1.0909594101010336,7.471264367816092,17.857142857142858,10.246086410450454,1.547126436781609,3.3000000000000003,2.158223714561831,11.917930021556652,16.888860112363695,12.94906396595805,0.058715469940702,0.0832055026725766,0.06379550598788719,0.6221,0.8324,0.44090215536329147
200,2,35.8935606,128.6053668,212318,SPLY_LS,6.634170453302256,14,13,200,74.56406798348678,1.5194798083504448,1.6934976043805614,1.5390678949562262,1.0,1.0,1.0,1.0,1.6,1.1176241674318406,7.471264367816092,15.873015873015872,9.157528075326107,1.547126436781609,3.9746031746031742,2.2682048719451813,5.314221501531871,16.397592311842406,9.242997219229618,0.0261813093605219,0.0807851981631384,0.045537012250117574,0.2425,0.3265,0.1691273219846533
201,2,35.89311390000001,128.6092693,178155,SPLY_LS,10.129155541368805,8,13,150,42.58648586632593,1.6392334017796029,1.73347022587269,1.6003258982417452,1.0,1.0,1.0,1.0,1.6,1.1609580886373496,7.471264367816092,12.5,8.808507873041652,1.547126436781609,3.3000000000000003,1.92894074230479,6.357405281240445,16.49220957197123,9.13079449741169,0.0313207107288232,0.081251344287752,0.04498422871067327,0.2798,0.4375,0.2478825738473038
202,2,35.8922299,128.6075294,107386,SPLY_LS,7.239385329353006,10,13,200,59.12638959237739,1.7173169062286109,1.7535112936344968,1.637712036316575,1.0,1.0,1.0,1.0,1.6,1.151000456957596,7.471264367816092,15.873015873015872,9.88252250059571,1.547126436781609,3.9746031746031742,2.158531385894654,6.860147200075499,17.90534152957149,8.55485554742483,0.0337975442032519,0.0882133508466633,0.04214677908272049,0.2912,0.4714,0.19485370670707838
203,2,35.8953951,128.6115114,211335,SPLY_LS,6.035459350833246,12,13,80,32.91899179644473,1.641204654346338,1.7077344284736482,1.5311687118735327,1.0,1.0,1.0,1.0,1.6,1.1138787261357666,7.471264367816092,17.857142857142858,8.8962233540056,1.547126436781609,2.585714285714286,1.817011243254626,10.776006779405272,16.302748446101283,10.919938305232824,0.0530896137997569,0.0803179356319848,0.05379871405147524,0.543,0.72,0.4409346817970177
204,2,35.8926598,128.6054077,411543,PIPE_LM,8.470589798431877,8,100,200,60.35816150630582,1.6134976043805611,1.7423956194387409,1.6061425227248773,1.0,1.0,1.0,1.6,1.6,1.2841587892725714,16.3265306122449,16.3265306122449,11.695798691814465,2.840816326530613,3.9746031746031742,2.2485482169405655,15.057621380993844,16.397592311842406,10.20318331771311,0.0741836303766733,0.0807851981631384,0.050267513092211266,0.2259,0.577,0.241176009898496
205,2,35.8939019,128.6063404,143964,SPLY_LS,6.877377132212435,7,13,25,16.18991347114765,1.7422313483915128,1.7429431895961671,1.7007366791702994,1.0,1.0,1.0,1.0,1.0,1.0,7.471264367816092,8.928571428571429,7.85865465320793,1.547126436781609,1.692857142857143,1.5858654653207926,6.854708263531155,7.063963941907297,6.312188076262328,0.0337707484665257,0.0348016779543975,0.031097941385917753,0.2853,0.2969,0.25331174166583315
206,1,35.895136199999996,128.6118528,245317,SPLY_LS,7.468911045093222,10,13,150,34.577727259328796,1.641204654346338,1.7148528405201915,1.5174225604898122,1.0,1.0,1.0,1.6,1.6,1.383242011356678,7.471264367816092,14.285714285714286,9.261878437589923,1.547126436781609,3.3000000000000003,1.873501801394865,5.5103437466072345,10.558872042013697,6.28496924778019,0.0271475350192225,0.0520198669457867,0.030963843744576232,0.1055,0.4682,0.157219748149396
207,1,35.8937502,128.6103499,212243,SPLY_LS,4.817142060413409,5,25,150,57.63441059317066,1.6026009582477756,1.607583846680356,1.4862079805620894,1.0,1.0,1.0,1.6,1.6,1.5038970326843284,8.928571428571429,12.5,10.002362012640873,1.692857142857143,3.3000000000000003,2.1431055036617237,11.310110519443954,11.310110519443954,9.800234134367377,0.0557209559906185,0.0557209559906185,0.04828232349808101,0.2809,0.4281,0.2213591955757501
208,4,35.89244500000001,128.6080946,38786,SPLY_LS,7.085127605480646,14,20,100,45.6185623916983,1.5013004791238878,1.7535112936344968,1.640901242353715,1.0,1.0,1.0,1.0,1.6,1.1315905542608355,9.523809523809524,10.95890410958904,8.09759494181841,1.7523809523809524,2.466666666666667,1.9012162018767687,12.778978474572932,12.778978474572932,10.117812465679556,0.0629575543017547,0.0629575543017547,0.04984692078404013,0.6187,0.6187,0.3077010889904581
209,2,35.8924506,128.6083,246258,SPLY_LS,7.008493792614906,14,25,100,54.74148639760449,1.6649691991786448,1.7535112936344968,1.6537489348774175,1.0,1.0,1.0,1.0,1.6,1.1426018390868826,8.928571428571429,10.95890410958904,8.337810028998723,1.692857142857143,2.466666666666667,2.0060560404038257,12.368395378743848,12.91716163641342,10.042382481233217,0.0609347550926883,0.0636383343760361,0.04947530365116758,0.5415,0.6187,0.25965588949364443
210,2,35.8961338,128.6104798,72270,SPLY_LS,3.75355337772353,10,13,100,27.233084731991582,1.6427926078028747,1.7535112936344968,1.6238871173428713,1.0,1.0,1.0,1.0,1.0,1.0,7.471264367816092,9.523809523809524,8.054490264434559,1.547126436781609,2.466666666666667,1.7246178752192616,7.0757659407636675,11.945609544634546,8.0184131201258,0.0348598222720633,0.0588518372630737,0.03950391499826774,0.3218,0.5697,0.32285729607586067
211,2,35.8937074,128.6092431,4717,SPLY_LS,6.960253283000751,8,13,150,38.04176429100094,1.678110882956879,1.678110882956879,1.6011323730227638,1.0,1.0,1.0,1.0,1.2,1.0443818353851926,7.471264367816092,12.5,7.987341411227978,1.547126436781609,3.3000000000000003,1.8260487524282136,12.574261978466732,35.600767910361064,14.251019561019715,0.0619489877762131,0.1753925232255803,0.07020978552029772,0.6338,0.6338,0.4477290775501176
212,1,35.8932826,128.6056974,178186,SPLY_LS,5.253156011582907,11,13,100,28.348234239462187,1.5980561259411363,1.7535112936344968,1.529893472969624,1.0,1.0,1.0,1.0,1.2,1.0140380940177176,7.471264367816092,9.523809523809524,8.170133886377656,1.547126436781609,2.466666666666667,1.740648992458816,5.282249014504619,11.850975788709786,6.148097444488936,0.0260237921073091,0.058385609869447,0.030289524274891372,0.2237,0.6123,0.22392884525529072
213,1,35.8928581,128.6093081,4731,SPLY_LS,7.532416312421418,4,13,150,54.07767127188323,1.7367556468172485,1.7367556468172485,1.5521689116325879,1.0,1.0,1.0,1.6,1.6,1.6,7.471264367816092,12.5,9.635955303802056,1.547126436781609,3.3000000000000003,2.1271608075508315,6.537705000257804,10.73148587453172,8.004745119054974,0.0322089843395201,0.0528702748837617,0.03943657754079218,0.1304,0.1312,0.09639997877128276
214,2,35.89686250000022,128.61019460000006,72321,SPLY_LS,7.334093038111225,14,13,50,19.644647949569837,1.6811772758384669,1.7537303216974676,1.6590645074645363,1.0,1.0,1.0,1.0,1.0,1.0,7.471264367816092,10.95890410958904,8.116364268082387,1.547126436781609,2.16986301369863,1.6557108143673807,10.322594277486465,12.73000561678788,8.333513605819256,0.0508558090971786,0.062716282171948,0.041056304806109396,0.5013,0.6657,0.373799875785496
215,1,35.89412659999999,128.60801,107337,SPLY_LS,4.444346337921681,10,13,80,23.87160547897701,1.7197809719370294,1.7535112936344968,1.6290157830173015,1.0,1.0,1.0,1.0,1.0,1.0,7.471264367816092,14.22222222222222,8.036785166352729,1.547126436781609,2.5777777777777775,1.6762126599760767,4.376282213319878,6.696087385944154,4.0492938493636625,0.0215604107662523,0.0329892789199617,0.019949453542967427,0.1492,0.1492,0.11865042372256965
216,1,35.89567230000001,128.609956,37887,SPLY_LS,5.244212819221266,14,13,80,21.658830976174595,1.7225188227241617,1.7232854209445585,1.615178463250432,1.0,1.0,1.0,1.0,1.2,1.0115991005907283,7.471264367816092,14.285714285714286,8.599276412695287,1.547126436781609,2.2285714285714286,1.6985913099052903,8.590605479891986,11.16181342169175,8.342105585304257,0.0423229064875098,0.0549903480939776,0.04109863448183917,0.3884,0.5395,0.3557842848464109
217,1,35.894412900000006,128.609764,178145,SPLY_LS,5.938320363827631,7,13,40,17.861571981058482,1.1984941820670774,1.673511293634497,1.5582089888665462,1.0,1.0,1.0,1.0,1.0,1.0,7.471264367816092,9.846153846153848,7.8988827435937745,1.547126436781609,2.0307692307692307,1.634210298118315,10.228747076190595,16.354067515577555,10.495203943523297,0.0503934567829144,0.0805707667256201,0.051706196508359004,0.7358,0.8641,0.556778620335672
219,1,35.8909562,128.6053664,212295,SPLY_LS,5.075740466480157,8,13,200,69.05368152434379,1.7529089664613278,1.7529089664613278,1.6019969669263163,1.0,1.0,1.0,1.0,1.6,1.1747492337222694,7.471264367816092,25.3968253968254,11.856557181284787,1.547126436781609,3.9746031746031742,2.300628628370932,3.2774181157718947,16.397592311842406,5.297984576640335,0.0161466919600676,0.0807851981631384,0.026101315714505073,0.0831,0.0831,0.0505255222877378
220,1,35.89220069999999,128.6077583,38785,SPLY_LS,6.68648490865107,8,13,200,67.82548197424826,1.7456810403832992,1.7535112936344968,1.6680516139947623,1.0,1.0,1.0,1.0,1.6,1.181340173473014,7.471264367816092,15.873015873015872,10.16680310638873,1.547126436781609,3.9746031746031742,2.2758880363616605,7.201623343370884,17.90534152957149,9.51377051174668,0.0354798776446181,0.0882133508466633,0.046871017491696705,0.304,0.4088,0.20335117804877711
221,1,35.89425150000001,128.6102411,4725,SPLY_LS,8.365100536885228,11,20,150,36.629898386460894,1.2718685831622176,1.6934976043805614,1.491771872773189,1.0,1.0,1.0,1.0,1.6,1.0649990648475824,9.523809523809524,14.285714285714286,9.437312547265261,1.7523809523809524,3.3000000000000003,1.902771350681948,10.033733088628493,16.49220957197123,11.601409181853054,0.0494326911210915,0.081251344287752,0.05715608254577628,0.5661,0.7781,0.48539048100933957
222,1,35.8939864,128.6102099,435274,SPLY_LS,6.242701269851991,6,20,40,18.69010663930085,1.2356741957563313,1.6851745379876797,1.5295528204589124,1.0,1.0,1.0,1.0,1.0,1.0,9.523809523809524,9.846153846153848,8.403810452746818,1.7523809523809524,2.0307692307692307,1.6636370335317419,6.988085725176082,10.353785745751992,8.364735379859,0.0344278525379387,0.051009478544309,0.04121012355918231,0.3775,0.459,0.3999360308418433
223,1,35.8961994,128.6121224,211328,PIPE_LM,5.610267549988481,8,150,150,65.11376382129403,1.6934976043805614,1.6934976043805614,1.6561374063841279,1.0,1.0,1.0,1.6,1.6,1.287936640752253,12.5,12.5,8.540145465632474,3.3000000000000003,3.3000000000000003,2.1376533517296816,15.52770693236835,15.52770693236835,9.294675924006896,0.0764995773583525,0.0764995773583525,0.045791615141008546,0.0621,0.3846,0.16213851436776325
224,1,35.8951477,128.6101584,106465,SPLY_LS,6.490781985208478,10,13,50,17.300591414449745,1.6782203969883642,1.7161122518822722,1.6470107582785574,1.0,1.0,1.0,1.0,1.2,1.039422620580646,7.471264367816092,10.95890410958904,8.02129909684117,1.547126436781609,2.16986301369863,1.6178786666077625,12.650485090719592,17.2232634489187,12.335824067208966,0.0623245123721936,0.0848529908706153,0.06077428764071499,0.6382,0.9053,0.5947523395335433
225,1,35.8940121,128.6078613,107335,SPLY_LS,6.003671813916919,5,13,200,38.93707591846274,1.67668720054757,1.7535112936344968,1.5824523389460903,1.0,1.0,1.0,1.0,1.6,1.0774667354963643,7.471264367816092,15.873015873015872,8.77380436878371,1.547126436781609,3.9746031746031742,1.8823188905724562,5.74761319821309,17.90534152957149,6.3754379622723905,0.0283164785629765,0.0882133508466633,0.03140955143682922,0.2357,0.2357,0.1678486645205195
226,1,35.8960709,128.6107082,211348,SPLY_LS,4.817149696357124,15,13,100,28.964082840515285,1.6640930869267625,1.7535112936344968,1.6059575358730047,1.0,1.0,1.0,1.0,1.0,1.0,7.471264367816092,9.523809523809524,8.277488207337843,1.547126436781609,2.466666666666667,1.744824589526429,5.546409225939431,11.945609544634546,7.244034239267363,0.0273252170129745,0.0588518372630737,0.03568882128488653,0.2264,0.5942,0.27478634622659387
227,1,35.8949466,128.6114821,106440,SPLY_LS,6.481656089377945,7,20,100,42.37774973162626,1.3432169746748803,1.751649555099247,1.5709494306197358,1.0,1.0,1.0,1.0,1.6,1.13337955983424,9.523809523809524,9.523809523809524,8.08591780882001,1.7523809523809524,2.466666666666667,1.8769991033758158,8.359874588804484,16.07569921971253,9.659313981966362,0.0411861761429336,0.0791993435607967,0.04758805922925452,0.4255,0.4422,0.28449152867046507
228,1,35.893126,128.6079989,73243,SPLY_LS,5.4536508831061346,6,13,80,25.463803428257457,1.6168925393566052,1.673511293634497,1.5237742395909548,1.0,1.0,1.0,1.0,1.0,1.0,7.471264367816092,9.523809523809524,8.408076062826572,1.547126436781609,2.1333333333333337,1.7208146121488321,3.2509554368309943,6.172142528964532,3.7105782807985794,0.0160163196028634,0.0304079859903231,0.018280720487096298,0.0969,0.1302,0.0967321755868678
229,1,35.892449,128.6088743,246250,SPLY_LS,1.8491953306521731,7,13,150,58.12428570447557,1.519917864476386,1.7535112936344968,1.557738094816757,1.0,1.0,1.0,1.6,1.6,1.5397875599475566,7.471264367816092,12.5,8.768129620833882,1.547126436781609,3.3000000000000003,2.078896560762712,7.129473150142034,15.300472715564686,9.80299617845747,0.0351244188951472,0.0753800739041367,0.04829593112259744,0.1871,0.243,0.15109415377264607
230,1,35.89354050000001,128.60911790000003,24836,SPLY_LS,3.7127623737397077,9,25,150,38.460430711168364,1.5940588637919233,1.7007802874743327,1.5977204826303324,1.0,1.0,1.0,1.0,1.2,1.0358804918765447,8.928571428571429,12.5,8.839126381110042,1.692857142857143,3.3000000000000003,1.8597693031406646,12.413868442230166,16.49220957197123,11.153622638190258,0.0611587849609132,0.081251344287752,0.05494999497043998,0.5725,0.6338,0.4318629496217706
231,1,35.8938137,128.6066753,212321,SPLY_LS,6.200815002415305,7,13,80,21.962008051063247,1.7429431895961671,1.7535112936344968,1.6130973238974935,1.0,1.0,1.0,1.0,1.0,1.0,7.471264367816092,9.523809523809524,8.045734598210442,1.547126436781609,2.1333333333333337,1.659347282829557,4.87126966717064,5.418237762988454,4.170766518422584,0.0239990407057662,0.026693761075027,0.020547906867986587,0.1737,0.1905,0.12778876125520983
232,1,35.892715800000005,128.6071154,4754,SPLY_LS,3.6259454457575955,9,13,100,20.72708720108999,1.6634360027378507,1.73347022587269,1.6334645414224764,1.0,1.0,1.0,1.0,1.0,1.0,7.471264367816092,16.3265306122449,8.637225256559894,1.547126436781609,2.840816326530613,1.6877560883875418,3.8812931379505984,6.254757577330596,4.216914618600704,0.0191217728380843,0.0308150014183557,0.02077526240572913,0.1285,0.1714,0.13063531452701613
233,1,35.89486610000001,128.6060499,143927,PIPE_LM,6.691801846371778,8,25,100,41.35181756985073,1.673511293634497,1.7560301163586585,1.6631991615158388,1.0,1.0,1.0,1.0,1.4,1.045187455744247,8.928571428571429,8.928571428571429,7.827309752847073,1.692857142857143,2.466666666666667,1.8364158687912917,5.309941124011438,8.282331569609857,5.9598267066153205,0.0261602214386109,0.0408041488274184,0.02936198024414631,0.174,0.332,0.1524846408416782
234,1,35.8921273,128.6065444,244345,SPLY_LS,4.830573852211037,12,20,80,27.449784343482442,1.7173169062286109,1.73347022587269,1.685184646854889,1.0,1.0,1.0,1.0,1.0,1.0,9.523809523809524,10.95890410958904,8.769300700646426,1.7523809523809524,2.16986301369863,1.7656290088550843,7.311899451644906,7.423627959459156,5.475775093394339,0.0360231694334463,0.0365736166864694,0.026977227363871176,0.2595,0.3234,0.17485959696354375
235,1,35.894228600000005,128.6080125,143893,SPLY_LS,4.252661104946485,11,13,80,24.82586007664119,1.667707049965777,1.7535112936344968,1.6002658111519772,1.0,1.0,1.0,1.0,1.0,1.0,7.471264367816092,14.22222222222222,8.204681940847962,1.547126436781609,2.5777777777777775,1.695609400809344,4.180761607528147,6.696087385944154,4.036347017257386,0.0205971491737285,0.0329892789199617,0.01988566903257105,0.1455,0.1548,0.11812670214182183
236,1,35.894675,128.6080001,107338,SPLY_LS,3.1256539210606715,10,13,80,20.978452513016524,1.5981108829568789,1.7535112936344968,1.5867436380506885,1.0,1.0,1.0,1.0,1.2,1.039612009029554,7.471264367816092,9.523809523809524,7.995593167675594,1.547126436781609,2.1333333333333337,1.6382620828579046,5.512526590101076,8.074922333614653,5.784241793683517,0.0271582891251214,0.0397823161149026,0.028496934832850842,0.2378,0.3099,0.2152465630065217
237,1,35.8917235,128.6061353,142910,PIPE_LM,6.360593440021621,8,25,25,17.267122570889665,1.593511293634497,1.7167693360711842,1.5416206758285602,1.0,1.0,1.0,1.0,1.0,1.0,8.928571428571429,9.523809523809524,8.087218309342836,1.692857142857143,1.7523809523809524,1.6087218309342837,4.327215142476168,5.885235752066276,4.592421720258053,0.0213186744816802,0.0289944967179173,0.022625254468109306,0.1345,0.2698,0.17899133785839405
238,1,35.8934943,128.6071291,212291,PIPE_LM,7.86147890795033,12,25,100,32.04577460028524,1.673511293634497,1.7734976043805613,1.5489901739849357,1.0,1.0,1.0,1.0,1.0,1.0,8.928571428571429,9.523809523809524,9.022324816749542,1.692857142857143,2.466666666666667,1.8109354741583363,2.868143380852894,5.969788111704313,3.478356122674387,0.0141303385872789,0.029411056600528,0.01713664319177373,0.048,0.156,0.06838863884307841
239,1,35.89529360000001,128.6095987,211249,PIPE_LM,5.489544158446852,7,25,150,39.99031867787171,1.7134839151266257,1.7134839151266257,1.5107281997767532,1.0,1.0,1.0,1.0,1.2,1.0309295103007066,8.928571428571429,12.5,9.242313762562734,1.692857142857143,3.3000000000000003,1.9175408156356897,7.454726633112017,14.660530678484973,9.288684719863292,0.0367268289670213,0.072227303467158,0.045762098575114464,0.2757,0.5599,0.364587752053654
240,1,35.893337800000005,128.6098866,143920,SPLY_LS,3.653074803527203,8,20,150,41.03658191167497,1.627953456536619,1.7473237508555783,1.5341903131247323,1.0,1.0,1.0,1.6,1.6,1.398490769721175,9.523809523809524,14.285714285714286,10.725427786949542,1.7523809523809524,3.3000000000000003,2.0383202147639343,7.064449415074459,9.455020231068028,6.791776026262515,0.0348040697107765,0.0465815754213913,0.033460703359786174,0.129,0.2187,0.1330499165432839
241,1,35.8937156,128.6060161,278257,PIPE_LM,6.398834700569758,15,80,100,54.3492388130421,1.7535112936344968,1.7535112936344968,1.573280730304212,1.0,1.0,1.0,1.0,1.0,1.0,6.666666666666667,9.523809523809524,8.169323264334569,2.1333333333333337,2.466666666666667,1.9925644907659816,5.418237762988454,8.406523718275155,6.0180642648180225,0.026693761075027,0.0414160000766402,0.029648896310265665,0.0395,0.3314,0.14827390588812836
242,1,35.8946232,128.6089947,215085,SPLY_LS,7.235282777494611,11,13,80,30.47059116459546,1.809034907597536,1.809034907597536,1.6355571196828116,1.0,1.0,1.0,1.2,1.2,1.166596770554985,7.471264367816092,10.0,7.843896842620431,1.547126436781609,2.1333333333333337,1.7348574812045003,8.78045817954211,13.536370798799624,9.546814462227701,0.0432582442902411,0.0666889611959061,0.04703381347033407,0.2961,0.5822,0.31040004826549145
243,1,35.894681199999994,128.60549,143970,SPLY_LS,1.9182498716291754,7,13,200,25.518118098895492,1.6853935660506505,1.6934976043805614,1.6726355565707685,1.0,1.0,1.0,1.0,1.6,1.0655894585854528,7.471264367816092,15.873015873015872,8.173178717170796,1.547126436781609,3.9746031746031742,1.7073992934115232,6.438329259541004,16.397592311842406,6.846568302364407,0.0317193948465176,0.0807851981631384,0.033730645726843526,0.2741,0.3341,0.2410820551128597
244,1,35.89419169999999,128.6098301,178144,SPLY_LS,4.514790009977531,15,13,150,39.6774113266807,1.6626146475017112,1.769828884325804,1.534622301258151,1.0,1.0,1.0,1.0,1.6,1.0718265491645007,7.471264367816092,12.5,8.633936847224813,1.547126436781609,3.3000000000000003,1.902363412244991,13.028593685683234,16.49220957197123,13.010941071446394,0.0641873210815713,0.081251344287752,0.06410035282964133,0.6674,0.8641,0.5728168909081911
245,1,35.8958898,128.6102138,439879,PIPE_LM,7.7392582163433286,9,40,100,38.10020435408192,1.214757015742642,1.7088843258042437,1.5301114377470062,1.0,1.0,1.0,1.0,1.0,1.0,14.285714285714286,14.285714285714286,9.032218692751652,2.2285714285714286,2.466666666666667,1.8763424803296818,5.942654026474067,9.119398938852642,6.989724483070295,0.0292773764595284,0.0449280867820983,0.034435926124518214,0.213,0.4429,0.2508779444967858
246,1,35.895401799999995,128.6109694,245334,SPLY_LS,4.531726794062256,12,13,80,31.635757304627923,1.5585215605749487,1.7457905544147845,1.555704156747699,1.0,1.0,1.0,1.0,1.2,1.0654989394059127,7.471264367816092,10.95890410958904,8.043191204653354,1.547126436781609,2.16986301369863,1.7622030968227218,4.530899455417168,10.57214620065912,6.927801733664152,0.0223221558020309,0.0520852640794772,0.03413085441115645,0.1847,0.5229,0.2410951354532672
247,1,35.89607899999999,128.6124025,211328,PIPE_LM,5.830931668740504,7,150,150,57.52442069517369,1.6934976043805614,1.6934976043805614,1.6225347803108534,1.0,1.0,1.0,1.6,1.6,1.2082373319402395,12.5,12.5,9.527204600204911,3.3000000000000003,3.3000000000000003,2.1313493018517535,15.52770693236835,15.52770693236835,9.514518577330463,0.0764995773583525,0.0764995773583525,0.046874702949005094,0.0621,0.4475,0.21414544146185374
248,1,35.895380800000005,128.6108597,106460,SPLY_LS,3.6609891829109578,10,13,80,30.383651764167084,1.7161122518822722,1.7161122518822722,1.5314152913663281,1.0,1.0,1.0,1.0,1.2,1.0566122197950003,7.471264367816092,10.95890410958904,8.435735278307964,1.547126436781609,2.16986301369863,1.782599366525957,10.249707132049595,10.57214620065912,8.606196445566711,0.0504967196421121,0.0520852640794772,0.04239971771855121,0.4849,0.5229,0.3530810669903679
249,1,35.8942939,128.6108759,107316,SPLY_LS,9.416182397159703,4,25,150,55.519243848301755,1.5940041067761808,1.7074606433949349,1.54358656679076,1.0,1.0,1.0,1.6,1.6,1.6000000000000003,8.928571428571429,12.5,9.786666891699994,1.692857142857143,3.3000000000000003,2.115438528331848,7.826467532116711,9.455020231068028,8.073167274571462,0.0385582662671027,0.0465815754213913,0.03977366955326744,0.165,0.165,0.12096181590357957
250,1,35.8948143,128.610655,178152,SPLY_LS,8.061872049214628,13,25,150,54.59162208689109,1.3403696098562627,1.7226283367556467,1.6036654507046886,1.0,1.0,1.0,1.0,1.2,1.0878739153798915,8.928571428571429,12.5,9.909002615605372,1.692857142857143,3.3000000000000003,2.1213530572753063,14.472292541961805,18.273530324488014,13.9889185109499,0.0712999200518561,0.0900272881731389,0.0689185053819713,0.8324,0.8324,0.4991311360465847
251,1,35.89571339999999,128.611724,3783,SPLY_LS,16.537389687026206,2,32,80,54.65779622159286,1.4033949349760435,1.6334839151266256,1.5120055438320021,1.0,1.0,1.0,1.0,1.2,1.094407484256637,11.428571428571429,11.428571428571429,9.180774184365788,1.942857142857143,2.1333333333333337,2.0327690326253687,13.915141667068106,13.915141667068106,11.07471370887658,0.068555032694061,0.068555032694061,0.05456123829383676,0.6363,0.6363,0.3746024536406025
252,1,35.89514249999999,128.6102863,143028,SPLY_LS,3.8459707229352316,13,20,50,19.915186913822303,1.162299794661191,1.716933607118412,1.5851408142322692,1.0,1.0,1.0,1.0,1.2,1.0411787790560618,9.523809523809524,10.95890410958904,8.583010544958057,1.7523809523809524,2.16986301369863,1.6887927420579683,10.987800234712765,17.2232634489187,11.798613986794285,0.0541330460263476,0.0848529908706153,0.058127641598040014,0.6982,0.9053,0.57245246648389
253,1,35.89501959999999,128.6097072,177237,SPLY_LS,5.909331901967568,9,20,150,48.766307295505136,1.1974537987679672,1.6934976043805614,1.4882490469142653,1.0,1.0,1.0,1.2,1.2,1.131919324509511,9.523809523809524,12.5,9.542075152391241,1.7523809523809524,3.3000000000000003,2.045093862189985,3.5943039198957143,15.288229650869766,6.796056283559295,0.0177078774069542,0.0753197566094575,0.03348179068939738,0.1112,0.2267,0.14154549040600084
