cluster_id,repair_count,avg_lat,avg_lon,nearest_pipe,nearest_type,nearest_dist,pipe_count,nearest_K_age,max_K_age,avg_K_age,nearest_K_soil,max_K_soil,avg_K_soil,nearest_K_traffic,max_K_traffic,avg_K_traffic,nearest_hoop_stress,max_hoop_stress,avg_hoop_stress,nearest_K_stress,max_K_stress,avg_K_stress,nearest_K_total,max_K_total,avg_K_total,nearest_K_repair,max_K_repair,avg_K_repair,nearest_STD_DIP,max_STD_DIP,avg_STD_DIP,nearest_D_final,max_D_final,avg_D_final
0,1,35.8932559,128.6040557,211474,SPLY_LS,4.319057244275564,13,1.6672142368240932,1.7277207392197127,1.6488826176325138,1.0,1.0,1.0,1.0,1.6,1.0815081987779391,7.471264367816092,14.285714285714286,7.8206587807929555,1.547126436781609,2.466666666666667,1.6952717097153223,2.3468337419948377,7.145312427849419,3.8999812482720375,0.3785,2.4829,0.8584965458758561,13,100,25.73904090387344,0.0097793735445795,0.0297748741524699,0.016251416860611947
1,1,35.8948401,128.6108953,107356,SPLY_LS,5.4582102863219175,22,1.6154688569472964,1.7385626283367557,1.5608488792622834,1.0,1.0,1.0,1.0,1.6,1.082040285716263,7.471264367816092,17.857142857142858,9.859152944288876,1.547126436781609,3.3000000000000003,2.050709362322729,7.701065080626144,21.10882891509861,7.687108126205241,3.6684,8.1373,2.47405736212375,13,150,47.91968132310255,0.0320907232442231,0.0879615455306616,0.0320325639173035
2,1,35.890437,128.6039201,73313,PIPE_LM,3.7182269888809656,27,1.373223819301848,1.862532511978097,1.6087761701477794,1.0,1.0,1.0,1.2,1.4,1.0884809366370087,17.857142857142858,17.857142857142858,9.073203679520352,2.585714285714286,2.840816326530613,1.7431104096551813,4.345598302338505,44.320708637351565,7.3898260746065505,0.4374,5.9138,2.512448445429481,50,100,23.273319705210575,0.0181083254057596,0.1846866089272758,0.03079377474418917
3,2,35.89857815,128.6041736,143359,SPLY_LS,7.277534000002923,16,1.6140451745379876,1.7455167693360711,1.6057528286996503,1.0,1.0,1.0,1.0,1.0,1.0,7.471264367816092,14.22222222222222,8.748237423525369,1.547126436781609,2.5777777777777775,1.9868947067392175,2.9014239306293006,8.043560175167695,4.248471742662927,0.7604,1.7293,0.7896328522968266,13,100,50.18566514802712,0.0120903785901288,0.0335179174279325,0.017703594175263508
4,1,35.8954174,128.6096018,245306,PIPE_LM,6.387179434234732,24,1.6726899383983571,1.7526899383983574,1.5771208077016772,1.0,1.0,1.0,1.2,1.2,1.0467797715766545,6.666666666666667,14.22222222222222,8.789889297017812,2.1333333333333337,3.3000000000000003,1.988158826176556,5.1880674570451015,13.490284710596164,6.012728640389733,0.1669,7.0042,1.7735616718084657,80,150,49.04836169681389,0.0216189364968797,0.0562146909032897,0.025055340880935986
5,1,35.8960453,128.6009302,143211,SPLY_LS,13.800348151893804,24,1.625160848733744,1.792662559890486,1.6378473801857925,1.0,1.0,1.0,1.0,1.0,1.0,7.471264367816092,14.22222222222222,8.24157658064522,1.547126436781609,2.5777777777777775,1.7127218181226693,2.241835262814255,6.610553578715501,4.03811774835366,0.3509,3.0687,1.183309524531728,13,100,25.550098658085464,0.0093418396319101,0.0275465072901864,0.016827038563277073
6,1,35.8979493,128.6042737,106802,SPLY_LS,6.925832555097114,22,1.702422997946612,1.74217659137577,1.6844897533376646,1.0,1.0,1.0,1.0,1.0,1.0,7.471264367816092,14.22222222222222,7.91628890822486,1.547126436781609,2.5777777777777775,1.6672011139305387,3.977128986328045,7.52436575336309,4.171381686050005,1.2878,3.4158,1.2815427073978942,13,80,22.63966196203263,0.0165728953424782,0.0313544083125516,0.017382356054854615
7,5,35.8952774,128.6101531,245302,SPLY_LS,6.9936724839440245,25,1.6729637234770705,1.7400958247775495,1.6049429823720756,1.0,1.0,1.0,1.0,1.2,1.0303576696190082,7.471264367816092,11.428571428571429,8.230144552587669,1.547126436781609,2.16986301369863,1.678599724185472,3.29057690626739,12.604472512292295,6.491901099123991,0.9262,6.2024,2.62841665904918,13,80,22.347398607147348,0.0137119984972615,0.0525234671823476,0.027052076475104585
8,1,35.8938976,128.5983609,142119,PIPE_LM,8.407063955836193,27,1.5126899383983572,1.712662559890486,1.565427984801138,1.0,1.3,1.0186873058428845,1.2,1.4,1.1187070997610866,6.666666666666667,20.833333333333332,9.72120865053279,2.1333333333333337,4.966666666666667,2.1976414825835406,5.446902217806149,19.35919431283192,6.24345532585299,0.3547,2.9064,1.0899493029887737,80,300,66.29789259657346,0.0226975138867091,0.0806707306612862,0.026016790515595658
9,4,35.89371025,128.59912815,142115,SPLY_LS,6.4465732316027395,19,1.7000136892539357,1.7237234770704997,1.6312395758012972,1.0,1.0,1.0,1.0,1.0,1.0,7.471264367816092,14.22222222222222,9.063222147790063,1.547126436781609,2.5777777777777775,1.7897717299372515,5.151423908203675,7.997229247730292,4.633412508042782,1.9675,3.6123,1.5035002399895077,13,80,29.973776548585143,0.0214662409966801,0.0333248541367545,0.019307661591639626
10,1,35.8966024,128.6001585,324798,PIPE_LM,7.505656530410231,21,1.6126762491444215,1.7456810403832992,1.5780048559668933,1.0,1.0,1.0,1.0,1.2,1.0490537184339859,12.5,20.833333333333332,10.76118493604305,3.3000000000000003,4.966666666666667,2.423104323711352,6.835749108488148,12.29989176013464,4.997237013023237,0.199,2.5955,0.6038603218204511,150,300,82.92909789189379,0.0284849083225255,0.051254263959069,0.020823736495118438
11,2,35.89445215,128.60188240000002,106661,PIPE_LM,3.664635335370913,16,1.7326488706365502,1.7419028062970567,1.6186549093887876,1.0,1.3,1.0181386894207036,1.0,1.6,1.07616448550786,12.5,20.833333333333332,9.976101912592117,2.3625,4.966666666666667,2.095841693089438,4.87518423952484,18.989567325482906,6.030803777650411,0.175,2.8518,1.2800917354085541,50,300,51.35278112937883,0.0203151364853119,0.0791304765236535,0.025130660881658082
12,1,35.8971662,128.6015565,38056,SPLY_LS,2.7080570607871035,25,1.612895277207392,1.7526899383983574,1.6583064756251766,1.0,1.0,1.0,1.0,1.0,1.0,7.471264367816092,20.833333333333332,9.471252392439359,1.547126436781609,4.966666666666667,2.1126186016663904,6.576915339266072,10.800406446905429,6.017006382399011,2.9933,3.3927,1.6232380689435728,13,300,56.984853875433345,0.0274063350644886,0.0450058336845772,0.02507316644577574
13,3,35.89466906666667,128.60217573333333,72529,SPLY_LS,7.596300884408325,23,1.6274058863791925,1.7419028062970567,1.6135345532679428,1.0,1.0,1.0,1.0,1.0,1.0,7.471264367816092,17.857142857142858,8.580227241935034,1.547126436781609,2.585714285714286,1.6678876215163985,3.8042036930865217,6.851281167374596,3.91588960746738,1.2892,2.8518,1.222398498035252,13,50,17.611315400178302,0.0158523069992761,0.0285496311885083,0.016317707788796886
14,1,35.8895649,128.6026112,144002,SPLY_LS,7.155341793227471,23,1.6483778234086242,1.7250924024640657,1.6432309550313677,1.0,1.0,1.0,1.2,1.4,1.1040319087351085,7.471264367816092,16.3265306122449,8.098486048258856,1.547126436781609,2.840816326530613,1.6620816742223894,3.066153717033244,9.405768966380684,6.082532484761595,0.518,4.6374,2.1928933100573382,13,100,21.612996278761532,0.0127768158465633,0.0391943095713566,0.025346216990625746
15,1,35.8936997,128.5981166,244038,PIPE_LM,5.22776346998862,36,1.5726488706365505,1.742669404517454,1.6220718151101265,1.0,1.3,1.0379804187969393,1.2,1.4,1.124640782192399,14.22222222222222,20.833333333333332,9.558461409762128,2.5777777777777775,4.966666666666667,2.1312890993779128,4.192206633372592,19.35919431283192,6.336599990352821,0.3833,2.9064,1.153704309221494,80,300,60.64225542838324,0.0174691346515952,0.0806707306612862,0.026404928989799663
16,3,35.892494166666665,128.5967628,324893,PIPE_LM,4.027309618503413,13,1.712662559890486,1.712662559890486,1.6430415760069685,1.3,1.3,1.2999999999999996,1.2,1.4,1.1297346163680533,6.666666666666667,20.833333333333332,9.479361857634956,2.1333333333333337,4.966666666666667,2.2027279958371495,6.872521577861954,19.35919431283192,8.251354673519607,0.1613,2.4013,1.0266575371008897,80,300,70.90495454992333,0.0286381410410296,0.0806707306612862,0.03438380749228983
17,1,35.8927783,128.5970696,142086,SPLY_LS,2.776773255798406,13,1.3678576317590692,1.712662559890486,1.5719462966900752,1.3,1.3,1.2999999999999996,1.0,1.4,1.1551800430456602,7.471264367816092,20.833333333333332,8.96229322921178,1.547126436781609,4.966666666666667,2.0814425901220686,5.940576498207927,19.35919431283192,8.023835949493527,2.2716,2.2716,1.2156979734692397,13,300,61.94025916861691,0.0247546792968573,0.0806707306612862,0.03343572559333695
18,1,35.8935219,128.6098311,212288,SPLY_LS,5.750054902444755,18,1.7075701574264204,1.7465023956194388,1.5807003846960794,1.0,1.0,1.0,1.0,1.6,1.1122013099584387,7.471264367816092,14.285714285714286,9.558604173113551,1.547126436781609,3.3000000000000003,1.7945176036934518,4.069013356235396,10.110827862435327,4.161299302100844,1.3336,2.3336,1.0004838060105594,13,150,26.077682577174887,0.0169557821061007,0.0421323252441611,0.017340342256819286
19,2,35.8958136,128.61075695,177224,SPLY_LS,8.622935644935069,18,1.7011088295687884,1.7526899383983574,1.6241084154817897,1.0,1.0,1.0,1.0,1.0,1.0,7.471264367816092,9.523809523809524,8.22906299781339,1.547126436781609,2.466666666666667,1.694443795366844,2.881965683283406,8.90068066552235,4.381372651926867,0.6591,4.273,1.3982112479400644,13,100,24.354272816488713,0.0120092951005261,0.0370895813672649,0.01825739890921181
20,1,35.8952791,128.6085304,143067,SPLY_LS,4.899724673900717,29,1.6226967830253252,1.7526899383983574,1.6137897380833341,1.0,1.0,1.0,1.0,1.2,1.0150548544984783,7.471264367816092,14.22222222222222,8.345892397353024,1.547126436781609,2.5777777777777775,1.6920098400719144,4.300236595838574,9.256027669599202,4.589753816918223,1.5952,4.5258,1.4664116399437601,13,80,21.736062864775658,0.0179193009066891,0.0385703301006033,0.01912573364278904
21,1,35.8955801,128.6084953,37926,SPLY_LS,3.312359331544687,30,1.6132785763175908,1.7526899383983574,1.6037125518309523,1.0,1.0,1.0,1.0,1.0,1.0,9.523809523809524,14.285714285714286,8.666078590861504,1.7523809523809524,2.5777777777777775,1.7402144297200774,5.623925030053709,8.520309867712145,4.956572321641652,1.9434,3.9596,1.6846119632546597,20,80,25.691269959165716,0.0234351767964853,0.0355045572342498,0.020654284692896804
22,1,35.8962089,128.5996874,244045,SPLY_LS,1.3257905885118477,27,1.5385352498288842,1.7326488706365502,1.5888384774394388,1.0,1.0,1.0,1.0,1.2,1.0543114297941436,7.471264367816092,20.833333333333332,9.2200628816801,1.547126436781609,4.966666666666667,1.9999340492442306,3.5367606838686885,12.15745498850814,5.210857851167678,1.2512,3.6448,1.2622497559070316,13,300,47.493256161291015,0.014737858607715,0.0506607228098628,0.021713905208708233
23,1,35.8981373,128.6052037,106788,SPLY_LS,6.510493759549909,17,1.619356605065024,1.7429979466119097,1.6329806670164522,1.0,1.0,1.0,1.0,1.0,1.0,7.471264367816092,9.846153846153848,7.610799421809826,1.547126436781609,2.1333333333333337,1.6430991251103912,4.239793072951718,8.049819289561723,4.890709572822697,1.564,3.8681,1.7379026440381469,13,80,21.73454206975678,0.0176674297246434,0.0335439994705681,0.020379831325430784
24,1,35.8983117,128.6039873,4145,SPLY_LS,6.454675610416853,20,1.6471184120465434,1.74507871321013,1.65196670173891,1.0,1.0,1.0,1.0,1.0,1.0,7.471264367816092,14.22222222222222,8.027392226112562,1.547126436781609,2.5777777777777775,1.7032400627960154,3.27556657926368,4.592102262736008,3.3582096957120235,0.9475,1.6374,0.8140747379962,13,100,24.976196145813855,0.0136494497141207,0.019135519733934,0.01399382771251674
25,1,35.8977199,128.6035563,211665,SPLY_LS,6.689716045055275,25,1.2150855578370978,1.7431622176591377,1.596250358768281,1.0,1.0,1.0,1.0,1.0,1.0,7.471264367816092,10.95890410958904,8.360094364210322,1.547126436781609,2.16986301369863,1.712200257437763,2.280285624051586,5.358713998609821,3.2465230498400413,0.8378,2.0105,0.9014381996568329,13,50,22.62240069101042,0.0095020642097041,0.022330029167907,0.013528423874835886
26,1,35.8902294,128.6026617,37842,SPLY_LS,5.774196674566099,19,1.5474606433949352,1.7366461327857632,1.6342787424215346,1.0,1.0,1.0,1.0,1.2,1.026202227278414,9.523809523809524,9.846153846153848,8.109720732186847,1.7523809523809524,2.466666666666667,1.671864592085012,4.90147561708402,6.832688755001477,4.308468340630725,1.6744,2.9801,1.3214524807650687,20,100,22.224435848393135,0.0204246939701699,0.0284721556765289,0.017953602998825213
27,2,35.8915451,128.5961415,2812,SPLY_LS,5.571864839935631,12,1.6276796714579056,1.7397125256673514,1.5445174197211655,1.3,1.3,1.3,1.0,1.4,1.156615125300369,7.471264367816092,26.31578947368421,9.281007393147446,1.547126436781609,6.063157894736842,1.9229696020112554,4.947593222430933,23.655267591026913,6.558991018450832,1.2898,2.2992,1.0573932754126718,13,500,46.1570475361472,0.0206168683375308,0.0985726828151887,0.027331643523435496
28,2,35.8898263,128.6010129,47811,PIPE_LM,5.243801288955055,20,1.7526899383983574,1.7526899383983574,1.5989810470146424,1.0,1.3,1.0227562781927515,1.4,1.6,1.2783039000061776,17.857142857142858,17.857142857142858,11.158726349701196,2.585714285714286,3.9746031746031742,2.3255655869200025,5.564177350837856,17.38257339502749,6.318647439014062,0.236,3.0061,0.8008005556282427,50,400,85.12631204047648,0.0231862052298088,0.338717356431557,0.04691197370211299
29,1,35.8910713,128.6032933,143987,SPLY_LS,5.498747908627607,19,1.6576317590691307,1.7353867214236824,1.6018561379567338,1.0,1.0,1.0,1.0,1.6,1.1084054184852612,7.471264367816092,17.857142857142858,9.184254699829937,1.547126436781609,3.3000000000000003,1.9672140953037727,4.395524493969576,13.56709127596379,5.895922923888748,1.5968,6.9223,1.6984399342956262,13,150,44.33487068492285,0.0183163703425959,0.0565347477015049,0.024568605619990566
30,4,35.895874250000006,128.60974275,3801,SPLY_LS,4.6232383816080596,20,1.6531416837782342,1.7224640657084187,1.641257665597348,1.0,1.0,1.0,1.0,1.2,1.0071430337717877,7.471264367816092,14.285714285714286,8.937633020386599,1.547126436781609,3.3000000000000003,1.9034582958190016,4.3804108482792214,9.135449829878205,4.826399359140584,1.5949,2.3421,1.262004206450544,13,150,39.37542004751394,0.0182533910253219,0.0380678762135939,0.02011184744950672
31,1,35.8927823,128.5978525,36445,SPLY_LS,6.785364416384516,29,1.6005201916495553,1.765284052019165,1.6209114905672195,1.3,1.3,1.3000000000000005,1.0,1.2,1.0095553488092892,7.471264367816092,14.285714285714286,8.36898500626307,1.547126436781609,2.5777777777777775,1.716688949922177,6.087139842916162,13.88447204160784,6.036068363596149,1.865,5.0244,1.5112707636348004,13,80,24.80725924561047,0.0253654160824237,0.0578572892209819,0.02515259867452329
32,1,35.898353,128.604123,4143,SPLY_LS,7.035174257592464,18,1.7051060917180014,1.74507871321013,1.6754598727799224,1.0,1.0,1.0,1.0,1.0,1.0,7.471264367816092,14.22222222222222,7.795381173871861,1.547126436781609,2.5777777777777775,1.6870663347189885,4.592102262736008,4.592102262736008,3.68529948074242,1.6374,1.6374,0.9476036295253166,13,100,25.207292202195468,0.019135519733934,0.019135519733934,0.015356827201227649
33,3,35.8962819,128.61074166666666,72325,SPLY_LS,5.800076227562076,20,1.6837508555783711,1.7283230663928817,1.6574224560894557,1.0,1.0,1.0,1.0,1.2,1.012992132367945,7.471264367816092,9.846153846153848,7.923633253249422,1.547126436781609,2.1333333333333337,1.6591721139725795,5.024773527128015,8.402779818390666,4.921084245124823,1.9225,3.7106,1.7023521964435113,13,80,21.218135335875843,0.0209384825262187,0.0350148036422248,0.020506404103647347
34,1,35.8931139,128.6092693,178155,SPLY_LS,10.129155541368805,16,1.6384120465434635,1.739110198494182,1.6141138109992372,1.0,1.0,1.0,1.0,1.6,1.1237111720202655,7.471264367816092,12.5,8.545461611190364,1.547126436781609,3.3000000000000003,1.8081872401853283,2.5433609780937427,9.17305887454059,5.128132681154124,0.5202,2.36,1.2773565379466132,13,150,32.52544398685127,0.0105983123637655,0.0382245949831543,0.021369185289003254
35,1,35.8971656,128.6002114,210471,SPLY_LS,5.907347748640108,26,1.738672142368241,1.7506091718001369,1.6616308703210778,1.0,1.0,1.0,1.0,1.2,1.0576251838855952,7.471264367816092,20.833333333333332,9.31697936945567,1.547126436781609,4.966666666666667,1.9348578772676113,3.8340259431206993,12.29989176013464,4.520692514807757,1.1595,3.2425,1.034145080865059,13,300,41.6606849329308,0.0159765778062811,0.051254263959069,0.01883795174382962
36,1,35.8955649,128.6090574,72373,SPLY_LS,3.6052304799168513,27,1.6792607802874744,1.7526899383983574,1.6079666210786216,1.0,1.0,1.0,1.0,1.2,1.0071838390844083,7.471264367816092,17.857142857142858,8.66285892924364,1.547126436781609,2.585714285714286,1.745399519303187,10.102141021280556,10.699904903618648,5.649099190857421,4.8913,5.2399,2.1340774367794486,13,80,26.716041058390903,0.0420961267427271,0.044587038728624,0.02354007878326236
37,3,35.897049833333334,128.60988883333334,211328,PIPE_LM,14.683798614986246,23,1.6926762491444216,1.7563586584531143,1.6004861945905864,1.0,1.0,1.0,1.6,1.6,1.0480229675637633,12.5,14.285714285714286,9.254506670588633,3.3000000000000003,3.3000000000000003,2.0033740511202094,11.330398627606204,11.330398627606204,6.086907921385821,0.1834,4.8174,1.7783921482081424,150,150,46.91283216129056,0.0472143376011664,0.0472143376011664,0.02536444965381074
38,1,35.897813,128.6048295,37780,SPLY_LS,6.404564616633326,18,1.604681724845996,1.7457905544147845,1.6268807319418666,1.0,1.0,1.0,1.0,1.0,1.0,7.471264367816092,17.857142857142858,8.431905056112,1.547126436781609,2.585714285714286,1.6431905056112002,5.935174415424571,8.369905696957307,5.287714784142468,2.6221,3.9625,2.0692204727665047,13,50,16.41333494612916,0.0247321685477949,0.0348778155345059,0.022034171891260813
39,2,35.8945435,128.59819885000002,2949,SPLY_LS,10.511184464545991,21,1.6413689253935662,1.912689938398357,1.5503664543892184,1.0,1.0,1.0,1.0,1.2,1.0457874170259964,7.471264367816092,17.857142857142858,8.256586163600694,1.547126436781609,3.3000000000000003,1.753590199901989,2.503702974167763,8.50319489497927,4.40487882451646,0.4938,2.8783,1.232766464662669,13,150,28.526393681747397,0.0104330554785057,0.0354332382871233,0.01835535030570126
40,2,35.89770705,128.60484,38227,SPLY_LS,4.9512381698438,17,1.738343600273785,1.738343600273785,1.6189720196554336,1.0,1.0,1.0,1.0,1.0,1.0,7.471264367816092,17.857142857142858,8.798749448517459,1.547126436781609,3.3000000000000003,1.7275591825705061,3.2840893868178673,8.369905696957307,5.563055107427389,0.8501,3.9625,2.104120915685689,13,150,22.256686301204507,0.0136849646793393,0.0348778155345059,0.02318152878540524
41,1,35.893401,128.5981047,175917,SPLY_LS,6.901382309994202,20,1.7390554414784394,1.7390554414784394,1.6575587446185094,1.0,1.3,1.0283502867296275,1.0,1.4,1.0459530413151232,7.471264367816092,20.833333333333332,8.910180192779597,1.547126436781609,4.966666666666667,1.790549703763304,2.6612354437578545,19.35919431283192,4.966202092561336,0.4986,2.5545,1.3292411779982771,13,300,30.209112789000027,0.0110895011559111,0.0806707306612862,0.02069441242980765
42,1,35.8952087,128.601595,42354,SPLY_LS,8.079645153371317,28,1.742669404517454,1.792662559890486,1.6285453556149443,1.0,1.0,1.0,1.0,1.0,1.0,7.471264367816092,20.833333333333332,8.742971545431171,1.547126436781609,4.966666666666667,1.9198780885572841,4.200698893379305,16.78773963712526,4.580187098820573,1.3606,3.8354,1.0841108198860596,13,300,44.842180924821044,0.0175045223236562,0.0699553504548828,0.01908586865014021
43,1,35.8922299,128.6075294,107386,SPLY_LS,7.239385329353006,22,1.7164955509924709,1.7526899383983574,1.5989723203766544,1.0,1.0,1.0,1.0,1.6,1.0918740311949149,7.471264367816092,15.873015873015872,9.414501915806145,1.547126436781609,3.9746031746031742,1.9986974235133665,4.090457186552017,12.765202636710075,4.656624986376783,1.3337,2.334,0.8099274124608785,13,200,46.01688896613536,0.0170451396192215,0.0531932376473027,0.019404389149481335
44,1,35.8926598,128.6054077,411543,PIPE_LM,8.470589798431877,13,1.6126762491444215,1.741574264202601,1.5854535442284627,1.0,1.0,1.0,1.6,1.6,1.2574685701321757,16.3265306122449,20.0,11.58015749072148,2.840816326530613,3.9746031746031742,2.209301159422448,5.7798481907384,11.895530325604453,5.2672424582689645,0.2516,3.3339,0.8903478175231628,100,200,58.02372238770929,0.0240849164032164,0.04956926964331,0.021948862685729646
45,1,35.8945985,128.6014333,177433,SPLY_LS,5.470278626180007,31,1.6274058863791925,1.70839151266256,1.5812596296103514,1.0,1.3,1.0056968081786486,1.0,1.6,1.0243617045683886,7.471264367816092,20.833333333333332,10.780482941834808,1.547126436781609,4.966666666666667,2.2822127368926695,4.719359631310682,18.989567325482906,5.612576404596391,1.8399,3.2732,1.2053545960662913,13,300,70.41038516449518,0.0196658075516531,0.0791304765236535,0.023387886506773356
46,1,35.8918995,128.6034968,246389,SPLY_LS,4.771798551848591,19,1.648542094455852,1.738507871321013,1.6789600231426427,1.0,1.0,1.0,1.0,1.6,1.0805149899261985,7.471264367816092,14.22222222222222,8.351872319312681,1.547126436781609,2.5777777777777775,1.699057487216403,5.6124150381981055,7.1010527531873775,4.40408141579701,2.334,3.0009,1.2468598551980383,13,80,23.70116422946204,0.0233872140849234,0.0295904418751694,0.018352027463696876
47,1,35.8981031,128.6047695,143355,SPLY_LS,6.192375544034674,23,1.7457905544147845,1.7457905544147845,1.6393202303944163,1.0,1.0,1.0,1.0,1.0,1.0,7.471264367816092,17.857142857142858,8.528167544008442,1.547126436781609,2.585714285714286,1.676834426786083,4.8353734128655725,8.049819289561723,4.53120384491755,1.7124,3.8681,1.5507489267542791,13,80,19.173262954250525,0.0201492427800814,0.0335439994705681,0.01888175298196363
48,2,35.8924787,128.605816,42449,PIPE_LM,5.212494608437565,22,1.472662559890486,1.6526488706365503,1.4649274492724575,1.0,1.0,1.0,1.0,1.6,1.0794102198584716,6.666666666666667,16.3265306122449,9.815712423779773,2.1333333333333337,2.840816326530613,2.0582656699270094,3.837368846362719,9.752858851332356,5.306996702606845,0.1764,4.6252,1.6057306577551071,80,100,53.586598017556774,0.0159905078512357,0.0406406504764445,0.022114520609597815
49,1,35.8964922,128.6065103,37978,SPLY_LS,5.479779826210916,26,1.6619575633127996,1.702422997946612,1.6345008367647416,1.0,1.0,1.0,1.0,1.0,1.0,7.471264367816092,9.523809523809524,7.462254145242626,1.547126436781609,2.466666666666667,1.7095580302829423,5.73937808438791,5.73937808438791,4.1372147832370985,2.3819,2.3819,1.1128445860350495,13,100,29.899899318411784,0.0239162754465486,0.0239162754465486,0.017239980862488093
50,1,35.8945889,128.5984789,105249,SPLY_LS,4.440770507167833,21,1.7067488021902806,1.7365913757700209,1.5942443060846876,1.0,1.3,1.0105547370775985,1.2,1.4,1.1670307163662503,7.471264367816092,20.833333333333332,9.391455620596656,1.547126436781609,4.966666666666667,2.2370372169127246,6.624477348527835,19.35919431283192,6.797240184983247,2.1675,3.7366,1.1501829993628059,13,300,71.69337444877016,0.0276045283351829,0.0806707306612862,0.028324439712834392
51,3,35.89056696666667,128.60295126666668,212347,SPLY_LS,5.637814287125581,21,1.7051060917180014,1.7051060917180014,1.5807741041980952,1.0,1.0,1.0,1.0,1.2,1.0066442485172433,7.471264367816092,17.857142857142858,8.572732234297781,1.547126436781609,2.585714285714286,1.6928929669872217,9.289543945694785,10.722337949692731,6.288490770089147,4.3353,5.3352,2.627303453473989,13,100,20.48315160658339,0.0387099940989074,0.0446805183532671,0.026204455463499927
52,1,35.8973396,128.5996707,308923,PIPE_LM,5.06366172263168,22,1.6126762491444215,1.7429431895961671,1.6278232050085677,1.0,1.0,1.0,1.2,1.2,1.0216335383933761,16.3265306122449,16.3265306122449,10.013714904898244,2.840816326530613,2.840816326530613,1.9496087906157888,4.197386159129833,7.826239973402112,4.699243671532677,0.2119,3.2425,1.2861957841196108,100,100,37.13651231644181,0.0174907179944019,0.0326123332811652,0.01958198334146019
53,1,35.8956451,128.6015328,3995,SPLY_LS,9.506510651084692,30,1.666502395619439,1.7526899383983574,1.658996954483739,1.0,1.0,1.0,1.0,1.0,1.0,7.471264367816092,20.833333333333332,8.827690173531193,1.547126436781609,4.966666666666667,1.841441101061087,3.6934299464642906,9.737784085247704,4.323037891327856,1.1704,3.1773,1.179009743635192,13,300,35.131654334245404,0.015390707258414,0.0405778331724314,0.0180143150450577
54,1,35.8899291,128.6016472,212339,PIPE_LM,4.549724586415585,16,1.7326488706365502,1.7326488706365502,1.6503947604711788,1.0,1.0,1.0,1.2,1.6,1.074497073682083,6.666666666666667,14.22222222222222,8.330130175255393,2.1333333333333337,2.5777777777777775,1.862095036476555,5.198572325417898,5.730940451287324,4.100233229373181,0.1288,2.3863,0.7875917208394815,80,80,40.32771155729154,0.0216627108086326,0.0238811154075368,0.017085876878459468
55,1,35.8906833,128.6034433,4787,PIPE_LM,3.736222570247524,29,1.6726899383983571,1.862532511978097,1.62949244719038,1.0,1.0,1.0,1.2,1.4,1.0578236231059592,6.666666666666667,17.857142857142858,8.218456681549979,2.1333333333333337,2.840816326530613,1.7165641647596908,5.995465734703333,44.320708637351565,9.213767446916412,0.3485,9.828,3.554575878421373,80,100,26.092265316180015,0.0249834054897955,0.1846866089272758,0.038394229639673
56,1,35.8934782,128.6041763,211472,SPLY_LS,6.946781621349357,19,1.6401095140314852,1.7526899383983574,1.6088016650302648,1.0,1.0,1.0,1.0,1.6,1.0635141951143359,7.471264367816092,14.285714285714286,8.050028742225749,1.547126436781609,2.466666666666667,1.7131721742005268,2.386724718991373,7.145312427849419,3.848834208074318,0.4251,2.3902,0.9140637101941199,13,100,26.32106023105947,0.009945601240273,0.0297748741524699,0.016038284586756046
57,2,35.895324,128.6036788,143155,SPLY_LS,5.823973846325402,24,1.6149760438056124,1.760958247775496,1.588737725913673,1.0,1.0,1.0,1.0,1.4,1.0459958121457111,7.471264367816092,9.846153846153848,8.151389357015296,1.547126436781609,2.1333333333333337,1.6838825175399375,2.823445147161141,4.674942146238397,3.22889029190284,0.7121,1.6183,0.7574787128085431,13,80,22.867600289337762,0.0117654371004778,0.0194807176704827,0.013454947290873692
58,1,35.8887528,128.6024193,178238,SPLY_LS,7.454697082571225,14,1.7093771389459276,2.160793976728268,1.6503245904639918,1.0,1.0,1.0,1.0,1.6,1.2188836725201935,7.471264367816092,15.873015873015872,8.465519148186907,1.547126436781609,3.9746031746031742,1.9047318150146413,3.30739001239499,12.69137420831549,4.910278521127828,0.8948,2.1975,0.7613629797764457,13,200,44.63346200340252,0.0137820595511505,0.052885590894761,0.020461376111465666
59,1,35.8934943,128.6071291,212291,PIPE_LM,7.86147890795033,21,1.6726899383983571,1.7726762491444217,1.5495552240902633,1.0,1.0,1.0,1.0,1.0,1.0,8.928571428571429,11.428571428571429,9.086287754059857,1.692857142857143,2.466666666666667,1.7849102916884911,2.0630812144547765,4.530333632525668,2.4830777983906667,0.0651,0.9475,0.26195150490210406,25,100,28.602968695361746,0.0085969625746937,0.018878126763416,0.010347109339783786
60,1,35.8973255,128.598688,308932,PIPE_LM,6.632847033749869,24,1.4143463381245722,1.7326488706365502,1.6282365356682318,1.0,1.0,1.0,1.0,1.0,1.0,6.666666666666667,16.3265306122449,9.26803311785206,2.1333333333333337,2.840816326530613,1.9452774713442977,4.030332204241036,6.223703769746749,4.140549223165892,0.2865,2.43,0.8331445310062457,80,100,43.0273120551455,0.0167945958116826,0.0259344847937231,0.017253875640393383
61,1,35.896862,128.6102019,72321,SPLY_LS,7.975110093667442,25,1.6803559206023273,1.7563586584531143,1.6452971438941297,1.0,1.0,1.0,1.0,1.6,1.0209703421996055,7.471264367816092,14.285714285714286,8.286192199093696,1.547126436781609,3.3000000000000003,1.701625263002931,7.884613162523842,11.330398627606204,5.819330624003274,3.5951,4.8174,2.175025530961282,13,150,23.22751860782975,0.0328555772788949,0.0472143376011664,0.0242494416767528
62,1,35.8972847,128.6067763,106548,PIPE_LM,6.544057833950433,21,1.7326488706365502,1.7326488706365502,1.6787872505479398,1.0,1.0,1.0,1.0,1.2,1.0105063690990832,15.873015873015872,15.873015873015872,8.62889361658621,3.9746031746031742,3.9746031746031742,2.123018743173492,8.837926571575123,8.837926571575123,6.109704884344952,0.1813,3.1893,1.3860306889797618,200,200,64.08965350437943,0.0368280819200821,0.0368280819200821,0.025459445738309574
63,2,35.8933459,128.6080879,107329,SPLY_LS,6.721488646455289,9,1.7114031485284054,1.7114031485284054,1.642539151746154,1.0,1.0,1.0,1.0,1.0,1.0,7.471264367816092,9.523809523809524,8.243174840926136,1.547126436781609,2.466666666666667,1.7788554487388077,3.034668504707023,5.079444769253936,3.6516477507562,0.7365,1.2531,0.721834407263099,13,100,32.09542059602474,0.0126456153925394,0.0211663003257196,0.015216598759788582
64,3,35.8948698,128.6010136,107614,SPLY_LS,7.485847377926139,25,1.6802464065708418,1.792662559890486,1.5746841543347945,1.0,1.0,1.0,1.0,1.0,1.0,7.471264367816092,20.833333333333332,10.09063158122214,1.547126436781609,4.966666666666667,1.9418363929862137,4.182856886226436,10.455344937613788,5.377054160590138,1.4379,4.6276,1.7975448070944795,13,300,37.2575257826914,0.0174301737877498,0.0435679451222835,0.022406453539887086
65,1,35.8952936,128.6095987,211249,PIPE_LM,5.489544158446852,23,1.712662559890486,1.7526899383983574,1.5356811329194777,1.0,1.0,1.0,1.0,1.2,1.032167269699014,8.928571428571429,14.22222222222222,8.972272711931122,1.692857142857143,3.3000000000000003,1.9226487045890042,3.045115959643826,9.68183678104938,5.440078068003389,0.5354,4.7135,1.6977874930859467,25,150,41.84479360934405,0.0126891504596338,0.0403446979584718,0.022669077313273476
66,1,35.8933378,128.6098866,143920,SPLY_LS,3.653074803527203,13,1.6271321013004791,1.7465023956194388,1.514679507875912,1.0,1.0,1.0,1.6,1.6,1.3509612613776723,9.523809523809524,14.285714285714286,10.709855475383405,1.7523809523809524,3.3000000000000003,2.0069268878250606,4.514649811452723,10.110827862435327,4.847663863575336,0.4642,2.1395,0.7166346428129005,20,150,38.49085356547773,0.018812771496814,0.0421323252441611,0.020200457702711564
67,1,35.8974779,128.6038346,4146,SPLY_LS,5.6107281829037206,24,1.6401095140314852,1.7431622176591377,1.6328871135629226,1.0,1.0,1.0,1.0,1.0,1.0,7.471264367816092,14.22222222222222,8.073560023998663,1.547126436781609,2.5777777777777775,1.7543858587009202,4.126315600765522,6.303982774169,4.374895440723571,1.4638,2.7503,1.355742961246052,13,100,29.315150417907965,0.0171945634241699,0.0262690114191009,0.018230408046267105
68,1,35.8951696,128.6090785,3839,SPLY_LS,5.585607254984047,20,1.7011088295687884,1.7612867898699522,1.5783072308258146,1.0,1.0,1.0,1.0,1.2,1.0381775658974233,7.471264367816092,17.857142857142858,9.285105512298875,1.547126436781609,3.3000000000000003,1.8198430844616598,4.442024377850839,8.32402278759577,5.266390005638827,1.5572,3.4949,1.7062647805144007,13,150,28.357289956638052,0.0185101376837233,0.0346866191570509,0.021945310472997213
69,1,35.8937156,128.6060161,278257,PIPE_LM,6.398834700569758,33,1.7526899383983574,1.7526899383983574,1.5702762563736492,1.0,1.0,1.0,1.0,1.0,1.0,6.666666666666667,11.428571428571429,8.186683331338987,2.1333333333333337,2.466666666666667,1.8524496465653737,4.2056111996356185,5.782666674014867,4.123834843129415,0.0833,2.0208,1.0021255777917457,80,100,40.40657478578864,0.0175249921494416,0.0240966611639536,0.017184225983062375
70,1,35.8946232,128.6089947,215085,SPLY_LS,7.235282777494611,21,1.808213552361396,1.808213552361396,1.5725466435402602,1.0,1.0,1.0,1.2,1.2,1.138258538009963,7.471264367816092,10.0,8.23601377503709,1.547126436781609,2.1333333333333337,1.7352715355890895,10.084854948954955,12.5323032848234,6.974297869251868,3.5515,4.6674,2.3675534991616556,13,80,27.758857429568152,0.0420240948150427,0.0522227344030233,0.029062247936065936
71,1,35.8946812,128.60549,143970,SPLY_LS,1.9182498716291754,13,1.6845722108145107,1.6926762491444216,1.6572842358656272,1.0,1.0,1.0,1.0,1.6,1.0873360682698214,7.471264367816092,20.0,8.404443186158094,1.547126436781609,3.9746031746031742,1.7470956140492147,3.440875113582974,11.895530325604453,3.6449657407091327,1.0003,1.3338,0.6595691372459274,13,200,29.258335373182806,0.0143382986420559,0.04956926964331,0.01518875448982195
72,2,35.8958128,128.6122184,143003,SPLY_LS,4.07846236090955,23,1.6806297056810404,1.7260232717316906,1.6181382165230078,1.0,1.0,1.0,1.0,1.6,1.0981152058605113,7.471264367816092,10.95890410958904,8.018537102026993,1.547126436781609,2.16986301369863,1.689987299412607,4.124260549705021,8.695235905122516,5.010362558505902,1.4032,4.0667,1.6066811646535037,13,80,24.365476603866153,0.0171859999236483,0.0362334827784407,0.020878431299421976
73,1,35.8941917,128.6098301,178144,SPLY_LS,4.514790009977531,25,1.6617932922655716,1.7690075290896647,1.5238742404114756,1.0,1.0,1.0,1.0,1.6,1.0562301776199876,7.471264367816092,12.5,8.482505722535333,1.547126436781609,3.3000000000000003,1.8482057520049053,2.9293914877856024,9.17305887454059,5.2716286903116325,0.7263,3.6675,1.664116930925062,13,150,35.72154559589972,0.0122069207991769,0.0382245949831543,0.021967140333963023
74,1,35.8958898,128.6102138,439879,PIPE_LM,7.7392582163433286,21,1.2139356605065024,1.7526899383983574,1.524271085580206,1.0,1.0,1.0,1.0,1.0,1.0,14.285714285714286,14.285714285714286,8.852226046567983,2.2285714285714286,2.466666666666667,1.7915064376895389,2.447363088116581,8.90068066552235,4.900577940105625,0.2899,4.273,1.7208708941324848,40,100,30.28096015667951,0.0101982843563361,0.0370895813672649,0.020420953305317083
75,3,35.8974475,128.6082208,255636,PIPE_LM,6.101580020383117,20,1.792662559890486,1.792662559890486,1.6533345694508286,1.0,1.0,1.0,1.0,1.2,1.014462615553881,6.666666666666667,14.22222222222222,7.894063266853451,2.1333333333333337,2.5777777777777775,1.7426644605909283,4.878477913181699,6.735069139238159,3.9938822625436505,0.2286,2.3288,0.960563054498966,80,80,31.756970917383374,0.0203288613881238,0.0280653698566623,0.016642707082132474
76,2,35.8976809,128.6005573,142127,SPLY_LS,6.268022867744879,18,1.701492128678987,1.7440930869267626,1.6799438544110867,1.0,1.0,1.0,1.0,1.2,1.01320174751516,7.471264367816092,14.22222222222222,8.263109789021948,1.547126436781609,2.5777777777777775,1.677212232529958,4.645786510853051,4.645786510853051,3.6370275046955642,1.6739,1.6739,0.9202077208470076,13,80,20.951342176337523,0.0193592246800502,0.0193592246800502,0.01515567546344161
77,3,35.8970081,128.6100978,37892,PIPE_LM,6.922513597902632,17,1.6926762491444216,1.7563586584531143,1.612013453610565,1.0,1.0,1.0,1.0,1.6,1.0525290558021976,9.846153846153848,14.285714285714286,9.123852952831898,2.0307692307692307,3.3000000000000003,1.8634614030673753,2.877831725769055,11.330398627606204,6.195007476670659,0.3927,4.8174,2.077187900044677,40,150,33.79961069271506,0.0119920686928659,0.0472143376011664,0.025814905905660424
78,2,35.8945281,128.6102834,107355,SPLY_LS,3.3775496848547113,24,1.6614647501711155,1.7526899383983574,1.5932106948805211,1.0,1.0,1.0,1.0,1.6,1.0525243445091488,7.471264367816092,14.285714285714286,8.951897016781707,1.547126436781609,3.3000000000000003,1.902956130443379,8.198231463960537,13.704883057534236,7.263486739145945,3.8322,4.694,2.372957620636295,13,150,37.98873747219525,0.0341624404218967,0.057108932944898,0.03026731241635806
79,1,35.8954018,128.6109694,245334,SPLY_LS,4.531726794062256,24,1.5577002053388092,1.7526899383983574,1.5338408217730688,1.0,1.0,1.0,1.0,1.6,1.0977858414862582,7.471264367816092,10.95890410958904,8.152320113234216,1.547126436781609,2.466666666666667,1.7973186028020458,4.239813048382395,6.8299844227659285,4.824930702561285,1.6655,2.8994,1.33065619316249,13,100,35.13692331532782,0.0176675129632618,0.0284608865888867,0.02010572748410795
80,2,35.897172,128.6035242,324769,PIPE_LM,5.890196878792716,24,1.6326625598904858,1.679972621492129,1.584348677917925,1.0,1.0,1.0,1.0,1.0,1.0,8.333333333333334,14.22222222222222,8.55232419636313,2.466666666666667,3.3000000000000003,1.9863881621787614,4.639615564243669,6.228996858310379,4.11916642869357,0.0972,2.6056,0.8053695513208976,100,150,50.65478565170624,0.0193335100369815,0.0259565413584222,0.017164772466687496
81,1,35.8958181,128.5988243,142153,SPLY_LS,4.729765721816095,24,1.60621492128679,1.744476386036961,1.5897844598360278,1.0,1.0,1.0,1.0,1.2,1.1012376235472778,7.471264367816092,17.857142857142858,9.148198908826961,1.547126436781609,3.3000000000000003,1.9760843247147641,3.3183838072831997,9.3110388004507,4.477774099777247,1.0232,2.8032,0.8736965739492013,13,150,45.30923671033468,0.0138278712441394,0.038799564233418,0.018659108562476736
82,1,35.8963146,128.608057,3823,SPLY_LS,5.421364276843535,20,1.7156194387405888,1.7326488706365502,1.6509403264032976,1.0,1.0,1.0,1.0,1.0,1.0,7.471264367816092,14.285714285714286,8.207760172809524,1.547126436781609,2.2285714285714286,1.6379927754992116,6.14245221863438,6.362774822383777,4.772879121045084,2.5062,4.3744,1.7370121552751336,13,80,18.292209573167952,0.0255959055176603,0.0265140008236143,0.019888825941350864
83,2,35.8898124,128.6029721,4789,PIPE_LM,5.543329350060753,22,1.6526488706365503,1.7219712525667352,1.619740690969345,1.0,1.0,1.0,1.2,1.4,1.0901470789545988,9.846153846153848,16.3265306122449,8.516493297030785,2.0307692307692307,2.840816326530613,1.7549886484592827,3.168853961489305,9.356712345911442,5.43706358471669,0.3089,3.6677,1.753050580146316,40,100,27.208350761245264,0.013204772900224,0.0389898881810302,0.02265651581069363
84,2,35.88985515,128.6014137,245194,SPLY_LS,6.105905239968603,17,1.6573579739904176,1.7526899383983574,1.6562891839164982,1.0,1.0,1.0,1.0,1.4,1.0763285716610054,7.471264367816092,17.857142857142858,8.383947377011419,1.547126436781609,2.585714285714286,1.707243808452016,5.730940451287324,8.091924510478577,4.753290843516153,2.3863,3.0061,1.5176674710001339,13,80,22.940435989219193,0.0238811154075368,0.0337194540313897,0.019807200609473948
85,1,35.9021058,128.6014762,175753,PIPE_LM,7.713875508648171,1,1.792662559890486,1.792662559890486,1.792662559890486,1.0,1.0,1.0,1.6,1.6,1.6,35.35353535353535,35.35353535353535,35.35353535353535,4.335353535353535,4.335353535353535,4.335353535353535,12.970396944267184,12.970396944267184,12.970396944267184,0.0059,0.0059,0.0059,700,700,700.0,0.0540482925866085,0.0540482925866085,0.0540482925866085
86,1,35.896079,128.6124025,211328,PIPE_LM,5.830931668740504,13,1.6926762491444216,1.6926762491444216,1.6135628547220195,1.0,1.0,1.0,1.6,1.6,1.147143891903954,12.5,12.5,8.98742537580739,3.3000000000000003,3.3000000000000003,1.9662878468441487,11.330398627606204,11.330398627606204,6.994046713541333,0.1834,4.0667,1.8899322878685294,150,150,44.983741134272435,0.0472143376011664,0.0472143376011664,0.029144542357662367
87,1,35.8953808,128.6108597,106460,SPLY_LS,3.6609891829109578,19,1.7152908966461329,1.7526899383983574,1.5262554152453762,1.0,1.0,1.0,1.0,1.2,1.0522907907596109,7.471264367816092,10.95890410958904,8.48602962604714,1.547126436781609,2.16986301369863,1.7512662168829802,6.651676884622222,6.8299844227659285,4.946457954780331,2.7976,3.5201,1.681496223060099,13,80,27.48040936431329,0.027717870162065,0.0284608865888867,0.020612137620467333
88,1,35.8950228,128.6085868,72378,SPLY_LS,3.05764614021896,19,1.6403832991101983,1.7526899383983574,1.649722067385876,1.0,1.0,1.0,1.0,1.2,1.0932199346297822,7.471264367816092,12.5,8.678499462622241,1.547126436781609,3.3000000000000003,1.8759702233113629,9.256027669599202,9.256027669599202,6.737410105210747,4.5258,4.5258,2.1142605836203034,13,150,39.08581660015868,0.0385703301006033,0.0385703301006033,0.02807512477891839
89,1,35.8947785,128.6051035,3935,SPLY_LS,1.9257229751081257,16,1.615249828884326,1.7526899383983574,1.5559013065742524,1.0,1.0,1.0,1.0,1.6,1.2233464437035175,7.471264367816092,20.0,11.285468934440273,1.547126436781609,3.9746031746031742,2.330048540739239,3.5395949304902565,11.895530325604453,5.340178837074343,1.146,1.3338,0.5838559256373155,13,200,75.09761899283153,0.0147496690550994,0.04956926964331,0.0222527922230306
90,3,35.8976226,128.6048668,38228,SPLY_LS,4.846221393907606,14,1.6140451745379876,1.738343600273785,1.6025909223683608,1.0,1.0,1.0,1.0,1.0,1.0,7.471264367816092,17.857142857142858,9.193617234814193,1.547126436781609,3.3000000000000003,1.8357589430666321,5.17127228172148,11.565210142368242,6.089121913043051,2.1376,3.9625,2.155216833379959,13,150,30.359157092225697,0.0215489501615474,0.0481928089237555,0.025373675467745986
91,2,35.8929263,128.6060014,421834,SPLY_LS,5.633623238574878,16,1.302094455852156,1.7526899383983574,1.431928698604229,1.0,1.0,1.0,1.0,1.0,1.0,9.523809523809524,9.523809523809524,8.556088451502694,1.7523809523809524,2.466666666666667,1.874334026220505,3.338575490060037,6.9463299738447555,4.135721443964462,1.1649,3.6677,1.2028439917178895,20,100,39.31353028452493,0.0139120109958546,0.0289457043175097,0.017233758043072058
92,2,35.8961776,128.6111316,143021,SPLY_LS,4.775698230182347,25,1.7479260780287476,1.7479260780287476,1.5950060846778817,1.0,1.0,1.0,1.0,1.2,1.0763770930569938,7.471264367816092,9.523809523809524,7.885878259093083,1.547126436781609,2.466666666666667,1.8113169598979668,3.5706374906275533,6.391768630221289,4.253049728309749,1.0005,2.86,0.9165168419331465,13,100,38.091385084407456,0.0148790249553195,0.0266348194705636,0.017722670870353088
93,1,35.8933208,128.6063727,38857,SPLY_LS,7.216268675163309,13,1.6382477754962357,1.7160027378507872,1.6252030341004986,1.0,1.0,1.0,1.0,1.0,1.0,7.471264367816092,11.428571428571429,8.508162519316544,1.547126436781609,2.1333333333333337,1.682056861869304,3.346755567069559,6.508648081801384,3.650407538408922,1.0006,2.7144,0.9958928250122088,13,80,22.06336962175824,0.0139460977857572,0.0271218619892704,0.01521143073292686
94,1,35.8968082,128.5991048,319483,PIPE_LM,5.432626604538067,20,1.3954551676933606,1.7360438056125942,1.5067674243118132,1.0,1.0,1.0,1.0,1.2,1.0384790595093147,6.666666666666667,17.857142857142858,9.742678710531592,2.1333333333333337,3.3000000000000003,2.101486228975565,4.241702796456156,8.150903907775927,4.766050130404325,0.3723,2.7116,0.9754164435716753,80,150,53.566601335488876,0.0176753876379726,0.0339652241288976,0.0198603691959013
95,1,35.8915979,128.5958797,105130,SPLY_LS,8.603412809115056,18,1.7066392881587953,1.7397125256673514,1.588640609141461,1.3,1.3,1.2999999999999998,1.4,1.4,1.3101971272478894,9.523809523809524,26.31578947368421,11.366342113079211,1.7523809523809524,6.063157894736842,2.7277938211411703,10.339345302050669,34.520087141485476,12.649628320621765,1.8106,2.3871,0.9585494576288943,20,500,118.53113214384275,0.0430845688409102,0.143846929122927,0.0527116336934469
96,1,35.8942939,128.6108759,107316,SPLY_LS,9.416182397159703,10,1.593182751540041,1.7526899383983574,1.4627166940080394,1.0,1.0,1.0,1.6,1.6,1.3761077038480385,8.928571428571429,12.5,9.577059814497954,1.692857142857143,3.3000000000000003,1.9427134602594502,5.878043120439281,10.110827862435327,5.921569425479515,0.9913,2.7422,1.241954831210273,25,150,40.278369377745086,0.0244940995850265,0.0421323252441611,0.024675475874444377
97,1,35.8980429,128.6054633,177579,SPLY_LS,4.216721579106738,15,1.7429979466119097,1.7726762491444217,1.6645378633124086,1.0,1.0,1.0,1.0,1.0,1.0,7.471264367816092,12.5,8.216690032160104,1.547126436781609,3.3000000000000003,1.865225794505906,4.443015162008107,7.329114353857042,4.748670756073573,1.4963,2.781,1.262128619200678,13,150,39.02846500611525,0.0185142663308458,0.0305407859682399,0.019787948474096328
98,2,35.8903448,128.603526,48168,PIPE_LM,4.246751345794138,28,1.6926762491444216,1.862532511978097,1.5853703840465643,1.0,1.0,1.0,1.4,1.4,1.1324014767685624,8.333333333333334,17.857142857142858,9.292274947411983,2.466666666666667,2.840816326530613,1.90429495644553,7.734045304449008,44.320708637351565,7.898783312161837,0.2601,5.9138,2.3376449618647817,100,100,38.76080089540299,0.0322281534859042,0.1846866089272758,0.032914625000943935
99,2,35.9015936,128.6040458,415364,PIPE_LM,6.038755020017719,3,1.792662559890486,1.792662559890486,1.6762877502284808,1.0,1.0,1.0,1.0,1.0,1.0,33.11258278145696,33.11258278145696,25.335606541179214,4.111258278145696,4.476470588235294,3.749092605995414,7.670445998731713,8.328876530637894,6.70443252537437,0.0193,0.3853,0.12029242546317134,500,500,351.51860280433596,0.0319631319990149,0.0347068449469946,0.027937705554861195
100,1,35.8963925,128.6093905,37918,SPLY_LS,7.056257089664262,23,1.657467488021903,1.7326488706365502,1.6083075165648582,1.0,1.0,1.0,1.0,1.2,1.0062539586563592,7.471264367816092,12.5,8.43269639519448,1.547126436781609,3.3000000000000003,1.884490870587966,2.6128844119736767,6.928906419482646,3.4424185346892036,0.5438,1.8406,0.4922612393429259,13,150,41.690609506008705,0.0108880199889149,0.0288730994953051,0.014344730154976601
101,1,35.8948143,128.610655,178152,SPLY_LS,8.061872049214628,22,1.3395482546201232,1.7218069815195074,1.5827724017764886,1.0,1.0,1.0,1.0,1.6,1.0833335813035048,8.928571428571429,12.5,9.653403827583352,1.692857142857143,3.3000000000000003,2.0302786648468913,9.825014588391364,21.10882891509861,8.624842554611739,5.3338,8.1373,2.9354637145886233,25,150,47.752943647296625,0.0409413270405562,0.0879615455306616,0.0359401501671948
102,2,35.8951751,128.6108261,211327,PIPE_LM,3.696348583381318,18,1.6726899383983571,1.7526899383983574,1.474876925258363,1.0,1.0,1.0,1.2,1.2,1.0589404063306505,10.95890410958904,12.5,9.413579184113654,2.16986301369863,3.3000000000000003,1.8490063832010286,3.660392562181028,10.75799152248897,5.2114723159745795,0.3819,4.8929,1.8527613528284075,50,150,30.018784460434787,0.0152530388262364,0.0448290885737876,0.02171646571428183
103,2,35.8963992,128.5987661,142147,SPLY_LS,4.2871931109528285,18,1.6518275154004107,1.7369199178644763,1.6076788891154068,1.0,1.0,1.0,1.0,1.0,1.0,7.471264367816092,17.857142857142858,9.066022074689887,1.547126436781609,2.585714285714286,1.7066022074689888,6.047141253004638,8.331772213986536,5.800070065006569,2.5851,3.9358,2.2919828436689667,13,50,18.909631607559074,0.0251987399583329,0.0347189114042926,0.024169181964385573
104,3,35.8967871,128.6097942,211326,PIPE_LM,3.70628139622734,32,1.6526488706365503,1.792662559890486,1.633733913299062,1.0,1.0,1.0,1.0,1.2,1.0035990255072629,10.95890410958904,12.5,8.133009487966063,2.16986301369863,3.3000000000000003,1.7336070453214607,2.981066687602094,9.82201156431931,5.278397232980926,0.3669,4.8174,1.8933782688152243,50,150,27.172115975014503,0.0124222539405723,0.0409288132890967,0.02199534518969313
105,1,35.894826,128.6093499,143903,SPLY_LS,6.568498626806264,22,1.350006844626968,1.7146338124572211,1.5119889556618074,1.0,1.0,1.0,1.0,1.2,1.047565069507831,14.285714285714286,17.857142857142858,10.33028452097733,2.2285714285714286,3.3000000000000003,2.229888106817572,4.61520521590918,10.067541887924582,5.199782672957649,1.1873,2.6679,0.9746632673954223,40,150,62.317833560217025,0.0192317908949543,0.0419519504240761,0.021667754387348123
106,2,35.8958578,128.6049185,38020,SPLY_LS,7.160362741625836,20,1.6375359342915812,1.7526899383983574,1.5554949931102247,1.0,1.0,1.0,1.0,1.4,1.034875869099363,7.471264367816092,20.0,9.339742205635478,1.547126436781609,3.9746031746031742,1.9185793454998534,4.60944602477637,9.37339816098739,4.183523750199065,1.7566,2.1024,1.0085745915810624,13,200,38.660452510294824,0.0192077920575443,0.0390594188067425,0.01743295264326696
107,1,35.8957134,128.611724,3783,SPLY_LS,16.537389687026206,13,1.4025735797399042,1.7250376454483232,1.5547459500937906,1.0,1.0,1.0,1.0,1.6,1.1493690761782756,11.428571428571429,17.857142857142858,8.891569426947614,1.942857142857143,2.585714285714286,1.87063944219602,3.1196778508699734,8.6462891805545,4.99555875261069,0.6517,3.9606,1.2480470684739078,32,80,37.73298962145141,0.0129998535884677,0.0360295193298296,0.020816743100066346
108,1,35.8899151,128.601287,177107,PIPE_LM,5.224894916006969,18,1.6326625598904858,1.8396988364134157,1.662590411878286,1.0,1.0,1.0,1.4,1.4,1.114489074989708,9.846153846153848,17.857142857142858,8.822880867279157,2.0307692307692307,2.585714285714286,1.7449649623530457,3.2412683814087124,8.091924510478577,4.735768409302182,0.1616,3.0061,1.4446300939807954,40,50,23.072339380792904,0.0135065274087491,0.0337194540313897,0.019734183749982606
109,1,35.8950204,128.6087327,3773,PIPE_LM,6.3256508516881,22,1.6726899383983571,1.7526899383983574,1.6579469619598046,1.0,1.0,1.0,1.2,1.2,1.1001490520409423,12.5,12.5,8.804693487940598,3.3000000000000003,3.3000000000000003,1.9428091438994435,8.110780763982282,12.5323032848234,6.886509214571535,0.143,4.5258,1.9768704795632048,150,150,44.455676296334914,0.0337980289825523,0.0522227344030233,0.028696428222580263
110,1,35.8953002,128.6077841,106502,SPLY_LS,5.469587894907693,25,1.651663244353183,1.7526899383983574,1.6451445434720002,1.0,1.0,1.0,1.0,1.2,1.0045861338772055,7.471264367816092,15.873015873015872,8.657183587195396,1.547126436781609,3.9746031746031742,1.9140984702656132,3.3578020808795683,9.639459671027591,3.540850885615442,0.9909,1.1077,0.5004584836006053,13,200,42.988575408635306,0.0139921291611292,0.0401681104221555,0.01475490268290378
111,1,35.8964062,128.6085155,245354,SPLY_LS,7.1965861040919314,22,1.6840793976728268,1.7326488706365502,1.6898045222493518,1.0,1.0,1.0,1.0,1.0,1.0,7.471264367816092,14.22222222222222,8.053804919245469,1.547126436781609,2.5777777777777775,1.7135517989722855,4.22834008638573,6.630840916865468,4.322257054985574,1.4588,2.9729,1.2537461617349346,13,100,26.61739733679369,0.0176197045569736,0.0276310456426242,0.018011061260977592
112,2,35.8940844,128.6087432,107342,SPLY_LS,5.302236225259629,24,1.2731827515400411,1.803668720054757,1.502606980690952,1.0,1.0,1.0,1.2,1.2,1.1364167293938463,8.928571428571429,11.428571428571429,8.342948399502458,1.692857142857143,2.1333333333333337,1.7185105404891352,5.3087294482824126,29.499750631236587,5.556853517020806,2.0006,5.003,1.5526752815792075,25,80,27.57071721317462,0.0221217410474652,0.1229269358678944,0.02315568644810151
113,2,35.8976136,128.6049804,106799,SPLY_LS,3.3646975238879437,12,1.6967830253251197,1.738343600273785,1.6336553287380917,1.0,1.0,1.0,1.0,1.0,1.0,7.471264367816092,17.857142857142858,9.11002563699121,1.547126436781609,3.3000000000000003,1.9301739987624145,6.459313414520012,8.369905696957307,6.055845893495727,2.728,3.9625,1.9708141167649285,13,150,39.699265809153104,0.0269162819639756,0.0348778155345059,0.025235012630491313
114,1,35.8912066,128.6040328,73352,SPLY_LS,2.9750483236936103,20,1.2855578370978782,1.747542778918549,1.5663399566697493,1.0,1.0,1.0,1.0,1.2,1.0075760794719748,9.523809523809524,17.857142857142858,8.953719836245869,1.7523809523809524,3.3000000000000003,1.8757715594829458,2.469581372453203,6.247954502078533,4.276202162337973,0.622,2.6129,1.094423382138056,20,150,36.37822337357417,0.0102908690580811,0.0260355388078863,0.017819148220570416
115,1,35.895108,128.6111366,177234,SPLY_LS,2.0933619232941627,21,1.7439288158795343,1.7526899383983574,1.6390185772120405,1.0,1.0,1.0,1.2,1.2,1.1676459032990065,7.471264367816092,12.5,8.243464296638292,1.547126436781609,3.3000000000000003,1.819043968006399,4.78526973539599,9.135449829878205,5.563838583120711,1.2393,4.2723,1.3787107040664892,13,150,35.71718038334753,0.0199404582508818,0.0380678762135939,0.02318479356779311
116,1,35.8955536,128.6113662,3784,SPLY_LS,4.34702743955079,16,1.6573032169746749,1.7152908966461329,1.627849925964875,1.0,1.0,1.0,1.2,1.6,1.19477030277728,7.471264367816092,14.285714285714286,7.95221218745435,1.547126436781609,2.466666666666667,1.9186370253707272,4.551024977202187,8.6462891805545,5.064438925878227,1.241,3.9606,0.8168194388171197,13,100,49.51159594448381,0.0189643486312503,0.0360295193298296,0.021103770226080808
117,1,35.8929963,128.6041747,38038,SPLY_LS,8.385984627790894,19,1.6731279945242985,1.7526899383983574,1.6682817365017468,1.0,1.0,1.0,1.0,1.6,1.052908980007834,7.471264367816092,9.523809523809524,7.56758354047821,1.547126436781609,2.466666666666667,1.6247384017225777,2.0843619646713663,7.145312427849419,3.210928702091208,0.22,2.4829,0.6047337840860404,13,100,20.268207865680736,0.0086856405248838,0.0297748741524699,0.013380100448049118
118,1,35.8951425,128.6102863,143028,SPLY_LS,3.8459707229352316,19,1.1614784394250512,1.7526899383983574,1.605783209505287,1.0,1.0,1.0,1.0,1.2,1.0468692644794888,9.523809523809524,12.5,8.884346967241331,1.7523809523809524,3.3000000000000003,1.8053819693773965,6.067356905072453,10.576706729870756,7.087653817527288,3.4107,5.1749,2.710099501931561,20,150,29.09022118739294,0.0252829795912821,0.0440736657787079,0.029534607840327024
119,1,35.8929568,128.5974565,175879,SPLY_LS,8.312554391900603,16,1.765284052019165,1.765284052019165,1.6504158969739597,1.3,1.3,1.3000000000000005,1.0,1.4,1.0794023058578623,9.523809523809524,20.833333333333332,9.279370701317736,1.7523809523809524,4.966666666666667,1.988743448112339,4.1954020923170985,19.35919431283192,6.5672368079615175,0.5436,2.6413,1.0107977620523174,20,300,48.83304574328516,0.0174824502887899,0.0806707306612862,0.02736600414061599
120,1,35.8948223,128.6031508,106607,PIPE_LM,6.373821021314283,17,1.7526899383983574,1.7526899383983574,1.513601992967052,1.0,1.0,1.0,1.4,1.4,1.2103906009820127,8.333333333333334,20.833333333333332,10.089518671011966,2.466666666666667,4.966666666666667,2.10750778906531,6.678736130809035,11.180281039269092,4.132541935420782,0.0509,0.9051,0.34497199427979996,100,300,55.23340780507918,0.0278306273938877,0.0465887901046862,0.017220508871995114
121,1,35.8950854,128.6088372,143129,PIPE_LM,5.305221352433381,24,1.7526899383983574,1.7526899383983574,1.6264731630605491,1.0,1.0,1.0,1.0,1.2,1.0754653122412305,10.0,17.857142857142858,8.90153762339979,2.05,3.3000000000000003,1.8871901823308461,4.720086854834096,9.256027669599202,6.098717905169773,0.3112,4.5258,1.7610371630409742,40,150,37.76768798131026,0.0196688379284364,0.0385703301006033,0.025413662446737654
122,1,35.8966487,128.6079187,37913,SPLY_LS,4.007111803060215,24,1.7194524298425735,1.7326488706365502,1.6831111528784575,1.0,1.0,1.0,1.0,1.0,1.0,7.471264367816092,15.873015873015872,8.320616161760675,1.547126436781609,3.9746031746031742,1.8264062772737917,7.60365458680131,8.837926571575123,5.567327458620363,3.3306,4.0231,1.7290356891995977,13,200,36.410016257280596,0.0316848088459304,0.0368280819200821,0.023199331886443936
123,1,35.8900177,128.6000401,142051,PIPE_LM,20.052551671894488,2,1.5126899383983572,1.5126899383983572,1.5126899383983574,1.3,1.3,1.3000000000000003,1.6,1.6,1.5099768527099882,8.849557522123893,23.255813953488374,15.334040245215942,3.012389380530973,5.451162790697675,4.110119670082985,10.841111924119105,18.846959181375286,14.444669758225674,0.0082,0.1185,0.057847765730441716,500,500,454.9884263549939,0.4517545544340051,0.4517545544340051,0.28376310953926065
124,1,35.8921902,128.5974082,175904,SPLY_LS,3.126076423090151,23,1.7052156057494867,1.7526899383983574,1.5877004162992625,1.3,1.3,1.2999999999999998,1.0,1.4,1.0703475957854311,7.471264367816092,11.428571428571429,7.498860142280638,1.547126436781609,2.1333333333333337,1.6742365553971055,5.507428946859836,11.087842183995308,6.01532975724087,1.433,3.1734,1.3159294959126264,13,80,26.694600298738028,0.0229497317930122,0.0462035927728176,0.025066179864910502
125,1,35.8954748,128.604678,72458,SPLY_LS,6.325206303218988,21,1.6454757015742645,1.7017659137577,1.6048705318392105,1.0,1.0,1.0,1.0,1.4,1.0545571624572678,8.928571428571429,16.3265306122449,9.01419128814797,1.692857142857143,2.840816326530613,1.8820831700437237,4.754717685188042,6.742653620780288,4.155196885729939,1.4953,2.0184,0.9775296128733864,25,100,38.417923657347465,0.0198131463300628,0.0280969747704725,0.017314913182680896
126,1,35.8935192,128.5982447,36423,SPLY_LS,5.200077289511617,30,1.6130047912388776,1.7390554414784394,1.6218706308763142,1.0,1.3,1.0122348682002502,1.0,1.4,1.0310413449791718,7.471264367816092,20.833333333333332,9.260917404292831,1.547126436781609,4.966666666666667,1.8419635426120131,5.769624375492465,19.35919431283192,5.19511329578499,2.5029,2.9465,1.5776211384254895,13,300,32.96931479325485,0.0240423132538958,0.0806707306612862,0.021648296859200774
127,1,35.8971881,128.5999924,36474,SPLY_LS,5.123548115608352,20,1.7087748117727584,1.7506091718001369,1.670960218600161,1.0,1.0,1.0,1.0,1.2,1.016950343318372,7.471264367816092,16.3265306122449,9.078193359262857,1.547126436781609,2.840816326530613,1.8007826935365276,6.8867464891555965,7.826239973402112,4.869237232315898,2.9468,3.2425,1.543615253055279,13,100,28.087190864093344,0.0286974169576358,0.0326123332811652,0.020290355008921908
128,1,35.892652,128.6068654,3677,PIPE_LM,6.059643953820982,15,1.7326488706365502,1.7326488706365502,1.5567630294595367,1.0,1.0,1.0,1.0,1.6,1.037035064089454,8.928571428571429,16.3265306122449,9.587841372945023,1.692857142857143,2.840816326530613,1.819282810664776,2.526479450583996,5.1356417169384585,2.951984766416491,0.2592,1.0962,0.5714881666412462,25,100,30.456199309944086,0.010527966194556,0.0214004758165684,0.012301068120895785
129,3,35.89238803333333,128.59803996666668,142102,SPLY_LS,6.495373263334853,18,1.6113620807665985,1.7840657084188911,1.654682862175478,1.3,1.3,1.2999999999999998,1.0,1.0,1.0,7.471264367816092,14.285714285714286,8.15379120040743,1.547126436781609,2.3625,1.6416205889580306,5.634039884497611,15.680220628293926,7.841646597842902,1.6339,6.3829,2.393395773796929,13,50,17.36346079561038,0.0234773259006957,0.0653402633691322,0.03267653345554123
130,1,35.893374,128.5992472,142063,SPLY_LS,3.3922560054413315,11,1.6407118412046544,1.7276112251882272,1.6489633484233945,1.0,1.0,1.0,1.0,1.0,1.0,7.471264367816092,14.22222222222222,8.269456969967852,1.547126436781609,2.5777777777777775,1.6646783362380997,2.3798944356891965,7.5969164141379695,3.3496218006236096,0.4205,3.6123,0.9035912633100287,13,80,20.75542651957266,0.0099171391082386,0.0316567305435336,0.013958041524288554
131,1,35.8963622,128.6108785,37874,SPLY_LS,5.220132788024812,20,1.6784394250513346,1.7283230663928817,1.6093638994443191,1.0,1.0,1.0,1.0,1.2,1.0312482020298892,7.471264367816092,9.846153846153848,7.931424636625742,1.547126436781609,2.1333333333333337,1.6889145270866763,2.898233838973815,8.313526719908335,5.020573781579222,0.691,3.7106,1.7061139297547943,13,80,24.543506434491018,0.0120770853186958,0.034642881518194,0.02092098197652966
132,1,35.897053,128.6060654,3867,SPLY_LS,6.313206811813172,20,1.6350718685831622,1.712662559890486,1.66588343830554,1.0,1.0,1.0,1.0,1.0,1.0,7.471264367816092,16.3265306122449,8.141049079548358,1.547126436781609,2.840816326530613,1.7469710928588158,3.65816564824765,5.531159012045702,4.053228037360491,1.191,2.18,1.0948355508192726,13,100,29.13676359007773,0.0152437591645303,0.023048616161145,0.016890003893082997
133,3,35.895344,128.6100321,106458,SPLY_LS,6.808682973195061,25,1.713812457221081,1.7400958247775495,1.5977204088530923,1.0,1.0,1.0,1.0,1.2,1.0268055179425457,7.471264367816092,11.428571428571429,8.209578085580638,1.547126436781609,2.16986301369863,1.6823628565373652,12.604472512292295,13.490284710596164,6.598051665541936,6.2024,7.0042,2.7170571067515676,13,80,23.252370342480877,0.0525234671823476,0.0562146909032897,0.027494411192896487
134,1,35.8956355,128.6073607,177280,SPLY_LS,8.972170758695556,23,1.345407255304586,1.7526899383983574,1.6380444188575594,1.0,1.0,1.0,1.0,1.0,1.0,8.928571428571429,15.873015873015872,8.55593938643172,1.692857142857143,3.9746031746031742,1.823789191736581,2.320312342621326,8.837926571575123,3.6896667589223537,0.4893,1.9245,0.7617440191913432,25,200,35.680327171832026,0.0096688575473201,0.0368280819200821,0.01537502586776734
135,1,35.8929585,128.6094276,212239,SPLY_LS,6.964328808312295,11,1.3305133470225874,1.735934291581109,1.5653902866755198,1.0,1.0,1.0,1.6,1.6,1.3719401588927829,9.523809523809524,12.5,8.924477022355703,1.7523809523809524,3.3000000000000003,1.8700634545924872,4.272299220282296,12.838491104672691,5.59979139449079,0.6945,1.8525,0.9508580737030259,20,150,35.422810240235506,0.0178028844658773,0.0534986343577263,0.023334610730412795
136,1,35.8960729,128.6121391,37859,SPLY_LS,4.679720226085752,18,1.6501300479123886,1.7023134839151268,1.621682614783057,1.0,1.0,1.0,1.0,1.6,1.163129976053565,7.471264367816092,12.5,7.988944797285388,1.547126436781609,3.3000000000000003,1.8168397264626923,6.576928504318982,11.330398627606204,6.397770192361671,2.9032,4.0667,1.862791060036502,13,150,37.482919892961306,0.0274063899239224,0.0472143376011664,0.026659828280080664
137,2,35.89471045,128.60908725000002,143900,SPLY_LS,3.276531672251109,24,1.6160711841204654,1.808213552361396,1.553844377775711,1.0,1.0,1.0,1.0,1.2,1.0818823252458438,7.471264367816092,17.857142857142858,9.02037687340898,1.547126436781609,3.3000000000000003,1.8362392508920766,6.052880729618639,12.5323032848234,6.156983902269736,2.6679,4.6674,2.0498883365138374,13,150,32.26406500683005,0.0252226566443573,0.0522227344030233,0.025656459769953056
138,2,35.8975146,128.6045759,143361,SPLY_LS,5.714334710071117,25,1.6686926762491443,1.738343600273785,1.6352225275698276,1.0,1.0,1.0,1.0,1.0,1.0,7.471264367816092,17.857142857142858,8.425683938697924,1.547126436781609,3.3000000000000003,1.80139309877425,9.10359990803878,11.565210142368242,5.523230765165824,4.3426,4.3426,1.8317640825916497,13,150,31.9466843741296,0.037935155996793,0.0481928089237555,0.023015578759984195
139,3,35.8948747,128.6014267,38087,SPLY_LS,4.48722167446178,33,1.6274058863791925,1.792662559890486,1.5920792050485508,1.0,1.0,1.0,1.0,1.0,1.0,7.471264367816092,20.833333333333332,10.080423742534345,1.547126436781609,4.966666666666667,2.0591574338905088,4.165313889883525,20.300895475071872,5.268173677687272,1.5065,4.8473,1.3918583264422426,13,300,51.78185027369809,0.0173570712448391,0.0845948464893982,0.021952743123606695
140,2,35.8965185,128.6077883,211434,PIPE_LM,5.293962978391968,28,1.7326488706365502,1.7326488706365502,1.6716486262439954,1.0,1.0,1.0,1.0,1.0,1.0,6.666666666666667,15.873015873015872,8.254439289778887,2.1333333333333337,3.9746031746031742,1.9251761123944364,4.263446430063447,8.837926571575123,4.722532453849951,0.1109,4.3744,1.081497294788972,80,200,46.84767313063237,0.0177659944463958,0.0368280819200821,0.01967902886181539
141,2,35.8938663,128.6102529,143921,SPLY_LS,7.345021309011886,12,1.5556194387405886,1.68435318275154,1.524338747541781,1.0,1.0,1.0,1.0,1.6,1.2013298226667803,8.928571428571429,12.5,8.984179799179223,1.692857142857143,3.3000000000000003,1.8154341065161346,6.005558461360987,10.110827862435327,6.36474063598268,2.3338,4.841,2.0331096870735683,25,150,30.7624562187369,0.0250254623864143,0.0421323252441611,0.02652219246717158
142,1,35.8912764,128.5969392,175895,SPLY_LS,5.171431763349302,20,1.6402190280629707,1.712662559890486,1.668802652604804,1.3,1.3,1.2999999999999996,1.0,1.4,1.1550685102020746,7.471264367816092,8.928571428571429,7.742089924229624,1.547126436781609,2.466666666666667,1.6421724252068441,5.511539957869922,9.168596855126626,5.639574832057703,1.5313,2.511,1.0696454354851552,13,100,21.996726105430266,0.0229668625814418,0.0382060015251554,0.023500390303926002
143,2,35.901451,128.6043367,415364,PIPE_LM,12.162171797433668,8,1.792662559890486,1.872662559890486,1.7634655378196336,1.0,1.0,1.0,1.0,1.0,1.0,33.11258278145696,37.38317757009346,29.1391092974564,4.111258278145696,5.451162790697675,4.2230186737040265,7.670445998731713,10.991674565585484,8.23277907684668,0.0193,0.3853,0.08987301189436295,500,800,493.4918933244401,0.0319631319990149,0.0458028574985229,0.03430640205217391
144,2,35.8968513,128.6079403,245352,SPLY_LS,6.871099597730657,19,1.720930869267625,1.7326488706365502,1.6669385822249174,1.0,1.0,1.0,1.0,1.0,1.0,7.471264367816092,15.873015873015872,8.384831041005727,1.547126436781609,3.9746031746031742,1.8071777387318342,7.505632699420257,8.837926571575123,5.418899436372482,3.2711,3.3306,1.689296649314107,13,200,34.02453799469345,0.0312763467401191,0.0368280819200821,0.022580824896335904
145,1,35.8948146,128.609921,73264,SPLY_LS,7.282723023454585,21,1.2979329226557152,1.7526899383983574,1.5578535291791251,1.0,1.0,1.0,1.0,1.2,1.0479151885974969,7.471264367816092,12.5,8.833113594753364,1.547126436781609,3.3000000000000003,1.8567170542431213,1.8584306290232937,9.135449829878205,3.9939956861204124,0.4022,3.0009,0.8286033752152165,13,150,34.77204912756741,0.0077441733526715,0.0380678762135939,0.016643179723848024
146,2,35.895701200000005,128.60878885,72370,SPLY_LS,4.206044022231786,24,1.6132785763175908,1.7526899383983574,1.5995558427511427,1.0,1.0,1.0,1.0,1.0,1.0,7.471264367816092,14.285714285714286,8.58291323546068,1.547126436781609,2.5777777777777775,1.6900405576685282,5.517236807837452,8.520309867712145,4.9798591159243015,2.3491,3.9596,1.8419278065895879,13,80,21.477659128775088,0.022990601640099,0.0355045572342498,0.020751321929012318
147,1,35.890979,128.6032946,143987,SPLY_LS,6.927565607859949,24,1.6576317590691307,1.7353867214236824,1.6122128854142261,1.0,1.0,1.0,1.0,1.6,1.0658308058189228,7.471264367816092,17.857142857142858,8.656082871702525,1.547126436781609,3.3000000000000003,1.7967302737304882,4.395524493969576,13.56709127596379,6.930001914032701,1.5968,6.9223,2.6262500800531634,13,150,30.815427162389017,0.0183163703425959,0.0565347477015049,0.028877664475869928
148,2,35.8952327,128.6046783,245452,SPLY_LS,7.989790726363709,19,1.18984257357974,1.6824366872005476,1.5848299171449136,1.0,1.0,1.0,1.0,1.4,1.0872372166563449,9.523809523809524,16.3265306122449,9.839029790110624,1.7523809523809524,3.9746031746031742,1.962187416803006,2.5330238203988515,10.694240619905973,4.0521708169025485,0.7975,1.7929,0.7940655342235647,20,200,41.006142742035195,0.010555236910793,0.0445634353751791,0.01688559840257372
149,1,35.8943617,128.5993061,243987,SPLY_LS,5.612802702462813,15,1.666502395619439,1.693388090349076,1.6397730495844223,1.0,1.0,1.0,1.0,1.2,1.020436948039696,7.471264367816092,14.22222222222222,9.422196594294011,1.547126436781609,3.3000000000000003,2.106857605013829,2.1537066624793617,7.236886145413275,3.4579246640317636,0.2656,0.3724,0.1857231315760364,13,150,54.38769250354707,0.0089746033478846,0.0301564664122443,0.014409344971253506
150,1,35.8960952,128.6100066,177221,PIPE_LM,5.732686157672805,22,1.6926762491444216,1.7356057494866528,1.5661672040561592,1.0,1.0,1.0,1.0,1.0,1.0,9.523809523809524,14.285714285714286,8.749685180958924,1.7523809523809524,2.466666666666667,1.7666901498272713,3.1221584610193465,7.516213216766166,4.358673132864412,0.5574,3.3794,1.3685362196402386,20,100,27.765828345452597,0.0130101904149906,0.0313204362849254,0.01816280887830259
151,2,35.8932193,128.6093998,178155,SPLY_LS,6.326662586678947,17,1.6384120465434635,1.7326488706365502,1.574364138380453,1.0,1.0,1.0,1.0,1.6,1.1033795498898933,7.471264367816092,14.285714285714286,8.697229658693237,1.547126436781609,3.3000000000000003,1.774947253472981,2.5433609780937427,9.17305887454059,4.649910409392854,0.5202,2.36,1.2226961222644301,13,150,28.44160657848814,0.0105983123637655,0.0382245949831543,0.01937640917146045
152,1,35.8966337,128.6042461,245230,SPLY_LS,6.555749360882078,20,1.657741273100616,1.7726762491444217,1.6478618148963762,1.0,1.0,1.0,1.0,1.0,1.0,7.471264367816092,14.22222222222222,8.056367847543923,1.547126436781609,3.3000000000000003,1.7193890261221556,2.0230431209284228,6.228996858310379,2.837212217284772,0.1951,1.3172,0.4546898840851699,13,150,27.626078923223545,0.0084301218370647,0.0259565413584222,0.011822805170036445
153,3,35.897518033333334,128.60666433333333,245417,SPLY_LS,7.2551862149480355,24,1.584476386036961,1.7326488706365502,1.6446333003848816,1.0,1.0,1.0,1.0,1.2,1.0097912695002018,7.471264367816092,15.873015873015872,8.300969076953546,1.547126436781609,3.9746031746031742,1.8517526760008391,5.305155107852625,8.837926571575123,5.435058599163411,2.2789,3.8918,1.6693286528043088,13,200,38.18262014127454,0.0221068465921772,0.0368280819200821,0.02264816093564383
154,2,35.89027725,128.60406135,4800,SPLY_LS,3.6948961378843603,25,1.515811088295688,1.736536618754278,1.5893593128190915,1.0,1.0,1.0,1.0,1.6,1.1129058062005701,7.471264367816092,17.857142857142858,8.616236350434264,1.547126436781609,3.9746031746031742,1.7110880356207203,5.161000428812136,12.69137420831549,5.4557178546229705,2.3343,4.3354,1.8984786784570549,13,200,22.798940227840685,0.0215061468368816,0.052885590894761,0.022734249086106606
155,1,35.8975568,128.6076141,177240,SPLY_LS,5.666065048449452,17,1.6788227241615332,1.792662559890486,1.674888801498663,1.0,1.0,1.0,1.0,1.0,1.0,7.471264367816092,8.928571428571429,7.313260745603488,1.547126436781609,2.1333333333333337,1.6969255963652283,2.3292309787160264,5.225984158810472,3.336321802800636,0.3587,2.0421,0.5950180835308739,13,80,29.987424968082532,0.0097060219498586,0.0217769372889711,0.013902619768360358
156,1,35.8955517,128.6118181,142917,PIPE_LM,5.44242013472827,14,1.6326625598904858,1.7250376454483232,1.5782180654481104,1.0,1.0,1.0,1.2,1.6,1.1353354800365498,6.666666666666667,17.857142857142858,8.589477618342213,2.1333333333333337,2.585714285714286,1.879660677569462,4.931992456068436,8.6462891805545,4.894675666209553,0.1365,3.9606,1.0561188267049961,80,80,40.44990678158808,0.0205518591640599,0.0360295193298296,0.02039635823487848
157,1,35.8956685,128.6028173,106659,PIPE_LM,6.582525372131361,28,1.6326625598904858,2.350855578370979,1.5437823456364683,1.0,1.0,1.0,1.0,1.4,1.0397399528771185,15.873015873015872,26.666666666666668,10.21538725636786,3.9746031746031742,3.9746031746031742,2.347813574670916,7.641265242700235,22.833904885619297,4.890325900198853,0.0839,8.5128,0.5461777308290209,200,200,77.69709232969622,0.031841534329594,0.0951500233536198,0.020378232542423592
158,1,35.8941155,128.607839,212263,SPLY_LS,3.464944637859817,13,1.4330184804928132,1.7526899383983574,1.5609313580239899,1.0,1.0,1.0,1.0,1.6,1.056791174348072,7.471264367816092,15.873015873015872,8.95335328042645,1.547126436781609,3.9746031746031742,1.9664458308315198,1.542766289932462,12.765202636710075,3.5621917182211575,0.0543,1.3337,0.30543075795637087,13,200,45.192023579542,0.006428784268463,0.0531932376473027,0.01484383099941342
159,1,35.8963045,128.6079341,106483,SPLY_LS,7.403923884353063,30,1.676741957563313,1.7326488706365502,1.6376274485108802,1.0,1.0,1.0,1.0,1.0,1.0,7.471264367816092,15.873015873015872,8.141295920259427,1.547126436781609,3.9746031746031742,1.7327200982625564,3.503470422292657,8.837926571575123,4.532446028858832,1.0462,4.3744,1.4505842579851107,13,200,28.506327515743433,0.0145991364232146,0.0368280819200821,0.01888692922455615
160,1,35.8949517,128.5991657,142070,PIPE_LM,4.653406799798716,17,1.7726762491444217,1.7726762491444217,1.6408237804234822,1.0,1.0,1.0,1.0,1.2,1.0366430157290185,10.0,20.833333333333332,8.955052017647285,2.05,4.966666666666667,1.8703933905659682,4.020978769013839,11.17379364764396,3.13257679720936,0.1044,1.2539,0.28232040937651304,40,300,34.89789347553564,0.0167556195794191,0.0465617568194147,0.013053604142811226
161,2,35.89690885,128.60017655000001,71441,SPLY_LS,5.960038966357633,23,1.6419164955509924,1.7456810403832992,1.6359604691427991,1.0,1.0,1.0,1.0,1.2,1.0688309915074679,7.471264367816092,20.833333333333332,10.635287036334969,1.547126436781609,4.966666666666667,2.335271796004365,5.05719550467917,12.29989176013464,5.600615760643917,2.0163,2.6435,0.9425963500259674,13,300,74.21835890798776,0.0210735865277733,0.051254263959069,0.023338045905391194
162,1,35.8941678,128.6048861,3933,SPLY_LS,5.997074593048818,21,1.622861054072553,1.7526899383983574,1.6082088038129445,1.0,1.0,1.0,1.0,1.6,1.0192821213214762,7.471264367816092,20.0,8.374072708477783,1.547126436781609,3.3000000000000003,1.6712386050909909,3.979182113932101,7.415815044904918,3.3752141726914817,1.4012,1.7254,0.8176566772373485,13,150,22.555542426576192,0.0165814508278607,0.030902072082871,0.014064686218313997
163,2,35.897077,128.6077305,3696,PIPE_LM,5.561316722068894,20,1.6526488706365503,1.7326488706365502,1.6745374765728511,1.0,1.0,1.0,1.0,1.0,1.0,8.333333333333334,15.873015873015872,8.4811595010814,2.466666666666667,3.9746031746031742,1.9670512799145312,6.671798028172485,9.307766399472284,4.990610831273775,0.5587,2.19,1.0721261629570598,100,200,48.79543062795857,0.0278017159732961,0.0387859279749209,0.02079612486445934
164,3,35.8982751,128.60522816666665,245658,SPLY_LS,6.310003422835324,19,1.6316769336071184,1.7429979466119097,1.6363450431946982,1.0,1.0,1.0,1.0,1.0,1.0,7.471264367816092,9.846153846153848,7.736590677155778,1.547126436781609,2.1333333333333337,1.6242827575128378,5.4986816568415255,8.049819289561723,4.854717751166851,2.3002,3.8681,1.805285686158137,13,80,18.5854614768933,0.0229132813981414,0.0335439994705681,0.020229851604999786
165,2,35.8930297,128.5985357,210453,SPLY_LS,6.447542988925823,17,1.7202190280629708,1.7371389459274469,1.6669656610299521,1.0,1.0,1.0,1.0,1.2,1.0260932625331898,7.471264367816092,14.22222222222222,8.311848765914895,1.547126436781609,2.5777777777777775,1.6886625920179277,2.2645827101455827,6.199454171914069,3.569391896187733,0.2892,2.4949,0.8840981283155485,13,80,21.60042440341863,0.0094366293823121,0.0258334355070745,0.014873834501009047
166,3,35.892076833333334,128.6057973,107376,SPLY_LS,5.4847609229974905,18,1.6779466119096509,1.6926762491444216,1.5333474522834278,1.0,1.0,1.0,1.0,1.2,1.0128336198703651,7.471264367816092,14.22222222222222,8.693074534967208,1.547126436781609,2.5777777777777775,1.9792902278714541,5.140755675093249,8.010530522112699,4.689529370521241,2.0003,4.6252,1.2017140333249092,13,80,49.55633063614615,0.0214217859358973,0.0333802812121697,0.0195415033634305
167,1,35.8930283,128.605446,107397,SPLY_LS,4.766409638382919,20,1.7345653661875429,1.7526899383983574,1.6078350830217463,1.0,1.0,1.0,1.0,1.6,1.0824257091806622,7.471264367816092,20.0,8.744509845149391,1.547126436781609,3.9746031746031742,1.741144932048024,4.725108686066812,11.895530325604453,4.05544957388576,1.6677,2.0009,0.9945037820478708,13,200,26.6471438943923,0.0196897641502747,0.04956926964331,0.01689926114686062
168,4,35.8920942,128.59696839999998,470703,SPLY_LS,8.433142496876881,15,1.0803832991101985,1.7430527036276522,1.5948378756425314,1.3,1.3,1.3,1.0,1.4,1.0950489382688944,7.471264367816092,9.846153846153848,7.626708297617228,1.547126436781609,2.1333333333333337,1.6865079602216078,4.667843870936748,9.089498762999945,6.860335975037,2.2547,3.0691,1.7076701536479069,13,80,26.850079481864263,0.0194511388023869,0.0378763958203589,0.028587363024777886
169,1,35.8964225,128.6083507,37916,SPLY_LS,6.041844932900778,28,1.7177549623545518,1.7326488706365502,1.692448363346422,1.0,1.0,1.0,1.0,1.0,1.0,7.471264367816092,14.285714285714286,8.182485366372338,1.547126436781609,2.5777777777777775,1.7056570397606412,4.645813050637993,8.62911838142102,4.7244110579375045,1.6486,4.0231,1.5011167158649266,13,100,25.351658837919405,0.019359335272661,0.0359579677513004,0.019686857098978435
170,1,35.8943311,128.6089668,73259,SPLY_LS,6.424208358497361,17,1.748309377138946,1.808213552361396,1.5623162153208772,1.0,1.0,1.0,1.2,1.2,1.1755848877759922,7.471264367816092,10.0,7.926357689501592,1.547126436781609,2.1333333333333337,1.7279073770317614,3.3801473111023035,29.499750631236587,6.596744310097734,0.5778,3.5515,1.339098114958938,13,80,30.392513952685714,0.0140852428527288,0.1229269358678944,0.027488963377392713
171,1,35.8958428,128.6037225,38009,SPLY_LS,7.151126052600448,23,1.688788501026694,1.7526899383983574,1.600561891027513,1.0,1.0,1.0,1.0,1.2,1.0152247287478033,7.471264367816092,15.873015873015872,8.707276322477183,1.547126436781609,3.9746031746031742,1.7735103700687105,4.417613073596565,9.37339816098739,3.600619027397281,1.5617,1.5617,0.8402301294131128,13,200,29.504424468065146,0.0184084145583305,0.0390594188067425,0.015003959518115796
172,1,35.8963248,128.6004439,244082,SPLY_LS,6.961747723085332,22,1.656700889801506,1.7498973305954826,1.6450049388071735,1.0,1.0,1.0,1.0,1.0,1.0,7.471264367816092,14.22222222222222,9.225763566435306,1.547126436781609,2.5777777777777775,1.8093758597467193,4.243338978888186,4.900741015006652,3.5086500446607363,1.5083,1.8969,0.9065067391498673,13,80,29.958706957961017,0.017682205691976,0.0204216328465834,0.014620720168603475
173,3,35.8938019,128.6078556,212265,SPLY_LS,4.681297397394761,25,1.675482546201232,1.7526899383983574,1.602854485056115,1.0,1.0,1.0,1.0,1.6,1.0463532126720279,7.471264367816092,15.873015873015872,8.67575652971792,1.547126436781609,3.9746031746031742,1.9103974466489346,4.563306436717778,12.765202636710075,4.506615945113958,1.6672,2.3338,0.9483054857684112,13,200,43.043199088938586,0.0190155260871248,0.0531932376473027,0.018779293974087074
174,3,35.8954002,128.6107026,72341,SPLY_LS,6.158978070093093,16,1.7152908966461329,1.7152908966461329,1.5026911171885917,1.0,1.0,1.0,1.0,1.2,1.052035379790304,7.471264367816092,11.428571428571429,8.641303417215767,1.547126436781609,2.16986301369863,1.7982052390870473,6.8299844227659285,7.494031869458074,4.938908965840372,2.8994,2.8994,1.6142372221514807,13,80,31.271421608660276,0.0284608865888867,0.0312280055016252,0.020580680606105076
175,1,35.8974345,128.5983333,175868,PIPE_LM,13.327375247890698,12,1.7326488706365502,1.7326488706365502,1.642329409733751,1.0,1.0,1.0,1.0,1.0,1.0,8.928571428571429,16.3265306122449,9.006257990406642,1.692857142857143,2.840816326530613,1.8893913800832274,2.359344969775827,6.223703769746749,3.32197549717345,0.1759,0.9988,0.45433129040169384,25,100,39.57701984798393,0.0098315084563043,0.0259344847937231,0.013842837995496581
176,1,35.8917529,128.6062886,107379,SPLY_LS,5.473569756579247,20,1.5838740588637918,1.7219712525667352,1.5616015664427716,1.0,1.0,1.0,1.0,1.6,1.0369447349482994,7.471264367816092,14.22222222222222,8.344552507019534,1.547126436781609,2.5777777777777775,1.6665815667182973,5.391769330110192,7.590977183217203,4.687131948624205,2.3337,3.4283,1.6605016194210231,13,80,21.5630762624513,0.0224677723870356,0.0316319814713252,0.01953151318651445
177,2,35.89648125,128.59851279999998,243990,PIPE_LM,5.108940749096282,15,1.6526488706365503,1.7369199178644763,1.6302188830229103,1.0,1.0,1.0,1.0,1.0,1.0,9.523809523809524,17.857142857142858,8.502760734590915,1.7523809523809524,2.585714285714286,1.655800183251617,2.701490749662051,8.331772213986536,4.827969119446338,0.3802,3.9358,1.7604613732608143,20,50,17.26171900155231,0.0112572470283792,0.0347189114042926,0.020118388719188817
178,1,35.8927563,128.6086165,178129,SPLY_LS,6.850973923584969,20,1.6285557837097877,1.7673648186173854,1.608369721493785,1.0,1.0,1.0,1.0,1.6,1.0453150441282202,7.471264367816092,12.5,8.55050633970588,1.547126436781609,3.3000000000000003,1.8316354506486476,3.3262907285565912,9.17305887454059,4.422659144256247,1.0002,2.334,0.9545945882222368,13,150,33.84703353877596,0.0138608197804317,0.0382245949831543,0.018429441787072953
179,2,35.8926445,128.6060532,99395,PIPE_LM,7.353161010971109,27,1.6126762491444215,1.7403696098562629,1.4586884271619878,1.0,1.0,1.0,1.0,1.6,1.0502272170060798,16.3265306122449,17.857142857142858,10.750227060541533,2.840816326530613,2.840816326530613,2.079020145839117,3.2585533553769435,9.752858851332356,5.158390092046009,0.129,3.6677,1.6051357221050937,100,100,49.289034434291835,0.0135785547595234,0.0406406504764445,0.021495269433060283
180,1,35.8948437,128.6038297,106607,PIPE_LM,3.6087770252907525,16,1.7526899383983574,1.7526899383983574,1.6655282565604752,1.0,1.0,1.0,1.4,1.6,1.2612480387359322,8.333333333333334,20.833333333333332,9.385714520412124,2.466666666666667,4.966666666666667,2.160347362783605,6.678736130809035,11.180281039269092,4.55839692852909,0.0509,0.756,0.21485160766941902,100,300,64.99352561353166,0.0278306273938877,0.0465887901046862,0.018995067921027085
181,1,35.8967631,128.6092371,143046,SPLY_LS,6.6970171243882906,28,1.7051060917180014,1.792662559890486,1.6648145359611322,1.0,1.0,1.0,1.0,1.0,1.0,7.471264367816092,12.5,8.040550290234025,1.547126436781609,3.3000000000000003,1.7917007409022232,3.6785222000767286,8.419844147840761,4.293112507872506,1.1127,3.916,1.0872954837767506,13,150,34.52393139832778,0.0153285859338297,0.0350859115562598,0.017889614475930064
183,1,35.8961747,128.6118559,3781,SPLY_LS,7.481404209053074,15,1.584476386036961,1.724599589322382,1.6380414068042626,1.0,1.0,1.0,1.0,1.6,1.1359580139912901,7.471264367816092,12.5,7.8787352259649825,1.547126436781609,3.3000000000000003,1.8152107922269356,4.0591579903567245,11.330398627606204,5.187932918384522,1.5088,2.9032,1.1677248310653912,13,150,38.13873905075033,0.0169147143037159,0.0472143376011664,0.021618375867554183
184,1,35.8929279,128.6061233,420740,SPLY_LS,8.136413409239825,18,1.3092676249144422,1.7526899383983574,1.4285377211841643,1.0,1.0,1.0,1.0,1.0,1.0,9.523809523809524,17.857142857142858,9.125365003787351,1.7523809523809524,2.585714285714286,1.8926949082559392,2.565368872911648,6.9463299738447555,3.8484439157251704,0.6544,2.9441,1.0222522443375217,20,100,38.45924904606871,0.0106900203618664,0.0289457043175097,0.016036658219022518
185,1,35.8903724,128.6026803,212350,SPLY_LS,3.6700252173478445,12,1.5474606433949352,1.7366461327857632,1.630853513673884,1.0,1.0,1.0,1.0,1.2,1.0228479551258418,7.471264367816092,9.846153846153848,8.190046074780948,1.547126436781609,2.466666666666667,1.7468144445967633,4.741615498529746,6.007989239589322,4.1012755641246015,2.0007,2.3879,1.1196626132949277,13,100,28.319878300539994,0.0197585488631483,0.0250355915608306,0.017090220339485356
186,1,35.8984009,128.6055977,245237,PIPE_LM,6.030354610432676,20,1.0934154688569473,1.7726762491444217,1.6112494173997094,1.0,1.0,1.0,1.0,1.0,1.0,8.928571428571429,10.95890410958904,7.831256994145124,1.692857142857143,2.16986301369863,1.6243958738718913,1.5149852760033438,6.2997743604986995,4.274247717999534,0.1965,2.781,1.453368216126468,25,80,19.122751011371534,0.0063130193943697,0.0262514747489161,0.017811003953289918
187,1,35.8968395,128.6064995,106537,SPLY_LS,6.28650150549953,24,1.702422997946612,1.735003422313484,1.6765055396873318,1.0,1.0,1.0,1.0,1.0,1.0,7.471264367816092,8.333333333333334,7.434919703950886,1.547126436781609,2.466666666666667,1.6557646410155715,4.213378583863661,5.531159012045702,4.583125573904195,1.4237,2.18,1.4282649902371571,13,100,24.45593629053613,0.017557359227889,0.023048616161145,0.01909811342273742
188,2,35.8956008,128.6100887,106345,PIPE_LM,6.651777254025154,24,1.117015742642026,1.7400958247775495,1.5238876853676933,1.0,1.0,1.0,1.0,1.2,1.0275494211985374,11.428571428571429,14.285714285714286,8.78584030406346,1.942857142857143,2.2285714285714286,1.760809099568905,2.7546835539066277,13.490284710596164,5.360343451145827,0.8313,7.0042,1.9727369247820843,32,80,27.394144650469745,0.0114789041033066,0.0562146909032897,0.022336819178097173
189,1,35.8982769,128.605643,245237,PIPE_LM,5.83894634663952,17,1.0934154688569473,1.7726762491444217,1.6215813449034167,1.0,1.0,1.0,1.0,1.0,1.0,8.928571428571429,12.5,7.873456358479646,1.692857142857143,3.3000000000000003,1.6835730140721323,1.5149852760033438,7.329114353857042,4.333822695456332,0.1965,2.781,1.3467663232237368,25,150,24.6913919249647,0.0063130193943697,0.0305407859682399,0.01805925586310126
190,2,35.894937150000004,128.59817745,105105,PIPE_LM,5.642458846940966,25,1.7326488706365502,1.7468856947296372,1.6649669608448256,1.0,1.0,1.0,1.0,1.2,1.0054360420258388,10.0,10.0,7.773107042787431,2.05,2.1333333333333337,1.6495817559482624,4.455798382383912,10.14026367642165,5.0243837783443475,0.2521,4.7871,1.6928955924052176,40,80,21.490564442121276,0.0185675346493128,0.0422549857528328,0.02093685842354976
191,1,35.8966371,128.5993274,2883,SPLY_LS,7.938465015836501,20,1.7326488706365502,1.7326488706365502,1.5627333924421443,1.0,1.0,1.0,1.0,1.2,1.0470083665841163,9.846153846153848,12.5,9.133173232077443,2.0307692307692307,3.3000000000000003,2.04029153098307,5.49393245927012,8.150903907775927,4.9367896675540255,1.5974,2.7116,1.0550393893988435,40,150,50.569928597555645,0.0228934912544015,0.0339652241288976,0.020571849384180965
192,1,35.8950317,128.6061481,37963,SPLY_LS,5.38171606447266,25,1.6498562628336757,1.755208761122519,1.6657042387126846,1.0,1.0,1.0,1.2,1.4,1.1191376470722132,7.471264367816092,8.928571428571429,7.637497395768917,1.547126436781609,2.466666666666667,1.7478090763280536,3.595752464583602,6.631724427789186,3.7194374703054347,0.7786,2.0006,0.5637551922018599,13,100,33.02706098347802,0.0149836803075431,0.0276347272768189,0.01549908191063622
193,3,35.8952274,128.598819,210524,SPLY_LS,1.8221626119516536,25,1.7365913757700209,1.7429431895961671,1.6238022372436662,1.0,1.0,1.0,1.2,1.2,1.1405841912742385,7.471264367816092,20.833333333333332,8.872676921101931,1.547126436781609,4.966666666666667,1.9914722016742408,5.202857035714493,11.17379364764396,5.055476690628898,1.445,2.6039,0.9586434230503378,13,300,49.014617275138136,0.021680565410674,0.0465617568194147,0.02106642414368509
194,2,35.895777949999996,128.61020805,143022,SPLY_LS,5.442579757558403,22,1.708062970568104,1.7526899383983574,1.5085200029619166,1.0,1.0,1.0,1.0,1.2,1.0053869360495513,7.471264367816092,14.285714285714286,8.930541224200313,1.547126436781609,2.466666666666667,1.7615369115718649,6.901842527391452,8.90068066552235,5.206113392520175,2.9571,4.273,1.9655319321775433,13,100,26.5484841805055,0.0287603229037665,0.0370895813672649,0.021694134812301133
195,3,35.8940868,128.6042889,106591,SPLY_LS,6.070892210299506,21,1.671649555099247,1.7526899383983574,1.6869842900362924,1.0,1.0,1.0,1.0,1.6,1.0195730175425461,7.471264367816092,8.928571428571429,7.515700121728284,1.547126436781609,2.466666666666667,1.6302041855324774,2.25748597500695,7.145312427849419,3.0548833642983064,0.3225,1.7119,0.5653732946027425,13,100,21.65439296197237,0.0094070569321527,0.0297748741524699,0.012729851723199202
196,1,35.8913008,128.6057162,211229,SPLY_LS,7.528061506233701,21,1.290431211498973,1.7344010951403148,1.577013132975693,1.0,1.0,1.0,1.0,1.6,1.1619935013129319,9.523809523809524,14.22222222222222,9.965765100454638,1.7523809523809524,2.5777777777777775,1.8891634905518757,2.3421581272840255,4.669166336426763,3.398498495425905,0.5325,1.6671,0.5639358019712526,20,80,33.55654135111271,0.0097598900242989,0.0194566495822071,0.014161713155364481
197,1,35.8938755,128.6048677,177356,SPLY_LS,5.752353895985947,26,1.1613141683778234,1.7526899383983574,1.525893821487395,1.0,1.0,1.0,1.0,1.6,1.0368787857128507,8.928571428571429,20.0,8.562521913383568,1.692857142857143,3.3000000000000003,1.722021274821376,2.749997473805887,7.415815044904918,3.1631089495041285,1.0449,1.7119,0.6698110880832039,25,150,26.941113641137054,0.0114593769732228,0.030902072082871,0.013180833148031137
198,1,35.8930714,128.6079041,212258,SPLY_LS,7.019942288720845,19,1.295523613963039,1.7526899383983574,1.5574370385657825,1.0,1.0,1.0,1.0,1.6,1.05231447160094,9.523809523809524,15.873015873015872,8.90328215515878,1.7523809523809524,3.9746031746031742,1.8943931224767014,3.0690193519022246,12.765202636710075,3.352656244293372,1.0002,1.0002,0.33409180084024354,20,200,38.9876930000367,0.0127887570903441,0.0531932376473027,0.013970686202782646
199,1,35.8923093,128.6083009,4699,SPLY_LS,5.279057800471455,19,1.723230663928816,1.7526899383983574,1.627779286673775,1.0,1.0,1.0,1.0,1.6,1.23964930958301,9.523809523809524,12.5,8.913858125803365,1.7523809523809524,3.3000000000000003,1.9185248217755806,5.444132827333065,10.984649123148529,5.232133395485782,1.6675,2.3344,0.9517933414015673,20,150,41.15912463571031,0.0226859736981382,0.045773582128616,0.02180256146565898
200,1,35.8921406,128.6034955,38913,SPLY_LS,4.809404724134049,16,1.6628884325804243,1.74694045174538,1.6817755542981554,1.0,1.0,1.0,1.0,1.6,1.1055040359982429,8.928571428571429,14.22222222222222,8.790204224965871,1.692857142857143,2.5777777777777775,1.7627572778491214,3.762495078485829,7.1010527531873775,4.743559363015325,0.9539,3.0009,1.2604909937321391,25,80,28.802408339755026,0.0156785051168043,0.0295904418751694,0.019766649043652953
201,2,35.894309199999995,128.6105751,73268,SPLY_LS,8.796348770618604,19,1.0761122518822723,1.7526899383983574,1.4153138169279242,1.0,1.0,1.0,1.0,1.6,1.0823273793224624,11.428571428571429,14.285714285714286,9.428108183950286,1.942857142857143,3.3000000000000003,1.818830795081947,5.241106552514001,9.17305887454059,5.4875486279343395,2.6167,4.2009,2.0410788106041924,32,150,29.287502129733742,0.0218399530596534,0.0382245949831543,0.022866889510033742
202,1,35.894986,128.6116735,106343,SPLY_LS,9.24722163598873,14,1.714031485284052,1.7508281998631077,1.5097986634257237,1.0,1.0,1.0,1.6,1.6,1.3812994930422533,7.471264367816092,14.285714285714286,8.715144415658878,1.547126436781609,3.3000000000000003,2.038006557775706,5.33815753591357,13.591150932501026,6.39038260199253,0.9062,2.3857,0.8067290167369568,13,150,53.76031525725273,0.0222443693600286,0.0566350054932784,0.02662904382163295
203,2,35.8959027,128.6082557,37933,SPLY_LS,5.866985094267227,23,1.6823819301848049,1.7326488706365502,1.616693018192983,1.0,1.0,1.0,1.0,1.0,1.0,7.471264367816092,14.285714285714286,8.43636072593871,1.547126436781609,2.466666666666667,1.740621933338938,4.748566115280091,8.520309867712145,5.010271488956315,1.7641,3.9596,1.6987143680584331,13,100,27.28427680339135,0.0197875124306779,0.0355045572342498,0.020878051808055374
204,1,35.8970059,128.6089159,106551,PIPE_LM,5.236785196211685,25,1.792662559890486,1.792662559890486,1.6691850304450224,1.0,1.0,1.0,1.0,1.0,1.0,6.666666666666667,9.846153846153848,7.675831343365048,2.1333333333333337,2.1333333333333337,1.7170402411498056,4.8272550863218235,7.270079832046314,4.657525295962587,0.2157,3.4914,1.408683195251199,80,80,29.317696994074254,0.0201154133074573,0.0302947861641285,0.019408140784540836
205,1,35.8947789,128.6033482,106603,SPLY_LS,6.5454125223678306,15,1.2578507871321012,1.7526899383983574,1.490101048236901,1.0,1.0,1.0,1.0,1.4,1.111067344145488,9.523809523809524,20.833333333333332,9.861654316295752,1.7523809523809524,4.966666666666667,2.003178303157808,2.392370808313286,11.180281039269092,3.5593593418371166,0.6059,0.9051,0.4091912393725645,20,300,45.25818996697272,0.0099691287767818,0.0465887901046862,0.014832028345402298
206,2,35.8924255,128.6048535,4828,SPLY_LS,3.411209979538882,19,1.681615331964408,1.70652977412731,1.5288337592734702,1.0,1.0,1.0,1.6,1.6,1.4662293857578768,8.928571428571429,25.3968253968254,10.116525566627118,1.692857142857143,3.9746031746031742,2.0445402465878337,4.869544371840548,16.32730907103399,5.14902049316668,0.5629,1.5007,0.487442416588122,25,200,53.43659026084242,0.0202916348746781,0.0680367132644522,0.021456225846050177
207,1,35.8950531,128.6048475,3958,PIPE_LM,8.46698508059092,19,1.6126762491444215,1.7526899383983574,1.5020756116635614,1.0,1.0,1.0,1.4,1.6,1.2063042287630825,16.3265306122449,20.0,11.993544923080613,2.840816326530613,3.9746031746031742,2.498707469072818,4.340139081146613,10.694240619905973,4.918170530026089,0.0741,0.9649,0.3469971383561932,100,200,84.22394856680467,0.0180855765580919,0.0445634353751791,0.02049426250714516
208,1,35.894484,128.6087472,212274,SPLY_LS,7.618994041692816,20,1.2740588637919237,1.808213552361396,1.4875280877328068,1.0,1.0,1.0,1.2,1.2,1.1447770322546515,8.928571428571429,10.0,8.37215902385394,1.692857142857143,2.1333333333333337,1.7664308245968547,5.312205487780896,29.499750631236587,6.627216272915476,2.0005,7.6894,1.805538063596581,25,80,31.044474875513803,0.0221362258778573,0.1229269358678944,0.02761594157005238
209,1,35.8917042,128.5975066,142098,SPLY_LS,5.66262135030122,26,1.69201916495551,1.7237782340862422,1.6462204948988433,1.3,1.3,1.2999999999999998,1.0,1.4,1.0521160269749397,7.471264367816092,17.857142857142858,8.683107097802301,1.547126436781609,2.585714285714286,1.7177239144552796,5.614623815084877,10.463230848130024,6.316902545653114,1.4997,3.8307,1.4922122612515585,13,80,23.972365420428755,0.0233964181686494,0.0436008061057002,0.026322848752863757
210,1,35.895589,128.6002707,243996,PIPE_LM,4.976649122442926,31,1.7726762491444217,1.7726762491444217,1.6680183894107483,1.0,1.0,1.0,1.0,1.0,1.0,10.0,16.3265306122449,8.521667906167696,2.05,2.840816326530613,1.7143563717833143,4.289311017543646,6.014295435675058,4.157382704205289,0.1781,2.5474,1.2252651420415752,40,100,23.257678501682427,0.0178737734756552,0.0250618697952297,0.017324021597558605
211,2,35.8939193,128.5991765,210459,PIPE_LM,8.749716812852023,6,1.5926899383983573,1.7000136892539357,1.5389075440559874,1.0,1.0,1.0,1.0,1.0,1.0,14.22222222222222,14.22222222222222,11.294943091370671,2.5777777777777775,2.5777777777777775,2.1830264958325425,3.125728632451506,7.73932955542324,4.803245801403487,0.2221,2.0882,1.2354221075775582,80,80,57.21867406601729,0.013025067497857,0.0322501732239264,0.020015365416738366
212,1,35.8901454,128.6032536,48168,PIPE_LM,5.797336802966337,25,1.6926762491444216,1.7218069815195074,1.5862636049275158,1.0,1.0,1.0,1.4,1.4,1.1042070961260462,8.333333333333334,17.857142857142858,8.969783660007437,2.466666666666667,2.840816326530613,1.8264021390094587,7.734045304449008,7.734045304449008,5.052660590902729,0.2601,3.5239,1.4442583520949845,100,100,32.33018674003908,0.0322281534859042,0.0322281534859042,0.02105468931532117
213,1,35.8912155,128.6042629,246398,SPLY_LS,8.52475035599395,22,1.3081724845995892,1.7471047227926078,1.4913640117691889,1.0,1.0,1.0,1.0,1.4,1.0537012315693548,14.285714285714286,17.857142857142858,9.943054323429275,2.2285714285714286,3.3000000000000003,2.043781215012696,4.771519794195564,11.436825879622178,4.386447290391115,1.3337,2.0057,0.8579055940441681,40,150,47.74826637144213,0.0198831615584026,0.0476578252816796,0.01827854518142426
214,2,35.8971507,128.6089729,245342,SPLY_LS,5.813972007280722,23,1.6807392197125255,1.792662559890486,1.6614797596940145,1.0,1.0,1.0,1.0,1.2,1.004532949274174,7.471264367816092,9.846153846153848,7.7510649858726,1.547126436781609,2.1333333333333337,1.6887359224963154,5.787590585372166,7.270079832046314,4.649530619501179,2.3722,3.4914,1.4677032324444514,13,80,26.19256232917049,0.024117179348775,0.0302947861641285,0.019374826567992335
215,1,35.8929917,128.6067571,215096,PIPE_LM,5.705756259989098,14,1.7526899383983574,1.7526899383983574,1.5241703817658665,1.0,1.0,1.0,1.0,1.0,1.0,6.666666666666667,11.428571428571429,8.880234222491817,2.1333333333333337,2.1333333333333337,1.8626975370843537,4.080991870263973,4.080991870263973,2.589013037515071,0.0512,0.789,0.20620173933925526,80,80,37.62314866069322,0.0170056971729834,0.0170056971729834,0.01078854677797712
216,3,35.8944692,128.5984373,299653,PIPE_LM,4.561905515807124,25,1.6126762491444215,1.7365913757700209,1.5603617377830605,1.0,1.3,1.0148063708932868,1.2,1.4,1.168536532512846,12.5,20.833333333333332,9.703167575333287,3.3000000000000003,4.966666666666667,2.32966364646686,8.274734158515178,19.35919431283192,7.122380687955901,0.2095,3.7366,1.1442728113451268,150,300,79.36168086824473,0.0344812309752406,0.0806707306612862,0.029679316445746583
217,1,35.8965336,128.5996083,406711,SPLY_LS,14.985476595352416,16,1.6869815195071869,1.7326488706365502,1.5458927008103143,1.0,1.0,1.0,1.2,1.2,1.0982790718822832,12.5,20.833333333333332,10.932058107411738,2.3625,4.966666666666667,2.393400110357765,9.554782419668465,12.15745498850814,6.039191949437096,0.971,2.5955,0.8773089208882544,50,300,75.53595294104616,0.0398152560818794,0.0506607228098628,0.02516561481290181
218,1,35.8951476,128.6104596,143029,SPLY_LS,7.614506175559537,19,1.7152908966461329,1.7307871321013004,1.5748253442631033,1.0,1.0,1.0,1.0,1.2,1.0579082575176433,7.471264367816092,12.5,9.155517593152108,1.547126436781609,3.3000000000000003,1.832943441939807,8.813962305431714,21.10882891509861,7.412638078168575,4.0321,8.1373,2.798452568513227,13,150,30.0744764656237,0.0367282216248492,0.0879615455306616,0.030888833503632317
219,1,35.8944829,128.6086036,212275,SPLY_LS,6.372310037509759,21,1.2842984257357974,1.808213552361396,1.4207721410516772,1.0,1.0,1.0,1.0,1.2,1.0813960365392108,8.928571428571429,14.285714285714286,8.947156227420216,1.692857142857143,2.2285714285714286,1.7651412919895166,3.2546414537805153,29.499750631236587,5.720897806839154,1.1884,7.6894,1.7016180763276099,25,80,27.03088213190823,0.013562253669976,0.1229269358678944,0.02383926720598905
220,3,35.89503233333334,128.5979482,176442,SPLY_LS,0.9082821253663543,15,1.7161670088980152,1.7468856947296372,1.6726692118417272,1.0,1.0,1.0,1.0,1.0,1.0,7.471264367816092,10.0,7.809663098245464,1.547126436781609,2.1333333333333337,1.604799149473614,7.329939809559592,7.329939809559592,5.299551472430335,3.1827,3.1827,1.958352280866972,13,80,17.531205349924424,0.0305442256834253,0.0305442256834253,0.022083495963190796
221,1,35.8919762,128.6057557,244346,PIPE_LM,0.8810057421875835,15,1.6926762491444216,1.6926762491444216,1.5952633544698114,1.0,1.0,1.0,1.2,1.2,1.0463925420757316,10.95890410958904,14.22222222222222,10.150953385970706,2.16986301369863,2.5777777777777775,2.1283583037770515,3.3039363087024265,6.6229511613225664,4.5488782875375415,0.2326,2.8469,0.9169759031918613,50,80,55.0904340912799,0.0137676677951784,0.0275981686367892,0.01895540326808327
222,1,35.8924384,128.6066901,143925,SPLY_LS,5.087801408552955,12,1.293716632443532,1.7326488706365502,1.4981962041509682,1.0,1.0,1.0,1.0,1.6,1.0682411758704864,9.523809523809524,16.3265306122449,10.166362982819354,1.7523809523809524,2.840816326530613,1.8977853301837182,2.3519517715105858,5.1356417169384585,3.1833912539066556,0.535,1.3341,0.6535518298287999,20,100,35.28633601093834,0.0098007006294731,0.0214004758165684,0.01326535052459168
223,1,35.8926632,128.6087565,212253,SPLY_LS,2.1020036336227874,20,1.7673648186173854,1.7673648186173854,1.6627159812987824,1.0,1.0,1.0,1.0,1.6,1.1458566026856523,9.523809523809524,12.5,8.757003540392436,1.7523809523809524,3.3000000000000003,1.9454522085855241,5.583354756095942,9.17305887454059,5.264910082012797,1.6674,2.334,0.9164947928292513,20,150,44.41726468343039,0.0232661184363895,0.0382245949831543,0.021939143557251364
224,3,35.8968874,128.6031159,245479,SPLY_LS,6.3998604593141994,20,1.664476386036961,1.679972621492129,1.613818015319212,1.0,1.0,1.0,1.0,1.0,1.0,7.471264367816092,14.22222222222222,8.559882205153153,1.547126436781609,2.5777777777777775,1.7620089116494693,5.2810102722091345,8.23025845357996,4.610398795779484,2.1071,3.8423,1.5596944428860213,13,100,29.353270171940856,0.022006233854809,0.0342958984889903,0.019211762301952845
225,3,35.89471476666666,128.61126833333333,75978,PIPE_LM,6.05457769707077,21,1.6526488706365503,1.7385626283367557,1.6065027270743812,1.0,1.0,1.0,1.6,1.6,1.2445734046284984,8.333333333333334,17.857142857142858,9.190989772111799,2.466666666666667,3.3000000000000003,2.2352856615822785,8.711389842135526,10.110827862435327,6.643641648795356,0.272,3.3339,0.9130973659593544,100,150,70.6662947965657,0.0363007970416708,0.0421323252441611,0.02768438693261264
226,1,35.8955456,128.6022247,448649,PIPE_LM,4.159710686013353,27,1.1853524982888433,1.8126488706365504,1.5897012942304785,1.0,1.0,1.0,1.0,1.0,1.0,14.285714285714286,14.285714285714286,8.64050208009556,2.2285714285714286,2.466666666666667,1.72813181871443,2.1935418023436086,5.489577371088297,3.7345208642820342,0.184,1.869,1.015265656206454,40,100,23.589834471845784,0.0091405983674559,0.0228753433841934,0.015561935167506407
227,1,35.8905587,128.6027877,212348,SPLY_LS,7.594872928254892,22,1.6212731006160164,1.7051060917180014,1.6087309902248519,1.0,1.0,1.0,1.0,1.2,1.0170332390050905,7.471264367816092,17.857142857142858,8.191490500852709,1.547126436781609,2.585714285714286,1.7049219525384673,4.248121918934251,10.722337949692731,5.233501615741201,1.566,5.3352,1.8839039648165063,13,100,24.046714026107075,0.0177021364422949,0.0446805183532671,0.021808262907874312
228,1,35.8948435,128.6078796,107333,SPLY_LS,4.6554656319679735,25,1.2755373032169746,1.7526899383983574,1.5696483976316433,1.0,1.0,1.0,1.0,1.6,1.1196670989511368,9.523809523809524,15.873015873015872,10.18067092525093,1.7523809523809524,3.9746031746031742,2.372959175075083,2.263157811606846,12.765202636710075,5.792654897937761,0.4981,2.7825,0.787536285019572,20,200,77.08510999267894,0.0094306917588563,0.0531932376473027,0.024138282592451505
229,2,35.8921334,128.6036122,107449,SPLY_LS,8.416872758581539,19,1.7346201232032854,1.74694045174538,1.6628119380888113,1.0,1.0,1.0,1.0,1.6,1.0603125603050112,7.471264367816092,14.22222222222222,8.405028542167667,1.547126436781609,2.5777777777777775,1.7133127335282463,2.958577870516867,7.1010527531873775,4.237382734512745,0.6703,3.0009,1.1175951574775982,13,80,25.369307951266006,0.0123285419153373,0.0295904418751694,0.01765738572385128
230,2,35.8902334,128.60391405000001,38889,SPLY_LS,4.628575281294,21,1.5129637234770703,1.736536618754278,1.5876644715048362,1.0,1.0,1.0,1.0,1.6,1.0503444820409986,7.471264367816092,17.857142857142858,8.134156176536798,1.547126436781609,2.585714285714286,1.61341561765368,8.24165666916451,9.004023926559663,6.292431163817603,4.3346,4.3354,2.7218835858707933,13,50,16.524032669733444,0.0343433954232419,0.0375202179031704,0.026220875281186107
231,2,35.8950004,128.6102705,211358,SPLY_LS,4.713437093924081,21,1.6466803559206022,1.7526899383983574,1.6532390237500532,1.0,1.0,1.0,1.2,1.2,1.0875332197852872,9.523809523809524,12.5,9.532371040796052,1.7523809523809524,3.3000000000000003,2.0202762549240445,9.10844526321805,21.10882891509861,7.690742449607436,2.892,8.1373,2.2822999790128073,20,150,45.748552078919154,0.0379553468340927,0.0879615455306616,0.03204770832463662
232,1,35.8918433,128.6064363,212301,SPLY_LS,6.895859470138699,21,1.7219712525667352,1.7326488706365502,1.5809795235627133,1.0,1.0,1.0,1.0,1.0,1.0,7.471264367816092,10.95890410958904,8.293123592291757,1.547126436781609,2.16986301369863,1.6653223254633658,6.447587766819943,7.342984926015714,4.235707379931975,2.6668,3.3343,1.4580150028797323,13,80,21.207916876049325,0.026867420603727,0.0305985853359537,0.017650404437545487
233,1,35.8942835,128.6062351,38865,SPLY_LS,7.559553658369686,15,1.6155783709787817,1.712662559890486,1.6581832444384224,1.0,1.0,1.0,1.0,1.0,1.0,7.471264367816092,9.523809523809524,8.142287790124852,1.547126436781609,2.466666666666667,1.6505872347775716,4.067567744521732,7.545266404104854,4.446945976543814,1.4656,3.0012,1.4474208543617824,13,100,20.766698749296193,0.0169497581698092,0.0314415023692251,0.018530646231556848
234,1,35.8963222,128.6016409,72517,SPLY_LS,7.157111118932442,29,1.6229158110882955,1.710034223134839,1.582626656444863,1.0,1.0,1.0,1.0,1.0,1.0,7.471264367816092,20.833333333333332,10.087663646923701,1.547126436781609,4.966666666666667,1.995738111307079,3.607767678586991,64.6458046407898,5.822352008408113,1.177,31.5158,1.791629348467032,13,300,43.0256402834189,0.0150337483050559,0.2693823002284031,0.02426203193663698
235,1,35.8950986,128.6053886,439842,PIPE_LM,8.915899799599083,22,1.2153045859000684,1.7428336755646818,1.5490422961815205,1.0,1.0,1.0,1.2,1.6,1.1946604475299165,20.0,20.0,10.940685813949612,3.3000000000000003,3.9746031746031742,2.3036987004467604,5.684139428941524,11.895530325604453,4.543013007536506,0.1025,0.8093,0.2809764389250195,150,200,71.9035326992446,0.0236860932073707,0.04956926964331,0.018930962353054952
236,1,35.8892791,128.6026847,178202,SPLY_LS,3.4172225907246534,21,1.6339219712525668,1.724709103353867,1.5997186663986858,1.0,1.0,1.0,1.0,1.6,1.0829634019721737,7.471264367816092,10.95890410958904,8.23381109959096,1.547126436781609,2.16986301369863,1.672300412787656,4.941307228657365,9.405768966380684,4.628356896566379,1.9616,4.6374,1.5484447146858116,13,80,21.363996653093977,0.0205906742871766,0.0391943095713566,0.019286594605836885
237,1,35.8978484,128.6039147,106804,SPLY_LS,6.277057778727395,26,1.6471184120465434,1.7431622176591377,1.6616460051196182,1.0,1.0,1.0,1.0,1.0,1.0,7.471264367816092,14.22222222222222,7.919513142065809,1.547126436781609,2.5777777777777775,1.6507080764682325,3.613467131650881,5.358713998609821,3.797636103398728,1.1484,2.0105,1.1441314981017938,13,80,20.12704943377018,0.0150574982109458,0.022330029167907,0.01582493952466762
238,1,35.8959807,128.6123805,106432,SPLY_LS,5.792074173096283,16,1.6811772758384669,1.6926762491444216,1.614528803882817,1.0,1.0,1.0,1.0,1.6,1.1025604438628405,7.471264367816092,12.5,8.04198844361858,1.547126436781609,3.3000000000000003,1.7483449697491111,8.086060795911651,11.330398627606204,6.5446520226357014,3.7102,4.0667,2.209601709948861,13,150,30.349921763090673,0.0336950196396036,0.0472143376011664,0.027271892210924065
239,1,35.8906001,128.6050173,439264,PIPE_LM,6.381055326430383,16,1.6126762491444215,1.7526899383983574,1.6262765974241788,1.0,1.0,1.0,1.6,1.6,1.2402640494019554,15.873015873015872,25.3968253968254,11.04202152590461,3.9746031746031742,3.9746031746031742,2.316192022349961,12.69137420831549,12.69137420831549,5.208445721585786,0.1391,0.6244,0.23077075977021355,200,200,72.28613901357029,0.052885590894761,0.052885590894761,0.021703853744134
240,2,35.8947208,128.6107649,73265,SPLY_LS,3.642445325671296,26,1.7218069815195074,1.7218069815195074,1.5584580123136913,1.0,1.0,1.0,1.0,1.6,1.0698396719142387,7.471264367816092,17.857142857142858,9.631297183977502,1.547126436781609,3.3000000000000003,1.9832920172010386,10.684765383525086,21.10882891509861,7.718708810469639,5.0771,8.1373,2.62114935024401,13,150,43.35486904493385,0.0445239515914182,0.0879615455306616,0.03216424554866747
241,2,35.89030775,128.60371045,212354,SPLY_LS,5.35885292789294,34,1.6529774127310062,1.862532511978097,1.6044629784524667,1.0,1.0,1.0,1.0,1.4,1.0746778940815418,7.471264367816092,17.857142857142858,8.5325459200107,1.547126436781609,2.840816326530613,1.718718544292291,9.004023926559663,44.320708637351565,7.837580234760972,4.3344,5.9138,2.812084910740732,13,100,24.61928612672066,0.0375202179031704,0.1846866089272758,0.03265958871726067
242,2,35.8937121,128.6087386,212248,PIPE_LM,8.191308199599899,13,1.6326625598904858,1.9612594113620807,1.6513325852177252,1.0,1.0,1.0,1.2,1.2,1.1716276926021276,6.666666666666667,11.428571428571429,8.031137038417064,2.1333333333333337,2.466666666666667,1.8965766153538404,5.079539964652973,8.471485095315096,5.861907805920987,0.1705,3.0291,1.213079414032944,80,100,46.96803527530613,0.0211666970097071,0.0353011019664327,0.024426862922663
243,1,35.8944942,128.6004553,142171,SPLY_LS,5.126454407501646,18,1.7417932922655717,1.7417932922655717,1.6417109159641594,1.0,1.0,1.0,1.0,1.2,1.0123589547953022,7.471264367816092,17.857142857142858,8.84827831725522,1.547126436781609,3.3000000000000003,1.7967870725107642,3.1668153023626777,7.236886145413275,3.372095078117527,0.7805,1.5638,0.7075629202832517,13,150,29.70178702906079,0.0131962777057103,0.0301564664122443,0.014051688795269596
244,1,35.8943564,128.6046949,3941,SPLY_LS,4.773447037054794,21,1.6567556468172486,1.7526899383983574,1.6663899077672466,1.0,1.0,1.0,1.0,1.0,1.0,7.471264367816092,9.846153846153848,7.487445826896696,1.547126436781609,2.1333333333333337,1.6355524623192763,1.9111982159492704,4.494338238734722,2.8806747094120504,0.1297,1.7254,0.5330995105757277,13,80,22.158757895832203,0.0079640585257714,0.0187281321577195,0.012003915547855442
245,1,35.888788,128.6021374,144001,SPLY_LS,3.9490427558616434,20,1.7237234770704997,2.160793976728268,1.6951579207475955,1.0,1.0,1.0,1.0,1.6,1.0993540544304146,7.471264367816092,15.873015873015872,8.238631865984376,1.547126436781609,3.9746031746031742,1.7773765074999481,5.233126785718812,12.69137420831549,4.434437118971466,1.9731,2.1975,0.9476746033496627,13,400,37.91425005825347,0.0218067009724295,0.338717356431557,0.02490424880468989
246,1,35.8921106,128.6071623,244344,SPLY_LS,5.12499918627667,16,1.26798083504449,1.7326488706365502,1.576021942684143,1.0,1.0,1.0,1.0,1.0,1.0,9.523809523809524,10.95890410958904,9.330612411779434,1.7523809523809524,2.16986301369863,1.8509683432484958,2.679847694926548,6.306889499368287,2.8244551555680615,0.7845,2.334,0.4547549356901943,20,80,31.761374695190952,0.0111670593371436,0.0262811238883426,0.011769645856009836
247,2,35.892426549999996,128.6063828,246309,SPLY_LS,9.628209246156338,18,1.717864476386037,1.7403696098562629,1.546320539367182,1.0,1.0,1.0,1.0,1.6,1.0442521065639194,7.471264367816092,17.857142857142858,10.421229622307765,1.547126436781609,2.840816326530613,1.8953227339923944,3.5088772611575627,6.722384331752026,4.30649149523475,1.0003,3.3349,1.3133859437528308,13,100,30.71347043230369,0.0146216669911066,0.0280125116296272,0.01794536538521791
248,1,35.8931034,128.5975124,71431,PIPE_LM,8.676096432628066,10,1.712662559890486,1.765284052019165,1.6031162963299572,1.3,1.3,1.3,1.4,1.4,1.1751934989362571,6.666666666666667,20.833333333333332,10.690725023501814,2.1333333333333337,4.966666666666667,2.4375361188188984,8.360394191915855,19.35919431283192,7.838885496568549,0.2109,1.4644,0.5383576849201234,80,300,87.63978566046703,0.0348381806174229,0.0806707306612862,0.03266502780847591
249,1,35.8933408,128.6062061,107395,SPLY_LS,6.752025332294343,22,1.6518275154004107,1.7160027378507872,1.5541922335088039,1.0,1.0,1.0,1.0,1.0,1.0,7.471264367816092,11.428571428571429,8.418013179332316,1.547126436781609,2.466666666666667,1.713575390758541,2.9845225330022607,6.508648081801384,3.6136916335949363,0.7694,2.7144,1.0048754918151497,13,100,24.853084081942903,0.012436654621147,0.0271218619892704,0.015058433721771737
250,1,35.8935898,128.6044517,143182,PIPE_LM,4.483267994110968,25,1.7526899383983574,1.7526899383983574,1.610591359597419,1.0,1.0,1.0,1.6,1.6,1.1034626578762499,6.666666666666667,14.285714285714286,7.818609145277212,2.1333333333333337,2.2285714285714286,1.7799826085095705,6.6693469879793446,6.6693469879793446,4.035972944703453,0.0737,2.3902,0.7768487546918725,80,80,35.30740526289458,0.0277915023662593,0.0277915023662593,0.016818101059226476
251,3,35.89484863333333,128.60849043333334,4710,SPLY_LS,6.150245564266255,22,1.74217659137577,1.7526899383983574,1.6285916216101899,1.0,1.0,1.0,1.0,1.2,1.0777153146248144,7.471264367816092,14.22222222222222,9.171928403870309,1.547126436781609,3.3000000000000003,1.9211592519577747,8.303667456793782,12.5323032848234,6.855352286209448,3.6676,7.6894,2.2162764553697927,13,150,40.29500764763253,0.0346017974758325,0.0522227344030233,0.028566595744249027
252,1,35.8899469,128.6035962,246360,SPLY_LS,6.823916804633943,25,1.2049555099247091,1.736536618754278,1.5714308336297262,1.0,1.0,1.0,1.0,1.6,1.0854094677187474,9.523809523809524,15.873015873015872,8.594131006064606,1.7523809523809524,3.9746031746031742,1.7554140693049665,3.9677430735304102,12.69137420831549,4.813826039134114,1.7803,4.3352,1.5719566128732072,20,200,26.89803115261606,0.0165337837745549,0.052885590894761,0.02005945379637378
253,1,35.892658,128.597828,471694,PIPE_LM,2.9804921390054444,31,1.077371663244353,1.7526899383983574,1.5934788950509193,1.3,1.3,1.3000000000000005,1.0,1.2,1.0040519343447498,14.285714285714286,14.285714285714286,8.703804659931619,2.2285714285714286,2.5777777777777775,1.7065058782217284,2.7498840590901743,13.88447204160784,6.3945872851174705,0.2562,5.0244,1.7488693150901644,40,80,21.210487205407176,0.0114589043684317,0.0578572892209819,0.026646564946448723
254,3,35.89413726666667,128.59786540000002,142234,SPLY_LS,7.530595302873497,18,1.7084462696783025,1.912689938398357,1.6665743793190304,1.0,1.0,1.0,1.0,1.2,1.0188174521921176,7.471264367816092,12.5,8.472059324793268,1.547126436781609,2.3625,1.7029369147146203,5.558336951190896,10.429606646318751,4.61510057719346,2.1861,5.2523,1.4823638521301157,13,50,21.90939459129439,0.02316186799246,0.0434606923755425,0.01923135486019396
255,1,35.8963482,128.6060171,142922,SPLY_LS,5.279072976897116,14,1.5861738535249827,1.712662559890486,1.6010666527996886,1.0,1.0,1.0,1.0,1.0,1.0,7.471264367816092,9.523809523809524,7.935759118240002,1.547126436781609,2.466666666666667,1.8850184509804435,2.0001691308513005,6.7632247330008015,3.818979226050307,0.2349,3.1756,0.6788119586652355,13,100,44.27396413391492,0.0083348047767139,0.0281826956236509,0.015913877383912894
256,4,35.8905443,128.6033174,3686,SPLY_LS,3.6998837359629415,31,1.7244900752908967,1.7366461327857632,1.6080152171967854,1.0,1.0,1.0,1.0,1.4,1.0549863602136442,7.471264367816092,17.857142857142858,8.86030073290474,1.547126436781609,2.840816326530613,1.7679129067522814,11.965419023345127,18.040642052711146,8.50113582953964,5.7949,9.828,3.5246570419961722,13,100,27.005503908031063,0.0498604993412303,0.0751762574657499,0.035424658058483126
257,1,35.8919494,128.6032447,142915,PIPE_LM,4.656914999506761,18,1.6726899383983571,1.750171115674196,1.672748412668631,1.0,1.0,1.0,1.0,1.6,1.0931924967318458,8.928571428571429,14.22222222222222,8.316185576131234,1.692857142857143,2.5777777777777775,1.698837558097167,3.0216943897750936,7.1010527531873775,4.360688263485208,0.56,3.0009,1.1590428793108913,25,80,24.611720893064252,0.0125915516069123,0.0295904418751694,0.01817120602835599
258,1,35.8939062,128.6061585,73301,SPLY_LS,4.428988376178939,26,1.60331279945243,1.7526899383983574,1.599177354111171,1.0,1.0,1.0,1.0,1.0,1.0,7.471264367816092,9.523809523809524,7.9618882960384285,1.547126436781609,2.466666666666667,1.6501320697005497,3.7850484907768194,5.782666674014867,3.860423413262021,1.3119,2.0208,1.196943924043227,13,100,21.7649435211409,0.0157724863134915,0.0240966611639536,0.016086577384233466
259,1,35.8967216,128.6108766,211328,PIPE_LM,5.966554099016863,15,1.6926762491444216,1.7446954140999316,1.6716655297029448,1.0,1.0,1.0,1.6,1.6,1.1243956380306583,12.5,12.5,8.169764306923184,3.3000000000000003,3.3000000000000003,1.9858012019955618,11.330398627606204,11.330398627606204,5.960684089817431,0.1834,3.7106,1.2087052202828767,150,150,52.10468017755103,0.0472143376011664,0.0472143376011664,0.024838468636473696
260,1,35.894585,128.6053741,212324,SPLY_LS,4.814253974268663,16,1.6350718685831622,1.7262422997946612,1.6353622527958005,1.0,1.0,1.0,1.0,1.6,1.1208331858359304,7.471264367816092,20.0,9.22377713332786,1.547126436781609,3.9746031746031742,1.896858957018938,3.5175825594377677,11.895530325604453,4.071170245657583,1.1068,1.3338,0.6220414515935309,13,200,39.769698894866195,0.0146579424043051,0.04956926964331,0.016964769972167382
261,3,35.8938053,128.609037,38813,SPLY_LS,8.187485492137625,20,1.6010677618069815,1.9612594113620807,1.5768143153183094,1.0,1.0,1.0,1.2,1.2,1.1487995812095526,7.471264367816092,11.428571428571429,8.388334183573647,1.547126436781609,2.466666666666667,1.7770745543361508,3.579668190770269,11.777237832507907,5.596581901038612,0.8246,5.003,1.531399368924178,13,100,32.01181663746607,0.0149166563343492,0.049076338909952,0.023321236610722895
262,3,35.8948166,128.6104906,38821,SPLY_LS,9.070084704478672,20,1.6775085557837095,1.7526899383983574,1.6007767509289301,1.0,1.0,1.0,1.0,1.6,1.0938051201486525,8.928571428571429,12.5,9.815199649500945,1.692857142857143,3.3000000000000003,2.090185149367408,13.477506027813996,21.10882891509861,8.28940583183248,5.938,8.1373,2.532398495751474,25,150,52.303323133019205,0.0561614414932023,0.0879615455306616,0.0345423685715375
263,1,35.8961785,128.600401,175962,SPLY_LS,5.498320433689166,18,1.683148528405202,1.7498973305954826,1.6562434540712174,1.0,1.0,1.0,1.0,1.0,1.0,7.471264367816092,14.22222222222222,8.880953150654904,1.547126436781609,2.5777777777777775,1.7555509940122942,4.297673749480654,4.900741015006652,3.500326494786861,1.5005,1.8969,0.9226732906591376,13,80,26.42121965835429,0.0179086213977733,0.0204216328465834,0.014586035520101537
264,2,35.8917379,128.6067056,143938,SPLY_LS,7.05792400408808,24,1.6591649555099246,1.7326488706365502,1.6211851129459653,1.0,1.0,1.0,1.0,1.6,1.0346036217210963,7.471264367816092,14.22222222222222,8.352571039287984,1.547126436781609,2.5777777777777775,1.6654093445640596,7.342984926015714,7.590977183217203,4.967262758356272,3.3341,3.4283,1.74153884171239,13,80,21.370949660060646,0.0305985853359537,0.0316319814713252,0.020698832277208458
265,2,35.8980051,128.6067201,245420,SPLY_LS,6.138469990020201,17,1.5825598904859686,1.676741957563313,1.5444396463534367,1.0,1.0,1.0,1.0,1.2,1.0271280809592385,7.471264367816092,25.3968253968254,10.400904108921678,1.547126436781609,3.9746031746031742,2.126457399335903,3.801342543236208,8.106810472562733,5.331100472665094,1.3523,3.4629,1.4621844104660788,13,200,56.40061730750836,0.0158403844447924,0.0337814845796925,0.02221496222461903
266,1,35.8964534,128.607266,72413,SPLY_LS,4.840211400005399,23,1.6772895277207391,1.712662559890486,1.6703844428417314,1.0,1.0,1.0,1.0,1.0,1.0,7.471264367816092,8.928571428571429,7.747264051340734,1.547126436781609,2.466666666666667,1.6339641647691747,2.703735958458386,4.586834392114991,2.854429290386028,0.5786,1.4806,0.5348484288684738,13,100,20.952498978419204,0.011266602925694,0.0191135682536627,0.011894549574503057
267,2,35.88993655,128.60264080000002,38874,SPLY_LS,4.407177054563697,26,1.7219712525667352,1.7250924024640657,1.6659220332665547,1.0,1.0,1.0,1.2,1.4,1.1439513203565772,7.471264367816092,16.3265306122449,8.445391685980745,1.547126436781609,2.840816326530613,1.750917101046704,7.408571640039762,9.356712345911442,6.230176634670015,2.5111,3.6677,1.9857926875912124,13,100,28.14168284704529,0.0308718884526276,0.0389898881810302,0.025961457545501644
268,2,35.894287,128.60983435,143906,SPLY_LS,4.256538268703899,21,1.6603696098562628,1.7690075290896647,1.547910807513573,1.0,1.0,1.0,1.0,1.6,1.0336769981322005,7.471264367816092,12.5,8.240834460725832,1.547126436781609,3.3000000000000003,1.7451554355921044,6.783217776723115,9.768153008553307,5.340986028913234,3.0008,4.6688,1.940124435484849,13,150,26.885131776830516,0.028266007636494,0.040704381994292,0.022256155831782837
269,2,35.8961893,128.6011194,106633,SPLY_LS,4.110093699154418,22,1.6462970568104038,1.7381793292265573,1.605369757644896,1.0,1.0,1.0,1.0,1.0,1.0,7.471264367816092,20.833333333333332,9.106389602202956,1.547126436781609,4.966666666666667,1.8080716904226317,5.400855005881166,9.737784085247704,4.135344332638195,2.2127,3.0687,1.2374811765502678,13,300,31.618129236611576,0.0225056328522571,0.0405778331724314,0.017232186601319952
270,1,35.894859,128.6107751,107322,PIPE_LM,5.313979353918078,24,1.6926762491444216,1.7307871321013004,1.572653968092711,1.0,1.0,1.0,1.2,1.6,1.0880536412911852,12.5,17.857142857142858,10.019411643161149,3.3000000000000003,3.3000000000000003,2.0966516538219118,8.32402278759577,21.10882891509861,8.16242469121368,0.1592,8.1373,2.6341473787511807,150,150,51.295964368823405,0.0346866191570509,0.0879615455306616,0.03401323180952193
271,1,35.8952507,128.598274,142238,SPLY_LS,4.234252538387337,16,1.7161670088980152,1.7434360027378508,1.699421574674878,1.0,1.0,1.0,1.0,1.2,1.0068352212267202,7.471264367816092,10.0,7.777439246662954,1.547126436781609,2.1333333333333337,1.6111885321168395,2.5492776056055506,7.5568810688748576,3.7249564235217862,0.4547,3.3122,1.003456577072058,13,80,18.30080428097453,0.0106229672464386,0.0314899012580549,0.015522079664636416
272,1,35.8944278,128.6099339,143907,SPLY_LS,6.0225411621353535,27,1.6603696098562628,1.7690075290896647,1.579858841067089,1.0,1.0,1.0,1.0,1.6,1.0270208691186604,7.471264367816092,14.285714285714286,8.38380629745526,1.547126436781609,3.3000000000000003,1.7525367205584734,5.086735146401892,13.704883057534236,5.542758105776757,2.0002,4.6688,1.8736951251613467,13,150,26.60965621309078,0.021196679691814,0.057108932944898,0.023096950164676982
273,1,35.8935602,128.5984186,244034,SPLY_LS,4.202542182686525,22,1.599917864476386,1.7390554414784394,1.624020341199059,1.0,1.0,1.0,1.0,1.2,1.0043972300118666,7.471264367816092,17.857142857142858,9.044683797196596,1.547126436781609,2.585714285714286,1.7807400867803242,5.807113967439389,6.61193480496122,5.167690468421533,2.5545,2.9465,1.8326482652820832,13,80,27.22976316775799,0.0241985342580183,0.0275522629290136,0.021534024566435894
274,2,35.8940889,128.6099565,75978,PIPE_LM,7.49354301848547,22,1.6526488706365503,1.7690075290896647,1.5224758517926509,1.0,1.0,1.0,1.6,1.6,1.0590609217344558,8.333333333333334,12.5,8.547751612575604,2.466666666666667,3.3000000000000003,1.8219496599085816,8.711389842135526,9.17305887454059,5.597783905880596,0.272,4.841,1.9281345627187028,100,150,32.68917858819179,0.0363007970416708,0.0382245949831543,0.023326245424999677
275,2,35.89770685,128.6018282,38053,SPLY_LS,7.634111518451143,26,1.6955236139630392,1.7526899383983574,1.6554496108883374,1.0,1.0,1.0,1.0,1.0,1.0,7.471264367816092,15.873015873015872,8.305049563559223,1.547126436781609,3.9746031746031742,1.8450059189010042,2.5547983813076547,13.1470648457662,3.829658448638343,0.4756,1.6033,0.7535971788324798,13,200,37.96565398909331,0.010645972594828,0.05478447656555,0.01595837823839836
276,1,35.8950436,128.6055463,106515,SPLY_LS,6.29795944200936,21,1.7428336755646818,1.7451882272416157,1.6144896693781232,1.0,1.0,1.0,1.0,1.6,1.1366014047915354,7.471264367816092,20.0,8.968743772632992,1.547126436781609,3.9746031746031742,1.9864707415891323,3.219961427194624,11.895530325604453,4.003385378541667,0.8093,1.3339,0.44598427454094464,13,200,48.324737957926274,0.0134177402651913,0.04956926964331,0.01668230704165199
277,1,35.8914124,128.5968645,244019,SPLY_LS,9.613761953000282,20,1.7087748117727584,1.7089390828199864,1.6345262258149602,1.3,1.3,1.2999999999999998,1.0,1.4,1.1012145973566767,7.471264367816092,14.285714285714286,8.13222173000616,1.547126436781609,2.466666666666667,1.6412133468510923,3.422504315822781,9.351231168698456,5.199687243189795,0.5088,2.511,1.0617556993811308,13,100,19.291242760680554,0.0142617466092493,0.0389670478415248,0.021667356726733974
278,1,35.8965721,128.6112018,211328,PIPE_LM,7.176666883526934,17,1.6926762491444216,1.788062970568104,1.59771796042997,1.0,1.0,1.0,1.6,1.6,1.1393550129249037,12.5,12.5,8.423367191934904,3.3000000000000003,3.3000000000000003,1.9364852899298584,11.330398627606204,11.330398627606204,5.14210176813414,0.1834,3.1863,0.9641515952059487,150,150,46.76093146618912,0.0472143376011664,0.0472143376011664,0.021427395172903322
279,1,35.8922664,128.6035592,107448,SPLY_LS,8.596889272820608,20,1.6862149212867898,1.74694045174538,1.6298798519628872,1.0,1.0,1.0,1.0,1.6,1.2315140124902915,9.523809523809524,20.0,9.346442228128955,1.7523809523809524,3.3000000000000003,1.9078996568153317,4.447080706902542,10.837046917320585,5.13829725176183,1.2268,3.0009,0.9382980443182308,20,150,42.05066846050915,0.0185312076596982,0.0451585163568207,0.02141154156295407
280,1,35.8909028,128.6040928,178215,PIPE_LM,6.030291907990004,21,1.6126762491444215,1.7261875427789186,1.5670731540528549,1.0,1.0,1.0,1.4,1.4,1.1864811184570803,16.3265306122449,17.857142857142858,9.598400668741203,2.840816326530613,3.3000000000000003,1.9320873900871391,5.1272716507466125,11.436825879622178,5.232944956674764,0.2689,2.6129,1.2087402101280018,100,150,39.39977977126908,0.0213655973322436,0.0476578252816796,0.02180594328171152
281,3,35.89185536666667,128.60505253333332,107415,SPLY_LS,4.722843410721186,18,1.6576317590691307,1.7248733744010951,1.5883493157612205,1.0,1.0,1.0,1.0,1.6,1.103390356058752,7.471264367816092,20.0,9.732732849913196,1.547126436781609,3.9746031746031742,1.9044111166985724,5.091211711707367,11.895530325604453,4.53498187968218,2.0078,2.1692,1.0172508252933283,13,200,39.62203463395356,0.0212153337632701,0.04956926964331,0.01889749624172958
282,2,35.8963635,128.6005926,2874,SPLY_LS,8.078137705782769,19,1.7498973305954826,1.7498973305954826,1.6493483309606571,1.0,1.0,1.0,1.0,1.0,1.0,7.471264367816092,14.22222222222222,9.505828121404148,1.547126436781609,2.5777777777777775,1.8537693517457723,3.2147856071908913,6.610553578715501,3.5209937646003024,0.7991,3.0687,0.8853308705353773,13,80,33.06470442103231,0.0133961723644448,0.0275465072901864,0.014672157066777644
283,1,35.8970288,128.6009761,177397,SPLY_LS,1.948392089640825,24,1.6518275154004107,1.772785763175907,1.6483551901578712,1.0,1.0,1.0,1.0,1.0,1.0,7.471264367816092,9.846153846153848,7.9712057463782084,1.547126436781609,2.0307692307692307,1.6324263212235686,3.912905714964759,8.427335725533606,3.842159363396467,1.3198,4.0782,1.2249594421466319,13,40,17.984521767494087,0.0163052737595439,0.0351171293350848,0.016010470175241206
284,1,35.8947855,128.6115404,4734,SPLY_LS,3.9414438127233073,14,1.6689664613278576,1.7508281998631077,1.5561146807624313,1.0,1.0,1.0,1.6,1.6,1.3694489739575877,7.471264367816092,12.5,8.946789040636636,1.547126436781609,3.3000000000000003,2.189010245523584,5.890412334742854,13.591150932501026,6.713887473932944,1.1602,1.4757,0.7033605324489429,13,150,66.84327773593974,0.0245456427194902,0.0566350054932784,0.027977104798252238
285,1,35.8935864,128.6046368,211477,PIPE_LM,4.828993044710991,22,1.6326625598904858,1.7526899383983574,1.6457429944751962,1.0,1.0,1.0,1.6,1.6,1.1164755988097068,6.666666666666667,14.285714285714286,7.380570735825922,2.1333333333333337,2.2285714285714286,1.789730310706818,6.294781748592877,6.6693469879793446,3.81988887787056,0.0879,2.3453,0.5056139499408904,80,80,39.27272544082117,0.0262306702854739,0.0277915023662593,0.01591766794853048
286,3,35.89703136666667,128.60700156666667,177315,SPLY_LS,8.70315112832236,18,1.563066392881588,1.7418480492813142,1.6449453111736523,1.0,1.0,1.0,1.0,1.0,1.0,7.471264367816092,15.873015873015872,7.986384229990986,1.547126436781609,3.9746031746031742,1.7344054926374635,4.015641591510595,8.837926571575123,5.200993832127742,1.5159,3.3989,1.7602133398290523,13,200,29.583500274550204,0.0167333792939042,0.0368280819200821,0.021672801348167858
287,1,35.8968985,128.5996514,308962,PIPE_LM,6.512484493842833,19,1.7326488706365502,1.7526899383983574,1.6461953497076534,1.0,1.0,1.0,1.0,1.2,1.0142176669432565,12.5,16.3265306122449,8.871354004568364,2.3625,2.840816326530613,1.7934554073250648,5.102139624973359,11.659624372614612,5.324814008985385,0.2297,6.0861,1.6687496217262794,50,100,26.869360176384255,0.0212608709242452,0.0485862377419037,0.022188766216142516
288,1,35.8958679,128.6034297,406871,SPLY_LS,5.930343633449934,18,1.6867624914442163,1.7526899383983574,1.5752953719276601,1.0,1.0,1.0,1.0,1.2,1.0387017859882095,7.471264367816092,15.873015873015872,9.289301845432155,1.547126436781609,3.9746031746031742,1.9778747725465629,3.3001492612506995,9.37339816098739,4.015758295243985,0.916,1.5617,0.7025824844012217,13,200,45.62201835839877,0.0137518869790947,0.0390594188067425,0.016733865604196405
289,1,35.8968767,128.6080844,106482,SPLY_LS,7.481712390527071,19,1.7187953456536618,1.7326488706365502,1.6616488942380438,1.0,1.0,1.0,1.0,1.0,1.0,7.471264367816092,14.22222222222222,8.181505870375005,1.547126436781609,2.5777777777777775,1.6916574723816116,6.651401190130229,8.62911838142102,5.40623162317312,2.7897,4.0231,1.9483891726696143,13,100,23.79894505414373,0.0277167213293321,0.0359579677513004,0.02252803748534349
290,1,35.8964105,128.5988983,36483,SPLY_LS,10.653369411416776,22,1.625763175906913,1.7369199178644763,1.6247077477676648,1.0,1.0,1.0,1.0,1.2,1.020979656219951,9.523809523809524,17.857142857142858,8.748116306090735,1.7523809523809524,3.3000000000000003,1.8062383925023164,7.98803052816858,8.331772213986536,5.711784736302853,3.1486,3.9358,1.87293933102927,20,150,31.21528738700185,0.0332865226124048,0.0347189114042926,0.023801292585410742
291,1,35.8927626,128.6040563,3955,SPLY_LS,4.085416386885011,13,1.6593292265571526,1.747378507871321,1.5701480372776015,1.0,1.0,1.0,1.0,1.6,1.2578387266149718,9.523809523809524,25.3968253968254,9.741502071563147,1.7523809523809524,3.9746031746031742,2.079351950712931,3.8060613620530166,12.482253272236944,4.670463721783316,0.9367,0.9541,0.43899413328145076,20,200,54.21160217379731,0.015860047998743,0.0520141734980749,0.01946205585185713
292,1,35.8919607,128.5968657,175900,SPLY_LS,3.893676672254528,11,1.6663381245722109,1.7430527036276522,1.5930601129958264,1.3,1.3,1.2999999999999998,1.0,1.2,1.032255330567527,7.471264367816092,9.846153846153848,7.9569008214357675,1.547126436781609,2.0307692307692307,1.616323215319482,9.000963262555072,9.089498762999945,6.276218472000757,3.0691,3.0691,1.8295254393645015,13,40,17.622904474840507,0.0375074639632301,0.0378763958203589,0.02615331618375073
293,1,35.8964988,128.6085216,211434,PIPE_LM,6.9906265909559995,22,1.7326488706365502,1.7328131416837782,1.6938210785700623,1.0,1.0,1.0,1.0,1.0,1.0,6.666666666666667,14.22222222222222,8.071250573763862,2.1333333333333337,2.5777777777777775,1.7840833694739442,4.263446430063447,5.89630539208518,4.281800096548597,0.1109,2.4027,1.0869753833747837,80,100,33.62957135899392,0.0177659944463958,0.0245701993840885,0.017842475092322785
294,1,35.8957541,128.612599,177205,SPLY_LS,5.3728796043449645,16,1.8070636550308008,1.8070636550308008,1.6345280331341974,1.0,1.0,1.0,1.6,1.6,1.2791774426555553,9.523809523809524,12.5,8.577689848866994,1.7523809523809524,3.3000000000000003,1.9004017696928803,6.55414790596961,11.330398627606204,6.1863328667822834,0.914,3.7102,1.3359861358665743,20,150,40.801130032653504,0.0273114620315706,0.0472143376011664,0.025778758372525065
295,2,35.8959285,128.612761,3779,SPLY_LS,5.314642265130303,11,1.64580424366872,1.8070636550308008,1.577575999259395,1.0,1.0,1.0,1.0,1.6,1.2854073645615718,9.523809523809524,12.5,9.398408627942764,1.7523809523809524,3.3000000000000003,2.226898638824363,4.055140383064223,15.476603074900533,7.523738225482178,1.0804,3.4892,1.0948320158861904,20,200,75.36224867348812,0.0168979727332477,0.6449177884326426,0.0811387666792059
296,1,35.8945009,128.6106126,212283,SPLY_LS,4.52921761586339,19,1.2481040383299111,1.7218069815195074,1.4714162846842207,1.0,1.0,1.0,1.0,1.6,1.0674769201024819,9.523809523809524,14.285714285714286,9.292716815869484,1.7523809523809524,3.3000000000000003,1.895382087221768,3.2579412547359503,13.477506027813996,6.188513356905738,1.204,5.938,2.1272323985478674,20,150,36.88010990596096,0.0135760041055474,0.0561614414932023,0.025787844583894007
297,1,35.8930396,128.6087085,38791,SPLY_LS,5.268663982667524,15,1.747542778918549,1.7526899383983574,1.6250804117578486,1.0,1.0,1.0,1.0,1.2,1.039592653845991,9.523809523809524,12.5,9.103176464374556,1.7523809523809524,3.3000000000000003,1.8800099007642481,2.7098662387307844,9.17305887454059,4.327042110226237,0.3093,2.0006,0.8469776538153003,20,150,35.48801308830031,0.0112921481101031,0.0382245949831543,0.0180310008254182
298,1,35.8959559,128.6044328,72486,PIPE_LM,5.919299172782952,26,1.6326625598904858,1.7726762491444217,1.6497999731915198,1.0,1.0,1.0,1.2,1.4,1.0725154922278786,15.873015873015872,16.3265306122449,8.983673273662614,3.9746031746031742,3.9746031746031742,2.029409890890052,9.37339816098739,9.37339816098739,4.43251594005708,0.108,1.4907,0.6407634264273222,200,200,52.452991538611656,0.0390594188067425,0.0390594188067425,0.018470515548014804
299,2,35.8966439,128.6027469,245481,SPLY_LS,5.364659668755051,33,1.6666666666666667,1.7726762491444217,1.6407504675266047,1.0,1.0,1.0,1.0,1.2,1.0034792004621693,7.471264367816092,15.873015873015872,8.37846041415587,1.547126436781609,3.9746031746031742,1.8508535355389806,4.326899146506542,12.679749726974537,6.0483975803508825,1.5424,6.0459,2.0129198252717693,13,200,37.458287347987145,0.01803040508845,0.0528371510997892,0.02520397513720109
300,1,35.8940245,128.6093829,4719,SPLY_LS,4.951818753709781,21,1.2503490759753593,1.7549897330595483,1.4827752705896011,1.0,1.0,1.0,1.0,1.2,1.0091456152988865,9.523809523809524,12.5,8.70868754619949,1.7523809523809524,3.3000000000000003,1.8074722226495163,2.46858307947214,9.17305887454059,3.5899791146383544,0.667,2.334,0.8686206996588446,20,150,31.978647036171875,0.0102867091213143,0.0382245949831543,0.014959622469653714
301,1,35.89267,128.6042972,211469,SPLY_LS,7.0217188609512124,20,1.5867214236824094,1.7526899383983574,1.5493205683612805,1.0,1.0,1.0,1.6,1.6,1.40787866533854,7.471264367816092,25.3968253968254,9.618834399914165,1.547126436781609,3.9746031746031742,2.032676400012197,3.7302283968969783,12.482253272236944,4.6929752480957605,0.4389,0.946,0.3490139397161479,13,200,53.516077018093995,0.0155440482412895,0.0520141734980749,0.019555862507577387
302,2,35.8950104,128.610865,142997,PIPE_LM,6.673118840726925,22,1.6726899383983571,1.7526899383983574,1.5610920285563223,1.0,1.0,1.0,1.2,1.2,1.0894991943199197,12.5,12.5,9.46672646643768,3.3000000000000003,3.3000000000000003,1.9742675791188418,9.135449829878205,21.10882891509861,7.096617869850979,0.2874,8.1373,2.34632856325898,150,150,42.19328745201396,0.0380678762135939,0.0879615455306616,0.029571961494562465
303,1,35.8974142,128.606475,72433,PIPE_LM,4.93649112385757,28,1.5726488706365505,1.7353319644079397,1.652610674465648,1.0,1.0,1.0,1.0,1.2,1.0141325037208593,10.95890410958904,15.873015873015872,8.932785630342133,2.16986301369863,3.9746031746031742,2.0311175004855144,2.467146396596464,8.837926571575123,5.457294043473332,0.1888,3.8918,1.394541839243429,50,200,51.739071115374394,0.0102807223919372,0.0368280819200821,0.02274081714385551
304,1,35.8952943,128.6093955,3842,SPLY_LS,5.811569205306904,25,1.5411088295687887,1.7612867898699522,1.580455416634202,1.0,1.0,1.0,1.0,1.2,1.0262864261566678,7.471264367816092,17.857142857142858,8.96661221630547,1.547126436781609,3.3000000000000003,1.9255989735722479,4.588389619964617,9.135449829878205,5.1365757777857874,1.9157,3.7035,1.4736021597640216,13,150,41.67602209891576,0.0191200489658735,0.0380678762135939,0.02140436809482223
305,1,35.8942994,128.6059823,38864,SPLY_LS,4.579274545341233,20,1.6286105407255305,1.7328131416837782,1.6574273240368556,1.0,1.0,1.0,1.0,1.0,1.0,8.928571428571429,9.523809523809524,8.26498672325556,1.692857142857143,2.466666666666667,1.7868146304675265,7.545266404104854,7.545266404104854,4.9721326361229705,3.0008,3.3345,1.4680917384882453,25,100,33.74135054890147,0.0314415023692251,0.0314415023692251,0.020719125301356188
306,1,35.8917172,128.6032125,178247,SPLY_LS,11.272157699531196,21,1.738507871321013,1.9878165639972625,1.64889735342917,1.0,1.0,1.0,1.0,1.6,1.0799577583180842,7.471264367816092,14.22222222222222,7.907461556495766,1.547126436781609,2.5777777777777775,1.6546949856002502,3.551043066479306,10.042587287638728,4.190811663276805,1.0003,2.3344,0.962538843608181,13,80,21.53127617318182,0.0147973740101725,0.0418479633569549,0.017463321741457555
307,1,35.8980531,128.6052826,106789,SPLY_LS,7.008969052566769,17,1.619356605065024,1.7726762491444217,1.6393201747424686,1.0,1.0,1.0,1.0,1.0,1.0,7.471264367816092,12.5,7.772262292703211,1.547126436781609,3.3000000000000003,1.73661796317247,3.352148407756522,7.329114353857042,4.598220326934049,1.0272,3.0003,1.3765870816008472,13,150,29.881040504830008,0.0139685700225418,0.0305407859682399,0.019161014013350484
308,2,35.8980324,128.6046759,434486,PIPE_LM,2.3516565068587374,20,1.2399452429842572,1.7457905544147845,1.6140542434740386,1.0,1.0,1.0,1.0,1.0,1.0,17.857142857142858,17.857142857142858,9.237833268683403,2.585714285714286,2.585714285714286,1.7309393542614349,2.701151327626649,7.52436575336309,4.423094850611582,0.1874,3.4158,1.4971842352780074,50,50,19.92947313650536,0.0112558326397866,0.0313544083125516,0.018431257397240938
309,1,35.8952054,128.597639,244134,SPLY_LS,25.594512021267157,1,1.2261464750171116,1.2261464750171116,1.2261464750171116,1.0,1.0,1.0,1.0,1.0,1.0,7.471264367816092,7.471264367816092,7.471264367816092,1.547126436781609,1.547126436781609,1.547126436781609,1.6696272223916226,1.6696272223916226,1.6696272223916224,0.3335,0.3335,0.3335,13,13,13.0,0.006957420117067,0.006957420117067,0.006957420117067
310,1,35.8980786,128.6072778,72433,PIPE_LM,6.055845399360098,21,1.5726488706365505,1.7431622176591377,1.6029005007631607,1.0,1.0,1.0,1.0,1.2,1.0140799444801134,10.95890410958904,10.95890410958904,8.506114803368831,2.16986301369863,2.466666666666667,1.7825502488628182,2.467146396596464,8.465361822042835,4.875339115107761,0.1888,3.8646,1.6007247653033483,50,100,29.71968102910062,0.0102807223919372,0.0352755859805435,0.020315781859609736
311,1,35.8981994,128.60719,245422,SPLY_LS,3.4948888806581353,15,1.702422997946612,1.7431622176591377,1.6208913427432845,1.0,1.0,1.0,1.0,1.2,1.0149391768196667,7.471264367816092,15.873015873015872,8.902027517735432,1.547126436781609,3.9746031746031742,1.8405896923382399,6.87957437297605,8.465361822042835,5.219315186775037,2.9574,3.8646,1.742595589908186,13,200,32.4339632479323,0.0286675303909098,0.0352755859805435,0.02174914734905085
312,3,35.8954183,128.6116362,245304,PIPE_LM,5.6823997164053806,16,1.6326625598904858,1.7250376454483232,1.4970933822698644,1.0,1.0,1.0,1.6,1.6,1.0984743483992014,6.666666666666667,17.857142857142858,9.644539499750634,2.1333333333333337,2.585714285714286,1.8937062038247288,6.547059057388399,8.6462891805545,4.785562657539426,0.1315,3.9606,1.26498891527895,80,80,35.42992732362447,0.0272819224450903,0.0360295193298296,0.019941678872099623
313,1,35.8965019,128.6100277,37856,PIPE_LM,5.133885352459434,26,1.6326625598904858,1.7526899383983574,1.6047073141136199,1.0,1.0,1.0,1.2,1.2,1.019074358423576,6.666666666666667,14.285714285714286,8.058741953503318,2.1333333333333337,2.2285714285714286,1.7076594043617344,5.026596446866757,5.857755626171415,3.704285581096622,0.1583,2.507,0.9183715504856668,80,80,26.10802117375906,0.0209460787239161,0.0244095605820376,0.015435943230708635
314,1,35.8896873,128.6025124,48168,PIPE_LM,3.0578932446560456,22,1.6926762491444216,1.7250924024640657,1.6618459574441382,1.0,1.0,1.0,1.4,1.4,1.1860523141770454,8.333333333333334,16.3265306122449,8.412096185071121,2.466666666666667,2.840816326530613,1.7984673028010467,7.734045304449008,9.356712345911442,6.259383564138349,0.2601,4.0826,1.7628492671398606,100,100,33.38842155562354,0.0322281534859042,0.0389898881810302,0.026083164280942657
315,1,35.897229,128.6064352,106545,PIPE_LM,5.966546835046235,29,1.712662559890486,1.7353319644079397,1.6700719111078,1.0,1.0,1.0,1.0,1.2,1.0097649454911595,8.333333333333334,15.873015873015872,9.186156816485658,2.466666666666667,3.9746031746031742,2.202526293706654,5.207624539356606,8.837926571575123,5.642966636769158,0.174,3.8918,1.0691730227226675,100,200,67.48855859269534,0.0217004318367259,0.0368280819200821,0.023514524123748878
316,1,35.8966676,128.6094023,3816,SPLY_LS,5.903062619947229,25,1.6689664613278576,1.792662559890486,1.6437853244245482,1.0,1.0,1.0,1.0,1.2,1.0065480181638338,7.471264367816092,12.5,8.262661808431409,1.547126436781609,3.3000000000000003,1.9686163751872798,4.8410752702500215,6.928906419482646,4.430140739606717,1.8406,2.7986,0.8294192505684473,13,150,51.05052946361463,0.0201730027048953,0.0288730994953051,0.018460617968978126
317,1,35.8929835,128.5978688,2823,SPLY_LS,5.97466743607566,22,1.7346201232032854,1.765284052019165,1.5990785605462052,1.3,1.3,1.2653402278002701,1.0,1.2,1.0566274540838285,7.471264367816092,17.857142857142858,8.436790762021891,1.547126436781609,2.585714285714286,1.799786720208093,5.711084406868653,8.026601422655189,5.087831865999575,1.4802,2.6413,0.9511771089556439,13,80,33.545806183286246,0.023798374277642,0.0334472494582753,0.021201249777213483
318,2,35.8896752,128.6029024,107437,SPLY_LS,9.346293724272924,27,1.634360027378508,1.7250924024640657,1.6346319945233758,1.0,1.0,1.0,1.0,1.4,1.0430813011807507,7.471264367816092,10.95890410958904,7.9639256301353845,1.547126436781609,2.466666666666667,1.637715693789002,5.249210029588316,9.405768966380684,5.797050027173295,2.1453,4.6374,2.206410096179692,13,100,19.496362392957245,0.0218737206537959,0.0391943095713566,0.024156597315732428
319,1,35.8969769,128.6102656,211328,PIPE_LM,6.212083529117303,16,1.6926762491444216,1.7529089664613278,1.639428354698278,1.0,1.0,1.0,1.6,1.6,1.0893471590320665,12.5,14.285714285714286,9.135180572694004,3.3000000000000003,3.3000000000000003,1.9394124405038462,11.330398627606204,11.330398627606204,6.176218258869782,0.1834,4.8174,1.7389358168821318,150,150,40.866712368331854,0.0472143376011664,0.0472143376011664,0.025736610295623293
320,2,35.895536,128.60483725,38022,SPLY_LS,9.820887056000977,20,1.6271868583162217,1.7219712525667352,1.6018900896453632,1.0,1.0,1.0,1.0,1.4,1.028959513375569,7.471264367816092,16.3265306122449,8.55076359908845,1.547126436781609,2.840816326530613,1.7852926108644396,4.590118080421792,6.742653620780288,4.096461495758971,1.7625,2.0184,1.1565536497000004,13,100,30.15088063513941,0.0191272515470216,0.0280969747704725,0.017070159875902366
321,1,35.8924459,128.6078682,246255,SPLY_LS,6.569212481734956,19,1.5942231348391511,1.7526899383983574,1.5869954350964297,1.0,1.0,1.0,1.0,1.6,1.0944157953532025,7.471264367816092,16.3265306122449,8.942386401521246,1.547126436781609,3.9746031746031742,1.9740959713689665,4.884738905773068,12.765202636710075,5.334244155095412,2.0006,2.5722,1.2902964471739438,13,200,48.10140033062072,0.0203549512573016,0.0531932376473027,0.022228062106490292
322,1,35.8931545,128.605574,4760,SPLY_LS,7.1368460663032565,22,1.6285010266940452,1.7526899383983574,1.6283083685390363,1.0,1.0,1.0,1.0,1.6,1.064409326316003,7.471264367816092,15.873015873015872,8.338856938929286,1.547126436781609,3.9746031746031742,1.7010180908955672,4.990266086657029,11.895530325604453,4.081740576100769,2.0009,2.6675,1.063610897307684,13,200,24.337273673137275,0.0207946882964041,0.04956926964331,0.01700881706764067
323,1,35.8930412,128.6055699,143954,SPLY_LS,4.508754019215053,20,1.7329226557152635,1.7526899383983574,1.5910445367888932,1.0,1.0,1.0,1.0,1.6,1.0514857472428885,7.471264367816092,15.873015873015872,8.418529432059831,1.547126436781609,3.9746031746031742,1.705999748788929,3.390284624942996,11.895530325604453,3.9011395621167355,0.9159,2.6675,1.0352203794759547,13,200,24.291859726218227,0.0141274855463687,0.04956926964331,0.016256243612318512
324,1,35.8966845,128.6057377,106526,SPLY_LS,5.98615657881203,22,1.6344695414099932,1.74217659137577,1.6632820755097044,1.0,1.0,1.0,1.0,1.0,1.0,7.471264367816092,16.3265306122449,7.868614755110465,1.547126436781609,2.840816326530613,1.7170115247668383,2.7730731162052846,6.7632247330008015,3.8768512399338784,0.6615,3.1756,0.9766426121864019,13,100,28.864113572933192,0.0115555343288832,0.0281826956236509,0.016155032959366416
325,1,35.8915586,128.6029318,178244,SPLY_LS,4.887208627071667,19,1.757782340862423,1.9878165639972625,1.6681700446844683,1.0,1.0,1.0,1.0,1.6,1.1641776817905416,7.471264367816092,12.5,8.21187944428826,1.547126436781609,3.3000000000000003,1.8794546546591036,4.787635793148594,10.484975103170148,4.78418967424188,1.6673,1.6673,0.6981153798766058,13,150,40.78057318170832,0.0199503177318398,0.0436914155036651,0.019935957582049572
326,1,35.8902302,128.6035788,246362,SPLY_LS,3.957317009927155,29,1.5475701574264202,1.7218069815195074,1.5584457225596136,1.0,1.0,1.0,1.0,1.4,1.0459516265752482,7.471264367816092,17.857142857142858,8.647893356309519,1.547126436781609,2.840816326530613,1.7383470607764544,7.149036030163712,13.740405465818878,6.014296511653771,3.5239,5.6684,2.349664443894363,13,100,25.564423103398283,0.0297903905894937,0.0572569565963405,0.025061874278886797
327,1,35.8901375,128.6034434,106340,PIPE_LM,2.010441323403995,28,1.712662559890486,1.7218069815195074,1.5569040470246571,1.0,1.0,1.0,1.0,1.4,1.0322716348217502,9.523809523809524,17.857142857142858,8.770703693253012,1.7523809523809524,2.840816326530613,1.7436488407709447,3.887825976838121,8.864037257421225,4.803367984518029,0.9167,4.3352,1.6920471840938769,20,100,25.120086118615657,0.0162007652367832,0.0369368864535371,0.0200158745598858
328,1,35.8919728,128.6056276,244346,PIPE_LM,4.527515433509757,16,1.6926762491444216,1.7218069815195074,1.5975058641327935,1.0,1.0,1.0,1.2,1.2,1.0398097628133087,10.95890410958904,14.22222222222222,8.95650668101057,2.16986301369863,2.5777777777777775,1.9039404908684816,3.3039363087024265,6.6229511613225664,4.541167518998389,0.2326,2.8469,1.2083810850528234,50,80,39.486941827274656,0.0137676677951784,0.0275981686367892,0.018923272110042196
329,1,35.8967756,128.6080835,106482,SPLY_LS,6.813948704654407,21,1.7187953456536618,1.7328131416837782,1.6781701496892294,1.0,1.0,1.0,1.0,1.0,1.0,7.471264367816092,14.285714285714286,8.253467501118175,1.547126436781609,2.5777777777777775,1.706590587990958,6.651401190130229,8.62911838142102,5.515534894925812,2.7897,4.0231,1.9617769847510445,13,100,24.990413832596023,0.0277167213293321,0.0359579677513004,0.02298350968390055
330,1,35.8965674,128.6053964,177304,SPLY_LS,6.155673168747168,21,1.635728952772074,1.7326488706365502,1.5786124380881332,1.0,1.0,1.0,1.2,1.4,1.1191900762611149,7.471264367816092,20.0,9.289278284261888,1.547126436781609,3.3000000000000003,1.8254146812021295,3.7776260149342225,6.55330148976909,3.996515042809697,0.8847,1.6921,0.8268671343840722,13,150,35.54444993440528,0.0157415564855316,0.0273079349729422,0.016653678009140086
331,1,35.8979908,128.6069095,245413,SPLY_LS,6.531138965699236,17,1.676741957563313,1.7041752224503766,1.6061149692388497,1.0,1.0,1.0,1.0,1.2,1.00881537162552,7.471264367816092,25.3968253968254,9.07176921502395,1.547126436781609,3.9746031746031742,1.8447189578276404,7.64130492994326,8.465361822042835,5.723653369946471,3.4629,3.8646,2.092908823294065,13,200,34.025268618770994,0.03184169970832,0.0352755859805435,0.023850749775235384
332,1,35.8913697,128.6059763,73288,SPLY_LS,4.645154045303052,17,1.7144147843942503,1.7344010951403148,1.5815119132665232,1.0,1.0,1.0,1.0,1.6,1.1602326212625895,7.471264367816092,14.22222222222222,9.645649040252707,1.547126436781609,2.5777777777777775,1.8724440383686054,4.669166336426763,6.63702725158705,4.0043459457111705,1.6671,1.6671,0.859168435870531,13,80,34.668892610972726,0.0194566495822071,0.0276568244087258,0.016686309773075687
333,1,35.8957862,128.5993193,105176,SPLY_LS,5.909592419248345,23,1.67854893908282,2.0606981519507186,1.5995175352128856,1.0,1.0,1.0,1.0,1.2,1.1348827461654545,7.471264367816092,20.833333333333332,11.461101500803261,1.547126436781609,4.966666666666667,2.583795727121833,3.2719098481281317,12.15745498850814,5.656407561067662,0.9089,1.8636,0.5326222988965337,13,300,93.81177695609031,0.0136342119326423,0.0506607228098628,0.023570533127346957
334,1,35.8978547,128.6071543,211428,SPLY_LS,5.165153274925017,20,1.6978781656399726,1.712662559890486,1.6467249975216052,1.0,1.0,1.0,1.0,1.2,1.0194135962274196,7.471264367816092,11.428571428571429,8.180834957203494,1.547126436781609,2.466666666666667,1.7650116156857223,6.686964926902226,8.465361822042835,5.270976946304994,2.8569,3.8646,1.7171863280572495,13,100,30.514931518719276,0.0278649171986479,0.0352755859805435,0.02196442448410017
335,2,35.8968908,128.6068308,3891,SPLY_LS,6.284513150081227,25,1.7051060917180014,1.7463928815879537,1.6626335475092413,1.0,1.0,1.0,1.0,1.0,1.0,7.471264367816092,8.928571428571429,7.45812456549634,1.547126436781609,2.1333333333333337,1.6181635496662408,3.95902105293438,7.734889775134789,4.54406083700657,1.2738,3.3989,1.5127309869598533,13,80,20.88211411561131,0.0164974386786302,0.0322316724374754,0.01893532871084818
336,1,35.8968636,128.6085935,72353,SPLY_LS,6.731325527341818,22,1.6846269678302532,1.7328131416837782,1.6379146166046883,1.0,1.0,1.0,1.0,1.0,1.0,7.471264367816092,14.22222222222222,7.819904467099793,1.547126436781609,2.5777777777777775,1.6921296497129092,3.359103752072058,6.11344861738418,4.328329170483828,0.9527,2.4685,1.341949128921461,13,100,25.891852821971455,0.0139975532900718,0.0254750460610707,0.018036364069864582
337,1,35.8976449,128.6077196,211359,SPLY_LS,6.596115170877572,17,1.6807392197125255,1.792662559890486,1.660731224422655,1.0,1.0,1.0,1.0,1.0,1.0,7.471264367816092,8.928571428571429,7.356664943801734,1.547126436781609,2.1333333333333337,1.7386986436056866,3.4503802007093887,6.498299248698385,3.786528011615597,1.0104,2.7884,0.788333423481724,13,80,34.478816592062294,0.014377906815366,0.0270787378842886,0.01577865155080273
338,1,35.8972341,128.6058311,211406,SPLY_LS,7.265435958309021,16,1.704229979466119,1.712662559890486,1.620833408958821,1.0,1.0,1.0,1.0,1.2,1.021654450006909,7.471264367816092,20.0,9.151669155646829,1.547126436781609,3.3000000000000003,1.7804564784962114,3.680808720109577,5.684139428941524,3.8290297095759143,1.1151,1.8168,0.9671408341479495,13,150,30.03150411319003,0.0153381139771326,0.0236860932073707,0.01595575825128827
339,3,35.892329,128.597797,142104,SPLY_LS,7.721024932234063,24,1.74217659137577,1.7840657084188911,1.605648531791585,1.3,1.3,1.3,1.0,1.2,1.004728076283546,7.471264367816092,12.5,7.864552854156447,1.547126436781609,2.3625,1.6190778223841928,9.74549481211722,15.680220628293926,7.042945021479411,3.2139,6.3829,2.0666779727000937,13,80,17.74113588922115,0.040609964156833,0.0653402633691322,0.029348304051755727
340,1,35.8969911,128.6067829,245407,SPLY_LS,5.592762830744399,23,1.6440520191649557,1.7418480492813142,1.6587065561210308,1.0,1.0,1.0,1.0,1.0,1.0,7.471264367816092,8.928571428571429,7.4485068144740145,1.547126436781609,2.1333333333333337,1.623435864097875,4.240823880659102,7.734889775134789,4.708810444546273,1.5261,3.3989,1.6008270346225564,13,80,21.49139858724946,0.0176717251519005,0.0322316724374754,0.0196218485629465
341,2,35.8980616,128.6070068,211431,SPLY_LS,6.8082770790026865,16,1.6512251882272415,1.7041752224503766,1.629524625436637,1.0,1.0,1.0,1.0,1.2,1.0087135312234015,7.471264367816092,15.873015873015872,8.605173302546884,1.547126436781609,3.9746031746031742,1.7842472861635064,6.759011261870165,8.465361822042835,5.724034937684035,3.0086,3.8646,2.142563058537936,13,200,29.119689912751674,0.028165137878776,0.0352755859805435,0.023852339787076203
342,1,35.8985563,128.6045313,308849,PIPE_LM,3.9699776580478443,23,1.5926899383983573,1.7526899383983574,1.5820593794123807,1.0,1.0,1.0,1.0,1.0,1.0,14.22222222222222,17.857142857142858,9.669987419844135,2.5777777777777775,3.3000000000000003,2.1181103513870037,3.139284283995564,8.153821201341549,4.381553364736102,0.2274,1.9523,0.7488521176406779,80,150,57.142401411273944,0.0130815545756237,0.0339773806370502,0.018258151948523534
343,1,35.8982902,128.6070869,245421,SPLY_LS,7.059585413902136,13,1.7428336755646818,1.7431622176591377,1.6168040279314284,1.0,1.0,1.0,1.0,1.2,1.0385517392585653,7.471264367816092,15.873015873015872,9.38022423204701,1.547126436781609,3.9746031746031742,2.033700006573057,3.76596494560689,8.465361822042835,5.322738394122359,1.1161,3.8646,1.4107593878499387,13,200,49.10370537906989,0.0156929642265911,0.0352755859805435,0.022180117025227517
344,1,35.8922944,128.6080842,38788,SPLY_LS,4.7938789386075635,14,1.147460643394935,1.7479260780287476,1.5683005906447318,1.0,1.0,1.0,1.0,1.6,1.1447619867956165,9.523809523809524,10.95890410958904,8.58814664732007,1.7523809523809524,2.466666666666667,1.8428229382874655,1.8653600174020328,6.494251075648889,4.5028185513511865,0.3726,2.0006,0.9513833165646931,20,100,36.045835036633484,0.0077730484605151,0.0270618689447827,0.018763470044407916
345,1,35.8960033,128.6113524,211332,SPLY_LS,4.766666294919792,16,1.6788227241615332,1.749075975359343,1.627966079822783,1.0,1.0,1.0,1.2,1.2,1.0964770006251083,9.523809523809524,9.523809523809524,7.929433792973647,1.7523809523809524,2.466666666666667,1.8581526775935815,4.491370372709818,5.834523824722794,3.827005397908218,0.8824,1.3517,0.4717084643628962,20,100,42.31743632401963,0.0187157649116004,0.0243127525038111,0.015947322843353384
346,1,35.8975337,128.6080701,37897,SPLY_LS,5.920394430948755,24,1.6817248459958931,1.792662559890486,1.6412620671131424,1.0,1.0,1.0,1.0,1.2,1.005654319998819,7.471264367816092,9.523809523809524,7.597513090736319,1.547126436781609,2.1333333333333337,1.6977679132302939,4.947975754304749,6.498299248698385,4.143979621493881,1.8813,2.7884,1.121502094443355,13,80,29.033380867989123,0.0206184623669756,0.0270787378842886,0.017268170281746053
347,1,35.8943345,128.6096066,178148,SPLY_LS,6.439857335223988,24,1.7454620123203286,1.7549897330595483,1.5435393487584868,1.0,1.0,1.0,1.0,1.0,1.0,7.471264367816092,11.428571428571429,8.160311140992958,1.547126436781609,2.466666666666667,1.7246902219806783,4.753900930765699,6.783217776723115,3.9245903889058615,1.6672,3.0017,1.1914160167636085,13,100,26.91393374415826,0.0198097428735472,0.028266007636494,0.016353964380090125
348,1,35.8964762,128.606353,245405,SPLY_LS,1.9734191045514344,19,1.661902806297057,1.6674332648870636,1.6063816423361759,1.0,1.0,1.0,1.0,1.0,1.0,7.471264367816092,9.523809523809524,7.532887695459047,1.547126436781609,2.466666666666667,1.693927381230477,3.6976607482729897,5.73937808438791,3.8493423859879985,1.1789,2.3819,1.027417815485548,13,100,27.892834874117163,0.0154083372210909,0.0239162754465486,0.016040402189531223
349,1,35.8962384,128.6117154,37865,SPLY_LS,4.115862107089871,15,1.724599589322382,1.749075975359343,1.6820763055628485,1.0,1.0,1.0,1.0,1.6,1.092311569143918,7.471264367816092,12.5,7.985324223266253,1.547126436781609,3.3000000000000003,1.756767479222528,2.1997312764880483,11.330398627606204,4.179009640015949,0.2491,2.3421,0.7588319079676552,13,150,31.166901469542083,0.0091663902156895,0.0472143376011664,0.017414142120428428
350,1,35.8969784,128.6055193,439842,PIPE_LM,4.797029650856467,18,1.2153045859000684,1.74217659137577,1.5706917200642605,1.0,1.0,1.0,1.2,1.4,1.0637615057803596,20.0,20.0,11.187090718170175,3.3000000000000003,3.3000000000000003,2.1582916915544343,5.684139428941524,8.118412007315195,4.192968035570914,0.1025,1.8168,0.6434005490913254,150,150,59.70003022202241,0.0236860932073707,0.0338298287550827,0.017472307452625728
351,2,35.8966922,128.6062421,3886,SPLY_LS,3.93734632194298,22,1.6619575633127996,1.7218069815195074,1.655587348636035,1.0,1.0,1.0,1.0,1.0,1.0,7.471264367816092,16.3265306122449,7.769749365893919,1.547126436781609,2.840816326530613,1.7033420046477523,4.006991807873767,6.7632247330008015,4.366833525570887,1.3611,3.1756,1.3046495595497478,13,100,27.675097093625396,0.0166973352130003,0.0281826956236509,0.018196813642730097
352,1,35.8912052,128.6036036,246392,SPLY_LS,7.394893483219724,19,1.6375359342915812,1.747542778918549,1.5894329222831536,1.0,1.0,1.0,1.0,1.6,1.0749165866668007,7.471264367816092,17.857142857142858,9.29850094300426,1.547126436781609,3.3000000000000003,1.9510326916591487,3.902294198657991,6.578339711581055,4.721866184152504,1.3337,2.667,1.1631464065331112,13,150,41.68022618690556,0.0162610550405177,0.0274122704951438,0.019676252482672643
353,1,35.8974615,128.607512,177318,SPLY_LS,6.392464224885433,17,1.7272279260780288,1.792662559890486,1.6609530604568044,1.0,1.0,1.0,1.0,1.0,1.0,7.471264367816092,7.471264367816092,7.286967233865458,1.547126436781609,2.1333333333333337,1.6814000629456425,2.064277635048082,5.306627650752253,3.293961148726896,0.1704,2.021,0.6197155333351703,13,80,28.34668562568922,0.0086019481191271,0.0221129827520671,0.013726100804802367
354,1,35.8948172,128.6029839,106607,PIPE_LM,7.035497135092177,17,1.7526899383983574,1.7526899383983574,1.5712099901278074,1.0,1.0,1.0,1.4,1.4,1.320264661511899,8.333333333333334,20.833333333333332,10.293383170415604,2.466666666666667,4.966666666666667,2.3617284124427265,6.678736130809035,11.180281039269092,5.361867575063689,0.0509,0.7747,0.29969562516949844,100,300,81.15573671579351,0.0278306273938877,0.0465887901046862,0.022343170278669097
355,1,35.8901949,128.6037756,4796,SPLY_LS,2.790633749202633,25,1.6468993839835728,1.736536618754278,1.590776558351886,1.0,1.0,1.0,1.0,1.6,1.0322624942447869,7.471264367816092,10.95890410958904,8.00427128764185,1.547126436781609,2.16986301369863,1.6155847495386806,8.972597673205806,13.740405465818878,6.4903648819884765,4.3354,5.6684,2.851878397430037,13,50,17.349465183680607,0.0373892631341322,0.0572569565963405,0.027045674981490065
356,1,35.89738,128.6030015,211485,SPLY_LS,9.725324040833227,19,1.5917590691307324,1.666009582477755,1.6087855554079151,1.0,1.0,1.0,1.0,1.0,1.0,7.471264367816092,14.22222222222222,8.253157848945934,1.547126436781609,2.5777777777777775,1.766166340764203,2.2037235137830344,4.630368941601644,2.979111134671617,0.3558,1.2529,0.5314496717882329,13,100,30.83467525351863,0.0091830260681095,0.0192949788981011,0.012414105053733311
357,2,35.8951727,128.60057295000001,210503,SPLY_LS,7.292643441082687,22,1.6443258042436688,1.74113620807666,1.631569572294494,1.0,1.0,1.0,1.0,1.0,1.0,7.471264367816092,17.857142857142858,9.62718123109062,1.547126436781609,2.585714285714286,1.8751030599921634,2.9132080033189114,10.455344937613788,3.737535263517067,0.735,3.9265,0.93988102408633,13,80,34.14644801225034,0.01213948341023,0.0435679451222835,0.015574496319838751
358,1,35.8981991,128.6053031,177577,SPLY_LS,6.580320625484739,20,1.6316769336071184,1.7726762491444217,1.640530107756754,1.0,1.0,1.0,1.0,1.0,1.0,7.471264367816092,12.5,7.841132546316181,1.547126436781609,3.3000000000000003,1.6869859614466696,6.2997743604986995,7.329114353857042,4.8984329661483095,2.781,3.0003,1.7066836759136652,13,150,24.09571122781588,0.0262514747489161,0.0305407859682399,0.020412015091588277
359,1,35.8921385,128.6031806,178208,SPLY_LS,12.672344107487646,14,1.6271868583162217,1.750171115674196,1.6881038484967452,1.0,1.0,1.0,1.0,1.6,1.181927608084737,8.928571428571429,14.22222222222222,8.567839212424154,1.692857142857143,2.5777777777777775,1.7972037196082324,5.507593525434799,7.1010527531873775,5.330020705062526,1.9229,3.0009,1.2765611960794534,25,80,33.68934430421918,0.022950417600163,0.0295904418751694,0.022210462779030753
360,1,35.8919042,128.6053562,143934,SPLY_LS,5.303969298134552,13,1.7218069815195074,1.7248733744010951,1.6049226140259276,1.0,1.0,1.0,1.2,1.6,1.150871280402498,7.471264367816092,20.0,9.842306736345291,1.547126436781609,3.9746031746031742,2.008206344771057,4.715074034477338,11.895530325604453,5.264278583923884,1.2348,2.3346,1.1258917475400674,13,200,46.16624625692786,0.0196479492553687,0.04956926964331,0.021936512073139968
361,1,35.8985775,128.6043622,211660,SPLY_LS,4.257838027228189,21,1.745242984257358,1.7526899383983574,1.610451190807647,1.0,1.0,1.0,1.0,1.0,1.0,7.471264367816092,17.857142857142858,8.92328643445307,1.547126436781609,3.3000000000000003,2.0161767803369472,3.749963669498337,8.153821201341549,4.320698428602266,1.1042,1.9523,0.777349750815709,13,150,51.84938225997602,0.015626286108983,0.0339773806370502,0.018004566386907027
362,2,35.8937944,128.5979538,175856,SPLY_LS,2.142759750464963,27,1.7034633812457225,1.742669404517454,1.6331577519491631,1.0,1.3,1.0280145569430474,1.2,1.4,1.1263985881011775,7.471264367816092,20.833333333333332,9.455553144999092,1.547126436781609,4.966666666666667,2.1473095180642603,4.690515667999174,19.35919431283192,6.140340461763647,1.2471,2.9064,1.0103566274823406,13,300,60.88987939975275,0.0195456133143359,0.0806707306612862,0.02558710572119215
363,1,35.8961165,128.609198,72226,PIPE_LM,5.295472298227208,23,1.6926762491444216,1.7526899383983574,1.6634225440589625,1.0,1.0,1.0,1.0,1.0,1.0,8.928571428571429,12.5,8.272782867107852,1.692857142857143,3.3000000000000003,1.7878675012788285,2.322359457964445,7.0651030866215585,3.5089442792375047,0.1848,3.155,0.6544132627244466,25,150,34.218283591640336,0.0096773879793107,0.0294406378171063,0.014621946258796587
364,1,35.8935454,128.6092832,38790,SPLY_LS,5.826555489239606,21,1.26798083504449,1.699958932238193,1.532649867718177,1.0,1.0,1.0,1.0,1.6,1.072447845099018,8.928571428571429,14.285714285714286,8.992161092114346,1.692857142857143,3.3000000000000003,1.9900789413788067,2.6286014164184737,20.157018752113743,6.005822630435623,0.7902,3.0009,1.1266582465021577,25,150,49.15467564841239,0.0109535135322866,0.0839953049909956,0.025026563192156716
365,1,35.8935032,128.6074268,4757,SPLY_LS,7.345333715057281,18,1.7052156057494867,1.7726762491444217,1.6640362233309482,1.0,1.0,1.0,1.0,1.6,1.0635147785220127,8.928571428571429,15.873015873015872,9.136924535800812,1.692857142857143,3.9746031746031742,2.0405177490422965,2.3030325150876183,12.765202636710075,3.8913290785565877,0.1663,0.9475,0.26659815068745996,25,200,53.39784428495556,0.0095968516419958,0.0531932376473027,0.01621536283679919
366,1,35.8926596,128.6056473,212316,SPLY_LS,8.57204994453118,20,1.202819986310746,1.741574264202601,1.478323023105483,1.0,1.0,1.0,1.0,1.6,1.1076882306096383,9.523809523809524,16.3265306122449,10.326336674930253,1.7523809523809524,2.840816326530613,2.05634635383576,4.749491358709387,9.752858851332356,5.110254574802684,2.334,3.6677,1.5233194948213544,20,100,50.18290442940665,0.0197913679663099,0.0406406504764445,0.021294686325931483
367,2,35.8959188,128.6064294,72429,PIPE_LM,8.684726615040045,16,1.6726899383983571,1.7455167693360711,1.5309422585521002,1.0,1.0,1.0,1.2,1.2,1.0365374495522237,8.333333333333334,12.5,9.51759138881979,2.466666666666667,3.3000000000000003,1.9796425110771514,5.373397331581111,6.92449756549201,3.5080687717769146,0.0336,1.5027,0.5697163305098812,100,150,42.430173020355156,0.022391215350565,0.0288547275802834,0.01461829797543293
368,4,35.892459099999996,128.606015325,246310,SPLY_LS,6.388092785463224,23,1.2023819301848049,1.7403696098562629,1.4494654037119024,1.0,1.0,1.0,1.0,1.6,1.060677950966517,9.523809523809524,16.3265306122449,9.66622592663521,1.7523809523809524,2.840816326530613,1.9862493758620263,4.751036937517705,9.752858851332356,5.250841913654502,2.3363,4.6252,1.7451586599059128,20,100,46.69664618882969,0.0197978084704831,0.0406406504764445,0.021880520796293945
369,1,35.8937242,128.5986387,71429,PIPE_LM,6.487269345084648,25,1.712662559890486,1.7326488706365502,1.6742991587408735,1.0,1.0,1.0,1.0,1.0,1.0,6.666666666666667,14.22222222222222,8.227744137592971,2.1333333333333337,2.5777777777777775,1.72043757386532,4.729812027236433,7.997229247730292,4.880193058216444,0.2468,3.6058,1.5997904654284,80,80,26.90372499202335,0.0197093632080955,0.0333248541367545,0.02033600848324079
370,1,35.8972472,128.6082531,158133,SPLY_LS,6.816012016940794,19,1.7083367556468172,1.792662559890486,1.5934057488956894,1.0,1.0,1.0,1.0,1.2,1.0104657567969542,9.523809523809524,14.22222222222222,8.400244368560292,1.7523809523809524,2.5777777777777775,1.799110434388787,6.735069139238159,6.735069139238159,4.3572442013491175,2.3288,3.6213,1.212564828294402,20,80,34.20859001805749,0.0280653698566623,0.0280653698566623,0.018156854449231798
371,1,35.8961666,128.6033412,143146,SPLY_LS,4.851526595321443,23,1.6642026009582478,1.7326488706365502,1.6222948906972772,1.0,1.0,1.0,1.0,1.2,1.0106473713159452,7.471264367816092,15.873015873015872,8.21642552701768,1.547126436781609,3.9746031746031742,1.684633577881495,3.1249887075314624,9.37339816098739,3.1988858209202715,0.8389,1.4646,0.7062941876753029,13,200,23.145177124552102,0.0130219841937189,0.0390594188067425,0.013329917160065766
372,2,35.8925655,128.5980831,278246,SPLY_LS,5.3479006160497145,21,1.6646954140999315,1.7526899383983574,1.6050522235032374,1.3,1.3,1.2914681955188703,1.0,1.2,1.0050380072865548,7.471264367816092,14.285714285714286,8.333468647228708,1.547126436781609,2.3625,1.668141848260375,4.608415702406252,13.88447204160784,6.264903681415052,1.0854,5.0244,1.706197240568664,13,80,19.39327679603208,0.0192034986527119,0.0578572892209819,0.02610616688564054
373,1,35.8969782,128.6081873,60219,PIPE_LM,13.542151307294125,18,1.7326488706365502,1.7326488706365502,1.5568670458680565,1.0,1.0,1.0,1.0,1.0,1.0,6.666666666666667,14.22222222222222,8.714924694538498,2.1333333333333337,2.5777777777777775,1.7501757000992069,4.714391569619172,7.505632699420257,4.96582292713774,0.2284,3.6213,1.8357727270230442,80,80,26.5028414036039,0.0196451053901815,0.0312763467401191,0.020692832428529255
374,3,35.88932763333333,128.6025250666667,246372,SPLY_LS,5.127299387863334,16,1.6339219712525668,1.6714305270362764,1.5903497597230842,1.0,1.0,1.0,1.0,1.2,1.0209439971020575,7.471264367816092,10.95890410958904,8.127226383347441,1.547126436781609,2.16986301369863,1.6358940022365214,4.617959936344495,7.084108712235382,4.401770387182241,1.7678,3.2459,1.5853623101438736,13,50,18.620772466692582,0.0192432699527443,0.0295198352093204,0.018342397291907717
375,1,35.8951438,128.6105719,177233,SPLY_LS,5.961233699201578,23,1.7307871321013004,1.7307871321013004,1.5321988353235059,1.0,1.0,1.0,1.0,1.2,1.0496573914085892,7.471264367816092,12.5,9.128660900261085,1.547126436781609,3.3000000000000003,1.815092944198507,7.248343216991694,21.10882891509861,7.0161386767217575,3.1012,8.1373,2.6804707926516635,13,150,28.550432280000344,0.0302042086023652,0.0879615455306616,0.02923660067283336
376,1,35.8947971,128.6062486,107409,SPLY_LS,6.250612670834267,18,1.60331279945243,1.755208761122519,1.6502023749818515,1.0,1.0,1.0,1.0,1.4,1.0644853806072816,7.471264367816092,9.523809523809524,7.822932938559633,1.547126436781609,2.466666666666667,1.650915415329713,4.912589861769507,7.502651504081094,4.246025296332995,2.0006,3.3345,1.2298871726410476,13,100,22.169041171770942,0.0204710075834866,0.0312639239500811,0.017693399711084367
377,1,35.8922573,128.6037306,73350,SPLY_LS,2.4099028639865434,23,1.6079671457905544,1.7346201232032854,1.586833530979022,1.0,1.0,1.0,1.0,1.6,1.1081584411655634,7.471264367816092,20.0,8.509401775336631,1.547126436781609,3.3000000000000003,1.7979993750018228,2.086104132551441,10.837046917320585,3.8013246705146693,0.2705,1.8292,0.6267054066248732,13,150,34.59247186037564,0.0086929002255484,0.0451585163568207,0.015840309968268088
378,1,35.8947494,128.6108966,212280,SPLY_LS,3.263495737941395,22,1.1608761122518825,1.7385626283367557,1.5168572367417341,1.0,1.0,1.0,1.0,1.6,1.0711291653167143,9.523809523809524,17.857142857142858,10.001906339560646,1.7523809523809524,3.3000000000000003,2.03656788671736,3.9237876567192687,10.684765383525086,6.889753806924554,1.8539,5.3338,2.1602518079342654,20,150,46.274792683904145,0.016350619354932,0.0445239515914182,0.02870994860114493
379,1,35.897636,128.606506,177324,SPLY_LS,6.5024891874811335,21,1.7033538672142368,1.7033538672142368,1.609502017407157,1.0,1.0,1.0,1.0,1.2,1.0057725236272532,7.471264367816092,25.3968253968254,9.286244937962138,1.547126436781609,3.9746031746031742,1.9167970548334967,5.33948174062198,8.383745907856277,4.882601573459068,2.0698,3.8918,1.482472467076532,13,200,39.822691464116055,0.0222498873872588,0.0349354883853325,0.020346044886682544
380,1,35.8938858,128.6098006,211226,SPLY_LS,3.608755476586978,19,1.6959069130732374,1.7380150581793292,1.6088743281841227,1.0,1.0,1.0,1.0,1.6,1.0576657755835348,8.928571428571429,12.5,8.636269579766243,1.692857142857143,3.3000000000000003,1.8231395631541576,3.1630073465090263,9.17305887454059,4.84929656186845,0.6106,3.3346,1.262461551916787,25,150,34.391377070352945,0.0131804097632704,0.0382245949831543,0.020207261238133885
381,1,35.8973992,128.6061994,72423,SPLY_LS,6.514516786256944,21,1.7353319644079397,1.7353319644079397,1.5922332282742027,1.0,1.0,1.0,1.0,1.2,1.0186586110441649,7.471264367816092,20.0,9.904924978566768,1.547126436781609,3.9746031746031742,2.1733328509310765,4.496480977602523,8.383745907856277,4.835412097872176,1.5375,3.8918,0.9953394123786261,13,200,61.15193090836343,0.0187370610577185,0.0349354883853325,0.0201494039824382
382,1,35.8969841,128.60109,177398,SPLY_LS,3.2242210130605717,28,1.6375359342915812,1.7526899383983574,1.6512702973340254,1.0,1.0,1.0,1.0,1.0,1.0,7.471264367816092,15.873015873015872,8.114584480041797,1.547126436781609,3.9746031746031742,1.6783598751459547,5.2895090365577495,8.631375454828213,4.229519356088965,2.1633,4.0782,1.3900465716174424,13,200,21.393598098448297,0.0220416486307879,0.0359673730890419,0.01762461863279049
383,2,35.8972954,128.6046739,324769,PIPE_LM,5.159396803091697,19,1.6326625598904858,1.7020396988364133,1.60498679657364,1.0,1.0,1.0,1.0,1.0,1.0,8.333333333333334,17.857142857142858,8.974508945551804,2.466666666666667,3.3000000000000003,2.1672322174664984,4.639615564243669,11.565210142368242,5.1055391325590955,0.0972,3.1803,0.8133436225917752,100,150,64.64760033559847,0.0193335100369815,0.0481928089237555,0.02127503684233033
384,1,35.8912517,128.5982398,36424,SPLY_LS,4.1539772817697465,7,1.7241615331964408,1.7326488706365502,1.635588738400707,1.3,1.3,1.2999999999999996,1.0,1.4,1.0367686181175861,7.471264367816092,14.285714285714286,9.376927670653151,1.547126436781609,2.5777777777777775,1.8000406415241288,2.783623190938928,5.863782273439095,3.7543678017405804,0.2162,0.752,0.3628929368525309,13,80,26.18177547344348,0.011599497017802,0.0244346739225343,0.01564463834824301
385,1,35.8961586,128.6031679,3921,SPLY_LS,5.663034599944632,28,1.6642026009582478,1.7326488706365502,1.6299542417049633,1.0,1.0,1.0,1.0,1.2,1.005533979799511,7.471264367816092,15.873015873015872,8.216160151077737,1.547126436781609,3.9746031746031742,1.6824491022196613,3.0235357596606547,7.641265242700235,3.0654727418999874,0.7792,1.5123,0.6446764028910634,13,200,22.739794516525937,0.0125992246872939,0.031841534329594,0.01277397818913429
386,2,35.896678800000004,128.61059035,72324,SPLY_LS,6.179322166869847,21,1.6337029431895962,1.7529089664613278,1.6654216945325588,1.0,1.0,1.0,1.0,1.6,1.0433833246614075,7.471264367816092,12.5,7.801641949147587,1.547126436781609,3.3000000000000003,1.7734677163288932,5.570236741592351,11.330398627606204,5.30220711237311,2.339,3.7106,1.5618742265800016,13,150,33.615311634867936,0.0232114550140524,0.0472143376011664,0.02209456214761434
387,1,35.8913032,128.603715,4822,SPLY_LS,7.786725069269138,21,1.705927446954141,1.7582751540041066,1.595143098701011,1.0,1.0,1.0,1.0,1.6,1.0294134955770198,7.471264367816092,17.857142857142858,9.046657139631973,1.547126436781609,3.3000000000000003,1.8502218212093586,2.4065538775147717,6.498173804671169,4.158061405273936,0.3815,2.667,1.0778047963794648,13,150,33.34970838988427,0.0100282303352979,0.027078215152755,0.017326849778846704
388,1,35.8945367,128.6084726,38808,SPLY_LS,4.93271391294863,24,1.2001916495550993,1.7526899383983574,1.4225302580964008,1.0,1.0,1.0,1.0,1.2,1.0161993892972931,9.523809523809524,14.285714285714286,9.429954846240769,1.7523809523809524,2.5777777777777775,1.8095410626165243,2.7128365972870503,12.365632352305768,4.574519640570034,0.9085,7.6894,1.592966299876972,20,80,28.939904016510262,0.011304525742725,0.0515282082936757,0.01906225206823731
389,1,35.8931563,128.6090031,4701,SPLY_LS,6.304455018291697,19,1.6285010266940452,1.747542778918549,1.6005434372761072,1.0,1.0,1.0,1.0,1.6,1.0986018740523582,7.471264367816092,12.5,9.06073154387095,1.547126436781609,3.3000000000000003,1.9492068824209763,4.434683461593844,9.17305887454059,5.329970453064496,1.6668,2.36,1.1559521946039029,13,150,42.81515334875114,0.0184795477186346,0.0382245949831543,0.022210253376442366
390,2,35.8960005,128.6017319,177415,SPLY_LS,7.7571483713296985,25,1.7462833675564682,1.7462833675564682,1.5679496876718524,1.0,1.0,1.0,1.0,1.0,1.0,7.471264367816092,17.857142857142858,9.58802663391224,1.547126436781609,2.585714285714286,1.7775772379135715,2.6612403586363893,64.6458046407898,6.061981511623974,0.4924,31.5158,2.2712568958220634,13,50,22.147090112709858,0.0110895216364557,0.2693823002284031,0.025260580058012624
391,4,35.895926675,128.5997454,244046,SPLY_LS,3.039612272022198,28,1.6531964407939768,1.7326488706365502,1.6354033289126402,1.0,1.0,1.0,1.0,1.2,1.007877123075549,7.471264367816092,16.3265306122449,8.865440469094175,1.547126436781609,3.3000000000000003,1.7690823826390603,3.4731803893282893,8.083857694668486,3.7817326326918668,1.0574,3.6448,1.0612159323237285,13,150,27.703362921243755,0.0144729163413504,0.0336858392065683,0.01575866896705859
392,3,35.8913465,128.5973101,175893,SPLY_LS,1.6289859169534928,21,1.607583846680356,1.712662559890486,1.6364105266345008,1.3,1.3,1.2999999999999998,1.2,1.4,1.19050316057073,7.471264367816092,14.22222222222222,8.043119823728462,1.547126436781609,2.5777777777777775,1.765693372185823,5.836665591177481,10.463230848130024,6.59926647454444,1.2792,3.8307,1.1579596283342943,13,100,32.787460167042376,0.0243216773517161,0.0436008061057002,0.027499473362750358
393,3,35.89680346666666,128.5994598,175940,SPLY_LS,4.398166816862886,21,1.7139767282683094,1.7526899383983574,1.6033136451222714,1.0,1.0,1.0,1.0,1.2,1.0262451145020586,7.471264367816092,12.5,8.896926788191962,1.547126436781609,3.3000000000000003,1.8878284201346807,3.626075919840293,11.659624372614612,4.9823936445628805,1.0718,6.0861,1.3185152884662399,13,150,36.663645173370014,0.0151100396617704,0.0485862377419037,0.020761883436575722
394,1,35.8964398,128.6101538,72327,SPLY_LS,3.9650436563026727,28,1.7408624229979468,1.7526899383983574,1.6257462129399063,1.0,1.0,1.0,1.0,1.2,1.0088330729661086,7.471264367816092,14.285714285714286,8.000788565085058,1.547126436781609,2.2285714285714286,1.6587196812654197,4.170922638556531,5.637305694078459,3.712030232251035,1.3463,2.2487,1.0358412973968592,13,80,20.864468460677188,0.0173804431809969,0.0234909346925096,0.01546821557930162
395,2,35.895280299999996,128.60903935,3841,SPLY_LS,5.864539587464095,23,1.59088295687885,1.7612867898699522,1.6032026195671507,1.0,1.0,1.0,1.0,1.2,1.0125520369481957,8.928571428571429,17.857142857142858,8.895673684865558,1.692857142857143,2.585714285714286,1.7331631632237476,3.5835460155331615,10.102141021280556,5.155673702099843,0.9452,4.8913,1.8414400297819304,25,80,23.332887585644944,0.0149328154240274,0.0420961267427271,0.021483950100335103
396,1,35.8937019,128.6078629,38795,SPLY_LS,4.052829468785338,25,1.6155236139630391,1.7526899383983574,1.5926751969635113,1.0,1.0,1.0,1.0,1.6,1.0413779204343676,7.471264367816092,15.873015873015872,8.447616981943208,1.547126436781609,3.9746031746031742,1.9104320519184623,4.4000036425217885,12.765202636710075,4.498238894600801,1.6672,2.3338,0.9639524607116267,13,200,44.28380438839288,0.0183350351785704,0.0531932376473027,0.01874438638574622
397,1,35.8977553,128.6038483,177607,SPLY_LS,5.014490529962144,25,1.6471184120465434,1.7431622176591377,1.6476250159555246,1.0,1.0,1.0,1.0,1.0,1.0,7.471264367816092,14.22222222222222,7.988033072843863,1.547126436781609,2.5777777777777775,1.643689548066854,4.286240755119673,5.358713998609821,3.977147073972551,1.5484,2.0105,1.3027321320122462,13,80,18.629300775488232,0.0178609795386214,0.022330029167907,0.01657297071459727
398,1,35.8961129,128.6042063,72446,SPLY_LS,4.668269784164309,18,1.6424640657084189,1.7468309377138946,1.638380898923988,1.0,1.0,1.0,1.0,1.2,1.028159185881702,7.471264367816092,15.873015873015872,8.547401037913387,1.547126436781609,3.9746031746031742,1.816902063621746,3.793784172959136,9.37339816098739,3.885363986492493,1.262,1.4907,0.8171427194866785,13,200,33.642412016459204,0.0158088883379293,0.0390594188067425,0.016190505999913493
399,1,35.8940716,128.6047604,143170,SPLY_LS,7.875931440303188,25,1.586776180698152,1.7526899383983574,1.614488141531672,1.0,1.0,1.0,1.0,1.0,1.0,7.471264367816092,11.428571428571429,7.913170632768765,1.547126436781609,2.1333333333333337,1.645989760302863,2.420914666137049,4.680844469987796,3.241152572057772,0.4941,1.7119,0.7898785054882588,13,80,21.619797996055457,0.0100880724595263,0.0195053129486626,0.013506044825393295
400,1,35.8939066,128.6059705,143963,SPLY_LS,2.707122314575216,30,1.5189322381930186,1.7526899383983574,1.6171120931723915,1.0,1.0,1.0,1.0,1.0,1.0,7.471264367816092,9.523809523809524,7.893218740983757,1.547126436781609,2.466666666666667,1.716041061440144,3.6196582542901248,5.33572306070336,3.953716440842437,1.3337,2.0006,1.0948856532873597,13,100,28.338125148089695,0.0150832969285396,0.0222342247801039,0.01647533409481242
401,1,35.8971208,128.5994089,71443,SPLY_LS,3.5964809064392007,21,1.7139767282683094,1.7526899383983574,1.6593768401802562,1.0,1.0,1.0,1.0,1.2,1.0163603285107714,7.471264367816092,16.3265306122449,8.750816300512074,1.547126436781609,3.3000000000000003,1.835961262069034,4.374113784566493,14.045678120391342,5.985697777601731,1.4992,6.0861,1.9250288565291205,13,150,32.95278568706727,0.0182271508459778,0.0585290430115767,0.02494270192415526
402,3,35.896921,128.60182953333333,72507,SPLY_LS,6.187521595454628,18,1.6531964407939768,1.7526899383983574,1.6739782356770592,1.0,1.0,1.0,1.0,1.0,1.0,7.471264367816092,10.0,7.843598126311276,1.547126436781609,2.05,1.6211700819369013,8.89937059318652,8.954016762431259,6.642608913753896,4.2717,4.2717,2.713934342272971,13,40,16.975509085023578,0.0370841222303378,0.0373118355498891,0.027680083474058127
403,1,35.8923369,128.5972486,210449,SPLY_LS,4.421704764475136,22,1.7035728952772071,1.7526899383983574,1.640484838343649,1.3,1.3,1.3000000000000003,1.2,1.4,1.1145362617753036,7.471264367816092,8.928571428571429,7.417729484015151,1.547126436781609,2.1333333333333337,1.660214579581158,7.194416439133108,8.766554325332015,6.625558297302997,1.6511,3.0433,1.470280419855306,13,80,25.639634363060782,0.0299794930226896,0.0365306702013747,0.027609032702776405
404,1,35.893004,128.6040576,3953,SPLY_LS,6.509027037298501,12,1.7256399726214922,1.7277207392197127,1.6642957933305484,1.0,1.0,1.0,1.0,1.6,1.084193315419988,7.471264367816092,9.523809523809524,7.682903859766586,1.547126436781609,2.466666666666667,1.685225546282198,3.055155599959475,7.145312427849419,3.4741241558130525,0.7338,1.6838,0.5835469279708104,13,100,25.517258813688304,0.0127309861428111,0.0297748741524699,0.014476849063480743
405,1,35.8938931,128.6055682,178165,PIPE_LM,8.34795249244701,21,1.6926762491444216,1.7526899383983574,1.5826952243268666,1.0,1.0,1.0,1.0,1.6,1.0362995964286859,9.846153846153848,15.873015873015872,8.785351191895815,2.0307692307692307,3.9746031746031742,1.8520889109624452,2.160801777580743,11.895530325604453,3.4623630784586323,0.0457,2.0001,0.6296411228959432,40,200,35.32168647328224,0.0090041690472678,0.04956926964331,0.014427840066090998
406,2,35.89591025,128.61209810000003,211331,SPLY_LS,8.711154930787915,20,1.7023134839151268,1.7023134839151268,1.6018703382065782,1.0,1.0,1.0,1.0,1.6,1.1301490226529716,7.471264367816092,10.95890410958904,7.853201097820381,1.547126436781609,2.16986301369863,1.7278684075569408,5.302323696092739,8.695235905122516,5.566811546448812,2.0503,4.0667,1.7619106708741648,13,80,29.717598906164767,0.0220950479578032,0.0362334827784407,0.023197182054629492
407,2,35.892493,128.6053595,199088,PIPE_LM,5.8225160635319755,21,1.6126762491444215,1.741574264202601,1.5986193406908789,1.0,1.0,1.0,1.6,1.6,1.284065298617047,16.3265306122449,25.3968253968254,11.79056118868281,2.840816326530613,3.9746031746031742,2.300916867372892,5.1356417169384585,16.32730907103399,5.624132770672588,0.1121,2.7718,0.7505694812995508,100,200,67.73584658042556,0.0214004758165684,0.0680367132644522,0.02343604246203116
408,1,35.8968703,128.6082485,37754,SPLY_LS,5.734331701635627,19,1.7177549623545518,1.7328131416837782,1.616072959728589,1.0,1.0,1.0,1.0,1.0,1.0,7.471264367816092,14.22222222222222,8.436603089443896,1.547126436781609,2.5777777777777775,1.7546695251861346,4.033644827926878,8.62911838142102,5.128860496713996,1.2996,4.0231,1.805101133478131,13,100,28.499861182485915,0.0168083996802126,0.0359579677513004,0.02137221813283199
409,1,35.891653,128.6026597,178242,SPLY_LS,9.545214268511026,13,1.6133333333333333,1.9878165639972625,1.6744077894154326,1.0,1.0,1.0,1.2,1.6,1.1832055949047204,9.523809523809524,12.5,8.286433630523268,1.7523809523809524,3.3000000000000003,1.9111517389130372,3.074557462549585,10.484975103170148,5.0868032060282244,0.3409,1.6673,0.6241656122748002,20,150,43.385860435531754,0.0128118346743172,0.0436914155036651,0.02119696329967987
410,1,35.8929457,128.6086222,38791,SPLY_LS,5.239591364315041,15,1.747542778918549,1.7526899383983574,1.6052922049240679,1.0,1.0,1.0,1.0,1.2,1.0284937585286091,9.523809523809524,12.5,8.823328400108975,1.7523809523809524,3.3000000000000003,1.8413503725170794,2.7098662387307844,9.17305887454059,3.9712340424452934,0.3093,2.0006,0.7648927433447009,20,150,32.77580158367655,0.0112921481101031,0.0382245949831543,0.016548330816571626
411,2,35.8938925,128.6104273,143921,SPLY_LS,6.304443741169693,8,1.5556194387405886,1.68435318275154,1.4709940232834846,1.0,1.0,1.0,1.0,1.6,1.355163865804632,8.928571428571429,12.5,9.52007187983784,1.692857142857143,3.3000000000000003,1.9087725299618734,6.005558461360987,10.110827862435327,7.188076178101037,2.3338,4.841,1.9005419025210315,25,150,37.099424903154805,0.0250254623864143,0.0421323252441611,0.02995307283795589
412,1,35.8945878,128.6061176,246321,SPLY_LS,1.8389078242259218,19,1.6950855578370978,1.712662559890486,1.6485867730131465,1.0,1.0,1.0,1.0,1.0,1.0,7.471264367816092,9.523809523809524,7.96551659959802,1.547126436781609,2.466666666666667,1.6494877721927894,7.502651504081094,7.502651504081094,5.168642445993826,3.3345,3.3345,1.8970071839042346,13,100,20.777583196048095,0.0312639239500811,0.0312639239500811,0.021537991504578524
413,1,35.8945027,128.6100288,143905,SPLY_LS,9.821306015802039,31,1.6617932922655716,1.7690075290896647,1.6056966556003713,1.0,1.0,1.0,1.0,1.6,1.026833199765877,7.471264367816092,14.285714285714286,8.41756815549277,1.547126436781609,3.3000000000000003,1.756621712073181,7.354956569257451,13.704883057534236,6.181426111362846,3.3343,4.694,2.099792625168844,13,150,26.748656301147356,0.0306484717719242,0.057108932944898,0.02575831167735451
414,1,35.897163,128.6040123,3909,SPLY_LS,7.570854022008883,22,1.7250376454483232,1.7438193018480497,1.6642157195412783,1.0,1.0,1.0,1.0,1.0,1.0,7.471264367816092,12.5,7.966537859881606,1.547126436781609,3.3000000000000003,1.737908217659309,3.7671445304337783,6.303982774169,3.6369782888740803,1.1386,2.7503,0.8923783827771923,13,150,28.304071072321417,0.015697879615544,0.0262690114191009,0.015155470378652686
415,1,35.8929347,128.6089261,143882,SPLY_LS,3.756358432244709,16,1.746776180698152,1.7526899383983574,1.6611477931186533,1.0,1.0,1.0,1.0,1.6,1.117549894789205,7.471264367816092,12.5,8.80058401703038,1.547126436781609,3.3000000000000003,2.029394545323562,5.351808451687037,9.17305887454059,5.652246046489923,2.0004,2.334,1.0144424939405319,13,150,52.217172420072686,0.0223012534086024,0.0382245949831543,0.02355319188802579
416,3,35.8917089,128.5961338333333,142095,SPLY_LS,6.096678565962391,13,1.7048323066392883,1.7233949349760438,1.5354902108088881,1.3,1.3,1.2999999999999998,1.0,1.4,1.0940674349636452,7.471264367816092,20.833333333333332,9.102469625775054,1.547126436781609,4.966666666666667,1.8619676193249943,4.601618630878565,19.35919431283192,6.003006990756358,1.0333,2.3871,1.1598364995427026,13,300,36.09549765320361,0.0191751749158025,0.0806707306612862,0.025014830280831225
417,1,35.8965494,128.6049679,38000,SPLY_LS,4.61934141839403,20,1.7469952087611225,1.7526899383983574,1.6017701856251152,1.0,1.0,1.0,1.0,1.4,1.0147832707817295,7.471264367816092,20.0,8.731337839082636,1.547126436781609,3.3000000000000003,1.7344606877254916,2.970943668565308,6.55330148976909,3.2759793774832686,0.6654,1.6921,0.7222637140727651,13,150,23.943999968838103,0.012380070814095,0.0273079349729422,0.0136511698649416
418,1,35.8925429,128.5976192,142103,SPLY_LS,3.7917988162188525,27,1.6530869267624912,1.7526899383983574,1.6302333151161026,1.3,1.3,1.2999999999999994,1.0,1.2,1.0139199531814866,7.471264367816092,14.285714285714286,7.879947819921047,1.547126436781609,2.3625,1.6501957898457893,6.130380184385635,13.88447204160784,6.415555215468555,1.7936,5.0244,1.6967206202878808,13,80,20.537970917114944,0.0255456007473441,0.0578572892209819,0.026733939360618193
419,1,35.8979762,128.603352,72676,PIPE_LM,4.381709478657901,17,1.6726899383983571,1.6726899383983571,1.5905229886970176,1.0,1.0,1.0,1.0,1.0,1.0,10.95890410958904,14.22222222222222,9.41103129397614,2.16986301369863,2.5777777777777775,1.9878838463706716,2.4678093473468827,4.532544111324316,2.966060861998375,0.118,1.7378,0.4529445980941734,50,100,43.55216219665149,0.0102834849408618,0.0188873379390939,0.012359723914990274
420,1,35.8917564,128.6040532,107456,SPLY_LS,6.602169229352243,14,1.635619438740589,1.747871321013005,1.626770787546882,1.0,1.0,1.0,1.0,1.0,1.0,7.471264367816092,8.928571428571429,7.649161725167519,1.547126436781609,2.1333333333333337,1.6999395882223745,2.2272010693959565,4.600739314656767,2.963758194423977,0.3335,1.6672,0.489126978816641,13,80,29.376591773116793,0.0092808582162264,0.0191715107611404,0.012350128584074383
421,2,35.89721955,128.5994722,244052,SPLY_LS,7.006107541306677,28,1.7139767282683094,1.7526899383983574,1.6329717470258018,1.0,1.0,1.0,1.0,1.2,1.017005902088915,7.471264367816092,16.3265306122449,9.436137416851723,1.547126436781609,3.3000000000000003,1.9734127511202482,4.351536132589497,14.045678120391342,5.827845717511526,1.4863,6.0861,1.6656180208574463,13,150,42.43500149590787,0.018133068641307,0.0585290430115767,0.024284924497156364
422,1,35.895795,128.6089641,106490,SPLY_LS,6.643033063256275,30,1.7440383299110198,1.7526899383983574,1.6274308755588935,1.0,1.0,1.0,1.0,1.0,1.0,7.471264367816092,14.285714285714286,8.260295867575579,1.547126436781609,2.466666666666667,1.6693961866144509,4.595084895076059,10.699904903618648,4.341446053820402,1.5802,5.2399,1.4241608757502204,13,100,22.140043174217933,0.0191479485120266,0.044587038728624,0.018091022778572243
423,1,35.8964338,128.601439,3986,SPLY_LS,5.868097561653043,28,1.6531964407939768,1.7526899383983574,1.6083519746575303,1.0,1.0,1.0,1.0,1.0,1.0,7.471264367816092,20.833333333333332,12.228970884065365,1.547126436781609,4.966666666666667,2.6224084398575047,5.906635007398052,11.824002175906257,5.445980629247125,2.4989,2.4989,0.6854812061043783,13,300,94.9063660798361,0.024613243407578,0.0492712082671101,0.02269367358110418
424,4,35.8944865,128.6061309,246322,SPLY_LS,3.1305659314451635,21,1.581464750171116,1.712662559890486,1.6538820728177004,1.0,1.0,1.0,1.0,1.0,1.0,7.471264367816092,9.523809523809524,8.170986802917483,1.547126436781609,2.466666666666667,1.6686725991300135,6.46150849209148,7.545266404104854,5.131956696089516,3.0012,3.3345,1.8286615707046328,13,100,21.76479174436922,0.0269254289619698,0.0314415023692251,0.021385120150439776
425,1,35.8924486,128.6086639,48075,SPLY_LS,6.240225790545717,16,1.4496098562628337,1.7673648186173854,1.6156719234911654,1.0,1.0,1.0,1.6,1.6,1.3781822965395272,8.928571428571429,12.5,8.722143111084177,1.692857142857143,3.3000000000000003,1.9871046399423287,3.541292057386436,10.984649123148529,5.374454597705769,0.3185,2.3344,0.5672558564778777,25,150,49.73145496242078,0.0147567410677321,0.045773582128616,0.022395621031369772
426,1,35.893,128.6091518,75978,PIPE_LM,8.182883605912531,12,1.6526488706365503,1.746776180698152,1.6475878715536747,1.0,1.0,1.0,1.6,1.6,1.1420335914205118,8.333333333333334,12.5,8.539618838121095,2.466666666666667,3.3000000000000003,1.9305705565720557,8.711389842135526,9.17305887454059,5.990010351250768,0.272,2.36,1.344132009419478,100,150,44.738637903028575,0.0363007970416708,0.0382245949831543,0.024960672634179473
427,1,35.8964003,128.6048753,177338,SPLY_LS,5.68285643215315,19,1.6961806981519507,1.7526899383983574,1.6161492466887826,1.0,1.0,1.0,1.0,1.4,1.010384779919375,7.471264367816092,20.0,8.645937980707297,1.547126436781609,3.3000000000000003,1.730951579307734,2.7322826717053883,6.55330148976909,3.1947143759281453,0.5775,1.7291,0.6767321740577623,13,150,23.575851829043575,0.0113855585071299,0.0273079349729422,0.013312534540211316
428,2,35.8974151,128.6010253,106361,SPLY_LS,6.046776873411558,29,1.743545516769336,1.792662559890486,1.5956793973099055,1.0,1.0,1.0,1.0,1.2,1.070794401973941,7.471264367816092,20.833333333333332,11.802971514453484,1.547126436781609,4.966666666666667,2.7622813253906653,2.60205368313796,12.969072573353785,6.391303971477168,0.4615,3.3424,0.6532861181361338,13,300,110.53014204466042,0.01084288780032,0.0540427738667938,0.026632883214343886
429,1,35.8964629,128.6030102,324777,PIPE_LM,4.055196703963867,33,1.7726762491444217,1.7726762491444217,1.6286767127489818,1.0,1.0,1.0,1.0,1.2,1.0104854940693122,8.333333333333334,15.873015873015872,8.806688010526653,2.466666666666667,3.9746031746031742,2.1095855683009987,5.032448831019851,12.679749726974537,4.99026854829708,0.0961,3.5582,0.8934352213066262,100,200,60.819840940443164,0.0209704659013012,0.0528371510997892,0.020794698554181302
430,2,35.897908099999995,128.60765985,72419,SPLY_LS,4.365199922476696,13,1.6672142368240932,1.7400958247775495,1.5736944374861153,1.0,1.0,1.0,1.0,1.2,1.0227992460027462,7.471264367816092,9.523809523809524,7.913820617928959,1.547126436781609,2.466666666666667,1.7327049167907567,2.4082923550423634,6.052772281823407,3.476934809548193,0.4146,1.6929,0.7518803676035839,13,100,29.8392148922613,0.0100354746580792,0.0252222047369722,0.014488561198127735
431,2,35.8984449,128.5990145,325304,SPLY_LS,13.537138155662618,1,1.380889801505818,1.380889801505818,1.380889801505818,1.0,1.0,1.0,1.0,1.0,1.0,9.523809523809524,9.523809523809524,9.523809523809524,1.7523809523809524,1.7523809523809524,1.7523809523809524,1.709055566465455,1.709055566465455,1.709055566465455,0.045,0.045,0.045,20,20,20.0,0.0071217199982398,0.0071217199982398,0.0071217199982398
432,2,35.8984207,128.6057237,245237,PIPE_LM,5.510249171121273,16,1.0934154688569473,1.7726762491444217,1.615743066607347,1.0,1.0,1.0,1.0,1.0,1.0,8.928571428571429,10.95890410958904,7.804258312569845,1.692857142857143,2.16986301369863,1.6249735288010803,1.5149852760033438,5.829724516672196,4.03782641000511,0.1965,2.2747,1.2888873359579984,25,80,19.593553157769083,0.0063130193943697,0.0242927535471988,0.016825824541811737
433,1,35.8957186,128.6026908,87245,SPLY_LS,4.503175615220362,25,2.350855578370979,2.350855578370979,1.5732950332398041,1.0,1.0,1.0,1.0,1.4,1.0242403492473269,9.523809523809524,26.666666666666668,9.954069902195045,1.7523809523809524,3.9746031746031742,2.135931716421218,3.497006661405777,22.833904885619297,4.871019373350358,0.256,8.5128,0.8699419395929971,20,200,59.00052639987577,0.0145722016084109,0.0951500233536198,0.020297781279719575
434,1,35.8948091,128.6090867,245203,PIPE_LM,5.233326213348794,22,1.712662559890486,1.808213552361396,1.5290961046400542,1.0,1.0,1.0,1.0,1.2,1.0919903688526547,9.846153846153848,17.857142857142858,9.573325911363003,2.0307692307692307,3.3000000000000003,1.9506717691169284,3.3019489854209723,12.5323032848234,6.136287620922502,0.5793,4.6674,1.8750956183075014,40,150,39.50132893174827,0.0137593865196984,0.0522227344030233,0.025570217330765067
435,2,35.89138395,128.5980204,175891,SPLY_LS,17.95606927256284,9,1.6720328542094456,1.7241615331964408,1.664570578844945,1.3,1.3,1.3,1.0,1.0,1.0,7.471264367816092,14.22222222222222,9.1066537816339,1.547126436781609,2.5777777777777775,1.788505522050668,5.716991942414318,6.848537732779197,4.95916992784523,1.5757,2.0855,1.0530555396178263,13,80,28.964365010369157,0.0238229912736375,0.0285381991593775,0.0206651090478274
436,1,35.8968332,128.6027983,72532,PIPE_LM,4.923299848470898,27,1.6726899383983571,1.712662559890486,1.6505508116846905,1.0,1.0,1.0,1.0,1.0,1.0,9.846153846153848,14.22222222222222,8.110343433870106,2.0307692307692307,2.5777777777777775,1.6657738149250274,2.671509395689762,12.864716060377829,6.5714268932598525,0.3083,6.5593,2.794332368421567,40,80,20.769347502110904,0.011132313227309,0.0536079150593974,0.02738346443555842
437,1,35.8940179,128.6089717,177111,PIPE_LM,4.588587713576707,22,1.6126762491444215,1.9612594113620807,1.5043354205422432,1.0,1.0,1.0,1.2,1.2,1.1616744515402626,9.523809523809524,11.428571428571429,8.535875535816057,1.7523809523809524,2.1333333333333337,1.7314853387111813,4.09323278275221,11.777237832507907,5.507572653482705,0.7859,5.003,1.7320364369977923,20,80,26.653785906873722,0.0170567056673675,0.049076338909952,0.022950330625695042
438,1,35.891814,128.5974542,244026,SPLY_LS,5.572903594171938,20,1.6959069130732374,1.7237782340862422,1.653850829303556,1.3,1.3,1.3000000000000003,1.0,1.4,1.0932267611801347,9.523809523809524,17.857142857142858,9.12188362930841,1.7523809523809524,2.585714285714286,1.7746378189300016,7.629682135703896,11.087842183995308,6.7707930328501655,1.922,3.1734,1.4635683544394285,20,80,25.98569693714136,0.0317932669435849,0.0462035927728176,0.02821423310753824
439,1,35.8913034,128.6038482,178251,SPLY_LS,4.918041700604356,22,1.7467214236824091,1.7582751540041066,1.6308605422375262,1.0,1.0,1.0,1.0,1.2,1.0052898543543483,7.471264367816092,17.857142857142858,8.285890903556044,1.547126436781609,3.3000000000000003,1.7795824365349828,4.803170645047644,6.247954502078533,4.146550958592971,1.6929,2.6129,1.0844805881378896,13,150,31.198053453625793,0.0200150522364457,0.0260355388078863,0.017278885172004793
440,1,35.8946636,128.6006998,2841,SPLY_LS,6.9969190367589,24,1.553538672142368,1.7417932922655717,1.5700304092233215,1.0,1.0,1.0,1.0,1.2,1.0051507525867986,7.471264367816092,17.857142857142858,9.453914065318841,1.547126436781609,3.3000000000000003,1.7898391846639576,4.067151545450382,8.703600972473817,3.823813680067713,1.5638,4.1851,1.1078825810568924,13,150,24.87291356085899,0.016948023847469,0.036268340432347,0.015934022795526123
441,2,35.895592449999995,128.6009682,246553,PIPE_LM,4.866206599448212,26,1.792662559890486,1.792662559890486,1.6684002834750942,1.0,1.0,1.0,1.0,1.0,1.0,12.5,12.5,8.115256296757813,2.3625,2.466666666666667,1.6857546308866416,5.348834950440738,7.3736830895989565,5.3242830881212155,0.246,3.4379,1.8455087282670428,50,100,21.816241247022745,0.022288862680234,0.0307265061185133,0.022186553842355457
442,1,35.8943127,128.5986161,71366,SPLY_LS,4.650417572997439,33,1.6468446269678303,1.7365913757700209,1.6007316606020088,1.0,1.3,1.0129808739687631,1.2,1.4,1.127166506046434,7.471264367816092,20.833333333333332,9.376549292646693,1.547126436781609,4.966666666666667,2.1116983232418964,3.308688835306336,19.35919431283192,5.759171547135744,0.6396,3.7366,0.9786130821846264,13,300,58.934969873502304,0.0137874718111632,0.0806707306612862,0.023998755795491943
443,1,35.8975656,128.6026257,106620,SPLY_LS,4.688017171937704,20,1.5917590691307324,1.7526899383983574,1.6334869866528994,1.0,1.0,1.0,1.0,1.0,1.0,7.471264367816092,14.22222222222222,8.17404311260542,1.547126436781609,2.5777777777777775,1.8079984621686613,2.690857262920648,4.630368941601644,3.0069294323553213,0.6555,1.4238,0.3856789731741941,13,100,36.49474545689758,0.0112129367574534,0.1608660406591712,0.01648174417966582
444,2,35.8941485,128.59769285,2970,PIPE_LM,6.281961541500121,17,1.6526488706365503,1.912689938398357,1.6491238936918566,1.0,1.0,1.0,1.2,1.2,1.0232174078130958,10.95890410958904,12.5,8.537396939599613,2.16986301369863,2.3625,1.7119555910562356,3.1865507049448913,10.429606646318751,4.582006167800732,0.2176,5.2523,1.5030666431905224,50,50,22.48706317620964,0.0132785161150406,0.0434606923755425,0.019093448801534
445,1,35.8963696,128.6051019,177339,SPLY_LS,3.9957762263072345,23,1.1470773442847364,1.7526899383983574,1.5169764141138715,1.0,1.0,1.0,1.0,1.4,1.072850699682657,8.928571428571429,20.0,9.718404712496472,1.692857142857143,3.3000000000000003,1.861262122419669,3.575974272359531,6.55330148976909,3.826737951911112,1.6921,1.7291,0.8545949004814687,25,150,35.668024520606664,0.0149012635916357,0.0273079349729422,0.015946208382511134
446,1,35.8953074,128.6074242,3859,SPLY_LS,4.118596918363123,24,1.705160848733744,1.7526899383983574,1.6690497939356814,1.0,1.0,1.0,1.0,1.2,1.0120932287343332,7.471264367816092,15.873015873015872,8.162384372956268,1.547126436781609,3.9746031746031742,1.7203744462799446,2.715754874556288,7.20555947339757,2.9667842559927315,0.5597,1.8643,0.4670369522859411,13,200,27.58602166433469,0.0113166863500197,0.0300259266036213,0.012362738333934462
447,2,35.8961547,128.5988809,175952,SPLY_LS,4.163173498326603,21,1.60621492128679,1.744476386036961,1.610457503108583,1.0,1.0,1.0,1.0,1.2,1.0303476400951912,7.471264367816092,17.857142857142858,8.374036251280296,1.547126436781609,2.585714285714286,1.693044850853469,4.254918580888728,8.331772213986536,4.78886651486779,1.5942,3.9358,1.614440797789406,13,80,22.185720459123445,0.0177304584724923,0.0347189114042926,0.019955446210779784
448,1,35.89779,128.6006515,105161,SPLY_LS,1.805043157615917,17,1.6663381245722109,1.7446954140999316,1.67471205647889,1.0,1.0,1.0,1.0,1.2,1.0070570121897628,7.471264367816092,10.0,7.9159763452145935,1.547126436781609,2.05,1.627351326976296,3.2453854340633415,5.04504133115408,3.5244226730290342,0.9073,1.6739,0.8633261118877708,13,40,17.545389979000337,0.0135236833730136,0.0210229394789856,0.014686445499645585
449,1,35.8972359,128.5996551,210477,SPLY_LS,4.8093144373192525,24,1.6364955509924708,1.7526899383983574,1.648947602937113,1.0,1.0,1.0,1.0,1.2,1.0077881638057375,7.471264367816092,16.3265306122449,9.139328585254406,1.547126436781609,2.840816326530613,1.8093626015564115,4.60501350606436,11.659624372614612,5.214039969304764,1.7557,6.0861,1.6996193665811812,13,100,27.741268605156467,0.0191893215304454,0.0485862377419037,0.021727165254091376
450,1,35.8932312,128.5987044,71423,SPLY_LS,6.1936894822370565,19,1.642135523613963,1.7371389459274469,1.6789587601372884,1.0,1.0,1.0,1.0,1.0,1.0,7.471264367816092,14.22222222222222,8.226569742926793,1.547126436781609,2.5777777777777775,1.679792153019111,4.927243832122249,6.601578599540417,4.262487335875802,1.9384,2.725,1.2877789680670078,13,80,20.805325295228165,0.020532071410645,0.0275091081032148,0.017761997852961217
451,1,35.8949448,128.6021882,106654,SPLY_LS,8.185160317396099,20,1.673182751540041,1.792662559890486,1.604811226396391,1.0,1.0,1.0,1.0,1.0,1.0,9.523809523809524,17.857142857142858,8.754291666757455,1.7523809523809524,2.585714285714286,1.8332223970006671,3.884802488615129,5.3245835220535565,3.560273655471361,0.9604,2.1687,0.6872463049693885,20,80,34.36583552836917,0.0161881662101836,0.0221878057655732,0.014835838336031883
452,1,35.8976764,128.6042341,72666,SPLY_LS,6.104054066239752,21,1.6470636550308009,1.74217659137577,1.6721637475695534,1.0,1.0,1.0,1.0,1.0,1.0,7.471264367816092,14.22222222222222,8.084087891248501,1.547126436781609,2.5777777777777775,1.6651575228289766,4.585808948085915,9.10359990803878,4.504504676288216,1.7266,4.3426,1.5282297726105651,13,80,21.428396372212536,0.0191092951771214,0.037935155996793,0.01877049621132677
453,1,35.8976775,128.6007088,71436,SPLY_LS,3.930167782675671,28,1.6765229295003423,1.792662559890486,1.6512653699942323,1.0,1.0,1.0,1.0,1.2,1.046282913757697,7.471264367816092,14.285714285714286,8.543508023501591,1.547126436781609,3.3000000000000003,1.7944578281319858,3.130832646282237,10.186144445043444,4.088126731534919,0.8288,1.7827,0.8387824114447444,13,150,30.293207487286566,0.0130463361786903,0.0424461732097182,0.017035428496642527
454,1,35.8945891,128.599929,36929,SPLY_LS,4.312818955201275,18,1.657741273100616,1.7071321013004792,1.6273470128134555,1.0,1.0,1.0,1.0,1.2,1.0086010503813418,7.471264367816092,17.857142857142858,9.193609263122136,1.547126436781609,3.3000000000000003,1.8083995954294136,1.8490251870053689,7.236886145413275,2.6436712749613487,0.0923,1.0617,0.3274030952423423,13,150,28.243822985041025,0.0077049804055107,0.0301564664122443,0.011016310386327654
455,2,35.89733965,128.5991037,308935,PIPE_LM,4.707330869940849,28,1.6126762491444215,1.7326488706365502,1.5961541453948733,1.0,1.0,1.0,1.0,1.2,1.0195728213030084,16.3265306122449,16.3265306122449,10.671562630379402,2.840816326530613,3.3000000000000003,2.350677070311708,3.860909498217659,14.045678120391342,5.768091761946568,0.3377,2.43,0.9822894219077337,100,150,74.37115476455645,0.0160886029245478,0.0585290430115767,0.024035926776619396
456,1,35.8979954,128.6018406,177133,SPLY_LS,5.324288921546963,21,1.723340177960301,1.7526899383983574,1.6689104067164806,1.0,1.0,1.0,1.0,1.0,1.0,7.471264367816092,15.873015873015872,9.13929521376831,1.547126436781609,3.9746031746031742,2.0731367681264765,2.3059986078855133,13.1470648457662,3.9907063413544455,0.3104,1.2511,0.44285982040565547,13,200,56.38663023790978,0.0096092114989893,0.1608660406591712,0.0309276075776827
457,1,35.8975971,128.5998212,142136,SPLY_LS,5.8921492239853785,25,1.7087748117727584,1.7429431895961671,1.6723430917305,1.0,1.0,1.0,1.0,1.2,1.0107166895099,7.471264367816092,16.3265306122449,8.80726747234799,1.547126436781609,2.840816326530613,1.7593750867068025,2.960735644775316,5.048477069303267,3.391921349812228,0.6968,2.0111,0.7016334081028104,13,100,24.515374332303356,0.0123375334685609,0.0210372563716401,0.014134305860734999
458,1,35.8974838,128.601452,4007,PIPE_LM,7.663100118529309,19,1.6126762491444215,1.7526899383983574,1.636122015295099,1.0,1.0,1.0,1.0,1.0,1.0,8.333333333333334,20.833333333333332,9.277989731959293,2.466666666666667,4.966666666666667,2.1796792777405622,4.881462956851472,10.800406446905429,4.625266317065356,0.1687,2.3127,0.7220493919132012,100,300,67.5180605706189,0.0203413002143479,0.0450058336845772,0.01927371600652714
459,1,35.8949693,128.6009156,37774,PIPE_LM,5.732392693072923,23,1.1649281314168378,1.792662559890486,1.5548245687927622,1.0,1.0,1.0,1.0,1.0,1.0,17.857142857142858,17.857142857142858,9.97541422200856,2.585714285714286,2.585714285714286,1.9047127272021762,2.802104415951294,10.455344937613788,5.495603774238642,0.3111,4.6276,1.9069226758982674,50,80,33.68753093644708,0.0116765092064898,0.0435679451222835,0.02290045570744108
460,1,35.8900323,128.6015069,4784,SPLY_LS,4.152958585665703,20,1.5938398357289527,1.8396988364134157,1.6616146835389891,1.0,1.0,1.0,1.0,1.6,1.0784147769188561,9.846153846153848,14.22222222222222,9.033685412406781,2.0307692307692307,2.5777777777777775,1.9299995940468182,4.415015503977646,5.730940451287324,3.9873752882402154,1.2691,2.3863,0.7840640091703698,40,80,41.40452521968967,0.01839759035585,0.0238811154075368,0.016615592194861344
461,2,35.8978824,128.6045353,38163,SPLY_LS,5.04265948948434,23,1.611690622861054,1.7457905544147845,1.6479398915000503,1.0,1.0,1.0,1.0,1.0,1.0,7.471264367816092,17.857142857142858,8.181195218511295,1.547126436781609,2.585714285714286,1.643218381004117,2.8604909742219555,8.369905696957307,4.930448779417641,0.7381,3.9625,1.8549630102053254,13,50,17.780502486259024,0.0119198089141316,0.0348778155345059,0.020545426586272238
462,1,35.8960685,128.6103505,3777,PIPE_LM,6.5741367712026095,25,1.6726899383983571,1.7526899383983574,1.6126360123283887,1.0,1.0,1.0,1.0,1.0,1.0,6.666666666666667,14.285714285714286,8.276533258590497,2.1333333333333337,2.466666666666667,1.7414986470321652,4.255958156874132,8.90068066552235,4.639562521163854,0.1487,4.273,1.467091360812864,80,100,28.45418056705856,0.0177347904376023,0.0370895813672649,0.01933328900381578
463,1,35.8920758,128.6077697,178124,SPLY_LS,7.044414622142066,16,1.671978097193703,1.7526899383983574,1.6080513529519962,1.0,1.0,1.0,1.0,1.6,1.2194185032797689,7.471264367816092,15.873015873015872,9.600277227436527,1.547126436781609,3.9746031746031742,2.130984425125331,2.846271855994933,12.765202636710075,4.819047615961863,0.6671,1.3337,0.4126050590231069,13,200,57.29641264274834,0.0118605571375236,0.0531932376473027,0.020081212368093838
464,1,35.8954407,128.6032973,245448,SPLY_LS,5.645170979604507,9,1.66403832991102,1.6926762491444216,1.61467348156398,1.0,1.0,1.0,1.0,1.4,1.028809441693695,7.471264367816092,11.428571428571429,7.79358679149286,1.547126436781609,2.1333333333333337,1.809029674883921,2.927061933210501,4.405967385857419,3.5472240367329824,0.7226,1.3718,0.6273659590879083,13,80,38.62780242072455,0.0121972134287848,0.0183598863952371,0.014781459922268132
465,2,35.8968842,128.5999283,142130,SPLY_LS,3.8228602434453527,21,1.7028062970568103,1.7456810403832992,1.6451661250294773,1.0,1.0,1.0,1.0,1.2,1.0392483125572332,7.471264367816092,20.833333333333332,9.757067080212543,1.547126436781609,4.966666666666667,2.0719758488054216,4.2014601096549,12.29989176013464,5.282354126887316,1.4163,3.9199,1.22434865338092,13,300,51.75255600901213,0.0175076943499374,0.051254263959069,0.02201183376444574
466,1,35.8957652,128.6007278,71262,PIPE_LM,3.150095480830849,26,1.7526899383983574,1.792662559890486,1.6487702693796087,1.0,1.0,1.0,1.0,1.0,1.0,8.333333333333334,16.3265306122449,9.144431752052702,2.466666666666667,2.840816326530613,1.9502544580521564,5.195419913347023,6.399415898853104,4.424168492167484,0.1445,2.7619,1.09955269415003,100,100,44.18188967282996,0.0216495745499127,0.0266666860213158,0.01843573131528647
467,2,35.89546115,128.60031755,142163,SPLY_LS,5.482265902033093,27,1.6577960301163586,1.7726762491444217,1.6714262239175817,1.0,1.0,1.0,1.0,1.0,1.0,7.471264367816092,14.22222222222222,8.504644088117178,1.547126436781609,2.5777777777777775,1.7109367847763648,4.1941738749162525,6.014295435675058,4.119040706903734,1.4776,2.5474,1.2213214057851156,13,80,23.27564379551618,0.0174773322454697,0.0250618697952297,0.017164248577703142
468,1,35.894752,128.6016487,38089,SPLY_LS,6.0992155976161,26,1.6274058863791925,1.7419028062970567,1.6162517015315536,1.0,1.0,1.0,1.0,1.0,1.0,7.471264367816092,20.833333333333332,8.682618422920012,1.547126436781609,4.966666666666667,1.7396948712159837,3.805034595518176,9.737784085247704,4.418257008079978,1.2897,2.8518,1.4156768003398799,13,300,25.537988084180657,0.015855769411254,0.0405778331724314,0.018411097865519626
469,2,35.89624685,128.6020952,38071,SPLY_LS,9.587939746781835,30,1.0779192334017795,1.7526899383983574,1.4742883731573417,1.0,1.0,1.0,1.0,1.0,1.0,7.471264367816092,17.857142857142858,10.514112956178417,1.547126436781609,3.9746031746031742,1.9478621092762072,2.205589758582472,64.6458046407898,6.90477005931596,1.0038,31.5158,2.566833003229256,13,200,33.89210210237905,0.009190802803501,0.2693823002284031,0.028772522075672522
470,2,35.8968068,128.6061739,37988,PIPE_LM,5.509876399046603,18,1.712662559890486,1.7218069815195074,1.669024846640998,1.0,1.0,1.0,1.0,1.0,1.0,8.333333333333334,16.3265306122449,8.150124230775678,2.466666666666667,2.840816326530613,1.8581163347418066,5.224924143874059,5.531159012045702,4.553687010070888,0.1779,2.18,1.1308242754639939,100,100,41.21184742151938,0.0217725201537304,0.023048616161145,0.018975441455315843
471,1,35.8977913,128.6005239,210467,SPLY_LS,3.245029785967949,13,1.701492128678987,1.7440930869267626,1.6937020333272466,1.0,1.0,1.0,1.0,1.0,1.0,7.471264367816092,10.0,7.927762617481164,1.547126436781609,2.05,1.6311099427302684,3.9176182447628776,4.645786510853051,3.676445047485088,1.2548,1.6739,0.9420780904813273,13,40,17.706193614074277,0.0163249111068391,0.0193592246800502,0.015319930335122698
472,1,35.8946727,128.6005333,71260,PIPE_LM,6.40051980829496,19,1.156824093086927,1.7417932922655717,1.5841770968835418,1.0,1.0,1.0,1.0,1.0,1.0,17.857142857142858,17.857142857142858,9.402602780631762,2.585714285714286,2.585714285714286,1.772969695966097,2.7342215127956497,8.703600972473817,3.3118158375740987,0.2883,4.1851,0.8647957330875183,50,80,24.02911294769645,0.0113936377548951,0.036268340432347,0.013800502185963109
473,1,35.89646,128.6070414,143111,SPLY_LS,4.944858673369897,24,1.639835728952772,1.712662559890486,1.6666511272297921,1.0,1.0,1.0,1.0,1.0,1.0,7.471264367816092,8.928571428571429,7.635398077750535,1.547126436781609,2.466666666666667,1.6428883400999386,2.905587956628103,4.932937148577276,3.133371962848012,0.7352,1.9225,0.6708528789556101,13,100,22.202931089728523,0.0121077302946671,0.0205557957449789,0.013056917637785765
474,1,35.8960789,128.5986907,210488,SPLY_LS,7.71216672071422,19,1.6518275154004107,1.744476386036961,1.6056633354447685,1.0,1.0,1.0,1.0,1.2,1.0546433012289615,7.471264367816092,17.857142857142858,8.40218870426404,1.547126436781609,2.585714285714286,1.7035438686347528,6.418055972687692,8.331772213986536,4.816076217392345,2.805,3.9358,1.6224579729416604,13,80,22.424236419479328,0.0267443601409882,0.0347189114042926,0.02006883040168474
475,1,35.8901195,128.603841,178224,SPLY_LS,5.641143739010636,22,1.6271868583162217,1.736536618754278,1.5839007421163342,1.0,1.0,1.0,1.0,1.6,1.0854707414041527,7.471264367816092,15.873015873015872,8.193945380362655,1.547126436781609,3.9746031746031742,1.6968659106673256,6.778420528174008,12.69137420831549,5.95993839966249,3.0795,4.3354,2.310885469524413,13,200,24.037090613886875,0.0282460172619275,0.052885590894761,0.024835361308313555
476,2,35.8951971,128.6068576,143082,SPLY_LS,6.140994064567949,29,1.7461190965092404,1.7526899383983574,1.649375479136527,1.0,1.0,1.0,1.0,1.4,1.0398681861502965,7.471264367816092,11.428571428571429,8.00377603815276,1.547126436781609,2.466666666666667,1.6348359458557824,7.557183124225611,9.105636524111194,5.245177543027533,3.2384,4.3946,1.8621227154868607,13,100,19.610548519253328,0.0314911599378043,0.0379436426777975,0.021856917080672847
477,1,35.8959048,128.6015921,106644,SPLY_LS,5.661335534890629,22,1.643832991101985,1.7526899383983574,1.6551758016161147,1.0,1.0,1.0,1.0,1.0,1.0,7.471264367816092,20.833333333333332,8.775469957266976,1.547126436781609,4.966666666666667,1.830238977069626,4.117890475723278,9.737784085247704,3.711483261079753,1.4532,2.3732,0.8969719578939407,13,300,33.99032282925584,0.0171594555068626,0.0405778331724314,0.015465936323082345
478,2,35.89641495,128.60241515,106639,SPLY_LS,5.260702582982471,25,1.664476386036961,1.7526899383983574,1.6648395395532078,1.0,1.0,1.0,1.0,1.0,1.0,7.471264367816092,15.873015873015872,8.09230713201061,1.547126436781609,3.9746031746031742,1.8813145160538467,4.792868226514287,7.8875425586861105,5.133333771292575,1.8199,3.5582,1.4139490609677912,13,200,42.986791066659485,0.0199721215432963,0.0328677842191729,0.02139085849166467
479,1,35.8967037,128.6010457,141956,PIPE_LM,5.0458124567816265,23,1.6526488706365503,1.741738535249829,1.6587726609865048,1.0,1.0,1.0,1.0,1.0,1.0,9.846153846153848,14.22222222222222,8.238656750056037,2.0307692307692307,2.5777777777777775,1.6953244955746407,2.348778734029751,8.427335725533606,3.3743716396436474,0.1642,4.0782,0.8794028251359648,40,80,22.87953122954731,0.0097874784236386,0.0351171293350848,0.01406117534097702
480,1,35.889404,128.603045,212361,SPLY_LS,9.31538217820211,20,1.635893223819302,1.724709103353867,1.6037593144520539,1.0,1.0,1.0,1.6,1.6,1.2783980581589565,7.471264367816092,15.873015873015872,8.592269395511215,1.547126436781609,3.9746031746031742,1.79523421569644,3.6247897347087705,12.69137420831549,5.197580598512287,0.3562,4.6374,1.282428017430291,13,200,31.701218735730713,0.0151046800640181,0.052885590894761,0.021658578233030572
481,1,35.8973372,128.5989698,308935,PIPE_LM,5.219947597073722,28,1.6126762491444215,1.7326488706365502,1.6025769643074705,1.0,1.0,1.0,1.0,1.2,1.0105082254280897,16.3265306122449,16.3265306122449,10.272052731072568,2.840816326530613,3.3000000000000003,2.1956961769899466,3.860909498217659,14.045678120391342,5.20389031159745,0.3377,2.43,1.0064671367439353,100,150,61.4343498334214,0.0160886029245478,0.0585290430115767,0.021684871122942116
482,2,35.8907982,128.6036585,73321,SPLY_LS,11.932318144183869,21,1.7261875427789186,1.862532511978097,1.671841216122743,1.0,1.0,1.0,1.2,1.4,1.122600832397772,7.471264367816092,17.857142857142858,8.49088996514148,1.547126436781609,2.840816326530613,1.7441336207053666,3.5256310236215107,44.320708637351565,8.443554436909942,0.6668,9.828,2.525399059741932,13,100,26.75548194220841,0.014691480756982,0.1846866089272758,0.03518471351632553
483,2,35.896101,128.60819795,106488,SPLY_LS,5.8882551589238705,24,1.6828747433264888,1.7326488706365502,1.6300398437080101,1.0,1.0,1.0,1.0,1.0,1.0,7.471264367816092,14.285714285714286,8.428323265363495,1.547126436781609,2.466666666666667,1.726060837115286,5.815393726142453,6.630840916865468,4.52412798613206,2.3841,2.9729,1.4192661636028645,13,100,26.254300819662323,0.0242330364265219,0.0276310456426242,0.01885226752461155
484,2,35.897032249999995,128.6038321,106558,SPLY_LS,5.3405339459748395,19,1.7356605065023958,1.7438193018480497,1.641627229818299,1.0,1.0,1.0,1.0,1.0,1.0,7.471264367816092,12.5,8.204935445598544,1.547126436781609,3.3000000000000003,1.7868251492349811,4.0739184106042785,6.228996858310379,3.6863232436764326,1.2986,1.7006,0.8458234021957356,13,150,32.3561751339614,0.0169762217129085,0.0259565413584222,0.015361093272561827
485,1,35.8941394,128.6100548,73269,SPLY_LS,6.922453440305311,24,1.2672689938398358,1.7690075290896647,1.5103119562768015,1.0,1.0,1.0,1.0,1.6,1.0457140804555016,9.523809523809524,12.5,8.483091805960292,1.7523809523809524,3.3000000000000003,1.779330221450019,4.000779897974803,9.768153008553307,5.713178168402995,1.6656,4.841,2.1409256640233445,20,150,29.031237393034193,0.0166714498738559,0.040704381994292,0.02380709908664365
486,1,35.8955524,128.6011078,177404,SPLY_LS,4.323235738796712,25,1.6271321013004791,1.792662559890486,1.6478039371322741,1.0,1.0,1.0,1.0,1.0,1.0,7.471264367816092,20.833333333333332,8.754276577695002,1.547126436781609,4.966666666666667,1.795125432813455,7.3736830895989565,9.737784085247704,5.380474267215891,3.4379,3.4379,1.8752040009309776,13,300,31.507767831178597,0.0307265061185133,0.0405778331724314,0.022420705295201925
487,2,35.89592225,128.60743305,37942,SPLY_LS,5.929964833755472,23,1.742505133470226,1.7526899383983574,1.6651978685795545,1.0,1.0,1.0,1.0,1.2,1.0298608423924482,7.471264367816092,15.873015873015872,8.41897313483482,1.547126436781609,3.9746031746031742,1.894511584742378,2.6860871328708513,8.837926571575123,3.6335678220054213,0.5096,1.4822,0.49960447789510204,13,200,42.22539426975822,0.0111930593870294,0.0368280819200821,0.015141258792687635
488,2,35.8967442,128.6020986,211493,SPLY_LS,2.58520347747503,26,1.6772895277207391,1.7526899383983574,1.6672272418003737,1.0,1.0,1.0,1.0,1.0,1.0,7.471264367816092,15.873015873015872,7.8360910550021785,1.547126436781609,3.9746031746031742,1.7209884965756168,5.506125908559495,8.954016762431259,5.015678653410202,2.2148,4.2709,1.5922504616144486,13,200,28.12231554746387,0.0229443019672628,0.0373118355498891,0.020900583732692934
489,1,35.8968028,128.6106865,211328,PIPE_LM,5.868869902617649,15,1.6926762491444216,1.7529089664613278,1.6773082843535623,1.0,1.0,1.0,1.6,1.6,1.1183898720539538,12.5,12.5,8.223731506552461,3.3000000000000003,3.3000000000000003,1.9876146231559475,11.330398627606204,11.330398627606204,6.017713790047822,0.1834,3.7106,1.2530635716749035,150,150,52.10686526660298,0.0472143376011664,0.0472143376011664,0.025076114248818757
490,1,35.8977587,128.5998382,142135,SPLY_LS,3.8316827834681146,19,1.7087748117727584,1.7429431895961671,1.6633220781550535,1.0,1.0,1.0,1.0,1.0,1.0,7.471264367816092,14.285714285714286,8.723994076802105,1.547126436781609,2.3625,1.7759012138385593,2.786944231397415,4.770553863899902,3.1327376094995842,0.5972,1.1754,0.4499578463363994,13,80,25.63609984543726,0.0116133359594445,0.019879136478564,0.01305427425566519
491,2,35.89685555,128.60293009999998,3961,SPLY_LS,2.9907269099786737,24,1.664476386036961,1.6726899383983571,1.6516501815469042,1.0,1.0,1.0,1.0,1.0,1.0,7.471264367816092,14.22222222222222,8.229820784686876,1.547126436781609,2.5777777777777775,1.6839062651149672,4.173852442941641,12.864716060377829,5.877171530611048,1.4557,6.5593,2.3639762900396524,13,80,22.52742529939177,0.0173926518223599,0.0536079150593974,0.024490467626632727
492,1,35.8916538,128.5978121,193326,PIPE_LM,4.170127522964748,18,1.5126899383983572,1.7526899383983574,1.6475407933132167,1.3,1.3,1.2999999999999996,1.0,1.0,1.0,14.22222222222222,14.22222222222222,9.196292796440321,2.5777777777777775,2.5777777777777775,1.786446188032309,3.5703890515262677,9.703863087467168,5.013767376458941,0.1306,3.8307,1.1036450419891917,80,80,29.34873860055629,0.0148779896971625,0.04043648267863,0.020892619346073175
493,1,35.894179,128.6107778,4733,SPLY_LS,7.081802519397654,7,1.5663518138261463,1.7526899383983574,1.5043954383480935,1.0,1.0,1.0,1.6,1.6,1.4983684358821419,7.471264367816092,12.5,9.397469322014473,1.547126436781609,3.3000000000000003,1.956895012830608,6.57621289800436,10.110827862435327,6.55840283991776,1.5697,2.3127,1.1952908583473318,13,150,42.33515702383574,0.027403407956629,0.0421323252441611,0.027329192554079267
494,1,35.8961235,128.6038212,143144,SPLY_LS,7.594391350688745,19,1.6565913757700206,1.7526899383983574,1.6108851385195229,1.0,1.0,1.0,1.0,1.2,1.0292954881986878,7.471264367816092,15.873015873015872,8.738037872469532,1.547126436781609,3.9746031746031742,1.843220704941241,3.1565391384506603,9.37339816098739,3.479046143050074,0.866,1.2562,0.5674798903070639,13,200,35.98648726687575,0.0131534564168808,0.0390594188067425,0.014497359230396764
495,1,35.8974632,128.6090917,177241,SPLY_LS,5.1828544693506355,11,1.6460780287474333,1.6726899383983571,1.5593261324262715,1.0,1.0,1.0,1.2,1.2,1.1219954715743947,7.471264367816092,9.523809523809524,8.19792675559986,1.547126436781609,2.466666666666667,1.7240152908808064,2.5590262873079417,5.386910328443531,3.184847146694566,0.2687,1.5868,0.5157586799780319,13,100,27.27604124420371,0.0106635904905265,0.0224475246841406,0.013271417302633539
496,1,35.8958464,128.6083828,37931,SPLY_LS,5.592354794951868,24,1.6823819301848049,1.7463928815879537,1.6145429841848236,1.0,1.0,1.0,1.0,1.0,1.0,7.471264367816092,14.285714285714286,8.496495880757005,1.547126436781609,2.466666666666667,1.7100368042542657,7.280126850230615,8.520309867712145,5.5377116474729675,3.2377,3.9596,2.0722621387359634,13,100,24.297428670283892,0.0303366525912534,0.0355045572342498,0.023075921320602176
497,1,35.8941094,128.6089934,37742,PIPE_LM,4.863057479296952,22,1.6726899383983571,1.803668720054757,1.5274895686917302,1.0,1.0,1.0,1.2,1.2,1.1461026590034677,8.928571428571429,11.428571428571429,8.31079429948592,1.692857142857143,2.1333333333333337,1.7090727001881767,3.0579547224523935,29.499750631236587,5.482918106159646,0.3156,5.003,1.4444646984125107,25,80,26.561841156649063,0.0127426502261952,0.1229269358678944,0.022847593894272506
498,1,35.8967557,128.6055623,72405,SPLY_LS,6.247403664231866,19,1.661902806297057,1.74217659137577,1.6498874730013853,1.0,1.0,1.0,1.0,1.2,1.034592920480279,7.471264367816092,20.0,8.28831075697317,1.547126436781609,3.3000000000000003,1.7236587845826763,2.66858117704313,5.684139428941524,3.539793345519152,0.5725,1.8168,0.7664787536508528,13,150,28.072599747879977,0.0111201111937975,0.0236860932073707,0.01475049586044552
499,1,35.8964393,128.5999479,105155,SPLY_LS,2.2698752585249182,25,1.1313620807665985,1.6980971937029432,1.5038727078726404,1.0,1.0,1.0,1.0,1.2,1.047367176213887,9.523809523809524,20.833333333333332,10.343081167531832,1.7523809523809524,4.966666666666667,2.2881230916423294,4.817722513058046,12.15745498850814,5.058391725100812,2.5955,2.5955,0.9312144252857071,20,300,70.3014270963145,0.0200756905980385,0.0506607228098628,0.0210785712380813
500,1,35.8954636,128.6044445,211478,PIPE_LM,4.7249702956471324,19,1.6726899383983571,1.737741273100616,1.617871803639788,1.0,1.0,1.0,1.0,1.4,1.0592831404530823,6.666666666666667,16.3265306122449,8.497371103949625,2.1333333333333337,2.840816326530613,1.9060497178675793,4.0592215170813075,6.742653620780288,3.864265753599092,0.0956,1.7929,0.6177844396333834,80,100,44.320886514728635,0.0169149790227536,0.0280969747704725,0.01610258860853505
501,1,35.8965219,128.6082196,211434,PIPE_LM,4.6295925545493715,26,1.7326488706365502,1.7328131416837782,1.6866811602461211,1.0,1.0,1.0,1.0,1.0,1.0,6.666666666666667,14.285714285714286,8.29401990699948,2.1333333333333337,2.5777777777777775,1.7868791248918434,4.263446430063447,8.62911838142102,5.059853712803346,0.1109,4.0231,1.538331269020367,80,100,32.95372024759484,0.0177659944463958,0.0359579677513004,0.02108466341393713
502,1,35.8923365,128.6053714,143933,SPLY_LS,5.0696394132176446,16,1.6354551676933609,1.741574264202601,1.6188085822656064,1.0,1.0,1.0,1.2,1.6,1.1979764062831257,7.471264367816092,20.0,9.994755276128098,1.547126436781609,3.9746031746031742,1.979406134244307,3.4892151386112986,11.895530325604453,4.55902991508287,0.7411,2.7718,0.761935042801166,13,200,42.85453252915884,0.0145397339433502,0.04956926964331,0.01899770560764602
503,1,35.8901372,128.6023267,212340,PIPE_LM,9.619439808976377,8,1.6926762491444216,1.6926762491444216,1.657245732223386,1.0,1.0,1.0,1.2,1.2,1.0434707518053483,9.846153846153848,9.846153846153848,8.398501349563395,2.0307692307692307,2.0307692307692307,1.7359569017912047,3.1057521963315065,7.465812448588208,4.508357244397219,0.2525,3.3489,1.5160951977644979,40,40,23.541710987199306,0.0129418246897232,0.0311104137638894,0.018786550055265396
504,2,35.8917425,128.5959329,324893,PIPE_LM,7.450683996843832,13,1.712662559890486,1.7194524298425735,1.588743533292787,1.3,1.3,1.3000000000000003,1.2,1.4,1.2206193921487785,6.666666666666667,20.833333333333332,10.17341854228536,2.1333333333333337,4.966666666666667,2.4549421635610784,6.872521577861954,22.18373259512753,10.289120497768337,0.1613,2.3871,1.033346233480861,80,300,90.50618402271958,0.0286381410410296,0.0924407229105261,0.042875279570225494
505,1,35.8918381,128.5971107,142097,SPLY_LS,0.3503819888261311,17,1.6072005475701574,1.7430527036276522,1.620745360820972,1.3,1.3,1.3,1.0,1.4,1.1066526450087104,7.471264367816092,17.857142857142858,8.17920184067612,1.547126436781609,2.585714285714286,1.7112980949568366,6.961476012596364,11.087842183995308,7.049175436907539,2.2629,3.1734,1.7368569146701218,13,80,24.71219713605721,0.0290088186182896,0.0462035927728176,0.029374266504365493
506,1,35.893978,128.6084855,246265,SPLY_LS,6.79333296520532,19,1.6876386036960986,1.7526899383983574,1.5671288824448806,1.0,1.0,1.0,1.0,1.2,1.0221669865431304,7.471264367816092,14.22222222222222,8.669311073038411,1.547126436781609,2.5777777777777775,1.7010374789466611,5.17079386945785,7.228163452226315,3.4997932790577697,2.0005,3.867,0.9421848159729165,13,80,23.405126959027438,0.0215469565937243,0.0301201185135996,0.014583813583497644
507,3,35.8919995,128.597909,2817,SPLY_LS,6.669824324725894,8,1.739110198494182,1.7526899383983574,1.7336731601000694,1.3,1.3,1.3,1.0,1.0,1.0,7.471264367816092,11.428571428571429,8.108242965753409,1.547126436781609,1.942857142857143,1.6108242965753408,4.461891896749584,8.434692616543702,4.761394267765029,0.9327,2.66,0.9929191190858913,13,32,17.365184583875994,0.0185929266283503,0.0351477858677684,0.019840967983490228
508,1,35.8911814,128.6047287,212380,SPLY_LS,5.74767330954938,21,1.13678302532512,1.756249144421629,1.5081325543150608,1.0,1.0,1.0,1.0,1.4,1.0110659569035367,9.523809523809524,14.22222222222222,9.18550856306591,1.7523809523809524,3.3000000000000003,1.9467096991990134,2.244367909145432,7.734045304449008,3.1830299904576513,0.667,1.1825,0.457166414776265,20,150,42.70449624698029,0.0093523932958044,0.0322281534859042,0.013263845121736508
510,1,35.8958443,128.5989974,299651,PIPE_LM,9.953303671002539,27,1.4330184804928132,2.0606981519507186,1.574781824792696,1.0,1.0,1.0,1.2,1.2,1.135543048409974,12.5,20.833333333333332,10.845431848977633,3.3000000000000003,4.966666666666667,2.406902347362335,9.3110388004507,12.15745498850814,5.501938308111934,0.5316,2.8032,0.7311528344073283,150,300,78.23366147618253,0.038799564233418,0.0506607228098628,0.022926852026817785
511,1,35.8964077,128.5995189,406711,SPLY_LS,9.762056485220135,14,1.6869815195071869,1.6869815195071869,1.563508447544161,1.0,1.0,1.0,1.2,1.2,1.1125749514308698,12.5,20.833333333333332,10.387367948224233,2.3625,4.966666666666667,2.2863244539846437,9.554782419668465,12.15745498850814,5.957513426638653,0.971,2.2487,0.8936706916575602,50,300,69.49733554630691,0.0398152560818794,0.0506607228098628,0.02482525632447455
512,1,35.8952046,128.6036947,162065,SPLY_LS,5.6220611131125215,22,1.760684462696783,1.760958247775496,1.5954342283108827,1.0,1.0,1.0,1.0,1.4,1.1079115922487837,7.471264367816092,20.833333333333332,8.682521346735385,1.547126436781609,4.966666666666667,1.7680146277997968,2.6035398439973956,11.180281039269092,3.3768765444565503,0.4481,1.6183,0.6256334722881634,13,300,29.341830566390925,0.0108490807069293,0.0465887901046862,0.014071613404577618
513,1,35.8969594,128.6005758,36469,SPLY_LS,3.869672602050332,24,1.7201642710472278,1.7201642710472278,1.6360946452012963,1.0,1.0,1.0,1.0,1.2,1.059180630306364,7.471264367816092,20.833333333333332,9.620759316231187,1.547126436781609,4.966666666666667,2.1160649568821026,2.1545522284706933,12.29989176013464,4.429939904573676,0.2266,4.0782,0.6145499913069986,13,300,58.853700245073924,0.0089781268636488,0.051254263959069,0.018459781079353695
514,2,35.89526155,128.60087735000002,38065,SPLY_LS,5.993749864742233,28,1.7250376454483232,1.792662559890486,1.627074444075326,1.0,1.0,1.0,1.0,1.0,1.0,7.471264367816092,17.857142857142858,8.733790072409278,1.547126436781609,2.585714285714286,1.7340904902818197,4.932024675377133,10.455344937613788,5.3110655966835205,1.7999,4.6276,1.9015209609761505,13,80,24.06961897097603,0.0205519934235302,0.0435679451222835,0.022131475894660024
515,1,35.8897958,128.6022121,212338,PIPE_LM,5.5402266455760625,25,1.6526488706365503,1.7326488706365502,1.6354870213830441,1.0,1.0,1.0,1.0,1.4,1.0817834817461278,8.928571428571429,16.3265306122449,8.064707744777305,1.692857142857143,2.840816326530613,1.68493304606825,2.263040029264196,8.436341197643943,3.928574092922297,0.1825,3.051,0.946509057359547,25,100,24.164568900168184,0.0094302009539453,0.0351546555876421,0.016370564673911802
516,1,35.8955381,128.6017356,245498,SPLY_LS,3.656466707500619,23,1.5942231348391511,1.8126488706365504,1.6526226917727411,1.0,1.0,1.0,1.0,1.0,1.0,7.471264367816092,14.285714285714286,8.305504303222676,1.547126436781609,2.466666666666667,1.7195692528222848,3.742589730178058,5.489577371088297,4.127712170075395,1.299,2.2698,1.1152630231132699,13,100,23.85810686487795,0.0155955585351384,0.0228753433841934,0.017200382998312624
517,1,35.8961698,128.6018101,38070,SPLY_LS,5.903174814063448,22,1.697549623545517,1.7462833675564682,1.4745852219719435,1.0,1.0,1.0,1.0,1.0,1.0,7.471264367816092,17.857142857142858,11.184862824693306,1.547126436781609,2.585714285714286,1.9184862824693298,4.429263530364788,64.6458046407898,8.925126507898932,1.5552,31.5158,3.679020765532158,13,50,26.709310897994165,0.0184569625942065,0.2693823002284031,0.037191448414740196
518,1,35.8948004,128.6008315,71257,SPLY_LS,4.20845434775384,24,1.6484873374401094,1.7497878165639973,1.5626961912939632,1.0,1.0,1.0,1.0,1.0,1.0,7.471264367816092,17.857142857142858,9.914609417905762,1.547126436781609,2.585714285714286,1.8413589461135789,4.864492580858655,10.455344937613788,4.805785490203201,1.8898,4.6276,1.642325800042374,13,80,27.451265455947315,0.020270583809067,0.0435679451222835,0.020025948426951202
519,3,35.8950599,128.6068585,245389,SPLY_LS,3.1782466249976844,20,1.7339082819986311,1.7526899383983574,1.679647998813096,1.0,1.0,1.0,1.0,1.4,1.0708131379536694,7.471264367816092,9.523809523809524,7.7798561207858725,1.547126436781609,2.466666666666667,1.6825297590607857,6.457226604062382,9.86958741763695,6.109152222336317,2.647,4.3946,2.0333202591118336,13,100,25.96061531705018,0.0269075861204581,0.041127064248664,0.025457142768086506
520,1,35.8953951,128.6115114,211335,SPLY_LS,6.035459350833246,23,1.6403832991101983,1.7152908966461329,1.5359671189859998,1.0,1.0,1.0,1.0,1.6,1.1225246682821675,7.471264367816092,17.857142857142858,8.678259577378464,1.547126436781609,2.585714285714286,1.8314600903619447,4.1129339353458105,8.6462891805545,4.81682304748352,1.4554,3.9606,1.2157179452474005,13,100,35.70127138585966,0.0171388013552827,0.0360295193298296,0.020071942480016154
521,1,35.8939019,128.6063404,143964,SPLY_LS,6.877377132212435,19,1.741409993155373,1.7526899383983574,1.6405088649965935,1.0,1.0,1.0,1.0,1.0,1.0,7.471264367816092,9.523809523809524,7.942662708643961,1.547126436781609,2.1333333333333337,1.616941790648658,4.742509299105467,5.782666674014867,3.789251847309531,1.667,2.0208,1.151324778924492,13,80,19.027698664838937,0.0197622733748374,0.0240966611639536,0.015790001910331142
522,1,35.8964574,128.6067985,106532,SPLY_LS,4.228280993236669,19,1.6992470910335389,1.702422997946612,1.6606423137009505,1.0,1.0,1.0,1.0,1.0,1.0,7.471264367816092,9.523809523809524,7.6373663711609785,1.547126436781609,2.466666666666667,1.6986619883931748,3.3185022927594066,5.73937808438791,3.7570903111908467,0.9125,2.3819,0.9101824793956742,13,100,27.63284706913768,0.013828364979043,0.0239162754465486,0.01565598318124776
523,1,35.8929896,128.6046873,469696,SPLY_LS,10.545141531529493,19,1.0868446269678302,1.7526899383983574,1.614227061320991,1.0,1.0,1.0,1.0,1.6,1.081926434636693,8.928571428571429,14.285714285714286,7.721113420637521,1.692857142857143,2.2285714285714286,1.6631407138823,1.939333114631907,6.6693469879793446,2.8611879063983285,0.5409,1.142,0.33143203546476785,25,80,24.130872965407256,0.0080812980553268,0.0277915023662593,0.011922713065357084
524,1,35.8957823,128.5984428,142152,SPLY_LS,6.688342597957011,9,1.6407118412046544,1.6526488706365503,1.598602187836865,1.0,1.0,1.0,1.2,1.2,1.1747346395943434,7.471264367816092,14.22222222222222,8.702651298708789,1.547126436781609,2.5777777777777775,1.7768764576155547,2.9352869069535177,5.096230314056514,3.3446969730680847,0.46,2.0195,0.5457331813184234,13,80,28.289515296378596,0.0122314873056206,0.0212362465301892,0.013937519521623313
525,2,35.8915603,128.596439,71407,SPLY_LS,11.279771227711523,16,1.599917864476386,1.7410266940451746,1.5859732138950529,1.3,1.3,1.2999999999999998,1.0,1.4,1.049536419338826,7.471264367816092,14.285714285714286,8.315172989557174,1.547126436781609,2.2285714285714286,1.6315172989557174,3.903011208145274,7.547809861522197,4.733248463267111,0.8377,2.2992,1.0846308094499733,13,40,16.34370830537075,0.0162640428549017,0.031452101083456,0.019723683008857164
526,1,35.8937502,128.6103499,212243,SPLY_LS,4.817142060413409,8,1.6017796030116358,1.68435318275154,1.4914955076193506,1.0,1.0,1.0,1.6,1.6,1.4514194414354145,8.928571428571429,12.5,9.788599752767366,1.692857142857143,3.3000000000000003,2.056653201892456,8.124919991699516,10.110827862435327,7.583033508191331,1.7377,4.841,1.5775199595817173,25,150,50.072203139945564,0.0338569478514114,0.0421323252441611,0.031598879780308654
527,1,35.8980362,128.6037608,211661,SPLY_LS,6.149251496076905,20,1.6471184120465434,1.6726899383983571,1.631427956689209,1.0,1.0,1.0,1.0,1.0,1.0,7.471264367816092,14.22222222222222,8.315257770341127,1.547126436781609,2.5777777777777775,1.722820430712513,2.8054660098648623,4.6651804985384695,3.0875938228359745,0.668,1.7737,0.7240934431732929,13,100,24.4532329766651,0.0116905171364073,0.0194400403964347,0.012866157839448595
528,1,35.8902971,128.6031375,212346,SPLY_LS,6.235601681147281,22,1.6874743326488706,1.7366461327857632,1.5978490430713235,1.0,1.0,1.0,1.2,1.4,1.1316853746833135,8.928571428571429,17.857142857142858,9.790681415792351,1.692857142857143,2.840816326530613,1.9101170439298332,7.0359468193698405,11.235439915270032,5.586702187722145,2.0005,5.3357,1.5373826080028505,25,100,36.49946803372502,0.029319142193655,0.0468186398989259,0.023280067351347515
529,1,35.8956519,128.6018395,3996,SPLY_LS,4.301279331405358,24,1.6252156057494866,1.792662559890486,1.6384642345433604,1.0,1.0,1.0,1.0,1.0,1.0,7.471264367816092,14.285714285714286,8.376991291497244,1.547126436781609,2.2285714285714286,1.7033818486606864,3.52824217613429,5.589945488387374,3.9102325314053767,1.126,2.3732,1.1021844021203553,13,80,22.173594532210423,0.0147023615600603,0.0232935823473846,0.016294134469992724
530,2,35.89425665,128.61044405,178153,SPLY_LS,6.2523558140241065,17,1.6597125256673513,1.7526899383983574,1.5005372977797553,1.0,1.0,1.0,1.0,1.6,1.0515971086307996,7.471264367816092,14.285714285714286,9.222391613045879,1.547126436781609,3.3000000000000003,1.7977027074597225,5.650613935462362,9.768153008553307,5.625158741554248,2.3341,4.6688,2.0501421164350226,13,150,28.07060230044118,0.0235463907997684,0.040704381994292,0.023440317733993587
531,1,35.8951362,128.6118528,245317,SPLY_LS,7.468911045093222,15,1.6403832991101983,1.714031485284052,1.4888466881851434,1.0,1.0,1.0,1.6,1.6,1.354214237257022,7.471264367816092,17.857142857142858,9.47299820553372,1.547126436781609,3.3000000000000003,1.9290973686272064,3.976718333968307,13.591150932501026,5.492309420688466,0.4838,3.1002,1.0283082032375197,13,150,38.71966595537604,0.0165711841335626,0.0566350054932784,0.022886727971479826
532,1,35.8941277,128.5986262,175925,SPLY_LS,5.919661509722931,29,1.611252566735113,1.712662559890486,1.5939670480685122,1.0,1.3,1.0071070447239623,1.0,1.4,1.0633607237764116,7.471264367816092,20.833333333333332,9.018197586959031,1.547126436781609,4.966666666666667,1.9169323784135692,2.68119734873323,19.35919431283192,3.961247400591685,0.6296,2.7062,0.7574726169555307,13,300,39.264531033798136,0.0111726834120388,0.0806707306612862,0.01650671598063553
533,1,35.8945825,128.6015796,4009,PIPE_LM,6.312230941549137,31,1.182943189596167,1.7419028062970567,1.5733442615247855,1.0,1.3,1.0074535238415758,1.0,1.6,1.0270727166328897,14.285714285714286,20.833333333333332,10.170879049654706,2.2285714285714286,4.966666666666667,2.11345525364489,2.365467187330259,18.989567325482906,5.385061956122463,0.2794,2.8518,1.264340833011915,40,300,55.60387876347561,0.0098570200429645,0.0791304765236535,0.022439822424260066
534,1,35.8912521,128.6046144,4826,SPLY_LS,4.1561756232205465,16,1.0655989048596852,1.756249144421629,1.4419160146550396,1.0,1.0,1.0,1.0,1.4,1.0114257448277084,8.928571428571429,14.22222222222222,8.977085799110675,1.692857142857143,3.3000000000000003,1.9265295863949456,2.1448849723119245,7.734045304449008,3.0763593882041027,0.7382,1.1825,0.46059241908656084,25,150,42.78996567948504,0.0089378429238724,0.0322281534859042,0.01281934338861586
535,1,35.8937074,128.6092431,4717,SPLY_LS,6.960253283000751,19,1.6772895277207391,1.699958932238193,1.559801033475515,1.0,1.0,1.0,1.0,1.6,1.0561710115093264,7.471264367816092,14.285714285714286,8.457920266181846,1.547126436781609,3.3000000000000003,1.8764549143143199,6.282512269872802,20.157018752113743,5.973775752788562,2.6681,3.0009,1.2684998503397895,13,150,41.03874782786727,0.0261795427541734,0.0839953049909956,0.024893022250657534
536,1,35.8926588,128.5981486,71415,SPLY_LS,1.6828552007906086,22,1.6113620807665985,1.7526899383983574,1.5848932206502655,1.3,1.3,1.2664765741254966,1.0,1.2,1.0268941383500974,7.471264367816092,17.857142857142858,8.31567920940892,1.547126436781609,2.585714285714286,1.662400732336117,3.264615844079219,13.88447204160784,5.102124397098738,0.5262,5.0244,1.239731650327712,13,80,19.19512531826435,0.0136038174530703,0.0578572892209819,0.021260807468930262
537,1,35.893689,128.5984427,71429,PIPE_LM,2.866968614156432,24,1.712662559890486,1.7326488706365502,1.642071519999286,1.0,1.0,1.0,1.0,1.2,1.0142749892477811,6.666666666666667,17.857142857142858,8.494446811902215,2.1333333333333337,2.585714285714286,1.8204812101140944,4.729812027236433,15.70663528725027,5.207049590121722,0.2468,2.9465,1.5516179093634628,80,80,35.53918231560677,0.0197093632080955,0.0654503345737362,0.021698035994516675
538,1,35.8947758,128.6046433,106606,PIPE_LM,6.899950679069789,20,1.7526899383983574,1.7526899383983574,1.5839829643348067,1.0,1.0,1.0,1.0,1.4,1.1335064132300106,6.666666666666667,16.3265306122449,9.429472455871236,2.1333333333333337,3.9746031746031742,2.2394989316768945,4.216093199302392,10.694240619905973,4.343004197762299,0.086,0.9649,0.2301501820909229,80,200,71.00340063768301,0.017568671166153,0.0445634353751791,0.018097515642285334
539,1,35.8909603,128.6027368,72215,PIPE_LM,3.8542550058606833,28,1.6726899383983571,1.736536618754278,1.582418580594133,1.0,1.0,1.0,1.0,1.2,1.0051521514303232,8.928571428571429,17.857142857142858,8.596950719972693,1.692857142857143,3.3000000000000003,1.7065269255322637,2.3435564373005677,7.690390070686613,4.048162099214309,0.2099,3.5438,1.2872940884754562,25,150,22.425600586664228,0.0097657168520533,0.0320462399440546,0.016868893875530956
540,1,35.891356,128.6032407,211241,PIPE_LM,3.9876462009823115,23,1.6726899383983571,1.7428884325804244,1.6357025188054573,1.0,1.0,1.0,1.0,1.6,1.060304069566487,9.523809523809524,14.22222222222222,8.260127546400318,1.7523809523809524,3.3000000000000003,1.7203709108939553,2.786154353826453,6.578339711581055,3.878327920008635,0.4064,2.6675,0.9404867474929749,20,150,25.766673100661492,0.0116100445001125,0.0274122704951438,0.01616118635907193
541,1,35.8944037,128.6041922,72480,SPLY_LS,7.859324207530046,14,1.6529774127310062,1.7465571526351813,1.6761876995053502,1.0,1.0,1.0,1.0,1.6,1.0424940954051702,7.471264367816092,8.333333333333334,7.532319102593636,1.547126436781609,2.466666666666667,1.6122514872109892,1.8040455857654032,7.145312427849419,2.745621055809701,0.0688,1.2911,0.3815657380903822,13,100,19.161643833749707,0.0075175481581637,0.0297748741524699,0.011441140220611778
542,1,35.8978486,128.6067485,177321,SPLY_LS,6.7078336178900475,20,1.584476386036961,1.7023134839151268,1.5818979777329452,1.0,1.0,1.0,1.0,1.2,1.0075985672800345,7.471264367816092,25.3968253968254,9.165588544920803,1.547126436781609,3.9746031746031742,1.8454381941560893,5.476174320057944,8.106810472562733,5.068634500178692,2.3846,3.4629,1.75425977762209,13,200,33.648525021305225,0.0228194922003974,0.0337814845796925,0.021121253393969548
543,1,35.8972211,128.6096754,106546,PIPE_LM,6.120508917484024,9,1.5126899383983572,1.6926762491444216,1.55892344977986,1.0,1.0,1.0,1.2,1.6,1.0778566036380959,8.333333333333334,12.5,9.635506145366747,2.466666666666667,3.3000000000000003,2.317681352158068,5.386910328443531,11.330398627606204,5.214290775526964,0.1458,1.5064,0.6317753284027515,100,150,75.4079510900567,0.0224475246841406,0.0472143376011664,0.021728210376159598
544,1,35.8963747,128.6116947,143006,SPLY_LS,2.600707144584047,10,1.671649555099247,1.724599589322382,1.6664106423871061,1.0,1.0,1.0,1.0,1.6,1.1246869884679798,8.928571428571429,12.5,9.208867476564265,1.692857142857143,3.3000000000000003,1.9716241906906122,3.1073121521658194,11.330398627606204,4.8190925151935975,0.6052,1.669,0.6396167184414128,25,150,46.037034828016175,0.0129483251036825,0.0472143376011664,0.02008139946543743
545,1,35.896141,128.6122561,211329,SPLY_LS,2.1121618948478513,14,1.621930184804928,1.6926762491444216,1.6317573481108896,1.0,1.0,1.0,1.0,1.6,1.1532514894972872,9.523809523809524,12.5,8.955268483834065,1.7523809523809524,3.3000000000000003,1.96655618529881,4.428527191736456,11.330398627606204,6.442577480060486,1.3054,4.0667,1.5443712834094458,20,150,45.156348360431444,0.0184538942343254,0.0472143376011664,0.026846542488286006
546,1,35.8950417,128.611353,106428,PIPE_LM,7.577450614426636,19,1.6726899383983571,1.7526899383983574,1.6057311700962515,1.0,1.0,1.0,1.2,1.6,1.1854270713164707,6.666666666666667,12.5,8.556796729227363,2.1333333333333337,3.3000000000000003,2.0141334186271362,4.9253073347455345,9.17305887454059,5.350933829723551,0.1078,3.4584,0.8204415859285014,80,150,52.60063220117175,0.0205240019292513,0.0382245949831543,0.022297608815149483
547,1,35.8972868,128.6080448,245348,SPLY_LS,7.4964232256656445,20,1.6499110198494182,1.792662559890486,1.648090662730926,1.0,1.0,1.0,1.0,1.2,1.007228735794334,7.471264367816092,9.523809523809524,7.738430468064962,1.547126436781609,2.1333333333333337,1.666202896034751,5.42720015827836,6.735069139238159,4.16824151618958,2.2213,2.3288,1.2002172973580536,13,80,24.74390976260511,0.0226154144195538,0.0280653698566623,0.017369270810037755
548,1,35.8958057,128.6091948,72375,SPLY_LS,4.041397121223707,24,1.6806297056810404,1.7526899383983574,1.6671254557729254,1.0,1.0,1.0,1.0,1.2,1.004364109778616,7.471264367816092,12.5,8.142627585614747,1.547126436781609,3.3000000000000003,1.7192001757974231,3.9435495660649,10.699904903618648,4.333491099019865,1.2979,5.2399,1.2305068338504894,13,150,27.248753508774758,0.0164329682192707,0.044587038728624,0.018057874084170665
549,1,35.8967956,128.6094113,316652,PIPE_LM,5.622902613001263,27,1.6526488706365503,1.792662559890486,1.6564125552287472,1.0,1.0,1.0,1.0,1.2,1.0036381739188398,12.5,12.5,8.222564961991443,3.3000000000000003,3.3000000000000003,1.9961823627592639,6.687350316058249,8.419844147840761,5.016709458531923,0.1446,3.916,1.0697208703956642,150,150,53.58014845400536,0.0278665231345305,0.0350859115562598,0.020904879149175402
550,1,35.8963254,128.6083443,211375,SPLY_LS,4.604036984732774,27,1.7030800821355236,1.7326488706365502,1.6887915633165067,1.0,1.0,1.0,1.0,1.0,1.0,7.471264367816092,14.285714285714286,7.999840220859476,1.547126436781609,2.2285714285714286,1.6229120893156082,3.74736658393825,6.630840916865468,4.518353681921128,1.1548,2.9729,1.5204007717265149,13,80,18.12840116494664,0.0156154639235998,0.0276310456426242,0.018828205710249388
551,2,35.896972399999996,128.60845705,177254,SPLY_LS,6.167041976350732,20,1.7267898699520876,1.792662559890486,1.5506006493003774,1.0,1.0,1.0,1.0,1.0,1.0,7.471264367816092,14.22222222222222,8.64271925165504,1.547126436781609,2.5777777777777775,1.7935514619573276,5.193945717915468,6.735069139238159,4.705348727763655,1.9456,3.6213,1.6300757707865208,13,80,31.228501192058207,0.0216434315038396,0.0280653698566623,0.019607423416027482
552,1,35.894353,128.6110253,4689,SPLY_LS,3.743340320300144,8,1.7066392881587953,1.7066392881587953,1.4605969178940108,1.0,1.0,1.0,1.6,1.6,1.4169024842252906,9.523809523809524,17.857142857142858,10.45894123420266,1.7523809523809524,3.3000000000000003,2.12543034525669,5.898204196164758,10.110827862435327,6.525028969657153,0.8238,3.3339,1.1785020018069614,20,150,51.940301577290704,0.0245781117956283,0.0421323252441611,0.027190121968009802
553,1,35.8892473,128.6028408,4805,SPLY_LS,8.953886309618383,20,1.724709103353867,1.724709103353867,1.6094276182068452,1.0,1.0,1.0,1.6,1.6,1.2690145228556569,7.471264367816092,15.873015873015872,8.37772056056019,1.547126436781609,3.9746031746031742,1.7662447570689908,4.583818869594893,12.69137420831549,5.20701336680358,0.6267,4.6374,1.2963096844708581,13,200,29.88627877484904,0.0191010024205454,0.052885590894761,0.02169788505013881
554,2,35.8916107,128.60670195,38839,SPLY_LS,4.958582364369421,26,1.657741273100616,1.8883230663928816,1.6232770711824749,1.0,1.0,1.0,1.0,1.6,1.0829436557840708,7.471264367816092,14.22222222222222,8.353076334720775,1.547126436781609,2.5777777777777775,1.697149755623533,7.337022675123472,7.590977183217203,5.4607811587921065,3.3343,4.0536,1.8924545511403217,13,80,24.278213940066607,0.0305737403383732,0.0316319814713252,0.022755348127744594
555,2,35.891742050000005,128.60655585,38841,SPLY_LS,4.293914113478225,24,1.6576317590691307,1.7326488706365502,1.606912185436238,1.0,1.0,1.0,1.0,1.6,1.033469417421617,7.471264367816092,14.22222222222222,8.340813026731286,1.547126436781609,2.5777777777777775,1.6632266448891009,5.925020771214997,7.590977183217203,5.268740680704125,2.5004,4.0536,1.95383591362606,13,80,21.285099560406934,0.0246898578046914,0.0316319814713252,0.021955105853528084
556,2,35.8916117,128.6065452,245208,PIPE_LM,6.37430298955615,24,1.6926762491444216,1.8883230663928816,1.624866573332524,1.0,1.0,1.0,1.0,1.6,1.0649957327781778,8.928571428571429,14.22222222222222,8.441717982300782,1.692857142857143,2.5777777777777775,1.7023715571212388,3.0921016584562055,7.590977183217203,5.662675158999222,0.5775,4.0536,2.024873630006833,25,80,24.567669406593733,0.0128849422158699,0.0316319814713252,0.023596650521307643
557,1,35.8914202,128.6062172,178172,SPLY_LS,7.274126111501402,21,1.23523613963039,1.8883230663928816,1.5171041043266424,1.0,1.0,1.0,1.0,1.6,1.1063480252324271,9.523809523809524,14.22222222222222,9.220497116789621,1.7523809523809524,2.5777777777777775,1.804712388050786,3.302766389761907,7.590977183217203,4.597379427495612,1.2576,4.0536,1.3924167715583877,20,80,30.08056661511893,0.0137627926844573,0.0316319814713252,0.01915750994334553
558,1,35.8944754,128.6077617,73246,SPLY_LS,5.631481081194347,14,1.645859000684463,1.7526899383983574,1.6531811098388618,1.0,1.0,1.0,1.0,1.6,1.1131372537068691,7.471264367816092,15.873015873015872,9.22969347507569,1.547126436781609,3.9746031746031742,1.9827286929267258,3.361800247900022,12.765202636710075,4.754798407223485,1.0003,2.2639,0.7537800979029471,13,200,44.87060392146783,0.0140087897230117,0.0531932376473027,0.01981348270282057
559,1,35.8945804,128.6077641,212261,SPLY_LS,7.1034468734657,17,1.6285557837097877,1.7526899383983574,1.6516962737822853,1.0,1.0,1.0,1.0,1.6,1.1402956716215185,7.471264367816092,15.873015873015872,9.054362212438061,1.547126436781609,3.9746031746031742,1.9447862172222135,3.3262907285565912,12.765202636710075,5.192585531698681,1.0002,2.667,1.0039762086036519,13,200,42.86899594924591,0.0138608197804317,0.0531932376473027,0.02163776353986494
560,1,35.8947414,128.6077693,73245,SPLY_LS,7.1922191063966165,21,1.6330458590006844,1.7526899383983574,1.6186542396596961,1.0,1.0,1.0,1.0,1.6,1.1678747794954776,9.523809523809524,15.873015873015872,10.066115890420992,1.7523809523809524,3.9746031746031742,2.304617741024357,3.868783136955107,12.765202636710075,6.190379964240875,1.0003,2.667,0.9218844664967848,20,200,71.1291214805695,0.0161214127708487,0.0531932376473027,0.025795622829989893
561,2,35.89694275,128.60730075,3893,SPLY_LS,6.402919527456206,24,1.716331279945243,1.7418480492813142,1.6478558062510498,1.0,1.0,1.0,1.0,1.0,1.0,7.471264367816092,15.873015873015872,8.708626686599407,1.547126436781609,3.9746031746031742,1.8995388611194313,3.841896162161212,9.307766399472284,4.839808168673554,1.1921,3.3989,1.2844170350580586,13,200,41.08615933004916,0.0160093734025338,0.0387859279749209,0.020167722629271082
562,1,35.8944544,128.6081149,73249,SPLY_LS,5.014313553946494,24,1.6144284736481862,1.7526899383983574,1.521335611778698,1.0,1.0,1.0,1.0,1.0,1.0,7.471264367816092,14.285714285714286,9.018228256867669,1.547126436781609,2.5777777777777775,1.7947824983155907,2.7479732341134597,5.9810674124527985,3.2381321409258255,0.6669,2.8577,0.7447871822893969,13,80,31.170441462098214,0.0114509418652124,0.0249234069610614,0.013493458537844895
563,1,35.8945457,128.6090655,215085,SPLY_LS,14.27551248317459,18,1.808213552361396,1.808213552361396,1.5288716744843545,1.0,1.0,1.0,1.2,1.2,1.124010200129375,7.471264367816092,10.0,8.399493223955036,1.547126436781609,2.1333333333333337,1.744742944594249,10.084854948954955,10.304674495036728,6.314973630644607,3.5515,4.6674,2.175220466812828,13,80,28.049078392577872,0.0420240948150427,0.0429400938545427,0.026314810867577546
564,2,35.8948454,128.60876145,178141,SPLY_LS,6.036444415345718,21,1.6529774127310062,1.808213552361396,1.6431508890073736,1.0,1.0,1.0,1.2,1.2,1.151465784472334,9.523809523809524,12.5,8.70756466014806,1.7523809523809524,3.3000000000000003,1.9515206900653517,12.5323032848234,12.5323032848234,7.948895793428419,4.3346,4.6674,2.3146342642147055,20,150,46.164868978251896,0.0522227344030233,0.0522227344030233,0.033123446216005846
565,2,35.89443095,128.6104922,38823,SPLY_LS,6.449299625409716,25,1.6380287474332649,1.7526899383983574,1.497641342357308,1.0,1.0,1.0,1.0,1.6,1.047094331980715,7.471264367816092,14.285714285714286,9.245686206087724,1.547126436781609,3.3000000000000003,1.8655479422296457,6.031584060494454,13.704883057534236,6.319678220133662,2.606,4.694,2.2353631613692753,13,150,33.62187164554175,0.0251339123592834,0.057108932944898,0.026334415127207935
566,1,35.8941673,128.6102928,143916,SPLY_LS,6.754932298524166,18,1.657850787132101,1.7690075290896647,1.5104851693179215,1.0,1.0,1.0,1.0,1.6,1.0319252746868426,7.471264367816092,14.285714285714286,8.850072704304829,1.547126436781609,3.3000000000000003,1.7647993193452522,6.209024709678352,9.768153008553307,5.95315692968811,2.6677,4.841,2.324789593092848,13,150,26.70626731718523,0.0258733164164651,0.040704381994292,0.024807102583856794
567,1,35.893442,128.6092004,143881,SPLY_LS,1.8030811841007768,20,1.666885694729637,1.737741273100616,1.5616884177081107,1.0,1.0,1.0,1.0,1.6,1.0705563311210538,7.471264367816092,14.285714285714286,8.771845282044504,1.547126436781609,3.3000000000000003,1.8771944900629216,3.240664684843782,20.157018752113743,5.016364168301341,0.9039,3.0009,1.0253075932258215,13,150,38.62139606147521,0.0135040117749782,0.0839953049909956,0.020903440307520057
568,1,35.8927815,128.6090508,75978,PIPE_LM,7.912078311985709,16,1.6526488706365503,1.7673648186173854,1.6463892507971196,1.0,1.0,1.0,1.6,1.6,1.297190827061211,8.333333333333334,12.5,8.957862861582377,2.466666666666667,3.3000000000000003,2.0744182872924624,8.711389842135526,12.838491104672691,6.325925032261841,0.272,2.334,0.8570470600913442,100,150,54.80559690975401,0.0363007970416708,0.0534986343577263,0.026360445905686657
569,1,35.8926556,128.6089682,4729,SPLY_LS,5.333827076624824,15,1.6943737166324435,1.7673648186173854,1.6400692535241652,1.0,1.0,1.0,1.0,1.6,1.328502043296304,7.471264367816092,12.5,8.919360040805415,1.547126436781609,3.3000000000000003,2.1010850498338605,5.768447502515505,12.838491104672691,6.255961876733382,2.334,2.334,0.7519477495772094,13,150,58.008082879954216,0.0240374091653572,0.0534986343577263,0.02606890593844179
570,1,35.8954131,128.6085243,72380,SPLY_LS,2.3674979389875874,26,1.59088295687885,1.7526899383983574,1.6003331263849456,1.0,1.0,1.0,1.0,1.0,1.0,7.471264367816092,14.285714285714286,8.654255785538824,1.547126436781609,2.5777777777777775,1.7444456759769056,5.0960876737975065,8.255629769484093,4.671458913580339,2.137,3.9464,1.502052429663392,13,80,25.10015245005816,0.0212356521410979,0.0344016220309286,0.019466202865834902
571,1,35.8954293,128.6069041,245383,PIPE_LM,5.383434521157543,25,1.712662559890486,1.739110198494182,1.6287356215353521,1.0,1.0,1.0,1.0,1.0,1.0,9.523809523809524,11.428571428571429,8.154516131861872,1.7523809523809524,2.1333333333333337,1.6964230705808787,2.6874214205211175,5.084062819586971,3.664428074997992,0.3249,2.0433,0.9678690293046702,20,80,24.715978122796447,0.0111986194303825,0.0211855439723598,0.015269855009920334
572,1,35.8956913,128.6069351,37949,SPLY_LS,5.144392099670557,25,1.7060917180013688,1.739110198494182,1.6691599250633171,1.0,1.0,1.0,1.0,1.0,1.0,7.471264367816092,9.523809523809524,8.121924434033973,1.547126436781609,2.1333333333333337,1.6531475280699939,3.8578255994080903,6.375182821849442,3.3410323849088006,1.2144,2.6562,0.80719955701596,13,80,20.685418061255966,0.0160757521640134,0.0265657055777877,0.013922248999534176
573,2,35.89559415,128.6061987,177284,SPLY_LS,5.828938320057112,23,1.5760985626283368,1.7408076659822038,1.6156688261251948,1.0,1.0,1.0,1.0,1.2,1.0115176407390785,9.523809523809524,9.846153846153848,8.114903198091707,1.7523809523809524,2.1333333333333337,1.7765876833606187,3.442673287524383,4.761899896417494,3.3309299031208006,0.8443,1.6048,0.6485132792974203,20,80,32.223841562608825,0.0143457917227784,0.0198430749633665,0.01388015145279947
574,1,35.8921316,128.6063854,107385,SPLY_LS,6.192642116875013,18,1.7162217659137575,1.7526899383983574,1.6523714227195263,1.0,1.0,1.0,1.0,1.0,1.0,7.471264367816092,10.95890410958904,8.512905299055477,1.547126436781609,2.16986301369863,1.7665358634273625,4.580504208973047,5.485771466907845,3.6604991068128996,1.6137,1.8228,0.8779685939443529,13,80,28.795928589252544,0.0190871900640011,0.0228594839911783,0.015253482803044647
575,1,35.8916059,128.6059874,93215,SPLY_LS,6.684605871533726,24,1.3082819986310747,1.7344010951403148,1.5396584500674273,1.0,1.0,1.0,1.0,1.6,1.1462746448258019,8.928571428571429,14.22222222222222,9.023932499473146,1.692857142857143,2.5777777777777775,1.8721385818652498,3.6759894677512897,6.63702725158705,4.048361106431433,1.4264,2.6673,0.8569950979357326,25,80,38.70196497761848,0.015318031911593,0.0276568244087258,0.016869723148555057
576,1,35.8913476,128.5984065,36424,SPLY_LS,13.239514711786873,7,1.7241615331964408,1.7326488706365502,1.6212595198786468,1.3,1.3,1.3,1.0,1.0,1.0,7.471264367816092,14.285714285714286,8.986717417807585,1.547126436781609,2.2285714285714286,1.8017970482669952,2.783623190938928,5.863782273439095,3.792535496391372,0.2162,0.752,0.32260534738373287,13,80,28.188269236810072,0.011599497017802,0.0244346739225343,0.015803685040237596
577,1,35.8915864,128.5982966,36424,SPLY_LS,24.598043915649583,3,1.7241615331964408,1.7241615331964408,1.6975312789125843,1.3,1.3,1.3000000000000003,1.0,1.0,1.0,7.471264367816092,14.22222222222222,9.6021052528706,1.547126436781609,2.5777777777777775,1.8724364243410094,2.783623190938928,5.716991942414318,4.510227988794967,0.2162,1.5757,0.7390895614411512,13,80,34.14756785297857,0.011599497017802,0.0238229912736375,0.018794345540708
578,1,35.8914089,128.5976348,244017,SPLY_LS,5.888640282331912,16,1.5131279945242984,1.707898699520876,1.626760483905603,1.3,1.3,1.3,1.0,1.0,1.0,7.471264367816092,14.22222222222222,8.803374901903593,1.547126436781609,2.5777777777777775,1.7276854411424312,4.473854736823214,9.703863087467168,5.65260187783499,1.2273,3.8307,1.440746127908208,13,80,24.707115486865575,0.0186427763810791,0.04043648267863,0.023554674655032238
579,1,35.8912787,128.5975226,36427,SPLY_LS,8.872370626044663,18,1.6659000684462697,1.712662559890486,1.6419061641996737,1.3,1.3,1.3000000000000003,1.0,1.4,1.1004858620773006,7.471264367816092,14.22222222222222,8.270691721937025,1.547126436781609,2.5777777777777775,1.677372967137822,5.1427188853020445,9.703863087467168,5.510395769026147,1.3255,3.8307,1.1534531175364329,13,80,22.250169668105,0.0214299667309978,0.04043648267863,0.022962094689320357
580,1,35.891462,128.5969987,210440,SPLY_LS,11.42282097539646,21,1.6720328542094456,1.712662559890486,1.6283883576228293,1.3,1.3,1.3,1.0,1.4,1.1490936135176244,7.471264367816092,14.285714285714286,8.49263602228383,1.547126436781609,2.5777777777777775,1.7673966123987899,6.75620288601737,10.463230848130024,6.218169771166415,2.0439,2.5489,1.136731333160826,13,100,30.278466950637075,0.0281534352361786,0.0436008061057002,0.025911424344938955
581,1,35.8916066,128.5975266,244023,SPLY_LS,6.424769594768197,25,1.5132375085557837,1.712662559890486,1.6384233227823082,1.3,1.3,1.2999999999999996,1.0,1.4,1.0451907762859696,7.471264367816092,14.22222222222222,8.5439033485359,1.547126436781609,2.5777777777777775,1.74040571019124,9.703863087467168,10.463230848130024,6.514904731660149,3.8307,3.8307,1.6069392134061133,13,100,27.36832975989718,0.04043648267863,0.0436008061057002,0.02714793376206437
582,1,35.8917158,128.5970603,71402,SPLY_LS,7.633623589499765,16,1.5972895277207393,1.7430527036276522,1.6295145718063146,1.3,1.3,1.3,1.2,1.4,1.1817907321011911,9.523809523809524,17.857142857142858,8.700141494409499,1.7523809523809524,2.585714285714286,1.8196191005974245,6.2785402387840605,10.463230848130024,7.13543667984657,1.1275,2.7203,1.3086845505428335,20,100,33.00554968637884,0.0261629911020251,0.0436008061057002,0.02973372141675461
583,1,35.8919186,128.5967396,175898,SPLY_LS,10.026677911846223,12,1.663709787816564,1.7430527036276522,1.601381276309425,1.3,1.3,1.3000000000000003,1.0,1.2,1.0145905941773887,7.471264367816092,14.285714285714286,8.44143787285192,1.547126436781609,2.2285714285714286,1.6621014416573627,5.281500094930814,9.000963262555072,5.397290833208313,1.3914,3.0691,1.4033242948574975,13,40,19.007252257125025,0.0220082749705814,0.0375074639632301,0.022490780766520654
584,1,35.8921997,128.5965135,146567,SPLY_LS,6.186311027828687,10,1.4515811088295687,1.7172073921971251,1.5468695891421094,1.3,1.3,1.3000000000000005,1.0,1.4,1.0635962799239937,11.428571428571429,20.833333333333332,11.855588291765644,1.942857142857143,4.966666666666667,2.271050792849028,5.700149183867599,19.35919431283192,6.723408723935039,1.2431,2.4013,0.8234284749061082,32,300,62.39144260102293,0.0237528066566354,0.0806707306612862,0.028016780323073445
585,2,35.8921578,128.5971933,324893,PIPE_LM,2.127674696957015,19,1.712662559890486,1.7526899383983574,1.6530628415367064,1.3,1.3,1.2999999999999998,1.2,1.4,1.1618786164471282,6.666666666666667,17.857142857142858,7.393942400707084,2.1333333333333337,2.585714285714286,1.8246223275514586,6.872521577861954,11.087842183995308,7.262274312191851,0.1613,3.1734,1.2184448033451174,80,80,42.787336944472045,0.0286381410410296,0.0462035927728176,0.030262260172618988
586,1,35.8923038,128.5969296,36434,SPLY_LS,10.384447360426726,12,1.7151813826146476,1.7151813826146476,1.7008894817896731,1.3,1.3,1.3,1.0,1.4,1.0956175168322664,7.471264367816092,8.928571428571429,7.412336710442102,1.547126436781609,2.1333333333333337,1.6625821715680367,7.055098246370418,8.360394191915855,6.5021507639636855,2.0986,2.6164,1.368434103630659,13,80,25.91625720915839,0.0293989471475378,0.0348381806174229,0.02709478734097483
587,1,35.8928402,128.5971616,243988,PIPE_LM,4.62585883363109,11,1.6726899383983571,1.7190143737166323,1.6185653220960117,1.3,1.3,1.3,1.0,1.4,1.1498413394576215,8.928571428571429,20.833333333333332,8.99607238516874,1.692857142857143,4.966666666666667,2.037461696881507,3.410233926727007,19.35919431283192,7.773380260775283,0.3543,2.2716,1.153353438532782,25,300,57.1413620760027,0.0142106152843677,0.0806707306612862,0.032392064215663596
588,1,35.8919287,128.5977446,175903,SPLY_LS,10.34985516326894,15,1.7237782340862422,1.7526899383983574,1.6763553382635736,1.3,1.3,1.3,1.0,1.2,1.0167897547633475,7.471264367816092,17.857142857142858,9.515843323122146,1.547126436781609,2.585714285714286,1.769075608673752,5.546558357276861,8.434692616543702,5.292842531931191,1.4239,2.66,1.0803475636665576,13,80,24.3397957669749,0.0231127860026905,0.0351477858677684,0.02205553947268382
589,1,35.892603,128.5979688,471694,PIPE_LM,4.3946929928346545,21,1.077371663244353,1.7526899383983574,1.5995191870746288,1.3,1.3,1.3,1.0,1.0,1.0,14.285714285714286,14.285714285714286,8.673355990999116,2.2285714285714286,2.3625,1.688898247959316,2.7498840590901743,13.88447204160784,6.8398245719373305,0.2562,5.0244,1.952087323889689,40,50,19.27142709533002,0.0114589043684317,0.0578572892209819,0.028501890982491406
590,1,35.8930076,128.5976732,175879,SPLY_LS,9.076080366497154,18,1.765284052019165,1.765284052019165,1.6005805593061508,1.3,1.3,1.2999999999999996,1.0,1.4,1.067712887043503,9.523809523809524,20.833333333333332,9.305626373837205,1.7523809523809524,4.966666666666667,1.9908296576151823,4.1954020923170985,19.35919431283192,6.182716176117318,0.5436,2.6413,0.9760869877345761,20,300,48.20258328443494,0.0174824502887899,0.0806707306612862,0.02576368744168962
591,2,35.8934978,128.5981341,71426,SPLY_LS,5.305196739598234,27,1.6755920602327177,1.7390554414784394,1.6423915792198835,1.0,1.3,1.023778680932932,1.0,1.4,1.0614456936229344,7.471264367816092,20.833333333333332,9.150834373025246,1.547126436781609,4.966666666666667,1.8937566554459593,4.85824055342483,19.35919431283192,5.456496985177821,1.8394,2.9465,1.4230647529698048,13,300,38.6727734814123,0.0202445312981489,0.0806707306612862,0.022737495762085176
592,1,35.8932436,128.5984591,175914,SPLY_LS,4.710414289627382,28,1.708993839835729,1.7390554414784394,1.6630250479817141,1.0,1.3,1.0086037040224158,1.0,1.2,1.0057358026816106,7.471264367816092,17.857142857142858,8.40597090565419,1.547126436781609,2.585714285714286,1.676403250385331,2.819411617058445,6.61193480496122,4.152467894257505,0.6156,2.9465,1.2864097387762945,13,80,20.212773955635253,0.0117486291788633,0.0275522629290136,0.01730354133876568
593,1,35.8935842,128.5987172,2830,SPLY_LS,7.604246407671969,26,1.700396988364134,1.7355509924709105,1.676571921562287,1.0,1.0,1.0,1.0,1.0,1.0,7.471264367816092,14.22222222222222,8.29302760229634,1.547126436781609,2.5777777777777775,1.7122628667238815,5.2918397625401905,10.710689455521054,5.296854823604205,2.0477,5.2697,1.867102812061622,13,80,25.463312276701124,0.0220513608824931,0.044631978495629,0.02207225889269985
594,2,35.8949938,128.6000525,141958,PIPE_LM,5.32284832925659,18,1.6126762491444215,1.7462833675564682,1.6368244962931222,1.0,1.0,1.0,1.0,1.0,1.0,14.22222222222222,17.857142857142858,10.1834641121957,2.5777777777777775,2.585714285714286,1.919686712851909,2.9971358842079248,4.119975916277333,3.0710144483778996,0.1573,1.4136,0.5877244905227995,80,80,34.5431298816517,0.0124892150862886,0.0171681456419234,0.012797070757113085
595,1,35.8943094,128.5979899,71533,SPLY_LS,6.418168934001653,16,1.7084462696783025,1.912689938398357,1.6583299722355047,1.0,1.0,1.0,1.0,1.2,1.0133572825918356,7.471264367816092,17.857142857142858,8.810305740383734,1.547126436781609,2.585714285714286,1.740794750338113,4.503053682688535,8.50319489497927,4.365405374005178,1.5812,2.5034,1.1653910974348698,13,80,23.42143399051101,0.0187644498484472,0.0354332382871233,0.01819086246374822
596,1,35.8946261,128.5980171,244096,SPLY_LS,8.606605667764285,18,1.7245448323066392,1.912689938398357,1.591417331964519,1.0,1.0,1.0,1.0,1.0,1.0,7.471264367816092,17.857142857142858,8.70237634617429,1.547126436781609,2.585714285714286,1.7183415047974016,4.971999113049942,8.50319489497927,3.9820702509086816,1.8234,2.7458,1.1645444716160127,13,80,22.56877462962374,0.0207185689040347,0.0354332382871233,0.016593485839048967
597,1,35.8951113,128.5981282,210576,SPLY_LS,4.4981648108378165,18,1.7161122518822722,1.7434360027378508,1.6808292084625227,1.0,1.0,1.0,1.0,1.0,1.0,7.471264367816092,10.0,7.7830621329142335,1.547126436781609,2.1333333333333337,1.6193275088619055,3.044595857620614,10.14026367642165,4.608441475920843,0.7374,4.7871,1.5028483504207721,13,80,18.627549023275204,0.0126869831684979,0.0422549857528328,0.019203606052235905
598,1,35.8946786,128.5982036,2949,SPLY_LS,4.613235316353492,19,1.6413689253935662,1.7468856947296372,1.5880114767401436,1.0,1.0,1.0,1.0,1.2,1.0162517309853527,7.471264367816092,17.857142857142858,7.791400700736479,1.547126436781609,2.585714285714286,1.6504123372793456,2.503702974167763,10.14026367642165,4.560316072477165,0.4938,4.7871,1.5755014118827464,13,80,21.841341789817044,0.0104330554785057,0.0422549857528328,0.019003065089815915
599,2,35.894912,128.5983583,176444,SPLY_LS,2.322138284736248,25,1.6413689253935662,1.7468856947296372,1.6382351029881417,1.0,1.0,1.0,1.0,1.2,1.026610122501629,7.471264367816092,12.5,7.720102459552738,1.547126436781609,3.3000000000000003,1.747722947953362,5.268368964186324,10.14026367642165,5.000459010545841,2.1433,4.7871,1.4545637461478982,13,150,31.585951398864708,0.0219535568922126,0.0422549857528328,0.020837162719894994
600,1,35.8962323,128.600836,456171,PIPE_LM,0.4699525705029544,15,1.5926899383983573,1.7498973305954826,1.6109069470761452,1.0,1.0,1.0,1.0,1.0,1.0,8.928571428571429,14.22222222222222,8.598592631603507,1.692857142857143,2.5777777777777775,1.693989028496721,2.84766585482656,6.610553578715501,4.335427149121478,0.544,3.0687,1.507044167301867,25,80,23.37809276892105,0.011866366000355,0.0275465072901864,0.018065941701746628
601,2,35.89624,128.59858005,244065,SPLY_LS,7.288464482073591,17,1.6413689253935662,1.7369199178644763,1.6192091225742307,1.0,1.0,1.0,1.0,1.2,1.047586969926145,7.471264367816092,17.857142857142858,8.81863072650011,1.547126436781609,2.585714285714286,1.7281376593160926,6.557429050832747,8.331772213986536,5.610497087802878,2.9124,3.9358,2.0656762225122445,13,80,22.156201837967682,0.0273251347262726,0.0347189114042926,0.023379221889728952
602,1,35.8968155,128.5987169,142146,SPLY_LS,2.798209339012268,22,1.642299794661191,1.7360438056125942,1.4928080230075809,1.0,1.0,1.0,1.0,1.0,1.0,7.471264367816092,17.857142857142858,9.906789891382584,1.547126436781609,2.585714285714286,1.8672841995951177,2.1593226968028003,5.471793318107457,3.1120687431578578,0.2876,2.244,0.5969223640526458,13,80,29.829796975447938,0.0089980056437121,0.0228012363462196,0.012968146056175908
603,1,35.8969202,128.5987609,105168,SPLY_LS,5.988969897038569,22,1.642299794661191,1.7360438056125942,1.5529349069442546,1.0,1.0,1.0,1.0,1.0,1.0,7.471264367816092,17.857142857142858,9.406529826376195,1.547126436781609,2.585714285714286,1.8228721926364175,3.061388306161472,5.370491012102447,3.4854514550221287,0.8255,2.2022,0.7533264551957339,13,80,27.610821279646512,0.0127569581411901,0.0223791045719815,0.014524050485649913
604,1,35.8977634,128.5994017,308937,PIPE_LM,14.40258589952527,12,1.6126762491444215,1.7326488706365502,1.5962066009443838,1.0,1.0,1.0,1.0,1.0,1.0,12.5,12.5,8.904162769878123,3.3000000000000003,3.3000000000000003,2.0450079273063846,6.417850518286161,6.417850518286161,3.8755911933472293,0.1257,2.004,0.5102922106743351,150,150,51.903241937491686,0.0267435040022243,0.0267435040022243,0.01614978228223752
605,1,35.8970363,128.5984409,71452,SPLY_LS,7.052945738296135,12,1.6113620807665985,1.7326488706365502,1.62923914515365,1.0,1.0,1.0,1.0,1.0,1.0,7.471264367816092,11.428571428571429,8.358918043440774,1.547126436781609,2.05,1.6737893290253858,3.008324923505355,5.370491012102447,3.5360381688144997,0.8283,2.2022,0.8675201722689955,13,40,20.096097348508906,0.0125358403724929,0.0223791045719815,0.01473484785135842
606,2,35.897481049999996,128.5989662,244056,SPLY_LS,6.025902224088887,27,1.6594934976043807,1.7326488706365502,1.589791424393379,1.0,1.0,1.0,1.0,1.2,1.0088882198327023,7.471264367816092,16.3265306122449,9.78551756637581,1.547126436781609,3.3000000000000003,2.1107654606136035,4.552294782760128,14.045678120391342,5.005712279819303,1.6864,2.43,1.030671497765203,13,150,55.361278308172096,0.0189696399745005,0.0585290430115767,0.02085905335562097
607,1,35.8977155,128.5989664,175946,SPLY_LS,7.653925000626746,14,1.6424093086926763,1.7326488706365502,1.5549822302978205,1.0,1.0,1.0,1.0,1.0,1.0,7.471264367816092,12.5,8.324425171682869,1.547126436781609,3.3000000000000003,1.8117626418445112,3.2662017506931225,6.417850518286161,3.8155387691214,0.9475,2.004,0.9095583643167937,13,150,32.671954548558666,0.0136104260052257,0.0267435040022243,0.01589954082786726
608,2,35.8977425,128.5987645,455268,SPLY_LS,1.1952855537135356,12,1.1547980835044491,1.7326488706365502,1.3888792148754443,1.0,1.0,1.0,1.0,1.0,1.0,7.471264367816092,11.428571428571429,7.959483712049002,1.547126436781609,2.1333333333333337,1.6525822023752959,2.1649068738788557,4.552294782760128,2.9496793293739207,0.8359,1.9703,0.8626356623778985,13,80,20.052902713132813,0.0090212751887968,0.0189696399745005,0.012291461249467527
609,2,35.89680355,128.5993074,36476,SPLY_LS,3.572678960019924,20,1.5384804928131417,1.7326488706365502,1.557246831762503,1.0,1.0,1.0,1.0,1.2,1.0432351633494772,7.471264367816092,12.5,9.07566878423657,1.547126436781609,3.3000000000000003,2.0042440698236903,4.489446204041229,8.150903907775927,5.173794543561993,1.8577,2.7116,1.2609867570835926,13,150,47.59697847672888,0.01870774680455,0.0339652241288976,0.02155946055274996
610,1,35.8971737,128.5986068,71451,SPLY_LS,6.240853878169077,22,1.714360027378508,1.7326488706365502,1.6544142711626921,1.0,1.0,1.0,1.0,1.0,1.0,7.471264367816092,16.3265306122449,8.490632498853584,1.547126436781609,2.840816326530613,1.7498592624247837,4.353909750532393,6.223703769746749,3.9986076761991223,1.4871,2.43,0.9938869105011547,13,100,26.89601030067386,0.018142959625956,0.0259344847937231,0.01666239811710551
611,1,35.8970342,128.5985975,142144,SPLY_LS,4.701396412269747,15,1.6007392197125256,1.7326488706365502,1.6254662052999542,1.0,1.0,1.0,1.0,1.0,1.0,7.471264367816092,12.5,8.247843936543918,1.547126436781609,2.3625,1.6742065082740305,3.2238713556506253,5.370491012102447,3.7283751646518084,0.9723,2.2022,0.9576388527866178,13,50,19.622268413102926,0.0134340331325639,0.0223791045719815,0.015536325729862275
612,2,35.897853,128.5987658,176380,PIPE_LM,9.390408940432822,11,1.7326488706365502,1.7326488706365502,1.4992072049017398,1.0,1.0,1.0,1.0,1.0,1.0,10.0,17.857142857142858,9.249038893832005,2.05,3.3000000000000003,1.9164718582385216,4.249751959302665,5.112564835036185,3.4393716134957475,0.1942,1.466,0.6373819101134023,40,150,37.40878009922717,0.0177089289020121,0.0213043132958375,0.01433203348201739
613,1,35.8976595,128.601949,3763,SPLY_LS,2.9929703199834963,21,1.6140451745379876,1.7526899383983574,1.6460971339749004,1.0,1.0,1.0,1.0,1.0,1.0,7.471264367816092,14.22222222222222,7.903457424085152,1.547126436781609,2.5777777777777775,1.7142249092750317,2.478340811456078,4.630368941601644,3.2277170770732093,0.5037,1.6033,0.6740735951996408,13,100,27.58982610542836,0.010327370078378,0.0192949788981011,0.013450058446017862
614,1,35.8969686,128.6024191,3963,SPLY_LS,3.5460919000164632,27,1.5958658453114305,1.7526899383983574,1.6367748828277873,1.0,1.0,1.0,1.0,1.0,1.0,7.471264367816092,14.22222222222222,8.004244917305636,1.547126436781609,2.5777777777777775,1.6996416908165248,4.60475549451135,12.864716060377829,4.886602648494525,1.8257,6.5593,1.674945133990474,13,100,25.76808449582145,0.0191882463834035,0.0536079150593974,0.02036271756640908
615,1,35.8970001,128.6016457,72504,SPLY_LS,9.370769921907092,25,1.6482135523613963,1.7526899383983574,1.6639913347423791,1.0,1.0,1.0,1.0,1.0,1.0,7.471264367816092,20.833333333333332,8.853512314302867,1.547126436781609,4.966666666666667,1.9273768992988882,5.814609249463326,10.800406446905429,6.019871805230312,2.4548,4.2717,1.9030278485858625,13,300,42.23843625748394,0.0242297674729761,0.0450058336845772,0.025085106805984917
616,1,35.8970021,128.602767,245520,PIPE_LM,7.864427105938787,25,1.6126762491444215,1.6726899383983571,1.6088116222741127,1.0,1.0,1.0,1.0,1.0,1.0,14.22222222222222,14.22222222222222,8.598902300321331,2.5777777777777775,2.5777777777777775,1.8006705122567104,3.074828856234398,12.864716060377829,5.712226670842429,0.1873,6.5593,2.175088467420447,80,100,32.10672479634767,0.0128129655853715,0.0536079150593974,0.0238031341487339
617,1,35.8968503,128.6010226,142978,SPLY_LS,5.0783864325418335,24,1.6378097193702943,1.741738535249829,1.6491668677827653,1.0,1.0,1.0,1.0,1.0,1.0,7.471264367816092,9.846153846153848,7.907190528767475,1.547126436781609,2.0307692307692307,1.6253072041859005,2.075818384905853,8.427335725533606,3.7039508287657004,0.2412,4.0782,1.1537324839953962,13,40,17.635605374387627,0.0086500390008219,0.0351171293350848,0.015434548301008068
618,1,35.896078,128.6025306,245496,SPLY_LS,3.477024610930053,26,1.6602600958247775,1.7512662559890488,1.5335217079352397,1.0,1.0,1.0,1.0,1.0,1.0,7.471264367816092,26.666666666666668,9.057226174350886,1.547126436781609,3.466666666666667,1.7835972248156933,3.4770005387772493,22.833904885619297,4.753915725055075,1.0509,8.5128,1.4291142054845765,13,80,31.40687946892662,0.0144888350951117,0.0951500233536198,0.0198098045220907
619,1,35.8967492,128.6028856,38048,SPLY_LS,5.70595593287191,33,1.664476386036961,1.7726762491444217,1.6493310149486455,1.0,1.0,1.0,1.0,1.0,1.0,7.471264367816092,15.873015873015872,8.105425283568616,1.547126436781609,3.9746031746031742,1.730235154135139,6.012033579497973,12.864716060377829,6.308192831134301,2.5372,6.5593,2.414711355740754,13,200,27.18075192566815,0.025052444527447,0.0536079150593974,0.02628655493697815
620,1,35.8975523,128.6040497,72301,SPLY_LS,1.6535487082181164,25,1.700396988364134,1.7431622176591377,1.6405094528594253,1.0,1.0,1.0,1.0,1.0,1.0,7.471264367816092,14.22222222222222,8.527515489010497,1.547126436781609,2.5777777777777775,1.7540591097273448,3.771501508748744,6.303982774169,4.045008352635222,1.1721,2.7503,1.2280193120125702,13,100,27.51754768553766,0.0157160353620314,0.0262690114191009,0.016855752055848553
621,1,35.8971634,128.6038306,72439,SPLY_LS,7.456579193276557,22,1.7438193018480497,1.7438193018480497,1.648287952605188,1.0,1.0,1.0,1.0,1.0,1.0,7.471264367816092,12.5,8.182635406691082,1.547126436781609,3.3000000000000003,1.7910382862549725,3.6819098541932607,6.303982774169,4.089063420429338,1.0677,2.7503,1.0792754510468807,13,150,32.4830648280949,0.015342702457916,0.0262690114191009,0.01703933172610002
622,1,35.898519,128.6055705,245657,SPLY_LS,7.714865474206406,16,1.7433812457221085,1.7433812457221085,1.6047432419249512,1.0,1.0,1.0,1.0,1.0,1.0,7.471264367816092,10.95890410958904,7.894142335016498,1.547126436781609,2.466666666666667,1.6406356994180855,5.829724516672196,5.829724516672196,3.817891238962072,2.2747,2.2747,1.1710520106530666,13,100,20.274526996257613,0.0242927535471988,0.0242927535471988,0.015909343687316863
623,1,35.8984275,128.6050715,106786,SPLY_LS,7.328223346506101,20,1.6316769336071184,1.7526899383983574,1.6233595017922229,1.0,1.0,1.0,1.0,1.0,1.0,7.471264367816092,12.5,7.898299289986615,1.547126436781609,3.3000000000000003,1.7242694192021693,3.806856508560547,8.049819289561723,4.342351501869208,1.2848,3.8681,1.3166784254843928,13,150,27.560652848545107,0.0158633614139972,0.0335439994705681,0.01809479582586404
624,1,35.8965447,128.6043002,177336,SPLY_LS,4.9014661398720785,18,1.6657905544147846,1.7726762491444217,1.6670992320788756,1.0,1.0,1.0,1.0,1.0,1.0,7.471264367816092,14.22222222222222,7.890645972041936,1.547126436781609,2.5777777777777775,1.7185703548061815,3.5741430487102037,4.295974826569596,2.9047854914239517,1.1012,1.2901,0.461433696665977,13,80,28.89060830916347,0.0148936327911278,0.0179015419010568,0.012104386382038116
625,1,35.8964067,128.6044953,72445,SPLY_LS,2.4878709451024306,16,1.6531416837782342,1.7726762491444217,1.6758623237744286,1.0,1.0,1.0,1.0,1.0,1.0,7.471264367816092,14.22222222222222,7.722543769926896,1.547126436781609,2.5777777777777775,1.7057274728566632,3.865882648134512,4.3050908547421,3.3844433313930185,1.2901,1.4135,0.7394478585374114,13,80,27.547132305923803,0.0161093262889089,0.017939528846253,0.014103144584081231
626,1,35.8968205,128.6051151,143139,SPLY_LS,5.1511588318322445,14,1.6240657084188912,1.7030800821355236,1.5399690915520723,1.0,1.0,1.0,1.2,1.4,1.1250487391473505,7.471264367816092,20.0,10.35800775443809,1.547126436781609,3.3000000000000003,2.1487576612756905,3.6579529967181017,8.118412007315195,4.4373520640871496,0.8381,1.5133,0.5743853600314919,13,150,59.542498761943335,0.0152428730349741,0.0338298287550827,0.018490667918654294
627,1,35.8972172,128.6062283,106520,SPLY_LS,4.400710421818213,23,1.662669404517454,1.7353319644079397,1.6616563998992033,1.0,1.0,1.0,1.0,1.2,1.005808672188699,7.471264367816092,15.873015873015872,8.600544315536974,1.547126436781609,3.9746031746031742,1.9197251732930924,4.171867964280939,8.837926571575123,4.519269208442534,1.4572,2.7281,1.033414191787483,13,200,42.504240656558935,0.0173843824005568,0.0368280819200821,0.01883202075504042
628,1,35.897132,128.6059369,106521,SPLY_LS,5.610134057266675,23,1.6992470910335389,1.74217659137577,1.6567559525336388,1.0,1.0,1.0,1.0,1.2,1.0059835971709985,7.471264367816092,20.0,8.501824311498769,1.547126436781609,3.3000000000000003,1.712487455588849,4.0647965861532995,5.684139428941524,3.7795801428729017,1.3426,2.18,1.039579165586846,13,150,24.485773417153087,0.0169382106143301,0.0236860932073707,0.01574969943435848
629,1,35.8980463,128.6073842,211440,PIPE_LM,6.287120705559195,20,1.6526488706365503,1.7431622176591377,1.5760474927513612,1.0,1.0,1.0,1.2,1.2,1.0275430041595144,8.333333333333334,10.95890410958904,8.359926146527416,2.466666666666667,2.466666666666667,1.8200888578252143,6.052772281823407,8.465361822042835,4.646376123056273,0.1784,3.8646,1.3122995188037694,100,100,35.02767593158534,0.0252222047369722,0.0352755859805435,0.019361681623581598
630,1,35.8969778,128.6075045,72417,SPLY_LS,5.799521702419374,24,1.716331279945243,1.7326488706365502,1.6653836945532865,1.0,1.0,1.0,1.0,1.0,1.0,7.471264367816092,15.873015873015872,9.219333953344446,1.547126436781609,3.9746031746031742,2.109282293214871,4.083230545414531,9.307766399472284,5.230261667023365,1.3298,2.1884,1.065929980109834,13,200,57.996848278588665,0.0170150258442696,0.0387859279749209,0.021794761879569663
631,1,35.8968784,128.6066871,106538,SPLY_LS,5.6545197679988375,23,1.639835728952772,1.7418480492813142,1.6714756036214202,1.0,1.0,1.0,1.0,1.0,1.0,7.471264367816092,7.471264367816092,7.378525895540676,1.547126436781609,2.1333333333333337,1.6146930380108429,4.659121675035751,5.611691309753151,4.527521812186152,1.7824,2.1556,1.478364992575085,13,80,20.72246506990591,0.0194147929759577,0.0233841982723068,0.01886640976747025
632,1,35.8963247,128.6066462,3883,SPLY_LS,5.3616679913138485,22,1.686050650239562,1.6992470910335389,1.644589276923892,1.0,1.0,1.0,1.0,1.0,1.0,7.471264367816092,9.523809523809524,7.696694343571544,1.547126436781609,2.466666666666667,1.7132073506317418,3.095080709920759,5.73937808438791,3.667532309866348,0.7977,2.3819,0.8510553419991014,13,100,28.82782723573808,0.0128973560722752,0.0239162754465486,0.015282790511828508
633,1,35.896407,128.6087045,143052,SPLY_LS,6.456076014934699,26,1.6840793976728268,1.7326488706365502,1.6721085860426417,1.0,1.0,1.0,1.0,1.0,1.0,7.471264367816092,14.285714285714286,8.05512634757215,1.547126436781609,2.466666666666667,1.6941297450320771,4.683882338249883,5.893362249312421,3.8791384961892845,1.7237,2.3578,1.050165424423789,13,100,24.09625410638369,0.0195179718976041,0.0245579351609973,0.016164564070545517
634,1,35.8968971,128.6089178,106476,SPLY_LS,7.41706782375802,24,1.7290896646132787,1.792662559890486,1.6660853469504489,1.0,1.0,1.0,1.0,1.0,1.0,7.471264367816092,9.846153846153848,7.67500008027289,1.547126436781609,2.1333333333333337,1.662034730826951,5.54745791508203,7.270079832046314,4.453205164778026,2.1419,3.4914,1.4286744444282313,13,80,23.29882652990182,0.0231165345050425,0.0302947861641285,0.018556728581888213
635,1,35.8967539,128.6090943,211370,SPLY_LS,6.329481094053162,24,1.6823271731690623,1.792662559890486,1.6555309031587746,1.0,1.0,1.0,1.0,1.0,1.0,7.471264367816092,14.285714285714286,7.980416858904584,1.547126436781609,2.466666666666667,1.703717641419362,3.958355313346402,8.419844147840761,3.929613031615058,1.3042,3.916,1.0932641238706435,13,100,25.73393317014853,0.0164946645084801,0.0350859115562598,0.016374893983391463
636,1,35.8971951,128.6088573,143041,SPLY_LS,5.248337205968904,21,1.6500205338809035,1.792662559890486,1.6663485160694793,1.0,1.0,1.0,1.0,1.2,1.0052497103588778,7.471264367816092,9.846153846153848,7.633687832341265,1.547126436781609,2.1333333333333337,1.693771478942985,4.35343822133529,7.270079832046314,4.411248488771011,1.5838,3.2447,1.2731648187901108,13,80,27.83059270479329,0.0181409947402152,0.0302947861641285,0.018381893015133186
637,2,35.8970928,128.6092451,72225,PIPE_LM,6.716575193494048,17,1.6926762491444216,1.792662559890486,1.6211001184261213,1.0,1.0,1.0,1.0,1.0,1.0,9.523809523809524,9.846153846153848,8.068003888123757,1.7523809523809524,2.1333333333333337,1.699225708270004,3.376558042824506,8.419844147840761,4.731362161238634,0.6843,3.916,1.5882605850232239,20,80,25.215543481545303,0.0140702861923518,0.0350859115562598,0.019715822693989395
638,1,35.8963962,128.6105147,245321,SPLY_LS,10.590388321310146,24,1.6575222450376454,1.7526899383983574,1.6401511309436707,1.0,1.0,1.0,1.0,1.2,1.0145139027341434,7.471264367816092,9.846153846153848,7.88203531160384,1.547126436781609,2.1333333333333337,1.6883920465006141,4.542825136996158,8.313526719908335,4.556280509839906,1.684,3.7106,1.4622296358116427,13,80,24.094112852974735,0.0189301794871198,0.034642881518194,0.01898624869852834
639,1,35.8966144,128.6107966,143011,SPLY_LS,6.175638076432023,18,1.7283230663928817,1.7446954140999316,1.660912638412708,1.0,1.0,1.0,1.0,1.6,1.0581262648809817,7.471264367816092,12.5,7.769756997725604,1.547126436781609,3.3000000000000003,1.79981643715694,8.313526719908335,11.330398627606204,5.577778505872208,3.7106,3.7106,1.597713566286134,13,150,36.564919188394924,0.034642881518194,0.0472143376011664,0.023242881922894747
640,1,35.8951658,128.6115137,143010,SPLY_LS,7.189940920854091,20,1.6638193018480494,1.7526899383983574,1.5351231797079883,1.0,1.0,1.0,1.2,1.2,1.1122466772869533,7.471264367816092,17.857142857142858,8.89172672043768,1.547126436781609,2.585714285714286,1.7514350174474598,2.4966967874187502,7.449845316624825,4.169306777636686,0.2246,3.1002,1.0995536556418506,13,100,25.62052230407564,0.0104038603480133,0.0310438779266414,0.01737370980775091
641,1,35.8961338,128.6104798,72270,SPLY_LS,3.75355337772353,27,1.6419712525667352,1.7526899383983574,1.619404461669814,1.0,1.0,1.0,1.0,1.0,1.0,7.471264367816092,9.846153846153848,8.136789243539944,1.547126436781609,2.466666666666667,1.6905168067355754,2.9553128227701477,8.90068066552235,4.407112577371563,0.7626,4.273,1.4310696017135707,13,100,23.577215712942692,0.0123149362981243,0.0370895813672649,0.018364658465536126
642,2,35.89579845,128.6104701,211350,SPLY_LS,2.8711048640170036,19,1.7461738535249829,1.7526899383983574,1.6116204493697996,1.0,1.0,1.0,1.0,1.0,1.0,7.471264367816092,11.428571428571429,8.284398646760097,1.547126436781609,2.466666666666667,1.684284618872171,3.8680425275713097,8.90068066552235,5.174011430571367,1.1693,4.273,1.9012013032001183,13,100,22.33702707054107,0.016118326614516,0.0370895813672649,0.021560364331762373
643,1,35.8951477,128.6098643,143032,SPLY_LS,8.323479744792612,23,1.5848596851471597,1.7459548254620123,1.5725526225046387,1.0,1.0,1.0,1.0,1.2,1.051135925769667,7.471264367816092,12.5,8.63147690761371,1.547126436781609,3.3000000000000003,1.75263329156109,6.25851927825539,12.604472512292295,5.862209133116175,2.8672,6.2024,2.187623488332533,13,150,27.2071126983565,0.0260795627584541,0.0525234671823476,0.024428118568151722
644,1,35.8950253,128.6107087,211327,PIPE_LM,6.942171591375061,17,1.6726899383983571,1.7307871321013004,1.5453536123915184,1.0,1.0,1.0,1.2,1.2,1.0821360217079194,10.95890410958904,12.5,9.592477668854212,2.16986301369863,3.3000000000000003,1.967748754307,3.660392562181028,21.10882891509861,8.07588127192795,0.3819,8.1373,2.887610178461685,50,150,40.70178923586523,0.0152530388262364,0.0879615455306616,0.03365260105418732
645,1,35.8954119,128.6098672,245332,SPLY_LS,6.3391033622945105,20,1.1900616016427106,1.7326488706365502,1.5815243695977244,1.0,1.0,1.0,1.0,1.2,1.033242135962347,9.523809523809524,12.5,8.26516600442191,1.7523809523809524,3.3000000000000003,1.7507309357212393,8.05290442584841,13.490284710596164,6.68297697688491,4.7135,7.0042,2.6133457960212034,20,150,29.438327791319697,0.0335568553877316,0.0562146909032897,0.02784829921152821
646,1,35.8950258,128.6105732,211357,SPLY_LS,6.265464912822457,20,1.6254893908282,1.7307871321013004,1.5593004900109348,1.0,1.0,1.0,1.2,1.2,1.0896856421383057,9.523809523809524,12.5,9.565888918502477,1.7523809523809524,3.3000000000000003,1.9564552807264832,21.10882891509861,21.10882891509861,8.809456449374327,8.1373,8.1373,3.132136497126079,20,150,39.78352107475849,0.0879615455306616,0.0879615455306616,0.03670944549736525
647,1,35.8939763,128.6096061,143909,SPLY_LS,6.43191773364403,26,1.222422997946612,1.7549897330595483,1.5244261194474664,1.0,1.0,1.0,1.0,1.6,1.0398581572564363,9.523809523809524,12.5,8.799883313934009,1.7523809523809524,3.3000000000000003,1.8757888352669017,4.752914877492315,9.17305887454059,4.391173329427207,2.2829,2.6676,1.0560867688582503,20,150,38.16828321840908,0.0198056339402543,0.0382245949831543,0.018298238822389606
648,1,35.8961794,128.6087292,143055,SPLY_LS,6.448976646521784,31,1.64580424366872,1.7526899383983574,1.6398570842083968,1.0,1.0,1.0,1.0,1.0,1.0,9.523809523809524,14.285714285714286,8.27175142843128,1.7523809523809524,2.466666666666667,1.6797788166755419,2.4774482920950907,6.630840916865468,3.4594455729888463,0.271,2.9729,0.8866021001968711,20,100,22.290293603051147,0.0103236509055748,0.0276310456426242,0.014415682674923129
649,1,35.8955785,128.6080436,245370,SPLY_LS,3.919980499139333,25,1.5861738535249827,1.7526899383983574,1.6023766980377534,1.0,1.0,1.0,1.0,1.0,1.0,7.471264367816092,14.285714285714286,8.501165135249067,1.547126436781609,2.5777777777777775,1.7567290175424952,3.543906436393752,7.540033474725866,3.64946046057035,1.188,3.6552,0.9168311309205822,13,100,28.714596005595666,0.0147676353157745,0.0314196964908564,0.015207484212219624
650,1,35.895638,128.6083125,37760,PIPE_LM,8.687192985009213,27,1.6926762491444216,1.7526899383983574,1.572043708668964,1.0,1.0,1.0,1.0,1.0,1.0,8.928571428571429,14.285714285714286,8.605949434248485,1.692857142857143,2.5777777777777775,1.7129947528689784,2.9919391261284005,8.520309867712145,4.787369057224474,0.5264,3.9596,1.7159316086242118,25,80,23.943429347991472,0.0124675599355333,0.0355045572342498,0.01994920622990719
651,1,35.8956941,128.6084596,143060,SPLY_LS,4.290992826053422,27,1.6792607802874744,1.7526899383983574,1.6054703063521982,1.0,1.0,1.0,1.0,1.0,1.0,7.471264367816092,14.285714285714286,8.613959460674407,1.547126436781609,2.5777777777777775,1.6967195168431028,6.496352461956,8.520309867712145,5.321072709418397,2.7885,3.9596,1.9939174304728067,13,80,22.137243385455605,0.0270706255265937,0.0355045572342498,0.02217317603378187
652,1,35.8954103,128.6093837,72379,SPLY_LS,5.988012025211629,26,1.750444900752909,1.7526899383983574,1.5961315210719516,1.0,1.0,1.0,1.0,1.2,1.0303920149813381,7.471264367816092,17.857142857142858,9.221722681535043,1.547126436781609,3.3000000000000003,1.9835631459951404,4.684892273099964,10.102141021280556,5.259583701104573,1.621,4.8913,1.4483113897870858,13,150,46.26651659024211,0.0195221803466212,0.0420961267427271,0.021916948261687774
653,1,35.8954078,128.6092462,3843,SPLY_LS,6.201190219656137,25,1.214154688569473,1.7612867898699522,1.5654529230691279,1.0,1.0,1.0,1.0,1.2,1.0262170333400031,9.523809523809524,17.857142857142858,9.458534219662317,1.7523809523809524,3.3000000000000003,1.8937294874787112,4.277004063849141,10.699904903618648,5.23063546700905,1.9743,5.2399,1.7047753007954072,20,150,35.71304012875315,0.0178224897842625,0.044587038728624,0.021796319522800017
654,1,35.8954223,128.6087186,143128,PIPE_LM,6.877838334737486,28,1.6126762491444215,1.7526899383983574,1.605722424549916,1.0,1.0,1.0,1.0,1.0,1.0,14.22222222222222,14.285714285714286,8.927395478720772,2.5777777777777775,2.5777777777777775,1.7781661734556442,2.944304663229923,8.255629769484093,5.0907922109000445,0.1369,3.9464,1.7368980743657376,80,80,26.951376829168606,0.0122690647469122,0.0344016220309286,0.02121358568243098
655,1,35.895288,128.6092459,211392,SPLY_LS,6.178646649381864,29,1.67958932238193,1.7612867898699522,1.5667329455661216,1.0,1.0,1.0,1.0,1.2,1.0201698849973175,7.471264367816092,17.857142857142858,9.200192953187997,1.547126436781609,3.3000000000000003,1.8192158370161469,6.315137736814749,10.102141021280556,5.045018636267251,2.6821,4.8913,1.6868045774886093,13,150,29.677470485394448,0.0263154947061939,0.0420961267427271,0.021022844908257395
656,1,35.8954175,128.6090856,211393,SPLY_LS,4.9150762860158705,24,1.67958932238193,1.7612867898699522,1.5828604094027066,1.0,1.0,1.0,1.0,1.2,1.0153510148933198,7.471264367816092,17.857142857142858,9.257823500496128,1.547126436781609,2.585714285714286,1.794990385241242,5.076498787973704,10.699904903618648,5.209155100781785,1.9599,5.2399,1.8702671312576957,13,80,27.535747067793164,0.0211540242744258,0.044587038728624,0.021706809762712685
657,1,35.894499,128.6093913,4695,PIPE_LM,6.643586091164945,14,1.5326762491444217,1.7454620123203286,1.521167670913343,1.0,1.0,1.0,1.0,1.0,1.0,8.928571428571429,11.428571428571429,8.464025686453576,1.692857142857143,2.466666666666667,1.797099177742837,2.7213729177868373,7.177518564519759,4.031497936825421,0.5333,4.3543,1.173403006347762,25,100,33.424910171127536,0.0113400970170636,0.029909078734282,0.01679945347764832
658,1,35.8937085,128.6093782,246271,SPLY_LS,6.046017497702199,22,1.6010677618069815,1.6772895277207391,1.5416333699444191,1.0,1.0,1.0,1.0,1.6,1.0545836015170802,7.471264367816092,14.285714285714286,8.438203104612446,1.547126436781609,3.3000000000000003,1.930886192914616,2.7580932066523456,20.157018752113743,6.3287291293791235,0.687,3.0009,1.2076469633225615,13,150,46.573948372148145,0.0114931122967806,0.0839953049909956,0.026372130718579235
659,1,35.894758,128.6085124,73251,SPLY_LS,5.011976869061544,26,1.703189596167009,1.7526899383983574,1.5750107161400704,1.0,1.0,1.0,1.0,1.2,1.0587586075967848,7.471264367816092,14.22222222222222,9.019364795033635,1.547126436781609,3.3000000000000003,1.8475517470472531,8.139585162303076,12.5323032848234,6.624505241222043,3.6801,7.6894,2.3121674823903695,13,150,34.79466875155316,0.033918058350575,0.0522227344030233,0.027604644565434266
660,1,35.8937338,128.60859,4713,SPLY_LS,9.486917424706217,20,1.703791923340178,1.9612594113620807,1.6058182256544606,1.0,1.0,1.0,1.0,1.2,1.0990786512954704,8.928571428571429,14.22222222222222,8.62192229018172,1.692857142857143,2.5777777777777775,1.8475071329418202,3.9467888845410535,8.471485095315096,4.6935912956008545,1.0004,3.0291,1.0237574075166755,25,100,38.50536700235599,0.0164464666213268,0.0353011019664327,0.019558429608333493
661,2,35.894854300000006,128.6083456,107322,PIPE_LM,6.9537731574821136,25,1.6926762491444216,1.7526899383983574,1.601276553303703,1.0,1.0,1.0,1.2,1.2,1.076728441103593,12.5,14.22222222222222,9.324556330934774,3.3000000000000003,3.3000000000000003,1.9757053732421501,8.32402278759577,8.32402278759577,5.986790289002014,0.1592,3.6801,1.6789908148382438,150,150,45.720387767493705,0.0346866191570509,0.0346866191570509,0.024947254473785794
662,1,35.8936404,128.6103236,417712,PIPE_LM,1.4467562731861607,5,1.32476386036961,1.6067624914442162,1.4313938264256452,1.0,1.0,1.0,1.6,1.6,1.567900467428294,12.5,12.5,11.102001017626325,3.3000000000000003,3.3000000000000003,2.645636519182913,10.110827862435327,10.110827862435327,8.334668410332883,0.3493,2.3338,0.750659276290742,150,150,96.39108541615661,0.0421323252441611,0.0421323252441611,0.0347309799992776
663,1,35.8948505,128.6081292,73232,SPLY_LS,4.351064261667744,21,1.657741273100616,1.7526899383983574,1.5893546011190174,1.0,1.0,1.0,1.0,1.2,1.0549189568030815,7.471264367816092,14.22222222222222,9.026636151621977,1.547126436781609,3.3000000000000003,1.9368623763178663,6.402945866380854,8.32402278759577,5.2805178447014764,2.7825,3.0008,1.4295341554085708,13,150,43.7536622293433,0.0266813955725023,0.0346866191570509,0.022004181884763233
664,1,35.8935752,128.6095498,246286,SPLY_LS,5.182399654024019,22,1.3035728952772074,1.7356605065023958,1.5144847577121408,1.0,1.0,1.0,1.0,1.6,1.065501254175047,8.928571428571429,14.285714285714286,9.05996669362311,1.692857142857143,3.3000000000000003,1.947947534181628,3.3119398472210486,20.157018752113743,5.360619402654013,1.194,3.0009,1.1046365581561675,25,150,45.61398198414146,0.0138010189403624,0.0839953049909956,0.02233796908182936
665,1,35.8936902,128.6096401,143917,SPLY_LS,6.6113871001405835,21,1.6036960985626283,1.7380150581793292,1.5856939356761082,1.0,1.0,1.0,1.0,1.6,1.0663041844613632,9.523809523809524,12.5,8.854570783728072,1.7523809523809524,3.3000000000000003,1.9255768204077888,6.331643157470281,20.157018752113743,5.317238221286202,2.3336,3.0009,1.0643153167117205,20,150,44.171294836291395,0.0263842736193365,0.0839953049909956,0.02215719753001063
666,1,35.88871,128.6020298,73333,SPLY_LS,4.015217581902529,19,1.6892265571526353,2.160793976728268,1.6741042860766884,1.0,1.0,1.0,1.0,1.6,1.1488675982204566,7.471264367816092,15.873015873015872,8.469504032789882,1.547126436781609,3.9746031746031742,1.863263977939491,4.3099157362032825,12.69137420831549,4.68343905635401,1.4986,2.1975,0.8588052965121606,13,400,49.48290588370941,0.0179596343685458,0.338717356431557,0.03155161371703944
667,1,35.8891053,128.6025241,178233,SPLY_LS,6.769016534323877,21,1.2890622861054073,1.8126488706365504,1.5959103252704512,1.0,1.0,1.0,1.0,1.6,1.0711070660387032,9.523809523809524,10.95890410958904,8.382102575492116,1.7523809523809524,2.16986301369863,1.683164425782508,4.942703398634759,6.169084259592767,4.2409018172488855,2.2375,2.6145,1.3071815909350184,20,80,21.957994365416063,0.0205964921972809,0.025706882563936,0.01767204991756692
668,1,35.8924506,128.6083,246258,SPLY_LS,7.008493792614906,24,1.664147843942505,1.7526899383983574,1.6381203416063812,1.0,1.0,1.0,1.0,1.6,1.137664299472061,8.928571428571429,10.95890410958904,8.389330966004366,1.692857142857143,2.466666666666667,1.927925202930874,5.139553813836548,10.984649123148529,5.230124825538783,1.667,2.3344,1.000734168248618,25,100,46.181449284895805,0.0214167777199475,0.045773582128616,0.021794191654261337
669,2,35.892445,128.6080946,38786,SPLY_LS,7.085127605480646,23,1.5004791238877482,1.7526899383983574,1.6149178836146079,1.0,1.0,1.0,1.0,1.6,1.1005943823342894,9.523809523809524,10.95890410958904,8.058603747146172,1.7523809523809524,2.466666666666667,1.871446190215661,5.257715483253666,10.984649123148529,5.110984452868463,1.9586,2.5722,1.1704414011253768,20,100,42.701414716531666,0.0219091633044921,0.045773582128616,0.021297727764325477
670,1,35.8906662,128.6032595,246333,SPLY_LS,3.463817903337964,26,1.6469541409993156,1.7366461327857632,1.6226974156449112,1.0,1.0,1.0,1.0,1.2,1.0074629691085664,7.471264367816092,17.857142857142858,8.173881698765786,1.547126436781609,2.585714285714286,1.6422647335718,3.460066017257229,18.040642052711146,8.26084741867098,1.0574,9.828,3.7373644085916875,13,80,18.288135323846078,0.0144182680972117,0.0751762574657499,0.034423364235972864
671,1,35.8905487,128.6031583,246334,SPLY_LS,3.149123937508973,21,1.664147843942505,1.7366461327857632,1.5857532734721431,1.0,1.0,1.0,1.0,1.4,1.0199671353764994,7.471264367816092,17.857142857142858,9.201535108818181,1.547126436781609,2.840816326530613,1.7506277410895303,9.115680766143967,12.57020119567009,7.66136378903305,4.3643,6.3409,3.3082232763023827,13,100,22.731577646378526,0.0379854975365602,0.052380656892417,0.03192528597709014
672,2,35.8908945,128.60298,4780,SPLY_LS,3.8113653274574237,28,1.657467488021903,1.706420260095825,1.5485132476055858,1.0,1.0,1.0,1.0,1.0,1.0,7.471264367816092,17.857142857142858,8.647152148405675,1.547126436781609,3.3000000000000003,1.692701682842247,7.690390070686613,13.56709127596379,6.183176549739359,3.5438,6.9223,2.64929602742496,13,150,20.68215879667684,0.0320462399440546,0.0565347477015049,0.025765605841591356
673,1,35.8903619,128.6032938,143983,SPLY_LS,0.054567136657509646,20,1.7218069815195074,1.7366461327857632,1.6157077117750382,1.0,1.0,1.0,1.0,1.4,1.074523150514374,7.471264367816092,17.857142857142858,9.465195064760483,1.547126436781609,2.840816326530613,1.8416488603556653,3.66198175787893,13.740405465818878,5.5419268942638835,1.0828,5.7949,1.7142072936265784,13,100,31.094953562779118,0.0152596610841693,0.0572569565963405,0.02309348646474225
674,1,35.8911832,128.6026666,177121,SPLY_LS,6.744094371552525,25,1.7033538672142368,1.736536618754278,1.6288206071941747,1.0,1.0,1.0,1.0,1.6,1.0855656008769143,7.471264367816092,12.5,8.36624939187935,1.547126436781609,3.3000000000000003,1.8235826402869533,2.224639112077501,10.484975103170148,3.978415175578379,0.279,2.3381,0.7189759187316976,13,150,34.479305451929655,0.0092701824119825,0.0436914155036651,0.01657825495739384
675,2,35.89096465,128.6021705,4781,SPLY_LS,8.211775295730973,7,1.5602190280629706,1.6926762491444216,1.613536949535515,1.0,1.0,1.0,1.0,1.6,1.2449672707517496,8.928571428571429,14.22222222222222,10.332779619346718,1.692857142857143,3.3000000000000003,2.311043207666533,2.43386172849662,10.484975103170148,4.979543789578921,0.3471,0.3471,0.1944602732436889,25,150,71.2921278084489,0.0101420235157318,0.0436914155036651,0.020750007948364776
676,1,35.8913343,128.6028039,178218,PIPE_LM,4.887900327055317,20,1.6126762491444215,1.757782340862423,1.6524929258542425,1.0,1.0,1.0,1.0,1.6,1.097366960337058,12.5,12.5,8.860461028330455,3.3000000000000003,3.3000000000000003,1.970230858394853,6.247954502078533,10.484975103170148,4.328644675309845,0.0959,2.1461,0.637770464933891,150,150,45.191252748864414,0.0260355388078863,0.0436914155036651,0.018037678794249827
677,1,35.8959178,128.6070107,72381,SPLY_LS,5.0064315008549825,20,1.6010677618069815,1.7442026009582476,1.6277773760885719,1.0,1.0,1.0,1.0,1.2,1.030262057556198,7.471264367816092,12.5,8.326444689994128,1.547126436781609,3.3000000000000003,1.7850057041285665,2.3666957474510584,6.92449756549201,3.1415408044519726,0.4476,1.4822,0.44685916782170476,13,150,32.79572610182494,0.0098621395144159,0.0288547275802834,0.013090957609191533
678,1,35.8955879,128.6064074,211439,PIPE_LM,6.447879297621325,22,1.6926762491444216,1.7408076659822038,1.5893587683375463,1.0,1.0,1.0,1.0,1.0,1.0,6.666666666666667,11.428571428571429,8.394724461835494,2.1333333333333337,2.1333333333333337,1.777393557821117,3.9802476458465703,6.375182821849442,3.406200867511169,0.0616,2.6562,0.7835482749060562,80,80,30.418730241370703,0.0165858909526249,0.0265657055777877,0.014193809324962354
679,1,35.8953065,128.6067474,72387,SPLY_LS,8.015131344824706,31,1.6905407255304583,1.7526899383983574,1.6135489672848622,1.0,1.0,1.0,1.0,1.2,1.0113724931546586,7.471264367816092,11.428571428571429,8.134387804650787,1.547126436781609,2.1333333333333337,1.6486613774232814,4.451543287024737,9.105636524111194,4.361652152731801,1.5787,4.3946,1.4686491567241147,13,80,19.96021478739916,0.0185498034541964,0.0379436426777975,0.018175222603041004
680,1,35.8950278,128.6062918,106514,SPLY_LS,4.981639389424248,20,1.651663244353183,1.7086105407255303,1.6628987038085272,1.0,1.0,1.0,1.2,1.4,1.1286694379975317,7.471264367816092,8.928571428571429,7.747255818674428,1.547126436781609,2.466666666666667,1.6590685182858214,3.75350629717168,6.631724427789186,3.3953441782376026,0.8546,1.3912,0.5614449045622281,13,100,23.58491998090226,0.0156410484156292,0.0276347272768189,0.014148568957924965
681,1,35.8951585,128.6060191,245392,SPLY_LS,5.4574158810043905,21,1.5848596851471597,1.7451882272416157,1.6315713668634195,1.0,1.0,1.0,1.0,1.4,1.0752102928645442,7.471264367816092,14.285714285714286,7.900232657602708,1.547126436781609,2.466666666666667,1.8031624567309223,2.8222568704358646,6.631724427789186,3.5102827914211727,0.7439,1.1243,0.4673997319891461,13,100,37.40373496209101,0.0117604854919497,0.0276347272768189,0.014627523905991549
682,1,35.8959163,128.6058311,37966,SPLY_LS,6.009427359824095,20,1.672142368240931,1.747816563997262,1.599248877482208,1.0,1.0,1.0,1.0,1.2,1.057760302271966,7.471264367816092,12.5,8.082458095616193,1.547126436781609,3.3000000000000003,1.9457477102043748,2.4485362918881486,6.92449756549201,3.5804334241490925,0.434,0.9378,0.31980104093162154,13,150,50.0170951078633,0.0102031731551125,0.0288547275802834,0.01491984510010044
683,1,35.8945458,128.6062248,143962,SPLY_LS,3.005187519551235,15,1.6950855578370978,1.712662559890486,1.6622155492573223,1.0,1.0,1.0,1.0,1.0,1.0,7.471264367816092,9.523809523809524,8.04870750994433,1.547126436781609,2.466666666666667,1.6586989107944445,6.058895218568569,7.502651504081094,5.110709905741405,2.5004,3.3345,1.828750813077609,13,100,21.168452878467914,0.0252477193205361,0.0312639239500811,0.02129658371271968
684,1,35.8944989,128.6060147,107401,SPLY_LS,3.909105612970431,19,1.6531964407939768,1.712662559890486,1.6457066928317963,1.0,1.0,1.0,1.0,1.0,1.0,7.471264367816092,9.523809523809524,8.218067331016407,1.547126436781609,2.466666666666667,1.7322388414048755,5.4871320780950095,7.545266404104854,4.9846884106279346,2.2504,3.3345,1.6337129207028063,13,100,28.011941277522645,0.0228651537260258,0.0314415023692251,0.020771445841507096
685,1,35.8937395,128.6055498,178198,SPLY_LS,7.927207322189682,21,1.430937713894593,1.6926762491444216,1.5033880936999926,1.0,1.0,1.0,1.0,1.6,1.0530088896385517,9.523809523809524,15.873015873015872,8.96658990269533,1.7523809523809524,3.9746031746031742,2.018727766494133,3.642831221539836,11.895530325604453,4.268079561909086,1.1495,2.0004,0.6189668193282062,20,200,51.317362143918416,0.0151798598417175,0.04956926964331,0.0177853009384532
686,1,35.8939504,128.6058123,177119,SPLY_LS,4.720820493067376,22,1.7423956194387409,1.7526899383983574,1.637831751670079,1.0,1.0,1.0,1.0,1.0,1.0,7.471264367816092,9.523809523809524,7.92653278209269,1.547126436781609,2.466666666666667,1.7049731404721733,4.814405386404352,5.138068016541194,3.987337592836286,1.7059,2.0004,1.111965744488294,13,100,26.7810643530975,0.0200618679654162,0.0214105863283279,0.016615435116228396
687,1,35.8931406,128.6061747,116528,PIPE_LM,6.283501337886951,21,1.6526488706365503,1.7526899383983574,1.5070917434398416,1.0,1.0,1.0,1.0,1.0,1.0,6.666666666666667,11.428571428571429,8.414317953331297,2.1333333333333337,2.466666666666667,1.815623385650443,3.871848711847171,6.9463299738447555,3.6754834973175505,0.0577,2.7144,0.8842408448385618,80,100,35.19796635172118,0.0161341871747027,0.0289457043175097,0.015315923507497059
688,1,35.8935497,128.6061279,73298,SPLY_LS,4.112992031863303,24,1.6581245722108144,1.7526899383983574,1.5852750604959365,1.0,1.0,1.0,1.0,1.0,1.0,7.471264367816092,11.428571428571429,8.313240379440101,1.547126436781609,2.466666666666667,1.802388600543016,3.810316202830706,5.782666674014867,3.815787130801736,1.2504,2.0208,0.9083361055498808,13,100,34.824661238672945,0.0158777781330056,0.0240966611639536,0.015900575763407317
689,1,35.8926412,128.6075201,73292,SPLY_LS,8.022509918626367,16,1.659000684462697,1.7526899383983574,1.5370090579551492,1.0,1.0,1.0,1.0,1.6,1.1405947984846463,7.471264367816092,16.3265306122449,10.687895060833146,1.547126436781609,3.9746031746031742,2.2399545303668407,4.517569776440204,12.765202636710075,5.108949400083633,1.6667,2.5722,0.8473141204165567,13,200,65.14402266821621,0.0188249391369151,0.0531932376473027,0.021289247597618466
690,1,35.8932908,128.6053603,37745,SPLY_LS,6.437336568741822,25,1.6408213552361397,1.7526899383983574,1.6470766662559995,1.0,1.0,1.0,1.2,1.6,1.105751608081491,7.471264367816092,20.0,8.901864553620056,1.547126436781609,3.9746031746031742,1.809427446601187,3.985822715353217,11.895530325604453,4.228922857563448,0.9824,2.0009,0.8498178509385076,13,200,32.364190967205346,0.0166091225460126,0.04956926964331,0.017622132993609714
691,1,35.8931854,128.6057473,212317,SPLY_LS,3.073313179452982,22,1.344640657084189,1.7526899383983574,1.520879988717275,1.0,1.0,1.0,1.0,1.2,1.0121959235386448,7.471264367816092,9.523809523809524,8.160878489766228,1.547126436781609,2.466666666666667,1.7513704675846604,2.33077399896092,6.9463299738447555,3.6213732984816915,0.6975,2.6675,0.9091803558078911,13,100,29.601933942255283,0.0097124517923701,0.0289457043175097,0.015090443603438093
692,1,35.8935606,128.6053668,212318,SPLY_LS,6.634170453302256,25,1.5186584531143053,1.712662559890486,1.5497631764324342,1.0,1.0,1.0,1.0,1.6,1.1301330791421313,7.471264367816092,20.0,9.066985686228488,1.547126436781609,3.9746031746031742,2.149551014830883,3.1019828320846106,11.895530325604453,5.317499612774439,1.0003,1.334,0.6016160635859664,13,200,64.9903493537495,0.0129261175604381,0.04956926964331,0.022158286761411686
693,1,35.8931473,128.6053519,107396,SPLY_LS,4.656296088512608,26,1.6286105407255305,1.7526899383983574,1.6336162061635648,1.0,1.0,1.0,1.0,1.6,1.1070405410523605,7.471264367816092,20.0,8.965068092324179,1.547126436781609,3.9746031746031742,1.8165351455374747,4.435813204296437,11.895530325604453,4.316215250213678,1.6673,2.0009,0.9122312386921215,13,200,32.91717517162365,0.0184842554129634,0.04956926964331,0.01798588475840287
694,2,35.89241115,128.60716565,267500,PIPE_LM,8.639504244379262,13,1.5926899383983573,1.7326488706365502,1.436141334281806,1.0,1.0,1.0,1.0,1.6,1.0532384541420874,9.846153846153848,16.3265306122449,10.461657368622507,2.0307692307692307,2.840816326530613,1.943976852254767,2.2291496012257626,6.306889499368287,3.5269068643707255,0.1465,2.334,0.9398484276446903,40,100,36.30774992801411,0.0092889778457878,0.0262811238883426,0.014696797249176004
695,3,35.89246533333333,128.60753536666667,199088,PIPE_LM,7.3108675246925925,17,1.6126762491444215,1.7526899383983574,1.5433211414571333,1.0,1.0,1.0,1.6,1.6,1.158726580643361,16.3265306122449,16.3265306122449,10.625300149424913,2.840816326530613,3.9746031746031742,2.229829947360234,5.1356417169384585,12.765202636710075,5.407871717936779,0.1121,2.5722,0.9816416486406749,100,200,64.39679324704419,0.0214004758165684,0.0531932376473027,0.02253487184222842
696,1,35.892233,128.6062489,178176,SPLY_LS,6.144621180027644,18,1.7428336755646818,1.7526899383983574,1.620935012321821,1.0,1.0,1.0,1.0,1.0,1.0,7.471264367816092,10.95890410958904,8.537114980249518,1.547126436781609,2.16986301369863,1.7639934934070578,4.746742452116013,8.010530522112699,4.04933513821829,1.6672,4.6252,1.1472800662294187,13,80,28.107783887210704,0.01977991313509,0.0333802812121697,0.016873781987712496
697,1,35.89152,128.6055689,212297,SPLY_LS,5.514731506079154,17,1.6501300479123886,1.7344010951403148,1.6386636749196353,1.0,1.0,1.0,1.0,1.6,1.1344194334656,7.471264367816092,15.873015873015872,9.06968465849459,1.547126436781609,3.9746031746031742,1.8510297964390425,2.8085735885936867,11.895530325604453,3.4354088938903984,0.6668,1.3337,0.4662960119557562,13,200,34.03456864509536,0.0117034665723493,0.04956926964331,0.014315520631285954
698,2,35.89571085,128.60505675000002,245473,PIPE_LM,6.466836781406502,17,1.6526488706365503,1.7443121149897332,1.5245026391779528,1.0,1.0,1.0,1.0,1.4,1.0659507013596314,9.846153846153848,20.0,9.807764680868235,2.0307692307692307,3.3000000000000003,1.8921305529142385,2.2836133388148725,6.55330148976909,3.8794328763339547,0.1319,2.1024,0.9834985526711078,40,150,36.10581834144739,0.0095159309635085,0.0273079349729422,0.016165790767327354
699,1,35.8953882,128.6029958,105678,PIPE_LM,7.4292508793466885,19,1.6726899383983571,1.7326488706365502,1.5833344723908955,1.0,1.0,1.0,1.4,1.4,1.0522804164556958,8.333333333333334,15.873015873015872,8.79330930935828,2.466666666666667,3.9746031746031742,2.010088662134176,6.344171707597537,7.641265242700235,3.586656535414291,0.046,1.0836,0.33947309261711395,100,200,51.588023139918924,0.0264364807141443,0.031841534329594,0.014945777115898081
700,1,35.8940489,128.6048683,72467,SPLY_LS,5.884159951847223,23,1.622861054072553,1.7526899383983574,1.578750019376194,1.0,1.0,1.0,1.0,1.6,1.0176704752912797,7.471264367816092,20.0,8.48248818480489,1.547126436781609,3.3000000000000003,1.681108364356523,2.628759198455144,7.415815044904918,3.317345463450787,0.5863,1.7119,0.8120023032652078,13,150,22.912212952609885,0.0109541710179225,0.030902072082871,0.013823544413472564
701,3,35.8933403,128.6041584,211474,SPLY_LS,5.6134692783548585,15,1.6672142368240932,1.739110198494182,1.6432721518564284,1.0,1.0,1.0,1.0,1.6,1.0403468215168437,7.471264367816092,14.285714285714286,7.909579137127662,1.547126436781609,2.466666666666667,1.6469951658194932,2.3468337419948377,7.145312427849419,3.844736537182045,0.3785,2.4829,1.0320417307125662,13,100,20.357280949690463,0.0097793735445795,0.0297748741524699,0.016021209387264396
702,1,35.8919931,128.6048395,73356,SPLY_LS,5.55798751648078,12,1.6306365503080082,1.7345106091718003,1.6285320553107583,1.0,1.0,1.0,1.0,1.6,1.028351134755899,7.471264367816092,20.0,8.4228365624121,1.547126436781609,3.3000000000000003,1.696282763523877,3.8858527725313263,7.3152476107087345,3.66517138980062,1.3337,2.1692,0.9286669806481936,13,150,25.315494667718273,0.0161925427957766,0.0304830025562038,0.015272952439868622
703,1,35.8960865,128.6010963,143211,SPLY_LS,4.76240050906208,25,1.625160848733744,1.7041204654346338,1.619329162137002,1.0,1.0,1.0,1.0,1.0,1.0,7.471264367816092,20.833333333333332,8.641171419871315,1.547126436781609,4.966666666666667,1.768247270055965,2.241835262814255,9.737784085247704,4.0398535452726225,0.3509,3.0687,1.1899575967548786,13,300,30.315790313266078,0.0093418396319101,0.0405778331724314,0.01683427171582824
704,1,35.8953934,128.6011361,245490,SPLY_LS,4.253567866478473,25,1.6271321013004791,1.792662559890486,1.6393859537249413,1.0,1.0,1.0,1.0,1.0,1.0,7.471264367816092,20.833333333333332,8.999187966577173,1.547126436781609,4.966666666666667,1.8405773922794133,5.2509183776244575,9.737784085247704,5.3065768801938535,2.1603,3.4379,1.7807414629979008,13,300,35.11710084259863,0.0218808394254799,0.0405778331724314,0.022112771188611737
705,1,35.8962904,128.6010969,106634,SPLY_LS,5.072649173035433,30,1.7041204654346338,1.74113620807666,1.6165958783934664,1.0,1.0,1.0,1.0,1.0,1.0,7.471264367816092,20.833333333333332,9.631842376419337,1.547126436781609,4.966666666666667,1.9337866226372202,2.4781347723672065,11.824002175906257,4.187458879017185,0.4241,3.0687,1.0439199999458129,13,300,40.801745595615,0.0103265115031927,0.0492712082671101,0.017449350521808522
706,1,35.8957377,128.6011203,106632,SPLY_LS,3.4565375174847035,28,1.625160848733744,1.792662559890486,1.649282057948895,1.0,1.0,1.0,1.0,1.0,1.0,7.471264367816092,20.833333333333332,8.641087140011404,1.547126436781609,4.966666666666667,1.8602987263089126,4.019173012813564,9.737784085247704,4.694486757870291,1.4219,3.4379,1.3443155152306008,13,300,38.30586263691158,0.0167480949030447,0.0405778331724314,0.019562161044383353
707,1,35.8944666,128.6007764,36494,SPLY_LS,7.003527536071941,17,1.6138809034907595,1.7167693360711842,1.5593714556806493,1.0,1.0,1.0,1.0,1.2,1.0207136277381073,7.471264367816092,17.857142857142858,9.38090402291541,1.547126436781609,3.3000000000000003,1.8771387295559958,3.412501173133783,7.236886145413275,3.884217747883858,1.0707,2.2032,0.9330776087376641,13,150,33.56042050990454,0.0142200630135071,0.0301564664122443,0.016185729566319373
708,2,35.895289500000004,128.60120195000002,143206,SPLY_LS,6.743790639356192,32,1.643832991101985,1.792662559890486,1.6145796003464827,1.0,1.0,1.0,1.0,1.0,1.0,7.471264367816092,20.833333333333332,9.451342722686348,1.547126436781609,4.966666666666667,1.9573171207059206,6.659762947347181,20.300895475071872,5.418065307150845,2.9675,4.8473,1.6608195855250836,13,300,44.96662442796758,0.027751565189743,0.0845948464893982,0.02257734903816288
709,1,35.8949974,128.6011109,177424,SPLY_LS,3.8868726008703756,34,1.643832991101985,1.792662559890486,1.5816989650419169,1.0,1.0,1.0,1.0,1.0,1.0,7.471264367816092,20.833333333333332,10.215033337979035,1.547126436781609,4.966666666666667,2.054539649616286,6.264289689528657,20.300895475071872,5.901577481434039,2.7319,4.8473,1.763940441209267,13,300,49.29942182570579,0.0261036083507503,0.0845948464893982,0.024592168444009643
710,1,35.8944816,128.6011167,143229,SPLY_LS,5.8475307275414465,30,1.6138809034907595,1.7075701574264204,1.5647706962488352,1.0,1.3,1.0058505850978423,1.0,1.6,1.0320266469166302,7.471264367816092,20.833333333333332,10.758694437422859,1.547126436781609,4.966666666666667,2.288084455269892,2.5120372522373233,18.989567325482906,5.0860206996718755,0.5243,2.5427,0.8565483576026477,13,300,69.26141380814033,0.0104677848319355,0.0791304765236535,0.021193702556567637
711,1,35.8954243,128.6020765,245499,SPLY_LS,3.965812915265167,22,1.6140451745379876,1.8126488706365504,1.6681577870319555,1.0,1.0,1.0,1.0,1.0,1.0,7.471264367816092,14.285714285714286,8.464577062732381,1.547126436781609,2.466666666666667,1.782586730008948,4.728576037818373,5.489577371088297,4.128869000040334,1.869,1.869,0.980848352158021,13,100,29.31253797810818,0.019704212778391,0.0228753433841934,0.017205203566618015
712,1,35.8951768,128.6018861,245503,SPLY_LS,5.768468989925297,23,1.5160301163586585,1.8126488706365504,1.6438491323723066,1.0,1.0,1.0,1.0,1.0,1.0,7.471264367816092,12.5,7.936000067057289,1.547126436781609,2.466666666666667,1.809627643391729,2.111109754094535,5.489577371088297,3.8679534775434403,0.3637,2.2571,0.7368620914389091,13,100,36.57477030386027,0.0087970999007996,0.0228753433841934,0.016117955538597354
713,1,35.895618,128.6016666,37828,SPLY_LS,2.447876003376447,31,1.6252156057494866,1.7526899383983574,1.6641888115156154,1.0,1.0,1.0,1.0,1.0,1.0,7.471264367816092,20.833333333333332,8.190230030999246,1.547126436781609,4.966666666666667,1.7079173618509091,5.426456381713971,9.737784085247704,4.356802979304018,2.2698,2.3732,1.321777404647759,13,300,24.312839801553803,0.0226123150654212,0.0405778331724314,0.018155015854908772
714,2,35.89565555,128.6023392,245501,SPLY_LS,4.787434947930132,19,1.6252156057494866,1.746776180698152,1.5743639715320599,1.0,1.0,1.0,1.0,1.0,1.0,7.471264367816092,14.285714285714286,8.4114327987062,1.547126436781609,2.2285714285714286,1.6731914092678721,4.35205187332764,5.355939219781944,3.6378968266628697,1.6224,2.2272,1.0957503288983315,13,80,20.065540742959218,0.0181352177587499,0.0223184665257923,0.01515929797154546
715,1,35.8895971,128.601464,245240,PIPE_LM,5.750661477876913,19,1.6326625598904858,1.7526899383983574,1.6714971949989594,1.0,1.0,1.0,1.0,1.6,1.1098380128890262,9.846153846153848,17.857142857142858,9.250647457063833,2.0307692307692307,3.9746031746031742,1.8774497628968196,2.2480240354381187,12.69137420831549,4.2783522992582315,0.1279,2.9049,0.8682737356049997,40,400,43.46846718834777,0.0093676285568724,0.338717356431557,0.028606749046468836
716,1,35.8916045,128.603594,107450,SPLY_LS,4.340383271532582,20,1.630965092402464,1.7582751540041066,1.6479945109666954,1.0,1.0,1.0,1.0,1.6,1.0596575039626204,7.471264367816092,14.22222222222222,8.070351306479854,1.547126436781609,2.5777777777777775,1.6558784626102199,2.303968729502103,6.578339711581055,3.5300474698143414,0.3834,2.334,0.8579086229381536,13,80,20.533033251340576,0.0096007528942717,0.0274122704951438,0.0147098843090898
717,1,35.8920443,128.6037541,144017,SPLY_LS,12.197006352828065,20,1.7051060917180014,1.7381245722108143,1.6283523779811813,1.0,1.0,1.0,1.0,1.0,1.0,7.471264367816092,9.523809523809524,7.811581715767265,1.547126436781609,2.1333333333333337,1.6569492813959419,3.4549588685626222,7.1010527531873775,3.603055100855623,0.9843,3.0009,0.9608230396335815,13,80,22.70586232796693,0.0143969863532438,0.0295904418751694,0.015014110758020366
718,1,35.8913073,128.6035472,246391,SPLY_LS,9.469893540617353,20,1.1940041067761806,1.7582751540041066,1.579500539143015,1.0,1.0,1.0,1.0,1.6,1.0950942856689723,11.428571428571429,17.857142857142858,9.256760250702632,1.942857142857143,3.3000000000000003,1.8837330950146824,4.288588038446344,6.578339711581055,4.261177170438412,1.6672,2.667,0.9980205892359627,32,150,35.988065204684126,0.0178707607856078,0.0274122704951438,0.01775653832807533
719,1,35.8923845,128.6030124,246350,PIPE_LM,10.891435691699034,4,1.6726899383983571,1.6726899383983571,1.5366189155508652,1.0,1.3,1.0568254846511065,1.6,1.6,1.439406226082507,6.666666666666667,20.833333333333332,12.937296697428433,2.1333333333333337,4.966666666666667,3.387459339485686,6.762108776246292,18.989567325482906,9.309769773471954,0.1407,0.1407,0.08753533861429173,80,300,168.42937554664005,0.0281780453760571,0.0791304765236535,0.03879427613454628
720,1,35.8906313,128.6041447,73329,SPLY_LS,11.979605587413642,25,1.15523613963039,1.7261875427789186,1.580526091470237,1.0,1.0,1.0,1.2,1.4,1.1211264581549392,9.523809523809524,17.857142857142858,8.646438204421898,1.7523809523809524,2.840816326530613,1.7265356570322345,3.658365165519088,7.8059261165425005,5.037566258038596,1.2282,3.6899,1.5619119930543637,20,100,24.55740076451962,0.0152445905629763,0.0325276844239384,0.02099179047555968
721,1,35.8916774,128.6029474,246350,PIPE_LM,7.045442581073423,16,1.6726899383983571,1.9878165639972625,1.691053913693981,1.0,1.0,1.0,1.6,1.6,1.1635152965257458,6.666666666666667,12.5,7.69200740192471,2.1333333333333337,3.3000000000000003,1.813837539334174,6.762108776246292,10.484975103170148,5.366442871956787,0.1407,1.6673,0.7135759994032698,80,150,38.50188992976854,0.0281780453760571,0.0436914155036651,0.022362235769587485
722,1,35.8896577,128.6031403,4789,PIPE_LM,4.395671793964804,22,1.6526488706365503,1.6815605749486653,1.6139790488682997,1.0,1.0,1.0,1.2,1.6,1.0959640861376274,9.846153846153848,10.95890410958904,8.23988084117704,2.0307692307692307,2.16986301369863,1.6726700085779729,3.168853961489305,7.401577809820983,4.3180931199453285,0.3089,3.3105,1.3831827143923447,40,50,20.30605327586999,0.013204772900224,0.0308427448124145,0.017993709935468123
723,1,35.8910342,128.604078,178214,PIPE_LM,3.4590785773059713,24,1.182943189596167,1.747542778918549,1.5487424554610054,1.0,1.0,1.0,1.2,1.4,1.0961151401127591,17.857142857142858,17.857142857142858,10.087262258569002,2.585714285714286,3.3000000000000003,1.9934845497700493,3.1181534298592264,11.436825879622178,4.850803778234809,0.1973,2.6129,1.1284332271853772,50,150,41.25034732971659,0.0129935012498948,0.0476578252816796,0.020213541884093314
724,1,35.8908316,128.6034761,143979,SPLY_LS,6.196243288805901,24,1.6130047912388776,1.7261875427789186,1.6337941171580506,1.0,1.0,1.0,1.0,1.2,1.0335646514120465,7.471264367816092,17.857142857142858,8.045158865602085,1.547126436781609,2.585714285714286,1.670038092873779,4.720092658325604,18.040642052711146,7.990887365149347,1.8657,9.828,3.439354556790907,13,80,21.800684488609704,0.0196688621118757,0.0751762574657499,0.033298427194945565
725,1,35.8906845,128.6035591,211239,SPLY_LS,5.569402663703667,27,1.631622176591376,1.862532511978097,1.6390730962751532,1.0,1.0,1.0,1.0,1.4,1.1007963380372996,7.471264367816092,17.857142857142858,8.670631547154077,1.547126436781609,2.840816326530613,1.733694059226584,18.040642052711146,44.320708637351565,10.21647089453121,9.828,9.828,3.708935897907503,13,100,25.04285401563263,0.0751762574657499,0.1846866089272758,0.04257254504105624
726,1,35.8897404,128.6027238,246378,SPLY_LS,7.529669936354343,27,1.635893223819302,1.7250924024640657,1.666406195369443,1.0,1.0,1.0,1.2,1.4,1.1329791435671526,7.471264367816092,16.3265306122449,8.242726878573974,1.547126436781609,2.840816326530613,1.705296841137861,9.356712345911442,9.405768966380684,6.666017943590699,3.6677,4.6374,2.2957266664051583,13,100,24.82138896531081,0.0389898881810302,0.0391943095713566,0.027777630071839574
727,2,35.8941229,128.5974802,36991,SPLY_LS,2.9124464706251985,12,1.633593429158111,1.6526488706365503,1.6391241900516473,1.0,1.0,1.0,1.0,1.2,1.0091109831088019,7.471264367816092,10.95890410958904,8.129139255966278,1.547126436781609,2.16986301369863,1.6536654249540388,3.360600986784664,10.429606646318751,4.186198182157578,1.0146,5.2523,1.4113701293779843,13,50,19.03358298678666,0.014003792341981,0.0434606923755425,0.017444097134959688
728,1,35.8937662,128.5975818,71530,SPLY_LS,11.294982958861038,12,1.633593429158111,1.742669404517454,1.635230349619586,1.0,1.3,1.0241332526631175,1.0,1.2,1.0400414130809243,7.471264367816092,12.5,9.01331917302854,1.547126436781609,3.3000000000000003,1.9664660774564497,2.2903331454657723,11.594591954166225,5.370006077404756,0.373,5.2523,1.2348302706595036,13,150,44.299906533610695,0.0095439327338131,0.0483152444026083,0.022377083824849448
729,1,35.8913639,128.5966834,244019,SPLY_LS,4.56337284436073,20,1.7087748117727584,1.7089390828199864,1.6224600013402048,1.3,1.3,1.3000000000000003,1.0,1.4,1.117118369231498,7.471264367816092,14.285714285714286,8.141907977675343,1.547126436781609,2.466666666666667,1.636744903597758,3.422504315822781,9.168596855126626,4.679681751879611,0.5088,2.511,0.8641882293218303,13,100,18.11691182427801,0.0142617466092493,0.0382060015251554,0.019500467844169884
730,1,35.8920735,128.6055943,178162,SPLY_LS,5.9040937163392115,14,1.6859958932238197,1.6926762491444216,1.5721458745463528,1.0,1.0,1.0,1.0,1.2,1.0294988089157624,7.471264367816092,14.22222222222222,8.739802938032065,1.547126436781609,2.5777777777777775,1.8690957260749734,6.6229511613225664,6.6229511613225664,4.618947665098844,2.8469,2.8469,1.3425944080278145,13,80,37.46554448166198,0.0275981686367892,0.0275981686367892,0.019247385867850093
731,1,35.8946962,128.6053718,143969,SPLY_LS,3.997130552016313,17,1.6896646132785764,1.7042847364818616,1.6341885555229765,1.0,1.0,1.0,1.0,1.6,1.1512421750165647,7.471264367816092,20.0,9.455080639580215,1.547126436781609,3.9746031746031742,2.029493643646038,4.026690845127751,11.895530325604453,4.659676178737722,1.3338,1.3338,0.6588952779482131,13,200,51.2433856597708,0.0167794220861895,0.04956926964331,0.019417103620608975
732,1,35.8959196,128.6054125,412753,PIPE_LM,8.810661620813947,17,1.3610677618069815,1.747816563997262,1.559848071136593,1.0,1.0,1.0,1.2,1.4,1.136908068604707,11.428571428571429,20.0,10.553316229447832,1.942857142857143,3.9746031746031742,2.2217945619154467,2.4422683057103893,9.37339816098739,4.1512653720413395,0.1104,1.1098,0.2834805782745159,32,200,66.92172061658975,0.0101770541433104,0.0390594188067425,0.017298530368564807
733,1,35.8962961,128.6053979,143100,SPLY_LS,4.644819520356702,18,1.5825598904859686,1.7326488706365502,1.5550143819618814,1.0,1.0,1.0,1.2,1.4,1.1347731982650213,7.471264367816092,20.0,9.416199356174863,1.547126436781609,3.3000000000000003,1.870958112746701,3.3040313353734727,6.92449756549201,3.718364709942463,0.7038,1.7291,0.6088925422436551,13,150,39.148974972906885,0.013768063776068,0.0288547275802834,0.015494611664565673
734,1,35.8983695,128.6072313,106546,PIPE_LM,7.3100869834127336,10,1.5126899383983572,1.7431622176591377,1.5873082862904748,1.0,1.0,1.0,1.2,1.2,1.0641222589245423,8.333333333333334,15.873015873015872,9.700950610908803,2.466666666666667,3.9746031746031742,2.179059120058654,5.386910328443531,8.106810472562733,5.075706821522845,0.1458,2.9574,1.0042007955457968,100,200,61.19761655933607,0.0224475246841406,0.0337814845796925,0.021150724110626715
735,1,35.8950259,128.6069784,245388,SPLY_LS,2.1888413716785755,19,1.639835728952772,1.7526899383983574,1.6678271065305958,1.0,1.0,1.0,1.0,1.4,1.0933458747996354,7.471264367816092,9.523809523809524,7.844900538630514,1.547126436781609,2.466666666666667,1.7029785183092518,5.9042779708798365,9.86958741763695,5.854451510068054,2.526,4.0609,1.8267913853424613,13,100,27.724834948815438,0.0246034215185548,0.041127064248664,0.024395792165029042
736,1,35.8950275,128.6071764,245228,PIPE_LM,5.930827853274509,16,1.7326488706365502,1.7526899383983574,1.6529056462111373,1.0,1.0,1.0,1.2,1.4,1.1458067682290694,8.928571428571429,9.523809523809524,8.23281193776471,1.692857142857143,2.466666666666667,1.7249373452442247,3.3435724393513295,8.057941498181982,4.980469557938759,0.3887,3.2384,1.3169709575555395,25,100,27.75180872590484,0.0139328335333989,0.0335778451199992,0.020753865671408658
737,1,35.8951854,128.6092512,211390,SPLY_LS,4.442489163315757,25,1.7612867898699522,1.7612867898699522,1.5676584764305836,1.0,1.0,1.0,1.0,1.2,1.028927403875885,7.471264367816092,17.857142857142858,9.217821577743797,1.547126436781609,3.3000000000000003,1.8617646420382248,6.709182775103548,10.067541887924582,5.228138745644323,2.7304,2.9175,1.6300001840323615,13,150,33.033660203380045,0.0279575000829952,0.0419519504240761,0.021785915560037134
738,1,35.8948463,128.6092167,443630,SPLY_LS,4.044881244585552,24,1.2007392197125255,1.7526899383983574,1.4891036523402112,1.0,1.0,1.0,1.0,1.2,1.0576634757519485,9.523809523809524,17.857142857142858,10.297729729936046,1.7523809523809524,3.3000000000000003,2.124922618472807,2.8715005534221847,10.268521232283549,5.260210957665698,1.0192,4.0012,1.2613280485248315,20,150,51.51956994660111,0.0119656863811379,0.0427894414009871,0.0219195620711408
739,1,35.8950196,128.6097072,177237,SPLY_LS,5.909331901967568,23,1.1966324435318274,1.7459548254620123,1.5166479862813156,1.0,1.0,1.0,1.2,1.2,1.0934475790268852,9.523809523809524,12.5,9.423946451752206,1.7523809523809524,3.3000000000000003,2.0762463875847437,3.404253394430596,10.067541887924582,5.037617392313421,1.0017,3.6874,1.0392241614670248,20,150,53.02269527710687,0.014185694107262,0.0419519504240761,0.020992003554639604
740,1,35.8954473,128.6010038,3982,SPLY_LS,4.107253453927265,26,1.6271321013004791,1.792662559890486,1.6673081595253618,1.0,1.0,1.0,1.0,1.0,1.0,7.471264367816092,20.833333333333332,8.588193875329672,1.547126436781609,4.966666666666667,1.7428508352214893,5.772803471574982,9.737784085247704,5.686661753024476,2.4744,3.9265,2.032561142933319,13,300,25.71771662169071,0.0240555607062265,0.0405778331724314,0.0236966038579406
741,1,35.8954767,128.6006315,105183,SPLY_LS,2.8633100135469687,27,1.6862149212867898,1.792662559890486,1.6640099146859277,1.0,1.0,1.0,1.0,1.0,1.0,7.471264367816092,14.22222222222222,8.392881538958912,1.547126436781609,2.5777777777777775,1.6820336712867894,6.531692202719427,8.482728327278235,4.857451906759433,2.7934,3.9265,1.7187416876015595,13,80,21.470595102135583,0.0272178879933419,0.0353479530761847,0.020241244968061848
742,1,35.8957562,128.6004581,36935,PIPE_LM,4.135936199608156,30,1.5926899383983573,1.7726762491444217,1.64281874278513,1.0,1.0,1.0,1.0,1.0,1.0,16.3265306122449,16.3265306122449,10.05395704553051,2.840816326530613,2.840816326530613,1.9971361284902716,3.385491265351716,5.334306748151835,3.785253300704559,0.1877,2.151,0.8400434792467417,100,100,44.543003364593616,0.0141075113772838,0.0222283229348861,0.01577333976670088
743,1,35.8962062,128.6043354,177341,SPLY_LS,6.188997909450215,17,1.6424640657084189,1.7726762491444217,1.6695697906318472,1.0,1.0,1.0,1.0,1.2,1.018692585213384,7.471264367816092,15.873015873015872,8.256248626216282,1.547126436781609,3.9746031746031742,1.8123522464372455,4.094502785784766,9.37339816098739,4.149461805483118,1.4413,1.4907,0.9139927118563205,13,200,34.56095481996561,0.0170619978335044,0.0390594188067425,0.01729101481653838
744,1,35.8972922,128.6038361,324769,PIPE_LM,6.036393995962058,21,1.6326625598904858,1.7438193018480497,1.6384226380681346,1.0,1.0,1.0,1.0,1.0,1.0,8.333333333333334,11.428571428571429,8.120027884674057,2.466666666666667,2.466666666666667,1.8243995511161555,4.639615564243669,6.303982774169,4.36617053240004,0.0972,2.7503,1.198412367070473,100,100,35.90747934979843,0.0193335100369815,0.0262690114191009,0.018194050917037536
745,2,35.8970944,128.6024783,3962,SPLY_LS,5.516349459288524,25,1.5958658453114305,1.7526899383983574,1.6267845813412845,1.0,1.0,1.0,1.0,1.0,1.0,7.471264367816092,14.22222222222222,8.235468790698432,1.547126436781609,2.5777777777777775,1.7851270999829982,4.55831194721561,12.864716060377829,4.672490332380269,1.7972,6.5593,1.473365445846808,13,100,33.350739262407046,0.0189947137996448,0.0536079150593974,0.019470500839545154
746,1,35.8971252,128.6023369,245482,SPLY_LS,2.2641731750432528,20,1.5919233401779604,1.7526899383983574,1.6511739489504371,1.0,1.0,1.0,1.0,1.0,1.0,7.471264367816092,14.22222222222222,7.963259848519238,1.547126436781609,2.5777777777777775,1.8302232969003824,4.755286683284654,5.210056846311993,4.297527112122808,1.9253,2.0956,1.0567701421315032,13,100,40.08135592750812,0.0198155173735813,0.0217105673814243,0.017908010352571307
747,1,35.8970346,128.6017844,177386,SPLY_LS,4.389575219647422,18,1.6482683093771389,1.7526899383983574,1.6731744768995973,1.0,1.0,1.0,1.0,1.0,1.0,7.471264367816092,10.0,7.86450415246772,1.547126436781609,2.466666666666667,1.643377683827029,5.97503432915865,8.954016762431259,6.178231681508336,2.55,4.2717,2.3959772634059013,13,100,19.075761606276185,0.0248982668013205,0.0373118355498891,0.025745000328429263
748,1,35.895782,128.6105861,72332,SPLY_LS,3.68023655579785,22,1.6226967830253252,1.7526899383983574,1.6117491590013018,1.0,1.0,1.0,1.0,1.0,1.0,7.471264367816092,11.428571428571429,8.315102607462654,1.547126436781609,2.466666666666667,1.6775081973410135,6.156238064318377,8.90068066552235,4.960182066313597,2.7153,4.273,1.7928832080731019,13,100,21.91903123906521,0.0256533518259178,0.0370895813672649,0.02066932667943203
749,2,35.890868499999996,128.60322585,3683,PIPE_LM,0.4003056113050221,28,1.1196988364134155,1.706420260095825,1.5357060653823036,1.0,1.0,1.0,1.0,1.2,1.0060570842837506,14.285714285714286,17.857142857142858,9.3030907189665,2.2285714285714286,3.3000000000000003,1.7564308664776926,2.9318416407125443,13.56709127596379,7.625216211956151,0.6753,6.9223,3.358443034899673,40,150,22.842127187271316,0.0122171307089312,0.0565347477015049,0.03177465721603186
750,1,35.8937504,128.6065046,106335,PIPE_LM,7.860855885770398,20,1.712662559890486,1.7526899383983574,1.5792746077692357,1.0,1.0,1.0,1.0,1.0,1.0,8.928571428571429,11.428571428571429,8.736430542111425,1.692857142857143,2.466666666666667,1.769155804399505,2.1530401757127375,5.782666674014867,3.391026868766711,0.0856,2.0208,0.7555707444932825,25,100,29.89317086108765,0.0089718260642037,0.0240966611639536,0.014130578513494276
751,1,35.8937026,128.608004,38796,SPLY_LS,5.184785590051933,22,1.651663244353183,1.7526899383983574,1.6120430125202545,1.0,1.0,1.0,1.0,1.6,1.013810292513526,7.471264367816092,15.873015873015872,8.311819739686802,1.547126436781609,3.9746031746031742,1.8195660159455815,4.498264066459338,12.765202636710075,4.205096728211911,1.6671,2.3338,1.0197270339027944,13,200,36.94887392759701,0.0187444912781393,0.0531932376473027,0.017522848321295397
752,1,35.8951417,128.602664,261499,SPLY_LS,3.6097234057606444,21,1.6271868583162217,1.8126488706365504,1.603821003401174,1.0,1.0,1.0,1.0,1.4,1.061362552465357,7.471264367816092,20.833333333333332,9.03141257545084,1.547126436781609,4.966666666666667,2.1835721704057938,2.092761528431221,12.903932005017538,4.257574596463081,0.2595,0.8304,0.24750313824110062,13,300,68.42503127950052,0.0087206419270493,0.0537713298615083,0.017741526222191446
753,1,35.895978,128.6022858,470712,PIPE_LM,11.162874839753554,25,1.083668720054757,1.7512662559890488,1.481156387685203,1.0,1.0,1.0,1.0,1.0,1.0,17.857142857142858,17.857142857142858,9.664761697258166,2.585714285714286,2.585714285714286,1.852232730352474,2.4726436757438015,7.251594839683395,4.058466866451645,0.2437,3.2665,1.1143865878661698,50,80,33.1208796771418,0.0103036298290082,0.0302177582767026,0.016911834355847276
754,1,35.8953107,128.6014414,211527,PIPE_LM,5.6623301477899055,25,1.7526899383983574,1.792662559890486,1.6252514214140041,1.0,1.0,1.0,1.0,1.0,1.0,8.333333333333334,20.833333333333332,9.514885342170489,2.466666666666667,4.966666666666667,2.0275692375718415,5.489577371088297,9.737784085247704,4.668245004742513,0.2093,3.1773,1.1767397603942316,100,300,52.13685362972381,0.0228753433841934,0.0405778331724314,0.019452810347012225
755,1,35.8947713,128.6010511,107614,SPLY_LS,8.4342465920936,21,1.6802464065708418,1.7075701574264204,1.5722578351198542,1.0,1.0,1.0,1.0,1.0,1.0,7.471264367816092,20.833333333333332,10.240691858502585,1.547126436781609,4.966666666666667,1.92037295453239,4.182856886226436,9.737784085247704,4.898525576446913,1.4379,4.1851,1.619607551629139,13,300,34.59306721526323,0.0174301737877498,0.0405778331724314,0.020412401003333056
756,1,35.8952061,128.5998821,244075,SPLY_LS,8.455483700941762,25,1.6530869267624912,1.7726762491444217,1.6614053186664277,1.0,1.0,1.0,1.0,1.0,1.0,7.471264367816092,14.22222222222222,9.33791197307748,1.547126436781609,2.5777777777777775,1.8379097645277986,3.119139490458349,5.9442750259402155,3.1864969998545587,0.8478,2.5061,0.6474230805851993,13,80,31.186599980142542,0.0129976102137144,0.0247700912468441,0.013278292323243894
757,1,35.8947912,128.6023991,408602,PIPE_LM,6.759866333321114,12,1.355318275154004,1.6897741273100615,1.5996566036961573,1.0,1.0,1.0,1.0,1.4,1.014989223575652,17.857142857142858,17.857142857142858,9.19718871034402,2.585714285714286,2.585714285714286,1.719718871034402,2.753066714339224,5.023131476833377,3.5211259895705695,0.1072,2.0161,0.9675746443865076,50,50,19.396398189730757,0.0114721666519872,0.0209316400205385,0.01467270805483998
758,1,35.8947381,128.6019531,177138,PIPE_LM,4.46465081750254,21,1.6526488706365503,1.7419028062970567,1.638988146243459,1.0,1.0,1.0,1.0,1.0,1.0,9.523809523809524,14.285714285714286,8.295811874744176,1.7523809523809524,2.3625,1.6549797311153593,3.40651680967384,6.851281167374596,4.546737489266615,0.7404,2.8518,1.5265991898808102,20,50,17.527335514985964,0.0141951258717513,0.0285496311885083,0.018946482454648396
759,1,35.895665,128.6022169,177419,SPLY_LS,5.4154929127061635,21,1.6252156057494866,1.792662559890486,1.5997994664032822,1.0,1.0,1.0,1.0,1.0,1.0,7.471264367816092,14.285714285714286,8.354828497074477,1.547126436781609,2.2285714285714286,1.6976266005413165,3.912432234353993,5.355939219781944,3.745566479398109,1.3575,2.2272,1.0534617339116004,13,80,22.73169759199807,0.0163033007421648,0.0223184665257923,0.015607962797975846
760,2,35.89294015,128.5973276,105136,SPLY_LS,6.119350955195986,15,1.67854893908282,1.765284052019165,1.6592006532843584,1.3,1.3,1.2999999999999998,1.0,1.4,1.1259796624617053,7.471264367816092,20.833333333333332,9.165356153181339,1.547126436781609,4.966666666666667,2.0516656112301024,5.1715167041106165,19.35919431283192,7.35567779520275,1.3209,2.2031,1.0414390541022271,13,300,56.8709831495389,0.0215499686818641,0.0806707306612862,0.03065147715649957
761,1,35.8963338,128.5998717,105191,PIPE_LM,5.288201883214831,26,1.5926899383983573,1.6980971937029432,1.5830242958904772,1.0,1.0,1.0,1.0,1.2,1.0484406612236503,14.22222222222222,20.833333333333332,10.049162452628675,2.5777777777777775,4.966666666666667,2.1503421285284614,3.011912312883474,12.15745498850814,4.933180407490048,0.1776,3.6448,0.9817930059346859,80,300,58.198326432107,0.012550789203401,0.0506607228098628,0.02055680941703135
762,1,35.8962166,128.6000401,105158,SPLY_LS,4.851016146818033,21,1.6980971937029432,1.6980971937029432,1.6405974336624183,1.0,1.0,1.0,1.0,1.2,1.0046601971321776,7.471264367816092,14.22222222222222,8.363065858854485,1.547126436781609,3.3000000000000003,1.7080105779738688,3.6197049484319233,8.083857694668486,3.9511450076291807,1.0875,3.6448,1.199832950004482,13,150,23.183758329639744,0.0150834915053632,0.0336858392065683,0.016464618804041122
763,1,35.8963653,128.6000976,36461,SPLY_LS,4.384750653627769,27,1.657850787132101,1.6980971937029432,1.6079160657781666,1.0,1.0,1.0,1.0,1.2,1.0139812174711025,7.471264367816092,20.833333333333332,9.271903533715626,1.547126436781609,4.966666666666667,1.9643709805444358,3.5681111815549422,12.15745498850814,4.034695258571138,1.1077,2.5955,0.8611208232440517,13,300,44.25184462493003,0.0148684976990985,0.0506607228098628,0.01681277687722881
764,1,35.896816,128.6006497,36468,SPLY_LS,2.4317427424984577,18,1.625160848733744,1.7456810403832992,1.6411370588590324,1.0,1.0,1.0,1.0,1.2,1.0120063548390859,7.471264367816092,20.833333333333332,8.653286930360839,1.547126436781609,4.966666666666667,1.845884386791743,2.4167478667824405,12.29989176013464,3.7642088956921302,0.4563,4.0782,0.7571988472324662,13,300,37.04430051739881,0.0100707091982757,0.051254263959069,0.01568564667879385
765,1,35.8920784,128.5963469,324893,PIPE_LM,8.762388578020724,11,1.712662559890486,1.7172073921971251,1.568912503365443,1.3,1.3,1.3,1.2,1.4,1.072525223892425,6.666666666666667,20.833333333333332,10.995124218307504,2.1333333333333337,4.966666666666667,2.2243562900781413,6.872521577861954,19.35919431283192,6.356513478262936,0.1613,1.5685,0.6330747098696082,80,300,63.31722495592376,0.0286381410410296,0.0806707306612862,0.0264879094895955
766,1,35.897234,128.6011778,324795,PIPE_LM,2.9932173374163726,32,1.6126762491444215,1.7526899383983574,1.6597150862926806,1.0,1.0,1.0,1.0,1.0,1.0,15.873015873015872,20.833333333333332,9.710587290951946,3.9746031746031742,4.966666666666667,2.178644394498811,8.427909207007856,10.800406446905429,5.468999698901205,0.2103,3.3927,1.2699353427304418,200,300,61.28868989009396,0.035119519061062,0.0450058336845772,0.022789595195306208
767,1,35.8945447,128.60202,4001,SPLY_LS,5.896278824621589,24,1.5853524982888434,1.7419028062970567,1.6025057605494826,1.0,1.3,1.0097092836051753,1.0,1.6,1.0357334543038124,7.471264367816092,20.833333333333332,9.257935651244484,1.547126436781609,4.966666666666667,1.866045851521959,3.910524447927624,18.989567325482906,5.050927451265518,1.4156,2.8518,1.356025616580811,13,300,33.486050329023534,0.0162953509007368,0.0791304765236535,0.021047467235795925
768,1,35.8946495,128.6017077,38090,SPLY_LS,6.245156372092794,23,1.6274058863791925,1.7419028062970567,1.6005289149704824,1.0,1.0,1.0,1.0,1.4,1.0098988775686522,7.471264367816092,14.285714285714286,8.478439840795064,1.547126436781609,3.3000000000000003,1.6912815904717657,5.136638832487523,9.016917493747023,4.534913155547837,2.091,2.8518,1.511816213459688,13,150,20.53287387759095,0.0214046308469171,0.0375739460423185,0.01889720986482557
769,1,35.8946636,128.602393,143225,SPLY_LS,4.842928563862089,16,1.630965092402464,1.673182751540041,1.6028558919709768,1.0,1.0,1.0,1.0,1.4,1.0317267573892266,7.471264367816092,17.857142857142858,8.766742951252462,1.547126436781609,3.3000000000000003,1.7094529470891355,2.4103903008590386,9.016917493747023,3.510988361663188,0.4473,2.0161,0.890844328164732,13,150,20.728780892169603,0.0100442169031946,0.0375739460423185,0.01463046405246853
770,2,35.8962741,128.598792,175951,SPLY_LS,7.456570814333321,21,1.661902806297057,1.7369199178644763,1.616127574613318,1.0,1.0,1.0,1.0,1.2,1.0180016338270552,7.471264367816092,17.857142857142858,8.707641472777821,1.547126436781609,2.585714285714286,1.6994002411864297,6.220466966264924,8.331772213986536,5.638940214993774,2.6655,3.9358,2.1364042013534634,13,80,20.64677148852056,0.0259209968717742,0.0347189114042926,0.023497745822889764
771,1,35.8955177,128.5998111,142159,SPLY_LS,10.195247403960005,25,1.6518275154004107,1.7726762491444217,1.6618745930244854,1.0,1.0,1.0,1.0,1.0,1.0,7.471264367816092,16.3265306122449,9.061690423955191,1.547126436781609,2.840816326530613,1.7885685872606152,2.701487107978083,6.014295435675058,3.2284743683239565,0.6016,2.5474,0.7234186110909675,13,100,28.71211225481925,0.0112572318533,0.0250618697952297,0.013453214116524285
772,2,35.8971117,128.5998117,142132,SPLY_LS,6.550161482669223,23,1.7087748117727584,1.7526899383983574,1.668751620048607,1.0,1.0,1.0,1.0,1.2,1.014923694343037,7.471264367816092,16.3265306122449,8.955037477195892,1.547126436781609,2.840816326530613,1.7681189594687676,5.168724143654786,11.659624372614612,5.604941459715613,1.9622,6.0861,1.952522566260396,13,100,25.75230019440367,0.0215383319428166,0.0485862377419037,0.0233560713097079
773,1,35.8969617,128.6013846,245517,PIPE_LM,3.305102989575415,31,1.7526899383983574,1.7526899383983574,1.676546795241026,1.0,1.0,1.0,1.0,1.0,1.0,15.873015873015872,20.833333333333332,9.967925117770381,3.9746031746031742,4.966666666666667,2.232475398111355,8.631375454828213,10.800406446905429,5.666914625430965,0.1405,3.4096,1.269027845288765,200,300,66.45697041244763,0.0359673730890419,0.0450058336845772,0.023614316589902068
774,1,35.8971366,128.6013529,38059,SPLY_LS,1.8057533670795711,34,1.739438740588638,1.7526899383983574,1.673628656500216,1.0,1.0,1.0,1.0,1.0,1.0,7.471264367816092,20.833333333333332,9.80096784983114,1.547126436781609,4.966666666666667,2.191609657143537,5.157213512105576,10.800406446905429,5.840057778596023,1.9035,3.3927,1.424603863618555,13,300,62.83213412823621,0.0214903665656195,0.0450058336845772,0.024335812766298502
775,1,35.8965898,128.6016523,4007,PIPE_LM,8.206667156350854,18,1.6126762491444215,1.7526899383983574,1.6485683805750222,1.0,1.0,1.0,1.0,1.0,1.0,8.333333333333334,20.833333333333332,11.111187340937045,2.466666666666667,4.966666666666667,2.584396223991621,4.881462956851472,11.824002175906257,5.493411793426558,0.1687,2.4989,0.5925213723919345,100,300,96.93580453539215,0.0203413002143479,0.0492712082671101,0.022891321613798102
776,2,35.8968833,128.6021024,4011,PIPE_LM,7.168116346417135,22,1.7526899383983574,1.7526899383983574,1.6745522983439267,1.0,1.0,1.0,1.0,1.0,1.0,6.666666666666667,10.0,7.7106803339989245,2.1333333333333337,2.1333333333333337,1.6911258080836868,4.572481187972705,8.954016762431259,5.366555899237888,0.1778,4.2717,1.8117178296974963,80,80,25.917834903993768,0.0190537577343416,0.0373118355498891,0.02236270675991919
777,2,35.8962259,128.6025329,143215,SPLY_LS,7.444842650533247,24,1.6665571526351814,1.7512662559890488,1.6103644210202794,1.0,1.0,1.0,1.0,1.0,1.0,7.471264367816092,17.857142857142858,8.3410316650983,1.547126436781609,3.9746031746031742,1.7311565528753734,4.149288973153308,7.8875425586861105,4.7575999507742734,1.4382,3.2665,1.5238197926979247,13,200,28.142827042601148,0.0172902946155784,0.0328677842191729,0.01982515687487388
778,1,35.8961417,128.602339,38072,SPLY_LS,5.155249292323956,20,1.664476386036961,1.7512662559890488,1.5098996416092383,1.0,1.0,1.0,1.0,1.0,1.0,7.471264367816092,17.857142857142858,9.292747225688583,1.547126436781609,2.585714285714286,1.8091983895659456,7.217601661013837,7.251594839683395,4.658398791209011,3.2465,3.2665,1.4925635216160265,13,80,30.489849098412954,0.0300761070015277,0.0302177582767026,0.019411780682907463
779,1,35.8965775,128.6025858,72298,SPLY_LS,4.669105221690217,34,1.6463518138261466,1.712662559890486,1.6460476043964265,1.0,1.0,1.0,1.0,1.0,1.0,7.471264367816092,15.873015873015872,8.223657610406574,1.547126436781609,3.9746031746031742,1.7978281294102767,5.262003433252146,12.679749726974537,5.413349996362454,2.13,4.9754,1.7303592050245533,13,200,33.66597824971628,0.0219270314065333,0.0528371510997892,0.022557700102342117
780,1,35.8960892,128.604461,3917,SPLY_LS,3.0166847163750248,23,1.7035181382614648,1.7726762491444217,1.6664819428507334,1.0,1.0,1.0,1.0,1.4,1.0595114783645414,7.471264367816092,16.3265306122449,8.567415992199171,1.547126436781609,3.9746031746031742,1.9680775432111484,4.332637216872593,9.37339816098739,4.608913109823926,1.4907,1.4907,0.8108778387221456,13,200,48.76652030948696,0.0180543159145689,0.0390594188067425,0.01920557137429174
781,1,35.8957266,128.6037964,3924,SPLY_LS,7.222714999836491,18,1.559835728952772,1.7526899383983574,1.602583709532463,1.0,1.0,1.0,1.0,1.4,1.0131713257682444,9.523809523809524,14.285714285714286,8.455743228812528,1.7523809523809524,2.2285714285714286,1.7233711723671268,3.4178652578476765,4.417613073596565,3.2332420368729022,0.8501,1.5617,0.7477142631741598,20,80,25.153220687579083,0.0142424154227141,0.0184084145583305,0.01347308122975117
782,1,35.8956114,128.6038041,177347,SPLY_LS,4.558316548735918,20,1.7233949349760438,1.7526899383983574,1.589955298377304,1.0,1.0,1.0,1.0,1.4,1.0211405382124155,7.471264367816092,9.846153846153848,8.304763718312769,1.547126436781609,2.1333333333333337,1.7609869360560015,2.977268317662848,4.674942146238397,3.2543284425257286,0.6918,1.6183,0.6935486368796441,13,80,29.146113511891713,0.0124064259431169,0.0194807176704827,0.013560949336426787
783,1,35.8973991,128.5999957,105101,SPLY_LS,3.510030997787252,26,1.6419164955509924,1.7506091718001369,1.6600053576608738,1.0,1.0,1.0,1.0,1.2,1.0212856249635969,7.471264367816092,16.3265306122449,9.284993164164089,1.547126436781609,2.840816326530613,1.8350483480682966,5.048477069303267,7.826239973402112,3.878223545073717,2.0111,3.2425,0.9806828503097366,13,100,29.714006774526023,0.0210372563716401,0.0326123332811652,0.016160751423499375
784,1,35.8977546,128.6028124,405349,SPLY_LS,8.507104547777658,14,1.6313483915126623,1.7526899383983574,1.6046807199206845,1.0,1.0,1.0,1.0,1.0,1.0,8.928571428571429,10.95890410958904,8.166477894676792,1.692857142857143,2.466666666666667,1.82869533304706,3.148768312127849,3.860429816277011,2.9668788743166705,0.6668,0.9759,0.3302309263338891,25,100,38.70545764027989,0.0131210749950523,0.1608660406591712,0.02899270679525524
785,1,35.8976002,128.603555,143369,PIPE_LM,6.773753024741706,28,1.6326625598904858,1.7431622176591377,1.6188784897245319,1.0,1.0,1.0,1.0,1.0,1.0,10.95890410958904,10.95890410958904,8.449370019967448,2.16986301369863,2.466666666666667,1.7967597314596704,2.355538129057362,6.05228513748078,3.4503067203632267,0.0933,2.6056,0.8428938975357365,50,100,30.55289930767464,0.0098156451606884,0.0252201747821392,0.014377600619089532
786,1,35.898456,128.6049009,38216,SPLY_LS,6.747946851236924,21,1.7422313483915128,1.7526899383983574,1.6301822147820293,1.0,1.0,1.0,1.0,1.0,1.0,7.471264367816092,17.857142857142858,8.294267547547413,1.547126436781609,3.3000000000000003,1.850976809833238,5.056792828513095,8.153821201341549,4.623150364072667,1.8424,3.8681,1.185972694508069,13,150,38.215837193182914,0.0210719085560554,0.0339773806370502,0.019264898724608952
787,1,35.8983877,128.6047369,4140,SPLY_LS,6.51385886217206,22,1.6251060917180014,1.7526899383983574,1.626972732785273,1.0,1.0,1.0,1.0,1.0,1.0,9.523809523809524,17.857142857142858,8.769399707727867,1.7523809523809524,3.3000000000000003,1.873719830292024,3.9119486289502,8.153821201341549,4.461619761738436,1.0325,3.8681,1.1036001863230096,20,150,37.78521567004457,0.0163012855342669,0.0339773806370502,0.018591792628152096
788,1,35.898598,128.6061009,72641,SPLY_LS,4.1456240447120525,11,1.6570841889117045,1.7726762491444217,1.624162487619894,1.0,1.0,1.0,1.0,1.2,1.0290002468729356,7.471264367816092,12.5,8.167340198889308,1.547126436781609,3.3000000000000003,1.9852916657528101,2.287902587061493,6.934362689919152,3.891368201151398,0.3521,2.2195,0.5197781277400073,13,150,52.16779531080568,0.0095338044754145,0.0288958360470276,0.016215525862607875
789,1,35.8981948,128.6044607,143356,SPLY_LS,8.455331315521017,23,1.7235592060232716,1.7457905544147845,1.6695620484348124,1.0,1.0,1.0,1.0,1.0,1.0,7.471264367816092,17.857142857142858,8.057189178767226,1.547126436781609,2.585714285714286,1.6436909204292505,2.6822256822270165,7.52436575336309,4.135713913332091,0.524,3.4158,1.3153333053047989,13,80,18.882137503970036,0.011176968529124,0.0313544083125516,0.017233726662550432
790,1,35.8982006,128.6047688,38231,SPLY_LS,6.12563388898171,22,1.7264065708418892,1.7526899383983574,1.6437645186232455,1.0,1.0,1.0,1.0,1.0,1.0,7.471264367816092,17.857142857142858,8.438261761138119,1.547126436781609,2.585714285714286,1.6866209612310483,4.800195387821117,8.049819289561723,4.437425078663005,1.7229,3.8681,1.4317721826279255,13,80,20.90562570251689,0.0200026541908199,0.0335439994705681,0.018490972174042622
791,1,35.8976825,128.6045625,143357,SPLY_LS,4.2285504081960115,20,1.6686926762491443,1.738343600273785,1.6438945769657036,1.0,1.0,1.0,1.0,1.0,1.0,7.471264367816092,17.857142857142858,8.313381976540883,1.547126436781609,2.585714285714286,1.656234181839457,5.907473986669345,9.10359990803878,5.43558708937633,2.4669,4.3426,2.1354373474605595,13,50,18.221813955290976,0.0246167394761504,0.037935155996793,0.022650363180785584
792,1,35.897478,128.6044319,245679,SPLY_LS,5.093630977851788,18,1.7020396988364133,1.7020396988364133,1.6597903952225288,1.0,1.0,1.0,1.0,1.0,1.0,7.471264367816092,10.95890410958904,8.037062958507256,1.547126436781609,2.466666666666667,1.728989101232622,3.607774097563734,9.10359990803878,4.670426655470254,1.0758,4.3426,1.5137212494686483,13,100,27.13881350773522,0.0150337750532529,0.037935155996793,0.01946190139467728
793,1,35.8976416,128.6036774,211666,SPLY_LS,6.22151750062607,26,1.6401095140314852,1.7431622176591377,1.6254263939078815,1.0,1.0,1.0,1.0,1.0,1.0,7.471264367816092,10.95890410958904,8.171496405146842,1.547126436781609,2.466666666666667,1.698441051574457,4.659899556607674,6.05228513748078,3.755902374171588,1.7824,2.6056,1.1485903969247104,13,100,22.493118301906616,0.019418034447362,0.0252201747821392,0.01565103298829167
794,1,35.89345,128.5989036,2836,PIPE_LM,3.131830061574882,28,1.5926899383983573,1.7355509924709105,1.65574058675199,1.0,1.0,1.0,1.0,1.0,1.0,14.22222222222222,14.22222222222222,8.67982916000408,2.5777777777777775,2.5777777777777775,1.7252265304520409,3.1349362448210547,10.710689455521054,5.135075180678999,0.2257,5.2697,1.878443925367439,80,80,24.738867144549765,0.0130634360789815,0.044631978495629,0.021398115031648374
795,1,35.8934617,128.5984185,2836,PIPE_LM,5.235848160316517,25,1.5926899383983573,1.7390554414784394,1.6383157581694978,1.0,1.0,1.0,1.0,1.0,1.0,14.22222222222222,17.857142857142858,8.859478000193112,2.5777777777777775,2.585714285714286,1.7466780029274762,3.1349362448210547,6.61193480496122,4.9106346354835075,0.2257,2.9465,1.7145205343613366,80,80,24.815442821140046,0.0130634360789815,0.0275522629290136,0.020462860057791486
796,1,35.8937043,128.5989861,210459,PIPE_LM,4.895484927135499,27,1.5926899383983573,1.7237234770704997,1.643843074911432,1.0,1.0,1.0,1.0,1.0,1.0,14.22222222222222,14.22222222222222,9.047398239687022,2.5777777777777775,2.5777777777777775,1.8089648503985731,3.125728632451506,10.710689455521054,4.892142553785171,0.2221,5.2697,1.6074608992297452,80,80,31.960996419505015,0.013025067497857,0.044631978495629,0.02038580262875046
797,1,35.8899651,128.6009332,178418,SPLY_LS,2.4697985670575386,16,1.6310198494182069,1.7526899383983574,1.5771731563169051,1.0,1.3,1.0087163855186525,1.0,1.6,1.1845398477971278,7.471264367816092,17.857142857142858,10.553366686610389,1.547126436781609,3.9746031746031742,2.3386313465686843,4.1387556112432575,17.38257339502749,6.019061050349232,1.485,3.0061,0.7494314307867759,13,400,81.45666418121944,0.0172464015698312,0.338717356431557,0.035591808091161775
798,1,35.8911309,128.5975278,2778,PIPE_LM,3.1820977273418665,15,1.6726899383983571,1.712662559890486,1.6418555664943129,1.3,1.3,1.3,1.4,1.4,1.2148762415077476,9.523809523809524,26.31578947368421,9.280291642052495,1.7523809523809524,6.063157894736842,1.8710553290578962,4.637778177257593,23.655267591026913,5.410802287750705,0.2863,1.7215,0.665443113962097,20,500,40.05809171989812,0.0193258535535412,0.0985726828151887,0.02254708367317153
799,1,35.8915342,128.5965834,71406,SPLY_LS,5.583393567819433,14,1.6005201916495553,1.7410266940451746,1.580618415674283,1.3,1.3,1.2999999999999996,1.0,1.4,1.0544162853344614,7.471264367816092,14.285714285714286,8.448209381579598,1.547126436781609,2.2285714285714286,1.6448209381579597,3.511206738011605,7.547809861522197,4.4184025252834225,0.6526,2.2992,0.924643000075055,13,40,17.08401378001221,0.0146313740376312,0.031452101083456,0.018411704242982233
800,1,35.8918673,128.5973152,71431,PIPE_LM,5.200862772112672,21,1.712662559890486,1.7237782340862422,1.6411379975018292,1.3,1.3,1.3000000000000003,1.4,1.4,1.1688062063864584,6.666666666666667,17.857142857142858,8.985967486385768,2.1333333333333337,2.585714285714286,1.8498558738274495,8.360394191915855,11.087842183995308,7.319832367534407,0.2109,3.1734,1.37356925837881,80,80,34.099124764003015,0.0348381806174229,0.0462035927728176,0.030502107467134207
801,1,35.8925856,128.5968797,324893,PIPE_LM,4.461161480274959,13,1.712662559890486,1.712662559890486,1.6240409280688881,1.3,1.3,1.3,1.2,1.4,1.1604834350449555,6.666666666666667,20.833333333333332,8.879283099532927,2.1333333333333337,4.966666666666667,2.1854484665270655,6.872521577861954,19.35919431283192,8.727972778781082,0.1613,2.2716,1.006422184520502,80,300,73.39361097459582,0.0286381410410296,0.0806707306612862,0.03636989896781965
802,1,35.8917733,128.5973032,244025,SPLY_LS,0.8969459800403371,23,1.604845995893224,1.7237782340862422,1.6384943179552462,1.3,1.3,1.2999999999999998,1.2,1.4,1.1745236295658579,7.471264367816092,17.857142857142858,8.26796162596266,1.547126436781609,2.585714285714286,1.7668459601881368,7.749452559561562,11.087842183995308,7.370984604811032,2.0313,3.1734,1.4977699291262314,13,100,30.548535168095473,0.032292356288321,0.0462035927728176,0.030715261397477774
803,1,35.8891615,128.6026163,212362,SPLY_LS,7.988371174682642,19,1.344312114989733,1.724709103353867,1.588405426425098,1.0,1.0,1.0,1.0,1.6,1.126255942161421,8.928571428571429,15.873015873015872,8.531524041066035,1.692857142857143,3.9746031746031742,1.7434711370210116,3.3464817763285435,12.69137420831549,4.750240521308873,1.1497,3.2417,1.3674017068790838,25,200,26.79537208697472,0.0139449568860498,0.052885590894761,0.019794489764320092
804,1,35.8889189,128.6020764,215055,PIPE_LM,5.751307305998202,24,1.6526488706365503,2.160793976728268,1.6319289124141394,1.0,1.0,1.0,1.0,1.6,1.0599394535092348,10.95890410958904,15.873015873015872,8.475970551092045,2.16986301369863,3.9746031746031742,1.7721980088270726,2.523514715212805,12.69137420831549,3.8399531729282717,0.1571,2.1975,0.804865759836929,50,400,35.627315127897624,0.0105156119940275,0.338717356431557,0.02253723064856606
805,1,35.8906725,128.6043161,246368,SPLY_LS,2.87653796550377,23,1.586392881587953,1.6926762491444216,1.5851329913469645,1.0,1.0,1.0,1.0,1.4,1.059430880741872,7.471264367816092,16.3265306122449,8.73521463541216,1.547126436781609,2.840816326530613,1.7373228776630882,3.780580857801786,7.734045304449008,3.878750983024741,1.3338,2.3339,1.0416061228223998,13,100,25.706999551728643,0.0157538694635029,0.0322281534859042,0.016162949283813212
806,1,35.8907824,128.6046677,73330,SPLY_LS,9.228371113510123,16,1.430937713894593,1.7526899383983574,1.6260202220916362,1.0,1.0,1.0,1.0,1.4,1.0172487150066634,11.428571428571429,14.22222222222222,9.405817736250661,1.942857142857143,2.5777777777777775,1.844070764548111,2.7549807853306074,7.734045304449008,3.1356327824339005,0.4297,1.3337,0.5117181231991486,32,100,31.788981181031463,0.0114801426815119,0.0322281534859042,0.013066338586041143
807,1,35.8907876,128.6044362,143982,PIPE_LM,5.287068475639752,19,1.6726899383983571,1.6926762491444216,1.5872057606604406,1.0,1.0,1.0,1.0,1.4,1.0691696380622793,10.95890410958904,17.857142857142858,9.68703241633328,2.16986301369863,2.840816326530613,1.911043623122636,2.4417627012836514,11.436825879622178,3.903961097382162,0.1062,2.0007,0.7744101059233758,50,100,37.059982064880025,0.010174947264384,0.0476578252816796,0.016268001090846293
808,1,35.8898477,128.6024933,38900,SPLY_LS,4.684602270662462,26,1.6811772758384669,1.7250924024640657,1.6665964876916428,1.0,1.0,1.0,1.0,1.4,1.132310140016481,7.471264367816092,16.3265306122449,8.350754443113827,1.547126436781609,2.840816326530613,1.7143794372444419,6.868739724538682,9.356712345911442,5.945497926823413,3.0011,3.6677,1.9363292149343643,13,100,25.08658317173703,0.0286223818691389,0.0389898881810302,0.024775187135969462
809,1,35.8899212,128.6024098,4783,SPLY_LS,3.4250419658411997,25,1.6483778234086242,1.7250924024640657,1.662278256376463,1.0,1.0,1.0,1.0,1.4,1.0915386244373417,7.471264367816092,16.3265306122449,8.005390387426825,1.547126436781609,2.840816326530613,1.6503006480777311,2.891940437656355,9.356712345911442,5.395360236481502,0.7181,3.6677,1.8128281710731118,13,100,20.32626968037272,0.0120508604007359,0.0389898881810302,0.022482735873430193
810,1,35.8894594,128.6016559,106412,SPLY_LS,6.092632136181529,21,1.7153456536618754,1.7526899383983574,1.634463574231319,1.0,1.0,1.0,1.0,1.6,1.1469465943921442,7.471264367816092,17.857142857142858,10.039534906425382,1.547126436781609,3.9746031746031742,1.9747363469603152,2.7016731464747834,12.69137420831549,4.031137929667163,0.5424,2.1118,0.5311205774253,13,400,47.824798081503836,0.0112580070850177,0.338717356431557,0.0263386839665845
811,1,35.8899459,128.6034124,4794,SPLY_LS,2.527607077986346,25,1.678713210130048,1.7192881587953457,1.6009197056599827,1.0,1.0,1.0,1.0,1.6,1.0186503633889974,7.471264367816092,11.428571428571429,8.161695618313109,1.547126436781609,2.16986301369863,1.6542443175342458,2.747171608478172,7.383213156497673,4.05679721820175,0.6026,4.3352,1.3898227287692009,13,50,18.981992247860568,0.0114476014511089,0.0307662183837836,0.016904876848107556
812,1,35.8906243,128.6037134,178215,PIPE_LM,4.073966072754714,25,1.6126762491444215,1.862532511978097,1.6533200333025255,1.0,1.0,1.0,1.4,1.4,1.1787001732036175,16.3265306122449,17.857142857142858,9.385289517579151,2.840816326530613,2.840816326530613,1.8514617421343578,5.1272716507466125,44.320708637351565,10.880986714197652,0.2689,9.828,2.6936348670593055,100,100,33.407745048377265,0.0213655973322436,0.1846866089272758,0.04534161568739727
813,1,35.8893451,128.6020508,48168,PIPE_LM,6.277793412814749,20,1.6926762491444216,1.7326488706365502,1.5773536052636914,1.0,1.0,1.0,1.4,1.6,1.1918620924828693,8.333333333333334,17.857142857142858,8.723036778258061,2.466666666666667,2.840816326530613,1.875125508967901,7.734045304449008,7.734045304449008,3.9978361321993994,0.2601,2.0009,0.5212496480767511,100,100,39.426541899213625,0.0322281534859042,0.0322281534859042,0.016659183054681462
