FTR_IDN,ORIG_FTR_IDN,SUB_IDN,SEGMENT_LENGTH,IS_SEMICIRCULAR,CNT_JNT
107322_1,107322,1,11.002414322972024,False,2
107322_2,107322,2,4.555920305201698,False,3
107322_3,107322,3,12.41508649454917,False,4
107322_4,107322,4,12.227113651415438,False,4
107322_5,107322,5,2.765347517914694,False,4
107322_6,107322,6,30.445837279815866,False,4
107322_7,107322,7,1.346557162131737,False,3
107322_8,107322,8,0.2073439174858266,False,3
107322_9,107322,9,10.42430206512769,False,3
107322_10,107322,10,12.890020592921065,False,3
107322_11,107322,11,4.44592835040329,False,4
107322_12,107322,12,17.516889479733134,False,4
107322_13,107322,13,5.573754757025961,False,4
107322_14,107322,14,10.45627166864007,False,4
107322_15,107322,15,2.5359349747634177,False,4
107322_16,107322,16,14.455293655712639,False,3
107322_17,107322,17,2.5633850946485595,False,3
107322_18,107322,18,3.098282980983265,False,4
107322_19,107322,19,1.4996469521054911,False,3
107322_20,107322,20,5.828673877727534,False,2
107322_21,107322,21,7.650933651779268,False,2
107322_22,107322,22,3.5650417965560135,False,2
107322_23,107322,23,9.659430762891127,False,3
107322_24,107322,24,4.615739717861356,False,3
107322_25,107322,25,6.1893532251284356,False,2
107322_26,107322,26,5.268602406050445,False,3
107322_27,107322,27,12.33474507027228,False,4
107322_28,107322,28,6.245358851031817,False,4
107322_29,107322,29,12.763567822219557,False,3
107322_30,107322,30,4.3848485002273625,False,3
107322_31,107322,31,26.51484251413135,False,4
107322_32,107322,32,0.2210643640703387,False,3
107322_33,107322,33,21.43424291717364,False,3
107322_34,107322,34,10.02236910949729,False,3
107322_35,107322,35,15.417916139787591,False,2
107322_36,107322,36,1.4996194251290242,False,3
211327_1,211327,1,9.259364965497793,False,4
211327_2,211327,2,2.9161205873109566,False,4
211327_3,211327,3,2.7541232423378808,False,4
211327_4,211327,4,2.9302402574331956,False,3
211327_5,211327,5,0.7122156525770437,False,3
211327_6,211327,6,6.27671628419969,False,3
211327_7,211327,7,2.5812343776539355,False,3
211327_8,211327,8,2.2513448042945465,False,4
211327_9,211327,9,1.7061511880415328,False,3
211327_10,211327,10,7.994292330863538,False,3
211327_11,211327,11,0.7935371420255234,False,3
211327_12,211327,12,0.9187054332737696,False,3
211327_13,211327,13,4.164079784764509,False,4
211327_14,211327,14,10.855726537509124,False,3
211327_15,211327,15,1.4995771949788717,False,3
3693_1,3693,1,5.165557802420846,False,3
3693_2,3693,2,7.3669343135192475,False,2
316651_1,316651,1,0.7297903398571609,False,2
316651_2,316651,2,2.1818738126167254,False,2
316651_3,316651,3,1.5884774087607667,False,2
316651_4,316651,4,1.2597119519166762,False,2
245307_1,245307,1,1.4996877518801737,False,3
245307_2,245307,2,12.779941107169888,False,3
245307_3,245307,3,1.9515449658748687,False,4
245307_4,245307,4,1.31370807413029,False,3
245307_5,245307,5,1.2687353277107853,False,3
245307_6,245307,6,10.690475055587765,False,4
245307_7,245307,7,1.2576716018265575,False,4
245307_8,245307,8,1.3586572762196907,False,4
245307_9,245307,9,11.560359358632324,False,3
245307_10,245307,10,1.3426476256518172,False,2
245307_11,245307,11,1.6355547884392851,False,2
245307_12,245307,12,9.516147935892139,False,2
245307_13,245307,13,1.399356585760646,False,3
3778_1,3778,1,4.761671222465771,False,3
3778_2,3778,2,6.826961238007453,False,3
3778_3,3778,3,1.9055105204347778,False,4
3778_4,3778,4,3.284972202925814,False,4
3778_5,3778,5,2.772200335761087,False,3
72224_1,72224,1,4.077778872679596,False,4
72224_2,72224,2,7.849725053068545,False,4
72224_3,72224,3,4.896579651898973,False,4
72224_4,72224,4,0.4936271869515935,False,3
72224_5,72224,5,2.5141161339976468,False,2
37938_1,37938,1,8.184350166707723,False,4
37938_2,37938,2,6.475711963040409,False,4
37938_3,37938,3,2.7224194496004004,False,4
37938_4,37938,4,0.7198518040399517,False,3
211403_1,211403,1,11.443627275691409,False,4
211403_2,211403,2,0.8948571156996794,False,4
211403_3,211403,3,5.454842752123545,False,4
211403_4,211403,4,1.8915568900841466,False,3
110993_1,110993,1,1.4997940486578627,False,3
110993_2,110993,2,9.888576610036298,False,3
110993_3,110993,3,1.7238760575682837,False,3
110993_4,110993,4,0.8218306547368273,False,4
110993_5,110993,5,11.83638077143948,False,4
110993_6,110993,6,0.6088859135295989,False,3
110993_7,110993,7,1.84876764701841,False,4
110993_8,110993,8,2.337661551110709,False,3
110993_9,110993,9,3.644567436590775,False,3
110993_10,110993,10,4.922266305143097,False,4
110993_11,110993,11,1.5962107680888111,False,3
110993_12,110993,12,1.6324944009781392,False,3
110993_13,110993,13,2.7742171386374364,False,4
110993_14,110993,14,0.8508619194544513,False,4
110993_15,110993,15,1.822815033680554,False,4
110993_16,110993,16,8.40796449244438,False,4
110993_17,110993,17,7.940327540294922e-05,False,2
110993_18,110993,18,1.4987841635353314,False,4
72312_1,72312,1,1.720523135539902,False,4
72312_2,72312,2,7.394865163798513,False,3
72312_3,72312,3,1.8964154980837526,False,2
72312_4,72312,4,1.2166501968063739,False,3
72312_5,72312,5,1.4282770053099987,False,3
72312_6,72312,6,4.2140922790137525,False,2
72312_7,72312,7,0.5668361325680614,False,2
316639_1,316639,1,4.026801947113648,False,2
316639_2,316639,2,1.499634606160855,False,2
316639_3,316639,3,1.0217852627493906,False,2
143129_1,143129,1,1.4997487392437838,False,3
143129_2,143129,2,6.334155432056758,False,3
143129_3,143129,3,7.259054380686621,False,4
143129_4,143129,4,5.587324887217935,False,4
143129_5,143129,5,2.4961439741387315,False,3
143129_6,143129,6,7.248136620432408,False,2
143129_7,143129,7,3.0296156199785784,False,2
143129_8,143129,8,6.335165469090426,False,3
143129_9,143129,9,4.835685068064978,False,3
143129_10,143129,10,7.400980694458399,False,3
143129_11,143129,11,6.055176993006155,False,3
143129_12,143129,12,14.172449754866845,False,2
143129_13,143129,13,9.54526194857934,False,3
143129_14,143129,14,11.189748636967765,False,3
143129_15,143129,15,1.8994819741044442,False,2
143129_16,143129,16,1.4995236704239518,False,3
37854_1,37854,1,8.033620985420704,False,3
37854_2,37854,2,4.995559915499666,False,3
37854_3,37854,3,1.3445978401548184,False,3
37990_1,37990,1,2.4874800612185473,False,4
37990_2,37990,2,7.218595937120336,False,4
37990_3,37990,3,7.177280111625735,False,3
211249_1,211249,1,11.526650158198896,False,3
211249_2,211249,2,3.7319265827258796,False,3
211249_3,211249,3,9.021398530994121,False,3
245222_1,245222,1,6.101161374687349,False,3
245222_2,245222,2,9.650197385372023,False,3
245222_3,245222,3,0.3009203933967672,False,3
142926_1,142926,1,7.8448669132954825,False,2
142926_2,142926,2,6.928212406400715,False,2
142926_3,142926,3,1.224619822660263,False,2
37847_1,37847,1,1.773521444287071,False,3
37847_2,37847,2,5.015986138181434,False,2
316656_1,316656,1,1.294047653694723,False,3
316656_2,316656,2,2.001428665309954,False,2
316656_3,316656,3,2.5132614719744284,False,2
245426_1,245426,1,4.024995731547468,False,4
245426_2,245426,2,17.68374359329384,False,3
177329_1,177329,1,2.355074602772805,False,3
177329_2,177329,2,1.970505843657966,False,2
177329_3,177329,3,2.460216478936262,False,3
177329_4,177329,4,1.704861547502794,False,3
177329_5,177329,5,2.1802361228290854,False,2
3905_1,3905,1,7.74252167983772,False,4
3905_2,3905,2,5.112719416868821,False,4
3905_3,3905,3,4.622772890166094,False,3
3905_4,3905,4,3.543098334931006,False,2
3905_5,3905,5,0.6588433558687602,False,2
177330_1,177330,1,8.593464258424033,False,3
177330_2,177330,2,4.433794016909805,False,2
177330_3,177330,3,0.5978336742268869,False,2
177330_4,177330,4,6.232287926010941,False,1
238401_1,238401,1,1.33267449539295,False,2
238401_2,238401,2,1.1230928842379357,False,2
238401_3,238401,3,1.7778999506413786,False,2
238401_4,238401,4,1.7963731270702123,False,3
238401_5,238401,5,3.1598003468427076,False,3
238401_6,238401,6,2.4845135214738465,False,2
238401_7,238401,7,0.683637615694238,False,2
238401_8,238401,8,0.5754494035224555,False,3
238401_9,238401,9,0.64105532607841,False,3
238401_10,238401,10,0.6765598198642414,False,2
435127_1,435127,1,11.995617929930782,False,4
435127_2,435127,2,9.176453339588619,False,4
435127_3,435127,3,7.151986289713626,False,4
72209_1,72209,1,13.193467620576785,False,3
245228_1,245228,1,15.131190026583402,False,4
245228_2,245228,2,4.665858551589077,False,4
245228_3,245228,3,0.7827892543440007,False,3
3773_1,3773,1,25.869501970503986,False,3
3773_2,3773,2,4.685004718691269,False,3
3773_3,3773,3,9.997647206908377,False,3
3773_4,3773,4,0.2692801436506648,False,3
3773_5,3773,5,9.775986395064201,False,2
3773_6,3773,6,2.9844081149148294,False,3
3773_7,3773,7,1.075502140914934,False,3
3773_8,3773,8,18.125909711514463,False,3
3773_9,3773,9,11.145755593435986,False,4
3773_10,3773,10,10.998776196476665,False,4
3773_11,3773,11,3.1313716520972945,False,4
3773_12,3773,12,13.833144320726847,False,4
3773_13,3773,13,1.3726893738519461,False,4
3773_14,3773,14,19.89897454565161,False,4
3773_15,3773,15,8.322317444957976,False,3
3773_16,3773,16,12.35646108323923,False,2
38779_1,38779,1,1.2956606451769215,False,3
38779_2,38779,2,10.827311817138646,False,4
38779_3,38779,3,2.7357491440334636,False,3
38779_4,38779,4,1.498994710778587,False,3
316654_1,316654,1,2.0123066345796583,False,2
316654_2,316654,2,1.3416208046600286,False,2
316654_3,316654,3,2.2263343291118285,False,3
316654_4,316654,4,1.3318024684067424,False,3
316654_5,316654,5,0.8951241255860637,False,2
316654_6,316654,6,0.9217788594913374,False,2
316654_7,316654,7,4.765516816635255,False,3
316654_8,316654,8,1.0199810237625675,False,3
316654_9,316654,9,2.551285430571195,False,2
316654_10,316654,10,9.624481547030575,False,3
316654_11,316654,11,0.9337763000220387,False,3
316654_12,316654,12,1.1145965745048538,False,2
316654_13,316654,13,1.0894453377489908,False,2
316654_14,316654,14,7.106382003236983,False,3
316654_15,316654,15,9.015867158355324,False,4
316654_16,316654,16,5.119853721778629,False,3
316654_17,316654,17,4.972012985358614,False,3
316654_18,316654,18,4.240783951585201,False,4
316654_19,316654,19,0.6348310050597351,False,3
316654_20,316654,20,4.599341625130647,False,2
418133_1,418133,1,10.817378884773925,False,2
418133_2,418133,2,0.6677815905475261,False,2
418133_3,418133,3,0.4924651329284988,False,2
143879_1,143879,1,10.429224487426605,False,4
143879_2,143879,2,10.007300497604396,False,3
143879_3,143879,3,11.586527301700006,False,3
143879_4,143879,4,9.908715733004499,False,4
143879_5,143879,5,1.817022502521801,False,3
143879_6,143879,6,0.4845450668987262,False,3
143879_7,143879,7,1.0255421055582554,False,3
143879_8,143879,8,8.857627809111946,False,3
143879_9,143879,9,2.8792206394182154,False,4
143879_10,143879,10,10.00831816435576,False,4
143879_11,143879,11,2.474364010689661,False,3
143879_12,143879,12,9.03750998722785,False,3
143879_13,143879,13,2.133436541508292,False,4
143879_14,143879,14,9.13450604716327,False,4
143879_15,143879,15,2.106398281164659,False,4
143879_16,143879,16,9.395510671419371,False,3
143879_17,143879,17,2.158369867024841,False,3
143879_18,143879,18,0.6348091300849874,False,3
143879_19,143879,19,8.877614172787819,False,2
143879_20,143879,20,1.0315442432614401,False,2
143879_21,143879,21,0.9669234478796529,False,3
143879_22,143879,22,6.8721924661373714,False,4
143879_23,143879,23,4.557722977217888,False,4
143879_24,143879,24,10.371190207071189,False,3
143879_25,143879,25,1.4995821931552804,False,2
143879_26,143879,26,0.9304658359967748,False,3
143879_27,143879,27,3.7188994441713534,False,3
143879_28,143879,28,17.25197056205026,False,3
143879_29,143879,29,3.6359479559570467,False,4
143879_30,143879,30,3.767911105067044,False,4
143879_31,143879,31,0.09650597305149133,False,3
143879_32,143879,32,3.090077509782993,False,2
143879_33,143879,33,4.081430903809169,False,3
143879_34,143879,34,6.9642043289042235,False,3
143879_35,143879,35,1.4994949464131602,False,3
4693_1,4693,1,0.7187679553745222,False,3
4693_2,4693,2,1.5004617266469589,False,2
4693_3,4693,3,1.8992895002247598,False,2
4693_4,4693,4,0.6313332079315352,False,2
4693_5,4693,5,1.3387565321471429,False,3
4693_6,4693,6,10.43575475559391,False,4
4693_7,4693,7,9.170046426547183,False,3
4693_8,4693,8,4.846948924174975,False,2
4693_9,4693,9,3.7722163392923154,False,3
4693_10,4693,10,9.775954669692638,False,3
4693_11,4693,11,4.969886923993745,False,2
4693_12,4693,12,1.8996301750572577,False,2
4693_13,4693,13,1.4996588279350784,False,3
246252_1,246252,1,14.498450745545693,False,3
246252_2,246252,2,0.5428307576741921,False,2
246252_3,246252,3,4.880092723972136,False,3
246252_4,246252,4,2.0772402196279462,False,3
246252_5,246252,5,4.09600854099973,False,3
246253_1,246253,1,8.973774273461014,False,4
246253_2,246253,2,10.777355236765283,False,4
246253_3,246253,3,9.365636785631375,False,4
246253_4,246253,4,2.1665048621460445,False,2
143878_1,143878,1,1.4996072539617429,False,3
143878_2,143878,2,9.88311311867818,False,3
143878_3,143878,3,2.0474120683047285,False,4
143878_4,143878,4,1.1606497985384487,False,3
143878_5,143878,5,9.182135318499737,False,2
143878_6,143878,6,2.2605010748107186,False,2
143878_7,143878,7,4.205290002362341,False,3
143878_8,143878,8,3.533772774763971,False,4
143878_9,143878,9,2.7128214964567934,False,3
143878_10,143878,10,2.0535682963760533,False,3
143878_11,143878,11,9.335762423414913,False,4
143878_12,143878,12,1.380089258355659,False,4
143878_13,143878,13,1.6186657801533124,False,4
143878_14,143878,14,10.66579295412779,False,4
143878_15,143878,15,2.368521858490885,False,4
143878_16,143878,16,10.309859540388675,False,3
143878_17,143878,17,1.6875758659340174,False,3
143878_18,143878,18,1.3488420043596083,False,3
143878_19,143878,19,10.054957857846833,False,3
143878_20,143878,20,12.242454014420964,False,4
143878_21,143878,21,2.6785485058086134,False,3
143878_22,143878,22,10.03091851788333,False,3
143878_23,143878,23,7.8623811986353775,False,3
143878_24,143878,24,8.818203134084767,False,2
143878_25,143878,25,8.317771535599412,False,2
143878_26,143878,26,1.4088060782488814,False,3
4695_1,4695,1,12.063993797779318,False,3
4695_2,4695,2,3.300505632347945,False,3
4695_3,4695,3,1.5106894481814295,False,3
245201_1,245201,1,14.626742607273112,False,3
72210_1,72210,1,14.798420829166822,False,3
72210_2,72210,2,0.34799198869759795,False,2
4692_1,4692,1,1.0303702276131919,False,3
4692_2,4692,2,5.823497659339772,False,3
4692_3,4692,3,3.8794338586649504,False,4
4692_4,4692,4,0.7171665121490384,False,3
4692_5,4692,5,1.315567486906431,False,2
4694_1,4694,1,0.9559660506919465,False,3
4694_2,4694,2,1.668856779568051,False,2
4694_3,4694,3,0.5238638420198966,False,2
4694_4,4694,4,3.4408179856333656,False,2
4694_5,4694,5,14.430824901443426,False,3
4694_6,4694,6,9.070355927109476,False,4
4694_7,4694,7,1.7665363590695764,False,4
4694_8,4694,8,2.1233755812037414,False,4
4694_9,4694,9,13.499034103182877,False,4
4694_10,4694,10,0.6728632918384232,False,4
4694_11,4694,11,1.6855217085394587,False,3
143877_1,143877,1,1.4997604047767328,False,3
143877_2,143877,2,8.651673488620402,False,3
143877_3,143877,3,10.85852032055732,False,3
143877_4,143877,4,6.047058432528968,False,3
143877_5,143877,5,1.6377576950743755,False,3
143877_6,143877,6,7.712911474451082,False,2
143877_7,143877,7,8.44967177585046,False,3
143877_8,143877,8,1.6688672627845647,False,3
143877_9,143877,9,9.181618221193913,False,3
143877_10,143877,10,8.970654526426136,False,4
143877_11,143877,11,18.133384758123885,False,3
143877_12,143877,12,3.4101688820338834,False,3
143877_13,143877,13,12.191287653532552,False,4
143877_14,143877,14,3.6967303759957626,False,3
143877_15,143877,15,10.965388824019671,False,3
143877_16,143877,16,18.358351833979015,False,3
143877_17,143877,17,0.6220582402379612,False,2
143877_18,143877,18,1.499337105190408,False,3
245336_1,245336,1,2.710512255653933,True,1
3673_1,3673,1,4.988930399109624,False,2
3673_2,3673,2,0.755480882942135,False,2
3673_3,3673,3,0.5248228932812856,False,3
3673_4,3673,4,1.0315615574817534,False,4
3673_5,3673,5,6.212443952934141,False,4
3673_6,3673,6,0.7587352440936392,False,3
245200_1,245200,1,13.327139484229916,False,4
245200_2,245200,2,0.9087955782021964,False,3
106330_1,106330,1,2.609219349694073,False,4
106330_2,106330,2,10.102048001639167,False,3
106330_3,106330,3,0.25693307098986085,False,2
245203_1,245203,1,8.618706514359245,False,3
245203_2,245203,2,7.034160031405836,False,3
245203_3,245203,3,1.6085377452808898,False,3
245303_1,245303,1,8.462817144315327,False,3
245303_2,245303,2,4.394454792017621,False,2
245303_3,245303,3,1.0188721993900887,False,2
442731_1,442731,1,10.124378902331681,False,3
442731_2,442731,2,10.176711305645723,False,4
442731_3,442731,3,10.11069786182107,False,3
442731_4,442731,4,1.4996460516725485,False,3
442730_1,442730,1,1.2207071162493217,False,2
442730_2,442730,2,0.26257528444654354,False,3
442730_3,442730,3,3.878360995825292,False,4
442730_4,442730,4,0.5747799359328563,False,3
442730_5,442730,5,1.5732296116940108,False,2
443322_1,443322,1,7.575025055585415,False,2
443629_1,443629,1,3.6948028896406893,False,3
443629_2,443629,2,1.3299392633206497,False,3
443629_3,443629,3,0.5679595647433803,False,3
440291_1,440291,1,1.2789558328712147,False,3
440291_2,440291,2,3.6757034356169043,False,3
440291_3,440291,3,10.947510604000616,False,4
440291_4,440291,4,2.715757125567927,False,4
440291_5,440291,5,0.677882731017379,False,3
212248_1,212248,1,1.499670012070153,False,3
212248_2,212248,2,2.063681901157064,False,2
212248_3,212248,3,8.599160477200508,False,3
212248_4,212248,4,11.991603959781989,False,4
212248_5,212248,5,5.274757842604264,False,3
212248_6,212248,6,6.759791054417638,False,2
212248_7,212248,7,2.113577669552464,False,3
212248_8,212248,8,0.6858888972020565,False,3
212248_9,212248,9,1.110533173203926,False,2
212248_10,212248,10,1.9994070909411668,False,2
212248_11,212248,11,1.0941617397006431,False,2
212248_12,212248,12,0.7788414188731766,False,2
212248_13,212248,13,1.7919051923525657,False,2
212248_14,212248,14,8.843025307883595,False,3
212248_15,212248,15,15.015710030030542,False,4
212248_16,212248,16,3.6960427621033562,False,4
212248_17,212248,17,0.8658011803287927,False,3
212248_18,212248,18,1.13298502783352,False,2
212248_19,212248,19,1.9993789834453095,False,2
212248_20,212248,20,1.0348087523320164,False,2
212248_21,212248,21,4.933871544981534,False,2
212248_22,212248,22,2.7333880782109072,False,2
212248_23,212248,23,6.827431682094993,False,3
212248_24,212248,24,3.0823034854284237,False,3
212248_25,212248,25,5.136850576716931,False,2
212248_26,212248,26,1.1673357638782305,False,2
212248_27,212248,27,1.8025457944041143,False,2
212248_28,212248,28,1.324965510803738,False,3
212248_29,212248,29,6.901893557140502,False,4
212248_30,212248,30,2.776602153907491,False,3
212248_31,212248,31,2.257647672930633,False,3
212248_32,212248,32,7.961796302298006,False,3
212248_33,212248,33,2.817537814851576,False,3
212248_34,212248,34,1.0894167503801413,False,3
212248_35,212248,35,2.061471748865289,False,2
212248_36,212248,36,1.1525405445862198,False,2
212248_37,212248,37,12.750075483540463,False,2
212248_38,212248,38,1.4998724315636303,False,3
18681_1,18681,1,1.4997560326519328,False,3
18681_2,18681,2,1.3927737476433397,False,2
18681_3,18681,3,3.0224816341807044,False,2
18681_4,18681,4,2.6134264369859235,False,2
18681_5,18681,5,6.509090197146632,False,3
18681_6,18681,6,1.7969291519554351,False,3
18681_7,18681,7,9.584755234091661,False,3
18681_8,18681,8,2.7764073631376194,False,4
18681_9,18681,9,2.2384502877020394,False,3
18681_10,18681,10,7.221152327021966,False,3
18681_11,18681,11,1.2628477771816236,False,4
18681_12,18681,12,10.47763652981939,False,4
18681_13,18681,13,9.118862934441912,False,4
18681_14,18681,14,13.236938569869256,False,4
18681_15,18681,15,2.3324480118628586,False,3
18681_16,18681,16,9.881705038759122,False,3
18681_17,18681,17,1.9265117845679331,False,3
18681_18,18681,18,6.169492398659137,False,3
18681_19,18681,19,4.00315566073572,False,3
18681_20,18681,20,0.2361195120626108,False,3
18681_21,18681,21,4.164808603959263,False,3
18681_22,18681,22,7.27237676522483,False,3
18681_23,18681,23,1.657238827615058,False,3
18681_24,18681,24,6.687796708275414,False,3
18681_25,18681,25,8.744964905862373,False,4
18681_26,18681,26,8.979898992473847,False,4
18681_27,18681,27,4.435059577961954,False,3
18681_28,18681,28,4.696883953296554,False,3
3672_1,3672,1,4.418719641093593,False,3
3672_2,3672,2,5.66544864325903,False,3
3672_3,3672,3,1.4995659000501318,False,3
177112_1,177112,1,1.4996050041781293,False,3
177112_2,177112,2,1.70654386749986,False,3
107319_1,107319,1,1.6529736277888247,False,4
107319_2,107319,2,3.520010859324123,False,2
107319_3,107319,3,4.894107183556055,False,2
107319_4,107319,4,1.7777854535368434,False,3
107319_5,107319,5,2.1155573852618987,False,3
72211_1,72211,1,4.446705591068968,False,4
72211_2,72211,2,8.197704522399597,False,3
178121_1,178121,1,9.980941260771603,False,4
178121_2,178121,2,6.373409570743656,False,5
178121_3,178121,3,0.0,False,3
178121_4,178121,4,11.306144005394215,False,6
447922_1,447922,1,1.3822735597316762,False,3
447922_2,447922,2,9.67665903408737,False,4
447922_3,447922,3,3.997630318630995,False,3
450436_1,450436,1,13.272976122690967,False,3
450436_2,450436,2,0.7119917662092018,False,3
418132_1,418132,1,2.679247734686135,False,3
418132_2,418132,2,8.88235074380772,False,4
418132_3,418132,3,1.6814092950223078,False,3
418132_4,418132,4,2.808703984702778,False,3
418132_5,418132,5,11.148613018726484,False,4
418132_6,418132,6,3.078497666161924,False,4
250103_1,250103,1,7.822524317991289,False,2
177111_1,177111,1,2.558214846654932,False,4
177111_2,177111,2,11.438673553652553,False,3
107324_1,107324,1,1.765749147477161,False,3
107324_2,107324,2,9.6205261231478,False,4
107324_3,107324,3,8.997645983082132,False,4
107324_4,107324,4,8.36376413794165,False,3
107324_5,107324,5,1.4987489493699246,False,3
212291_1,212291,1,10.773863968037118,False,3
212291_2,212291,2,1.0707083231679797,False,2
212291_3,212291,3,1.4685571711175602,False,3
212291_4,212291,4,2.051561680234943,False,3
107315_1,107315,1,1.0408478750292975,False,3
107315_2,107315,2,10.395016917334356,False,3
107315_3,107315,3,17.403161403500956,False,4
107315_4,107315,4,1.3367321436762334,False,3
107315_5,107315,5,0.7708102592269553,False,2
107315_6,107315,6,0.5758185251097352,False,3
107315_7,107315,7,3.913360245181277,False,3
107315_8,107315,8,6.121809609182931,False,3
107315_9,107315,9,17.55213715577022,False,4
107315_10,107315,10,10.74975512704741,False,4
107315_11,107315,11,3.837848435284067,False,3
107315_12,107315,12,7.075331511766032,False,3
107315_13,107315,13,2.603725616975264,False,4
107315_14,107315,14,6.742410131746513,False,4
107315_15,107315,15,7.587846128853874,False,3
107315_16,107315,16,1.451418521880198,False,3
107315_17,107315,17,10.871556067090411,False,3
107315_18,107315,18,18.225953355948203,False,3
107315_19,107315,19,1.7580663982200015,False,3
107315_20,107315,20,7.250602054630327,False,3
107315_21,107315,21,3.756184018500348,False,4
107315_22,107315,22,2.7075292528125474,False,3
107315_23,107315,23,12.89582103929142,False,3
107315_24,107315,24,1.134739191378832,False,3
107315_25,107315,25,2.0186487795276062,False,2
107315_26,107315,26,7.840387555587787,False,3
107315_27,107315,27,5.768187122563014,False,4
107315_28,107315,28,6.295868599306761,False,3
107315_29,107315,29,17.60670874167225,False,2
107315_30,107315,30,9.09780292551233,False,3
107315_31,107315,31,6.984559434732458,False,4
107315_32,107315,32,5.067898140903573,False,4
107315_33,107315,33,6.002342473013576,False,3
107315_34,107315,34,0.9728495503540878,False,2
107315_35,107315,35,1.874525303529309,False,2
107315_36,107315,36,8.600813173455661,False,3
107315_37,107315,37,0.5932006640240121,False,3
107315_38,107315,38,12.149124915356245,False,3
107315_39,107315,39,2.3685349156738784,False,4
107315_40,107315,40,2.867652151545483,False,3
107315_41,107315,41,4.0131290752094815,False,2
107315_42,107315,42,13.768225195622076,False,2
107315_43,107315,43,2.0149021985330915,False,3
107315_44,107315,44,13.536621636817005,False,4
107315_45,107315,45,1.3187838549610105,False,3
107315_46,107315,46,3.1461919336353485,False,3
107315_47,107315,47,12.235614082788615,False,4
107315_48,107315,48,15.123746103279245,False,3
107315_49,107315,49,8.7194111854113,False,2
107315_50,107315,50,4.061673487039556,False,2
107315_51,107315,51,8.378593405261379,False,3
107315_52,107315,52,1.500167779412622,False,3
3675_1,3675,1,16.038619729114252,False,3
3675_2,3675,2,0.6364225750339959,False,3
3675_3,3675,3,1.0996507533062603,False,3
3675_4,3675,4,2.146905305094711,False,1
177110_1,177110,1,9.327526856798512,False,4
177110_2,177110,2,0.9225114187306751,False,3
177110_3,177110,3,3.185995180325553,False,2
177110_4,177110,4,1.3273429131334047,False,2
48166_1,48166,1,12.680458179106916,False,4
48166_2,48166,2,2.4224463454765934,False,4
48166_3,48166,3,0.9312142416020159,False,3
250048_1,250048,1,1.4996846994578092,False,3
250048_2,250048,2,4.9789903953239785,False,3
250048_3,250048,3,7.436489342887436,False,4
250048_4,250048,4,9.810988216417632,False,3
250048_5,250048,5,2.6964839411897987,False,3
250048_6,250048,6,1.7176194098323874,False,4
250048_7,250048,7,8.904512616863473,False,4
250048_8,250048,8,10.526104462067083,False,4
250048_9,250048,9,2.826412131728965,False,4
250048_10,250048,10,4.190175693179492,False,4
250048_11,250048,11,17.47945696029592,False,4
250048_12,250048,12,10.386805406210025,False,3
250048_13,250048,13,3.5602686938328256,False,2
250048_14,250048,14,2.873454349067011,False,2
250048_15,250048,15,3.3366947049894615,False,3
250048_16,250048,16,5.103580471211282,False,3
72213_1,72213,1,14.251768656401152,False,4
72213_2,72213,2,2.077860115200174,False,3
72213_3,72213,3,1.8436100464091436,False,3
72213_4,72213,4,8.002361857811284,False,3
212251_1,212251,1,2.0994659727136606,False,2
212251_2,212251,2,1.0276881557795372,False,3
212251_3,212251,3,5.555626585117951,False,2
212251_4,212251,4,7.053466598723325,False,3
212251_5,212251,5,2.626361194075629,False,4
212251_6,212251,6,12.850175337346936,False,4
212251_7,212251,7,21.797241077708094,False,3
212251_8,212251,8,6.3361896388042975,False,2
212251_9,212251,9,7.47520016512933,False,3
212251_10,212251,10,7.570039132597975,False,3
212251_11,212251,11,3.0373408407450695,False,2
212251_12,212251,12,4.983477523263055,False,3
212251_13,212251,13,3.082562526780502,False,4
212251_14,212251,14,2.826653745500274,False,3
212251_15,212251,15,1.4988220396479544,False,3
142909_1,142909,1,7.287136996257349,False,3
142909_2,142909,2,7.453095203997368,False,4
142909_3,142909,3,30.126826622177106,False,3
142909_4,142909,4,0.9531045293609245,False,2
142909_5,142909,5,0.1374683744230911,False,2
142909_6,142909,6,1.0210515147686485,False,2
4697_1,4697,1,1.4991508180056594,False,3
4697_2,4697,2,4.925282562728806,False,2
4697_3,4697,3,6.006507876023187,False,2
4697_4,4697,4,27.71206861104343,False,3
4697_5,4697,5,2.0802607581649926,False,3
4697_6,4697,6,1.1748998306032157,False,3
4697_7,4697,7,9.998431659524657,False,3
4697_8,4697,8,6.314342599883971,False,2
4697_9,4697,9,1.499533657568602,False,2
211225_1,211225,1,17.88978744507051,False,3
211225_2,211225,2,4.999120508992189,False,3
211225_3,211225,3,1.3270523439963038,False,3
211225_4,211225,4,2.5032516241949283,False,2
212249_1,212249,1,13.646027258167823,False,4
212249_2,212249,2,1.6576112959795712,False,4
212249_3,212249,3,0.6343839035743388,False,3
178191_1,178191,1,1.4995196290005255,False,3
178191_2,178191,2,1.899473873948889,False,2
178191_3,178191,3,1.4995757601759843,False,1
37742_1,37742,1,4.069833561879934,False,4
37742_2,37742,2,11.388735617717614,False,3
37742_3,37742,3,3.5518975295470985,False,2
107323_1,107323,1,8.937678497446292,False,2
107323_2,107323,2,3.3194425499671927,False,3
107323_3,107323,3,9.956515203629912,False,3
107323_4,107323,4,1.0668210876315607,False,3
73275_1,73275,1,2.2616081048262355,False,4
73275_2,73275,2,11.300955927648808,False,3
73275_3,73275,3,3.572351379562399,False,2
245204_1,245204,1,3.3521537212294485,False,3
245204_2,245204,2,4.891491205973416,False,3
245204_3,245204,3,5.859765753068345,False,3
245204_4,245204,4,1.7545756012448521,False,3
245204_5,245204,5,0.7718947271307487,False,3
38828_1,38828,1,14.073960962353146,False,4
38828_2,38828,2,9.415215489104842,False,3
38783_1,38783,1,4.695877305448107,False,3
38783_2,38783,2,9.143767765640735,False,3
38783_3,38783,3,1.8050270393624213,False,3
38783_4,38783,4,2.220298664501013,False,3
38783_5,38783,5,7.295226627795667,False,4
38783_6,38783,6,2.214468991574171,False,3
38783_7,38783,7,21.518984370326482,False,1
443336_1,443336,1,6.812191817490725,False,3
443336_2,443336,2,0.9897216117066308,False,4
443336_3,443336,3,6.668219532812857,False,4
443336_4,443336,4,2.965200628977278,False,4
443336_5,443336,5,2.4063008699297552,False,3
443336_6,443336,6,1.6026634409623683,False,3
443336_7,443336,7,3.8169282563295535,False,4
443336_8,443336,8,7.8579214313374735,False,4
75978_1,75978,1,1.4991208935746776,False,3
75978_2,75978,2,1.5000033443583407,False,2
75978_3,75978,3,8.662729176414446,False,3
75978_4,75978,4,18.10019921434911,False,4
75978_5,75978,5,17.964456163747787,False,4
75978_6,75978,6,12.140460325800337,False,4
75978_7,75978,7,3.6929858370805215,False,3
75978_8,75978,8,21.583412022743236,False,3
75978_9,75978,9,10.731793542220663,False,3
75978_10,75978,10,4.626017169073608,False,4
75978_11,75978,11,7.0174339564339165,False,3
75978_12,75978,12,6.3775366774833415,False,3
75978_13,75978,13,13.284524437414978,False,4
75978_14,75978,14,2.6842423380136196,False,3
75978_15,75978,15,1.7518040932176608,False,3
75978_16,75978,16,4.424295158274778,False,4
75978_17,75978,17,3.3603058626633358,False,3
75978_18,75978,18,3.03854014356178,False,2
75978_19,75978,19,12.435465282826494,False,3
75978_20,75978,20,9.90401383945065,False,3
75978_21,75978,21,1.5000282825911568,False,2
75978_22,75978,22,3.927011532734085,False,3
75978_23,75978,23,6.657638121558795,False,3
75978_24,75978,24,4.363491880282154,False,3
75978_25,75978,25,11.616993741478465,False,3
75978_26,75978,26,11.374328851414226,False,3
75978_27,75978,27,3.3630801496583014,False,4
75978_28,75978,28,1.8860092938901782,False,3
75978_29,75978,29,9.57873815306293,False,2
75978_30,75978,30,2.351920610841661,False,3
75978_31,75978,31,9.943958458048806,False,3
75978_32,75978,32,3.5497873746661828,False,3
75978_33,75978,33,12.124489085779837,False,4
75978_34,75978,34,13.61622185753641,False,4
75978_35,75978,35,2.519681099115155,False,3
75978_36,75978,36,0.9735398173435502,False,3
75978_37,75978,37,15.576920972403624,False,4
75978_38,75978,38,2.727912922228732,False,3
75978_39,75978,39,2.9323828398238967,False,2
75978_40,75978,40,11.229964403797513,False,3
75978_41,75978,41,4.733972814996822,False,3
75978_42,75978,42,1.456432969394799,False,2
75978_43,75978,43,24.425990633258298,False,3
75978_44,75978,44,10.604586412648722,False,3
75978_45,75978,45,13.261402470323489,False,3
75978_46,75978,46,10.910008937195293,False,4
75978_47,75978,47,1.2317572383214266,False,3
75978_48,75978,48,0.947417394183695,False,2
75978_49,75978,49,1.2350569503759072,False,2
75978_50,75978,50,1.0676058975804978,False,2
75978_51,75978,51,1.1883449775193438,False,2
37746_1,37746,1,5.258078994662821,False,3
37746_2,37746,2,10.533649840038358,False,2
143928_1,143928,1,2.138329009659512,False,3
143928_2,143928,2,11.375676098253784,False,3
143928_3,143928,3,0.8157684845758038,False,4
143928_4,143928,4,8.922419862981961,False,4
143928_5,143928,5,0.6067524179001862,False,3
143884_1,143884,1,1.0606879903748012,False,3
143884_2,143884,2,2.1783588130498988,False,2
143884_3,143884,3,1.0556352001586709,False,3
211234_1,211234,1,10.567172853656807,False,3
211234_2,211234,2,0.47789636500629956,False,2
211234_3,211234,3,3.05884383512376,False,2
417712_1,417712,1,0.4739694068289178,False,2
417712_2,417712,2,11.994025540568408,False,3
417712_3,417712,3,3.9127103996582977,False,4
417712_4,417712,4,11.343865282791086,False,4
417712_5,417712,5,15.680011945155305,False,3
417712_6,417712,6,1.56389180433558,False,2
417712_7,417712,7,26.305869411400813,False,5
417712_8,417712,8,3.362073094304985,False,4
417712_9,417712,9,11.23050470751969,False,4
417712_10,417712,10,8.319063193968894,False,3
417712_11,417712,11,6.073709067572774,False,3
417712_12,417712,12,1.815389712785173,False,4
417712_13,417712,13,3.3898888467099595,False,3
417712_14,417712,14,17.668043204998106,False,3
417712_15,417712,15,1.6859858142037476,False,2
417712_16,417712,16,1.1440718078242167,False,2
417712_17,417712,17,3.88473914048461,False,3
417712_18,417712,18,1.1485485689716162,False,3
417712_19,417712,19,3.411814730017156,False,3
417712_20,417712,20,14.904875347911005,False,3
417712_21,417712,21,6.237321702315088,False,3
417712_22,417712,22,11.426470494379718,False,4
417712_23,417712,23,13.148882829468725,False,3
417712_24,417712,24,0.5265976584833794,False,2
417712_25,417712,25,0.4034654633129996,False,3
417712_26,417712,26,0.7462697379142428,False,3
417712_27,417712,27,0.8485490096710336,False,2
417712_28,417712,28,8.536770768783077,False,3
417712_29,417712,29,16.127437993876768,False,4
417712_30,417712,30,14.839703277039458,False,4
417712_31,417712,31,2.1094946501368703,False,3
417712_32,417712,32,0.9446409546130919,False,2
417712_33,417712,33,9.239209912853125,False,3
417712_34,417712,34,10.429931249928218,False,4
417712_35,417712,35,5.229858571210321,False,3
417712_36,417712,36,0.3780474420830633,False,2
417712_37,417712,37,17.551223707076883,False,3
417712_38,417712,38,6.9544516618833505,False,4
417712_39,417712,39,35.33875853170378,False,3
417712_40,417712,40,1.4141198922896774,False,2
417712_41,417712,41,1.775451108983938,False,2
417712_42,417712,42,1.3788741635100514,False,2
417712_43,417712,43,0.17074256164160392,False,3
417712_44,417712,44,0.4095376980801625,False,3
417712_45,417712,45,1.9715065719270055,False,2
417712_46,417712,46,0.8168254840597281,False,2
417712_47,417712,47,10.913211387179386,False,3
417712_48,417712,48,7.881151219982143,False,3
417712_49,417712,49,1.0865639158761502,False,3
417712_50,417712,50,1.4409678514128346,False,3
417712_51,417712,51,6.3883028696049475,False,2
417712_52,417712,52,1.0089127569650083,False,3
417712_53,417712,53,6.919140428168604,False,4
417712_54,417712,54,2.8746107882648806,False,3
417712_55,417712,55,0.8210955426590965,False,2
417712_56,417712,56,1.796097247817221,False,2
417712_57,417712,57,0.7315317188077567,False,2
417712_58,417712,58,0.9193394344402742,False,2
417712_59,417712,59,0.8165466280490733,False,2
417712_60,417712,60,0.540059747149951,False,2
417712_61,417712,61,1.40701624616699,False,2
417712_62,417712,62,0.7104871081833004,False,2
417712_63,417712,63,7.914979166425587,False,3
417712_64,417712,64,8.29722302040795,False,4
417712_65,417712,65,10.663951492445813,False,4
417712_66,417712,66,19.728804753130614,False,4
417712_67,417712,67,9.393608140528206,False,4
417712_68,417712,68,44.596266100595244,False,4
417712_69,417712,69,5.037346695496591,False,4
417712_70,417712,70,15.871621417613357,False,4
417712_71,417712,71,23.278978071226412,False,3
417712_72,417712,72,2.985457681849954,False,2
417712_73,417712,73,8.402153715719853,False,3
417712_74,417712,74,2.8261848794479003,False,3
417712_75,417712,75,0.6565754728522538,False,2
417712_76,417712,76,5.34558850394545,False,3
417712_77,417712,77,4.7074494874273185,False,4
417712_78,417712,78,7.324734828890554,False,3
417712_79,417712,79,0.6931832661551034,False,2
417712_80,417712,80,0.5118726864109326,False,2
417712_81,417712,81,1.7223097569952317,False,2
417712_82,417712,82,0.5016107146280917,False,2
417712_83,417712,83,0.7611116547452242,False,2
417712_84,417712,84,3.4456082294469486,False,2
417712_85,417712,85,4.367257735807207,False,3
417712_86,417712,86,3.023488118176885,False,4
417712_87,417712,87,17.412979296756983,False,4
417712_88,417712,88,5.203756506039944,False,3
417712_89,417712,89,2.3460992886060903,False,3
417712_90,417712,90,1.1593908380960047,False,2
417712_91,417712,91,2.5037056483509432,False,2
417712_92,417712,92,1.5163081451493625,False,2
417712_93,417712,93,29.633468422450605,False,2
417712_94,417712,94,1.3570594285550541,False,2
417712_95,417712,95,1.988571449301724,False,2
417712_96,417712,96,0.17154354502605892,False,3
417712_97,417712,97,2.0546413655952898,False,3
417712_98,417712,98,0.6465024861881081,False,2
417712_99,417712,99,11.076050677644789,False,3
417712_100,417712,100,0.7454039631065376,False,3
417712_101,417712,101,2.24925213661406,False,2
417712_102,417712,102,7.7227058839866,False,2
417712_103,417712,103,0.7937566918876475,False,2
417712_104,417712,104,0.9672504461986723,False,3
417712_105,417712,105,0.9849494038281804,False,3
417712_106,417712,106,0.8768086910548312,False,2
417712_107,417712,107,14.081832643754286,False,2
417712_108,417712,108,0.8832905232101003,False,2
417712_109,417712,109,1.0742033149202226,False,2
417712_110,417712,110,0.7210217593944047,False,2
417712_111,417712,111,0.797716303890979,False,2
417712_112,417712,112,1.1093000223336784,False,2
417712_113,417712,113,0.8557079424290501,False,2
417712_114,417712,114,0.820455303564106,False,2
417712_115,417712,115,0.7946545227678962,False,2
417712_116,417712,116,0.7981632113620367,False,2
418134_1,418134,1,0.4189756733202594,False,3
418134_2,418134,2,0.7347310301635127,False,2
418134_3,418134,3,1.0419295180847061,False,2
418134_4,418134,4,0.8383381402727701,False,2
418134_5,418134,5,0.7360517319480387,False,2
418135_1,418135,1,13.127867455024557,False,3
418135_2,418135,2,0.45153881106629035,False,3
418135_3,418135,3,2.1504202695618413,False,3
418135_4,418135,4,2.2491175869068147,False,4
418135_5,418135,5,6.030432862398016,False,3
465919_1,465919,1,21.541793022880952,False,4
465919_2,465919,2,2.1817713293587517,False,3
106332_1,106332,1,12.14262856522581,False,3
106332_2,106332,2,0.6487877167703833,False,2
73234_1,73234,1,5.107516470178281,False,4
73234_2,73234,2,2.797618467043295,False,4
73234_3,73234,3,6.660622505536734,False,4
73234_4,73234,4,2.8479204616026172,False,3
73234_5,73234,5,3.9773431328048763,False,3
73234_6,73234,6,1.4146218655272609,False,3
73234_7,73234,7,2.186144544140182,False,3
73234_8,73234,8,8.952677088864238,False,4
73234_9,73234,9,2.0690272746251654,False,3
178122_1,178122,1,1.4995254963752556,False,3
178122_2,178122,2,2.301376564245539,False,3
178122_3,178122,3,12.347387809790009,False,4
178122_4,178122,4,14.14399005860129,False,4
178122_5,178122,5,2.0994357792341622,False,3
38782_1,38782,1,14.393455215672253,False,4
38782_2,38782,2,6.279503268064883,False,2
212293_1,212293,1,12.415764254200045,False,3
212293_2,212293,2,3.580122764013883,False,2
212293_3,212293,3,1.367639662802237,False,1
246293_1,246293,1,1.20064956858636,False,3
246293_2,246293,2,0.3998709597048361,False,2
246293_3,246293,3,4.362561443061749,False,2
246293_4,246293,4,14.928808534134907,False,2
246293_5,246293,5,3.126503951851122,False,2
246293_6,246293,6,0.8312743193543626,False,3
246293_7,246293,7,2.996312117130953,False,4
246293_8,246293,8,9.473511856458126,False,3
246293_9,246293,9,8.596310464078437,False,3
246293_10,246293,10,5.759294404559124,False,4
246293_11,246293,11,8.37008195620047,False,4
246293_12,246293,12,2.6926213221749697,False,3
246293_13,246293,13,17.49441838467525,False,3
246293_14,246293,14,11.140468490502927,False,3
246293_15,246293,15,6.30737603845722,False,3
246293_16,246293,16,4.537017942480582,False,3
246293_17,246293,17,5.448215492149201,False,2
246293_18,246293,18,1.4997756538122493,False,2
246293_19,246293,19,1.7967571659829495,False,3
38829_1,38829,1,1.4996520347336142,False,3
38829_2,38829,2,16.26172648722798,False,3
38829_3,38829,3,23.126941957182073,False,4
38829_4,38829,4,9.056673826067948,False,3
38829_5,38829,5,1.4995678612741894,False,3
106306_1,106306,1,1.4518100659094468,False,2
106306_2,106306,2,27.691884342894692,False,3
106306_3,106306,3,11.837909513270379,False,4
106306_4,106306,4,1.3626662637645888,False,4
106306_5,106306,5,1.0671159694633654,False,4
106306_6,106306,6,10.222705998524109,False,4
106306_7,106306,7,26.319520335482835,False,4
106306_8,106306,8,45.988369679216845,False,4
106306_9,106306,9,4.337821559438694,False,4
106306_10,106306,10,4.264329087403238,False,4
106306_11,106306,11,14.214690949791061,False,3
106306_12,106306,12,14.20668526742704,False,2
106306_13,106306,13,21.246215989402355,False,3
106306_14,106306,14,11.709372949991252,False,3
106306_15,106306,15,12.395408296772779,False,2
106306_16,106306,16,4.0144980857703825,False,2
106306_17,106306,17,9.825439768248488,False,2
106306_18,106306,18,0.4157761799880641,False,3
106306_19,106306,19,5.268462274334894,False,3
106306_20,106306,20,3.5788749469868746,False,2
244346_1,244346,1,1.5000778730937785,False,3
244346_2,244346,2,4.418289672530585,False,2
244346_3,244346,3,2.6317014551782796,False,3
244346_4,244346,4,2.7700902899395086,False,4
244346_5,244346,5,6.556550021513062,False,3
244346_6,244346,6,5.778639609084196,False,3
244346_7,244346,7,3.138373771302484,False,3
244346_8,244346,8,0.6244279552936464,False,2
244346_9,244346,9,7.176376682205924,False,3
244346_10,244346,10,6.814802172217308,False,3
244346_11,244346,11,1.5284949589882384,False,2
244346_12,244346,12,2.5480310902157526,False,2
244346_13,244346,13,1.5177184764507652,False,2
244346_14,244346,14,4.5790761016895445,False,3
24850_1,24850,1,17.008186082987546,False,2
24850_2,24850,2,1.3318958954383222,False,2
24850_3,24850,3,1.3340220337528617,False,2
24850_4,24850,4,11.388555574471676,False,3
24850_5,24850,5,2.909083207156868,False,3
24850_6,24850,6,9.458971291340102,False,3
24850_7,24850,7,2.2258783898731496,False,3
24850_8,24850,8,10.885124128921989,False,2
81504_1,81504,1,1.88798046294551,False,2
81504_2,81504,2,40.03025817803297,False,3
81504_3,81504,3,15.69795256228715,False,4
81504_4,81504,4,4.235709484327127,False,4
81504_5,81504,5,1.65130610203781,False,4
81504_6,81504,6,5.839721788967724,False,4
81504_7,81504,7,4.4581280871681255,False,3
81504_8,81504,8,11.787744116535624,False,2
81504_9,81504,9,1.4997260118784688,False,3
4738_1,4738,1,1.499657550469711,False,3
4738_2,4738,2,2.4634912599381478,False,3
4738_3,4738,3,6.976439274267514,False,4
4738_4,4738,4,6.961401438247877,False,4
4738_5,4738,5,5.472915223442606,False,3
4738_6,4738,6,5.296949416860304,False,3
4738_7,4738,7,21.267187589304367,False,3
4738_8,4738,8,1.499656950663783,False,3
193308_1,193308,1,5.293791361879196,False,3
193308_2,193308,2,0.6287518377816778,False,2
193308_3,193308,3,8.652837891553073,False,3
193308_4,193308,4,5.855524707089569,False,3
193308_5,193308,5,3.888877543265923,False,2
193308_6,193308,6,1.5495692264306844,False,3
193308_7,193308,7,4.141747434161262,False,4
193308_8,193308,8,1.4626056056226888,False,3
193308_9,193308,9,3.9403995423190765,False,2
193308_10,193308,10,12.550629216845158,False,2
193308_11,193308,11,0.6346753918059592,False,2
193308_12,193308,12,1.833381930669764,False,3
193308_13,193308,13,1.187226408050988,False,3
193308_14,193308,14,1.3681496007753324,False,2
193308_15,193308,15,7.6847012043729634,False,2
193308_16,193308,16,7.936916272210667,False,3
193308_17,193308,17,3.938517555875131,False,4
193308_18,193308,18,4.750325706279069,False,4
193308_19,193308,19,8.528979941351738,False,4
193308_20,193308,20,3.604503670329584,False,4
193308_21,193308,21,5.949002601583244,False,3
177114_1,177114,1,10.633465338694004,False,4
177114_2,177114,2,2.7588777662105834,False,3
157968_1,157968,1,8.243540333835119,False,2
157968_2,157968,2,5.5651762690226025,False,2
157968_3,157968,3,4.783730979024605,False,2
157968_4,157968,4,2.713262428404384,False,2
157968_5,157968,5,6.739222877333623,False,3
157968_6,157968,6,1.697548037763044,False,3
157968_7,157968,7,7.8850037747858766,False,3
157968_8,157968,8,1.6638719204998833,False,4
157968_9,157968,9,1.6490382790186073,False,3
157968_10,157968,10,2.644342922905995,False,4
157968_11,157968,11,0.0,False,3
157968_12,157968,12,3.7139880127781595,False,4
157968_13,157968,13,10.86804619873622,False,2
157968_14,157968,14,6.62281802209703,False,3
157968_15,157968,15,4.086252322551537,False,4
157968_16,157968,16,2.479544906899117,False,3
157968_17,157968,17,0.7871647888372966,False,3
157968_18,157968,18,2.068038072414607,False,3
157968_19,157968,19,0.31108698294669335,False,2
157968_20,157968,20,8.651458600346086,False,2
157968_21,157968,21,16.199041220699666,False,2
157968_22,157968,22,4.604124463985272,False,3
157968_23,157968,23,7.1326895424163785,False,4
157968_24,157968,24,2.9024344510769926,False,3
157968_25,157968,25,7.106684636125377,False,2
157968_26,157968,26,7.207060744356816,False,2
157968_27,157968,27,7.796490480906032,False,3
157968_28,157968,28,4.554218742902738,False,4
157968_29,157968,29,11.908831614655629,False,4
157968_30,157968,30,12.608640273022141,False,3
157968_31,157968,31,1.4997265063751215,False,3
107320_1,107320,1,6.829741336609241,False,4
107320_2,107320,2,5.907542380789486,False,4
107320_3,107320,3,3.4138296693812586,False,4
107320_4,107320,4,0.3096539176508752,False,3
107320_5,107320,5,0.25272278620628214,False,3
107320_6,107320,6,0.2791493443574697,False,3
245208_1,245208,1,1.910473270543512,False,3
245208_2,245208,2,0.959111811847449,False,2
245208_3,245208,3,6.706147878743538,False,3
245208_4,245208,4,0.6739213813784005,False,3
245208_5,245208,5,6.54614419978439,False,3
245208_6,245208,6,0.5199234985141301,False,3
209453_1,209453,1,1.4995190609880307,False,3
209453_2,209453,2,12.190459628547748,False,2
209453_3,209453,3,8.966825727212052,False,3
209453_4,209453,4,1.3490028843616684,False,3
209453_5,209453,5,9.283436999426488,False,2
209453_6,209453,6,7.923130005642541,False,2
209453_7,209453,7,6.807082708399571,False,2
209453_8,209453,8,6.927089301457493,False,2
209453_9,209453,9,2.387105500319222,False,3
209453_10,209453,10,0.5511813707841592,False,3
209453_11,209453,11,7.306894569875396,False,3
209453_12,209453,12,6.148273972346641,False,4
209453_13,209453,13,6.293759895262095,False,3
209453_14,209453,14,0.2076163364155631,False,3
209453_15,209453,15,7.045340518993609,False,4
209453_16,209453,16,2.4274975440111883,False,3
209453_17,209453,17,8.288525853203863,False,3
209453_18,209453,18,3.4399757952339445,False,4
209453_19,209453,19,1.3280297906562473,False,3
110958_1,110958,1,1.499613213395925,False,3
110958_2,110958,2,12.198416279666507,False,3
110958_3,110958,3,10.656687025339869,False,4
110958_4,110958,4,0.9278224386852827,False,4
110958_5,110958,5,22.736105635997923,False,4
110958_6,110958,6,3.972114805872763,False,4
110958_7,110958,7,7.926080613112807,False,3
110958_8,110958,8,2.8118043442275122,False,3
110958_9,110958,9,0.31526100035666504,False,3
110958_10,110958,10,0.7311363561507066,False,3
110958_11,110958,11,1.8418496178178003,False,4
110958_12,110958,12,1.9365653264683969,False,4
110958_13,110958,13,18.643996891083805,False,4
110958_14,110958,14,3.003368405603104,False,4
110958_15,110958,15,9.733229455267908,False,4
110958_16,110958,16,16.738060978177213,False,3
110958_17,110958,17,1.3988936699346752,False,3
107321_1,107321,1,6.0007839374754335,False,2
107321_2,107321,2,0.540860731052989,False,2
107321_3,107321,3,5.910841908476867,False,2
107321_4,107321,4,1.4995507382031432,False,2
107321_5,107321,5,5.868229294120449,False,3
107321_6,107321,6,2.255705426256745,False,4
107321_7,107321,7,0.758757205808201,False,3
107321_8,107321,8,7.749774024821834,False,2
107321_9,107321,9,2.244328408800232,False,3
107321_10,107321,10,9.631193714592895,False,4
107321_11,107321,11,4.8845681179437035,False,4
107321_12,107321,12,12.892250745922398,False,4
107321_13,107321,13,7.842710862118966,False,3
107321_14,107321,14,2.30232294366884,False,2
107321_15,107321,15,6.647394198328848,False,3
107321_16,107321,16,2.6009126149236064,False,4
107321_17,107321,17,12.238479715225818,False,4
107321_18,107321,18,2.4571576899580787,False,3
107321_19,107321,19,9.8430317616585,False,2
107321_20,107321,20,1.5826581698173483,False,2
107321_21,107321,21,6.83902089131072,False,2
143924_1,143924,1,0.7307698564958477,False,3
143924_2,143924,2,2.4112346391423367,False,2
143924_3,143924,3,0.3170047273517428,False,2
143924_4,143924,4,1.0662846701360642,False,2
143924_5,143924,5,79.77167635022974,False,3
143924_6,143924,6,33.38455809529686,False,3
143924_7,143924,7,1.2696014669908102,False,3
143924_8,143924,8,2.481264515407464,False,4
143924_9,143924,9,13.254911742903701,False,3
143924_10,143924,10,2.4057062305004986,False,2
143880_1,143880,1,0.9412158437414158,False,3
143880_2,143880,2,0.5072143338493403,False,2
143880_3,143880,3,2.152432232139244,False,2
143880_4,143880,4,1.283557668813973,False,2
143880_5,143880,5,8.723469369520899,False,2
143880_6,143880,6,4.747641790084897,False,2
143880_7,143880,7,12.885270305850119,False,3
143880_8,143880,8,12.547351441416076,False,4
143880_9,143880,9,11.656604977632025,False,3
143880_10,143880,10,8.310573215891964,False,3
143880_11,143880,11,4.470720750073812,False,3
143880_12,143880,12,10.236019132633178,False,2
143880_13,143880,13,1.1636814565242686,False,2
143880_14,143880,14,4.621781222072499,False,2
143880_15,143880,15,0.6838143222523771,False,3
143880_16,143880,16,4.0862089636093275,False,4
143880_17,143880,17,1.000671620306485,False,3
143880_18,143880,18,4.647401645390432,False,2
143880_19,143880,19,8.795559879718958,False,2
143880_20,143880,20,11.596803708403266,False,3
143880_21,143880,21,9.822300195020256,False,3
143880_22,143880,22,12.129682121373648,False,3
143880_23,143880,23,7.136033206098545,False,4
143880_24,143880,24,6.730089001887899,False,4
143880_25,143880,25,2.160490062113952,False,4
143880_26,143880,26,2.446308451012025,False,3
143880_27,143880,27,6.5041780976414305,False,2
143880_28,143880,28,0.5747340699220924,False,3
143880_29,143880,29,0.9507786147630077,False,3
143880_30,143880,30,10.390210947429118,False,3
143880_31,143880,31,3.2460650718901594,False,3
143880_32,143880,32,7.381010490477894,False,3
143880_33,143880,33,8.877581063935622,False,3
143880_34,143880,34,8.375438483351283,False,2
143880_35,143880,35,4.2599441014213335,False,2
143880_36,143880,36,1.061066627128179,False,3
143880_37,143880,37,3.2219773944271703,False,4
143880_38,143880,38,0.9240221396320605,False,3
143880_39,143880,39,5.205242418627202,False,2
143880_40,143880,40,0.9827036079352036,False,2
143880_41,143880,41,8.312804603093609,False,3
143880_42,143880,42,9.316442210758204,False,4
143880_43,143880,43,1.1097280428041059,False,3
143880_44,143880,44,10.832178599508836,False,3
143880_45,143880,45,1.800011293289757,False,4
143880_46,143880,46,1.5070555806710069,False,3
143880_47,143880,47,10.191355769316827,False,3
143880_48,143880,48,2.476307335514556,False,3
143880_49,143880,49,8.68972451903132,False,2
143880_50,143880,50,1.7984955070275792,False,3
143880_51,143880,51,10.8601006606802,False,4
143880_52,143880,52,2.895227888056093,False,4
143880_53,143880,53,8.771633427626846,False,3
143880_54,143880,54,2.2136825408060234,False,3
143880_55,143880,55,8.758820692311003,False,4
143880_56,143880,56,3.740448712122982,False,4
143880_57,143880,57,12.558291321764976,False,4
143880_58,143880,58,4.76735880251078,False,4
143880_59,143880,59,10.65955597557137,False,4
143880_60,143880,60,7.603197337295781,False,4
143880_61,143880,61,1.8554766317423166,False,3
143880_62,143880,62,2.5003061564335907,False,2
143128_1,143128,1,1.4998239388837722,False,3
143128_2,143128,2,6.538899028528037,False,3
143128_3,143128,3,14.347110090410046,False,3
143128_4,143128,4,1.2437155128341506,False,3
143128_5,143128,5,2.5115686912658037,False,4
143128_6,143128,6,24.1793693848954,False,4
143128_7,143128,7,8.824358856657245,False,4
143128_8,143128,8,7.013666913354914,False,4
143128_9,143128,9,9.60419231792403,False,4
143128_10,143128,10,3.0832955540753084,False,4
143128_11,143128,11,17.66679236362916,False,4
143128_12,143128,12,32.69173364140319,False,4
143128_13,143128,13,13.731672813178394,False,3
143128_14,143128,14,3.8216170520550587,False,2
143128_15,143128,15,3.16636382609645,False,2
143128_16,143128,16,2.222181474567734,False,2
143128_17,143128,17,1.2605942093994404,False,3
211230_1,211230,1,7.924309621277858,False,3
211230_2,211230,2,4.332180038701462,False,3
211230_3,211230,3,10.656479435643023,False,4
211230_4,211230,4,1.8391060259543495,False,3
42449_1,42449,1,1.308636790559806,False,3
42449_2,42449,2,1.6254733418767313,False,2
42449_3,42449,3,1.2234311166588685,False,2
42449_4,42449,4,1.184515506298682,False,2
42449_5,42449,5,7.390619524398084,False,3
42449_6,42449,6,7.12629538157777,False,4
42449_7,42449,7,0.7887380964553475,False,3
42449_8,42449,8,4.722181681353371,False,3
42449_9,42449,9,31.0747073480214,False,4
42449_10,42449,10,24.166490528215107,False,3
42449_11,42449,11,5.407011719433268,False,3
42449_12,42449,12,10.335096740266911,False,3
42329_1,42329,1,1.2330186407930583,False,2
42329_2,42329,2,0.7247622652063455,False,2
42329_3,42329,3,0.39549147457335154,False,3
42329_4,42329,4,1.4456365970225171,False,3
245206_1,245206,1,9.623148679961972,False,3
245206_2,245206,2,0.9428981034920854,False,3
245206_3,245206,3,3.818260078418328,False,3
245206_4,245206,4,0.709362516942975,False,2
142910_1,142910,1,4.041595708218934,False,3
142910_2,142910,2,0.7838842567691667,False,2
142910_3,142910,3,8.201131532272658,False,3
142910_4,142910,4,0.5039446471854228,False,3
142910_5,142910,5,6.34335736300798,False,2
142910_6,142910,6,0.5608812681602772,False,2
106549_1,106549,1,1.2119554592330666,False,3
106549_2,106549,2,2.1898509687468053,False,2
106549_3,106549,3,2.4265494451744822,False,3
106549_4,106549,4,4.177866631009984,False,4
106549_5,106549,5,17.790108544615183,False,4
106549_6,106549,6,1.4935971949622742,False,3
106549_7,106549,7,2.72426954286069,False,3
106549_8,106549,8,10.894989085940557,False,4
106549_9,106549,9,6.700162153525666,False,4
106549_10,106549,10,8.541592544282636,False,4
106549_11,106549,11,3.4960673033294833,False,4
106549_12,106549,12,11.395838934345027,False,4
106549_13,106549,13,15.23880578785184,False,4
106549_14,106549,14,3.7130073554206,False,4
106549_15,106549,15,12.325782095497077,False,3
106549_16,106549,16,1.461396403189075,False,3
106549_17,106549,17,13.590230465200724,False,4
106549_18,106549,18,7.6339032062909045,False,4
106549_19,106549,19,11.21892456750424,False,4
106549_20,106549,20,14.12310752787723,False,3
106549_21,106549,21,6.178993663808987,False,2
106549_22,106549,22,9.995128007563247,False,3
106549_23,106549,23,2.7931963887102103,False,4
106549_24,106549,24,10.429918948436336,False,4
106549_25,106549,25,8.727472533477187,False,3
106549_26,106549,26,1.8994471529382493,False,2
106549_27,106549,27,0.3789291148794895,False,3
106549_28,106549,28,1.1206753629358879,False,4
106428_1,106428,1,1.499704823167948,False,3
106428_2,106428,2,8.615204801445879,False,3
106428_3,106428,3,0.5353800245022681,False,3
106428_4,106428,4,4.705746285068994,False,2
106428_5,106428,5,15.240626874690754,False,2
106428_6,106428,6,3.4461067027464973,False,2
106428_7,106428,7,10.635381418265965,False,3
106428_8,106428,8,4.876798865670798,False,5
106428_9,106428,9,0.0,False,3
106428_10,106428,10,12.773930252305176,False,5
106428_11,106428,11,8.75378211302943,False,3
106428_12,106428,12,2.269541103973068,False,2
106428_13,106428,13,5.1030829634729695,False,3
106428_14,106428,14,0.7934898172142916,False,3
106428_15,106428,15,1.6985927454397338,False,2
106428_16,106428,16,2.6613952262015785,False,2
106428_17,106428,17,13.656467126763769,False,3
106428_18,106428,18,1.2586466202411961,False,3
106428_19,106428,19,1.4078221509922053,False,2
106428_20,106428,20,11.42519742933614,False,3
106428_21,106428,21,3.4191465971401547,False,4
106428_22,106428,22,2.2986556383933796,False,3
106428_23,106428,23,1.4996254016281552,False,3
106428_24,106428,24,10.589730452090205,False,4
106428_25,106428,25,3.1837996959165547,False,4
106428_26,106428,26,10.659301166151138,False,4
106428_27,106428,27,12.303813050922333,False,4
106428_28,106428,28,2.615352086056582,False,4
106428_29,106428,29,2.2903314767031815,False,4
106428_30,106428,30,9.6045810323688,False,3
106428_31,106428,31,13.600477253333672,False,2
106428_32,106428,32,10.08516136781656,False,2
106428_33,106428,33,1.320302147596141,False,3
477327_1,477327,1,14.289397802154438,False,5
477327_2,477327,2,5.470876696481341,False,4
477327_3,477327,3,3.513742614758728,False,4
477327_4,477327,4,7.811532303650164,False,4
477327_5,477327,5,3.1035887526883137,False,4
477327_6,477327,6,8.163813824617195,False,4
477327_7,477327,7,11.516784642622223,False,3
477327_8,477327,8,5.414841219503097,False,2
478285_1,478285,1,15.589004744144422,False,4
478285_2,478285,2,14.990011527519984,False,4
478285_3,478285,3,0.9650908185640025,False,3
73278_1,73278,1,4.584712047306419,False,3
73278_2,73278,2,2.6672052802799366,False,2
73278_3,73278,3,5.799292697065389,False,3
73278_4,73278,4,6.650154577394599,False,3
73278_5,73278,5,0.7497791197103062,False,3
73278_6,73278,6,0.7377931622776118,False,3
199088_1,199088,1,1.4996001423232845,False,3
199088_2,199088,2,15.591903440154457,False,2
199088_3,199088,3,0.7934532616243141,False,3
199088_4,199088,4,25.582359992593403,False,4
199088_5,199088,5,4.566966156481001,False,3
199088_6,199088,6,5.785689704104357,False,3
199088_7,199088,7,8.120716507713134,False,4
199088_8,199088,8,1.7675858807007276,False,3
199088_9,199088,9,6.014656105931415,False,2
199088_10,199088,10,2.3029354699256865,False,3
199088_11,199088,11,4.039641058255451,False,4
199088_12,199088,12,1.7141605395463588,False,4
199088_13,199088,13,2.063949187402979,False,3
199088_14,199088,14,3.6762648136774643,False,3
199088_15,199088,15,1.4536397209382084,False,3
199088_16,199088,16,2.6804038593578032,False,3
199088_17,199088,17,3.5412402589117926,False,4
199088_18,199088,18,6.682512140186004,False,4
199088_19,199088,19,2.6083948544418645,False,3
199088_20,199088,20,2.9504061252484246,False,3
199088_21,199088,21,1.838920005526056,False,3
199088_22,199088,22,0.7925847130363392,False,3
199088_23,199088,23,1.5964818607276958,False,3
199088_24,199088,24,9.789904844515615,False,3
199088_25,199088,25,8.031525058153802,False,4
199088_26,199088,26,8.408769068363616,False,3
199088_27,199088,27,10.643946454013095,False,3
199088_28,199088,28,1.2714524256805375,False,3
199088_29,199088,29,11.987339813606184,False,2
199088_30,199088,30,3.810537397568859,False,3
199088_31,199088,31,19.610271617557448,False,4
199088_32,199088,32,15.90978356617157,False,4
199088_33,199088,33,2.5683661286310837,False,3
199088_34,199088,34,2.587175346288896,False,2
199088_35,199088,35,7.211824785034029,False,2
199088_36,199088,36,3.1069442176843127,False,2
199088_37,199088,37,1.4986475386161051,False,3
211236_1,211236,1,13.098103232379948,False,4
211236_2,211236,2,0.6638204631770673,False,4
211236_3,211236,3,9.184290799011697,False,4
211236_4,211236,4,0.7098286555182597,False,3
4736_1,4736,1,3.9793464489764085,False,3
4736_2,4736,2,5.53949361244504,False,3
4736_3,4736,3,1.1602032551958112,False,3
4736_4,4736,4,4.9376682376710574,False,4
4736_5,4736,5,4.171694487600588,False,3
4736_6,4736,6,19.155734540989577,False,2
4736_7,4736,7,2.0523698058407907,False,2
4736_8,4736,8,4.702607125597837,False,2
4736_9,4736,9,7.487546702283349,False,3
4736_10,4736,10,2.8566618120382548,False,2
72214_1,72214,1,5.3466691029337206,False,4
72214_2,72214,2,8.968866975169256,False,4
72214_3,72214,3,3.1822429081865025,False,3
72214_4,72214,4,1.121683685167569,False,2
246291_1,246291,1,1.055654180890446,False,2
246291_2,246291,2,1.1133545044915498,False,2
246291_3,246291,3,1.3119256812060773,False,3
246291_4,246291,4,2.3488893102373725,False,3
246291_5,246291,5,3.1616142294022658,False,3
246291_6,246291,6,1.0867091720216566,False,3
246291_7,246291,7,6.483625043451781,False,3
246291_8,246291,8,10.444581109423863,False,3
246291_9,246291,9,15.869004665442063,False,3
246291_10,246291,10,7.363199796901111,False,3
246291_11,246291,11,0.5358768673281465,False,3
246291_12,246291,12,2.6295885470926175,False,3
246291_13,246291,13,1.49881592405869,False,3
246291_14,246291,14,11.838993493260201,False,3
246291_15,246291,15,10.949132364975501,False,3
246291_16,246291,16,2.4606163901223126,False,4
246291_17,246291,17,7.429715139206947,False,3
246291_18,246291,18,4.030356239003792,False,2
246291_19,246291,19,6.1143679815729985,False,3
246291_20,246291,20,5.293723538846032,False,4
246291_21,246291,21,7.215794297328824,False,4
246291_22,246291,22,5.627553952477638,False,3
246291_23,246291,23,1.188280008559449,False,4
246291_24,246291,24,1.499710426141125,False,4
246291_25,246291,25,4.1521252475831485,False,3
246291_26,246291,26,14.622044751340127,False,4
246291_27,246291,27,12.66751821840671,False,4
246291_28,246291,28,2.01556114473924,False,4
246291_29,246291,29,9.94799213507778,False,3
246291_30,246291,30,2.3315528607340625,False,3
246291_31,246291,31,11.932580927231669,False,4
246291_32,246291,32,7.041560756359101,False,4
246291_33,246291,33,12.085190717504378,False,4
246291_34,246291,34,4.046542074644109,False,3
246291_35,246291,35,9.573059105873062,False,3
246291_36,246291,36,3.2843405558453824,False,4
246291_37,246291,37,8.133399377357673,False,4
246291_38,246291,38,3.682206868701364,False,4
246291_39,246291,39,7.90837704624494,False,4
246291_40,246291,40,16.765610495858283,False,4
246291_41,246291,41,2.2845809777448314,False,4
246291_42,246291,42,8.398306423142785,False,3
246291_43,246291,43,1.4987003468773628,False,3
199089_1,199089,1,1.4096494554363137,False,3
199089_2,199089,2,1.3946246875128911,False,2
199089_3,199089,3,1.3805462456989432,False,2
199089_4,199089,4,1.5665547459454516,False,2
199089_5,199089,5,9.953182788465996,False,2
199089_6,199089,6,11.808301602634838,False,3
199089_7,199089,7,3.4811532110966197,False,4
199089_8,199089,8,17.307178886034798,False,3
199089_9,199089,9,2.826066201424535,False,2
199089_10,199089,10,2.846524637606679,False,2
199089_11,199089,11,13.179242685190083,False,2
107368_1,107368,1,1.499604951197428,False,3
107368_2,107368,2,20.2428182577074,False,2
107368_3,107368,3,3.236949114351783,False,3
107368_4,107368,4,7.934201037560443,False,3
107368_5,107368,5,1.993473062444335,False,3
107368_6,107368,6,9.829511247151634,False,3
107368_7,107368,7,3.202163557271229,False,2
107368_8,107368,8,7.614064890981204,False,2
107368_9,107368,9,4.639424651868842,False,2
107368_10,107368,10,1.1700951861721616,False,3
107368_11,107368,11,10.716243201657754,False,3
107368_12,107368,12,2.1034872639346314,False,2
107368_13,107368,13,11.761979773329426,False,3
107368_14,107368,14,2.0624489503787533,False,4
107368_15,107368,15,6.367386705321109,False,3
107368_16,107368,16,4.482925412260059,False,3
107368_17,107368,17,2.0855717185425067,False,4
107368_18,107368,18,10.467545153868453,False,4
107368_19,107368,19,8.39206506521032,False,4
107368_20,107368,20,7.491281682207676,False,4
107368_21,107368,21,9.977670589177235,False,3
107368_22,107368,22,4.71215231994041,False,2
107368_23,107368,23,0.7860461171016991,False,3
107368_24,107368,24,1.3959616394025718,False,3
107368_25,107368,25,1.1440373614840373,False,3
116528_1,116528,1,1.6275246133180197,False,3
116528_2,116528,2,1.4820329483878025,False,2
116528_3,116528,3,13.932311028769565,False,2
116528_4,116528,4,0.6347696776505865,False,3
116528_5,116528,5,0.7831643397494574,False,4
116528_6,116528,6,5.23462699964368,False,3
116528_7,116528,7,16.02477359545845,False,3
116528_8,116528,8,4.650982704103405,False,4
116528_9,116528,9,21.2137223953012,False,4
116528_10,116528,10,3.0904185855117148,False,4
116528_11,116528,11,35.794747880336054,False,4
116528_12,116528,12,5.274922879108664,False,4
116528_13,116528,13,10.994726235403565,False,4
116528_14,116528,14,18.395363624634722,False,4
116528_15,116528,15,3.516826176925749,False,4
116528_16,116528,16,0.9782218298858532,False,3
116528_17,116528,17,6.918622780401914,False,2
116528_18,116528,18,3.1579195402277698,False,2
116528_19,116528,19,0.6919395762655481,False,2
116528_20,116528,20,1.4989230747462763,False,3
3679_1,3679,1,6.947994657707757,False,4
3679_2,3679,2,11.118739746610231,False,4
3679_3,3679,3,1.255582913819508,False,3
178160_1,178160,1,8.860684673297625,False,3
178160_2,178160,2,3.9558310283815783,False,3
178160_3,178160,3,4.546809900981239,False,4
178160_4,178160,4,0.2770394097477516,False,3
178160_5,178160,5,0.13797492086085214,False,2
178160_6,178160,6,1.0819748161051914,False,2
215096_1,215096,1,1.4999915052840262,False,3
215096_2,215096,2,1.5839724377770943,False,2
215096_3,215096,3,2.3496408806500177,False,2
215096_4,215096,4,10.63531345689733,False,3
215096_5,215096,5,5.461808714919697,False,3
215096_6,215096,6,0.9687410912852967,False,2
215096_7,215096,7,16.09150182859381,False,3
215096_8,215096,8,3.389760021884794,False,3
215096_9,215096,9,13.6912657997998,False,3
215096_10,215096,10,4.954906109020563,False,4
215096_11,215096,11,8.513213453626093,False,4
215096_12,215096,12,15.456256034790961,False,4
215096_13,215096,13,8.80890157131146,False,4
215096_14,215096,14,10.154516377912534,False,4
215096_15,215096,15,11.19508026180325,False,4
215096_16,215096,16,2.459782532839331,False,4
215096_17,215096,17,1.1345438296685773,False,3
215096_18,215096,18,24.00835173331318,False,3
215096_19,215096,19,12.245823273101893,False,3
215096_20,215096,20,0.27446329520206975,False,2
215096_21,215096,21,1.2252168748606698,False,3
3680_1,3680,1,10.518920698092833,False,4
3680_2,3680,2,4.453053867199049,False,3
3680_3,3680,3,2.27197373845432,False,3
3680_4,3680,4,0.6658134851485384,False,3
99395_1,99395,1,1.4997259273896462,False,3
99395_2,99395,2,15.507003897779889,False,3
99395_3,99395,3,1.7606130611502266,False,3
99395_4,99395,4,12.567051157650448,False,3
99395_5,99395,5,18.933827949856507,False,4
99395_6,99395,6,12.624548359626804,False,4
99395_7,99395,7,16.942696165253224,False,4
99395_8,99395,8,6.641914580800468,False,4
99395_9,99395,9,22.666615041911484,False,3
99395_10,99395,10,2.605319395240615,False,2
99395_11,99395,11,3.4276060884457946,False,3
99395_12,99395,12,14.211583102926479,False,3
99395_13,99395,13,13.722306478589854,False,2
99395_14,99395,14,11.921575966753966,False,2
59978_1,59978,1,2.53933450627585,False,4
59978_2,59978,2,0.7348118880672639,False,3
59978_3,59978,3,10.730858224765917,False,3
59978_4,59978,4,0.513865843672124,False,2
106335_1,106335,1,8.310758988802062,False,3
106335_2,106335,2,5.173652053281007,False,3
106335_3,106335,3,3.355058876834774,False,3
106335_4,106335,4,1.6051554992219796,False,2
106335_5,106335,5,4.531178739588844,False,3
106335_6,106335,6,0.3869130239391493,False,3
278257_1,278257,1,1.4997854446028152,False,3
278257_2,278257,2,1.1108458737743363,False,2
278257_3,278257,3,3.368703443878221,False,2
278257_4,278257,4,8.149252725030115,False,2
278257_5,278257,5,1.66422960519215,False,3
278257_6,278257,6,6.5519794706147785,False,3
278257_7,278257,7,6.029252373457199,False,3
278257_8,278257,8,2.561891959321234,False,4
278257_9,278257,9,3.291264535714308,False,4
278257_10,278257,10,16.23213385083842,False,4
278257_11,278257,11,6.429998209717947,False,3
278257_12,278257,12,1.5158088660424067,False,2
278257_13,278257,13,3.442102539211151,False,3
278257_14,278257,14,3.107319810144167,False,3
278257_15,278257,15,10.550962783634427,False,3
278257_16,278257,16,14.633605068884142,False,4
278257_17,278257,17,1.876570163412239,False,4
278257_18,278257,18,9.433993430319093,False,3
278257_19,278257,19,2.3745308184320013,False,3
278257_20,278257,20,1.2086851842092925,False,3
278257_21,278257,21,1.4988229696218163,False,2
278257_22,278257,22,0.8728206470526112,False,3
278257_23,278257,23,0.635715518277495,False,3
278257_24,278257,24,1.0314898935958328,False,3
278257_25,278257,25,13.634429457835083,False,4
278257_26,278257,26,5.239760545962988,False,3
278257_27,278257,27,5.5350862652791495,False,3
278257_28,278257,28,6.508325725614897,False,3
278257_29,278257,29,4.464040287483324,False,3
278257_30,278257,30,10.103758387365895,False,3
278257_31,278257,31,1.499782527478795,False,3
146526_1,146526,1,2.6003163685837167,False,3
146526_2,146526,2,1.2246641941290453,False,2
146526_3,146526,3,10.026197062190713,False,3
146526_4,146526,4,1.1294230677580668,False,3
177120_1,177120,1,13.443503586711495,False,4
177120_2,177120,2,0.8376855223603844,False,3
238579_1,238579,1,7.40937607445102,False,2
238579_2,238579,2,2.2289730818554867,False,3
238579_3,238579,3,2.637832155790511,False,4
238579_4,238579,4,7.7804372691815,False,3
238579_5,238579,5,9.992334914732938,False,2
238579_6,238579,6,11.772219271697525,False,3
238579_7,238579,7,2.091826839149943,False,3
238579_8,238579,8,1.4989090600618122,False,3
177118_1,177118,1,3.64727093830704,False,4
177118_2,177118,2,3.8886295512389975,False,3
177118_3,177118,3,3.922988874407495,False,2
177118_4,177118,4,1.0315432474823698,False,3
177118_5,177118,5,5.132733494215845,False,4
177118_6,177118,6,1.8055541738627259,False,3
146525_1,146525,1,1.4680721472592198,False,2
146525_2,146525,2,1.4084356228044805,False,2
146525_3,146525,3,0.9636737139579704,False,2
42328_1,42328,1,1.0870217049345292,False,2
42328_2,42328,2,1.4703794291848469,False,2
42328_3,42328,3,4.704435429306118,False,2
42328_4,42328,4,1.2424402162054164,False,2
42328_5,42328,5,1.2752881451877556,False,3
143929_1,143929,1,9.082990772163535,False,3
143929_2,143929,2,1.4446832888654086,False,3
143929_3,143929,3,4.071554047647187,False,3
143929_4,143929,4,0.2940919797723876,False,2
143929_5,143929,5,0.5691218201924618,False,2
244343_1,244343,1,2.594296902073018,False,3
244343_2,244343,2,11.188777042991893,False,3
244343_3,244343,3,0.621770264056617,False,2
278189_1,278189,1,4.842811015611772,False,3
278189_2,278189,2,15.03240497653851,False,4
278189_3,278189,3,24.413219923932772,False,4
278189_4,278189,4,0.697402335876487,False,4
278189_5,278189,5,4.215211858242718,False,3
278189_6,278189,6,1.1991324221523714,False,4
278189_7,278189,7,1.4996975544841264,False,4
278189_8,278189,8,22.479747377904147,False,3
278189_9,278189,9,8.526674942949674,False,4
278189_10,278189,10,4.118648682684264,False,4
278189_11,278189,11,13.823081023279258,False,4
278189_12,278189,12,13.0022697530759,False,4
278189_13,278189,13,6.030718497591835,False,4
278189_14,278189,14,16.94137417626036,False,4
278189_15,278189,15,14.926837170031284,False,4
278189_16,278189,16,2.1275557828972467,False,4
278189_17,278189,17,23.29142745207981,False,4
278189_18,278189,18,0.2666394170683594,False,3
278189_19,278189,19,1.3096997188715658,False,3
278189_20,278189,20,21.906270031153728,False,3
278189_21,278189,21,3.184430578772164,False,2
278189_22,278189,22,1.4996706216899909,False,3
420515_1,420515,1,16.933612377039715,False,3
420515_2,420515,2,1.4078676482197643,False,4
420516_1,420516,1,1.742754001878907,False,2
420516_2,420516,2,1.110933667679316,False,2
420516_3,420516,3,0.476110485301895,False,2
420516_4,420516,4,0.47611038542574147,False,2
420752_1,420752,1,9.528441838614002,False,3
420752_2,420752,2,5.125231752437743,False,4
420752_3,420752,3,3.1013856561687128,False,4
411544_1,411544,1,1.2578606241857035,False,3
411544_2,411544,2,2.5250422433304966,False,2
411542_1,411542,1,1.2325724257822508,False,3
411542_2,411542,2,1.3593731853258528,False,2
411542_3,411542,3,4.280130275602996,False,2
411542_4,411542,4,10.857362518097993,False,2
411542_5,411542,5,0.5686293230635603,False,3
411542_6,411542,6,1.080098325699872,False,3
411542_7,411542,7,0.26146182044146143,False,3
411542_8,411542,8,9.080160014634117,False,4
411542_9,411542,9,4.2490031373057136,False,4
411542_10,411542,10,10.074864708960039,False,3
411542_11,411542,11,1.9456632691427052,False,3
411542_12,411542,12,4.5713005827157795,False,3
411542_13,411542,13,3.9203820845819446,False,3
411542_14,411542,14,6.599065438255476,False,4
411542_15,411542,15,12.792040559838703,False,3
411542_16,411542,16,1.8275092553324768,False,3
411542_17,411542,17,7.899023835300258,False,4
411542_18,411542,18,3.6864609970983646,False,4
411542_19,411542,19,2.837998792469308,False,4
411542_20,411542,20,6.903662491195308,False,3
411542_21,411542,21,4.826458816997373,False,3
411542_22,411542,22,12.610088819488253,False,3
411542_23,411542,23,4.194084949300311,False,3
411542_24,411542,24,1.5269597001896151,False,2
411543_1,411543,1,8.994117119266505,False,3
411543_2,411543,2,4.204340037171406,False,3
411543_3,411543,3,6.579059416480806,False,2
411543_4,411543,4,3.254171031499516,False,3
411543_5,411543,5,27.394680223332855,False,3
411543_6,411543,6,1.2410472831892303,False,3
246292_1,246292,1,11.680665987586048,False,4
246292_2,246292,2,6.085295822066656,False,4
246292_3,246292,3,1.8032996139586726,False,4
246292_4,246292,4,2.117437156131029,False,3
246292_5,246292,5,1.4635197549392411,False,2
143927_1,143927,1,18.935826585811753,False,2
143927_2,143927,2,9.836308581006415,False,3
143927_3,143927,3,8.134698703683465,False,4
143927_4,143927,4,7.262998525855054,False,4
143927_5,143927,5,0.6898604539201156,False,3
72431_1,72431,1,9.452086291692808,False,4
72431_2,72431,2,11.084698465889279,False,4
72431_3,72431,3,0.7798471538948658,False,3
245205_1,245205,1,9.732432486362681,False,4
245205_2,245205,2,0.8879469612113413,False,4
245205_3,245205,3,10.301423551520324,False,2
143086_1,143086,1,14.877227279732951,False,4
143086_2,143086,2,0.9778252321207411,False,3
212292_1,212292,1,9.68319273385532,False,3
212292_2,212292,2,1.350602627438771,False,2
212290_1,212290,1,1.3183622634012755,False,3
212290_2,212290,2,1.525359031555805,False,2
212290_3,212290,3,1.227818948459797,False,2
212290_4,212290,4,1.088809807251283,False,2
212290_5,212290,5,23.35596337181723,False,3
212290_6,212290,6,11.673057818805644,False,4
212290_7,212290,7,1.8886543801615931,False,4
212290_8,212290,8,3.1614923369639447,False,4
212290_9,212290,9,11.761699495297675,False,4
212290_10,212290,10,3.2250780938060206,False,4
212290_11,212290,11,1.4997823192184516,False,3
246289_1,246289,1,14.894668858452167,False,3
246289_2,246289,2,3.084417934923359,False,3
246289_3,246289,3,0.9376471217376423,False,3
246289_4,246289,4,0.7037633559054848,False,2
211437_1,211437,1,12.856162138226912,False,4
211437_2,211437,2,0.8927680603094031,False,4
211437_3,211437,3,9.708884802946882,False,4
211437_4,211437,4,0.632785242894603,False,3
106337_1,106337,1,13.366208508954026,False,3
106337_2,106337,2,2.633498479301961,False,3
106337_3,106337,3,3.8831527250803295,False,3
37761_1,37761,1,1.4995925444749545,False,3
37761_2,37761,2,3.173115374283176,False,3
37761_3,37761,3,2.1783535920120882,False,3
106356_1,106356,1,7.495614990263156,False,4
106356_2,106356,2,5.930464009825565,False,4
106356_3,106356,3,3.029171064075037,False,4
106356_4,106356,4,0.8932456806760251,False,3
110836_1,110836,1,1.4619633929526363,False,3
110836_2,110836,2,1.8801026277844541,False,2
110836_3,110836,3,3.022194697599686,False,2
110836_4,110836,4,10.591603097946559,False,2
110836_5,110836,5,2.192460446972341,False,2
110836_6,110836,6,12.285169305638096,False,2
110836_7,110836,7,3.286669908760571,False,3
110836_8,110836,8,24.913676025598985,False,4
110836_9,110836,9,4.688799700140124,False,4
110836_10,110836,10,20.720937284195518,False,4
110836_11,110836,11,2.385437837191316,False,4
110836_12,110836,12,10.031473428443979,False,4
110836_13,110836,13,3.0433352558090006,False,4
110836_14,110836,14,8.798831190744204,False,4
110836_15,110836,15,1.9724387019702856,False,3
110836_16,110836,16,3.536146598082973,False,3
110836_17,110836,17,10.77585797777298,False,3
110836_18,110836,18,1.105183455863258,False,3
110836_19,110836,19,13.609767968900552,False,3
110836_20,110836,20,5.099740788225471,False,3
110836_21,110836,21,5.016711148153331,False,4
110836_22,110836,22,14.6354308100392,False,4
110836_23,110836,23,2.3034193555770313,False,4
110836_24,110836,24,10.935320621861875,False,4
110836_25,110836,25,7.894052703302535,False,4
110836_26,110836,26,14.259495076787005,False,3
110836_27,110836,27,1.0629843680690767,False,3
110836_28,110836,28,9.553437869054049,False,3
246346_1,246346,1,1.4996402012675656,False,3
246346_2,246346,2,8.880098953413214,False,3
246346_3,246346,3,10.984565128090944,False,3
246346_4,246346,4,3.142332375449279,False,3
246346_5,246346,5,10.509687434952694,False,4
246346_6,246346,6,2.244664595255671,False,4
246346_7,246346,7,12.562184453018105,False,4
246346_8,246346,8,8.749086583166479,False,4
246346_9,246346,9,3.243283162079162,False,4
246346_10,246346,10,12.267370068148193,False,4
246346_11,246346,11,0.8018830615796398,False,3
246346_12,246346,12,7.0129796842479095,False,2
246346_13,246346,13,9.655064692803268,False,2
246346_14,246346,14,1.3574953273532941,False,3
246346_15,246346,15,4.255242287350315,False,3
246346_16,246346,16,3.484478444250935,False,3
246346_17,246346,17,6.812820777508492,False,4
246346_18,246346,18,14.49010621163808,False,4
246346_19,246346,19,2.610481357608704,False,4
246346_20,246346,20,11.590601400932176,False,3
246346_21,246346,21,1.4508258514192605,False,2
73316_1,73316,1,12.748166742458894,False,3
73316_2,73316,2,3.6629132433244402,False,2
73316_3,73316,3,0.3649214561090121,False,2
73316_4,73316,4,0.5858112370415636,False,2
178219_1,178219,1,13.972001092159944,False,4
178219_2,178219,2,1.572530812806995,False,3
178219_3,178219,3,1.9114587602702096,False,2
246347_1,246347,1,8.458115559467407,False,4
246347_2,246347,2,1.054714376614477,False,4
246347_3,246347,3,3.666892714763148,False,4
246347_4,246347,4,1.704502021539439,False,3
143984_1,143984,1,15.878311183387277,False,4
143984_2,143984,2,3.1756148136630786,False,3
143984_3,143984,3,10.462865618766115,False,3
143984_4,143984,4,0.6099131148795823,False,3
73315_1,73315,1,20.386072518046472,False,3
73315_2,73315,2,4.403108337249285,False,3
73315_3,73315,3,10.18701545853319,False,3
73315_4,73315,4,16.58080197759071,False,4
73315_5,73315,5,23.716345554462425,False,4
73315_6,73315,6,16.011860116396747,False,4
73315_7,73315,7,14.598152439027835,False,4
73315_8,73315,8,2.021650843293581,False,3
73315_9,73315,9,9.605120359713524,False,3
73315_10,73315,10,0.4808776867343626,False,3
73315_11,73315,11,1.5197946177046278,False,2
73315_12,73315,12,4.713675782009817,False,3
73315_13,73315,13,1.5878537308114935,False,3
73315_14,73315,14,3.7631798095684252,False,2
73315_15,73315,15,0.2237411313648982,False,2
73315_16,73315,16,1.2749330769468379,False,3
178212_1,178212,1,1.5002006568729147,False,3
178212_2,178212,2,3.496452312699246,False,3
246348_1,246348,1,12.903630153187866,False,4
246348_2,246348,2,3.424051310194004,False,2
246349_1,246349,1,7.301336785552158,False,3
246349_2,246349,2,4.322592072577836,False,3
246349_3,246349,3,4.183070442273912,False,3
246349_4,246349,4,0.3752559528087232,False,2
246349_5,246349,5,1.1907866666113338,False,2
38878_1,38878,1,14.394832841631029,False,3
439266_1,439266,1,3.316871265833195,False,3
439266_2,439266,2,2.5449458472852755,False,4
439266_3,439266,3,12.514202918566316,False,4
439266_4,439266,4,12.51394913411566,False,4
439266_5,439266,5,16.91386499708303,False,3
439266_6,439266,6,2.6298416536668747,False,2
439266_7,439266,7,2.7757994497017107,False,2
439266_8,439266,8,17.02276370907427,False,3
439266_9,439266,9,14.201035059505259,False,4
439266_10,439266,10,12.90631363019152,False,4
439266_11,439266,11,7.079419532889327,False,3
439266_12,439266,12,6.599392238028278,False,3
439266_13,439266,13,13.271769583653617,False,4
439266_14,439266,14,0.6232669185689299,False,4
439266_15,439266,15,6.5976515220401994,False,3
439266_16,439266,16,3.551186774107294,False,3
439266_17,439266,17,8.49981844477062,False,4
439266_18,439266,18,6.484299911537168,False,4
439266_19,439266,19,12.165339584295952,False,3
439266_20,439266,20,14.196784537249599,False,3
439266_21,439266,21,3.224494420476081,False,4
439266_22,439266,22,11.443002439889051,False,4
439266_23,439266,23,5.563006782680148,False,3
439266_24,439266,24,9.210751713563996,False,2
439266_25,439266,25,1.9169538553737606,False,3
439266_26,439266,26,1.750494928551804,False,3
439847_1,439847,1,8.144814275053562,False,2
439847_2,439847,2,3.041093989041108,False,3
439847_3,439847,3,4.349734336216702,False,4
439847_4,439847,4,1.4995779993061324,False,3
439847_5,439847,5,10.953453199292406,False,3
439847_6,439847,6,7.095297645172297,False,3
439847_7,439847,7,7.538397580780724,False,3
439847_8,439847,8,4.178164393824281,False,4
439847_9,439847,9,9.559226259596462,False,4
439847_10,439847,10,17.35494791886868,False,3
439847_11,439847,11,17.009031218866397,False,3
439847_12,439847,12,8.125670625228702,False,3
439847_13,439847,13,8.119661418111043,False,3
439847_14,439847,14,1.7844429358811165,False,3
439847_15,439847,15,18.728599637513543,False,2
439847_16,439847,16,10.31951187897044,False,3
439847_17,439847,17,4.450948542751619,False,4
439847_18,439847,18,5.058864457108504,False,4
439847_19,439847,19,4.334927106559596,False,4
439847_20,439847,20,7.85014517444277,False,4
439847_21,439847,21,10.676502198184785,False,3
439847_22,439847,22,5.285686416559126,False,3
439847_23,439847,23,3.3687885706142535,False,3
439847_24,439847,24,0.9102236766187985,False,3
439847_25,439847,25,1.4996802422238091,False,3
439847_26,439847,26,11.70222237466916,False,3
439847_27,439847,27,2.5793258181661405,False,4
439847_28,439847,28,14.252580654847076,False,4
439847_29,439847,29,11.004390509288296,False,4
439847_30,439847,30,13.832761905500973,False,4
439847_31,439847,31,14.361573860618323,False,4
439847_32,439847,32,3.566125231824095,False,4
439847_33,439847,33,1.7775517902654738,False,3
439847_34,439847,34,12.463997078003137,False,3
439847_35,439847,35,27.8853621237024,False,3
439847_36,439847,36,1.4996341063339045,False,3
439847_37,439847,37,1.4988572127511512,False,3
439847_38,439847,38,1.6087732915332795,False,3
439847_39,439847,39,18.506678931572324,False,4
439847_40,439847,40,31.383555797726647,False,4
439847_41,439847,41,23.615402515689784,False,4
439847_42,439847,42,2.7313700354223305,False,3
439847_43,439847,43,8.550942252293668,False,3
439847_44,439847,44,13.254883874567097,False,3
439847_45,439847,45,10.486507688577419,False,3
439847_46,439847,46,0.6784884786563983,False,3
439847_47,439847,47,30.91733509531943,False,2
439848_1,439848,1,3.614837493715038,False,3
439848_2,439848,2,20.825753064418496,False,4
245215_1,245215,1,12.020941603810682,False,4
245215_2,245215,2,0.5728984776411837,False,3
37762_1,37762,1,12.408380755947984,False,4
37762_2,37762,2,1.1436808097376578,False,4
37762_3,37762,3,5.099553927735025,False,4
37762_4,37762,4,1.5005519198769657,False,3
37762_5,37762,5,1.7187177808601068,False,2
37763_1,37763,1,13.920518688657832,False,4
37763_2,37763,2,1.6644917062960574,False,4
37763_3,37763,3,7.232886735600381,False,4
37763_4,37763,4,0.25424438208712297,False,3
411654_1,411654,1,3.6251082580848393,False,2
419196_1,419196,1,1.1627816408779459,False,3
419196_2,419196,2,4.055966105943237,False,4
419196_3,419196,3,6.443344256859361,False,3
419203_1,419203,1,1.4718232961752884,False,3
419203_2,419203,2,1.991172187307002,False,2
419203_3,419203,3,1.5139621495090196,False,2
419203_4,419203,4,2.3967724323308226,False,2
419203_5,419203,5,9.330770965127888,False,4
419203_6,419203,6,3.2781926463986437,False,3
419203_7,419203,7,16.299962798281143,False,3
419203_8,419203,8,23.335302591536912,False,4
419203_9,419203,9,14.730428918789451,False,4
419203_10,419203,10,5.302681928670805,False,4
419203_11,419203,11,2.0564876427327623,False,3
419203_12,419203,12,9.435477150013147,False,3
419203_13,419203,13,2.2076976835281057,False,3
419203_14,419203,14,9.923551244586394,False,3
419203_15,419203,15,23.599181533339472,False,3
30854_1,30854,1,1.4988801324454506,False,3
30854_2,30854,2,1.1919305861282086,False,2
3678_1,3678,1,10.161692098013692,False,4
3678_2,3678,2,7.353775430904967,False,4
3678_3,3678,3,3.9419156936384105,False,4
170309_1,170309,1,0.6859336697403243,False,2
170309_2,170309,2,1.3615398248394783,False,2
170309_3,170309,3,2.1093866513254187,False,2
170309_4,170309,4,1.2527410183841399,False,2
170309_5,170309,5,1.4237239912082773,False,2
177117_1,177117,1,9.240261575943984,False,4
177117_2,177117,2,6.873998452691125,False,4
177117_3,177117,3,3.8818666926551484,False,3
110975_1,110975,1,0.5269229538651319,False,2
110975_2,110975,2,0.8531818415752451,False,2
110975_3,110975,3,2.4272894097576607,False,2
110975_4,110975,4,0.7635673794403465,False,2
110975_5,110975,5,0.5790041983849183,False,2
110974_1,110974,1,1.4996893351496126,False,3
110974_2,110974,2,1.2476802158313511,False,2
178165_1,178165,1,0.6418688811416117,False,2
178165_2,178165,2,2.3824603163061817,False,3
178165_3,178165,3,7.141682541142419,False,3
178165_4,178165,4,2.396284153996815,False,3
178165_5,178165,5,5.521821217314501,False,3
178165_6,178165,6,4.7635451536284,False,3
178165_7,178165,7,8.721483952995856,False,4
178165_8,178165,8,2.0453570443483353,False,3
178165_9,178165,9,10.122108886656324,False,2
107364_1,107364,1,8.1436452942779,False,4
107364_2,107364,2,4.535666228603582,False,4
107364_3,107364,3,0.823768964369346,False,3
107364_4,107364,4,1.749461812134676,False,2
246290_1,246290,1,14.605674615687514,False,4
246290_2,246290,2,3.7828887386768346,False,4
245212_1,245212,1,11.574746441781453,False,3
245212_2,245212,2,3.8979439071171433,False,3
245212_3,245212,3,6.281190918773122,False,3
177116_1,177116,1,6.826086024911913,False,3
73276_1,73276,1,10.839345288827086,False,4
73276_2,73276,2,2.175391998778032,False,4
73276_3,73276,3,6.009122019637465,False,3
73276_4,73276,4,0.8869086014291271,False,3
73276_5,73276,5,2.7868287647512155,False,3
142911_1,142911,1,17.038352801248994,False,4
142911_2,142911,2,2.4103768608249885,False,2
143182_1,143182,1,1.499546491738352,False,3
143182_2,143182,2,1.718471251684015,False,2
143182_3,143182,3,2.261419983612264,False,2
143182_4,143182,4,1.0030376750901855,False,2
143182_5,143182,5,8.109995412603482,False,3
143182_6,143182,6,7.2136181511620165,False,3
143182_7,143182,7,0.4730710959529156,False,2
143182_8,143182,8,1.598299666004751,False,2
143182_9,143182,9,0.5644660511031522,False,2
143182_10,143182,10,11.395750053441933,False,3
143182_11,143182,11,8.083576608183256,False,3
143182_12,143182,12,1.4995770163478817,False,2
143182_13,143182,13,4.76365705953701,False,2
143182_14,143182,14,17.5311027299151,False,3
143182_15,143182,15,12.634661178672166,False,4
143182_16,143182,16,10.964984390212022,False,4
143182_17,143182,17,1.9054882520179761,False,4
143182_18,143182,18,11.770045850648751,False,4
143182_19,143182,19,7.236702647954667,False,4
143182_20,143182,20,9.16227893319833,False,4
143182_21,143182,21,2.074602015292369,False,4
143182_22,143182,22,7.746561666929339,False,4
143182_23,143182,23,1.7526890732903984,False,4
143182_24,143182,24,1.4435552671455065,False,4
143182_25,143182,25,11.313373374881033,False,4
143182_26,143182,26,3.900253788085719,False,4
143182_27,143182,27,5.895930349718361,False,3
143182_28,143182,28,5.891633944744139,False,2
143182_29,143182,29,1.4906010934648408,False,3
142930_1,142930,1,9.577744841031311,False,4
142930_2,142930,2,3.7209762127792954,False,4
142930_3,142930,3,2.232467344736666,False,3
106360_1,106360,1,0.752076680454588,False,3
106360_2,106360,2,13.751296229141248,False,3
106360_3,106360,3,0.580842694613709,False,3
211476_1,211476,1,1.499698346507106,False,3
211476_2,211476,2,15.94493209868947,False,3
211476_3,211476,3,2.365092421788854,False,4
211476_4,211476,4,9.895099754233446,False,4
211476_5,211476,5,2.312871524727168,False,4
211476_6,211476,6,8.702470414927179,False,4
211476_7,211476,7,3.3335281434702453,False,4
211476_8,211476,8,8.960143722665979,False,4
211476_9,211476,9,14.88338056521371,False,4
211476_10,211476,10,2.41556213837705,False,3
211476_11,211476,11,11.72697357247864,False,3
211476_12,211476,12,2.44245171479622,False,4
211476_13,211476,13,12.602885882184864,False,4
211476_14,211476,14,5.101329178568781,False,4
211476_15,211476,15,11.946979111632135,False,4
211476_16,211476,16,2.5885049545479073,False,4
211476_17,211476,17,13.107564946544635,False,3
211476_18,211476,18,1.4997816790104164,False,2
211476_19,211476,19,2.5690184224938992,False,2
211476_20,211476,20,2.053691435272525,False,2
211476_21,211476,21,4.373445713622964,False,3
211476_22,211476,22,8.725812925096475,False,4
211476_23,211476,23,8.032986991983524,False,4
211476_24,211476,24,1.902696994316802,False,3
211476_25,211476,25,7.580989505601298,False,3
211476_26,211476,26,2.962604011864517,False,4
211476_27,211476,27,2.34363467829624,False,3
211476_28,211476,28,2.0805983046250622,False,2
211476_29,211476,29,4.614700441309341,False,2
211476_30,211476,30,0.3568996226414361,False,2
211476_31,211476,31,1.1426741833154472,False,3
143985_1,143985,1,3.973904603198347,False,2
143985_2,143985,2,36.62757302596915,False,2
143985_3,143985,3,8.793150612426626,False,2
143985_4,143985,4,1.4996952598500546,False,2
143985_5,143985,5,8.43932442049934,False,2
245471_1,245471,1,1.4997937652088933,False,1
245471_2,245471,2,16.345838306525916,False,3
245471_3,245471,3,14.33958683237385,False,4
245471_4,245471,4,3.6375069147708126,False,3
245471_5,245471,5,11.092549357356981,False,3
245471_6,245471,6,0.6468756687442236,False,3
245471_7,245471,7,0.45079763778525767,False,2
245471_8,245471,8,0.9457097220544702,False,2
245471_9,245471,9,1.4995474775074242,False,3
106359_1,106359,1,8.16427137270362,False,4
106359_2,106359,2,4.815879934811814,False,4
106359_3,106359,3,2.2635080227004734,False,3
106612_1,106612,1,11.25632459070525,False,4
106612_2,106612,2,6.5988268304311655,False,3
106606_1,106606,1,1.498840581166626,False,3
106606_2,106606,2,2.174770859806144,False,3
106606_3,106606,3,0.671916355608691,False,3
106606_4,106606,4,4.859631387910658,False,2
106606_5,106606,5,8.826013655327369,False,3
106606_6,106606,6,11.061535303281147,False,4
106606_7,106606,7,2.911292841274107,False,4
106606_8,106606,8,11.985359280223985,False,4
106606_9,106606,9,2.7263499235256434,False,4
106606_10,106606,10,11.525406179229991,False,4
106606_11,106606,11,19.132696344000156,False,4
106606_12,106606,12,1.6300108543388936,False,3
106606_13,106606,13,8.143120258472598,False,3
106606_14,106606,14,1.9114412111773578,False,4
106606_15,106606,15,13.272040725054506,False,4
106606_16,106606,16,2.7443711755458233,False,4
106606_17,106606,17,13.226060385005656,False,4
106606_18,106606,18,17.1989286333774,False,3
106606_19,106606,19,2.521641529987846,False,2
106606_20,106606,20,1.4996163201486552,False,3
211477_1,211477,1,1.686866479743083,False,3
211477_2,211477,2,15.368695036281466,False,3
211477_3,211477,3,2.9508724096420376,False,4
211477_4,211477,4,30.432482473435726,False,4
211477_5,211477,5,2.4106416767194876,False,3
211477_6,211477,6,2.8497561509745206,False,2
211477_7,211477,7,6.880481555895284,False,3
211477_8,211477,8,1.9378409029047174,False,4
211477_9,211477,9,11.096224809632728,False,4
211477_10,211477,10,2.1718038434694056,False,4
211477_11,211477,11,10.75215095705286,False,4
211477_12,211477,12,1.8218526662906847,False,4
211477_13,211477,13,6.040714568837877,False,3
211477_14,211477,14,0.40885238049958106,False,2
211477_15,211477,15,0.8167784314982768,False,2
211477_16,211477,16,0.4830702935596058,False,2
211477_17,211477,17,4.599318802079038,False,3
211477_18,211477,18,2.261413208108341,False,4
211477_19,211477,19,5.451917629528401,False,4
211477_20,211477,20,0.44680417556824625,False,2
211477_21,211477,21,1.0047129134886277,False,2
211477_22,211477,22,0.446860282844533,False,2
211477_23,211477,23,4.944773694698077,False,2
211477_24,211477,24,2.1504649118077093,False,2
211477_25,211477,25,10.58838968937939,False,2
211477_26,211477,26,0.6520884793136913,False,3
211477_27,211477,27,5.047460076506314,False,3
211477_28,211477,28,0.5258517886515043,False,2
211477_29,211477,29,1.0517315786015649,False,2
211477_30,211477,30,0.5257956816036128,False,2
211477_31,211477,31,3.7863942033693996,False,3
211477_32,211477,32,2.199090255795981,False,4
211477_33,211477,33,11.520791386588353,False,4
211477_34,211477,34,2.8585289408470187,False,4
211477_35,211477,35,5.166200702477867,False,3
211477_36,211477,36,5.898171893025181,False,2
211477_37,211477,37,1.3352863091225997,False,2
3960_1,3960,1,9.32142355923001,False,4
3960_2,3960,2,3.390908140671511,False,3
3960_3,3960,3,2.5935693467777208,False,1
436993_1,436993,1,0.8883649416090486,False,3
436993_2,436993,2,3.2119473138225154,False,3
436993_3,436993,3,3.1746408815923375,False,3
436993_4,436993,4,3.8878687603087827,False,3
436993_5,436993,5,10.928038761750548,False,4
436993_6,436993,6,9.766989898361896,False,4
436993_7,436993,7,14.006562709528236,False,4
436993_8,436993,8,11.568529099359523,False,3
436993_9,436993,9,1.036881784910285,False,3
439267_1,439267,1,5.305747823856139,False,2
439267_2,439267,2,5.879154862042553,False,2
439267_3,439267,3,21.657268538022915,False,3
439267_4,439267,4,3.566215114670732,False,4
439267_5,439267,5,8.728983647247134,False,4
439267_6,439267,6,6.995942884267608,False,4
439267_7,439267,7,9.857291992118242,False,4
439267_8,439267,8,2.6813780626676653,False,4
439267_9,439267,9,10.222736456377344,False,4
439267_10,439267,10,2.1515137684084786,False,4
439267_11,439267,11,2.584135280137524,False,4
439267_12,439267,12,9.80204600252254,False,4
439267_13,439267,13,4.962950150527462,False,4
439267_14,439267,14,21.558706743840023,False,3
439267_15,439267,15,0.8381307270698647,False,2
439267_16,439267,16,0.9280089330297032,False,3
439267_17,439267,17,1.8243614422745105,False,3
439267_18,439267,18,3.3535994881612305,False,2
439267_19,439267,19,1.312633755791345,False,2
439267_20,439267,20,9.330389951385428,False,3
439267_21,439267,21,12.654833070895378,False,4
439267_22,439267,22,13.848999178984167,False,4
439267_23,439267,23,12.378364643983764,False,4
439267_24,439267,24,10.836143529143843,False,4
439267_25,439267,25,9.680326875799159,False,4
439267_26,439267,26,16.18763913435977,False,4
439267_27,439267,27,2.3573935410427582,False,4
439267_28,439267,28,8.01289743005789,False,3
439267_29,439267,29,3.114677562751672,False,3
439267_30,439267,30,1.5366628780286669,False,2
439267_31,439267,31,20.99096210728633,False,3
439267_32,439267,32,3.533127318756871,False,3
439267_33,439267,33,7.082818009146575,False,3
439267_34,439267,34,3.7424680043122773,False,3
439267_35,439267,35,1.1331078632020604,False,3
439267_36,439267,36,0.5411014722024018,False,2
177131_1,177131,1,0.8596551416261645,False,2
177131_2,177131,2,2.9589668253484316,False,2
177131_3,177131,3,3.102147717386269,False,3
177131_4,177131,4,16.565218335201916,False,3
178164_1,178164,1,10.947582764549137,False,3
72232_1,72232,1,9.524522184148681,False,4
72232_2,72232,2,2.44950956898342,False,3
452801_1,452801,1,8.055770053532314,False,4
452801_2,452801,2,5.484231589197385,False,4
452801_3,452801,3,6.2145660321250515,False,3
419200_1,419200,1,2.5725173941323045,False,2
419200_2,419200,2,6.65450854291639,False,2
419200_3,419200,3,1.9197605429580042,False,2
419200_4,419200,4,9.125446759391224,False,3
419200_5,419200,5,6.676177112815907,False,4
419200_6,419200,6,9.543430065787833,False,4
419200_7,419200,7,15.440785950219423,False,3
419200_8,419200,8,1.123142153593911,False,3
324771_1,324771,1,1.8504888752593642,False,2
324771_2,324771,2,3.4527899401630098,False,2
324771_3,324771,3,1.1299327267155914,False,2
324771_4,324771,4,1.8724370686986955,False,2
324771_5,324771,5,2.8679973326210315,False,3
72434_1,72434,1,20.80814421126266,False,3
143088_1,143088,1,10.70907940667804,False,4
143088_2,143088,2,6.621265794969672,False,3
37764_1,37764,1,8.019140361381623,False,3
37764_2,37764,2,8.755071739560687,False,3
3958_1,3958,1,1.4999883598042592,False,3
3958_2,3958,2,0.30824692194801895,False,2
3958_3,3958,3,2.0191845120656424,False,2
3958_4,3958,4,3.648091837090146,False,2
3958_5,3958,5,33.97191487619112,False,2
3958_6,3958,6,5.1604601215599955,False,2
3958_7,3958,7,0.6130081836373179,False,3
3958_8,3958,8,3.6719235070093403,False,4
3958_9,3958,9,0.2599082506311038,False,3
3958_10,3958,10,4.786199591998178,False,2
3958_11,3958,11,11.38398952318155,False,3
3958_12,3958,12,9.4995296320872,False,4
3958_13,3958,13,4.51875685420336,False,4
3958_14,3958,14,28.05561812686048,False,4
3958_15,3958,15,8.592727341806016,False,4
3958_16,3958,16,1.499643928465781,False,3
3958_17,3958,17,1.8994764535379212,False,2
38043_1,38043,1,0.9161293297343791,False,3
38043_2,38043,2,9.611828455910358,False,3
38043_3,38043,3,3.149388068616598,False,4
38043_4,38043,4,1.5197505181805493,False,4
38043_5,38043,5,8.585264889929574,False,4
38043_6,38043,6,5.8119339639390555,False,2
106608_1,106608,1,1.4995745767646282,False,3
106608_2,106608,2,1.8995115622262098,False,2
106608_3,106608,3,15.705734290122074,False,3
106608_4,106608,4,6.280205926726028,False,4
106608_5,106608,5,10.710107133754365,False,4
106608_6,106608,6,16.485769599474583,False,3
106608_7,106608,7,0.941603876355919,False,3
407187_1,407187,1,12.787806867267143,False,3
407187_2,407187,2,1.234308662584657,False,3
407187_3,407187,3,1.5333693157026183,False,2
407187_4,407187,4,2.3003490473296124,False,2
407187_5,407187,5,2.299787011412048,False,2
407187_6,407187,6,0.28334006847866594,False,2
407187_7,407187,7,1.1304387667764297,False,2
407187_8,407187,8,1.0924846169214995,False,4
407187_9,407187,9,2.7378375101563126,False,4
407187_10,407187,10,38.83677108734218,False,2
407187_11,407187,11,3.2833445004298034,True,2
407187_12,407187,12,3.3715830673805756,False,2
407187_13,407187,13,6.871870737002888,False,2
407187_14,407187,14,7.777977735235842,False,2
407187_15,407187,15,1.4953939850643199,False,3
407187_16,407187,16,1.4498471247563838,False,3
407187_17,407187,17,1.6065050069847502,False,2
407187_18,407187,18,1.263691630213061,False,2
407188_1,407188,1,1.8159411531760108,False,3
407188_2,407188,2,1.2955505017742324,False,2
407188_3,407188,3,2.0471710118342528,False,3
407188_4,407188,4,1.1535280193742334,False,3
407188_5,407188,5,1.5069896735714812,False,2
407188_6,407188,6,2.1414568376668552,False,2
407188_7,407188,7,2.122284050231007,False,2
407188_8,407188,8,1.6683218058096878,False,2
407188_9,407188,9,1.2887113034407387,False,3
407188_10,407188,10,52.17432713244676,False,3
407188_11,407188,11,3.1522033907168243,True,2
407188_12,407188,12,4.6123795465593265,False,2
407188_13,407188,13,5.506639839144692,False,2
407188_14,407188,14,7.553068700324318,False,2
407188_15,407188,15,2.090379190744526,False,2
407188_16,407188,16,1.0771251900008485,False,3
407188_17,407188,17,0.6598619518041346,False,3
407188_18,407188,18,0.8332645541593865,False,2
407188_19,407188,19,1.2149764897745385,False,2
407190_1,407190,1,1.6349320673838827,False,3
407190_2,407190,2,4.0747413393782015,False,2
407190_3,407190,3,5.805731989008184,False,2
407190_4,407190,4,1.6178089450685147,False,3
407189_1,407189,1,1.5286107473385315,False,3
407189_2,407189,2,4.3119675286699595,False,2
407189_3,407189,3,5.503014960141506,False,2
407189_4,407189,4,1.6467724302754807,False,4
407189_5,407189,5,0.41269990201500245,False,3
3959_1,3959,1,9.968968442239216,False,4
3959_2,3959,2,1.8777293214904625,False,4
3959_3,3959,3,1.5498897636891624,False,3
246350_1,246350,1,1.6888568379980589,False,3
246350_2,246350,2,3.088059032028403,False,3
246350_3,246350,3,6.346064382845412,False,3
246350_4,246350,4,1.801880241705684,False,4
246350_5,246350,5,13.328956547377084,False,4
246350_6,246350,6,3.808717435104529,False,4
246350_7,246350,7,7.495461187442459,False,3
246350_8,246350,8,3.1907685099042196,False,3
246350_9,246350,9,0.694924845368401,False,4
246350_10,246350,10,11.235125703882657,False,3
246350_11,246350,11,5.390619001323034,False,3
246350_12,246350,12,38.71271681755362,False,3
246350_13,246350,13,25.900372656389454,False,3
246350_14,246350,14,3.7149395782389596,False,3
246350_15,246350,15,1.4995290526888494,False,3
106339_1,106339,1,9.686387458551652,False,4
106339_2,106339,2,3.8189928522995884,False,3
107417_1,107417,1,1.499712233226123,False,3
107417_2,107417,2,16.767184478377953,False,3
107417_3,107417,3,9.168891589501303,False,4
107417_4,107417,4,2.3454633157617257,False,4
107417_5,107417,5,11.577397941560509,False,4
107417_6,107417,6,4.949942190938898,False,4
107417_7,107417,7,8.46203648466994,False,3
107417_8,107417,8,2.301044967332464,False,3
107417_9,107417,9,4.119546121732684,False,4
107417_10,107417,10,9.598798572955303,False,4
107417_11,107417,11,8.260153557101631,False,4
107417_12,107417,12,10.082765630638981,False,4
107417_13,107417,13,7.019974179648297,False,4
107417_14,107417,14,13.838806897128666,False,4
107417_15,107417,15,11.017480012462258,False,4
107417_16,107417,16,7.090410432351684,False,4
107417_17,107417,17,16.30153509444283,False,3
107417_18,107417,18,1.4986895163151683,False,3
178214_1,178214,1,4.940302185486502,False,2
178214_2,178214,2,7.390911000454146,False,2
178214_3,178214,3,2.284384516777471,False,2
178214_4,178214,4,4.685711137374619,False,3
178214_5,178214,5,21.550466066151447,False,4
178214_6,178214,6,9.953851433190398,False,4
178214_7,178214,7,12.619463402514302,False,4
178214_8,178214,8,19.356157409173388,False,3
178214_9,178214,9,1.0132325999901166,False,2
178214_10,178214,10,0.8862944009175346,False,2
178214_11,178214,11,1.4995961111346465,False,3
212344_1,212344,1,4.2272205374665415,False,3
212344_2,212344,2,8.69838037734695,False,4
212344_3,212344,3,8.730290659093091,False,4
212344_4,212344,4,2.896821825564946,False,4
212344_5,212344,5,8.252559283206248,False,3
212344_6,212344,6,9.102295751389173,False,3
212344_7,212344,7,1.9936106654751917,False,2
212344_8,212344,8,7.629643906474715,False,3
212344_9,212344,9,2.3735414742168013,False,3
212344_10,212344,10,5.362002914181085,False,3
212344_11,212344,11,4.423191646244712,False,3
212344_12,212344,12,6.762744311267211,False,3
212344_13,212344,13,13.022602984302111,False,4
212344_14,212344,14,2.7494880119662657,False,4
212344_15,212344,15,8.622456672225695,False,4
212344_16,212344,16,6.454792979113852,False,4
212344_17,212344,17,11.59689633363764,False,4
212344_18,212344,18,5.256349586774797,False,4
212344_19,212344,19,6.189950295168088,False,3
212344_20,212344,20,0.7934270316585286,False,2
212344_21,212344,21,0.7140916605361234,False,2
212344_22,212344,22,1.489525595114565,False,2
212344_23,212344,23,0.9521287739268391,False,2
212344_24,212344,24,0.5542362117729727,False,3
212344_25,212344,25,4.331504770094779,False,3
212344_26,212344,26,3.052455448954012,False,2
212344_27,212344,27,1.4996967765855447,False,3
106338_1,106338,1,4.5878396496825555,False,4
106338_2,106338,2,7.0451660611442515,False,3
178217_1,178217,1,1.4995241003701874,False,3
178217_2,178217,2,15.54486745056337,False,3
178217_3,178217,3,11.261147814654072,False,3
178217_4,178217,4,2.0333844769241813,False,2
178217_5,178217,5,0.6358473695948285,False,3
178217_6,178217,6,0.6639750516618204,False,3
178217_7,178217,7,9.538497086088706,False,3
178217_8,178217,8,2.7967834858747955,False,4
178217_9,178217,9,10.914011458786959,False,4
178217_10,178217,10,2.4133917084146073,False,4
178217_11,178217,11,12.089675954826596,False,4
178217_12,178217,12,9.643301340361457,False,4
178217_13,178217,13,6.558252335050105,False,4
178217_14,178217,14,12.262679778872425,False,4
178217_15,178217,15,1.9413915192985198,False,4
178217_16,178217,16,9.197560620992483,False,4
178217_17,178217,17,10.615084411532012,False,4
178217_18,178217,18,5.659231221182838,False,4
178217_19,178217,19,5.477693252458007,False,3
178217_20,178217,20,16.26853636551952,False,2
178217_21,178217,21,1.4996078844708771,False,3
107418_1,107418,1,1.357934812202325,False,3
107418_2,107418,2,0.5760484955675792,False,3
107418_3,107418,3,0.5589417277349604,False,2
211241_1,211241,1,5.206515784144744,False,4
211241_2,211241,2,7.096997331492296,False,3
178218_1,178218,1,0.2959788576123475,False,4
178218_2,178218,2,1.2039517596454126,False,3
178218_3,178218,3,5.009180005272662,False,3
178218_4,178218,4,4.046847646485281,False,4
178218_5,178218,5,11.0180778239361,False,4
178218_6,178218,6,9.213769348725323,False,4
178218_7,178218,7,2.200954715209178,False,4
178218_8,178218,8,2.3679403864074895,False,3
178218_9,178218,9,3.2960528634752277,False,3
178218_10,178218,10,2.3083218020222174,False,3
178218_11,178218,11,0.8835478132895599,False,2
178218_12,178218,12,1.536828969021408,False,3
178218_13,178218,13,6.0342115576490265,False,4
178218_14,178218,14,8.153897691635375,False,4
178218_15,178218,15,10.511667697712873,False,4
178218_16,178218,16,7.062120857275357,False,4
178218_17,178218,17,7.942936267341064,False,4
178218_18,178218,18,2.135712028894217,False,3
178218_19,178218,19,1.4998475924119425,False,3
178218_20,178218,20,1.6777864971342014,False,4
178218_21,178218,21,12.55536146407048,False,4
178218_22,178218,22,8.414903787372596,False,4
178218_23,178218,23,9.973700084751218,False,4
178218_24,178218,24,9.267766240114222,False,4
178218_25,178218,25,2.7341997785764947,False,3
178218_26,178218,26,5.036098103541634,False,3
178218_27,178218,27,2.45533120578067,False,3
178218_28,178218,28,1.4995741347850633,False,3
178218_29,178218,29,4.722647890054975,False,3
178218_30,178218,30,2.4382602096482806,False,3
178218_31,178218,31,10.534785188194165,False,4
178218_32,178218,32,8.131673578883733,False,4
178218_33,178218,33,2.7760804958280887,False,3
178218_34,178218,34,7.394391445635476,False,2
178218_35,178218,35,10.278846202225463,False,2
178218_36,178218,36,4.665362466993285,False,2
178218_37,178218,37,1.4719812516041009,False,3
178218_38,178218,38,1.4996234061594365,False,3
178218_39,178218,39,1.0442167753533407,False,2
178218_40,178218,40,0.5443199634680089,False,3
178218_41,178218,41,5.385159545424525,False,3
178218_42,178218,42,3.914408209009218,False,2
178218_43,178218,43,8.456636258209414,False,2
178218_44,178218,44,4.679819526718146,False,3
178218_45,178218,45,12.896343582771532,False,4
178218_46,178218,46,17.79211900333114,False,3
178218_47,178218,47,1.2297522248895725,False,1
211240_1,211240,1,3.615990657784502,False,4
211240_2,211240,2,11.910634221174353,False,3
73317_1,73317,1,1.4068568116938085,False,2
73317_2,73317,2,0.7338606515924473,False,2
73317_3,73317,3,0.7659035892271321,False,3
73317_4,73317,4,1.0868477774171712,False,3
73317_5,73317,5,4.051169847908261,False,2
436646_1,436646,1,1.1030559059608134,False,3
436646_2,436646,2,3.6280917883569037,False,2
437815_1,437815,1,0.4700473353284547,False,2
437815_2,437815,2,0.274280889738096,False,2
437815_3,437815,3,1.6226949579598644,False,2
437815_4,437815,4,1.8675403793735388,False,2
437815_5,437815,5,10.202390703155428,False,3
437815_6,437815,6,8.141805708944926,False,3
437815_7,437815,7,8.356763392993777,False,2
437815_8,437815,8,1.394750066484216,False,3
437815_9,437815,9,1.4986995683612343,False,3
437815_10,437815,10,1.278799222275162,False,2
437818_1,437818,1,3.831372885015353,False,2
437818_2,437818,2,19.209021318253146,False,3
437818_3,437818,3,12.846633475709384,False,4
437818_4,437818,4,37.484334556049255,False,7
437818_5,437818,5,8.160358670477597,False,4
437818_6,437818,6,10.809012287503762,False,4
437818_7,437818,7,4.342878311801009,False,4
437818_8,437818,8,2.0094241255653684,False,3
437818_9,437818,9,0.854911889813398,False,2
437816_1,437816,1,10.070770393591149,False,2
437817_1,437817,1,0.7843275247648441,False,2
437817_2,437817,2,1.956200655311637,False,3
437817_3,437817,3,0.7880065257102827,False,2
177124_1,177124,1,7.98369306501488,False,4
177124_2,177124,2,5.109516284231007,False,3
107420_1,107420,1,2.5402736788650992,False,3
107420_2,107420,2,1.4995741354250691,False,3
142915_1,142915,1,5.389563421082485,False,3
142915_2,142915,2,5.325584039695154,False,1
73318_1,73318,1,7.7266277249246755,False,3
73318_2,73318,2,1.8896514411337786,False,3
73318_3,73318,3,5.5125002670935395,False,3
73318_4,73318,4,0.6269679845519339,False,2
324941_1,324941,1,0.7223478573385685,False,2
324941_2,324941,2,14.37579234068116,False,3
324941_3,324941,3,2.180366005769182,False,3
324941_4,324941,4,2.0353629942897262,False,2
324941_5,324941,5,3.5550085058503256,False,2
324941_6,324941,6,3.662884783701618,False,2
324941_7,324941,7,1.8625021205337655,False,2
324941_8,324941,8,2.072388596183766,False,3
324941_9,324941,9,1.558831969325167,False,3
324942_1,324942,1,3.1226004762424333,False,3
324942_2,324942,2,7.711756948077321,False,2
324942_3,324942,3,7.5987979984086875,False,2
324942_4,324942,4,3.173046547766569,False,3
472853_1,472853,1,0.7932393268681069,False,3
472853_2,472853,2,1.524000621281113,False,2
472853_3,472853,3,4.596465357634717,False,2
472853_4,472853,4,1.4153800465339093,False,2
472853_5,472853,5,0.9208354677028391,False,2
107365_1,107365,1,3.523336079649196,False,2
107365_2,107365,2,2.0141985235498883,False,2
107365_3,107365,3,14.70084781109951,False,2
107365_4,107365,4,5.583815187387535,False,3
107365_5,107365,5,1.4776551812000571,False,3
324943_1,324943,1,1.0196844862506205,False,2
324943_2,324943,2,1.3852475152967327,False,2
324943_3,324943,3,0.5743474089237561,False,2
324943_4,324943,4,1.9074512761061733,False,3
324943_5,324943,5,1.6167560600468678,False,3
211244_1,211244,1,9.035602167534494,False,3
211244_2,211244,2,3.1216341863712502,False,2
211244_3,211244,3,0.4562133593530042,False,1
177125_1,177125,1,12.615583582495741,False,5
177125_2,177125,2,0.9854167369776424,False,3
177125_3,177125,3,10.069037500087378,False,3
177125_4,177125,4,1.017546643228271,False,3
177125_5,177125,5,7.1427488639456325,False,3
177125_6,177125,6,2.686217822290337,False,3
143982_1,143982,1,3.139082490819278,False,2
143982_2,143982,2,7.8359162631651715,False,3
143982_3,143982,3,7.01190123410008,False,4
143982_4,143982,4,11.195868143084628,False,4
143982_5,143982,5,11.32982585711473,False,3
143982_6,143982,6,2.5467407402186324,False,2
143982_7,143982,7,1.0225095341591495,False,3
143982_8,143982,8,0.6374929839322918,False,4
143982_9,143982,9,7.6239399301205415,False,3
143982_10,143982,10,9.568828563119347,False,3
143982_11,143982,11,4.0245368516964835,False,5
211238_1,211238,1,1.1588430444924376,False,4
211238_2,211238,2,0.3409375687020497,False,3
211238_3,211238,3,7.311612820530157,False,3
211238_4,211238,4,2.811448050800045,False,3
211238_5,211238,5,0.9430828289787556,False,2
72217_1,72217,1,5.5638168425361885,False,5
72217_2,72217,2,8.247906475323276,False,4
72217_3,72217,3,1.8263166902488068,False,3
72485_1,72485,1,2.175772467824738,False,2
72485_2,72485,2,1.6046153187853882,False,3
72485_3,72485,3,9.7587259883826,False,4
72485_4,72485,4,2.6296000692027888,False,4
72485_5,72485,5,2.0977297682784637,False,4
72485_6,72485,6,3.727523584449589,False,3
72485_7,72485,7,0.5638596335502896,False,2
72485_8,72485,8,0.9857648604503995,False,2
72485_9,72485,9,0.5681230597034338,False,2
72485_10,72485,10,6.5175890819479445,False,3
72485_11,72485,11,2.0951480349171656,False,4
72485_12,72485,12,12.272949986117021,False,4
72485_13,72485,13,0.8730830058031239,False,3
72485_14,72485,14,0.6438959688614192,False,2
72485_15,72485,15,1.068658155650551,False,2
72485_16,72485,16,0.6408580379735718,False,2
72485_17,72485,17,0.4689926539972305,False,3
72485_18,72485,18,10.89290498698853,False,4
72485_19,72485,19,2.0156340412812908,False,4
72485_20,72485,20,10.417435938438437,False,4
72485_21,72485,21,1.9226995350786102,False,3
72485_22,72485,22,0.6202506868100083,False,2
72485_23,72485,23,1.3256189289805564,False,2
72485_24,72485,24,0.5098512769366983,False,2
72485_25,72485,25,0.41690041530603816,False,3
72485_26,72485,26,10.331164787057975,False,4
72485_27,72485,27,2.5393612907257133,False,4
72485_28,72485,28,10.694663098057754,False,4
72485_29,72485,29,8.329958016428979,False,4
72485_30,72485,30,2.4384029849613786,False,3
72485_31,72485,31,1.1744030427040828,False,2
72485_32,72485,32,1.0640512854815314,False,3
72485_33,72485,33,16.9158272961628,False,4
72485_34,72485,34,11.38129733276629,False,4
72485_35,72485,35,2.78230456178017,False,4
72485_36,72485,36,12.43306050407915,False,4
72485_37,72485,37,2.5133967673560362,False,4
72485_38,72485,38,13.35059819531317,False,4
72485_39,72485,39,3.0232458399664264,False,4
72485_40,72485,40,1.277984006278341,False,3
72485_41,72485,41,0.8619825124402263,False,2
72485_42,72485,42,1.3350499115432362,False,2
72485_43,72485,43,0.6725075709150914,False,2
72485_44,72485,44,8.700570788789632,False,3
72485_45,72485,45,2.580314391883772,False,4
72485_46,72485,46,13.130334429142037,False,4
72485_47,72485,47,2.3463978081565937,False,4
72485_48,72485,48,10.579993884031119,False,4
72485_49,72485,49,2.9481943391430785,False,4
72485_50,72485,50,9.943429887302383,False,4
72485_51,72485,51,2.5692267160272277,False,4
72485_52,72485,52,8.80967127076098,False,4
72485_53,72485,53,6.611185910157618,False,3
72485_54,72485,54,1.4996022156893587,False,3
245216_1,245216,1,15.960040174906851,False,4
245216_2,245216,2,5.141534493084393,False,3
245216_3,245216,3,2.6234923945527475,False,3
245216_4,245216,4,7.368927244086829,False,4
245216_5,245216,5,0.3369584795238495,False,3
211243_1,211243,1,0.8272724435620976,False,3
211243_2,211243,2,18.15392550829131,False,2
212342_1,212342,1,1.4997814127447995,False,3
212342_2,212342,2,1.899460690499575,False,2
212342_3,212342,3,3.0852381801204807,False,2
212342_4,212342,4,1.9666136407790187,False,2
212342_5,212342,5,3.0087844194949707,False,2
212342_6,212342,6,0.6196951117384427,False,3
212342_7,212342,7,9.99779566608676,False,3
212342_8,212342,8,4.388356687829783,False,3
212342_9,212342,9,6.834457193941293,False,3
212342_10,212342,10,5.872763307687629,False,3
212342_11,212342,11,7.98944743762954,False,4
212342_12,212342,12,0.4970637426663,False,3
212342_13,212342,13,0.9580818639485074,False,3
212342_14,212342,14,1.9691813446642503,False,4
212342_15,212342,15,7.693543412907428,False,4
212342_16,212342,16,1.6386722970293846,False,3
212342_17,212342,17,6.378172696433255,False,3
212342_18,212342,18,9.45614826923216,False,4
212342_19,212342,19,5.401689993688861,False,4
212342_20,212342,20,6.920285846237562,False,4
212342_21,212342,21,13.846119256082076,False,3
212342_22,212342,22,2.231858810106091,False,3
212342_23,212342,23,7.090226953919873,False,4
212342_24,212342,24,6.982968682797159,False,3
212342_25,212342,25,1.1175642099547938,False,3
143976_1,143976,1,0.5098244153523008,False,3
143976_2,143976,2,15.737378381809433,False,5
143976_3,143976,3,2.7702030064327663,False,3
143976_4,143976,4,12.996228749978592,False,2
143976_5,143976,5,4.433571054249072,False,2
143976_6,143976,6,8.136737790818799,False,3
143976_7,143976,7,19.90113194904014,False,3
143976_8,143976,8,5.168156475827826,False,2
143976_9,143976,9,15.217826615556834,False,3
143976_10,143976,10,9.970521736499814,False,4
143976_11,143976,11,9.322636906094212,False,4
143976_12,143976,12,10.257507885630792,False,3
143976_13,143976,13,1.4998033126523973,False,2
143976_14,143976,14,1.476506635185712,False,2
143976_15,143976,15,1.7631256801627024,False,2
143976_16,143976,16,1.1062176169941615,False,1
211242_1,211242,1,16.629219995471693,False,4
211242_2,211242,2,6.946434906102858,False,4
211242_3,211242,3,8.791659834066778,False,3
244567_1,244567,1,1.0713895047988689,False,3
244567_2,244567,2,11.556992712366522,False,2
244567_3,244567,3,27.870180614048707,False,2
106607_1,106607,1,1.9894270978225164,False,3
106607_2,106607,2,12.896905964217762,False,2
106607_3,106607,3,15.219336246942216,False,3
106607_4,106607,4,0.6778360644682817,False,4
106607_5,106607,5,1.5956913513429345,False,3
106607_6,106607,6,27.628296315729713,False,3
106607_7,106607,7,14.337557231085539,False,4
106607_8,106607,8,24.24615862606228,False,4
106607_9,106607,9,5.583042947472537,False,3
106607_10,106607,10,1.2444004746215906,False,3
106607_11,106607,11,19.804245938774987,False,4
106607_12,106607,12,22.04992000478603,False,4
106607_13,106607,13,3.2609856359478986,False,4
106607_14,106607,14,13.01588666953507,False,4
106607_15,106607,15,20.160204933979312,False,4
106607_16,106607,16,5.479184626736413,False,4
106607_17,106607,17,2.8073123532019033e-05,False,2
106607_18,106607,18,5.760489185669473,False,3
106607_19,106607,19,0.5997189425165739,False,2
106607_20,106607,20,0.9010354121083494,False,2
106340_1,106340,1,10.554005921538868,False,4
106340_2,106340,2,2.5360722459404554,False,2
73313_1,73313,1,1.309919709104007,False,3
73313_2,73313,2,1.548407566766284,False,2
73313_3,73313,3,0.7060547544738137,False,2
73313_4,73313,4,2.6268479316747118,False,2
73313_5,73313,5,2.476315424697367,False,2
73313_6,73313,6,4.531890698009409,True,2
73313_7,73313,7,8.58909950602034,False,3
73313_8,73313,8,1.816711072974042,False,4
73313_9,73313,9,10.302586000082856,False,4
73313_10,73313,10,1.487883923012591,False,4
73313_11,73313,11,8.750739632747214,False,4
73313_12,73313,12,1.3761695525883186,False,4
73313_13,73313,13,2.4913806819683657,False,3
430998_1,430998,1,1.1797609999819285,False,3
430998_2,430998,2,14.24553760004408,False,3
430998_3,430998,3,0.7538203999880727,False,3
430998_4,430998,4,5.616041300120855,False,3
430998_5,430998,5,4.491166899912876,False,4
430998_6,430998,6,2.3006146999814296,False,4
430998_7,430998,7,5.535028400197798,False,4
430998_8,430998,8,4.6531537999541115,False,4
430998_9,430998,9,1.524764700108958,False,3
142914_1,142914,1,1.4990074888557423,False,3
142914_2,142914,2,0.326897794212696,False,2
142914_3,142914,3,2.0635781658966232,False,3
142914_4,142914,4,2.2703319276652576,False,4
142914_5,142914,5,1.3648862953216856,False,3
407186_1,407186,1,4.505965609274099,False,2
407186_2,407186,2,3.1619253940628393,True,2
407186_3,407186,3,128.75598386852707,False,3
407186_4,407186,4,1.2727878794752612,False,3
3683_1,3683,1,6.077627047038278,False,4
3683_2,3683,2,5.8212849445724855,False,4
3683_3,3683,3,2.6213300286534436,False,4
3683_4,3683,4,3.212607619009197,False,4
3683_5,3683,5,3.576458871955407,False,3
3683_6,3683,6,4.142974564000229,False,3
3683_7,3683,7,3.777213082360673,False,4
3683_8,3683,8,0.7678410921543873,False,4
3683_9,3683,9,1.6684638484119272,False,3
3683_10,3683,10,0.913005259355377,False,2
461919_1,461919,1,3.5585235784188916,False,4
461919_2,461919,2,0.841328142922844,False,3
4787_1,4787,1,1.4995462835476536,False,3
4787_2,4787,2,2.6725120397242503,False,2
4787_3,4787,3,1.4995743786285138,False,3
4787_4,4787,4,4.341925282689094,False,4
4787_5,4787,5,5.519406179444043,False,3
4787_6,4787,6,2.480631982991636,False,2
4787_7,4787,7,1.3778108147526842,False,3
4787_8,4787,8,0.6043253254587521,False,3
4787_9,4787,9,0.5838613812308072,False,3
4787_10,4787,10,4.824669379099075,False,3
4787_11,4787,11,0.8862928737532546,False,2
4787_12,4787,12,0.838037903716046,False,2
4787_13,4787,13,2.7417023101503495,False,2
4787_14,4787,14,1.8224931631501131,False,2
4787_15,4787,15,1.5216503072505017,False,2
4787_16,4787,16,5.6126638984617285,False,3
4787_17,4787,17,0.7357830768416092,False,4
4787_18,4787,18,3.048888642351058,False,4
4787_19,4787,19,3.9624485788955455,False,4
4787_20,4787,20,1.530645854163552,False,3
4787_21,4787,21,6.825051380710156,False,3
4787_22,4787,22,4.110916888328669,False,3
4787_23,4787,23,1.018432221460911,False,3
4787_24,4787,24,4.259871749107364,False,4
4787_25,4787,25,1.030964157089577,False,3
4787_26,4787,26,6.710424819817812,False,3
4787_27,4787,27,3.517680577637179,False,3
4787_28,4787,28,4.35602524568734,False,3
4787_29,4787,29,1.7771946802072325,False,3
4787_30,4787,30,1.499071464213236,False,3
455022_1,455022,1,5.692132386730944,False,5
455022_2,455022,2,1.0684455701147728,False,2
412000_1,412000,1,26.26970191384148,False,3
412000_2,412000,2,2.175627905208516,False,3
412000_3,412000,3,10.132198630427293,False,4
412000_4,412000,4,2.233178937260084,False,3
412000_5,412000,5,30.84495950192872,False,3
211231_1,211231,1,11.578300319346958,False,3
116648_1,116648,1,10.048240982128185,False,4
116648_2,116648,2,3.1177320261883867,False,4
116648_3,116648,3,8.728469553268202,False,3
116648_4,116648,4,3.081632708383702,False,1
7360_1,7360,1,11.170153522968755,False,4
7360_2,7360,2,8.199120741821945,False,3
164023_1,164023,1,1.4165730712784639,False,3
164023_2,164023,2,13.2202340959031,False,2
215055_1,215055,1,1.4997741677032417,False,3
215055_2,215055,2,1.8996253691672658,False,2
215055_3,215055,3,12.946305221429297,False,2
215055_4,215055,4,0.8868413781900708,False,3
215055_5,215055,5,2.235227390200165,False,3
215055_6,215055,6,8.073681628939877,False,3
215055_7,215055,7,7.077664564531679,False,3
215055_8,215055,8,3.6680678432445113,False,3
215055_9,215055,9,4.64867557768169,False,4
215055_10,215055,10,5.219448316793123,False,4
215055_11,215055,11,10.691567125614432,False,4
215055_12,215055,12,4.159440050102436,False,4
215055_13,215055,13,4.627087698324575,False,4
215055_14,215055,14,6.065508198112864,False,3
215055_15,215055,15,0.9245365073975358,False,3
215055_16,215055,16,1.6662210397445472,False,4
215055_17,215055,17,3.7677133611279983,False,4
215055_18,215055,18,1.2429123718882888,False,3
215055_19,215055,19,3.919570065814946,False,3
215055_20,215055,20,10.8176162055873,False,4
215055_21,215055,21,10.902958196938066,False,4
215055_22,215055,22,1.5377636482220465,False,3
215055_23,215055,23,5.498593769300445,False,3
215055_24,215055,24,8.768097505217227,False,4
215055_25,215055,25,9.449486302910632,False,3
215055_26,215055,26,1.4634459489361051,False,2
42425_1,42425,1,1.4995626976362868,False,3
42425_2,42425,2,4.360822754549363,False,3
42425_3,42425,3,3.5656811707678404,False,4
42425_4,42425,4,6.446828445838277,False,4
42425_5,42425,5,4.969404175101476,False,4
42425_6,42425,6,2.924161845446182,False,4
42425_7,42425,7,3.4771696760988378,False,4
42425_8,42425,8,6.747177108401887,False,3
42425_9,42425,9,3.413735632875613,False,3
42425_10,42425,10,4.5164526643326255,False,4
42425_11,42425,11,2.3112971755666623,False,3
42425_12,42425,12,0.45143276056822146,False,3
42425_13,42425,13,9.295771735128145,False,4
42425_14,42425,14,2.123693670365694,False,3
42425_15,42425,15,1.2833475574611721,False,2
42425_16,42425,16,1.4997552106186198,False,3
42425_17,42425,17,2.3755433190403235,False,4
42425_18,42425,18,1.8490705562797163,False,3
42425_19,42425,19,2.9285792571487144,False,3
42425_20,42425,20,6.982476953906949,False,3
42425_21,42425,21,1.0920251051257972,False,3
42425_22,42425,22,5.657032823546494,False,3
42425_23,42425,23,2.5934531344364893,False,3
42425_24,42425,24,4.477704756971477,False,4
42425_25,42425,25,1.128844310651644,False,3
42425_26,42425,26,1.196413469462998,False,2
42425_27,42425,27,1.1046912671551206,False,3
42425_28,42425,28,3.329229909484688,False,3
42425_29,42425,29,5.714498297967701,False,2
42425_30,42425,30,1.500036432049588,False,3
42425_31,42425,31,1.238832502624665,False,3
42425_32,42425,32,1.4994795873759748,False,3
3677_1,3677,1,13.864055199635157,False,4
3677_2,3677,2,1.4525368402302001,False,4
3677_3,3677,3,2.068840032260361,False,4
3677_4,3677,4,1.5232219148144943,False,4
3677_5,3677,5,0.3818214129240286,False,2
178123_1,178123,1,1.4996065285087001,False,3
178123_2,178123,2,5.981575613280449,False,3
178123_3,178123,3,10.394567307657537,False,4
178123_4,178123,4,9.113838440386681,False,4
178123_5,178123,5,12.681998392988573,False,3
178123_6,178123,6,2.4055154799965095,False,2
178123_7,178123,7,1.7864887881092208,False,2
38784_1,38784,1,1.4995199391333962,False,2
38784_2,38784,2,12.086462943147199,False,3
38784_3,38784,3,7.198469616473565,False,4
38784_4,38784,4,9.053618349775219,False,4
38784_5,38784,5,0.7963839921217947,False,3
38784_6,38784,6,15.175845651738165,False,3
38784_7,38784,7,7.04069477072129,False,3
38784_8,38784,8,1.1082745275767016,False,2
38784_9,38784,9,1.1948577790672712,False,2
211232_1,211232,1,11.156780199498332,False,4
211232_2,211232,2,0.7147413044796173,False,3
211232_3,211232,3,3.665975602280886,False,3
211232_4,211232,4,7.210853517961042,False,2
211227_1,211227,1,1.1297313862296983,False,3
211227_2,211227,2,1.825557845040266,False,2
211227_3,211227,3,9.971738665811163,False,3
211227_4,211227,4,1.3396818393217926,False,3
177115_1,177115,1,0.17903377487273,False,3
177115_2,177115,2,11.149358887144379,False,4
177115_3,177115,3,1.7817077590150672,False,3
181569_1,181569,1,0.7068511276559416,False,3
181569_2,181569,2,3.1960972251709663,False,4
181569_3,181569,3,11.69689324710653,False,4
181569_4,181569,4,13.207569434585652,False,4
181569_5,181569,5,10.989095436474408,False,4
181569_6,181569,6,11.316014485164235,False,4
181569_7,181569,7,1.9964891789494998,False,3
181569_8,181569,8,0.6347872505232454,False,3
181569_9,181569,9,9.511364602978228,False,3
181569_10,181569,10,1.097999820490306,False,3
181569_11,181569,11,3.7898864825230607,False,4
181569_12,181569,12,23.609877578300765,False,3
181569_13,181569,13,4.615759048000818,False,3
181569_14,181569,14,11.967840917144036,False,4
181569_15,181569,15,12.336817762872352,False,4
181569_16,181569,16,3.8419608156070644,False,4
181569_17,181569,17,1.3056453746941652,False,3
181569_18,181569,18,4.2019190260388894,False,2
181569_19,181569,19,7.725045627812599,False,3
181569_20,181569,20,2.655374552093987,False,4
181569_21,181569,21,10.265448413336758,False,3
181569_22,181569,22,11.429179746858932,False,3
181569_23,181569,23,13.144744192147801,False,4
181569_24,181569,24,5.567589213597934,False,4
181569_25,181569,25,10.441492369205053,False,4
181569_26,181569,26,2.8693127308361497,False,4
181569_27,181569,27,16.36139521747177,False,4
42327_1,42327,1,1.9057353937627897,False,2
42327_2,42327,2,1.1702020464704492,False,3
42327_3,42327,3,1.517317781002154,False,4
42327_4,42327,4,3.0505417670016306,False,4
42327_5,42327,5,13.314926576098802,False,4
42327_6,42327,6,6.755992002666959,False,3
42327_7,42327,7,3.509272889592608,False,3
42327_8,42327,8,2.690522836695065,False,4
42327_9,42327,9,20.29877570231101,False,4
42327_10,42327,10,3.0145450122929467,False,4
42327_11,42327,11,14.124671468839672,False,4
42327_12,42327,12,13.311875136418028,False,3
42327_13,42327,13,11.207133274317968,False,2
42327_14,42327,14,4.865736118913996,False,3
42327_15,42327,15,13.075704469004311,False,4
42327_16,42327,16,2.320947736003948,False,4
42327_17,42327,17,7.5327911224610204,False,3
42327_18,42327,18,0.9118109459490902,False,3
42327_19,42327,19,5.814114749727117,False,4
42327_20,42327,20,1.4107249438495775,False,3
42327_21,42327,21,2.9816874492145624,False,2
42327_22,42327,22,1.8201145197457185,False,3
128730_1,128730,1,1.4996523876212602,False,3
128730_2,128730,2,23.639304750583307,False,3
128730_3,128730,3,2.6703561420225053,False,4
128730_4,128730,4,17.786693044914927,False,4
128730_5,128730,5,2.3794695077407306,False,4
128730_6,128730,6,20.276091977958956,False,3
128730_7,128730,7,5.172789290206076,False,3
128730_8,128730,8,3.6470787093818897,False,4
128730_9,128730,9,10.520480170087435,False,4
128730_10,128730,10,4.732889900676019,False,3
128730_11,128730,11,23.083414898347662,False,3
128730_12,128730,12,13.77764159038095,False,3
128730_13,128730,13,6.348485696766578,False,3
128730_14,128730,14,0.6957816811551465,False,3
10918_1,10918,1,1.4407403358661068,False,2
10918_2,10918,2,10.272954244851547,False,3
10918_3,10918,3,12.969450292886675,False,4
107367_1,107367,1,12.589321222243596,False,4
107367_2,107367,2,2.8271887883713007,False,3
267500_1,267500,1,13.754971845913568,False,3
267500_2,267500,2,0.9567789645958109,False,3
267500_3,267500,3,8.27615941295742,False,4
267500_4,267500,4,4.19493421249218,False,3
267500_5,267500,5,1.971447464810017,False,2
267500_6,267500,6,4.240103361802403,False,3
267500_7,267500,7,7.379618129796401,False,3
267500_8,267500,8,3.7129823381147586,False,3
267500_9,267500,9,10.127203423303573,False,4
245207_1,245207,1,18.022809814520173,False,4
245207_2,245207,2,1.1906622732887278,False,3
245473_1,245473,1,0.594016834232266,False,3
245473_2,245473,2,14.003964278313351,False,3
245473_3,245473,3,5.811029629899784,False,3
245473_4,245473,4,0.5458432524710378,False,3
245473_5,245473,5,13.776815660360164,False,4
245473_6,245473,6,10.861616426109817,False,3
245473_7,245473,7,4.089880792485149,False,2
245473_8,245473,8,1.8985978526993657,False,2
245473_9,245473,9,1.4996159922044618,False,3
436645_1,436645,1,1.221586911854842,False,3
436645_2,436645,2,1.369814405710109,False,2
436645_3,436645,3,1.2112588956788046,False,2
436645_4,436645,4,1.6350972931263343,False,3
436645_5,436645,5,1.0565338409731222,False,3
436645_6,436645,6,0.9205073786305603,False,2
407211_1,407211,1,1.2972882831744112,False,3
407211_2,407211,2,0.904541826262776,False,3
407211_3,407211,3,0.6972451719075725,False,2
407211_4,407211,4,2.4479237794148014,False,2
407211_5,407211,5,1.2388447131133937,False,3
407211_6,407211,6,1.2721006772347996,False,3
407211_7,407211,7,0.8251836406163688,False,2
407211_8,407211,8,1.07964724251797,False,2
193331_1,193331,1,7.04603855564115,False,3
178215_1,178215,1,1.4991111389423062,False,3
178215_2,178215,2,20.52793693722191,False,2
178215_3,178215,3,0.7534740194854546,False,3
178215_4,178215,4,12.231672654420645,False,3
178215_5,178215,5,10.046226766985786,False,3
178215_6,178215,6,3.4211588549845904,False,4
178215_7,178215,7,11.929405845296282,False,4
178215_8,178215,8,3.5957776248865163,False,4
178215_9,178215,9,1.4991068519002324,False,3
178215_10,178215,10,2.3656675787972214,False,2
178215_11,178215,11,18.02056062406865,False,3
178215_12,178215,12,7.6120380244039865,False,3
178215_13,178215,13,6.858234873751281,False,3
178215_14,178215,14,2.4574858832006874,False,4
178215_15,178215,15,14.165050240191157,False,4
178215_16,178215,16,3.2771925776383064,False,4
178215_17,178215,17,9.785795354576898,False,4
178215_18,178215,18,14.268900632484979,False,3
178215_19,178215,19,1.1046268103449999,False,3
178215_20,178215,20,3.72972735422442,False,4
178215_21,178215,21,1.4995247036360861,False,3
178215_22,178215,22,8.396335996436848,False,3
178215_23,178215,23,9.33469864274663,False,4
178215_24,178215,24,2.4472801940036413,False,3
178215_25,178215,25,14.536313973361114,False,3
178215_26,178215,26,20.7702039860144,False,4
178215_27,178215,27,0.45396577923272935,False,3
178215_28,178215,28,3.5106919238691296,False,2
178215_29,178215,29,3.1043435258478316,False,3
178215_30,178215,30,11.330926304869944,False,4
178215_31,178215,31,9.82918989990314,False,4
178215_32,178215,32,8.853241250182446,False,4
178215_33,178215,33,7.57847816601477,False,3
178215_34,178215,34,7.966059546040283,False,3
178215_35,178215,35,8.445132355151022,False,4
178215_36,178215,36,7.245457312136914,False,4
178215_37,178215,37,5.565402472889326,False,4
178215_38,178215,38,3.6940176189497724,False,4
178215_39,178215,39,21.28694886211944,False,4
178215_40,178215,40,3.718676693041331,False,4
178215_41,178215,41,8.749249918011731,False,4
178215_42,178215,42,2.68651331266159,False,3
178215_43,178215,43,1.4999253452947463,False,2
178215_44,178215,44,1.899659978286624,False,2
48168_1,48168,1,1.5002091604902092,False,3
48168_2,48168,2,22.673001383954233,False,3
48168_3,48168,3,14.949988914700706,False,4
48168_4,48168,4,2.6173534598690833,False,3
48168_5,48168,5,1.978533178904044,False,2
48168_6,48168,6,9.665603282322133,False,3
48168_7,48168,7,17.10634101945254,False,4
48168_8,48168,8,7.826268167872156,False,4
48168_9,48168,9,2.561788310782098,False,4
48168_10,48168,10,11.886208645983583,False,4
48168_11,48168,11,17.054924935293105,False,4
48168_12,48168,12,2.372380646106513,False,4
48168_13,48168,13,3.9688952804177897,False,3
48168_14,48168,14,4.234089244764103,False,3
48168_15,48168,15,8.410266349366513,False,4
48168_16,48168,16,18.047705130315162,False,4
48168_17,48168,17,4.463706941256872,False,3
48168_18,48168,18,13.591165654168575,False,3
48168_19,48168,19,9.924694192258217,False,4
48168_20,48168,20,19.018287002209878,False,3
48168_21,48168,21,12.408168674391327,False,2
48168_22,48168,22,24.227433069692356,False,5
48168_23,48168,23,6.310370474935226,False,4
48168_24,48168,24,5.2544668338578,False,4
48168_25,48168,25,11.240884109752091,False,4
48168_26,48168,26,4.206632966811493,False,3
48168_27,48168,27,14.222030522857969,False,3
48168_28,48168,28,5.267402835004639,False,3
48168_29,48168,29,4.862503399080942,False,3
48168_30,48168,30,1.8591814442042156,False,3
48168_31,48168,31,11.23403353895566,False,3
48168_32,48168,32,1.3900888681865002,False,3
48168_33,48168,33,9.798011825177742,False,3
48168_34,48168,34,5.93024701365893,False,4
48168_35,48168,35,6.564567078465449,False,4
48168_36,48168,36,2.4802334835674524,False,3
48168_37,48168,37,4.591055746513821,False,2
48168_38,48168,38,3.9381260638860316,False,2
48168_39,48168,39,1.4997102714083466,False,2
48168_40,48168,40,1.4996597207198155,False,2
48168_41,48168,41,1.8991753846153425,False,2
37805_1,37805,1,7.294367275580004,False,4
37805_2,37805,2,5.679345614691804,False,2
4786_1,4786,1,1.4995023699121506,False,3
4786_2,4786,2,13.736152000348099,False,2
4786_3,4786,3,5.9444984795320694,False,3
4786_4,4786,4,6.730792682490781,False,3
4786_5,4786,5,16.758937018533672,False,2
4786_6,4786,6,5.328528384562432,False,3
4786_7,4786,7,5.904835331095596,False,4
4786_8,4786,8,19.342996206672144,False,4
4786_9,4786,9,5.910598643525025,False,4
4786_10,4786,10,5.355392794524737,False,3
4786_11,4786,11,10.101191591530517,False,3
4786_12,4786,12,1.499466091261557,False,3
211283_1,211283,1,11.966241371310455,False,4
211283_2,211283,2,0.9759517861650321,False,3
4789_1,4789,1,8.064751796216118,False,3
4789_2,4789,2,1.5648857957366797,False,4
4789_3,4789,3,5.856765715087532,False,4
4789_4,4789,4,2.283942634757769,False,4
4789_5,4789,5,5.513537373274504,False,3
4789_6,4789,6,5.1833570130945,False,3
4789_7,4789,7,2.155560997288959,False,4
4789_8,4789,8,9.615206813077178,False,3
4789_9,4789,9,2.3406371677863675,False,2
4789_10,4789,10,1.40701867870845,False,2
4789_11,4789,11,0.45533178536559726,False,2
4789_12,4789,12,0.8800136242720977,False,3
211282_1,211282,1,0.9310101394073511,False,3
211282_2,211282,2,8.622945993892275,False,4
211282_3,211282,3,0.6483966561111313,False,3
178213_1,178213,1,4.8341405029628195,False,2
178213_2,178213,2,4.7227578710515425,False,4
178213_3,178213,3,0.9405251719778751,False,5
178213_4,178213,4,1.362839767217261,False,5
178213_5,178213,5,1.8519982368790417,False,5
178213_6,178213,6,4.601032475720841,False,5
178213_7,178213,7,1.7368215232548956,False,4
178213_8,178213,8,1.1308902345291272,False,4
178213_9,178213,9,1.8784280175622565,False,5
178213_10,178213,10,4.623848351310109,False,4
178213_11,178213,11,0.6196893985270518,False,4
178213_12,178213,12,3.930144185817293,False,5
178213_13,178213,13,3.421142824926529,False,5
178213_14,178213,14,2.527486470865124,False,5
178213_15,178213,15,1.0255710685879453,False,4
178213_16,178213,16,1.6046964906819219,False,3
178213_17,178213,17,2.5998001438328533,False,3
178213_18,178213,18,45.42073000393982,False,30
4788_1,4788,1,16.19176920857049,False,5
4788_2,4788,2,3.0460657672388733,False,4
4788_3,4788,3,12.549179966365456,False,3
4788_4,4788,4,5.651450002185249,False,3
4788_5,4788,5,8.071526683925438,False,4
4788_6,4788,6,1.7374310344160675,False,4
4788_7,4788,7,4.0141765592619185,False,2
313835_1,313835,1,7.050023572435491,False,3
313835_2,313835,2,8.857239478070897,False,4
313835_3,313835,3,3.381865926620259,False,3
178211_1,178211,1,5.124956559871075,False,2
178211_2,178211,2,5.405623705611371,False,2
178211_3,178211,3,3.4790665675474024,False,3
178211_4,178211,4,1.0293155682429618,False,3
178211_5,178211,5,1.3128830051725338,False,2
178211_6,178211,6,6.365693354500571,False,3
178211_7,178211,7,7.709696707975989,False,3
178211_8,178211,8,7.709618088863603,False,2
178211_9,178211,9,2.634239754669643,False,2
178211_10,178211,10,2.834288242434096,False,2
178211_11,178211,11,2.261143979118369,False,2
178211_12,178211,12,5.1998972379974715,False,2
178211_13,178211,13,1.0459448035500118,False,2
212341_1,212341,1,11.40238729343822,False,4
212341_2,212341,2,1.777366597259001,False,4
212341_3,212341,3,1.4616152847931627,False,4
212341_4,212341,4,0.369536769713643,False,3
246345_1,246345,1,1.7952318157883191,False,3
246345_2,246345,2,14.408197266183022,False,3
246345_3,246345,3,9.288245836880796,False,3
439264_1,439264,1,16.847788175177456,False,2
439264_2,439264,2,7.505254617644947,False,2
439264_3,439264,3,5.337646977012889,False,3
439264_4,439264,4,4.0810621401118805,False,3
439264_5,439264,5,35.88240119099825,False,2
439264_6,439264,6,31.98093229772743,False,2
439264_7,439264,7,69.4969499291118,False,2
439264_8,439264,8,40.851351206295384,False,2
439264_9,439264,9,10.2213566472131,False,2
439264_10,439264,10,57.25046529199539,False,2
439264_11,439264,11,52.07280441729998,False,2
439264_12,439264,12,1.4994890788481279,False,3
439264_13,439264,13,2.280348748884926,False,3
439264_14,439264,14,9.89747146962022,False,2
439264_15,439264,15,4.652965903585087,False,2
439264_16,439264,16,22.220878768633305,False,3
439264_17,439264,17,4.998402467058781,False,3
439264_18,439264,18,13.45296347366485,False,2
439264_19,439264,19,2.7826602370508193,False,2
439264_20,439264,20,22.01615862888865,False,3
439264_21,439264,21,10.370545425930388,False,4
439264_22,439264,22,31.882687994707272,False,3
439264_23,439264,23,20.622668567422224,False,3
439264_24,439264,24,10.11122293992222,False,3
439264_25,439264,25,3.942805227642886,False,3
439264_26,439264,26,1.4995267921177289,False,3
439264_27,439264,27,5.823288937133917,False,3
439264_28,439264,28,9.49313835094278,False,2
439264_29,439264,29,19.454913049335513,False,2
439264_30,439264,30,34.001889913890196,False,2
439264_31,439264,31,7.850056567982505,False,2
439264_32,439264,32,6.566222650387648,False,2
439264_33,439264,33,5.1992574908155555,False,3
439264_34,439264,34,3.0576306189040268,False,3
439264_35,439264,35,2.8186757676025693,False,2
439264_36,439264,36,4.789628583123725,False,2
439264_37,439264,37,2.854516091652914,False,2
439264_38,439264,38,0.922818717378872,False,2
246344_1,246344,1,1.4987932536192365,False,2
246344_2,246344,2,3.6541366535975066,False,2
246344_3,246344,3,4.132928769175434,False,3
246344_4,246344,4,7.779561026693368,False,3
246344_5,246344,5,7.798810352998327,False,3
246344_6,246344,6,7.573725772535852,False,3
246344_7,246344,7,7.6857207712085955,False,3
246344_8,246344,8,10.687521208680835,False,4
246344_9,246344,9,1.5627890366179427,False,3
246344_10,246344,10,1.5008540037424618,False,3
246344_11,246344,11,19.755164165214143,False,3
246344_12,246344,12,22.732697381266288,False,3
246344_13,246344,13,13.842855215510166,False,4
246344_14,246344,14,3.1477168282753767,False,3
246344_15,246344,15,2.4886835029947703,False,2
246344_16,246344,16,1.9331254518797691,False,2
246344_17,246344,17,1.1822299442228754,False,3
426855_1,426855,1,2.920893878884707,True,3
426855_2,426855,2,27.126791807716938,False,2
175888_1,175888,1,8.440385296877594,False,2
415766_1,415766,1,31.965841556214414,False,1
415766_2,415766,2,9.675049429954061,False,2
415766_3,415766,3,52.21280208935329,False,2
415766_4,415766,4,12.089232171989604,False,5
415766_5,415766,5,29.711440116333034,False,3
415766_6,415766,6,29.00322114268779,False,2
415766_7,415766,7,34.625243168559585,False,2
415766_8,415766,8,24.957492809752285,False,2
415766_9,415766,9,13.316326269662211,False,3
415766_10,415766,10,5.585375593249692,False,3
415766_11,415766,11,15.893225819233402,False,2
415765_1,415765,1,0.37269831403110626,False,3
415765_2,415765,2,1.4988848581938237,False,3
415765_3,415765,3,18.56491538153819,False,2
107416_1,107416,1,0.471524236708844,False,2
107416_2,107416,2,19.048364559671782,False,3
107416_3,107416,3,9.186228251765467,False,4
107416_4,107416,4,5.587220352631592,False,3
107416_5,107416,5,7.91282103530826,False,3
107416_6,107416,6,8.586622764734262,False,4
107416_7,107416,7,6.314157749048646,False,4
107416_8,107416,8,1.4995237892068265,False,3
107416_9,107416,9,0.28075050431396187,False,2
107416_10,107416,10,15.470213881447407,False,2
107416_11,107416,11,11.211183192119291,False,3
107416_12,107416,12,1.2415109284823036,False,3
107416_13,107416,13,23.33200218343183,False,2
107416_14,107416,14,0.35389500871558666,False,2
107416_15,107416,15,0.7695922268222455,False,2
107416_16,107416,16,2.557740429386159,False,3
107416_17,107416,17,0.3482499823139483,False,3
107416_18,107416,18,1.5466154128419265,False,2
212338_1,212338,1,9.983646703882535,False,4
212338_2,212338,2,2.3475387871229434,False,4
212338_3,212338,3,8.383113595420799,False,4
212338_4,212338,4,5.329195143331146,False,3
212338_5,212338,5,1.0472852679523466,False,3
212338_6,212338,6,0.31319378749718374,False,3
246342_1,246342,1,4.921711427640863,False,4
246342_2,246342,2,15.574204611569593,False,4
246342_3,246342,3,1.455225152355197,False,4
246342_4,246342,4,5.213746489478828,False,3
246342_5,246342,5,2.4280643032035343,False,2
246342_6,246342,6,4.405170116759488,False,2
246342_7,246342,7,0.5424678919495137,False,2
246342_8,246342,8,0.3327312641614901,False,1
72286_1,72286,1,2.694886055107111,False,4
72286_2,72286,2,9.748176197367199,False,4
72286_3,72286,3,3.334375238225653,False,4
72286_4,72286,4,4.3317157804656885,False,3
177181_1,177181,1,6.193629850434181,False,4
177181_2,177181,2,0.9187988541182421,False,3
177181_3,177181,3,1.245342009443347,False,2
177181_4,177181,4,10.06070273346759,False,2
177181_5,177181,5,3.1805387201611635,False,2
177181_6,177181,6,5.050398457719521,False,3
177181_7,177181,7,6.9338160857956685,False,4
178209_1,178209,1,1.4992791462512685,False,3
178209_2,178209,2,1.2635360576849817,False,2
178209_3,178209,3,14.431181775841194,False,2
178209_4,178209,4,8.776584085406942,False,2
178209_5,178209,5,8.275974472759533,False,3
178209_6,178209,6,6.792540679550446,False,3
178209_7,178209,7,5.878294233261107,False,2
245240_1,245240,1,6.79667645214871,False,3
245240_2,245240,2,6.494389838053023,False,3
245240_3,245240,3,15.780784347225005,False,3
245240_4,245240,4,4.3515264108156355,False,3
245240_5,245240,5,2.9997511360080766,False,3
245240_6,245240,6,6.374917848563486,False,3
245240_7,245240,7,11.935997717448824,False,3
246554_1,246554,1,3.6341626409101795,False,3
246554_2,246554,2,14.940904390434024,False,3
246554_3,246554,3,1.7857338819128323,False,2
246554_4,246554,4,6.061981928546667,False,3
246554_5,246554,5,4.023858221990771,False,3
246554_6,246554,6,1.499616358622909,False,3
246554_7,246554,7,7.970129226679211,False,4
246554_8,246554,8,7.3750425920629965,False,3
246554_9,246554,9,4.263853468432572,False,3
246554_10,246554,10,10.387583683089197,False,4
246554_11,246554,11,8.607791875465386,False,4
246554_12,246554,12,14.002303720105488,False,4
246554_13,246554,13,49.22921457237482,False,3
246554_14,246554,14,3.1701094248876656,False,2
246554_15,246554,15,1.0286410159619213,False,2
212339_1,212339,1,6.41400626410372,False,2
212339_2,212339,2,2.2410610198522027,False,3
212339_3,212339,3,20.309655469395786,False,4
212339_4,212339,4,11.319467660576365,False,4
212339_5,212339,5,10.07751082170918,False,4
212339_6,212339,6,6.0903632201302305,False,4
212339_7,212339,7,0.7994054710510744,False,3
212339_8,212339,8,9.47883539879183,False,3
212339_9,212339,9,6.597496621352458,False,4
212339_10,212339,10,10.564880161878632,False,3
212339_11,212339,11,1.5000411671691165,False,3
72202_1,72202,1,3.6390461346681313,False,2
72202_2,72202,2,7.675217092758202,False,3
72202_3,72202,3,1.0118115754411823,False,3
71258_1,71258,1,7.7585525634151,False,2
71258_2,71258,2,4.582649825363933,False,2
71258_3,71258,3,9.888715138635355,False,2
71258_4,71258,4,1.4346385413186271,False,2
71255_1,71255,1,1.4995010578124572,False,3
71255_2,71255,2,1.9249260873052814,False,1
186992_1,186992,1,0.7662882462271395,False,2
186992_2,186992,2,2.137810416425773,False,3
186992_3,186992,3,2.545930261786635,False,3
186992_4,186992,4,16.810583624411873,False,4
186992_5,186992,5,3.6137244598042515,False,3
186992_6,186992,6,5.600625897056104,False,2
186992_7,186992,7,7.151663395017843,False,3
186992_8,186992,8,4.624721973355823,False,4
186992_9,186992,9,11.472206803243447,False,3
186992_10,186992,10,7.013013768401455,False,3
186992_11,186992,11,1.4991082487770853,False,3
211245_1,211245,1,3.528390987536758,False,4
211245_2,211245,2,8.887371371188046,False,4
211245_3,211245,3,6.56445306312198,False,4
211245_4,211245,4,1.2470920938306356,False,3
177107_1,177107,1,6.199453452059019,False,2
177107_2,177107,2,11.731060662820317,False,2
177107_3,177107,3,2.2599558893651537,False,3
177107_4,177107,4,3.559125607250284,False,3
177107_5,177107,5,2.1377346433862128,False,2
177107_6,177107,6,1.046812217868035,False,3
177107_7,177107,7,10.698174403042087,False,4
177107_8,177107,8,0.786035426427101,False,4
177107_9,177107,9,11.095749841303567,False,4
246343_1,246343,1,1.5004327423250956,False,3
246343_2,246343,2,3.054533294806047,False,2
246343_3,246343,3,8.614033823456339,False,3
246343_4,246343,4,6.476297889065787,False,3
246343_5,246343,5,4.429014827510338,False,2
246343_6,246343,6,10.130375762145366,False,3
246343_7,246343,7,1.3400275675757212,False,3
246343_8,246343,8,8.3921062313063,False,3
246343_9,246343,9,2.7772890615140473,False,3
246343_10,246343,10,1.1605535328089003,False,2
72305_1,72305,1,1.499667584281756,False,3
72305_2,72305,2,4.185819972169735,False,2
72305_3,72305,3,3.4758754460843053,False,2
37804_1,37804,1,15.274265649111092,False,4
37804_2,37804,2,0.591893004239112,False,3
72215_1,72215,1,17.3554962107262,False,4
72215_2,72215,2,3.469247017426765,False,4
72215_3,72215,3,1.4998995939269484,False,3
72215_4,72215,4,1.496452311025593,False,2
178216_1,178216,1,3.8941247267327173,False,3
178216_2,178216,2,10.565365001903153,False,2
38876_1,38876,1,3.5610806639035886,False,4
38876_2,38876,2,9.619716922383933,False,4
38876_3,38876,3,8.508788197896067,False,4
38876_4,38876,4,0.36521076145944514,False,3
38876_5,38876,5,1.000043131498667,False,2
212340_1,212340,1,1.5000181149568261,False,3
212340_2,212340,2,1.8985912257928683,False,2
212340_3,212340,3,1.6554384406934004,False,3
212340_4,212340,4,9.700991850615829,False,4
212340_5,212340,5,0.6038433811277277,False,4
212340_6,212340,6,6.0748519649597545,False,4
212340_7,212340,7,1.9221556257069172,False,4
212340_8,212340,8,2.8659659304872065,False,4
212340_9,212340,9,5.906022499300799,False,3
212340_10,212340,10,7.7346258672558035,False,2
212340_11,212340,11,3.7004037677545556,False,1
4793_1,4793,1,4.6383166911172715,False,3
4793_2,4793,2,4.953493280005406,False,3
4793_3,4793,3,5.012857058913319,False,4
4793_4,4793,4,0.5497180044499874,False,3
212343_1,212343,1,10.310880970087718,False,4
212343_2,212343,2,12.073050701949022,False,3
212343_3,212343,3,1.5681584498318584,False,3
212343_4,212343,4,8.128878204080873,False,4
212343_5,212343,5,10.414683141314914,False,3
212343_6,212343,6,7.910108023155441,False,3
212343_7,212343,7,5.912353549895015,False,3
212343_8,212343,8,2.2151521371338356,False,2
324939_1,324939,1,1.6899751620659325,False,2
324939_2,324939,2,1.1362195270367046,False,2
324939_3,324939,3,1.6246092677919224,False,2
47811_1,47811,1,1.9039242057904198,False,3
47811_2,47811,2,3.2827615581301623,False,3
47811_3,47811,3,1.4480854771857266,False,2
47811_4,47811,4,16.02675906869395,False,2
47811_5,47811,5,4.619579533457441,False,2
47811_6,47811,6,2.386095867410267,False,1
178210_1,178210,1,7.406183530591242,False,3
178210_2,178210,2,2.9822942165345467,False,3
178210_3,178210,3,23.866595516419743,False,3
178210_4,178210,4,0.7956157931347992,False,3
178210_5,178210,5,1.4315533994689478,False,2
178210_6,178210,6,4.251338796274779,False,2
178210_7,178210,7,8.755709089892154,False,2
178210_8,178210,8,12.006207346836826,False,3
178210_9,178210,9,11.128045734116505,False,3
178210_10,178210,10,8.891572478078187,False,3
178210_11,178210,11,2.161971548516871,False,3
178210_12,178210,12,1.4994928020595688,False,3
38877_1,38877,1,1.4998649753819047,False,3
38877_2,38877,2,2.6129609638523252,False,3
38877_3,38877,3,4.599960476591172,False,3
38877_4,38877,4,5.731250160003497,False,3
38877_5,38877,5,7.593793450556795,False,4
38877_6,38877,6,1.072069083440547,False,4
38877_7,38877,7,11.07966711717887,False,4
38877_8,38877,8,4.179979670257677,False,4
38877_9,38877,9,6.44532841188631,False,4
38877_10,38877,10,4.665120133549456,False,3
38877_11,38877,11,3.2516510764440913,False,3
38877_12,38877,12,2.746447876434225,False,3
38877_13,38877,13,7.81992340624468,False,3
38877_14,38877,14,2.3967438048835557,False,3
38877_15,38877,15,1.4692274361108033,False,2
38877_16,38877,16,8.57839172808724,False,3
38877_17,38877,17,4.212727450531423,False,4
38877_18,38877,18,6.376788301757305,False,3
38877_19,38877,19,0.828741017195749,False,3
38877_20,38877,20,0.28118444958820143,False,4
38877_21,38877,21,5.201714312567149,False,4
38877_22,38877,22,8.095456782435958,False,4
38877_23,38877,23,0.6999301908570661,False,4
38877_24,38877,24,7.637049361485982,False,4
38877_25,38877,25,1.7997073697034676,False,4
38877_26,38877,26,8.714380893138015,False,4
38877_27,38877,27,2.3036139461890053,False,4
38877_28,38877,28,1.0892762722288256,False,3
38877_29,38877,29,3.7785647860202087,False,2
38877_30,38877,30,2.19027467253099,False,2
38877_31,38877,31,1.5005340872644606,False,3
73314_1,73314,1,1.5000823590007752,False,3
73314_2,73314,2,1.899107924680037,False,2
73314_3,73314,3,32.066323024720646,False,2
73314_4,73314,4,12.039730082533818,False,2
73314_5,73314,5,9.902950940485969,False,1
106341_1,106341,1,10.772450295405731,False,4
106341_2,106341,2,0.7054181301836824,False,3
463596_1,463596,1,1.149875050648635,False,3
463596_2,463596,2,3.2324381384527294,False,2
463596_3,463596,3,4.662863356279374,False,2
463596_4,463596,4,1.2148546859752662,False,2
463596_5,463596,5,0.1814208523518351,False,1
175756_1,175756,1,0.8797303385853577,False,3
175756_2,175756,2,0.6196658470682942,False,3
175756_3,175756,3,2.8073511483384957e-05,False,2
175756_4,175756,4,1.6878475870397047,False,3
175756_5,175756,5,168.15321699400474,False,2
175756_6,175756,6,16.844477643421815,False,2
175756_7,175756,7,47.97806571431557,False,3
175756_8,175756,8,27.369454271610106,False,3
175756_9,175756,9,48.26670775247607,False,2
175756_10,175756,10,44.11687091930442,False,2
175756_11,175756,11,3.7900182350712694,False,2
175756_12,175756,12,1.499461722777771,False,2
175756_13,175756,13,4.308535409506262,False,3
175756_14,175756,14,6.041903919700658,False,3
175756_15,175756,15,188.68560592349309,False,2
175756_16,175756,16,1.8040669419183546,False,2
175756_17,175756,17,1.6817580126521579,False,3
175756_18,175756,18,107.83763928708248,False,3
175756_19,175756,19,4.1517921827343836,False,3
175756_20,175756,20,7.622859200708308,False,3
211323_1,211323,1,1.4998240234941094,False,3
211323_2,211323,2,7.3125717477556,False,2
211323_3,211323,3,41.385908930752635,False,2
211323_4,211323,4,15.233575801040248,False,2
71260_1,71260,1,7.5770910709383035,False,4
71260_2,71260,2,7.612622862637918,False,3
71260_3,71260,3,7.153382003714466,False,2
71260_4,71260,4,4.36834135764077,False,3
71260_5,71260,5,1.0391027249913654,False,3
71260_6,71260,6,9.303324826227477,False,2
71260_7,71260,7,0.7048525137997933,False,2
71260_8,71260,8,1.1068956791656903,False,2
71260_9,71260,9,0.3781978763477146,False,2
71260_10,71260,10,0.8049212685502233,False,2
71260_11,71260,11,0.3178641001007729,False,2
71260_12,71260,12,1.2630306907190496,False,1
36928_1,36928,1,1.707446663018691,False,4
36928_2,36928,2,9.425852167112048,False,4
36928_3,36928,3,0.794510437590918,False,3
36928_4,36928,4,0.7336409935387568,False,2
71478_1,71478,1,1.4993177581536976,False,3
71478_2,71478,2,8.708357889140615,False,3
71478_3,71478,3,2.292061941039547,False,4
71478_4,71478,4,19.374377186684185,False,4
71478_5,71478,5,15.491048181525061,False,4
71478_6,71478,6,1.0400607332227987,False,4
71478_7,71478,7,9.926526246538758,False,4
71478_8,71478,8,1.3237556646478612,False,3
71478_9,71478,9,6.408890890892864,False,3
71478_10,71478,10,8.531994446968577,False,4
71478_11,71478,11,1.0475833442314728,False,4
71478_12,71478,12,1.7999412410436433,False,3
71478_13,71478,13,1.499466701158872,False,3
106661_1,106661,1,1.4987182811608295,False,3
106661_2,106661,2,10.204278840826543,False,3
106661_3,106661,3,4.743433127117545,False,4
106661_4,106661,4,3.2155635498106343,False,4
106661_5,106661,5,11.118809984095375,False,4
106661_6,106661,6,2.5888855979518657,False,4
106661_7,106661,7,9.35611790285385,False,4
106661_8,106661,8,0.9448165345297864,False,4
106661_9,106661,9,1.3966751072576706,False,4
106661_10,106661,10,0.6359000470121084,False,4
106661_11,106661,11,13.49893769050842,False,3
106661_12,106661,12,15.079572759756962,False,1
324846_1,324846,1,1.0627365987222555,False,2
324846_2,324846,2,1.7217661514467806,False,2
324846_3,324846,3,1.4668505318107798,False,2
324846_4,324846,4,1.566466253331776,False,2
324845_1,324845,1,1.5283495521006178,False,2
324845_2,324845,2,2.5988749814661194,False,2
324845_3,324845,3,1.3015923288837676,False,2
37774_1,37774,1,11.864446971783044,False,3
37774_2,37774,2,6.825664095100293,False,3
37774_3,37774,3,3.6761712463616574,False,3
37774_4,37774,4,6.166581563103687,False,4
37774_5,37774,5,6.232706493711623,False,3
37774_6,37774,6,0.35421066346876573,False,3
37774_7,37774,7,1.3178657827943097,False,3
37774_8,37774,8,3.265603050085049,False,3
37774_9,37774,9,4.6334492833537775,False,4
37774_10,37774,10,9.003557045941822,False,4
37774_11,37774,11,1.3036041610402325,False,3
141957_1,141957,1,1.1931523430316946,False,3
141957_2,141957,2,4.113806948923576,False,3
141957_3,141957,3,4.531801331142245,False,3
141957_4,141957,4,6.934062280543593,False,3
141957_5,141957,5,9.163601654195686,False,4
141957_6,141957,6,11.37087908422912,False,4
141957_7,141957,7,7.0604848910898035,False,4
141957_8,141957,8,9.279715504084061,False,4
141957_9,141957,9,8.694638073198378,False,3
141957_10,141957,10,2.282274332048741,False,2
141957_11,141957,11,0.8171051578636533,False,3
141957_12,141957,12,1.1850128448566046,False,2
177138_1,177138,1,11.846931934274727,False,4
177138_2,177138,2,0.3078958067661885,False,3
210313_1,210313,1,13.288359310887582,False,2
210313_2,210313,2,50.25116538150854,False,2
210313_3,210313,3,17.133994179091236,False,2
210313_4,210313,4,3.6789936684510325,False,2
210313_5,210313,5,2.9482371172151405,False,2
210313_6,210313,6,2.0845058986098577,False,2
210313_7,210313,7,2.1293925335737436,False,2
210313_8,210313,8,3.189152252272696,False,2
210313_9,210313,9,3.1900008821150956,False,2
210313_10,210313,10,5.27153538290426,False,2
210313_11,210313,11,5.171545144455789,False,2
210313_12,210313,12,44.17654003576161,False,3
210313_13,210313,13,1.053566446099137,False,3
210313_14,210313,14,5.7987966056876585,False,3
210313_15,210313,15,7.914410841977245,False,4
210313_16,210313,16,13.989608043350112,False,4
210313_17,210313,17,1.7660611452589527,False,3
210313_18,210313,18,25.92965061291604,False,3
210313_19,210313,19,4.525046585647897,False,4
210313_20,210313,20,27.309150427110293,False,3
210313_21,210313,21,9.27473019700244,False,2
210313_22,210313,22,1.1702211465546082,False,3
210313_23,210313,23,4.676189385883,False,3
210313_24,210313,24,2.3807328002059487,False,3
210313_25,210313,25,1.232404587110952,False,3
37749_1,37749,1,1.6408036179153567,False,4
37749_2,37749,2,3.970172127077571e-05,False,2
37749_3,37749,3,1.971263649130175,False,4
37749_4,37749,4,35.173522948274595,False,4
37749_5,37749,5,2.0144885404443276,False,4
37749_6,37749,6,12.567601357703541,False,4
37749_7,37749,7,2.430310331082169,False,4
37749_8,37749,8,1.001770148157694,False,3
243882_1,243882,1,1.4996757912199883,False,3
243882_2,243882,2,1.7106487538185249,False,2
243882_3,243882,3,2.3591792509158744,False,2
243882_4,243882,4,13.823829475640213,False,3
243882_5,243882,5,6.9604144526287355,False,4
243882_6,243882,6,10.748563352195545,False,4
243882_7,243882,7,5.1468170476748,False,3
243882_8,243882,8,4.183545804788773,False,3
243882_9,243882,9,2.935703481040273,False,4
243882_10,243882,10,24.159468206371617,False,4
243882_11,243882,11,1.4997392196492525,False,3
243882_12,243882,12,15.906391438649296,False,3
243882_13,243882,13,10.301218710021947,False,4
243882_14,243882,14,19.135791215231762,False,4
243882_15,243882,15,8.667537131173795,False,3
243882_16,243882,16,1.4997661175211703,False,3
36486_1,36486,1,13.540826748972398,False,4
36486_2,36486,2,4.625990282850352,False,4
36486_3,36486,3,2.667467111719721,False,4
36486_4,36486,4,7.106379062048072,False,4
36486_5,36486,5,2.871867442548297,False,4
36486_6,36486,6,4.846407085074151,False,2
324849_1,324849,1,1.9746980622115204,False,3
324849_2,324849,2,11.057058008069477,False,2
324849_3,324849,3,21.691233543959576,False,2
324849_4,324849,4,14.98089867007274,False,2
324849_5,324849,5,63.381252722349124,False,3
324849_6,324849,6,3.0781051328026825,False,3
324849_7,324849,7,3.577504468670116,False,2
324849_8,324849,8,0.9117496430852652,False,2
324849_9,324849,9,1.7513630180202095,False,2
324849_10,324849,10,0.9896793958459466,False,2
2882_1,2882,1,1.499783083267422,False,3
2882_2,2882,2,8.196055963872482,False,3
2882_3,2882,3,1.8032775086120572,False,4
2882_4,2882,4,11.146576764264234,False,4
2882_5,2882,5,1.4275807341257358,False,4
2882_6,2882,6,11.279809438849062,False,3
2882_7,2882,7,1.6844210047026418,False,3
2882_8,2882,8,8.766431695661293,False,4
2882_9,2882,9,3.6660263577141117,False,4
2882_10,2882,10,6.11307882403707,False,4
2882_11,2882,11,5.657369303529504,False,4
2882_12,2882,12,2.641487213191362,False,4
2882_13,2882,13,3.1374048627234536,False,4
2882_14,2882,14,4.300859418129032,False,3
2882_15,2882,15,2.366361098645246,False,3
2840_1,2840,1,10.890152160492873,False,3
38906_1,38906,1,3.4993418580689486,False,3
38906_2,38906,2,1.4994469432838695,False,1
37852_1,37852,1,16.249450422591135,False,3
37852_2,37852,2,0.13646174196833424,False,3
37852_3,37852,3,20.404459024201124,False,3
37852_4,37852,4,13.33832054175531,False,3
37852_5,37852,5,5.939453398833887,False,2
37852_6,37852,6,14.563338901104697,False,2
37852_7,37852,7,10.412073310364018,False,2
243995_1,243995,1,12.274666891123239,False,4
243995_2,243995,2,7.146118783987864,False,3
407185_1,407185,1,1.2136452511652347,False,3
407185_2,407185,2,1.7060930191878574,False,2
407185_3,407185,3,4.794445368834295,False,2
407185_4,407185,4,61.58491906057908,False,2
407185_5,407185,5,1.3563726157112626,False,2
407185_6,407185,6,1.399315778481037,False,2
407185_7,407185,7,1.9346989756519353,False,2
141958_1,141958,1,1.4999031193715493,False,3
141958_2,141958,2,1.4167624796128344,False,3
141958_3,141958,3,27.037172985420792,False,4
141958_4,141958,4,31.680675964717487,False,4
141958_5,141958,5,3.970155413233897e-05,False,2
141958_6,141958,6,1.498734705078637,False,4
141958_7,141958,7,8.469814460738611,False,3
141958_8,141958,8,15.624888807835047,False,2
141958_9,141958,9,0.616788103296318,False,2
141958_10,141958,10,1.1564117792602404,False,1
4009_1,4009,1,1.4065556119477978,False,3
4009_2,4009,2,2.491438843539573,False,3
4009_3,4009,3,3.072155860370409,False,4
4009_4,4009,4,2.21942572623119,False,4
4009_5,4009,5,7.435020792180575,False,3
4009_6,4009,6,4.124371146529719,False,3
4009_7,4009,7,2.3965762668035557,False,4
4009_8,4009,8,16.019287827134942,False,4
4009_9,4009,9,6.303663212379041,False,4
4009_10,4009,10,5.73908420519151,False,3
4009_11,4009,11,5.63411911565872,False,3
4009_12,4009,12,1.7654000867863189,False,4
4009_13,4009,13,0.6797498542774605,False,3
4009_14,4009,14,1.5971542415901563,False,3
4009_15,4009,15,0.8967161831806932,False,3
4009_16,4009,16,1.1499795867628042,False,3
4009_17,4009,17,2.8073123532019033e-05,False,2
4009_18,4009,18,1.4990134905700419,False,4
408602_1,408602,1,1.2186811555008712,False,3
408602_2,408602,2,1.6575844657222356,False,2
408602_3,408602,3,1.2559235973434517,False,3
408602_4,408602,4,14.725098818781749,False,4
408602_5,408602,5,3.570468267808173,False,4
408602_6,408602,6,12.202550391121763,False,4
408602_7,408602,7,2.4668259388843494,False,4
408602_8,408602,8,2.727296752027721,False,4
408602_9,408602,9,1.7696746746475247,False,3
408602_10,408602,10,3.534546277288437,False,3
408602_11,408602,11,5.99044841421933,False,4
408602_12,408602,12,2.162175532837584,False,4
408602_13,408602,13,1.0890648160685956,False,4
408602_14,408602,14,9.26247394840688,False,4
408602_15,408602,15,8.141810497876405,False,3
408602_16,408602,16,1.0579178266497637,False,2
408602_17,408602,17,0.5095091355209809,False,2
408602_18,408602,18,0.3567771129979146,False,2
408602_19,408602,19,0.3270058024970321,False,2
408602_20,408602,20,0.6170216468821715,False,2
413304_1,413304,1,1.0717254965398317,False,2
413304_2,413304,2,0.9698838120139037,False,2
413303_1,413303,1,0.5719482148914783,False,3
413303_2,413303,2,7.478873285361403,False,3
413303_3,413303,3,1.5410394112653034,False,2
413296_1,413296,1,17.212323530388602,False,3
413296_2,413296,2,2.6672053825637234,False,4
413296_3,413296,3,7.91175401447102,False,4
413296_4,413296,4,10.399046671086252,False,4
413296_5,413296,5,15.16366832005575,False,4
413296_6,413296,6,0.5315539099965965,False,3
420931_1,420931,1,1.1632936852266416,False,1
420931_2,420931,2,1.500063217741764,False,3
324848_1,324848,1,1.219650458856494,False,3
324848_2,324848,2,1.3296105593427952,False,2
324848_3,324848,3,0.30990880711367946,False,2
324848_4,324848,4,0.8683079740663763,False,2
324848_5,324848,5,5.556564589006211,False,2
324848_6,324848,6,4.756774242873944,False,2
324848_7,324848,7,1.3642701490379257,False,2
324848_8,324848,8,1.7345940817479242,False,2
324848_9,324848,9,0.934826404973316,False,2
324848_10,324848,10,1.6343879064185916,False,2
324848_11,324848,11,1.1013465465235117,False,2
324848_12,324848,12,1.6622841906181676,False,2
324940_1,324940,1,2.1194079644291897,False,3
324940_2,324940,2,3.880873534721173,False,2
324940_3,324940,3,2.41455397567693,False,2
177096_1,177096,1,5.951189777925503,False,2
177096_2,177096,2,2.5522860042322515,False,2
36731_1,36731,1,3.1440954612729213,False,3
36731_2,36731,2,11.692742482941629,False,4
36731_3,36731,3,8.38261570772582,False,4
36731_4,36731,4,21.233072493223062,False,4
36731_5,36731,5,8.983474543967718,False,4
36731_6,36731,6,6.997042334166465,False,4
36731_7,36731,7,4.608671025284734,False,3
99466_1,99466,1,1.1507517895681703,False,3
99466_2,99466,2,2.215351622441733,False,2
99466_3,99466,3,1.4576070516317607,False,2
99466_4,99466,4,1.1276492323023535,False,2
99466_5,99466,5,0.03240536679177905,False,2
99466_6,99466,6,1.1667187113198525,False,3
99466_7,99466,7,16.793278520580962,False,4
99466_8,99466,8,12.12749392431248,False,4
99466_9,99466,9,7.519191295331017,False,4
99466_10,99466,10,3.2897691689548685,False,3
99466_11,99466,11,7.850639863481228,False,2
99466_12,99466,12,1.1251875848640311,False,2
99466_13,99466,13,0.11392437122012387,False,2
99466_14,99466,14,1.0655610961276143,False,3
99466_15,99466,15,0.7435917223123462,False,3
99466_16,99466,16,0.29103326456435685,False,2
99466_17,99466,17,1.1671435896202134,False,2
99466_18,99466,18,11.609397519068215,False,3
99466_19,99466,19,12.835018357696539,False,4
99466_20,99466,20,3.708367900689139,False,3
99466_21,99466,21,0.3797275099027896,False,2
99466_22,99466,22,11.501308798987868,False,3
99466_23,99466,23,4.659991465251376,False,4
99466_24,99466,24,12.16702238104547,False,4
99466_25,99466,25,14.636679141951342,False,3
211525_1,211525,1,0.2271067119194977,False,2
211525_2,211525,2,1.4974885591632177,False,2
211525_3,211525,3,2.942665893569746,False,2
211525_4,211525,4,36.79351397202077,False,3
211525_5,211525,5,0.45211900853824405,False,3
211525_6,211525,6,2.2860383230959576,False,2
211525_7,211525,7,1.3585823516815003,False,2
211525_8,211525,8,0.8799090575315395,False,2
38097_1,38097,1,2.74561387926986,False,4
38097_2,38097,2,8.229702116612414,False,4
38097_3,38097,3,8.351674261965243,False,4
38097_4,38097,4,7.812836562900361,False,4
38097_5,38097,5,2.999545666101528,False,4
38097_6,38097,6,1.9766849861516116,False,4
38097_7,38097,7,12.079123707410035,False,4
38097_8,38097,8,11.018303808186026,False,3
211527_1,211527,1,1.4987755807568048,False,3
211527_2,211527,2,9.116764619256601,False,3
211527_3,211527,3,6.141126888140342,False,4
211527_4,211527,4,3.3295772108198682,False,4
211527_5,211527,5,6.743036553616281,False,4
211527_6,211527,6,1.7435208947106462,False,4
211527_7,211527,7,13.464450233720399,False,4
211527_8,211527,8,1.8087169010812636,False,3
211527_9,211527,9,2.5166500247731864,False,3
211527_10,211527,10,9.476700635622098,False,3
211527_11,211527,11,1.499823635392647,False,3
72241_1,72241,1,8.481256062761261,False,4
72241_2,72241,2,0.3279906952574511,False,3
72241_3,72241,3,2.698469288212374,False,2
72241_4,72241,4,2.0023033395888423,False,3
72241_5,72241,5,14.731893541407599,False,3
246553_1,246553,1,1.4988338455324703,False,3
246553_2,246553,2,1.8996727439994168,False,2
246553_3,246553,3,7.9937198312166045,False,2
246553_4,246553,4,3.8862408658485883,False,2
246553_5,246553,5,1.1495492500274962,False,3
246553_6,246553,6,3.8655590602070933,False,4
246553_7,246553,7,3.8456124231736815,False,4
246553_8,246553,8,7.513888433675441,False,3
246553_9,246553,9,4.281864207481167,False,3
246553_10,246553,10,1.3923964167072413,False,4
246553_11,246553,11,11.318242690144452,False,4
246553_12,246553,12,1.4167208348064249,False,4
246553_13,246553,13,10.811228717376906,False,4
246553_14,246553,14,2.576861456686334,False,4
246553_15,246553,15,13.588938242236864,False,4
246553_16,246553,16,4.257686006786464,False,4
220520_1,220520,1,14.342691972384076,False,3
220520_2,220520,2,1.6234472732444545,False,2
220520_3,220520,3,4.039775002354125,False,2
220520_4,220520,4,1.8051462219672716,False,2
220520_5,220520,5,1.6834289111180816,False,2
220520_6,220520,6,1.4995002114963139,False,3
37775_1,37775,1,7.800546833327112,False,4
37775_2,37775,2,1.4126986123966745,False,4
37775_3,37775,3,0.7558491953649547,False,4
37775_4,37775,4,4.426926197900085,False,3
220414_1,220414,1,0.17405686006389254,False,3
220414_2,220414,2,10.04718301390967,False,3
220414_3,220414,3,12.981848185573217,False,4
220414_4,220414,4,0.7111285297364441,False,4
220414_5,220414,5,10.100271768220999,False,4
220414_6,220414,6,10.639365592859484,False,3
220414_7,220414,7,8.408833948592324,False,2
220414_8,220414,8,1.1052179248085228,False,2
220414_9,220414,9,0.030101494729994856,False,3
211481_1,211481,1,4.000947893462173,False,4
211481_2,211481,2,1.3326312989766744,False,3
211481_3,211481,3,7.536024303496112,False,3
211481_4,211481,4,5.017746793571027,False,4
211481_5,211481,5,0.9707367305398849,False,4
211481_6,211481,6,11.873559005483294,False,3
38046_1,38046,1,18.493888655538523,False,4
38046_2,38046,2,9.602173068999935,False,3
37769_1,37769,1,1.4996439398917984,False,3
37769_2,37769,2,3.1700663662615303,False,3
37769_3,37769,3,8.503735263694201,False,4
37769_4,37769,4,1.4986541418076773,False,3
105678_1,105678,1,9.328314767877004,False,3
105678_2,105678,2,7.0212521339396385,False,4
105678_3,105678,3,20.3617231172794,False,4
105678_4,105678,4,7.56718770718913,False,4
105678_5,105678,5,21.986405009397362,False,3
105678_6,105678,6,5.934567196242539,False,3
105678_7,105678,7,11.550382245327372,False,4
105678_8,105678,8,14.109454196283576,False,4
105678_9,105678,9,12.093588738873686,False,4
105678_10,105678,10,2.6487100170486833,False,4
105678_11,105678,11,8.615985550326327,False,3
105678_12,105678,12,4.835427229503476,False,2
105678_13,105678,13,2.7636777497449234,False,3
105678_14,105678,14,1.4855094592182023,False,3
105522_1,105522,1,1.021745465736427,False,2
105522_2,105522,2,2.5952517379002615,False,3
105522_3,105522,3,4.41843983004918,False,2
105522_4,105522,4,1.6998044163439703,False,2
10937_1,10937,1,1.499602123489272,False,3
10937_2,10937,2,1.8994155435917313,False,2
10937_3,10937,3,14.47976990851305,False,3
10937_4,10937,4,1.9684418196421893,False,4
10937_5,10937,5,0.7877528731386997,False,3
10937_6,10937,6,10.413892811348,False,3
10937_7,10937,7,2.50866875094183,False,4
10937_8,10937,8,3.850132118694786,False,4
10937_9,10937,9,7.450120867401702,False,4
10937_10,10937,10,2.2171994971388904,False,4
10937_11,10937,11,3.9643738582728325,False,3
10937_12,10937,12,6.965505111368338,False,3
143235_1,143235,1,1.3359702998443876,False,3
143235_2,143235,2,1.0724532494207717,False,2
211253_1,211253,1,4.366733010532583,False,3
439268_1,439268,1,3.1091409591404693,False,3
439268_2,439268,2,13.451490755307518,False,4
439268_3,439268,3,28.194503040659644,False,4
439268_4,439268,4,18.769059770434005,False,3
439268_5,439268,5,3.2491337589511633,False,3
439268_6,439268,6,9.348533517659243,False,3
439268_7,439268,7,1.7620909004008425,False,3
324620_1,324620,1,24.78971634386079,False,3
324620_2,324620,2,23.444409268263293,False,4
324620_3,324620,3,3.9429840579875868,False,4
324620_4,324620,4,17.763663984701147,False,4
324620_5,324620,5,5.628632784041975,False,4
324620_6,324620,6,3.859940825407663,False,3
324620_7,324620,7,0.3011316542832995,False,2
324620_8,324620,8,1.648742260094386,False,2
324620_9,324620,9,0.7845648608636696,False,2
324620_10,324620,10,2.335442723143441,False,3
324620_11,324620,11,3.314213684362921,False,3
324620_12,324620,12,16.6099277604859,False,4
324620_13,324620,13,1.2797063551922678,False,4
324620_14,324620,14,14.198147407565495,False,3
324620_15,324620,15,4.010914812791012,False,2
324620_16,324620,16,7.738180663625787,False,3
324620_17,324620,17,9.339036673835073,False,4
324620_18,324620,18,10.2611411297243,False,4
324620_19,324620,19,9.991924253255407,False,4
324620_20,324620,20,12.300717404981409,False,4
324620_21,324620,21,11.432304965432113,False,3
324620_22,324620,22,6.3387038252378325,False,2
324620_23,324620,23,5.319474428184229,False,2
324620_24,324620,24,0.8226836547431244,False,3
324620_25,324620,25,1.704798077401095,False,3
324620_26,324620,26,1.3420365900608304,False,2
407422_1,407422,1,31.908226042378125,False,3
407422_2,407422,2,1.1079074893866172,False,3
407422_3,407422,3,5.474441610751852,False,2
407422_4,407422,4,14.606628087715796,False,3
407422_5,407422,5,1.1078795792320926,False,3
407422_6,407422,6,4.966048331565589,False,3
407422_7,407422,7,1.1079075821376088,False,2
407421_1,407421,1,4.603458642951333,False,3
407421_2,407421,2,2.0758487598902664,False,4
407421_3,407421,3,2.591883421900764,False,4
407421_4,407421,4,13.057899987315183,False,4
407421_5,407421,5,9.159042821647187,False,4
407421_6,407421,6,1.6132915641568542,False,4
407421_7,407421,7,2.434173846439268,False,4
407421_8,407421,8,10.187867745118941,False,3
407421_9,407421,9,4.082841113131383,False,3
407421_10,407421,10,0.36296147904970794,False,3
407421_11,407421,11,1.5231259110373527,False,2
448269_1,448269,1,5.4034183121710315,False,4
413291_1,413291,1,1.062288141164307,False,3
413291_2,413291,2,8.95530984955578,False,4
413291_3,413291,3,7.60826775310354,False,3
413291_4,413291,4,1.3551553012860795,False,3
413291_5,413291,5,7.730884188490476,False,4
413291_6,413291,6,9.425806810625966,False,3
413291_7,413291,7,1.5458259147842837,False,2
413291_8,413291,8,1.8332206804727138,False,2
413291_9,413291,9,1.4996267469359394,False,3
413297_1,413297,1,1.041269221548981,False,2
413297_2,413297,2,1.2280541974810326,False,2
413300_1,413300,1,2.346545191712668,False,2
413292_1,413292,1,0.39262102727548953,False,1
413292_2,413292,2,0.5753095444726593,False,2
413292_3,413292,3,1.1909339204102956,False,3
413292_4,413292,4,1.5451007797370024,False,2
413292_5,413292,5,0.6563654658450307,False,2
413292_6,413292,6,0.39909128365639346,False,2
324776_1,324776,1,3.230101396225147,False,2
324776_2,324776,2,2.4907083638427157,False,2
324776_3,324776,3,1.9494477870336129,False,2
324776_4,324776,4,2.303314882057835,False,3
324776_5,324776,5,1.5935881171148858,False,3
4008_1,4008,1,0.9527654110934738,False,2
4008_2,4008,2,3.2760811108680046,True,2
4008_3,4008,3,11.054965164631307,False,2
4008_4,4008,4,25.00363967688377,False,2
4008_5,4008,5,2.030421225428326,False,2
4008_6,4008,6,1.9143762032585128,False,2
4008_7,4008,7,28.771800076650862,False,2
4008_8,4008,8,152.40293272827603,False,2
4008_9,4008,9,1.278155562267938,True,2
4008_10,4008,10,2.5649428124911595,True,2
4008_11,4008,11,4.731166446180505,False,2
4008_12,4008,12,0.6701193744223846,False,2
4008_13,4008,13,1.3196571580320813,False,2
4008_14,4008,14,2.891926557504606,True,2
4008_15,4008,15,8.542627609404791,False,2
4008_16,4008,16,1.6685367678412197,False,2
4008_17,4008,17,0.8578739809995367,False,2
72309_1,72309,1,2.7315845182193055,False,4
72309_2,72309,2,5.251883124444202,False,3
72309_3,72309,3,3.435602316243226,False,2
37855_1,37855,1,1.2712896843048966,False,3
37855_2,37855,2,6.817985611222857,False,3
37855_3,37855,3,2.694566757279677,False,4
37855_4,37855,4,7.578476358775473,False,4
37855_5,37855,5,4.864312526534209,False,4
37855_6,37855,6,7.103694633418998,False,4
37855_7,37855,7,3.1604724886190025,False,4
37855_8,37855,8,9.694541870682164,False,4
37855_9,37855,9,0.8552857697850472,False,4
37855_10,37855,10,10.018678152408624,False,4
37855_11,37855,11,6.833261790480554,False,3
37855_12,37855,12,4.3157025896291605,False,3
37855_13,37855,13,1.4243817035943591,False,3
37855_14,37855,14,4.665524771601715,False,2
37855_15,37855,15,3.855471211217973,False,3
265864_1,265864,1,0.7359704203539709,False,3
265864_2,265864,2,0.7341683825604254,False,2
265864_3,265864,3,0.971981682364346,False,2
265864_4,265864,4,0.6779365286325805,False,2
265864_5,265864,5,2.247296630368693,True,2
265864_6,265864,6,1.2107385296392197,False,2
265864_7,265864,7,0.9599199378175552,False,2
265864_8,265864,8,3.227225682824734,False,3
265864_9,265864,9,11.924967590336122,False,4
265864_10,265864,10,1.6754403618867815,False,4
265864_11,265864,11,12.407105317019425,False,4
265864_12,265864,12,2.4561903966123455,False,3
265864_13,265864,13,1.9515909236142925,False,2
265864_14,265864,14,0.5322936435615127,False,3
265864_15,265864,15,15.465548563747328,False,4
265864_16,265864,16,2.8222669175534922,False,3
265864_17,265864,17,1.8985935166091494,False,2
265864_18,265864,18,1.4996581704028957,False,3
245306_1,245306,1,1.2657703787903463,False,3
245306_2,245306,2,2.38955217834115,False,2
245306_3,245306,3,17.146401841259706,False,3
245306_4,245306,4,13.956520436711164,False,4
245306_5,245306,5,1.7394031353553558,False,3
245306_6,245306,6,18.270190579798967,False,3
245306_7,245306,7,3.660376803100735,False,4
245306_8,245306,8,3.4269856791559077,False,4
245306_9,245306,9,10.706586051766148,False,4
245306_10,245306,10,3.7939983059108537,False,4
245306_11,245306,11,18.59237936059486,False,3
245306_12,245306,12,15.846000185210938,False,3
245306_13,245306,13,19.103573181742767,False,4
245306_14,245306,14,18.38867920870069,False,3
245306_15,245306,15,1.4995493185380568,False,3
3803_1,3803,1,11.608850443811969,False,3
3803_2,3803,2,1.2357157888021157,False,2
3803_3,3803,3,7.730971849773171,False,2
37858_1,37858,1,1.257380864205731,False,2
37858_2,37858,2,0.33464098025767447,False,2
37858_3,37858,3,0.20554007360113377,False,2
37858_4,37858,4,13.878493478501479,False,2
37858_5,37858,5,3.65278361697113,False,2
37858_6,37858,6,2.4592929499909473,False,3
37858_7,37858,7,15.183906712198961,False,4
37858_8,37858,8,12.763549281619637,False,4
37858_9,37858,9,16.38354396173864,False,4
37858_10,37858,10,7.070077773092092,False,3
37858_11,37858,11,12.173763392629146,False,3
37858_12,37858,12,1.7802428711904368,False,4
37858_13,37858,13,9.336745924479146,False,4
37858_14,37858,14,5.377584960695191,False,3
37858_15,37858,15,20.838336118907833,False,5
37858_16,37858,16,21.333436653471374,False,3
37858_17,37858,17,2.450198630844567,False,2
37858_18,37858,18,1.4995554717289838,False,3
106430_1,106430,1,1.4996644154236174,False,3
106430_2,106430,2,2.5531172553697847,False,2
106430_3,106430,3,5.7929195155939714,False,2
106430_4,106430,4,0.7132671368227083,False,3
106430_5,106430,5,13.386421447511278,False,4
106430_6,106430,6,3.0362954331166474,False,4
106430_7,106430,7,2.6494112684668143,False,4
106430_8,106430,8,10.493494162718045,False,4
106430_9,106430,9,2.1345168615587053,False,3
106430_10,106430,10,12.378088705415953,False,2
106430_11,106430,11,6.729387544685139,False,5
106430_12,106430,12,7.373345531971705,False,3
106430_13,106430,13,9.16282999797036,False,3
106430_14,106430,14,9.368796787485143,False,4
106430_15,106430,15,9.786544121106024,False,3
106430_16,106430,16,0.3757792042871066,False,3
106430_17,106430,17,0.4133972144160573,False,3
106430_18,106430,18,2.5441600241565365,False,2
106430_19,106430,19,2.861127117546728,False,3
106430_20,106430,20,21.253483252177443,False,4
106430_21,106430,21,0.5546015597280604,False,3
106430_22,106430,22,10.35256842289505,False,3
106430_23,106430,23,12.807999725939641,False,3
106430_24,106430,24,1.4996926226845715,False,3
177126_1,177126,1,11.641575514007052,False,4
177126_2,177126,2,1.889482272938789,False,3
408628_1,408628,1,14.859654298709003,False,4
408628_2,408628,2,0.6368732260126138,False,3
37856_1,37856,1,1.4995799776619887,False,3
37856_2,37856,2,8.53716866669023,False,3
37856_3,37856,3,11.645159048024162,False,4
37856_4,37856,4,0.9525603697621957,False,3
37856_5,37856,5,14.976596837889122,False,3
37856_6,37856,6,23.576224605987107,False,4
37856_7,37856,7,14.75770010298852,False,4
37856_8,37856,8,22.255544846512258,False,3
37856_9,37856,9,1.291604591366617,False,2
37856_10,37856,10,2.0733750009485847,False,3
37856_11,37856,11,1.6705291017067971,False,3
37856_12,37856,12,1.4989293659328815,False,2
37856_13,37856,13,1.6650361969191672,False,2
37856_14,37856,14,11.53090159375532,False,3
37856_15,37856,15,10.67869056692508,False,4
37856_16,37856,16,2.3208902888905993,False,4
37856_17,37856,17,3.191228681866889,False,4
37856_18,37856,18,28.604934057092578,False,3
37856_19,37856,19,1.5002966037991685,False,3
417714_1,417714,1,2.5601159913627924,False,2
245337_1,245337,1,12.436090570540992,False,4
245337_2,245337,2,0.8879758706664157,False,4
245337_3,245337,3,1.0813166688868596,False,4
245337_4,245337,4,0.6884301285864389,False,3
211328_1,211328,1,5.137151925235959,False,2
211328_2,211328,2,21.12107828080645,False,4
211328_3,211328,3,13.360354258808782,False,4
211328_4,211328,4,26.794762597993667,False,4
211328_5,211328,5,17.600658355716863,False,3
211328_6,211328,6,14.181691440008832,False,3
211328_7,211328,7,6.016547446991084,False,4
211328_8,211328,8,21.060391039053865,False,4
211328_9,211328,9,6.106877049491733,False,4
211328_10,211328,10,8.631090172018126,False,3
211328_11,211328,11,9.551801119033652,False,2
211328_12,211328,12,0.6024942410505746,False,3
211328_13,211328,13,7.494649821139826,False,3
211328_14,211328,14,4.400696506964787,False,2
211328_15,211328,15,1.509032225136112,False,3
211328_16,211328,16,4.822704488162755,False,4
211328_17,211328,17,1.061038101242892,False,3
211328_18,211328,18,5.333984997010127,False,2
211328_19,211328,19,1.4993815589734891,False,2
211328_20,211328,20,2.119577567355601,False,2
211328_21,211328,21,7.491753811019731,False,3
211328_22,211328,22,6.408701461034239,False,3
211328_23,211328,23,5.852166911125082,False,3
211328_24,211328,24,1.511160681255878,False,3
211328_25,211328,25,0.7096188646278286,False,2
211328_26,211328,26,13.933560270046211,False,3
211328_27,211328,27,14.491340971200664,False,4
211328_28,211328,28,4.132686863021146,False,4
211328_29,211328,29,20.648536916246247,False,4
211328_30,211328,30,20.26616807472685,False,4
211328_31,211328,31,9.774986733189017,False,3
211328_32,211328,32,10.980835762436548,False,3
211328_33,211328,33,0.8903377284978246,False,3
211328_34,211328,34,3.6130736172061586,False,3
211328_35,211328,35,15.079213887274689,False,3
211328_36,211328,36,0.6107330996590313,False,2
211328_37,211328,37,0.34622417193784366,False,2
211328_38,211328,38,1.1448586007563537,False,2
106429_1,106429,1,1.4995490674754952,False,3
106429_2,106429,2,1.8994475220036882,False,2
106429_3,106429,3,9.53622815434305,False,3
106429_4,106429,4,1.757492826181307,False,3
106429_5,106429,5,9.209314108838614,False,3
106429_6,106429,6,1.088674866939161,False,3
106429_7,106429,7,4.948427697167297,False,2
106429_8,106429,8,3.758051860814532,False,3
106429_9,106429,9,0.9407129917746935,False,3
3805_1,3805,1,9.443230173592456,False,4
3805_2,3805,2,3.1001537345578645,False,3
3805_3,3805,3,3.958815466855843,False,3
3805_4,3805,4,1.517570705148315,False,3
3776_1,3776,1,1.4993051495778547,False,3
3776_2,3776,2,9.179149509884992,False,3
3776_3,3776,3,13.061796523279257,False,4
3776_4,3776,4,1.344180572732691,False,3
3776_5,3776,5,11.127148200351995,False,2
3776_6,3776,6,1.4066312117856192,False,3
3776_7,3776,7,1.5111443912843088,False,3
3776_8,3776,8,7.191684470934372,False,2
3776_9,3776,9,3.528114869552962,False,3
3776_10,3776,10,10.316352667315947,False,3
3776_11,3776,11,1.6601234569953038,False,3
3776_12,3776,12,2.463964248076135,False,3
3776_13,3776,13,2.7281782239240733,False,3
3776_14,3776,14,18.050382822043776,False,3
3776_15,3776,15,5.783684255081894,False,2
3776_16,3776,16,1.0446352095789084,False,3
3776_17,3776,17,23.41635216523575,False,3
3776_18,3776,18,0.6579129479271743,False,2
3776_19,3776,19,2.3247455093212768,False,2
3776_20,3776,20,0.6875079257113251,False,2
3776_21,3776,21,0.946464860778274,False,2
177202_1,177202,1,2.002342180198807,False,2
177202_2,177202,2,1.4990414762441044,False,3
177202_3,177202,3,4.4844591223030745,False,3
177202_4,177202,4,8.154798509559857,False,3
177202_5,177202,5,3.5670572258205255,False,4
177202_6,177202,6,11.672907810109049,False,4
177202_7,177202,7,12.548513860010132,False,4
177202_8,177202,8,4.644840479639932,False,4
177202_9,177202,9,12.920547112265522,False,4
177202_10,177202,10,3.8499917617595587,False,4
177202_11,177202,11,26.053958208260994,False,3
177202_12,177202,12,22.873079896606146,False,3
177202_13,177202,13,3.0390039989870803,False,4
177202_14,177202,14,2.8051866312262006,False,3
177202_15,177202,15,1.0569492698039258,False,3
177202_16,177202,16,1.4995837335563302,False,3
143020_1,143020,1,12.926903365962337,False,4
143020_2,143020,2,0.7737190602149251,False,3
143020_3,143020,3,3.7299530074794616,False,3
143020_4,143020,4,6.123168394498258,False,3
142917_1,142917,1,1.5005071073689602,False,3
142917_2,142917,2,7.928342195565387,False,2
142917_3,142917,3,14.811068677095161,False,3
142917_4,142917,4,5.9993041858813125,False,4
142917_5,142917,5,8.966381046192497,False,4
142917_6,142917,6,7.854712721388398,False,3
142917_7,142917,7,1.459635443324283,False,2
142917_8,142917,8,5.6233492169326595,False,3
142917_9,142917,9,0.8807001154141008,False,3
142917_10,142917,10,5.90579563597033,False,2
142917_11,142917,11,37.30689747262726,False,2
142917_12,142917,12,0.08466314780664964,False,2
142917_13,142917,13,0.5961115907892808,False,2
142917_14,142917,14,4.938444814169008,False,3
142917_15,142917,15,2.1700930744417732,False,3
142917_16,142917,16,11.78393662584858,False,2
142917_17,142917,17,5.152076977147898,False,4
142917_18,142917,18,12.560479502269429,False,4
142917_19,142917,19,7.565201753844589,False,3
142917_20,142917,20,1.8997069316278172,False,2
142917_21,142917,21,1.499576879520468,False,3
245304_1,245304,1,1.4995571169975814,False,3
245304_2,245304,2,38.160063109934924,False,3
245304_3,245304,3,21.19488051492973,False,3
245304_4,245304,4,5.149783219973994,False,2
245304_5,245304,5,22.77974197481795,False,2
245304_6,245304,6,0.5403073589811759,False,2
245304_7,245304,7,1.074583402203709,False,2
245304_8,245304,8,0.8730694547398321,False,1
411762_1,411762,1,11.607698723927008,False,4
411762_2,411762,2,1.1856676852729224,False,3
211325_1,211325,1,1.4997790851251749,False,3
211325_2,211325,2,0.5748139064970078,False,2
211325_3,211325,3,3.0133598271162336,False,2
211325_4,211325,4,8.416899399400085,False,3
211325_5,211325,5,15.607467087612935,False,3
211325_6,211325,6,8.916634021576487,False,3
211325_7,211325,7,9.070922893906406,False,4
211325_8,211325,8,17.296266954593257,False,3
211325_9,211325,9,2.8361713387122616,False,3
211325_10,211325,10,9.146822231402886,False,4
211325_11,211325,11,7.1299194750397605,False,4
211325_12,211325,12,1.6159641457098284,False,3
211325_13,211325,13,1.8988963412508852,False,2
211325_14,211325,14,1.4997082611364625,False,3
72345_1,72345,1,14.395176752083911,False,3
72345_2,72345,2,9.668389301428745,False,3
72345_3,72345,3,3.475517149334885,False,3
72345_4,72345,4,2.106365463157531,False,3
72345_5,72345,5,3.133314133694985,False,3
72345_6,72345,6,2.5921782986694035,False,4
72345_7,72345,7,15.151270834956913,False,4
72345_8,72345,8,7.622587537391016,False,3
72345_9,72345,9,1.4995363843260796,False,3
72226_1,72226,1,3.8216123235103168,False,4
72226_2,72226,2,10.58637976500807,False,4
72226_3,72226,3,7.240852952388942,False,2
72227_1,72227,1,2.704321674931066,False,4
72227_2,72227,2,7.980950409418633,False,4
72227_3,72227,3,1.8995523456659138,False,3
3906_1,3906,1,3.268548866999418,False,3
3906_2,3906,2,5.991488886572749,False,3
3906_3,3906,3,5.5381836460111105,False,3
3906_4,3906,4,1.2618698105474593,False,4
3906_5,3906,5,5.458685199694545,False,4
3906_6,3906,6,7.227274721305802,False,4
3906_7,3906,7,4.805472519344536,False,2
143068_1,143068,1,11.106936499456134,False,4
143068_2,143068,2,1.694660558208052,False,2
106352_1,106352,1,5.553611960673454,False,4
106352_2,106352,2,7.026243349251079,False,3
142924_1,142924,1,11.384864099586006,False,4
142924_2,142924,2,1.6925328027250672,False,3
143131_1,143131,1,9.808181470715652,False,4
143131_2,143131,2,7.404826733271647,False,4
143131_3,143131,3,6.407210120893078,False,4
143131_4,143131,4,1.7994083468016708,False,3
143131_5,143131,5,2.518306964717444,False,2
143131_6,143131,6,0.6578165505717334,False,2
72436_1,72436,1,11.98497826667721,False,3
72436_2,72436,2,0.5367337900718939,False,3
72436_3,72436,3,0.8309271375804708,False,4
72436_4,72436,4,0.8807621133139609,False,3
439878_1,439878,1,12.622338802861416,False,4
440580_1,440580,1,1.0156528431430885,False,3
440580_2,440580,2,9.481169535074656,False,3
440580_3,440580,3,1.1078770988705082,False,4
440580_4,440580,4,10.09565632564708,False,4
440580_5,440580,5,0.8519249016720114,False,4
440580_6,440580,6,2.6501038600346956,False,4
440580_7,440580,7,0.9283942375976534,False,3
72430_1,72430,1,1.4995789585011556,False,3
72430_2,72430,2,1.8994503602076316,False,2
72430_3,72430,3,0.7497765815573593,False,3
72430_4,72430,4,5.584385420366399,False,4
72430_5,72430,5,2.375309419103044,False,4
72430_6,72430,6,2.45828903714029,False,4
72430_7,72430,7,8.291578442192924,False,4
72430_8,72430,8,4.2297621346734315,False,4
72430_9,72430,9,5.779309325753888,False,4
72430_10,72430,10,6.502137841415493,False,4
72430_11,72430,11,4.19680916243092,False,3
72430_12,72430,12,1.8994784277742789,False,2
72430_13,72430,13,1.499550889324349,False,3
177326_1,177326,1,1.4996149801455623,False,3
177326_2,177326,2,1.1467593905773612,False,3
177326_3,177326,3,0.5028213261882307,False,4
177326_4,177326,4,9.670471722028868,False,4
177326_5,177326,5,0.38292688252457846,False,4
177326_6,177326,6,10.59619175611789,False,4
177326_7,177326,7,0.7638255114925774,False,4
177326_8,177326,8,10.417236692821387,False,4
177326_9,177326,9,0.8817622619221828,False,4
177326_10,177326,10,10.415264910524005,False,4
177326_11,177326,11,0.645790461624293,False,4
177326_12,177326,12,9.769426025780671,False,4
177326_13,177326,13,3.770985855158982,False,3
177326_14,177326,14,1.4996151700802243,False,3
211441_1,211441,1,10.774372025031838,False,4
211441_2,211441,2,11.579769758498431,False,4
211441_3,211441,3,2.959097788085751,False,3
211441_4,211441,4,1.0377385556116665,False,2
143126_1,143126,1,13.3212841768791,False,4
143126_2,143126,2,2.702192513308364,False,4
143126_3,143126,3,9.179458722186473,False,3
245226_1,245226,1,12.078736178289956,False,3
106487_1,106487,1,11.76975937829977,False,4
106487_2,106487,2,0.6448234338691039,False,4
106487_3,106487,3,6.903040176743588,False,4
106487_4,106487,4,0.7168291766306998,False,3
3812_1,3812,1,15.62155699534636,False,3
3812_2,3812,2,2.0055877324388605,False,3
3812_3,3812,3,6.01966651018239,False,3
3812_4,3812,4,5.653768554984686,False,3
3812_5,3812,5,8.207193175576549,False,3
177269_1,177269,1,9.413408384843272,False,4
177269_2,177269,2,8.184746520896145,False,3
164021_1,164021,1,10.933254222308694,False,3
164021_2,164021,2,12.216963262084855,False,4
164021_3,164021,3,10.190413174525494,False,3
164021_4,164021,4,2.503387808457054,False,3
164021_5,164021,5,28.66876722177263,False,4
164021_6,164021,6,10.31893194814719,False,3
164021_7,164021,7,14.65275675153637,False,4
164021_8,164021,8,9.585014609896863,False,4
164021_9,164021,9,2.761899519037874,False,3
164021_10,164021,10,9.786572691757945,False,2
164021_11,164021,11,1.9014896514538697,False,3
164021_12,164021,12,12.77874868764502,False,3
164021_13,164021,13,0.7508183307574945,False,3
164021_14,164021,14,13.989490305320597,False,3
164021_15,164021,15,9.067929708858804,False,2
164021_16,164021,16,1.153482106285478,False,3
143127_1,143127,1,1.4995624527917228,False,3
143127_2,143127,2,9.093083463041296,False,3
143127_3,143127,3,13.674700690525722,False,4
143127_4,143127,4,3.11419288750343,False,4
143127_5,143127,5,4.094966295239081,False,4
143127_6,143127,6,9.827409910510527,False,4
143127_7,143127,7,8.444731616989408,False,4
143127_8,143127,8,7.99093444458402,False,4
143127_9,143127,9,5.913776990336694,False,4
143127_10,143127,10,3.386980283309718,False,3
143127_11,143127,11,8.500738474679597,False,2
143127_12,143127,12,6.981578016599005,False,3
143127_13,143127,13,7.851436236096838,False,4
143127_14,143127,14,2.287450982941562,False,4
143127_15,143127,15,3.004211809739238,False,3
143127_16,143127,16,1.6572136391273715,False,2
143127_17,143127,17,1.3995611314892213,False,2
143127_18,143127,18,3.5134665191034875,False,3
143127_19,143127,19,8.870696393466789,False,4
143127_20,143127,20,3.034360888193541,False,3
143127_21,143127,21,9.757507514272026,False,3
143127_22,143127,22,4.678800173581544,False,3
143127_23,143127,23,0.7944861501643152,False,2
143127_24,143127,24,3.229144454414096,False,3
143127_25,143127,25,6.476346163367569,False,4
143127_26,143127,26,6.510282479986545,False,4
143127_27,143127,27,6.163340269673763,False,3
143127_28,143127,28,1.4996178575584576,False,3
106355_1,106355,1,6.3587222917125485,False,4
106355_2,106355,2,7.457480702666686,False,3
37760_1,37760,1,14.358804207832435,False,3
37760_2,37760,2,0.8387868839602497,False,2
106345_1,106345,1,11.612103353323066,False,5
106345_2,106345,2,6.959030643772183,False,3
106345_3,106345,3,0.6758107287150799,False,3
142923_1,142923,1,11.605099780301547,False,4
142923_2,142923,2,6.187032526100898,False,3
245327_1,245327,1,0.8889247394006063,False,3
245327_2,245327,2,7.435646038211256,False,2
245327_3,245327,3,0.48782035125337475,False,3
245327_4,245327,4,7.751783275859374,False,4
245327_5,245327,5,0.7977217703336779,False,4
245327_6,245327,6,6.753099669308654,False,4
245327_7,245327,7,0.5138695850707381,False,3
177221_1,177221,1,2.8791505450722528,False,4
177221_2,177221,2,13.26713302090495,False,3
211345_1,211345,1,10.16605439251929,False,3
211345_2,211345,2,0.8157691841298277,False,3
211345_3,211345,3,4.519671779349204,False,4
211345_4,211345,4,2.576237317976994,False,4
211345_5,211345,5,0.7538166599684213,False,3
72228_1,72228,1,14.184222473736789,False,4
72228_2,72228,2,4.764587370222574,False,4
72228_3,72228,3,12.983244115273862,False,3
245430_1,245430,1,9.65424289137436,False,4
245430_2,245430,2,2.329563902538228,False,4
245430_3,245430,3,2.4365720673648057,False,3
106350_1,106350,1,11.4289715275956,False,4
106350_2,106350,2,2.512299914038739,False,4
106350_3,106350,3,0.839819466182917,False,4
106350_4,106350,4,1.2566270492886586,False,4
106350_5,106350,5,8.595674830653845,False,2
439876_1,439876,1,1.3724434959783618,False,3
439876_2,439876,2,6.814466912576978,False,3
439876_3,439876,3,11.14018112766529,False,5
439876_4,439876,4,0.6058750936784278,False,3
439879_1,439879,1,16.120399983213193,False,4
439879_2,439879,2,5.4303944379688485,False,3
439879_3,439879,3,2.5944047650267192,False,2
439877_1,439877,1,1.034528400835392,False,2
439877_2,439877,2,6.950456403617179,False,3
439877_3,439877,3,9.358676985872284,False,4
439877_4,439877,4,2.0823074727818476,False,4
439877_5,439877,5,1.2258657768704366,False,3
440581_1,440581,1,1.1286941083497783,False,3
440581_2,440581,2,9.073734651468586,False,3
440581_3,440581,3,0.6718242494755401,False,4
440581_4,440581,4,9.658591241365194,False,4
440581_5,440581,5,1.437592752383069,False,5
440581_6,440581,6,0.5918782307696128,False,3
177327_1,177327,1,1.8997247707298106,False,2
177327_2,177327,2,3.026395769991977,False,2
177327_3,177327,3,3.562387227740412,False,3
177327_4,177327,4,1.9805625887283456,False,4
177327_5,177327,5,11.344881528470284,False,4
177327_6,177327,6,8.153444191206948,False,4
177327_7,177327,7,8.657394573808405,False,4
177327_8,177327,8,6.585752063949665,False,3
177327_9,177327,9,5.421024300040804,False,2
177327_10,177327,10,0.6208161332537948,False,3
177327_11,177327,11,3.6129500600119684,False,4
177327_12,177327,12,5.2762950136079,False,3
177327_13,177327,13,11.56380903797767,False,3
177327_14,177327,14,10.900992137202616,False,4
177327_15,177327,15,9.986259073395432,False,4
177327_16,177327,16,8.274718134841885,False,4
177327_17,177327,17,3.2310974715804877,False,3
177327_18,177327,18,5.217539204559605,False,2
177327_19,177327,19,1.4996147493084517,False,2
37892_1,37892,1,11.751544230459057,False,4
37892_2,37892,2,1.2563647994166822,False,3
37892_3,37892,3,4.084242233393181,False,2
37892_4,37892,4,3.6660506616659982,False,2
37892_5,37892,5,4.0173575630148655,False,3
37892_6,37892,6,3.2339058021362224,False,2
3777_1,3777,1,1.4995766046442698,False,3
3777_2,3777,2,0.43883264356560275,False,2
3777_3,3777,3,4.208381345289721,False,2
3777_4,3777,4,1.7452454670358517,False,2
3777_5,3777,5,5.441133979531638,False,3
3777_6,3777,6,11.980274691221249,False,3
3777_7,3777,7,13.142395039251712,False,2
3777_8,3777,8,0.5788572124270018,False,2
3777_9,3777,9,0.8506428801844421,False,3
3777_10,3777,10,11.2897792381026,False,4
3777_11,3777,11,13.716177368832872,False,4
3777_12,3777,12,2.6392854645149697,False,4
3777_13,3777,13,6.7860850396965775,False,3
3777_14,3777,14,10.086198953166353,False,3
3777_15,3777,15,5.793374181372368,False,3
3777_16,3777,16,1.3295937965122309,False,3
3777_17,3777,17,9.626305685877037,False,4
3777_18,3777,18,10.072217877325652,False,5
3777_19,3777,19,3.4689931162822933,False,4
3777_20,3777,20,8.457585333235048,False,3
3777_21,3777,21,4.203672704711999,False,3
3777_22,3777,22,1.8446755416337537,False,4
3777_23,3777,23,10.50005232598041,False,4
3777_24,3777,24,9.604414746843704,False,3
3777_25,3777,25,3.9118151377391888,False,2
3777_26,3777,26,1.4995662810984447,False,3
142997_1,142997,1,1.4995490335516497,False,3
142997_2,142997,2,0.7778171323292589,False,2
142997_3,142997,3,2.8438165640856714,False,2
142997_4,142997,4,7.640739130620304,False,3
142997_5,142997,5,12.36737808941572,False,4
142997_6,142997,6,8.45956848340865,False,4
142997_7,142997,7,7.72975201529116,False,4
142997_8,142997,8,6.273179546118406,False,3
142997_9,142997,9,4.447160729684989,False,2
142997_10,142997,10,1.1138911826454831,False,3
142997_11,142997,11,4.367755852824232,False,4
142997_12,142997,12,0.5269797659874041,False,3
142997_13,142997,13,4.6302540864699395,False,2
142997_14,142997,14,8.528570932218877,False,3
142997_15,142997,15,2.61182223490381,False,4
142997_16,142997,16,9.77193761265828,False,3
142997_17,142997,17,0.9688391134678556,False,3
142997_18,142997,18,2.1869785043307264,False,4
142997_19,142997,19,8.86399905126259,False,3
142997_20,142997,20,9.548331192574667,False,2
142997_21,142997,21,1.7766772600030813,False,3
142997_22,142997,22,2.1516527794128644,False,3
142997_23,142997,23,1.4986892911911809,False,2
142997_24,142997,24,1.0928070176988873,False,2
142997_25,142997,25,6.402155199410613,False,2
142997_26,142997,26,1.499653812905477,False,2
142997_27,142997,27,6.480103266030576,False,3
142997_28,142997,28,11.073654434096378,False,4
142997_29,142997,29,27.976381272615416,False,4
142997_30,142997,30,21.121901159087635,False,4
142997_31,142997,31,4.713864070683117,False,4
142997_32,142997,32,20.965040898726755,False,4
142997_33,142997,33,4.27495658218765,False,4
142997_34,142997,34,12.381069382146455,False,4
142997_35,142997,35,6.9230321129096755,False,3
142997_36,142997,36,14.38834056878983,False,2
142997_37,142997,37,0.6364305883512794,False,2
142997_38,142997,38,1.819600978331447,False,3
142997_39,142997,39,14.067531974468661,False,3
142997_40,142997,40,1.4996826348154144,False,3
325181_1,325181,1,1.1245578760095203,False,2
325181_2,325181,2,2.3710831708875717,False,2
325181_3,325181,3,1.4786446708028285,False,3
245305_1,245305,1,1.1907122996796122,False,3
245305_2,245305,2,0.9357448001001238,False,2
245305_3,245305,3,3.1411071617868074,False,2
245305_4,245305,4,5.032547840378666,False,3
245305_5,245305,5,8.027670765331084,False,4
245305_6,245305,6,7.742780162724948,False,4
245305_7,245305,7,8.393608090123445,False,4
245305_8,245305,8,8.002660251737385,False,4
245305_9,245305,9,6.641104709533361,False,4
245305_10,245305,10,13.183229730611995,False,4
245305_11,245305,11,9.022401260009474,False,4
245305_12,245305,12,9.348275508317677,False,4
245305_13,245305,13,2.9522060979142672,False,3
245305_14,245305,14,13.80804607981956,False,3
245305_15,245305,15,5.616272149169619,False,3
245305_16,245305,16,2.4830147987018414,False,3
245305_17,245305,17,12.602171410295314,False,4
245305_18,245305,18,9.480201273435366,False,3
245305_19,245305,19,1.4994475173933022,False,3
177203_1,177203,1,1.4995489407719005,False,3
177203_2,177203,2,8.99734977153945,False,3
177203_3,177203,3,1.553557397431848,False,4
177203_4,177203,4,0.6348520959106654,False,3
177203_5,177203,5,3.618903947701512,False,3
177203_6,177203,6,5.807313443350994,False,3
177203_7,177203,7,1.2616478352474376,False,3
177203_8,177203,8,0.8947046719718933,False,3
106342_1,106342,1,3.454997629315244,False,4
106342_2,106342,2,11.129729151331953,False,4
106342_3,106342,3,9.65319844156699,False,3
211326_1,211326,1,1.4995059167176286,False,3
211326_2,211326,2,1.8996263785450709,False,2
211326_3,211326,3,3.69623719729852,False,3
211326_4,211326,4,0.8582347004146821,False,4
211326_5,211326,5,4.708530970959508,False,4
211326_6,211326,6,3.4961640335408215,False,4
211326_7,211326,7,3.1300027901205745,False,4
211326_8,211326,8,7.762567553041081,False,4
211326_9,211326,9,5.194710526169174,False,4
211326_10,211326,10,2.3127589445000725,False,4
211326_11,211326,11,4.027328449597788,False,4
211326_12,211326,12,2.296733962734171,False,4
211326_13,211326,13,0.6001700979945196,False,4
211326_14,211326,14,2.1256745849480287,False,4
3797_1,3797,1,1.4995487772512215,False,3
3797_2,3797,2,0.8927396076812719,False,3
3797_3,3797,3,5.907245326972688,False,4
3797_4,3797,4,4.689668979836113,False,3
316652_1,316652,1,13.806554472446878,False,3
316652_2,316652,2,11.894142924928083,False,4
316652_3,316652,3,2.1393629803992464,False,4
316652_4,316652,4,13.359445350556753,False,4
316652_5,316652,5,8.387662809408267,False,3
316652_6,316652,6,4.934739721320684,False,3
316652_7,316652,7,4.638922536050332,False,4
316652_8,316652,8,3.7356800067645324,False,3
316652_9,316652,9,2.675234587265413,False,2
316652_10,316652,10,11.434736005560053,False,3
316652_11,316652,11,9.493281238729315,False,4
316652_12,316652,12,13.985023986812852,False,4
316652_13,316652,13,7.374897135069761,False,3
316652_14,316652,14,5.157852757854637,False,3
316652_15,316652,15,4.163602601047651,False,4
316652_16,316652,16,6.43849289556008,False,3
316652_17,316652,17,2.071680291634053,False,2
316652_18,316652,18,7.10986973858298,False,3
316652_19,316652,19,12.880392666088577,False,4
316652_20,316652,20,10.147436220919145,False,4
316652_21,316652,21,11.580669929980356,False,3
316652_22,316652,22,1.1097032478227593,False,3
316652_23,316652,23,6.025539661972396,False,3
316652_24,316652,24,5.626400661583037,False,3
316652_25,316652,25,3.7337780604360553,False,4
316652_26,316652,26,5.4807220845198215,False,3
316652_27,316652,27,16.89808539330366,False,2
316652_28,316652,28,6.816723430798134,False,3
316652_29,316652,29,4.049283177985043,False,4
316652_30,316652,30,4.60561915277958,False,3
316652_31,316652,31,9.45899568219332,False,3
316652_32,316652,32,21.495935550520453,False,4
316652_33,316652,33,3.336929219975422,False,4
316652_34,316652,34,6.793743469388807,False,3
37857_1,37857,1,0.7983513393667034,False,2
37857_2,37857,2,1.1644312809565154,False,2
37857_3,37857,3,50.21929706967918,False,3
37857_4,37857,4,1.7863054067411919,False,3
37857_5,37857,5,23.223647087012306,False,3
37857_6,37857,6,6.193825686617804,False,4
37857_7,37857,7,1.4997401644466062,False,3
37857_8,37857,8,13.797461165003725,False,2
37857_9,37857,9,13.309524069626475,False,3
37857_10,37857,10,2.548564904873566,False,3
37857_11,37857,11,1.3757975557615232,False,3
37857_12,37857,12,2.4666742726178716,False,3
37857_13,37857,13,2.8188976107513555,False,3
37857_14,37857,14,4.9297406879127434,False,3
37857_15,37857,15,4.043819744659471,False,2
37857_16,37857,16,9.727520788501025,False,3
37857_17,37857,17,5.229767241554039,False,3
37857_18,37857,18,1.498905263975215,False,2
37857_19,37857,19,2.0074792343394137,False,3
37857_20,37857,20,1.4996391288125224,False,3
37857_21,37857,21,1.898426636681783,False,2
255636_1,255636,1,1.4996519011711897,False,3
255636_2,255636,2,3.6027560687420697,False,3
255636_3,255636,3,14.290956587761276,False,4
255636_4,255636,4,3.9801001482756675,False,4
255636_5,255636,5,10.312977666971744,False,3
255636_6,255636,6,2.306509035427,False,3
255636_7,255636,7,0.6279361618410818,False,3
255636_8,255636,8,0.7165062848818337,False,3
255636_9,255636,9,10.997073682352923,False,4
255636_10,255636,10,2.973247747234885,False,4
255636_11,255636,11,11.12895355235358,False,4
255636_12,255636,12,1.0936018551378668,False,3
255636_13,255636,13,9.643253230805277,False,3
255636_14,255636,14,3.7767549583194513,False,4
255636_15,255636,15,22.230568643695204,False,4
255636_16,255636,16,3.5474200175508868,False,4
255636_17,255636,17,1.6122196136621691,False,3
255636_18,255636,18,11.859342713556165,False,2
255636_19,255636,19,1.699388919280555,False,3
255636_20,255636,20,3.0876174351939554,False,4
255636_21,255636,21,4.255033382354445,False,3
255636_22,255636,22,13.358745825292708,False,3
255636_23,255636,23,5.509207964228986,False,4
255636_24,255636,24,6.100949960513696,False,3
255636_25,255636,25,4.014470014354142,False,3
255636_26,255636,26,7.130271839562256,False,4
255636_27,255636,27,0.0,False,2
255636_28,255636,28,3.3646638603736614,False,3
255636_29,255636,29,1.4991749817128217,False,3
106546_1,106546,1,1.1370123260471678,False,2
106546_2,106546,2,5.641176293081147,False,2
106546_3,106546,3,1.3098175415073772,False,2
106546_4,106546,4,1.5028673578888427,False,2
106546_5,106546,5,0.9906301982112274,False,2
106546_6,106546,6,1.5013836534548066,False,2
106546_7,106546,7,3.5711140997038946,False,3
106546_8,106546,8,9.893934265228163,False,3
106546_9,106546,9,1.4161034818313087,False,2
106546_10,106546,10,0.6894873785162285,False,3
106546_11,106546,11,8.51566825448403,False,4
106546_12,106546,12,2.1099863094691065,False,3
106546_13,106546,13,3.0742866720713273,False,3
106546_14,106546,14,10.421042735316759,False,3
106546_15,106546,15,10.199659439658916,False,3
106546_16,106546,16,2.429398242592265,False,4
106546_17,106546,17,9.839363318558666,False,4
106546_18,106546,18,24.061868048452055,False,4
106546_19,106546,19,14.041482624687346,False,4
106546_20,106546,20,2.9450109682317054,False,4
106546_21,106546,21,12.503171272484105,False,4
106546_22,106546,22,17.04029782367618,False,3
106546_23,106546,23,17.2382225252377,False,3
106546_24,106546,24,2.224680484902538,False,3
106546_25,106546,25,2.2255620547180675,False,3
106546_26,106546,26,15.108908222932062,False,4
106546_27,106546,27,13.142576540904821,False,4
106546_28,106546,28,23.435370546495083,False,4
106546_29,106546,29,2.496207939281677,False,3
106546_30,106546,30,1.8089898776845417,False,3
106546_31,106546,31,15.970296797012336,False,3
106546_32,106546,32,5.466654733033287,False,3
106546_33,106546,33,2.9419379895784465,False,4
106546_34,106546,34,24.394732831122017,False,3
106546_35,106546,35,1.9274582293287075,False,2
106546_36,106546,36,1.168238574452836,False,2
3694_1,3694,1,12.732311709949096,False,4
3694_2,3694,2,0.832928837084414,False,3
142919_1,142919,1,13.636096220313647,False,4
142919_2,142919,2,7.598804107564688,False,3
37757_1,37757,1,14.564569581500628,False,4
37757_2,37757,2,0.9861391415730185,False,3
106551_1,106551,1,39.730370564188924,False,3
106551_2,106551,2,33.49884941318871,False,4
106551_3,106551,3,31.8007168879553,False,4
106551_4,106551,4,3.205466819484005,False,3
106551_5,106551,5,3.892368768763642,False,3
106551_6,106551,6,4.442207135280017,False,3
106551_7,106551,7,5.798711576346562,False,4
106551_8,106551,8,28.28860928998414,False,4
106551_9,106551,9,10.091514185377822,False,3
106551_10,106551,10,1.4992179920390198,False,3
3902_1,3902,1,9.015629247270123,False,4
3902_2,3902,2,0.5488874972433454,False,4
3902_3,3902,3,8.622201955317795,False,4
3902_4,3902,4,1.7720051239422572,False,3
72346_1,72346,1,13.11237478613202,False,4
72346_2,72346,2,0.7426282966184933,False,3
37985_1,37985,1,1.4997391604079586,False,3
37985_2,37985,2,14.140598639536114,False,3
37985_3,37985,3,10.84677824566253,False,4
37985_4,37985,4,4.859178255309428,False,4
37985_5,37985,5,1.7886512587499555,False,4
37985_6,37985,6,8.832587929093085,False,3
37985_7,37985,7,2.8403900502656407,False,2
37985_8,37985,8,10.911798622023285,False,3
37985_9,37985,9,2.541315793831114,False,4
37985_10,37985,10,10.122742960252374,False,4
37985_11,37985,11,3.1628481838032756,False,4
37985_12,37985,12,11.308529184149558,False,4
37985_13,37985,13,2.879299304123609,False,4
37985_14,37985,14,0.8505813306452918,False,4
37985_15,37985,15,2.40488359277463,False,3
37985_16,37985,16,1.499304953298181,False,3
211251_1,211251,1,14.421860552384198,False,4
211251_2,211251,2,10.470975641842466,False,3
211435_1,211435,1,3.741642890271702,False,4
211435_2,211435,2,9.517752076984209,False,3
211435_3,211435,3,7.912082168849107,False,3
211435_4,211435,4,4.217850353728436,False,4
211435_5,211435,5,13.040755636024265,False,4
211435_6,211435,6,10.857904682490062,False,3
211435_7,211435,7,1.4996904936609918,False,3
106550_1,106550,1,1.499711227997628,False,3
106550_2,106550,2,2.2080862048131076,False,3
106550_3,106550,3,8.475417332334862,False,4
106550_4,106550,4,3.0553649668357976,False,4
106550_5,106550,5,23.589538777192516,False,4
106550_6,106550,6,29.400898544298027,False,4
106550_7,106550,7,22.26757935603523,False,4
106550_8,106550,8,2.1845341255731534,False,3
106550_9,106550,9,5.157043800048911,False,2
106550_10,106550,10,0.3694412487810269,False,3
106550_11,106550,11,3.897252890545851,False,4
106550_12,106550,12,0.7238364870466499,False,3
106550_13,106550,13,4.5988094875266725,False,2
106550_14,106550,14,8.066700819963756,False,3
106550_15,106550,15,2.782176388012078,False,4
106550_16,106550,16,4.451729846750364,False,4
106550_17,106550,17,10.47799299791699,False,4
106550_18,106550,18,2.1155449264046546,False,3
106550_19,106550,19,2.8609991231219376,False,3
106550_20,106550,20,6.582462149584732,False,3
106550_21,106550,21,5.9389333948342715,False,3
106550_22,106550,22,3.783919311170038,False,3
106550_23,106550,23,1.4995534935447432,False,3
60219_1,60219,1,1.3627453732814152,False,3
60219_2,60219,2,9.476193365985509,False,3
60219_3,60219,3,10.877935827446727,False,4
60219_4,60219,4,10.920185349693128,False,3
60219_5,60219,5,9.530096514647397,False,2
60219_6,60219,6,2.362494317843894,False,2
60219_7,60219,7,1.737338451407239,False,5
60219_8,60219,8,7.636328330751664,False,4
60219_9,60219,9,9.602331689750859,False,4
60219_10,60219,10,9.323162376561147,False,3
60219_11,60219,11,1.6123245458591573,False,3
106349_1,106349,1,12.494147058240898,False,4
106349_2,106349,2,2.3178052924695907,False,3
72347_1,72347,1,13.059149140785095,False,4
72347_2,72347,2,2.4379615736616778,False,3
72347_3,72347,3,1.481883566866772,False,3
72347_4,72347,4,0.6971580812095703,False,3
255745_1,255745,1,9.93678556346864,False,3
255745_2,255745,2,0.8610055362502178,False,3
255745_3,255745,3,0.6549549330416947,False,4
255745_4,255745,4,10.157552871346896,False,4
255745_5,255745,5,0.9549799130002558,False,4
255745_6,255745,6,2.93985840230253,False,4
255745_7,255745,7,0.627990889167525,False,3
245223_1,245223,1,5.396621602660251,False,3
245223_2,245223,2,8.259240579337105,False,3
245223_3,245223,3,2.8635356379673733,False,3
72225_1,72225,1,12.384965270320583,False,4
72225_2,72225,2,0.7676189587816561,False,2
106346_1,106346,1,10.356493711939962,False,4
106346_2,106346,2,1.0749336234023352,False,4
106346_3,106346,3,10.902922572925878,False,4
106346_4,106346,4,0.718540715528119,False,4
106346_5,106346,5,1.527399428260979,False,3
3697_1,3697,1,17.887501332680273,False,4
3697_2,3697,2,3.1951439432445454,False,4
3697_3,3697,3,1.5526211083041397,False,3
211250_1,211250,1,14.073745517733215,False,4
211250_2,211250,2,1.1648987631068033,False,4
211250_3,211250,3,1.8708294836549022,False,4
211250_4,211250,4,0.9878262055001057,False,3
245424_1,245424,1,1.499522882564857,False,3
245424_2,245424,2,11.104653418968548,False,3
245424_3,245424,3,3.177938120178519,False,4
245424_4,245424,4,3.2026463618900953,False,3
245424_5,245424,5,3.8806159725537595,False,3
245424_6,245424,6,4.243342440390724,False,4
245424_7,245424,7,8.530528805827382,False,4
245424_8,245424,8,14.254975030302848,False,3
245424_9,245424,9,5.757661868762194,False,2
245424_10,245424,10,0.5069690345539501,False,3
245424_11,245424,11,3.4167087052001293,False,4
245424_12,245424,12,1.2096776957516195,False,3
245424_13,245424,13,4.80888814762154,False,2
245424_14,245424,14,12.23303743951259,False,3
245424_15,245424,15,12.892693336543623,False,4
245424_16,245424,16,11.243914067910667,False,4
245424_17,245424,17,9.925832344427773,False,3
245424_18,245424,18,1.4995611675940894,False,3
3696_1,3696,1,3.83383479951772,False,3
3696_2,3696,2,11.08374083481547,False,3
3696_3,3696,3,1.1916380268991213,False,3
211436_1,211436,1,1.4506049083045345,False,3
211436_2,211436,2,8.715139497894597,False,3
211436_3,211436,3,11.319586105441422,False,3
211436_4,211436,4,0.7161786650760494,False,3
211436_5,211436,5,10.878020541660138,False,4
211436_6,211436,6,11.56752947498204,False,4
211436_7,211436,7,11.75767004099544,False,3
211436_8,211436,8,14.486818705511878,False,2
211436_9,211436,9,1.5178680671704468,False,2
211434_1,211434,1,1.4986638438119113,False,3
211434_2,211434,2,12.07275963081227,False,3
211434_3,211434,3,30.731007545645003,False,4
211434_4,211434,4,30.526993050121735,False,4
211434_5,211434,5,17.317055006706994,False,4
211434_6,211434,6,26.22998346484374,False,4
211434_7,211434,7,14.100819734030061,False,4
211434_8,211434,8,19.267574216965784,False,3
211434_9,211434,9,1.4997019580150728,False,3
142920_1,142920,1,17.360955941995226,False,4
142920_2,142920,2,5.126394471430065,False,3
37758_1,37758,1,1.4046277729425285,False,3
37758_2,37758,2,5.451025032859222,False,2
37758_3,37758,3,3.5511371934445406,False,3
37758_4,37758,4,0.6828047657239436,False,4
37758_5,37758,5,9.904595229668136,False,4
37758_6,37758,6,1.2617333124327081,False,4
37758_7,37758,7,9.615533257729023,False,4
37758_8,37758,8,0.9687797524604819,False,3
245224_1,245224,1,10.11421767866382,False,4
245224_2,245224,2,10.874746787875067,False,4
245224_3,245224,3,12.074464535418882,False,3
4149_1,4149,1,8.330226030322686,False,1
4149_2,4149,2,2.4114455687138423,True,2
4149_3,4149,3,0.5598259073826142,False,2
4149_4,4149,4,1.3906274012308881,False,2
4149_5,4149,5,1.6286535054198998,False,2
4149_6,4149,6,63.01840127856982,False,2
4149_7,4149,7,4.992724593761357,False,2
211681_1,211681,1,10.29238356689083,False,3
211681_2,211681,2,11.468642909501664,False,4
211681_3,211681,3,11.321724146575027,False,4
211681_4,211681,4,2.4757331808941774,False,4
211681_5,211681,5,6.605250103075744,False,3
211681_6,211681,6,2.4256492272771792,False,3
211681_7,211681,7,10.73405938960748,False,4
211681_8,211681,8,11.931414990239135,False,4
211681_9,211681,9,2.947515954649126,False,4
211681_10,211681,10,6.052034038493703,False,3
211681_11,211681,11,3.305190027835395,False,2
211681_12,211681,12,1.1837857269206487,False,2
211681_13,211681,13,1.1490653815020881,False,2
211681_14,211681,14,1.4994166205065844,False,3
106812_1,106812,1,1.9000808573753343,False,2
106812_2,106812,2,1.4998232375638725,False,3
106812_3,106812,3,7.069965424114159,False,3
106812_4,106812,4,22.398503527346808,False,3
106812_5,106812,5,2.740835707838265,False,4
106812_6,106812,6,36.319976589061206,False,4
106812_7,106812,7,27.18520178372033,False,4
106812_8,106812,8,4.655043108948779,False,2
324772_1,324772,1,2.044753731933769,False,2
324772_2,324772,2,1.6266030979542991,False,2
324772_3,324772,3,1.3364560482966124,False,2
324772_4,324772,4,1.191153760406898,False,2
324772_5,324772,5,1.5956238103191873,False,2
106547_1,106547,1,1.4997240779405305,False,3
106547_2,106547,2,11.585797653909493,False,3
106547_3,106547,3,16.70689204232765,False,4
106547_4,106547,4,25.13326817649048,False,4
106547_5,106547,5,3.683081039956866,False,4
106547_6,106547,6,14.85024465790506,False,3
106547_7,106547,7,1.507606675893045,False,2
106547_8,106547,8,0.1567260648847879,False,3
106547_9,106547,9,8.253112232194063,False,4
106547_10,106547,10,7.285153947512487,False,4
106547_11,106547,11,0.6548097264944724,False,3
106547_12,106547,12,1.4825330512821697,False,2
106547_13,106547,13,1.3649844788897008,False,2
106547_14,106547,14,2.775683552499555,False,3
106547_15,106547,15,5.592440369762395,False,3
106547_16,106547,16,0.9377085110078661,False,2
106547_17,106547,17,1.9305195937230286,False,2
106547_18,106547,18,0.8657821488735604,False,2
106547_19,106547,19,1.2877697908691983,False,3
106547_20,106547,20,6.664154554628261,False,3
106547_21,106547,21,5.5575957567284835,False,2
106547_22,106547,22,15.985877433929145,False,3
106547_23,106547,23,2.7233140042377717,False,4
106547_24,106547,24,11.20911455556854,False,4
106547_25,106547,25,13.244553193219977,False,4
106547_26,106547,26,3.0782832462318606,False,3
106547_27,106547,27,1.1834090699990794,False,2
106547_28,106547,28,2.0334279380896296,False,2
106547_29,106547,29,1.0454933783840312,False,2
106547_30,106547,30,20.200603202481908,False,3
106547_31,106547,31,1.3646135558423123,False,4
106547_32,106547,32,13.52739017635643,False,4
106547_33,106547,33,4.03294212912417,False,3
106547_34,106547,34,1.499582293003622,False,3
72429_1,72429,1,1.4996835775397666,False,3
72429_2,72429,2,8.391920441765913,False,2
72429_3,72429,3,1.6393048360999787,False,3
72429_4,72429,4,12.29982074658662,False,4
72429_5,72429,5,12.421722392243948,False,4
72429_6,72429,6,24.330984453925634,False,3
72429_7,72429,7,2.274198796388634,False,3
72429_8,72429,8,11.441915646311228,False,4
72429_9,72429,9,14.0445536577787,False,4
72429_10,72429,10,11.648888721830186,False,4
72429_11,72429,11,16.32306986696175,False,4
72429_12,72429,12,2.92347165744354,False,4
72429_13,72429,13,13.092525184075464,False,4
72429_14,72429,14,15.964229858758609,False,4
72429_15,72429,15,5.341990072822337,False,4
72429_16,72429,16,13.360597060965576,False,4
72429_17,72429,17,11.060015782170732,False,4
72429_18,72429,18,9.630250270436113,False,3
72429_19,72429,19,3.193457222692967,False,2
72429_20,72429,20,15.989096729836568,False,2
72429_21,72429,21,1.4997254563737066,False,1
72395_1,72395,1,15.55172406284271,False,4
72395_2,72395,2,6.011410308004314,False,4
72395_3,72395,3,2.059373214965137,False,3
72395_4,72395,4,0.9616997919018051,False,2
142929_1,142929,1,0.8374773102663401,False,3
142929_2,142929,2,11.961212876366677,False,2
142929_3,142929,3,1.083693828674223,False,2
142929_4,142929,4,6.117030830626103,False,3
142929_5,142929,5,4.905897363592532,False,4
142929_6,142929,6,4.177816438198949,False,3
439842_1,439842,1,0.5392976209949456,False,2
439842_2,439842,2,0.5963180178345698,False,2
439842_3,439842,3,3.224360868719938,False,2
439842_4,439842,4,10.444982230618434,False,3
439842_5,439842,5,4.323437209531308,False,4
439842_6,439842,6,2.871689064795304,False,4
439842_7,439842,7,20.107188460711015,False,5
439842_8,439842,8,10.684439035581212,False,4
439842_9,439842,9,7.779873928593386,False,4
439842_10,439842,10,7.681259202871377,False,3
439842_11,439842,11,10.657624013729068,False,3
439842_12,439842,12,1.670819609363166,False,4
439842_13,439842,13,2.513734352223967,False,4
439842_14,439842,14,25.574510163956504,False,4
439842_15,439842,15,1.586256377291818,False,3
439842_16,439842,16,23.590534538329294,False,4
439842_17,439842,17,8.43802119071949,False,4
439842_18,439842,18,2.5516997414628104,False,4
439842_19,439842,19,9.555852727986725,False,4
439842_20,439842,20,9.19693045172876,False,4
439842_21,439842,21,1.9419715120762842,False,3
439842_22,439842,22,9.347763284911595,False,3
439842_23,439842,23,12.145777885040838,False,3
439842_24,439842,24,8.33012377033453,False,3
439842_25,439842,25,0.8146302481195196,False,3
439842_26,439842,26,2.439658828959012,False,3
439842_27,439842,27,29.406026178293374,False,4
439842_28,439842,28,3.17225866512894,False,3
439842_29,439842,29,13.342891410622212,False,3
439842_30,439842,30,11.430086939393785,False,4
439842_31,439842,31,11.456427490616274,False,4
439842_32,439842,32,11.851164813280297,False,4
439842_33,439842,33,22.490984096187045,False,3
439842_34,439842,34,0.7132396171691354,False,2
439844_1,439844,1,6.570778060115823,False,3
439844_2,439844,2,19.805574365409747,False,4
439844_3,439844,3,2.2128701435069056,False,4
439844_4,439844,4,21.46570497515102,False,4
439844_5,439844,5,10.688048032200953,False,4
439844_6,439844,6,13.602943084790349,False,3
439844_7,439844,7,1.4923125358479674,False,2
439844_8,439844,8,2.492605917083829,False,2
439844_9,439844,9,0.6042621981195477,False,2
439844_10,439844,10,1.1243712168456261,False,2
439844_11,439844,11,0.8379038309539905,False,2
439845_1,439845,1,11.899296372466672,False,3
439845_2,439845,2,2.5036520429613907,False,4
439845_3,439845,3,10.759412304623789,False,4
439845_4,439845,4,4.243464232262181,False,3
439856_1,439856,1,7.2908504883573215,False,2
439856_2,439856,2,1.682241704832085,False,2
439856_3,439856,3,0.8258060257222318,False,3
439856_4,439856,4,12.412061932481807,False,3
439856_5,439856,5,12.460805022809238,False,3
439856_6,439856,6,13.627795761338085,False,4
439856_7,439856,7,13.031246920009739,False,4
439856_8,439856,8,11.693516421250168,False,4
439856_9,439856,9,9.873718721220284,False,3
439856_10,439856,10,4.4664286606126185,False,3
439856_11,439856,11,2.9737826207839473,False,4
439856_12,439856,12,10.617340154200168,False,4
439856_13,439856,13,2.4592978873664952,False,3
439856_14,439856,14,11.126070416409839,False,3
439856_15,439856,15,9.575710503651878,False,3
439856_16,439856,16,1.936133090135534,False,2
439856_17,439856,17,3.5205701337689113,False,3
439856_18,439856,18,3.662203340714694,False,3
439856_19,439856,19,2.0021385975460406,False,2
439856_20,439856,20,12.597752004695389,False,3
439856_21,439856,21,7.283951061066777,False,3
439856_22,439856,22,6.90204104387811,False,3
439856_23,439856,23,9.774878512266426,False,4
439856_24,439856,24,3.094684402379247,False,3
439856_25,439856,25,1.254250490086224,False,2
439856_26,439856,26,9.274323616352293,False,3
439856_27,439856,27,3.431093751410643,False,3
439856_28,439856,28,4.138855093941724,False,3
439856_29,439856,29,3.112938042348358,False,4
439856_30,439856,30,7.329711319677649,False,3
439856_31,439856,31,0.6194918590416899,False,3
439856_32,439856,32,11.131490537540586,False,3
439856_33,439856,33,2.492374761710907,False,3
439856_34,439856,34,3.831144419824781,False,3
439856_35,439856,35,1.8421304955349571,False,2
211440_1,211440,1,0.7207024601410439,False,3
211440_2,211440,2,12.188803258911152,False,4
211440_3,211440,3,11.433350001537868,False,4
211440_4,211440,4,2.5478125402709835,False,4
211440_5,211440,5,4.231360498380908,False,3
211440_6,211440,6,6.011491866195435,False,3
211440_7,211440,7,8.1100594986528,False,3
211440_8,211440,8,6.199176461226375,False,3
211440_9,211440,9,1.499922402611296,False,3
211440_10,211440,10,3.3906198309830633,False,3
211440_11,211440,11,8.740865348739272,False,4
211440_12,211440,12,5.5701045569818195,False,4
211440_13,211440,13,18.3069901774175,False,4
211440_14,211440,14,4.720818160523708,False,3
211440_15,211440,15,8.80243405946481,False,3
211440_16,211440,16,0.2993637949066107,False,3
211440_17,211440,17,3.246908895334787,False,2
211440_18,211440,18,11.491565773834353,False,3
211440_19,211440,19,16.38073534426325,False,4
211440_20,211440,20,7.180250285508428,False,4
211440_21,211440,21,10.613405261017546,False,3
211440_22,211440,22,11.468880081519616,False,2
211440_23,211440,23,5.425335389946096,False,3
211440_24,211440,24,9.346534747842805,False,3
211440_25,211440,25,5.559536090503024,False,2
211440_26,211440,26,1.4991098582976272,False,3
407191_1,407191,1,1.2069673508514231,False,2
407191_2,407191,2,1.580448747578371,False,3
407191_3,407191,3,5.742180493385989,False,4
407191_4,407191,4,10.132038342058626,False,4
407191_5,407191,5,9.131145231157062,False,4
407191_6,407191,6,0.778344755631042,False,3
407191_7,407191,7,1.1017709354200291,False,2
407191_8,407191,8,6.369365167358822,False,2
407192_1,407192,1,0.8670667185939271,False,2
407192_2,407192,2,1.5902269756443042,False,2
407192_3,407192,3,0.761885508528583,False,2
407192_4,407192,4,1.2767638686066536,False,3
177198_1,177198,1,1.10212130402436,False,2
177198_2,177198,2,7.32226990331603,False,2
177198_3,177198,3,0.7245399863918663,False,3
177198_4,177198,4,10.097264874638347,False,3
177198_5,177198,5,0.8501881288070359,False,3
177198_6,177198,6,4.362930745849653,False,4
177198_7,177198,7,0.6287825409059911,False,3
177198_8,177198,8,6.53614878753267,False,2
177198_9,177198,9,1.9440545274749153,False,2
177198_10,177198,10,1.9984856500673234,False,2
177198_11,177198,11,1.645690097728629,False,2
177198_12,177198,12,11.509502588039036,False,2
106552_1,106552,1,1.5001094268699025,False,3
106552_2,106552,2,9.272256738476582,False,3
106552_3,106552,3,6.081633309269449,False,4
106552_4,106552,4,11.43596617582642,False,4
106552_5,106552,5,1.205046557689825,False,4
106552_6,106552,6,3.882022304955545,False,4
106552_7,106552,7,3.7181033862733424,False,4
106552_8,106552,8,4.272460508612759,False,4
106552_9,106552,9,2.722665963214,False,4
106552_10,106552,10,8.06305209913748,False,3
106552_11,106552,11,1.1431100857971375,False,2
106552_12,106552,12,1.236340655429091,False,3
407206_1,407206,1,1.6562833785821938,False,3
407206_2,407206,2,1.5442656069396765,False,2
407206_3,407206,3,0.5549420411871622,False,2
412753_1,412753,1,17.556811205694494,False,3
412753_2,412753,2,0.5615800277008901,False,2
106347_1,106347,1,10.532265266470155,False,4
106347_2,106347,2,1.0512648599344765,False,3
106347_3,106347,3,8.15340713904784,False,3
106347_4,106347,4,2.8948281642756735,False,3
177128_1,177128,1,1.232894736898801,False,3
177128_2,177128,2,1.2415114722822662,False,2
177128_3,177128,3,0.575083251535262,False,2
177128_4,177128,4,1.3242817199242787,False,2
177128_5,177128,5,7.906586366426765,False,3
177128_6,177128,6,12.490275142626919,False,4
177128_7,177128,7,1.7813273977395294,False,4
177128_8,177128,8,10.280455168160707,False,4
177128_9,177128,9,1.425633195849836,False,4
177128_10,177128,10,1.7346625492858332,False,3
106544_1,106544,1,1.499550272861419,False,3
106544_2,106544,2,2.0294441232122424,False,3
106544_3,106544,3,1.3150316036884084,False,4
106544_4,106544,4,10.26828801436865,False,4
106544_5,106544,5,5.764229814822628,False,3
106544_6,106544,6,5.735396269848863,False,3
106544_7,106544,7,3.42278982974422,False,4
106544_8,106544,8,5.974048968509818,False,3
106544_9,106544,9,8.96139651266359,False,3
106544_10,106544,10,10.56200189085484,False,3
106544_11,106544,11,2.459836369042736,False,3
106544_12,106544,12,7.611235409043963,False,3
106544_13,106544,13,2.2249646745303906,False,3
106544_14,106544,14,0.40523313585898363,False,3
106544_15,106544,15,7.379901433504055,False,2
106544_16,106544,16,1.0842991698901252,False,3
106544_17,106544,17,2.5985152147826924,False,4
106544_18,106544,18,9.136036557258093,False,4
106544_19,106544,19,17.734793933761708,False,4
106544_20,106544,20,3.695251929751139,False,3
106544_21,106544,21,5.2353427558624555,False,3
106544_22,106544,22,5.226146115915365,False,3
106544_23,106544,23,6.555001417192474,False,2
106544_24,106544,24,45.4018606244576,False,2
106544_25,106544,25,1.5000707494190761,False,3
37987_1,37987,1,6.586172270464688,False,3
37987_2,37987,2,1.4995401987949102,False,3
72433_1,72433,1,1.4994819899134157,False,3
72433_2,72433,2,1.8989762486667516,False,2
72433_3,72433,3,7.488175030744006,False,3
72433_4,72433,4,9.96774469079545,False,4
72433_5,72433,5,12.558196170309206,False,4
72433_6,72433,6,12.780126147350385,False,4
72433_7,72433,7,11.393730944786642,False,4
72433_8,72433,8,11.574074843274802,False,4
72433_9,72433,9,11.376801934167046,False,4
72433_10,72433,10,11.292620136348681,False,4
72433_11,72433,11,11.938158443802982,False,4
72433_12,72433,12,10.10772513372792,False,4
72433_13,72433,13,11.014828641354125,False,4
72433_14,72433,14,9.407130583636407,False,3
72433_15,72433,15,1.8996596488634576,False,2
72433_16,72433,16,1.4995016772619876,False,3
3698_1,3698,1,1.4997975053628583,False,4
3698_2,3698,2,9.240516977969666,False,3
3698_3,3698,3,3.3927393864816833,False,4
3698_4,3698,4,6.321781751430955,False,4
3698_5,3698,5,2.4819907782145147,False,4
3698_6,3698,6,9.000868638321206,False,4
3698_7,3698,7,2.322642639711625,False,4
3698_8,3698,8,6.67876417679162,False,4
3698_9,3698,9,4.939011203821784,False,4
3698_10,3698,10,3.959671546291093,False,4
3698_11,3698,11,8.26658341921808,False,4
3698_12,3698,12,2.116221651252199,False,3
3698_13,3698,13,1.4988545289798232,False,3
37894_1,37894,1,15.731934497188888,False,4
37894_2,37894,2,7.9540036003510695,False,3
245425_1,245425,1,1.4990168324582762,False,3
245425_2,245425,2,11.026296340719366,False,3
245425_3,245425,3,4.480096188665617,False,4
245425_4,245425,4,12.885431174385305,False,4
245425_5,245425,5,3.799215218090108,False,4
245425_6,245425,6,6.940494996791874,False,4
245425_7,245425,7,1.8737538398897169,False,3
245425_8,245425,8,1.5758122329588273,False,3
245425_9,245425,9,9.244477111929992,False,4
245425_10,245425,10,1.0654618618786251,False,4
245425_11,245425,11,9.187024622768986,False,4
245425_12,245425,12,4.987018553880341,False,4
245425_13,245425,13,7.601705050361027,False,4
245425_14,245425,14,4.656376430033223,False,4
245425_15,245425,15,2.7096746198420565,False,4
245425_16,245425,16,15.806431269596168,False,4
245425_17,245425,17,2.984146594650766,False,4
245425_18,245425,18,0.9428649836672688,False,4
245425_19,245425,19,13.29058827746516,False,4
245425_20,245425,20,13.28779016084328,False,3
245425_21,245425,21,1.4998817472840937,False,4
116631_1,116631,1,1.498996707019397,False,3
116631_2,116631,2,0.5604258832442074,False,2
116631_3,116631,3,0.16871647906473528,False,2
116631_4,116631,4,0.9362975061055127,False,2
116631_5,116631,5,0.8449522188681332,False,2
116631_6,116631,6,0.8302597003527274,False,2
116631_7,116631,7,0.8002612820409759,False,2
116631_8,116631,8,0.8518041873794246,False,2
116631_9,116631,9,1.0208584342775584,False,2
116631_10,116631,10,0.48549840560030566,False,2
116631_11,116631,11,1.0141991378350201,False,3
116631_12,116631,12,1.4996376372137479,False,3
116631_13,116631,13,55.05192967618962,False,3
116631_14,116631,14,3.038953864191647,False,4
116631_15,116631,15,13.198769367901454,False,4
116631_16,116631,16,2.5786809783843183,False,3
116631_17,116631,17,3.8888110404325804,False,2
116631_18,116631,18,9.928005206604029,False,3
116631_19,116631,19,2.8897013629310724,False,4
116631_20,116631,20,3.1761008069400574,False,4
116631_21,116631,21,9.93919124465585,False,4
116631_22,116631,22,7.684172010463303,False,3
116631_23,116631,23,1.4996962901776996,False,3
3903_1,3903,1,1.4995934527859338,False,3
3903_2,3903,2,1.8990909922859,False,2
3903_3,3903,3,8.093181580799843,False,3
3903_4,3903,4,10.18883747508917,False,4
3903_5,3903,5,11.100259726610677,False,4
3903_6,3903,6,10.772768267430315,False,4
3903_7,3903,7,10.473113642602403,False,4
3903_8,3903,8,9.369986772868186,False,3
3903_9,3903,9,0.9121589096411946,False,3
3903_10,3903,10,12.536864521313827,False,4
3903_11,3903,11,9.66210361400721,False,4
3903_12,3903,12,12.14232185795889,False,4
3903_13,3903,13,16.421906682336544,False,4
3903_14,3903,14,10.818083798973552,False,4
3903_15,3903,15,8.386494920366086,False,3
3903_16,3903,16,1.8997337736335826,False,2
3903_17,3903,17,1.4996141257613567,False,3
142921_1,142921,1,1.4996533563873526,False,3
142921_2,142921,2,5.561872010026647,False,3
142921_3,142921,3,1.8996202410025236,False,4
142921_4,142921,4,8.27898009220898,False,4
142921_5,142921,5,3.9656005440970477,False,4
142921_6,142921,6,7.803101918350566,False,4
142921_7,142921,7,1.9382453613325463,False,4
142921_8,142921,8,8.202684838241442,False,4
142921_9,142921,9,0.79353549309862,False,4
142921_10,142921,10,8.433666700320025,False,3
142921_11,142921,11,1.4483370367430912,False,3
142921_12,142921,12,2.135893923691185,False,4
142921_13,142921,13,6.571681407067653,False,4
142921_14,142921,14,4.907597894224831,False,3
142921_15,142921,15,1.4994642521740602,False,3
3904_1,3904,1,1.49941195696908,False,3
3904_2,3904,2,8.46765514886253,False,3
3904_3,3904,3,4.041474842870272,False,3
3904_4,3904,4,5.6115437081244375,False,3
3904_5,3904,5,1.046194313638891,False,3
3904_6,3904,6,1.999412981696621,False,3
3904_7,3904,7,6.605106663153875,False,4
3904_8,3904,8,6.476855119345109,False,4
3904_9,3904,9,4.116434973644154,False,4
3904_10,3904,10,4.896700397564684,False,4
3904_11,3904,11,2.1416517864491835,False,3
3904_12,3904,12,3.4500771641809047,False,3
3904_13,3904,13,10.546243784094964,False,4
3904_14,3904,14,10.260271176479712,False,4
3904_15,3904,15,9.375540398107837,False,4
3904_16,3904,16,10.070377393764009,False,4
3904_17,3904,17,9.929365611195912,False,4
3904_18,3904,18,1.47062028916082,False,3
3904_19,3904,19,1.4995318492569658,False,3
106609_1,106609,1,1.4996487441666044,False,3
106609_2,106609,2,9.86342476327791,False,3
106609_3,106609,3,3.7102201964527795,False,4
106609_4,106609,4,8.410028048425819,False,4
106609_5,106609,5,2.8135851182972935,False,4
106609_6,106609,6,6.386786541967858,False,3
106609_7,106609,7,0.6349021177781067,False,3
106609_8,106609,8,2.129630715754169,False,4
106609_9,106609,9,4.412691047953579,False,4
106609_10,106609,10,6.968922915466731,False,4
106609_11,106609,11,2.4381696127548764,False,4
106609_12,106609,12,1.715652772262928,False,4
106609_13,106609,13,11.327449322409505,False,4
106609_14,106609,14,1.3257746622906699,False,4
106609_15,106609,15,4.490472078761895,False,3
106609_16,106609,16,6.721903543944781,False,3
106609_17,106609,17,3.624973131905642,False,4
106609_18,106609,18,22.379859174260915,False,3
106609_19,106609,19,2.4119018870605586,True,2
106609_20,106609,20,1.6100955860342363,False,2
106609_21,106609,21,1.6845897723754524,False,2
106609_22,106609,22,1.0716907205496735,False,2
106609_23,106609,23,1.4995469428128663,False,3
143035_1,143035,1,14.52950862250424,False,4
143035_2,143035,2,2.0984918800525594,False,3
143035_3,143035,3,0.841783147900778,False,2
245384_1,245384,1,0.848285065546812,False,3
245384_2,245384,2,7.4839755192902295,False,2
245384_3,245384,3,5.187831565823947,False,3
245384_4,245384,4,2.7818217279852444,False,3
245384_5,245384,5,0.29375724978935175,False,3
245384_6,245384,6,0.6186479692533672,False,4
72409_1,72409,1,14.69825628539422,False,4
72409_2,72409,2,1.1936735599022275,False,4
72409_3,72409,3,9.760485264534704,False,3
177129_1,177129,1,11.91451131130136,False,4
177129_2,177129,2,0.8708574880897615,False,4
177129_3,177129,3,1.220714214926986,False,3
106507_1,106507,1,15.231250226552618,False,4
106507_2,106507,2,4.385880905396138,False,3
245429_1,245429,1,12.45156601892889,False,3
245429_2,245429,2,12.097642437171599,False,2
245429_3,245429,3,12.734471474931482,False,3
245429_4,245429,4,13.329273301878054,False,3
245429_5,245429,5,1.299674121322644,False,3
3874_1,3874,1,11.853757027279292,False,4
3874_2,3874,2,3.4321690042983235,False,4
3874_3,3874,3,1.3205759567514173,False,4
3874_4,3874,4,8.2748228852855,False,2
211438_1,211438,1,1.4996554233092165,False,3
211438_2,211438,2,20.19179658961053,False,3
211438_3,211438,3,11.035755612492455,False,4
211438_4,211438,4,23.03717792778458,False,4
211438_5,211438,5,13.063384627051718,False,4
211438_6,211438,6,18.323083356119053,False,4
211438_7,211438,7,24.0050497119989,False,4
211438_8,211438,8,13.648183080056517,False,4
211438_9,211438,9,19.73989050337471,False,3
211438_10,211438,10,1.4996543267230786,False,3
72382_1,72382,1,11.803895605608275,False,4
72382_2,72382,2,0.7868921503104177,False,3
72382_3,72382,3,2.001627463771031,False,2
72382_4,72382,4,0.8608368350210368,False,2
245383_1,245383,1,12.941300903129843,False,4
245383_2,245383,2,1.4596714872429892,False,3
245383_3,245383,3,0.9888284870574733,False,2
143072_1,143072,1,13.905647066091996,False,4
143072_2,143072,2,0.5808462447434043,False,3
245428_1,245428,1,11.74485486335841,False,4
245428_2,245428,2,3.2251672186310927,False,4
245428_3,245428,3,12.309495212574536,False,4
245428_4,245428,4,11.993587707515756,False,3
245428_5,245428,5,12.62340988452328,False,3
245227_1,245227,1,11.388881132944869,False,4
245227_2,245227,2,0.6989414773347875,False,3
245227_3,245227,3,2.0926383930562684,False,3
245227_4,245227,4,0.9288317065524901,False,2
245427_1,245427,1,1.5371636393584687,False,3
245427_2,245427,2,0.9898016892894265,False,2
245427_3,245427,3,0.35210170992767237,False,2
245427_4,245427,4,2.701355856637611,False,2
245427_5,245427,5,9.345057677000783,False,3
245427_6,245427,6,2.9142255369706738,False,4
245427_7,245427,7,12.795388517880466,False,3
245427_8,245427,8,9.697329799085237,False,3
245427_9,245427,9,9.976243739440019,False,4
245427_10,245427,10,5.5348117679576765,False,3
245427_11,245427,11,5.873687120015213,False,3
245427_12,245427,12,3.7879140147291253,False,4
245427_13,245427,13,5.124125312047044,False,3
245427_14,245427,14,11.772362140385576,False,3
245427_15,245427,15,11.88566298386475,False,4
245427_16,245427,16,12.311556346940186,False,4
245427_17,245427,17,8.133668077797909,False,3
245427_18,245427,18,2.3182513988931954,False,2
245427_19,245427,19,1.3757062406955163,False,2
245427_20,245427,20,1.5000869364767033,False,3
72432_1,72432,1,1.4996543335342896,False,3
72432_2,72432,2,13.408547015524945,False,3
72432_3,72432,3,2.6492652615927486,False,3
72432_4,72432,4,8.61966028087802,False,3
72432_5,72432,5,9.636141101441698,False,4
72432_6,72432,6,9.751264312610184,False,4
72432_7,72432,7,8.840324576378624,False,4
72432_8,72432,8,8.842303730224073,False,4
72432_9,72432,9,1.8896621673164096,False,4
72432_10,72432,10,9.480250980546433,False,4
72432_11,72432,11,9.67258225001416,False,4
72432_12,72432,12,4.02085679416227,False,3
72432_13,72432,13,15.148184768867418,False,3
72432_14,72432,14,1.8866721504567716,False,4
72432_15,72432,15,5.58264435380927,False,3
72432_16,72432,16,1.9184280179593085,False,2
72432_17,72432,17,0.9187609035477634,False,2
72432_18,72432,18,0.8260571882237118,False,2
72432_19,72432,19,1.6921250756868105,False,3
37988_1,37988,1,1.499615782737275,False,3
37988_2,37988,2,12.977270722849967,False,3
37988_3,37988,3,2.73123300533575,False,4
37988_4,37988,4,10.243034270222275,False,3
37988_5,37988,5,1.082701980529742,False,3
37988_6,37988,6,13.454143668431062,False,4
37988_7,37988,7,3.045151248739488,False,4
37988_8,37988,8,11.301736017715152,False,4
37988_9,37988,9,2.967170867613447,False,3
37988_10,37988,10,5.7971132597530834,False,2
37988_11,37988,11,5.507422706299468,False,3
37988_12,37988,12,1.450631166131423,False,3
37988_13,37988,13,6.964295103494855,False,2
37988_14,37988,14,4.847221976073363,False,2
37988_15,37988,15,21.364065271060802,False,3
37988_16,37988,16,25.73729041587117,False,4
37988_17,37988,17,19.330572410016217,False,3
37988_18,37988,18,1.498957777556015,False,3
106354_1,106354,1,2.305343151294566,False,3
106354_2,106354,2,13.564136695614971,False,2
106354_3,106354,3,4.428792648853604,False,2
177614_1,177614,1,1.4992114877335232,False,3
177614_2,177614,2,4.505416686743787,False,2
177614_3,177614,3,1.7831274583349892,False,2
177614_4,177614,4,23.519725391484673,False,3
177614_5,177614,5,15.195180063648023,False,4
177614_6,177614,6,14.358616534470242,False,3
177614_7,177614,7,13.522301037147699,False,4
177614_8,177614,8,3.1449217232209117,False,4
177614_9,177614,9,3.136475123838637,False,3
177614_10,177614,10,25.98208371621964,False,2
177614_11,177614,11,1.4995503268357064,False,3
3695_1,3695,1,14.020196945495606,False,4
3695_2,3695,2,0.906784832305468,False,4
3695_3,3695,3,9.1561923536568,False,4
3695_4,3695,4,4.89302792512807,False,4
3695_5,3695,5,5.615895370733081,False,3
211439_1,211439,1,1.4995677154500142,False,3
211439_2,211439,2,7.257280298290451,False,3
211439_3,211439,3,12.091749076151853,False,3
211439_4,211439,4,2.669647256542088,False,3
211439_5,211439,5,3.9490244070023723,False,4
211439_6,211439,6,2.5033957714517077,False,4
211439_7,211439,7,13.512727276001149,False,3
211439_8,211439,8,9.347706182149143,False,3
211439_9,211439,9,2.7733809388054866,False,4
211439_10,211439,10,8.374923746312591,False,4
211439_11,211439,11,10.573437040938218,False,4
211439_12,211439,12,4.43191625106123,False,4
211439_13,211439,13,1.231981606663661,False,4
211439_14,211439,14,11.949824195514282,False,4
211439_15,211439,15,10.36741607646398,False,4
211439_16,211439,16,3.6401359463693614,False,3
211439_17,211439,17,2.878955236740295,False,4
211439_18,211439,18,0.5562245839407549,False,3
211439_19,211439,19,14.559825590753563,False,2
211439_20,211439,20,1.7922501116174605,False,2
211439_21,211439,21,1.428206960041826,False,3
211439_22,211439,22,8.529298758615901,False,4
211439_23,211439,23,0.6272750014737624,False,3
211439_24,211439,24,6.245805861994225,False,2
211439_25,211439,25,1.7618169852781278,False,2
211439_26,211439,26,1.4996242958254522,False,3
37984_1,37984,1,1.4995887313606147,False,3
37984_2,37984,2,10.864486998989065,False,3
37984_3,37984,3,10.473216128961104,False,4
37984_4,37984,4,0.6373805715165304,False,3
37984_5,37984,5,2.918201462264118,False,3
37984_6,37984,6,8.05533462567622,False,4
37984_7,37984,7,8.498545830961321,False,4
37984_8,37984,8,2.4239839715104297,False,5
37984_9,37984,9,9.099550544311406,False,4
37984_10,37984,10,2.6653427236314657,False,3
37984_11,37984,11,5.40815586363056,False,3
37984_12,37984,12,3.8487632570738164,False,3
37984_13,37984,13,2.1988523400133517,False,4
37984_14,37984,14,0.9059091886241748,False,4
37984_15,37984,15,9.033402633070246,False,4
37984_16,37984,16,9.487315334810168,False,4
37984_17,37984,17,3.0338276453794277,False,4
37984_18,37984,18,9.259346782324567,False,4
37984_19,37984,19,7.203491131331661,False,4
37984_20,37984,20,2.550825223286708,False,4
37984_21,37984,21,2.1598494713867464,False,4
37984_22,37984,22,3.9957194317353015,False,4
37984_23,37984,23,6.131544537610567,False,4
37984_24,37984,24,2.689830651583997,False,4
37984_25,37984,25,7.470491956946999,False,4
37984_26,37984,26,5.000619889241754,False,4
37984_27,37984,27,4.635777816409509,False,4
37984_28,37984,28,9.976247261011501,False,3
37984_29,37984,29,1.49986464512384,False,3
106348_1,106348,1,5.475490430176377,False,4
106348_2,106348,2,6.730021337973897,False,3
211678_1,211678,1,0.8576973575463606,False,2
211678_2,211678,2,0.9242937376080035,False,3
211678_3,211678,3,3.8462964306942236,False,4
211678_4,211678,4,2.075216796815102,False,3
211678_5,211678,5,0.9826009506583386,False,2
211678_6,211678,6,11.97240345258612,False,3
211678_7,211678,7,1.5304053427682605,False,4
211678_8,211678,8,1.1100032022004298,False,3
211678_9,211678,9,0.39193244365604635,False,2
38252_1,38252,1,1.499211091329774,False,3
38252_2,38252,2,1.899837701932916,False,2
38252_3,38252,3,5.885506730397183,False,3
38252_4,38252,4,3.4918425208969457,False,4
38252_5,38252,5,1.0275008187891619,False,4
38252_6,38252,6,3.5023994800913165,False,4
38252_7,38252,7,5.359678728229059,False,4
38252_8,38252,8,11.05646973682932,False,4
38252_9,38252,9,5.731784646335226,False,4
38252_10,38252,10,4.831574774037534,False,4
38252_11,38252,11,8.65192357233997,False,4
38252_12,38252,12,2.5544995129228956,False,4
38252_13,38252,13,7.182375624290571,False,4
38252_14,38252,14,3.627544152802862,False,4
38252_15,38252,15,10.669153870111078,False,4
38252_16,38252,16,3.9727401242038463,False,3
38252_17,38252,17,1.8998373662016965,False,2
38252_18,38252,18,1.880993447132603,False,3
308850_1,308850,1,1.5924720900805265,False,3
308850_2,308850,2,1.6704327948622875,False,3
245687_1,245687,1,1.4998441789736363,False,3
245687_2,245687,2,29.624086593182295,False,2
245687_3,245687,3,73.573648585192,False,2
245687_4,245687,4,1.4996195870076152,False,3
106545_1,106545,1,1.5002249354583366,False,3
106545_2,106545,2,4.638172579552981,False,2
106545_3,106545,3,6.1253928092851195,False,3
106545_4,106545,4,12.19949446337144,False,4
106545_5,106545,5,12.181741554551682,False,4
106545_6,106545,6,12.580529146841924,False,4
106545_7,106545,7,15.536351746417393,False,4
106545_8,106545,8,0.9968417603228708,False,3
106545_9,106545,9,8.134995543052273,False,3
106545_10,106545,10,2.156383680121793,False,3
106545_11,106545,11,5.364552102778499,False,3
106545_12,106545,12,1.5752640011012284,False,3
106545_13,106545,13,4.889885764128004,False,3
106545_14,106545,14,1.5127888304244244,False,3
106545_15,106545,15,8.682654285497108,False,2
106545_16,106545,16,52.31758753869731,False,3
106545_17,106545,17,3.3038372892858288,False,3
106545_18,106545,18,1.4989174467445316,False,3
106548_1,106548,1,2.6153551704039004,False,3
106548_2,106548,2,9.722067581750084,False,4
106548_3,106548,3,10.425821749423928,False,4
106548_4,106548,4,2.4445177783675374,False,4
106548_5,106548,5,9.83579614641888,False,3
106548_6,106548,6,9.945838230291445,False,2
106548_7,106548,7,5.227992924569532,False,3
106548_8,106548,8,2.0736419308377885,False,3
106548_9,106548,9,1.8686625766708254,False,3
106548_10,106548,10,1.258713660027853,False,3
106548_11,106548,11,5.247605499751169,False,2
106548_12,106548,12,0.631895583875675,False,2
106548_13,106548,13,9.368449698092505,False,2
106548_14,106548,14,6.370337099183036,False,3
106548_15,106548,15,6.410253008413445,False,4
106548_16,106548,16,11.702946055126176,False,4
106548_17,106548,17,0.07697042288745107,False,4
106548_18,106548,18,2.911980516807612,False,4
106548_19,106548,19,24.460135985928275,False,3
106548_20,106548,20,0.4484904626860819,False,3
106548_21,106548,21,10.677518847343238,False,4
106548_22,106548,22,3.344314954457891,False,4
106548_23,106548,23,10.476824827820861,False,3
106548_24,106548,24,9.871030467531778,False,2
106548_25,106548,25,5.986410243402555,False,2
106548_26,106548,26,2.071001423426525,False,3
106548_27,106548,27,14.540351882087867,False,4
106548_28,106548,28,25.531391981840592,False,4
106548_29,106548,29,24.08482855591768,False,4
106548_30,106548,30,5.854764737193291,False,4
106548_31,106548,31,14.37922823545043,False,3
106548_32,106548,32,5.732584074871808,False,2
106548_33,106548,33,1.4995500225686988,False,3
106548_34,106548,34,4.515977489580495,False,4
106548_35,106548,35,2.8006238480045442,False,4
106548_36,106548,36,9.952518765246966,False,3
106548_37,106548,37,1.4996957980383774,False,2
106548_38,106548,38,0.34428086616886144,False,3
106548_39,106548,39,3.391793327119305,False,4
106548_40,106548,40,0.23117171855563887,False,4
106548_41,106548,41,1.4993620795993803,False,3
38247_1,38247,1,4.5698408210131625,False,3
38247_2,38247,2,3.8730202738796415,False,3
38247_3,38247,3,10.71302236640704,False,3
38247_4,38247,4,4.4853270731938375,False,4
38247_5,38247,5,13.581728552766847,False,4
38247_6,38247,6,15.303777651978566,False,4
38247_7,38247,7,6.138698047632945,False,4
38247_8,38247,8,19.895982785761177,False,3
324765_1,324765,1,4.494271777871569,False,1
324765_2,324765,2,1.8723584750957685,False,2
324765_3,324765,3,13.099018358288298,False,2
324765_4,324765,4,0.3835280088924746,False,2
324765_5,324765,5,72.84281743017567,False,2
324765_6,324765,6,88.35889387360615,False,2
324765_7,324765,7,130.671964858297,False,2
324765_8,324765,8,1.5002446451961646,False,3
324765_9,324765,9,3.623187456437685,False,3
324765_10,324765,10,0.7013383316657732,False,3
324765_11,324765,11,25.354635300694035,False,4
324765_12,324765,12,12.604513803089988,False,4
324765_13,324765,13,11.430787873501504,False,4
324765_14,324765,14,13.780256581050361,False,3
324766_1,324766,1,1.1445744699141993,False,2
324766_2,324766,2,2.930832687787473,False,2
324766_3,324766,3,0.48371067511818616,False,2
38253_1,38253,1,1.4989826614977557,False,3
38253_2,38253,2,1.9001270627770406,False,2
38253_3,38253,3,11.034939424971999,False,3
38253_4,38253,4,3.9912874755413275,False,4
38253_5,38253,5,6.462252893065149,False,4
38253_6,38253,6,8.67152165398247,False,4
38253_7,38253,7,3.4267392252183013,False,3
38253_8,38253,8,2.194348044240001,False,3
38253_9,38253,9,1.4650885578116044,False,3
245237_1,245237,1,1.3426200754425197,False,3
245237_2,245237,2,3.727893063824278,False,3
245237_3,245237,3,2.129366388621406,False,3
245237_4,245237,4,10.6611020093549,False,3
245237_5,245237,5,1.7320715727566338,False,4
245237_6,245237,6,10.93995998403956,False,3
211479_1,211479,1,1.5685854440748817,False,3
211479_2,211479,2,1.4325965684996858,False,2
211479_3,211479,3,2.3043883032082273,False,2
211479_4,211479,4,48.953633183090076,False,3
211479_5,211479,5,16.567149170068664,False,3
211479_6,211479,6,1.126821030676957,False,3
211479_7,211479,7,14.658554807310955,False,4
211479_8,211479,8,20.14307176608617,False,3
211479_9,211479,9,2.6182551170168806,False,3
211479_10,211479,10,1.6084894446131166,False,4
211479_11,211479,11,12.120472225472216,False,4
211479_12,211479,12,4.305764297581436,False,4
211479_13,211479,13,15.316482931944408,False,3
211479_14,211479,14,1.99709215530422,False,2
211479_15,211479,15,0.8058874569369888,False,2
211479_16,211479,16,1.4998205244280822,False,3
72486_1,72486,1,3.230411947481123,False,3
72486_2,72486,2,2.582198271815682,False,3
72486_3,72486,3,3.4552464843585713,False,3
72486_4,72486,4,4.530527644129508,False,4
72486_5,72486,5,2.681917892346633,False,4
72486_6,72486,6,9.506237725792007,False,4
72486_7,72486,7,24.24109773498645,False,3
72486_8,72486,8,4.319699558079153,False,3
72486_9,72486,9,4.6001526783866264,False,3
72486_10,72486,10,6.581377741083378,False,3
72486_11,72486,11,4.998542086916636,False,3
72486_12,72486,12,25.628717320925627,False,4
72486_13,72486,13,25.928634787463846,False,4
72486_14,72486,14,25.099838537290374,False,3
72486_15,72486,15,2.9816554067298915,False,2
72486_16,72486,16,2.641954831220004,False,3
72486_17,72486,17,4.7683620724834865,False,4
72486_18,72486,18,4.311518378953262,False,3
72486_19,72486,19,9.387032280793255,False,2
72486_20,72486,20,0.634655717476373,False,3
72486_21,72486,21,10.474107540767063,False,3
72486_22,72486,22,3.0955799310556613,False,3
72486_23,72486,23,23.903067267082026,False,3
72486_24,72486,24,0.856811932747999,False,2
72486_25,72486,25,1.2928576988149685,False,2
72486_26,72486,26,1.1820726021581216,False,2
143184_1,143184,1,1.499821053275917,False,3
143184_2,143184,2,1.7697874568250722,False,3
143184_3,143184,3,15.716029946636661,False,4
143184_4,143184,4,7.625174443731743,False,3
143184_5,143184,5,5.710107191831735,False,3
143184_6,143184,6,12.254817024525943,False,4
143184_7,143184,7,2.965504865906628,False,4
143184_8,143184,8,11.42020088268815,False,3
143184_9,143184,9,10.198102548633445,False,3
143184_10,143184,10,2.2363062566957597,False,3
143184_11,143184,11,1.0886338544375989,False,3
143184_12,143184,12,1.0340266423131825,False,3
143184_13,143184,13,10.747727513384902,False,3
143184_14,143184,14,3.557722448340368,False,3
143184_15,143184,15,5.2394328839573046,False,3
143184_16,143184,16,3.052641993487066,False,4
143184_17,143184,17,9.729779127397576,False,3
143184_18,143184,18,1.4988288299904498,False,3
324844_1,324844,1,2.3333532863223407,False,3
324844_2,324844,2,2.1137402106549867,False,2
324844_3,324844,3,1.6843742612512103,False,3
245472_1,245472,1,1.4995957829398623,False,3
245472_2,245472,2,11.18005766676466,False,3
245472_3,245472,3,2.817309756054743,False,4
245472_4,245472,4,12.226795866200083,False,4
245472_5,245472,5,2.9622512899033553,False,4
245472_6,245472,6,12.529695096129194,False,4
245472_7,245472,7,11.612014168988562,False,4
245472_8,245472,8,5.4734472143994735,False,4
245472_9,245472,9,5.8624849348099515,False,4
245472_10,245472,10,7.0921635205246325,False,4
245472_11,245472,11,13.784462112787054,False,4
245472_12,245472,12,11.631985902768013,False,4
245472_13,245472,13,7.286171042975602,False,3
245472_14,245472,14,1.4995479445200368,False,3
324843_1,324843,1,3.688051652207541,False,2
324843_2,324843,2,2.7980866795021453,False,2
324843_3,324843,3,2.4540408975570034,False,2
211478_1,211478,1,1.4995186746277356,False,3
211478_2,211478,2,12.82721798056715,False,2
211478_3,211478,3,4.457741616763305,False,2
211478_4,211478,4,9.89911526525647,False,3
211478_5,211478,5,3.739884315754447,False,4
211478_6,211478,6,11.436613154971681,False,4
211478_7,211478,7,23.414274820090416,False,4
211478_8,211478,8,18.006070601776024,False,4
211478_9,211478,9,10.674795117830543,False,4
211478_10,211478,10,10.554988354911737,False,4
211478_11,211478,11,10.314926004629582,False,3
211478_12,211478,12,11.982251956714887,False,3
211478_13,211478,13,12.607530299969403,False,3
211478_14,211478,14,2.141010376678118,False,2
211478_15,211478,15,1.190748437591108,False,2
211478_16,211478,16,1.7166336491681804,False,3
3700_1,3700,1,2.0944103942723147,False,4
3700_2,3700,2,10.009399935857047,False,4
3700_3,3700,3,2.082549370245381,False,4
3700_4,3700,4,1.101651551306331,False,3
245698_1,245698,1,3.2845662209926796,False,1
106659_1,106659,1,1.4277004330897631,False,2
106659_2,106659,2,5.059771352428606,False,2
106659_3,106659,3,3.9719894843660666,False,2
106659_4,106659,4,8.004735710878315,False,2
106659_5,106659,5,2.5503698195986098,False,2
106659_6,106659,6,1.8884893891204866,False,3
106659_7,106659,7,30.389834901976517,False,4
106659_8,106659,8,3.4673205471494026,False,4
106659_9,106659,9,10.678948305157164,False,4
106659_10,106659,10,9.819879013223492,False,3
106659_11,106659,11,2.711275235632709,False,3
106659_12,106659,12,5.08065474544441,False,4
106659_13,106659,13,10.286167256555002,False,3
245474_1,245474,1,9.71369831890262,False,3
245474_2,245474,2,11.904083268017825,False,4
245474_3,245474,3,11.453645139419553,False,4
245474_4,245474,4,7.022986313827817,False,4
245474_5,245474,5,6.4439396568062275,False,4
245474_6,245474,6,6.4680584414556925,False,4
245474_7,245474,7,7.746159317118148,False,4
245474_8,245474,8,13.180150306189885,False,3
245474_9,245474,9,2.1733637065718145,False,2
245474_10,245474,10,3.6619077028770786,False,3
245474_11,245474,11,2.659816556767807,False,3
245474_12,245474,12,3.8893283805279593,False,3
245474_13,245474,13,18.324670264632385,False,4
245474_14,245474,14,4.624033908233535,False,3
245474_15,245474,15,3.7735900734715386,False,2
245474_16,245474,16,0.6884764506565095,False,3
245474_17,245474,17,0.2628860654467201,False,3
245474_18,245474,18,10.648696431324192,False,3
245474_19,245474,19,5.239000652366504,False,4
245474_20,245474,20,11.938571596168462,False,3
245474_21,245474,21,1.9514068781415799,False,3
245474_22,245474,22,12.721470690198425,False,4
245474_23,245474,23,13.343281570059366,False,4
245474_24,245474,24,5.752404216190147,False,4
245474_25,245474,25,8.635609858297922,False,4
245474_26,245474,26,3.291108658042802,False,4
245474_27,245474,27,13.625206159187856,False,4
245474_28,245474,28,4.9566074096228,False,4
245474_29,245474,29,9.401367108713723,False,4
245474_30,245474,30,8.142766798464727,False,4
245474_31,245474,31,4.559708544364634,False,3
245474_32,245474,32,1.4995966184390745,False,3
245474_33,245474,33,4.075846750951388,False,4
245474_34,245474,34,6.65315829713827,False,4
245474_35,245474,35,4.515750177478604,False,4
245474_36,245474,36,17.335224876896305,False,4
245474_37,245474,37,11.00584330790454,False,3
245474_38,245474,38,2.4943907850733433,False,3
245474_39,245474,39,10.259146604000458,False,3
245474_40,245474,40,1.0828636121865403,False,2
245474_41,245474,41,1.234795360086638,False,2
72487_1,72487,1,12.196589135508507,False,4
72487_2,72487,2,1.1297066164183691,False,4
72487_3,72487,3,10.477105909074336,False,4
72487_4,72487,4,1.8115043350989422,False,3
211480_1,211480,1,15.331727439405292,False,4
211480_2,211480,2,1.1437346871509053,False,3
37767_1,37767,1,12.12393748636465,False,4
37767_2,37767,2,1.5057030809113923,False,3
37767_3,37767,3,9.128668940284893,False,3
37767_4,37767,4,0.9008029330383998,False,2
72488_1,72488,1,6.0720880255235405,False,4
72488_2,72488,2,9.08373287304209,False,4
72488_3,72488,3,0.8348352641605945,False,3
245475_1,245475,1,1.4996024721985515,False,3
245475_2,245475,2,1.4994621084707715,False,1
106358_1,106358,1,1.500032330351291,False,3
106358_2,106358,2,1.191670759217698,False,2
106358_3,106358,3,2.6173614330292265,False,2
106358_4,106358,4,0.25798030037058495,False,2
106358_5,106358,5,2.411114448870393,True,2
106358_6,106358,6,11.882159582474122,False,3
106358_7,106358,7,3.401981933452323,False,3
440012_1,440012,1,0.9422178005746125,False,3
440012_2,440012,2,11.389453827223354,False,3
440012_3,440012,3,0.8222686120045098,False,4
440012_4,440012,4,0.5656956050187191,False,3
440011_1,440011,1,9.220147532022871,False,3
440011_2,440011,2,1.1366679598488525,False,3
407424_1,407424,1,0.9975422603737951,False,3
407424_2,407424,2,1.841497213513842,False,2
407424_3,407424,3,2.611649516769629,True,2
407424_4,407424,4,0.1718377790318181,False,2
407424_5,407424,5,0.17489692637405957,False,2
407424_6,407424,6,0.5291763518459269,False,2
407424_7,407424,7,2.2783929629272137,False,2
407424_8,407424,8,70.6425523106244,False,2
407424_9,407424,9,3.3613246874505,False,2
3699_1,3699,1,1.39756980231012,False,3
3699_2,3699,2,1.2346190904681893,False,2
3699_3,3699,3,0.7067991441096124,False,2
3699_4,3699,4,2.4272883514755623,False,2
3699_5,3699,5,2.1183684008487442,False,2
3699_6,3699,6,4.513151185311878,True,2
3699_7,3699,7,12.364687746411565,False,3
3699_8,3699,8,3.973332990051382,False,4
3699_9,3699,9,0.9048787896182776,False,4
3699_10,3699,10,12.027907294483695,False,4
3699_11,3699,11,0.8248825410017977,False,4
3699_12,3699,12,13.488019421336247,False,4
72231_1,72231,1,12.099611125070409,False,4
72231_2,72231,2,0.46289339260448353,False,3
324777_1,324777,1,19.84351740183183,False,3
324777_2,324777,2,13.381967175050828,False,4
324777_3,324777,3,8.388387498058234,False,3
37765_1,37765,1,3.393039108429368,False,4
37765_2,37765,2,14.576672895176678,False,4
37765_3,37765,3,0.5357888124065261,False,3
324769_1,324769,1,1.5003024085533105,False,3
324769_2,324769,2,4.263826285557639,False,2
324769_3,324769,3,5.041348943817203,False,2
324769_4,324769,4,3.2541008562755214,False,3
324769_5,324769,5,33.02856457439895,False,3
324769_6,324769,6,4.555750193147554,False,2
324769_7,324769,7,11.104325937205626,False,3
324769_8,324769,8,26.593692836526348,False,4
324769_9,324769,9,14.178690205852941,False,3
324769_10,324769,10,12.361636811865088,False,3
324769_11,324769,11,27.829999618138817,False,4
324769_12,324769,12,2.6693532880370237,False,4
324769_13,324769,13,2.870362389829118,False,4
324769_14,324769,14,5.669436967072346,False,3
324769_15,324769,15,6.838510849186908,False,2
324769_16,324769,16,2.8492498232115224,False,2
3660_1,3660,1,1.1712800643184276,False,3
3660_2,3660,2,0.8627327804199272,False,3
3660_3,3660,3,1.6180379283078186,False,2
3660_4,3660,4,10.96306069628251,False,3
3660_5,3660,5,28.985976715564604,False,3
3660_6,3660,6,3.338226313680085,False,2
3660_7,3660,7,1.3861488054655018,False,3
3660_8,3660,8,4.8223489619579585,False,4
3660_9,3660,9,5.7288216749629575,False,3
3660_10,3660,10,6.602110476671656,False,2
3660_11,3660,11,9.566676866484636,False,3
3660_12,3660,12,9.224122429722689,False,4
3660_13,3660,13,3.6043165946668787,False,4
3660_14,3660,14,4.005301960389006,False,4
3660_15,3660,15,1.2903975600665225,False,3
38045_1,38045,1,1.8366431659271893,False,3
38045_2,38045,2,6.256569115462457,False,3
38045_3,38045,3,12.223307529081401,False,4
38045_4,38045,4,3.8681489922599486,False,4
38045_5,38045,5,3.9806357146143476,False,3
38045_6,38045,6,22.63948259021338,False,3
38045_7,38045,7,3.839427811602138,False,3
38045_8,38045,8,7.151196435506773,False,3
38045_9,38045,9,7.939260047281881,False,4
38045_10,38045,10,13.89491297000916,False,4
38045_11,38045,11,11.38856185130163,False,3
38045_12,38045,12,1.7138085439608448,False,2
38045_13,38045,13,2.0943402301220786,False,2
38045_14,38045,14,1.5875485885583094,False,3
211252_1,211252,1,1.0500283876999452,False,3
211252_2,211252,2,7.849634225378495,False,3
211252_3,211252,3,0.7273178191190935,False,3
211252_4,211252,4,0.9069768866220248,False,4
211252_5,211252,5,5.818460081846225,False,4
211252_6,211252,6,0.5319862742987104,False,3
324775_1,324775,1,1.192184259408744,False,2
324775_2,324775,2,0.8807740707287537,False,2
324775_3,324775,3,3.5691084254757452,False,2
106357_1,106357,1,9.785145988374179,False,4
106357_2,106357,2,1.397840245646764,False,4
106357_3,106357,3,9.582432907817454,False,4
106357_4,106357,4,1.0159170145586396,False,3
143186_1,143186,1,13.368429253894774,False,4
143186_2,143186,2,0.9979113684200799,False,4
143186_3,143186,3,10.607323721026923,False,4
143186_4,143186,4,15.393225545899428,False,4
37766_1,37766,1,13.49398874857128,False,4
37766_2,37766,2,0.8920240520571179,False,4
37766_3,37766,3,2.5670594929403574,False,4
37766_4,37766,4,0.6089840875635547,False,3
324779_1,324779,1,0.7192574755858395,False,2
324779_2,324779,2,3.7852155451216274,False,2
324779_3,324779,3,2.297931535317743,False,2
324779_4,324779,4,0.5978285533692614,False,2
143233_1,143233,1,1.4999230335139282,False,3
143233_2,143233,2,1.669532877453914,False,3
143233_3,143233,3,11.796442543593312,False,4
143233_4,143233,4,1.255152448481654,False,3
143233_5,143233,5,0.23975593963393993,False,3
143233_6,143233,6,9.56629797922543,False,4
143233_7,143233,7,2.567512341139553,False,4
143233_8,143233,8,5.116653096796666,False,3
143233_9,143233,9,3.1492064405372457,False,3
143233_10,143233,10,2.772483370533088,False,4
143233_11,143233,11,5.605712297318668,False,3
143233_12,143233,12,2.289717405063256,False,3
143233_13,143233,13,1.2654645085700695,False,4
143233_14,143233,14,7.1234689118632275,False,4
143233_15,143233,15,8.051668704526358,False,3
143233_16,143233,16,1.4996863281427122,False,3
324778_1,324778,1,1.3686339894222048,False,2
324778_2,324778,2,1.0348198930049455,False,2
324778_3,324778,3,1.9944209049974655,False,2
324778_4,324778,4,1.8235214253359564,False,2
142995_1,142995,1,1.1912596567816316,False,3
142995_2,142995,2,2.2772692440999656,False,2
142995_3,142995,3,1.6230121961673205,False,2
142995_4,142995,4,7.030810236584841,False,3
142995_5,142995,5,8.900059590668404,False,4
142995_6,142995,6,6.4317236256664865,False,4
142995_7,142995,7,23.007819108023263,False,3
142995_8,142995,8,4.5783454970649045,False,2
142995_9,142995,9,5.128776761152646,False,2
142995_10,142995,10,8.023710243079316,False,3
142995_11,142995,11,5.580123701533157,False,3
142995_12,142995,12,3.456342190972006,False,3
142995_13,142995,13,5.917105317101332,False,4
142995_14,142995,14,1.4994939526344575,False,3
142995_15,142995,15,9.272435391854902,False,3
142995_16,142995,16,3.9574866760013814,False,4
142995_17,142995,17,4.633748840076319,False,4
142995_18,142995,18,9.550648758230446,False,4
142995_19,142995,19,2.7299010043958125,False,3
142995_20,142995,20,20.927228741679535,False,2
142995_21,142995,21,1.5001753085598206,False,3
72229_1,72229,1,10.829994937614138,False,4
72229_2,72229,2,1.0376965467932864,False,4
72229_3,72229,3,1.391557323538198,False,4
72229_4,72229,4,5.860271678799807,False,4
72229_5,72229,5,1.7575172742725154,False,3
72229_6,72229,6,1.0326712254305577,False,1
245431_1,245431,1,14.966081818628805,False,2
245431_2,245431,2,2.0444388724459355,False,3
245431_3,245431,3,8.297810319026857,False,4
245431_4,245431,4,2.3183897207190025,False,4
245431_5,245431,5,15.991879950971674,False,3
245431_6,245431,6,0.26595585114313647,False,3
245431_7,245431,7,0.7090935353391266,False,5
245431_8,245431,8,0.7905582335033013,False,4
245431_9,245431,9,12.78657034967324,False,3
245431_10,245431,10,12.077787919393032,False,3
245431_11,245431,11,8.088847535673269,False,3
245431_12,245431,12,22.796055252564763,False,4
245431_13,245431,13,7.403056759700122,False,3
245431_14,245431,14,19.369242650362203,False,3
245431_15,245431,15,12.164774251703623,False,3
245431_16,245431,16,4.453865372198079,False,3
245431_17,245431,17,11.069053228818065,False,4
245431_18,245431,18,0.2839386306427281,False,3
245431_19,245431,19,4.552182440894445,False,2
245431_20,245431,20,9.002477131451544,False,3
245431_21,245431,21,18.02162746416907,False,4
245431_22,245431,22,7.3474016692986694,False,4
245431_23,245431,23,3.3593677102224624,False,3
245431_24,245431,24,2.070607995365146,False,2
245431_25,245431,25,1.8087062368300726,False,3
142928_1,142928,1,12.946423446195436,False,4
142928_2,142928,2,0.8387958215084725,False,4
142928_3,142928,3,13.328245970481996,False,4
142928_4,142928,4,0.7468089494835969,False,4
142928_5,142928,5,12.954758274836385,False,4
142928_6,142928,6,2.901160238253508,False,3
142928_7,142928,7,4.389806689729261,True,2
142928_8,142928,8,1.9414659409304797,False,2
142928_9,142928,9,2.382347096614151,False,2
142928_10,142928,10,0.6618550835810378,False,2
142928_11,142928,11,1.0596477840862846,False,2
142928_12,142928,12,0.44088116678932626,False,2
142928_13,142928,13,1.0307344484465522,False,3
106610_1,106610,1,0.01176504408305787,False,3
106610_2,106610,2,1.7010180453509631,False,4
106610_3,106610,3,3.7809168503379387,False,3
106610_4,106610,4,1.1489295983296632,False,3
106610_5,106610,5,4.565098113485368,False,2
106610_6,106610,6,1.5123647852448687,False,3
106610_7,106610,7,8.560014813807985,False,4
106610_8,106610,8,8.48775196376205,False,4
106610_9,106610,9,14.17962517700483,False,3
143187_1,143187,1,1.1716727159763436,False,3
143187_2,143187,2,3.0034895116559177,False,3
143187_3,143187,3,11.162288329602578,False,3
143187_4,143187,4,6.383411555844299,False,2
143187_5,143187,5,0.5460032747080727,False,3
143187_6,143187,6,0.7077449184460791,False,4
143187_7,143187,7,12.164682375708699,False,3
143187_8,143187,8,1.1068393482512162,False,3
143187_9,143187,9,6.901665636794021,False,3
143187_10,143187,10,1.5169378596216336,False,2
143187_11,143187,11,2.746601788407237,False,2
143187_12,143187,12,1.4997378386547704,False,3
38044_1,38044,1,1.498930429709704,False,3
38044_2,38044,2,4.359232575726886,False,2
38044_3,38044,3,5.989321357091466,False,2
38044_4,38044,4,2.052161814338296,False,3
38044_5,38044,5,2.488779977971578,False,3
38044_6,38044,6,1.4991776657965357,False,2
38044_7,38044,7,3.943879986004973,False,2
38044_8,38044,8,0.7089612160168133,False,3
38044_9,38044,9,10.289719360957157,False,4
38044_10,38044,10,8.436430382977719,False,4
38044_11,38044,11,8.63912783806844,False,4
38044_12,38044,12,12.09246416761995,False,4
38044_13,38044,13,1.0444865701238555,False,4
38044_14,38044,14,0.8412869091631521,False,3
38044_15,38044,15,6.236885116410735,False,3
38044_16,38044,16,6.025016217081692,False,4
38044_17,38044,17,7.537853212015662,False,4
38044_18,38044,18,5.2980838222923285,False,4
38044_19,38044,19,19.618910122725577,False,4
38044_20,38044,20,11.920861451595972,False,3
38044_21,38044,21,1.8225366886545005,False,3
38044_22,38044,22,5.214675186886204,False,3
434486_1,434486,1,2.815614501138909,False,3
434486_2,434486,2,3.696522626315001,False,2
434486_3,434486,3,11.7917812237362,False,2
434486_4,434486,4,1.595607877103037,False,2
434486_5,434486,5,7.732723860154831,False,2
434486_6,434486,6,1.0995939270048112,False,3
434486_7,434486,7,7.644141111032739,False,3
434486_8,434486,8,0.9410718050650538,False,3
434486_9,434486,9,1.0270009676820024,False,4
434486_10,434486,10,8.734944184280632,False,4
434486_11,434486,11,2.373764984859202,False,4
434486_12,434486,12,10.574011838816077,False,4
434486_13,434486,13,1.1880106375551722,False,4
434486_14,434486,14,0.5592477035683217,False,4
434486_15,434486,15,9.65439771934976,False,4
434486_16,434486,16,1.2846469513453778,False,4
434486_17,434486,17,8.272486973076749,False,4
434486_18,434486,18,2.0028101364328696,False,4
434486_19,434486,19,0.8206914468859109,False,4
434486_20,434486,20,4.653249803624545,False,4
434486_21,434486,21,5.04465398313749,False,4
434486_22,434486,22,1.1859797439662731,False,4
434486_23,434486,23,9.431101160747867,False,4
434486_24,434486,24,1.3458476925447966,False,4
434486_25,434486,25,0.9023001675005177,False,4
434486_26,434486,26,8.405527467672208,False,4
434486_27,434486,27,10.204694246402354,False,4
434486_28,434486,28,2.051489420938803,False,4
434486_29,434486,29,10.909758520934385,False,4
434486_30,434486,30,0.8147524882747951,False,4
434486_31,434486,31,2.7071776313944182,False,3
434486_32,434486,32,2.619900574335936,False,2
144224_1,144224,1,7.0535594808568645,False,4
144224_2,144224,2,2.1412795767658745,False,4
144224_3,144224,3,0.8622082343977356,False,2
144224_4,144224,4,2.4119127985266617,True,2
144224_5,144224,5,4.500781445741796,False,2
144224_6,144224,6,2.1084266176548723,False,2
144224_7,144224,7,3.9569129138282544,False,2
144224_8,144224,8,14.34704500253694,False,2
144224_9,144224,9,40.547961142379094,False,2
144224_10,144224,10,8.02028084102103,False,2
144224_11,144224,11,6.00366670986936,False,2
144224_12,144224,12,12.022921230921813,False,2
144224_13,144224,13,1.0873629050255207,False,2
144224_14,144224,14,0.4119172741182357,False,2
144224_15,144224,15,11.239512963439106,False,2
144224_16,144224,16,0.7041955653272797,False,2
144224_17,144224,17,1.627554891290292,False,2
144224_18,144224,18,1.3631287732575215,False,2
144224_19,144224,19,5.801205184343064,False,2
144224_20,144224,20,1.5004605712047978,False,2
144224_21,144224,21,1.5692548899195782,False,2
144224_22,144224,22,3.174742977846176,False,2
144224_23,144224,23,1.4993033754741978,False,1
141944_1,141944,1,1.1249081433478385,False,4
141944_2,141944,2,2.8063345792792406e-05,False,2
141944_3,141944,3,1.1240621395433854,False,2
105328_1,105328,1,0.6593584682455713,False,3
105328_2,105328,2,0.82614675262983,False,2
105328_3,105328,3,1.1057477168102872,False,2
105328_4,105328,4,3.0758661773269678,False,2
105328_5,105328,5,4.715690321679701,False,1
415364_1,415364,1,4.5747065909903055,False,1
415364_2,415364,2,3.3621568582916286,False,3
415364_3,415364,3,1.8732666852836624,False,2
415364_4,415364,4,2.4125783973996193,True,2
415364_5,415364,5,1.7219667450065999,False,3
415364_6,415364,6,1.8733721469234275,False,2
415364_7,415364,7,38.608161232059636,False,2
415364_8,415364,8,4.040496389857311,False,2
415364_9,415364,9,27.907544421127863,False,2
415364_10,415364,10,32.26977356779603,False,2
415364_11,415364,11,1.8749647788032646,False,2
415364_12,415364,12,1.1672230373275096,False,2
415364_13,415364,13,1.2051493116612062,False,2
415364_14,415364,14,5.245513084016828,False,2
415364_15,415364,15,2.1279094711870505,False,2
415364_16,415364,16,24.246345609014863,False,2
415364_17,415364,17,3.206821943925927,False,2
415364_18,415364,18,15.631474048325297,False,2
415364_19,415364,19,22.904015595536784,False,2
415364_20,415364,20,3.1222988334161434,False,4
415364_21,415364,21,3.6363234863102725,False,4
415364_22,415364,22,1.4994406041271577,False,3
415364_23,415364,23,1.499521071981192,False,3
415364_24,415364,24,1.3100068842054382,False,1
418174_1,418174,1,1.5001302958668377,False,3
418174_2,418174,2,11.245871696452099,False,2
418174_3,418174,3,2.3504093505160353,False,2
418174_4,418174,4,5.998051740189674,False,2
418174_5,418174,5,2.207813042530685,False,2
418174_6,418174,6,2.5195930611172304,False,2
418174_7,418174,7,4.412359802734136,False,2
418174_8,418174,8,1.6932970728355115,False,2
418174_9,418174,9,14.188317827983875,False,2
418174_10,418174,10,28.334170057644286,False,2
418174_11,418174,11,3.5834558507143637,False,1
211680_1,211680,1,0.9815893242716739,False,2
211680_2,211680,2,2.3434192072881705,False,2
211680_3,211680,3,5.608247531459456,False,3
211680_4,211680,4,2.457271476475542,False,4
211680_5,211680,5,1.4146871179186118,False,3
211680_6,211680,6,1.857545698241975,False,2
211680_7,211680,7,3.4503975203024817,False,3
211680_8,211680,8,2.1105248566629657,False,4
211680_9,211680,9,4.042864124942867,False,4
211680_10,211680,10,3.9790285345666034,False,4
211680_11,211680,11,2.927368084663514,False,3
211680_12,211680,12,0.5932934836719961,False,3
211680_13,211680,13,3.6234943099193146,False,4
211680_14,211680,14,1.4861901939457252,False,3
211482_1,211482,1,7.908381463587482,False,4
211482_2,211482,2,2.081885416478818,False,4
211482_3,211482,3,2.8019781489177644,False,3
211482_4,211482,4,7.203360872599394,False,3
211482_5,211482,5,3.979784993604681,False,4
211482_6,211482,6,10.831908841062951,False,3
4156_1,4156,1,2.2962747575397358,False,3
4156_2,4156,2,1.8473694035121797,False,2
4156_3,4156,3,0.4070504199896896,False,2
4156_4,4156,4,1.2614529915605528,False,2
4156_5,4156,5,11.876943414303119,False,3
4156_6,4156,6,19.975785498812787,False,4
4156_7,4156,7,6.310707172201566,False,3
4156_8,4156,8,0.8658229424863491,False,3
4156_9,4156,9,5.092928606698354,False,4
4156_10,4156,10,3.717880529365514,False,4
4156_11,4156,11,8.697563110503513,False,4
4156_12,4156,12,2.0490113064165545,False,4
4156_13,4156,13,8.77401798024946,False,4
4156_14,4156,14,1.71098487844194,False,4
4156_15,4156,15,9.905925956714595,False,4
4156_16,4156,16,0.5888093647218089,False,4
4156_17,4156,17,10.37408145974135,False,4
4156_18,4156,18,10.272553926041374,False,4
4156_19,4156,19,4.593519260295276,False,3
4156_20,4156,20,0.8016723619472644,False,2
4156_21,4156,21,2.026155169325704,False,2
4156_22,4156,22,2.148996944218895,False,3
308758_1,308758,1,36.63330639143507,False,2
308758_2,308758,2,1.5346532284798278,False,2
308758_3,308758,3,1.5195884290863095,False,2
308758_4,308758,4,1.9466130217783089,False,2
308758_5,308758,5,1.5620406192999725,False,2
308758_6,308758,6,82.77887413823379,False,2
308758_7,308758,7,1.7498569524690901,False,2
308758_8,308758,8,7.590608757856923,False,2
308758_9,308758,9,3.237105172542552,False,2
308758_10,308758,10,1.8026830192081613,False,2
308758_11,308758,11,0.6558217583102876,False,3
308758_12,308758,12,3.408916711304451,False,3
308758_13,308758,13,1.930466844364689,False,2
308758_14,308758,14,3.3267623788327865,False,2
308758_15,308758,15,17.172215332254236,False,2
308758_16,308758,16,5.7043728135399805,False,2
308758_17,308758,17,1.9812320851184786,False,3
226116_1,226116,1,10.120776826883429,False,1
226116_2,226116,2,2.4111420351683934,True,2
226116_3,226116,3,0.3898803879284324,False,2
226116_4,226116,4,0.4016357238564346,False,2
226116_5,226116,5,0.4310597301215726,False,2
226116_6,226116,6,0.19192124362804727,False,4
226116_7,226116,7,0.04645890317753192,False,4
226116_8,226116,8,0.23934859585907142,False,2
226116_9,226116,9,0.0979473503440085,False,2
226116_10,226116,10,0.1987800713771878,False,2
226116_11,226116,11,0.07509733645964206,False,2
226116_12,226116,12,0.26342428038971405,False,2
226116_13,226116,13,0.3477441196061066,False,2
226116_14,226116,14,6.992642094278727,False,2
226116_15,226116,15,20.23900763200057,False,2
226116_16,226116,16,9.986673895182696,False,2
226116_17,226116,17,2.867333293764636,False,2
226116_18,226116,18,0.8721225406328871,False,2
226116_19,226116,19,2.411360773034047,True,2
226116_20,226116,20,2.5441035119923483,False,1
324768_1,324768,1,1.2008441461024475,False,2
324768_2,324768,2,13.886184399483739,False,2
324768_3,324768,3,7.474163371089363,False,3
324768_4,324768,4,7.892187365704204,False,4
324768_5,324768,5,5.810001199888578,False,4
324768_6,324768,6,10.957030471450219,False,4
324768_7,324768,7,13.048066289107181,False,4
324768_8,324768,8,3.620387813728391,False,3
324768_9,324768,9,1.4996538878650774,False,2
324768_10,324768,10,0.8945273461674107,False,3
324768_11,324768,11,10.263015727343532,False,4
324768_12,324768,12,6.7777609453249745,False,4
324768_13,324768,13,5.765946688091508,False,4
324768_14,324768,14,11.803971990058601,False,4
324768_15,324768,15,4.507131471143291,False,4
324768_16,324768,16,9.354273007127556,False,4
324768_17,324768,17,1.515561426385188,False,3
324768_18,324768,18,1.385069035205771,False,2
59818_1,59818,1,3.1577164922812355,False,1
59818_2,59818,2,6.405972087115392,False,2
59818_3,59818,3,8.045324815828428,False,2
59818_4,59818,4,2.4115831919964723,True,2
59818_5,59818,5,17.05257464974781,False,2
59818_6,59818,6,2.411444760953917,True,2
59818_7,59818,7,0.30892360900451854,False,2
59818_8,59818,8,56.57551513181975,False,2
59818_9,59818,9,10.710714157119343,False,3
59818_10,59818,10,1.2005623663359237,False,3
59818_11,59818,11,1.214632198280931,False,1
106307_1,106307,1,2.475432267382256,False,3
106307_2,106307,2,3.7478367435011215,False,4
106307_3,106307,3,7.315662897671922,False,4
106307_4,106307,4,5.271437475555254,False,4
106307_5,106307,5,5.86182499143047,False,4
106307_6,106307,6,5.691498001998526,False,4
106307_7,106307,7,5.2084481901686095,False,4
106307_8,106307,8,13.610753107072917,False,3
212550_1,212550,1,54.33252121874172,False,2
212550_2,212550,2,47.946481609426215,False,2
212550_3,212550,3,6.807953433672405,False,2
211679_1,211679,1,1.4997517064510186,False,3
211679_2,211679,2,1.8996931662054766,False,2
211679_3,211679,3,4.763875207580369,False,2
211679_4,211679,4,4.753458500088271,False,3
211679_5,211679,5,3.235270282555704,False,4
211679_6,211679,6,8.040654819860178,False,4
211679_7,211679,7,4.8872954776807545,False,4
211679_8,211679,8,6.747862141879669,False,3
211679_9,211679,9,1.2875517470056865,False,3
211679_10,211679,10,4.555948699225471,False,4
211679_11,211679,11,6.42739679141589,False,4
37782_1,37782,1,1.5000783411230627,False,3
37782_2,37782,2,1.3991738158331901,False,3
37782_3,37782,3,5.020742200814732,False,3
37782_4,37782,4,11.312503686282929,False,3
37782_5,37782,5,3.9766670730957285,False,4
37782_6,37782,6,7.385287413997589,False,4
37782_7,37782,7,1.9863098345110903,False,4
37782_8,37782,8,6.374999376307957,False,4
37782_9,37782,9,3.6750180160644863,False,4
37782_10,37782,10,6.761459167196666,False,3
37782_11,37782,11,3.575462509396412,False,3
37782_12,37782,12,5.657686980565341,False,4
37782_13,37782,13,4.468980796396498,False,4
37782_14,37782,14,5.099385088910817,False,4
37782_15,37782,15,4.2280897288149175,False,4
37782_16,37782,16,5.454975574370748,False,4
37782_17,37782,17,4.4090533179136,False,4
37782_18,37782,18,2.366351285343975,False,4
37782_19,37782,19,0.8167624050725656,False,3
175745_1,175745,1,2.1527711795319227,False,1
175745_2,175745,2,3.8732281396613457,False,2
175745_3,175745,3,2.730299520871531,False,2
175745_4,175745,4,18.262285566201744,False,2
175745_5,175745,5,1.4988784047741759,False,3
3661_1,3661,1,1.339063170634633,False,3
3661_2,3661,2,14.496136780475181,False,4
3661_3,3661,3,1.8998418406713071,False,2
3661_4,3661,4,1.499166976351503,False,3
175746_1,175746,1,1.1079498610074627,False,1
175746_2,175746,2,1.108016742223717,False,2
175746_3,175746,3,22.44571944836791,False,3
175746_4,175746,4,9.8698866674942,False,4
175746_5,175746,5,1.580790871986699,False,3
175746_6,175746,6,2.513991957823455,False,2
175746_7,175746,7,56.85000565739566,False,4
175746_8,175746,8,5.647506793564802,False,4
175746_9,175746,9,2.396083166123038,False,2
175746_10,175746,10,2.4909601009210576,False,2
175746_11,175746,11,1.4999315650119875,False,3
72675_1,72675,1,16.5564778952112,False,4
72675_2,72675,2,1.2361835863141506,False,4
72675_3,72675,3,11.765242584093551,False,3
72675_4,72675,4,9.725502859577489,False,3
72675_5,72675,5,6.737522819816473,False,4
72675_6,72675,6,5.907909103346579,False,4
72675_7,72675,7,5.349556528402479,False,4
72675_8,72675,8,8.463675618715751,False,5
243877_1,243877,1,10.250524652809935,False,1
243877_2,243877,2,2.4110687176657244,True,2
243877_3,243877,3,0.3908281643930088,False,2
243877_4,243877,4,2.4120566634828444,True,2
243877_5,243877,5,8.291626583041968,False,2
243877_6,243877,6,46.903085704217524,False,2
243877_7,243877,7,0.9912441737752691,False,2
243877_8,243877,8,2.4123005124969272,True,2
243877_9,243877,9,17.403556188332537,False,2
243877_10,243877,10,1.2974248215458213,False,2
243877_11,243877,11,3.871834786723083,False,2
243877_12,243877,12,2.003753269659205,False,1
246575_1,246575,1,1.3382831804327266,False,3
246575_2,246575,2,3.059663919671625,False,3
246575_3,246575,3,1.4993668635289634,False,3
143369_1,143369,1,1.499631126061645,False,3
143369_2,143369,2,1.8994442099044397,False,2
143369_3,143369,3,8.989524456712402,False,2
143369_4,143369,4,3.7575182922260297,False,2
143369_5,143369,5,14.458965465628772,False,4
143369_6,143369,6,12.51427835324427,False,4
143369_7,143369,7,11.652747187482577,False,4
143369_8,143369,8,17.899508462047336,False,4
143369_9,143369,9,1.5196495533073393,False,2
143369_10,143369,10,0.8099716931628527,False,2
324767_1,324767,1,2.140843651438972,False,2
324767_2,324767,2,1.434289979816247,False,2
324767_3,324767,3,1.505581642502954,False,2
324767_4,324767,4,0.6829237184482797,False,2
324770_1,324770,1,1.7398550161323587,False,2
324770_2,324770,2,3.529978883201068,False,2
177622_1,177622,1,1.4995946473207655,False,3
177622_2,177622,2,6.789139949947479,False,3
177622_3,177622,3,0.36008876478457974,False,3
177622_4,177622,4,0.21010179705026322,False,2
177622_5,177622,5,8.260999846917846,False,3
177622_6,177622,6,0.7170202092872244,False,3
177622_7,177622,7,1.7406635515652875,False,3
177622_8,177622,8,7.535213600557603,False,3
177622_9,177622,9,1.0539344553908865,False,3
177622_10,177622,10,4.077727674232494,False,4
177622_11,177622,11,9.694706482229178,False,3
177622_12,177622,12,0.5811149761235536,False,3
177622_13,177622,13,6.376536756515305,False,3
177622_14,177622,14,1.2117785874731923,False,2
177622_15,177622,15,1.6157360196348922,False,3
177622_16,177622,16,9.529184895280244,False,4
177622_17,177622,17,9.895809220343294,False,4
177622_18,177622,18,0.6348921383526622,False,3
38251_1,38251,1,1.4996192845966119,False,3
38251_2,38251,2,1.8994148740594472,False,2
38251_3,38251,3,1.0308290891059237,False,3
38251_4,38251,4,7.9743702981329605,False,4
38251_5,38251,5,3.8197547427522496,False,4
38251_6,38251,6,7.348523997516644,False,4
38251_7,38251,7,0.86762910924029,False,3
72676_1,72676,1,18.39384643870499,False,2
72676_2,72676,2,15.493112693645518,False,4
198939_1,198939,1,31.459952394403633,False,2
198939_2,198939,2,34.72460459742959,False,2
198939_3,198939,3,33.01087533655665,False,2
198939_4,198939,4,31.349304691731216,False,2
198939_5,198939,5,24.764278653358026,False,2
198939_6,198939,6,18.70750733143447,False,3
198939_7,198939,7,1.50002074954628,False,4
198939_8,198939,8,2.807297195233197e-05,False,2
198939_9,198939,9,0.7333264384977135,False,3
198939_10,198939,10,0.5878346229071221,False,2
198939_11,198939,11,0.871735202129383,False,2
198939_12,198939,12,0.7017435763211278,False,2
198939_13,198939,13,0.6855314891911861,False,2
198939_14,198939,14,2.654994494304933,False,3
198939_15,198939,15,11.788838825411423,False,3
198939_16,198939,16,21.87147360744255,False,2
198939_17,198939,17,1.0291117402975936,False,2
198939_18,198939,18,0.19459824017589297,False,2
198939_19,198939,19,2.4126996629342767,True,2
198939_20,198939,20,1.6571216374834086,False,3
198939_21,198939,21,18.08063273080689,False,3
198939_22,198939,22,24.1122798294939,False,2
198939_23,198939,23,45.48012250240363,False,2
199046_1,199046,1,26.159230699745137,False,1
199046_2,199046,2,0.48174065728761983,False,2
199046_3,199046,3,8.924391732196483,False,2
199046_4,199046,4,1.7380350011687697,False,2
199046_5,199046,5,3.5591400711391645,False,3
199046_6,199046,6,0.9722489049766687,False,3
199046_7,199046,7,0.4868291531868544,False,3
199046_8,199046,8,1.4282005932062503,False,3
199046_9,199046,9,1.4380133735238758,False,2
199046_10,199046,10,1.5220378630494722,False,2
199046_11,199046,11,1.4991756872128352,False,2
199046_12,199046,12,1.7514951423233431,False,2
199046_13,199046,13,3.1782517216069635,False,1
324622_1,324622,1,0.4483910758404701,False,1
324622_2,324622,2,0.7278861870871579,False,3
324622_3,324622,3,1.4364195132223392,False,4
324622_4,324622,4,0.9752456199947699,False,3
324622_5,324622,5,3.346736152226641,False,2
324622_6,324622,6,1.302081745489908,False,2
324622_7,324622,7,2.1328565354517592,True,2
324622_8,324622,8,1.2625709301682795,False,2
324623_1,324623,1,1.3764983162540354,False,3
324623_2,324623,2,2.0527803935758824,False,3
324623_3,324623,3,2.120794268371371,False,2
324623_4,324623,4,47.155982059718404,False,3
324623_5,324623,5,3.452319526472004,False,3
324623_6,324623,6,72.84509489194005,False,2
324623_7,324623,7,37.44434731753623,False,2
71253_1,71253,1,1.4992147420602489,False,1
71253_2,71253,2,1.839084736070774,False,2
71253_3,71253,3,28.495390864219527,False,2
71253_4,71253,4,2.277445358588459,False,3
71253_5,71253,5,7.215555193980538,False,3
71253_6,71253,6,11.324414787257139,False,2
71253_7,71253,7,2.4115842517075596,True,2
71253_8,71253,8,2.4095484507580425,False,3
71253_9,71253,9,6.99003793790021,False,3
71253_10,71253,10,2.6703410656154167,True,2
71253_11,71253,11,5.5337243981369495,False,1
427780_1,427780,1,1.114947585013889,False,3
427780_2,427780,2,1.0052549709650327,False,2
427780_3,427780,3,0.42269621723754314,False,2
427780_4,427780,4,2.65289788696127,False,2
427781_1,427781,1,1.1197192256331696,False,3
427781_2,427781,2,1.2861552643176029,False,2
427781_3,427781,3,1.1453068522661969,False,2
427781_4,427781,4,2.469066505269769,False,2
415692_1,415692,1,0.4704924351747536,False,2
415692_2,415692,2,5.859038604528764,False,2
415692_3,415692,3,11.223065164964634,False,2
415692_4,415692,4,3.218687917265745,False,2
415692_5,415692,5,3.25709859995482,False,2
415692_6,415692,6,7.267898821407069,False,2
415692_7,415692,7,1.4995504614510253,False,3
261304_1,261304,1,1.594293396217705,False,3
261304_2,261304,2,5.976108557831157,False,1
7238_1,7238,1,1.153873214279516,False,3
7238_2,7238,2,1.1910315856300637,True,2
7238_3,7238,3,0.09360539040152425,False,2
7238_4,7238,4,0.22698958872384398,False,2
7238_5,7238,5,1.3205868967274539,False,2
7238_6,7238,6,2.2262944040256643,False,2
7238_7,7238,7,0.8471995042472265,True,2
7238_8,7238,8,0.015252238579577302,False,2
7238_9,7238,9,1.288025694071674,True,2
7238_10,7238,10,1.5438693868998652,False,2
7238_11,7238,11,0.24310153862940964,False,2
7238_12,7238,12,0.2099140791967873,False,2
7238_13,7238,13,0.08493821325016675,False,2
7238_14,7238,14,1.8212651041306889,True,2
7238_15,7238,15,3.6841256197970518,False,2
7238_16,7238,16,9.082368448327227,False,2
7238_17,7238,17,4.966316238537908,False,2
7238_18,7238,18,33.193746805856485,False,2
7238_19,7238,19,0.4601246889757323,False,2
7238_20,7238,20,2.172184978298521,True,2
7238_21,7238,21,5.333698551242039,False,2
7238_22,7238,22,0.6701448831857846,False,2
7238_23,7238,23,0.31286569757885857,False,4
7238_24,7238,24,0.3574448765691647,False,4
7238_25,7238,25,0.6698298888832918,False,2
7238_26,7238,26,1.2817248011137508,False,2
7238_27,7238,27,3.314180566254165,False,2
7238_28,7238,28,1.2324996515208877,False,2
7238_29,7238,29,2.109238367245612,True,2
7238_30,7238,30,2.844536437491716,False,2
7238_31,7238,31,7.399681671606299,False,3
7238_32,7238,32,1.3727039036980775,False,3
308847_1,308847,1,2.1114978622739105,False,3
308847_2,308847,2,1.642701857671939,False,3
53635_1,53635,1,2.7341128765037763,False,1
53635_2,53635,2,1.3024282148221713,True,2
53635_3,53635,3,0.056589823211547687,False,2
53635_4,53635,4,0.3489151587620778,False,2
53635_5,53635,5,0.23116385925849803,False,2
53635_6,53635,6,0.0470357168385019,False,2
53635_7,53635,7,0.18275736355013122,False,2
53635_8,53635,8,0.041011563111666594,False,2
53635_9,53635,9,0.4392268401658791,False,2
53635_10,53635,10,1.9642800654193184,False,2
53635_11,53635,11,2.9466330649078136,False,3
53635_12,53635,12,8.811873187709306,False,4
53635_13,53635,13,1.24778435376579,True,2
53635_14,53635,14,0.11761639828016969,False,2
53635_15,53635,15,0.1665911757558906,False,2
53635_16,53635,16,0.35536959539810603,False,2
53635_17,53635,17,0.5393564393492787,False,2
53635_18,53635,18,0.07203697301441464,False,2
53635_19,53635,19,1.7537174920330736,False,2
53635_20,53635,20,9.222917805942771,False,4
53635_21,53635,21,3.750177135789263,False,4
210305_1,210305,1,4.090245535305332,False,4
210305_2,210305,2,2.80733563353437e-05,False,2
210305_3,210305,3,1.499109598776393,False,3
210305_4,210305,4,4.816457688547197,False,2
210305_5,210305,5,8.066563171760382,False,2
210305_6,210305,6,10.155496858314924,False,2
210305_7,210305,7,2.07769659090766,False,2
210305_8,210305,8,1.0511558406478925,False,1
192893_1,192893,1,9.922443689301753,False,2
192893_2,192893,2,2.755010029489306,False,2
192893_3,192893,3,2.538590480276012,False,2
192893_4,192893,4,1.2913284191763403,False,2
192893_5,192893,5,1.2798585774192994,False,1
308843_1,308843,1,1.3935328367233553,False,3
308843_2,308843,2,1.015462811464527,False,2
39095_1,39095,1,25.06963568868632,False,2
39095_2,39095,2,3.333839300699733,False,2
308845_1,308845,1,2.348232255713645,False,2
308845_2,308845,2,2.6756820937256163,False,3
308845_3,308845,3,6.98596815775066,False,4
308845_4,308845,4,35.28156127352782,False,4
308845_5,308845,5,0.3664044639259571,False,3
308845_6,308845,6,9.504927501862415,False,3
308845_7,308845,7,6.484517063174564,False,4
308845_8,308845,8,23.598112379384688,False,2
308845_9,308845,9,1.9056441184476813,False,2
308845_10,308845,10,2.9516052937286497,False,2
308845_11,308845,11,8.332657199583487,False,2
146477_1,146477,1,1.5832946717884204,False,2
146477_2,146477,2,4.803594981936408,False,3
146477_3,146477,3,4.064770365398767,False,3
214924_1,214924,1,8.128974973628251,False,1
214924_2,214924,2,1.3085952984192175,False,2
214924_3,214924,3,3.2018667233886964,False,2
214924_4,214924,4,1.3562852268047267,False,3
310731_1,310731,1,3.8024378020028613,False,3
310731_2,310731,2,4.437960079676343,False,3
310731_3,310731,3,1.4590077636032972,False,4
310731_4,310731,4,1.5410242357429356,False,2
308844_1,308844,1,0.9640486340325548,False,3
308844_2,308844,2,0.8908809716895664,False,2
308844_3,308844,3,0.5942435646279769,False,2
308844_4,308844,4,0.8959685151621354,False,3
308849_1,308849,1,0.9815911748918403,False,3
308849_2,308849,2,4.163067320591109,False,4
308849_3,308849,3,9.612678870833498,False,3
308849_4,308849,4,3.013225253749486,False,3
308849_5,308849,5,1.5291630577359467,False,4
308849_6,308849,6,7.568530097413243,False,3
308849_7,308849,7,1.9962500683269084,False,3
308849_8,308849,8,1.915374552910736,False,3
144225_1,144225,1,14.634886226268108,False,2
310737_1,310737,1,2.396064586050119,False,4
310736_1,310736,1,2.395449225499117,False,4
210307_1,210307,1,1.453824341923711,False,3
210307_2,210307,2,2.4122708282572702,True,2
210307_3,210307,3,9.756857907038803,False,1
5002_1,5002,1,2.451837367618715,False,3
5002_2,5002,2,74.8126186273103,False,2
5002_3,5002,3,54.44855602724367,False,2
5002_4,5002,4,21.3873210029383,False,2
5002_5,5002,5,10.82802736603489,False,2
310733_1,310733,1,0.4369922091539203,False,2
310733_2,310733,2,0.75398765990896,False,2
310733_3,310733,3,1.039939967730148,False,3
310733_4,310733,4,4.016366772579387,False,3
310733_5,310733,5,1.9687631971540767,False,2
310733_6,310733,6,3.9570603061957454,False,2
310733_7,310733,7,0.570792882150207,False,2
310733_8,310733,8,3.483580531341518,False,2
310733_9,310733,9,7.396615773356704,False,2
310733_10,310733,10,5.063059003682979,False,3
310733_11,310733,11,9.334904380700536,False,3
310733_12,310733,12,2.387113760318322,False,2
310733_13,310733,13,1.2037248893854406,False,2
310734_1,310734,1,11.285296314672031,False,2
310734_2,310734,2,1.8428376414080083,False,3
310734_3,310734,3,12.645985839668068,False,3
310734_4,310734,4,2.147735708337988,False,2
310734_5,310734,5,1.4947169739537662,False,3
310734_6,310734,6,1.8294002067663333,False,3
310734_7,310734,7,1.680714420372459,False,2
310734_8,310734,8,1.4995455080680309,False,1
210306_1,210306,1,7.98520876815063,False,1
210306_2,210306,2,1.2469177201074846,False,2
408303_1,408303,1,1.3237902188907784,False,1
408303_2,408303,2,12.189650604072725,False,2
408303_3,408303,3,8.437134521371554,False,2
408303_4,408303,4,11.479148444401268,False,4
408303_5,408303,5,2.456666295576038,False,4
408303_6,408303,6,50.725272161728334,False,2
408303_7,408303,7,79.04962172970441,False,2
408303_8,408303,8,40.306195547662504,False,2
408303_9,408303,9,20.153543122929804,False,2
408303_10,408303,10,0.42278829890182185,False,2
408303_11,408303,11,28.200159926710395,False,2
408303_12,408303,12,28.968510489855046,False,3
408303_13,408303,13,30.65551746947736,False,4
408303_14,408303,14,1.500281056413279,False,3
408306_1,408306,1,2.7714458308706136,False,3
408306_2,408306,2,1.4998710816140954,False,1
408309_1,408309,1,1.626061044679343,False,3
408309_2,408309,2,1.5000195112095265,False,1
408308_1,408308,1,15.081405460500697,False,3
408308_2,408308,2,3.72748003200263,False,3
408308_3,408308,3,1.6025078539549151,False,3
408308_4,408308,4,2.807327868134689e-05,False,2
408308_5,408308,5,1.4990905009378033,False,2
408305_1,408305,1,3.054496812789946,False,3
408305_2,408305,2,1.4988335291210715,False,1
408307_1,408307,1,14.205777400992018,False,2
408307_2,408307,2,3.9818716180196847,False,2
408307_3,408307,3,13.831819579612407,False,2
408307_4,408307,4,1.4997372383496737,False,2
143230_1,143230,1,1.4997314939043163,False,3
143230_2,143230,2,12.423726532973234,False,3
143230_3,143230,3,9.264067042795306,False,4
143230_4,143230,4,4.04167718645018,False,4
143230_5,143230,5,13.55757179846743,False,4
143230_6,143230,6,11.28630566936335,False,4
143230_7,143230,7,24.470405935787305,False,4
143230_8,143230,8,9.688081369463788,False,3
143230_9,143230,9,1.4993025355745435,False,3
211529_1,211529,1,1.4994327434574748,False,2
211529_2,211529,2,1.8990009961858334,False,2
211529_3,211529,3,5.814972207416455,False,3
211529_4,211529,4,2.3594170132663987,False,4
211529_5,211529,5,11.240469576432092,False,4
211529_6,211529,6,1.5047361537300086,False,4
211529_7,211529,7,8.380630957965067,False,3
211529_8,211529,8,1.9265066184217858,False,5
211529_9,211529,9,3.1564961894961074,False,4
211529_10,211529,10,4.249422014971261,False,4
211529_11,211529,11,5.67461828041441,False,3
245521_1,245521,1,1.8992816999206976,False,2
245521_2,245521,2,4.611849710819912,False,3
245521_3,245521,3,2.0455147633922657,False,3
245521_4,245521,4,7.545445478321005,False,3
245521_5,245521,5,2.3672591550386053,False,4
245521_6,245521,6,2.6356402466026196,False,4
245521_7,245521,7,18.29031141882306,False,4
245521_8,245521,8,2.8208936039091212,False,3
245521_9,245521,9,8.829056907518112,False,3
245521_10,245521,10,9.199072971110779,False,4
245521_11,245521,11,8.273836130732027,False,4
245521_12,245521,12,8.372357792721976,False,4
245521_13,245521,13,4.505718409556253,False,3
245521_14,245521,14,0.5896326645930918,False,2
245521_15,245521,15,3.201309644081405,False,2
245521_16,245521,16,0.5767883157941655,False,2
245521_17,245521,17,0.7242354360725856,False,3
245521_18,245521,18,2.1140456524603572,False,4
245521_19,245521,19,3.9947253131263616,False,4
245521_20,245521,20,32.54839604300509,False,3
245521_21,245521,21,7.509813849667357,False,3
245521_22,245521,22,8.66960214517838,False,4
245521_23,245521,23,2.262557039086078,False,3
245521_24,245521,24,4.849334179857232,False,3
245521_25,245521,25,4.421459706297717,False,3
245521_26,245521,26,1.0184391585525885,False,2
245521_27,245521,27,1.0172112090587035,False,2
245521_28,245521,28,18.320174863008425,False,3
245521_29,245521,29,12.153310494903094,False,4
245521_30,245521,30,8.615526119981737,False,3
245521_31,245521,31,1.8994687745623622,False,2
245521_32,245521,32,1.4991624561977543,False,3
4012_1,4012,1,1.5004196064486242,False,3
4012_2,4012,2,7.335657449286739,False,3
4012_3,4012,3,8.6691463473977,False,4
4012_4,4012,4,17.254708675619177,False,4
4012_5,4012,5,4.294094126242279,False,4
4012_6,4012,6,5.481313229914004,False,4
4012_7,4012,7,11.761910328754716,False,3
4012_8,4012,8,9.637388201416165,False,3
4012_9,4012,9,8.548686300392207,False,4
4012_10,4012,10,8.271816899150727,False,4
4012_11,4012,11,3.499131114890842,False,4
4012_12,4012,12,12.188730463045392,False,4
4012_13,4012,13,6.8951549788574855,False,4
4012_14,4012,14,2.1004289895677744,False,4
4012_15,4012,15,4.904705421937487,False,3
4012_16,4012,16,3.073061861531099,False,2
4012_17,4012,17,1.4996047790289406,False,3
415695_1,415695,1,1.4993451419564319,False,1
415695_2,415695,2,3.419640809616901,False,3
415694_1,415694,1,25.79156299026112,False,3
415694_2,415694,2,3.446621452397403,False,3
415694_3,415694,3,0.7297913402409884,False,2
415694_4,415694,4,2.4110805255542767,True,2
415694_5,415694,5,0.9478546500538887,False,2
415694_6,415694,6,1.4994118227563902,False,1
415693_1,415693,1,1.4147995257619321,False,3
415693_2,415693,2,6.316729207580801,False,2
415693_3,415693,3,2.230827952596294,False,2
415693_4,415693,4,0.5386458613825016,False,2
4007_1,4007,1,1.9583127385817896,False,2
4007_2,4007,2,1.8657378929923458,False,3
4007_3,4007,3,2.2152781271291953,False,3
4007_4,4007,4,7.86582717338336,False,3
4007_5,4007,5,11.433115379967147,False,4
4007_6,4007,6,20.799204206370575,False,4
4007_7,4007,7,5.475303015757331,False,4
4007_8,4007,8,1.5601855670007727,False,4
4007_9,4007,9,3.7279228928649766,False,3
4007_10,4007,10,10.163982131834468,False,3
4007_11,4007,11,4.063818610466711,False,4
4007_12,4007,12,8.766389639813163,False,4
4007_13,4007,13,3.992827320520712,False,4
4007_14,4007,14,27.07602799942978,False,4
4007_15,4007,15,6.147208989535498,False,4
4007_16,4007,16,3.6099402935184957,False,4
4007_17,4007,17,14.85366555071065,False,4
4007_18,4007,18,5.602297130210161,False,3
4007_19,4007,19,2.8097722816027044,False,3
4007_20,4007,20,25.103180211131992,False,3
4007_21,4007,21,0.7921657519280653,False,3
4007_22,4007,22,2.19419598568641,False,3
4007_23,4007,23,2.8272275865345455,False,2
4007_24,4007,24,14.18237694176213,False,2
4007_25,4007,25,26.21279606039499,False,2
4007_26,4007,26,4.186823909198493,False,4
4007_27,4007,27,17.807993557720884,False,3
4007_28,4007,28,1.4998299123121586,False,2
4007_29,4007,29,7.39813488114349,False,3
4007_30,4007,30,1.7957311578582573,False,3
4007_31,4007,31,8.781584557997538,False,4
4007_32,4007,32,20.67324340045907,False,6
4007_33,4007,33,15.903961764540366,False,6
4007_34,4007,34,2.867327463777156,False,4
4007_35,4007,35,6.745988494102018,False,3
4007_36,4007,36,27.51252345012549,False,2
4007_37,4007,37,1.5004956011839599,False,3
245516_1,245516,1,1.2816798894282981,False,3
245516_2,245516,2,1.3716642639832466,False,4
245516_3,245516,3,7.235022808445873,False,4
245516_4,245516,4,7.20504328624206,False,4
245516_5,245516,5,9.384463410893652,False,4
245516_6,245516,6,19.11108063874794,False,4
245516_7,245516,7,3.0261698612493,False,4
245516_8,245516,8,9.725366868742462,False,4
245516_9,245516,9,11.24701589118915,False,4
245516_10,245516,10,11.738826794839055,False,4
245516_11,245516,11,10.754081780090711,False,4
245516_12,245516,12,8.113265394394285,False,4
245516_13,245516,13,18.976646812185635,False,3
245516_14,245516,14,1.9717844028619789,False,3
245516_15,245516,15,2.031405634031663,False,3
245516_16,245516,16,5.201396592593926,False,2
245516_17,245516,17,5.000659710708501,False,2
245516_18,245516,18,0.6328427730688766,False,3
245516_19,245516,19,0.4828836885777218,False,3
245516_20,245516,20,1.1957296339397416,False,3
143232_1,143232,1,0.8891911344014125,False,3
143232_2,143232,2,0.9984621263362474,False,2
143232_3,143232,3,0.5252716837980427,False,2
143232_4,143232,4,1.2930018136708843,False,2
143232_5,143232,5,1.5799320570719453,False,2
143232_6,143232,6,2.758503539344802,True,2
143232_7,143232,7,0.6348636094368824,False,2
143232_8,143232,8,1.4273634933606765,False,3
143232_9,143232,9,1.046440983530489,False,4
143232_10,143232,10,2.61526057293468,False,4
143232_11,143232,11,1.10930072349887,False,3
143232_12,143232,12,5.127251632762368,False,2
143232_13,143232,13,3.4543628459644578,False,3
143232_14,143232,14,1.7356471889401088,False,3
143232_15,143232,15,1.6357034294543908,False,3
143232_16,143232,16,5.789650170219595,False,4
143232_17,143232,17,2.6044708933192084,False,4
143232_18,143232,18,8.038434544395912,False,4
143232_19,143232,19,14.309111392027242,False,4
143232_20,143232,20,12.837392918342712,False,3
143232_21,143232,21,1.642266024693937,False,2
143232_22,143232,22,1.3263131093959715,False,2
38096_1,38096,1,0.9359407301682179,False,2
38096_2,38096,2,5.8436215112135,False,2
38096_3,38096,3,2.029515591761836,False,3
38096_4,38096,4,3.04330966498904,False,3
106660_1,106660,1,3.7579980416479914,False,3
106660_2,106660,2,2.879068627222648,False,3
106660_3,106660,3,1.8918944116221301,False,2
106660_4,106660,4,1.4997737025449613,False,3
245518_1,245518,1,1.6345380257397346,False,3
245518_2,245518,2,1.4177362059094514,False,3
245518_3,245518,3,23.541115804417366,False,4
245518_4,245518,4,12.722979320554085,False,4
245518_5,245518,5,3.623164268897225,False,3
245518_6,245518,6,2.4127067691009016,False,2
245518_7,245518,7,0.1297845145469819,False,2
245518_8,245518,8,2.4116301543293006,True,2
245518_9,245518,9,0.7796263756084674,False,2
245518_10,245518,10,9.770996439704776,False,4
245518_11,245518,11,1.5173902833499586,False,4
245518_12,245518,12,7.133658443196935,False,3
245518_13,245518,13,23.905026197169725,False,3
245517_1,245517,1,1.0350216276124713,False,2
245517_2,245517,2,1.551729413685173,False,3
245517_3,245517,3,13.27172091852395,False,4
245517_4,245517,4,13.950123403263161,False,4
245517_5,245517,5,16.336847482929496,False,4
245517_6,245517,6,2.807517739348837,False,3
245517_7,245517,7,20.723144304071813,False,3
245517_8,245517,8,1.4996754294335641,False,2
324780_1,324780,1,1.3986756818948076,False,3
324780_2,324780,2,2.0625311145040635,False,3
177436_1,177436,1,13.755422872259855,False,3
177436_2,177436,2,3.470648630504904,False,3
177436_3,177436,3,0.20360513637052938,False,3
177436_4,177436,4,0.9513210831512727,False,3
177436_5,177436,5,2.889589436996395,False,4
177436_6,177436,6,0.694902882547985,False,2
72532_1,72532,1,1.500102528175282,False,3
72532_2,72532,2,1.899136497723198,False,2
72532_3,72532,3,1.4861564863593206,False,3
72532_4,72532,4,5.003606629723181,False,4
72532_5,72532,5,2.7132627570689607,False,4
72532_6,72532,6,8.033971082881235,False,4
72532_7,72532,7,4.6644789846960215,False,3
72532_8,72532,8,2.6727331812793746,False,2
72532_9,72532,9,0.6071686589638069,False,3
72532_10,72532,10,0.7247974520062694,False,4
72532_11,72532,11,3.5595940495309977,False,4
72532_12,72532,12,9.2974989493862,False,4
72532_13,72532,13,4.01494985780695,False,4
72532_14,72532,14,2.189270082369031,False,3
72532_15,72532,15,1.742975975550829,False,3
72532_16,72532,16,3.6329028862154016,False,3
72532_17,72532,17,0.8266975684798978,False,3
72532_18,72532,18,1.9014284118418294,False,3
72532_19,72532,19,0.8862844171593277,False,2
72532_20,72532,20,0.5160832152276699,False,2
72532_21,72532,21,0.519172557400911,False,2
210308_1,210308,1,1.4988281705354467,False,1
210308_2,210308,2,2.0063853251032437,False,3
106362_1,106362,1,10.972827658078518,False,4
106362_2,106362,2,9.28735900642118,False,3
106362_3,106362,3,1.7865004680391707,False,3
106362_4,106362,4,0.2628836244552979,False,3
4011_1,4011,1,1.8638825728199229,False,3
4011_2,4011,2,27.145449051286924,False,3
4011_3,4011,3,5.610424682975307,False,4
4011_4,4011,4,3.4875769634042215,False,4
4011_5,4011,5,14.572701314360383,False,4
4011_6,4011,6,3.418319511319021,False,3
4011_7,4011,7,30.06393385293151,False,2
4011_8,4011,8,0.7536267678688705,False,2
4011_9,4011,9,0.6990845205685063,False,3
4011_10,4011,10,24.557359807762474,False,3
4011_11,4011,11,1.499304592054439,False,3
4011_12,4011,12,2.9466159554578053,False,3
4011_13,4011,13,1.500257651927267,False,3
143188_1,143188,1,16.615670444001424,False,3
143188_2,143188,2,2.9063399874563616,False,3
143188_3,143188,3,2.7033277663521935,False,3
245520_1,245520,1,1.4995259746365337,False,3
245520_2,245520,2,4.436240028700224,False,2
245520_3,245520,3,2.818209928666202,False,3
245520_4,245520,4,1.865540127472325,False,3
245520_5,245520,5,6.023166475979534,False,2
245520_6,245520,6,5.690459627592183,False,3
245520_7,245520,7,31.169362631610937,False,3
245520_8,245520,8,1.7589517528753587,False,3
245520_9,245520,9,25.79205355627498,False,3
245520_10,245520,10,9.558929566388349,False,3
245520_11,245520,11,9.556812487779752,False,3
245520_12,245520,12,1.2696245463872875,False,3
36299_1,36299,1,0.6754242255761519,False,3
36299_2,36299,2,1.6711490795772777,False,2
36299_3,36299,3,1.4994019727527113,False,1
209417_1,209417,1,2.6562810993392914,False,2
209417_2,209417,2,8.851500285861444,False,2
209417_3,209417,3,0.5302951414539767,False,2
209417_4,209417,4,3.9249782625635286,False,3
209417_5,209417,5,5.828821219021174,False,3
209417_6,209417,6,2.410212486210481,False,2
209417_7,209417,7,50.33647597562295,False,2
209417_8,209417,8,81.42496175669751,False,2
209417_9,209417,9,38.1175170565433,False,2
209417_10,209417,10,18.442177840271242,False,2
209417_11,209417,11,40.131401126960995,False,2
209417_12,209417,12,4.823271825385262,False,2
209417_13,209417,13,37.54119884002536,False,2
209417_14,209417,14,16.433065450927185,False,3
209417_15,209417,15,1.4995097742200014,False,3
142932_1,142932,1,14.468562935418221,False,4
142932_2,142932,2,2.876677168939915,False,4
142932_3,142932,3,7.449569209286838,False,3
142932_4,142932,4,0.10012103970457482,False,2
142932_5,142932,5,2.17066588093991,False,3
142932_6,142932,6,1.2773523302737915,False,4
142932_7,142932,7,0.9339922447875578,False,3
72531_1,72531,1,1.1889531267612543,False,3
72531_2,72531,2,1.548792466905036,False,3
72531_3,72531,3,6.13480930275399,False,4
72531_4,72531,4,7.839567822799994,False,4
72531_5,72531,5,1.2251946778020093,False,4
72531_6,72531,6,2.15317306944066,False,4
72531_7,72531,7,5.953089300441088,False,4
72531_8,72531,8,3.126223605818337,False,4
72531_9,72531,9,8.893590587511476,False,4
72531_10,72531,10,12.375051014589772,False,3
72531_11,72531,11,1.5000083479939892,False,3
316859_1,316859,1,14.13060816189365,False,3
316859_2,316859,2,2.758375898302629,False,3
316859_3,316859,3,1.954310945466479,False,2
316859_4,316859,4,5.791306848556726,False,3
316859_5,316859,5,13.483618675838413,False,3
316859_6,316859,6,1.172009226395045,False,3
210520_1,210520,1,1.4991939058029735,False,3
210520_2,210520,2,1.815754753840756,False,3
210520_3,210520,3,6.072422087763335,False,4
210520_4,210520,4,10.697153859872987,False,4
210520_5,210520,5,10.471056099176375,False,4
210520_6,210520,6,10.107219483926547,False,3
210520_7,210520,7,1.5004180407066783,False,3
176382_1,176382,1,0.68951616168508,False,3
176382_2,176382,2,27.88583667216342,False,3
176382_3,176382,3,11.773639302635486,False,2
176382_4,176382,4,1.5117419702182437,False,2
37772_1,37772,1,1.4996331847344535,False,3
37772_2,37772,2,10.590051054545752,False,3
37772_3,37772,3,8.973533481825754,False,4
37772_4,37772,4,8.97558288237781,False,3
211526_1,211526,1,0.8957566029193474,False,4
211526_2,211526,2,15.339289307622133,False,4
211526_3,211526,3,2.677334713479903,False,3
211526_4,211526,4,8.305248900852481,False,3
211526_5,211526,5,3.0300042070687043,False,4
211526_6,211526,6,2.9473082550166816,False,4
211526_7,211526,7,3.043286651168064,False,3
177136_1,177136,1,2.8302289056296273,False,3
177136_2,177136,2,8.57557771730433,False,2
177136_3,177136,3,3.8549455670750383,False,3
177136_4,177136,4,4.91962907814491,False,3
71262_1,71262,1,1.4991554667246165,False,3
71262_2,71262,2,1.4420125000774724,False,2
71262_3,71262,3,2.1720779352229336,False,2
71262_4,71262,4,1.5932416224219506,False,3
71262_5,71262,5,12.513149696557232,False,4
71262_6,71262,6,2.2757351193283695,False,4
71262_7,71262,7,18.264543305871076,False,4
71262_8,71262,8,7.439874550964576,False,4
71262_9,71262,9,4.255150796462253,False,3
71262_10,71262,10,13.674723615732734,False,2
71262_11,71262,11,2.2803150556279683,False,2
71262_12,71262,12,0.3409289521676166,False,3
71262_13,71262,13,1.4437419906495774,False,3
2767_1,2767,1,2.767798953142973,False,3
2767_2,2767,2,14.97580231408873,False,2
2767_3,2767,3,1.1557519408667962,False,3
2767_4,2767,4,1.3239237034274043,False,4
2767_5,2767,5,12.874319005570753,False,4
2767_6,2767,6,11.773706470430913,False,3
2767_7,2767,7,2.375780022403423,False,3
2767_8,2767,8,21.962119504042086,False,3
37773_1,37773,1,1.4996010048083883,False,3
37773_2,37773,2,13.673957769153633,False,3
37773_3,37773,3,3.3050622600172317,False,4
37773_4,37773,4,9.96905468268987,False,4
37773_5,37773,5,15.630413387151854,False,4
37773_6,37773,6,2.065109209123861,False,3
437122_1,437122,1,1.4458664364617178,False,2
143234_1,143234,1,3.004694953502762,False,4
143234_2,143234,2,1.4996618394363732,False,3
308751_1,308751,1,1.9476177672419352,False,3
308751_2,308751,2,3.4482338141911018,False,4
308751_3,308751,3,4.125583445402365,False,4
308751_4,308751,4,11.942283272796658,False,3
308751_5,308751,5,1.5472325915731011,False,2
308751_6,308751,6,1.5754210401941986,False,2
308751_7,308751,7,1.5818637642634874,False,3
470705_1,470705,1,0.2221106587013698,False,3
470707_1,470707,1,0.2668230491522954,False,2
470707_2,470707,2,0.29812261913243027,False,2
470707_3,470707,3,0.5783651331992186,False,1
470709_1,470709,1,1.6054073869503696,False,3
470709_2,470709,2,4.045065779400007,False,3
470709_3,470709,3,0.6209659664577144,True,2
470709_4,470709,4,0.10257199884319729,False,3
470711_1,470711,1,1.4793319859959448,False,3
470711_2,470711,2,0.39948459808388415,False,2
470711_3,470711,3,7.9632387234940145,False,3
470711_4,470711,4,1.3789837249341383,False,3
470710_1,470710,1,2.2091740992624205,False,4
470710_2,470710,2,4.626926615439236,False,4
470710_3,470710,3,1.8826341967354243,False,3
470710_4,470710,4,4.520859751512555,False,3
470710_5,470710,5,4.440533018602143,False,3
470710_6,470710,6,4.238251005363015,False,3
470712_1,470712,1,9.396705368783577,False,3
470712_2,470712,2,1.612786939296011,False,3
470712_3,470712,3,12.055326877412035,False,3
470712_4,470712,4,9.7572131755255,False,2
72240_1,72240,1,8.800513709907582,False,3
72240_2,72240,2,4.56122900569972,False,3
72240_3,72240,3,3.3152412155642357,False,4
72240_4,72240,4,9.948880663606133,False,3
72237_1,72237,1,10.033926862344419,False,4
72237_2,72237,2,0.9477506121291499,False,3
72237_3,72237,3,2.6716206430448,False,3
72237_4,72237,4,7.899034900108568,False,3
456171_1,456171,1,14.969118372811357,False,4
456171_2,456171,2,3.0206506030502758,False,3
456171_3,456171,3,0.39149986361346495,False,2
448649_1,448649,1,1.331804631529174,False,4
448649_2,448649,2,1.9837830469670887,False,3
448649_3,448649,3,4.486538029095411,False,3
448649_4,448649,4,5.429346911030941,False,4
448649_5,448649,5,7.055178145001059,False,4
448649_6,448649,6,6.00810724309041,False,4
448649_7,448649,7,7.090301956898119,False,4
448649_8,448649,8,10.460852145502294,False,4
448649_9,448649,9,1.043932639116967,False,4
448649_10,448649,10,3.893559249520753,False,3
448649_11,448649,11,1.468291945567042,False,2
448649_12,448649,12,4.100180128632249,False,2
413298_1,413298,1,1.1665774278494625,False,3
413298_2,413298,2,4.563888895859544,False,4
413298_3,413298,3,1.4926057969138977,False,3
413298_4,413298,4,17.27816811570973,False,3
413298_5,413298,5,7.793759726692406,False,3
413298_6,413298,6,0.9617210720023687,False,2
413298_7,413298,7,1.1686899033462534,False,2
413298_8,413298,8,1.2296083246825893,False,3
413298_9,413298,9,12.25565569705568,False,4
413298_10,413298,10,2.3762628609620076,False,4
413298_11,413298,11,14.253068437121787,False,4
413298_12,413298,12,3.364004726214308,False,4
413298_13,413298,13,16.076523654096675,False,4
413298_14,413298,14,3.058138281612027,False,4
413298_15,413298,15,10.73302566711515,False,3
413298_16,413298,16,3.401001856077499,False,3
413298_17,413298,17,10.467108358930558,False,4
413298_18,413298,18,11.412801504222045,False,4
413298_19,413298,19,7.087996315400131,False,4
413298_20,413298,20,21.842907428018545,False,4
413298_21,413298,21,1.9744234550607291,False,3
177437_1,177437,1,22.30937930026923,False,4
177437_2,177437,2,19.256756792433343,False,4
177437_3,177437,3,9.744871398408058,False,4
177437_4,177437,4,4.628500725852164,False,4
177437_5,177437,5,7.249958211431074,False,4
177437_6,177437,6,9.439468659660243,False,4
177437_7,177437,7,7.813476658177548,False,4
177437_8,177437,8,5.898067408253365,False,3
177437_9,177437,9,1.4999312979013866,False,3
308757_1,308757,1,1.6600105969754937,False,3
308757_2,308757,2,7.271555083332263,False,3
308757_3,308757,3,45.6325629871999,False,4
308757_4,308757,4,42.4597962520882,False,3
308757_5,308757,5,9.529497994953308,False,2
308757_6,308757,6,4.110642099100872,False,2
308757_7,308757,7,6.401309486556304,False,2
308757_8,308757,8,29.68309189403748,False,2
106662_1,106662,1,1.4992260696179207,False,3
106662_2,106662,2,2.4017599706163564,False,2
106662_3,106662,3,3.686714383646388,False,3
106662_4,106662,4,7.075171840740356,False,4
106662_5,106662,5,16.16299987266706,False,4
106662_6,106662,6,4.793278198949763,False,4
106662_7,106662,7,13.533506069455074,False,4
106662_8,106662,8,6.817555190395986,False,3
106662_9,106662,9,3.7708810929176244,False,3
106662_10,106662,10,7.971013890482866,False,3
106662_11,106662,11,3.060530480466355,False,3
106662_12,106662,12,7.88559423393827,False,4
106662_13,106662,13,3.3651517009683807,False,4
106662_14,106662,14,9.083400038207817,False,4
106662_15,106662,15,3.798510037577285,False,4
106662_16,106662,16,12.560296229300123,False,3
106662_17,106662,17,5.173467035713446,False,3
106662_18,106662,18,3.9756494744733306,False,3
106662_19,106662,19,5.719061827319545,False,3
106662_20,106662,20,2.4393530302757345,False,3
106662_21,106662,21,1.8992078602697944,False,2
310508_1,310508,1,1.4995190101920448,False,3
310508_2,310508,2,1.8993437490146898,False,2
310508_3,310508,3,12.779744095384324,False,3
310508_4,310508,4,3.7698108852575243,False,3
310508_5,310508,5,8.778817325409063,False,2
310508_6,310508,6,12.629623542466781,False,3
310508_7,310508,7,1.3621382205950812,False,4
310508_8,310508,8,11.06884587271224,False,4
310508_9,310508,9,40.06211841310919,False,4
310508_10,310508,10,25.591852106169547,False,3
310508_11,310508,11,6.594978029948753,False,2
310508_12,310508,12,1.8564928782315846,False,3
324624_1,324624,1,0.46760020578421374,False,3
324624_2,324624,2,0.24176537727306907,False,2
324624_3,324624,3,3.0018466688147294,True,2
324624_4,324624,4,4.648152045098849,False,3
324624_5,324624,5,0.5962363629468442,False,3
72533_1,72533,1,1.4487411834269686,False,3
72533_2,72533,2,2.9948012903138985,False,4
72533_3,72533,3,11.030442819053249,False,3
72533_4,72533,4,3.4145013522278376,False,3
72533_5,72533,5,1.6246219239939952,False,4
72533_6,72533,6,0.3281314322150999,False,3
72533_7,72533,7,0.7206030764038228,False,3
310513_1,310513,1,1.4029053017916233,False,3
2652_1,2652,1,0.7847246028431641,False,2
2652_2,2652,2,2.49714040324881,False,2
2652_3,2652,3,0.8924212761334872,False,2
2652_4,2652,4,3.5453829667796257,False,2
2652_5,2652,5,3.847148180784216,False,3
2652_6,2652,6,13.333713452407386,False,4
2652_7,2652,7,2.5472942106013536,False,3
2652_8,2652,8,2.3612433945890254,False,2
2652_9,2652,9,0.8292771973299906,False,2
2652_10,2652,10,30.1033969823403,False,3
2652_11,2652,11,3.672256264304924,False,4
2652_12,2652,12,1.4765534353193643,False,3
2652_13,2652,13,1.9106673615508563,False,2
211524_1,211524,1,2.9398728854496743,False,2
211524_2,211524,2,5.243875543377348,False,2
211524_3,211524,3,9.537023180053877,False,3
211524_4,211524,4,3.6478921911940523,False,4
211524_5,211524,5,10.577416037526596,False,4
211524_6,211524,6,8.78623016215125,False,4
211524_7,211524,7,2.5194302504428308,False,4
211524_8,211524,8,8.607599934576296,False,4
211524_9,211524,9,2.179363046497836,False,4
211524_10,211524,10,8.83221842419424,False,3
211524_11,211524,11,4.214077940776069,False,3
211524_12,211524,12,2.943377598884069,False,3
211524_13,211524,13,2.580514826261777,False,3
211524_14,211524,14,14.45891512490496,False,4
211524_15,211524,15,2.7182378839761845,False,4
211524_16,211524,16,16.770229306661065,False,4
211524_17,211524,17,12.090557672210767,False,4
211524_18,211524,18,13.362176464510775,False,4
211524_19,211524,19,2.0659501157528894,False,4
211524_20,211524,20,0.24955230481820487,False,2
211524_21,211524,21,0.5696472395193564,False,3
211524_22,211524,22,12.449472498481498,False,4
211524_23,211524,23,4.4857319259020985,False,3
211524_24,211524,24,1.499556117873984,False,3
211524_25,211524,25,1.3574337075677723,False,3
3989_1,3989,1,3.0346568669077665,False,4
3989_2,3989,2,8.516850265991456,False,4
3989_3,3989,3,0.6353464410505284,False,3
72239_1,72239,1,1.4995747248637326,False,3
72239_2,72239,2,1.8904612040565154,False,3
72239_3,72239,3,2.3773229871517048,False,2
72239_4,72239,4,6.5699899325591815,False,2
72239_5,72239,5,1.202724996037421,False,3
72239_6,72239,6,11.706875596349578,False,4
72239_7,72239,7,12.43803728875641,False,4
72239_8,72239,8,0.8927661139444143,False,4
72239_9,72239,9,12.1254399960185,False,4
72239_10,72239,10,4.1967643024935235,False,4
72239_11,72239,11,1.3825752041756638,False,3
329431_1,329431,1,3.517301923939623,False,2
329431_2,329431,2,2.1340093098736856,True,2
329431_3,329431,3,0.30707591391892397,False,2
329431_4,329431,4,0.34237583432022894,False,2
329431_5,329431,5,1.727257980126466,False,2
329431_6,329431,6,1.3816167833277753,False,3
324783_1,324783,1,2.3301582072781604,False,3
324783_2,324783,2,5.862606387422279,False,2
324783_3,324783,3,5.365884542526053,False,2
324783_4,324783,4,2.505556971001709,False,3
38094_1,38094,1,2.0636957793529587,False,2
38094_2,38094,2,22.361493458835817,False,2
38094_3,38094,3,46.54818256385996,False,2
38094_4,38094,4,29.10693291819822,False,2
38094_5,38094,5,2.3383313781997592,False,5
38094_6,38094,6,10.882061136746875,False,5
38094_7,38094,7,4.813640288354513,False,2
38094_8,38094,8,3.512137381614456,False,2
38094_9,38094,9,1.8145111316695628,False,2
38094_10,38094,10,9.620105832970841,False,2
38094_11,38094,11,2.523853840205441,False,2
38094_12,38094,12,4.192207721170025,False,2
38094_13,38094,13,1.717068501821521,False,3
143236_1,143236,1,1.499680901181036,False,3
143236_2,143236,2,4.104748188290151,False,2
143236_3,143236,3,1.9198651449252797,False,3
143236_4,143236,4,7.32278542550527,False,4
143236_5,143236,5,6.014342599071832,False,3
143236_6,143236,6,1.8303562466197967,False,2
143236_7,143236,7,2.4983603760708464,False,3
143236_8,143236,8,0.22515870814403116,False,4
143236_9,143236,9,0.8849582210117538,False,4
143236_10,143236,10,4.445314739967586,False,4
143236_11,143236,11,8.819977843040581,False,4
143236_12,143236,12,3.4377405237704495,False,4
143236_13,143236,13,1.0876425722718301,False,3
143236_14,143236,14,1.7345212255881648,False,2
143236_15,143236,15,6.672956783588496,False,3
143236_16,143236,16,5.5331354875156995,False,4
143236_17,143236,17,5.084842505092233,False,4
143236_18,143236,18,4.9107161303119575,False,3
143236_19,143236,19,1.4988786332386388,False,3
470714_1,470714,1,0.35240872480216223,False,3
470706_1,470706,1,0.20219823546548457,False,2
470706_2,470706,2,0.6357456029597607,False,2
470706_3,470706,3,0.43619512984690423,False,1
470713_1,470713,1,0.4341550374541779,False,3
470713_2,470713,2,8.246997117617262,False,3
470713_3,470713,3,3.091959596343173,False,4
470713_4,470713,4,0.7004023297644608,False,3
470713_5,470713,5,2.147476247962983,False,3
470713_6,470713,6,9.861039060172006,False,3
470713_7,470713,7,0.34124569924700854,False,3
470713_8,470713,8,2.2268102595292327,False,3
470713_9,470713,9,0.6209801489656676,True,2
470713_10,470713,10,0.32166043528387095,False,3
470708_1,470708,1,0.5134077314870004,False,2
470708_2,470708,2,3.1473041235931576,False,3
470708_3,470708,3,0.6234014926116371,False,4
470715_1,470715,1,12.509815302846379,False,3
470715_2,470715,2,2.052357990775741,False,2
470715_3,470715,3,2.9550510475953584,False,2
470715_4,470715,4,0.43240372725667525,False,2
470715_5,470715,5,0.8812012966347871,False,2
470715_6,470715,6,1.2487896161392615,False,2
324785_1,324785,1,21.18060837629909,False,3
324785_2,324785,2,49.59435848567629,False,3
324785_3,324785,3,3.9492283863708475,False,2
104990_1,104990,1,2.9922858464102853,False,3
104990_2,104990,2,2.0535426216557333,False,3
104990_3,104990,3,5.365759879858686,False,3
104990_4,104990,4,9.551758026839236,False,4
104990_5,104990,5,2.9243862718821747,False,4
104990_6,104990,6,9.368797259006,False,4
104990_7,104990,7,2.6973970477117764,False,4
104990_8,104990,8,14.317701837746977,False,4
104990_9,104990,9,10.017675293654387,False,4
104990_10,104990,10,13.425928137592406,False,4
104990_11,104990,11,19.11955542209934,False,4
104990_12,104990,12,6.1415942245603645,False,4
104990_13,104990,13,3.2041594111101936,False,3
104990_14,104990,14,11.544467946814366,False,2
324802_1,324802,1,1.5375164331777575,False,2
324802_2,324802,2,5.93329657856159,False,2
324802_3,324802,3,2.9015512166336137,False,2
324802_4,324802,4,1.4078194123080368,False,2
308754_1,308754,1,1.1267920028260276,False,3
308754_2,308754,2,1.1169507096889657,False,1
141955_1,141955,1,5.648216102849206,False,4
141955_2,141955,2,8.764034676630544,False,4
141955_3,141955,3,1.6311376103772315,False,4
141955_4,141955,4,9.413252940876065,False,3
141955_5,141955,5,6.105544264967791,False,2
141955_6,141955,6,3.206679145716298,False,3
141955_7,141955,7,1.5000966195766112,False,3
324787_1,324787,1,1.4745724712929535,False,2
324787_2,324787,2,2.0153262230942715,False,2
324787_3,324787,3,1.511133856428729,False,2
324787_4,324787,4,1.7468838853995383,False,3
141956_1,141956,1,0.8928972863081411,False,3
141956_2,141956,2,4.806873544420176,False,2
141956_3,141956,3,3.5311228049860777,False,3
141956_4,141956,4,1.8880604943517354,False,3
141956_5,141956,5,10.847427974687735,False,3
141956_6,141956,6,8.603295124629822,False,3
141956_7,141956,7,9.648738356877113,False,3
141956_8,141956,8,14.434291450073529,False,4
141956_9,141956,9,0.16398881063317355,False,3
36302_1,36302,1,9.532029098945047,False,4
36302_2,36302,2,1.1733766609412573,False,3
36302_3,36302,3,12.37742680894715,False,3
36302_4,36302,4,9.805458745933416,False,3
36302_5,36302,5,1.9003268884111375,False,2
36302_6,36302,6,2.1417134862050253,False,3
324795_1,324795,1,1.5002024023532574,False,3
324795_2,324795,2,1.549259722307794,False,3
324795_3,324795,3,1.6283624419757663,False,3
324795_4,324795,4,4.070378519827253,False,3
324795_5,324795,5,1.9434950261983153,False,4
324795_6,324795,6,18.096812636450167,False,4
324795_7,324795,7,3.8511610568625416,False,4
324795_8,324795,8,2.793462572475435,False,4
324795_9,324795,9,1.7454539274588519,False,4
324795_10,324795,10,8.543147939659365,False,3
324795_11,324795,11,1.8215074009888284,False,2
324798_1,324798,1,12.488857984238646,False,3
324798_2,324798,2,4.740582344493679,False,4
324798_3,324798,3,20.489867536528166,False,4
324798_4,324798,4,2.493678059783493,False,4
324798_5,324798,5,8.308962148741697,False,4
324798_6,324798,6,12.975990064912292,False,4
324798_7,324798,7,1.3564832342447763,False,4
324798_8,324798,8,7.78275058847309,False,4
324798_9,324798,9,6.724484514149213,False,3
324798_10,324798,10,0.43091200897672427,False,3
324798_11,324798,11,9.523175831618154,False,4
324798_12,324798,12,1.884411963823664,False,4
324798_13,324798,13,4.507725401005882,False,4
324798_14,324798,14,4.723552219608552,False,3
324798_15,324798,15,14.82256566733427,False,2
324798_16,324798,16,3.6592527365481793,False,2
324798_17,324798,17,1.8122347666470169,False,2
324798_18,324798,18,0.6753063707576555,False,2
324798_19,324798,19,1.1767005337571026,False,2
71261_1,71261,1,0.9261591117997223,False,2
71261_2,71261,2,16.52006818178011,False,3
71261_3,71261,3,22.206562273587593,False,4
71261_4,71261,4,4.894467384678125,False,4
71261_5,71261,5,29.045827682247854,False,4
71261_6,71261,6,18.175073780802748,False,4
71261_7,71261,7,1.6418703121956029,False,3
71261_8,71261,8,14.026433250875101,False,2
243992_1,243992,1,15.927045732192402,False,4
243992_2,243992,2,0.5319531855477823,False,3
324796_1,324796,1,1.4996037877187385,False,1
324796_2,324796,2,0.5849178334677739,False,2
324796_3,324796,3,1.3967966307765622,False,3
210516_1,210516,1,1.4990214478587607,False,3
210516_2,210516,2,1.9000258305182631,False,2
210516_3,210516,3,12.56912487181594,False,3
210516_4,210516,4,1.4370638695771163,False,4
210516_5,210516,5,10.143798575437122,False,3
210516_6,210516,6,0.1934646990438204,False,3
210516_7,210516,7,4.217551978704874,False,3
210516_8,210516,8,2.620566546545373,False,3
210516_9,210516,9,5.668282847801434,False,3
210516_10,210516,10,0.7676787651256342,False,2
2880_1,2880,1,6.476533935100576,False,3
2880_2,2880,2,11.748735618350713,False,2
2880_3,2880,3,9.652808400636642,False,3
2880_4,2880,4,0.5992059043051103,False,4
2880_5,2880,5,1.9035042917734786,False,4
2880_6,2880,6,0.9912916178789609,False,3
2880_7,2880,7,12.703976519661543,False,3
2880_8,2880,8,5.519731311556851,False,3
142069_1,142069,1,1.499298273715027,False,3
142069_2,142069,2,2.738446059753577,False,3
142069_3,142069,3,4.864487608275791,False,4
142069_4,142069,4,10.857993435198026,False,3
142069_5,142069,5,2.842113572074286,False,3
142069_6,142069,6,10.894182730299491,False,4
142069_7,142069,7,1.5069615398443201,False,4
142069_8,142069,8,9.183169998182361,False,4
142069_9,142069,9,0.808999436958798,False,3
142069_10,142069,10,4.23345645190135,False,3
142069_11,142069,11,6.031761875752086,False,3
142069_12,142069,12,1.5000583415304671,False,3
324786_1,324786,1,5.523475962218527,False,3
324786_2,324786,2,5.2778410694163505,False,4
324786_3,324786,3,0.9691954855124842,False,3
324786_4,324786,4,2.962244841588192,False,2
141950_1,141950,1,1.9001987239111418,False,2
141950_2,141950,2,4.129986629212383,False,3
141950_3,141950,3,0.8047958032533128,False,4
141950_4,141950,4,11.282574007660495,False,4
141950_5,141950,5,3.089718740073582,False,4
141950_6,141950,6,2.3822623954410895,False,4
141950_7,141950,7,7.973376004020246,False,4
141950_8,141950,8,4.880597909086194,False,4
141950_9,141950,9,3.976761098030465,False,4
141950_10,141950,10,3.749153130575048,False,3
141950_11,141950,11,1.4993046224101099,False,3
141950_12,141950,12,1.500245820647986,False,3
141950_13,141950,13,4.205225413180397,False,2
141950_14,141950,14,3.123812006217103,False,3
141950_15,141950,15,15.403660914625174,False,4
3702_1,3702,1,3.563558339666292,False,4
3702_2,3702,2,3.748341857730363,False,4
3702_3,3702,3,3.6259565810395133,False,3
3702_4,3702,4,4.4652297583835425,False,2
3702_5,3702,5,1.4995467983525204,False,2
329428_1,329428,1,1.760967345579466,False,3
329428_2,329428,2,1.066143964934672,False,4
329428_3,329428,3,2.7155602260353175,False,3
329428_4,329428,4,1.658247634074882,False,2
329428_5,329428,5,0.770153746107215,False,2
142052_1,142052,1,3.5396039742634113,False,2
142052_2,142052,2,30.221668749752638,False,2
142052_3,142052,3,2.160331971158377,False,2
142052_4,142052,4,0.3400546265961081,False,2
329430_1,329430,1,1.4711158290417077,False,2
329430_2,329430,2,2.6900076512494935,False,2
329430_3,329430,3,2.5499651395985192,False,2
329430_4,329430,4,1.2661351093365183,False,2
308756_1,308756,1,1.7523979077549703,False,3
308756_2,308756,2,12.161918580372257,False,3
308756_3,308756,3,27.378121364777712,False,4
308756_4,308756,4,13.699705569051249,False,3
308756_5,308756,5,21.00202103446395,False,2
308756_6,308756,6,0.905873196086028,False,2
308756_7,308756,7,1.8979235037666649,False,2
308756_8,308756,8,0.5321502914147095,False,2
415362_1,415362,1,6.22245345704717,False,3
415363_1,415363,1,1.4994569176203978,False,3
415363_2,415363,2,0.8681929631896741,False,2
415363_3,415363,3,2.8032823313319954,False,2
324782_1,324782,1,1.557924299083097,False,1
324782_2,324782,2,1.2398156135685596,False,3
143189_1,143189,1,1.1232911706191007,False,3
143189_2,143189,2,7.695364880210991,False,3
143189_3,143189,3,3.719054695713715,False,3
143189_4,143189,4,9.303635897798344,False,2
324625_1,324625,1,6.349112532345996,False,2
324625_2,324625,2,6.285901861085853,False,2
324625_3,324625,3,2.150323247814288,False,2
324625_4,324625,4,9.779764789241034,False,2
324625_5,324625,5,1.8117571938283181,False,2
324625_6,324625,6,3.1956715327753087,False,2
324625_7,324625,7,2.8473816673608754,False,2
324625_8,324625,8,27.099635425500896,False,2
308755_1,308755,1,13.91708668716322,False,3
308755_2,308755,2,2.6003977030487375,False,4
308755_3,308755,3,7.8973336876763325,False,4
308755_4,308755,4,3.519243856587392,False,4
308755_5,308755,5,10.661982197228673,False,4
267360_1,267360,1,2.76240334680581,False,3
267360_2,267360,2,0.49232808940693273,False,2
267360_3,267360,3,1.6641164343109904,False,2
267360_4,267360,4,1.2001290346360387,False,1
7162_1,7162,1,3.1111845819221178,False,1
7162_2,7162,2,1.3710473079789431,False,3
7162_3,7162,3,9.766954404244718,False,3
7162_4,7162,4,0.7626013449074284,False,4
7162_5,7162,5,0.15055875443328795,False,4
7162_6,7162,6,0.9133171011246474,False,2
7162_7,7162,7,4.208786830658378,False,2
7162_8,7162,8,0.9396455920858233,False,2
7162_9,7162,9,0.06211353779116737,False,4
7162_10,7162,10,0.8782922037934171,False,4
7162_11,7162,11,0.9393927989796066,False,2
7162_12,7162,12,8.523110069657447,False,3
7162_13,7162,13,0.3579937080578166,False,3
7162_14,7162,14,0.6618311535404511,False,2
7162_15,7162,15,0.6718405378807999,False,3
141947_1,141947,1,2.984346331271005,False,3
141947_2,141947,2,6.100614486900953,False,4
141947_3,141947,3,0.8827845592009501,False,2
141947_4,141947,4,1.4998938945207274,False,3
141947_5,141947,5,2.5580517768633806,False,2
329429_1,329429,1,2.5521379361552525,False,3
329429_2,329429,2,1.697165190869993,False,3
175753_1,175753,1,33.95166297714765,False,2
175753_2,175753,2,40.06788410820685,False,2
175753_3,175753,3,95.75596309215345,False,2
175753_4,175753,4,0.6740339228741261,False,2
175747_1,175747,1,11.7539140783142,False,1
175747_2,175747,2,6.498379554768464,False,2
71432_1,71432,1,1.4993884395949242,False,3
71432_2,71432,2,1.4453298268364074,False,2
71432_3,71432,3,1.694410196313461,False,2
71432_4,71432,4,4.83944015431533,False,3
71432_5,71432,5,11.280250661015167,False,3
71432_6,71432,6,3.1684224272612833,False,3
71432_7,71432,7,21.870433238296584,False,3
175889_1,175889,1,2.2441072345309023,False,4
175889_2,175889,2,0.01256643100666421,False,3
175889_3,175889,3,15.003257276080388,False,4
175889_4,175889,4,2.8193822943499693,False,3
175889_5,175889,5,2.754921817174559,False,3
308699_1,308699,1,9.796938213276565,False,3
308699_2,308699,2,3.0318986460114576,False,4
308699_3,308699,3,0.5095968072642305,False,3
308699_4,308699,4,0.7393213462210966,False,2
308699_5,308699,5,0.7212619844345245,False,2
210463_1,210463,1,1.5000466692670782,False,3
210463_2,210463,2,0.7709787269717631,False,2
210463_3,210463,3,0.9035556501424175,False,2
210463_4,210463,4,18.43116806271032,False,3
210463_5,210463,5,6.27784709537617,False,5
210463_6,210463,6,1.253994199354541,False,3
2778_1,2778,1,3.2803131331907958,False,3
2778_2,2778,2,10.56189853623167,False,3
2778_3,2778,3,7.113978321970211,False,3
36459_1,36459,1,1.4995303456856115,False,2
36459_2,36459,2,4.29514860000502,False,3
36459_3,36459,3,9.612361116669588,False,3
2779_1,2779,1,7.567964306580033,False,3
2779_2,2779,2,5.817708598997096,False,3
2779_3,2779,3,0.8417311457139457,False,3
2779_4,2779,4,7.452720605517033,False,2
2779_5,2779,5,7.968288027301848,False,2
2779_6,2779,6,0.7337176527608851,False,2
2835_1,2835,1,5.686360206350468,False,4
2835_2,2835,2,4.936447933144825,False,4
2835_3,2835,3,3.0108763252708157,False,4
2835_4,2835,4,5.965511661770691,False,4
2835_5,2835,5,0.3863011931192021,False,3
210462_1,210462,1,1.4992571365749674,False,3
210462_2,210462,2,3.032561061260981,False,2
210462_3,210462,3,4.383191390241828,False,2
210462_4,210462,4,1.4995493292989475,False,2
105151_1,105151,1,3.8079898631490696,False,3
105151_2,105151,2,1.7551177673821736,False,3
105151_3,105151,3,15.168411958395465,False,3
105151_4,105151,4,24.20015244715952,False,3
105151_5,105151,5,8.349369313662182,False,2
105151_6,105151,6,1.4989101187036968,False,3
105151_7,105151,7,2.9075881598571858,False,4
105151_8,105151,8,1.2720607343470212,False,3
105151_9,105151,9,1.5379354401064749,False,2
105151_10,105151,10,3.257523678963957,False,2
105151_11,105151,11,1.5306686605330029,False,2
105151_12,105151,12,42.51682695235217,False,3
105151_13,105151,13,2.154026923455651,False,3
105151_14,105151,14,1.6461461146538179,False,3
105151_15,105151,15,1.465842401521886,False,3
142051_1,142051,1,28.466453139675927,False,2
142051_2,142051,2,93.36476766202735,False,2
36458_1,36458,1,14.314341283065755,False,2
2838_1,2838,1,49.67117860228196,False,2
2838_2,2838,2,1.6875579403777208,False,2
2838_3,2838,3,4.755144192181253,False,2
299700_1,299700,1,50.90756556450836,False,2
299700_2,299700,2,69.54787171242931,False,2
299700_3,299700,3,146.042114166149,False,2
175927_1,175927,1,7.252121369939285,False,3
175927_2,175927,2,3.9639669197781693,False,3
193326_1,193326,1,1.0696628326766242,False,3
193326_2,193326,2,12.828028120995365,False,2
193326_3,193326,3,5.481878427742451,False,3
193326_4,193326,4,3.8131594265053588,False,3
193326_5,193326,5,5.653438418675802,False,2
193326_6,193326,6,2.8648567157876097,False,3
193326_7,193326,7,4.200014462863979,False,3
193326_8,193326,8,1.3396097546100676,False,3
193326_9,193326,9,0.551614972271527,False,3
193326_10,193326,10,3.849477628715369,False,2
193326_11,193326,11,4.304850067248793,False,2
193326_12,193326,12,3.102683251420317,False,3
193326_13,193326,13,0.7490178063216766,False,3
193326_14,193326,14,1.4227155482425542,False,3
193326_15,193326,15,1.4341308588446333,False,3
193326_16,193326,16,3.1903732673823844,False,2
193326_17,193326,17,1.3677438477687502,False,2
193326_18,193326,18,2.727515466019509,False,2
193326_19,193326,19,0.9538742282096985,False,2
193326_20,193326,20,3.6866296169942308,False,2
193326_21,193326,21,2.896311012903347,False,2
193326_22,193326,22,2.398425335299887,False,3
193326_23,193326,23,4.314623361390222,False,3
193326_24,193326,24,2.992489540080976,False,3
193326_25,193326,25,2.4570062049889376,False,3
193326_26,193326,26,6.346789445496882,False,2
193326_27,193326,27,4.4484295031636405,False,2
193326_28,193326,28,2.5864844167928744,False,3
193326_29,193326,29,1.762571580068081,False,4
193326_30,193326,30,0.5986778258518525,False,3
193326_31,193326,31,6.794586954813228,False,2
193326_32,193326,32,7.845013268075152,False,2
193326_33,193326,33,6.83882608719772,False,3
193326_34,193326,34,2.7027021051731612,False,3
193326_35,193326,35,6.9283501147543145,False,3
193326_36,193326,36,9.871094642317741,False,3
193326_37,193326,37,1.4575330947785736,False,2
36405_1,36405,1,3.954789400468011,False,4
36405_2,36405,2,6.770209316006629,False,3
36405_3,36405,3,8.132271149518832,False,2
142067_1,142067,1,8.731978962198212,False,4
142067_2,142067,2,4.3667217014747255,False,3
244040_1,244040,1,3.3069780513641476,False,3
244040_2,244040,2,7.113266722987609,False,2
244040_3,244040,3,7.698757570169152,False,3
244040_4,244040,4,9.92681131912575,False,4
244040_5,244040,5,11.882024443044738,False,3
299726_1,299726,1,1.1180890020819478,False,3
299726_2,299726,2,10.389365907150358,False,4
299726_3,299726,3,2.409559407827076,False,3
299726_4,299726,4,1.7490081190046518,False,2
299726_5,299726,5,2.4313655623477652,False,2
243988_1,243988,1,7.0529357417461505,False,4
243988_2,243988,2,6.009363690566691,False,4
243988_3,243988,3,3.4119284342926726,False,3
243988_4,243988,4,6.105295195262124,False,2
71430_1,71430,1,1.1729005927469596,False,3
71430_2,71430,2,1.7568126338456895,False,2
71430_3,71430,3,1.046831745667786,False,2
71430_4,71430,4,0.7652035972831687,False,2
71430_5,71430,5,14.057854787773492,False,3
71430_6,71430,6,4.491541847135733,False,4
71430_7,71430,7,5.096299473342349,False,4
71430_8,71430,8,1.5181132238292563,False,3
2777_1,2777,1,14.035067033181564,False,4
2777_2,2777,2,1.2970265853881109,False,3
2774_1,2774,1,7.194269778454015,False,4
2774_2,2774,2,8.01148048872944,False,4
2774_3,2774,3,1.3483082689843324,False,3
324893_1,324893,1,3.707512355773236,False,3
324893_2,324893,2,0.7864068556781884,False,3
324893_3,324893,3,11.540112447960901,False,2
324893_4,324893,4,7.774503126763419,False,3
324893_5,324893,5,7.603222507222944,False,4
324893_6,324893,6,13.202472142624396,False,4
324893_7,324893,7,9.318831885964942,False,4
324893_8,324893,8,21.411684662623227,False,3
324893_9,324893,9,16.38757544085716,False,3
324893_10,324893,10,7.6154554567067185,False,4
324893_11,324893,11,16.677406451928242,False,4
324893_12,324893,12,3.674430074256362,False,4
324893_13,324893,13,25.018985698445174,False,3
324893_14,324893,14,3.495517620893444,False,2
324893_15,324893,15,2.1265924115091126,False,2
324893_16,324893,16,1.519949510697524,False,3
324893_17,324893,17,1.905643200658235,False,3
324893_18,324893,18,5.305899844458414,False,3
324893_19,324893,19,14.76748973893639,False,4
324893_20,324893,20,11.555682715693518,False,3
324893_21,324893,21,2.1174156302728,False,3
324893_22,324893,22,9.370259933932573,False,3
324893_23,324893,23,2.666941549834796,False,3
324893_24,324893,24,15.311774798990944,False,3
324893_25,324893,25,1.8183854756570685,False,2
324893_26,324893,26,8.427439627954731,False,3
324893_27,324893,27,5.953959989524525,False,3
324893_28,324893,28,6.00320676413665,False,3
324893_29,324893,29,2.3369449402000773,False,4
324893_30,324893,30,2.197782212130756,False,3
324893_31,324893,31,16.909038040736842,False,2
324893_32,324893,32,1.6113870876774785,False,3
324893_33,324893,33,3.6993967259771816,False,4
324893_34,324893,34,2.8215730660045004,False,3
324893_35,324893,35,2.1706438037645857,False,3
324893_36,324893,36,4.045306783279895,False,3
105152_1,105152,1,5.944719937278144,False,3
105152_2,105152,2,20.037145738417703,False,4
105152_3,105152,3,1.2678480810243717,False,3
105152_4,105152,4,7.635211600841297,False,3
105152_5,105152,5,8.416041993082517,False,4
105152_6,105152,6,13.63518309496967,False,3
105152_7,105152,7,4.225976156114505,False,2
105152_8,105152,8,1.2440701013238686,False,2
105152_9,105152,9,1.499747722780643,False,3
299727_1,299727,1,6.322879577225574,False,3
299727_2,299727,2,21.878520554296998,False,3
299727_3,299727,3,5.35934252072171,False,3
299727_4,299727,4,16.82916309384337,False,4
299727_5,299727,5,11.693564396672855,False,4
299727_6,299727,6,4.218153781376301,False,4
299727_7,299727,7,7.18611535200426,False,3
299727_8,299727,8,24.744924355712655,False,3
299727_9,299727,9,11.81891228894372,False,4
299727_10,299727,10,9.709979080163434,False,4
299727_11,299727,11,6.546012869657957,False,3
299727_12,299727,12,2.7574797707665226,False,2
299727_13,299727,13,5.0816109906566735,False,2
71373_1,71373,1,8.235281850169732,False,4
71373_2,71373,2,6.61799697564154,False,4
71373_3,71373,3,1.7190413623781355,False,3
244041_1,244041,1,0.8890995945908313,False,3
244041_2,244041,2,1.1144665361983008,False,2
244041_3,244041,3,5.463675230767392,False,3
244041_4,244041,4,2.481396173276615,False,3
244041_5,244041,5,9.059993480762598,False,2
244041_6,244041,6,3.5266828864806934,False,3
243989_1,243989,1,5.6239540966184824,False,3
243989_2,243989,2,5.23876325987208,False,3
243989_3,243989,3,1.291825471328753,False,2
105150_1,105150,1,17.85717369111325,False,4
105150_2,105150,2,2.883616192966995,False,4
105150_3,105150,3,1.202446239895244,False,3
105150_4,105150,4,6.642489479412369,False,2
105150_5,105150,5,1.7630881108374556,False,2
142123_1,142123,1,6.268958383411276,False,2
142123_2,142123,2,1.4603294124300275,False,4
142123_3,142123,3,5.182823188106473,False,3
142123_4,142123,4,4.218726316921315,False,3
142123_5,142123,5,4.661512573799645,False,4
142123_6,142123,6,3.1143416697938853,False,3
142123_7,142123,7,8.894650513294978,False,2
142123_8,142123,8,15.768061417306203,False,3
142123_9,142123,9,3.2012995450696278,False,3
324892_1,324892,1,1.7819098058954235,False,2
324892_2,324892,2,2.3123130563693266,False,2
324892_3,324892,3,2.1257264934181124,False,3
324892_4,324892,4,2.0380447412324054,False,3
324892_5,324892,5,2.2310679348084244,False,2
324892_6,324892,6,1.5078397830755965,False,2
299728_1,299728,1,4.737966513078369,False,2
299697_1,299697,1,1.4944412823343396,False,3
299697_2,299697,2,1.3991900424351118,False,2
214951_1,214951,1,1.4009342436490717,False,3
214951_2,214951,2,0.683776802265742,False,2
214951_3,214951,3,0.8663460243481823,False,2
214951_4,214951,4,0.9876713599021294,False,2
214951_5,214951,5,0.5531485080619913,False,2
214951_6,214951,6,1.368970338636724,False,2
214951_7,214951,7,1.8244745758900447,False,2
214951_8,214951,8,1.3846166893289393,False,2
214951_9,214951,9,3.402896415311925,False,2
214951_10,214951,10,2.47712072909903,False,3
214951_11,214951,11,4.009829007768568,False,3
214951_12,214951,12,10.838845838768576,False,3
214951_13,214951,13,2.6876588770302514,False,4
214951_14,214951,14,2.121120265215552,False,3
324891_1,324891,1,2.1687489987184247,False,4
299699_1,299699,1,1.1632068526850021,False,2
299699_2,299699,2,1.0258548396157838,False,2
299699_3,299699,3,1.8048365126502184,False,2
463697_1,463697,1,7.382798755143209,False,4
463697_2,463697,2,5.074184927869141,False,4
463697_3,463697,3,7.319774793235241,False,4
463697_4,463697,4,3.9648216390123303,False,4
463697_5,463697,5,8.137161097969189,False,4
463697_6,463697,6,1.942351742786322,False,4
463697_7,463697,7,0.5343975991581226,False,4
463697_8,463697,8,7.077379530576978,False,4
463697_9,463697,9,1.1303556345711359,False,3
463668_1,463668,1,12.263491349128401,False,3
463668_2,463668,2,0.8403432493779206,False,3
463668_3,463668,3,1.1312961360411629,False,3
463668_4,463668,4,4.218895956680161,False,4
463668_5,463668,5,8.349197487144576,False,4
463668_6,463668,6,5.346134307813016,False,4
463668_7,463668,7,13.610219178527066,False,4
71476_1,71476,1,1.6913285025551115,False,3
71476_2,71476,2,2.6625149288927723,False,2
71476_3,71476,3,1.0625269498952452,False,2
71476_4,71476,4,7.850740989909271,False,2
71476_5,71476,5,1.4479435177803495,False,3
71476_6,71476,6,0.9664732631663376,False,4
71476_7,71476,7,0.7930861632451398,False,3
71476_8,71476,8,14.119924785849955,False,2
71476_9,71476,9,36.744747817552955,False,2
71476_10,71476,10,3.9999306688186556,False,2
71476_11,71476,11,1.5384974562417748,False,3
308892_1,308892,1,3.0702202477641607,False,2
308892_2,308892,2,81.22573318206378,False,2
308892_3,308892,3,1.691014659398384,False,3
308892_4,308892,4,26.27214743026297,False,4
308892_5,308892,5,4.103911143682135,False,4
308892_6,308892,6,22.70276049912802,False,4
308892_7,308892,7,0.31911463973104964,False,3
308892_8,308892,8,2.560356323952117,False,2
308892_9,308892,9,1.535431020859991,False,3
308892_10,308892,10,2.029509581635331,False,4
308892_11,308892,11,0.7468028789979405,False,3
308892_12,308892,12,1.1846286410942322,False,2
308892_13,308892,13,1.2126708245039937,False,3
308892_14,308892,14,26.309009522654144,False,3
308892_15,308892,15,2.516262404868771,False,2
308891_1,308891,1,3.0200715551439568,False,3
308891_2,308891,2,26.83621901277647,False,2
308960_1,308960,1,1.5305713245208556,False,2
308960_2,308960,2,1.2825947339490171,False,3
308960_3,308960,3,6.522141278821118,False,4
308960_4,308960,4,5.3047058069535975,False,4
308960_5,308960,5,1.0096847817652461,False,4
308960_6,308960,6,10.51880604067724,False,4
308960_7,308960,7,11.549634026381684,False,3
308960_8,308960,8,4.6386756274178085,False,2
452817_1,452817,1,2.1559227029404524,False,3
452817_2,452817,2,21.50996697106739,False,2
452817_3,452817,3,3.6949018668336544,False,3
452817_4,452817,4,1.5207986652657994,False,3
308923_1,308923,1,1.5024600012869842,False,3
308923_2,308923,2,3.616958395478122,False,3
308923_3,308923,3,3.465423121898094,False,3
308923_4,308923,4,1.4991946236018874,False,2
308923_5,308923,5,3.0524482987691814,False,3
308923_6,308923,6,16.44306515227584,False,4
308923_7,308923,7,1.4990091378122457,False,3
308923_8,308923,8,1.4143226989576014,False,3
308923_9,308923,9,10.739720359633019,False,3
308923_10,308923,10,1.3690670919630388,False,3
308923_11,308923,11,1.4700818710745451,False,3
308923_12,308923,12,2.431962771906228,False,2
308923_13,308923,13,0.9598496208691318,False,3
308923_14,308923,14,8.455677698600326,False,3
308923_15,308923,15,1.624716622307486,False,3
308923_16,308923,16,0.6999100973482136,False,4
308923_17,308923,17,2.3276845324316766,False,3
308923_18,308923,18,9.342537875908818,False,3
308923_19,308923,19,0.8048415734918567,False,4
308923_20,308923,20,10.05916770690614,False,3
308923_21,308923,21,1.6025163563214435,False,3
308923_22,308923,22,0.7547997138903876,False,3
308923_23,308923,23,0.3409217468107927,False,3
308923_24,308923,24,10.214876437143836,False,4
308923_25,308923,25,9.411152891326456,False,3
308923_26,308923,26,8.18108642575146,False,2
176381_1,176381,1,1.0231391919443968,False,3
176381_2,176381,2,1.0681673196051213,False,2
176381_3,176381,3,1.5711589357849323,False,2
176381_4,176381,4,2.3634036888257577,False,2
176381_5,176381,5,12.711963811067195,False,4
176381_6,176381,6,0.03994544810404994,False,3
176381_7,176381,7,15.921385413308867,False,4
176381_8,176381,8,3.084814607666908,False,3
176381_9,176381,9,3.0616732425229465,False,3
176381_10,176381,10,0.42735383618380995,False,2
176381_11,176381,11,1.8995705336181572,False,2
176381_12,176381,12,1.4997937396850483,False,1
308936_1,308936,1,0.7061279748996012,False,2
308936_2,308936,2,1.432701257275551,False,2
308936_3,308936,3,1.3216801417179893,False,2
308936_4,308936,4,1.4577781504744998,False,2
308936_5,308936,5,1.6726352338303916,False,3
308936_6,308936,6,0.5629063250727205,False,3
308937_1,308937,1,1.329685571900855,False,3
308937_2,308937,2,24.631418677318436,False,2
308937_3,308937,3,6.593538155981918,False,2
308937_4,308937,4,12.853342761753733,False,3
308937_5,308937,5,11.342624966630893,False,3
308937_6,308937,6,1.1571339910374867,False,3
308937_7,308937,7,13.709741825217275,False,3
308959_1,308959,1,0.591846186115921,False,2
308959_2,308959,2,1.6852796938278545,False,2
308959_3,308959,3,0.7667891657326341,False,2
2879_1,2879,1,6.784992725514678,False,3
2879_2,2879,2,4.958629613589159,False,4
2879_3,2879,3,15.797251159822672,False,2
176383_1,176383,1,1.9011325031473811,False,3
176383_2,176383,2,13.283716856654445,False,3
176383_3,176383,3,4.489504575901067,False,3
308927_1,308927,1,0.8489567283156176,False,2
308927_2,308927,2,1.2511829240644303,False,2
308927_3,308927,3,28.958923602610277,False,3
308927_4,308927,4,2.182186523607668,False,3
308927_5,308927,5,0.9878691733709646,False,2
308927_6,308927,6,0.9188805005502566,False,2
308955_1,308955,1,18.129654126824867,False,3
308955_2,308955,2,9.204326391260162,False,3
308926_1,308926,1,3.212134705885364,False,3
308926_2,308926,2,12.761409779565017,False,4
308926_3,308926,3,8.208320801283326,False,4
308926_4,308926,4,16.172266042914433,False,4
308926_5,308926,5,7.674344418577839,False,3
308926_6,308926,6,17.774933606885835,False,3
308926_7,308926,7,4.628637462810852,False,3
308926_8,308926,8,1.4815634694704423,False,3
308962_1,308962,1,2.7086510739823244,False,2
308962_2,308962,2,6.18716754695701,False,3
308962_3,308962,3,1.2964906352153966,False,4
308962_4,308962,4,0.36346203842112657,False,3
308962_5,308962,5,0.7750189366354375,False,2
308962_6,308962,6,9.336886431360979,False,3
308962_7,308962,7,2.301717118509197,False,4
308962_8,308962,8,0.4465084594160533,False,3
308962_9,308962,9,0.6920707624800599,False,2
308962_10,308962,10,9.404814101012608,False,3
308962_11,308962,11,1.1382872658669947,False,3
308962_12,308962,12,0.18580309574945728,False,3
308962_13,308962,13,1.0542533640801912,False,3
308962_14,308962,14,8.757580045844833,False,3
308962_15,308962,15,1.1384556343736667,False,3
308962_16,308962,16,12.59046417301483,False,3
308962_17,308962,17,1.3457389244809494,False,3
308962_18,308962,18,1.3493919012691176,False,3
308962_19,308962,19,1.1496334711163907,False,4
308962_20,308962,20,0.9560031286331463,False,3
308962_21,308962,21,1.1674051745002736,False,2
308962_22,308962,22,4.330110387688192,False,3
308962_23,308962,23,0.9745549949772431,False,2
142068_1,142068,1,8.622519299650751,False,4
142068_2,142068,2,0.9890020294934584,False,3
308961_1,308961,1,0.5917901760759875,False,2
308961_2,308961,2,1.7330598932644192,False,2
308961_3,308961,3,0.7050091580546335,False,2
308956_1,308956,1,0.6518055744461906,False,2
308956_2,308956,2,1.432170414508884,False,2
308956_3,308956,3,1.66696470111064,False,2
308957_1,308957,1,1.0177361217003182,False,3
308957_2,308957,2,0.825731620786239,False,2
308957_3,308957,3,0.747556311915349,False,2
308957_4,308957,4,0.644815102569239,False,2
308957_5,308957,5,0.6431962976156799,False,2
308957_6,308957,6,0.5429359937431476,False,2
210518_1,210518,1,1.4995894874443352,False,3
210518_2,210518,2,1.8994312159206173,False,2
210518_3,210518,3,11.468480168009842,False,3
210518_4,210518,4,0.8796921626221039,False,4
210518_5,210518,5,4.644621248266474,False,4
210518_6,210518,6,6.418800252470369,False,4
210518_7,210518,7,0.7401347378292571,False,4
210518_8,210518,8,14.493862224866339,False,4
210518_9,210518,9,0.85877662027843,False,3
308935_1,308935,1,0.42032189579157697,False,2
308935_2,308935,2,0.6614643807157337,False,3
308935_3,308935,3,28.52868360881594,False,3
210515_1,210515,1,1.1595712296753171,False,2
210515_2,210515,2,108.86220920476983,False,2
210515_3,210515,3,1.4989640655786267,False,3
210515_4,210515,4,2.044081184022442,False,3
210515_5,210515,5,4.930368328264319,False,3
210515_6,210515,6,9.973332123093892,False,3
210515_7,210515,7,4.952644033405383,False,2
308925_1,308925,1,1.213254481514622,False,2
308925_2,308925,2,9.792350983496634,False,3
308925_3,308925,3,1.2352490876496753,False,3
308925_4,308925,4,0.8598679009469807,False,2
308925_5,308925,5,17.674311996946557,False,2
308925_6,308925,6,4.580654421787824,False,3
308925_7,308925,7,1.7350050038544071,False,3
308925_8,308925,8,1.4996262861193719,False,3
308925_9,308925,9,0.8697184521944566,False,4
308925_10,308925,10,3.004003573009578,False,3
308925_11,308925,11,1.4994148269155103,False,2
308925_12,308925,12,1.8992677939448537,False,2
308925_13,308925,13,1.3286676885195263,False,3
308925_14,308925,14,7.402415841618752,False,4
308925_15,308925,15,14.773517682882167,False,4
308925_16,308925,16,4.126753370314069,False,3
308925_17,308925,17,11.344587589915955,False,3
308925_18,308925,18,22.742295129656124,False,4
308925_19,308925,19,5.047326372241136,False,3
308925_20,308925,20,4.1338066611773385,False,2
308925_21,308925,21,1.3801129157029821,False,3
308925_22,308925,22,3.3275204141456594,False,4
308925_23,308925,23,1.0540031827109495,False,3
308925_24,308925,24,4.4323730796502785,False,2
308925_25,308925,25,6.750210787284598,False,3
308925_26,308925,26,33.62709424625234,False,4
308925_27,308925,27,14.02147169977274,False,4
308925_28,308925,28,4.876093354862036,False,3
308958_1,308958,1,5.135891410998483,False,3
308958_2,308958,2,10.24987621628094,False,4
308958_3,308958,3,13.04818451186938,False,4
308958_4,308958,4,13.31321859923393,False,4
308958_5,308958,5,9.791916944742548,False,4
308958_6,308958,6,4.711080954693019,False,4
308958_7,308958,7,3.6721814401783215,False,3
308958_8,308958,8,3.9723138021214606,False,2
308958_9,308958,9,1.066497311086736,False,2
308958_10,308958,10,2.0418698965555757,False,3
308958_11,308958,11,1.2010836221422998,False,3
308958_12,308958,12,4.5379218235390635,False,2
308958_13,308958,13,26.8988379339143,False,3
308958_14,308958,14,13.068557188232296,False,4
308958_15,308958,15,1.4941643676806884,False,4
308958_16,308958,16,0.8306747005385943,False,3
308958_17,308958,17,1.6631740994299535,False,2
308958_18,308958,18,10.650684408118764,False,3
308958_19,308958,19,5.962904442311165,False,4
308958_20,308958,20,7.560436138217565,False,3
308958_21,308958,21,0.9984964112159602,False,3
308958_22,308958,22,4.918747582288343,False,3
308958_23,308958,23,21.370773728623554,False,3
308958_24,308958,24,2.1782857132029885,False,3
308958_25,308958,25,6.58932551510797,False,2
308958_26,308958,26,2.9586600462217176,False,2
308958_27,308958,27,2.9244979472841464,False,3
308958_28,308958,28,1.2737904104769682,False,4
308958_29,308958,29,41.114485172554836,False,3
308958_30,308958,30,7.905610170755193,False,3
308958_31,308958,31,7.585225881643329,False,3
308958_32,308958,32,1.4991859362975017,False,3
308958_33,308958,33,31.319407336074736,False,4
308958_34,308958,34,8.742909870212863,False,4
308958_35,308958,35,11.737512740350482,False,4
308958_36,308958,36,8.249067749492994,False,4
308958_37,308958,37,2.7599491851564717,False,3
308958_38,308958,38,10.425533551759386,False,2
308958_39,308958,39,5.401337049211542,False,3
308958_40,308958,40,20.063283204556118,False,4
308958_41,308958,41,8.557283513893704,False,4
308958_42,308958,42,0.609911872719643,False,3
71477_1,71477,1,1.7824610079420888,False,2
71477_2,71477,2,2.6791027591924728,False,3
71477_3,71477,3,2.1931165645959987,False,3
71477_4,71477,4,5.648088915335856,False,2
71477_5,71477,5,1.1707419479472687,False,2
36408_1,36408,1,4.575274414145472,False,4
36408_2,36408,2,0.7294842862999108,False,3
244090_1,244090,1,1.4989784865669225,False,3
244090_2,244090,2,1.8996968641225411,False,2
244090_3,244090,3,5.335859557035426,False,2
244090_4,244090,4,4.745662664304638,False,3
244090_5,244090,5,13.922623319105245,False,4
142174_1,142174,1,16.566715866969837,False,3
142174_2,142174,2,9.17326463488648,False,4
142174_3,142174,3,2.8534318342570186,False,4
142174_4,142174,4,1.4717100631904703,False,4
142174_5,142174,5,16.609701923134697,False,3
142174_6,142174,6,2.1525436930041737,False,3
142174_7,142174,7,14.104272073176917,False,4
142174_8,142174,8,22.860555699813666,False,4
142174_9,142174,9,1.640623921300902,False,3
142174_10,142174,10,2.5692728152554296,False,2
142174_11,142174,11,1.1282505213405887,False,3
142174_12,142174,12,1.498739129309462,False,3
142174_13,142174,13,44.0346292167693,False,2
142174_14,142174,14,1.1879428985308644,False,2
142174_15,142174,15,0.4193495791233992,False,2
142174_16,142174,16,1.8996608696981565,False,2
142174_17,142174,17,1.499450190457931,False,3
244092_1,244092,1,1.4996528309157893,False,3
244092_2,244092,2,1.7174066209813168,False,3
244092_3,244092,3,1.2549854199213006,False,3
244092_4,244092,4,0.2415378753560629,False,2
244092_5,244092,5,8.075822049059003,False,3
244092_6,244092,6,1.723654842037302,False,4
244092_7,244092,7,1.451705233337716,False,3
244092_8,244092,8,3.3653200985988256,False,3
244092_9,244092,9,19.655863972921217,False,4
244092_10,244092,10,5.735231283691501,False,4
244092_11,244092,11,4.850733247991231,False,4
244092_12,244092,12,12.120728437138666,False,3
244092_13,244092,13,1.4610665154982416,False,3
244092_14,244092,14,9.831766898255923,False,4
244092_15,244092,15,4.296617217732739,False,3
244092_16,244092,16,6.463461415574617,False,2
244092_17,244092,17,1.4987184652672663,False,3
36409_1,36409,1,4.0116637804336275,False,3
36409_2,36409,2,11.903287244633308,False,3
36409_3,36409,3,6.8243379014271754,False,3
2881_1,2881,1,1.4996211393959977,False,3
2881_2,2881,2,5.79316816274973,False,3
2881_3,2881,3,9.754818976308982,False,4
2881_4,2881,4,3.1687789893110896,False,3
2881_5,2881,5,2.3658278711082477,False,3
2881_6,2881,6,8.661274778083417,False,3
2881_7,2881,7,4.323943210274185,False,2
2881_8,2881,8,0.6190527360326492,False,3
2881_9,2881,9,5.830055686240923,False,4
2881_10,2881,10,8.061641149840383,False,3
2881_11,2881,11,4.679197536393547,False,3
2881_12,2881,12,3.8953564827499725,False,4
2881_13,2881,13,1.5932045281249827,False,4
2881_14,2881,14,6.270706823144538,False,3
2881_15,2881,15,2.6232218380692984,False,3
2881_16,2881,16,6.743919234686778,False,4
2881_17,2881,17,14.586086911426268,False,4
2881_18,2881,18,2.1032544732317358,False,3
2881_19,2881,19,8.856528054113664,False,3
2881_20,2881,20,19.174435559305884,False,4
2881_21,2881,21,2.7749023598400817,False,3
2881_22,2881,22,3.814151505402584,False,2
2881_23,2881,23,1.4995152646745191,False,3
36934_1,36934,1,1.3039535995268885,False,3
36934_2,36934,2,2.8256970356782416,False,3
36934_3,36934,3,14.702811465665622,False,3
36934_4,36934,4,9.649406285535251,False,3
36934_5,36934,5,1.029304469453924,False,3
36934_6,36934,6,8.655306088385663,False,4
36934_7,36934,7,11.097206162200315,False,3
36934_8,36934,8,8.49632032678556,False,3
36934_9,36934,9,5.831732689250873,False,3
142178_1,142178,1,1.4996910759795,False,3
142178_2,142178,2,2.6713113427506157,False,3
105103_1,105103,1,1.49944582049495,False,3
105103_2,105103,2,1.8999374131158306,False,2
105103_3,105103,3,10.493948118275632,False,3
105103_4,105103,4,1.7408601195440527,False,4
105103_5,105103,5,17.81716606695069,False,4
105103_6,105103,6,4.2912353254375715,False,3
324619_1,324619,1,1.4990551167209694,False,3
324619_2,324619,2,1.9003850397639988,False,2
324619_3,324619,3,8.136782733956677,False,2
324619_4,324619,4,16.898090202578256,False,3
324619_5,324619,5,3.715590136395967,False,4
324619_6,324619,6,12.023558640961374,False,4
324619_7,324619,7,11.21804453867678,False,4
324619_8,324619,8,2.734969224796878,False,4
324619_9,324619,9,5.225714495921428,False,4
324619_10,324619,10,9.09547389634978,False,4
324619_11,324619,11,2.159518112830858,False,4
324619_12,324619,12,10.282339007433055,False,3
324619_13,324619,13,1.040755317660578,False,3
324619_14,324619,14,5.883931108910256,False,4
324619_15,324619,15,2.6507537473401235,False,4
324619_16,324619,16,6.545122790716454,False,4
324619_17,324619,17,28.15151665046137,False,4
324619_18,324619,18,17.64820491102446,False,5
324619_19,324619,19,11.069740172945375,False,3
324619_20,324619,20,1.429259889653957,False,3
324619_21,324619,21,13.925936473673293,False,3
324619_22,324619,22,2.3873478612678922,False,2
324619_23,324619,23,11.633606197879638,False,3
324619_24,324619,24,7.460805998160769,False,3
324619_25,324619,25,8.268605643583399,False,3
324619_26,324619,26,3.6625554996900735,False,3
324619_27,324619,27,4.763329338241019,False,3
324619_28,324619,28,4.7312724604762195,False,4
324619_29,324619,29,4.009878382191941,False,4
324619_30,324619,30,7.313828333390179,False,4
324619_31,324619,31,9.79417777209727,False,4
324619_32,324619,32,5.054539271506951,False,3
210523_1,210523,1,1.4673636640144843,False,3
210523_2,210523,2,0.5640838465486184,False,2
210523_3,210523,3,1.7266848434953297,False,3
142070_1,142070,1,5.618720518901107,False,3
142070_2,142070,2,7.3886440746583215,False,3
142070_3,142070,3,1.3900053042420764,False,3
142070_4,142070,4,5.988302853690742,False,4
142070_5,142070,5,8.867298067868383,False,3
142070_6,142070,6,5.3863469138371025,False,3
142070_7,142070,7,3.6761644848863964,False,3
210427_1,210427,1,8.132690784066616,False,4
210427_2,210427,2,4.341937190605083,False,3
210427_3,210427,3,5.988853178473438,False,2
210427_4,210427,4,1.2243496462545336,False,3
210427_5,210427,5,7.624123840890273,False,4
210427_6,210427,6,1.0421018803427287,False,3
244091_1,244091,1,1.4992017257345662,False,3
244091_2,244091,2,31.24870801882026,False,2
244091_3,244091,3,7.059183457004611,False,2
244091_4,244091,4,1.4996653768218948,False,2
244091_5,244091,5,1.4997495782707329,False,2
175866_1,175866,1,1.499772027500288,False,3
175866_2,175866,2,3.3945611389094434,False,2
175866_3,175866,3,3.5092308996969943,False,3
175866_4,175866,4,4.095211839790722,False,3
71479_1,71479,1,23.74687511056145,False,4
71479_2,71479,2,1.4994935376321985,False,3
71479_3,71479,3,0.8800711783934669,False,2
210519_1,210519,1,1.4996479972931607,False,3
210519_2,210519,2,1.901320677081511,False,2
210519_3,210519,3,1.7816364040481032,False,3
210519_4,210519,4,11.647510123432356,False,3
210519_5,210519,5,6.310578864228709,False,2
324797_1,324797,1,0.0618577197498355,False,3
324797_2,324797,2,1.4997108235994172,False,3
324797_3,324797,3,13.586036582870188,False,3
324797_4,324797,4,5.0804427608276335,False,4
324797_5,324797,5,7.944872360721197,False,4
324797_6,324797,6,19.034437172840082,False,4
324797_7,324797,7,10.132984306469083,False,4
324797_8,324797,8,14.574841837053448,False,4
324797_9,324797,9,14.200946673294151,False,4
324797_10,324797,10,5.35299696315967,False,4
324797_11,324797,11,14.65573666647634,False,4
324797_12,324797,12,12.887412157629889,False,4
324797_13,324797,13,6.21665778731582,False,4
324797_14,324797,14,10.99228462977422,False,4
324797_15,324797,15,11.695434962068296,False,3
324797_16,324797,16,4.426946602696999,False,3
324797_17,324797,17,17.67033847063551,False,4
324797_18,324797,18,4.966272849787867,False,3
324797_19,324797,19,3.5416468571975983,False,3
324797_20,324797,20,4.425030274712437,False,4
324797_21,324797,21,6.599020625035305,False,3
324797_22,324797,22,4.898030978306184,False,3
324797_23,324797,23,8.881366511041689,False,4
324797_24,324797,24,3.2558268090037616,False,4
324797_25,324797,25,6.140959616327971,False,4
324797_26,324797,26,8.737670300674086,False,4
324797_27,324797,27,9.5072516344811,False,4
324797_28,324797,28,17.072481779304702,False,4
324797_29,324797,29,9.578758102376034,False,4
324797_30,324797,30,1.1771723441366873,False,3
36933_1,36933,1,1.4996129723351814,False,3
36933_2,36933,2,1.8994233086447927,False,2
36933_3,36933,3,0.3328985343104982,False,2
36933_4,36933,4,3.3264204360379472,False,2
36933_5,36933,5,5.427362815982921,False,3
36933_6,36933,6,47.90568136210517,False,4
36933_7,36933,7,29.55817031864161,False,4
36933_8,36933,8,3.764546332630732,False,4
36933_9,36933,9,9.043796566015173,False,4
36933_10,36933,10,2.1456720804660825,False,4
36933_11,36933,11,4.400447695779758,False,4
36933_12,36933,12,8.130941412429182,False,4
36933_13,36933,13,3.2293600501352677,False,3
36933_14,36933,14,22.131354221617666,False,2
36933_15,36933,15,1.4997897682461774,False,2
36933_16,36933,16,1.4998089226439733,False,2
36933_17,36933,17,2.5396816982261474,False,2
36933_18,36933,18,2.765658984444238,False,3
36933_19,36933,19,1.0368608278536038,False,4
36933_20,36933,20,2.556662771954982,False,3
36933_21,36933,21,6.128214450988306,False,3
36933_22,36933,22,27.235017394917325,False,3
36933_23,36933,23,1.4995858296002436,False,3
210521_1,210521,1,1.1832057090557782,False,3
210521_2,210521,2,2.216340537686944,False,2
210521_3,210521,3,1.1375232878445751,False,2
210521_4,210521,4,7.189109285970349,False,3
210521_5,210521,5,0.3698840215997574,False,3
71377_1,71377,1,11.461037718554245,False,3
71377_2,71377,2,0.43764235208253444,False,2
71377_3,71377,3,2.5878800772141597,False,3
71377_4,71377,4,5.447204895365796,False,3
36935_1,36935,1,1.4997241724780843,False,3
36935_2,36935,2,1.4313648469276368,False,3
36935_3,36935,3,2.8161776924788047,False,2
36935_4,36935,4,2.681604479602774,False,2
36935_5,36935,5,19.32908843358938,False,3
36935_6,36935,6,1.3514052593068195,False,3
36935_7,36935,7,21.00920207951731,False,3
36935_8,36935,8,4.986815359936312,False,3
36935_9,36935,9,3.4996089835390065,False,3
416928_1,416928,1,14.55522657963584,False,1
416929_1,416929,1,1.7428877318143996,False,3
416929_2,416929,2,1.1380745125451641,False,3
416929_3,416929,3,3.771507991279848,False,3
416929_4,416929,4,0.3969874700823228,False,3
416929_5,416929,5,2.2212350303075303,False,2
2886_1,2886,1,1.405016441447934,False,3
2886_2,2886,2,1.499105480782981,False,1
324800_1,324800,1,2.444437435155077,False,2
324800_2,324800,2,3.4625177126211364,False,2
324800_3,324800,3,1.0087816193944648,False,2
324800_4,324800,4,2.5648937928790247,False,2
324800_5,324800,5,2.019080646443121,False,2
324800_6,324800,6,0.6960477225400437,False,2
324800_7,324800,7,1.8478243449026028,False,2
324800_8,324800,8,0.9767319962088922,False,2
324799_1,324799,1,2.279466839589005,False,2
324799_2,324799,2,1.821432081764625,False,2
324799_3,324799,3,3.0283457132202303,False,2
324799_4,324799,4,4.020062839128589,False,2
244089_1,244089,1,1.4998376254267622,False,3
244089_2,244089,2,1.899943647149066,False,2
244089_3,244089,3,5.401871573510294,False,3
244089_4,244089,4,15.591400409132852,False,4
244089_5,244089,5,19.810213781892827,False,4
244089_6,244089,6,10.337444444584458,False,4
244089_7,244089,7,2.4312656387861624,False,4
244089_8,244089,8,23.61311222370945,False,3
244089_9,244089,9,1.49922038864965,False,2
36931_1,36931,1,7.556105522367175,False,3
36931_2,36931,2,7.067701055681447,False,2
36931_3,36931,3,58.620013742388366,False,2
243994_1,243994,1,1.4999110173726204,False,3
243994_2,243994,2,1.899200716245669,False,2
243994_3,243994,3,3.0707617389699493,False,3
243994_4,243994,4,1.607090483290666,False,3
243994_5,243994,5,3.167919944450032,False,3
243994_6,243994,6,2.0767902207944187,False,4
243994_7,243994,7,3.7818912894574743,False,4
243994_8,243994,8,7.564170843453504,False,3
243994_9,243994,9,4.30748115908646,False,3
243994_10,243994,10,10.52594297297288,False,4
243994_11,243994,11,2.068426244507303,False,4
243994_12,243994,12,2.9601911975142734,False,3
105191_1,105191,1,1.4992059464299226,False,3
105191_2,105191,2,11.284483618024113,False,2
105191_3,105191,3,2.1328018413607457,False,2
105191_4,105191,4,2.0750727174330077,False,3
105191_5,105191,5,2.6705890217325807,False,4
105191_6,105191,6,1.4934138695858066,False,3
105191_7,105191,7,1.5446435896129687,False,3
105191_8,105191,8,10.384040524251537,False,4
105191_9,105191,9,0.7677544547876067,False,4
105191_10,105191,10,4.2131229895951074,False,4
105191_11,105191,11,2.0829718092795653,False,4
105191_12,105191,12,11.881171746877559,False,4
105191_13,105191,13,1.9472671550171974,False,4
105191_14,105191,14,16.32726578549952,False,4
105191_15,105191,15,5.542459474239518,False,4
105191_16,105191,16,2.0627379527205143,False,3
105191_17,105191,17,0.9011038490684827,False,1
105268_1,105268,1,0.6316390036137361,False,2
105268_2,105268,2,6.326729888145512,False,4
105268_3,105268,3,6.428288409485173,False,4
105268_4,105268,4,9.649626923916355,False,4
105268_5,105268,5,1.9944507723676408,False,4
105268_6,105268,6,1.4417860629981953,False,3
105268_7,105268,7,5.484749854370115,False,3
105268_8,105268,8,5.260506779109487,False,3
105268_9,105268,9,0.9769036733369291,False,3
105268_10,105268,10,6.740674325041969,False,4
105268_11,105268,11,1.1405274535512508,False,4
105268_12,105268,12,1.1055032648180176,False,3
105268_13,105268,13,4.817163033374684,False,3
105268_14,105268,14,0.7039548936022085,False,4
105268_15,105268,15,6.085281654369007,False,4
105268_16,105268,16,2.4180179461690914,False,4
105268_17,105268,17,8.862057495994494,False,4
105268_18,105268,18,8.011378481237818,False,3
105268_19,105268,19,1.378435053208755,False,2
105268_20,105268,20,0.17450652405257974,False,3
105268_21,105268,21,2.917631543323382,False,4
105268_22,105268,22,2.0494518929709886,False,4
105268_23,105268,23,5.292016145754416,False,3
105268_24,105268,24,14.95134635608882,False,3
105268_25,105268,25,2.4160814827433197,False,3
105268_26,105268,26,3.086490253637693,False,3
105268_27,105268,27,2.5127523994452314,False,4
105268_28,105268,28,6.808331614882051,False,3
105268_29,105268,29,7.647036773451767,False,2
105268_30,105268,30,3.1469992784076326,False,2
105268_31,105268,31,0.9697329174280362,False,3
105268_32,105268,32,4.213440455784126,False,3
105268_33,105268,33,4.047771330755022,False,2
105268_34,105268,34,1.0569477135965992,False,2
105268_35,105268,35,14.124826610158095,False,2
105268_36,105268,36,1.1210329846520606,False,3
105268_37,105268,37,7.998879948174514,False,3
105268_38,105268,38,1.5001013249295019,False,3
175861_1,175861,1,1.4997616637858115,False,3
175861_2,175861,2,9.142213188049846,False,4
175861_3,175861,3,0.834646041427991,False,3
243997_1,243997,1,4.068785447616831,False,4
243997_2,243997,2,4.364924224313775,False,4
243997_3,243997,3,2.452095418222487,False,4
243997_4,243997,4,1.2229426501900238,False,3
142071_1,142071,1,1.290626343431031,False,3
142071_2,142071,2,1.553878911441067,False,3
142071_3,142071,3,1.8430116723719536,False,4
142071_4,142071,4,6.585654474826872,False,4
142071_5,142071,5,2.7071959092433096,False,3
142071_6,142071,6,2.2734950302710883,False,3
142071_7,142071,7,7.452426443344074,False,3
105105_1,105105,1,1.6674796273865538,False,3
105105_2,105105,2,0.7978067411630174,False,2
105105_3,105105,3,1.4800684315199768,False,2
105105_4,105105,4,7.877743554596638,False,3
105105_5,105105,5,3.1369247814658308,False,4
105105_6,105105,6,5.471117942580126,False,3
105105_7,105105,7,2.188406685594736,False,3
105105_8,105105,8,14.161089456662115,False,4
105105_9,105105,9,10.81382351532983,False,3
175860_1,175860,1,1.6219980776482477,False,2
175860_2,175860,2,1.498930944455093,False,3
175860_3,175860,3,4.944964487022022,False,4
175860_4,175860,4,5.791900393382147,False,4
175860_5,175860,5,3.140544680116754,False,3
299653_1,299653,1,1.321841103488642,False,2
299653_2,299653,2,1.6816997577422512,False,3
299653_3,299653,3,3.4730831418457524,False,4
299653_4,299653,4,7.301896910894377,False,3
299653_5,299653,5,5.617322001571396,False,2
299653_6,299653,6,2.3797928159001853,False,2
299653_7,299653,7,7.631179334965901,False,2
299653_8,299653,8,0.257652212244551,False,3
299653_9,299653,9,0.39684947404091375,False,3
299653_10,299653,10,2.9379259425271624,False,3
299653_11,299653,11,10.933972291320815,False,4
299653_12,299653,12,20.364287042005152,False,4
299653_13,299653,13,2.965879038866622,False,4
299653_14,299653,14,9.026659457239875,False,3
299653_15,299653,15,10.595950094697525,False,3
299653_16,299653,16,15.475835169358449,False,4
299653_17,299653,17,9.916664033663402,False,3
299653_18,299653,18,8.774747112384892,False,3
299653_19,299653,19,5.245828025150516,False,3
299653_20,299653,20,1.4992297006639947,False,2
299653_21,299653,21,4.304242459261239,False,3
299653_22,299653,22,13.587781447432961,False,4
299653_23,299653,23,11.033530225857834,False,4
299653_24,299653,24,12.269168887776322,False,4
299653_25,299653,25,4.579527712162297,False,4
299653_26,299653,26,4.172437017695378,False,3
299653_27,299653,27,14.245509198889946,False,2
299653_28,299653,28,1.979885386567276,False,3
299653_29,299653,29,12.37279287335276,False,4
299653_30,299653,30,13.213772013618103,False,3
243996_1,243996,1,1.4994129404625067,False,3
243996_2,243996,2,1.8989784298737138,False,2
243996_3,243996,3,9.36424319788621,False,3
243996_4,243996,4,0.6655610373480069,False,4
243996_5,243996,5,6.1784841507922605,False,4
243996_6,243996,6,6.252380529248825,False,4
243996_7,243996,7,1.5920859802719387,False,4
243996_8,243996,8,0.6306416460969498,False,2
2782_1,2782,1,13.354000089683934,False,4
2782_2,2782,2,1.6514739467415844,False,3
210428_1,210428,1,4.387118411233466,False,3
210428_2,210428,2,2.2486891888014133,False,3
210428_3,210428,3,5.4368846178926855,False,2
210428_4,210428,4,28.23188971669195,False,2
210428_5,210428,5,4.519250600124608,False,2
210428_6,210428,6,1.4997516854707404,False,3
299654_1,299654,1,1.1935581608501544,False,2
299654_2,299654,2,4.042160909650964,False,2
299654_3,299654,3,4.7375686641566475,False,2
71383_1,71383,1,0.9861275335421216,False,3
71383_2,71383,2,3.776464608356753,False,2
71383_3,71383,3,1.20649122189004,False,3
71383_4,71383,4,4.064066325090801,False,3
71374_1,71374,1,20.755156117351348,False,4
71374_2,71374,2,1.591886748560905,False,4
71374_3,71374,3,11.237251270126148,False,4
71374_4,71374,4,2.372405473898683,False,4
71374_5,71374,5,5.005275577045684,False,4
71374_6,71374,6,6.3267030014263215,False,3
71374_7,71374,7,1.89949169737683,False,2
71374_8,71374,8,1.5000505927067072,False,3
2789_1,2789,1,1.4997799557354519,False,3
2789_2,2789,2,21.242827106690296,False,3
2789_3,2789,3,2.5688313209420914,False,3
2789_4,2789,4,16.52532149242287,False,3
2789_5,2789,5,1.2048965367900333,False,3
299650_1,299650,1,21.444273575015973,False,2
299650_2,299650,2,0.5745792843057257,False,2
299650_3,299650,3,0.52720724945961,False,2
299650_4,299650,4,0.2935679565094961,False,3
299650_5,299650,5,0.32040168412933223,False,3
299650_6,299650,6,2.1133111529142656,False,2
299650_7,299650,7,1.3351674212760896,False,2
175859_1,175859,1,10.711135851450912,False,3
175859_2,175859,2,5.071158113027634,False,2
175859_3,175859,3,1.2162263073407635,False,2
175859_4,175859,4,2.017123716380848,False,3
175859_5,175859,5,7.714423076558649,False,2
71554_1,71554,1,12.743315937196773,False,3
71554_2,71554,2,6.792276349460786,False,2
71554_3,71554,3,3.2518458152527008,False,3
71554_4,71554,4,2.399690922441706,False,4
71554_5,71554,5,7.7370016289414,False,4
71554_6,71554,6,1.3999981399477424,False,3
142177_1,142177,1,1.1038443005856173,False,3
142177_2,142177,2,2.2955950255651882,False,2
142177_3,142177,3,1.4991139318601117,False,1
244094_1,244094,1,0.6896360397967816,False,3
244094_2,244094,2,0.6484628002395958,False,3
459333_1,459333,1,3.428374754924015,False,2
459327_1,459327,1,4.490490995697614,False,3
459327_2,459327,2,1.5486982519957062,False,3
459327_3,459327,3,7.14853734828566,False,3
459327_4,459327,4,0.7359389914857887,False,3
459327_5,459327,5,7.0954982877182085,False,2
459327_6,459327,6,5.600029960260852,False,2
459327_7,459327,7,0.7374610113494223,False,2
459327_8,459327,8,0.884917141359101,False,2
459335_1,459335,1,1.2943728761396156,False,2
459336_1,459336,1,1.826279302679667,False,2
459332_1,459332,1,1.947224054015933,False,2
459332_2,459332,2,1.9514927011095236,False,3
459332_3,459332,3,4.626893355854723,False,4
459332_4,459332,4,8.376117490196101,False,3
459332_5,459332,5,0.9228521599157952,False,2
459332_6,459332,6,0.9683422517100798,False,2
459332_7,459332,7,0.5198828979194622,False,2
459332_8,459332,8,1.2539187353539523,False,2
414353_1,414353,1,1.0795798618767587,False,3
414353_2,414353,2,1.1991406266677491,False,2
414353_3,414353,3,0.5347385721960481,False,2
414353_4,414353,4,0.5866197880582374,False,2
414353_5,414353,5,0.6818914371342004,False,2
414353_6,414353,6,0.6462799178292092,False,2
414353_7,414353,7,1.9853852653875739,False,3
414353_8,414353,8,0.7279845967772123,False,3
414353_9,414353,9,0.7487294120739718,False,2
414353_10,414353,10,2.626963280082728,False,2
414353_11,414353,11,6.63253841355711,False,2
414353_12,414353,12,0.7110582260401822,False,2
414353_13,414353,13,1.1843642484977375,False,3
414353_14,414353,14,1.2235189207277513,False,4
414353_15,414353,15,6.858235225691249,False,4
414353_16,414353,16,7.82932070391875,False,4
414353_17,414353,17,0.784174124528523,False,4
414353_18,414353,18,12.594766988058725,False,4
414353_19,414353,19,6.89610560515721,False,4
414353_20,414353,20,1.1908282194330246,False,3
414354_1,414354,1,1.0459364454243838,False,3
414354_2,414354,2,9.01051312981092,False,4
414354_3,414354,3,3.241901029688004,False,3
414354_4,414354,4,0.9412292805602466,False,3
414354_5,414354,5,4.978446614532413,False,4
414354_6,414354,6,5.189522017191058,False,4
414354_7,414354,7,2.491707590096278,False,3
414354_8,414354,8,4.17863036855499,False,3
414354_9,414354,9,3.2885746812736216,False,4
414354_10,414354,10,0.884520149630519,False,3
414361_1,414361,1,5.628802702945575,False,2
414361_2,414361,2,6.046075989047419,False,2
418147_1,418147,1,1.1219070141138952,False,3
418147_2,418147,2,1.6237052072137441,False,2
418147_3,418147,3,8.186513335818395,False,3
418147_4,418147,4,0.9053647260539669,False,4
418147_5,418147,5,10.887076090745667,False,4
418147_6,418147,6,1.0614493273820342,False,4
418147_7,418147,7,9.568443003821182,False,4
418147_8,418147,8,1.4977114374948108,False,4
418147_9,418147,9,12.579953557649272,False,4
418147_10,418147,10,0.3247668359736531,False,3
418147_11,418147,11,0.9762309903912911,False,2
418147_12,418147,12,4.800707645571512,False,3
418147_13,418147,13,1.2239556466441939,False,3
418147_14,418147,14,1.145046677803077,False,2
418147_15,418147,15,0.8626359942682248,False,3
418147_16,418147,16,3.9802815384161856,False,4
418147_17,418147,17,0.9488159958628719,False,4
418147_18,418147,18,14.089263125299032,False,3
418147_19,418147,19,2.0979427832751445,True,2
418147_20,418147,20,2.4699032804019665,True,2
418147_21,418147,21,0.8446143475498186,False,2
418929_1,418929,1,4.493550054760484,False,3
418928_1,418928,1,0.6689080196472422,False,2
418928_2,418928,2,0.6666848123494254,False,2
418928_3,418928,3,1.124229930493153,False,3
418928_4,418928,4,0.7770275242340752,False,2
418928_5,418928,5,4.389053850790112,False,2
418928_6,418928,6,6.370189586075342,False,3
418928_7,418928,7,4.920534698893696,False,3
418928_8,418928,8,0.9883641722280399,False,3
418928_9,418928,9,4.9195799438885714,False,3
418928_10,418928,10,2.128316260953301,False,2
418928_11,418928,11,1.7423753559323971,False,3
418928_12,418928,12,4.9093883082355925,False,3
418928_13,418928,13,1.0837984299795926,False,3
418928_14,418928,14,6.1126024015691955,False,3
418928_15,418928,15,1.6092554237919874,False,2
418928_16,418928,16,1.316450019455959,False,2
175848_1,175848,1,2.8318546252361556,False,2
175848_2,175848,2,171.64122930056323,False,3
175848_3,175848,3,2.201619704594161,False,3
210412_1,210412,1,0.6378293775788237,False,2
210412_2,210412,2,1.0986574122241985,False,3
210412_3,210412,3,5.880670068970106,False,3
210412_4,210412,4,2.67041949711926,False,3
210412_5,210412,5,7.524698151739042,False,4
210412_6,210412,6,2.9536599102348418,False,4
210412_7,210412,7,2.0156718849903132,False,4
210412_8,210412,8,8.360082875043386,False,4
210412_9,210412,9,1.1074768887268944,False,4
210412_10,210412,10,5.849802815069869,False,4
210412_11,210412,11,2.158524934354937,False,3
210412_12,210412,12,1.3878788998981382,False,2
210412_13,210412,13,1.4496894497643193,False,4
210412_14,210412,14,0.16828757783148288,False,3
210412_15,210412,15,7.257250447276043,False,4
210412_16,210412,16,2.258160942536865,False,4
210412_17,210412,17,9.577977706570428,False,4
210412_18,210412,18,7.504498573288289,False,4
210412_19,210412,19,11.189780926540822,False,4
210412_20,210412,20,2.1286994303627416,False,3
210412_21,210412,21,1.4993852562232686,False,3
2836_1,2836,1,1.2693366402540303,False,3
2836_2,2836,2,8.133878142014495,False,3
2836_3,2836,3,5.654113018909629,False,4
2836_4,2836,4,1.0101989740814037,False,3
2836_5,2836,5,9.4258216072571,False,3
2836_6,2836,6,4.038795779217637,False,4
2836_7,2836,7,0.9147770285089352,False,3
2836_8,2836,8,1.314670200280805,False,2
2836_9,2836,9,0.046021984932405086,False,2
2836_10,2836,10,1.4526957128846814,False,2
2836_11,2836,11,9.549469737491316,False,3
2836_12,2836,12,5.5184135242570935,False,4
2836_13,2836,13,3.613509584577282,False,4
2836_14,2836,14,7.626109195708208,False,4
2836_15,2836,15,8.722725955627965,False,4
2836_16,2836,16,5.530332269882009,False,4
2836_17,2836,17,1.8489489058382254,False,4
2836_18,2836,18,4.273640485962433,False,4
2836_19,2836,19,11.360162144970776,False,3
2836_20,2836,20,0.45683254169128185,False,3
2836_21,2836,21,4.780804937427807,False,3
2836_22,2836,22,0.9306261497987937,False,3
36455_1,36455,1,8.052950904867842,False,2
36455_2,36455,2,13.5940955016347,False,3
36455_3,36455,3,9.040973903216528,False,4
36455_4,36455,4,1.563935545094182,False,3
36455_5,36455,5,5.594282862705798,False,2
36455_6,36455,6,7.661139445936006,False,3
36455_7,36455,7,2.933494736812429,False,3
142119_1,142119,1,1.402886159757421,False,3
142119_2,142119,2,1.8486384854477664,False,2
142119_3,142119,3,12.470366749069505,False,3
142119_4,142119,4,1.5001702763532105,False,3
142119_5,142119,5,4.659581327295678,False,2
142119_6,142119,6,6.315667514468699,False,2
142119_7,142119,7,7.58777135356931,False,2
142119_8,142119,8,5.977608642191105,False,3
142119_9,142119,9,3.3519653815005315,False,3
298004_1,298004,1,1.2021925674933984,False,3
298004_2,298004,2,1.8810850361160034,False,2
298004_3,298004,3,1.1252521213955213,False,2
298004_4,298004,4,1.1738471232247467,False,2
298004_5,298004,5,38.4042000467618,False,3
298004_6,298004,6,0.7855203257039786,False,4
298004_7,298004,7,12.336541564825339,False,4
298004_8,298004,8,5.583679063993965,False,4
298004_9,298004,9,14.837454050244707,False,4
298004_10,298004,10,12.087141724697094,False,3
175926_1,175926,1,1.4998477193688924,False,3
175926_2,175926,2,1.8987785499539258,False,2
175926_3,175926,3,3.0867499478994054,False,3
175926_4,175926,4,4.450580826076516,False,4
175926_5,175926,5,4.604559769719543,False,4
175926_6,175926,6,6.3585820851143104,False,3
175926_7,175926,7,6.0778935603126385,False,3
175926_8,175926,8,4.635437655540133,False,4
175926_9,175926,9,4.5196550801179285,False,4
175926_10,175926,10,1.7261735931021494,False,3
2970_1,2970,1,1.4097187696708913,False,2
2970_2,2970,2,3.859490428719589,False,3
2970_3,2970,3,0.4788173258160799,False,4
2970_4,2970,4,4.772656065099555,False,4
2970_5,2970,5,6.442039884990028,False,4
2970_6,2970,6,14.67018069204937,False,3
2970_7,2970,7,0.8629236661411124,False,2
2970_8,2970,8,10.723815564456833,False,3
2970_9,2970,9,1.2349680504245986,False,3
2970_10,2970,10,15.076809707278098,False,2
2970_11,2970,11,3.3294334684354894,False,2
2970_12,2970,12,1.490636466866213,False,2
210459_1,210459,1,5.128128974837038,False,3
210459_2,210459,2,8.471879559161964,False,3
210459_3,210459,3,17.07242020312345,False,3
210459_4,210459,4,5.949082765073479,False,3
210459_5,210459,5,2.0293130333968654,False,2
210459_6,210459,6,1.4999215130486592,False,2
210459_7,210459,7,9.91553858372135,False,3
210459_8,210459,8,3.9555116680484996,False,3
175863_1,175863,1,1.85353156750461,False,3
175863_2,175863,2,4.0903557741068335,False,3
175863_3,175863,3,0.6294744534080476,False,3
175863_4,175863,4,1.891833724366982,False,2
175863_5,175863,5,3.3558146080459186,False,3
175863_6,175863,6,5.901388055529388,False,3
71529_1,71529,1,10.142344916509103,False,3
71529_2,71529,2,1.109383348547708,False,3
71529_3,71529,3,6.763872523031684,False,3
210461_1,210461,1,4.605198290257226,False,4
210461_2,210461,2,6.047769373211278,False,4
210461_3,210461,3,1.264119371760779,False,3
298006_1,298006,1,14.364429180255875,False,2
298006_2,298006,2,2.6403687268543634,False,3
298006_3,298006,3,5.265966869998312,False,4
298006_4,298006,4,9.637206663959601,False,4
298006_5,298006,5,8.502985356731825,False,4
298006_6,298006,6,0.2417813019631072,False,4
298006_7,298006,7,0.4149540064454737,False,3
299677_1,299677,1,1.9374056999405695,False,1
299677_2,299677,2,6.775709435068913,False,2
299677_3,299677,3,10.003479466638808,False,3
299677_4,299677,4,1.5849272278009774,False,3
299677_5,299677,5,2.080073825238938,False,2
299677_6,299677,6,1.9473561472980063,False,2
175862_1,175862,1,2.7464637881108604,False,3
175862_2,175862,2,0.8875990657359106,False,3
175862_3,175862,3,7.741676085096453,False,3
175862_4,175862,4,4.363139178203633,False,3
175862_5,175862,5,1.6338232940757536,False,3
175862_6,175862,6,3.1712411035638626,False,2
105242_1,105242,1,10.574839841358719,False,4
105242_2,105242,2,1.058022397324714,False,3
210422_1,210422,1,1.741257384330096,False,4
210422_2,210422,2,7.987885766987686,False,3
210422_3,210422,3,6.301769394507538,False,3
210422_4,210422,4,1.8136741645914258,False,3
299675_1,299675,1,7.560976771752475,False,3
299675_2,299675,2,1.4670622574393883,False,3
299675_3,299675,3,0.9132878595497981,False,2
299675_4,299675,4,0.5126543095540821,False,2
299675_5,299675,5,0.4836374050640252,False,2
299675_6,299675,6,0.8165646342634068,False,2
299675_7,299675,7,3.3052700193353206,False,3
299675_8,299675,8,4.628136302635927,False,3
299675_9,299675,9,9.483794111704311,False,2
299675_10,299675,10,1.4025867005170949,False,2
299675_11,299675,11,2.0037965523341907,False,2
299675_12,299675,12,0.8911450029892748,False,2
299675_13,299675,13,1.4840723819260324,False,3
298009_1,298009,1,3.03476665895762,False,3
298009_2,298009,2,9.436801896738173,False,3
298009_3,298009,3,1.623451745276473,False,3
298009_4,298009,4,0.7352084224144481,False,4
298009_5,298009,5,2.876500020228594,False,3
142121_1,142121,1,1.499252533296603,False,3
142121_2,142121,2,4.101205501995514,False,3
142121_3,142121,3,7.239624964364627,False,3
142121_4,142121,4,0.7003303197887689,False,2
298007_1,298007,1,0.37300455118048653,False,2
298007_2,298007,2,0.8402596224141475,False,2
298007_3,298007,3,1.0953941497715167,False,2
298007_4,298007,4,3.749103020312952,False,2
298007_5,298007,5,2.2535988854859217,False,3
299651_1,299651,1,1.795102224203421,False,3
299651_2,299651,2,2.079351227042862,False,3
299651_3,299651,3,1.0957416073335,False,2
299651_4,299651,4,0.6736304699794143,False,2
71429_1,71429,1,0.795393738360955,False,3
71429_2,71429,2,2.80733563353437e-05,False,2
71429_3,71429,3,0.4159191302434027,False,3
71429_4,71429,4,0.31656276398644734,False,3
71429_5,71429,5,2.099576575656397,False,3
71429_6,71429,6,4.809285862023544,False,3
71429_7,71429,7,1.5030350023850219,False,4
71429_8,71429,8,10.756907194301586,False,4
71429_9,71429,9,6.832735336207163,False,4
71429_10,71429,10,0.709415764918252,False,3
71429_11,71429,11,7.494870424082265,False,2
71429_12,71429,12,7.350765531468287,False,2
71429_13,71429,13,7.193684036493013,False,3
71429_14,71429,14,1.2314442627899558,False,3
71429_15,71429,15,1.1737537087812004,False,2
299649_1,299649,1,1.0514477163112792,False,3
299649_2,299649,2,2.6271203784116617,False,2
298008_1,298008,1,2.9198909256486103,False,3
298008_2,298008,2,0.8665830856077723,False,2
298008_3,298008,3,0.36761691165470306,False,3
298008_4,298008,4,1.0160399000539075,False,3
298008_5,298008,5,1.3452454784668615,False,2
36404_1,36404,1,1.6941571433704679,False,3
36404_2,36404,2,6.764223901798554,False,3
36404_3,36404,3,5.839652025126284,False,4
36404_4,36404,4,1.6097554587792813,False,4
36404_5,36404,5,6.704774244946799,False,3
298005_1,298005,1,1.2695072969063859,False,3
298005_2,298005,2,1.1721678906238027,False,2
298005_3,298005,3,3.1913521990131724,False,2
298005_4,298005,4,18.17771712300215,False,3
298005_5,298005,5,13.045885758482962,False,3
298005_6,298005,6,1.211167379449166,False,2
298005_7,298005,7,1.7955467721488907,False,2
298005_8,298005,8,1.0707255413108057,False,2
298005_9,298005,9,12.654614350015063,False,2
298005_10,298005,10,1.9855279567631654,False,3
298005_11,298005,11,5.975874221675501,False,4
298005_12,298005,12,30.783799166280104,False,3
298005_13,298005,13,0.5238197158501898,False,2
298005_14,298005,14,0.32090568609856845,False,3
298005_15,298005,15,1.0536945885648943,False,3
298005_16,298005,16,3.8782892404700777,False,2
298005_17,298005,17,1.058744998828787,False,2
298005_18,298005,18,0.36231992440459326,False,3
298005_19,298005,19,1.138213216342263,False,4
298005_20,298005,20,1.255740360719255,False,3
471694_1,471694,1,1.8228694887219843,False,3
471694_2,471694,2,23.345768283063606,False,3
471694_3,471694,3,3.9604035006371503,False,4
471694_4,471694,4,13.223559534811509,False,3
471694_5,471694,5,3.8260641327261706,False,3
471694_6,471694,6,4.459014798079886,False,4
471694_7,471694,7,2.430636036338562,False,4
471694_8,471694,8,1.5791605191284255,False,3
277675_1,277675,1,1.4995581728700869,False,3
277675_2,277675,2,9.376602059331162,False,3
277675_3,277675,3,10.94840847811,False,3
277675_4,277675,4,0.7034517383240597,False,3
277675_5,277675,5,4.349473802943463,False,3
277675_6,277675,6,0.14595009392986713,False,3
277675_7,277675,7,6.7501622638885355,False,4
277675_8,277675,8,1.997847849208457,False,3
277675_9,277675,9,0.5071917217251701,False,2
277675_10,277675,10,0.7425115375235914,False,3
277675_11,277675,11,0.6744352849781411,False,4
277675_12,277675,12,2.534415274554736,False,4
277675_13,277675,13,1.8177806816607838,False,3
277675_14,277675,14,2.204211952842046,False,3
277675_15,277675,15,13.201214963309274,False,4
277675_16,277675,16,1.967484386179242,False,3
277675_17,277675,17,5.1989074524008085,False,3
277675_18,277675,18,5.513283343128772,False,4
277675_19,277675,19,1.3941817790027942,False,4
210596_1,210596,1,0.9125904751763818,False,3
210596_2,210596,2,0.9568820593932763,False,2
210596_3,210596,3,0.19493848094952285,False,3
244038_1,244038,1,1.13381918398077,False,2
244038_2,244038,2,1.5002278536998455,False,2
244038_3,244038,3,6.966877307959454,False,3
244038_4,244038,4,8.033108961511404,False,4
244038_5,244038,5,6.200994603122067,False,3
244038_6,244038,6,2.251403001712153,False,2
142120_1,142120,1,1.0719409401216216,False,3
142120_2,142120,2,1.4308759732316847,False,3
142120_3,142120,3,6.042121787472506,False,4
142120_4,142120,4,7.525976756839741,False,4
142120_5,142120,5,2.7234220518316623,False,4
142120_6,142120,6,6.742150259740563,False,4
418930_1,418930,1,0.47277959308368905,False,2
418930_2,418930,2,1.4254279024450986,False,2
418930_3,418930,3,1.5099383416385153,False,2
418930_4,418930,4,1.2574425683665815,False,3
418930_5,418930,5,3.1479886195718985,False,4
418930_6,418930,6,3.629711131285231,False,4
418930_7,418930,7,2.194086428525467,False,4
418930_8,418930,8,8.103989160819804,False,4
418930_9,418930,9,3.7348309219814966,False,4
418930_10,418930,10,1.762523515995343,False,3
418930_11,418930,11,0.22176596008827998,False,2
418930_12,418930,12,1.4066786019054152,False,2
418930_13,418930,13,1.9486896591092924,False,2
418930_14,418930,14,1.9169510251196578,False,2
418930_15,418930,15,0.32951773977607496,False,2
418930_16,418930,16,0.5262948186101672,False,3
210425_1,210425,1,8.923370128504821,False,3
210425_2,210425,2,8.689218691999084,False,3
210425_3,210425,3,0.8477676191914943,False,3
308930_1,308930,1,1.4836710790565657,False,3
308930_2,308930,2,1.0918093149300907,False,4
308930_3,308930,3,1.7165939121494267,False,3
71379_1,71379,1,20.69894109848876,False,1
243990_1,243990,1,1.4994410943567544,False,3
243990_2,243990,2,9.113924762261073,False,2
243990_3,243990,3,4.092274821665442,False,3
243990_4,243990,4,6.3352565383642565,False,3
144226_1,144226,1,7.132205341713466,False,2
461744_1,461744,1,0.9875465941149686,False,3
461744_2,461744,2,1.0128492833741716,False,2
461744_3,461744,3,25.549100460803306,False,2
461744_4,461744,4,9.916721514539429,False,2
459328_1,459328,1,4.309864484544032,False,2
308929_1,308929,1,4.569613382379664,False,3
308929_2,308929,2,13.615639679308217,False,3
308929_3,308929,3,1.3738772227264606,False,2
308929_4,308929,4,1.7156837766558266,False,2
142175_1,142175,1,1.4605812932136655,False,3
142175_2,142175,2,2.6317927700330124,False,2
142175_3,142175,3,10.565583323061547,False,3
142175_4,142175,4,16.378456669718197,False,3
175868_1,175868,1,0.7208027025050773,False,3
175868_2,175868,2,5.070926778764672,False,2
175868_3,175868,3,0.5204928074304707,False,3
175868_4,175868,4,22.11708784325838,False,3
220500_1,220500,1,1.240724575542515,False,3
220500_2,220500,2,1.8994997932895934,False,2
220500_3,220500,3,7.81403390966961,False,3
220500_4,220500,4,1.286655552738995,False,4
220500_5,220500,5,10.568292185930725,False,4
220500_6,220500,6,0.4249554440572609,False,4
220500_7,220500,7,10.84118425982419,False,4
220500_8,220500,8,1.4006559166070873,False,4
220500_9,220500,9,3.0238046851614944,False,4
220500_10,220500,10,4.490230067522923,False,3
220500_11,220500,11,12.014981526200089,False,2
220500_12,220500,12,1.4616609817874588,False,3
220500_13,220500,13,4.500834032121519,False,4
220500_14,220500,14,2.4294365757513745,False,3
220500_15,220500,15,0.5967885703652188,False,2
308893_1,308893,1,1.327623880115791,False,2
308893_2,308893,2,0.4120911279458077,False,3
308893_3,308893,3,1.4668425170609485,False,3
308893_4,308893,4,9.08545303963861,False,2
176380_1,176380,1,1.0707105281808336,False,3
176380_2,176380,2,1.3355097647132033,False,2
176380_3,176380,3,0.836707228668079,False,3
176380_4,176380,4,10.274991815663796,False,4
176380_5,176380,5,2.3175695420291276,False,3
176380_6,176380,6,4.082238725984977,False,3
176380_7,176380,7,1.8006410463267302,False,3
176380_8,176380,8,2.987345796686988,False,3
176380_9,176380,9,0.7176469562807842,False,3
176380_10,176380,10,11.486505500397588,False,3
176380_11,176380,11,1.9042362702047548,False,3
176380_12,176380,12,2.7962767191919857,False,3
176380_13,176380,13,9.22409269551082,False,4
176380_14,176380,14,10.97189165815518,False,3
199209_1,199209,1,2.520642560484733,False,2
199209_2,199209,2,1.7941524269975968,False,2
199209_3,199209,3,1.142822698610856,False,3
210423_1,210423,1,1.5000054572770911,False,3
210423_2,210423,2,9.372424699891884,False,3
210423_3,210423,3,0.3518510111496046,False,3
319483_1,319483,1,1.8365309466819508,False,2
319483_2,319483,2,1.491639226576763,False,3
319483_3,319483,3,6.310408285846845,False,4
319483_4,319483,4,9.613476990735895,False,4
319483_5,319483,5,5.782989979134292,False,3
319483_6,319483,6,1.5114522147241616,False,2
319483_7,319483,7,1.3076516351868435,False,2
319483_8,319483,8,1.6908104914708388,False,3
308932_1,308932,1,1.0590627057548379,False,1
308932_2,308932,2,26.075027959706624,False,2
308932_3,308932,3,0.7855764176899311,False,2
142176_1,142176,1,23.940119265391747,False,2
71585_1,71585,1,80.7136388661227,False,1
71585_2,71585,2,1.605362041241609,False,2
71585_3,71585,3,1.1274783737751093,False,2
71585_4,71585,4,59.40600600349321,False,2
71585_5,71585,5,33.34506298224533,False,2
71585_6,71585,6,2.411517589929935,True,2
71585_7,71585,7,0.6901181809187743,False,2
71585_8,71585,8,34.69129565565544,False,2
71585_9,71585,9,97.66823558877986,False,2
71585_10,71585,10,102.28321188925213,False,2
465916_1,465916,1,18.826983439883694,False,6
465916_2,465916,2,1.2452026036109998,False,3
465916_3,465916,3,0.14102883734127936,False,2
243991_1,243991,1,2.2022207828474993,False,5
243991_2,243991,2,4.307642521977845,False,2
243991_3,243991,3,1.4437823546501922,False,2
243991_4,243991,4,1.7185989643912745,False,2
243991_5,243991,5,1.2895048049183515,False,2
243991_6,243991,6,0.4736633201694305,False,2
243991_7,243991,7,0.6672715568330694,False,3
243991_8,243991,8,6.030096190042064,False,3
243991_9,243991,9,1.1462576215261195,False,2
243991_10,243991,10,0.5666341795733729,False,2
243991_11,243991,11,1.1468872501971985,False,2
243991_12,243991,12,1.5560226936717352,False,2
243991_13,243991,13,1.140934124389178,False,3
243991_14,243991,14,0.45022020945159674,False,3
243991_15,243991,15,5.385609187112357,False,2
243991_16,243991,16,4.421682660472663,False,3
243991_17,243991,17,4.571716057515588,False,4
243991_18,243991,18,6.3580592656738055,False,4
243991_19,243991,19,2.0266211216054364,False,4
243991_20,243991,20,0.5877563373672315,False,4
243991_21,243991,21,7.024680971808622,False,3
243991_22,243991,22,5.072882761497041,False,3
243991_23,243991,23,5.655508347809024,False,4
308430_1,308430,1,1.4992467611423095,False,3
308430_2,308430,2,1.3732886197578933,False,3
308430_3,308430,3,4.0803209213810785,False,4
308430_4,308430,4,6.069277868262274,False,4
308430_5,308430,5,0.7343834422447438,False,3
308430_6,308430,6,5.901288639908903,False,3
308430_7,308430,7,1.2648493230158182,False,4
308430_8,308430,8,1.2463189209196057,False,4
308430_9,308430,9,7.680373107559997,False,4
308430_10,308430,10,6.2916767150411514,False,4
308430_11,308430,11,2.327780436991342,False,4
308430_12,308430,12,5.592965087259341,False,4
308430_13,308430,13,5.04231574291078,False,4
308430_14,308430,14,2.018240394454571,False,4
308430_15,308430,15,8.792692012667649,False,4
308430_16,308430,16,2.637295025421636,False,4
308430_17,308430,17,0.9038565904100024,False,4
308430_18,308430,18,4.285105653194709,False,4
308430_19,308430,19,4.021827612669943,False,4
308430_20,308430,20,5.671005569414003,False,4
308430_21,308430,21,2.20029045212006,False,4
308430_22,308430,22,0.5798588143917305,False,4
308430_23,308430,23,6.854524707242731,False,4
308430_24,308430,24,8.811518074565676,False,4
308430_25,308430,25,1.838461452223829,False,3
308430_26,308430,26,0.5727655767774398,False,2
308430_27,308430,27,0.3865506018488749,False,3
308430_28,308430,28,1.6056034383947106,False,3
308430_29,308430,29,1.1675843810036655,False,2
308430_30,308430,30,0.49238452764984714,False,2
215002_1,215002,1,1.486884090012706,False,3
215002_2,215002,2,1.8091014251229978,False,2
215002_3,215002,3,4.562555527993856,False,2
215002_4,215002,4,1.9025845503419496,False,3
215002_5,215002,5,4.427654633458312,False,3
302085_1,302085,1,4.455241632110673,False,4
71431_1,71431,1,10.312120595728452,False,3
71431_2,71431,2,12.053868953634247,False,4
71431_3,71431,3,4.889683934076596,False,3
71431_4,71431,4,4.166953790374975,False,3
71431_5,71431,5,6.854659007750029,False,3
71431_6,71431,6,4.597874470513731,False,2
71431_7,71431,7,0.5024901670110383,False,2
71431_8,71431,8,0.5861032158873686,False,3
71431_9,71431,9,0.3963879835379423,False,3
71431_10,71431,10,1.199833771703472,False,2
71431_11,71431,11,1.9144568292948503,False,2
71431_12,71431,12,2.372544362161478,False,3
71431_13,71431,13,4.646378882101047,False,2
71431_14,71431,14,12.005711227822317,False,3
71431_15,71431,15,14.387053601780067,False,4
71431_16,71431,16,7.635489159199909,False,4
71431_17,71431,17,8.083167734734243,False,4
71431_18,71431,18,2.36835241868102,False,4
71431_19,71431,19,6.493247301303143,False,3
71431_20,71431,20,5.846414512257799,False,2
71431_21,71431,21,8.15924343734613,False,3
71431_22,71431,22,3.476862783103677,False,3
71431_23,71431,23,14.226282059592771,False,3
71431_24,71431,24,10.78460566769321,False,4
71431_25,71431,25,12.122904497304376,False,4
71431_26,71431,26,11.543458829058547,False,4
71431_27,71431,27,1.2564191896728647,False,3
71431_28,71431,28,7.490255967260865,False,3
71431_29,71431,29,4.9649921143576545,False,3
71431_30,71431,30,4.4182810928077725,False,2
71431_31,71431,31,1.2713131707348446,False,3
71431_32,71431,32,5.1218319295594075,False,3
71431_33,71431,33,10.907721520420129,False,3
71431_34,71431,34,13.414916362753912,False,3
71431_35,71431,35,0.6634881779701844,False,3
71431_36,71431,36,9.411066366408992,False,4
71431_37,71431,37,1.526365426090915,False,3
71431_38,71431,38,0.509879056167553,False,2
71431_39,71431,39,1.6227087274412337,False,2
71431_40,71431,40,1.0416523512329359,False,2
71431_41,71431,41,1.5132129391514242,False,2
71431_42,71431,42,33.4270042246408,False,2
71431_43,71431,43,2.7961407371158886,False,2
71431_44,71431,44,2.6762757959604375,False,3
71431_45,71431,45,7.364421905065264,False,4
71431_46,71431,46,30.591860055082268,False,4
71431_47,71431,47,20.996959912422675,False,4
71431_48,71431,48,2.0137465654535798,False,3
299696_1,299696,1,2.414800146019061,False,1
299696_2,299696,2,2.1084410585611413,False,2
299696_3,299696,3,2.3270195502715634,False,3
299696_4,299696,4,0.703567435627626,False,3
299696_5,299696,5,2.060516574147871,False,2
299696_6,299696,6,1.9735047988812093,False,2
299696_7,299696,7,9.091024204428876,False,3
299696_8,299696,8,209.94132248297245,False,3
299696_9,299696,9,51.89233061678838,False,2
299696_10,299696,10,51.81541508572533,False,2
299696_11,299696,11,15.226181038249138,False,2
299696_12,299696,12,1.6154918012639423,False,3
299696_13,299696,13,12.971875959726294,False,3
299696_14,299696,14,23.683422939379156,False,2
299696_15,299696,15,32.80243162643182,False,2
105107_1,105107,1,10.987221694625338,False,4
105107_2,105107,2,3.552208909828306,False,3
244002_1,244002,1,0.5855742257707662,False,3
244002_2,244002,2,4.0958067801586076,False,3
244002_3,244002,3,6.32826149440771,False,4
244002_4,244002,4,0.41793987357588314,False,4
244002_5,244002,5,4.5730854914934005,False,4
244002_6,244002,6,7.653189614746325,False,3
244001_1,244001,1,3.9716678315722715,False,2
244001_2,244001,2,4.713149212128105,False,2
244001_3,244001,3,1.532762921255246,False,3
244001_4,244001,4,8.686230121638479,False,3
